#! /c/Source/iverilog-install/bin/vvp
:ivl_version "12.0 (devel)" "(s20150603-1539-g2693dd32b)";
:ivl_delay_selection "TYPICAL";
:vpi_time_precision - 12;
:vpi_module "G:\iverilog\lib\ivl\system.vpi";
:vpi_module "G:\iverilog\lib\ivl\vhdl_sys.vpi";
:vpi_module "G:\iverilog\lib\ivl\vhdl_textio.vpi";
:vpi_module "G:\iverilog\lib\ivl\v2005_math.vpi";
:vpi_module "G:\iverilog\lib\ivl\va_math.vpi";
:vpi_module "G:\iverilog\lib\ivl\v2009.vpi";
S_0000023891d75ff0 .scope package, "$unit" "$unit" 2 1;
 .timescale 0 0;
S_00000238926c21d0 .scope module, "deit_accelerator_top_tb_dual" "deit_accelerator_top_tb_dual" 3 7;
 .timescale -9 -12;
P_0000023891d16e70 .param/l "ARRAY_COL" 1 3 13, +C4<00000000000000000000000000010000>;
P_0000023891d16ea8 .param/l "ARRAY_ROW" 1 3 12, +C4<00000000000000000000000000001100>;
P_0000023891d16ee0 .param/l "C_S_AXI_ADDR_WIDTH" 1 3 11, +C4<00000000000000000000000000000110>;
P_0000023891d16f18 .param/l "C_S_AXI_DATA_WIDTH" 1 3 10, +C4<00000000000000000000000000100000>;
P_0000023891d16f50 .param/l "MAX_INPUT_WORDS" 1 3 18, +C4<00000000000000000010011100010000>;
P_0000023891d16f88 .param/l "MAX_OUTPUT_WORDS" 1 3 20, +C4<00000000000000000010011100010000>;
P_0000023891d16fc0 .param/l "MAX_RAM_GOLDEN_WORDS" 1 3 21, +C4<00000000000000110000110101000000>;
P_0000023891d16ff8 .param/l "MAX_WEIGHT_WORDS" 1 3 19, +C4<00000000000000000010011100010000>;
P_0000023891d17030 .param/l "TIMEOUT_CYCLES" 1 3 15, +C4<00000000000000110000110101000000>;
v00000238928c82f0_0 .var/i "INPUT_WORDS_PER_TILE", 31 0;
v00000238928c9790_0 .var/i "K_ORIG", 31 0;
v00000238928ca870_0 .var/i "K_PAD", 31 0;
v00000238928c81b0_0 .var/i "K_TILES", 31 0;
v00000238928c9d30_0 .var/i "M_ORIG", 31 0;
v00000238928c84d0_0 .var/i "M_PAD", 31 0;
v00000238928c9c90_0 .var/i "N_ORIG", 31 0;
v00000238928ca7d0_0 .var/i "N_PAD", 31 0;
v00000238928c8c50_0 .var/i "N_TILES", 31 0;
v00000238928c8390_0 .var/i "OUTPUT_WORDS_PER_TILE", 31 0;
v00000238928c9ab0_0 .var/i "WEIGHT_WORDS_PER_TILE", 31 0;
v00000238928c9b50_0 .var "axis_in_tdata", 63 0;
v00000238928c9f10_0 .var "axis_in_tlast", 0 0;
L_000002389294c0b8 .functor BUFT 1, C4<1>, C4<0>, C4<0>, C4<0>;
v00000238928c8e30_0 .net "axis_in_tready", 0 0, L_000002389294c0b8;  1 drivers
v00000238928ca050_0 .var "axis_in_tvalid", 0 0;
v00000238928c87f0_0 .net "axis_out_tdata", 63 0, v00000238928d4ff0_0;  1 drivers
v00000238928c8110_0 .net "axis_out_tlast", 0 0, v00000238928d5a90_0;  1 drivers
v00000238928c8610_0 .var "axis_out_tready", 0 0;
v00000238928ca190_0 .net "axis_out_tvalid", 0 0, v00000238928d6170_0;  1 drivers
v00000238928c9830_0 .var "clk", 0 0;
v00000238928c98d0_0 .var/i "err_cnt", 31 0;
v00000238928ca5f0 .array "file_axis_golden", 9999 0, 63 0;
v00000238928c9150 .array "file_axis_input", 9999 0, 63 0;
v00000238928c8f70 .array "file_axis_weight", 9999 0, 63 0;
v00000238928c8250 .array "file_config", 9 0, 31 0;
v00000238928c8570 .array "file_ram_golden", 199999 0, 63 0;
v00000238928c9010_0 .var "rst_n", 0 0;
v00000238928c8930_0 .var "s_axi_araddr", 5 0;
v00000238928c8430_0 .net "s_axi_arready", 0 0, v000002389274ec20_0;  1 drivers
v00000238928c86b0_0 .var "s_axi_arvalid", 0 0;
v00000238928c8890_0 .var "s_axi_awaddr", 5 0;
v00000238928c9bf0_0 .net "s_axi_awready", 0 0, v000002389274e680_0;  1 drivers
v00000238928c89d0_0 .var "s_axi_awvalid", 0 0;
v00000238928c8a70_0 .var "s_axi_bready", 0 0;
L_000002389294c028 .functor BUFT 1, C4<00>, C4<0>, C4<0>, C4<0>;
v00000238928c91f0_0 .net "s_axi_bresp", 1 0, L_000002389294c028;  1 drivers
v00000238928ca230_0 .net "s_axi_bvalid", 0 0, v000002389274d0a0_0;  1 drivers
v00000238928c9970_0 .net "s_axi_rdata", 31 0, v000002389274d3c0_0;  1 drivers
v00000238928c9650_0 .var "s_axi_rready", 0 0;
L_000002389294c070 .functor BUFT 1, C4<00>, C4<0>, C4<0>, C4<0>;
v00000238928c96f0_0 .net "s_axi_rresp", 1 0, L_000002389294c070;  1 drivers
v00000238928c90b0_0 .net "s_axi_rvalid", 0 0, v000002389274cb00_0;  1 drivers
v00000238928c8b10_0 .var "s_axi_wdata", 31 0;
v00000238928c9dd0_0 .net "s_axi_wready", 0 0, v000002389274c9c0_0;  1 drivers
v00000238928ca690_0 .var "s_axi_wstrb", 3 0;
v00000238928c8bb0_0 .var "s_axi_wvalid", 0 0;
S_0000023891d17070 .scope task, "axi_lite_write" "axi_lite_write" 3 97, 3 97 0, S_00000238926c21d0;
 .timescale -9 -12;
v000002389274b160_0 .var "addr", 5 0;
v000002389274b520_0 .var "data", 31 0;
E_00000238926eddd0 .event posedge, v000002389274ae40_0;
E_00000238926ed710 .event anyedge, v000002389274d0a0_0;
E_00000238926edcd0 .event anyedge, v000002389274e680_0, v000002389274c9c0_0;
TD_deit_accelerator_top_tb_dual.axi_lite_write ;
    %wait E_00000238926eddd0;
    %load/vec4 v000002389274b160_0;
    %assign/vec4 v00000238928c8890_0, 0;
    %pushi/vec4 1, 0, 1;
    %assign/vec4 v00000238928c89d0_0, 0;
    %load/vec4 v000002389274b520_0;
    %assign/vec4 v00000238928c8b10_0, 0;
    %pushi/vec4 15, 0, 4;
    %assign/vec4 v00000238928ca690_0, 0;
    %pushi/vec4 1, 0, 1;
    %assign/vec4 v00000238928c8bb0_0, 0;
    %pushi/vec4 1, 0, 1;
    %assign/vec4 v00000238928c8a70_0, 0;
T_0.0 ;
    %load/vec4 v00000238928c9bf0_0;
    %flag_set/vec4 8;
    %flag_get/vec4 8;
    %jmp/0 T_0.2, 8;
    %load/vec4 v00000238928c9dd0_0;
    %and;
T_0.2;
    %cmpi/ne 1, 0, 1;
    %jmp/0xz T_0.1, 6;
    %wait E_00000238926edcd0;
    %jmp T_0.0;
T_0.1 ;
    %wait E_00000238926eddd0;
    %pushi/vec4 0, 0, 1;
    %assign/vec4 v00000238928c89d0_0, 0;
    %pushi/vec4 0, 0, 1;
    %assign/vec4 v00000238928c8bb0_0, 0;
T_0.3 ;
    %load/vec4 v00000238928ca230_0;
    %cmpi/ne 1, 0, 1;
    %jmp/0xz T_0.4, 6;
    %wait E_00000238926ed710;
    %jmp T_0.3;
T_0.4 ;
    %wait E_00000238926eddd0;
    %pushi/vec4 0, 0, 1;
    %assign/vec4 v00000238928c8a70_0, 0;
    %end;
S_0000023891ce8250 .scope task, "check_acc_ckpt" "check_acc_ckpt" 3 226, 3 226 0, S_00000238926c21d0;
 .timescale -9 -12;
v000002389274b700_0 .var "act_c0", 31 0;
v000002389274b5c0_0 .var "act_c1", 31 0;
v000002389274a120_0 .var/i "base", 31 0;
v000002389274a300_0 .var "expected", 63 0;
v000002389274a620_0 .var/i "k_idx", 31 0;
v000002389274c600_0 .var/i "n_idx", 31 0;
v000002389274af80_0 .var/i "t", 31 0;
TD_deit_accelerator_top_tb_dual.check_acc_ckpt ;
    %load/vec4 v000002389274c600_0;
    %load/vec4 v00000238928c81b0_0;
    %mul;
    %load/vec4 v000002389274a620_0;
    %add;
    %load/vec4 v00000238928c84d0_0;
    %mul;
    %store/vec4 v000002389274a120_0, 0, 32;
    %pushi/vec4 0, 0, 32;
    %store/vec4 v000002389274af80_0, 0, 32;
T_1.5 ;
    %load/vec4 v000002389274af80_0;
    %cmpi/s 4, 0, 32;
    %flag_get/vec4 5;
    %jmp/0 T_1.7, 5;
    %load/vec4 v000002389274af80_0;
    %load/vec4 v00000238928c84d0_0;
    %cmp/s;
    %flag_get/vec4 5;
    %and;
T_1.7;
    %flag_set/vec4 8;
    %jmp/0xz T_1.6, 8;
    %load/vec4 v000002389274a120_0;
    %load/vec4 v000002389274af80_0;
    %add;
    %ix/vec4/s 4;
    %load/vec4a v00000238928c8570, 4;
    %store/vec4 v000002389274a300_0, 0, 64;
    %ix/getv/s 4, v000002389274af80_0;
    %load/vec4a v000002389274fb20, 4;
    %store/vec4 v000002389274b700_0, 0, 32;
    %ix/getv/s 4, v000002389274af80_0;
    %load/vec4a v0000023892750d40, 4;
    %store/vec4 v000002389274b5c0_0, 0, 32;
    %load/vec4 v000002389274b5c0_0;
    %load/vec4 v000002389274b700_0;
    %concat/vec4; draw_concat_vec4
    %load/vec4 v000002389274a300_0;
    %cmp/ne;
    %jmp/0xz  T_1.8, 6;
    %load/vec4 v000002389274b5c0_0;
    %load/vec4 v000002389274b700_0;
    %concat/vec4; draw_concat_vec4
    %vpi_call/w 3 241 "$display", "[CKPT-B][FAIL] n=%0d k=%0d addr=%0d exp=%h got=%h", v000002389274c600_0, v000002389274a620_0, v000002389274af80_0, v000002389274a300_0, S<0,vec4,u64> {1 0 0};
    %load/vec4 v00000238928c98d0_0;
    %addi 1, 0, 32;
    %store/vec4 v00000238928c98d0_0, 0, 32;
    %jmp T_1.9;
T_1.8 ;
    %vpi_call/w 3 245 "$display", "[CKPT-B][PASS] n=%0d k=%0d addr=%0d val=%h", v000002389274c600_0, v000002389274a620_0, v000002389274af80_0, v000002389274a300_0 {0 0 0};
T_1.9 ;
    %load/vec4 v000002389274af80_0;
    %addi 1, 0, 32;
    %store/vec4 v000002389274af80_0, 0, 32;
    %jmp T_1.5;
T_1.6 ;
    %end;
S_0000023891ce83e0 .scope task, "check_outbuf_mem" "check_outbuf_mem" 3 299, 3 299 0, S_00000238926c21d0;
 .timescale -9 -12;
v000002389274b840_0 .var "actual128", 127 0;
v000002389274c4c0_0 .var/i "base", 31 0;
v000002389274b660_0 .var "expected128", 127 0;
v000002389274a3a0_0 .var/i "n_idx", 31 0;
v000002389274bde0_0 .var/i "start", 31 0;
v000002389274c060_0 .var/i "t", 31 0;
TD_deit_accelerator_top_tb_dual.check_outbuf_mem ;
    %fork t_1, S_0000023891d62eb0;
    %jmp t_0;
    .scope S_0000023891d62eb0;
t_1 ;
    %vpi_call/w 3 307 "$display", "[CKPT-D] Checking output buffer FIFO (n=%0d)", v000002389274a3a0_0 {0 0 0};
    %load/vec4 v000002389274a3a0_0;
    %load/vec4 v00000238928c8390_0;
    %mul;
    %store/vec4 v000002389274c4c0_0, 0, 32;
    %load/vec4 v00000238928d5810_0;
    %parti/s 8, 0, 2;
    %pad/u 32;
    %store/vec4 v000002389274bde0_0, 0, 32;
    %pushi/vec4 0, 0, 32;
    %store/vec4 v000002389274c060_0, 0, 32;
T_2.10 ;
    %load/vec4 v000002389274c060_0;
    %cmpi/s 4, 0, 32;
    %jmp/0xz T_2.11, 5;
    %load/vec4 v000002389274c4c0_0;
    %load/vec4 v000002389274c060_0;
    %muli 2, 0, 32;
    %add;
    %addi 1, 0, 32;
    %ix/vec4/s 4;
    %load/vec4a v00000238928ca5f0, 4;
    %load/vec4 v000002389274c4c0_0;
    %load/vec4 v000002389274c060_0;
    %muli 2, 0, 32;
    %add;
    %ix/vec4/s 4;
    %load/vec4a v00000238928ca5f0, 4;
    %concat/vec4; draw_concat_vec4
    %store/vec4 v000002389274b660_0, 0, 128;
    %load/vec4 v000002389274bde0_0;
    %load/vec4 v000002389274c060_0;
    %add;
    %ix/vec4/s 4;
    %load/vec4a v00000238928d56d0, 4;
    %store/vec4 v000002389274b840_0, 0, 128;
    %load/vec4 v000002389274b840_0;
    %load/vec4 v000002389274b660_0;
    %cmp/ne;
    %jmp/0xz  T_2.12, 6;
    %vpi_call/w 3 314 "$display", "[CKPT-D][FAIL] n=%0d row=%0d exp=%h got=%h", v000002389274a3a0_0, v000002389274c060_0, v000002389274b660_0, v000002389274b840_0 {0 0 0};
    %load/vec4 v00000238928c98d0_0;
    %addi 1, 0, 32;
    %store/vec4 v00000238928c98d0_0, 0, 32;
    %jmp T_2.13;
T_2.12 ;
    %vpi_call/w 3 317 "$display", "[CKPT-D][PASS] n=%0d row=%0d val=%h", v000002389274a3a0_0, v000002389274c060_0, v000002389274b840_0 {0 0 0};
T_2.13 ;
    %load/vec4 v000002389274c060_0;
    %addi 1, 0, 32;
    %store/vec4 v000002389274c060_0, 0, 32;
    %jmp T_2.10;
T_2.11 ;
    %end;
    .scope S_0000023891ce83e0;
t_0 %join;
    %end;
S_0000023891d62eb0 .scope begin, "CHECK_OBUF" "CHECK_OBUF" 3 306, 3 306 0, S_0000023891ce83e0;
 .timescale -9 -12;
S_0000023891d63040 .scope task, "check_output_stream" "check_output_stream" 3 252, 3 252 0, S_00000238926c21d0;
 .timescale -9 -12;
v000002389274c6a0_0 .var/i "base", 31 0;
v000002389274ac60_0 .var/i "cycles", 31 0;
v000002389274c1a0_0 .var "expected", 63 0;
v000002389274c2e0_0 .var/i "i", 31 0;
v000002389274c240_0 .var/i "n_idx", 31 0;
v000002389274b980_0 .var "sampled", 63 0;
TD_deit_accelerator_top_tb_dual.check_output_stream ;
    %fork t_3, S_0000023891d83de0;
    %jmp t_2;
    .scope S_0000023891d83de0;
t_3 ;
    %vpi_call/w 3 260 "$display", "[CKPT-C] Checking output stream for N tile %0d", v000002389274c240_0 {0 0 0};
    %pushi/vec4 1, 0, 1;
    %assign/vec4 v00000238928c8610_0, 0;
    %load/vec4 v000002389274c240_0;
    %load/vec4 v00000238928c8390_0;
    %mul;
    %store/vec4 v000002389274c6a0_0, 0, 32;
    %pushi/vec4 0, 0, 32;
    %store/vec4 v000002389274c2e0_0, 0, 32;
T_3.14 ;
    %load/vec4 v000002389274c2e0_0;
    %load/vec4 v00000238928c8390_0;
    %cmp/s;
    %jmp/0xz T_3.15, 5;
    %fork t_5, S_0000023891d83f70;
    %jmp t_4;
    .scope S_0000023891d83f70;
t_5 ;
    %pushi/vec4 0, 0, 32;
    %store/vec4 v000002389274ac60_0, 0, 32;
    %fork t_7, S_0000023891cff640;
    %jmp t_6;
    .scope S_0000023891cff640;
t_7 ;
T_3.16 ;
    %pushi/vec4 1, 0, 32;
    %or/r;
    %flag_set/vec4 8;
    %jmp/0xz T_3.17, 8;
    %wait E_00000238926eddd0;
    %load/vec4 v000002389274ac60_0;
    %addi 1, 0, 32;
    %store/vec4 v000002389274ac60_0, 0, 32;
    %load/vec4 v00000238928ca190_0;
    %flag_set/vec4 9;
    %flag_get/vec4 9;
    %jmp/0 T_3.20, 9;
    %load/vec4 v00000238928c8610_0;
    %and;
T_3.20;
    %flag_set/vec4 8;
    %jmp/0xz  T_3.18, 8;
    %load/vec4 v00000238928c87f0_0;
    %store/vec4 v000002389274b980_0, 0, 64;
    %load/vec4 v000002389274c6a0_0;
    %load/vec4 v000002389274c2e0_0;
    %add;
    %ix/vec4/s 4;
    %load/vec4a v00000238928ca5f0, 4;
    %store/vec4 v000002389274c1a0_0, 0, 64;
    %load/vec4 v00000238928c8110_0;
    %load/vec4 v000002389274c2e0_0;
    %load/vec4 v00000238928c8390_0;
    %subi 1, 0, 32;
    %cmp/e;
    %flag_get/vec4 4;
    %cmp/ne;
    %jmp/0xz  T_3.21, 6;
    %load/vec4 v000002389274c2e0_0;
    %load/vec4 v00000238928c8390_0;
    %subi 1, 0, 32;
    %cmp/e;
    %flag_get/vec4 4;
    %vpi_call/w 3 274 "$display", "[FAIL] TLAST n=%0d word=%0d exp=%b got=%b", v000002389274c240_0, v000002389274c2e0_0, S<0,vec4,u1>, v00000238928c8110_0 {1 0 0};
    %load/vec4 v00000238928c98d0_0;
    %addi 1, 0, 32;
    %store/vec4 v00000238928c98d0_0, 0, 32;
T_3.21 ;
    %load/vec4 v000002389274b980_0;
    %load/vec4 v000002389274c1a0_0;
    %cmp/ne;
    %jmp/0xz  T_3.23, 6;
    %vpi_call/w 3 279 "$display", "[FAIL] OUT n=%0d word=%0d exp=%h got=%h", v000002389274c240_0, v000002389274c2e0_0, v000002389274c1a0_0, v000002389274b980_0 {0 0 0};
    %load/vec4 v00000238928c98d0_0;
    %addi 1, 0, 32;
    %store/vec4 v00000238928c98d0_0, 0, 32;
    %jmp T_3.24;
T_3.23 ;
    %vpi_call/w 3 282 "$display", "[PASS] OUT n=%0d word=%0d val=%h", v000002389274c240_0, v000002389274c2e0_0, v000002389274c1a0_0 {0 0 0};
T_3.24 ;
    %disable S_0000023891cff640;
T_3.18 ;
    %load/vec4 v000002389274ac60_0;
    %cmpi/s 200000, 0, 32;
    %flag_or 5, 4; GT is !LE
    %flag_inv 5;
    %jmp/0xz  T_3.25, 5;
    %vpi_call/w 3 287 "$display", "[FAIL] Timeout waiting axis_out_tvalid (n=%0d word=%0d)", v000002389274c240_0, v000002389274c2e0_0 {0 0 0};
    %load/vec4 v000002389274c240_0;
    %store/vec4 v000002389274a800_0, 0, 32;
    %pushi/vec4 0, 0, 32;
    %store/vec4 v000002389274a760_0, 0, 32;
    %pushi/vec4 0, 0, 32; draw_string_vec4
    %pushi/vec4 0, 0, 32; draw_string_vec4
    %concat/vec4; draw_string_vec4
    %pushi/vec4 1463896404, 0, 32; draw_string_vec4
    %concat/vec4; draw_string_vec4
    %pushi/vec4 1599034708, 0, 32; draw_string_vec4
    %concat/vec4; draw_string_vec4
    %store/vec4 v000002389274a9e0_0, 0, 128;
    %fork TD_deit_accelerator_top_tb_dual.ckpt_a, S_0000023891cff7d0;
    %join;
    %load/vec4 v00000238928c98d0_0;
    %addi 1, 0, 32;
    %store/vec4 v00000238928c98d0_0, 0, 32;
    %disable S_0000023891d83de0;
T_3.25 ;
    %jmp T_3.16;
T_3.17 ;
    %end;
    .scope S_0000023891d83f70;
t_6 %join;
    %end;
    .scope S_0000023891d83de0;
t_4 %join;
    %load/vec4 v000002389274c2e0_0;
    %addi 1, 0, 32;
    %store/vec4 v000002389274c2e0_0, 0, 32;
    %jmp T_3.14;
T_3.15 ;
    %pushi/vec4 0, 0, 1;
    %assign/vec4 v00000238928c8610_0, 0;
    %end;
    .scope S_0000023891d63040;
t_2 %join;
    %end;
S_0000023891d83de0 .scope begin, "CHECK_OUT" "CHECK_OUT" 3 259, 3 259 0, S_0000023891d63040;
 .timescale -9 -12;
S_0000023891d83f70 .scope begin, "OUT_LOOP" "OUT_LOOP" 3 264, 3 264 0, S_0000023891d83de0;
 .timescale -9 -12;
S_0000023891cff640 .scope begin, "WAIT_BEAT" "WAIT_BEAT" 3 266, 3 266 0, S_0000023891d83f70;
 .timescale -9 -12;
S_0000023891cff7d0 .scope task, "ckpt_a" "ckpt_a" 3 114, 3 114 0, S_00000238926c21d0;
 .timescale -9 -12;
v000002389274a760_0 .var/i "k_idx", 31 0;
v000002389274a800_0 .var/i "n_idx", 31 0;
v000002389274a9e0_0 .var "tag", 127 0;
TD_deit_accelerator_top_tb_dual.ckpt_a ;
    %vpi_call/w 3 119 "$display", "[CKPT-A][%s] n=%0d k=%0d state=%0d cnt_load=%0d cnt_seq=%0d cnt_drain=%0d beat=%0d wload=%0d settle=%0d acc_cnt=%0d wv=%b iv=%b dma_req=%b", v000002389274a9e0_0, v000002389274a800_0, v000002389274a760_0, v00000238928cfaf0_0, v00000238928d15d0_0, v00000238928d1df0_0, v00000238928d1350_0, v00000238928cfcd0_0, v00000238928cfa50_0, v00000238928d08b0_0, v00000238928d2d90_0, v00000238928e7650_0, v00000238928e7510_0, v00000238928e5a30_0 {0 0 0};
    %end;
S_0000023891d2ae50 .scope task, "ckpt_outbuf_state" "ckpt_outbuf_state" 3 323, 3 323 0, S_00000238926c21d0;
 .timescale -9 -12;
v000002389274aa80_0 .var/i "n_idx", 31 0;
v000002389274ab20_0 .var/i "stage", 31 0;
TD_deit_accelerator_top_tb_dual.ckpt_outbuf_state ;
    %load/vec4 v000002389274ab20_0;
    %cmpi/e 0, 0, 32;
    %jmp/0xz  T_5.27, 4;
    %vpi_call/w 3 328 "$display", "[CKPT-OBUF][BEFORE] n=%0d state=%0d rd=%0d wr=%0d tvalid=%0d", v000002389274aa80_0, v00000238928d6670_0, v00000238928d5810_0, v00000238928d6210_0, v00000238928d6170_0 {0 0 0};
    %jmp T_5.28;
T_5.27 ;
    %vpi_call/w 3 331 "$display", "[CKPT-OBUF][AFTER ] n=%0d state=%0d rd=%0d wr=%0d tvalid=%0d", v000002389274aa80_0, v00000238928d6670_0, v00000238928d5810_0, v00000238928d6210_0, v00000238928d6170_0 {0 0 0};
T_5.28 ;
    %end;
S_00000238927c8060 .scope task, "count_activity" "count_activity" 3 337, 3 337 0, S_00000238926c21d0;
 .timescale -9 -12;
v000002389274be80_0 .var/i "in_valid_cnt", 31 0;
v000002389274abc0_0 .var/i "k_idx", 31 0;
v000002389274ad00_0 .var/i "n_idx", 31 0;
v000002389274ada0_0 .var/i "ppu_cnt", 31 0;
TD_deit_accelerator_top_tb_dual.count_activity ;
    %fork t_9, S_00000238927c8ce0;
    %jmp t_8;
    .scope S_00000238927c8ce0;
t_9 ;
    %pushi/vec4 0, 0, 32;
    %store/vec4 v000002389274be80_0, 0, 32;
    %pushi/vec4 0, 0, 32;
    %store/vec4 v000002389274ada0_0, 0, 32;
T_6.29 ;
    %load/vec4 v00000238928e5850_0;
    %nor/r;
    %flag_set/vec4 8;
    %jmp/0xz T_6.30, 8;
    %wait E_00000238926eddd0;
    %load/vec4 v00000238928d3bf0_0;
    %flag_set/vec4 9;
    %flag_get/vec4 9;
    %jmp/0 T_6.33, 9;
    %load/vec4 v00000238928e7510_0;
    %and;
T_6.33;
    %flag_set/vec4 8;
    %jmp/0xz  T_6.31, 8;
    %load/vec4 v000002389274be80_0;
    %addi 1, 0, 32;
    %store/vec4 v000002389274be80_0, 0, 32;
T_6.31 ;
    %load/vec4 v00000238928e78d0_0;
    %flag_set/vec4 8;
    %jmp/0xz  T_6.34, 8;
    %load/vec4 v000002389274ada0_0;
    %addi 1, 0, 32;
    %store/vec4 v000002389274ada0_0, 0, 32;
T_6.34 ;
    %jmp T_6.29;
T_6.30 ;
    %vpi_call/w 3 350 "$display", "[CKPT-COUNT] n=%0d k=%0d in_valid=%0d ppu_valid=%0d", v000002389274ad00_0, v000002389274abc0_0, v000002389274be80_0, v000002389274ada0_0 {0 0 0};
    %end;
    .scope S_00000238927c8060;
t_8 %join;
    %end;
S_00000238927c8ce0 .scope begin, "COUNT_ACT" "COUNT_ACT" 3 342, 3 342 0, S_00000238927c8060;
 .timescale -9 -12;
S_00000238927c81f0 .scope module, "dut" "deit_accelerator_top" 3 62, 4 14 0, S_00000238926c21d0;
 .timescale -9 -12;
    .port_info 0 /INPUT 1 "clk";
    .port_info 1 /INPUT 1 "rst_n";
    .port_info 2 /INPUT 6 "s_axi_awaddr";
    .port_info 3 /INPUT 1 "s_axi_awvalid";
    .port_info 4 /OUTPUT 1 "s_axi_awready";
    .port_info 5 /INPUT 32 "s_axi_wdata";
    .port_info 6 /INPUT 4 "s_axi_wstrb";
    .port_info 7 /INPUT 1 "s_axi_wvalid";
    .port_info 8 /OUTPUT 1 "s_axi_wready";
    .port_info 9 /OUTPUT 2 "s_axi_bresp";
    .port_info 10 /OUTPUT 1 "s_axi_bvalid";
    .port_info 11 /INPUT 1 "s_axi_bready";
    .port_info 12 /INPUT 6 "s_axi_araddr";
    .port_info 13 /INPUT 1 "s_axi_arvalid";
    .port_info 14 /OUTPUT 1 "s_axi_arready";
    .port_info 15 /OUTPUT 32 "s_axi_rdata";
    .port_info 16 /OUTPUT 2 "s_axi_rresp";
    .port_info 17 /OUTPUT 1 "s_axi_rvalid";
    .port_info 18 /INPUT 1 "s_axi_rready";
    .port_info 19 /INPUT 64 "axis_in_tdata";
    .port_info 20 /INPUT 1 "axis_in_tvalid";
    .port_info 21 /OUTPUT 1 "axis_in_tready";
    .port_info 22 /INPUT 1 "axis_in_tlast";
    .port_info 23 /OUTPUT 64 "axis_out_tdata";
    .port_info 24 /OUTPUT 1 "axis_out_tvalid";
    .port_info 25 /INPUT 1 "axis_out_tready";
    .port_info 26 /OUTPUT 1 "axis_out_tlast";
P_00000238923ee310 .param/l "C_S_AXI_ADDR_WIDTH" 0 4 16, +C4<00000000000000000000000000000110>;
P_00000238923ee348 .param/l "C_S_AXI_DATA_WIDTH" 0 4 15, +C4<00000000000000000000000000100000>;
L_00000238926d5550 .functor AND 1, v00000238928c9010_0, L_00000238928c9e70, C4<1>, C4<1>;
L_00000238926d5cc0 .functor AND 1, v00000238928ca050_0, v00000238928d1fd0_0, C4<1>, C4<1>;
L_00000238926d4de0 .functor AND 1, v00000238928ca050_0, L_00000238928c93d0, C4<1>, C4<1>;
L_00000238926d50f0 .functor AND 1, v00000238928ca050_0, v00000238928d1fd0_0, C4<1>, C4<1>;
L_00000238926d5390 .functor NOT 1, v00000238928e49f0_0, C4<0>, C4<0>, C4<0>;
L_00000238926d5d30 .functor AND 1, v000002389274d6e0_0, L_00000238926d5390, C4<1>, C4<1>;
L_00000238926d4e50 .functor NOT 1, v00000238928d1fd0_0, C4<0>, C4<0>, C4<0>;
L_00000238926d56a0 .functor AND 1, L_00000238926d4e50, v00000238928e3a50_0, C4<1>, C4<1>;
L_00000238929eccb0 .functor BUFZ 1, L_00000238929ed2d0, C4<0>, C4<0>, C4<0>;
L_00000238929ed490 .functor AND 1, L_00000238929eccb0, L_00000238928ca370, C4<1>, C4<1>;
v00000238928e43b0_0 .net *"_ivl_12", 0 0, L_00000238926d5390;  1 drivers
v00000238928e5c10_0 .net *"_ivl_16", 0 0, L_00000238926d4e50;  1 drivers
L_000002389294e230 .functor BUFT 1, C4<00000000>, C4<0>, C4<0>, C4<0>;
v00000238928e48b0_0 .net/2u *"_ivl_24", 7 0, L_000002389294e230;  1 drivers
L_000002389294e278 .functor BUFT 1, C4<0000>, C4<0>, C4<0>, C4<0>;
v00000238928e4130_0 .net/2u *"_ivl_26", 3 0, L_000002389294e278;  1 drivers
v00000238928e55d0_0 .net *"_ivl_31", 15 0, L_00000238929a8c90;  1 drivers
v00000238928e4f90_0 .net *"_ivl_33", 15 0, L_00000238929a7070;  1 drivers
v00000238928e5170_0 .net *"_ivl_37", 15 0, L_00000238929a8dd0;  1 drivers
v00000238928e3c30_0 .net *"_ivl_39", 15 0, L_00000238929a7110;  1 drivers
L_000002389294e2c0 .functor BUFT 1, C4<0000>, C4<0>, C4<0>, C4<0>;
v00000238928e4590_0 .net/2u *"_ivl_42", 3 0, L_000002389294e2c0;  1 drivers
v00000238928e4630_0 .net *"_ivl_5", 0 0, L_00000238928c93d0;  1 drivers
v00000238928e4c70_0 .net "axis_in_tdata", 63 0, v00000238928c9b50_0;  1 drivers
v00000238928e53f0_0 .net "axis_in_tlast", 0 0, v00000238928c9f10_0;  1 drivers
v00000238928e5210_0 .net "axis_in_tready", 0 0, L_000002389294c0b8;  alias, 1 drivers
v00000238928e52b0_0 .net "axis_in_tvalid", 0 0, v00000238928ca050_0;  1 drivers
v00000238928e5710_0 .net "axis_out_tdata", 63 0, v00000238928d4ff0_0;  alias, 1 drivers
v00000238928e5350_0 .net "axis_out_tlast", 0 0, v00000238928d5a90_0;  alias, 1 drivers
v00000238928e5490_0 .net "axis_out_tready", 0 0, v00000238928c8610_0;  1 drivers
v00000238928e4e50_0 .net "axis_out_tvalid", 0 0, v00000238928d6170_0;  alias, 1 drivers
v00000238928e5f30_0 .net "cfg_acc_mode", 0 0, L_00000238928ca0f0;  1 drivers
v00000238928e5670_0 .net "cfg_output_en", 0 0, L_00000238928ca370;  1 drivers
v00000238928e41d0_0 .net "cfg_ppu_bias", 31 0, v000002389274cf60_0;  1 drivers
v00000238928e46d0_0 .net "cfg_ppu_mult", 15 0, L_00000238928c8cf0;  1 drivers
v00000238928e4950_0 .net "cfg_ppu_shift", 4 0, L_00000238928ca2d0;  1 drivers
v00000238928e5cb0_0 .net "cfg_ppu_zp", 7 0, L_00000238928c8d90;  1 drivers
v00000238928e57b0_0 .net "cfg_seq_len", 31 0, v000002389274d320_0;  1 drivers
v00000238928e3b90_0 .net "clk", 0 0, v00000238928c9830_0;  1 drivers
v00000238928e5850_0 .net "core_ap_done", 0 0, v00000238928d01d0_0;  1 drivers
v00000238928e4bd0_0 .net "core_ap_idle", 0 0, v00000238928d0810_0;  1 drivers
v00000238928e5fd0_0 .net "core_input_read_en", 0 0, v00000238928d0a90_0;  1 drivers
v00000238928e5d50_0 .net "core_to_ppu_data", 511 0, L_00000238929bd0f0;  1 drivers
v00000238928e5df0_0 .net "core_valid_raw", 0 0, L_00000238929eccb0;  1 drivers
v00000238928e58f0_0 .net "core_weight_dma_beat", 0 0, L_00000238926d50f0;  1 drivers
v00000238928e5a30_0 .net "core_weight_dma_req", 0 0, v00000238928d1fd0_0;  1 drivers
v00000238928e3a50_0 .var "core_weight_dma_req_d", 0 0;
v00000238928e39b0_0 .net "core_weight_load_en", 0 0, v00000238928d1670_0;  1 drivers
v00000238928e4810_0 .net "ctrl_ap_start", 0 0, v000002389274d6e0_0;  1 drivers
v00000238928e49f0_0 .var "ctrl_ap_start_d", 0 0;
v00000238928e5e90_0 .net "ctrl_soft_rst_n", 0 0, L_00000238928c9e70;  1 drivers
v00000238928e4770_0 .net "dbg_acc_addr", 7 0, L_00000238929ecc40;  1 drivers
v00000238928e4270_0 .net "dbg_clr", 0 0, v000002389274da00_0;  1 drivers
v00000238928e5ad0_0 .net "dbg_cnt_drain", 31 0, v00000238928d1350_0;  1 drivers
v00000238928e4310_0 .net "dbg_cnt_load", 31 0, v00000238928d15d0_0;  1 drivers
v00000238928e6070_0 .net "dbg_cnt_seq", 31 0, v00000238928d1df0_0;  1 drivers
v00000238928e5b70_0 .net "dbg_ctrl_state", 2 0, v00000238928cfaf0_0;  1 drivers
v00000238928e3910_0 .net "dbg_ibuf_wr_ptr", 7 0, v00000238928d4d70_0;  1 drivers
RS_00000238927a18d8 .resolv tri, L_00000238929ede30, L_00000238929eebc0;
v00000238928e4a90_0 .net8 "dbg_obuf_full", 0 0, RS_00000238927a18d8;  2 drivers
v00000238928e4b30_0 .net "dbg_obuf_rd_ptr", 7 0, L_00000238929a8b50;  1 drivers
v00000238928e3cd0_0 .net "dbg_obuf_wr_ptr", 7 0, L_00000238929a6fd0;  1 drivers
v00000238928e4d10_0 .net "dbg_reg0", 31 0, L_00000238929a7bb0;  1 drivers
v00000238928e3e10_0 .net "dbg_reg1", 31 0, L_00000238929a8f10;  1 drivers
v00000238928e4db0_0 .net "dbg_reg2", 31 0, L_00000238929a6e90;  1 drivers
v00000238928e7d30_0 .net "dbg_reg3", 31 0, L_00000238929a71b0;  1 drivers
v00000238928e7970_0 .net "dbg_snap", 0 0, v000002389274dbe0_0;  1 drivers
v00000238928e6570_0 .net "dbg_wbuf_gb_cnt", 0 0, L_00000238926d58d0;  1 drivers
v00000238928e7fb0_0 .net "dbg_wbuf_ram_wen", 0 0, L_00000238926d5b00;  1 drivers
v00000238928e7010_0 .net "dbg_wbuf_wr_ptr", 3 0, v00000238928e50d0_0;  1 drivers
v00000238928e6f70_0 .net "dbg_weight_beat_cnt", 31 0, v00000238928cfcd0_0;  1 drivers
v00000238928e70b0_0 .net "ibuf_in_valid", 0 0, L_00000238926d4de0;  1 drivers
v00000238928e7470_0 .net "ibuf_to_core_data", 95 0, L_00000238928c9330;  1 drivers
v00000238928e7510_0 .net "ibuf_valid_out", 0 0, v00000238928d33d0_0;  1 drivers
v00000238928e61b0_0 .net "ppu_input_valid", 0 0, L_00000238929ed490;  1 drivers
v00000238928e7150_0 .net "ppu_to_obuf_data", 127 0, L_00000238929a7890;  1 drivers
v00000238928e78d0_0 .net "ppu_valid", 0 0, v00000238928e30f0_0;  1 drivers
v00000238928e6610_0 .net "rst_n", 0 0, v00000238928c9010_0;  1 drivers
v00000238928e6c50_0 .net "s_axi_araddr", 5 0, v00000238928c8930_0;  1 drivers
v00000238928e7e70_0 .net "s_axi_arready", 0 0, v000002389274ec20_0;  alias, 1 drivers
v00000238928e7a10_0 .net "s_axi_arvalid", 0 0, v00000238928c86b0_0;  1 drivers
v00000238928e7c90_0 .net "s_axi_awaddr", 5 0, v00000238928c8890_0;  1 drivers
v00000238928e71f0_0 .net "s_axi_awready", 0 0, v000002389274e680_0;  alias, 1 drivers
v00000238928e6d90_0 .net "s_axi_awvalid", 0 0, v00000238928c89d0_0;  1 drivers
v00000238928e7330_0 .net "s_axi_bready", 0 0, v00000238928c8a70_0;  1 drivers
v00000238928e7ab0_0 .net "s_axi_bresp", 1 0, L_000002389294c028;  alias, 1 drivers
v00000238928e7830_0 .net "s_axi_bvalid", 0 0, v000002389274d0a0_0;  alias, 1 drivers
v00000238928e7dd0_0 .net "s_axi_rdata", 31 0, v000002389274d3c0_0;  alias, 1 drivers
v00000238928e73d0_0 .net "s_axi_rready", 0 0, v00000238928c9650_0;  1 drivers
v00000238928e7b50_0 .net "s_axi_rresp", 1 0, L_000002389294c070;  alias, 1 drivers
v00000238928e7f10_0 .net "s_axi_rvalid", 0 0, v000002389274cb00_0;  alias, 1 drivers
v00000238928e64d0_0 .net "s_axi_wdata", 31 0, v00000238928c8b10_0;  1 drivers
v00000238928e6bb0_0 .net "s_axi_wready", 0 0, v000002389274c9c0_0;  alias, 1 drivers
v00000238928e7290_0 .net "s_axi_wstrb", 3 0, v00000238928ca690_0;  1 drivers
v00000238928e76f0_0 .net "s_axi_wvalid", 0 0, v00000238928c8bb0_0;  1 drivers
v00000238928e7bf0_0 .net "start_rising_edge", 0 0, L_00000238926d5d30;  1 drivers
v00000238928e6a70_0 .net "sys_rst_n", 0 0, L_00000238926d5550;  1 drivers
v00000238928e75b0_0 .net "wbuf_in_valid", 0 0, L_00000238926d5cc0;  1 drivers
v00000238928e6e30_0 .net "wbuf_to_core_data", 127 0, L_00000238926d57f0;  1 drivers
v00000238928e7650_0 .net "wbuf_valid_out", 0 0, v00000238928e2290_0;  1 drivers
v00000238928e6110_0 .net "weight_dma_done_pulse", 0 0, L_00000238926d56a0;  1 drivers
L_00000238928c93d0 .reduce/nor v00000238928d1fd0_0;
LS_00000238929a7bb0_0_0 .concat [ 3 1 1 1], v00000238928cfaf0_0, v00000238928d1fd0_0, v00000238928d1670_0, v00000238928d0a90_0;
LS_00000238929a7bb0_0_4 .concat [ 1 1 1 1], v00000238928e2290_0, v00000238928d33d0_0, v00000238928ca050_0, v00000238928d6170_0;
LS_00000238929a7bb0_0_8 .concat [ 1 1 4 8], v00000238928d5a90_0, RS_00000238927a18d8, L_000002389294e278, L_00000238929ecc40;
LS_00000238929a7bb0_0_12 .concat [ 8 0 0 0], L_000002389294e230;
L_00000238929a7bb0 .concat [ 6 4 14 8], LS_00000238929a7bb0_0_0, LS_00000238929a7bb0_0_4, LS_00000238929a7bb0_0_8, LS_00000238929a7bb0_0_12;
L_00000238929a8c90 .part v00000238928d1df0_0, 0, 16;
L_00000238929a7070 .part v00000238928d15d0_0, 0, 16;
L_00000238929a8f10 .concat [ 16 16 0 0], L_00000238929a7070, L_00000238929a8c90;
L_00000238929a8dd0 .part v00000238928cfcd0_0, 0, 16;
L_00000238929a7110 .part v00000238928d1350_0, 0, 16;
L_00000238929a6e90 .concat [ 16 16 0 0], L_00000238929a7110, L_00000238929a8dd0;
LS_00000238929a71b0_0_0 .concat [ 8 4 8 8], v00000238928d4d70_0, v00000238928e50d0_0, L_00000238929a6fd0, L_00000238929a8b50;
LS_00000238929a71b0_0_4 .concat [ 4 0 0 0], L_000002389294e2c0;
L_00000238929a71b0 .concat [ 28 4 0 0], LS_00000238929a71b0_0_0, LS_00000238929a71b0_0_4;
S_00000238927c8380 .scope module, "u_control" "axi_lite_control" 4 109, 5 11 0, S_00000238927c81f0;
 .timescale -9 -12;
    .port_info 0 /INPUT 1 "clk";
    .port_info 1 /INPUT 1 "rst_n";
    .port_info 2 /INPUT 6 "s_axi_awaddr";
    .port_info 3 /INPUT 1 "s_axi_awvalid";
    .port_info 4 /OUTPUT 1 "s_axi_awready";
    .port_info 5 /INPUT 32 "s_axi_wdata";
    .port_info 6 /INPUT 4 "s_axi_wstrb";
    .port_info 7 /INPUT 1 "s_axi_wvalid";
    .port_info 8 /OUTPUT 1 "s_axi_wready";
    .port_info 9 /OUTPUT 2 "s_axi_bresp";
    .port_info 10 /OUTPUT 1 "s_axi_bvalid";
    .port_info 11 /INPUT 1 "s_axi_bready";
    .port_info 12 /INPUT 6 "s_axi_araddr";
    .port_info 13 /INPUT 1 "s_axi_arvalid";
    .port_info 14 /OUTPUT 1 "s_axi_arready";
    .port_info 15 /OUTPUT 32 "s_axi_rdata";
    .port_info 16 /OUTPUT 2 "s_axi_rresp";
    .port_info 17 /OUTPUT 1 "s_axi_rvalid";
    .port_info 18 /INPUT 1 "s_axi_rready";
    .port_info 19 /OUTPUT 1 "o_ap_start";
    .port_info 20 /OUTPUT 1 "o_soft_rst_n";
    .port_info 21 /OUTPUT 32 "o_cfg_compute_cycles";
    .port_info 22 /OUTPUT 1 "o_cfg_acc_mode";
    .port_info 23 /INPUT 1 "i_ap_done";
    .port_info 24 /INPUT 1 "i_ap_idle";
    .port_info 25 /OUTPUT 16 "o_ppu_mult";
    .port_info 26 /OUTPUT 5 "o_ppu_shift";
    .port_info 27 /OUTPUT 8 "o_ppu_zp";
    .port_info 28 /OUTPUT 32 "o_ppu_bias";
    .port_info 29 /OUTPUT 1 "o_output_en";
    .port_info 30 /INPUT 32 "i_dbg0";
    .port_info 31 /INPUT 32 "i_dbg1";
    .port_info 32 /INPUT 32 "i_dbg2";
    .port_info 33 /INPUT 32 "i_dbg3";
    .port_info 34 /OUTPUT 1 "o_dbg_snap";
    .port_info 35 /OUTPUT 1 "o_dbg_clr";
P_0000023891d3d120 .param/l "ADDR_CFG_ACC" 1 5 69, C4<01100>;
P_0000023891d3d158 .param/l "ADDR_CFG_K" 1 5 68, C4<01000>;
P_0000023891d3d190 .param/l "ADDR_CTRL_REG" 1 5 66, C4<00000>;
P_0000023891d3d1c8 .param/l "ADDR_DBG0" 1 5 82, C4<110000>;
P_0000023891d3d200 .param/l "ADDR_DBG1" 1 5 83, C4<110100>;
P_0000023891d3d238 .param/l "ADDR_DBG2" 1 5 84, C4<111000>;
P_0000023891d3d270 .param/l "ADDR_DBG3" 1 5 85, C4<111100>;
P_0000023891d3d2a8 .param/l "ADDR_DBG_CLR" 1 5 81, C4<101100>;
P_0000023891d3d2e0 .param/l "ADDR_DBG_SNAP" 1 5 80, C4<101000>;
P_0000023891d3d318 .param/l "ADDR_OUTPUT_EN" 1 5 78, C4<100100>;
P_0000023891d3d350 .param/l "ADDR_PPU_BIAS" 1 5 77, C4<100000>;
P_0000023891d3d388 .param/l "ADDR_PPU_MULT" 1 5 73, C4<10100>;
P_0000023891d3d3c0 .param/l "ADDR_PPU_SHIFT" 1 5 74, C4<11000>;
P_0000023891d3d3f8 .param/l "ADDR_PPU_ZP" 1 5 75, C4<11100>;
P_0000023891d3d430 .param/l "ADDR_STATUS_REG" 1 5 67, C4<00100>;
P_0000023891d3d468 .param/l "ADDR_VERSION" 1 5 70, C4<10000>;
P_0000023891d3d4a0 .param/l "C_S_AXI_ADDR_WIDTH" 0 5 13, +C4<00000000000000000000000000000110>;
P_0000023891d3d4d8 .param/l "C_S_AXI_DATA_WIDTH" 0 5 12, +C4<00000000000000000000000000100000>;
P_0000023891d3d510 .param/l "VERSION_ID" 1 5 86, C4<00100000001001100000000100010111>;
v000002389274ae40_0 .net "clk", 0 0, v00000238928c9830_0;  alias, 1 drivers
v000002389274b020_0 .net "i_ap_done", 0 0, v00000238928d01d0_0;  alias, 1 drivers
v000002389274b200_0 .net "i_ap_idle", 0 0, v00000238928d0810_0;  alias, 1 drivers
v000002389274b2a0_0 .net "i_dbg0", 31 0, L_00000238929a7bb0;  alias, 1 drivers
v000002389274efe0_0 .net "i_dbg1", 31 0, L_00000238929a8f10;  alias, 1 drivers
v000002389274ca60_0 .net "i_dbg2", 31 0, L_00000238929a6e90;  alias, 1 drivers
v000002389274ed60_0 .net "i_dbg3", 31 0, L_00000238929a71b0;  alias, 1 drivers
v000002389274d6e0_0 .var "o_ap_start", 0 0;
v000002389274c920_0 .net "o_cfg_acc_mode", 0 0, L_00000238928ca0f0;  alias, 1 drivers
v000002389274cec0_0 .net "o_cfg_compute_cycles", 31 0, v000002389274d320_0;  alias, 1 drivers
v000002389274da00_0 .var "o_dbg_clr", 0 0;
v000002389274dbe0_0 .var "o_dbg_snap", 0 0;
v000002389274de60_0 .net "o_output_en", 0 0, L_00000238928ca370;  alias, 1 drivers
v000002389274cc40_0 .net "o_ppu_bias", 31 0, v000002389274cf60_0;  alias, 1 drivers
v000002389274dfa0_0 .net "o_ppu_mult", 15 0, L_00000238928c8cf0;  alias, 1 drivers
v000002389274d8c0_0 .net "o_ppu_shift", 4 0, L_00000238928ca2d0;  alias, 1 drivers
v000002389274e720_0 .net "o_ppu_zp", 7 0, L_00000238928c8d90;  alias, 1 drivers
v000002389274cce0_0 .net "o_soft_rst_n", 0 0, L_00000238928c9e70;  alias, 1 drivers
v000002389274cd80_0 .var "reg_cfg_acc", 31 0;
v000002389274d320_0 .var "reg_cfg_k", 31 0;
v000002389274d280_0 .var "reg_ctrl", 31 0;
v000002389274e040_0 .var "reg_dbg0", 31 0;
v000002389274c880_0 .var "reg_dbg1", 31 0;
v000002389274e7c0_0 .var "reg_dbg2", 31 0;
v000002389274ce20_0 .var "reg_dbg3", 31 0;
v000002389274daa0_0 .var "reg_output_en", 31 0;
v000002389274cf60_0 .var "reg_ppu_bias", 31 0;
v000002389274e180_0 .var "reg_ppu_mult", 31 0;
v000002389274cba0_0 .var "reg_ppu_shift", 31 0;
v000002389274ee00_0 .var "reg_ppu_zp", 31 0;
v000002389274ea40_0 .var "reg_status", 31 0;
v000002389274e900_0 .net "rst_n", 0 0, v00000238928c9010_0;  alias, 1 drivers
v000002389274d500_0 .net "s_axi_araddr", 5 0, v00000238928c8930_0;  alias, 1 drivers
v000002389274ec20_0 .var "s_axi_arready", 0 0;
v000002389274db40_0 .net "s_axi_arvalid", 0 0, v00000238928c86b0_0;  alias, 1 drivers
v000002389274e9a0_0 .net "s_axi_awaddr", 5 0, v00000238928c8890_0;  alias, 1 drivers
v000002389274e680_0 .var "s_axi_awready", 0 0;
v000002389274d000_0 .net "s_axi_awvalid", 0 0, v00000238928c89d0_0;  alias, 1 drivers
v000002389274e860_0 .net "s_axi_bready", 0 0, v00000238928c8a70_0;  alias, 1 drivers
v000002389274eae0_0 .net "s_axi_bresp", 1 0, L_000002389294c028;  alias, 1 drivers
v000002389274d0a0_0 .var "s_axi_bvalid", 0 0;
v000002389274d3c0_0 .var "s_axi_rdata", 31 0;
v000002389274ecc0_0 .net "s_axi_rready", 0 0, v00000238928c9650_0;  alias, 1 drivers
v000002389274d780_0 .net "s_axi_rresp", 1 0, L_000002389294c070;  alias, 1 drivers
v000002389274cb00_0 .var "s_axi_rvalid", 0 0;
v000002389274dc80_0 .net "s_axi_wdata", 31 0, v00000238928c8b10_0;  alias, 1 drivers
v000002389274c9c0_0 .var "s_axi_wready", 0 0;
v000002389274d820_0 .net "s_axi_wstrb", 3 0, v00000238928ca690_0;  alias, 1 drivers
v000002389274e360_0 .net "s_axi_wvalid", 0 0, v00000238928c8bb0_0;  alias, 1 drivers
E_00000238926ed210/0 .event negedge, v000002389274e900_0;
E_00000238926ed210/1 .event posedge, v000002389274ae40_0;
E_00000238926ed210 .event/or E_00000238926ed210/0, E_00000238926ed210/1;
L_00000238928c9e70 .part v000002389274d280_0, 1, 1;
L_00000238928ca0f0 .part v000002389274cd80_0, 0, 1;
L_00000238928c8cf0 .part v000002389274e180_0, 0, 16;
L_00000238928ca2d0 .part v000002389274cba0_0, 0, 5;
L_00000238928c8d90 .part v000002389274ee00_0, 0, 8;
L_00000238928ca370 .part v000002389274daa0_0, 0, 1;
S_00000238927c8510 .scope module, "u_core" "deit_core" 4 188, 6 10 0, S_00000238927c81f0;
 .timescale -9 -12;
    .port_info 0 /INPUT 1 "clk";
    .port_info 1 /INPUT 1 "rst_n";
    .port_info 2 /INPUT 1 "ap_start";
    .port_info 3 /INPUT 32 "cfg_compute_cycles";
    .port_info 4 /INPUT 1 "cfg_acc_mode";
    .port_info 5 /OUTPUT 1 "ap_done";
    .port_info 6 /OUTPUT 1 "ap_idle";
    .port_info 7 /INPUT 96 "in_act_vec";
    .port_info 8 /INPUT 128 "in_weight_vec";
    .port_info 9 /INPUT 1 "i_weight_valid";
    .port_info 10 /INPUT 1 "i_weight_dma_beat";
    .port_info 11 /INPUT 1 "i_input_valid";
    .port_info 12 /INPUT 1 "i_dbg_clr";
    .port_info 13 /OUTPUT 512 "out_acc_vec";
    .port_info 14 /OUTPUT 1 "ctrl_weight_load_en";
    .port_info 15 /OUTPUT 1 "ctrl_weight_dma_req";
    .port_info 16 /OUTPUT 1 "ctrl_input_stream_en";
    .port_info 17 /OUTPUT 1 "dbg_acc_wr_en";
    .port_info 18 /OUTPUT 8 "dbg_acc_addr";
    .port_info 19 /OUTPUT 32 "dbg_aligned_col0";
    .port_info 20 /OUTPUT 32 "dbg_aligned_col15";
    .port_info 21 /OUTPUT 32 "dbg_raw_col0";
    .port_info 22 /OUTPUT 3 "dbg_ctrl_state";
    .port_info 23 /OUTPUT 32 "dbg_cnt_load";
    .port_info 24 /OUTPUT 32 "dbg_cnt_seq";
    .port_info 25 /OUTPUT 32 "dbg_cnt_drain";
    .port_info 26 /OUTPUT 32 "dbg_weight_beat_cnt";
P_00000238923eee10 .param/l "ADDR_WIDTH" 0 6 12, +C4<00000000000000000000000000001000>;
P_00000238923eee48 .param/l "LATENCY_CFG" 0 6 11, +C4<00000000000000000000000000011011>;
L_00000238929efbf0 .functor AND 1, L_00000238929bac10, L_00000238929bbf70, C4<1>, C4<1>;
L_00000238929ed2d0 .functor BUFZ 1, L_00000238929efbf0, C4<0>, C4<0>, C4<0>;
L_00000238929ecc40 .functor BUFZ 8, v00000238928d3f10_0, C4<00000000>, C4<00000000>, C4<00000000>;
v00000238928d0e50_0 .net *"_ivl_64", 0 0, L_00000238929bbf70;  1 drivers
v00000238928d3f10_0 .var "acc_addr", 7 0;
v00000238928d2d90_0 .var "acc_cnt", 31 0;
v00000238928d3ab0_0 .net "acc_wr_en", 0 0, L_00000238929efbf0;  1 drivers
v00000238928d2f70_0 .net "acc_wr_en_raw", 0 0, L_00000238929bac10;  1 drivers
v00000238928d3150_0 .net "aligned_out_vec", 511 0, L_00000238929add30;  1 drivers
v00000238928d26b0_0 .net "ap_done", 0 0, v00000238928d01d0_0;  alias, 1 drivers
v00000238928d40f0_0 .net "ap_idle", 0 0, v00000238928d0810_0;  alias, 1 drivers
v00000238928d2610_0 .net "ap_start", 0 0, v000002389274d6e0_0;  alias, 1 drivers
v00000238928d3a10_0 .net "array_raw_out", 511 0, L_00000238929bb430;  1 drivers
v00000238928d3b50_0 .net "cfg_acc_mode", 0 0, L_00000238928ca0f0;  alias, 1 drivers
v00000238928d4550_0 .net "cfg_compute_cycles", 31 0, v000002389274d320_0;  alias, 1 drivers
v00000238928d2bb0_0 .net "clk", 0 0, v00000238928c9830_0;  alias, 1 drivers
v00000238928d4190_0 .net "ctrl_drain_en_unused", 0 0, v00000238928d13f0_0;  1 drivers
v00000238928d3bf0_0 .net "ctrl_input_stream_en", 0 0, v00000238928d0a90_0;  alias, 1 drivers
v00000238928d4230_0 .net "ctrl_weight_dma_req", 0 0, v00000238928d1fd0_0;  alias, 1 drivers
v00000238928d2e30_0 .net "ctrl_weight_load_en", 0 0, v00000238928d1670_0;  alias, 1 drivers
v00000238928d42d0_0 .var "ctrl_weight_load_en_d", 0 0;
v00000238928d2750_0 .net "dbg_acc_addr", 7 0, L_00000238929ecc40;  alias, 1 drivers
v00000238928d3dd0_0 .net "dbg_acc_wr_en", 0 0, L_00000238929ed2d0;  1 drivers
v00000238928d2570_0 .net "dbg_aligned_col0", 31 0, L_00000238929bee50;  1 drivers
v00000238928d3c90_0 .net "dbg_aligned_col15", 31 0, L_00000238929beef0;  1 drivers
v00000238928d44b0_0 .net "dbg_cnt_drain", 31 0, v00000238928d1350_0;  alias, 1 drivers
v00000238928d27f0_0 .net "dbg_cnt_load", 31 0, v00000238928d15d0_0;  alias, 1 drivers
v00000238928d4370_0 .net "dbg_cnt_seq", 31 0, v00000238928d1df0_0;  alias, 1 drivers
v00000238928d2cf0_0 .net "dbg_ctrl_state", 2 0, v00000238928cfaf0_0;  alias, 1 drivers
v00000238928d4690_0 .net "dbg_raw_col0", 31 0, L_00000238929bef90;  1 drivers
v00000238928d3830_0 .net "dbg_weight_beat_cnt", 31 0, v00000238928cfcd0_0;  alias, 1 drivers
v00000238928d3970_0 .net "i_dbg_clr", 0 0, v000002389274da00_0;  alias, 1 drivers
v00000238928d3fb0_0 .net "i_input_valid", 0 0, v00000238928d33d0_0;  alias, 1 drivers
v00000238928d45f0_0 .net "i_weight_dma_beat", 0 0, L_00000238926d50f0;  alias, 1 drivers
v00000238928d4730_0 .net "i_weight_valid", 0 0, v00000238928e2290_0;  alias, 1 drivers
v00000238928d2890_0 .var "i_weight_valid_d", 0 0;
v00000238928d3d30_0 .net "in_act_vec", 95 0, L_00000238928c9330;  alias, 1 drivers
v00000238928d2930_0 .net "in_weight_vec", 127 0, L_00000238926d57f0;  alias, 1 drivers
v00000238928d3010_0 .var "in_weight_vec_d", 127 0;
v00000238928d4050_0 .net "out_acc_vec", 511 0, L_00000238929bd0f0;  alias, 1 drivers
v00000238928d29d0_0 .var "row_load_cnt", 4 0;
v00000238928d2ed0_0 .var "row_load_en", 11 0;
v00000238928d31f0_0 .net "rst_n", 0 0, L_00000238926d5550;  alias, 1 drivers
L_000002389294c268 .functor BUFT 1, C4<1>, C4<0>, C4<0>, C4<0>;
v00000238928d22f0_0 .net "safe_compute_en", 0 0, L_000002389294c268;  1 drivers
v00000238928d3e70_0 .net "skewed_in_act_vec", 95 0, L_00000238929ad1f0;  1 drivers
v00000238928d47d0_0 .var "valid_delay_line", 26 0;
L_00000238929acbb0 .part L_00000238928c9330, 0, 8;
LS_00000238929ad1f0_0_0 .concat8 [ 8 8 8 8], L_00000238929acbb0, L_00000238929adab0, L_00000238929ac6b0, L_00000238929ac750;
LS_00000238929ad1f0_0_4 .concat8 [ 8 8 8 8], L_00000238929aca70, L_00000238929addd0, L_00000238929ad510, L_00000238929abcb0;
LS_00000238929ad1f0_0_8 .concat8 [ 8 8 8 8], L_00000238929abe90, L_00000238929acc50, L_00000238929ac070, L_00000238929abdf0;
L_00000238929ad1f0 .concat8 [ 32 32 32 0], LS_00000238929ad1f0_0_0, LS_00000238929ad1f0_0_4, LS_00000238929ad1f0_0_8;
LS_00000238929add30_0_0 .concat8 [ 32 32 32 32], L_00000238929aced0, L_00000238929ad5b0, L_00000238929acb10, L_00000238929abc10;
LS_00000238929add30_0_4 .concat8 [ 32 32 32 32], L_00000238929aba30, L_00000238929ac7f0, L_00000238929ac390, L_00000238929ad010;
LS_00000238929add30_0_8 .concat8 [ 32 32 32 32], L_00000238929ac110, L_00000238929adfb0, L_00000238929adbf0, L_00000238929ad0b0;
LS_00000238929add30_0_12 .concat8 [ 32 32 32 32], L_00000238929ad150, L_00000238929abb70, L_00000238929ad290, L_00000238929ad330;
L_00000238929add30 .concat8 [ 128 128 128 128], LS_00000238929add30_0_0, LS_00000238929add30_0_4, LS_00000238929add30_0_8, LS_00000238929add30_0_12;
L_00000238929ad330 .part L_00000238929bb430, 480, 32;
L_00000238929bac10 .part v00000238928d47d0_0, 26, 1;
L_00000238929bbf70 .cmp/gt 32, v000002389274d320_0, v00000238928d2d90_0;
L_00000238929bee50 .part L_00000238929add30, 0, 32;
L_00000238929beef0 .part L_00000238929add30, 480, 32;
L_00000238929bef90 .part L_00000238929bb430, 0, 32;
S_00000238927c8830 .scope generate, "IN_SKEW[0]" "IN_SKEW[0]" 6 136, 6 136 0, S_00000238927c8510;
 .timescale -9 -12;
P_00000238926ed590 .param/l "r" 0 6 136, +C4<00>;
S_00000238927c8e70 .scope generate, "genblk1" "genblk1" 6 137, 6 137 0, S_00000238927c8830;
 .timescale -9 -12;
v000002389274eb80_0 .net *"_ivl_0", 7 0, L_00000238929acbb0;  1 drivers
S_00000238927c86a0 .scope generate, "IN_SKEW[1]" "IN_SKEW[1]" 6 136, 6 136 0, S_00000238927c8510;
 .timescale -9 -12;
P_00000238926ee090 .param/l "r" 0 6 136, +C4<01>;
S_00000238927c89c0 .scope generate, "genblk1" "genblk1" 6 137, 6 137 0, S_00000238927c86a0;
 .timescale -9 -12;
v000002389274d460_0 .net *"_ivl_1", 7 0, L_00000238929adab0;  1 drivers
v000002389274d960_0 .var "delay_chain", 7 0;
E_00000238926ed750/0 .event negedge, v000002389274fda0_0;
E_00000238926ed750/1 .event posedge, v000002389274ae40_0;
E_00000238926ed750 .event/or E_00000238926ed750/0, E_00000238926ed750/1;
L_00000238929adab0 .part v000002389274d960_0, 0, 8;
S_00000238927c8b50 .scope generate, "IN_SKEW[2]" "IN_SKEW[2]" 6 136, 6 136 0, S_00000238927c8510;
 .timescale -9 -12;
P_00000238926ee0d0 .param/l "r" 0 6 136, +C4<010>;
S_00000238927c9520 .scope generate, "genblk1" "genblk1" 6 137, 6 137 0, S_00000238927c8b50;
 .timescale -9 -12;
v000002389274e400_0 .net *"_ivl_1", 7 0, L_00000238929ac6b0;  1 drivers
v000002389274d5a0_0 .var "delay_chain", 15 0;
L_00000238929ac6b0 .part v000002389274d5a0_0, 8, 8;
S_00000238927ca4c0 .scope generate, "IN_SKEW[3]" "IN_SKEW[3]" 6 136, 6 136 0, S_00000238927c8510;
 .timescale -9 -12;
P_00000238926ed890 .param/l "r" 0 6 136, +C4<011>;
S_00000238927ca1a0 .scope generate, "genblk1" "genblk1" 6 137, 6 137 0, S_00000238927ca4c0;
 .timescale -9 -12;
v000002389274e540_0 .net *"_ivl_1", 7 0, L_00000238929ac750;  1 drivers
v000002389274eea0_0 .var "delay_chain", 23 0;
L_00000238929ac750 .part v000002389274eea0_0, 16, 8;
S_00000238927c96b0 .scope generate, "IN_SKEW[4]" "IN_SKEW[4]" 6 136, 6 136 0, S_00000238927c8510;
 .timescale -9 -12;
P_00000238926ee110 .param/l "r" 0 6 136, +C4<0100>;
S_00000238927c9200 .scope generate, "genblk1" "genblk1" 6 137, 6 137 0, S_00000238927c96b0;
 .timescale -9 -12;
v000002389274e2c0_0 .net *"_ivl_1", 7 0, L_00000238929aca70;  1 drivers
v000002389274d140_0 .var "delay_chain", 31 0;
L_00000238929aca70 .part v000002389274d140_0, 24, 8;
S_00000238927ca7e0 .scope generate, "IN_SKEW[5]" "IN_SKEW[5]" 6 136, 6 136 0, S_00000238927c8510;
 .timescale -9 -12;
P_00000238926ee150 .param/l "r" 0 6 136, +C4<0101>;
S_00000238927c9b60 .scope generate, "genblk1" "genblk1" 6 137, 6 137 0, S_00000238927ca7e0;
 .timescale -9 -12;
v000002389274e5e0_0 .net *"_ivl_1", 7 0, L_00000238929addd0;  1 drivers
v000002389274d640_0 .var "delay_chain", 39 0;
L_00000238929addd0 .part v000002389274d640_0, 32, 8;
S_00000238927ca650 .scope generate, "IN_SKEW[6]" "IN_SKEW[6]" 6 136, 6 136 0, S_00000238927c8510;
 .timescale -9 -12;
P_00000238926edd10 .param/l "r" 0 6 136, +C4<0110>;
S_00000238927c99d0 .scope generate, "genblk1" "genblk1" 6 137, 6 137 0, S_00000238927ca650;
 .timescale -9 -12;
v000002389274d1e0_0 .net *"_ivl_1", 7 0, L_00000238929ad510;  1 drivers
v000002389274e220_0 .var "delay_chain", 47 0;
L_00000238929ad510 .part v000002389274e220_0, 40, 8;
S_00000238927cac90 .scope generate, "IN_SKEW[7]" "IN_SKEW[7]" 6 136, 6 136 0, S_00000238927c8510;
 .timescale -9 -12;
P_00000238926ed250 .param/l "r" 0 6 136, +C4<0111>;
S_00000238927c9cf0 .scope generate, "genblk1" "genblk1" 6 137, 6 137 0, S_00000238927cac90;
 .timescale -9 -12;
v000002389274e4a0_0 .net *"_ivl_1", 7 0, L_00000238929abcb0;  1 drivers
v000002389274dd20_0 .var "delay_chain", 55 0;
L_00000238929abcb0 .part v000002389274dd20_0, 48, 8;
S_00000238927c9840 .scope generate, "IN_SKEW[8]" "IN_SKEW[8]" 6 136, 6 136 0, S_00000238927c8510;
 .timescale -9 -12;
P_00000238926edb10 .param/l "r" 0 6 136, +C4<01000>;
S_00000238927ca970 .scope generate, "genblk1" "genblk1" 6 137, 6 137 0, S_00000238927c9840;
 .timescale -9 -12;
v000002389274ddc0_0 .net *"_ivl_1", 7 0, L_00000238929abe90;  1 drivers
v000002389274ef40_0 .var "delay_chain", 63 0;
L_00000238929abe90 .part v000002389274ef40_0, 56, 8;
S_00000238927c9e80 .scope generate, "IN_SKEW[9]" "IN_SKEW[9]" 6 136, 6 136 0, S_00000238927c8510;
 .timescale -9 -12;
P_00000238926ed7d0 .param/l "r" 0 6 136, +C4<01001>;
S_00000238927cab00 .scope generate, "genblk1" "genblk1" 6 137, 6 137 0, S_00000238927c9e80;
 .timescale -9 -12;
v000002389274df00_0 .net *"_ivl_1", 7 0, L_00000238929acc50;  1 drivers
v000002389274e0e0_0 .var "delay_chain", 71 0;
L_00000238929acc50 .part v000002389274e0e0_0, 64, 8;
S_00000238927cae20 .scope generate, "IN_SKEW[10]" "IN_SKEW[10]" 6 136, 6 136 0, S_00000238927c8510;
 .timescale -9 -12;
P_00000238926ed5d0 .param/l "r" 0 6 136, +C4<01010>;
S_00000238927ca010 .scope generate, "genblk1" "genblk1" 6 137, 6 137 0, S_00000238927cae20;
 .timescale -9 -12;
v00000238927512e0_0 .net *"_ivl_1", 7 0, L_00000238929ac070;  1 drivers
v000002389274f940_0 .var "delay_chain", 79 0;
L_00000238929ac070 .part v000002389274f940_0, 72, 8;
S_00000238927c9390 .scope generate, "IN_SKEW[11]" "IN_SKEW[11]" 6 136, 6 136 0, S_00000238927c8510;
 .timescale -9 -12;
P_00000238926ee190 .param/l "r" 0 6 136, +C4<01011>;
S_00000238927c9070 .scope generate, "genblk1" "genblk1" 6 137, 6 137 0, S_00000238927c9390;
 .timescale -9 -12;
v000002389274ff80_0 .net *"_ivl_1", 7 0, L_00000238929abdf0;  1 drivers
v000002389274f080_0 .var "delay_chain", 87 0;
L_00000238929abdf0 .part v000002389274f080_0, 80, 8;
S_00000238927ca330 .scope generate, "OUT_DESKEW[0]" "OUT_DESKEW[0]" 6 176, 6 176 0, S_00000238927c8510;
 .timescale -9 -12;
P_00000238923ef110 .param/l "DELAY_NEEDED" 1 6 177, +C4<00000000000000000000000000001111>;
P_00000238923ef148 .param/l "c" 0 6 176, +C4<00>;
S_00000238927cb3a0 .scope generate, "genblk1" "genblk1" 6 179, 6 179 0, S_00000238927ca330;
 .timescale -9 -12;
v000002389274f620_0 .net *"_ivl_1", 31 0, L_00000238929aced0;  1 drivers
v0000023892751560_0 .var "out_delay_chain", 479 0;
L_00000238929aced0 .part v0000023892751560_0, 448, 32;
S_00000238927cc020 .scope generate, "OUT_DESKEW[1]" "OUT_DESKEW[1]" 6 176, 6 176 0, S_00000238927c8510;
 .timescale -9 -12;
P_00000238923ee390 .param/l "DELAY_NEEDED" 1 6 177, +C4<00000000000000000000000000001110>;
P_00000238923ee3c8 .param/l "c" 0 6 176, +C4<01>;
S_00000238927ccca0 .scope generate, "genblk1" "genblk1" 6 179, 6 179 0, S_00000238927cc020;
 .timescale -9 -12;
v000002389274f440_0 .net *"_ivl_1", 31 0, L_00000238929ad5b0;  1 drivers
v000002389274f6c0_0 .var "out_delay_chain", 447 0;
L_00000238929ad5b0 .part v000002389274f6c0_0, 416, 32;
S_00000238927cc660 .scope generate, "OUT_DESKEW[2]" "OUT_DESKEW[2]" 6 176, 6 176 0, S_00000238927c8510;
 .timescale -9 -12;
P_00000238923ef310 .param/l "DELAY_NEEDED" 1 6 177, +C4<00000000000000000000000000001101>;
P_00000238923ef348 .param/l "c" 0 6 176, +C4<010>;
S_00000238927cb850 .scope generate, "genblk1" "genblk1" 6 179, 6 179 0, S_00000238927cc660;
 .timescale -9 -12;
v000002389274fa80_0 .net *"_ivl_1", 31 0, L_00000238929acb10;  1 drivers
v000002389274f760_0 .var "out_delay_chain", 415 0;
L_00000238929acb10 .part v000002389274f760_0, 384, 32;
S_00000238927cc980 .scope generate, "OUT_DESKEW[3]" "OUT_DESKEW[3]" 6 176, 6 176 0, S_00000238927c8510;
 .timescale -9 -12;
P_00000238923ef290 .param/l "DELAY_NEEDED" 1 6 177, +C4<00000000000000000000000000001100>;
P_00000238923ef2c8 .param/l "c" 0 6 176, +C4<011>;
S_00000238927cb530 .scope generate, "genblk1" "genblk1" 6 179, 6 179 0, S_00000238927cc980;
 .timescale -9 -12;
v0000023892750980_0 .net *"_ivl_1", 31 0, L_00000238929abc10;  1 drivers
v000002389274f800_0 .var "out_delay_chain", 383 0;
L_00000238929abc10 .part v000002389274f800_0, 352, 32;
S_00000238927cb210 .scope generate, "OUT_DESKEW[4]" "OUT_DESKEW[4]" 6 176, 6 176 0, S_00000238927c8510;
 .timescale -9 -12;
P_00000238923efb90 .param/l "DELAY_NEEDED" 1 6 177, +C4<00000000000000000000000000001011>;
P_00000238923efbc8 .param/l "c" 0 6 176, +C4<0100>;
S_00000238927cb9e0 .scope generate, "genblk1" "genblk1" 6 179, 6 179 0, S_00000238927cb210;
 .timescale -9 -12;
v0000023892751600_0 .net *"_ivl_1", 31 0, L_00000238929aba30;  1 drivers
v0000023892751240_0 .var "out_delay_chain", 351 0;
L_00000238929aba30 .part v0000023892751240_0, 320, 32;
S_00000238927cc7f0 .scope generate, "OUT_DESKEW[5]" "OUT_DESKEW[5]" 6 176, 6 176 0, S_00000238927c8510;
 .timescale -9 -12;
P_00000238923ee990 .param/l "DELAY_NEEDED" 1 6 177, +C4<00000000000000000000000000001010>;
P_00000238923ee9c8 .param/l "c" 0 6 176, +C4<0101>;
S_00000238927cce30 .scope generate, "genblk1" "genblk1" 6 179, 6 179 0, S_00000238927cc7f0;
 .timescale -9 -12;
v0000023892751380_0 .net *"_ivl_1", 31 0, L_00000238929ac7f0;  1 drivers
v000002389274f300_0 .var "out_delay_chain", 319 0;
L_00000238929ac7f0 .part v000002389274f300_0, 288, 32;
S_00000238927cc1b0 .scope generate, "OUT_DESKEW[6]" "OUT_DESKEW[6]" 6 176, 6 176 0, S_00000238927c8510;
 .timescale -9 -12;
P_00000238923ee410 .param/l "DELAY_NEEDED" 1 6 177, +C4<00000000000000000000000000001001>;
P_00000238923ee448 .param/l "c" 0 6 176, +C4<0110>;
S_00000238927cb080 .scope generate, "genblk1" "genblk1" 6 179, 6 179 0, S_00000238927cc1b0;
 .timescale -9 -12;
v000002389274fc60_0 .net *"_ivl_1", 31 0, L_00000238929ac390;  1 drivers
v0000023892750de0_0 .var "out_delay_chain", 287 0;
L_00000238929ac390 .part v0000023892750de0_0, 256, 32;
S_00000238927cbe90 .scope generate, "OUT_DESKEW[7]" "OUT_DESKEW[7]" 6 176, 6 176 0, S_00000238927c8510;
 .timescale -9 -12;
P_00000238923eee90 .param/l "DELAY_NEEDED" 1 6 177, +C4<00000000000000000000000000001000>;
P_00000238923eeec8 .param/l "c" 0 6 176, +C4<0111>;
S_00000238927cb6c0 .scope generate, "genblk1" "genblk1" 6 179, 6 179 0, S_00000238927cbe90;
 .timescale -9 -12;
v00000238927517e0_0 .net *"_ivl_1", 31 0, L_00000238929ad010;  1 drivers
v00000238927511a0_0 .var "out_delay_chain", 255 0;
L_00000238929ad010 .part v00000238927511a0_0, 224, 32;
S_00000238927cc340 .scope generate, "OUT_DESKEW[8]" "OUT_DESKEW[8]" 6 176, 6 176 0, S_00000238927c8510;
 .timescale -9 -12;
P_00000238923ee490 .param/l "DELAY_NEEDED" 1 6 177, +C4<00000000000000000000000000000111>;
P_00000238923ee4c8 .param/l "c" 0 6 176, +C4<01000>;
S_00000238927cbb70 .scope generate, "genblk1" "genblk1" 6 179, 6 179 0, S_00000238927cc340;
 .timescale -9 -12;
v0000023892750020_0 .net *"_ivl_1", 31 0, L_00000238929ac110;  1 drivers
v0000023892750f20_0 .var "out_delay_chain", 223 0;
L_00000238929ac110 .part v0000023892750f20_0, 192, 32;
S_00000238927ccb10 .scope generate, "OUT_DESKEW[9]" "OUT_DESKEW[9]" 6 176, 6 176 0, S_00000238927c8510;
 .timescale -9 -12;
P_00000238923f0110 .param/l "DELAY_NEEDED" 1 6 177, +C4<00000000000000000000000000000110>;
P_00000238923f0148 .param/l "c" 0 6 176, +C4<01001>;
S_00000238927cbd00 .scope generate, "genblk1" "genblk1" 6 179, 6 179 0, S_00000238927ccb10;
 .timescale -9 -12;
v0000023892751420_0 .net *"_ivl_1", 31 0, L_00000238929adfb0;  1 drivers
v0000023892750340_0 .var "out_delay_chain", 191 0;
L_00000238929adfb0 .part v0000023892750340_0, 160, 32;
S_00000238927cc4d0 .scope generate, "OUT_DESKEW[10]" "OUT_DESKEW[10]" 6 176, 6 176 0, S_00000238927c8510;
 .timescale -9 -12;
P_00000238923ef790 .param/l "DELAY_NEEDED" 1 6 177, +C4<00000000000000000000000000000101>;
P_00000238923ef7c8 .param/l "c" 0 6 176, +C4<01010>;
S_00000238926d9340 .scope generate, "genblk1" "genblk1" 6 179, 6 179 0, S_00000238927cc4d0;
 .timescale -9 -12;
v000002389274f4e0_0 .net *"_ivl_1", 31 0, L_00000238929adbf0;  1 drivers
v00000238927503e0_0 .var "out_delay_chain", 159 0;
L_00000238929adbf0 .part v00000238927503e0_0, 128, 32;
S_00000238926da470 .scope generate, "OUT_DESKEW[11]" "OUT_DESKEW[11]" 6 176, 6 176 0, S_00000238927c8510;
 .timescale -9 -12;
P_00000238923ef510 .param/l "DELAY_NEEDED" 1 6 177, +C4<00000000000000000000000000000100>;
P_00000238923ef548 .param/l "c" 0 6 176, +C4<01011>;
S_00000238926d91b0 .scope generate, "genblk1" "genblk1" 6 179, 6 179 0, S_00000238926da470;
 .timescale -9 -12;
v00000238927516a0_0 .net *"_ivl_1", 31 0, L_00000238929ad0b0;  1 drivers
v00000238927514c0_0 .var "out_delay_chain", 127 0;
L_00000238929ad0b0 .part v00000238927514c0_0, 96, 32;
S_00000238926d9e30 .scope generate, "OUT_DESKEW[12]" "OUT_DESKEW[12]" 6 176, 6 176 0, S_00000238927c8510;
 .timescale -9 -12;
P_00000238923ee210 .param/l "DELAY_NEEDED" 1 6 177, +C4<00000000000000000000000000000011>;
P_00000238923ee248 .param/l "c" 0 6 176, +C4<01100>;
S_00000238926d9fc0 .scope generate, "genblk1" "genblk1" 6 179, 6 179 0, S_00000238926d9e30;
 .timescale -9 -12;
v000002389274f120_0 .net *"_ivl_1", 31 0, L_00000238929ad150;  1 drivers
v00000238927507a0_0 .var "out_delay_chain", 95 0;
L_00000238929ad150 .part v00000238927507a0_0, 64, 32;
S_00000238926d94d0 .scope generate, "OUT_DESKEW[13]" "OUT_DESKEW[13]" 6 176, 6 176 0, S_00000238927c8510;
 .timescale -9 -12;
P_00000238923eff10 .param/l "DELAY_NEEDED" 1 6 177, +C4<00000000000000000000000000000010>;
P_00000238923eff48 .param/l "c" 0 6 176, +C4<01101>;
S_00000238926d9660 .scope generate, "genblk1" "genblk1" 6 179, 6 179 0, S_00000238926d94d0;
 .timescale -9 -12;
v0000023892750ac0_0 .net *"_ivl_1", 31 0, L_00000238929abb70;  1 drivers
v0000023892750480_0 .var "out_delay_chain", 63 0;
L_00000238929abb70 .part v0000023892750480_0, 32, 32;
S_00000238926d97f0 .scope generate, "OUT_DESKEW[14]" "OUT_DESKEW[14]" 6 176, 6 176 0, S_00000238927c8510;
 .timescale -9 -12;
P_00000238923ef490 .param/l "DELAY_NEEDED" 1 6 177, +C4<00000000000000000000000000000001>;
P_00000238923ef4c8 .param/l "c" 0 6 176, +C4<01110>;
S_00000238926dac40 .scope generate, "genblk1" "genblk1" 6 179, 6 179 0, S_00000238926d97f0;
 .timescale -9 -12;
v000002389274f580_0 .net *"_ivl_1", 31 0, L_00000238929ad290;  1 drivers
v0000023892750520_0 .var "out_delay_chain", 31 0;
L_00000238929ad290 .part v0000023892750520_0, 0, 32;
S_00000238926d9980 .scope generate, "OUT_DESKEW[15]" "OUT_DESKEW[15]" 6 176, 6 176 0, S_00000238927c8510;
 .timescale -9 -12;
P_00000238923ef590 .param/l "DELAY_NEEDED" 1 6 177, +C4<00000000000000000000000000000000>;
P_00000238923ef5c8 .param/l "c" 0 6 176, +C4<01111>;
S_00000238926d9b10 .scope generate, "genblk1" "genblk1" 6 179, 6 179 0, S_00000238926d9980;
 .timescale -9 -12;
v0000023892751740_0 .net *"_ivl_0", 31 0, L_00000238929ad330;  1 drivers
S_00000238926da600 .scope module, "u_accum" "accumulator_bank" 6 251, 7 10 0, S_00000238927c8510;
 .timescale -9 -12;
    .port_info 0 /INPUT 1 "clk";
    .port_info 1 /INPUT 1 "rst_n";
    .port_info 2 /INPUT 8 "addr";
    .port_info 3 /INPUT 1 "wr_en";
    .port_info 4 /INPUT 1 "acc_mode";
    .port_info 5 /INPUT 512 "in_psum_vec";
    .port_info 6 /OUTPUT 512 "out_acc_vec";
P_00000238926edb50 .param/l "ADDR_WIDTH" 0 7 11, +C4<00000000000000000000000000001000>;
v000002389255c640_0 .net "acc_mode", 0 0, L_00000238928ca0f0;  alias, 1 drivers
v000002389255c460_0 .net "addr", 7 0, v00000238928d3f10_0;  1 drivers
v000002389255c5a0_0 .net "clk", 0 0, v00000238928c9830_0;  alias, 1 drivers
v000002389255c960_0 .net "in_psum_vec", 511 0, L_00000238929add30;  alias, 1 drivers
v000002389255caa0_0 .net "out_acc_vec", 511 0, L_00000238929bd0f0;  alias, 1 drivers
v000002389255bc40_0 .net "rst_n", 0 0, L_00000238926d5550;  alias, 1 drivers
v000002389255bd80_0 .net "wr_en", 0 0, L_00000238929efbf0;  alias, 1 drivers
L_00000238929bb250 .part L_00000238929add30, 0, 32;
L_00000238929bc150 .part L_00000238929add30, 32, 32;
L_00000238929bb930 .part L_00000238929add30, 64, 32;
L_00000238929bcbf0 .part L_00000238929add30, 96, 32;
L_00000238929bbcf0 .part L_00000238929add30, 128, 32;
L_00000238929be090 .part L_00000238929add30, 160, 32;
L_00000238929bec70 .part L_00000238929add30, 192, 32;
L_00000238929bf3f0 .part L_00000238929add30, 224, 32;
L_00000238929bf5d0 .part L_00000238929add30, 256, 32;
L_00000238929be130 .part L_00000238929add30, 288, 32;
L_00000238929bf7b0 .part L_00000238929add30, 320, 32;
L_00000238929bd230 .part L_00000238929add30, 352, 32;
L_00000238929be310 .part L_00000238929add30, 384, 32;
L_00000238929bd870 .part L_00000238929add30, 416, 32;
L_00000238929be8b0 .part L_00000238929add30, 448, 32;
L_00000238929bde10 .part L_00000238929add30, 480, 32;
LS_00000238929bd0f0_0_0 .concat8 [ 32 32 32 32], L_00000238929efdb0, L_00000238929efcd0, L_00000238929ecd20, L_00000238929ec930;
LS_00000238929bd0f0_0_4 .concat8 [ 32 32 32 32], L_00000238929ec5b0, L_00000238929eca80, L_00000238929ed6c0, L_00000238929ecfc0;
LS_00000238929bd0f0_0_8 .concat8 [ 32 32 32 32], L_00000238929ed030, L_00000238929ed0a0, L_00000238929ed180, L_00000238929ecaf0;
LS_00000238929bd0f0_0_12 .concat8 [ 32 32 32 32], L_00000238929ecb60, L_00000238929ecbd0, L_00000238929ec1c0, L_00000238929ed730;
L_00000238929bd0f0 .concat8 [ 128 128 128 128], LS_00000238929bd0f0_0_0, LS_00000238929bd0f0_0_4, LS_00000238929bd0f0_0_8, LS_00000238929bd0f0_0_12;
S_00000238926d9ca0 .scope generate, "COL_BANK[0]" "COL_BANK[0]" 7 30, 7 30 0, S_00000238926da600;
 .timescale -9 -12;
P_00000238926ed2d0 .param/l "c" 0 7 30, +C4<00>;
L_00000238929efdb0 .functor BUFZ 32, L_00000238929bcab0, C4<00000000000000000000000000000000>, C4<00000000000000000000000000000000>, C4<00000000000000000000000000000000>;
v000002389274fe40_0 .net *"_ivl_2", 31 0, L_00000238929efdb0;  1 drivers
v0000023892750700_0 .net "col_in", 31 0, L_00000238929bb250;  1 drivers
v00000238927508e0_0 .net "col_out", 31 0, L_00000238929bcab0;  1 drivers
S_00000238926da920 .scope module, "u_bank" "single_column_bank" 7 43, 8 11 0, S_00000238926d9ca0;
 .timescale -9 -12;
    .port_info 0 /INPUT 1 "clk";
    .port_info 1 /INPUT 1 "rst_n";
    .port_info 2 /INPUT 8 "addr";
    .port_info 3 /INPUT 1 "wr_en";
    .port_info 4 /INPUT 1 "acc_mode";
    .port_info 5 /INPUT 32 "in_psum";
    .port_info 6 /OUTPUT 32 "out_acc";
P_00000238923ee290 .param/l "BANK_ID" 0 8 12, +C4<00000000000000000000000000000000>;
P_00000238923ee2c8 .param/l "DEPTH_LOG2" 0 8 13, +C4<00000000000000000000000000001000>;
L_00000238929efe20 .functor BUFZ 32, L_00000238929bca10, C4<00000000000000000000000000000000>, C4<00000000000000000000000000000000>, C4<00000000000000000000000000000000>;
v00000238927500c0_0 .net *"_ivl_0", 31 0, L_00000238929bca10;  1 drivers
v0000023892750ca0_0 .net *"_ivl_2", 9 0, L_00000238929baa30;  1 drivers
L_000002389294c730 .functor BUFT 1, C4<00>, C4<0>, C4<0>, C4<0>;
v000002389274f8a0_0 .net *"_ivl_5", 1 0, L_000002389294c730;  1 drivers
v000002389274f9e0_0 .net "acc_mode", 0 0, L_00000238928ca0f0;  alias, 1 drivers
v00000238927505c0_0 .net "addr", 7 0, v00000238928d3f10_0;  alias, 1 drivers
v000002389274f1c0_0 .net "clk", 0 0, v00000238928c9830_0;  alias, 1 drivers
v0000023892751060_0 .var/i "i", 31 0;
v000002389274f260_0 .net "in_psum", 31 0, L_00000238929bb250;  alias, 1 drivers
v000002389274fb20 .array "mem", 255 0, 31 0;
v0000023892750660_0 .var/s "next_val", 31 0;
v000002389274fd00_0 .net/s "old_val", 31 0, L_00000238929efe20;  1 drivers
v000002389274fbc0_0 .net "out_acc", 31 0, L_00000238929bcab0;  alias, 1 drivers
v000002389274fda0_0 .net "rst_n", 0 0, L_00000238926d5550;  alias, 1 drivers
v00000238927502a0_0 .net "wr_en", 0 0, L_00000238929efbf0;  alias, 1 drivers
E_00000238926ed350 .event anyedge, v000002389274c920_0, v000002389274fd00_0, v000002389274f260_0;
L_00000238929bca10 .array/port v000002389274fb20, L_00000238929baa30;
L_00000238929baa30 .concat [ 8 2 0 0], v00000238928d3f10_0, L_000002389294c730;
L_00000238929bcab0 .functor MUXZ 32, L_00000238929efe20, v0000023892750660_0, L_00000238929efbf0, C4<>;
S_00000238926da150 .scope generate, "COL_BANK[1]" "COL_BANK[1]" 7 30, 7 30 0, S_00000238926da600;
 .timescale -9 -12;
P_00000238926edbd0 .param/l "c" 0 7 30, +C4<01>;
L_00000238929efcd0 .functor BUFZ 32, L_00000238929bb6b0, C4<00000000000000000000000000000000>, C4<00000000000000000000000000000000>, C4<00000000000000000000000000000000>;
v0000023892751920_0 .net *"_ivl_2", 31 0, L_00000238929efcd0;  1 drivers
v0000023892751a60_0 .net "col_in", 31 0, L_00000238929bc150;  1 drivers
v0000023892751f60_0 .net "col_out", 31 0, L_00000238929bb6b0;  1 drivers
S_00000238926da2e0 .scope module, "u_bank" "single_column_bank" 7 43, 8 11 0, S_00000238926da150;
 .timescale -9 -12;
    .port_info 0 /INPUT 1 "clk";
    .port_info 1 /INPUT 1 "rst_n";
    .port_info 2 /INPUT 8 "addr";
    .port_info 3 /INPUT 1 "wr_en";
    .port_info 4 /INPUT 1 "acc_mode";
    .port_info 5 /INPUT 32 "in_psum";
    .port_info 6 /OUTPUT 32 "out_acc";
P_00000238923eff90 .param/l "BANK_ID" 0 8 12, +C4<00000000000000000000000000000001>;
P_00000238923effc8 .param/l "DEPTH_LOG2" 0 8 13, +C4<00000000000000000000000000001000>;
L_00000238929eda40 .functor BUFZ 32, L_00000238929bc1f0, C4<00000000000000000000000000000000>, C4<00000000000000000000000000000000>, C4<00000000000000000000000000000000>;
v000002389274fee0_0 .net *"_ivl_0", 31 0, L_00000238929bc1f0;  1 drivers
v000002389274f3a0_0 .net *"_ivl_2", 9 0, L_00000238929bcb50;  1 drivers
L_000002389294c778 .functor BUFT 1, C4<00>, C4<0>, C4<0>, C4<0>;
v0000023892750840_0 .net *"_ivl_5", 1 0, L_000002389294c778;  1 drivers
v0000023892750160_0 .net "acc_mode", 0 0, L_00000238928ca0f0;  alias, 1 drivers
v0000023892750a20_0 .net "addr", 7 0, v00000238928d3f10_0;  alias, 1 drivers
v0000023892750200_0 .net "clk", 0 0, v00000238928c9830_0;  alias, 1 drivers
v0000023892750b60_0 .var/i "i", 31 0;
v0000023892750c00_0 .net "in_psum", 31 0, L_00000238929bc150;  alias, 1 drivers
v0000023892750d40 .array "mem", 255 0, 31 0;
v0000023892750e80_0 .var/s "next_val", 31 0;
v0000023892750fc0_0 .net/s "old_val", 31 0, L_00000238929eda40;  1 drivers
v0000023892751100_0 .net "out_acc", 31 0, L_00000238929bb6b0;  alias, 1 drivers
v00000238927519c0_0 .net "rst_n", 0 0, L_00000238926d5550;  alias, 1 drivers
v0000023892751e20_0 .net "wr_en", 0 0, L_00000238929efbf0;  alias, 1 drivers
E_00000238926ede10 .event anyedge, v000002389274c920_0, v0000023892750fc0_0, v0000023892750c00_0;
L_00000238929bc1f0 .array/port v0000023892750d40, L_00000238929bcb50;
L_00000238929bcb50 .concat [ 8 2 0 0], v00000238928d3f10_0, L_000002389294c778;
L_00000238929bb6b0 .functor MUXZ 32, L_00000238929eda40, v0000023892750e80_0, L_00000238929efbf0, C4<>;
S_00000238926da790 .scope generate, "COL_BANK[2]" "COL_BANK[2]" 7 30, 7 30 0, S_00000238926da600;
 .timescale -9 -12;
P_00000238926ed410 .param/l "c" 0 7 30, +C4<010>;
L_00000238929ecd20 .functor BUFZ 32, L_00000238929bb9d0, C4<00000000000000000000000000000000>, C4<00000000000000000000000000000000>, C4<00000000000000000000000000000000>;
v00000238925f2e10_0 .net *"_ivl_2", 31 0, L_00000238929ecd20;  1 drivers
v00000238925f1b50_0 .net "col_in", 31 0, L_00000238929bb930;  1 drivers
v00000238925f2d70_0 .net "col_out", 31 0, L_00000238929bb9d0;  1 drivers
S_00000238926daab0 .scope module, "u_bank" "single_column_bank" 7 43, 8 11 0, S_00000238926da790;
 .timescale -9 -12;
    .port_info 0 /INPUT 1 "clk";
    .port_info 1 /INPUT 1 "rst_n";
    .port_info 2 /INPUT 8 "addr";
    .port_info 3 /INPUT 1 "wr_en";
    .port_info 4 /INPUT 1 "acc_mode";
    .port_info 5 /INPUT 32 "in_psum";
    .port_info 6 /OUTPUT 32 "out_acc";
P_00000238923efa90 .param/l "BANK_ID" 0 8 12, +C4<00000000000000000000000000000010>;
P_00000238923efac8 .param/l "DEPTH_LOG2" 0 8 13, +C4<00000000000000000000000000001000>;
L_00000238929ec4d0 .functor BUFZ 32, L_00000238929bcf10, C4<00000000000000000000000000000000>, C4<00000000000000000000000000000000>, C4<00000000000000000000000000000000>;
v0000023892751ec0_0 .net *"_ivl_0", 31 0, L_00000238929bcf10;  1 drivers
v0000023892751880_0 .net *"_ivl_2", 9 0, L_00000238929bc790;  1 drivers
L_000002389294c7c0 .functor BUFT 1, C4<00>, C4<0>, C4<0>, C4<0>;
v0000023892751b00_0 .net *"_ivl_5", 1 0, L_000002389294c7c0;  1 drivers
v0000023892751ba0_0 .net "acc_mode", 0 0, L_00000238928ca0f0;  alias, 1 drivers
v0000023892751c40_0 .net "addr", 7 0, v00000238928d3f10_0;  alias, 1 drivers
v0000023892751ce0_0 .net "clk", 0 0, v00000238928c9830_0;  alias, 1 drivers
v0000023892751d80_0 .var/i "i", 31 0;
v00000238925f16f0_0 .net "in_psum", 31 0, L_00000238929bb930;  alias, 1 drivers
v00000238925f31d0 .array "mem", 255 0, 31 0;
v00000238925f1330_0 .var/s "next_val", 31 0;
v00000238925f2af0_0 .net/s "old_val", 31 0, L_00000238929ec4d0;  1 drivers
v00000238925f34f0_0 .net "out_acc", 31 0, L_00000238929bb9d0;  alias, 1 drivers
v00000238925f2410_0 .net "rst_n", 0 0, L_00000238926d5550;  alias, 1 drivers
v00000238925f3590_0 .net "wr_en", 0 0, L_00000238929efbf0;  alias, 1 drivers
E_00000238926edf50 .event anyedge, v000002389274c920_0, v00000238925f2af0_0, v00000238925f16f0_0;
L_00000238929bcf10 .array/port v00000238925f31d0, L_00000238929bc790;
L_00000238929bc790 .concat [ 8 2 0 0], v00000238928d3f10_0, L_000002389294c7c0;
L_00000238929bb9d0 .functor MUXZ 32, L_00000238929ec4d0, v00000238925f1330_0, L_00000238929efbf0, C4<>;
S_00000238926d9020 .scope generate, "COL_BANK[3]" "COL_BANK[3]" 7 30, 7 30 0, S_00000238926da600;
 .timescale -9 -12;
P_00000238926edc10 .param/l "c" 0 7 30, +C4<011>;
L_00000238929ec930 .functor BUFZ 32, L_00000238929bbb10, C4<00000000000000000000000000000000>, C4<00000000000000000000000000000000>, C4<00000000000000000000000000000000>;
v00000238925f2910_0 .net *"_ivl_2", 31 0, L_00000238929ec930;  1 drivers
v00000238925f5430_0 .net "col_in", 31 0, L_00000238929bcbf0;  1 drivers
v00000238925f5930_0 .net "col_out", 31 0, L_00000238929bbb10;  1 drivers
S_00000238926dadd0 .scope module, "u_bank" "single_column_bank" 7 43, 8 11 0, S_00000238926d9020;
 .timescale -9 -12;
    .port_info 0 /INPUT 1 "clk";
    .port_info 1 /INPUT 1 "rst_n";
    .port_info 2 /INPUT 8 "addr";
    .port_info 3 /INPUT 1 "wr_en";
    .port_info 4 /INPUT 1 "acc_mode";
    .port_info 5 /INPUT 32 "in_psum";
    .port_info 6 /OUTPUT 32 "out_acc";
P_00000238923ef390 .param/l "BANK_ID" 0 8 12, +C4<00000000000000000000000000000011>;
P_00000238923ef3c8 .param/l "DEPTH_LOG2" 0 8 13, +C4<00000000000000000000000000001000>;
L_00000238929ec540 .functor BUFZ 32, L_00000238929bb2f0, C4<00000000000000000000000000000000>, C4<00000000000000000000000000000000>, C4<00000000000000000000000000000000>;
v00000238925f3630_0 .net *"_ivl_0", 31 0, L_00000238929bb2f0;  1 drivers
v00000238925f2f50_0 .net *"_ivl_2", 9 0, L_00000238929bb4d0;  1 drivers
L_000002389294c808 .functor BUFT 1, C4<00>, C4<0>, C4<0>, C4<0>;
v00000238925f1790_0 .net *"_ivl_5", 1 0, L_000002389294c808;  1 drivers
v00000238925f2b90_0 .net "acc_mode", 0 0, L_00000238928ca0f0;  alias, 1 drivers
v00000238925f36d0_0 .net "addr", 7 0, v00000238928d3f10_0;  alias, 1 drivers
v00000238925f10b0_0 .net "clk", 0 0, v00000238928c9830_0;  alias, 1 drivers
v00000238925f1f10_0 .var/i "i", 31 0;
v00000238925f1470_0 .net "in_psum", 31 0, L_00000238929bcbf0;  alias, 1 drivers
v00000238925f1290 .array "mem", 255 0, 31 0;
v00000238925f15b0_0 .var/s "next_val", 31 0;
v00000238925f24b0_0 .net/s "old_val", 31 0, L_00000238929ec540;  1 drivers
v00000238925f18d0_0 .net "out_acc", 31 0, L_00000238929bbb10;  alias, 1 drivers
v00000238925f2550_0 .net "rst_n", 0 0, L_00000238926d5550;  alias, 1 drivers
v00000238925f25f0_0 .net "wr_en", 0 0, L_00000238929efbf0;  alias, 1 drivers
E_00000238926ed3d0 .event anyedge, v000002389274c920_0, v00000238925f24b0_0, v00000238925f1470_0;
L_00000238929bb2f0 .array/port v00000238925f1290, L_00000238929bb4d0;
L_00000238929bb4d0 .concat [ 8 2 0 0], v00000238928d3f10_0, L_000002389294c808;
L_00000238929bbb10 .functor MUXZ 32, L_00000238929ec540, v00000238925f15b0_0, L_00000238929efbf0, C4<>;
S_00000238927de1d0 .scope generate, "COL_BANK[4]" "COL_BANK[4]" 7 30, 7 30 0, S_00000238926da600;
 .timescale -9 -12;
P_00000238926ed310 .param/l "c" 0 7 30, +C4<0100>;
L_00000238929ec5b0 .functor BUFZ 32, L_00000238929be9f0, C4<00000000000000000000000000000000>, C4<00000000000000000000000000000000>, C4<00000000000000000000000000000000>;
v00000238925f5570_0 .net *"_ivl_2", 31 0, L_00000238929ec5b0;  1 drivers
v00000238925f5a70_0 .net "col_in", 31 0, L_00000238929bbcf0;  1 drivers
v00000238925f56b0_0 .net "col_out", 31 0, L_00000238929be9f0;  1 drivers
S_00000238927ddeb0 .scope module, "u_bank" "single_column_bank" 7 43, 8 11 0, S_00000238927de1d0;
 .timescale -9 -12;
    .port_info 0 /INPUT 1 "clk";
    .port_info 1 /INPUT 1 "rst_n";
    .port_info 2 /INPUT 8 "addr";
    .port_info 3 /INPUT 1 "wr_en";
    .port_info 4 /INPUT 1 "acc_mode";
    .port_info 5 /INPUT 32 "in_psum";
    .port_info 6 /OUTPUT 32 "out_acc";
P_00000238923ee710 .param/l "BANK_ID" 0 8 12, +C4<00000000000000000000000000000100>;
P_00000238923ee748 .param/l "DEPTH_LOG2" 0 8 13, +C4<00000000000000000000000000001000>;
L_00000238929ec9a0 .functor BUFZ 32, L_00000238929bbd90, C4<00000000000000000000000000000000>, C4<00000000000000000000000000000000>, C4<00000000000000000000000000000000>;
v00000238925f5e30_0 .net *"_ivl_0", 31 0, L_00000238929bbd90;  1 drivers
v00000238925f4f30_0 .net *"_ivl_2", 9 0, L_00000238929be770;  1 drivers
L_000002389294c850 .functor BUFT 1, C4<00>, C4<0>, C4<0>, C4<0>;
v00000238925f3f90_0 .net *"_ivl_5", 1 0, L_000002389294c850;  1 drivers
v00000238925f47b0_0 .net "acc_mode", 0 0, L_00000238928ca0f0;  alias, 1 drivers
v00000238925f5070_0 .net "addr", 7 0, v00000238928d3f10_0;  alias, 1 drivers
v00000238925f42b0_0 .net "clk", 0 0, v00000238928c9830_0;  alias, 1 drivers
v00000238925f5110_0 .var/i "i", 31 0;
v00000238925f4850_0 .net "in_psum", 31 0, L_00000238929bbcf0;  alias, 1 drivers
v00000238925f4a30 .array "mem", 255 0, 31 0;
v00000238925f59d0_0 .var/s "next_val", 31 0;
v00000238925f4b70_0 .net/s "old_val", 31 0, L_00000238929ec9a0;  1 drivers
v00000238925f51b0_0 .net "out_acc", 31 0, L_00000238929be9f0;  alias, 1 drivers
v00000238925f5250_0 .net "rst_n", 0 0, L_00000238926d5550;  alias, 1 drivers
v00000238925f52f0_0 .net "wr_en", 0 0, L_00000238929efbf0;  alias, 1 drivers
E_00000238926ee290 .event anyedge, v000002389274c920_0, v00000238925f4b70_0, v00000238925f4850_0;
L_00000238929bbd90 .array/port v00000238925f4a30, L_00000238929be770;
L_00000238929be770 .concat [ 8 2 0 0], v00000238928d3f10_0, L_000002389294c850;
L_00000238929be9f0 .functor MUXZ 32, L_00000238929ec9a0, v00000238925f59d0_0, L_00000238929efbf0, C4<>;
S_00000238927dd230 .scope generate, "COL_BANK[5]" "COL_BANK[5]" 7 30, 7 30 0, S_00000238926da600;
 .timescale -9 -12;
P_00000238926ef0d0 .param/l "c" 0 7 30, +C4<0101>;
L_00000238929eca80 .functor BUFZ 32, L_00000238929bdcd0, C4<00000000000000000000000000000000>, C4<00000000000000000000000000000000>, C4<00000000000000000000000000000000>;
v00000238925f8590_0 .net *"_ivl_2", 31 0, L_00000238929eca80;  1 drivers
v00000238925f60b0_0 .net "col_in", 31 0, L_00000238929be090;  1 drivers
v00000238925f6a10_0 .net "col_out", 31 0, L_00000238929bdcd0;  1 drivers
S_00000238927de360 .scope module, "u_bank" "single_column_bank" 7 43, 8 11 0, S_00000238927dd230;
 .timescale -9 -12;
    .port_info 0 /INPUT 1 "clk";
    .port_info 1 /INPUT 1 "rst_n";
    .port_info 2 /INPUT 8 "addr";
    .port_info 3 /INPUT 1 "wr_en";
    .port_info 4 /INPUT 1 "acc_mode";
    .port_info 5 /INPUT 32 "in_psum";
    .port_info 6 /OUTPUT 32 "out_acc";
P_00000238923ef410 .param/l "BANK_ID" 0 8 12, +C4<00000000000000000000000000000101>;
P_00000238923ef448 .param/l "DEPTH_LOG2" 0 8 13, +C4<00000000000000000000000000001000>;
L_00000238929edab0 .functor BUFZ 32, L_00000238929bd370, C4<00000000000000000000000000000000>, C4<00000000000000000000000000000000>, C4<00000000000000000000000000000000>;
v00000238925f5750_0 .net *"_ivl_0", 31 0, L_00000238929bd370;  1 drivers
v00000238925f5f70_0 .net *"_ivl_2", 9 0, L_00000238929bebd0;  1 drivers
L_000002389294c898 .functor BUFT 1, C4<00>, C4<0>, C4<0>, C4<0>;
v00000238925f6010_0 .net *"_ivl_5", 1 0, L_000002389294c898;  1 drivers
v00000238925f38b0_0 .net "acc_mode", 0 0, L_00000238928ca0f0;  alias, 1 drivers
v00000238925f39f0_0 .net "addr", 7 0, v00000238928d3f10_0;  alias, 1 drivers
v00000238925f3b30_0 .net "clk", 0 0, v00000238928c9830_0;  alias, 1 drivers
v00000238925f3a90_0 .var/i "i", 31 0;
v00000238925f74b0_0 .net "in_psum", 31 0, L_00000238929be090;  alias, 1 drivers
v00000238925f6290 .array "mem", 255 0, 31 0;
v00000238925f7c30_0 .var/s "next_val", 31 0;
v00000238925f8130_0 .net/s "old_val", 31 0, L_00000238929edab0;  1 drivers
v00000238925f6fb0_0 .net "out_acc", 31 0, L_00000238929bdcd0;  alias, 1 drivers
v00000238925f7e10_0 .net "rst_n", 0 0, L_00000238926d5550;  alias, 1 drivers
v00000238925f7370_0 .net "wr_en", 0 0, L_00000238929efbf0;  alias, 1 drivers
E_00000238926eead0 .event anyedge, v000002389274c920_0, v00000238925f8130_0, v00000238925f74b0_0;
L_00000238929bd370 .array/port v00000238925f6290, L_00000238929bebd0;
L_00000238929bebd0 .concat [ 8 2 0 0], v00000238928d3f10_0, L_000002389294c898;
L_00000238929bdcd0 .functor MUXZ 32, L_00000238929edab0, v00000238925f7c30_0, L_00000238929efbf0, C4<>;
S_00000238927de4f0 .scope generate, "COL_BANK[6]" "COL_BANK[6]" 7 30, 7 30 0, S_00000238926da600;
 .timescale -9 -12;
P_00000238926ee3d0 .param/l "c" 0 7 30, +C4<0110>;
L_00000238929ed6c0 .functor BUFZ 32, L_00000238929be630, C4<00000000000000000000000000000000>, C4<00000000000000000000000000000000>, C4<00000000000000000000000000000000>;
v00000238925f8310_0 .net *"_ivl_2", 31 0, L_00000238929ed6c0;  1 drivers
v00000238925f8e50_0 .net "col_in", 31 0, L_00000238929bec70;  1 drivers
v00000238925f8a90_0 .net "col_out", 31 0, L_00000238929be630;  1 drivers
S_00000238927dd0a0 .scope module, "u_bank" "single_column_bank" 7 43, 8 11 0, S_00000238927de4f0;
 .timescale -9 -12;
    .port_info 0 /INPUT 1 "clk";
    .port_info 1 /INPUT 1 "rst_n";
    .port_info 2 /INPUT 8 "addr";
    .port_info 3 /INPUT 1 "wr_en";
    .port_info 4 /INPUT 1 "acc_mode";
    .port_info 5 /INPUT 32 "in_psum";
    .port_info 6 /OUTPUT 32 "out_acc";
P_00000238923ef890 .param/l "BANK_ID" 0 8 12, +C4<00000000000000000000000000000110>;
P_00000238923ef8c8 .param/l "DEPTH_LOG2" 0 8 13, +C4<00000000000000000000000000001000>;
L_00000238929ec3f0 .functor BUFZ 32, L_00000238929bf490, C4<00000000000000000000000000000000>, C4<00000000000000000000000000000000>, C4<00000000000000000000000000000000>;
v00000238925f7410_0 .net *"_ivl_0", 31 0, L_00000238929bf490;  1 drivers
v00000238925f6150_0 .net *"_ivl_2", 9 0, L_00000238929bd730;  1 drivers
L_000002389294c8e0 .functor BUFT 1, C4<00>, C4<0>, C4<0>, C4<0>;
v00000238925f6b50_0 .net *"_ivl_5", 1 0, L_000002389294c8e0;  1 drivers
v00000238925f6470_0 .net "acc_mode", 0 0, L_00000238928ca0f0;  alias, 1 drivers
v00000238925f66f0_0 .net "addr", 7 0, v00000238928d3f10_0;  alias, 1 drivers
v00000238925f8630_0 .net "clk", 0 0, v00000238928c9830_0;  alias, 1 drivers
v00000238925f65b0_0 .var/i "i", 31 0;
v00000238925f7050_0 .net "in_psum", 31 0, L_00000238929bec70;  alias, 1 drivers
v00000238925f6c90 .array "mem", 255 0, 31 0;
v00000238925f7690_0 .var/s "next_val", 31 0;
v00000238925f6e70_0 .net/s "old_val", 31 0, L_00000238929ec3f0;  1 drivers
v00000238925f70f0_0 .net "out_acc", 31 0, L_00000238929be630;  alias, 1 drivers
v00000238925f7ff0_0 .net "rst_n", 0 0, L_00000238926d5550;  alias, 1 drivers
v00000238925f7730_0 .net "wr_en", 0 0, L_00000238929efbf0;  alias, 1 drivers
E_00000238926ef010 .event anyedge, v000002389274c920_0, v00000238925f6e70_0, v00000238925f7050_0;
L_00000238929bf490 .array/port v00000238925f6c90, L_00000238929bd730;
L_00000238929bd730 .concat [ 8 2 0 0], v00000238928d3f10_0, L_000002389294c8e0;
L_00000238929be630 .functor MUXZ 32, L_00000238929ec3f0, v00000238925f7690_0, L_00000238929efbf0, C4<>;
S_00000238927dd870 .scope generate, "COL_BANK[7]" "COL_BANK[7]" 7 30, 7 30 0, S_00000238926da600;
 .timescale -9 -12;
P_00000238926ee810 .param/l "c" 0 7 30, +C4<0111>;
L_00000238929ecfc0 .functor BUFZ 32, L_00000238929bf710, C4<00000000000000000000000000000000>, C4<00000000000000000000000000000000>, C4<00000000000000000000000000000000>;
v00000238926881b0_0 .net *"_ivl_2", 31 0, L_00000238929ecfc0;  1 drivers
v00000238926870d0_0 .net "col_in", 31 0, L_00000238929bf3f0;  1 drivers
v00000238926882f0_0 .net "col_out", 31 0, L_00000238929bf710;  1 drivers
S_00000238927de680 .scope module, "u_bank" "single_column_bank" 7 43, 8 11 0, S_00000238927dd870;
 .timescale -9 -12;
    .port_info 0 /INPUT 1 "clk";
    .port_info 1 /INPUT 1 "rst_n";
    .port_info 2 /INPUT 8 "addr";
    .port_info 3 /INPUT 1 "wr_en";
    .port_info 4 /INPUT 1 "acc_mode";
    .port_info 5 /INPUT 32 "in_psum";
    .port_info 6 /OUTPUT 32 "out_acc";
P_00000238923ef990 .param/l "BANK_ID" 0 8 12, +C4<00000000000000000000000000000111>;
P_00000238923ef9c8 .param/l "DEPTH_LOG2" 0 8 13, +C4<00000000000000000000000000001000>;
L_00000238929ec150 .functor BUFZ 32, L_00000238929be3b0, C4<00000000000000000000000000000000>, C4<00000000000000000000000000000000>, C4<00000000000000000000000000000000>;
v00000238925f8ef0_0 .net *"_ivl_0", 31 0, L_00000238929be3b0;  1 drivers
v00000238925f88b0_0 .net *"_ivl_2", 9 0, L_00000238929bf530;  1 drivers
L_000002389294c928 .functor BUFT 1, C4<00>, C4<0>, C4<0>, C4<0>;
v00000238925f8b30_0 .net *"_ivl_5", 1 0, L_000002389294c928;  1 drivers
v0000023892688750_0 .net "acc_mode", 0 0, L_00000238928ca0f0;  alias, 1 drivers
v0000023892687530_0 .net "addr", 7 0, v00000238928d3f10_0;  alias, 1 drivers
v00000238926877b0_0 .net "clk", 0 0, v00000238928c9830_0;  alias, 1 drivers
v0000023892687fd0_0 .var/i "i", 31 0;
v0000023892686a90_0 .net "in_psum", 31 0, L_00000238929bf3f0;  alias, 1 drivers
v0000023892688250 .array "mem", 255 0, 31 0;
v0000023892686ef0_0 .var/s "next_val", 31 0;
v0000023892686090_0 .net/s "old_val", 31 0, L_00000238929ec150;  1 drivers
v0000023892686450_0 .net "out_acc", 31 0, L_00000238929bf710;  alias, 1 drivers
v0000023892687ad0_0 .net "rst_n", 0 0, L_00000238926d5550;  alias, 1 drivers
v00000238926875d0_0 .net "wr_en", 0 0, L_00000238929efbf0;  alias, 1 drivers
E_00000238926ee550 .event anyedge, v000002389274c920_0, v0000023892686090_0, v0000023892686a90_0;
L_00000238929be3b0 .array/port v0000023892688250, L_00000238929bf530;
L_00000238929bf530 .concat [ 8 2 0 0], v00000238928d3f10_0, L_000002389294c928;
L_00000238929bf710 .functor MUXZ 32, L_00000238929ec150, v0000023892686ef0_0, L_00000238929efbf0, C4<>;
S_00000238927ddb90 .scope generate, "COL_BANK[8]" "COL_BANK[8]" 7 30, 7 30 0, S_00000238926da600;
 .timescale -9 -12;
P_00000238926eed50 .param/l "c" 0 7 30, +C4<01000>;
L_00000238929ed030 .functor BUFZ 32, L_00000238929bdff0, C4<00000000000000000000000000000000>, C4<00000000000000000000000000000000>, C4<00000000000000000000000000000000>;
v0000023892682a30_0 .net *"_ivl_2", 31 0, L_00000238929ed030;  1 drivers
v0000023892681630_0 .net "col_in", 31 0, L_00000238929bf5d0;  1 drivers
v0000023892682350_0 .net "col_out", 31 0, L_00000238929bdff0;  1 drivers
S_00000238927dd3c0 .scope module, "u_bank" "single_column_bank" 7 43, 8 11 0, S_00000238927ddb90;
 .timescale -9 -12;
    .port_info 0 /INPUT 1 "clk";
    .port_info 1 /INPUT 1 "rst_n";
    .port_info 2 /INPUT 8 "addr";
    .port_info 3 /INPUT 1 "wr_en";
    .port_info 4 /INPUT 1 "acc_mode";
    .port_info 5 /INPUT 32 "in_psum";
    .port_info 6 /OUTPUT 32 "out_acc";
P_00000238923efb10 .param/l "BANK_ID" 0 8 12, +C4<00000000000000000000000000001000>;
P_00000238923efb48 .param/l "DEPTH_LOG2" 0 8 13, +C4<00000000000000000000000000001000>;
L_00000238929ec230 .functor BUFZ 32, L_00000238929be450, C4<00000000000000000000000000000000>, C4<00000000000000000000000000000000>, C4<00000000000000000000000000000000>;
v0000023892686590_0 .net *"_ivl_0", 31 0, L_00000238929be450;  1 drivers
v0000023892687990_0 .net *"_ivl_2", 9 0, L_00000238929bf670;  1 drivers
L_000002389294c970 .functor BUFT 1, C4<00>, C4<0>, C4<0>, C4<0>;
v0000023892687b70_0 .net *"_ivl_5", 1 0, L_000002389294c970;  1 drivers
v0000023892688ed0_0 .net "acc_mode", 0 0, L_00000238928ca0f0;  alias, 1 drivers
v00000238926889d0_0 .net "addr", 7 0, v00000238928d3f10_0;  alias, 1 drivers
v0000023892688bb0_0 .net "clk", 0 0, v00000238928c9830_0;  alias, 1 drivers
v0000023892688930_0 .var/i "i", 31 0;
v0000023892682490_0 .net "in_psum", 31 0, L_00000238929bf5d0;  alias, 1 drivers
v00000238926832f0 .array "mem", 255 0, 31 0;
v0000023892681130_0 .var/s "next_val", 31 0;
v00000238926834d0_0 .net/s "old_val", 31 0, L_00000238929ec230;  1 drivers
v0000023892682c10_0 .net "out_acc", 31 0, L_00000238929bdff0;  alias, 1 drivers
v0000023892681770_0 .net "rst_n", 0 0, L_00000238926d5550;  alias, 1 drivers
v00000238926836b0_0 .net "wr_en", 0 0, L_00000238929efbf0;  alias, 1 drivers
E_00000238926eef10 .event anyedge, v000002389274c920_0, v00000238926834d0_0, v0000023892682490_0;
L_00000238929be450 .array/port v00000238926832f0, L_00000238929bf670;
L_00000238929bf670 .concat [ 8 2 0 0], v00000238928d3f10_0, L_000002389294c970;
L_00000238929bdff0 .functor MUXZ 32, L_00000238929ec230, v0000023892681130_0, L_00000238929efbf0, C4<>;
S_00000238927de9a0 .scope generate, "COL_BANK[9]" "COL_BANK[9]" 7 30, 7 30 0, S_00000238926da600;
 .timescale -9 -12;
P_00000238926eeb90 .param/l "c" 0 7 30, +C4<01001>;
L_00000238929ed0a0 .functor BUFZ 32, L_00000238929be950, C4<00000000000000000000000000000000>, C4<00000000000000000000000000000000>, C4<00000000000000000000000000000000>;
v00000238926845b0_0 .net *"_ivl_2", 31 0, L_00000238929ed0a0;  1 drivers
v0000023892683930_0 .net "col_in", 31 0, L_00000238929be130;  1 drivers
v0000023892684790_0 .net "col_out", 31 0, L_00000238929be950;  1 drivers
S_00000238927de810 .scope module, "u_bank" "single_column_bank" 7 43, 8 11 0, S_00000238927de9a0;
 .timescale -9 -12;
    .port_info 0 /INPUT 1 "clk";
    .port_info 1 /INPUT 1 "rst_n";
    .port_info 2 /INPUT 8 "addr";
    .port_info 3 /INPUT 1 "wr_en";
    .port_info 4 /INPUT 1 "acc_mode";
    .port_info 5 /INPUT 32 "in_psum";
    .port_info 6 /OUTPUT 32 "out_acc";
P_00000238923eed10 .param/l "BANK_ID" 0 8 12, +C4<00000000000000000000000000001001>;
P_00000238923eed48 .param/l "DEPTH_LOG2" 0 8 13, +C4<00000000000000000000000000001000>;
L_00000238929eca10 .functor BUFZ 32, L_00000238929be4f0, C4<00000000000000000000000000000000>, C4<00000000000000000000000000000000>, C4<00000000000000000000000000000000>;
v0000023892681810_0 .net *"_ivl_0", 31 0, L_00000238929be4f0;  1 drivers
v0000023892681310_0 .net *"_ivl_2", 9 0, L_00000238929bf2b0;  1 drivers
L_000002389294c9b8 .functor BUFT 1, C4<00>, C4<0>, C4<0>, C4<0>;
v00000238926811d0_0 .net *"_ivl_5", 1 0, L_000002389294c9b8;  1 drivers
v00000238926813b0_0 .net "acc_mode", 0 0, L_00000238928ca0f0;  alias, 1 drivers
v00000238926818b0_0 .net "addr", 7 0, v00000238928d3f10_0;  alias, 1 drivers
v0000023892682cb0_0 .net "clk", 0 0, v00000238928c9830_0;  alias, 1 drivers
v0000023892682df0_0 .var/i "i", 31 0;
v0000023892682f30_0 .net "in_psum", 31 0, L_00000238929be130;  alias, 1 drivers
v0000023892682fd0 .array "mem", 255 0, 31 0;
v0000023892681bd0_0 .var/s "next_val", 31 0;
v0000023892681db0_0 .net/s "old_val", 31 0, L_00000238929eca10;  1 drivers
v0000023892681ef0_0 .net "out_acc", 31 0, L_00000238929be950;  alias, 1 drivers
v0000023892682030_0 .net "rst_n", 0 0, L_00000238926d5550;  alias, 1 drivers
v0000023892684330_0 .net "wr_en", 0 0, L_00000238929efbf0;  alias, 1 drivers
E_00000238926ef090 .event anyedge, v000002389274c920_0, v0000023892681db0_0, v0000023892682f30_0;
L_00000238929be4f0 .array/port v0000023892682fd0, L_00000238929bf2b0;
L_00000238929bf2b0 .concat [ 8 2 0 0], v00000238928d3f10_0, L_000002389294c9b8;
L_00000238929be950 .functor MUXZ 32, L_00000238929eca10, v0000023892681bd0_0, L_00000238929efbf0, C4<>;
S_00000238927dda00 .scope generate, "COL_BANK[10]" "COL_BANK[10]" 7 30, 7 30 0, S_00000238926da600;
 .timescale -9 -12;
P_00000238926eed90 .param/l "c" 0 7 30, +C4<01010>;
L_00000238929ed180 .functor BUFZ 32, L_00000238929bed10, C4<00000000000000000000000000000000>, C4<00000000000000000000000000000000>, C4<00000000000000000000000000000000>;
v0000023892685190_0 .net *"_ivl_2", 31 0, L_00000238929ed180;  1 drivers
v00000238926d2500_0 .net "col_in", 31 0, L_00000238929bf7b0;  1 drivers
v00000238926d2000_0 .net "col_out", 31 0, L_00000238929bed10;  1 drivers
S_00000238927deb30 .scope module, "u_bank" "single_column_bank" 7 43, 8 11 0, S_00000238927dda00;
 .timescale -9 -12;
    .port_info 0 /INPUT 1 "clk";
    .port_info 1 /INPUT 1 "rst_n";
    .port_info 2 /INPUT 8 "addr";
    .port_info 3 /INPUT 1 "wr_en";
    .port_info 4 /INPUT 1 "acc_mode";
    .port_info 5 /INPUT 32 "in_psum";
    .port_info 6 /OUTPUT 32 "out_acc";
P_00000238923efe10 .param/l "BANK_ID" 0 8 12, +C4<00000000000000000000000000001010>;
P_00000238923efe48 .param/l "DEPTH_LOG2" 0 8 13, +C4<00000000000000000000000000001000>;
L_00000238929ec620 .functor BUFZ 32, L_00000238929bd4b0, C4<00000000000000000000000000000000>, C4<00000000000000000000000000000000>, C4<00000000000000000000000000000000>;
v00000238926848d0_0 .net *"_ivl_0", 31 0, L_00000238929bd4b0;  1 drivers
v0000023892684ab0_0 .net *"_ivl_2", 9 0, L_00000238929bd690;  1 drivers
L_000002389294ca00 .functor BUFT 1, C4<00>, C4<0>, C4<0>, C4<0>;
v0000023892685cd0_0 .net *"_ivl_5", 1 0, L_000002389294ca00;  1 drivers
v0000023892684970_0 .net "acc_mode", 0 0, L_00000238928ca0f0;  alias, 1 drivers
v00000238926859b0_0 .net "addr", 7 0, v00000238928d3f10_0;  alias, 1 drivers
v0000023892684b50_0 .net "clk", 0 0, v00000238928c9830_0;  alias, 1 drivers
v0000023892683f70_0 .var/i "i", 31 0;
v0000023892684c90_0 .net "in_psum", 31 0, L_00000238929bf7b0;  alias, 1 drivers
v0000023892685d70 .array "mem", 255 0, 31 0;
v0000023892683d90_0 .var/s "next_val", 31 0;
v0000023892684010_0 .net/s "old_val", 31 0, L_00000238929ec620;  1 drivers
v0000023892685f50_0 .net "out_acc", 31 0, L_00000238929bed10;  alias, 1 drivers
v0000023892684f10_0 .net "rst_n", 0 0, L_00000238926d5550;  alias, 1 drivers
v0000023892684fb0_0 .net "wr_en", 0 0, L_00000238929efbf0;  alias, 1 drivers
E_00000238926eeed0 .event anyedge, v000002389274c920_0, v0000023892684010_0, v0000023892684c90_0;
L_00000238929bd4b0 .array/port v0000023892685d70, L_00000238929bd690;
L_00000238929bd690 .concat [ 8 2 0 0], v00000238928d3f10_0, L_000002389294ca00;
L_00000238929bed10 .functor MUXZ 32, L_00000238929ec620, v0000023892683d90_0, L_00000238929efbf0, C4<>;
S_00000238927dd550 .scope generate, "COL_BANK[11]" "COL_BANK[11]" 7 30, 7 30 0, S_00000238926da600;
 .timescale -9 -12;
P_00000238926ee690 .param/l "c" 0 7 30, +C4<01011>;
L_00000238929ecaf0 .functor BUFZ 32, L_00000238929be270, C4<00000000000000000000000000000000>, C4<00000000000000000000000000000000>, C4<00000000000000000000000000000000>;
v00000238926cd780_0 .net *"_ivl_2", 31 0, L_00000238929ecaf0;  1 drivers
v00000238926ce680_0 .net "col_in", 31 0, L_00000238929bd230;  1 drivers
v00000238926cea40_0 .net "col_out", 31 0, L_00000238929be270;  1 drivers
S_00000238927de040 .scope module, "u_bank" "single_column_bank" 7 43, 8 11 0, S_00000238927dd550;
 .timescale -9 -12;
    .port_info 0 /INPUT 1 "clk";
    .port_info 1 /INPUT 1 "rst_n";
    .port_info 2 /INPUT 8 "addr";
    .port_info 3 /INPUT 1 "wr_en";
    .port_info 4 /INPUT 1 "acc_mode";
    .port_info 5 /INPUT 32 "in_psum";
    .port_info 6 /OUTPUT 32 "out_acc";
P_00000238923f0010 .param/l "BANK_ID" 0 8 12, +C4<00000000000000000000000000001011>;
P_00000238923f0048 .param/l "DEPTH_LOG2" 0 8 13, +C4<00000000000000000000000000001000>;
L_00000238929ed110 .functor BUFZ 32, L_00000238929bea90, C4<00000000000000000000000000000000>, C4<00000000000000000000000000000000>, C4<00000000000000000000000000000000>;
v00000238926d20a0_0 .net *"_ivl_0", 31 0, L_00000238929bea90;  1 drivers
v00000238926cbac0_0 .net *"_ivl_2", 9 0, L_00000238929be1d0;  1 drivers
L_000002389294ca48 .functor BUFT 1, C4<00>, C4<0>, C4<0>, C4<0>;
v00000238926cc600_0 .net *"_ivl_5", 1 0, L_000002389294ca48;  1 drivers
v00000238926cbb60_0 .net "acc_mode", 0 0, L_00000238928ca0f0;  alias, 1 drivers
v00000238926ccd80_0 .net "addr", 7 0, v00000238928d3f10_0;  alias, 1 drivers
v00000238926ca6c0_0 .net "clk", 0 0, v00000238928c9830_0;  alias, 1 drivers
v00000238926cc740_0 .var/i "i", 31 0;
v00000238926ca800_0 .net "in_psum", 31 0, L_00000238929bd230;  alias, 1 drivers
v00000238926ca940 .array "mem", 255 0, 31 0;
v00000238926cabc0_0 .var/s "next_val", 31 0;
v00000238926cada0_0 .net/s "old_val", 31 0, L_00000238929ed110;  1 drivers
v00000238926cb3e0_0 .net "out_acc", 31 0, L_00000238929be270;  alias, 1 drivers
v00000238926cb480_0 .net "rst_n", 0 0, L_00000238926d5550;  alias, 1 drivers
v00000238926cd460_0 .net "wr_en", 0 0, L_00000238929efbf0;  alias, 1 drivers
E_00000238926ee310 .event anyedge, v000002389274c920_0, v00000238926cada0_0, v00000238926ca800_0;
L_00000238929bea90 .array/port v00000238926ca940, L_00000238929be1d0;
L_00000238929be1d0 .concat [ 8 2 0 0], v00000238928d3f10_0, L_000002389294ca48;
L_00000238929be270 .functor MUXZ 32, L_00000238929ed110, v00000238926cabc0_0, L_00000238929efbf0, C4<>;
S_00000238927decc0 .scope generate, "COL_BANK[12]" "COL_BANK[12]" 7 30, 7 30 0, S_00000238926da600;
 .timescale -9 -12;
P_00000238926ee9d0 .param/l "c" 0 7 30, +C4<01100>;
L_00000238929ecb60 .functor BUFZ 32, L_00000238929be810, C4<00000000000000000000000000000000>, C4<00000000000000000000000000000000>, C4<00000000000000000000000000000000>;
v00000238926d1ce0_0 .net *"_ivl_2", 31 0, L_00000238929ecb60;  1 drivers
v00000238926d02a0_0 .net "col_in", 31 0, L_00000238929be310;  1 drivers
v00000238926d0ac0_0 .net "col_out", 31 0, L_00000238929be810;  1 drivers
S_00000238927dee50 .scope module, "u_bank" "single_column_bank" 7 43, 8 11 0, S_00000238927decc0;
 .timescale -9 -12;
    .port_info 0 /INPUT 1 "clk";
    .port_info 1 /INPUT 1 "rst_n";
    .port_info 2 /INPUT 8 "addr";
    .port_info 3 /INPUT 1 "wr_en";
    .port_info 4 /INPUT 1 "acc_mode";
    .port_info 5 /INPUT 32 "in_psum";
    .port_info 6 /OUTPUT 32 "out_acc";
P_00000238926dceb0 .param/l "BANK_ID" 0 8 12, +C4<00000000000000000000000000001100>;
P_00000238926dcee8 .param/l "DEPTH_LOG2" 0 8 13, +C4<00000000000000000000000000001000>;
L_00000238929ec0e0 .functor BUFZ 32, L_00000238929bd410, C4<00000000000000000000000000000000>, C4<00000000000000000000000000000000>, C4<00000000000000000000000000000000>;
v00000238926ce900_0 .net *"_ivl_0", 31 0, L_00000238929bd410;  1 drivers
v00000238926ced60_0 .net *"_ivl_2", 9 0, L_00000238929bd2d0;  1 drivers
L_000002389294ca90 .functor BUFT 1, C4<00>, C4<0>, C4<0>, C4<0>;
v00000238926cda00_0 .net *"_ivl_5", 1 0, L_000002389294ca90;  1 drivers
v00000238926cf1c0_0 .net "acc_mode", 0 0, L_00000238928ca0f0;  alias, 1 drivers
v00000238926cdb40_0 .net "addr", 7 0, v00000238928d3f10_0;  alias, 1 drivers
v00000238926cf300_0 .net "clk", 0 0, v00000238928c9830_0;  alias, 1 drivers
v00000238926cdbe0_0 .var/i "i", 31 0;
v00000238926cd000_0 .net "in_psum", 31 0, L_00000238929be310;  alias, 1 drivers
v00000238926cd140 .array "mem", 255 0, 31 0;
v00000238926cdc80_0 .var/s "next_val", 31 0;
v00000238926cde60_0 .net/s "old_val", 31 0, L_00000238929ec0e0;  1 drivers
v00000238926d1380_0 .net "out_acc", 31 0, L_00000238929be810;  alias, 1 drivers
v00000238926d0480_0 .net "rst_n", 0 0, L_00000238926d5550;  alias, 1 drivers
v00000238926d05c0_0 .net "wr_en", 0 0, L_00000238929efbf0;  alias, 1 drivers
E_00000238926ef110 .event anyedge, v000002389274c920_0, v00000238926cde60_0, v00000238926cd000_0;
L_00000238929bd410 .array/port v00000238926cd140, L_00000238929bd2d0;
L_00000238929bd2d0 .concat [ 8 2 0 0], v00000238928d3f10_0, L_000002389294ca90;
L_00000238929be810 .functor MUXZ 32, L_00000238929ec0e0, v00000238926cdc80_0, L_00000238929efbf0, C4<>;
S_00000238927dd6e0 .scope generate, "COL_BANK[13]" "COL_BANK[13]" 7 30, 7 30 0, S_00000238926da600;
 .timescale -9 -12;
P_00000238926ef050 .param/l "c" 0 7 30, +C4<01101>;
L_00000238929ecbd0 .functor BUFZ 32, L_00000238929bf850, C4<00000000000000000000000000000000>, C4<00000000000000000000000000000000>, C4<00000000000000000000000000000000>;
v000002389253ad30_0 .net *"_ivl_2", 31 0, L_00000238929ecbd0;  1 drivers
v000002389253a830_0 .net "col_in", 31 0, L_00000238929bd870;  1 drivers
v0000023892539b10_0 .net "col_out", 31 0, L_00000238929bf850;  1 drivers
S_00000238927ddd20 .scope module, "u_bank" "single_column_bank" 7 43, 8 11 0, S_00000238927dd6e0;
 .timescale -9 -12;
    .port_info 0 /INPUT 1 "clk";
    .port_info 1 /INPUT 1 "rst_n";
    .port_info 2 /INPUT 8 "addr";
    .port_info 3 /INPUT 1 "wr_en";
    .port_info 4 /INPUT 1 "acc_mode";
    .port_info 5 /INPUT 32 "in_psum";
    .port_info 6 /OUTPUT 32 "out_acc";
P_00000238926dbfb0 .param/l "BANK_ID" 0 8 12, +C4<00000000000000000000000000001101>;
P_00000238926dbfe8 .param/l "DEPTH_LOG2" 0 8 13, +C4<00000000000000000000000000001000>;
L_00000238929ecd90 .functor BUFZ 32, L_00000238929be590, C4<00000000000000000000000000000000>, C4<00000000000000000000000000000000>, C4<00000000000000000000000000000000>;
v00000238926d0700_0 .net *"_ivl_0", 31 0, L_00000238929be590;  1 drivers
v00000238926d1d80_0 .net *"_ivl_2", 9 0, L_00000238929be6d0;  1 drivers
L_000002389294cad8 .functor BUFT 1, C4<00>, C4<0>, C4<0>, C4<0>;
v00000238926d08e0_0 .net *"_ivl_5", 1 0, L_000002389294cad8;  1 drivers
v00000238926d0f20_0 .net "acc_mode", 0 0, L_00000238928ca0f0;  alias, 1 drivers
v00000238926cf800_0 .net "addr", 7 0, v00000238928d3f10_0;  alias, 1 drivers
v00000238926cfb20_0 .net "clk", 0 0, v00000238928c9830_0;  alias, 1 drivers
v0000023892539890_0 .var/i "i", 31 0;
v000002389253a1f0_0 .net "in_psum", 31 0, L_00000238929bd870;  alias, 1 drivers
v0000023892539ed0 .array "mem", 255 0, 31 0;
v000002389253abf0_0 .var/s "next_val", 31 0;
v00000238925399d0_0 .net/s "old_val", 31 0, L_00000238929ecd90;  1 drivers
v0000023892539bb0_0 .net "out_acc", 31 0, L_00000238929bf850;  alias, 1 drivers
v000002389253a3d0_0 .net "rst_n", 0 0, L_00000238926d5550;  alias, 1 drivers
v000002389253a5b0_0 .net "wr_en", 0 0, L_00000238929efbf0;  alias, 1 drivers
E_00000238926eef50 .event anyedge, v000002389274c920_0, v00000238925399d0_0, v000002389253a1f0_0;
L_00000238929be590 .array/port v0000023892539ed0, L_00000238929be6d0;
L_00000238929be6d0 .concat [ 8 2 0 0], v00000238928d3f10_0, L_000002389294cad8;
L_00000238929bf850 .functor MUXZ 32, L_00000238929ecd90, v000002389253abf0_0, L_00000238929efbf0, C4<>;
S_00000238927df240 .scope generate, "COL_BANK[14]" "COL_BANK[14]" 7 30, 7 30 0, S_00000238926da600;
 .timescale -9 -12;
P_00000238926ee250 .param/l "c" 0 7 30, +C4<01110>;
L_00000238929ec1c0 .functor BUFZ 32, L_00000238929bf0d0, C4<00000000000000000000000000000000>, C4<00000000000000000000000000000000>, C4<00000000000000000000000000000000>;
v0000023892537450_0 .net *"_ivl_2", 31 0, L_00000238929ec1c0;  1 drivers
v00000238925376d0_0 .net "col_in", 31 0, L_00000238929be8b0;  1 drivers
v0000023892537270_0 .net "col_out", 31 0, L_00000238929bf0d0;  1 drivers
S_00000238927e0500 .scope module, "u_bank" "single_column_bank" 7 43, 8 11 0, S_00000238927df240;
 .timescale -9 -12;
    .port_info 0 /INPUT 1 "clk";
    .port_info 1 /INPUT 1 "rst_n";
    .port_info 2 /INPUT 8 "addr";
    .port_info 3 /INPUT 1 "wr_en";
    .port_info 4 /INPUT 1 "acc_mode";
    .port_info 5 /INPUT 32 "in_psum";
    .port_info 6 /OUTPUT 32 "out_acc";
P_00000238926db5b0 .param/l "BANK_ID" 0 8 12, +C4<00000000000000000000000000001110>;
P_00000238926db5e8 .param/l "DEPTH_LOG2" 0 8 13, +C4<00000000000000000000000000001000>;
L_00000238929ed260 .functor BUFZ 32, L_00000238929bd7d0, C4<00000000000000000000000000000000>, C4<00000000000000000000000000000000>, C4<00000000000000000000000000000000>;
v0000023892539f70_0 .net *"_ivl_0", 31 0, L_00000238929bd7d0;  1 drivers
v000002389253a290_0 .net *"_ivl_2", 9 0, L_00000238929bd5f0;  1 drivers
L_000002389294cb20 .functor BUFT 1, C4<00>, C4<0>, C4<0>, C4<0>;
v000002389253a010_0 .net *"_ivl_5", 1 0, L_000002389294cb20;  1 drivers
v0000023892538c10_0 .net "acc_mode", 0 0, L_00000238928ca0f0;  alias, 1 drivers
v0000023892538990_0 .net "addr", 7 0, v00000238928d3f10_0;  alias, 1 drivers
v0000023892537d10_0 .net "clk", 0 0, v00000238928c9830_0;  alias, 1 drivers
v0000023892538cb0_0 .var/i "i", 31 0;
v0000023892538d50_0 .net "in_psum", 31 0, L_00000238929be8b0;  alias, 1 drivers
v0000023892537b30 .array "mem", 255 0, 31 0;
v0000023892538710_0 .var/s "next_val", 31 0;
v0000023892537db0_0 .net/s "old_val", 31 0, L_00000238929ed260;  1 drivers
v0000023892538850_0 .net "out_acc", 31 0, L_00000238929bf0d0;  alias, 1 drivers
v0000023892538df0_0 .net "rst_n", 0 0, L_00000238926d5550;  alias, 1 drivers
v0000023892539430_0 .net "wr_en", 0 0, L_00000238929efbf0;  alias, 1 drivers
E_00000238926ee910 .event anyedge, v000002389274c920_0, v0000023892537db0_0, v0000023892538d50_0;
L_00000238929bd7d0 .array/port v0000023892537b30, L_00000238929bd5f0;
L_00000238929bd5f0 .concat [ 8 2 0 0], v00000238928d3f10_0, L_000002389294cb20;
L_00000238929bf0d0 .functor MUXZ 32, L_00000238929ed260, v0000023892538710_0, L_00000238929efbf0, C4<>;
S_00000238927e0cd0 .scope generate, "COL_BANK[15]" "COL_BANK[15]" 7 30, 7 30 0, S_00000238926da600;
 .timescale -9 -12;
P_00000238926eea50 .param/l "c" 0 7 30, +C4<01111>;
L_00000238929ed730 .functor BUFZ 32, L_00000238929bd910, C4<00000000000000000000000000000000>, C4<00000000000000000000000000000000>, C4<00000000000000000000000000000000>;
v000002389255cd20_0 .net *"_ivl_2", 31 0, L_00000238929ed730;  1 drivers
v000002389255c3c0_0 .net "col_in", 31 0, L_00000238929bde10;  1 drivers
v000002389255cdc0_0 .net "col_out", 31 0, L_00000238929bd910;  1 drivers
S_00000238927df560 .scope module, "u_bank" "single_column_bank" 7 43, 8 11 0, S_00000238927e0cd0;
 .timescale -9 -12;
    .port_info 0 /INPUT 1 "clk";
    .port_info 1 /INPUT 1 "rst_n";
    .port_info 2 /INPUT 8 "addr";
    .port_info 3 /INPUT 1 "wr_en";
    .port_info 4 /INPUT 1 "acc_mode";
    .port_info 5 /INPUT 32 "in_psum";
    .port_info 6 /OUTPUT 32 "out_acc";
P_00000238926dbe30 .param/l "BANK_ID" 0 8 12, +C4<00000000000000000000000000001111>;
P_00000238926dbe68 .param/l "DEPTH_LOG2" 0 8 13, +C4<00000000000000000000000000001000>;
L_00000238929edb20 .functor BUFZ 32, L_00000238929beb30, C4<00000000000000000000000000000000>, C4<00000000000000000000000000000000>, C4<00000000000000000000000000000000>;
v00000238925380d0_0 .net *"_ivl_0", 31 0, L_00000238929beb30;  1 drivers
v00000238925396b0_0 .net *"_ivl_2", 9 0, L_00000238929bedb0;  1 drivers
L_000002389294cb68 .functor BUFT 1, C4<00>, C4<0>, C4<0>, C4<0>;
v0000023892538170_0 .net *"_ivl_5", 1 0, L_000002389294cb68;  1 drivers
v0000023892538350_0 .net "acc_mode", 0 0, L_00000238928ca0f0;  alias, 1 drivers
v0000023892537770_0 .net "addr", 7 0, v00000238928d3f10_0;  alias, 1 drivers
v0000023892539750_0 .net "clk", 0 0, v00000238928c9830_0;  alias, 1 drivers
v0000023892538530_0 .var/i "i", 31 0;
v00000238925391b0_0 .net "in_psum", 31 0, L_00000238929bde10;  alias, 1 drivers
v0000023892539390 .array "mem", 255 0, 31 0;
v0000023892537130_0 .var/s "next_val", 31 0;
v00000238925374f0_0 .net/s "old_val", 31 0, L_00000238929edb20;  1 drivers
v0000023892537810_0 .net "out_acc", 31 0, L_00000238929bd910;  alias, 1 drivers
v000002389255ce60_0 .net "rst_n", 0 0, L_00000238926d5550;  alias, 1 drivers
v000002389255cc80_0 .net "wr_en", 0 0, L_00000238929efbf0;  alias, 1 drivers
E_00000238926eeb50 .event anyedge, v000002389274c920_0, v00000238925374f0_0, v00000238925391b0_0;
L_00000238929beb30 .array/port v0000023892539390, L_00000238929bedb0;
L_00000238929bedb0 .concat [ 8 2 0 0], v00000238928d3f10_0, L_000002389294cb68;
L_00000238929bd910 .functor MUXZ 32, L_00000238929edb20, v0000023892537130_0, L_00000238929efbf0, C4<>;
S_00000238927e0370 .scope module, "u_array" "systolic_array" 6 160, 9 14 0, S_00000238927c8510;
 .timescale -9 -12;
    .port_info 0 /INPUT 1 "clk";
    .port_info 1 /INPUT 1 "rst_n";
    .port_info 2 /INPUT 1 "en_compute";
    .port_info 3 /INPUT 12 "row_load_en";
    .port_info 4 /INPUT 96 "in_act_vec";
    .port_info 5 /INPUT 128 "in_weight_vec";
    .port_info 6 /OUTPUT 512 "out_psum_vec";
v00000238928d0590 .array "act_wires", 191 0;
v00000238928d0590_0 .net v00000238928d0590 0, 7 0, v000002389255ad40_0; 1 drivers
v00000238928d0590_1 .net v00000238928d0590 1, 7 0, v00000238925594e0_0; 1 drivers
v00000238928d0590_2 .net v00000238928d0590 2, 7 0, v0000023892578530_0; 1 drivers
v00000238928d0590_3 .net v00000238928d0590 3, 7 0, v0000023892576550_0; 1 drivers
v00000238928d0590_4 .net v00000238928d0590 4, 7 0, v0000023892576a50_0; 1 drivers
v00000238928d0590_5 .net v00000238928d0590 5, 7 0, v00000238925d74c0_0; 1 drivers
v00000238928d0590_6 .net v00000238928d0590 6, 7 0, v00000238925d5940_0; 1 drivers
v00000238928d0590_7 .net v00000238928d0590 7, 7 0, v00000238924406d0_0; 1 drivers
v00000238928d0590_8 .net v00000238928d0590 8, 7 0, v0000023892440270_0; 1 drivers
v00000238928d0590_9 .net v00000238928d0590 9, 7 0, v000002389242a830_0; 1 drivers
v00000238928d0590_10 .net v00000238928d0590 10, 7 0, v0000023892429750_0; 1 drivers
v00000238928d0590_11 .net v00000238928d0590 11, 7 0, v000002389244e7b0_0; 1 drivers
v00000238928d0590_12 .net v00000238928d0590 12, 7 0, v000002389244e3f0_0; 1 drivers
v00000238928d0590_13 .net v00000238928d0590 13, 7 0, v00000238924a0b80_0; 1 drivers
v00000238928d0590_14 .net v00000238928d0590 14, 7 0, v00000238924c01e0_0; 1 drivers
v00000238928d0590_15 .net v00000238928d0590 15, 7 0, v00000238924c1220_0; 1 drivers
v00000238928d0590_16 .net v00000238928d0590 16, 7 0, v00000238924b6570_0; 1 drivers
v00000238928d0590_17 .net v00000238928d0590 17, 7 0, v00000238924db0b0_0; 1 drivers
v00000238928d0590_18 .net v00000238928d0590 18, 7 0, v000002389249ed50_0; 1 drivers
v00000238928d0590_19 .net v00000238928d0590 19, 7 0, v00000238927f0ca0_0; 1 drivers
v00000238928d0590_20 .net v00000238928d0590 20, 7 0, v00000238927f0660_0; 1 drivers
v00000238928d0590_21 .net v00000238928d0590 21, 7 0, v00000238927eff80_0; 1 drivers
v00000238928d0590_22 .net v00000238928d0590 22, 7 0, v00000238927f1420_0; 1 drivers
v00000238928d0590_23 .net v00000238928d0590 23, 7 0, v00000238927f0340_0; 1 drivers
v00000238928d0590_24 .net v00000238928d0590 24, 7 0, v00000238927f2820_0; 1 drivers
v00000238928d0590_25 .net v00000238928d0590 25, 7 0, v00000238927f21e0_0; 1 drivers
v00000238928d0590_26 .net v00000238928d0590 26, 7 0, v00000238927f3540_0; 1 drivers
v00000238928d0590_27 .net v00000238928d0590 27, 7 0, v00000238927f2500_0; 1 drivers
v00000238928d0590_28 .net v00000238928d0590 28, 7 0, v00000238927f4f80_0; 1 drivers
v00000238928d0590_29 .net v00000238928d0590 29, 7 0, v00000238927f6060_0; 1 drivers
v00000238928d0590_30 .net v00000238928d0590 30, 7 0, v00000238927f6100_0; 1 drivers
v00000238928d0590_31 .net v00000238928d0590 31, 7 0, v00000238927f4c60_0; 1 drivers
v00000238928d0590_32 .net v00000238928d0590 32, 7 0, v00000238927f8d60_0; 1 drivers
v00000238928d0590_33 .net v00000238928d0590 33, 7 0, v00000238927f8400_0; 1 drivers
v00000238928d0590_34 .net v00000238928d0590 34, 7 0, v00000238927f7820_0; 1 drivers
v00000238928d0590_35 .net v00000238928d0590 35, 7 0, v00000238927f8b80_0; 1 drivers
v00000238928d0590_36 .net v00000238928d0590 36, 7 0, v00000238927f8cc0_0; 1 drivers
v00000238928d0590_37 .net v00000238928d0590 37, 7 0, v00000238927f9bc0_0; 1 drivers
v00000238928d0590_38 .net v00000238928d0590 38, 7 0, v00000238927fba60_0; 1 drivers
v00000238928d0590_39 .net v00000238928d0590 39, 7 0, v00000238927fc0a0_0; 1 drivers
v00000238928d0590_40 .net v00000238928d0590 40, 7 0, v00000238927fb100_0; 1 drivers
v00000238928d0590_41 .net v00000238928d0590 41, 7 0, v00000238927fc460_0; 1 drivers
v00000238928d0590_42 .net v00000238928d0590 42, 7 0, v00000238927ed320_0; 1 drivers
v00000238928d0590_43 .net v00000238928d0590 43, 7 0, v00000238927ed780_0; 1 drivers
v00000238928d0590_44 .net v00000238928d0590 44, 7 0, v00000238927ee900_0; 1 drivers
v00000238928d0590_45 .net v00000238928d0590 45, 7 0, v00000238927eeb80_0; 1 drivers
v00000238928d0590_46 .net v00000238928d0590 46, 7 0, v00000238927ee180_0; 1 drivers
v00000238928d0590_47 .net v00000238928d0590 47, 7 0, v0000023892809120_0; 1 drivers
v00000238928d0590_48 .net v00000238928d0590 48, 7 0, v0000023892809080_0; 1 drivers
v00000238928d0590_49 .net v00000238928d0590 49, 7 0, v000002389280a840_0; 1 drivers
v00000238928d0590_50 .net v00000238928d0590 50, 7 0, v0000023892809760_0; 1 drivers
v00000238928d0590_51 .net v00000238928d0590 51, 7 0, v000002389280b4c0_0; 1 drivers
v00000238928d0590_52 .net v00000238928d0590 52, 7 0, v000002389280cd20_0; 1 drivers
v00000238928d0590_53 .net v00000238928d0590 53, 7 0, v000002389280bb00_0; 1 drivers
v00000238928d0590_54 .net v00000238928d0590 54, 7 0, v000002389280b240_0; 1 drivers
v00000238928d0590_55 .net v00000238928d0590 55, 7 0, v000002389280e9e0_0; 1 drivers
v00000238928d0590_56 .net v00000238928d0590 56, 7 0, v000002389280e8a0_0; 1 drivers
v00000238928d0590_57 .net v00000238928d0590 57, 7 0, v000002389280db80_0; 1 drivers
v00000238928d0590_58 .net v00000238928d0590 58, 7 0, v000002389280de00_0; 1 drivers
v00000238928d0590_59 .net v00000238928d0590 59, 7 0, v00000238928110a0_0; 1 drivers
v00000238928d0590_60 .net v00000238928d0590 60, 7 0, v0000023892810100_0; 1 drivers
v00000238928d0590_61 .net v00000238928d0590 61, 7 0, v0000023892811000_0; 1 drivers
v00000238928d0590_62 .net v00000238928d0590 62, 7 0, v0000023892810740_0; 1 drivers
v00000238928d0590_63 .net v00000238928d0590 63, 7 0, v0000023892811dc0_0; 1 drivers
v00000238928d0590_64 .net v00000238928d0590 64, 7 0, v0000023892812a40_0; 1 drivers
v00000238928d0590_65 .net v00000238928d0590 65, 7 0, v00000238928145c0_0; 1 drivers
v00000238928d0590_66 .net v00000238928d0590 66, 7 0, v0000023892813b20_0; 1 drivers
v00000238928d0590_67 .net v00000238928d0590 67, 7 0, v0000023892814520_0; 1 drivers
v00000238928d0590_68 .net v00000238928d0590 68, 7 0, v00000238928156a0_0; 1 drivers
v00000238928d0590_69 .net v00000238928d0590 69, 7 0, v0000023892814980_0; 1 drivers
v00000238928d0590_70 .net v00000238928d0590 70, 7 0, v0000023892806e20_0; 1 drivers
v00000238928d0590_71 .net v00000238928d0590 71, 7 0, v0000023892806240_0; 1 drivers
v00000238928d0590_72 .net v00000238928d0590 72, 7 0, v00000238928061a0_0; 1 drivers
v00000238928d0590_73 .net v00000238928d0590 73, 7 0, v00000238928073c0_0; 1 drivers
v00000238928d0590_74 .net v00000238928d0590 74, 7 0, v0000023892827770_0; 1 drivers
v00000238928d0590_75 .net v00000238928d0590 75, 7 0, v0000023892828c10_0; 1 drivers
v00000238928d0590_76 .net v00000238928d0590 76, 7 0, v0000023892826af0_0; 1 drivers
v00000238928d0590_77 .net v00000238928d0590 77, 7 0, v0000023892827e50_0; 1 drivers
v00000238928d0590_78 .net v00000238928d0590 78, 7 0, v000002389282b910_0; 1 drivers
v00000238928d0590_79 .net v00000238928d0590 79, 7 0, v0000023892829a70_0; 1 drivers
v00000238928d0590_80 .net v00000238928d0590 80, 7 0, v0000023892829d90_0; 1 drivers
v00000238928d0590_81 .net v00000238928d0590 81, 7 0, v000002389282afb0_0; 1 drivers
v00000238928d0590_82 .net v00000238928d0590 82, 7 0, v000002389282dc10_0; 1 drivers
v00000238928d0590_83 .net v00000238928d0590 83, 7 0, v000002389282dfd0_0; 1 drivers
v00000238928d0590_84 .net v00000238928d0590 84, 7 0, v000002389282e070_0; 1 drivers
v00000238928d0590_85 .net v00000238928d0590 85, 7 0, v000002389282cb30_0; 1 drivers
v00000238928d0590_86 .net v00000238928d0590 86, 7 0, v000002389282d670_0; 1 drivers
v00000238928d0590_87 .net v00000238928d0590 87, 7 0, v00000238928304b0_0; 1 drivers
v00000238928d0590_88 .net v00000238928d0590 88, 7 0, v000002389282eb10_0; 1 drivers
v00000238928d0590_89 .net v00000238928d0590 89, 7 0, v000002389282fbf0_0; 1 drivers
v00000238928d0590_90 .net v00000238928d0590 90, 7 0, v000002389282f650_0; 1 drivers
v00000238928d0590_91 .net v00000238928d0590 91, 7 0, v0000023892830a50_0; 1 drivers
v00000238928d0590_92 .net v00000238928d0590 92, 7 0, v00000238928314f0_0; 1 drivers
v00000238928d0590_93 .net v00000238928d0590 93, 7 0, v0000023892821c30_0; 1 drivers
v00000238928d0590_94 .net v00000238928d0590 94, 7 0, v0000023892823df0_0; 1 drivers
v00000238928d0590_95 .net v00000238928d0590 95, 7 0, v0000023892822310_0; 1 drivers
v00000238928d0590_96 .net v00000238928d0590 96, 7 0, v0000023892823350_0; 1 drivers
v00000238928d0590_97 .net v00000238928d0590 97, 7 0, v00000238928264b0_0; 1 drivers
v00000238928d0590_98 .net v00000238928d0590 98, 7 0, v0000023892826190_0; 1 drivers
v00000238928d0590_99 .net v00000238928d0590 99, 7 0, v0000023892824f70_0; 1 drivers
v00000238928d0590_100 .net v00000238928d0590 100, 7 0, v0000023892825830_0; 1 drivers
v00000238928d0590_101 .net v00000238928d0590 101, 7 0, v0000023892866330_0; 1 drivers
v00000238928d0590_102 .net v00000238928d0590 102, 7 0, v0000023892866970_0; 1 drivers
v00000238928d0590_103 .net v00000238928d0590 103, 7 0, v00000238928659d0_0; 1 drivers
v00000238928d0590_104 .net v00000238928d0590 104, 7 0, v0000023892866290_0; 1 drivers
v00000238928d0590_105 .net v00000238928d0590 105, 7 0, v0000023892868b30_0; 1 drivers
v00000238928d0590_106 .net v00000238928d0590 106, 7 0, v0000023892868130_0; 1 drivers
v00000238928d0590_107 .net v00000238928d0590 107, 7 0, v000002389286a610_0; 1 drivers
v00000238928d0590_108 .net v00000238928d0590 108, 7 0, v0000023892869b70_0; 1 drivers
v00000238928d0590_109 .net v00000238928d0590 109, 7 0, v0000023892868310_0; 1 drivers
v00000238928d0590_110 .net v00000238928d0590 110, 7 0, v000002389286c9b0_0; 1 drivers
v00000238928d0590_111 .net v00000238928d0590 111, 7 0, v000002389286c550_0; 1 drivers
v00000238928d0590_112 .net v00000238928d0590 112, 7 0, v000002389286b1f0_0; 1 drivers
v00000238928d0590_113 .net v00000238928d0590 113, 7 0, v000002389286bb50_0; 1 drivers
v00000238928d0590_114 .net v00000238928d0590 114, 7 0, v000002389286e0d0_0; 1 drivers
v00000238928d0590_115 .net v00000238928d0590 115, 7 0, v000002389286f6b0_0; 1 drivers
v00000238928d0590_116 .net v00000238928d0590 116, 7 0, v000002389286e8f0_0; 1 drivers
v00000238928d0590_117 .net v00000238928d0590 117, 7 0, v000002389286e490_0; 1 drivers
v00000238928d0590_118 .net v00000238928d0590 118, 7 0, v0000023892871d70_0; 1 drivers
v00000238928d0590_119 .net v00000238928d0590 119, 7 0, v00000238928710f0_0; 1 drivers
v00000238928d0590_120 .net v00000238928d0590 120, 7 0, v00000238928700b0_0; 1 drivers
v00000238928d0590_121 .net v00000238928d0590 121, 7 0, v00000238928715f0_0; 1 drivers
v00000238928d0590_122 .net v00000238928d0590 122, 7 0, v0000023892872130_0; 1 drivers
v00000238928d0590_123 .net v00000238928d0590 123, 7 0, v00000238928726d0_0; 1 drivers
v00000238928d0590_124 .net v00000238928d0590 124, 7 0, v0000023892863630_0; 1 drivers
v00000238928d0590_125 .net v00000238928d0590 125, 7 0, v0000023892863a90_0; 1 drivers
v00000238928d0590_126 .net v00000238928d0590 126, 7 0, v0000023892864df0_0; 1 drivers
v00000238928d0590_127 .net v00000238928d0590 127, 7 0, v00000238928652f0_0; 1 drivers
v00000238928d0590_128 .net v00000238928d0590 128, 7 0, v0000023892898380_0; 1 drivers
v00000238928d0590_129 .net v00000238928d0590 129, 7 0, v0000023892899dc0_0; 1 drivers
v00000238928d0590_130 .net v00000238928d0590 130, 7 0, v0000023892898600_0; 1 drivers
v00000238928d0590_131 .net v00000238928d0590 131, 7 0, v0000023892898e20_0; 1 drivers
v00000238928d0590_132 .net v00000238928d0590 132, 7 0, v0000023892899b40_0; 1 drivers
v00000238928d0590_133 .net v00000238928d0590 133, 7 0, v000002389289a180_0; 1 drivers
v00000238928d0590_134 .net v00000238928d0590 134, 7 0, v000002389289c660_0; 1 drivers
v00000238928d0590_135 .net v00000238928d0590 135, 7 0, v000002389289b8a0_0; 1 drivers
v00000238928d0590_136 .net v00000238928d0590 136, 7 0, v000002389289b940_0; 1 drivers
v00000238928d0590_137 .net v00000238928d0590 137, 7 0, v000002389289e140_0; 1 drivers
v00000238928d0590_138 .net v00000238928d0590 138, 7 0, v000002389289e320_0; 1 drivers
v00000238928d0590_139 .net v00000238928d0590 139, 7 0, v000002389289cde0_0; 1 drivers
v00000238928d0590_140 .net v00000238928d0590 140, 7 0, v000002389289e500_0; 1 drivers
v00000238928d0590_141 .net v00000238928d0590 141, 7 0, v00000238928a0620_0; 1 drivers
v00000238928d0590_142 .net v00000238928d0590 142, 7 0, v00000238928a1160_0; 1 drivers
v00000238928d0590_143 .net v00000238928d0590 143, 7 0, v000002389289fcc0_0; 1 drivers
v00000238928d0590_144 .net v00000238928d0590 144, 7 0, v00000238928a03a0_0; 1 drivers
v00000238928d0590_145 .net v00000238928d0590 145, 7 0, v00000238928a1b60_0; 1 drivers
v00000238928d0590_146 .net v00000238928d0590 146, 7 0, v00000238928a3d20_0; 1 drivers
v00000238928d0590_147 .net v00000238928d0590 147, 7 0, v00000238928a3960_0; 1 drivers
v00000238928d0590_148 .net v00000238928d0590 148, 7 0, v00000238928a2e20_0; 1 drivers
v00000238928d0590_149 .net v00000238928d0590 149, 7 0, v00000238928a3e60_0; 1 drivers
v00000238928d0590_150 .net v00000238928d0590 150, 7 0, v00000238928a4860_0; 1 drivers
v00000238928d0590_151 .net v00000238928d0590 151, 7 0, v00000238928a5bc0_0; 1 drivers
v00000238928d0590_152 .net v00000238928d0590 152, 7 0, v00000238928a60c0_0; 1 drivers
v00000238928d0590_153 .net v00000238928d0590 153, 7 0, v00000238928a42c0_0; 1 drivers
v00000238928d0590_154 .net v00000238928d0590 154, 7 0, v00000238928a8320_0; 1 drivers
v00000238928d0590_155 .net v00000238928d0590 155, 7 0, v00000238928a6d40_0; 1 drivers
v00000238928d0590_156 .net v00000238928d0590 156, 7 0, v00000238928a8140_0; 1 drivers
v00000238928d0590_157 .net v00000238928d0590 157, 7 0, v00000238928a8960_0; 1 drivers
v00000238928d0590_158 .net v00000238928d0590 158, 7 0, v00000238928a9680_0; 1 drivers
v00000238928d0590_159 .net v00000238928d0590 159, 7 0, v00000238928aa6c0_0; 1 drivers
v00000238928d0590_160 .net v00000238928d0590 160, 7 0, v00000238928a9540_0; 1 drivers
v00000238928d0590_161 .net v00000238928d0590 161, 7 0, v00000238928aac60_0; 1 drivers
v00000238928d0590_162 .net v00000238928d0590 162, 7 0, v00000238928acec0_0; 1 drivers
v00000238928d0590_163 .net v00000238928d0590 163, 7 0, v00000238928ad320_0; 1 drivers
v00000238928d0590_164 .net v00000238928d0590 164, 7 0, v00000238928ac1a0_0; 1 drivers
v00000238928d0590_165 .net v00000238928d0590 165, 7 0, v00000238928ae040_0; 1 drivers
v00000238928d0590_166 .net v00000238928d0590 166, 7 0, v00000238928acce0_0; 1 drivers
v00000238928d0590_167 .net v00000238928d0590 167, 7 0, v00000238928af620_0; 1 drivers
v00000238928d0590_168 .net v00000238928d0590 168, 7 0, v00000238928af8a0_0; 1 drivers
v00000238928d0590_169 .net v00000238928d0590 169, 7 0, v00000238928ae900_0; 1 drivers
v00000238928d0590_170 .net v00000238928d0590 170, 7 0, v0000023892890360_0; 1 drivers
v00000238928d0590_171 .net v00000238928d0590 171, 7 0, v00000238928925c0_0; 1 drivers
v00000238928d0590_172 .net v00000238928d0590 172, 7 0, v0000023892891940_0; 1 drivers
v00000238928d0590_173 .net v00000238928d0590 173, 7 0, v0000023892890cc0_0; 1 drivers
v00000238928d0590_174 .net v00000238928d0590 174, 7 0, v0000023892894460_0; 1 drivers
v00000238928d0590_175 .net v00000238928d0590 175, 7 0, v00000238928941e0_0; 1 drivers
v00000238928d0590_176 .net v00000238928d0590 176, 7 0, v0000023892894500_0; 1 drivers
v00000238928d0590_177 .net v00000238928d0590 177, 7 0, v0000023892894640_0; 1 drivers
v00000238928d0590_178 .net v00000238928d0590 178, 7 0, v00000238928955e0_0; 1 drivers
v00000238928d0590_179 .net v00000238928d0590 179, 7 0, v0000023892895220_0; 1 drivers
v00000238928d0590_180 .net v00000238928d0590 180, 7 0, v0000023892897840_0; 1 drivers
v00000238928d0590_181 .net v00000238928d0590 181, 7 0, v0000023892896260_0; 1 drivers
v00000238928d0590_182 .net v00000238928d0590 182, 7 0, v00000238928cd070_0; 1 drivers
v00000238928d0590_183 .net v00000238928d0590 183, 7 0, v00000238928cbdb0_0; 1 drivers
v00000238928d0590_184 .net v00000238928d0590 184, 7 0, v00000238928cc5d0_0; 1 drivers
v00000238928d0590_185 .net v00000238928d0590 185, 7 0, v00000238928cc7b0_0; 1 drivers
v00000238928d0590_186 .net v00000238928d0590 186, 7 0, v00000238928cd9d0_0; 1 drivers
v00000238928d0590_187 .net v00000238928d0590 187, 7 0, v00000238928cf0f0_0; 1 drivers
v00000238928d0590_188 .net v00000238928d0590 188, 7 0, v00000238928cf2d0_0; 1 drivers
v00000238928d0590_189 .net v00000238928d0590 189, 7 0, v00000238928ce970_0; 1 drivers
v00000238928d0590_190 .net v00000238928d0590 190, 7 0, v00000238928d0630_0; 1 drivers
v00000238928d0590_191 .net v00000238928d0590 191, 7 0, v00000238928d0310_0; 1 drivers
v00000238928d04f0_0 .net "clk", 0 0, v00000238928c9830_0;  alias, 1 drivers
v00000238928d03b0_0 .net "en_compute", 0 0, L_000002389294c268;  alias, 1 drivers
v00000238928d0090_0 .net "in_act_vec", 95 0, L_00000238929ad1f0;  alias, 1 drivers
v00000238928d12b0_0 .net "in_weight_vec", 127 0, v00000238928d3010_0;  1 drivers
v00000238928d1b70_0 .net "out_psum_vec", 511 0, L_00000238929bb430;  alias, 1 drivers
v00000238928d0c70 .array "psum_wires", 191 0;
v00000238928d0c70_0 .net v00000238928d0c70 0, 31 0, v000002389255ade0_0; 1 drivers
v00000238928d0c70_1 .net v00000238928d0c70 1, 31 0, v0000023892559800_0; 1 drivers
v00000238928d0c70_2 .net v00000238928d0c70 2, 31 0, v00000238925787b0_0; 1 drivers
v00000238928d0c70_3 .net v00000238928d0c70 3, 31 0, v0000023892575330_0; 1 drivers
v00000238928d0c70_4 .net v00000238928d0c70 4, 31 0, v00000238925d7d80_0; 1 drivers
v00000238928d0c70_5 .net v00000238928d0c70 5, 31 0, v00000238925d5620_0; 1 drivers
v00000238928d0c70_6 .net v00000238928d0c70 6, 31 0, v00000238925d63e0_0; 1 drivers
v00000238928d0c70_7 .net v00000238928d0c70 7, 31 0, v0000023892440950_0; 1 drivers
v00000238928d0c70_8 .net v00000238928d0c70 8, 31 0, v0000023892441350_0; 1 drivers
v00000238928d0c70_9 .net v00000238928d0c70 9, 31 0, v0000023892429e30_0; 1 drivers
v00000238928d0c70_10 .net v00000238928d0c70 10, 31 0, v000002389242a330_0; 1 drivers
v00000238928d0c70_11 .net v00000238928d0c70 11, 31 0, v000002389244def0_0; 1 drivers
v00000238928d0c70_12 .net v00000238928d0c70 12, 31 0, v000002389244d6d0_0; 1 drivers
v00000238928d0c70_13 .net v00000238928d0c70 13, 31 0, v00000238924a02c0_0; 1 drivers
v00000238928d0c70_14 .net v00000238928d0c70 14, 31 0, v00000238924c0320_0; 1 drivers
v00000238928d0c70_15 .net v00000238928d0c70 15, 31 0, v00000238924c12c0_0; 1 drivers
v00000238928d0c70_16 .net v00000238928d0c70 16, 31 0, v00000238924b6110_0; 1 drivers
v00000238928d0c70_17 .net v00000238928d0c70 17, 31 0, v00000238924da250_0; 1 drivers
v00000238928d0c70_18 .net v00000238928d0c70 18, 31 0, v000002389249d770_0; 1 drivers
v00000238928d0c70_19 .net v00000238928d0c70 19, 31 0, v00000238927f0c00_0; 1 drivers
v00000238928d0c70_20 .net v00000238928d0c70 20, 31 0, v00000238927f1a60_0; 1 drivers
v00000238928d0c70_21 .net v00000238928d0c70 21, 31 0, v00000238927ef940_0; 1 drivers
v00000238928d0c70_22 .net v00000238928d0c70 22, 31 0, v00000238927f0200_0; 1 drivers
v00000238928d0c70_23 .net v00000238928d0c70 23, 31 0, v00000238927f0ac0_0; 1 drivers
v00000238928d0c70_24 .net v00000238928d0c70 24, 31 0, v00000238927f4620_0; 1 drivers
v00000238928d0c70_25 .net v00000238928d0c70 25, 31 0, v00000238927f3180_0; 1 drivers
v00000238928d0c70_26 .net v00000238928d0c70 26, 31 0, v00000238927f35e0_0; 1 drivers
v00000238928d0c70_27 .net v00000238928d0c70 27, 31 0, v00000238927f3f40_0; 1 drivers
v00000238928d0c70_28 .net v00000238928d0c70 28, 31 0, v00000238927f6920_0; 1 drivers
v00000238928d0c70_29 .net v00000238928d0c70 29, 31 0, v00000238927f5020_0; 1 drivers
v00000238928d0c70_30 .net v00000238928d0c70 30, 31 0, v00000238927f61a0_0; 1 drivers
v00000238928d0c70_31 .net v00000238928d0c70 31, 31 0, v00000238927f4ee0_0; 1 drivers
v00000238928d0c70_32 .net v00000238928d0c70 32, 31 0, v00000238927f7320_0; 1 drivers
v00000238928d0c70_33 .net v00000238928d0c70 33, 31 0, v00000238927f9760_0; 1 drivers
v00000238928d0c70_34 .net v00000238928d0c70 34, 31 0, v00000238927f94e0_0; 1 drivers
v00000238928d0c70_35 .net v00000238928d0c70 35, 31 0, v00000238927f8180_0; 1 drivers
v00000238928d0c70_36 .net v00000238928d0c70 36, 31 0, v00000238927f9da0_0; 1 drivers
v00000238928d0c70_37 .net v00000238928d0c70 37, 31 0, v00000238927fa8e0_0; 1 drivers
v00000238928d0c70_38 .net v00000238928d0c70 38, 31 0, v00000238927faf20_0; 1 drivers
v00000238928d0c70_39 .net v00000238928d0c70 39, 31 0, v00000238927fa200_0; 1 drivers
v00000238928d0c70_40 .net v00000238928d0c70 40, 31 0, v00000238927fb740_0; 1 drivers
v00000238928d0c70_41 .net v00000238928d0c70 41, 31 0, v00000238927fc960_0; 1 drivers
v00000238928d0c70_42 .net v00000238928d0c70 42, 31 0, v00000238927eed60_0; 1 drivers
v00000238928d0c70_43 .net v00000238928d0c70 43, 31 0, v00000238927ef120_0; 1 drivers
v00000238928d0c70_44 .net v00000238928d0c70 44, 31 0, v00000238927ed820_0; 1 drivers
v00000238928d0c70_45 .net v00000238928d0c70 45, 31 0, v00000238927eecc0_0; 1 drivers
v00000238928d0c70_46 .net v00000238928d0c70 46, 31 0, v00000238927ee2c0_0; 1 drivers
v00000238928d0c70_47 .net v00000238928d0c70 47, 31 0, v0000023892808220_0; 1 drivers
v00000238928d0c70_48 .net v00000238928d0c70 48, 31 0, v000002389280a480_0; 1 drivers
v00000238928d0c70_49 .net v00000238928d0c70 49, 31 0, v0000023892808c20_0; 1 drivers
v00000238928d0c70_50 .net v00000238928d0c70 50, 31 0, v0000023892808e00_0; 1 drivers
v00000238928d0c70_51 .net v00000238928d0c70 51, 31 0, v000002389280b560_0; 1 drivers
v00000238928d0c70_52 .net v00000238928d0c70 52, 31 0, v000002389280c0a0_0; 1 drivers
v00000238928d0c70_53 .net v00000238928d0c70 53, 31 0, v000002389280cb40_0; 1 drivers
v00000238928d0c70_54 .net v00000238928d0c70 54, 31 0, v000002389280d0e0_0; 1 drivers
v00000238928d0c70_55 .net v00000238928d0c70 55, 31 0, v000002389280da40_0; 1 drivers
v00000238928d0c70_56 .net v00000238928d0c70 56, 31 0, v000002389280d9a0_0; 1 drivers
v00000238928d0c70_57 .net v00000238928d0c70 57, 31 0, v000002389280f840_0; 1 drivers
v00000238928d0c70_58 .net v00000238928d0c70 58, 31 0, v000002389280d720_0; 1 drivers
v00000238928d0c70_59 .net v00000238928d0c70 59, 31 0, v000002389280fd40_0; 1 drivers
v00000238928d0c70_60 .net v00000238928d0c70 60, 31 0, v0000023892810240_0; 1 drivers
v00000238928d0c70_61 .net v00000238928d0c70 61, 31 0, v0000023892811280_0; 1 drivers
v00000238928d0c70_62 .net v00000238928d0c70 62, 31 0, v0000023892811820_0; 1 drivers
v00000238928d0c70_63 .net v00000238928d0c70 63, 31 0, v0000023892812040_0; 1 drivers
v00000238928d0c70_64 .net v00000238928d0c70 64, 31 0, v0000023892812900_0; 1 drivers
v00000238928d0c70_65 .net v00000238928d0c70 65, 31 0, v00000238928127c0_0; 1 drivers
v00000238928d0c70_66 .net v00000238928d0c70 66, 31 0, v0000023892813260_0; 1 drivers
v00000238928d0c70_67 .net v00000238928d0c70 67, 31 0, v0000023892814480_0; 1 drivers
v00000238928d0c70_68 .net v00000238928d0c70 68, 31 0, v0000023892815740_0; 1 drivers
v00000238928d0c70_69 .net v00000238928d0c70 69, 31 0, v0000023892814a20_0; 1 drivers
v00000238928d0c70_70 .net v00000238928d0c70 70, 31 0, v0000023892806ec0_0; 1 drivers
v00000238928d0c70_71 .net v00000238928d0c70 71, 31 0, v0000023892805e80_0; 1 drivers
v00000238928d0c70_72 .net v00000238928d0c70 72, 31 0, v0000023892805980_0; 1 drivers
v00000238928d0c70_73 .net v00000238928d0c70 73, 31 0, v0000023892807aa0_0; 1 drivers
v00000238928d0c70_74 .net v00000238928d0c70 74, 31 0, v0000023892828fd0_0; 1 drivers
v00000238928d0c70_75 .net v00000238928d0c70 75, 31 0, v00000238928278b0_0; 1 drivers
v00000238928d0c70_76 .net v00000238928d0c70 76, 31 0, v00000238928273b0_0; 1 drivers
v00000238928d0c70_77 .net v00000238928d0c70 77, 31 0, v0000023892827ef0_0; 1 drivers
v00000238928d0c70_78 .net v00000238928d0c70 78, 31 0, v0000023892829430_0; 1 drivers
v00000238928d0c70_79 .net v00000238928d0c70 79, 31 0, v000002389282b050_0; 1 drivers
v00000238928d0c70_80 .net v00000238928d0c70 80, 31 0, v000002389282a970_0; 1 drivers
v00000238928d0c70_81 .net v00000238928d0c70 81, 31 0, v000002389282abf0_0; 1 drivers
v00000238928d0c70_82 .net v00000238928d0c70 82, 31 0, v000002389282c8b0_0; 1 drivers
v00000238928d0c70_83 .net v00000238928d0c70 83, 31 0, v000002389282c090_0; 1 drivers
v00000238928d0c70_84 .net v00000238928d0c70 84, 31 0, v000002389282c770_0; 1 drivers
v00000238928d0c70_85 .net v00000238928d0c70 85, 31 0, v000002389282cbd0_0; 1 drivers
v00000238928d0c70_86 .net v00000238928d0c70 86, 31 0, v000002389282db70_0; 1 drivers
v00000238928d0c70_87 .net v00000238928d0c70 87, 31 0, v000002389282fab0_0; 1 drivers
v00000238928d0c70_88 .net v00000238928d0c70 88, 31 0, v000002389282e9d0_0; 1 drivers
v00000238928d0c70_89 .net v00000238928d0c70 89, 31 0, v000002389282f830_0; 1 drivers
v00000238928d0c70_90 .net v00000238928d0c70 90, 31 0, v00000238928300f0_0; 1 drivers
v00000238928d0c70_91 .net v00000238928d0c70 91, 31 0, v0000023892830c30_0; 1 drivers
v00000238928d0c70_92 .net v00000238928d0c70 92, 31 0, v0000023892823030_0; 1 drivers
v00000238928d0c70_93 .net v00000238928d0c70 93, 31 0, v0000023892821af0_0; 1 drivers
v00000238928d0c70_94 .net v00000238928d0c70 94, 31 0, v0000023892821f50_0; 1 drivers
v00000238928d0c70_95 .net v00000238928d0c70 95, 31 0, v0000023892821b90_0; 1 drivers
v00000238928d0c70_96 .net v00000238928d0c70 96, 31 0, v0000023892823490_0; 1 drivers
v00000238928d0c70_97 .net v00000238928d0c70 97, 31 0, v0000023892826550_0; 1 drivers
v00000238928d0c70_98 .net v00000238928d0c70 98, 31 0, v0000023892825510_0; 1 drivers
v00000238928d0c70_99 .net v00000238928d0c70 99, 31 0, v00000238928251f0_0; 1 drivers
v00000238928d0c70_100 .net v00000238928d0c70 100, 31 0, v0000023892825c90_0; 1 drivers
v00000238928d0c70_101 .net v00000238928d0c70 101, 31 0, v0000023892867190_0; 1 drivers
v00000238928d0c70_102 .net v00000238928d0c70 102, 31 0, v0000023892866b50_0; 1 drivers
v00000238928d0c70_103 .net v00000238928d0c70 103, 31 0, v0000023892866830_0; 1 drivers
v00000238928d0c70_104 .net v00000238928d0c70 104, 31 0, v0000023892867050_0; 1 drivers
v00000238928d0c70_105 .net v00000238928d0c70 105, 31 0, v0000023892868a90_0; 1 drivers
v00000238928d0c70_106 .net v00000238928d0c70 106, 31 0, v0000023892868bd0_0; 1 drivers
v00000238928d0c70_107 .net v00000238928d0c70 107, 31 0, v0000023892868450_0; 1 drivers
v00000238928d0c70_108 .net v00000238928d0c70 108, 31 0, v0000023892869cb0_0; 1 drivers
v00000238928d0c70_109 .net v00000238928d0c70 109, 31 0, v00000238928683b0_0; 1 drivers
v00000238928d0c70_110 .net v00000238928d0c70 110, 31 0, v000002389286b470_0; 1 drivers
v00000238928d0c70_111 .net v00000238928d0c70 111, 31 0, v000002389286be70_0; 1 drivers
v00000238928d0c70_112 .net v00000238928d0c70 112, 31 0, v000002389286b3d0_0; 1 drivers
v00000238928d0c70_113 .net v00000238928d0c70 113, 31 0, v000002389286c2d0_0; 1 drivers
v00000238928d0c70_114 .net v00000238928d0c70 114, 31 0, v000002389286d770_0; 1 drivers
v00000238928d0c70_115 .net v00000238928d0c70 115, 31 0, v000002389286d950_0; 1 drivers
v00000238928d0c70_116 .net v00000238928d0c70 116, 31 0, v000002389286ef30_0; 1 drivers
v00000238928d0c70_117 .net v00000238928d0c70 117, 31 0, v000002389286e530_0; 1 drivers
v00000238928d0c70_118 .net v00000238928d0c70 118, 31 0, v0000023892870fb0_0; 1 drivers
v00000238928d0c70_119 .net v00000238928d0c70 119, 31 0, v0000023892870ab0_0; 1 drivers
v00000238928d0c70_120 .net v00000238928d0c70 120, 31 0, v0000023892870790_0; 1 drivers
v00000238928d0c70_121 .net v00000238928d0c70 121, 31 0, v000002389286fbb0_0; 1 drivers
v00000238928d0c70_122 .net v00000238928d0c70 122, 31 0, v0000023892872e50_0; 1 drivers
v00000238928d0c70_123 .net v00000238928d0c70 123, 31 0, v0000023892872d10_0; 1 drivers
v00000238928d0c70_124 .net v00000238928d0c70 124, 31 0, v0000023892863770_0; 1 drivers
v00000238928d0c70_125 .net v00000238928d0c70 125, 31 0, v0000023892863c70_0; 1 drivers
v00000238928d0c70_126 .net v00000238928d0c70 126, 31 0, v00000238928643f0_0; 1 drivers
v00000238928d0c70_127 .net v00000238928d0c70 127, 31 0, v0000023892864490_0; 1 drivers
v00000238928d0c70_128 .net v00000238928d0c70 128, 31 0, v0000023892899c80_0; 1 drivers
v00000238928d0c70_129 .net v00000238928d0c70 129, 31 0, v0000023892898d80_0; 1 drivers
v00000238928d0c70_130 .net v00000238928d0c70 130, 31 0, v0000023892899f00_0; 1 drivers
v00000238928d0c70_131 .net v00000238928d0c70 131, 31 0, v0000023892899140_0; 1 drivers
v00000238928d0c70_132 .net v00000238928d0c70 132, 31 0, v000002389289c520_0; 1 drivers
v00000238928d0c70_133 .net v00000238928d0c70 133, 31 0, v000002389289a720_0; 1 drivers
v00000238928d0c70_134 .net v00000238928d0c70 134, 31 0, v000002389289a860_0; 1 drivers
v00000238928d0c70_135 .net v00000238928d0c70 135, 31 0, v000002389289a220_0; 1 drivers
v00000238928d0c70_136 .net v00000238928d0c70 136, 31 0, v000002389289bc60_0; 1 drivers
v00000238928d0c70_137 .net v00000238928d0c70 137, 31 0, v000002389289d1a0_0; 1 drivers
v00000238928d0c70_138 .net v00000238928d0c70 138, 31 0, v000002389289edc0_0; 1 drivers
v00000238928d0c70_139 .net v00000238928d0c70 139, 31 0, v000002389289d880_0; 1 drivers
v00000238928d0c70_140 .net v00000238928d0c70 140, 31 0, v000002389289d4c0_0; 1 drivers
v00000238928d0c70_141 .net v00000238928d0c70 141, 31 0, v00000238928a0f80_0; 1 drivers
v00000238928d0c70_142 .net v00000238928d0c70 142, 31 0, v00000238928a0800_0; 1 drivers
v00000238928d0c70_143 .net v00000238928d0c70 143, 31 0, v000002389289fd60_0; 1 drivers
v00000238928d0c70_144 .net v00000238928d0c70 144, 31 0, v00000238928a0bc0_0; 1 drivers
v00000238928d0c70_145 .net v00000238928d0c70 145, 31 0, v00000238928a21a0_0; 1 drivers
v00000238928d0c70_146 .net v00000238928d0c70 146, 31 0, v00000238928a2d80_0; 1 drivers
v00000238928d0c70_147 .net v00000238928d0c70 147, 31 0, v00000238928a2880_0; 1 drivers
v00000238928d0c70_148 .net v00000238928d0c70 148, 31 0, v00000238928a33c0_0; 1 drivers
v00000238928d0c70_149 .net v00000238928d0c70 149, 31 0, v00000238928a18e0_0; 1 drivers
v00000238928d0c70_150 .net v00000238928d0c70 150, 31 0, v00000238928a6480_0; 1 drivers
v00000238928d0c70_151 .net v00000238928d0c70 151, 31 0, v00000238928a5120_0; 1 drivers
v00000238928d0c70_152 .net v00000238928d0c70 152, 31 0, v00000238928a5300_0; 1 drivers
v00000238928d0c70_153 .net v00000238928d0c70 153, 31 0, v00000238928a4400_0; 1 drivers
v00000238928d0c70_154 .net v00000238928d0c70 154, 31 0, v00000238928a7920_0; 1 drivers
v00000238928d0c70_155 .net v00000238928d0c70 155, 31 0, v00000238928a8e60_0; 1 drivers
v00000238928d0c70_156 .net v00000238928d0c70 156, 31 0, v00000238928a81e0_0; 1 drivers
v00000238928d0c70_157 .net v00000238928d0c70 157, 31 0, v00000238928a7ce0_0; 1 drivers
v00000238928d0c70_158 .net v00000238928d0c70 158, 31 0, v00000238928a99a0_0; 1 drivers
v00000238928d0c70_159 .net v00000238928d0c70 159, 31 0, v00000238928aa9e0_0; 1 drivers
v00000238928d0c70_160 .net v00000238928d0c70 160, 31 0, v00000238928a9b80_0; 1 drivers
v00000238928d0c70_161 .net v00000238928d0c70 161, 31 0, v00000238928ab700_0; 1 drivers
v00000238928d0c70_162 .net v00000238928d0c70 162, 31 0, v00000238928ac420_0; 1 drivers
v00000238928d0c70_163 .net v00000238928d0c70 163, 31 0, v00000238928abde0_0; 1 drivers
v00000238928d0c70_164 .net v00000238928d0c70 164, 31 0, v00000238928abe80_0; 1 drivers
v00000238928d0c70_165 .net v00000238928d0c70 165, 31 0, v00000238928ad140_0; 1 drivers
v00000238928d0c70_166 .net v00000238928d0c70 166, 31 0, v00000238928acd80_0; 1 drivers
v00000238928d0c70_167 .net v00000238928d0c70 167, 31 0, v00000238928af6c0_0; 1 drivers
v00000238928d0c70_168 .net v00000238928d0c70 168, 31 0, v00000238928aee00_0; 1 drivers
v00000238928d0c70_169 .net v00000238928d0c70 169, 31 0, v00000238928ae9a0_0; 1 drivers
v00000238928d0c70_170 .net v00000238928d0c70 170, 31 0, v00000238928909a0_0; 1 drivers
v00000238928d0c70_171 .net v00000238928d0c70 171, 31 0, v0000023892890f40_0; 1 drivers
v00000238928d0c70_172 .net v00000238928d0c70 172, 31 0, v0000023892890ae0_0; 1 drivers
v00000238928d0c70_173 .net v00000238928d0c70 173, 31 0, v0000023892890ea0_0; 1 drivers
v00000238928d0c70_174 .net v00000238928d0c70 174, 31 0, v0000023892893100_0; 1 drivers
v00000238928d0c70_175 .net v00000238928d0c70 175, 31 0, v0000023892894280_0; 1 drivers
v00000238928d0c70_176 .net v00000238928d0c70 176, 31 0, v0000023892892c00_0; 1 drivers
v00000238928d0c70_177 .net v00000238928d0c70 177, 31 0, v00000238928948c0_0; 1 drivers
v00000238928d0c70_178 .net v00000238928d0c70 178, 31 0, v0000023892895b80_0; 1 drivers
v00000238928d0c70_179 .net v00000238928d0c70 179, 31 0, v0000023892896a80_0; 1 drivers
v00000238928d0c70_180 .net v00000238928d0c70 180, 31 0, v0000023892895900_0; 1 drivers
v00000238928d0c70_181 .net v00000238928d0c70 181, 31 0, v0000023892896d00_0; 1 drivers
v00000238928d0c70_182 .net v00000238928d0c70 182, 31 0, v00000238928ccdf0_0; 1 drivers
v00000238928d0c70_183 .net v00000238928d0c70 183, 31 0, v00000238928caaf0_0; 1 drivers
v00000238928d0c70_184 .net v00000238928d0c70 184, 31 0, v00000238928cac30_0; 1 drivers
v00000238928d0c70_185 .net v00000238928d0c70 185, 31 0, v00000238928cc990_0; 1 drivers
v00000238928d0c70_186 .net v00000238928d0c70 186, 31 0, v00000238928cd2f0_0; 1 drivers
v00000238928d0c70_187 .net v00000238928d0c70 187, 31 0, v00000238928cdcf0_0; 1 drivers
v00000238928d0c70_188 .net v00000238928d0c70 188, 31 0, v00000238928cf5f0_0; 1 drivers
v00000238928d0c70_189 .net v00000238928d0c70 189, 31 0, v00000238928cea10_0; 1 drivers
v00000238928d0c70_190 .net v00000238928d0c70 190, 31 0, v00000238928d0270_0; 1 drivers
v00000238928d0c70_191 .net v00000238928d0c70 191, 31 0, v00000238928d1170_0; 1 drivers
v00000238928d1f30_0 .net "row_load_en", 11 0, v00000238928d2ed0_0;  1 drivers
v00000238928d0130_0 .net "rst_n", 0 0, L_00000238926d5550;  alias, 1 drivers
L_00000238929ad3d0 .part v00000238928d3010_0, 0, 8;
L_00000238929accf0 .part v00000238928d2ed0_0, 0, 1;
L_00000238929ade70 .part L_00000238929ad1f0, 0, 8;
L_00000238929abd50 .part v00000238928d3010_0, 8, 8;
L_00000238929adf10 .part v00000238928d2ed0_0, 0, 1;
L_00000238929abad0 .part v00000238928d3010_0, 16, 8;
L_00000238929acd90 .part v00000238928d2ed0_0, 0, 1;
L_00000238929abf30 .part v00000238928d3010_0, 24, 8;
L_00000238929abfd0 .part v00000238928d2ed0_0, 0, 1;
L_00000238929ac1b0 .part v00000238928d3010_0, 32, 8;
L_00000238929ac250 .part v00000238928d2ed0_0, 0, 1;
L_00000238929ac2f0 .part v00000238928d3010_0, 40, 8;
L_00000238929acf70 .part v00000238928d2ed0_0, 0, 1;
L_00000238929ace30 .part v00000238928d3010_0, 48, 8;
L_00000238929ad470 .part v00000238928d2ed0_0, 0, 1;
L_00000238929ad970 .part v00000238928d3010_0, 56, 8;
L_00000238929ac890 .part v00000238928d2ed0_0, 0, 1;
L_00000238929ac430 .part v00000238928d3010_0, 64, 8;
L_00000238929ad6f0 .part v00000238928d2ed0_0, 0, 1;
L_00000238929adb50 .part v00000238928d3010_0, 72, 8;
L_00000238929ac930 .part v00000238928d2ed0_0, 0, 1;
L_00000238929ac4d0 .part v00000238928d3010_0, 80, 8;
L_00000238929ae050 .part v00000238928d2ed0_0, 0, 1;
L_00000238929ad650 .part v00000238928d3010_0, 88, 8;
L_00000238929ad790 .part v00000238928d2ed0_0, 0, 1;
L_00000238929ad830 .part v00000238928d3010_0, 96, 8;
L_00000238929ad8d0 .part v00000238928d2ed0_0, 0, 1;
L_00000238929ada10 .part v00000238928d3010_0, 104, 8;
L_00000238929ac570 .part v00000238928d2ed0_0, 0, 1;
L_00000238929adc90 .part v00000238928d3010_0, 112, 8;
L_00000238929ab8f0 .part v00000238928d2ed0_0, 0, 1;
L_00000238929ac610 .part v00000238928d3010_0, 120, 8;
L_00000238929ab990 .part v00000238928d2ed0_0, 0, 1;
L_00000238929ae2d0 .part v00000238928d3010_0, 0, 8;
L_00000238929af8b0 .part v00000238928d2ed0_0, 1, 1;
L_00000238929af770 .part L_00000238929ad1f0, 8, 8;
L_00000238929ae190 .part v00000238928d3010_0, 8, 8;
L_00000238929af950 .part v00000238928d2ed0_0, 1, 1;
L_00000238929ae9b0 .part v00000238928d3010_0, 16, 8;
L_00000238929aec30 .part v00000238928d2ed0_0, 1, 1;
L_00000238929afef0 .part v00000238928d3010_0, 24, 8;
L_00000238929aee10 .part v00000238928d2ed0_0, 1, 1;
L_00000238929b0170 .part v00000238928d3010_0, 32, 8;
L_00000238929af810 .part v00000238928d2ed0_0, 1, 1;
L_00000238929ae550 .part v00000238928d3010_0, 40, 8;
L_00000238929aef50 .part v00000238928d2ed0_0, 1, 1;
L_00000238929afa90 .part v00000238928d3010_0, 48, 8;
L_00000238929af590 .part v00000238928d2ed0_0, 1, 1;
L_00000238929af9f0 .part v00000238928d3010_0, 56, 8;
L_00000238929b07b0 .part v00000238928d2ed0_0, 1, 1;
L_00000238929ae5f0 .part v00000238928d3010_0, 64, 8;
L_00000238929ae690 .part v00000238928d2ed0_0, 1, 1;
L_00000238929b0210 .part v00000238928d3010_0, 72, 8;
L_00000238929ae0f0 .part v00000238928d2ed0_0, 1, 1;
L_00000238929afb30 .part v00000238928d3010_0, 80, 8;
L_00000238929ae730 .part v00000238928d2ed0_0, 1, 1;
L_00000238929aeeb0 .part v00000238928d3010_0, 88, 8;
L_00000238929af090 .part v00000238928d2ed0_0, 1, 1;
L_00000238929afbd0 .part v00000238928d3010_0, 96, 8;
L_00000238929af6d0 .part v00000238928d2ed0_0, 1, 1;
L_00000238929af450 .part v00000238928d3010_0, 104, 8;
L_00000238929af130 .part v00000238928d2ed0_0, 1, 1;
L_00000238929afc70 .part v00000238928d3010_0, 112, 8;
L_00000238929b02b0 .part v00000238928d2ed0_0, 1, 1;
L_00000238929af1d0 .part v00000238928d3010_0, 120, 8;
L_00000238929ae7d0 .part v00000238928d2ed0_0, 1, 1;
L_00000238929b0710 .part v00000238928d3010_0, 0, 8;
L_00000238929b05d0 .part v00000238928d2ed0_0, 2, 1;
L_00000238929af270 .part L_00000238929ad1f0, 16, 8;
L_00000238929afd10 .part v00000238928d3010_0, 8, 8;
L_00000238929b0670 .part v00000238928d2ed0_0, 2, 1;
L_00000238929afdb0 .part v00000238928d3010_0, 16, 8;
L_00000238929ae230 .part v00000238928d2ed0_0, 2, 1;
L_00000238929aeff0 .part v00000238928d3010_0, 24, 8;
L_00000238929aea50 .part v00000238928d2ed0_0, 2, 1;
L_00000238929ae910 .part v00000238928d3010_0, 32, 8;
L_00000238929ae870 .part v00000238928d2ed0_0, 2, 1;
L_00000238929aeaf0 .part v00000238928d3010_0, 40, 8;
L_00000238929aeb90 .part v00000238928d2ed0_0, 2, 1;
L_00000238929afe50 .part v00000238928d3010_0, 48, 8;
L_00000238929aff90 .part v00000238928d2ed0_0, 2, 1;
L_00000238929aed70 .part v00000238928d3010_0, 56, 8;
L_00000238929b0850 .part v00000238928d2ed0_0, 2, 1;
L_00000238929b0030 .part v00000238928d3010_0, 64, 8;
L_00000238929b0490 .part v00000238928d2ed0_0, 2, 1;
L_00000238929ae370 .part v00000238928d3010_0, 72, 8;
L_00000238929b00d0 .part v00000238928d2ed0_0, 2, 1;
L_00000238929aecd0 .part v00000238928d3010_0, 80, 8;
L_00000238929af630 .part v00000238928d2ed0_0, 2, 1;
L_00000238929b0350 .part v00000238928d3010_0, 88, 8;
L_00000238929b03f0 .part v00000238928d2ed0_0, 2, 1;
L_00000238929b0530 .part v00000238928d3010_0, 96, 8;
L_00000238929ae410 .part v00000238928d2ed0_0, 2, 1;
L_00000238929ae4b0 .part v00000238928d3010_0, 104, 8;
L_00000238929af310 .part v00000238928d2ed0_0, 2, 1;
L_00000238929af3b0 .part v00000238928d3010_0, 112, 8;
L_00000238929af4f0 .part v00000238928d2ed0_0, 2, 1;
L_00000238929b1070 .part v00000238928d3010_0, 120, 8;
L_00000238929b2dd0 .part v00000238928d2ed0_0, 2, 1;
L_00000238929b0e90 .part v00000238928d3010_0, 0, 8;
L_00000238929b2fb0 .part v00000238928d2ed0_0, 3, 1;
L_00000238929b1c50 .part L_00000238929ad1f0, 24, 8;
L_00000238929b2470 .part v00000238928d3010_0, 8, 8;
L_00000238929b28d0 .part v00000238928d2ed0_0, 3, 1;
L_00000238929b23d0 .part v00000238928d3010_0, 16, 8;
L_00000238929b2c90 .part v00000238928d2ed0_0, 3, 1;
L_00000238929b2e70 .part v00000238928d3010_0, 24, 8;
L_00000238929b2510 .part v00000238928d2ed0_0, 3, 1;
L_00000238929b0f30 .part v00000238928d3010_0, 32, 8;
L_00000238929b1e30 .part v00000238928d2ed0_0, 3, 1;
L_00000238929b25b0 .part v00000238928d3010_0, 40, 8;
L_00000238929b2bf0 .part v00000238928d2ed0_0, 3, 1;
L_00000238929b2d30 .part v00000238928d3010_0, 48, 8;
L_00000238929b0c10 .part v00000238928d2ed0_0, 3, 1;
L_00000238929b2650 .part v00000238928d3010_0, 56, 8;
L_00000238929b1890 .part v00000238928d2ed0_0, 3, 1;
L_00000238929b2ab0 .part v00000238928d3010_0, 64, 8;
L_00000238929b20b0 .part v00000238928d2ed0_0, 3, 1;
L_00000238929b1110 .part v00000238928d3010_0, 72, 8;
L_00000238929b2f10 .part v00000238928d2ed0_0, 3, 1;
L_00000238929b0fd0 .part v00000238928d3010_0, 80, 8;
L_00000238929b3050 .part v00000238928d2ed0_0, 3, 1;
L_00000238929b11b0 .part v00000238928d3010_0, 88, 8;
L_00000238929b0a30 .part v00000238928d2ed0_0, 3, 1;
L_00000238929b19d0 .part v00000238928d3010_0, 96, 8;
L_00000238929b1430 .part v00000238928d2ed0_0, 3, 1;
L_00000238929b1610 .part v00000238928d3010_0, 104, 8;
L_00000238929b1a70 .part v00000238928d2ed0_0, 3, 1;
L_00000238929b0ad0 .part v00000238928d3010_0, 112, 8;
L_00000238929b0cb0 .part v00000238928d2ed0_0, 3, 1;
L_00000238929b1ed0 .part v00000238928d3010_0, 120, 8;
L_00000238929b2790 .part v00000238928d2ed0_0, 3, 1;
L_00000238929b08f0 .part v00000238928d3010_0, 0, 8;
L_00000238929b2830 .part v00000238928d2ed0_0, 4, 1;
L_00000238929b1250 .part L_00000238929ad1f0, 32, 8;
L_00000238929b12f0 .part v00000238928d3010_0, 8, 8;
L_00000238929b14d0 .part v00000238928d2ed0_0, 4, 1;
L_00000238929b1390 .part v00000238928d3010_0, 16, 8;
L_00000238929b2970 .part v00000238928d2ed0_0, 4, 1;
L_00000238929b1570 .part v00000238928d3010_0, 24, 8;
L_00000238929b2b50 .part v00000238928d2ed0_0, 4, 1;
L_00000238929b2290 .part v00000238928d3010_0, 32, 8;
L_00000238929b0990 .part v00000238928d2ed0_0, 4, 1;
L_00000238929b0d50 .part v00000238928d3010_0, 40, 8;
L_00000238929b0b70 .part v00000238928d2ed0_0, 4, 1;
L_00000238929b1f70 .part v00000238928d3010_0, 48, 8;
L_00000238929b2010 .part v00000238928d2ed0_0, 4, 1;
L_00000238929b0df0 .part v00000238928d3010_0, 56, 8;
L_00000238929b16b0 .part v00000238928d2ed0_0, 4, 1;
L_00000238929b1750 .part v00000238928d3010_0, 64, 8;
L_00000238929b2150 .part v00000238928d2ed0_0, 4, 1;
L_00000238929b17f0 .part v00000238928d3010_0, 72, 8;
L_00000238929b1930 .part v00000238928d2ed0_0, 4, 1;
L_00000238929b26f0 .part v00000238928d3010_0, 80, 8;
L_00000238929b1b10 .part v00000238928d2ed0_0, 4, 1;
L_00000238929b2a10 .part v00000238928d3010_0, 88, 8;
L_00000238929b21f0 .part v00000238928d2ed0_0, 4, 1;
L_00000238929b1bb0 .part v00000238928d3010_0, 96, 8;
L_00000238929b1cf0 .part v00000238928d2ed0_0, 4, 1;
L_00000238929b2330 .part v00000238928d3010_0, 104, 8;
L_00000238929b1d90 .part v00000238928d2ed0_0, 4, 1;
L_00000238929b4950 .part v00000238928d3010_0, 112, 8;
L_00000238929b57b0 .part v00000238928d2ed0_0, 4, 1;
L_00000238929b3550 .part v00000238928d3010_0, 120, 8;
L_00000238929b35f0 .part v00000238928d2ed0_0, 4, 1;
L_00000238929b5170 .part v00000238928d3010_0, 0, 8;
L_00000238929b30f0 .part v00000238928d2ed0_0, 5, 1;
L_00000238929b46d0 .part L_00000238929ad1f0, 40, 8;
L_00000238929b3690 .part v00000238928d3010_0, 8, 8;
L_00000238929b4770 .part v00000238928d2ed0_0, 5, 1;
L_00000238929b53f0 .part v00000238928d3010_0, 16, 8;
L_00000238929b3e10 .part v00000238928d2ed0_0, 5, 1;
L_00000238929b3370 .part v00000238928d3010_0, 24, 8;
L_00000238929b4b30 .part v00000238928d2ed0_0, 5, 1;
L_00000238929b3cd0 .part v00000238928d3010_0, 32, 8;
L_00000238929b4450 .part v00000238928d2ed0_0, 5, 1;
L_00000238929b4a90 .part v00000238928d3010_0, 40, 8;
L_00000238929b4810 .part v00000238928d2ed0_0, 5, 1;
L_00000238929b4630 .part v00000238928d3010_0, 48, 8;
L_00000238929b4090 .part v00000238928d2ed0_0, 5, 1;
L_00000238929b3d70 .part v00000238928d3010_0, 56, 8;
L_00000238929b3b90 .part v00000238928d2ed0_0, 5, 1;
L_00000238929b3f50 .part v00000238928d3010_0, 64, 8;
L_00000238929b4bd0 .part v00000238928d2ed0_0, 5, 1;
L_00000238929b3730 .part v00000238928d3010_0, 72, 8;
L_00000238929b3c30 .part v00000238928d2ed0_0, 5, 1;
L_00000238929b50d0 .part v00000238928d3010_0, 80, 8;
L_00000238929b3af0 .part v00000238928d2ed0_0, 5, 1;
L_00000238929b4c70 .part v00000238928d3010_0, 88, 8;
L_00000238929b39b0 .part v00000238928d2ed0_0, 5, 1;
L_00000238929b48b0 .part v00000238928d3010_0, 96, 8;
L_00000238929b41d0 .part v00000238928d2ed0_0, 5, 1;
L_00000238929b3230 .part v00000238928d3010_0, 104, 8;
L_00000238929b32d0 .part v00000238928d2ed0_0, 5, 1;
L_00000238929b49f0 .part v00000238928d3010_0, 112, 8;
L_00000238929b5350 .part v00000238928d2ed0_0, 5, 1;
L_00000238929b3410 .part v00000238928d3010_0, 120, 8;
L_00000238929b4d10 .part v00000238928d2ed0_0, 5, 1;
L_00000238929b4db0 .part v00000238928d3010_0, 0, 8;
L_00000238929b37d0 .part v00000238928d2ed0_0, 6, 1;
L_00000238929b5530 .part L_00000238929ad1f0, 48, 8;
L_00000238929b5850 .part v00000238928d3010_0, 8, 8;
L_00000238929b44f0 .part v00000238928d2ed0_0, 6, 1;
L_00000238929b34b0 .part v00000238928d3010_0, 16, 8;
L_00000238929b4e50 .part v00000238928d2ed0_0, 6, 1;
L_00000238929b3eb0 .part v00000238928d3010_0, 24, 8;
L_00000238929b3ff0 .part v00000238928d2ed0_0, 6, 1;
L_00000238929b4270 .part v00000238928d3010_0, 32, 8;
L_00000238929b4ef0 .part v00000238928d2ed0_0, 6, 1;
L_00000238929b3870 .part v00000238928d3010_0, 40, 8;
L_00000238929b4f90 .part v00000238928d2ed0_0, 6, 1;
L_00000238929b5030 .part v00000238928d3010_0, 48, 8;
L_00000238929b4130 .part v00000238928d2ed0_0, 6, 1;
L_00000238929b5210 .part v00000238928d3010_0, 56, 8;
L_00000238929b3910 .part v00000238928d2ed0_0, 6, 1;
L_00000238929b4310 .part v00000238928d3010_0, 64, 8;
L_00000238929b3a50 .part v00000238928d2ed0_0, 6, 1;
L_00000238929b4590 .part v00000238928d3010_0, 72, 8;
L_00000238929b52b0 .part v00000238928d2ed0_0, 6, 1;
L_00000238929b43b0 .part v00000238928d3010_0, 80, 8;
L_00000238929b5670 .part v00000238928d2ed0_0, 6, 1;
L_00000238929b5490 .part v00000238928d3010_0, 88, 8;
L_00000238929b55d0 .part v00000238928d2ed0_0, 6, 1;
L_00000238929b5710 .part v00000238928d3010_0, 96, 8;
L_00000238929b3190 .part v00000238928d2ed0_0, 6, 1;
L_00000238929b64d0 .part v00000238928d3010_0, 104, 8;
L_00000238929b6ed0 .part v00000238928d2ed0_0, 6, 1;
L_00000238929b7ab0 .part v00000238928d3010_0, 112, 8;
L_00000238929b5b70 .part v00000238928d2ed0_0, 6, 1;
L_00000238929b5f30 .part v00000238928d3010_0, 120, 8;
L_00000238929b7790 .part v00000238928d2ed0_0, 6, 1;
L_00000238929b66b0 .part v00000238928d3010_0, 0, 8;
L_00000238929b6570 .part v00000238928d2ed0_0, 7, 1;
L_00000238929b6750 .part L_00000238929ad1f0, 56, 8;
L_00000238929b5c10 .part v00000238928d3010_0, 8, 8;
L_00000238929b5990 .part v00000238928d2ed0_0, 7, 1;
L_00000238929b7650 .part v00000238928d3010_0, 16, 8;
L_00000238929b61b0 .part v00000238928d2ed0_0, 7, 1;
L_00000238929b7290 .part v00000238928d3010_0, 24, 8;
L_00000238929b76f0 .part v00000238928d2ed0_0, 7, 1;
L_00000238929b5df0 .part v00000238928d3010_0, 32, 8;
L_00000238929b7970 .part v00000238928d2ed0_0, 7, 1;
L_00000238929b7fb0 .part v00000238928d3010_0, 40, 8;
L_00000238929b5d50 .part v00000238928d2ed0_0, 7, 1;
L_00000238929b6110 .part v00000238928d3010_0, 48, 8;
L_00000238929b7330 .part v00000238928d2ed0_0, 7, 1;
L_00000238929b7b50 .part v00000238928d3010_0, 56, 8;
L_00000238929b7150 .part v00000238928d2ed0_0, 7, 1;
L_00000238929b7830 .part v00000238928d3010_0, 64, 8;
L_00000238929b6250 .part v00000238928d2ed0_0, 7, 1;
L_00000238929b6610 .part v00000238928d3010_0, 72, 8;
L_00000238929b62f0 .part v00000238928d2ed0_0, 7, 1;
L_00000238929b6c50 .part v00000238928d3010_0, 80, 8;
L_00000238929b71f0 .part v00000238928d2ed0_0, 7, 1;
L_00000238929b7a10 .part v00000238928d3010_0, 88, 8;
L_00000238929b67f0 .part v00000238928d2ed0_0, 7, 1;
L_00000238929b6390 .part v00000238928d3010_0, 96, 8;
L_00000238929b7bf0 .part v00000238928d2ed0_0, 7, 1;
L_00000238929b6430 .part v00000238928d3010_0, 104, 8;
L_00000238929b7e70 .part v00000238928d2ed0_0, 7, 1;
L_00000238929b6890 .part v00000238928d3010_0, 112, 8;
L_00000238929b6930 .part v00000238928d2ed0_0, 7, 1;
L_00000238929b69d0 .part v00000238928d3010_0, 120, 8;
L_00000238929b75b0 .part v00000238928d2ed0_0, 7, 1;
L_00000238929b5a30 .part v00000238928d3010_0, 0, 8;
L_00000238929b5ad0 .part v00000238928d2ed0_0, 8, 1;
L_00000238929b6a70 .part L_00000238929ad1f0, 64, 8;
L_00000238929b5fd0 .part v00000238928d3010_0, 8, 8;
L_00000238929b78d0 .part v00000238928d2ed0_0, 8, 1;
L_00000238929b6b10 .part v00000238928d3010_0, 16, 8;
L_00000238929b6bb0 .part v00000238928d2ed0_0, 8, 1;
L_00000238929b6cf0 .part v00000238928d3010_0, 24, 8;
L_00000238929b7510 .part v00000238928d2ed0_0, 8, 1;
L_00000238929b6d90 .part v00000238928d3010_0, 32, 8;
L_00000238929b6070 .part v00000238928d2ed0_0, 8, 1;
L_00000238929b6e30 .part v00000238928d3010_0, 40, 8;
L_00000238929b6f70 .part v00000238928d2ed0_0, 8, 1;
L_00000238929b7010 .part v00000238928d3010_0, 48, 8;
L_00000238929b70b0 .part v00000238928d2ed0_0, 8, 1;
L_00000238929b7470 .part v00000238928d3010_0, 56, 8;
L_00000238929b7f10 .part v00000238928d2ed0_0, 8, 1;
L_00000238929b73d0 .part v00000238928d3010_0, 64, 8;
L_00000238929b5cb0 .part v00000238928d2ed0_0, 8, 1;
L_00000238929b7c90 .part v00000238928d3010_0, 72, 8;
L_00000238929b7d30 .part v00000238928d2ed0_0, 8, 1;
L_00000238929b7dd0 .part v00000238928d3010_0, 80, 8;
L_00000238929b8050 .part v00000238928d2ed0_0, 8, 1;
L_00000238929b58f0 .part v00000238928d3010_0, 88, 8;
L_00000238929b5e90 .part v00000238928d2ed0_0, 8, 1;
L_00000238929b99f0 .part v00000238928d3010_0, 96, 8;
L_00000238929b9a90 .part v00000238928d2ed0_0, 8, 1;
L_00000238929b8d70 .part v00000238928d3010_0, 104, 8;
L_00000238929ba670 .part v00000238928d2ed0_0, 8, 1;
L_00000238929b9bd0 .part v00000238928d3010_0, 112, 8;
L_00000238929ba490 .part v00000238928d2ed0_0, 8, 1;
L_00000238929b8f50 .part v00000238928d3010_0, 120, 8;
L_00000238929ba710 .part v00000238928d2ed0_0, 8, 1;
L_00000238929ba530 .part v00000238928d3010_0, 0, 8;
L_00000238929b8730 .part v00000238928d2ed0_0, 9, 1;
L_00000238929b9630 .part L_00000238929ad1f0, 72, 8;
L_00000238929b8ff0 .part v00000238928d3010_0, 8, 8;
L_00000238929b96d0 .part v00000238928d2ed0_0, 9, 1;
L_00000238929b9db0 .part v00000238928d3010_0, 16, 8;
L_00000238929ba7b0 .part v00000238928d2ed0_0, 9, 1;
L_00000238929b8190 .part v00000238928d3010_0, 24, 8;
L_00000238929b9090 .part v00000238928d2ed0_0, 9, 1;
L_00000238929b8910 .part v00000238928d3010_0, 32, 8;
L_00000238929ba5d0 .part v00000238928d2ed0_0, 9, 1;
L_00000238929b9770 .part v00000238928d3010_0, 40, 8;
L_00000238929b9950 .part v00000238928d2ed0_0, 9, 1;
L_00000238929ba850 .part v00000238928d3010_0, 48, 8;
L_00000238929b8230 .part v00000238928d2ed0_0, 9, 1;
L_00000238929b82d0 .part v00000238928d3010_0, 56, 8;
L_00000238929b9c70 .part v00000238928d2ed0_0, 9, 1;
L_00000238929b87d0 .part v00000238928d3010_0, 64, 8;
L_00000238929b9130 .part v00000238928d2ed0_0, 9, 1;
L_00000238929b80f0 .part v00000238928d3010_0, 72, 8;
L_00000238929b91d0 .part v00000238928d2ed0_0, 9, 1;
L_00000238929b8370 .part v00000238928d3010_0, 80, 8;
L_00000238929b9450 .part v00000238928d2ed0_0, 9, 1;
L_00000238929b8870 .part v00000238928d3010_0, 88, 8;
L_00000238929b9810 .part v00000238928d2ed0_0, 9, 1;
L_00000238929b98b0 .part v00000238928d3010_0, 96, 8;
L_00000238929b8410 .part v00000238928d2ed0_0, 9, 1;
L_00000238929b8c30 .part v00000238928d3010_0, 104, 8;
L_00000238929b84b0 .part v00000238928d2ed0_0, 9, 1;
L_00000238929b8cd0 .part v00000238928d3010_0, 112, 8;
L_00000238929b9310 .part v00000238928d2ed0_0, 9, 1;
L_00000238929b9b30 .part v00000238928d3010_0, 120, 8;
L_00000238929ba0d0 .part v00000238928d2ed0_0, 9, 1;
L_00000238929b8550 .part v00000238928d3010_0, 0, 8;
L_00000238929b9270 .part v00000238928d2ed0_0, 10, 1;
L_00000238929b85f0 .part L_00000238929ad1f0, 80, 8;
L_00000238929b8690 .part v00000238928d3010_0, 8, 8;
L_00000238929b89b0 .part v00000238928d2ed0_0, 10, 1;
L_00000238929ba170 .part v00000238928d3010_0, 16, 8;
L_00000238929b8a50 .part v00000238928d2ed0_0, 10, 1;
L_00000238929b9d10 .part v00000238928d3010_0, 24, 8;
L_00000238929b8af0 .part v00000238928d2ed0_0, 10, 1;
L_00000238929b8e10 .part v00000238928d3010_0, 32, 8;
L_00000238929b93b0 .part v00000238928d2ed0_0, 10, 1;
L_00000238929b9e50 .part v00000238928d3010_0, 40, 8;
L_00000238929b9ef0 .part v00000238928d2ed0_0, 10, 1;
L_00000238929b94f0 .part v00000238928d3010_0, 48, 8;
L_00000238929b9590 .part v00000238928d2ed0_0, 10, 1;
L_00000238929b9f90 .part v00000238928d3010_0, 56, 8;
L_00000238929ba210 .part v00000238928d2ed0_0, 10, 1;
L_00000238929ba030 .part v00000238928d3010_0, 64, 8;
L_00000238929b8b90 .part v00000238928d2ed0_0, 10, 1;
L_00000238929ba2b0 .part v00000238928d3010_0, 72, 8;
L_00000238929ba350 .part v00000238928d2ed0_0, 10, 1;
L_00000238929ba3f0 .part v00000238928d3010_0, 80, 8;
L_00000238929b8eb0 .part v00000238928d2ed0_0, 10, 1;
L_00000238929bcfb0 .part v00000238928d3010_0, 88, 8;
L_00000238929baf30 .part v00000238928d2ed0_0, 10, 1;
L_00000238929bd050 .part v00000238928d3010_0, 96, 8;
L_00000238929bab70 .part v00000238928d2ed0_0, 10, 1;
L_00000238929bc470 .part v00000238928d3010_0, 104, 8;
L_00000238929bc650 .part v00000238928d2ed0_0, 10, 1;
L_00000238929bc8d0 .part v00000238928d3010_0, 112, 8;
L_00000238929bc290 .part v00000238928d2ed0_0, 10, 1;
L_00000238929bbe30 .part v00000238928d3010_0, 120, 8;
L_00000238929badf0 .part v00000238928d2ed0_0, 10, 1;
L_00000238929bb750 .part v00000238928d3010_0, 0, 8;
L_00000238929ba8f0 .part v00000238928d2ed0_0, 11, 1;
L_00000238929bad50 .part L_00000238929ad1f0, 88, 8;
L_00000238929bb110 .part v00000238928d3010_0, 8, 8;
L_00000238929bc330 .part v00000238928d2ed0_0, 11, 1;
L_00000238929bb7f0 .part v00000238928d3010_0, 16, 8;
L_00000238929bb570 .part v00000238928d2ed0_0, 11, 1;
L_00000238929bc5b0 .part v00000238928d3010_0, 24, 8;
L_00000238929ba990 .part v00000238928d2ed0_0, 11, 1;
L_00000238929bc510 .part v00000238928d3010_0, 32, 8;
L_00000238929bb890 .part v00000238928d2ed0_0, 11, 1;
L_00000238929baad0 .part v00000238928d3010_0, 40, 8;
L_00000238929bc0b0 .part v00000238928d2ed0_0, 11, 1;
L_00000238929bacb0 .part v00000238928d3010_0, 48, 8;
L_00000238929bc830 .part v00000238928d2ed0_0, 11, 1;
L_00000238929bc3d0 .part v00000238928d3010_0, 56, 8;
L_00000238929bc6f0 .part v00000238928d2ed0_0, 11, 1;
L_00000238929bc010 .part v00000238928d3010_0, 64, 8;
L_00000238929bbed0 .part v00000238928d2ed0_0, 11, 1;
L_00000238929bbc50 .part v00000238928d3010_0, 72, 8;
L_00000238929bcd30 .part v00000238928d2ed0_0, 11, 1;
L_00000238929bb070 .part v00000238928d3010_0, 80, 8;
L_00000238929bba70 .part v00000238928d2ed0_0, 11, 1;
L_00000238929bbbb0 .part v00000238928d3010_0, 88, 8;
L_00000238929bafd0 .part v00000238928d2ed0_0, 11, 1;
L_00000238929bc970 .part v00000238928d3010_0, 96, 8;
L_00000238929bae90 .part v00000238928d2ed0_0, 11, 1;
L_00000238929bb610 .part v00000238928d3010_0, 104, 8;
L_00000238929bce70 .part v00000238928d2ed0_0, 11, 1;
L_00000238929bb1b0 .part v00000238928d3010_0, 112, 8;
L_00000238929bb390 .part v00000238928d2ed0_0, 11, 1;
L_00000238929bcc90 .part v00000238928d3010_0, 120, 8;
L_00000238929bcdd0 .part v00000238928d2ed0_0, 11, 1;
LS_00000238929bb430_0_0 .concat8 [ 32 32 32 32], L_00000238929c4270, L_00000238929c47b0, L_00000238929c4900, L_00000238929c4190;
LS_00000238929bb430_0_4 .concat8 [ 32 32 32 32], L_00000238929c58c0, L_00000238929c5540, L_00000238929c4e40, L_00000238929c4430;
LS_00000238929bb430_0_8 .concat8 [ 32 32 32 32], L_00000238929c5af0, L_00000238929c5b60, L_00000238929c5c40, L_00000238929ef950;
LS_00000238929bb430_0_12 .concat8 [ 32 32 32 32], L_00000238929efe90, L_00000238929efd40, L_00000238929ef9c0, L_00000238929efaa0;
L_00000238929bb430 .concat8 [ 128 128 128 128], LS_00000238929bb430_0_0, LS_00000238929bb430_0_4, LS_00000238929bb430_0_8, LS_00000238929bb430_0_12;
S_00000238927dfd30 .scope generate, "ROW_LOOP[0]" "ROW_LOOP[0]" 9 54, 9 54 0, S_00000238927e0370;
 .timescale -9 -12;
P_00000238926ee750 .param/l "r" 0 9 54, +C4<00>;
S_00000238927e0050 .scope generate, "COL_LOOP[0]" "COL_LOOP[0]" 9 55, 9 55 0, S_00000238927dfd30;
 .timescale -9 -12;
P_00000238926ee890 .param/l "c" 0 9 55, +C4<00>;
v0000023892559f80_0 .net "pe_in_act", 7 0, L_00000238929ade70;  1 drivers
L_000002389294c2b0 .functor BUFT 1, C4<00000000000000000000000000000000>, C4<0>, C4<0>, C4<0>;
v000002389255a8e0_0 .net "pe_in_psum", 31 0, L_000002389294c2b0;  1 drivers
v000002389255a3e0_0 .net "pe_in_weight", 7 0, L_00000238929ad3d0;  1 drivers
v000002389255a520_0 .net "pe_load_en", 0 0, L_00000238929accf0;  1 drivers
S_00000238927df0b0 .scope generate, "genblk1" "genblk1" 9 61, 9 61 0, S_00000238927e0050;
 .timescale -9 -12;
S_00000238927df3d0 .scope generate, "genblk2" "genblk2" 9 72, 9 72 0, S_00000238927e0050;
 .timescale -9 -12;
S_00000238927dfa10 .scope module, "pe_inst" "pe" 9 91, 10 12 0, S_00000238927e0050;
 .timescale 0 0;
    .port_info 0 /INPUT 1 "clk";
    .port_info 1 /INPUT 1 "rst_n";
    .port_info 2 /INPUT 1 "en_compute";
    .port_info 3 /INPUT 1 "load_weight";
    .port_info 4 /INPUT 8 "in_act";
    .port_info 5 /INPUT 8 "in_weight";
    .port_info 6 /INPUT 32 "in_psum";
    .port_info 7 /OUTPUT 8 "out_act";
    .port_info 8 /OUTPUT 32 "out_psum";
v000002389255bf60_0 .net "clk", 0 0, v00000238928c9830_0;  alias, 1 drivers
v000002389255b560_0 .net "en_compute", 0 0, L_000002389294c268;  alias, 1 drivers
v0000023892559ee0_0 .net "in_act", 7 0, L_00000238929ade70;  alias, 1 drivers
v00000238925593a0_0 .net "in_psum", 31 0, L_000002389294c2b0;  alias, 1 drivers
v000002389255a7a0_0 .net "in_weight", 7 0, L_00000238929ad3d0;  alias, 1 drivers
v000002389255b6a0_0 .net "load_weight", 0 0, L_00000238929accf0;  alias, 1 drivers
v000002389255ad40_0 .var "out_act", 7 0;
v000002389255ade0_0 .var "out_psum", 31 0;
v0000023892559440_0 .var/s "reg_weight", 7 0;
v000002389255b240_0 .net "rst_n", 0 0, L_00000238926d5550;  alias, 1 drivers
S_00000238927df6f0 .scope generate, "COL_LOOP[1]" "COL_LOOP[1]" 9 55, 9 55 0, S_00000238927dfd30;
 .timescale -9 -12;
P_00000238926eedd0 .param/l "c" 0 9 55, +C4<01>;
v0000023892559620_0 .net "pe_in_act", 7 0, L_00000238926d5ef0;  1 drivers
L_000002389294c2f8 .functor BUFT 1, C4<00000000000000000000000000000000>, C4<0>, C4<0>, C4<0>;
v00000238925596c0_0 .net "pe_in_psum", 31 0, L_000002389294c2f8;  1 drivers
v00000238925780d0_0 .net "pe_in_weight", 7 0, L_00000238929abd50;  1 drivers
v0000023892578a30_0 .net "pe_load_en", 0 0, L_00000238929adf10;  1 drivers
S_00000238927e0b40 .scope generate, "genblk1" "genblk1" 9 61, 9 61 0, S_00000238927df6f0;
 .timescale -9 -12;
L_00000238926d5ef0 .functor BUFZ 8, v000002389255ad40_0, C4<00000000>, C4<00000000>, C4<00000000>;
S_00000238927dfba0 .scope generate, "genblk2" "genblk2" 9 72, 9 72 0, S_00000238927df6f0;
 .timescale -9 -12;
S_00000238927df880 .scope module, "pe_inst" "pe" 9 91, 10 12 0, S_00000238927df6f0;
 .timescale 0 0;
    .port_info 0 /INPUT 1 "clk";
    .port_info 1 /INPUT 1 "rst_n";
    .port_info 2 /INPUT 1 "en_compute";
    .port_info 3 /INPUT 1 "load_weight";
    .port_info 4 /INPUT 8 "in_act";
    .port_info 5 /INPUT 8 "in_weight";
    .port_info 6 /INPUT 32 "in_psum";
    .port_info 7 /OUTPUT 8 "out_act";
    .port_info 8 /OUTPUT 32 "out_psum";
v000002389255b420_0 .net "clk", 0 0, v00000238928c9830_0;  alias, 1 drivers
v000002389255ac00_0 .net "en_compute", 0 0, L_000002389294c268;  alias, 1 drivers
v000002389255b7e0_0 .net "in_act", 7 0, L_00000238926d5ef0;  alias, 1 drivers
v0000023892559080_0 .net "in_psum", 31 0, L_000002389294c2f8;  alias, 1 drivers
v00000238925591c0_0 .net "in_weight", 7 0, L_00000238929abd50;  alias, 1 drivers
v0000023892559a80_0 .net "load_weight", 0 0, L_00000238929adf10;  alias, 1 drivers
v00000238925594e0_0 .var "out_act", 7 0;
v0000023892559800_0 .var "out_psum", 31 0;
v0000023892559b20_0 .var/s "reg_weight", 7 0;
v000002389255ae80_0 .net "rst_n", 0 0, L_00000238926d5550;  alias, 1 drivers
S_00000238927e0e60 .scope generate, "COL_LOOP[2]" "COL_LOOP[2]" 9 55, 9 55 0, S_00000238927dfd30;
 .timescale -9 -12;
P_00000238926eee10 .param/l "c" 0 9 55, +C4<010>;
v0000023892577e50_0 .net "pe_in_act", 7 0, L_00000238926d5f60;  1 drivers
L_000002389294c340 .functor BUFT 1, C4<00000000000000000000000000000000>, C4<0>, C4<0>, C4<0>;
v00000238925767d0_0 .net "pe_in_psum", 31 0, L_000002389294c340;  1 drivers
v0000023892575510_0 .net "pe_in_weight", 7 0, L_00000238929abad0;  1 drivers
v00000238925776d0_0 .net "pe_load_en", 0 0, L_00000238929acd90;  1 drivers
S_00000238927dfec0 .scope generate, "genblk1" "genblk1" 9 61, 9 61 0, S_00000238927e0e60;
 .timescale -9 -12;
L_00000238926d5f60 .functor BUFZ 8, v00000238925594e0_0, C4<00000000>, C4<00000000>, C4<00000000>;
S_00000238927e01e0 .scope generate, "genblk2" "genblk2" 9 72, 9 72 0, S_00000238927e0e60;
 .timescale -9 -12;
S_00000238927e0690 .scope module, "pe_inst" "pe" 9 91, 10 12 0, S_00000238927e0e60;
 .timescale 0 0;
    .port_info 0 /INPUT 1 "clk";
    .port_info 1 /INPUT 1 "rst_n";
    .port_info 2 /INPUT 1 "en_compute";
    .port_info 3 /INPUT 1 "load_weight";
    .port_info 4 /INPUT 8 "in_act";
    .port_info 5 /INPUT 8 "in_weight";
    .port_info 6 /INPUT 32 "in_psum";
    .port_info 7 /OUTPUT 8 "out_act";
    .port_info 8 /OUTPUT 32 "out_psum";
v0000023892578d50_0 .net "clk", 0 0, v00000238928c9830_0;  alias, 1 drivers
v0000023892578ad0_0 .net "en_compute", 0 0, L_000002389294c268;  alias, 1 drivers
v0000023892577950_0 .net "in_act", 7 0, L_00000238926d5f60;  alias, 1 drivers
v0000023892577bd0_0 .net "in_psum", 31 0, L_000002389294c340;  alias, 1 drivers
v0000023892578490_0 .net "in_weight", 7 0, L_00000238929abad0;  alias, 1 drivers
v00000238925783f0_0 .net "load_weight", 0 0, L_00000238929acd90;  alias, 1 drivers
v0000023892578530_0 .var "out_act", 7 0;
v00000238925787b0_0 .var "out_psum", 31 0;
v0000023892577c70_0 .var/s "reg_weight", 7 0;
v00000238925788f0_0 .net "rst_n", 0 0, L_00000238926d5550;  alias, 1 drivers
S_00000238927e0820 .scope generate, "COL_LOOP[3]" "COL_LOOP[3]" 9 55, 9 55 0, S_00000238927dfd30;
 .timescale -9 -12;
P_00000238926eefd0 .param/l "c" 0 9 55, +C4<011>;
v0000023892575e70_0 .net "pe_in_act", 7 0, L_00000238926d60b0;  1 drivers
L_000002389294c388 .functor BUFT 1, C4<00000000000000000000000000000000>, C4<0>, C4<0>, C4<0>;
v0000023892577450_0 .net "pe_in_psum", 31 0, L_000002389294c388;  1 drivers
v0000023892575fb0_0 .net "pe_in_weight", 7 0, L_00000238929abf30;  1 drivers
v0000023892576910_0 .net "pe_load_en", 0 0, L_00000238929abfd0;  1 drivers
S_00000238927e09b0 .scope generate, "genblk1" "genblk1" 9 61, 9 61 0, S_00000238927e0820;
 .timescale -9 -12;
L_00000238926d60b0 .functor BUFZ 8, v0000023892578530_0, C4<00000000>, C4<00000000>, C4<00000000>;
S_00000238927e4070 .scope generate, "genblk2" "genblk2" 9 72, 9 72 0, S_00000238927e0820;
 .timescale -9 -12;
S_00000238927e3260 .scope module, "pe_inst" "pe" 9 91, 10 12 0, S_00000238927e0820;
 .timescale 0 0;
    .port_info 0 /INPUT 1 "clk";
    .port_info 1 /INPUT 1 "rst_n";
    .port_info 2 /INPUT 1 "en_compute";
    .port_info 3 /INPUT 1 "load_weight";
    .port_info 4 /INPUT 8 "in_act";
    .port_info 5 /INPUT 8 "in_weight";
    .port_info 6 /INPUT 32 "in_psum";
    .port_info 7 /OUTPUT 8 "out_act";
    .port_info 8 /OUTPUT 32 "out_psum";
v0000023892576f50_0 .net "clk", 0 0, v00000238928c9830_0;  alias, 1 drivers
v00000238925773b0_0 .net "en_compute", 0 0, L_000002389294c268;  alias, 1 drivers
v0000023892575970_0 .net "in_act", 7 0, L_00000238926d60b0;  alias, 1 drivers
v0000023892577090_0 .net "in_psum", 31 0, L_000002389294c388;  alias, 1 drivers
v0000023892575c90_0 .net "in_weight", 7 0, L_00000238929abf30;  alias, 1 drivers
v0000023892575290_0 .net "load_weight", 0 0, L_00000238929abfd0;  alias, 1 drivers
v0000023892576550_0 .var "out_act", 7 0;
v0000023892575330_0 .var "out_psum", 31 0;
v0000023892577770_0 .var/s "reg_weight", 7 0;
v00000238925756f0_0 .net "rst_n", 0 0, L_00000238926d5550;  alias, 1 drivers
S_00000238927e3580 .scope generate, "COL_LOOP[4]" "COL_LOOP[4]" 9 55, 9 55 0, S_00000238927dfd30;
 .timescale -9 -12;
P_00000238926eec10 .param/l "c" 0 9 55, +C4<0100>;
v00000238925d7ec0_0 .net "pe_in_act", 7 0, L_00000238926d7cb0;  1 drivers
L_000002389294c3d0 .functor BUFT 1, C4<00000000000000000000000000000000>, C4<0>, C4<0>, C4<0>;
v00000238925d7f60_0 .net "pe_in_psum", 31 0, L_000002389294c3d0;  1 drivers
v00000238925d85a0_0 .net "pe_in_weight", 7 0, L_00000238929ac1b0;  1 drivers
v00000238925d8be0_0 .net "pe_load_en", 0 0, L_00000238929ac250;  1 drivers
S_00000238927e4cf0 .scope generate, "genblk1" "genblk1" 9 61, 9 61 0, S_00000238927e3580;
 .timescale -9 -12;
L_00000238926d7cb0 .functor BUFZ 8, v0000023892576550_0, C4<00000000>, C4<00000000>, C4<00000000>;
S_00000238927e30d0 .scope generate, "genblk2" "genblk2" 9 72, 9 72 0, S_00000238927e3580;
 .timescale -9 -12;
S_00000238927e3ee0 .scope module, "pe_inst" "pe" 9 91, 10 12 0, S_00000238927e3580;
 .timescale 0 0;
    .port_info 0 /INPUT 1 "clk";
    .port_info 1 /INPUT 1 "rst_n";
    .port_info 2 /INPUT 1 "en_compute";
    .port_info 3 /INPUT 1 "load_weight";
    .port_info 4 /INPUT 8 "in_act";
    .port_info 5 /INPUT 8 "in_weight";
    .port_info 6 /INPUT 32 "in_psum";
    .port_info 7 /OUTPUT 8 "out_act";
    .port_info 8 /OUTPUT 32 "out_psum";
v0000023892576230_0 .net "clk", 0 0, v00000238928c9830_0;  alias, 1 drivers
v00000238925765f0_0 .net "en_compute", 0 0, L_000002389294c268;  alias, 1 drivers
v00000238925762d0_0 .net "in_act", 7 0, L_00000238926d7cb0;  alias, 1 drivers
v0000023892576370_0 .net "in_psum", 31 0, L_000002389294c3d0;  alias, 1 drivers
v0000023892576410_0 .net "in_weight", 7 0, L_00000238929ac1b0;  alias, 1 drivers
v0000023892576c30_0 .net "load_weight", 0 0, L_00000238929ac250;  alias, 1 drivers
v0000023892576a50_0 .var "out_act", 7 0;
v00000238925d7d80_0 .var "out_psum", 31 0;
v00000238925d7c40_0 .var/s "reg_weight", 7 0;
v00000238925d8320_0 .net "rst_n", 0 0, L_00000238926d5550;  alias, 1 drivers
S_00000238927e46b0 .scope generate, "COL_LOOP[5]" "COL_LOOP[5]" 9 55, 9 55 0, S_00000238927dfd30;
 .timescale -9 -12;
P_00000238926ee6d0 .param/l "c" 0 9 55, +C4<0101>;
v00000238925d62a0_0 .net "pe_in_act", 7 0, L_00000238926d6ac0;  1 drivers
L_000002389294c418 .functor BUFT 1, C4<00000000000000000000000000000000>, C4<0>, C4<0>, C4<0>;
v00000238925d68e0_0 .net "pe_in_psum", 31 0, L_000002389294c418;  1 drivers
v00000238925d6d40_0 .net "pe_in_weight", 7 0, L_00000238929ac2f0;  1 drivers
v00000238925d6340_0 .net "pe_load_en", 0 0, L_00000238929acf70;  1 drivers
S_00000238927e4840 .scope generate, "genblk1" "genblk1" 9 61, 9 61 0, S_00000238927e46b0;
 .timescale -9 -12;
L_00000238926d6ac0 .functor BUFZ 8, v0000023892576a50_0, C4<00000000>, C4<00000000>, C4<00000000>;
S_00000238927e3a30 .scope generate, "genblk2" "genblk2" 9 72, 9 72 0, S_00000238927e46b0;
 .timescale -9 -12;
S_00000238927e4200 .scope module, "pe_inst" "pe" 9 91, 10 12 0, S_00000238927e46b0;
 .timescale 0 0;
    .port_info 0 /INPUT 1 "clk";
    .port_info 1 /INPUT 1 "rst_n";
    .port_info 2 /INPUT 1 "en_compute";
    .port_info 3 /INPUT 1 "load_weight";
    .port_info 4 /INPUT 8 "in_act";
    .port_info 5 /INPUT 8 "in_weight";
    .port_info 6 /INPUT 32 "in_psum";
    .port_info 7 /OUTPUT 8 "out_act";
    .port_info 8 /OUTPUT 32 "out_psum";
v00000238925d86e0_0 .net "clk", 0 0, v00000238928c9830_0;  alias, 1 drivers
v00000238925d8c80_0 .net "en_compute", 0 0, L_000002389294c268;  alias, 1 drivers
v00000238925d8dc0_0 .net "in_act", 7 0, L_00000238926d6ac0;  alias, 1 drivers
v00000238925d8d20_0 .net "in_psum", 31 0, L_000002389294c418;  alias, 1 drivers
v00000238925d8780_0 .net "in_weight", 7 0, L_00000238929ac2f0;  alias, 1 drivers
v00000238925d80a0_0 .net "load_weight", 0 0, L_00000238929acf70;  alias, 1 drivers
v00000238925d74c0_0 .var "out_act", 7 0;
v00000238925d5620_0 .var "out_psum", 31 0;
v00000238925d56c0_0 .var/s "reg_weight", 7 0;
v00000238925d7600_0 .net "rst_n", 0 0, L_00000238926d5550;  alias, 1 drivers
S_00000238927e49d0 .scope generate, "COL_LOOP[6]" "COL_LOOP[6]" 9 55, 9 55 0, S_00000238927dfd30;
 .timescale -9 -12;
P_00000238926eea90 .param/l "c" 0 9 55, +C4<0110>;
v00000238925d5e40_0 .net "pe_in_act", 7 0, L_00000238926d7380;  1 drivers
L_000002389294c460 .functor BUFT 1, C4<00000000000000000000000000000000>, C4<0>, C4<0>, C4<0>;
v00000238925d7060_0 .net "pe_in_psum", 31 0, L_000002389294c460;  1 drivers
v00000238925d5f80_0 .net "pe_in_weight", 7 0, L_00000238929ace30;  1 drivers
v00000238925d6020_0 .net "pe_load_en", 0 0, L_00000238929ad470;  1 drivers
S_00000238927e38a0 .scope generate, "genblk1" "genblk1" 9 61, 9 61 0, S_00000238927e49d0;
 .timescale -9 -12;
L_00000238926d7380 .functor BUFZ 8, v00000238925d74c0_0, C4<00000000>, C4<00000000>, C4<00000000>;
S_00000238927e3bc0 .scope generate, "genblk2" "genblk2" 9 72, 9 72 0, S_00000238927e49d0;
 .timescale -9 -12;
S_00000238927e4e80 .scope module, "pe_inst" "pe" 9 91, 10 12 0, S_00000238927e49d0;
 .timescale 0 0;
    .port_info 0 /INPUT 1 "clk";
    .port_info 1 /INPUT 1 "rst_n";
    .port_info 2 /INPUT 1 "en_compute";
    .port_info 3 /INPUT 1 "load_weight";
    .port_info 4 /INPUT 8 "in_act";
    .port_info 5 /INPUT 8 "in_weight";
    .port_info 6 /INPUT 32 "in_psum";
    .port_info 7 /OUTPUT 8 "out_act";
    .port_info 8 /OUTPUT 32 "out_psum";
v00000238925d5440_0 .net "clk", 0 0, v00000238928c9830_0;  alias, 1 drivers
v00000238925d6520_0 .net "en_compute", 0 0, L_000002389294c268;  alias, 1 drivers
v00000238925d7100_0 .net "in_act", 7 0, L_00000238926d7380;  alias, 1 drivers
v00000238925d5760_0 .net "in_psum", 31 0, L_000002389294c460;  alias, 1 drivers
v00000238925d6fc0_0 .net "in_weight", 7 0, L_00000238929ace30;  alias, 1 drivers
v00000238925d5c60_0 .net "load_weight", 0 0, L_00000238929ad470;  alias, 1 drivers
v00000238925d5940_0 .var "out_act", 7 0;
v00000238925d63e0_0 .var "out_psum", 31 0;
v00000238925d5da0_0 .var/s "reg_weight", 7 0;
v00000238925d6de0_0 .net "rst_n", 0 0, L_00000238926d5550;  alias, 1 drivers
S_00000238927e4390 .scope generate, "COL_LOOP[7]" "COL_LOOP[7]" 9 55, 9 55 0, S_00000238927dfd30;
 .timescale -9 -12;
P_00000238926eed10 .param/l "c" 0 9 55, +C4<0111>;
v0000023892440e50_0 .net "pe_in_act", 7 0, L_00000238926d6eb0;  1 drivers
L_000002389294c4a8 .functor BUFT 1, C4<00000000000000000000000000000000>, C4<0>, C4<0>, C4<0>;
v00000238924401d0_0 .net "pe_in_psum", 31 0, L_000002389294c4a8;  1 drivers
v0000023892441030_0 .net "pe_in_weight", 7 0, L_00000238929ad970;  1 drivers
v000002389243fc30_0 .net "pe_load_en", 0 0, L_00000238929ac890;  1 drivers
S_00000238927e3d50 .scope generate, "genblk1" "genblk1" 9 61, 9 61 0, S_00000238927e4390;
 .timescale -9 -12;
L_00000238926d6eb0 .functor BUFZ 8, v00000238925d5940_0, C4<00000000>, C4<00000000>, C4<00000000>;
S_00000238927e33f0 .scope generate, "genblk2" "genblk2" 9 72, 9 72 0, S_00000238927e4390;
 .timescale -9 -12;
S_00000238927e4520 .scope module, "pe_inst" "pe" 9 91, 10 12 0, S_00000238927e4390;
 .timescale 0 0;
    .port_info 0 /INPUT 1 "clk";
    .port_info 1 /INPUT 1 "rst_n";
    .port_info 2 /INPUT 1 "en_compute";
    .port_info 3 /INPUT 1 "load_weight";
    .port_info 4 /INPUT 8 "in_act";
    .port_info 5 /INPUT 8 "in_weight";
    .port_info 6 /INPUT 32 "in_psum";
    .port_info 7 /OUTPUT 8 "out_act";
    .port_info 8 /OUTPUT 32 "out_psum";
v00000238925d6ac0_0 .net "clk", 0 0, v00000238928c9830_0;  alias, 1 drivers
v00000238925d7420_0 .net "en_compute", 0 0, L_000002389294c268;  alias, 1 drivers
v000002389243fa50_0 .net "in_act", 7 0, L_00000238926d6eb0;  alias, 1 drivers
v0000023892441170_0 .net "in_psum", 31 0, L_000002389294c4a8;  alias, 1 drivers
v0000023892440db0_0 .net "in_weight", 7 0, L_00000238929ad970;  alias, 1 drivers
v000002389243fff0_0 .net "load_weight", 0 0, L_00000238929ac890;  alias, 1 drivers
v00000238924406d0_0 .var "out_act", 7 0;
v0000023892440950_0 .var "out_psum", 31 0;
v00000238924404f0_0 .var/s "reg_weight", 7 0;
v00000238924409f0_0 .net "rst_n", 0 0, L_00000238926d5550;  alias, 1 drivers
S_00000238927e4b60 .scope generate, "COL_LOOP[8]" "COL_LOOP[8]" 9 55, 9 55 0, S_00000238927dfd30;
 .timescale -9 -12;
P_00000238926ee450 .param/l "c" 0 9 55, +C4<01000>;
v000002389243fe10_0 .net "pe_in_act", 7 0, L_00000238926d7460;  1 drivers
L_000002389294c4f0 .functor BUFT 1, C4<00000000000000000000000000000000>, C4<0>, C4<0>, C4<0>;
v0000023892440630_0 .net "pe_in_psum", 31 0, L_000002389294c4f0;  1 drivers
v0000023892440810_0 .net "pe_in_weight", 7 0, L_00000238929ac430;  1 drivers
v000002389243feb0_0 .net "pe_load_en", 0 0, L_00000238929ad6f0;  1 drivers
S_00000238927e3710 .scope generate, "genblk1" "genblk1" 9 61, 9 61 0, S_00000238927e4b60;
 .timescale -9 -12;
L_00000238926d7460 .functor BUFZ 8, v00000238924406d0_0, C4<00000000>, C4<00000000>, C4<00000000>;
S_00000238927e6e90 .scope generate, "genblk2" "genblk2" 9 72, 9 72 0, S_00000238927e4b60;
 .timescale -9 -12;
S_00000238927e6b70 .scope module, "pe_inst" "pe" 9 91, 10 12 0, S_00000238927e4b60;
 .timescale 0 0;
    .port_info 0 /INPUT 1 "clk";
    .port_info 1 /INPUT 1 "rst_n";
    .port_info 2 /INPUT 1 "en_compute";
    .port_info 3 /INPUT 1 "load_weight";
    .port_info 4 /INPUT 8 "in_act";
    .port_info 5 /INPUT 8 "in_weight";
    .port_info 6 /INPUT 32 "in_psum";
    .port_info 7 /OUTPUT 8 "out_act";
    .port_info 8 /OUTPUT 32 "out_psum";
v000002389243f730_0 .net "clk", 0 0, v00000238928c9830_0;  alias, 1 drivers
v000002389243faf0_0 .net "en_compute", 0 0, L_000002389294c268;  alias, 1 drivers
v000002389243ff50_0 .net "in_act", 7 0, L_00000238926d7460;  alias, 1 drivers
v000002389243fd70_0 .net "in_psum", 31 0, L_000002389294c4f0;  alias, 1 drivers
v000002389243fb90_0 .net "in_weight", 7 0, L_00000238929ac430;  alias, 1 drivers
v00000238924412b0_0 .net "load_weight", 0 0, L_00000238929ad6f0;  alias, 1 drivers
v0000023892440270_0 .var "out_act", 7 0;
v0000023892441350_0 .var "out_psum", 31 0;
v0000023892440770_0 .var/s "reg_weight", 7 0;
v00000238924413f0_0 .net "rst_n", 0 0, L_00000238926d5550;  alias, 1 drivers
S_00000238927e6210 .scope generate, "COL_LOOP[9]" "COL_LOOP[9]" 9 55, 9 55 0, S_00000238927dfd30;
 .timescale -9 -12;
P_00000238926ef190 .param/l "c" 0 9 55, +C4<01001>;
v0000023892429390_0 .net "pe_in_act", 7 0, L_00000238926d6dd0;  1 drivers
L_000002389294c538 .functor BUFT 1, C4<00000000000000000000000000000000>, C4<0>, C4<0>, C4<0>;
v0000023892429ed0_0 .net "pe_in_psum", 31 0, L_000002389294c538;  1 drivers
v000002389242aab0_0 .net "pe_in_weight", 7 0, L_00000238929adb50;  1 drivers
v0000023892429a70_0 .net "pe_load_en", 0 0, L_00000238929ac930;  1 drivers
S_00000238927e5a40 .scope generate, "genblk1" "genblk1" 9 61, 9 61 0, S_00000238927e6210;
 .timescale -9 -12;
L_00000238926d6dd0 .functor BUFZ 8, v0000023892440270_0, C4<00000000>, C4<00000000>, C4<00000000>;
S_00000238927e6d00 .scope generate, "genblk2" "genblk2" 9 72, 9 72 0, S_00000238927e6210;
 .timescale -9 -12;
S_00000238927e69e0 .scope module, "pe_inst" "pe" 9 91, 10 12 0, S_00000238927e6210;
 .timescale 0 0;
    .port_info 0 /INPUT 1 "clk";
    .port_info 1 /INPUT 1 "rst_n";
    .port_info 2 /INPUT 1 "en_compute";
    .port_info 3 /INPUT 1 "load_weight";
    .port_info 4 /INPUT 8 "in_act";
    .port_info 5 /INPUT 8 "in_weight";
    .port_info 6 /INPUT 32 "in_psum";
    .port_info 7 /OUTPUT 8 "out_act";
    .port_info 8 /OUTPUT 32 "out_psum";
v00000238924403b0_0 .net "clk", 0 0, v00000238928c9830_0;  alias, 1 drivers
v0000023892440b30_0 .net "en_compute", 0 0, L_000002389294c268;  alias, 1 drivers
v0000023892441490_0 .net "in_act", 7 0, L_00000238926d6dd0;  alias, 1 drivers
v0000023892440450_0 .net "in_psum", 31 0, L_000002389294c538;  alias, 1 drivers
v000002389242aa10_0 .net "in_weight", 7 0, L_00000238929adb50;  alias, 1 drivers
v00000238924299d0_0 .net "load_weight", 0 0, L_00000238929ac930;  alias, 1 drivers
v000002389242a830_0 .var "out_act", 7 0;
v0000023892429e30_0 .var "out_psum", 31 0;
v0000023892429070_0 .var/s "reg_weight", 7 0;
v0000023892429570_0 .net "rst_n", 0 0, L_00000238926d5550;  alias, 1 drivers
S_00000238927e50e0 .scope generate, "COL_LOOP[10]" "COL_LOOP[10]" 9 55, 9 55 0, S_00000238927dfd30;
 .timescale -9 -12;
P_00000238926eee90 .param/l "c" 0 9 55, +C4<01010>;
v000002389242a470_0 .net "pe_in_act", 7 0, L_00000238926d74d0;  1 drivers
L_000002389294c580 .functor BUFT 1, C4<00000000000000000000000000000000>, C4<0>, C4<0>, C4<0>;
v0000023892428fd0_0 .net "pe_in_psum", 31 0, L_000002389294c580;  1 drivers
v0000023892429110_0 .net "pe_in_weight", 7 0, L_00000238929ac4d0;  1 drivers
v0000023892429930_0 .net "pe_load_en", 0 0, L_00000238929ae050;  1 drivers
S_00000238927e5720 .scope generate, "genblk1" "genblk1" 9 61, 9 61 0, S_00000238927e50e0;
 .timescale -9 -12;
L_00000238926d74d0 .functor BUFZ 8, v000002389242a830_0, C4<00000000>, C4<00000000>, C4<00000000>;
S_00000238927e63a0 .scope generate, "genblk2" "genblk2" 9 72, 9 72 0, S_00000238927e50e0;
 .timescale -9 -12;
S_00000238927e6530 .scope module, "pe_inst" "pe" 9 91, 10 12 0, S_00000238927e50e0;
 .timescale 0 0;
    .port_info 0 /INPUT 1 "clk";
    .port_info 1 /INPUT 1 "rst_n";
    .port_info 2 /INPUT 1 "en_compute";
    .port_info 3 /INPUT 1 "load_weight";
    .port_info 4 /INPUT 8 "in_act";
    .port_info 5 /INPUT 8 "in_weight";
    .port_info 6 /INPUT 32 "in_psum";
    .port_info 7 /OUTPUT 8 "out_act";
    .port_info 8 /OUTPUT 32 "out_psum";
v000002389242ab50_0 .net "clk", 0 0, v00000238928c9830_0;  alias, 1 drivers
v000002389242a150_0 .net "en_compute", 0 0, L_000002389294c268;  alias, 1 drivers
v000002389242ac90_0 .net "in_act", 7 0, L_00000238926d74d0;  alias, 1 drivers
v0000023892429430_0 .net "in_psum", 31 0, L_000002389294c580;  alias, 1 drivers
v0000023892428f30_0 .net "in_weight", 7 0, L_00000238929ac4d0;  alias, 1 drivers
v0000023892428df0_0 .net "load_weight", 0 0, L_00000238929ae050;  alias, 1 drivers
v0000023892429750_0 .var "out_act", 7 0;
v000002389242a330_0 .var "out_psum", 31 0;
v0000023892428e90_0 .var/s "reg_weight", 7 0;
v0000023892429bb0_0 .net "rst_n", 0 0, L_00000238926d5550;  alias, 1 drivers
S_00000238927e5590 .scope generate, "COL_LOOP[11]" "COL_LOOP[11]" 9 55, 9 55 0, S_00000238927dfd30;
 .timescale -9 -12;
P_00000238926ee4d0 .param/l "c" 0 9 55, +C4<01011>;
v000002389244e990_0 .net "pe_in_act", 7 0, L_00000238926d6900;  1 drivers
L_000002389294c5c8 .functor BUFT 1, C4<00000000000000000000000000000000>, C4<0>, C4<0>, C4<0>;
v000002389244ead0_0 .net "pe_in_psum", 31 0, L_000002389294c5c8;  1 drivers
v000002389244ec10_0 .net "pe_in_weight", 7 0, L_00000238929ad650;  1 drivers
v000002389244e350_0 .net "pe_load_en", 0 0, L_00000238929ad790;  1 drivers
S_00000238927e5270 .scope generate, "genblk1" "genblk1" 9 61, 9 61 0, S_00000238927e5590;
 .timescale -9 -12;
L_00000238926d6900 .functor BUFZ 8, v0000023892429750_0, C4<00000000>, C4<00000000>, C4<00000000>;
S_00000238927e5ef0 .scope generate, "genblk2" "genblk2" 9 72, 9 72 0, S_00000238927e5590;
 .timescale -9 -12;
S_00000238927e58b0 .scope module, "pe_inst" "pe" 9 91, 10 12 0, S_00000238927e5590;
 .timescale 0 0;
    .port_info 0 /INPUT 1 "clk";
    .port_info 1 /INPUT 1 "rst_n";
    .port_info 2 /INPUT 1 "en_compute";
    .port_info 3 /INPUT 1 "load_weight";
    .port_info 4 /INPUT 8 "in_act";
    .port_info 5 /INPUT 8 "in_weight";
    .port_info 6 /INPUT 32 "in_psum";
    .port_info 7 /OUTPUT 8 "out_act";
    .port_info 8 /OUTPUT 32 "out_psum";
v00000238924291b0_0 .net "clk", 0 0, v00000238928c9830_0;  alias, 1 drivers
v0000023892429250_0 .net "en_compute", 0 0, L_000002389294c268;  alias, 1 drivers
v0000023892429610_0 .net "in_act", 7 0, L_00000238926d6900;  alias, 1 drivers
v00000238924296b0_0 .net "in_psum", 31 0, L_000002389294c5c8;  alias, 1 drivers
v0000023892429c50_0 .net "in_weight", 7 0, L_00000238929ad650;  alias, 1 drivers
v000002389244ef30_0 .net "load_weight", 0 0, L_00000238929ad790;  alias, 1 drivers
v000002389244e7b0_0 .var "out_act", 7 0;
v000002389244def0_0 .var "out_psum", 31 0;
v000002389244e8f0_0 .var/s "reg_weight", 7 0;
v000002389244e030_0 .net "rst_n", 0 0, L_00000238926d5550;  alias, 1 drivers
S_00000238927e5bd0 .scope generate, "COL_LOOP[12]" "COL_LOOP[12]" 9 55, 9 55 0, S_00000238927dfd30;
 .timescale -9 -12;
P_00000238926ee1d0 .param/l "c" 0 9 55, +C4<01100>;
v000002389244d810_0 .net "pe_in_act", 7 0, L_00000238926d7700;  1 drivers
L_000002389294c610 .functor BUFT 1, C4<00000000000000000000000000000000>, C4<0>, C4<0>, C4<0>;
v000002389244f2f0_0 .net "pe_in_psum", 31 0, L_000002389294c610;  1 drivers
v000002389244d8b0_0 .net "pe_in_weight", 7 0, L_00000238929ad830;  1 drivers
v00000238924a1440_0 .net "pe_load_en", 0 0, L_00000238929ad8d0;  1 drivers
S_00000238927e5400 .scope generate, "genblk1" "genblk1" 9 61, 9 61 0, S_00000238927e5bd0;
 .timescale -9 -12;
L_00000238926d7700 .functor BUFZ 8, v000002389244e7b0_0, C4<00000000>, C4<00000000>, C4<00000000>;
S_00000238927e66c0 .scope generate, "genblk2" "genblk2" 9 72, 9 72 0, S_00000238927e5bd0;
 .timescale -9 -12;
S_00000238927e5d60 .scope module, "pe_inst" "pe" 9 91, 10 12 0, S_00000238927e5bd0;
 .timescale 0 0;
    .port_info 0 /INPUT 1 "clk";
    .port_info 1 /INPUT 1 "rst_n";
    .port_info 2 /INPUT 1 "en_compute";
    .port_info 3 /INPUT 1 "load_weight";
    .port_info 4 /INPUT 8 "in_act";
    .port_info 5 /INPUT 8 "in_weight";
    .port_info 6 /INPUT 32 "in_psum";
    .port_info 7 /OUTPUT 8 "out_act";
    .port_info 8 /OUTPUT 32 "out_psum";
v000002389244efd0_0 .net "clk", 0 0, v00000238928c9830_0;  alias, 1 drivers
v000002389244d9f0_0 .net "en_compute", 0 0, L_000002389294c268;  alias, 1 drivers
v000002389244d950_0 .net "in_act", 7 0, L_00000238926d7700;  alias, 1 drivers
v000002389244f1b0_0 .net "in_psum", 31 0, L_000002389294c610;  alias, 1 drivers
v000002389244dbd0_0 .net "in_weight", 7 0, L_00000238929ad830;  alias, 1 drivers
v000002389244f250_0 .net "load_weight", 0 0, L_00000238929ad8d0;  alias, 1 drivers
v000002389244e3f0_0 .var "out_act", 7 0;
v000002389244d6d0_0 .var "out_psum", 31 0;
v000002389244ecb0_0 .var/s "reg_weight", 7 0;
v000002389244f430_0 .net "rst_n", 0 0, L_00000238926d5550;  alias, 1 drivers
S_00000238927e6080 .scope generate, "COL_LOOP[13]" "COL_LOOP[13]" 9 55, 9 55 0, S_00000238927dfd30;
 .timescale -9 -12;
P_00000238926ee710 .param/l "c" 0 9 55, +C4<01101>;
v00000238924a0360_0 .net "pe_in_act", 7 0, L_00000238926d63c0;  1 drivers
L_000002389294c658 .functor BUFT 1, C4<00000000000000000000000000000000>, C4<0>, C4<0>, C4<0>;
v000002389249fe60_0 .net "pe_in_psum", 31 0, L_000002389294c658;  1 drivers
v000002389249fa00_0 .net "pe_in_weight", 7 0, L_00000238929ada10;  1 drivers
v00000238924a0ea0_0 .net "pe_load_en", 0 0, L_00000238929ac570;  1 drivers
S_00000238927e6850 .scope generate, "genblk1" "genblk1" 9 61, 9 61 0, S_00000238927e6080;
 .timescale -9 -12;
L_00000238926d63c0 .functor BUFZ 8, v000002389244e3f0_0, C4<00000000>, C4<00000000>, C4<00000000>;
S_00000238927e7280 .scope generate, "genblk2" "genblk2" 9 72, 9 72 0, S_00000238927e6080;
 .timescale -9 -12;
S_00000238927e8860 .scope module, "pe_inst" "pe" 9 91, 10 12 0, S_00000238927e6080;
 .timescale 0 0;
    .port_info 0 /INPUT 1 "clk";
    .port_info 1 /INPUT 1 "rst_n";
    .port_info 2 /INPUT 1 "en_compute";
    .port_info 3 /INPUT 1 "load_weight";
    .port_info 4 /INPUT 8 "in_act";
    .port_info 5 /INPUT 8 "in_weight";
    .port_info 6 /INPUT 32 "in_psum";
    .port_info 7 /OUTPUT 8 "out_act";
    .port_info 8 /OUTPUT 32 "out_psum";
v000002389249f8c0_0 .net "clk", 0 0, v00000238928c9830_0;  alias, 1 drivers
v00000238924a0680_0 .net "en_compute", 0 0, L_000002389294c268;  alias, 1 drivers
v00000238924a1580_0 .net "in_act", 7 0, L_00000238926d63c0;  alias, 1 drivers
v00000238924a09a0_0 .net "in_psum", 31 0, L_000002389294c658;  alias, 1 drivers
v00000238924a11c0_0 .net "in_weight", 7 0, L_00000238929ada10;  alias, 1 drivers
v00000238924a07c0_0 .net "load_weight", 0 0, L_00000238929ac570;  alias, 1 drivers
v00000238924a0b80_0 .var "out_act", 7 0;
v00000238924a02c0_0 .var "out_psum", 31 0;
v00000238924a0e00_0 .var/s "reg_weight", 7 0;
v000002389249f960_0 .net "rst_n", 0 0, L_00000238926d5550;  alias, 1 drivers
S_00000238927e70f0 .scope generate, "COL_LOOP[14]" "COL_LOOP[14]" 9 55, 9 55 0, S_00000238927dfd30;
 .timescale -9 -12;
P_00000238926ee590 .param/l "c" 0 9 55, +C4<01110>;
v00000238924bfe20_0 .net "pe_in_act", 7 0, L_00000238926d71c0;  1 drivers
L_000002389294c6a0 .functor BUFT 1, C4<00000000000000000000000000000000>, C4<0>, C4<0>, C4<0>;
v00000238924bf740_0 .net "pe_in_psum", 31 0, L_000002389294c6a0;  1 drivers
v00000238924c0c80_0 .net "pe_in_weight", 7 0, L_00000238929adc90;  1 drivers
v00000238924c03c0_0 .net "pe_load_en", 0 0, L_00000238929ab8f0;  1 drivers
S_00000238927e7d70 .scope generate, "genblk1" "genblk1" 9 61, 9 61 0, S_00000238927e70f0;
 .timescale -9 -12;
L_00000238926d71c0 .functor BUFZ 8, v00000238924a0b80_0, C4<00000000>, C4<00000000>, C4<00000000>;
S_00000238927e83b0 .scope generate, "genblk2" "genblk2" 9 72, 9 72 0, S_00000238927e70f0;
 .timescale -9 -12;
S_00000238927e8540 .scope module, "pe_inst" "pe" 9 91, 10 12 0, S_00000238927e70f0;
 .timescale 0 0;
    .port_info 0 /INPUT 1 "clk";
    .port_info 1 /INPUT 1 "rst_n";
    .port_info 2 /INPUT 1 "en_compute";
    .port_info 3 /INPUT 1 "load_weight";
    .port_info 4 /INPUT 8 "in_act";
    .port_info 5 /INPUT 8 "in_weight";
    .port_info 6 /INPUT 32 "in_psum";
    .port_info 7 /OUTPUT 8 "out_act";
    .port_info 8 /OUTPUT 32 "out_psum";
v00000238924a0f40_0 .net "clk", 0 0, v00000238928c9830_0;  alias, 1 drivers
v000002389249fc80_0 .net "en_compute", 0 0, L_000002389294c268;  alias, 1 drivers
v00000238924a0fe0_0 .net "in_act", 7 0, L_00000238926d71c0;  alias, 1 drivers
v00000238924bfd80_0 .net "in_psum", 31 0, L_000002389294c6a0;  alias, 1 drivers
v00000238924c0640_0 .net "in_weight", 7 0, L_00000238929adc90;  alias, 1 drivers
v00000238924c00a0_0 .net "load_weight", 0 0, L_00000238929ab8f0;  alias, 1 drivers
v00000238924c01e0_0 .var "out_act", 7 0;
v00000238924c0320_0 .var "out_psum", 31 0;
v00000238924c1040_0 .var/s "reg_weight", 7 0;
v00000238924bfb00_0 .net "rst_n", 0 0, L_00000238926d5550;  alias, 1 drivers
S_00000238927e7410 .scope generate, "COL_LOOP[15]" "COL_LOOP[15]" 9 55, 9 55 0, S_00000238927dfd30;
 .timescale -9 -12;
P_00000238926ee5d0 .param/l "c" 0 9 55, +C4<01111>;
v00000238924b73d0_0 .net "pe_in_act", 7 0, L_00000238926d7e00;  1 drivers
L_000002389294c6e8 .functor BUFT 1, C4<00000000000000000000000000000000>, C4<0>, C4<0>, C4<0>;
v00000238924b58f0_0 .net "pe_in_psum", 31 0, L_000002389294c6e8;  1 drivers
v00000238924b5fd0_0 .net "pe_in_weight", 7 0, L_00000238929ac610;  1 drivers
v00000238924b6070_0 .net "pe_load_en", 0 0, L_00000238929ab990;  1 drivers
S_00000238927e7730 .scope generate, "genblk1" "genblk1" 9 61, 9 61 0, S_00000238927e7410;
 .timescale -9 -12;
L_00000238926d7e00 .functor BUFZ 8, v00000238924c01e0_0, C4<00000000>, C4<00000000>, C4<00000000>;
S_00000238927e78c0 .scope generate, "genblk2" "genblk2" 9 72, 9 72 0, S_00000238927e7410;
 .timescale -9 -12;
S_00000238927e75a0 .scope module, "pe_inst" "pe" 9 91, 10 12 0, S_00000238927e7410;
 .timescale 0 0;
    .port_info 0 /INPUT 1 "clk";
    .port_info 1 /INPUT 1 "rst_n";
    .port_info 2 /INPUT 1 "en_compute";
    .port_info 3 /INPUT 1 "load_weight";
    .port_info 4 /INPUT 8 "in_act";
    .port_info 5 /INPUT 8 "in_weight";
    .port_info 6 /INPUT 32 "in_psum";
    .port_info 7 /OUTPUT 8 "out_act";
    .port_info 8 /OUTPUT 32 "out_psum";
v00000238924bf920_0 .net "clk", 0 0, v00000238928c9830_0;  alias, 1 drivers
v00000238924bfce0_0 .net "en_compute", 0 0, L_000002389294c268;  alias, 1 drivers
v00000238924c0820_0 .net "in_act", 7 0, L_00000238926d7e00;  alias, 1 drivers
v00000238924c0b40_0 .net "in_psum", 31 0, L_000002389294c6e8;  alias, 1 drivers
v00000238924c0be0_0 .net "in_weight", 7 0, L_00000238929ac610;  alias, 1 drivers
v00000238924c1180_0 .net "load_weight", 0 0, L_00000238929ab990;  alias, 1 drivers
v00000238924c1220_0 .var "out_act", 7 0;
v00000238924c12c0_0 .var "out_psum", 31 0;
v00000238924b5f30_0 .var/s "reg_weight", 7 0;
v00000238924b5710_0 .net "rst_n", 0 0, L_00000238926d5550;  alias, 1 drivers
S_00000238927e86d0 .scope generate, "ROW_LOOP[1]" "ROW_LOOP[1]" 9 54, 9 54 0, S_00000238927e0370;
 .timescale -9 -12;
P_00000238926ee350 .param/l "r" 0 9 54, +C4<01>;
S_00000238927e89f0 .scope generate, "COL_LOOP[0]" "COL_LOOP[0]" 9 55, 9 55 0, S_00000238927e86d0;
 .timescale -9 -12;
P_00000238926ee390 .param/l "c" 0 9 55, +C4<00>;
v00000238924b6610_0 .net "pe_in_act", 7 0, L_00000238929af770;  1 drivers
v00000238924b7330_0 .net "pe_in_psum", 31 0, L_00000238926d6f20;  1 drivers
v00000238924dac50_0 .net "pe_in_weight", 7 0, L_00000238929ae2d0;  1 drivers
v00000238924d9df0_0 .net "pe_load_en", 0 0, L_00000238929af8b0;  1 drivers
S_00000238927e7f00 .scope generate, "genblk1" "genblk1" 9 61, 9 61 0, S_00000238927e89f0;
 .timescale -9 -12;
S_00000238927e7a50 .scope generate, "genblk2" "genblk2" 9 72, 9 72 0, S_00000238927e89f0;
 .timescale -9 -12;
L_00000238926d6f20 .functor BUFZ 32, v000002389255ade0_0, C4<00000000000000000000000000000000>, C4<00000000000000000000000000000000>, C4<00000000000000000000000000000000>;
S_00000238927e8b80 .scope module, "pe_inst" "pe" 9 91, 10 12 0, S_00000238927e89f0;
 .timescale 0 0;
    .port_info 0 /INPUT 1 "clk";
    .port_info 1 /INPUT 1 "rst_n";
    .port_info 2 /INPUT 1 "en_compute";
    .port_info 3 /INPUT 1 "load_weight";
    .port_info 4 /INPUT 8 "in_act";
    .port_info 5 /INPUT 8 "in_weight";
    .port_info 6 /INPUT 32 "in_psum";
    .port_info 7 /OUTPUT 8 "out_act";
    .port_info 8 /OUTPUT 32 "out_psum";
v00000238924b5990_0 .net "clk", 0 0, v00000238928c9830_0;  alias, 1 drivers
v00000238924b6f70_0 .net "en_compute", 0 0, L_000002389294c268;  alias, 1 drivers
v00000238924b6750_0 .net "in_act", 7 0, L_00000238929af770;  alias, 1 drivers
v00000238924b5d50_0 .net "in_psum", 31 0, L_00000238926d6f20;  alias, 1 drivers
v00000238924b69d0_0 .net "in_weight", 7 0, L_00000238929ae2d0;  alias, 1 drivers
v00000238924b5ad0_0 .net "load_weight", 0 0, L_00000238929af8b0;  alias, 1 drivers
v00000238924b6570_0 .var "out_act", 7 0;
v00000238924b6110_0 .var "out_psum", 31 0;
v00000238924b7150_0 .var/s "reg_weight", 7 0;
v00000238924b5b70_0 .net "rst_n", 0 0, L_00000238926d5550;  alias, 1 drivers
S_00000238927e8090 .scope generate, "COL_LOOP[1]" "COL_LOOP[1]" 9 55, 9 55 0, S_00000238927e86d0;
 .timescale -9 -12;
P_00000238926eec50 .param/l "c" 0 9 55, +C4<01>;
v00000238924db290_0 .net "pe_in_act", 7 0, L_00000238926d6660;  1 drivers
v00000238924d9e90_0 .net "pe_in_psum", 31 0, L_00000238926d78c0;  1 drivers
v00000238924db6f0_0 .net "pe_in_weight", 7 0, L_00000238929ae190;  1 drivers
v00000238924d9c10_0 .net "pe_load_en", 0 0, L_00000238929af950;  1 drivers
S_00000238927e8220 .scope generate, "genblk1" "genblk1" 9 61, 9 61 0, S_00000238927e8090;
 .timescale -9 -12;
L_00000238926d6660 .functor BUFZ 8, v00000238924b6570_0, C4<00000000>, C4<00000000>, C4<00000000>;
S_00000238927e8d10 .scope generate, "genblk2" "genblk2" 9 72, 9 72 0, S_00000238927e8090;
 .timescale -9 -12;
L_00000238926d78c0 .functor BUFZ 32, v0000023892559800_0, C4<00000000000000000000000000000000>, C4<00000000000000000000000000000000>, C4<00000000000000000000000000000000>;
S_00000238927e8ea0 .scope module, "pe_inst" "pe" 9 91, 10 12 0, S_00000238927e8090;
 .timescale 0 0;
    .port_info 0 /INPUT 1 "clk";
    .port_info 1 /INPUT 1 "rst_n";
    .port_info 2 /INPUT 1 "en_compute";
    .port_info 3 /INPUT 1 "load_weight";
    .port_info 4 /INPUT 8 "in_act";
    .port_info 5 /INPUT 8 "in_weight";
    .port_info 6 /INPUT 32 "in_psum";
    .port_info 7 /OUTPUT 8 "out_act";
    .port_info 8 /OUTPUT 32 "out_psum";
v00000238924da570_0 .net "clk", 0 0, v00000238928c9830_0;  alias, 1 drivers
v00000238924daed0_0 .net "en_compute", 0 0, L_000002389294c268;  alias, 1 drivers
v00000238924db470_0 .net "in_act", 7 0, L_00000238926d6660;  alias, 1 drivers
v00000238924db650_0 .net "in_psum", 31 0, L_00000238926d78c0;  alias, 1 drivers
v00000238924db510_0 .net "in_weight", 7 0, L_00000238929ae190;  alias, 1 drivers
v00000238924daf70_0 .net "load_weight", 0 0, L_00000238929af950;  alias, 1 drivers
v00000238924db0b0_0 .var "out_act", 7 0;
v00000238924da250_0 .var "out_psum", 31 0;
v00000238924db8d0_0 .var/s "reg_weight", 7 0;
v00000238924db830_0 .net "rst_n", 0 0, L_00000238926d5550;  alias, 1 drivers
S_00000238927e7be0 .scope generate, "COL_LOOP[2]" "COL_LOOP[2]" 9 55, 9 55 0, S_00000238927e86d0;
 .timescale -9 -12;
P_00000238926ee790 .param/l "c" 0 9 55, +C4<010>;
v000002389249ea30_0 .net "pe_in_act", 7 0, L_00000238926d7000;  1 drivers
v000002389249dc70_0 .net "pe_in_psum", 31 0, L_00000238926d7540;  1 drivers
v000002389249e7b0_0 .net "pe_in_weight", 7 0, L_00000238929ae9b0;  1 drivers
v000002389249eb70_0 .net "pe_load_en", 0 0, L_00000238929aec30;  1 drivers
S_00000238927ea6e0 .scope generate, "genblk1" "genblk1" 9 61, 9 61 0, S_00000238927e7be0;
 .timescale -9 -12;
L_00000238926d7000 .functor BUFZ 8, v00000238924db0b0_0, C4<00000000>, C4<00000000>, C4<00000000>;
S_00000238927ecdf0 .scope generate, "genblk2" "genblk2" 9 72, 9 72 0, S_00000238927e7be0;
 .timescale -9 -12;
L_00000238926d7540 .functor BUFZ 32, v00000238925787b0_0, C4<00000000000000000000000000000000>, C4<00000000000000000000000000000000>, C4<00000000000000000000000000000000>;
S_00000238927ecad0 .scope module, "pe_inst" "pe" 9 91, 10 12 0, S_00000238927e7be0;
 .timescale 0 0;
    .port_info 0 /INPUT 1 "clk";
    .port_info 1 /INPUT 1 "rst_n";
    .port_info 2 /INPUT 1 "en_compute";
    .port_info 3 /INPUT 1 "load_weight";
    .port_info 4 /INPUT 8 "in_act";
    .port_info 5 /INPUT 8 "in_weight";
    .port_info 6 /INPUT 32 "in_psum";
    .port_info 7 /OUTPUT 8 "out_act";
    .port_info 8 /OUTPUT 32 "out_psum";
v00000238924da2f0_0 .net "clk", 0 0, v00000238928c9830_0;  alias, 1 drivers
v000002389249e0d0_0 .net "en_compute", 0 0, L_000002389294c268;  alias, 1 drivers
v000002389249d6d0_0 .net "in_act", 7 0, L_00000238926d7000;  alias, 1 drivers
v000002389249e710_0 .net "in_psum", 31 0, L_00000238926d7540;  alias, 1 drivers
v000002389249e8f0_0 .net "in_weight", 7 0, L_00000238929ae9b0;  alias, 1 drivers
v000002389249dbd0_0 .net "load_weight", 0 0, L_00000238929aec30;  alias, 1 drivers
v000002389249ed50_0 .var "out_act", 7 0;
v000002389249d770_0 .var "out_psum", 31 0;
v000002389249da90_0 .var/s "reg_weight", 7 0;
v000002389249f1b0_0 .net "rst_n", 0 0, L_00000238926d5550;  alias, 1 drivers
S_00000238927eaeb0 .scope generate, "COL_LOOP[3]" "COL_LOOP[3]" 9 55, 9 55 0, S_00000238927e86d0;
 .timescale -9 -12;
P_00000238926ee610 .param/l "c" 0 9 55, +C4<011>;
v00000238927f07a0_0 .net "pe_in_act", 7 0, L_00000238926d77e0;  1 drivers
v00000238927efe40_0 .net "pe_in_psum", 31 0, L_00000238926d7e70;  1 drivers
v00000238927f1060_0 .net "pe_in_weight", 7 0, L_00000238929afef0;  1 drivers
v00000238927f20a0_0 .net "pe_load_en", 0 0, L_00000238929aee10;  1 drivers
S_00000238927eb9a0 .scope generate, "genblk1" "genblk1" 9 61, 9 61 0, S_00000238927eaeb0;
 .timescale -9 -12;
L_00000238926d77e0 .functor BUFZ 8, v000002389249ed50_0, C4<00000000>, C4<00000000>, C4<00000000>;
S_00000238927eaa00 .scope generate, "genblk2" "genblk2" 9 72, 9 72 0, S_00000238927eaeb0;
 .timescale -9 -12;
L_00000238926d7e70 .functor BUFZ 32, v0000023892575330_0, C4<00000000000000000000000000000000>, C4<00000000000000000000000000000000>, C4<00000000000000000000000000000000>;
S_00000238927ec620 .scope module, "pe_inst" "pe" 9 91, 10 12 0, S_00000238927eaeb0;
 .timescale 0 0;
    .port_info 0 /INPUT 1 "clk";
    .port_info 1 /INPUT 1 "rst_n";
    .port_info 2 /INPUT 1 "en_compute";
    .port_info 3 /INPUT 1 "load_weight";
    .port_info 4 /INPUT 8 "in_act";
    .port_info 5 /INPUT 8 "in_weight";
    .port_info 6 /INPUT 32 "in_psum";
    .port_info 7 /OUTPUT 8 "out_act";
    .port_info 8 /OUTPUT 32 "out_psum";
v000002389249e490_0 .net "clk", 0 0, v00000238928c9830_0;  alias, 1 drivers
v000002389249e530_0 .net "en_compute", 0 0, L_000002389294c268;  alias, 1 drivers
v0000023892404a70_0 .net "in_act", 7 0, L_00000238926d77e0;  alias, 1 drivers
v0000023892404430_0 .net "in_psum", 31 0, L_00000238926d7e70;  alias, 1 drivers
v0000023892404110_0 .net "in_weight", 7 0, L_00000238929afef0;  alias, 1 drivers
v00000238924046b0_0 .net "load_weight", 0 0, L_00000238929aee10;  alias, 1 drivers
v00000238927f0ca0_0 .var "out_act", 7 0;
v00000238927f0c00_0 .var "out_psum", 31 0;
v00000238927f0d40_0 .var/s "reg_weight", 7 0;
v00000238927f11a0_0 .net "rst_n", 0 0, L_00000238926d5550;  alias, 1 drivers
S_00000238927e98d0 .scope generate, "COL_LOOP[4]" "COL_LOOP[4]" 9 55, 9 55 0, S_00000238927e86d0;
 .timescale -9 -12;
P_00000238926ee8d0 .param/l "c" 0 9 55, +C4<0100>;
v00000238927f03e0_0 .net "pe_in_act", 7 0, L_00000238926d7d90;  1 drivers
v00000238927f0520_0 .net "pe_in_psum", 31 0, L_00000238926d7310;  1 drivers
v00000238927f1c40_0 .net "pe_in_weight", 7 0, L_00000238929b0170;  1 drivers
v00000238927f1880_0 .net "pe_load_en", 0 0, L_00000238929af810;  1 drivers
S_00000238927ec940 .scope generate, "genblk1" "genblk1" 9 61, 9 61 0, S_00000238927e98d0;
 .timescale -9 -12;
L_00000238926d7d90 .functor BUFZ 8, v00000238927f0ca0_0, C4<00000000>, C4<00000000>, C4<00000000>;
S_00000238927e9a60 .scope generate, "genblk2" "genblk2" 9 72, 9 72 0, S_00000238927e98d0;
 .timescale -9 -12;
L_00000238926d7310 .functor BUFZ 32, v00000238925d7d80_0, C4<00000000000000000000000000000000>, C4<00000000000000000000000000000000>, C4<00000000000000000000000000000000>;
S_00000238927e9bf0 .scope module, "pe_inst" "pe" 9 91, 10 12 0, S_00000238927e98d0;
 .timescale 0 0;
    .port_info 0 /INPUT 1 "clk";
    .port_info 1 /INPUT 1 "rst_n";
    .port_info 2 /INPUT 1 "en_compute";
    .port_info 3 /INPUT 1 "load_weight";
    .port_info 4 /INPUT 8 "in_act";
    .port_info 5 /INPUT 8 "in_weight";
    .port_info 6 /INPUT 32 "in_psum";
    .port_info 7 /OUTPUT 8 "out_act";
    .port_info 8 /OUTPUT 32 "out_psum";
v00000238927f1d80_0 .net "clk", 0 0, v00000238928c9830_0;  alias, 1 drivers
v00000238927f0840_0 .net "en_compute", 0 0, L_000002389294c268;  alias, 1 drivers
v00000238927ef9e0_0 .net "in_act", 7 0, L_00000238926d7d90;  alias, 1 drivers
v00000238927f1380_0 .net "in_psum", 31 0, L_00000238926d7310;  alias, 1 drivers
v00000238927f05c0_0 .net "in_weight", 7 0, L_00000238929b0170;  alias, 1 drivers
v00000238927f19c0_0 .net "load_weight", 0 0, L_00000238929af810;  alias, 1 drivers
v00000238927f0660_0 .var "out_act", 7 0;
v00000238927f1a60_0 .var "out_psum", 31 0;
v00000238927f0e80_0 .var/s "reg_weight", 7 0;
v00000238927efda0_0 .net "rst_n", 0 0, L_00000238926d5550;  alias, 1 drivers
S_00000238927ec7b0 .scope generate, "COL_LOOP[5]" "COL_LOOP[5]" 9 55, 9 55 0, S_00000238927e86d0;
 .timescale -9 -12;
P_00000238926ee950 .param/l "c" 0 9 55, +C4<0101>;
v00000238927f1ba0_0 .net "pe_in_act", 7 0, L_00000238926d6890;  1 drivers
v00000238927f1ce0_0 .net "pe_in_psum", 31 0, L_00000238926d6510;  1 drivers
v00000238927f1f60_0 .net "pe_in_weight", 7 0, L_00000238929ae550;  1 drivers
v00000238927efc60_0 .net "pe_load_en", 0 0, L_00000238929aef50;  1 drivers
S_00000238927ec300 .scope generate, "genblk1" "genblk1" 9 61, 9 61 0, S_00000238927ec7b0;
 .timescale -9 -12;
L_00000238926d6890 .functor BUFZ 8, v00000238927f0660_0, C4<00000000>, C4<00000000>, C4<00000000>;
S_00000238927ea870 .scope generate, "genblk2" "genblk2" 9 72, 9 72 0, S_00000238927ec7b0;
 .timescale -9 -12;
L_00000238926d6510 .functor BUFZ 32, v00000238925d5620_0, C4<00000000000000000000000000000000>, C4<00000000000000000000000000000000>, C4<00000000000000000000000000000000>;
S_00000238927ebe50 .scope module, "pe_inst" "pe" 9 91, 10 12 0, S_00000238927ec7b0;
 .timescale 0 0;
    .port_info 0 /INPUT 1 "clk";
    .port_info 1 /INPUT 1 "rst_n";
    .port_info 2 /INPUT 1 "en_compute";
    .port_info 3 /INPUT 1 "load_weight";
    .port_info 4 /INPUT 8 "in_act";
    .port_info 5 /INPUT 8 "in_weight";
    .port_info 6 /INPUT 32 "in_psum";
    .port_info 7 /OUTPUT 8 "out_act";
    .port_info 8 /OUTPUT 32 "out_psum";
v00000238927f0f20_0 .net "clk", 0 0, v00000238928c9830_0;  alias, 1 drivers
v00000238927f08e0_0 .net "en_compute", 0 0, L_000002389294c268;  alias, 1 drivers
v00000238927efee0_0 .net "in_act", 7 0, L_00000238926d6890;  alias, 1 drivers
v00000238927f0de0_0 .net "in_psum", 31 0, L_00000238926d6510;  alias, 1 drivers
v00000238927f1240_0 .net "in_weight", 7 0, L_00000238929ae550;  alias, 1 drivers
v00000238927f1ec0_0 .net "load_weight", 0 0, L_00000238929aef50;  alias, 1 drivers
v00000238927eff80_0 .var "out_act", 7 0;
v00000238927ef940_0 .var "out_psum", 31 0;
v00000238927efbc0_0 .var/s "reg_weight", 7 0;
v00000238927f0980_0 .net "rst_n", 0 0, L_00000238926d5550;  alias, 1 drivers
S_00000238927e9d80 .scope generate, "COL_LOOP[6]" "COL_LOOP[6]" 9 55, 9 55 0, S_00000238927e86d0;
 .timescale -9 -12;
P_00000238926ee990 .param/l "c" 0 9 55, +C4<0110>;
v00000238927f2000_0 .net "pe_in_act", 7 0, L_00000238926d65f0;  1 drivers
v00000238927f0020_0 .net "pe_in_psum", 31 0, L_00000238926d6f90;  1 drivers
v00000238927efb20_0 .net "pe_in_weight", 7 0, L_00000238929afa90;  1 drivers
v00000238927efd00_0 .net "pe_load_en", 0 0, L_00000238929af590;  1 drivers
S_00000238927ebcc0 .scope generate, "genblk1" "genblk1" 9 61, 9 61 0, S_00000238927e9d80;
 .timescale -9 -12;
L_00000238926d65f0 .functor BUFZ 8, v00000238927eff80_0, C4<00000000>, C4<00000000>, C4<00000000>;
S_00000238927ec490 .scope generate, "genblk2" "genblk2" 9 72, 9 72 0, S_00000238927e9d80;
 .timescale -9 -12;
L_00000238926d6f90 .functor BUFZ 32, v00000238925d63e0_0, C4<00000000000000000000000000000000>, C4<00000000000000000000000000000000>, C4<00000000000000000000000000000000>;
S_00000238927ebb30 .scope module, "pe_inst" "pe" 9 91, 10 12 0, S_00000238927e9d80;
 .timescale 0 0;
    .port_info 0 /INPUT 1 "clk";
    .port_info 1 /INPUT 1 "rst_n";
    .port_info 2 /INPUT 1 "en_compute";
    .port_info 3 /INPUT 1 "load_weight";
    .port_info 4 /INPUT 8 "in_act";
    .port_info 5 /INPUT 8 "in_weight";
    .port_info 6 /INPUT 32 "in_psum";
    .port_info 7 /OUTPUT 8 "out_act";
    .port_info 8 /OUTPUT 32 "out_psum";
v00000238927efa80_0 .net "clk", 0 0, v00000238928c9830_0;  alias, 1 drivers
v00000238927f14c0_0 .net "en_compute", 0 0, L_000002389294c268;  alias, 1 drivers
v00000238927f16a0_0 .net "in_act", 7 0, L_00000238926d65f0;  alias, 1 drivers
v00000238927f0700_0 .net "in_psum", 31 0, L_00000238926d6f90;  alias, 1 drivers
v00000238927f00c0_0 .net "in_weight", 7 0, L_00000238929afa90;  alias, 1 drivers
v00000238927f12e0_0 .net "load_weight", 0 0, L_00000238929af590;  alias, 1 drivers
v00000238927f1420_0 .var "out_act", 7 0;
v00000238927f0200_0 .var "out_psum", 31 0;
v00000238927f17e0_0 .var/s "reg_weight", 7 0;
v00000238927f1560_0 .net "rst_n", 0 0, L_00000238926d5550;  alias, 1 drivers
S_00000238927eb4f0 .scope generate, "COL_LOOP[7]" "COL_LOOP[7]" 9 55, 9 55 0, S_00000238927e86d0;
 .timescale -9 -12;
P_00000238926eec90 .param/l "c" 0 9 55, +C4<0111>;
v00000238927f2d20_0 .net "pe_in_act", 7 0, L_00000238926d73f0;  1 drivers
v00000238927f26e0_0 .net "pe_in_psum", 31 0, L_00000238926d7690;  1 drivers
v00000238927f2640_0 .net "pe_in_weight", 7 0, L_00000238929af9f0;  1 drivers
v00000238927f2f00_0 .net "pe_load_en", 0 0, L_00000238929b07b0;  1 drivers
S_00000238927ecc60 .scope generate, "genblk1" "genblk1" 9 61, 9 61 0, S_00000238927eb4f0;
 .timescale -9 -12;
L_00000238926d73f0 .functor BUFZ 8, v00000238927f1420_0, C4<00000000>, C4<00000000>, C4<00000000>;
S_00000238927e9f10 .scope generate, "genblk2" "genblk2" 9 72, 9 72 0, S_00000238927eb4f0;
 .timescale -9 -12;
L_00000238926d7690 .functor BUFZ 32, v0000023892440950_0, C4<00000000000000000000000000000000>, C4<00000000000000000000000000000000>, C4<00000000000000000000000000000000>;
S_00000238927e9290 .scope module, "pe_inst" "pe" 9 91, 10 12 0, S_00000238927eb4f0;
 .timescale 0 0;
    .port_info 0 /INPUT 1 "clk";
    .port_info 1 /INPUT 1 "rst_n";
    .port_info 2 /INPUT 1 "en_compute";
    .port_info 3 /INPUT 1 "load_weight";
    .port_info 4 /INPUT 8 "in_act";
    .port_info 5 /INPUT 8 "in_weight";
    .port_info 6 /INPUT 32 "in_psum";
    .port_info 7 /OUTPUT 8 "out_act";
    .port_info 8 /OUTPUT 32 "out_psum";
v00000238927f0fc0_0 .net "clk", 0 0, v00000238928c9830_0;  alias, 1 drivers
v00000238927f0a20_0 .net "en_compute", 0 0, L_000002389294c268;  alias, 1 drivers
v00000238927f0160_0 .net "in_act", 7 0, L_00000238926d73f0;  alias, 1 drivers
v00000238927f1100_0 .net "in_psum", 31 0, L_00000238926d7690;  alias, 1 drivers
v00000238927f02a0_0 .net "in_weight", 7 0, L_00000238929af9f0;  alias, 1 drivers
v00000238927f1740_0 .net "load_weight", 0 0, L_00000238929b07b0;  alias, 1 drivers
v00000238927f0340_0 .var "out_act", 7 0;
v00000238927f0ac0_0 .var "out_psum", 31 0;
v00000238927f1920_0 .var/s "reg_weight", 7 0;
v00000238927f1b00_0 .net "rst_n", 0 0, L_00000238926d5550;  alias, 1 drivers
S_00000238927e95b0 .scope generate, "COL_LOOP[8]" "COL_LOOP[8]" 9 55, 9 55 0, S_00000238927e86d0;
 .timescale -9 -12;
P_00000238926eecd0 .param/l "c" 0 9 55, +C4<01000>;
v00000238927f3e00_0 .net "pe_in_act", 7 0, L_00000238926d7070;  1 drivers
v00000238927f43a0_0 .net "pe_in_psum", 31 0, L_00000238926d7d20;  1 drivers
v00000238927f28c0_0 .net "pe_in_weight", 7 0, L_00000238929ae5f0;  1 drivers
v00000238927f4440_0 .net "pe_load_en", 0 0, L_00000238929ae690;  1 drivers
S_00000238927ea0a0 .scope generate, "genblk1" "genblk1" 9 61, 9 61 0, S_00000238927e95b0;
 .timescale -9 -12;
L_00000238926d7070 .functor BUFZ 8, v00000238927f0340_0, C4<00000000>, C4<00000000>, C4<00000000>;
S_00000238927ea230 .scope generate, "genblk2" "genblk2" 9 72, 9 72 0, S_00000238927e95b0;
 .timescale -9 -12;
L_00000238926d7d20 .functor BUFZ 32, v0000023892441350_0, C4<00000000000000000000000000000000>, C4<00000000000000000000000000000000>, C4<00000000000000000000000000000000>;
S_00000238927eb680 .scope module, "pe_inst" "pe" 9 91, 10 12 0, S_00000238927e95b0;
 .timescale 0 0;
    .port_info 0 /INPUT 1 "clk";
    .port_info 1 /INPUT 1 "rst_n";
    .port_info 2 /INPUT 1 "en_compute";
    .port_info 3 /INPUT 1 "load_weight";
    .port_info 4 /INPUT 8 "in_act";
    .port_info 5 /INPUT 8 "in_weight";
    .port_info 6 /INPUT 32 "in_psum";
    .port_info 7 /OUTPUT 8 "out_act";
    .port_info 8 /OUTPUT 32 "out_psum";
v00000238927f41c0_0 .net "clk", 0 0, v00000238928c9830_0;  alias, 1 drivers
v00000238927f2dc0_0 .net "en_compute", 0 0, L_000002389294c268;  alias, 1 drivers
v00000238927f2780_0 .net "in_act", 7 0, L_00000238926d7070;  alias, 1 drivers
v00000238927f4120_0 .net "in_psum", 31 0, L_00000238926d7d20;  alias, 1 drivers
v00000238927f34a0_0 .net "in_weight", 7 0, L_00000238929ae5f0;  alias, 1 drivers
v00000238927f2a00_0 .net "load_weight", 0 0, L_00000238929ae690;  alias, 1 drivers
v00000238927f2820_0 .var "out_act", 7 0;
v00000238927f4620_0 .var "out_psum", 31 0;
v00000238927f3a40_0 .var/s "reg_weight", 7 0;
v00000238927f2e60_0 .net "rst_n", 0 0, L_00000238926d5550;  alias, 1 drivers
S_00000238927ea3c0 .scope generate, "COL_LOOP[9]" "COL_LOOP[9]" 9 55, 9 55 0, S_00000238927e86d0;
 .timescale -9 -12;
P_00000238926ef850 .param/l "c" 0 9 55, +C4<01001>;
v00000238927f3220_0 .net "pe_in_act", 7 0, L_00000238926d7230;  1 drivers
v00000238927f2c80_0 .net "pe_in_psum", 31 0, L_00000238926d70e0;  1 drivers
v00000238927f3860_0 .net "pe_in_weight", 7 0, L_00000238929b0210;  1 drivers
v00000238927f2b40_0 .net "pe_load_en", 0 0, L_00000238929ae0f0;  1 drivers
S_00000238927e9100 .scope generate, "genblk1" "genblk1" 9 61, 9 61 0, S_00000238927ea3c0;
 .timescale -9 -12;
L_00000238926d7230 .functor BUFZ 8, v00000238927f2820_0, C4<00000000>, C4<00000000>, C4<00000000>;
S_00000238927e9420 .scope generate, "genblk2" "genblk2" 9 72, 9 72 0, S_00000238927ea3c0;
 .timescale -9 -12;
L_00000238926d70e0 .functor BUFZ 32, v0000023892429e30_0, C4<00000000000000000000000000000000>, C4<00000000000000000000000000000000>, C4<00000000000000000000000000000000>;
S_00000238927e9740 .scope module, "pe_inst" "pe" 9 91, 10 12 0, S_00000238927ea3c0;
 .timescale 0 0;
    .port_info 0 /INPUT 1 "clk";
    .port_info 1 /INPUT 1 "rst_n";
    .port_info 2 /INPUT 1 "en_compute";
    .port_info 3 /INPUT 1 "load_weight";
    .port_info 4 /INPUT 8 "in_act";
    .port_info 5 /INPUT 8 "in_weight";
    .port_info 6 /INPUT 32 "in_psum";
    .port_info 7 /OUTPUT 8 "out_act";
    .port_info 8 /OUTPUT 32 "out_psum";
v00000238927f2be0_0 .net "clk", 0 0, v00000238928c9830_0;  alias, 1 drivers
v00000238927f2fa0_0 .net "en_compute", 0 0, L_000002389294c268;  alias, 1 drivers
v00000238927f4800_0 .net "in_act", 7 0, L_00000238926d7230;  alias, 1 drivers
v00000238927f3040_0 .net "in_psum", 31 0, L_00000238926d70e0;  alias, 1 drivers
v00000238927f3fe0_0 .net "in_weight", 7 0, L_00000238929b0210;  alias, 1 drivers
v00000238927f44e0_0 .net "load_weight", 0 0, L_00000238929ae0f0;  alias, 1 drivers
v00000238927f21e0_0 .var "out_act", 7 0;
v00000238927f3180_0 .var "out_psum", 31 0;
v00000238927f2960_0 .var/s "reg_weight", 7 0;
v00000238927f2aa0_0 .net "rst_n", 0 0, L_00000238926d5550;  alias, 1 drivers
S_00000238927ea550 .scope generate, "COL_LOOP[10]" "COL_LOOP[10]" 9 55, 9 55 0, S_00000238927e86d0;
 .timescale -9 -12;
P_00000238926eff50 .param/l "c" 0 9 55, +C4<01010>;
v00000238927f3720_0 .net "pe_in_act", 7 0, L_00000238926d75b0;  1 drivers
v00000238927f37c0_0 .net "pe_in_psum", 31 0, L_00000238926d7930;  1 drivers
v00000238927f3900_0 .net "pe_in_weight", 7 0, L_00000238929afb30;  1 drivers
v00000238927f2140_0 .net "pe_load_en", 0 0, L_00000238929ae730;  1 drivers
S_00000238927eb810 .scope generate, "genblk1" "genblk1" 9 61, 9 61 0, S_00000238927ea550;
 .timescale -9 -12;
L_00000238926d75b0 .functor BUFZ 8, v00000238927f21e0_0, C4<00000000>, C4<00000000>, C4<00000000>;
S_00000238927ebfe0 .scope generate, "genblk2" "genblk2" 9 72, 9 72 0, S_00000238927ea550;
 .timescale -9 -12;
L_00000238926d7930 .functor BUFZ 32, v000002389242a330_0, C4<00000000000000000000000000000000>, C4<00000000000000000000000000000000>, C4<00000000000000000000000000000000>;
S_00000238927eb040 .scope module, "pe_inst" "pe" 9 91, 10 12 0, S_00000238927ea550;
 .timescale 0 0;
    .port_info 0 /INPUT 1 "clk";
    .port_info 1 /INPUT 1 "rst_n";
    .port_info 2 /INPUT 1 "en_compute";
    .port_info 3 /INPUT 1 "load_weight";
    .port_info 4 /INPUT 8 "in_act";
    .port_info 5 /INPUT 8 "in_weight";
    .port_info 6 /INPUT 32 "in_psum";
    .port_info 7 /OUTPUT 8 "out_act";
    .port_info 8 /OUTPUT 32 "out_psum";
v00000238927f32c0_0 .net "clk", 0 0, v00000238928c9830_0;  alias, 1 drivers
v00000238927f4300_0 .net "en_compute", 0 0, L_000002389294c268;  alias, 1 drivers
v00000238927f3360_0 .net "in_act", 7 0, L_00000238926d75b0;  alias, 1 drivers
v00000238927f3400_0 .net "in_psum", 31 0, L_00000238926d7930;  alias, 1 drivers
v00000238927f4080_0 .net "in_weight", 7 0, L_00000238929afb30;  alias, 1 drivers
v00000238927f48a0_0 .net "load_weight", 0 0, L_00000238929ae730;  alias, 1 drivers
v00000238927f3540_0 .var "out_act", 7 0;
v00000238927f35e0_0 .var "out_psum", 31 0;
v00000238927f3680_0 .var/s "reg_weight", 7 0;
v00000238927f39a0_0 .net "rst_n", 0 0, L_00000238926d5550;  alias, 1 drivers
S_00000238927eb360 .scope generate, "COL_LOOP[11]" "COL_LOOP[11]" 9 55, 9 55 0, S_00000238927e86d0;
 .timescale -9 -12;
P_00000238926ef950 .param/l "c" 0 9 55, +C4<01011>;
v00000238927f2320_0 .net "pe_in_act", 7 0, L_00000238926d62e0;  1 drivers
v00000238927f23c0_0 .net "pe_in_psum", 31 0, L_00000238926d7150;  1 drivers
v00000238927f2460_0 .net "pe_in_weight", 7 0, L_00000238929aeeb0;  1 drivers
v00000238927f25a0_0 .net "pe_load_en", 0 0, L_00000238929af090;  1 drivers
S_00000238927eb1d0 .scope generate, "genblk1" "genblk1" 9 61, 9 61 0, S_00000238927eb360;
 .timescale -9 -12;
L_00000238926d62e0 .functor BUFZ 8, v00000238927f3540_0, C4<00000000>, C4<00000000>, C4<00000000>;
S_00000238927eab90 .scope generate, "genblk2" "genblk2" 9 72, 9 72 0, S_00000238927eb360;
 .timescale -9 -12;
L_00000238926d7150 .functor BUFZ 32, v000002389244def0_0, C4<00000000000000000000000000000000>, C4<00000000000000000000000000000000>, C4<00000000000000000000000000000000>;
S_00000238927ec170 .scope module, "pe_inst" "pe" 9 91, 10 12 0, S_00000238927eb360;
 .timescale 0 0;
    .port_info 0 /INPUT 1 "clk";
    .port_info 1 /INPUT 1 "rst_n";
    .port_info 2 /INPUT 1 "en_compute";
    .port_info 3 /INPUT 1 "load_weight";
    .port_info 4 /INPUT 8 "in_act";
    .port_info 5 /INPUT 8 "in_weight";
    .port_info 6 /INPUT 32 "in_psum";
    .port_info 7 /OUTPUT 8 "out_act";
    .port_info 8 /OUTPUT 32 "out_psum";
v00000238927f46c0_0 .net "clk", 0 0, v00000238928c9830_0;  alias, 1 drivers
v00000238927f3ae0_0 .net "en_compute", 0 0, L_000002389294c268;  alias, 1 drivers
v00000238927f3b80_0 .net "in_act", 7 0, L_00000238926d62e0;  alias, 1 drivers
v00000238927f3c20_0 .net "in_psum", 31 0, L_00000238926d7150;  alias, 1 drivers
v00000238927f3cc0_0 .net "in_weight", 7 0, L_00000238929aeeb0;  alias, 1 drivers
v00000238927f3d60_0 .net "load_weight", 0 0, L_00000238929af090;  alias, 1 drivers
v00000238927f2500_0 .var "out_act", 7 0;
v00000238927f3f40_0 .var "out_psum", 31 0;
v00000238927f4760_0 .var/s "reg_weight", 7 0;
v00000238927f2280_0 .net "rst_n", 0 0, L_00000238926d5550;  alias, 1 drivers
S_00000238927ead20 .scope generate, "COL_LOOP[12]" "COL_LOOP[12]" 9 55, 9 55 0, S_00000238927e86d0;
 .timescale -9 -12;
P_00000238926efbd0 .param/l "c" 0 9 55, +C4<01100>;
v00000238927f6880_0 .net "pe_in_act", 7 0, L_00000238926d7620;  1 drivers
v00000238927f55c0_0 .net "pe_in_psum", 31 0, L_00000238926d79a0;  1 drivers
v00000238927f66a0_0 .net "pe_in_weight", 7 0, L_00000238929afbd0;  1 drivers
v00000238927f53e0_0 .net "pe_load_en", 0 0, L_00000238929af6d0;  1 drivers
S_00000238927fe3e0 .scope generate, "genblk1" "genblk1" 9 61, 9 61 0, S_00000238927ead20;
 .timescale -9 -12;
L_00000238926d7620 .functor BUFZ 8, v00000238927f2500_0, C4<00000000>, C4<00000000>, C4<00000000>;
S_0000023892800320 .scope generate, "genblk2" "genblk2" 9 72, 9 72 0, S_00000238927ead20;
 .timescale -9 -12;
L_00000238926d79a0 .functor BUFZ 32, v000002389244d6d0_0, C4<00000000000000000000000000000000>, C4<00000000000000000000000000000000>, C4<00000000000000000000000000000000>;
S_00000238928007d0 .scope module, "pe_inst" "pe" 9 91, 10 12 0, S_00000238927ead20;
 .timescale 0 0;
    .port_info 0 /INPUT 1 "clk";
    .port_info 1 /INPUT 1 "rst_n";
    .port_info 2 /INPUT 1 "en_compute";
    .port_info 3 /INPUT 1 "load_weight";
    .port_info 4 /INPUT 8 "in_act";
    .port_info 5 /INPUT 8 "in_weight";
    .port_info 6 /INPUT 32 "in_psum";
    .port_info 7 /OUTPUT 8 "out_act";
    .port_info 8 /OUTPUT 32 "out_psum";
v00000238927f6ec0_0 .net "clk", 0 0, v00000238928c9830_0;  alias, 1 drivers
v00000238927f49e0_0 .net "en_compute", 0 0, L_000002389294c268;  alias, 1 drivers
v00000238927f5e80_0 .net "in_act", 7 0, L_00000238926d7620;  alias, 1 drivers
v00000238927f4da0_0 .net "in_psum", 31 0, L_00000238926d79a0;  alias, 1 drivers
v00000238927f52a0_0 .net "in_weight", 7 0, L_00000238929afbd0;  alias, 1 drivers
v00000238927f5c00_0 .net "load_weight", 0 0, L_00000238929af6d0;  alias, 1 drivers
v00000238927f4f80_0 .var "out_act", 7 0;
v00000238927f6920_0 .var "out_psum", 31 0;
v00000238927f5520_0 .var/s "reg_weight", 7 0;
v00000238927f6c40_0 .net "rst_n", 0 0, L_00000238926d5550;  alias, 1 drivers
S_0000023892800000 .scope generate, "COL_LOOP[13]" "COL_LOOP[13]" 9 55, 9 55 0, S_00000238927e86d0;
 .timescale -9 -12;
P_00000238926ef3d0 .param/l "c" 0 9 55, +C4<01101>;
v00000238927f6420_0 .net "pe_in_act", 7 0, L_00000238926d7770;  1 drivers
v00000238927f5660_0 .net "pe_in_psum", 31 0, L_00000238926d7850;  1 drivers
v00000238927f64c0_0 .net "pe_in_weight", 7 0, L_00000238929af450;  1 drivers
v00000238927f5b60_0 .net "pe_load_en", 0 0, L_00000238929af130;  1 drivers
S_00000238927feed0 .scope generate, "genblk1" "genblk1" 9 61, 9 61 0, S_0000023892800000;
 .timescale -9 -12;
L_00000238926d7770 .functor BUFZ 8, v00000238927f4f80_0, C4<00000000>, C4<00000000>, C4<00000000>;
S_00000238927ff6a0 .scope generate, "genblk2" "genblk2" 9 72, 9 72 0, S_0000023892800000;
 .timescale -9 -12;
L_00000238926d7850 .functor BUFZ 32, v00000238924a02c0_0, C4<00000000000000000000000000000000>, C4<00000000000000000000000000000000>, C4<00000000000000000000000000000000>;
S_00000238927fe0c0 .scope module, "pe_inst" "pe" 9 91, 10 12 0, S_0000023892800000;
 .timescale 0 0;
    .port_info 0 /INPUT 1 "clk";
    .port_info 1 /INPUT 1 "rst_n";
    .port_info 2 /INPUT 1 "en_compute";
    .port_info 3 /INPUT 1 "load_weight";
    .port_info 4 /INPUT 8 "in_act";
    .port_info 5 /INPUT 8 "in_weight";
    .port_info 6 /INPUT 32 "in_psum";
    .port_info 7 /OUTPUT 8 "out_act";
    .port_info 8 /OUTPUT 32 "out_psum";
v00000238927f5700_0 .net "clk", 0 0, v00000238928c9830_0;  alias, 1 drivers
v00000238927f69c0_0 .net "en_compute", 0 0, L_000002389294c268;  alias, 1 drivers
v00000238927f4bc0_0 .net "in_act", 7 0, L_00000238926d7770;  alias, 1 drivers
v00000238927f5840_0 .net "in_psum", 31 0, L_00000238926d7850;  alias, 1 drivers
v00000238927f6ce0_0 .net "in_weight", 7 0, L_00000238929af450;  alias, 1 drivers
v00000238927f5f20_0 .net "load_weight", 0 0, L_00000238929af130;  alias, 1 drivers
v00000238927f6060_0 .var "out_act", 7 0;
v00000238927f5020_0 .var "out_psum", 31 0;
v00000238927f6d80_0 .var/s "reg_weight", 7 0;
v00000238927f6f60_0 .net "rst_n", 0 0, L_00000238926d5550;  alias, 1 drivers
S_0000023892800190 .scope generate, "COL_LOOP[14]" "COL_LOOP[14]" 9 55, 9 55 0, S_00000238927e86d0;
 .timescale -9 -12;
P_00000238926efd90 .param/l "c" 0 9 55, +C4<01110>;
v00000238927f4b20_0 .net "pe_in_act", 7 0, L_00000238926d7a10;  1 drivers
v00000238927f7000_0 .net "pe_in_psum", 31 0, L_00000238926d7a80;  1 drivers
v00000238927f4a80_0 .net "pe_in_weight", 7 0, L_00000238929afc70;  1 drivers
v00000238927f6380_0 .net "pe_load_en", 0 0, L_00000238929b02b0;  1 drivers
S_00000238927fe250 .scope generate, "genblk1" "genblk1" 9 61, 9 61 0, S_0000023892800190;
 .timescale -9 -12;
L_00000238926d7a10 .functor BUFZ 8, v00000238927f6060_0, C4<00000000>, C4<00000000>, C4<00000000>;
S_00000238927fdc10 .scope generate, "genblk2" "genblk2" 9 72, 9 72 0, S_0000023892800190;
 .timescale -9 -12;
L_00000238926d7a80 .functor BUFZ 32, v00000238924c0320_0, C4<00000000000000000000000000000000>, C4<00000000000000000000000000000000>, C4<00000000000000000000000000000000>;
S_00000238927ffb50 .scope module, "pe_inst" "pe" 9 91, 10 12 0, S_0000023892800190;
 .timescale 0 0;
    .port_info 0 /INPUT 1 "clk";
    .port_info 1 /INPUT 1 "rst_n";
    .port_info 2 /INPUT 1 "en_compute";
    .port_info 3 /INPUT 1 "load_weight";
    .port_info 4 /INPUT 8 "in_act";
    .port_info 5 /INPUT 8 "in_weight";
    .port_info 6 /INPUT 32 "in_psum";
    .port_info 7 /OUTPUT 8 "out_act";
    .port_info 8 /OUTPUT 32 "out_psum";
v00000238927f6240_0 .net "clk", 0 0, v00000238928c9830_0;  alias, 1 drivers
v00000238927f5d40_0 .net "en_compute", 0 0, L_000002389294c268;  alias, 1 drivers
v00000238927f67e0_0 .net "in_act", 7 0, L_00000238926d7a10;  alias, 1 drivers
v00000238927f62e0_0 .net "in_psum", 31 0, L_00000238926d7a80;  alias, 1 drivers
v00000238927f5fc0_0 .net "in_weight", 7 0, L_00000238929afc70;  alias, 1 drivers
v00000238927f6a60_0 .net "load_weight", 0 0, L_00000238929b02b0;  alias, 1 drivers
v00000238927f6100_0 .var "out_act", 7 0;
v00000238927f61a0_0 .var "out_psum", 31 0;
v00000238927f4e40_0 .var/s "reg_weight", 7 0;
v00000238927f6e20_0 .net "rst_n", 0 0, L_00000238926d5550;  alias, 1 drivers
S_00000238927febb0 .scope generate, "COL_LOOP[15]" "COL_LOOP[15]" 9 55, 9 55 0, S_00000238927e86d0;
 .timescale -9 -12;
P_00000238926f0050 .param/l "c" 0 9 55, +C4<01111>;
v00000238927f5de0_0 .net "pe_in_act", 7 0, L_00000238926d6cf0;  1 drivers
v00000238927f5340_0 .net "pe_in_psum", 31 0, L_00000238926d6b30;  1 drivers
v00000238927f70a0_0 .net "pe_in_weight", 7 0, L_00000238929af1d0;  1 drivers
v00000238927f5ac0_0 .net "pe_load_en", 0 0, L_00000238929ae7d0;  1 drivers
S_00000238927ff1f0 .scope generate, "genblk1" "genblk1" 9 61, 9 61 0, S_00000238927febb0;
 .timescale -9 -12;
L_00000238926d6cf0 .functor BUFZ 8, v00000238927f6100_0, C4<00000000>, C4<00000000>, C4<00000000>;
S_00000238927fda80 .scope generate, "genblk2" "genblk2" 9 72, 9 72 0, S_00000238927febb0;
 .timescale -9 -12;
L_00000238926d6b30 .functor BUFZ 32, v00000238924c12c0_0, C4<00000000000000000000000000000000>, C4<00000000000000000000000000000000>, C4<00000000000000000000000000000000>;
S_00000238927fdda0 .scope module, "pe_inst" "pe" 9 91, 10 12 0, S_00000238927febb0;
 .timescale 0 0;
    .port_info 0 /INPUT 1 "clk";
    .port_info 1 /INPUT 1 "rst_n";
    .port_info 2 /INPUT 1 "en_compute";
    .port_info 3 /INPUT 1 "load_weight";
    .port_info 4 /INPUT 8 "in_act";
    .port_info 5 /INPUT 8 "in_weight";
    .port_info 6 /INPUT 32 "in_psum";
    .port_info 7 /OUTPUT 8 "out_act";
    .port_info 8 /OUTPUT 32 "out_psum";
v00000238927f6b00_0 .net "clk", 0 0, v00000238928c9830_0;  alias, 1 drivers
v00000238927f5160_0 .net "en_compute", 0 0, L_000002389294c268;  alias, 1 drivers
v00000238927f50c0_0 .net "in_act", 7 0, L_00000238926d6cf0;  alias, 1 drivers
v00000238927f57a0_0 .net "in_psum", 31 0, L_00000238926d6b30;  alias, 1 drivers
v00000238927f5980_0 .net "in_weight", 7 0, L_00000238929af1d0;  alias, 1 drivers
v00000238927f5a20_0 .net "load_weight", 0 0, L_00000238929ae7d0;  alias, 1 drivers
v00000238927f4c60_0 .var "out_act", 7 0;
v00000238927f4ee0_0 .var "out_psum", 31 0;
v00000238927f5200_0 .var/s "reg_weight", 7 0;
v00000238927f5ca0_0 .net "rst_n", 0 0, L_00000238926d5550;  alias, 1 drivers
S_00000238927fe570 .scope generate, "ROW_LOOP[2]" "ROW_LOOP[2]" 9 54, 9 54 0, S_00000238927e0370;
 .timescale -9 -12;
P_00000238926efa50 .param/l "r" 0 9 54, +C4<010>;
S_0000023892800960 .scope generate, "COL_LOOP[0]" "COL_LOOP[0]" 9 55, 9 55 0, S_00000238927fe570;
 .timescale -9 -12;
P_00000238926eff90 .param/l "c" 0 9 55, +C4<00>;
v00000238927f7c80_0 .net "pe_in_act", 7 0, L_00000238929af270;  1 drivers
v00000238927f98a0_0 .net "pe_in_psum", 31 0, L_00000238926d6d60;  1 drivers
v00000238927f7d20_0 .net "pe_in_weight", 7 0, L_00000238929b0710;  1 drivers
v00000238927f76e0_0 .net "pe_load_en", 0 0, L_00000238929b05d0;  1 drivers
S_00000238927fdf30 .scope generate, "genblk1" "genblk1" 9 61, 9 61 0, S_0000023892800960;
 .timescale -9 -12;
S_00000238927fe700 .scope generate, "genblk2" "genblk2" 9 72, 9 72 0, S_0000023892800960;
 .timescale -9 -12;
L_00000238926d6d60 .functor BUFZ 32, v00000238924b6110_0, C4<00000000000000000000000000000000>, C4<00000000000000000000000000000000>, C4<00000000000000000000000000000000>;
S_00000238927fd2b0 .scope module, "pe_inst" "pe" 9 91, 10 12 0, S_0000023892800960;
 .timescale 0 0;
    .port_info 0 /INPUT 1 "clk";
    .port_info 1 /INPUT 1 "rst_n";
    .port_info 2 /INPUT 1 "en_compute";
    .port_info 3 /INPUT 1 "load_weight";
    .port_info 4 /INPUT 8 "in_act";
    .port_info 5 /INPUT 8 "in_weight";
    .port_info 6 /INPUT 32 "in_psum";
    .port_info 7 /OUTPUT 8 "out_act";
    .port_info 8 /OUTPUT 32 "out_psum";
v00000238927f6600_0 .net "clk", 0 0, v00000238928c9830_0;  alias, 1 drivers
v00000238927f6740_0 .net "en_compute", 0 0, L_000002389294c268;  alias, 1 drivers
v00000238927f6ba0_0 .net "in_act", 7 0, L_00000238929af270;  alias, 1 drivers
v00000238927f87c0_0 .net "in_psum", 31 0, L_00000238926d6d60;  alias, 1 drivers
v00000238927f84a0_0 .net "in_weight", 7 0, L_00000238929b0710;  alias, 1 drivers
v00000238927f7500_0 .net "load_weight", 0 0, L_00000238929b05d0;  alias, 1 drivers
v00000238927f8d60_0 .var "out_act", 7 0;
v00000238927f7320_0 .var "out_psum", 31 0;
v00000238927f8e00_0 .var/s "reg_weight", 7 0;
v00000238927f9080_0 .net "rst_n", 0 0, L_00000238926d5550;  alias, 1 drivers
S_00000238928004b0 .scope generate, "COL_LOOP[1]" "COL_LOOP[1]" 9 55, 9 55 0, S_00000238927fe570;
 .timescale -9 -12;
P_00000238926efad0 .param/l "c" 0 9 55, +C4<01>;
v00000238927f9120_0 .net "pe_in_act", 7 0, L_00000238926d72a0;  1 drivers
v00000238927f91c0_0 .net "pe_in_psum", 31 0, L_00000238926d7c40;  1 drivers
v00000238927f9580_0 .net "pe_in_weight", 7 0, L_00000238929afd10;  1 drivers
v00000238927f85e0_0 .net "pe_load_en", 0 0, L_00000238929b0670;  1 drivers
S_00000238927ff9c0 .scope generate, "genblk1" "genblk1" 9 61, 9 61 0, S_00000238928004b0;
 .timescale -9 -12;
L_00000238926d72a0 .functor BUFZ 8, v00000238927f8d60_0, C4<00000000>, C4<00000000>, C4<00000000>;
S_00000238927ff510 .scope generate, "genblk2" "genblk2" 9 72, 9 72 0, S_00000238928004b0;
 .timescale -9 -12;
L_00000238926d7c40 .functor BUFZ 32, v00000238924da250_0, C4<00000000000000000000000000000000>, C4<00000000000000000000000000000000>, C4<00000000000000000000000000000000>;
S_0000023892800640 .scope module, "pe_inst" "pe" 9 91, 10 12 0, S_00000238928004b0;
 .timescale 0 0;
    .port_info 0 /INPUT 1 "clk";
    .port_info 1 /INPUT 1 "rst_n";
    .port_info 2 /INPUT 1 "en_compute";
    .port_info 3 /INPUT 1 "load_weight";
    .port_info 4 /INPUT 8 "in_act";
    .port_info 5 /INPUT 8 "in_weight";
    .port_info 6 /INPUT 32 "in_psum";
    .port_info 7 /OUTPUT 8 "out_act";
    .port_info 8 /OUTPUT 32 "out_psum";
v00000238927f7dc0_0 .net "clk", 0 0, v00000238928c9830_0;  alias, 1 drivers
v00000238927f96c0_0 .net "en_compute", 0 0, L_000002389294c268;  alias, 1 drivers
v00000238927f71e0_0 .net "in_act", 7 0, L_00000238926d72a0;  alias, 1 drivers
v00000238927f8ea0_0 .net "in_psum", 31 0, L_00000238926d7c40;  alias, 1 drivers
v00000238927f8f40_0 .net "in_weight", 7 0, L_00000238929afd10;  alias, 1 drivers
v00000238927f93a0_0 .net "load_weight", 0 0, L_00000238929b0670;  alias, 1 drivers
v00000238927f8400_0 .var "out_act", 7 0;
v00000238927f9760_0 .var "out_psum", 31 0;
v00000238927f9440_0 .var/s "reg_weight", 7 0;
v00000238927f7f00_0 .net "rst_n", 0 0, L_00000238926d5550;  alias, 1 drivers
S_00000238927fe890 .scope generate, "COL_LOOP[2]" "COL_LOOP[2]" 9 55, 9 55 0, S_00000238927fe570;
 .timescale -9 -12;
P_00000238926efd50 .param/l "c" 0 9 55, +C4<010>;
v00000238927f9260_0 .net "pe_in_act", 7 0, L_00000238926d6430;  1 drivers
v00000238927f78c0_0 .net "pe_in_psum", 31 0, L_00000238926d6580;  1 drivers
v00000238927f7fa0_0 .net "pe_in_weight", 7 0, L_00000238929afdb0;  1 drivers
v00000238927f7640_0 .net "pe_load_en", 0 0, L_00000238929ae230;  1 drivers
S_00000238927fd120 .scope generate, "genblk1" "genblk1" 9 61, 9 61 0, S_00000238927fe890;
 .timescale -9 -12;
L_00000238926d6430 .functor BUFZ 8, v00000238927f8400_0, C4<00000000>, C4<00000000>, C4<00000000>;
S_00000238927fea20 .scope generate, "genblk2" "genblk2" 9 72, 9 72 0, S_00000238927fe890;
 .timescale -9 -12;
L_00000238926d6580 .functor BUFZ 32, v000002389249d770_0, C4<00000000000000000000000000000000>, C4<00000000000000000000000000000000>, C4<00000000000000000000000000000000>;
S_00000238927fed40 .scope module, "pe_inst" "pe" 9 91, 10 12 0, S_00000238927fe890;
 .timescale 0 0;
    .port_info 0 /INPUT 1 "clk";
    .port_info 1 /INPUT 1 "rst_n";
    .port_info 2 /INPUT 1 "en_compute";
    .port_info 3 /INPUT 1 "load_weight";
    .port_info 4 /INPUT 8 "in_act";
    .port_info 5 /INPUT 8 "in_weight";
    .port_info 6 /INPUT 32 "in_psum";
    .port_info 7 /OUTPUT 8 "out_act";
    .port_info 8 /OUTPUT 32 "out_psum";
v00000238927f75a0_0 .net "clk", 0 0, v00000238928c9830_0;  alias, 1 drivers
v00000238927f7140_0 .net "en_compute", 0 0, L_000002389294c268;  alias, 1 drivers
v00000238927f7280_0 .net "in_act", 7 0, L_00000238926d6430;  alias, 1 drivers
v00000238927f73c0_0 .net "in_psum", 31 0, L_00000238926d6580;  alias, 1 drivers
v00000238927f9800_0 .net "in_weight", 7 0, L_00000238929afdb0;  alias, 1 drivers
v00000238927f80e0_0 .net "load_weight", 0 0, L_00000238929ae230;  alias, 1 drivers
v00000238927f7820_0 .var "out_act", 7 0;
v00000238927f94e0_0 .var "out_psum", 31 0;
v00000238927f8540_0 .var/s "reg_weight", 7 0;
v00000238927f9300_0 .net "rst_n", 0 0, L_00000238926d5550;  alias, 1 drivers
S_0000023892800af0 .scope generate, "COL_LOOP[3]" "COL_LOOP[3]" 9 55, 9 55 0, S_00000238927fe570;
 .timescale -9 -12;
P_00000238926efb10 .param/l "c" 0 9 55, +C4<011>;
v00000238927f7b40_0 .net "pe_in_act", 7 0, L_00000238926d66d0;  1 drivers
v00000238927f8680_0 .net "pe_in_psum", 31 0, L_00000238926d7af0;  1 drivers
v00000238927f7be0_0 .net "pe_in_weight", 7 0, L_00000238929aeff0;  1 drivers
v00000238927f8220_0 .net "pe_load_en", 0 0, L_00000238929aea50;  1 drivers
S_00000238927ffce0 .scope generate, "genblk1" "genblk1" 9 61, 9 61 0, S_0000023892800af0;
 .timescale -9 -12;
L_00000238926d66d0 .functor BUFZ 8, v00000238927f7820_0, C4<00000000>, C4<00000000>, C4<00000000>;
S_0000023892800c80 .scope generate, "genblk2" "genblk2" 9 72, 9 72 0, S_0000023892800af0;
 .timescale -9 -12;
L_00000238926d7af0 .functor BUFZ 32, v00000238927f0c00_0, C4<00000000000000000000000000000000>, C4<00000000000000000000000000000000>, C4<00000000000000000000000000000000>;
S_0000023892800e10 .scope module, "pe_inst" "pe" 9 91, 10 12 0, S_0000023892800af0;
 .timescale 0 0;
    .port_info 0 /INPUT 1 "clk";
    .port_info 1 /INPUT 1 "rst_n";
    .port_info 2 /INPUT 1 "en_compute";
    .port_info 3 /INPUT 1 "load_weight";
    .port_info 4 /INPUT 8 "in_act";
    .port_info 5 /INPUT 8 "in_weight";
    .port_info 6 /INPUT 32 "in_psum";
    .port_info 7 /OUTPUT 8 "out_act";
    .port_info 8 /OUTPUT 32 "out_psum";
v00000238927f8860_0 .net "clk", 0 0, v00000238928c9830_0;  alias, 1 drivers
v00000238927f7960_0 .net "en_compute", 0 0, L_000002389294c268;  alias, 1 drivers
v00000238927f7aa0_0 .net "in_act", 7 0, L_00000238926d66d0;  alias, 1 drivers
v00000238927f9620_0 .net "in_psum", 31 0, L_00000238926d7af0;  alias, 1 drivers
v00000238927f8040_0 .net "in_weight", 7 0, L_00000238929aeff0;  alias, 1 drivers
v00000238927f7460_0 .net "load_weight", 0 0, L_00000238929aea50;  alias, 1 drivers
v00000238927f8b80_0 .var "out_act", 7 0;
v00000238927f8180_0 .var "out_psum", 31 0;
v00000238927f8720_0 .var/s "reg_weight", 7 0;
v00000238927f8fe0_0 .net "rst_n", 0 0, L_00000238926d5550;  alias, 1 drivers
S_00000238927fd440 .scope generate, "COL_LOOP[4]" "COL_LOOP[4]" 9 55, 9 55 0, S_00000238927fe570;
 .timescale -9 -12;
P_00000238926ef690 .param/l "c" 0 9 55, +C4<0100>;
v00000238927fa980_0 .net "pe_in_act", 7 0, L_00000238926d6a50;  1 drivers
v00000238927f99e0_0 .net "pe_in_psum", 31 0, L_00000238926d6ba0;  1 drivers
v00000238927fa840_0 .net "pe_in_weight", 7 0, L_00000238929ae910;  1 drivers
v00000238927fb880_0 .net "pe_load_en", 0 0, L_00000238929ae870;  1 drivers
S_00000238927ff060 .scope generate, "genblk1" "genblk1" 9 61, 9 61 0, S_00000238927fd440;
 .timescale -9 -12;
L_00000238926d6a50 .functor BUFZ 8, v00000238927f8b80_0, C4<00000000>, C4<00000000>, C4<00000000>;
S_00000238927fd5d0 .scope generate, "genblk2" "genblk2" 9 72, 9 72 0, S_00000238927fd440;
 .timescale -9 -12;
L_00000238926d6ba0 .functor BUFZ 32, v00000238927f1a60_0, C4<00000000000000000000000000000000>, C4<00000000000000000000000000000000>, C4<00000000000000000000000000000000>;
S_00000238927ffe70 .scope module, "pe_inst" "pe" 9 91, 10 12 0, S_00000238927fd440;
 .timescale 0 0;
    .port_info 0 /INPUT 1 "clk";
    .port_info 1 /INPUT 1 "rst_n";
    .port_info 2 /INPUT 1 "en_compute";
    .port_info 3 /INPUT 1 "load_weight";
    .port_info 4 /INPUT 8 "in_act";
    .port_info 5 /INPUT 8 "in_weight";
    .port_info 6 /INPUT 32 "in_psum";
    .port_info 7 /OUTPUT 8 "out_act";
    .port_info 8 /OUTPUT 32 "out_psum";
v00000238927f82c0_0 .net "clk", 0 0, v00000238928c9830_0;  alias, 1 drivers
v00000238927f8900_0 .net "en_compute", 0 0, L_000002389294c268;  alias, 1 drivers
v00000238927f8360_0 .net "in_act", 7 0, L_00000238926d6a50;  alias, 1 drivers
v00000238927f89a0_0 .net "in_psum", 31 0, L_00000238926d6ba0;  alias, 1 drivers
v00000238927f8a40_0 .net "in_weight", 7 0, L_00000238929ae910;  alias, 1 drivers
v00000238927f8c20_0 .net "load_weight", 0 0, L_00000238929ae870;  alias, 1 drivers
v00000238927f8cc0_0 .var "out_act", 7 0;
v00000238927f9da0_0 .var "out_psum", 31 0;
v00000238927fa2a0_0 .var/s "reg_weight", 7 0;
v00000238927fac00_0 .net "rst_n", 0 0, L_00000238926d5550;  alias, 1 drivers
S_00000238927fd760 .scope generate, "COL_LOOP[5]" "COL_LOOP[5]" 9 55, 9 55 0, S_00000238927fe570;
 .timescale -9 -12;
P_00000238926ef790 .param/l "c" 0 9 55, +C4<0101>;
v00000238927fbb00_0 .net "pe_in_act", 7 0, L_00000238926d6e40;  1 drivers
v00000238927fa160_0 .net "pe_in_psum", 31 0, L_00000238926d7b60;  1 drivers
v00000238927f9c60_0 .net "pe_in_weight", 7 0, L_00000238929aeaf0;  1 drivers
v00000238927fb420_0 .net "pe_load_en", 0 0, L_00000238929aeb90;  1 drivers
S_00000238927ff830 .scope generate, "genblk1" "genblk1" 9 61, 9 61 0, S_00000238927fd760;
 .timescale -9 -12;
L_00000238926d6e40 .functor BUFZ 8, v00000238927f8cc0_0, C4<00000000>, C4<00000000>, C4<00000000>;
S_00000238927ff380 .scope generate, "genblk2" "genblk2" 9 72, 9 72 0, S_00000238927fd760;
 .timescale -9 -12;
L_00000238926d7b60 .functor BUFZ 32, v00000238927ef940_0, C4<00000000000000000000000000000000>, C4<00000000000000000000000000000000>, C4<00000000000000000000000000000000>;
S_00000238927fd8f0 .scope module, "pe_inst" "pe" 9 91, 10 12 0, S_00000238927fd760;
 .timescale 0 0;
    .port_info 0 /INPUT 1 "clk";
    .port_info 1 /INPUT 1 "rst_n";
    .port_info 2 /INPUT 1 "en_compute";
    .port_info 3 /INPUT 1 "load_weight";
    .port_info 4 /INPUT 8 "in_act";
    .port_info 5 /INPUT 8 "in_weight";
    .port_info 6 /INPUT 32 "in_psum";
    .port_info 7 /OUTPUT 8 "out_act";
    .port_info 8 /OUTPUT 32 "out_psum";
v00000238927f9a80_0 .net "clk", 0 0, v00000238928c9830_0;  alias, 1 drivers
v00000238927fbf60_0 .net "en_compute", 0 0, L_000002389294c268;  alias, 1 drivers
v00000238927fb1a0_0 .net "in_act", 7 0, L_00000238926d6e40;  alias, 1 drivers
v00000238927fbec0_0 .net "in_psum", 31 0, L_00000238926d7b60;  alias, 1 drivers
v00000238927f9d00_0 .net "in_weight", 7 0, L_00000238929aeaf0;  alias, 1 drivers
v00000238927f9b20_0 .net "load_weight", 0 0, L_00000238929aeb90;  alias, 1 drivers
v00000238927f9bc0_0 .var "out_act", 7 0;
v00000238927fa8e0_0 .var "out_psum", 31 0;
v00000238927fbc40_0 .var/s "reg_weight", 7 0;
v00000238927fae80_0 .net "rst_n", 0 0, L_00000238926d5550;  alias, 1 drivers
S_0000023892801450 .scope generate, "COL_LOOP[6]" "COL_LOOP[6]" 9 55, 9 55 0, S_00000238927fe570;
 .timescale -9 -12;
P_00000238926ef9d0 .param/l "c" 0 9 55, +C4<0110>;
v00000238927fbce0_0 .net "pe_in_act", 7 0, L_00000238926d6350;  1 drivers
v00000238927faa20_0 .net "pe_in_psum", 31 0, L_00000238926d7bd0;  1 drivers
v00000238927f9f80_0 .net "pe_in_weight", 7 0, L_00000238929afe50;  1 drivers
v00000238927faac0_0 .net "pe_load_en", 0 0, L_00000238929aff90;  1 drivers
S_00000238928015e0 .scope generate, "genblk1" "genblk1" 9 61, 9 61 0, S_0000023892801450;
 .timescale -9 -12;
L_00000238926d6350 .functor BUFZ 8, v00000238927f9bc0_0, C4<00000000>, C4<00000000>, C4<00000000>;
S_00000238928012c0 .scope generate, "genblk2" "genblk2" 9 72, 9 72 0, S_0000023892801450;
 .timescale -9 -12;
L_00000238926d7bd0 .functor BUFZ 32, v00000238927f0200_0, C4<00000000000000000000000000000000>, C4<00000000000000000000000000000000>, C4<00000000000000000000000000000000>;
S_0000023892801900 .scope module, "pe_inst" "pe" 9 91, 10 12 0, S_0000023892801450;
 .timescale 0 0;
    .port_info 0 /INPUT 1 "clk";
    .port_info 1 /INPUT 1 "rst_n";
    .port_info 2 /INPUT 1 "en_compute";
    .port_info 3 /INPUT 1 "load_weight";
    .port_info 4 /INPUT 8 "in_act";
    .port_info 5 /INPUT 8 "in_weight";
    .port_info 6 /INPUT 32 "in_psum";
    .port_info 7 /OUTPUT 8 "out_act";
    .port_info 8 /OUTPUT 32 "out_psum";
v00000238927fa480_0 .net "clk", 0 0, v00000238928c9830_0;  alias, 1 drivers
v00000238927fad40_0 .net "en_compute", 0 0, L_000002389294c268;  alias, 1 drivers
v00000238927f9e40_0 .net "in_act", 7 0, L_00000238926d6350;  alias, 1 drivers
v00000238927fbba0_0 .net "in_psum", 31 0, L_00000238926d7bd0;  alias, 1 drivers
v00000238927fb240_0 .net "in_weight", 7 0, L_00000238929afe50;  alias, 1 drivers
v00000238927fb7e0_0 .net "load_weight", 0 0, L_00000238929aff90;  alias, 1 drivers
v00000238927fba60_0 .var "out_act", 7 0;
v00000238927faf20_0 .var "out_psum", 31 0;
v00000238927f9ee0_0 .var/s "reg_weight", 7 0;
v00000238927fa340_0 .net "rst_n", 0 0, L_00000238926d5550;  alias, 1 drivers
S_00000238928041a0 .scope generate, "COL_LOOP[7]" "COL_LOOP[7]" 9 55, 9 55 0, S_00000238927fe570;
 .timescale -9 -12;
P_00000238926f0150 .param/l "c" 0 9 55, +C4<0111>;
v00000238927fade0_0 .net "pe_in_act", 7 0, L_00000238926d64a0;  1 drivers
v00000238927fc000_0 .net "pe_in_psum", 31 0, L_00000238926d6740;  1 drivers
v00000238927fa5c0_0 .net "pe_in_weight", 7 0, L_00000238929aed70;  1 drivers
v00000238927fa660_0 .net "pe_load_en", 0 0, L_00000238929b0850;  1 drivers
S_0000023892802710 .scope generate, "genblk1" "genblk1" 9 61, 9 61 0, S_00000238928041a0;
 .timescale -9 -12;
L_00000238926d64a0 .functor BUFZ 8, v00000238927fba60_0, C4<00000000>, C4<00000000>, C4<00000000>;
S_0000023892803e80 .scope generate, "genblk2" "genblk2" 9 72, 9 72 0, S_00000238928041a0;
 .timescale -9 -12;
L_00000238926d6740 .functor BUFZ 32, v00000238927f0ac0_0, C4<00000000000000000000000000000000>, C4<00000000000000000000000000000000>, C4<00000000000000000000000000000000>;
S_00000238928028a0 .scope module, "pe_inst" "pe" 9 91, 10 12 0, S_00000238928041a0;
 .timescale 0 0;
    .port_info 0 /INPUT 1 "clk";
    .port_info 1 /INPUT 1 "rst_n";
    .port_info 2 /INPUT 1 "en_compute";
    .port_info 3 /INPUT 1 "load_weight";
    .port_info 4 /INPUT 8 "in_act";
    .port_info 5 /INPUT 8 "in_weight";
    .port_info 6 /INPUT 32 "in_psum";
    .port_info 7 /OUTPUT 8 "out_act";
    .port_info 8 /OUTPUT 32 "out_psum";
v00000238927fb600_0 .net "clk", 0 0, v00000238928c9830_0;  alias, 1 drivers
v00000238927fbd80_0 .net "en_compute", 0 0, L_000002389294c268;  alias, 1 drivers
v00000238927fa020_0 .net "in_act", 7 0, L_00000238926d64a0;  alias, 1 drivers
v00000238927fb2e0_0 .net "in_psum", 31 0, L_00000238926d6740;  alias, 1 drivers
v00000238927fa3e0_0 .net "in_weight", 7 0, L_00000238929aed70;  alias, 1 drivers
v00000238927fa0c0_0 .net "load_weight", 0 0, L_00000238929b0850;  alias, 1 drivers
v00000238927fc0a0_0 .var "out_act", 7 0;
v00000238927fa200_0 .var "out_psum", 31 0;
v00000238927fa520_0 .var/s "reg_weight", 7 0;
v00000238927fbe20_0 .net "rst_n", 0 0, L_00000238926d5550;  alias, 1 drivers
S_0000023892801a90 .scope generate, "COL_LOOP[8]" "COL_LOOP[8]" 9 55, 9 55 0, S_00000238927fe570;
 .timescale -9 -12;
P_00000238926ef4d0 .param/l "c" 0 9 55, +C4<01000>;
v00000238927f9940_0 .net "pe_in_act", 7 0, L_00000238926d67b0;  1 drivers
v00000238927fce60_0 .net "pe_in_psum", 31 0, L_00000238926d6820;  1 drivers
v00000238927fcf00_0 .net "pe_in_weight", 7 0, L_00000238929b0030;  1 drivers
v00000238927fc3c0_0 .net "pe_load_en", 0 0, L_00000238929b0490;  1 drivers
S_0000023892803070 .scope generate, "genblk1" "genblk1" 9 61, 9 61 0, S_0000023892801a90;
 .timescale -9 -12;
L_00000238926d67b0 .functor BUFZ 8, v00000238927fc0a0_0, C4<00000000>, C4<00000000>, C4<00000000>;
S_0000023892803520 .scope generate, "genblk2" "genblk2" 9 72, 9 72 0, S_0000023892801a90;
 .timescale -9 -12;
L_00000238926d6820 .functor BUFZ 32, v00000238927f4620_0, C4<00000000000000000000000000000000>, C4<00000000000000000000000000000000>, C4<00000000000000000000000000000000>;
S_0000023892802d50 .scope module, "pe_inst" "pe" 9 91, 10 12 0, S_0000023892801a90;
 .timescale 0 0;
    .port_info 0 /INPUT 1 "clk";
    .port_info 1 /INPUT 1 "rst_n";
    .port_info 2 /INPUT 1 "en_compute";
    .port_info 3 /INPUT 1 "load_weight";
    .port_info 4 /INPUT 8 "in_act";
    .port_info 5 /INPUT 8 "in_weight";
    .port_info 6 /INPUT 32 "in_psum";
    .port_info 7 /OUTPUT 8 "out_act";
    .port_info 8 /OUTPUT 32 "out_psum";
v00000238927fb6a0_0 .net "clk", 0 0, v00000238928c9830_0;  alias, 1 drivers
v00000238927fa7a0_0 .net "en_compute", 0 0, L_000002389294c268;  alias, 1 drivers
v00000238927fafc0_0 .net "in_act", 7 0, L_00000238926d67b0;  alias, 1 drivers
v00000238927fb060_0 .net "in_psum", 31 0, L_00000238926d6820;  alias, 1 drivers
v00000238927fb4c0_0 .net "in_weight", 7 0, L_00000238929b0030;  alias, 1 drivers
v00000238927fb560_0 .net "load_weight", 0 0, L_00000238929b0490;  alias, 1 drivers
v00000238927fb100_0 .var "out_act", 7 0;
v00000238927fb740_0 .var "out_psum", 31 0;
v00000238927fb920_0 .var/s "reg_weight", 7 0;
v00000238927fb9c0_0 .net "rst_n", 0 0, L_00000238926d5550;  alias, 1 drivers
S_0000023892801c20 .scope generate, "COL_LOOP[9]" "COL_LOOP[9]" 9 55, 9 55 0, S_00000238927fe570;
 .timescale -9 -12;
P_00000238926f0010 .param/l "c" 0 9 55, +C4<01001>;
v00000238927fc320_0 .net "pe_in_act", 7 0, L_00000238926d6970;  1 drivers
v00000238927fc5a0_0 .net "pe_in_psum", 31 0, L_00000238926d69e0;  1 drivers
v00000238927fc640_0 .net "pe_in_weight", 7 0, L_00000238929ae370;  1 drivers
v00000238927fc6e0_0 .net "pe_load_en", 0 0, L_00000238929b00d0;  1 drivers
S_0000023892802a30 .scope generate, "genblk1" "genblk1" 9 61, 9 61 0, S_0000023892801c20;
 .timescale -9 -12;
L_00000238926d6970 .functor BUFZ 8, v00000238927fb100_0, C4<00000000>, C4<00000000>, C4<00000000>;
S_0000023892801770 .scope generate, "genblk2" "genblk2" 9 72, 9 72 0, S_0000023892801c20;
 .timescale -9 -12;
L_00000238926d69e0 .functor BUFZ 32, v00000238927f3180_0, C4<00000000000000000000000000000000>, C4<00000000000000000000000000000000>, C4<00000000000000000000000000000000>;
S_00000238928039d0 .scope module, "pe_inst" "pe" 9 91, 10 12 0, S_0000023892801c20;
 .timescale 0 0;
    .port_info 0 /INPUT 1 "clk";
    .port_info 1 /INPUT 1 "rst_n";
    .port_info 2 /INPUT 1 "en_compute";
    .port_info 3 /INPUT 1 "load_weight";
    .port_info 4 /INPUT 8 "in_act";
    .port_info 5 /INPUT 8 "in_weight";
    .port_info 6 /INPUT 32 "in_psum";
    .port_info 7 /OUTPUT 8 "out_act";
    .port_info 8 /OUTPUT 32 "out_psum";
v00000238927fcfa0_0 .net "clk", 0 0, v00000238928c9830_0;  alias, 1 drivers
v00000238927fcb40_0 .net "en_compute", 0 0, L_000002389294c268;  alias, 1 drivers
v00000238927fc8c0_0 .net "in_act", 7 0, L_00000238926d6970;  alias, 1 drivers
v00000238927fc1e0_0 .net "in_psum", 31 0, L_00000238926d69e0;  alias, 1 drivers
v00000238927fcbe0_0 .net "in_weight", 7 0, L_00000238929ae370;  alias, 1 drivers
v00000238927fcc80_0 .net "load_weight", 0 0, L_00000238929b00d0;  alias, 1 drivers
v00000238927fc460_0 .var "out_act", 7 0;
v00000238927fc960_0 .var "out_psum", 31 0;
v00000238927fc500_0 .var/s "reg_weight", 7 0;
v00000238927fca00_0 .net "rst_n", 0 0, L_00000238926d5550;  alias, 1 drivers
S_00000238928020d0 .scope generate, "COL_LOOP[10]" "COL_LOOP[10]" 9 55, 9 55 0, S_00000238927fe570;
 .timescale -9 -12;
P_00000238926efc10 .param/l "c" 0 9 55, +C4<01010>;
v00000238927edd20_0 .net "pe_in_act", 7 0, L_00000238926d6c10;  1 drivers
v00000238927eefe0_0 .net "pe_in_psum", 31 0, L_00000238926d6c80;  1 drivers
v00000238927ef3a0_0 .net "pe_in_weight", 7 0, L_00000238929aecd0;  1 drivers
v00000238927eeea0_0 .net "pe_load_en", 0 0, L_00000238929af630;  1 drivers
S_00000238928023f0 .scope generate, "genblk1" "genblk1" 9 61, 9 61 0, S_00000238928020d0;
 .timescale -9 -12;
L_00000238926d6c10 .functor BUFZ 8, v00000238927fc460_0, C4<00000000>, C4<00000000>, C4<00000000>;
S_0000023892801db0 .scope generate, "genblk2" "genblk2" 9 72, 9 72 0, S_00000238928020d0;
 .timescale -9 -12;
L_00000238926d6c80 .functor BUFZ 32, v00000238927f35e0_0, C4<00000000000000000000000000000000>, C4<00000000000000000000000000000000>, C4<00000000000000000000000000000000>;
S_0000023892804b00 .scope module, "pe_inst" "pe" 9 91, 10 12 0, S_00000238928020d0;
 .timescale 0 0;
    .port_info 0 /INPUT 1 "clk";
    .port_info 1 /INPUT 1 "rst_n";
    .port_info 2 /INPUT 1 "en_compute";
    .port_info 3 /INPUT 1 "load_weight";
    .port_info 4 /INPUT 8 "in_act";
    .port_info 5 /INPUT 8 "in_weight";
    .port_info 6 /INPUT 32 "in_psum";
    .port_info 7 /OUTPUT 8 "out_act";
    .port_info 8 /OUTPUT 32 "out_psum";
v00000238927fc140_0 .net "clk", 0 0, v00000238928c9830_0;  alias, 1 drivers
v00000238927fc780_0 .net "en_compute", 0 0, L_000002389294c268;  alias, 1 drivers
v00000238927fcd20_0 .net "in_act", 7 0, L_00000238926d6c10;  alias, 1 drivers
v00000238927fcdc0_0 .net "in_psum", 31 0, L_00000238926d6c80;  alias, 1 drivers
v00000238927fc280_0 .net "in_weight", 7 0, L_00000238929aecd0;  alias, 1 drivers
v00000238927ee860_0 .net "load_weight", 0 0, L_00000238929af630;  alias, 1 drivers
v00000238927ed320_0 .var "out_act", 7 0;
v00000238927eed60_0 .var "out_psum", 31 0;
v00000238927ee720_0 .var/s "reg_weight", 7 0;
v00000238927ed640_0 .net "rst_n", 0 0, L_00000238926d5550;  alias, 1 drivers
S_0000023892802ee0 .scope generate, "COL_LOOP[11]" "COL_LOOP[11]" 9 55, 9 55 0, S_00000238927fe570;
 .timescale -9 -12;
P_00000238926ef410 .param/l "c" 0 9 55, +C4<01011>;
v00000238927ef080_0 .net "pe_in_act", 7 0, L_00000238926d8110;  1 drivers
v00000238927ede60_0 .net "pe_in_psum", 31 0, L_00000238926d8420;  1 drivers
v00000238927eef40_0 .net "pe_in_weight", 7 0, L_00000238929b0350;  1 drivers
v00000238927edbe0_0 .net "pe_load_en", 0 0, L_00000238929b03f0;  1 drivers
S_0000023892802580 .scope generate, "genblk1" "genblk1" 9 61, 9 61 0, S_0000023892802ee0;
 .timescale -9 -12;
L_00000238926d8110 .functor BUFZ 8, v00000238927ed320_0, C4<00000000>, C4<00000000>, C4<00000000>;
S_0000023892804330 .scope generate, "genblk2" "genblk2" 9 72, 9 72 0, S_0000023892802ee0;
 .timescale -9 -12;
L_00000238926d8420 .functor BUFZ 32, v00000238927f3f40_0, C4<00000000000000000000000000000000>, C4<00000000000000000000000000000000>, C4<00000000000000000000000000000000>;
S_00000238928047e0 .scope module, "pe_inst" "pe" 9 91, 10 12 0, S_0000023892802ee0;
 .timescale 0 0;
    .port_info 0 /INPUT 1 "clk";
    .port_info 1 /INPUT 1 "rst_n";
    .port_info 2 /INPUT 1 "en_compute";
    .port_info 3 /INPUT 1 "load_weight";
    .port_info 4 /INPUT 8 "in_act";
    .port_info 5 /INPUT 8 "in_weight";
    .port_info 6 /INPUT 32 "in_psum";
    .port_info 7 /OUTPUT 8 "out_act";
    .port_info 8 /OUTPUT 32 "out_psum";
v00000238927ef6c0_0 .net "clk", 0 0, v00000238928c9830_0;  alias, 1 drivers
v00000238927ed1e0_0 .net "en_compute", 0 0, L_000002389294c268;  alias, 1 drivers
v00000238927ee680_0 .net "in_act", 7 0, L_00000238926d8110;  alias, 1 drivers
v00000238927ed5a0_0 .net "in_psum", 31 0, L_00000238926d8420;  alias, 1 drivers
v00000238927edaa0_0 .net "in_weight", 7 0, L_00000238929b0350;  alias, 1 drivers
v00000238927ee400_0 .net "load_weight", 0 0, L_00000238929b03f0;  alias, 1 drivers
v00000238927ed780_0 .var "out_act", 7 0;
v00000238927ef120_0 .var "out_psum", 31 0;
v00000238927eddc0_0 .var/s "reg_weight", 7 0;
v00000238927ef440_0 .net "rst_n", 0 0, L_00000238926d5550;  alias, 1 drivers
S_0000023892804010 .scope generate, "COL_LOOP[12]" "COL_LOOP[12]" 9 55, 9 55 0, S_00000238927fe570;
 .timescale -9 -12;
P_00000238926ef450 .param/l "c" 0 9 55, +C4<01100>;
v00000238927ee220_0 .net "pe_in_act", 7 0, L_00000238926d8500;  1 drivers
v00000238927ef620_0 .net "pe_in_psum", 31 0, L_00000238926d7ee0;  1 drivers
v00000238927eec20_0 .net "pe_in_weight", 7 0, L_00000238929b0530;  1 drivers
v00000238927ee360_0 .net "pe_load_en", 0 0, L_00000238929ae410;  1 drivers
S_0000023892803200 .scope generate, "genblk1" "genblk1" 9 61, 9 61 0, S_0000023892804010;
 .timescale -9 -12;
L_00000238926d8500 .functor BUFZ 8, v00000238927ed780_0, C4<00000000>, C4<00000000>, C4<00000000>;
S_00000238928036b0 .scope generate, "genblk2" "genblk2" 9 72, 9 72 0, S_0000023892804010;
 .timescale -9 -12;
L_00000238926d7ee0 .functor BUFZ 32, v00000238927f6920_0, C4<00000000000000000000000000000000>, C4<00000000000000000000000000000000>, C4<00000000000000000000000000000000>;
S_0000023892802260 .scope module, "pe_inst" "pe" 9 91, 10 12 0, S_0000023892804010;
 .timescale 0 0;
    .port_info 0 /INPUT 1 "clk";
    .port_info 1 /INPUT 1 "rst_n";
    .port_info 2 /INPUT 1 "en_compute";
    .port_info 3 /INPUT 1 "load_weight";
    .port_info 4 /INPUT 8 "in_act";
    .port_info 5 /INPUT 8 "in_weight";
    .port_info 6 /INPUT 32 "in_psum";
    .port_info 7 /OUTPUT 8 "out_act";
    .port_info 8 /OUTPUT 32 "out_psum";
v00000238927edf00_0 .net "clk", 0 0, v00000238928c9830_0;  alias, 1 drivers
v00000238927ef1c0_0 .net "en_compute", 0 0, L_000002389294c268;  alias, 1 drivers
v00000238927ed3c0_0 .net "in_act", 7 0, L_00000238926d8500;  alias, 1 drivers
v00000238927ee040_0 .net "in_psum", 31 0, L_00000238926d7ee0;  alias, 1 drivers
v00000238927ef4e0_0 .net "in_weight", 7 0, L_00000238929b0530;  alias, 1 drivers
v00000238927ee7c0_0 .net "load_weight", 0 0, L_00000238929ae410;  alias, 1 drivers
v00000238927ee900_0 .var "out_act", 7 0;
v00000238927ed820_0 .var "out_psum", 31 0;
v00000238927ef580_0 .var/s "reg_weight", 7 0;
v00000238927ef760_0 .net "rst_n", 0 0, L_00000238926d5550;  alias, 1 drivers
S_00000238928044c0 .scope generate, "COL_LOOP[13]" "COL_LOOP[13]" 9 55, 9 55 0, S_00000238927fe570;
 .timescale -9 -12;
P_00000238926efdd0 .param/l "c" 0 9 55, +C4<01101>;
v00000238927eee00_0 .net "pe_in_act", 7 0, L_00000238926d8030;  1 drivers
v00000238927edfa0_0 .net "pe_in_psum", 31 0, L_00000238926d80a0;  1 drivers
v00000238927ef8a0_0 .net "pe_in_weight", 7 0, L_00000238929ae4b0;  1 drivers
v00000238927ed8c0_0 .net "pe_load_en", 0 0, L_00000238929af310;  1 drivers
S_0000023892802bc0 .scope generate, "genblk1" "genblk1" 9 61, 9 61 0, S_00000238928044c0;
 .timescale -9 -12;
L_00000238926d8030 .functor BUFZ 8, v00000238927ee900_0, C4<00000000>, C4<00000000>, C4<00000000>;
S_0000023892801f40 .scope generate, "genblk2" "genblk2" 9 72, 9 72 0, S_00000238928044c0;
 .timescale -9 -12;
L_00000238926d80a0 .functor BUFZ 32, v00000238927f5020_0, C4<00000000000000000000000000000000>, C4<00000000000000000000000000000000>, C4<00000000000000000000000000000000>;
S_0000023892803b60 .scope module, "pe_inst" "pe" 9 91, 10 12 0, S_00000238928044c0;
 .timescale 0 0;
    .port_info 0 /INPUT 1 "clk";
    .port_info 1 /INPUT 1 "rst_n";
    .port_info 2 /INPUT 1 "en_compute";
    .port_info 3 /INPUT 1 "load_weight";
    .port_info 4 /INPUT 8 "in_act";
    .port_info 5 /INPUT 8 "in_weight";
    .port_info 6 /INPUT 32 "in_psum";
    .port_info 7 /OUTPUT 8 "out_act";
    .port_info 8 /OUTPUT 32 "out_psum";
v00000238927eea40_0 .net "clk", 0 0, v00000238928c9830_0;  alias, 1 drivers
v00000238927ee540_0 .net "en_compute", 0 0, L_000002389294c268;  alias, 1 drivers
v00000238927ef260_0 .net "in_act", 7 0, L_00000238926d8030;  alias, 1 drivers
v00000238927eeae0_0 .net "in_psum", 31 0, L_00000238926d80a0;  alias, 1 drivers
v00000238927ee9a0_0 .net "in_weight", 7 0, L_00000238929ae4b0;  alias, 1 drivers
v00000238927ef300_0 .net "load_weight", 0 0, L_00000238929af310;  alias, 1 drivers
v00000238927eeb80_0 .var "out_act", 7 0;
v00000238927eecc0_0 .var "out_psum", 31 0;
v00000238927ed6e0_0 .var/s "reg_weight", 7 0;
v00000238927ef800_0 .net "rst_n", 0 0, L_00000238926d5550;  alias, 1 drivers
S_0000023892803390 .scope generate, "COL_LOOP[14]" "COL_LOOP[14]" 9 55, 9 55 0, S_00000238927fe570;
 .timescale -9 -12;
P_00000238926ef890 .param/l "c" 0 9 55, +C4<01110>;
v0000023892809da0_0 .net "pe_in_act", 7 0, L_00000238926d8180;  1 drivers
v000002389280a0c0_0 .net "pe_in_psum", 31 0, L_00000238926d8340;  1 drivers
v00000238928087c0_0 .net "pe_in_weight", 7 0, L_00000238929af3b0;  1 drivers
v0000023892808cc0_0 .net "pe_load_en", 0 0, L_00000238929af4f0;  1 drivers
S_0000023892803840 .scope generate, "genblk1" "genblk1" 9 61, 9 61 0, S_0000023892803390;
 .timescale -9 -12;
L_00000238926d8180 .functor BUFZ 8, v00000238927eeb80_0, C4<00000000>, C4<00000000>, C4<00000000>;
S_0000023892804c90 .scope generate, "genblk2" "genblk2" 9 72, 9 72 0, S_0000023892803390;
 .timescale -9 -12;
L_00000238926d8340 .functor BUFZ 32, v00000238927f61a0_0, C4<00000000000000000000000000000000>, C4<00000000000000000000000000000000>, C4<00000000000000000000000000000000>;
S_0000023892803cf0 .scope module, "pe_inst" "pe" 9 91, 10 12 0, S_0000023892803390;
 .timescale 0 0;
    .port_info 0 /INPUT 1 "clk";
    .port_info 1 /INPUT 1 "rst_n";
    .port_info 2 /INPUT 1 "en_compute";
    .port_info 3 /INPUT 1 "load_weight";
    .port_info 4 /INPUT 8 "in_act";
    .port_info 5 /INPUT 8 "in_weight";
    .port_info 6 /INPUT 32 "in_psum";
    .port_info 7 /OUTPUT 8 "out_act";
    .port_info 8 /OUTPUT 32 "out_psum";
v00000238927ed140_0 .net "clk", 0 0, v00000238928c9830_0;  alias, 1 drivers
v00000238927ed280_0 .net "en_compute", 0 0, L_000002389294c268;  alias, 1 drivers
v00000238927ed460_0 .net "in_act", 7 0, L_00000238926d8180;  alias, 1 drivers
v00000238927ed960_0 .net "in_psum", 31 0, L_00000238926d8340;  alias, 1 drivers
v00000238927eda00_0 .net "in_weight", 7 0, L_00000238929af3b0;  alias, 1 drivers
v00000238927edb40_0 .net "load_weight", 0 0, L_00000238929af4f0;  alias, 1 drivers
v00000238927ee180_0 .var "out_act", 7 0;
v00000238927ee2c0_0 .var "out_psum", 31 0;
v00000238927ee5e0_0 .var/s "reg_weight", 7 0;
v000002389280a3e0_0 .net "rst_n", 0 0, L_00000238926d5550;  alias, 1 drivers
S_0000023892804e20 .scope generate, "COL_LOOP[15]" "COL_LOOP[15]" 9 55, 9 55 0, S_00000238927fe570;
 .timescale -9 -12;
P_00000238926ef490 .param/l "c" 0 9 55, +C4<01111>;
v000002389280a160_0 .net "pe_in_act", 7 0, L_00000238926d81f0;  1 drivers
v0000023892808fe0_0 .net "pe_in_psum", 31 0, L_00000238926d85e0;  1 drivers
v0000023892809bc0_0 .net "pe_in_weight", 7 0, L_00000238929b1070;  1 drivers
v000002389280a8e0_0 .net "pe_load_en", 0 0, L_00000238929b2dd0;  1 drivers
S_0000023892804650 .scope generate, "genblk1" "genblk1" 9 61, 9 61 0, S_0000023892804e20;
 .timescale -9 -12;
L_00000238926d81f0 .functor BUFZ 8, v00000238927ee180_0, C4<00000000>, C4<00000000>, C4<00000000>;
S_0000023892804970 .scope generate, "genblk2" "genblk2" 9 72, 9 72 0, S_0000023892804e20;
 .timescale -9 -12;
L_00000238926d85e0 .functor BUFZ 32, v00000238927f4ee0_0, C4<00000000000000000000000000000000>, C4<00000000000000000000000000000000>, C4<00000000000000000000000000000000>;
S_0000023892801130 .scope module, "pe_inst" "pe" 9 91, 10 12 0, S_0000023892804e20;
 .timescale 0 0;
    .port_info 0 /INPUT 1 "clk";
    .port_info 1 /INPUT 1 "rst_n";
    .port_info 2 /INPUT 1 "en_compute";
    .port_info 3 /INPUT 1 "load_weight";
    .port_info 4 /INPUT 8 "in_act";
    .port_info 5 /INPUT 8 "in_weight";
    .port_info 6 /INPUT 32 "in_psum";
    .port_info 7 /OUTPUT 8 "out_act";
    .port_info 8 /OUTPUT 32 "out_psum";
v00000238928094e0_0 .net "clk", 0 0, v00000238928c9830_0;  alias, 1 drivers
v0000023892809a80_0 .net "en_compute", 0 0, L_000002389294c268;  alias, 1 drivers
v0000023892809b20_0 .net "in_act", 7 0, L_00000238926d81f0;  alias, 1 drivers
v0000023892809940_0 .net "in_psum", 31 0, L_00000238926d85e0;  alias, 1 drivers
v000002389280a340_0 .net "in_weight", 7 0, L_00000238929b1070;  alias, 1 drivers
v0000023892808ea0_0 .net "load_weight", 0 0, L_00000238929b2dd0;  alias, 1 drivers
v0000023892809120_0 .var "out_act", 7 0;
v0000023892808220_0 .var "out_psum", 31 0;
v00000238928082c0_0 .var/s "reg_weight", 7 0;
v0000023892809e40_0 .net "rst_n", 0 0, L_00000238926d5550;  alias, 1 drivers
S_0000023892819330 .scope generate, "ROW_LOOP[3]" "ROW_LOOP[3]" 9 54, 9 54 0, S_00000238927e0370;
 .timescale -9 -12;
P_00000238926f0090 .param/l "r" 0 9 54, +C4<011>;
S_0000023892816a90 .scope generate, "COL_LOOP[0]" "COL_LOOP[0]" 9 55, 9 55 0, S_0000023892819330;
 .timescale -9 -12;
P_00000238926efe10 .param/l "c" 0 9 55, +C4<00>;
v0000023892809d00_0 .net "pe_in_act", 7 0, L_00000238929b1c50;  1 drivers
v0000023892808860_0 .net "pe_in_psum", 31 0, L_00000238926d8260;  1 drivers
v00000238928099e0_0 .net "pe_in_weight", 7 0, L_00000238929b0e90;  1 drivers
v0000023892808400_0 .net "pe_load_en", 0 0, L_00000238929b2fb0;  1 drivers
S_0000023892816900 .scope generate, "genblk1" "genblk1" 9 61, 9 61 0, S_0000023892816a90;
 .timescale -9 -12;
S_00000238928170d0 .scope generate, "genblk2" "genblk2" 9 72, 9 72 0, S_0000023892816a90;
 .timescale -9 -12;
L_00000238926d8260 .functor BUFZ 32, v00000238927f7320_0, C4<00000000000000000000000000000000>, C4<00000000000000000000000000000000>, C4<00000000000000000000000000000000>;
S_0000023892819010 .scope module, "pe_inst" "pe" 9 91, 10 12 0, S_0000023892816a90;
 .timescale 0 0;
    .port_info 0 /INPUT 1 "clk";
    .port_info 1 /INPUT 1 "rst_n";
    .port_info 2 /INPUT 1 "en_compute";
    .port_info 3 /INPUT 1 "load_weight";
    .port_info 4 /INPUT 8 "in_act";
    .port_info 5 /INPUT 8 "in_weight";
    .port_info 6 /INPUT 32 "in_psum";
    .port_info 7 /OUTPUT 8 "out_act";
    .port_info 8 /OUTPUT 32 "out_psum";
v0000023892808d60_0 .net "clk", 0 0, v00000238928c9830_0;  alias, 1 drivers
v0000023892808180_0 .net "en_compute", 0 0, L_000002389294c268;  alias, 1 drivers
v0000023892808b80_0 .net "in_act", 7 0, L_00000238929b1c50;  alias, 1 drivers
v0000023892808540_0 .net "in_psum", 31 0, L_00000238926d8260;  alias, 1 drivers
v000002389280a200_0 .net "in_weight", 7 0, L_00000238929b0e90;  alias, 1 drivers
v0000023892809c60_0 .net "load_weight", 0 0, L_00000238929b2fb0;  alias, 1 drivers
v0000023892809080_0 .var "out_act", 7 0;
v000002389280a480_0 .var "out_psum", 31 0;
v00000238928091c0_0 .var/s "reg_weight", 7 0;
v000002389280a020_0 .net "rst_n", 0 0, L_00000238926d5550;  alias, 1 drivers
S_0000023892818b60 .scope generate, "COL_LOOP[1]" "COL_LOOP[1]" 9 55, 9 55 0, S_0000023892819330;
 .timescale -9 -12;
P_00000238926efb50 .param/l "c" 0 9 55, +C4<01>;
v00000238928085e0_0 .net "pe_in_act", 7 0, L_00000238926d83b0;  1 drivers
v0000023892809800_0 .net "pe_in_psum", 31 0, L_00000238926d82d0;  1 drivers
v0000023892808720_0 .net "pe_in_weight", 7 0, L_00000238929b2470;  1 drivers
v000002389280a2a0_0 .net "pe_load_en", 0 0, L_00000238929b28d0;  1 drivers
S_0000023892815af0 .scope generate, "genblk1" "genblk1" 9 61, 9 61 0, S_0000023892818b60;
 .timescale -9 -12;
L_00000238926d83b0 .functor BUFZ 8, v0000023892809080_0, C4<00000000>, C4<00000000>, C4<00000000>;
S_0000023892816130 .scope generate, "genblk2" "genblk2" 9 72, 9 72 0, S_0000023892818b60;
 .timescale -9 -12;
L_00000238926d82d0 .functor BUFZ 32, v00000238927f9760_0, C4<00000000000000000000000000000000>, C4<00000000000000000000000000000000>, C4<00000000000000000000000000000000>;
S_00000238928165e0 .scope module, "pe_inst" "pe" 9 91, 10 12 0, S_0000023892818b60;
 .timescale 0 0;
    .port_info 0 /INPUT 1 "clk";
    .port_info 1 /INPUT 1 "rst_n";
    .port_info 2 /INPUT 1 "en_compute";
    .port_info 3 /INPUT 1 "load_weight";
    .port_info 4 /INPUT 8 "in_act";
    .port_info 5 /INPUT 8 "in_weight";
    .port_info 6 /INPUT 32 "in_psum";
    .port_info 7 /OUTPUT 8 "out_act";
    .port_info 8 /OUTPUT 32 "out_psum";
v0000023892808900_0 .net "clk", 0 0, v00000238928c9830_0;  alias, 1 drivers
v0000023892809580_0 .net "en_compute", 0 0, L_000002389294c268;  alias, 1 drivers
v0000023892809ee0_0 .net "in_act", 7 0, L_00000238926d83b0;  alias, 1 drivers
v0000023892808360_0 .net "in_psum", 31 0, L_00000238926d82d0;  alias, 1 drivers
v00000238928084a0_0 .net "in_weight", 7 0, L_00000238929b2470;  alias, 1 drivers
v0000023892809260_0 .net "load_weight", 0 0, L_00000238929b28d0;  alias, 1 drivers
v000002389280a840_0 .var "out_act", 7 0;
v0000023892808c20_0 .var "out_psum", 31 0;
v00000238928089a0_0 .var/s "reg_weight", 7 0;
v0000023892808a40_0 .net "rst_n", 0 0, L_00000238926d5550;  alias, 1 drivers
S_0000023892816c20 .scope generate, "COL_LOOP[2]" "COL_LOOP[2]" 9 55, 9 55 0, S_0000023892819330;
 .timescale -9 -12;
P_00000238926ef7d0 .param/l "c" 0 9 55, +C4<010>;
v00000238928093a0_0 .net "pe_in_act", 7 0, L_00000238926d7fc0;  1 drivers
v000002389280a660_0 .net "pe_in_psum", 31 0, L_00000238926d8570;  1 drivers
v000002389280a700_0 .net "pe_in_weight", 7 0, L_00000238929b23d0;  1 drivers
v000002389280b7e0_0 .net "pe_load_en", 0 0, L_00000238929b2c90;  1 drivers
S_0000023892818390 .scope generate, "genblk1" "genblk1" 9 61, 9 61 0, S_0000023892816c20;
 .timescale -9 -12;
L_00000238926d7fc0 .functor BUFZ 8, v000002389280a840_0, C4<00000000>, C4<00000000>, C4<00000000>;
S_0000023892819650 .scope generate, "genblk2" "genblk2" 9 72, 9 72 0, S_0000023892816c20;
 .timescale -9 -12;
L_00000238926d8570 .functor BUFZ 32, v00000238927f94e0_0, C4<00000000000000000000000000000000>, C4<00000000000000000000000000000000>, C4<00000000000000000000000000000000>;
S_0000023892816db0 .scope module, "pe_inst" "pe" 9 91, 10 12 0, S_0000023892816c20;
 .timescale 0 0;
    .port_info 0 /INPUT 1 "clk";
    .port_info 1 /INPUT 1 "rst_n";
    .port_info 2 /INPUT 1 "en_compute";
    .port_info 3 /INPUT 1 "load_weight";
    .port_info 4 /INPUT 8 "in_act";
    .port_info 5 /INPUT 8 "in_weight";
    .port_info 6 /INPUT 32 "in_psum";
    .port_info 7 /OUTPUT 8 "out_act";
    .port_info 8 /OUTPUT 32 "out_psum";
v0000023892809620_0 .net "clk", 0 0, v00000238928c9830_0;  alias, 1 drivers
v0000023892809f80_0 .net "en_compute", 0 0, L_000002389294c268;  alias, 1 drivers
v000002389280a520_0 .net "in_act", 7 0, L_00000238926d7fc0;  alias, 1 drivers
v00000238928096c0_0 .net "in_psum", 31 0, L_00000238926d8570;  alias, 1 drivers
v000002389280a5c0_0 .net "in_weight", 7 0, L_00000238929b23d0;  alias, 1 drivers
v0000023892809300_0 .net "load_weight", 0 0, L_00000238929b2c90;  alias, 1 drivers
v0000023892809760_0 .var "out_act", 7 0;
v0000023892808e00_0 .var "out_psum", 31 0;
v00000238928098a0_0 .var/s "reg_weight", 7 0;
v0000023892808f40_0 .net "rst_n", 0 0, L_00000238926d5550;  alias, 1 drivers
S_0000023892815c80 .scope generate, "COL_LOOP[3]" "COL_LOOP[3]" 9 55, 9 55 0, S_0000023892819330;
 .timescale -9 -12;
P_00000238926ef510 .param/l "c" 0 9 55, +C4<011>;
v000002389280c280_0 .net "pe_in_act", 7 0, L_00000238926d8490;  1 drivers
v000002389280c140_0 .net "pe_in_psum", 31 0, L_00000238926d7f50;  1 drivers
v000002389280c320_0 .net "pe_in_weight", 7 0, L_00000238929b2e70;  1 drivers
v000002389280b600_0 .net "pe_load_en", 0 0, L_00000238929b2510;  1 drivers
S_0000023892815fa0 .scope generate, "genblk1" "genblk1" 9 61, 9 61 0, S_0000023892815c80;
 .timescale -9 -12;
L_00000238926d8490 .functor BUFZ 8, v0000023892809760_0, C4<00000000>, C4<00000000>, C4<00000000>;
S_0000023892818840 .scope generate, "genblk2" "genblk2" 9 72, 9 72 0, S_0000023892815c80;
 .timescale -9 -12;
L_00000238926d7f50 .functor BUFZ 32, v00000238927f8180_0, C4<00000000000000000000000000000000>, C4<00000000000000000000000000000000>, C4<00000000000000000000000000000000>;
S_00000238928194c0 .scope module, "pe_inst" "pe" 9 91, 10 12 0, S_0000023892815c80;
 .timescale 0 0;
    .port_info 0 /INPUT 1 "clk";
    .port_info 1 /INPUT 1 "rst_n";
    .port_info 2 /INPUT 1 "en_compute";
    .port_info 3 /INPUT 1 "load_weight";
    .port_info 4 /INPUT 8 "in_act";
    .port_info 5 /INPUT 8 "in_weight";
    .port_info 6 /INPUT 32 "in_psum";
    .port_info 7 /OUTPUT 8 "out_act";
    .port_info 8 /OUTPUT 32 "out_psum";
v000002389280b9c0_0 .net "clk", 0 0, v00000238928c9830_0;  alias, 1 drivers
v000002389280c5a0_0 .net "en_compute", 0 0, L_000002389294c268;  alias, 1 drivers
v000002389280cdc0_0 .net "in_act", 7 0, L_00000238926d8490;  alias, 1 drivers
v000002389280b1a0_0 .net "in_psum", 31 0, L_00000238926d7f50;  alias, 1 drivers
v000002389280bc40_0 .net "in_weight", 7 0, L_00000238929b2e70;  alias, 1 drivers
v000002389280b380_0 .net "load_weight", 0 0, L_00000238929b2510;  alias, 1 drivers
v000002389280b4c0_0 .var "out_act", 7 0;
v000002389280b560_0 .var "out_psum", 31 0;
v000002389280ca00_0 .var/s "reg_weight", 7 0;
v000002389280ae80_0 .net "rst_n", 0 0, L_00000238926d5550;  alias, 1 drivers
S_0000023892815960 .scope generate, "COL_LOOP[4]" "COL_LOOP[4]" 9 55, 9 55 0, S_0000023892819330;
 .timescale -9 -12;
P_00000238926efa90 .param/l "c" 0 9 55, +C4<0100>;
v000002389280c3c0_0 .net "pe_in_act", 7 0, L_0000023892434f70;  1 drivers
v000002389280b880_0 .net "pe_in_psum", 31 0, L_0000023892433e60;  1 drivers
v000002389280b920_0 .net "pe_in_weight", 7 0, L_00000238929b0f30;  1 drivers
v000002389280afc0_0 .net "pe_load_en", 0 0, L_00000238929b1e30;  1 drivers
S_0000023892816450 .scope generate, "genblk1" "genblk1" 9 61, 9 61 0, S_0000023892815960;
 .timescale -9 -12;
L_0000023892434f70 .functor BUFZ 8, v000002389280b4c0_0, C4<00000000>, C4<00000000>, C4<00000000>;
S_0000023892816f40 .scope generate, "genblk2" "genblk2" 9 72, 9 72 0, S_0000023892815960;
 .timescale -9 -12;
L_0000023892433e60 .functor BUFZ 32, v00000238927f9da0_0, C4<00000000000000000000000000000000>, C4<00000000000000000000000000000000>, C4<00000000000000000000000000000000>;
S_0000023892815e10 .scope module, "pe_inst" "pe" 9 91, 10 12 0, S_0000023892815960;
 .timescale 0 0;
    .port_info 0 /INPUT 1 "clk";
    .port_info 1 /INPUT 1 "rst_n";
    .port_info 2 /INPUT 1 "en_compute";
    .port_info 3 /INPUT 1 "load_weight";
    .port_info 4 /INPUT 8 "in_act";
    .port_info 5 /INPUT 8 "in_weight";
    .port_info 6 /INPUT 32 "in_psum";
    .port_info 7 /OUTPUT 8 "out_act";
    .port_info 8 /OUTPUT 32 "out_psum";
v000002389280b420_0 .net "clk", 0 0, v00000238928c9830_0;  alias, 1 drivers
v000002389280cbe0_0 .net "en_compute", 0 0, L_000002389294c268;  alias, 1 drivers
v000002389280b6a0_0 .net "in_act", 7 0, L_0000023892434f70;  alias, 1 drivers
v000002389280cc80_0 .net "in_psum", 31 0, L_0000023892433e60;  alias, 1 drivers
v000002389280aa20_0 .net "in_weight", 7 0, L_00000238929b0f30;  alias, 1 drivers
v000002389280c780_0 .net "load_weight", 0 0, L_00000238929b1e30;  alias, 1 drivers
v000002389280cd20_0 .var "out_act", 7 0;
v000002389280c0a0_0 .var "out_psum", 31 0;
v000002389280b740_0 .var/s "reg_weight", 7 0;
v000002389280c6e0_0 .net "rst_n", 0 0, L_00000238926d5550;  alias, 1 drivers
S_0000023892817260 .scope generate, "COL_LOOP[5]" "COL_LOOP[5]" 9 55, 9 55 0, S_0000023892819330;
 .timescale -9 -12;
P_00000238926efb90 .param/l "c" 0 9 55, +C4<0101>;
v000002389280bba0_0 .net "pe_in_act", 7 0, L_0000023892433d10;  1 drivers
v000002389280bce0_0 .net "pe_in_psum", 31 0, L_0000023892434870;  1 drivers
v000002389280ce60_0 .net "pe_in_weight", 7 0, L_00000238929b25b0;  1 drivers
v000002389280c8c0_0 .net "pe_load_en", 0 0, L_00000238929b2bf0;  1 drivers
S_0000023892817a30 .scope generate, "genblk1" "genblk1" 9 61, 9 61 0, S_0000023892817260;
 .timescale -9 -12;
L_0000023892433d10 .functor BUFZ 8, v000002389280cd20_0, C4<00000000>, C4<00000000>, C4<00000000>;
S_0000023892817580 .scope generate, "genblk2" "genblk2" 9 72, 9 72 0, S_0000023892817260;
 .timescale -9 -12;
L_0000023892434870 .functor BUFZ 32, v00000238927fa8e0_0, C4<00000000000000000000000000000000>, C4<00000000000000000000000000000000>, C4<00000000000000000000000000000000>;
S_00000238928162c0 .scope module, "pe_inst" "pe" 9 91, 10 12 0, S_0000023892817260;
 .timescale 0 0;
    .port_info 0 /INPUT 1 "clk";
    .port_info 1 /INPUT 1 "rst_n";
    .port_info 2 /INPUT 1 "en_compute";
    .port_info 3 /INPUT 1 "load_weight";
    .port_info 4 /INPUT 8 "in_act";
    .port_info 5 /INPUT 8 "in_weight";
    .port_info 6 /INPUT 32 "in_psum";
    .port_info 7 /OUTPUT 8 "out_act";
    .port_info 8 /OUTPUT 32 "out_psum";
v000002389280af20_0 .net "clk", 0 0, v00000238928c9830_0;  alias, 1 drivers
v000002389280c000_0 .net "en_compute", 0 0, L_000002389294c268;  alias, 1 drivers
v000002389280b060_0 .net "in_act", 7 0, L_0000023892433d10;  alias, 1 drivers
v000002389280ba60_0 .net "in_psum", 31 0, L_0000023892434870;  alias, 1 drivers
v000002389280c960_0 .net "in_weight", 7 0, L_00000238929b25b0;  alias, 1 drivers
v000002389280caa0_0 .net "load_weight", 0 0, L_00000238929b2bf0;  alias, 1 drivers
v000002389280bb00_0 .var "out_act", 7 0;
v000002389280cb40_0 .var "out_psum", 31 0;
v000002389280bec0_0 .var/s "reg_weight", 7 0;
v000002389280ade0_0 .net "rst_n", 0 0, L_00000238926d5550;  alias, 1 drivers
S_0000023892817710 .scope generate, "COL_LOOP[6]" "COL_LOOP[6]" 9 55, 9 55 0, S_0000023892819330;
 .timescale -9 -12;
P_00000238926f00d0 .param/l "c" 0 9 55, +C4<0110>;
v000002389280d040_0 .net "pe_in_act", 7 0, L_0000023892434bf0;  1 drivers
v000002389280a980_0 .net "pe_in_psum", 31 0, L_00000238924334c0;  1 drivers
v000002389280aac0_0 .net "pe_in_weight", 7 0, L_00000238929b2d30;  1 drivers
v000002389280aca0_0 .net "pe_load_en", 0 0, L_00000238929b0c10;  1 drivers
S_00000238928173f0 .scope generate, "genblk1" "genblk1" 9 61, 9 61 0, S_0000023892817710;
 .timescale -9 -12;
L_0000023892434bf0 .functor BUFZ 8, v000002389280bb00_0, C4<00000000>, C4<00000000>, C4<00000000>;
S_0000023892817d50 .scope generate, "genblk2" "genblk2" 9 72, 9 72 0, S_0000023892817710;
 .timescale -9 -12;
L_00000238924334c0 .functor BUFZ 32, v00000238927faf20_0, C4<00000000000000000000000000000000>, C4<00000000000000000000000000000000>, C4<00000000000000000000000000000000>;
S_0000023892816770 .scope module, "pe_inst" "pe" 9 91, 10 12 0, S_0000023892817710;
 .timescale 0 0;
    .port_info 0 /INPUT 1 "clk";
    .port_info 1 /INPUT 1 "rst_n";
    .port_info 2 /INPUT 1 "en_compute";
    .port_info 3 /INPUT 1 "load_weight";
    .port_info 4 /INPUT 8 "in_act";
    .port_info 5 /INPUT 8 "in_weight";
    .port_info 6 /INPUT 32 "in_psum";
    .port_info 7 /OUTPUT 8 "out_act";
    .port_info 8 /OUTPUT 32 "out_psum";
v000002389280bf60_0 .net "clk", 0 0, v00000238928c9830_0;  alias, 1 drivers
v000002389280be20_0 .net "en_compute", 0 0, L_000002389294c268;  alias, 1 drivers
v000002389280b100_0 .net "in_act", 7 0, L_0000023892434bf0;  alias, 1 drivers
v000002389280c1e0_0 .net "in_psum", 31 0, L_00000238924334c0;  alias, 1 drivers
v000002389280c460_0 .net "in_weight", 7 0, L_00000238929b2d30;  alias, 1 drivers
v000002389280cfa0_0 .net "load_weight", 0 0, L_00000238929b0c10;  alias, 1 drivers
v000002389280b240_0 .var "out_act", 7 0;
v000002389280d0e0_0 .var "out_psum", 31 0;
v000002389280ac00_0 .var/s "reg_weight", 7 0;
v000002389280c500_0 .net "rst_n", 0 0, L_00000238926d5550;  alias, 1 drivers
S_0000023892818520 .scope generate, "COL_LOOP[7]" "COL_LOOP[7]" 9 55, 9 55 0, S_0000023892819330;
 .timescale -9 -12;
P_00000238926ef550 .param/l "c" 0 9 55, +C4<0111>;
v000002389280f7a0_0 .net "pe_in_act", 7 0, L_00000238924338b0;  1 drivers
v000002389280d680_0 .net "pe_in_psum", 31 0, L_0000023892433a00;  1 drivers
v000002389280f520_0 .net "pe_in_weight", 7 0, L_00000238929b2650;  1 drivers
v000002389280f5c0_0 .net "pe_load_en", 0 0, L_00000238929b1890;  1 drivers
S_00000238928186b0 .scope generate, "genblk1" "genblk1" 9 61, 9 61 0, S_0000023892818520;
 .timescale -9 -12;
L_00000238924338b0 .functor BUFZ 8, v000002389280b240_0, C4<00000000>, C4<00000000>, C4<00000000>;
S_00000238928178a0 .scope generate, "genblk2" "genblk2" 9 72, 9 72 0, S_0000023892818520;
 .timescale -9 -12;
L_0000023892433a00 .functor BUFZ 32, v00000238927fa200_0, C4<00000000000000000000000000000000>, C4<00000000000000000000000000000000>, C4<00000000000000000000000000000000>;
S_0000023892817bc0 .scope module, "pe_inst" "pe" 9 91, 10 12 0, S_0000023892818520;
 .timescale 0 0;
    .port_info 0 /INPUT 1 "clk";
    .port_info 1 /INPUT 1 "rst_n";
    .port_info 2 /INPUT 1 "en_compute";
    .port_info 3 /INPUT 1 "load_weight";
    .port_info 4 /INPUT 8 "in_act";
    .port_info 5 /INPUT 8 "in_weight";
    .port_info 6 /INPUT 32 "in_psum";
    .port_info 7 /OUTPUT 8 "out_act";
    .port_info 8 /OUTPUT 32 "out_psum";
v000002389280ad40_0 .net "clk", 0 0, v00000238928c9830_0;  alias, 1 drivers
v000002389280b2e0_0 .net "en_compute", 0 0, L_000002389294c268;  alias, 1 drivers
v000002389280eee0_0 .net "in_act", 7 0, L_00000238924338b0;  alias, 1 drivers
v000002389280dcc0_0 .net "in_psum", 31 0, L_0000023892433a00;  alias, 1 drivers
v000002389280d900_0 .net "in_weight", 7 0, L_00000238929b2650;  alias, 1 drivers
v000002389280ea80_0 .net "load_weight", 0 0, L_00000238929b1890;  alias, 1 drivers
v000002389280e9e0_0 .var "out_act", 7 0;
v000002389280da40_0 .var "out_psum", 31 0;
v000002389280f020_0 .var/s "reg_weight", 7 0;
v000002389280eb20_0 .net "rst_n", 0 0, L_00000238926d5550;  alias, 1 drivers
S_0000023892817ee0 .scope generate, "COL_LOOP[8]" "COL_LOOP[8]" 9 55, 9 55 0, S_0000023892819330;
 .timescale -9 -12;
P_00000238926ef590 .param/l "c" 0 9 55, +C4<01000>;
v000002389280e940_0 .net "pe_in_act", 7 0, L_0000023892433df0;  1 drivers
v000002389280ebc0_0 .net "pe_in_psum", 31 0, L_0000023892434410;  1 drivers
v000002389280dc20_0 .net "pe_in_weight", 7 0, L_00000238929b2ab0;  1 drivers
v000002389280f480_0 .net "pe_load_en", 0 0, L_00000238929b20b0;  1 drivers
S_0000023892818070 .scope generate, "genblk1" "genblk1" 9 61, 9 61 0, S_0000023892817ee0;
 .timescale -9 -12;
L_0000023892433df0 .functor BUFZ 8, v000002389280e9e0_0, C4<00000000>, C4<00000000>, C4<00000000>;
S_0000023892818200 .scope generate, "genblk2" "genblk2" 9 72, 9 72 0, S_0000023892817ee0;
 .timescale -9 -12;
L_0000023892434410 .functor BUFZ 32, v00000238927fb740_0, C4<00000000000000000000000000000000>, C4<00000000000000000000000000000000>, C4<00000000000000000000000000000000>;
S_00000238928191a0 .scope module, "pe_inst" "pe" 9 91, 10 12 0, S_0000023892817ee0;
 .timescale 0 0;
    .port_info 0 /INPUT 1 "clk";
    .port_info 1 /INPUT 1 "rst_n";
    .port_info 2 /INPUT 1 "en_compute";
    .port_info 3 /INPUT 1 "load_weight";
    .port_info 4 /INPUT 8 "in_act";
    .port_info 5 /INPUT 8 "in_weight";
    .port_info 6 /INPUT 32 "in_psum";
    .port_info 7 /OUTPUT 8 "out_act";
    .port_info 8 /OUTPUT 32 "out_psum";
v000002389280e300_0 .net "clk", 0 0, v00000238928c9830_0;  alias, 1 drivers
v000002389280e760_0 .net "en_compute", 0 0, L_000002389294c268;  alias, 1 drivers
v000002389280f0c0_0 .net "in_act", 7 0, L_0000023892433df0;  alias, 1 drivers
v000002389280dae0_0 .net "in_psum", 31 0, L_0000023892434410;  alias, 1 drivers
v000002389280d360_0 .net "in_weight", 7 0, L_00000238929b2ab0;  alias, 1 drivers
v000002389280f160_0 .net "load_weight", 0 0, L_00000238929b20b0;  alias, 1 drivers
v000002389280e8a0_0 .var "out_act", 7 0;
v000002389280d9a0_0 .var "out_psum", 31 0;
v000002389280dd60_0 .var/s "reg_weight", 7 0;
v000002389280f200_0 .net "rst_n", 0 0, L_00000238926d5550;  alias, 1 drivers
S_00000238928189d0 .scope generate, "COL_LOOP[9]" "COL_LOOP[9]" 9 55, 9 55 0, S_0000023892819330;
 .timescale -9 -12;
P_00000238926f0110 .param/l "c" 0 9 55, +C4<01001>;
v000002389280ee40_0 .net "pe_in_act", 7 0, L_0000023892433a70;  1 drivers
v000002389280d220_0 .net "pe_in_psum", 31 0, L_0000023892434db0;  1 drivers
v000002389280ed00_0 .net "pe_in_weight", 7 0, L_00000238929b1110;  1 drivers
v000002389280f8e0_0 .net "pe_load_en", 0 0, L_00000238929b2f10;  1 drivers
S_0000023892818cf0 .scope generate, "genblk1" "genblk1" 9 61, 9 61 0, S_00000238928189d0;
 .timescale -9 -12;
L_0000023892433a70 .functor BUFZ 8, v000002389280e8a0_0, C4<00000000>, C4<00000000>, C4<00000000>;
S_0000023892818e80 .scope generate, "genblk2" "genblk2" 9 72, 9 72 0, S_00000238928189d0;
 .timescale -9 -12;
L_0000023892434db0 .functor BUFZ 32, v00000238927fc960_0, C4<00000000000000000000000000000000>, C4<00000000000000000000000000000000>, C4<00000000000000000000000000000000>;
S_000002389281c9e0 .scope module, "pe_inst" "pe" 9 91, 10 12 0, S_00000238928189d0;
 .timescale 0 0;
    .port_info 0 /INPUT 1 "clk";
    .port_info 1 /INPUT 1 "rst_n";
    .port_info 2 /INPUT 1 "en_compute";
    .port_info 3 /INPUT 1 "load_weight";
    .port_info 4 /INPUT 8 "in_act";
    .port_info 5 /INPUT 8 "in_weight";
    .port_info 6 /INPUT 32 "in_psum";
    .port_info 7 /OUTPUT 8 "out_act";
    .port_info 8 /OUTPUT 32 "out_psum";
v000002389280e080_0 .net "clk", 0 0, v00000238928c9830_0;  alias, 1 drivers
v000002389280f700_0 .net "en_compute", 0 0, L_000002389294c268;  alias, 1 drivers
v000002389280f2a0_0 .net "in_act", 7 0, L_0000023892433a70;  alias, 1 drivers
v000002389280dfe0_0 .net "in_psum", 31 0, L_0000023892434db0;  alias, 1 drivers
v000002389280f660_0 .net "in_weight", 7 0, L_00000238929b1110;  alias, 1 drivers
v000002389280f340_0 .net "load_weight", 0 0, L_00000238929b2f10;  alias, 1 drivers
v000002389280db80_0 .var "out_act", 7 0;
v000002389280f840_0 .var "out_psum", 31 0;
v000002389280ec60_0 .var/s "reg_weight", 7 0;
v000002389280e120_0 .net "rst_n", 0 0, L_00000238926d5550;  alias, 1 drivers
S_000002389281a2d0 .scope generate, "COL_LOOP[10]" "COL_LOOP[10]" 9 55, 9 55 0, S_0000023892819330;
 .timescale -9 -12;
P_00000238926f0190 .param/l "c" 0 9 55, +C4<01010>;
v000002389280dea0_0 .net "pe_in_act", 7 0, L_00000238924341e0;  1 drivers
v000002389280e580_0 .net "pe_in_psum", 31 0, L_00000238924335a0;  1 drivers
v000002389280df40_0 .net "pe_in_weight", 7 0, L_00000238929b0fd0;  1 drivers
v000002389280eda0_0 .net "pe_load_en", 0 0, L_00000238929b3050;  1 drivers
S_0000023892819b00 .scope generate, "genblk1" "genblk1" 9 61, 9 61 0, S_000002389281a2d0;
 .timescale -9 -12;
L_00000238924341e0 .functor BUFZ 8, v000002389280db80_0, C4<00000000>, C4<00000000>, C4<00000000>;
S_000002389281b270 .scope generate, "genblk2" "genblk2" 9 72, 9 72 0, S_000002389281a2d0;
 .timescale -9 -12;
L_00000238924335a0 .functor BUFZ 32, v00000238927eed60_0, C4<00000000000000000000000000000000>, C4<00000000000000000000000000000000>, C4<00000000000000000000000000000000>;
S_000002389281d340 .scope module, "pe_inst" "pe" 9 91, 10 12 0, S_000002389281a2d0;
 .timescale 0 0;
    .port_info 0 /INPUT 1 "clk";
    .port_info 1 /INPUT 1 "rst_n";
    .port_info 2 /INPUT 1 "en_compute";
    .port_info 3 /INPUT 1 "load_weight";
    .port_info 4 /INPUT 8 "in_act";
    .port_info 5 /INPUT 8 "in_weight";
    .port_info 6 /INPUT 32 "in_psum";
    .port_info 7 /OUTPUT 8 "out_act";
    .port_info 8 /OUTPUT 32 "out_psum";
v000002389280d7c0_0 .net "clk", 0 0, v00000238928c9830_0;  alias, 1 drivers
v000002389280f3e0_0 .net "en_compute", 0 0, L_000002389294c268;  alias, 1 drivers
v000002389280d860_0 .net "in_act", 7 0, L_00000238924341e0;  alias, 1 drivers
v000002389280e4e0_0 .net "in_psum", 31 0, L_00000238924335a0;  alias, 1 drivers
v000002389280d180_0 .net "in_weight", 7 0, L_00000238929b0fd0;  alias, 1 drivers
v000002389280d400_0 .net "load_weight", 0 0, L_00000238929b3050;  alias, 1 drivers
v000002389280de00_0 .var "out_act", 7 0;
v000002389280d720_0 .var "out_psum", 31 0;
v000002389280d2c0_0 .var/s "reg_weight", 7 0;
v000002389280d4a0_0 .net "rst_n", 0 0, L_00000238926d5550;  alias, 1 drivers
S_000002389281c080 .scope generate, "COL_LOOP[11]" "COL_LOOP[11]" 9 55, 9 55 0, S_0000023892819330;
 .timescale -9 -12;
P_00000238926ef5d0 .param/l "c" 0 9 55, +C4<01011>;
v0000023892810f60_0 .net "pe_in_act", 7 0, L_0000023892434330;  1 drivers
v0000023892810880_0 .net "pe_in_psum", 31 0, L_0000023892433920;  1 drivers
v000002389280ffc0_0 .net "pe_in_weight", 7 0, L_00000238929b11b0;  1 drivers
v00000238928115a0_0 .net "pe_load_en", 0 0, L_00000238929b0a30;  1 drivers
S_000002389281cb70 .scope generate, "genblk1" "genblk1" 9 61, 9 61 0, S_000002389281c080;
 .timescale -9 -12;
L_0000023892434330 .functor BUFZ 8, v000002389280de00_0, C4<00000000>, C4<00000000>, C4<00000000>;
S_000002389281c3a0 .scope generate, "genblk2" "genblk2" 9 72, 9 72 0, S_000002389281c080;
 .timescale -9 -12;
L_0000023892433920 .functor BUFZ 32, v00000238927ef120_0, C4<00000000000000000000000000000000>, C4<00000000000000000000000000000000>, C4<00000000000000000000000000000000>;
S_000002389281bbd0 .scope module, "pe_inst" "pe" 9 91, 10 12 0, S_000002389281c080;
 .timescale 0 0;
    .port_info 0 /INPUT 1 "clk";
    .port_info 1 /INPUT 1 "rst_n";
    .port_info 2 /INPUT 1 "en_compute";
    .port_info 3 /INPUT 1 "load_weight";
    .port_info 4 /INPUT 8 "in_act";
    .port_info 5 /INPUT 8 "in_weight";
    .port_info 6 /INPUT 32 "in_psum";
    .port_info 7 /OUTPUT 8 "out_act";
    .port_info 8 /OUTPUT 32 "out_psum";
v000002389280e1c0_0 .net "clk", 0 0, v00000238928c9830_0;  alias, 1 drivers
v000002389280ef80_0 .net "en_compute", 0 0, L_000002389294c268;  alias, 1 drivers
v000002389280e260_0 .net "in_act", 7 0, L_0000023892434330;  alias, 1 drivers
v000002389280e3a0_0 .net "in_psum", 31 0, L_0000023892433920;  alias, 1 drivers
v000002389280e440_0 .net "in_weight", 7 0, L_00000238929b11b0;  alias, 1 drivers
v000002389280e620_0 .net "load_weight", 0 0, L_00000238929b0a30;  alias, 1 drivers
v00000238928110a0_0 .var "out_act", 7 0;
v000002389280fd40_0 .var "out_psum", 31 0;
v0000023892811320_0 .var/s "reg_weight", 7 0;
v000002389280ff20_0 .net "rst_n", 0 0, L_00000238926d5550;  alias, 1 drivers
S_000002389281d4d0 .scope generate, "COL_LOOP[12]" "COL_LOOP[12]" 9 55, 9 55 0, S_0000023892819330;
 .timescale -9 -12;
P_00000238926ef390 .param/l "c" 0 9 55, +C4<01100>;
v0000023892811780_0 .net "pe_in_act", 7 0, L_0000023892433ed0;  1 drivers
v00000238928107e0_0 .net "pe_in_psum", 31 0, L_0000023892434e90;  1 drivers
v000002389280fe80_0 .net "pe_in_weight", 7 0, L_00000238929b19d0;  1 drivers
v0000023892811140_0 .net "pe_load_en", 0 0, L_00000238929b1430;  1 drivers
S_000002389281b720 .scope generate, "genblk1" "genblk1" 9 61, 9 61 0, S_000002389281d4d0;
 .timescale -9 -12;
L_0000023892433ed0 .functor BUFZ 8, v00000238928110a0_0, C4<00000000>, C4<00000000>, C4<00000000>;
S_000002389281aaa0 .scope generate, "genblk2" "genblk2" 9 72, 9 72 0, S_000002389281d4d0;
 .timescale -9 -12;
L_0000023892434e90 .functor BUFZ 32, v00000238927ed820_0, C4<00000000000000000000000000000000>, C4<00000000000000000000000000000000>, C4<00000000000000000000000000000000>;
S_000002389281ac30 .scope module, "pe_inst" "pe" 9 91, 10 12 0, S_000002389281d4d0;
 .timescale 0 0;
    .port_info 0 /INPUT 1 "clk";
    .port_info 1 /INPUT 1 "rst_n";
    .port_info 2 /INPUT 1 "en_compute";
    .port_info 3 /INPUT 1 "load_weight";
    .port_info 4 /INPUT 8 "in_act";
    .port_info 5 /INPUT 8 "in_weight";
    .port_info 6 /INPUT 32 "in_psum";
    .port_info 7 /OUTPUT 8 "out_act";
    .port_info 8 /OUTPUT 32 "out_psum";
v00000238928111e0_0 .net "clk", 0 0, v00000238928c9830_0;  alias, 1 drivers
v00000238928120e0_0 .net "en_compute", 0 0, L_000002389294c268;  alias, 1 drivers
v000002389280fc00_0 .net "in_act", 7 0, L_0000023892433ed0;  alias, 1 drivers
v00000238928104c0_0 .net "in_psum", 31 0, L_0000023892434e90;  alias, 1 drivers
v000002389280fde0_0 .net "in_weight", 7 0, L_00000238929b19d0;  alias, 1 drivers
v00000238928118c0_0 .net "load_weight", 0 0, L_00000238929b1430;  alias, 1 drivers
v0000023892810100_0 .var "out_act", 7 0;
v0000023892810240_0 .var "out_psum", 31 0;
v00000238928101a0_0 .var/s "reg_weight", 7 0;
v0000023892810ce0_0 .net "rst_n", 0 0, L_00000238926d5550;  alias, 1 drivers
S_000002389281d7f0 .scope generate, "COL_LOOP[13]" "COL_LOOP[13]" 9 55, 9 55 0, S_0000023892819330;
 .timescale -9 -12;
P_00000238926efc50 .param/l "c" 0 9 55, +C4<01101>;
v0000023892810c40_0 .net "pe_in_act", 7 0, L_0000023892434790;  1 drivers
v0000023892810560_0 .net "pe_in_psum", 31 0, L_0000023892433610;  1 drivers
v0000023892810600_0 .net "pe_in_weight", 7 0, L_00000238929b1610;  1 drivers
v0000023892811a00_0 .net "pe_load_en", 0 0, L_00000238929b1a70;  1 drivers
S_000002389281b8b0 .scope generate, "genblk1" "genblk1" 9 61, 9 61 0, S_000002389281d7f0;
 .timescale -9 -12;
L_0000023892434790 .functor BUFZ 8, v0000023892810100_0, C4<00000000>, C4<00000000>, C4<00000000>;
S_0000023892819970 .scope generate, "genblk2" "genblk2" 9 72, 9 72 0, S_000002389281d7f0;
 .timescale -9 -12;
L_0000023892433610 .functor BUFZ 32, v00000238927eecc0_0, C4<00000000000000000000000000000000>, C4<00000000000000000000000000000000>, C4<00000000000000000000000000000000>;
S_000002389281adc0 .scope module, "pe_inst" "pe" 9 91, 10 12 0, S_000002389281d7f0;
 .timescale 0 0;
    .port_info 0 /INPUT 1 "clk";
    .port_info 1 /INPUT 1 "rst_n";
    .port_info 2 /INPUT 1 "en_compute";
    .port_info 3 /INPUT 1 "load_weight";
    .port_info 4 /INPUT 8 "in_act";
    .port_info 5 /INPUT 8 "in_weight";
    .port_info 6 /INPUT 32 "in_psum";
    .port_info 7 /OUTPUT 8 "out_act";
    .port_info 8 /OUTPUT 32 "out_psum";
v0000023892810380_0 .net "clk", 0 0, v00000238928c9830_0;  alias, 1 drivers
v00000238928113c0_0 .net "en_compute", 0 0, L_000002389294c268;  alias, 1 drivers
v0000023892811e60_0 .net "in_act", 7 0, L_0000023892434790;  alias, 1 drivers
v0000023892810e20_0 .net "in_psum", 31 0, L_0000023892433610;  alias, 1 drivers
v000002389280fb60_0 .net "in_weight", 7 0, L_00000238929b1610;  alias, 1 drivers
v0000023892810b00_0 .net "load_weight", 0 0, L_00000238929b1a70;  alias, 1 drivers
v0000023892811000_0 .var "out_act", 7 0;
v0000023892811280_0 .var "out_psum", 31 0;
v0000023892810420_0 .var/s "reg_weight", 7 0;
v00000238928109c0_0 .net "rst_n", 0 0, L_00000238926d5550;  alias, 1 drivers
S_000002389281af50 .scope generate, "COL_LOOP[14]" "COL_LOOP[14]" 9 55, 9 55 0, S_0000023892819330;
 .timescale -9 -12;
P_00000238926effd0 .param/l "c" 0 9 55, +C4<01110>;
v0000023892810a60_0 .net "pe_in_act", 7 0, L_0000023892434480;  1 drivers
v0000023892810ba0_0 .net "pe_in_psum", 31 0, L_0000023892433990;  1 drivers
v0000023892811500_0 .net "pe_in_weight", 7 0, L_00000238929b0ad0;  1 drivers
v0000023892810d80_0 .net "pe_load_en", 0 0, L_00000238929b0cb0;  1 drivers
S_000002389281cd00 .scope generate, "genblk1" "genblk1" 9 61, 9 61 0, S_000002389281af50;
 .timescale -9 -12;
L_0000023892434480 .functor BUFZ 8, v0000023892811000_0, C4<00000000>, C4<00000000>, C4<00000000>;
S_000002389281c210 .scope generate, "genblk2" "genblk2" 9 72, 9 72 0, S_000002389281af50;
 .timescale -9 -12;
L_0000023892433990 .functor BUFZ 32, v00000238927ee2c0_0, C4<00000000000000000000000000000000>, C4<00000000000000000000000000000000>, C4<00000000000000000000000000000000>;
S_000002389281c530 .scope module, "pe_inst" "pe" 9 91, 10 12 0, S_000002389281af50;
 .timescale 0 0;
    .port_info 0 /INPUT 1 "clk";
    .port_info 1 /INPUT 1 "rst_n";
    .port_info 2 /INPUT 1 "en_compute";
    .port_info 3 /INPUT 1 "load_weight";
    .port_info 4 /INPUT 8 "in_act";
    .port_info 5 /INPUT 8 "in_weight";
    .port_info 6 /INPUT 32 "in_psum";
    .port_info 7 /OUTPUT 8 "out_act";
    .port_info 8 /OUTPUT 32 "out_psum";
v00000238928106a0_0 .net "clk", 0 0, v00000238928c9830_0;  alias, 1 drivers
v0000023892811b40_0 .net "en_compute", 0 0, L_000002389294c268;  alias, 1 drivers
v0000023892811c80_0 .net "in_act", 7 0, L_0000023892434480;  alias, 1 drivers
v0000023892810920_0 .net "in_psum", 31 0, L_0000023892433990;  alias, 1 drivers
v000002389280fa20_0 .net "in_weight", 7 0, L_00000238929b0ad0;  alias, 1 drivers
v0000023892811640_0 .net "load_weight", 0 0, L_00000238929b0cb0;  alias, 1 drivers
v0000023892810740_0 .var "out_act", 7 0;
v0000023892811820_0 .var "out_psum", 31 0;
v0000023892811aa0_0 .var/s "reg_weight", 7 0;
v0000023892811f00_0 .net "rst_n", 0 0, L_00000238926d5550;  alias, 1 drivers
S_000002389281b400 .scope generate, "COL_LOOP[15]" "COL_LOOP[15]" 9 55, 9 55 0, S_0000023892819330;
 .timescale -9 -12;
P_00000238926efe50 .param/l "c" 0 9 55, +C4<01111>;
v0000023892813bc0_0 .net "pe_in_act", 7 0, L_0000023892433fb0;  1 drivers
v0000023892812860_0 .net "pe_in_psum", 31 0, L_00000238924336f0;  1 drivers
v0000023892812c20_0 .net "pe_in_weight", 7 0, L_00000238929b1ed0;  1 drivers
v0000023892813e40_0 .net "pe_load_en", 0 0, L_00000238929b2790;  1 drivers
S_000002389281b0e0 .scope generate, "genblk1" "genblk1" 9 61, 9 61 0, S_000002389281b400;
 .timescale -9 -12;
L_0000023892433fb0 .functor BUFZ 8, v0000023892810740_0, C4<00000000>, C4<00000000>, C4<00000000>;
S_000002389281b590 .scope generate, "genblk2" "genblk2" 9 72, 9 72 0, S_000002389281b400;
 .timescale -9 -12;
L_00000238924336f0 .functor BUFZ 32, v0000023892808220_0, C4<00000000000000000000000000000000>, C4<00000000000000000000000000000000>, C4<00000000000000000000000000000000>;
S_000002389281d660 .scope module, "pe_inst" "pe" 9 91, 10 12 0, S_000002389281b400;
 .timescale 0 0;
    .port_info 0 /INPUT 1 "clk";
    .port_info 1 /INPUT 1 "rst_n";
    .port_info 2 /INPUT 1 "en_compute";
    .port_info 3 /INPUT 1 "load_weight";
    .port_info 4 /INPUT 8 "in_act";
    .port_info 5 /INPUT 8 "in_weight";
    .port_info 6 /INPUT 32 "in_psum";
    .port_info 7 /OUTPUT 8 "out_act";
    .port_info 8 /OUTPUT 32 "out_psum";
v0000023892810ec0_0 .net "clk", 0 0, v00000238928c9830_0;  alias, 1 drivers
v000002389280f980_0 .net "en_compute", 0 0, L_000002389294c268;  alias, 1 drivers
v00000238928116e0_0 .net "in_act", 7 0, L_0000023892433fb0;  alias, 1 drivers
v0000023892811960_0 .net "in_psum", 31 0, L_00000238924336f0;  alias, 1 drivers
v0000023892811be0_0 .net "in_weight", 7 0, L_00000238929b1ed0;  alias, 1 drivers
v0000023892811d20_0 .net "load_weight", 0 0, L_00000238929b2790;  alias, 1 drivers
v0000023892811dc0_0 .var "out_act", 7 0;
v0000023892812040_0 .var "out_psum", 31 0;
v000002389280fac0_0 .var/s "reg_weight", 7 0;
v000002389280fca0_0 .net "rst_n", 0 0, L_00000238926d5550;  alias, 1 drivers
S_000002389281d980 .scope generate, "ROW_LOOP[4]" "ROW_LOOP[4]" 9 54, 9 54 0, S_00000238927e0370;
 .timescale -9 -12;
P_00000238926ef1d0 .param/l "r" 0 9 54, +C4<0100>;
S_000002389281a780 .scope generate, "COL_LOOP[0]" "COL_LOOP[0]" 9 55, 9 55 0, S_000002389281d980;
 .timescale -9 -12;
P_00000238926ef610 .param/l "c" 0 9 55, +C4<00>;
v00000238928122c0_0 .net "pe_in_act", 7 0, L_00000238929b1250;  1 drivers
v0000023892813ee0_0 .net "pe_in_psum", 31 0, L_0000023892433ae0;  1 drivers
v0000023892812d60_0 .net "pe_in_weight", 7 0, L_00000238929b08f0;  1 drivers
v0000023892812360_0 .net "pe_load_en", 0 0, L_00000238929b2830;  1 drivers
S_000002389281ce90 .scope generate, "genblk1" "genblk1" 9 61, 9 61 0, S_000002389281a780;
 .timescale -9 -12;
S_0000023892819e20 .scope generate, "genblk2" "genblk2" 9 72, 9 72 0, S_000002389281a780;
 .timescale -9 -12;
L_0000023892433ae0 .functor BUFZ 32, v000002389280a480_0, C4<00000000000000000000000000000000>, C4<00000000000000000000000000000000>, C4<00000000000000000000000000000000>;
S_000002389281ba40 .scope module, "pe_inst" "pe" 9 91, 10 12 0, S_000002389281a780;
 .timescale 0 0;
    .port_info 0 /INPUT 1 "clk";
    .port_info 1 /INPUT 1 "rst_n";
    .port_info 2 /INPUT 1 "en_compute";
    .port_info 3 /INPUT 1 "load_weight";
    .port_info 4 /INPUT 8 "in_act";
    .port_info 5 /INPUT 8 "in_weight";
    .port_info 6 /INPUT 32 "in_psum";
    .port_info 7 /OUTPUT 8 "out_act";
    .port_info 8 /OUTPUT 32 "out_psum";
v0000023892812cc0_0 .net "clk", 0 0, v00000238928c9830_0;  alias, 1 drivers
v00000238928136c0_0 .net "en_compute", 0 0, L_000002389294c268;  alias, 1 drivers
v00000238928138a0_0 .net "in_act", 7 0, L_00000238929b1250;  alias, 1 drivers
v00000238928129a0_0 .net "in_psum", 31 0, L_0000023892433ae0;  alias, 1 drivers
v00000238928134e0_0 .net "in_weight", 7 0, L_00000238929b08f0;  alias, 1 drivers
v0000023892814160_0 .net "load_weight", 0 0, L_00000238929b2830;  alias, 1 drivers
v0000023892812a40_0 .var "out_act", 7 0;
v0000023892812900_0 .var "out_psum", 31 0;
v0000023892812720_0 .var/s "reg_weight", 7 0;
v0000023892812ae0_0 .net "rst_n", 0 0, L_00000238926d5550;  alias, 1 drivers
S_000002389281c850 .scope generate, "COL_LOOP[1]" "COL_LOOP[1]" 9 55, 9 55 0, S_000002389281d980;
 .timescale -9 -12;
P_00000238926ef650 .param/l "c" 0 9 55, +C4<01>;
v0000023892813300_0 .net "pe_in_act", 7 0, L_0000023892433b50;  1 drivers
v0000023892814020_0 .net "pe_in_psum", 31 0, L_0000023892433840;  1 drivers
v0000023892812ea0_0 .net "pe_in_weight", 7 0, L_00000238929b12f0;  1 drivers
v00000238928131c0_0 .net "pe_load_en", 0 0, L_00000238929b14d0;  1 drivers
S_000002389281c6c0 .scope generate, "genblk1" "genblk1" 9 61, 9 61 0, S_000002389281c850;
 .timescale -9 -12;
L_0000023892433b50 .functor BUFZ 8, v0000023892812a40_0, C4<00000000>, C4<00000000>, C4<00000000>;
S_000002389281bd60 .scope generate, "genblk2" "genblk2" 9 72, 9 72 0, S_000002389281c850;
 .timescale -9 -12;
L_0000023892433840 .functor BUFZ 32, v0000023892808c20_0, C4<00000000000000000000000000000000>, C4<00000000000000000000000000000000>, C4<00000000000000000000000000000000>;
S_000002389281bef0 .scope module, "pe_inst" "pe" 9 91, 10 12 0, S_000002389281c850;
 .timescale 0 0;
    .port_info 0 /INPUT 1 "clk";
    .port_info 1 /INPUT 1 "rst_n";
    .port_info 2 /INPUT 1 "en_compute";
    .port_info 3 /INPUT 1 "load_weight";
    .port_info 4 /INPUT 8 "in_act";
    .port_info 5 /INPUT 8 "in_weight";
    .port_info 6 /INPUT 32 "in_psum";
    .port_info 7 /OUTPUT 8 "out_act";
    .port_info 8 /OUTPUT 32 "out_psum";
v0000023892812e00_0 .net "clk", 0 0, v00000238928c9830_0;  alias, 1 drivers
v0000023892812f40_0 .net "en_compute", 0 0, L_000002389294c268;  alias, 1 drivers
v0000023892813940_0 .net "in_act", 7 0, L_0000023892433b50;  alias, 1 drivers
v00000238928139e0_0 .net "in_psum", 31 0, L_0000023892433840;  alias, 1 drivers
v0000023892814200_0 .net "in_weight", 7 0, L_00000238929b12f0;  alias, 1 drivers
v0000023892812180_0 .net "load_weight", 0 0, L_00000238929b14d0;  alias, 1 drivers
v00000238928145c0_0 .var "out_act", 7 0;
v00000238928127c0_0 .var "out_psum", 31 0;
v0000023892812b80_0 .var/s "reg_weight", 7 0;
v0000023892814660_0 .net "rst_n", 0 0, L_00000238926d5550;  alias, 1 drivers
S_000002389281d020 .scope generate, "COL_LOOP[2]" "COL_LOOP[2]" 9 55, 9 55 0, S_000002389281d980;
 .timescale -9 -12;
P_00000238926efe90 .param/l "c" 0 9 55, +C4<010>;
v00000238928124a0_0 .net "pe_in_act", 7 0, L_00000238924337d0;  1 drivers
v00000238928140c0_0 .net "pe_in_psum", 31 0, L_00000238924345d0;  1 drivers
v00000238928125e0_0 .net "pe_in_weight", 7 0, L_00000238929b1390;  1 drivers
v00000238928133a0_0 .net "pe_load_en", 0 0, L_00000238929b2970;  1 drivers
S_000002389281a5f0 .scope generate, "genblk1" "genblk1" 9 61, 9 61 0, S_000002389281d020;
 .timescale -9 -12;
L_00000238924337d0 .functor BUFZ 8, v00000238928145c0_0, C4<00000000>, C4<00000000>, C4<00000000>;
S_000002389281a910 .scope generate, "genblk2" "genblk2" 9 72, 9 72 0, S_000002389281d020;
 .timescale -9 -12;
L_00000238924345d0 .functor BUFZ 32, v0000023892808e00_0, C4<00000000000000000000000000000000>, C4<00000000000000000000000000000000>, C4<00000000000000000000000000000000>;
S_000002389281db10 .scope module, "pe_inst" "pe" 9 91, 10 12 0, S_000002389281d020;
 .timescale 0 0;
    .port_info 0 /INPUT 1 "clk";
    .port_info 1 /INPUT 1 "rst_n";
    .port_info 2 /INPUT 1 "en_compute";
    .port_info 3 /INPUT 1 "load_weight";
    .port_info 4 /INPUT 8 "in_act";
    .port_info 5 /INPUT 8 "in_weight";
    .port_info 6 /INPUT 32 "in_psum";
    .port_info 7 /OUTPUT 8 "out_act";
    .port_info 8 /OUTPUT 32 "out_psum";
v00000238928148e0_0 .net "clk", 0 0, v00000238928c9830_0;  alias, 1 drivers
v00000238928142a0_0 .net "en_compute", 0 0, L_000002389294c268;  alias, 1 drivers
v0000023892813080_0 .net "in_act", 7 0, L_00000238924337d0;  alias, 1 drivers
v0000023892813120_0 .net "in_psum", 31 0, L_00000238924345d0;  alias, 1 drivers
v0000023892813f80_0 .net "in_weight", 7 0, L_00000238929b1390;  alias, 1 drivers
v0000023892813a80_0 .net "load_weight", 0 0, L_00000238929b2970;  alias, 1 drivers
v0000023892813b20_0 .var "out_act", 7 0;
v0000023892813260_0 .var "out_psum", 31 0;
v0000023892814340_0 .var/s "reg_weight", 7 0;
v00000238928143e0_0 .net "rst_n", 0 0, L_00000238926d5550;  alias, 1 drivers
S_000002389281dca0 .scope generate, "COL_LOOP[3]" "COL_LOOP[3]" 9 55, 9 55 0, S_000002389281d980;
 .timescale -9 -12;
P_00000238926ef810 .param/l "c" 0 9 55, +C4<011>;
v0000023892814840_0 .net "pe_in_act", 7 0, L_0000023892434cd0;  1 drivers
v0000023892812540_0 .net "pe_in_psum", 31 0, L_0000023892434fe0;  1 drivers
v0000023892812220_0 .net "pe_in_weight", 7 0, L_00000238929b1570;  1 drivers
v0000023892812400_0 .net "pe_load_en", 0 0, L_00000238929b2b50;  1 drivers
S_000002389281d1b0 .scope generate, "genblk1" "genblk1" 9 61, 9 61 0, S_000002389281dca0;
 .timescale -9 -12;
L_0000023892434cd0 .functor BUFZ 8, v0000023892813b20_0, C4<00000000>, C4<00000000>, C4<00000000>;
S_0000023892819c90 .scope generate, "genblk2" "genblk2" 9 72, 9 72 0, S_000002389281dca0;
 .timescale -9 -12;
L_0000023892434fe0 .functor BUFZ 32, v000002389280b560_0, C4<00000000000000000000000000000000>, C4<00000000000000000000000000000000>, C4<00000000000000000000000000000000>;
S_000002389281de30 .scope module, "pe_inst" "pe" 9 91, 10 12 0, S_000002389281dca0;
 .timescale 0 0;
    .port_info 0 /INPUT 1 "clk";
    .port_info 1 /INPUT 1 "rst_n";
    .port_info 2 /INPUT 1 "en_compute";
    .port_info 3 /INPUT 1 "load_weight";
    .port_info 4 /INPUT 8 "in_act";
    .port_info 5 /INPUT 8 "in_weight";
    .port_info 6 /INPUT 32 "in_psum";
    .port_info 7 /OUTPUT 8 "out_act";
    .port_info 8 /OUTPUT 32 "out_psum";
v0000023892813c60_0 .net "clk", 0 0, v00000238928c9830_0;  alias, 1 drivers
v0000023892813440_0 .net "en_compute", 0 0, L_000002389294c268;  alias, 1 drivers
v0000023892813580_0 .net "in_act", 7 0, L_0000023892434cd0;  alias, 1 drivers
v0000023892813620_0 .net "in_psum", 31 0, L_0000023892434fe0;  alias, 1 drivers
v0000023892813d00_0 .net "in_weight", 7 0, L_00000238929b1570;  alias, 1 drivers
v0000023892813760_0 .net "load_weight", 0 0, L_00000238929b2b50;  alias, 1 drivers
v0000023892814520_0 .var "out_act", 7 0;
v0000023892814480_0 .var "out_psum", 31 0;
v00000238928147a0_0 .var/s "reg_weight", 7 0;
v0000023892813800_0 .net "rst_n", 0 0, L_00000238926d5550;  alias, 1 drivers
S_000002389281dfc0 .scope generate, "COL_LOOP[4]" "COL_LOOP[4]" 9 55, 9 55 0, S_000002389281d980;
 .timescale -9 -12;
P_00000238926ef6d0 .param/l "c" 0 9 55, +C4<0100>;
v00000238928151a0_0 .net "pe_in_act", 7 0, L_0000023892433760;  1 drivers
v0000023892814d40_0 .net "pe_in_psum", 31 0, L_0000023892434800;  1 drivers
v0000023892814de0_0 .net "pe_in_weight", 7 0, L_00000238929b2290;  1 drivers
v0000023892815380_0 .net "pe_load_en", 0 0, L_00000238929b0990;  1 drivers
S_0000023892819fb0 .scope generate, "genblk1" "genblk1" 9 61, 9 61 0, S_000002389281dfc0;
 .timescale -9 -12;
L_0000023892433760 .functor BUFZ 8, v0000023892814520_0, C4<00000000>, C4<00000000>, C4<00000000>;
S_000002389281e150 .scope generate, "genblk2" "genblk2" 9 72, 9 72 0, S_000002389281dfc0;
 .timescale -9 -12;
L_0000023892434800 .functor BUFZ 32, v000002389280c0a0_0, C4<00000000000000000000000000000000>, C4<00000000000000000000000000000000>, C4<00000000000000000000000000000000>;
S_000002389281a140 .scope module, "pe_inst" "pe" 9 91, 10 12 0, S_000002389281dfc0;
 .timescale 0 0;
    .port_info 0 /INPUT 1 "clk";
    .port_info 1 /INPUT 1 "rst_n";
    .port_info 2 /INPUT 1 "en_compute";
    .port_info 3 /INPUT 1 "load_weight";
    .port_info 4 /INPUT 8 "in_act";
    .port_info 5 /INPUT 8 "in_weight";
    .port_info 6 /INPUT 32 "in_psum";
    .port_info 7 /OUTPUT 8 "out_act";
    .port_info 8 /OUTPUT 32 "out_psum";
v0000023892814b60_0 .net "clk", 0 0, v00000238928c9830_0;  alias, 1 drivers
v0000023892814e80_0 .net "en_compute", 0 0, L_000002389294c268;  alias, 1 drivers
v0000023892815100_0 .net "in_act", 7 0, L_0000023892433760;  alias, 1 drivers
v0000023892815560_0 .net "in_psum", 31 0, L_0000023892434800;  alias, 1 drivers
v0000023892815240_0 .net "in_weight", 7 0, L_00000238929b2290;  alias, 1 drivers
v00000238928152e0_0 .net "load_weight", 0 0, L_00000238929b0990;  alias, 1 drivers
v00000238928156a0_0 .var "out_act", 7 0;
v0000023892815740_0 .var "out_psum", 31 0;
v0000023892814ac0_0 .var/s "reg_weight", 7 0;
v0000023892814c00_0 .net "rst_n", 0 0, L_00000238926d5550;  alias, 1 drivers
S_000002389281e2e0 .scope generate, "COL_LOOP[5]" "COL_LOOP[5]" 9 55, 9 55 0, S_000002389281d980;
 .timescale -9 -12;
P_00000238926ef710 .param/l "c" 0 9 55, +C4<0101>;
v0000023892806920_0 .net "pe_in_act", 7 0, L_0000023892433530;  1 drivers
v0000023892805f20_0 .net "pe_in_psum", 31 0, L_0000023892433450;  1 drivers
v0000023892805ca0_0 .net "pe_in_weight", 7 0, L_00000238929b0d50;  1 drivers
v0000023892807780_0 .net "pe_load_en", 0 0, L_00000238929b0b70;  1 drivers
S_000002389281e470 .scope generate, "genblk1" "genblk1" 9 61, 9 61 0, S_000002389281e2e0;
 .timescale -9 -12;
L_0000023892433530 .functor BUFZ 8, v00000238928156a0_0, C4<00000000>, C4<00000000>, C4<00000000>;
S_000002389281a460 .scope generate, "genblk2" "genblk2" 9 72, 9 72 0, S_000002389281e2e0;
 .timescale -9 -12;
L_0000023892433450 .functor BUFZ 32, v000002389280cb40_0, C4<00000000000000000000000000000000>, C4<00000000000000000000000000000000>, C4<00000000000000000000000000000000>;
S_000002389281f280 .scope module, "pe_inst" "pe" 9 91, 10 12 0, S_000002389281e2e0;
 .timescale 0 0;
    .port_info 0 /INPUT 1 "clk";
    .port_info 1 /INPUT 1 "rst_n";
    .port_info 2 /INPUT 1 "en_compute";
    .port_info 3 /INPUT 1 "load_weight";
    .port_info 4 /INPUT 8 "in_act";
    .port_info 5 /INPUT 8 "in_weight";
    .port_info 6 /INPUT 32 "in_psum";
    .port_info 7 /OUTPUT 8 "out_act";
    .port_info 8 /OUTPUT 32 "out_psum";
v0000023892814fc0_0 .net "clk", 0 0, v00000238928c9830_0;  alias, 1 drivers
v0000023892815060_0 .net "en_compute", 0 0, L_000002389294c268;  alias, 1 drivers
v0000023892815420_0 .net "in_act", 7 0, L_0000023892433530;  alias, 1 drivers
v00000238928157e0_0 .net "in_psum", 31 0, L_0000023892433450;  alias, 1 drivers
v00000238928154c0_0 .net "in_weight", 7 0, L_00000238929b0d50;  alias, 1 drivers
v0000023892815600_0 .net "load_weight", 0 0, L_00000238929b0b70;  alias, 1 drivers
v0000023892814980_0 .var "out_act", 7 0;
v0000023892814a20_0 .var "out_psum", 31 0;
v0000023892807280_0 .var/s "reg_weight", 7 0;
v0000023892807dc0_0 .net "rst_n", 0 0, L_00000238926d5550;  alias, 1 drivers
S_000002389281e600 .scope generate, "COL_LOOP[6]" "COL_LOOP[6]" 9 55, 9 55 0, S_000002389281d980;
 .timescale -9 -12;
P_00000238926ef8d0 .param/l "c" 0 9 55, +C4<0110>;
v0000023892805d40_0 .net "pe_in_act", 7 0, L_0000023892434d40;  1 drivers
v0000023892805b60_0 .net "pe_in_psum", 31 0, L_0000023892434250;  1 drivers
v0000023892805c00_0 .net "pe_in_weight", 7 0, L_00000238929b1f70;  1 drivers
v0000023892807c80_0 .net "pe_load_en", 0 0, L_00000238929b2010;  1 drivers
S_000002389281e790 .scope generate, "genblk1" "genblk1" 9 61, 9 61 0, S_000002389281e600;
 .timescale -9 -12;
L_0000023892434d40 .functor BUFZ 8, v0000023892814980_0, C4<00000000>, C4<00000000>, C4<00000000>;
S_000002389281fbe0 .scope generate, "genblk2" "genblk2" 9 72, 9 72 0, S_000002389281e600;
 .timescale -9 -12;
L_0000023892434250 .functor BUFZ 32, v000002389280d0e0_0, C4<00000000000000000000000000000000>, C4<00000000000000000000000000000000>, C4<00000000000000000000000000000000>;
S_000002389281e920 .scope module, "pe_inst" "pe" 9 91, 10 12 0, S_000002389281e600;
 .timescale 0 0;
    .port_info 0 /INPUT 1 "clk";
    .port_info 1 /INPUT 1 "rst_n";
    .port_info 2 /INPUT 1 "en_compute";
    .port_info 3 /INPUT 1 "load_weight";
    .port_info 4 /INPUT 8 "in_act";
    .port_info 5 /INPUT 8 "in_weight";
    .port_info 6 /INPUT 32 "in_psum";
    .port_info 7 /OUTPUT 8 "out_act";
    .port_info 8 /OUTPUT 32 "out_psum";
v00000238928078c0_0 .net "clk", 0 0, v00000238928c9830_0;  alias, 1 drivers
v0000023892806380_0 .net "en_compute", 0 0, L_000002389294c268;  alias, 1 drivers
v0000023892807f00_0 .net "in_act", 7 0, L_0000023892434d40;  alias, 1 drivers
v00000238928070a0_0 .net "in_psum", 31 0, L_0000023892434250;  alias, 1 drivers
v0000023892806560_0 .net "in_weight", 7 0, L_00000238929b1f70;  alias, 1 drivers
v00000238928076e0_0 .net "load_weight", 0 0, L_00000238929b2010;  alias, 1 drivers
v0000023892806e20_0 .var "out_act", 7 0;
v0000023892806ec0_0 .var "out_psum", 31 0;
v0000023892807640_0 .var/s "reg_weight", 7 0;
v0000023892805ac0_0 .net "rst_n", 0 0, L_00000238926d5550;  alias, 1 drivers
S_000002389281eab0 .scope generate, "COL_LOOP[7]" "COL_LOOP[7]" 9 55, 9 55 0, S_000002389281d980;
 .timescale -9 -12;
P_00000238926ef210 .param/l "c" 0 9 55, +C4<0111>;
v00000238928064c0_0 .net "pe_in_act", 7 0, L_00000238924344f0;  1 drivers
v00000238928080e0_0 .net "pe_in_psum", 31 0, L_0000023892434020;  1 drivers
v0000023892806600_0 .net "pe_in_weight", 7 0, L_00000238929b0df0;  1 drivers
v0000023892806060_0 .net "pe_load_en", 0 0, L_00000238929b16b0;  1 drivers
S_000002389281fa50 .scope generate, "genblk1" "genblk1" 9 61, 9 61 0, S_000002389281eab0;
 .timescale -9 -12;
L_00000238924344f0 .functor BUFZ 8, v0000023892806e20_0, C4<00000000>, C4<00000000>, C4<00000000>;
S_000002389281f8c0 .scope generate, "genblk2" "genblk2" 9 72, 9 72 0, S_000002389281eab0;
 .timescale -9 -12;
L_0000023892434020 .functor BUFZ 32, v000002389280da40_0, C4<00000000000000000000000000000000>, C4<00000000000000000000000000000000>, C4<00000000000000000000000000000000>;
S_000002389281edd0 .scope module, "pe_inst" "pe" 9 91, 10 12 0, S_000002389281eab0;
 .timescale 0 0;
    .port_info 0 /INPUT 1 "clk";
    .port_info 1 /INPUT 1 "rst_n";
    .port_info 2 /INPUT 1 "en_compute";
    .port_info 3 /INPUT 1 "load_weight";
    .port_info 4 /INPUT 8 "in_act";
    .port_info 5 /INPUT 8 "in_weight";
    .port_info 6 /INPUT 32 "in_psum";
    .port_info 7 /OUTPUT 8 "out_act";
    .port_info 8 /OUTPUT 32 "out_psum";
v0000023892805fc0_0 .net "clk", 0 0, v00000238928c9830_0;  alias, 1 drivers
v0000023892806f60_0 .net "en_compute", 0 0, L_000002389294c268;  alias, 1 drivers
v0000023892805de0_0 .net "in_act", 7 0, L_00000238924344f0;  alias, 1 drivers
v0000023892807000_0 .net "in_psum", 31 0, L_0000023892434020;  alias, 1 drivers
v0000023892807140_0 .net "in_weight", 7 0, L_00000238929b0df0;  alias, 1 drivers
v0000023892806880_0 .net "load_weight", 0 0, L_00000238929b16b0;  alias, 1 drivers
v0000023892806240_0 .var "out_act", 7 0;
v0000023892805e80_0 .var "out_psum", 31 0;
v00000238928075a0_0 .var/s "reg_weight", 7 0;
v0000023892807960_0 .net "rst_n", 0 0, L_00000238926d5550;  alias, 1 drivers
S_000002389281ec40 .scope generate, "COL_LOOP[8]" "COL_LOOP[8]" 9 55, 9 55 0, S_000002389281d980;
 .timescale -9 -12;
P_00000238926efc90 .param/l "c" 0 9 55, +C4<01000>;
v00000238928062e0_0 .net "pe_in_act", 7 0, L_0000023892433bc0;  1 drivers
v0000023892806420_0 .net "pe_in_psum", 31 0, L_0000023892434a30;  1 drivers
v00000238928069c0_0 .net "pe_in_weight", 7 0, L_00000238929b1750;  1 drivers
v00000238928071e0_0 .net "pe_load_en", 0 0, L_00000238929b2150;  1 drivers
S_000002389281ef60 .scope generate, "genblk1" "genblk1" 9 61, 9 61 0, S_000002389281ec40;
 .timescale -9 -12;
L_0000023892433bc0 .functor BUFZ 8, v0000023892806240_0, C4<00000000>, C4<00000000>, C4<00000000>;
S_000002389281f0f0 .scope generate, "genblk2" "genblk2" 9 72, 9 72 0, S_000002389281ec40;
 .timescale -9 -12;
L_0000023892434a30 .functor BUFZ 32, v000002389280d9a0_0, C4<00000000000000000000000000000000>, C4<00000000000000000000000000000000>, C4<00000000000000000000000000000000>;
S_000002389281f410 .scope module, "pe_inst" "pe" 9 91, 10 12 0, S_000002389281ec40;
 .timescale 0 0;
    .port_info 0 /INPUT 1 "clk";
    .port_info 1 /INPUT 1 "rst_n";
    .port_info 2 /INPUT 1 "en_compute";
    .port_info 3 /INPUT 1 "load_weight";
    .port_info 4 /INPUT 8 "in_act";
    .port_info 5 /INPUT 8 "in_weight";
    .port_info 6 /INPUT 32 "in_psum";
    .port_info 7 /OUTPUT 8 "out_act";
    .port_info 8 /OUTPUT 32 "out_psum";
v0000023892806740_0 .net "clk", 0 0, v00000238928c9830_0;  alias, 1 drivers
v0000023892807fa0_0 .net "en_compute", 0 0, L_000002389294c268;  alias, 1 drivers
v0000023892806100_0 .net "in_act", 7 0, L_0000023892433bc0;  alias, 1 drivers
v0000023892807820_0 .net "in_psum", 31 0, L_0000023892434a30;  alias, 1 drivers
v0000023892808040_0 .net "in_weight", 7 0, L_00000238929b1750;  alias, 1 drivers
v0000023892807d20_0 .net "load_weight", 0 0, L_00000238929b2150;  alias, 1 drivers
v00000238928061a0_0 .var "out_act", 7 0;
v0000023892805980_0 .var "out_psum", 31 0;
v0000023892807be0_0 .var/s "reg_weight", 7 0;
v00000238928067e0_0 .net "rst_n", 0 0, L_00000238926d5550;  alias, 1 drivers
S_000002389281f5a0 .scope generate, "COL_LOOP[9]" "COL_LOOP[9]" 9 55, 9 55 0, S_000002389281d980;
 .timescale -9 -12;
P_00000238926ef910 .param/l "c" 0 9 55, +C4<01001>;
v0000023892807500_0 .net "pe_in_act", 7 0, L_0000023892434170;  1 drivers
v0000023892807b40_0 .net "pe_in_psum", 31 0, L_0000023892434640;  1 drivers
v0000023892828210_0 .net "pe_in_weight", 7 0, L_00000238929b17f0;  1 drivers
v0000023892828df0_0 .net "pe_load_en", 0 0, L_00000238929b1930;  1 drivers
S_000002389281f730 .scope generate, "genblk1" "genblk1" 9 61, 9 61 0, S_000002389281f5a0;
 .timescale -9 -12;
L_0000023892434170 .functor BUFZ 8, v00000238928061a0_0, C4<00000000>, C4<00000000>, C4<00000000>;
S_0000023892821670 .scope generate, "genblk2" "genblk2" 9 72, 9 72 0, S_000002389281f5a0;
 .timescale -9 -12;
L_0000023892434640 .functor BUFZ 32, v000002389280f840_0, C4<00000000000000000000000000000000>, C4<00000000000000000000000000000000>, C4<00000000000000000000000000000000>;
S_000002389281fd70 .scope module, "pe_inst" "pe" 9 91, 10 12 0, S_000002389281f5a0;
 .timescale 0 0;
    .port_info 0 /INPUT 1 "clk";
    .port_info 1 /INPUT 1 "rst_n";
    .port_info 2 /INPUT 1 "en_compute";
    .port_info 3 /INPUT 1 "load_weight";
    .port_info 4 /INPUT 8 "in_act";
    .port_info 5 /INPUT 8 "in_weight";
    .port_info 6 /INPUT 32 "in_psum";
    .port_info 7 /OUTPUT 8 "out_act";
    .port_info 8 /OUTPUT 32 "out_psum";
v0000023892806a60_0 .net "clk", 0 0, v00000238928c9830_0;  alias, 1 drivers
v0000023892806b00_0 .net "en_compute", 0 0, L_000002389294c268;  alias, 1 drivers
v0000023892807a00_0 .net "in_act", 7 0, L_0000023892434170;  alias, 1 drivers
v0000023892807320_0 .net "in_psum", 31 0, L_0000023892434640;  alias, 1 drivers
v0000023892806ba0_0 .net "in_weight", 7 0, L_00000238929b17f0;  alias, 1 drivers
v0000023892806c40_0 .net "load_weight", 0 0, L_00000238929b1930;  alias, 1 drivers
v00000238928073c0_0 .var "out_act", 7 0;
v0000023892807aa0_0 .var "out_psum", 31 0;
v0000023892806ce0_0 .var/s "reg_weight", 7 0;
v0000023892806d80_0 .net "rst_n", 0 0, L_00000238926d5550;  alias, 1 drivers
S_000002389281ff00 .scope generate, "COL_LOOP[10]" "COL_LOOP[10]" 9 55, 9 55 0, S_000002389281d980;
 .timescale -9 -12;
P_00000238926ef750 .param/l "c" 0 9 55, +C4<01010>;
v0000023892827310_0 .net "pe_in_act", 7 0, L_0000023892434950;  1 drivers
v0000023892829110_0 .net "pe_in_psum", 31 0, L_0000023892433c30;  1 drivers
v0000023892827630_0 .net "pe_in_weight", 7 0, L_00000238929b26f0;  1 drivers
v00000238928280d0_0 .net "pe_load_en", 0 0, L_00000238929b1b10;  1 drivers
S_0000023892820d10 .scope generate, "genblk1" "genblk1" 9 61, 9 61 0, S_000002389281ff00;
 .timescale -9 -12;
L_0000023892434950 .functor BUFZ 8, v00000238928073c0_0, C4<00000000>, C4<00000000>, C4<00000000>;
S_0000023892820ea0 .scope generate, "genblk2" "genblk2" 9 72, 9 72 0, S_000002389281ff00;
 .timescale -9 -12;
L_0000023892433c30 .functor BUFZ 32, v000002389280d720_0, C4<00000000000000000000000000000000>, C4<00000000000000000000000000000000>, C4<00000000000000000000000000000000>;
S_0000023892821030 .scope module, "pe_inst" "pe" 9 91, 10 12 0, S_000002389281ff00;
 .timescale 0 0;
    .port_info 0 /INPUT 1 "clk";
    .port_info 1 /INPUT 1 "rst_n";
    .port_info 2 /INPUT 1 "en_compute";
    .port_info 3 /INPUT 1 "load_weight";
    .port_info 4 /INPUT 8 "in_act";
    .port_info 5 /INPUT 8 "in_weight";
    .port_info 6 /INPUT 32 "in_psum";
    .port_info 7 /OUTPUT 8 "out_act";
    .port_info 8 /OUTPUT 32 "out_psum";
v00000238928274f0_0 .net "clk", 0 0, v00000238928c9830_0;  alias, 1 drivers
v0000023892827270_0 .net "en_compute", 0 0, L_000002389294c268;  alias, 1 drivers
v00000238928283f0_0 .net "in_act", 7 0, L_0000023892434950;  alias, 1 drivers
v0000023892826ff0_0 .net "in_psum", 31 0, L_0000023892433c30;  alias, 1 drivers
v0000023892829070_0 .net "in_weight", 7 0, L_00000238929b26f0;  alias, 1 drivers
v0000023892827590_0 .net "load_weight", 0 0, L_00000238929b1b10;  alias, 1 drivers
v0000023892827770_0 .var "out_act", 7 0;
v0000023892828fd0_0 .var "out_psum", 31 0;
v0000023892828350_0 .var/s "reg_weight", 7 0;
v0000023892828530_0 .net "rst_n", 0 0, L_00000238926d5550;  alias, 1 drivers
S_00000238928211c0 .scope generate, "COL_LOOP[11]" "COL_LOOP[11]" 9 55, 9 55 0, S_000002389281d980;
 .timescale -9 -12;
P_00000238926ef990 .param/l "c" 0 9 55, +C4<01011>;
v0000023892827450_0 .net "pe_in_act", 7 0, L_0000023892433d80;  1 drivers
v0000023892828f30_0 .net "pe_in_psum", 31 0, L_0000023892434560;  1 drivers
v00000238928276d0_0 .net "pe_in_weight", 7 0, L_00000238929b2a10;  1 drivers
v0000023892828850_0 .net "pe_load_en", 0 0, L_00000238929b21f0;  1 drivers
S_0000023892820090 .scope generate, "genblk1" "genblk1" 9 61, 9 61 0, S_00000238928211c0;
 .timescale -9 -12;
L_0000023892433d80 .functor BUFZ 8, v0000023892827770_0, C4<00000000>, C4<00000000>, C4<00000000>;
S_00000238928203b0 .scope generate, "genblk2" "genblk2" 9 72, 9 72 0, S_00000238928211c0;
 .timescale -9 -12;
L_0000023892434560 .functor BUFZ 32, v000002389280fd40_0, C4<00000000000000000000000000000000>, C4<00000000000000000000000000000000>, C4<00000000000000000000000000000000>;
S_0000023892821350 .scope module, "pe_inst" "pe" 9 91, 10 12 0, S_00000238928211c0;
 .timescale 0 0;
    .port_info 0 /INPUT 1 "clk";
    .port_info 1 /INPUT 1 "rst_n";
    .port_info 2 /INPUT 1 "en_compute";
    .port_info 3 /INPUT 1 "load_weight";
    .port_info 4 /INPUT 8 "in_act";
    .port_info 5 /INPUT 8 "in_weight";
    .port_info 6 /INPUT 32 "in_psum";
    .port_info 7 /OUTPUT 8 "out_act";
    .port_info 8 /OUTPUT 32 "out_psum";
v0000023892826b90_0 .net "clk", 0 0, v00000238928c9830_0;  alias, 1 drivers
v0000023892828d50_0 .net "en_compute", 0 0, L_000002389294c268;  alias, 1 drivers
v0000023892828e90_0 .net "in_act", 7 0, L_0000023892433d80;  alias, 1 drivers
v0000023892826a50_0 .net "in_psum", 31 0, L_0000023892434560;  alias, 1 drivers
v0000023892827090_0 .net "in_weight", 7 0, L_00000238929b2a10;  alias, 1 drivers
v0000023892826d70_0 .net "load_weight", 0 0, L_00000238929b21f0;  alias, 1 drivers
v0000023892828c10_0 .var "out_act", 7 0;
v00000238928278b0_0 .var "out_psum", 31 0;
v0000023892828170_0 .var/s "reg_weight", 7 0;
v0000023892827130_0 .net "rst_n", 0 0, L_00000238926d5550;  alias, 1 drivers
S_00000238928214e0 .scope generate, "COL_LOOP[12]" "COL_LOOP[12]" 9 55, 9 55 0, S_000002389281d980;
 .timescale -9 -12;
P_00000238926efa10 .param/l "c" 0 9 55, +C4<01100>;
v0000023892826c30_0 .net "pe_in_act", 7 0, L_0000023892434090;  1 drivers
v00000238928287b0_0 .net "pe_in_psum", 31 0, L_0000023892434100;  1 drivers
v0000023892826eb0_0 .net "pe_in_weight", 7 0, L_00000238929b1bb0;  1 drivers
v00000238928279f0_0 .net "pe_load_en", 0 0, L_00000238929b1cf0;  1 drivers
S_0000023892820540 .scope generate, "genblk1" "genblk1" 9 61, 9 61 0, S_00000238928214e0;
 .timescale -9 -12;
L_0000023892434090 .functor BUFZ 8, v0000023892828c10_0, C4<00000000>, C4<00000000>, C4<00000000>;
S_0000023892820220 .scope generate, "genblk2" "genblk2" 9 72, 9 72 0, S_00000238928214e0;
 .timescale -9 -12;
L_0000023892434100 .functor BUFZ 32, v0000023892810240_0, C4<00000000000000000000000000000000>, C4<00000000000000000000000000000000>, C4<00000000000000000000000000000000>;
S_00000238928206d0 .scope module, "pe_inst" "pe" 9 91, 10 12 0, S_00000238928214e0;
 .timescale 0 0;
    .port_info 0 /INPUT 1 "clk";
    .port_info 1 /INPUT 1 "rst_n";
    .port_info 2 /INPUT 1 "en_compute";
    .port_info 3 /INPUT 1 "load_weight";
    .port_info 4 /INPUT 8 "in_act";
    .port_info 5 /INPUT 8 "in_weight";
    .port_info 6 /INPUT 32 "in_psum";
    .port_info 7 /OUTPUT 8 "out_act";
    .port_info 8 /OUTPUT 32 "out_psum";
v0000023892828990_0 .net "clk", 0 0, v00000238928c9830_0;  alias, 1 drivers
v0000023892828490_0 .net "en_compute", 0 0, L_000002389294c268;  alias, 1 drivers
v0000023892828a30_0 .net "in_act", 7 0, L_0000023892434090;  alias, 1 drivers
v00000238928269b0_0 .net "in_psum", 31 0, L_0000023892434100;  alias, 1 drivers
v00000238928271d0_0 .net "in_weight", 7 0, L_00000238929b1bb0;  alias, 1 drivers
v0000023892826cd0_0 .net "load_weight", 0 0, L_00000238929b1cf0;  alias, 1 drivers
v0000023892826af0_0 .var "out_act", 7 0;
v00000238928273b0_0 .var "out_psum", 31 0;
v0000023892826e10_0 .var/s "reg_weight", 7 0;
v0000023892827950_0 .net "rst_n", 0 0, L_00000238926d5550;  alias, 1 drivers
S_0000023892820860 .scope generate, "COL_LOOP[13]" "COL_LOOP[13]" 9 55, 9 55 0, S_000002389281d980;
 .timescale -9 -12;
P_00000238926efcd0 .param/l "c" 0 9 55, +C4<01101>;
v0000023892828670_0 .net "pe_in_act", 7 0, L_00000238924342c0;  1 drivers
v0000023892828710_0 .net "pe_in_psum", 31 0, L_00000238924343a0;  1 drivers
v00000238928288f0_0 .net "pe_in_weight", 7 0, L_00000238929b2330;  1 drivers
v0000023892828ad0_0 .net "pe_load_en", 0 0, L_00000238929b1d90;  1 drivers
S_00000238928209f0 .scope generate, "genblk1" "genblk1" 9 61, 9 61 0, S_0000023892820860;
 .timescale -9 -12;
L_00000238924342c0 .functor BUFZ 8, v0000023892826af0_0, C4<00000000>, C4<00000000>, C4<00000000>;
S_0000023892820b80 .scope generate, "genblk2" "genblk2" 9 72, 9 72 0, S_0000023892820860;
 .timescale -9 -12;
L_00000238924343a0 .functor BUFZ 32, v0000023892811280_0, C4<00000000000000000000000000000000>, C4<00000000000000000000000000000000>, C4<00000000000000000000000000000000>;
S_0000023892834eb0 .scope module, "pe_inst" "pe" 9 91, 10 12 0, S_0000023892820860;
 .timescale 0 0;
    .port_info 0 /INPUT 1 "clk";
    .port_info 1 /INPUT 1 "rst_n";
    .port_info 2 /INPUT 1 "en_compute";
    .port_info 3 /INPUT 1 "load_weight";
    .port_info 4 /INPUT 8 "in_act";
    .port_info 5 /INPUT 8 "in_weight";
    .port_info 6 /INPUT 32 "in_psum";
    .port_info 7 /OUTPUT 8 "out_act";
    .port_info 8 /OUTPUT 32 "out_psum";
v0000023892827b30_0 .net "clk", 0 0, v00000238928c9830_0;  alias, 1 drivers
v0000023892827bd0_0 .net "en_compute", 0 0, L_000002389294c268;  alias, 1 drivers
v00000238928285d0_0 .net "in_act", 7 0, L_00000238924342c0;  alias, 1 drivers
v0000023892827c70_0 .net "in_psum", 31 0, L_00000238924343a0;  alias, 1 drivers
v0000023892827d10_0 .net "in_weight", 7 0, L_00000238929b2330;  alias, 1 drivers
v0000023892827db0_0 .net "load_weight", 0 0, L_00000238929b1d90;  alias, 1 drivers
v0000023892827e50_0 .var "out_act", 7 0;
v0000023892827ef0_0 .var "out_psum", 31 0;
v0000023892827f90_0 .var/s "reg_weight", 7 0;
v0000023892828030_0 .net "rst_n", 0 0, L_00000238926d5550;  alias, 1 drivers
S_00000238928340a0 .scope generate, "COL_LOOP[14]" "COL_LOOP[14]" 9 55, 9 55 0, S_000002389281d980;
 .timescale -9 -12;
P_00000238926efed0 .param/l "c" 0 9 55, +C4<01110>;
v000002389282a470_0 .net "pe_in_act", 7 0, L_00000238924346b0;  1 drivers
v000002389282b370_0 .net "pe_in_psum", 31 0, L_00000238924348e0;  1 drivers
v00000238928299d0_0 .net "pe_in_weight", 7 0, L_00000238929b4950;  1 drivers
v00000238928292f0_0 .net "pe_load_en", 0 0, L_00000238929b57b0;  1 drivers
S_0000023892834b90 .scope generate, "genblk1" "genblk1" 9 61, 9 61 0, S_00000238928340a0;
 .timescale -9 -12;
L_00000238924346b0 .functor BUFZ 8, v0000023892827e50_0, C4<00000000>, C4<00000000>, C4<00000000>;
S_0000023892834a00 .scope generate, "genblk2" "genblk2" 9 72, 9 72 0, S_00000238928340a0;
 .timescale -9 -12;
L_00000238924348e0 .functor BUFZ 32, v0000023892811820_0, C4<00000000000000000000000000000000>, C4<00000000000000000000000000000000>, C4<00000000000000000000000000000000>;
S_00000238928338d0 .scope module, "pe_inst" "pe" 9 91, 10 12 0, S_00000238928340a0;
 .timescale 0 0;
    .port_info 0 /INPUT 1 "clk";
    .port_info 1 /INPUT 1 "rst_n";
    .port_info 2 /INPUT 1 "en_compute";
    .port_info 3 /INPUT 1 "load_weight";
    .port_info 4 /INPUT 8 "in_act";
    .port_info 5 /INPUT 8 "in_weight";
    .port_info 6 /INPUT 32 "in_psum";
    .port_info 7 /OUTPUT 8 "out_act";
    .port_info 8 /OUTPUT 32 "out_psum";
v0000023892828cb0_0 .net "clk", 0 0, v00000238928c9830_0;  alias, 1 drivers
v000002389282b4b0_0 .net "en_compute", 0 0, L_000002389294c268;  alias, 1 drivers
v000002389282b230_0 .net "in_act", 7 0, L_00000238924346b0;  alias, 1 drivers
v000002389282a010_0 .net "in_psum", 31 0, L_00000238924348e0;  alias, 1 drivers
v0000023892829bb0_0 .net "in_weight", 7 0, L_00000238929b4950;  alias, 1 drivers
v0000023892829570_0 .net "load_weight", 0 0, L_00000238929b57b0;  alias, 1 drivers
v000002389282b910_0 .var "out_act", 7 0;
v0000023892829430_0 .var "out_psum", 31 0;
v0000023892829250_0 .var/s "reg_weight", 7 0;
v000002389282b550_0 .net "rst_n", 0 0, L_00000238926d5550;  alias, 1 drivers
S_00000238928322f0 .scope generate, "COL_LOOP[15]" "COL_LOOP[15]" 9 55, 9 55 0, S_000002389281d980;
 .timescale -9 -12;
P_00000238926ef250 .param/l "c" 0 9 55, +C4<01111>;
v000002389282aa10_0 .net "pe_in_act", 7 0, L_00000238924349c0;  1 drivers
v000002389282a5b0_0 .net "pe_in_psum", 31 0, L_0000023892434aa0;  1 drivers
v0000023892829610_0 .net "pe_in_weight", 7 0, L_00000238929b3550;  1 drivers
v00000238928296b0_0 .net "pe_load_en", 0 0, L_00000238929b35f0;  1 drivers
S_0000023892831990 .scope generate, "genblk1" "genblk1" 9 61, 9 61 0, S_00000238928322f0;
 .timescale -9 -12;
L_00000238924349c0 .functor BUFZ 8, v000002389282b910_0, C4<00000000>, C4<00000000>, C4<00000000>;
S_0000023892834d20 .scope generate, "genblk2" "genblk2" 9 72, 9 72 0, S_00000238928322f0;
 .timescale -9 -12;
L_0000023892434aa0 .functor BUFZ 32, v0000023892812040_0, C4<00000000000000000000000000000000>, C4<00000000000000000000000000000000>, C4<00000000000000000000000000000000>;
S_0000023892835680 .scope module, "pe_inst" "pe" 9 91, 10 12 0, S_00000238928322f0;
 .timescale 0 0;
    .port_info 0 /INPUT 1 "clk";
    .port_info 1 /INPUT 1 "rst_n";
    .port_info 2 /INPUT 1 "en_compute";
    .port_info 3 /INPUT 1 "load_weight";
    .port_info 4 /INPUT 8 "in_act";
    .port_info 5 /INPUT 8 "in_weight";
    .port_info 6 /INPUT 32 "in_psum";
    .port_info 7 /OUTPUT 8 "out_act";
    .port_info 8 /OUTPUT 32 "out_psum";
v0000023892829750_0 .net "clk", 0 0, v00000238928c9830_0;  alias, 1 drivers
v000002389282b870_0 .net "en_compute", 0 0, L_000002389294c268;  alias, 1 drivers
v000002389282a510_0 .net "in_act", 7 0, L_00000238924349c0;  alias, 1 drivers
v0000023892829930_0 .net "in_psum", 31 0, L_0000023892434aa0;  alias, 1 drivers
v000002389282add0_0 .net "in_weight", 7 0, L_00000238929b3550;  alias, 1 drivers
v0000023892829cf0_0 .net "load_weight", 0 0, L_00000238929b35f0;  alias, 1 drivers
v0000023892829a70_0 .var "out_act", 7 0;
v000002389282b050_0 .var "out_psum", 31 0;
v00000238928297f0_0 .var/s "reg_weight", 7 0;
v000002389282a6f0_0 .net "rst_n", 0 0, L_00000238926d5550;  alias, 1 drivers
S_0000023892832160 .scope generate, "ROW_LOOP[5]" "ROW_LOOP[5]" 9 54, 9 54 0, S_00000238927e0370;
 .timescale -9 -12;
P_00000238926efd10 .param/l "r" 0 9 54, +C4<0101>;
S_0000023892832480 .scope generate, "COL_LOOP[0]" "COL_LOOP[0]" 9 55, 9 55 0, S_0000023892832160;
 .timescale -9 -12;
P_00000238926eff10 .param/l "c" 0 9 55, +C4<00>;
v000002389282aab0_0 .net "pe_in_act", 7 0, L_00000238929b46d0;  1 drivers
v000002389282b5f0_0 .net "pe_in_psum", 31 0, L_0000023892434b10;  1 drivers
v000002389282b190_0 .net "pe_in_weight", 7 0, L_00000238929b5170;  1 drivers
v000002389282b2d0_0 .net "pe_load_en", 0 0, L_00000238929b30f0;  1 drivers
S_0000023892833f10 .scope generate, "genblk1" "genblk1" 9 61, 9 61 0, S_0000023892832480;
 .timescale -9 -12;
S_0000023892834230 .scope generate, "genblk2" "genblk2" 9 72, 9 72 0, S_0000023892832480;
 .timescale -9 -12;
L_0000023892434b10 .functor BUFZ 32, v0000023892812900_0, C4<00000000000000000000000000000000>, C4<00000000000000000000000000000000>, C4<00000000000000000000000000000000>;
S_00000238928343c0 .scope module, "pe_inst" "pe" 9 91, 10 12 0, S_0000023892832480;
 .timescale 0 0;
    .port_info 0 /INPUT 1 "clk";
    .port_info 1 /INPUT 1 "rst_n";
    .port_info 2 /INPUT 1 "en_compute";
    .port_info 3 /INPUT 1 "load_weight";
    .port_info 4 /INPUT 8 "in_act";
    .port_info 5 /INPUT 8 "in_weight";
    .port_info 6 /INPUT 32 "in_psum";
    .port_info 7 /OUTPUT 8 "out_act";
    .port_info 8 /OUTPUT 32 "out_psum";
v0000023892829890_0 .net "clk", 0 0, v00000238928c9830_0;  alias, 1 drivers
v000002389282a1f0_0 .net "en_compute", 0 0, L_000002389294c268;  alias, 1 drivers
v000002389282ae70_0 .net "in_act", 7 0, L_00000238929b46d0;  alias, 1 drivers
v000002389282b0f0_0 .net "in_psum", 31 0, L_0000023892434b10;  alias, 1 drivers
v0000023892829b10_0 .net "in_weight", 7 0, L_00000238929b5170;  alias, 1 drivers
v0000023892829c50_0 .net "load_weight", 0 0, L_00000238929b30f0;  alias, 1 drivers
v0000023892829d90_0 .var "out_act", 7 0;
v000002389282a970_0 .var "out_psum", 31 0;
v00000238928291b0_0 .var/s "reg_weight", 7 0;
v0000023892829e30_0 .net "rst_n", 0 0, L_00000238926d5550;  alias, 1 drivers
S_0000023892832f70 .scope generate, "COL_LOOP[1]" "COL_LOOP[1]" 9 55, 9 55 0, S_0000023892832160;
 .timescale -9 -12;
P_00000238926ef290 .param/l "c" 0 9 55, +C4<01>;
v000002389282a330_0 .net "pe_in_act", 7 0, L_0000023892434b80;  1 drivers
v000002389282a3d0_0 .net "pe_in_psum", 31 0, L_0000023892435210;  1 drivers
v000002389282a650_0 .net "pe_in_weight", 7 0, L_00000238929b3690;  1 drivers
v000002389282ac90_0 .net "pe_load_en", 0 0, L_00000238929b4770;  1 drivers
S_0000023892835040 .scope generate, "genblk1" "genblk1" 9 61, 9 61 0, S_0000023892832f70;
 .timescale -9 -12;
L_0000023892434b80 .functor BUFZ 8, v0000023892829d90_0, C4<00000000>, C4<00000000>, C4<00000000>;
S_0000023892835810 .scope generate, "genblk2" "genblk2" 9 72, 9 72 0, S_0000023892832f70;
 .timescale -9 -12;
L_0000023892435210 .functor BUFZ 32, v00000238928127c0_0, C4<00000000000000000000000000000000>, C4<00000000000000000000000000000000>, C4<00000000000000000000000000000000>;
S_0000023892832610 .scope module, "pe_inst" "pe" 9 91, 10 12 0, S_0000023892832f70;
 .timescale 0 0;
    .port_info 0 /INPUT 1 "clk";
    .port_info 1 /INPUT 1 "rst_n";
    .port_info 2 /INPUT 1 "en_compute";
    .port_info 3 /INPUT 1 "load_weight";
    .port_info 4 /INPUT 8 "in_act";
    .port_info 5 /INPUT 8 "in_weight";
    .port_info 6 /INPUT 32 "in_psum";
    .port_info 7 /OUTPUT 8 "out_act";
    .port_info 8 /OUTPUT 32 "out_psum";
v0000023892829ed0_0 .net "clk", 0 0, v00000238928c9830_0;  alias, 1 drivers
v0000023892829f70_0 .net "en_compute", 0 0, L_000002389294c268;  alias, 1 drivers
v000002389282b410_0 .net "in_act", 7 0, L_0000023892434b80;  alias, 1 drivers
v000002389282a150_0 .net "in_psum", 31 0, L_0000023892435210;  alias, 1 drivers
v000002389282ab50_0 .net "in_weight", 7 0, L_00000238929b3690;  alias, 1 drivers
v0000023892829390_0 .net "load_weight", 0 0, L_00000238929b4770;  alias, 1 drivers
v000002389282afb0_0 .var "out_act", 7 0;
v000002389282abf0_0 .var "out_psum", 31 0;
v000002389282a290_0 .var/s "reg_weight", 7 0;
v000002389282b690_0 .net "rst_n", 0 0, L_00000238926d5550;  alias, 1 drivers
S_00000238928359a0 .scope generate, "COL_LOOP[2]" "COL_LOOP[2]" 9 55, 9 55 0, S_0000023892832160;
 .timescale -9 -12;
P_00000238926ef2d0 .param/l "c" 0 9 55, +C4<010>;
v000002389282c450_0 .net "pe_in_act", 7 0, L_00000238924351a0;  1 drivers
v000002389282de90_0 .net "pe_in_psum", 31 0, L_0000023892435050;  1 drivers
v000002389282c590_0 .net "pe_in_weight", 7 0, L_00000238929b53f0;  1 drivers
v000002389282d850_0 .net "pe_load_en", 0 0, L_00000238929b3e10;  1 drivers
S_00000238928354f0 .scope generate, "genblk1" "genblk1" 9 61, 9 61 0, S_00000238928359a0;
 .timescale -9 -12;
L_00000238924351a0 .functor BUFZ 8, v000002389282afb0_0, C4<00000000>, C4<00000000>, C4<00000000>;
S_00000238928327a0 .scope generate, "genblk2" "genblk2" 9 72, 9 72 0, S_00000238928359a0;
 .timescale -9 -12;
L_0000023892435050 .functor BUFZ 32, v0000023892813260_0, C4<00000000000000000000000000000000>, C4<00000000000000000000000000000000>, C4<00000000000000000000000000000000>;
S_0000023892834550 .scope module, "pe_inst" "pe" 9 91, 10 12 0, S_00000238928359a0;
 .timescale 0 0;
    .port_info 0 /INPUT 1 "clk";
    .port_info 1 /INPUT 1 "rst_n";
    .port_info 2 /INPUT 1 "en_compute";
    .port_info 3 /INPUT 1 "load_weight";
    .port_info 4 /INPUT 8 "in_act";
    .port_info 5 /INPUT 8 "in_weight";
    .port_info 6 /INPUT 32 "in_psum";
    .port_info 7 /OUTPUT 8 "out_act";
    .port_info 8 /OUTPUT 32 "out_psum";
v00000238928294d0_0 .net "clk", 0 0, v00000238928c9830_0;  alias, 1 drivers
v000002389282b730_0 .net "en_compute", 0 0, L_000002389294c268;  alias, 1 drivers
v000002389282b7d0_0 .net "in_act", 7 0, L_00000238924351a0;  alias, 1 drivers
v000002389282a830_0 .net "in_psum", 31 0, L_0000023892435050;  alias, 1 drivers
v000002389282af10_0 .net "in_weight", 7 0, L_00000238929b53f0;  alias, 1 drivers
v000002389282bd70_0 .net "load_weight", 0 0, L_00000238929b3e10;  alias, 1 drivers
v000002389282dc10_0 .var "out_act", 7 0;
v000002389282c8b0_0 .var "out_psum", 31 0;
v000002389282d0d0_0 .var/s "reg_weight", 7 0;
v000002389282bff0_0 .net "rst_n", 0 0, L_00000238926d5550;  alias, 1 drivers
S_0000023892833a60 .scope generate, "COL_LOOP[3]" "COL_LOOP[3]" 9 55, 9 55 0, S_0000023892832160;
 .timescale -9 -12;
P_00000238926ef310 .param/l "c" 0 9 55, +C4<011>;
v000002389282ba50_0 .net "pe_in_act", 7 0, L_0000023892435280;  1 drivers
v000002389282d7b0_0 .net "pe_in_psum", 31 0, L_00000238924350c0;  1 drivers
v000002389282ddf0_0 .net "pe_in_weight", 7 0, L_00000238929b3370;  1 drivers
v000002389282c6d0_0 .net "pe_load_en", 0 0, L_00000238929b4b30;  1 drivers
S_0000023892832930 .scope generate, "genblk1" "genblk1" 9 61, 9 61 0, S_0000023892833a60;
 .timescale -9 -12;
L_0000023892435280 .functor BUFZ 8, v000002389282dc10_0, C4<00000000>, C4<00000000>, C4<00000000>;
S_00000238928346e0 .scope generate, "genblk2" "genblk2" 9 72, 9 72 0, S_0000023892833a60;
 .timescale -9 -12;
L_00000238924350c0 .functor BUFZ 32, v0000023892814480_0, C4<00000000000000000000000000000000>, C4<00000000000000000000000000000000>, C4<00000000000000000000000000000000>;
S_0000023892834870 .scope module, "pe_inst" "pe" 9 91, 10 12 0, S_0000023892833a60;
 .timescale 0 0;
    .port_info 0 /INPUT 1 "clk";
    .port_info 1 /INPUT 1 "rst_n";
    .port_info 2 /INPUT 1 "en_compute";
    .port_info 3 /INPUT 1 "load_weight";
    .port_info 4 /INPUT 8 "in_act";
    .port_info 5 /INPUT 8 "in_weight";
    .port_info 6 /INPUT 32 "in_psum";
    .port_info 7 /OUTPUT 8 "out_act";
    .port_info 8 /OUTPUT 32 "out_psum";
v000002389282d990_0 .net "clk", 0 0, v00000238928c9830_0;  alias, 1 drivers
v000002389282d2b0_0 .net "en_compute", 0 0, L_000002389294c268;  alias, 1 drivers
v000002389282da30_0 .net "in_act", 7 0, L_0000023892435280;  alias, 1 drivers
v000002389282df30_0 .net "in_psum", 31 0, L_00000238924350c0;  alias, 1 drivers
v000002389282bf50_0 .net "in_weight", 7 0, L_00000238929b3370;  alias, 1 drivers
v000002389282bcd0_0 .net "load_weight", 0 0, L_00000238929b4b30;  alias, 1 drivers
v000002389282dfd0_0 .var "out_act", 7 0;
v000002389282c090_0 .var "out_psum", 31 0;
v000002389282be10_0 .var/s "reg_weight", 7 0;
v000002389282c630_0 .net "rst_n", 0 0, L_00000238926d5550;  alias, 1 drivers
S_0000023892835b30 .scope generate, "COL_LOOP[4]" "COL_LOOP[4]" 9 55, 9 55 0, S_0000023892832160;
 .timescale -9 -12;
P_00000238926ef350 .param/l "c" 0 9 55, +C4<0100>;
v000002389282beb0_0 .net "pe_in_act", 7 0, L_00000238924352f0;  1 drivers
v000002389282d030_0 .net "pe_in_psum", 31 0, L_0000023892435360;  1 drivers
v000002389282b9b0_0 .net "pe_in_weight", 7 0, L_00000238929b3cd0;  1 drivers
v000002389282baf0_0 .net "pe_load_en", 0 0, L_00000238929b4450;  1 drivers
S_00000238928351d0 .scope generate, "genblk1" "genblk1" 9 61, 9 61 0, S_0000023892835b30;
 .timescale -9 -12;
L_00000238924352f0 .functor BUFZ 8, v000002389282dfd0_0, C4<00000000>, C4<00000000>, C4<00000000>;
S_0000023892832ac0 .scope generate, "genblk2" "genblk2" 9 72, 9 72 0, S_0000023892835b30;
 .timescale -9 -12;
L_0000023892435360 .functor BUFZ 32, v0000023892815740_0, C4<00000000000000000000000000000000>, C4<00000000000000000000000000000000>, C4<00000000000000000000000000000000>;
S_0000023892835360 .scope module, "pe_inst" "pe" 9 91, 10 12 0, S_0000023892835b30;
 .timescale 0 0;
    .port_info 0 /INPUT 1 "clk";
    .port_info 1 /INPUT 1 "rst_n";
    .port_info 2 /INPUT 1 "en_compute";
    .port_info 3 /INPUT 1 "load_weight";
    .port_info 4 /INPUT 8 "in_act";
    .port_info 5 /INPUT 8 "in_weight";
    .port_info 6 /INPUT 32 "in_psum";
    .port_info 7 /OUTPUT 8 "out_act";
    .port_info 8 /OUTPUT 32 "out_psum";
v000002389282c1d0_0 .net "clk", 0 0, v00000238928c9830_0;  alias, 1 drivers
v000002389282c3b0_0 .net "en_compute", 0 0, L_000002389294c268;  alias, 1 drivers
v000002389282d490_0 .net "in_act", 7 0, L_00000238924352f0;  alias, 1 drivers
v000002389282e110_0 .net "in_psum", 31 0, L_0000023892435360;  alias, 1 drivers
v000002389282bc30_0 .net "in_weight", 7 0, L_00000238929b3cd0;  alias, 1 drivers
v000002389282c950_0 .net "load_weight", 0 0, L_00000238929b4450;  alias, 1 drivers
v000002389282e070_0 .var "out_act", 7 0;
v000002389282c770_0 .var "out_psum", 31 0;
v000002389282c130_0 .var/s "reg_weight", 7 0;
v000002389282c270_0 .net "rst_n", 0 0, L_00000238926d5550;  alias, 1 drivers
S_0000023892831b20 .scope generate, "COL_LOOP[5]" "COL_LOOP[5]" 9 55, 9 55 0, S_0000023892832160;
 .timescale -9 -12;
P_00000238926f0e10 .param/l "c" 0 9 55, +C4<0101>;
v000002389282cdb0_0 .net "pe_in_act", 7 0, L_0000023892435130;  1 drivers
v000002389282d210_0 .net "pe_in_psum", 31 0, L_00000238926ab770;  1 drivers
v000002389282d170_0 .net "pe_in_weight", 7 0, L_00000238929b4a90;  1 drivers
v000002389282ce50_0 .net "pe_load_en", 0 0, L_00000238929b4810;  1 drivers
S_0000023892835cc0 .scope generate, "genblk1" "genblk1" 9 61, 9 61 0, S_0000023892831b20;
 .timescale -9 -12;
L_0000023892435130 .functor BUFZ 8, v000002389282e070_0, C4<00000000>, C4<00000000>, C4<00000000>;
S_0000023892831cb0 .scope generate, "genblk2" "genblk2" 9 72, 9 72 0, S_0000023892831b20;
 .timescale -9 -12;
L_00000238926ab770 .functor BUFZ 32, v0000023892814a20_0, C4<00000000000000000000000000000000>, C4<00000000000000000000000000000000>, C4<00000000000000000000000000000000>;
S_0000023892833d80 .scope module, "pe_inst" "pe" 9 91, 10 12 0, S_0000023892831b20;
 .timescale 0 0;
    .port_info 0 /INPUT 1 "clk";
    .port_info 1 /INPUT 1 "rst_n";
    .port_info 2 /INPUT 1 "en_compute";
    .port_info 3 /INPUT 1 "load_weight";
    .port_info 4 /INPUT 8 "in_act";
    .port_info 5 /INPUT 8 "in_weight";
    .port_info 6 /INPUT 32 "in_psum";
    .port_info 7 /OUTPUT 8 "out_act";
    .port_info 8 /OUTPUT 32 "out_psum";
v000002389282bb90_0 .net "clk", 0 0, v00000238928c9830_0;  alias, 1 drivers
v000002389282d530_0 .net "en_compute", 0 0, L_000002389294c268;  alias, 1 drivers
v000002389282dcb0_0 .net "in_act", 7 0, L_0000023892435130;  alias, 1 drivers
v000002389282c9f0_0 .net "in_psum", 31 0, L_00000238926ab770;  alias, 1 drivers
v000002389282d8f0_0 .net "in_weight", 7 0, L_00000238929b4a90;  alias, 1 drivers
v000002389282ca90_0 .net "load_weight", 0 0, L_00000238929b4810;  alias, 1 drivers
v000002389282cb30_0 .var "out_act", 7 0;
v000002389282cbd0_0 .var "out_psum", 31 0;
v000002389282cc70_0 .var/s "reg_weight", 7 0;
v000002389282cd10_0 .net "rst_n", 0 0, L_00000238926d5550;  alias, 1 drivers
S_0000023892835e50 .scope generate, "COL_LOOP[6]" "COL_LOOP[6]" 9 55, 9 55 0, S_0000023892832160;
 .timescale -9 -12;
P_00000238926f0e50 .param/l "c" 0 9 55, +C4<0110>;
v000002389282e4d0_0 .net "pe_in_act", 7 0, L_00000238926aba80;  1 drivers
v000002389282ffb0_0 .net "pe_in_psum", 31 0, L_00000238926abfc0;  1 drivers
v000002389282e610_0 .net "pe_in_weight", 7 0, L_00000238929b4630;  1 drivers
v000002389282ec50_0 .net "pe_load_en", 0 0, L_00000238929b4090;  1 drivers
S_0000023892832c50 .scope generate, "genblk1" "genblk1" 9 61, 9 61 0, S_0000023892835e50;
 .timescale -9 -12;
L_00000238926aba80 .functor BUFZ 8, v000002389282cb30_0, C4<00000000>, C4<00000000>, C4<00000000>;
S_0000023892832de0 .scope generate, "genblk2" "genblk2" 9 72, 9 72 0, S_0000023892835e50;
 .timescale -9 -12;
L_00000238926abfc0 .functor BUFZ 32, v0000023892806ec0_0, C4<00000000000000000000000000000000>, C4<00000000000000000000000000000000>, C4<00000000000000000000000000000000>;
S_0000023892831e40 .scope module, "pe_inst" "pe" 9 91, 10 12 0, S_0000023892835e50;
 .timescale 0 0;
    .port_info 0 /INPUT 1 "clk";
    .port_info 1 /INPUT 1 "rst_n";
    .port_info 2 /INPUT 1 "en_compute";
    .port_info 3 /INPUT 1 "load_weight";
    .port_info 4 /INPUT 8 "in_act";
    .port_info 5 /INPUT 8 "in_weight";
    .port_info 6 /INPUT 32 "in_psum";
    .port_info 7 /OUTPUT 8 "out_act";
    .port_info 8 /OUTPUT 32 "out_psum";
v000002389282cf90_0 .net "clk", 0 0, v00000238928c9830_0;  alias, 1 drivers
v000002389282dad0_0 .net "en_compute", 0 0, L_000002389294c268;  alias, 1 drivers
v000002389282d350_0 .net "in_act", 7 0, L_00000238926aba80;  alias, 1 drivers
v000002389282d3f0_0 .net "in_psum", 31 0, L_00000238926abfc0;  alias, 1 drivers
v000002389282d710_0 .net "in_weight", 7 0, L_00000238929b4630;  alias, 1 drivers
v000002389282d5d0_0 .net "load_weight", 0 0, L_00000238929b4090;  alias, 1 drivers
v000002389282d670_0 .var "out_act", 7 0;
v000002389282db70_0 .var "out_psum", 31 0;
v000002389282dd50_0 .var/s "reg_weight", 7 0;
v0000023892830230_0 .net "rst_n", 0 0, L_00000238926d5550;  alias, 1 drivers
S_0000023892835fe0 .scope generate, "COL_LOOP[7]" "COL_LOOP[7]" 9 55, 9 55 0, S_0000023892832160;
 .timescale -9 -12;
P_00000238926f0790 .param/l "c" 0 9 55, +C4<0111>;
v000002389282e250_0 .net "pe_in_act", 7 0, L_00000238926ac8f0;  1 drivers
v0000023892830550_0 .net "pe_in_psum", 31 0, L_00000238926abc40;  1 drivers
v000002389282f6f0_0 .net "pe_in_weight", 7 0, L_00000238929b3d70;  1 drivers
v0000023892830410_0 .net "pe_load_en", 0 0, L_00000238929b3b90;  1 drivers
S_0000023892831fd0 .scope generate, "genblk1" "genblk1" 9 61, 9 61 0, S_0000023892835fe0;
 .timescale -9 -12;
L_00000238926ac8f0 .functor BUFZ 8, v000002389282d670_0, C4<00000000>, C4<00000000>, C4<00000000>;
S_0000023892836300 .scope generate, "genblk2" "genblk2" 9 72, 9 72 0, S_0000023892835fe0;
 .timescale -9 -12;
L_00000238926abc40 .functor BUFZ 32, v0000023892805e80_0, C4<00000000000000000000000000000000>, C4<00000000000000000000000000000000>, C4<00000000000000000000000000000000>;
S_0000023892836170 .scope module, "pe_inst" "pe" 9 91, 10 12 0, S_0000023892835fe0;
 .timescale 0 0;
    .port_info 0 /INPUT 1 "clk";
    .port_info 1 /INPUT 1 "rst_n";
    .port_info 2 /INPUT 1 "en_compute";
    .port_info 3 /INPUT 1 "load_weight";
    .port_info 4 /INPUT 8 "in_act";
    .port_info 5 /INPUT 8 "in_weight";
    .port_info 6 /INPUT 32 "in_psum";
    .port_info 7 /OUTPUT 8 "out_act";
    .port_info 8 /OUTPUT 32 "out_psum";
v000002389282f8d0_0 .net "clk", 0 0, v00000238928c9830_0;  alias, 1 drivers
v000002389282ecf0_0 .net "en_compute", 0 0, L_000002389294c268;  alias, 1 drivers
v000002389282f010_0 .net "in_act", 7 0, L_00000238926ac8f0;  alias, 1 drivers
v000002389282f470_0 .net "in_psum", 31 0, L_00000238926abc40;  alias, 1 drivers
v000002389282ed90_0 .net "in_weight", 7 0, L_00000238929b3d70;  alias, 1 drivers
v000002389282fe70_0 .net "load_weight", 0 0, L_00000238929b3b90;  alias, 1 drivers
v00000238928304b0_0 .var "out_act", 7 0;
v000002389282fab0_0 .var "out_psum", 31 0;
v000002389282f0b0_0 .var/s "reg_weight", 7 0;
v0000023892830730_0 .net "rst_n", 0 0, L_00000238926d5550;  alias, 1 drivers
S_0000023892836490 .scope generate, "COL_LOOP[8]" "COL_LOOP[8]" 9 55, 9 55 0, S_0000023892832160;
 .timescale -9 -12;
P_00000238926f1150 .param/l "c" 0 9 55, +C4<01000>;
v000002389282fb50_0 .net "pe_in_act", 7 0, L_00000238926acb20;  1 drivers
v000002389282f290_0 .net "pe_in_psum", 31 0, L_00000238926ac500;  1 drivers
v000002389282ef70_0 .net "pe_in_weight", 7 0, L_00000238929b3f50;  1 drivers
v000002389282f790_0 .net "pe_load_en", 0 0, L_00000238929b4bd0;  1 drivers
S_0000023892836620 .scope generate, "genblk1" "genblk1" 9 61, 9 61 0, S_0000023892836490;
 .timescale -9 -12;
L_00000238926acb20 .functor BUFZ 8, v00000238928304b0_0, C4<00000000>, C4<00000000>, C4<00000000>;
S_00000238928367b0 .scope generate, "genblk2" "genblk2" 9 72, 9 72 0, S_0000023892836490;
 .timescale -9 -12;
L_00000238926ac500 .functor BUFZ 32, v0000023892805980_0, C4<00000000000000000000000000000000>, C4<00000000000000000000000000000000>, C4<00000000000000000000000000000000>;
S_0000023892836940 .scope module, "pe_inst" "pe" 9 91, 10 12 0, S_0000023892836490;
 .timescale 0 0;
    .port_info 0 /INPUT 1 "clk";
    .port_info 1 /INPUT 1 "rst_n";
    .port_info 2 /INPUT 1 "en_compute";
    .port_info 3 /INPUT 1 "load_weight";
    .port_info 4 /INPUT 8 "in_act";
    .port_info 5 /INPUT 8 "in_weight";
    .port_info 6 /INPUT 32 "in_psum";
    .port_info 7 /OUTPUT 8 "out_act";
    .port_info 8 /OUTPUT 32 "out_psum";
v000002389282e930_0 .net "clk", 0 0, v00000238928c9830_0;  alias, 1 drivers
v0000023892830690_0 .net "en_compute", 0 0, L_000002389294c268;  alias, 1 drivers
v000002389282ea70_0 .net "in_act", 7 0, L_00000238926acb20;  alias, 1 drivers
v0000023892830050_0 .net "in_psum", 31 0, L_00000238926ac500;  alias, 1 drivers
v000002389282e2f0_0 .net "in_weight", 7 0, L_00000238929b3f50;  alias, 1 drivers
v000002389282ff10_0 .net "load_weight", 0 0, L_00000238929b4bd0;  alias, 1 drivers
v000002389282eb10_0 .var "out_act", 7 0;
v000002389282e9d0_0 .var "out_psum", 31 0;
v000002389282e390_0 .var/s "reg_weight", 7 0;
v00000238928307d0_0 .net "rst_n", 0 0, L_00000238926d5550;  alias, 1 drivers
S_0000023892836ad0 .scope generate, "COL_LOOP[9]" "COL_LOOP[9]" 9 55, 9 55 0, S_0000023892832160;
 .timescale -9 -12;
P_00000238926f0e90 .param/l "c" 0 9 55, +C4<01001>;
v000002389282e1b0_0 .net "pe_in_act", 7 0, L_00000238926aca40;  1 drivers
v000002389282fa10_0 .net "pe_in_psum", 31 0, L_00000238926ab230;  1 drivers
v000002389282e750_0 .net "pe_in_weight", 7 0, L_00000238929b3730;  1 drivers
v0000023892830870_0 .net "pe_load_en", 0 0, L_00000238929b3c30;  1 drivers
S_00000238928335b0 .scope generate, "genblk1" "genblk1" 9 61, 9 61 0, S_0000023892836ad0;
 .timescale -9 -12;
L_00000238926aca40 .functor BUFZ 8, v000002389282eb10_0, C4<00000000>, C4<00000000>, C4<00000000>;
S_0000023892836c60 .scope generate, "genblk2" "genblk2" 9 72, 9 72 0, S_0000023892836ad0;
 .timescale -9 -12;
L_00000238926ab230 .functor BUFZ 32, v0000023892807aa0_0, C4<00000000000000000000000000000000>, C4<00000000000000000000000000000000>, C4<00000000000000000000000000000000>;
S_0000023892837110 .scope module, "pe_inst" "pe" 9 91, 10 12 0, S_0000023892836ad0;
 .timescale 0 0;
    .port_info 0 /INPUT 1 "clk";
    .port_info 1 /INPUT 1 "rst_n";
    .port_info 2 /INPUT 1 "en_compute";
    .port_info 3 /INPUT 1 "load_weight";
    .port_info 4 /INPUT 8 "in_act";
    .port_info 5 /INPUT 8 "in_weight";
    .port_info 6 /INPUT 32 "in_psum";
    .port_info 7 /OUTPUT 8 "out_act";
    .port_info 8 /OUTPUT 32 "out_psum";
v000002389282f510_0 .net "clk", 0 0, v00000238928c9830_0;  alias, 1 drivers
v000002389282e430_0 .net "en_compute", 0 0, L_000002389294c268;  alias, 1 drivers
v000002389282fd30_0 .net "in_act", 7 0, L_00000238926aca40;  alias, 1 drivers
v000002389282ee30_0 .net "in_psum", 31 0, L_00000238926ab230;  alias, 1 drivers
v000002389282f5b0_0 .net "in_weight", 7 0, L_00000238929b3730;  alias, 1 drivers
v000002389282eed0_0 .net "load_weight", 0 0, L_00000238929b3c30;  alias, 1 drivers
v000002389282fbf0_0 .var "out_act", 7 0;
v000002389282f830_0 .var "out_psum", 31 0;
v000002389282f150_0 .var/s "reg_weight", 7 0;
v000002389282f970_0 .net "rst_n", 0 0, L_00000238926d5550;  alias, 1 drivers
S_0000023892833bf0 .scope generate, "COL_LOOP[10]" "COL_LOOP[10]" 9 55, 9 55 0, S_0000023892832160;
 .timescale -9 -12;
P_00000238926f0210 .param/l "c" 0 9 55, +C4<01010>;
v0000023892830370_0 .net "pe_in_act", 7 0, L_00000238926ab2a0;  1 drivers
v000002389282e6b0_0 .net "pe_in_psum", 31 0, L_00000238926abd20;  1 drivers
v000002389282e890_0 .net "pe_in_weight", 7 0, L_00000238929b50d0;  1 drivers
v00000238928316d0_0 .net "pe_load_en", 0 0, L_00000238929b3af0;  1 drivers
S_0000023892836df0 .scope generate, "genblk1" "genblk1" 9 61, 9 61 0, S_0000023892833bf0;
 .timescale -9 -12;
L_00000238926ab2a0 .functor BUFZ 8, v000002389282fbf0_0, C4<00000000>, C4<00000000>, C4<00000000>;
S_0000023892833740 .scope generate, "genblk2" "genblk2" 9 72, 9 72 0, S_0000023892833bf0;
 .timescale -9 -12;
L_00000238926abd20 .functor BUFZ 32, v0000023892828fd0_0, C4<00000000000000000000000000000000>, C4<00000000000000000000000000000000>, C4<00000000000000000000000000000000>;
S_0000023892836f80 .scope module, "pe_inst" "pe" 9 91, 10 12 0, S_0000023892833bf0;
 .timescale 0 0;
    .port_info 0 /INPUT 1 "clk";
    .port_info 1 /INPUT 1 "rst_n";
    .port_info 2 /INPUT 1 "en_compute";
    .port_info 3 /INPUT 1 "load_weight";
    .port_info 4 /INPUT 8 "in_act";
    .port_info 5 /INPUT 8 "in_weight";
    .port_info 6 /INPUT 32 "in_psum";
    .port_info 7 /OUTPUT 8 "out_act";
    .port_info 8 /OUTPUT 32 "out_psum";
v000002389282fc90_0 .net "clk", 0 0, v00000238928c9830_0;  alias, 1 drivers
v000002389282e570_0 .net "en_compute", 0 0, L_000002389294c268;  alias, 1 drivers
v000002389282e7f0_0 .net "in_act", 7 0, L_00000238926ab2a0;  alias, 1 drivers
v000002389282fdd0_0 .net "in_psum", 31 0, L_00000238926abd20;  alias, 1 drivers
v000002389282f330_0 .net "in_weight", 7 0, L_00000238929b50d0;  alias, 1 drivers
v000002389282f3d0_0 .net "load_weight", 0 0, L_00000238929b3af0;  alias, 1 drivers
v000002389282f650_0 .var "out_act", 7 0;
v00000238928300f0_0 .var "out_psum", 31 0;
v0000023892830190_0 .var/s "reg_weight", 7 0;
v00000238928302d0_0 .net "rst_n", 0 0, L_00000238926d5550;  alias, 1 drivers
S_0000023892833100 .scope generate, "COL_LOOP[11]" "COL_LOOP[11]" 9 55, 9 55 0, S_0000023892832160;
 .timescale -9 -12;
P_00000238926f10d0 .param/l "c" 0 9 55, +C4<01011>;
v0000023892831450_0 .net "pe_in_act", 7 0, L_00000238926abf50;  1 drivers
v0000023892831810_0 .net "pe_in_psum", 31 0, L_00000238926ac2d0;  1 drivers
v0000023892830eb0_0 .net "pe_in_weight", 7 0, L_00000238929b4c70;  1 drivers
v00000238928313b0_0 .net "pe_load_en", 0 0, L_00000238929b39b0;  1 drivers
S_00000238928372a0 .scope generate, "genblk1" "genblk1" 9 61, 9 61 0, S_0000023892833100;
 .timescale -9 -12;
L_00000238926abf50 .functor BUFZ 8, v000002389282f650_0, C4<00000000>, C4<00000000>, C4<00000000>;
S_0000023892833290 .scope generate, "genblk2" "genblk2" 9 72, 9 72 0, S_0000023892833100;
 .timescale -9 -12;
L_00000238926ac2d0 .functor BUFZ 32, v00000238928278b0_0, C4<00000000000000000000000000000000>, C4<00000000000000000000000000000000>, C4<00000000000000000000000000000000>;
S_0000023892837430 .scope module, "pe_inst" "pe" 9 91, 10 12 0, S_0000023892833100;
 .timescale 0 0;
    .port_info 0 /INPUT 1 "clk";
    .port_info 1 /INPUT 1 "rst_n";
    .port_info 2 /INPUT 1 "en_compute";
    .port_info 3 /INPUT 1 "load_weight";
    .port_info 4 /INPUT 8 "in_act";
    .port_info 5 /INPUT 8 "in_weight";
    .port_info 6 /INPUT 32 "in_psum";
    .port_info 7 /OUTPUT 8 "out_act";
    .port_info 8 /OUTPUT 32 "out_psum";
v0000023892830af0_0 .net "clk", 0 0, v00000238928c9830_0;  alias, 1 drivers
v0000023892830b90_0 .net "en_compute", 0 0, L_000002389294c268;  alias, 1 drivers
v0000023892830d70_0 .net "in_act", 7 0, L_00000238926abf50;  alias, 1 drivers
v0000023892830e10_0 .net "in_psum", 31 0, L_00000238926ac2d0;  alias, 1 drivers
v0000023892830f50_0 .net "in_weight", 7 0, L_00000238929b4c70;  alias, 1 drivers
v00000238928309b0_0 .net "load_weight", 0 0, L_00000238929b39b0;  alias, 1 drivers
v0000023892830a50_0 .var "out_act", 7 0;
v0000023892830c30_0 .var "out_psum", 31 0;
v0000023892830cd0_0 .var/s "reg_weight", 7 0;
v0000023892831310_0 .net "rst_n", 0 0, L_00000238926d5550;  alias, 1 drivers
S_0000023892833420 .scope generate, "COL_LOOP[12]" "COL_LOOP[12]" 9 55, 9 55 0, S_0000023892832160;
 .timescale -9 -12;
P_00000238926f0750 .param/l "c" 0 9 55, +C4<01100>;
v0000023892823850_0 .net "pe_in_act", 7 0, L_00000238926ae100;  1 drivers
v0000023892823cb0_0 .net "pe_in_psum", 31 0, L_00000238926ae560;  1 drivers
v0000023892823d50_0 .net "pe_in_weight", 7 0, L_00000238929b48b0;  1 drivers
v0000023892823c10_0 .net "pe_load_en", 0 0, L_00000238929b41d0;  1 drivers
S_00000238928378e0 .scope generate, "genblk1" "genblk1" 9 61, 9 61 0, S_0000023892833420;
 .timescale -9 -12;
L_00000238926ae100 .functor BUFZ 8, v0000023892830a50_0, C4<00000000>, C4<00000000>, C4<00000000>;
S_00000238928375c0 .scope generate, "genblk2" "genblk2" 9 72, 9 72 0, S_0000023892833420;
 .timescale -9 -12;
L_00000238926ae560 .functor BUFZ 32, v00000238928273b0_0, C4<00000000000000000000000000000000>, C4<00000000000000000000000000000000>, C4<00000000000000000000000000000000>;
S_0000023892837750 .scope module, "pe_inst" "pe" 9 91, 10 12 0, S_0000023892833420;
 .timescale 0 0;
    .port_info 0 /INPUT 1 "clk";
    .port_info 1 /INPUT 1 "rst_n";
    .port_info 2 /INPUT 1 "en_compute";
    .port_info 3 /INPUT 1 "load_weight";
    .port_info 4 /INPUT 8 "in_act";
    .port_info 5 /INPUT 8 "in_weight";
    .port_info 6 /INPUT 32 "in_psum";
    .port_info 7 /OUTPUT 8 "out_act";
    .port_info 8 /OUTPUT 32 "out_psum";
v0000023892831770_0 .net "clk", 0 0, v00000238928c9830_0;  alias, 1 drivers
v0000023892830ff0_0 .net "en_compute", 0 0, L_000002389294c268;  alias, 1 drivers
v0000023892831090_0 .net "in_act", 7 0, L_00000238926ae100;  alias, 1 drivers
v0000023892831130_0 .net "in_psum", 31 0, L_00000238926ae560;  alias, 1 drivers
v00000238928311d0_0 .net "in_weight", 7 0, L_00000238929b48b0;  alias, 1 drivers
v0000023892831270_0 .net "load_weight", 0 0, L_00000238929b41d0;  alias, 1 drivers
v00000238928314f0_0 .var "out_act", 7 0;
v0000023892823030_0 .var "out_psum", 31 0;
v0000023892822a90_0 .var/s "reg_weight", 7 0;
v0000023892823e90_0 .net "rst_n", 0 0, L_00000238926d5550;  alias, 1 drivers
S_0000023892837a70 .scope generate, "COL_LOOP[13]" "COL_LOOP[13]" 9 55, 9 55 0, S_0000023892832160;
 .timescale -9 -12;
P_00000238926f0350 .param/l "c" 0 9 55, +C4<01101>;
v0000023892823990_0 .net "pe_in_act", 7 0, L_00000238926acce0;  1 drivers
v0000023892824110_0 .net "pe_in_psum", 31 0, L_00000238926ae250;  1 drivers
v0000023892822130_0 .net "pe_in_weight", 7 0, L_00000238929b3230;  1 drivers
v0000023892822d10_0 .net "pe_load_en", 0 0, L_00000238929b32d0;  1 drivers
S_0000023892837c00 .scope generate, "genblk1" "genblk1" 9 61, 9 61 0, S_0000023892837a70;
 .timescale -9 -12;
L_00000238926acce0 .functor BUFZ 8, v00000238928314f0_0, C4<00000000>, C4<00000000>, C4<00000000>;
S_0000023892838d30 .scope generate, "genblk2" "genblk2" 9 72, 9 72 0, S_0000023892837a70;
 .timescale -9 -12;
L_00000238926ae250 .functor BUFZ 32, v0000023892827ef0_0, C4<00000000000000000000000000000000>, C4<00000000000000000000000000000000>, C4<00000000000000000000000000000000>;
S_00000238928386f0 .scope module, "pe_inst" "pe" 9 91, 10 12 0, S_0000023892837a70;
 .timescale 0 0;
    .port_info 0 /INPUT 1 "clk";
    .port_info 1 /INPUT 1 "rst_n";
    .port_info 2 /INPUT 1 "en_compute";
    .port_info 3 /INPUT 1 "load_weight";
    .port_info 4 /INPUT 8 "in_act";
    .port_info 5 /INPUT 8 "in_weight";
    .port_info 6 /INPUT 32 "in_psum";
    .port_info 7 /OUTPUT 8 "out_act";
    .port_info 8 /OUTPUT 32 "out_psum";
v0000023892822950_0 .net "clk", 0 0, v00000238928c9830_0;  alias, 1 drivers
v0000023892821ff0_0 .net "en_compute", 0 0, L_000002389294c268;  alias, 1 drivers
v00000238928238f0_0 .net "in_act", 7 0, L_00000238926acce0;  alias, 1 drivers
v0000023892822c70_0 .net "in_psum", 31 0, L_00000238926ae250;  alias, 1 drivers
v0000023892824070_0 .net "in_weight", 7 0, L_00000238929b3230;  alias, 1 drivers
v00000238928233f0_0 .net "load_weight", 0 0, L_00000238929b32d0;  alias, 1 drivers
v0000023892821c30_0 .var "out_act", 7 0;
v0000023892821af0_0 .var "out_psum", 31 0;
v0000023892823210_0 .var/s "reg_weight", 7 0;
v0000023892821cd0_0 .net "rst_n", 0 0, L_00000238926d5550;  alias, 1 drivers
S_0000023892838ec0 .scope generate, "COL_LOOP[14]" "COL_LOOP[14]" 9 55, 9 55 0, S_0000023892832160;
 .timescale -9 -12;
P_00000238926f0650 .param/l "c" 0 9 55, +C4<01110>;
v0000023892822b30_0 .net "pe_in_act", 7 0, L_00000238926ad300;  1 drivers
v0000023892823ad0_0 .net "pe_in_psum", 31 0, L_00000238926ae410;  1 drivers
v0000023892822270_0 .net "pe_in_weight", 7 0, L_00000238929b49f0;  1 drivers
v00000238928229f0_0 .net "pe_load_en", 0 0, L_00000238929b5350;  1 drivers
S_0000023892839050 .scope generate, "genblk1" "genblk1" 9 61, 9 61 0, S_0000023892838ec0;
 .timescale -9 -12;
L_00000238926ad300 .functor BUFZ 8, v0000023892821c30_0, C4<00000000>, C4<00000000>, C4<00000000>;
S_00000238928383d0 .scope generate, "genblk2" "genblk2" 9 72, 9 72 0, S_0000023892838ec0;
 .timescale -9 -12;
L_00000238926ae410 .functor BUFZ 32, v0000023892829430_0, C4<00000000000000000000000000000000>, C4<00000000000000000000000000000000>, C4<00000000000000000000000000000000>;
S_0000023892838880 .scope module, "pe_inst" "pe" 9 91, 10 12 0, S_0000023892838ec0;
 .timescale 0 0;
    .port_info 0 /INPUT 1 "clk";
    .port_info 1 /INPUT 1 "rst_n";
    .port_info 2 /INPUT 1 "en_compute";
    .port_info 3 /INPUT 1 "load_weight";
    .port_info 4 /INPUT 8 "in_act";
    .port_info 5 /INPUT 8 "in_weight";
    .port_info 6 /INPUT 32 "in_psum";
    .port_info 7 /OUTPUT 8 "out_act";
    .port_info 8 /OUTPUT 32 "out_psum";
v00000238928224f0_0 .net "clk", 0 0, v00000238928c9830_0;  alias, 1 drivers
v0000023892822770_0 .net "en_compute", 0 0, L_000002389294c268;  alias, 1 drivers
v00000238928230d0_0 .net "in_act", 7 0, L_00000238926ad300;  alias, 1 drivers
v00000238928232b0_0 .net "in_psum", 31 0, L_00000238926ae410;  alias, 1 drivers
v0000023892823a30_0 .net "in_weight", 7 0, L_00000238929b49f0;  alias, 1 drivers
v00000238928219b0_0 .net "load_weight", 0 0, L_00000238929b5350;  alias, 1 drivers
v0000023892823df0_0 .var "out_act", 7 0;
v0000023892821f50_0 .var "out_psum", 31 0;
v0000023892822090_0 .var/s "reg_weight", 7 0;
v0000023892823f30_0 .net "rst_n", 0 0, L_00000238926d5550;  alias, 1 drivers
S_00000238928391e0 .scope generate, "COL_LOOP[15]" "COL_LOOP[15]" 9 55, 9 55 0, S_0000023892832160;
 .timescale -9 -12;
P_00000238926f0a90 .param/l "c" 0 9 55, +C4<01111>;
v0000023892823670_0 .net "pe_in_act", 7 0, L_00000238926adca0;  1 drivers
v0000023892821e10_0 .net "pe_in_psum", 31 0, L_00000238926ad450;  1 drivers
v00000238928223b0_0 .net "pe_in_weight", 7 0, L_00000238929b3410;  1 drivers
v00000238928226d0_0 .net "pe_load_en", 0 0, L_00000238929b4d10;  1 drivers
S_00000238928380b0 .scope generate, "genblk1" "genblk1" 9 61, 9 61 0, S_00000238928391e0;
 .timescale -9 -12;
L_00000238926adca0 .functor BUFZ 8, v0000023892823df0_0, C4<00000000>, C4<00000000>, C4<00000000>;
S_0000023892838560 .scope generate, "genblk2" "genblk2" 9 72, 9 72 0, S_00000238928391e0;
 .timescale -9 -12;
L_00000238926ad450 .functor BUFZ 32, v000002389282b050_0, C4<00000000000000000000000000000000>, C4<00000000000000000000000000000000>, C4<00000000000000000000000000000000>;
S_0000023892838a10 .scope module, "pe_inst" "pe" 9 91, 10 12 0, S_00000238928391e0;
 .timescale 0 0;
    .port_info 0 /INPUT 1 "clk";
    .port_info 1 /INPUT 1 "rst_n";
    .port_info 2 /INPUT 1 "en_compute";
    .port_info 3 /INPUT 1 "load_weight";
    .port_info 4 /INPUT 8 "in_act";
    .port_info 5 /INPUT 8 "in_weight";
    .port_info 6 /INPUT 32 "in_psum";
    .port_info 7 /OUTPUT 8 "out_act";
    .port_info 8 /OUTPUT 32 "out_psum";
v0000023892822590_0 .net "clk", 0 0, v00000238928c9830_0;  alias, 1 drivers
v0000023892822bd0_0 .net "en_compute", 0 0, L_000002389294c268;  alias, 1 drivers
v0000023892823b70_0 .net "in_act", 7 0, L_00000238926adca0;  alias, 1 drivers
v0000023892823fd0_0 .net "in_psum", 31 0, L_00000238926ad450;  alias, 1 drivers
v0000023892821a50_0 .net "in_weight", 7 0, L_00000238929b3410;  alias, 1 drivers
v0000023892823170_0 .net "load_weight", 0 0, L_00000238929b4d10;  alias, 1 drivers
v0000023892822310_0 .var "out_act", 7 0;
v0000023892821b90_0 .var "out_psum", 31 0;
v0000023892822630_0 .var/s "reg_weight", 7 0;
v0000023892821d70_0 .net "rst_n", 0 0, L_00000238926d5550;  alias, 1 drivers
S_0000023892839370 .scope generate, "ROW_LOOP[6]" "ROW_LOOP[6]" 9 54, 9 54 0, S_00000238927e0370;
 .timescale -9 -12;
P_00000238926f0690 .param/l "r" 0 9 54, +C4<0110>;
S_0000023892839500 .scope generate, "COL_LOOP[0]" "COL_LOOP[0]" 9 55, 9 55 0, S_0000023892839370;
 .timescale -9 -12;
P_00000238926f0ed0 .param/l "c" 0 9 55, +C4<00>;
v00000238928237b0_0 .net "pe_in_act", 7 0, L_00000238929b5530;  1 drivers
v00000238928246b0_0 .net "pe_in_psum", 31 0, L_00000238926acdc0;  1 drivers
v00000238928242f0_0 .net "pe_in_weight", 7 0, L_00000238929b4db0;  1 drivers
v0000023892825f10_0 .net "pe_load_en", 0 0, L_00000238929b37d0;  1 drivers
S_0000023892839690 .scope generate, "genblk1" "genblk1" 9 61, 9 61 0, S_0000023892839500;
 .timescale -9 -12;
S_0000023892837d90 .scope generate, "genblk2" "genblk2" 9 72, 9 72 0, S_0000023892839500;
 .timescale -9 -12;
L_00000238926acdc0 .functor BUFZ 32, v000002389282a970_0, C4<00000000000000000000000000000000>, C4<00000000000000000000000000000000>, C4<00000000000000000000000000000000>;
S_0000023892838ba0 .scope module, "pe_inst" "pe" 9 91, 10 12 0, S_0000023892839500;
 .timescale 0 0;
    .port_info 0 /INPUT 1 "clk";
    .port_info 1 /INPUT 1 "rst_n";
    .port_info 2 /INPUT 1 "en_compute";
    .port_info 3 /INPUT 1 "load_weight";
    .port_info 4 /INPUT 8 "in_act";
    .port_info 5 /INPUT 8 "in_weight";
    .port_info 6 /INPUT 32 "in_psum";
    .port_info 7 /OUTPUT 8 "out_act";
    .port_info 8 /OUTPUT 32 "out_psum";
v0000023892823710_0 .net "clk", 0 0, v00000238928c9830_0;  alias, 1 drivers
v00000238928228b0_0 .net "en_compute", 0 0, L_000002389294c268;  alias, 1 drivers
v0000023892822db0_0 .net "in_act", 7 0, L_00000238929b5530;  alias, 1 drivers
v0000023892822e50_0 .net "in_psum", 31 0, L_00000238926acdc0;  alias, 1 drivers
v0000023892822ef0_0 .net "in_weight", 7 0, L_00000238929b4db0;  alias, 1 drivers
v0000023892822f90_0 .net "load_weight", 0 0, L_00000238929b37d0;  alias, 1 drivers
v0000023892823350_0 .var "out_act", 7 0;
v0000023892823490_0 .var "out_psum", 31 0;
v0000023892823530_0 .var/s "reg_weight", 7 0;
v00000238928235d0_0 .net "rst_n", 0 0, L_00000238926d5550;  alias, 1 drivers
S_0000023892837f20 .scope generate, "COL_LOOP[1]" "COL_LOOP[1]" 9 55, 9 55 0, S_0000023892839370;
 .timescale -9 -12;
P_00000238926f0950 .param/l "c" 0 9 55, +C4<01>;
v0000023892825650_0 .net "pe_in_act", 7 0, L_00000238926ad4c0;  1 drivers
v0000023892824890_0 .net "pe_in_psum", 31 0, L_00000238926ae2c0;  1 drivers
v0000023892824610_0 .net "pe_in_weight", 7 0, L_00000238929b5850;  1 drivers
v0000023892825ab0_0 .net "pe_load_en", 0 0, L_00000238929b44f0;  1 drivers
S_0000023892838240 .scope generate, "genblk1" "genblk1" 9 61, 9 61 0, S_0000023892837f20;
 .timescale -9 -12;
L_00000238926ad4c0 .functor BUFZ 8, v0000023892823350_0, C4<00000000>, C4<00000000>, C4<00000000>;
S_0000023892840d40 .scope generate, "genblk2" "genblk2" 9 72, 9 72 0, S_0000023892837f20;
 .timescale -9 -12;
L_00000238926ae2c0 .functor BUFZ 32, v000002389282abf0_0, C4<00000000000000000000000000000000>, C4<00000000000000000000000000000000>, C4<00000000000000000000000000000000>;
S_0000023892840bb0 .scope module, "pe_inst" "pe" 9 91, 10 12 0, S_0000023892837f20;
 .timescale 0 0;
    .port_info 0 /INPUT 1 "clk";
    .port_info 1 /INPUT 1 "rst_n";
    .port_info 2 /INPUT 1 "en_compute";
    .port_info 3 /INPUT 1 "load_weight";
    .port_info 4 /INPUT 8 "in_act";
    .port_info 5 /INPUT 8 "in_weight";
    .port_info 6 /INPUT 32 "in_psum";
    .port_info 7 /OUTPUT 8 "out_act";
    .port_info 8 /OUTPUT 32 "out_psum";
v00000238928247f0_0 .net "clk", 0 0, v00000238928c9830_0;  alias, 1 drivers
v0000023892825010_0 .net "en_compute", 0 0, L_000002389294c268;  alias, 1 drivers
v00000238928256f0_0 .net "in_act", 7 0, L_00000238926ad4c0;  alias, 1 drivers
v0000023892826230_0 .net "in_psum", 31 0, L_00000238926ae2c0;  alias, 1 drivers
v00000238928258d0_0 .net "in_weight", 7 0, L_00000238929b5850;  alias, 1 drivers
v0000023892825a10_0 .net "load_weight", 0 0, L_00000238929b44f0;  alias, 1 drivers
v00000238928264b0_0 .var "out_act", 7 0;
v0000023892826550_0 .var "out_psum", 31 0;
v0000023892824570_0 .var/s "reg_weight", 7 0;
v0000023892824750_0 .net "rst_n", 0 0, L_00000238926d5550;  alias, 1 drivers
S_00000238928416a0 .scope generate, "COL_LOOP[2]" "COL_LOOP[2]" 9 55, 9 55 0, S_0000023892839370;
 .timescale -9 -12;
P_00000238926f0290 .param/l "c" 0 9 55, +C4<010>;
v0000023892826730_0 .net "pe_in_act", 7 0, L_00000238926ad5a0;  1 drivers
v0000023892825790_0 .net "pe_in_psum", 31 0, L_00000238926ad6f0;  1 drivers
v0000023892824bb0_0 .net "pe_in_weight", 7 0, L_00000238929b34b0;  1 drivers
v0000023892824c50_0 .net "pe_load_en", 0 0, L_00000238929b4e50;  1 drivers
S_00000238928411f0 .scope generate, "genblk1" "genblk1" 9 61, 9 61 0, S_00000238928416a0;
 .timescale -9 -12;
L_00000238926ad5a0 .functor BUFZ 8, v00000238928264b0_0, C4<00000000>, C4<00000000>, C4<00000000>;
S_0000023892841380 .scope generate, "genblk2" "genblk2" 9 72, 9 72 0, S_00000238928416a0;
 .timescale -9 -12;
L_00000238926ad6f0 .functor BUFZ 32, v000002389282c8b0_0, C4<00000000000000000000000000000000>, C4<00000000000000000000000000000000>, C4<00000000000000000000000000000000>;
S_00000238928400c0 .scope module, "pe_inst" "pe" 9 91, 10 12 0, S_00000238928416a0;
 .timescale 0 0;
    .port_info 0 /INPUT 1 "clk";
    .port_info 1 /INPUT 1 "rst_n";
    .port_info 2 /INPUT 1 "en_compute";
    .port_info 3 /INPUT 1 "load_weight";
    .port_info 4 /INPUT 8 "in_act";
    .port_info 5 /INPUT 8 "in_weight";
    .port_info 6 /INPUT 32 "in_psum";
    .port_info 7 /OUTPUT 8 "out_act";
    .port_info 8 /OUTPUT 32 "out_psum";
v0000023892824cf0_0 .net "clk", 0 0, v00000238928c9830_0;  alias, 1 drivers
v0000023892826690_0 .net "en_compute", 0 0, L_000002389294c268;  alias, 1 drivers
v0000023892825970_0 .net "in_act", 7 0, L_00000238926ad5a0;  alias, 1 drivers
v0000023892825150_0 .net "in_psum", 31 0, L_00000238926ad6f0;  alias, 1 drivers
v0000023892824d90_0 .net "in_weight", 7 0, L_00000238929b34b0;  alias, 1 drivers
v00000238928249d0_0 .net "load_weight", 0 0, L_00000238929b4e50;  alias, 1 drivers
v0000023892826190_0 .var "out_act", 7 0;
v0000023892825510_0 .var "out_psum", 31 0;
v0000023892824a70_0 .var/s "reg_weight", 7 0;
v0000023892824e30_0 .net "rst_n", 0 0, L_00000238926d5550;  alias, 1 drivers
S_0000023892841510 .scope generate, "COL_LOOP[3]" "COL_LOOP[3]" 9 55, 9 55 0, S_0000023892839370;
 .timescale -9 -12;
P_00000238926f0450 .param/l "c" 0 9 55, +C4<011>;
v00000238928262d0_0 .net "pe_in_act", 7 0, L_00000238926ade60;  1 drivers
v0000023892825b50_0 .net "pe_in_psum", 31 0, L_00000238926ada70;  1 drivers
v00000238928255b0_0 .net "pe_in_weight", 7 0, L_00000238929b3eb0;  1 drivers
v0000023892825290_0 .net "pe_load_en", 0 0, L_00000238929b3ff0;  1 drivers
S_000002389283fda0 .scope generate, "genblk1" "genblk1" 9 61, 9 61 0, S_0000023892841510;
 .timescale -9 -12;
L_00000238926ade60 .functor BUFZ 8, v0000023892826190_0, C4<00000000>, C4<00000000>, C4<00000000>;
S_0000023892840890 .scope generate, "genblk2" "genblk2" 9 72, 9 72 0, S_0000023892841510;
 .timescale -9 -12;
L_00000238926ada70 .functor BUFZ 32, v000002389282c090_0, C4<00000000000000000000000000000000>, C4<00000000000000000000000000000000>, C4<00000000000000000000000000000000>;
S_000002389283ff30 .scope module, "pe_inst" "pe" 9 91, 10 12 0, S_0000023892841510;
 .timescale 0 0;
    .port_info 0 /INPUT 1 "clk";
    .port_info 1 /INPUT 1 "rst_n";
    .port_info 2 /INPUT 1 "en_compute";
    .port_info 3 /INPUT 1 "load_weight";
    .port_info 4 /INPUT 8 "in_act";
    .port_info 5 /INPUT 8 "in_weight";
    .port_info 6 /INPUT 32 "in_psum";
    .port_info 7 /OUTPUT 8 "out_act";
    .port_info 8 /OUTPUT 32 "out_psum";
v0000023892826910_0 .net "clk", 0 0, v00000238928c9830_0;  alias, 1 drivers
v0000023892825fb0_0 .net "en_compute", 0 0, L_000002389294c268;  alias, 1 drivers
v00000238928265f0_0 .net "in_act", 7 0, L_00000238926ade60;  alias, 1 drivers
v0000023892824ed0_0 .net "in_psum", 31 0, L_00000238926ada70;  alias, 1 drivers
v00000238928250b0_0 .net "in_weight", 7 0, L_00000238929b3eb0;  alias, 1 drivers
v0000023892825e70_0 .net "load_weight", 0 0, L_00000238929b3ff0;  alias, 1 drivers
v0000023892824f70_0 .var "out_act", 7 0;
v00000238928251f0_0 .var "out_psum", 31 0;
v00000238928267d0_0 .var/s "reg_weight", 7 0;
v0000023892826870_0 .net "rst_n", 0 0, L_00000238926d5550;  alias, 1 drivers
S_0000023892840250 .scope generate, "COL_LOOP[4]" "COL_LOOP[4]" 9 55, 9 55 0, S_0000023892839370;
 .timescale -9 -12;
P_00000238926f06d0 .param/l "c" 0 9 55, +C4<0100>;
v0000023892825d30_0 .net "pe_in_act", 7 0, L_00000238926ae6b0;  1 drivers
v0000023892825dd0_0 .net "pe_in_psum", 31 0, L_00000238926adae0;  1 drivers
v0000023892826050_0 .net "pe_in_weight", 7 0, L_00000238929b4270;  1 drivers
v0000023892826370_0 .net "pe_load_en", 0 0, L_00000238929b4ef0;  1 drivers
S_00000238928403e0 .scope generate, "genblk1" "genblk1" 9 61, 9 61 0, S_0000023892840250;
 .timescale -9 -12;
L_00000238926ae6b0 .functor BUFZ 8, v0000023892824f70_0, C4<00000000>, C4<00000000>, C4<00000000>;
S_0000023892840570 .scope generate, "genblk2" "genblk2" 9 72, 9 72 0, S_0000023892840250;
 .timescale -9 -12;
L_00000238926adae0 .functor BUFZ 32, v000002389282c770_0, C4<00000000000000000000000000000000>, C4<00000000000000000000000000000000>, C4<00000000000000000000000000000000>;
S_0000023892840ed0 .scope module, "pe_inst" "pe" 9 91, 10 12 0, S_0000023892840250;
 .timescale 0 0;
    .port_info 0 /INPUT 1 "clk";
    .port_info 1 /INPUT 1 "rst_n";
    .port_info 2 /INPUT 1 "en_compute";
    .port_info 3 /INPUT 1 "load_weight";
    .port_info 4 /INPUT 8 "in_act";
    .port_info 5 /INPUT 8 "in_weight";
    .port_info 6 /INPUT 32 "in_psum";
    .port_info 7 /OUTPUT 8 "out_act";
    .port_info 8 /OUTPUT 32 "out_psum";
v00000238928241b0_0 .net "clk", 0 0, v00000238928c9830_0;  alias, 1 drivers
v0000023892824250_0 .net "en_compute", 0 0, L_000002389294c268;  alias, 1 drivers
v0000023892825330_0 .net "in_act", 7 0, L_00000238926ae6b0;  alias, 1 drivers
v0000023892824390_0 .net "in_psum", 31 0, L_00000238926adae0;  alias, 1 drivers
v00000238928253d0_0 .net "in_weight", 7 0, L_00000238929b4270;  alias, 1 drivers
v0000023892825470_0 .net "load_weight", 0 0, L_00000238929b4ef0;  alias, 1 drivers
v0000023892825830_0 .var "out_act", 7 0;
v0000023892825c90_0 .var "out_psum", 31 0;
v0000023892824430_0 .var/s "reg_weight", 7 0;
v00000238928244d0_0 .net "rst_n", 0 0, L_00000238926d5550;  alias, 1 drivers
S_0000023892840a20 .scope generate, "COL_LOOP[5]" "COL_LOOP[5]" 9 55, 9 55 0, S_0000023892839370;
 .timescale -9 -12;
P_00000238926f0490 .param/l "c" 0 9 55, +C4<0101>;
v0000023892865ed0_0 .net "pe_in_act", 7 0, L_00000238926acea0;  1 drivers
v0000023892866790_0 .net "pe_in_psum", 31 0, L_00000238926aded0;  1 drivers
v0000023892867870_0 .net "pe_in_weight", 7 0, L_00000238929b3870;  1 drivers
v00000238928666f0_0 .net "pe_load_en", 0 0, L_00000238929b4f90;  1 drivers
S_0000023892841060 .scope generate, "genblk1" "genblk1" 9 61, 9 61 0, S_0000023892840a20;
 .timescale -9 -12;
L_00000238926acea0 .functor BUFZ 8, v0000023892825830_0, C4<00000000>, C4<00000000>, C4<00000000>;
S_0000023892840700 .scope generate, "genblk2" "genblk2" 9 72, 9 72 0, S_0000023892840a20;
 .timescale -9 -12;
L_00000238926aded0 .functor BUFZ 32, v000002389282cbd0_0, C4<00000000000000000000000000000000>, C4<00000000000000000000000000000000>, C4<00000000000000000000000000000000>;
S_000002389283ac60 .scope module, "pe_inst" "pe" 9 91, 10 12 0, S_0000023892840a20;
 .timescale 0 0;
    .port_info 0 /INPUT 1 "clk";
    .port_info 1 /INPUT 1 "rst_n";
    .port_info 2 /INPUT 1 "en_compute";
    .port_info 3 /INPUT 1 "load_weight";
    .port_info 4 /INPUT 8 "in_act";
    .port_info 5 /INPUT 8 "in_weight";
    .port_info 6 /INPUT 32 "in_psum";
    .port_info 7 /OUTPUT 8 "out_act";
    .port_info 8 /OUTPUT 32 "out_psum";
v00000238928668d0_0 .net "clk", 0 0, v00000238928c9830_0;  alias, 1 drivers
v00000238928663d0_0 .net "en_compute", 0 0, L_000002389294c268;  alias, 1 drivers
v0000023892866ab0_0 .net "in_act", 7 0, L_00000238926acea0;  alias, 1 drivers
v0000023892866bf0_0 .net "in_psum", 31 0, L_00000238926aded0;  alias, 1 drivers
v0000023892865e30_0 .net "in_weight", 7 0, L_00000238929b3870;  alias, 1 drivers
v0000023892866510_0 .net "load_weight", 0 0, L_00000238929b4f90;  alias, 1 drivers
v0000023892866330_0 .var "out_act", 7 0;
v0000023892867190_0 .var "out_psum", 31 0;
v00000238928665b0_0 .var/s "reg_weight", 7 0;
v00000238928679b0_0 .net "rst_n", 0 0, L_00000238926d5550;  alias, 1 drivers
S_000002389283b430 .scope generate, "COL_LOOP[6]" "COL_LOOP[6]" 9 55, 9 55 0, S_0000023892839370;
 .timescale -9 -12;
P_00000238926f07d0 .param/l "c" 0 9 55, +C4<0110>;
v00000238928674b0_0 .net "pe_in_act", 7 0, L_00000238926adbc0;  1 drivers
v0000023892866010_0 .net "pe_in_psum", 31 0, L_00000238926ae3a0;  1 drivers
v00000238928660b0_0 .net "pe_in_weight", 7 0, L_00000238929b5030;  1 drivers
v0000023892866c90_0 .net "pe_load_en", 0 0, L_00000238929b4130;  1 drivers
S_000002389283a940 .scope generate, "genblk1" "genblk1" 9 61, 9 61 0, S_000002389283b430;
 .timescale -9 -12;
L_00000238926adbc0 .functor BUFZ 8, v0000023892866330_0, C4<00000000>, C4<00000000>, C4<00000000>;
S_000002389283d370 .scope generate, "genblk2" "genblk2" 9 72, 9 72 0, S_000002389283b430;
 .timescale -9 -12;
L_00000238926ae3a0 .functor BUFZ 32, v000002389282db70_0, C4<00000000000000000000000000000000>, C4<00000000000000000000000000000000>, C4<00000000000000000000000000000000>;
S_000002389283bf20 .scope module, "pe_inst" "pe" 9 91, 10 12 0, S_000002389283b430;
 .timescale 0 0;
    .port_info 0 /INPUT 1 "clk";
    .port_info 1 /INPUT 1 "rst_n";
    .port_info 2 /INPUT 1 "en_compute";
    .port_info 3 /INPUT 1 "load_weight";
    .port_info 4 /INPUT 8 "in_act";
    .port_info 5 /INPUT 8 "in_weight";
    .port_info 6 /INPUT 32 "in_psum";
    .port_info 7 /OUTPUT 8 "out_act";
    .port_info 8 /OUTPUT 32 "out_psum";
v0000023892867eb0_0 .net "clk", 0 0, v00000238928c9830_0;  alias, 1 drivers
v0000023892865d90_0 .net "en_compute", 0 0, L_000002389294c268;  alias, 1 drivers
v0000023892867550_0 .net "in_act", 7 0, L_00000238926adbc0;  alias, 1 drivers
v0000023892867730_0 .net "in_psum", 31 0, L_00000238926ae3a0;  alias, 1 drivers
v0000023892865f70_0 .net "in_weight", 7 0, L_00000238929b5030;  alias, 1 drivers
v0000023892866e70_0 .net "load_weight", 0 0, L_00000238929b4130;  alias, 1 drivers
v0000023892866970_0 .var "out_act", 7 0;
v0000023892866b50_0 .var "out_psum", 31 0;
v0000023892867370_0 .var/s "reg_weight", 7 0;
v0000023892867ff0_0 .net "rst_n", 0 0, L_00000238926d5550;  alias, 1 drivers
S_000002389283d050 .scope generate, "COL_LOOP[7]" "COL_LOOP[7]" 9 55, 9 55 0, S_0000023892839370;
 .timescale -9 -12;
P_00000238926f0c50 .param/l "c" 0 9 55, +C4<0111>;
v0000023892867a50_0 .net "pe_in_act", 7 0, L_00000238926ae480;  1 drivers
v00000238928661f0_0 .net "pe_in_psum", 31 0, L_00000238926ae800;  1 drivers
v0000023892865a70_0 .net "pe_in_weight", 7 0, L_00000238929b5210;  1 drivers
v0000023892866a10_0 .net "pe_load_en", 0 0, L_00000238929b3910;  1 drivers
S_000002389283a490 .scope generate, "genblk1" "genblk1" 9 61, 9 61 0, S_000002389283d050;
 .timescale -9 -12;
L_00000238926ae480 .functor BUFZ 8, v0000023892866970_0, C4<00000000>, C4<00000000>, C4<00000000>;
S_000002389283a300 .scope generate, "genblk2" "genblk2" 9 72, 9 72 0, S_000002389283d050;
 .timescale -9 -12;
L_00000238926ae800 .functor BUFZ 32, v000002389282fab0_0, C4<00000000000000000000000000000000>, C4<00000000000000000000000000000000>, C4<00000000000000000000000000000000>;
S_000002389283d9b0 .scope module, "pe_inst" "pe" 9 91, 10 12 0, S_000002389283d050;
 .timescale 0 0;
    .port_info 0 /INPUT 1 "clk";
    .port_info 1 /INPUT 1 "rst_n";
    .port_info 2 /INPUT 1 "en_compute";
    .port_info 3 /INPUT 1 "load_weight";
    .port_info 4 /INPUT 8 "in_act";
    .port_info 5 /INPUT 8 "in_weight";
    .port_info 6 /INPUT 32 "in_psum";
    .port_info 7 /OUTPUT 8 "out_act";
    .port_info 8 /OUTPUT 32 "out_psum";
v0000023892866150_0 .net "clk", 0 0, v00000238928c9830_0;  alias, 1 drivers
v00000238928675f0_0 .net "en_compute", 0 0, L_000002389294c268;  alias, 1 drivers
v00000238928677d0_0 .net "in_act", 7 0, L_00000238926ae480;  alias, 1 drivers
v0000023892867910_0 .net "in_psum", 31 0, L_00000238926ae800;  alias, 1 drivers
v0000023892867690_0 .net "in_weight", 7 0, L_00000238929b5210;  alias, 1 drivers
v0000023892866470_0 .net "load_weight", 0 0, L_00000238929b3910;  alias, 1 drivers
v00000238928659d0_0 .var "out_act", 7 0;
v0000023892866830_0 .var "out_psum", 31 0;
v0000023892867b90_0 .var/s "reg_weight", 7 0;
v0000023892866dd0_0 .net "rst_n", 0 0, L_00000238926d5550;  alias, 1 drivers
S_000002389283a620 .scope generate, "COL_LOOP[8]" "COL_LOOP[8]" 9 55, 9 55 0, S_0000023892839370;
 .timescale -9 -12;
P_00000238926f0550 .param/l "c" 0 9 55, +C4<01000>;
v0000023892867c30_0 .net "pe_in_act", 7 0, L_00000238926acc70;  1 drivers
v0000023892867cd0_0 .net "pe_in_psum", 31 0, L_00000238926acf10;  1 drivers
v0000023892867410_0 .net "pe_in_weight", 7 0, L_00000238929b4310;  1 drivers
v0000023892867d70_0 .net "pe_load_en", 0 0, L_00000238929b3a50;  1 drivers
S_000002389283cba0 .scope generate, "genblk1" "genblk1" 9 61, 9 61 0, S_000002389283a620;
 .timescale -9 -12;
L_00000238926acc70 .functor BUFZ 8, v00000238928659d0_0, C4<00000000>, C4<00000000>, C4<00000000>;
S_0000023892839b30 .scope generate, "genblk2" "genblk2" 9 72, 9 72 0, S_000002389283a620;
 .timescale -9 -12;
L_00000238926acf10 .functor BUFZ 32, v000002389282e9d0_0, C4<00000000000000000000000000000000>, C4<00000000000000000000000000000000>, C4<00000000000000000000000000000000>;
S_000002389283a7b0 .scope module, "pe_inst" "pe" 9 91, 10 12 0, S_000002389283a620;
 .timescale 0 0;
    .port_info 0 /INPUT 1 "clk";
    .port_info 1 /INPUT 1 "rst_n";
    .port_info 2 /INPUT 1 "en_compute";
    .port_info 3 /INPUT 1 "load_weight";
    .port_info 4 /INPUT 8 "in_act";
    .port_info 5 /INPUT 8 "in_weight";
    .port_info 6 /INPUT 32 "in_psum";
    .port_info 7 /OUTPUT 8 "out_act";
    .port_info 8 /OUTPUT 32 "out_psum";
v0000023892866650_0 .net "clk", 0 0, v00000238928c9830_0;  alias, 1 drivers
v0000023892866f10_0 .net "en_compute", 0 0, L_000002389294c268;  alias, 1 drivers
v0000023892865b10_0 .net "in_act", 7 0, L_00000238926acc70;  alias, 1 drivers
v0000023892867af0_0 .net "in_psum", 31 0, L_00000238926acf10;  alias, 1 drivers
v0000023892865bb0_0 .net "in_weight", 7 0, L_00000238929b4310;  alias, 1 drivers
v0000023892866fb0_0 .net "load_weight", 0 0, L_00000238929b3a50;  alias, 1 drivers
v0000023892866290_0 .var "out_act", 7 0;
v0000023892867050_0 .var "out_psum", 31 0;
v00000238928670f0_0 .var/s "reg_weight", 7 0;
v00000238928672d0_0 .net "rst_n", 0 0, L_00000238926d5550;  alias, 1 drivers
S_000002389283d690 .scope generate, "COL_LOOP[9]" "COL_LOOP[9]" 9 55, 9 55 0, S_0000023892839370;
 .timescale -9 -12;
P_00000238926f0810 .param/l "c" 0 9 55, +C4<01001>;
v0000023892868590_0 .net "pe_in_act", 7 0, L_00000238926acff0;  1 drivers
v0000023892868630_0 .net "pe_in_psum", 31 0, L_00000238926aedb0;  1 drivers
v0000023892868d10_0 .net "pe_in_weight", 7 0, L_00000238929b4590;  1 drivers
v000002389286a250_0 .net "pe_load_en", 0 0, L_00000238929b52b0;  1 drivers
S_0000023892839cc0 .scope generate, "genblk1" "genblk1" 9 61, 9 61 0, S_000002389283d690;
 .timescale -9 -12;
L_00000238926acff0 .functor BUFZ 8, v0000023892866290_0, C4<00000000>, C4<00000000>, C4<00000000>;
S_000002389283bd90 .scope generate, "genblk2" "genblk2" 9 72, 9 72 0, S_000002389283d690;
 .timescale -9 -12;
L_00000238926aedb0 .functor BUFZ 32, v000002389282f830_0, C4<00000000000000000000000000000000>, C4<00000000000000000000000000000000>, C4<00000000000000000000000000000000>;
S_000002389283c0b0 .scope module, "pe_inst" "pe" 9 91, 10 12 0, S_000002389283d690;
 .timescale 0 0;
    .port_info 0 /INPUT 1 "clk";
    .port_info 1 /INPUT 1 "rst_n";
    .port_info 2 /INPUT 1 "en_compute";
    .port_info 3 /INPUT 1 "load_weight";
    .port_info 4 /INPUT 8 "in_act";
    .port_info 5 /INPUT 8 "in_weight";
    .port_info 6 /INPUT 32 "in_psum";
    .port_info 7 /OUTPUT 8 "out_act";
    .port_info 8 /OUTPUT 32 "out_psum";
v0000023892867f50_0 .net "clk", 0 0, v00000238928c9830_0;  alias, 1 drivers
v0000023892865890_0 .net "en_compute", 0 0, L_000002389294c268;  alias, 1 drivers
v0000023892865c50_0 .net "in_act", 7 0, L_00000238926acff0;  alias, 1 drivers
v0000023892865cf0_0 .net "in_psum", 31 0, L_00000238926aedb0;  alias, 1 drivers
v0000023892869fd0_0 .net "in_weight", 7 0, L_00000238929b4590;  alias, 1 drivers
v00000238928686d0_0 .net "load_weight", 0 0, L_00000238929b52b0;  alias, 1 drivers
v0000023892868b30_0 .var "out_act", 7 0;
v0000023892868a90_0 .var "out_psum", 31 0;
v0000023892869850_0 .var/s "reg_weight", 7 0;
v00000238928689f0_0 .net "rst_n", 0 0, L_00000238926d5550;  alias, 1 drivers
S_000002389283d500 .scope generate, "COL_LOOP[10]" "COL_LOOP[10]" 9 55, 9 55 0, S_0000023892839370;
 .timescale -9 -12;
P_00000238926f0710 .param/l "c" 0 9 55, +C4<01010>;
v00000238928695d0_0 .net "pe_in_act", 7 0, L_00000238926aee90;  1 drivers
v0000023892868950_0 .net "pe_in_psum", 31 0, L_00000238926aee20;  1 drivers
v0000023892869670_0 .net "pe_in_weight", 7 0, L_00000238929b43b0;  1 drivers
v0000023892869d50_0 .net "pe_load_en", 0 0, L_00000238929b5670;  1 drivers
S_00000238928399a0 .scope generate, "genblk1" "genblk1" 9 61, 9 61 0, S_000002389283d500;
 .timescale -9 -12;
L_00000238926aee90 .functor BUFZ 8, v0000023892868b30_0, C4<00000000>, C4<00000000>, C4<00000000>;
S_0000023892839fe0 .scope generate, "genblk2" "genblk2" 9 72, 9 72 0, S_000002389283d500;
 .timescale -9 -12;
L_00000238926aee20 .functor BUFZ 32, v00000238928300f0_0, C4<00000000000000000000000000000000>, C4<00000000000000000000000000000000>, C4<00000000000000000000000000000000>;
S_000002389283aad0 .scope module, "pe_inst" "pe" 9 91, 10 12 0, S_000002389283d500;
 .timescale 0 0;
    .port_info 0 /INPUT 1 "clk";
    .port_info 1 /INPUT 1 "rst_n";
    .port_info 2 /INPUT 1 "en_compute";
    .port_info 3 /INPUT 1 "load_weight";
    .port_info 4 /INPUT 8 "in_act";
    .port_info 5 /INPUT 8 "in_weight";
    .port_info 6 /INPUT 32 "in_psum";
    .port_info 7 /OUTPUT 8 "out_act";
    .port_info 8 /OUTPUT 32 "out_psum";
v000002389286a390_0 .net "clk", 0 0, v00000238928c9830_0;  alias, 1 drivers
v00000238928684f0_0 .net "en_compute", 0 0, L_000002389294c268;  alias, 1 drivers
v0000023892868810_0 .net "in_act", 7 0, L_00000238926aee90;  alias, 1 drivers
v000002389286a2f0_0 .net "in_psum", 31 0, L_00000238926aee20;  alias, 1 drivers
v0000023892868ef0_0 .net "in_weight", 7 0, L_00000238929b43b0;  alias, 1 drivers
v0000023892869990_0 .net "load_weight", 0 0, L_00000238929b5670;  alias, 1 drivers
v0000023892868130_0 .var "out_act", 7 0;
v0000023892868bd0_0 .var "out_psum", 31 0;
v000002389286a430_0 .var/s "reg_weight", 7 0;
v00000238928688b0_0 .net "rst_n", 0 0, L_00000238926d5550;  alias, 1 drivers
S_000002389283adf0 .scope generate, "COL_LOOP[11]" "COL_LOOP[11]" 9 55, 9 55 0, S_0000023892839370;
 .timescale -9 -12;
P_00000238926f0410 .param/l "c" 0 9 55, +C4<01011>;
v00000238928698f0_0 .net "pe_in_act", 7 0, L_00000238926ae8e0;  1 drivers
v0000023892868c70_0 .net "pe_in_psum", 31 0, L_00000238926aea30;  1 drivers
v000002389286a750_0 .net "pe_in_weight", 7 0, L_00000238929b5490;  1 drivers
v0000023892869ad0_0 .net "pe_load_en", 0 0, L_00000238929b55d0;  1 drivers
S_000002389283d1e0 .scope generate, "genblk1" "genblk1" 9 61, 9 61 0, S_000002389283adf0;
 .timescale -9 -12;
L_00000238926ae8e0 .functor BUFZ 8, v0000023892868130_0, C4<00000000>, C4<00000000>, C4<00000000>;
S_000002389283d820 .scope generate, "genblk2" "genblk2" 9 72, 9 72 0, S_000002389283adf0;
 .timescale -9 -12;
L_00000238926aea30 .functor BUFZ 32, v0000023892830c30_0, C4<00000000000000000000000000000000>, C4<00000000000000000000000000000000>, C4<00000000000000000000000000000000>;
S_000002389283dcd0 .scope module, "pe_inst" "pe" 9 91, 10 12 0, S_000002389283adf0;
 .timescale 0 0;
    .port_info 0 /INPUT 1 "clk";
    .port_info 1 /INPUT 1 "rst_n";
    .port_info 2 /INPUT 1 "en_compute";
    .port_info 3 /INPUT 1 "load_weight";
    .port_info 4 /INPUT 8 "in_act";
    .port_info 5 /INPUT 8 "in_weight";
    .port_info 6 /INPUT 32 "in_psum";
    .port_info 7 /OUTPUT 8 "out_act";
    .port_info 8 /OUTPUT 32 "out_psum";
v0000023892868f90_0 .net "clk", 0 0, v00000238928c9830_0;  alias, 1 drivers
v0000023892869710_0 .net "en_compute", 0 0, L_000002389294c268;  alias, 1 drivers
v0000023892869030_0 .net "in_act", 7 0, L_00000238926ae8e0;  alias, 1 drivers
v00000238928690d0_0 .net "in_psum", 31 0, L_00000238926aea30;  alias, 1 drivers
v00000238928697b0_0 .net "in_weight", 7 0, L_00000238929b5490;  alias, 1 drivers
v0000023892869350_0 .net "load_weight", 0 0, L_00000238929b55d0;  alias, 1 drivers
v000002389286a610_0 .var "out_act", 7 0;
v0000023892868450_0 .var "out_psum", 31 0;
v000002389286a070_0 .var/s "reg_weight", 7 0;
v0000023892869a30_0 .net "rst_n", 0 0, L_00000238926d5550;  alias, 1 drivers
S_000002389283a170 .scope generate, "COL_LOOP[12]" "COL_LOOP[12]" 9 55, 9 55 0, S_0000023892839370;
 .timescale -9 -12;
P_00000238926f0250 .param/l "c" 0 9 55, +C4<01100>;
v000002389286a110_0 .net "pe_in_act", 7 0, L_00000238926aebf0;  1 drivers
v000002389286a7f0_0 .net "pe_in_psum", 31 0, L_000002389211c410;  1 drivers
v000002389286a1b0_0 .net "pe_in_weight", 7 0, L_00000238929b5710;  1 drivers
v0000023892868090_0 .net "pe_load_en", 0 0, L_00000238929b3190;  1 drivers
S_000002389283b8e0 .scope generate, "genblk1" "genblk1" 9 61, 9 61 0, S_000002389283a170;
 .timescale -9 -12;
L_00000238926aebf0 .functor BUFZ 8, v000002389286a610_0, C4<00000000>, C4<00000000>, C4<00000000>;
S_000002389283af80 .scope generate, "genblk2" "genblk2" 9 72, 9 72 0, S_000002389283a170;
 .timescale -9 -12;
L_000002389211c410 .functor BUFZ 32, v0000023892823030_0, C4<00000000000000000000000000000000>, C4<00000000000000000000000000000000>, C4<00000000000000000000000000000000>;
S_000002389283b110 .scope module, "pe_inst" "pe" 9 91, 10 12 0, S_000002389283a170;
 .timescale 0 0;
    .port_info 0 /INPUT 1 "clk";
    .port_info 1 /INPUT 1 "rst_n";
    .port_info 2 /INPUT 1 "en_compute";
    .port_info 3 /INPUT 1 "load_weight";
    .port_info 4 /INPUT 8 "in_act";
    .port_info 5 /INPUT 8 "in_weight";
    .port_info 6 /INPUT 32 "in_psum";
    .port_info 7 /OUTPUT 8 "out_act";
    .port_info 8 /OUTPUT 32 "out_psum";
v000002389286a4d0_0 .net "clk", 0 0, v00000238928c9830_0;  alias, 1 drivers
v00000238928681d0_0 .net "en_compute", 0 0, L_000002389294c268;  alias, 1 drivers
v0000023892869c10_0 .net "in_act", 7 0, L_00000238926aebf0;  alias, 1 drivers
v0000023892868db0_0 .net "in_psum", 31 0, L_000002389211c410;  alias, 1 drivers
v0000023892868e50_0 .net "in_weight", 7 0, L_00000238929b5710;  alias, 1 drivers
v00000238928693f0_0 .net "load_weight", 0 0, L_00000238929b3190;  alias, 1 drivers
v0000023892869b70_0 .var "out_act", 7 0;
v0000023892869cb0_0 .var "out_psum", 31 0;
v0000023892869e90_0 .var/s "reg_weight", 7 0;
v0000023892869170_0 .net "rst_n", 0 0, L_00000238926d5550;  alias, 1 drivers
S_000002389283db40 .scope generate, "COL_LOOP[13]" "COL_LOOP[13]" 9 55, 9 55 0, S_0000023892839370;
 .timescale -9 -12;
P_00000238926f03d0 .param/l "c" 0 9 55, +C4<01101>;
v000002389286a890_0 .net "pe_in_act", 7 0, L_000002389211c020;  1 drivers
v000002389286c050_0 .net "pe_in_psum", 31 0, L_000002389211c5d0;  1 drivers
v000002389286c870_0 .net "pe_in_weight", 7 0, L_00000238929b64d0;  1 drivers
v000002389286bf10_0 .net "pe_load_en", 0 0, L_00000238929b6ed0;  1 drivers
S_000002389283b2a0 .scope generate, "genblk1" "genblk1" 9 61, 9 61 0, S_000002389283db40;
 .timescale -9 -12;
L_000002389211c020 .functor BUFZ 8, v0000023892869b70_0, C4<00000000>, C4<00000000>, C4<00000000>;
S_000002389283de60 .scope generate, "genblk2" "genblk2" 9 72, 9 72 0, S_000002389283db40;
 .timescale -9 -12;
L_000002389211c5d0 .functor BUFZ 32, v0000023892821af0_0, C4<00000000000000000000000000000000>, C4<00000000000000000000000000000000>, C4<00000000000000000000000000000000>;
S_000002389283b5c0 .scope module, "pe_inst" "pe" 9 91, 10 12 0, S_000002389283db40;
 .timescale 0 0;
    .port_info 0 /INPUT 1 "clk";
    .port_info 1 /INPUT 1 "rst_n";
    .port_info 2 /INPUT 1 "en_compute";
    .port_info 3 /INPUT 1 "load_weight";
    .port_info 4 /INPUT 8 "in_act";
    .port_info 5 /INPUT 8 "in_weight";
    .port_info 6 /INPUT 32 "in_psum";
    .port_info 7 /OUTPUT 8 "out_act";
    .port_info 8 /OUTPUT 32 "out_psum";
v0000023892869210_0 .net "clk", 0 0, v00000238928c9830_0;  alias, 1 drivers
v000002389286a570_0 .net "en_compute", 0 0, L_000002389294c268;  alias, 1 drivers
v00000238928692b0_0 .net "in_act", 7 0, L_000002389211c020;  alias, 1 drivers
v000002389286a6b0_0 .net "in_psum", 31 0, L_000002389211c5d0;  alias, 1 drivers
v0000023892869490_0 .net "in_weight", 7 0, L_00000238929b64d0;  alias, 1 drivers
v0000023892869530_0 .net "load_weight", 0 0, L_00000238929b6ed0;  alias, 1 drivers
v0000023892868310_0 .var "out_act", 7 0;
v00000238928683b0_0 .var "out_psum", 31 0;
v000002389286b0b0_0 .var/s "reg_weight", 7 0;
v000002389286b330_0 .net "rst_n", 0 0, L_00000238926d5550;  alias, 1 drivers
S_000002389283b750 .scope generate, "COL_LOOP[14]" "COL_LOOP[14]" 9 55, 9 55 0, S_0000023892839370;
 .timescale -9 -12;
P_00000238926f1050 .param/l "c" 0 9 55, +C4<01110>;
v000002389286b830_0 .net "pe_in_act", 7 0, L_000002389211ca30;  1 drivers
v000002389286aed0_0 .net "pe_in_psum", 31 0, L_000002389211d360;  1 drivers
v000002389286ac50_0 .net "pe_in_weight", 7 0, L_00000238929b7ab0;  1 drivers
v000002389286c730_0 .net "pe_load_en", 0 0, L_00000238929b5b70;  1 drivers
S_0000023892839e50 .scope generate, "genblk1" "genblk1" 9 61, 9 61 0, S_000002389283b750;
 .timescale -9 -12;
L_000002389211ca30 .functor BUFZ 8, v0000023892868310_0, C4<00000000>, C4<00000000>, C4<00000000>;
S_000002389283f440 .scope generate, "genblk2" "genblk2" 9 72, 9 72 0, S_000002389283b750;
 .timescale -9 -12;
L_000002389211d360 .functor BUFZ 32, v0000023892821f50_0, C4<00000000000000000000000000000000>, C4<00000000000000000000000000000000>, C4<00000000000000000000000000000000>;
S_000002389283cec0 .scope module, "pe_inst" "pe" 9 91, 10 12 0, S_000002389283b750;
 .timescale 0 0;
    .port_info 0 /INPUT 1 "clk";
    .port_info 1 /INPUT 1 "rst_n";
    .port_info 2 /INPUT 1 "en_compute";
    .port_info 3 /INPUT 1 "load_weight";
    .port_info 4 /INPUT 8 "in_act";
    .port_info 5 /INPUT 8 "in_weight";
    .port_info 6 /INPUT 32 "in_psum";
    .port_info 7 /OUTPUT 8 "out_act";
    .port_info 8 /OUTPUT 32 "out_psum";
v000002389286ae30_0 .net "clk", 0 0, v00000238928c9830_0;  alias, 1 drivers
v000002389286a9d0_0 .net "en_compute", 0 0, L_000002389294c268;  alias, 1 drivers
v000002389286abb0_0 .net "in_act", 7 0, L_000002389211ca30;  alias, 1 drivers
v000002389286c690_0 .net "in_psum", 31 0, L_000002389211d360;  alias, 1 drivers
v000002389286c910_0 .net "in_weight", 7 0, L_00000238929b7ab0;  alias, 1 drivers
v000002389286ce10_0 .net "load_weight", 0 0, L_00000238929b5b70;  alias, 1 drivers
v000002389286c9b0_0 .var "out_act", 7 0;
v000002389286b470_0 .var "out_psum", 31 0;
v000002389286b8d0_0 .var/s "reg_weight", 7 0;
v000002389286aa70_0 .net "rst_n", 0 0, L_00000238926d5550;  alias, 1 drivers
S_000002389283f2b0 .scope generate, "COL_LOOP[15]" "COL_LOOP[15]" 9 55, 9 55 0, S_0000023892839370;
 .timescale -9 -12;
P_00000238926f0850 .param/l "c" 0 9 55, +C4<01111>;
v000002389286c0f0_0 .net "pe_in_act", 7 0, L_000002389211c720;  1 drivers
v000002389286acf0_0 .net "pe_in_psum", 31 0, L_000002389211b8b0;  1 drivers
v000002389286b790_0 .net "pe_in_weight", 7 0, L_00000238929b5f30;  1 drivers
v000002389286c4b0_0 .net "pe_load_en", 0 0, L_00000238929b7790;  1 drivers
S_000002389283ee00 .scope generate, "genblk1" "genblk1" 9 61, 9 61 0, S_000002389283f2b0;
 .timescale -9 -12;
L_000002389211c720 .functor BUFZ 8, v000002389286c9b0_0, C4<00000000>, C4<00000000>, C4<00000000>;
S_000002389283cd30 .scope generate, "genblk2" "genblk2" 9 72, 9 72 0, S_000002389283f2b0;
 .timescale -9 -12;
L_000002389211b8b0 .functor BUFZ 32, v0000023892821b90_0, C4<00000000000000000000000000000000>, C4<00000000000000000000000000000000>, C4<00000000000000000000000000000000>;
S_000002389283dff0 .scope module, "pe_inst" "pe" 9 91, 10 12 0, S_000002389283f2b0;
 .timescale 0 0;
    .port_info 0 /INPUT 1 "clk";
    .port_info 1 /INPUT 1 "rst_n";
    .port_info 2 /INPUT 1 "en_compute";
    .port_info 3 /INPUT 1 "load_weight";
    .port_info 4 /INPUT 8 "in_act";
    .port_info 5 /INPUT 8 "in_weight";
    .port_info 6 /INPUT 32 "in_psum";
    .port_info 7 /OUTPUT 8 "out_act";
    .port_info 8 /OUTPUT 32 "out_psum";
v000002389286c7d0_0 .net "clk", 0 0, v00000238928c9830_0;  alias, 1 drivers
v000002389286b290_0 .net "en_compute", 0 0, L_000002389294c268;  alias, 1 drivers
v000002389286ceb0_0 .net "in_act", 7 0, L_000002389211c720;  alias, 1 drivers
v000002389286bfb0_0 .net "in_psum", 31 0, L_000002389211b8b0;  alias, 1 drivers
v000002389286bdd0_0 .net "in_weight", 7 0, L_00000238929b5f30;  alias, 1 drivers
v000002389286ad90_0 .net "load_weight", 0 0, L_00000238929b7790;  alias, 1 drivers
v000002389286c550_0 .var "out_act", 7 0;
v000002389286be70_0 .var "out_psum", 31 0;
v000002389286c5f0_0 .var/s "reg_weight", 7 0;
v000002389286b510_0 .net "rst_n", 0 0, L_00000238926d5550;  alias, 1 drivers
S_000002389283e180 .scope generate, "ROW_LOOP[7]" "ROW_LOOP[7]" 9 54, 9 54 0, S_00000238927e0370;
 .timescale -9 -12;
P_00000238926f0b10 .param/l "r" 0 9 54, +C4<0111>;
S_000002389283c6f0 .scope generate, "COL_LOOP[0]" "COL_LOOP[0]" 9 55, 9 55 0, S_000002389283e180;
 .timescale -9 -12;
P_00000238926f1190 .param/l "c" 0 9 55, +C4<00>;
v000002389286c230_0 .net "pe_in_act", 7 0, L_00000238929b6750;  1 drivers
v000002389286b970_0 .net "pe_in_psum", 31 0, L_000002389211caa0;  1 drivers
v000002389286b650_0 .net "pe_in_weight", 7 0, L_00000238929b66b0;  1 drivers
v000002389286c190_0 .net "pe_load_en", 0 0, L_00000238929b6570;  1 drivers
S_000002389283e4a0 .scope generate, "genblk1" "genblk1" 9 61, 9 61 0, S_000002389283c6f0;
 .timescale -9 -12;
S_000002389283e310 .scope generate, "genblk2" "genblk2" 9 72, 9 72 0, S_000002389283c6f0;
 .timescale -9 -12;
L_000002389211caa0 .functor BUFZ 32, v0000023892823490_0, C4<00000000000000000000000000000000>, C4<00000000000000000000000000000000>, C4<00000000000000000000000000000000>;
S_000002389283e630 .scope module, "pe_inst" "pe" 9 91, 10 12 0, S_000002389283c6f0;
 .timescale 0 0;
    .port_info 0 /INPUT 1 "clk";
    .port_info 1 /INPUT 1 "rst_n";
    .port_info 2 /INPUT 1 "en_compute";
    .port_info 3 /INPUT 1 "load_weight";
    .port_info 4 /INPUT 8 "in_act";
    .port_info 5 /INPUT 8 "in_weight";
    .port_info 6 /INPUT 32 "in_psum";
    .port_info 7 /OUTPUT 8 "out_act";
    .port_info 8 /OUTPUT 32 "out_psum";
v000002389286b010_0 .net "clk", 0 0, v00000238928c9830_0;  alias, 1 drivers
v000002389286cd70_0 .net "en_compute", 0 0, L_000002389294c268;  alias, 1 drivers
v000002389286b150_0 .net "in_act", 7 0, L_00000238929b6750;  alias, 1 drivers
v000002389286ca50_0 .net "in_psum", 31 0, L_000002389211caa0;  alias, 1 drivers
v000002389286af70_0 .net "in_weight", 7 0, L_00000238929b66b0;  alias, 1 drivers
v000002389286caf0_0 .net "load_weight", 0 0, L_00000238929b6570;  alias, 1 drivers
v000002389286b1f0_0 .var "out_act", 7 0;
v000002389286b3d0_0 .var "out_psum", 31 0;
v000002389286b5b0_0 .var/s "reg_weight", 7 0;
v000002389286cb90_0 .net "rst_n", 0 0, L_00000238926d5550;  alias, 1 drivers
S_000002389283e7c0 .scope generate, "COL_LOOP[1]" "COL_LOOP[1]" 9 55, 9 55 0, S_000002389283e180;
 .timescale -9 -12;
P_00000238926f0990 .param/l "c" 0 9 55, +C4<01>;
v000002389286c370_0 .net "pe_in_act", 7 0, L_000002389211cc60;  1 drivers
v000002389286c410_0 .net "pe_in_psum", 31 0, L_000002389211cf70;  1 drivers
v000002389286d090_0 .net "pe_in_weight", 7 0, L_00000238929b5c10;  1 drivers
v000002389286e850_0 .net "pe_load_en", 0 0, L_00000238929b5990;  1 drivers
S_000002389283c240 .scope generate, "genblk1" "genblk1" 9 61, 9 61 0, S_000002389283e7c0;
 .timescale -9 -12;
L_000002389211cc60 .functor BUFZ 8, v000002389286b1f0_0, C4<00000000>, C4<00000000>, C4<00000000>;
S_000002389283e950 .scope generate, "genblk2" "genblk2" 9 72, 9 72 0, S_000002389283e7c0;
 .timescale -9 -12;
L_000002389211cf70 .functor BUFZ 32, v0000023892826550_0, C4<00000000000000000000000000000000>, C4<00000000000000000000000000000000>, C4<00000000000000000000000000000000>;
S_000002389283c3d0 .scope module, "pe_inst" "pe" 9 91, 10 12 0, S_000002389283e7c0;
 .timescale 0 0;
    .port_info 0 /INPUT 1 "clk";
    .port_info 1 /INPUT 1 "rst_n";
    .port_info 2 /INPUT 1 "en_compute";
    .port_info 3 /INPUT 1 "load_weight";
    .port_info 4 /INPUT 8 "in_act";
    .port_info 5 /INPUT 8 "in_weight";
    .port_info 6 /INPUT 32 "in_psum";
    .port_info 7 /OUTPUT 8 "out_act";
    .port_info 8 /OUTPUT 32 "out_psum";
v000002389286cf50_0 .net "clk", 0 0, v00000238928c9830_0;  alias, 1 drivers
v000002389286b6f0_0 .net "en_compute", 0 0, L_000002389294c268;  alias, 1 drivers
v000002389286bd30_0 .net "in_act", 7 0, L_000002389211cc60;  alias, 1 drivers
v000002389286ba10_0 .net "in_psum", 31 0, L_000002389211cf70;  alias, 1 drivers
v000002389286bab0_0 .net "in_weight", 7 0, L_00000238929b5c10;  alias, 1 drivers
v000002389286ccd0_0 .net "load_weight", 0 0, L_00000238929b5990;  alias, 1 drivers
v000002389286bb50_0 .var "out_act", 7 0;
v000002389286c2d0_0 .var "out_psum", 31 0;
v000002389286bbf0_0 .var/s "reg_weight", 7 0;
v000002389286bc90_0 .net "rst_n", 0 0, L_00000238926d5550;  alias, 1 drivers
S_000002389283c560 .scope generate, "COL_LOOP[2]" "COL_LOOP[2]" 9 55, 9 55 0, S_000002389283e180;
 .timescale -9 -12;
P_00000238926f04d0 .param/l "c" 0 9 55, +C4<010>;
v000002389286f430_0 .net "pe_in_act", 7 0, L_000002389211b920;  1 drivers
v000002389286e030_0 .net "pe_in_psum", 31 0, L_000002389211d590;  1 drivers
v000002389286d810_0 .net "pe_in_weight", 7 0, L_00000238929b7650;  1 drivers
v000002389286d3b0_0 .net "pe_load_en", 0 0, L_00000238929b61b0;  1 drivers
S_000002389283c880 .scope generate, "genblk1" "genblk1" 9 61, 9 61 0, S_000002389283c560;
 .timescale -9 -12;
L_000002389211b920 .functor BUFZ 8, v000002389286bb50_0, C4<00000000>, C4<00000000>, C4<00000000>;
S_000002389283f5d0 .scope generate, "genblk2" "genblk2" 9 72, 9 72 0, S_000002389283c560;
 .timescale -9 -12;
L_000002389211d590 .functor BUFZ 32, v0000023892825510_0, C4<00000000000000000000000000000000>, C4<00000000000000000000000000000000>, C4<00000000000000000000000000000000>;
S_000002389283eae0 .scope module, "pe_inst" "pe" 9 91, 10 12 0, S_000002389283c560;
 .timescale 0 0;
    .port_info 0 /INPUT 1 "clk";
    .port_info 1 /INPUT 1 "rst_n";
    .port_info 2 /INPUT 1 "en_compute";
    .port_info 3 /INPUT 1 "load_weight";
    .port_info 4 /INPUT 8 "in_act";
    .port_info 5 /INPUT 8 "in_weight";
    .port_info 6 /INPUT 32 "in_psum";
    .port_info 7 /OUTPUT 8 "out_act";
    .port_info 8 /OUTPUT 32 "out_psum";
v000002389286f110_0 .net "clk", 0 0, v00000238928c9830_0;  alias, 1 drivers
v000002389286dd10_0 .net "en_compute", 0 0, L_000002389294c268;  alias, 1 drivers
v000002389286d6d0_0 .net "in_act", 7 0, L_000002389211b920;  alias, 1 drivers
v000002389286dbd0_0 .net "in_psum", 31 0, L_000002389211d590;  alias, 1 drivers
v000002389286dc70_0 .net "in_weight", 7 0, L_00000238929b7650;  alias, 1 drivers
v000002389286d630_0 .net "load_weight", 0 0, L_00000238929b61b0;  alias, 1 drivers
v000002389286e0d0_0 .var "out_act", 7 0;
v000002389286d770_0 .var "out_psum", 31 0;
v000002389286edf0_0 .var/s "reg_weight", 7 0;
v000002389286e990_0 .net "rst_n", 0 0, L_00000238926d5550;  alias, 1 drivers
S_000002389283f760 .scope generate, "COL_LOOP[3]" "COL_LOOP[3]" 9 55, 9 55 0, S_000002389283e180;
 .timescale -9 -12;
P_00000238926f0510 .param/l "c" 0 9 55, +C4<011>;
v000002389286f750_0 .net "pe_in_act", 7 0, L_000002389211d520;  1 drivers
v000002389286d9f0_0 .net "pe_in_psum", 31 0, L_000002389211d670;  1 drivers
v000002389286d1d0_0 .net "pe_in_weight", 7 0, L_00000238929b7290;  1 drivers
v000002389286d130_0 .net "pe_load_en", 0 0, L_00000238929b76f0;  1 drivers
S_000002389283ec70 .scope generate, "genblk1" "genblk1" 9 61, 9 61 0, S_000002389283f760;
 .timescale -9 -12;
L_000002389211d520 .functor BUFZ 8, v000002389286e0d0_0, C4<00000000>, C4<00000000>, C4<00000000>;
S_000002389283ef90 .scope generate, "genblk2" "genblk2" 9 72, 9 72 0, S_000002389283f760;
 .timescale -9 -12;
L_000002389211d670 .functor BUFZ 32, v00000238928251f0_0, C4<00000000000000000000000000000000>, C4<00000000000000000000000000000000>, C4<00000000000000000000000000000000>;
S_000002389283f8f0 .scope module, "pe_inst" "pe" 9 91, 10 12 0, S_000002389283f760;
 .timescale 0 0;
    .port_info 0 /INPUT 1 "clk";
    .port_info 1 /INPUT 1 "rst_n";
    .port_info 2 /INPUT 1 "en_compute";
    .port_info 3 /INPUT 1 "load_weight";
    .port_info 4 /INPUT 8 "in_act";
    .port_info 5 /INPUT 8 "in_weight";
    .port_info 6 /INPUT 32 "in_psum";
    .port_info 7 /OUTPUT 8 "out_act";
    .port_info 8 /OUTPUT 32 "out_psum";
v000002389286f4d0_0 .net "clk", 0 0, v00000238928c9830_0;  alias, 1 drivers
v000002389286def0_0 .net "en_compute", 0 0, L_000002389294c268;  alias, 1 drivers
v000002389286efd0_0 .net "in_act", 7 0, L_000002389211d520;  alias, 1 drivers
v000002389286f610_0 .net "in_psum", 31 0, L_000002389211d670;  alias, 1 drivers
v000002389286f570_0 .net "in_weight", 7 0, L_00000238929b7290;  alias, 1 drivers
v000002389286e5d0_0 .net "load_weight", 0 0, L_00000238929b76f0;  alias, 1 drivers
v000002389286f6b0_0 .var "out_act", 7 0;
v000002389286d950_0 .var "out_psum", 31 0;
v000002389286db30_0 .var/s "reg_weight", 7 0;
v000002389286ed50_0 .net "rst_n", 0 0, L_00000238926d5550;  alias, 1 drivers
S_000002389283f120 .scope generate, "COL_LOOP[4]" "COL_LOOP[4]" 9 55, 9 55 0, S_000002389283e180;
 .timescale -9 -12;
P_00000238926f0610 .param/l "c" 0 9 55, +C4<0100>;
v000002389286ea30_0 .net "pe_in_act", 7 0, L_000002389211d6e0;  1 drivers
v000002389286d4f0_0 .net "pe_in_psum", 31 0, L_000002389211d750;  1 drivers
v000002389286ddb0_0 .net "pe_in_weight", 7 0, L_00000238929b5df0;  1 drivers
v000002389286ead0_0 .net "pe_load_en", 0 0, L_00000238929b7970;  1 drivers
S_000002389283fa80 .scope generate, "genblk1" "genblk1" 9 61, 9 61 0, S_000002389283f120;
 .timescale -9 -12;
L_000002389211d6e0 .functor BUFZ 8, v000002389286f6b0_0, C4<00000000>, C4<00000000>, C4<00000000>;
S_000002389283ca10 .scope generate, "genblk2" "genblk2" 9 72, 9 72 0, S_000002389283f120;
 .timescale -9 -12;
L_000002389211d750 .functor BUFZ 32, v0000023892825c90_0, C4<00000000000000000000000000000000>, C4<00000000000000000000000000000000>, C4<00000000000000000000000000000000>;
S_000002389283ba70 .scope module, "pe_inst" "pe" 9 91, 10 12 0, S_000002389283f120;
 .timescale 0 0;
    .port_info 0 /INPUT 1 "clk";
    .port_info 1 /INPUT 1 "rst_n";
    .port_info 2 /INPUT 1 "en_compute";
    .port_info 3 /INPUT 1 "load_weight";
    .port_info 4 /INPUT 8 "in_act";
    .port_info 5 /INPUT 8 "in_weight";
    .port_info 6 /INPUT 32 "in_psum";
    .port_info 7 /OUTPUT 8 "out_act";
    .port_info 8 /OUTPUT 32 "out_psum";
v000002389286f070_0 .net "clk", 0 0, v00000238928c9830_0;  alias, 1 drivers
v000002389286d8b0_0 .net "en_compute", 0 0, L_000002389294c268;  alias, 1 drivers
v000002389286e210_0 .net "in_act", 7 0, L_000002389211d6e0;  alias, 1 drivers
v000002389286da90_0 .net "in_psum", 31 0, L_000002389211d750;  alias, 1 drivers
v000002389286d270_0 .net "in_weight", 7 0, L_00000238929b5df0;  alias, 1 drivers
v000002389286d310_0 .net "load_weight", 0 0, L_00000238929b7970;  alias, 1 drivers
v000002389286e8f0_0 .var "out_act", 7 0;
v000002389286ef30_0 .var "out_psum", 31 0;
v000002389286d450_0 .var/s "reg_weight", 7 0;
v000002389286ee90_0 .net "rst_n", 0 0, L_00000238926d5550;  alias, 1 drivers
S_000002389283fc10 .scope generate, "COL_LOOP[5]" "COL_LOOP[5]" 9 55, 9 55 0, S_000002389283e180;
 .timescale -9 -12;
P_00000238926f0590 .param/l "c" 0 9 55, +C4<0101>;
v000002389286f250_0 .net "pe_in_act", 7 0, L_000002389211d440;  1 drivers
v000002389286e710_0 .net "pe_in_psum", 31 0, L_000002389211d4b0;  1 drivers
v000002389286eb70_0 .net "pe_in_weight", 7 0, L_00000238929b7fb0;  1 drivers
v000002389286ec10_0 .net "pe_load_en", 0 0, L_00000238929b5d50;  1 drivers
S_000002389283bc00 .scope generate, "genblk1" "genblk1" 9 61, 9 61 0, S_000002389283fc10;
 .timescale -9 -12;
L_000002389211d440 .functor BUFZ 8, v000002389286e8f0_0, C4<00000000>, C4<00000000>, C4<00000000>;
S_000002389288abc0 .scope generate, "genblk2" "genblk2" 9 72, 9 72 0, S_000002389283fc10;
 .timescale -9 -12;
L_000002389211d4b0 .functor BUFZ 32, v0000023892867190_0, C4<00000000000000000000000000000000>, C4<00000000000000000000000000000000>, C4<00000000000000000000000000000000>;
S_00000238928895e0 .scope module, "pe_inst" "pe" 9 91, 10 12 0, S_000002389283fc10;
 .timescale 0 0;
    .port_info 0 /INPUT 1 "clk";
    .port_info 1 /INPUT 1 "rst_n";
    .port_info 2 /INPUT 1 "en_compute";
    .port_info 3 /INPUT 1 "load_weight";
    .port_info 4 /INPUT 8 "in_act";
    .port_info 5 /INPUT 8 "in_weight";
    .port_info 6 /INPUT 32 "in_psum";
    .port_info 7 /OUTPUT 8 "out_act";
    .port_info 8 /OUTPUT 32 "out_psum";
v000002389286d590_0 .net "clk", 0 0, v00000238928c9830_0;  alias, 1 drivers
v000002389286de50_0 .net "en_compute", 0 0, L_000002389294c268;  alias, 1 drivers
v000002389286e7b0_0 .net "in_act", 7 0, L_000002389211d440;  alias, 1 drivers
v000002389286df90_0 .net "in_psum", 31 0, L_000002389211d4b0;  alias, 1 drivers
v000002389286e350_0 .net "in_weight", 7 0, L_00000238929b7fb0;  alias, 1 drivers
v000002389286e3f0_0 .net "load_weight", 0 0, L_00000238929b5d50;  alias, 1 drivers
v000002389286e490_0 .var "out_act", 7 0;
v000002389286e530_0 .var "out_psum", 31 0;
v000002389286e670_0 .var/s "reg_weight", 7 0;
v000002389286f1b0_0 .net "rst_n", 0 0, L_00000238926d5550;  alias, 1 drivers
S_000002389288b070 .scope generate, "COL_LOOP[6]" "COL_LOOP[6]" 9 55, 9 55 0, S_000002389283e180;
 .timescale -9 -12;
P_00000238926f0890 .param/l "c" 0 9 55, +C4<0110>;
v0000023892871e10_0 .net "pe_in_act", 7 0, L_0000023891d8ce90;  1 drivers
v000002389286f930_0 .net "pe_in_psum", 31 0, L_0000023891d11f80;  1 drivers
v00000238928712d0_0 .net "pe_in_weight", 7 0, L_00000238929b6110;  1 drivers
v0000023892870e70_0 .net "pe_load_en", 0 0, L_00000238929b7330;  1 drivers
S_0000023892887380 .scope generate, "genblk1" "genblk1" 9 61, 9 61 0, S_000002389288b070;
 .timescale -9 -12;
L_0000023891d8ce90 .functor BUFZ 8, v000002389286e490_0, C4<00000000>, C4<00000000>, C4<00000000>;
S_0000023892889900 .scope generate, "genblk2" "genblk2" 9 72, 9 72 0, S_000002389288b070;
 .timescale -9 -12;
L_0000023891d11f80 .functor BUFZ 32, v0000023892866b50_0, C4<00000000000000000000000000000000>, C4<00000000000000000000000000000000>, C4<00000000000000000000000000000000>;
S_0000023892889a90 .scope module, "pe_inst" "pe" 9 91, 10 12 0, S_000002389288b070;
 .timescale 0 0;
    .port_info 0 /INPUT 1 "clk";
    .port_info 1 /INPUT 1 "rst_n";
    .port_info 2 /INPUT 1 "en_compute";
    .port_info 3 /INPUT 1 "load_weight";
    .port_info 4 /INPUT 8 "in_act";
    .port_info 5 /INPUT 8 "in_weight";
    .port_info 6 /INPUT 32 "in_psum";
    .port_info 7 /OUTPUT 8 "out_act";
    .port_info 8 /OUTPUT 32 "out_psum";
v000002389286f2f0_0 .net "clk", 0 0, v00000238928c9830_0;  alias, 1 drivers
v00000238928701f0_0 .net "en_compute", 0 0, L_000002389294c268;  alias, 1 drivers
v0000023892871230_0 .net "in_act", 7 0, L_0000023891d8ce90;  alias, 1 drivers
v0000023892870970_0 .net "in_psum", 31 0, L_0000023891d11f80;  alias, 1 drivers
v0000023892871910_0 .net "in_weight", 7 0, L_00000238929b6110;  alias, 1 drivers
v0000023892871eb0_0 .net "load_weight", 0 0, L_00000238929b7330;  alias, 1 drivers
v0000023892871d70_0 .var "out_act", 7 0;
v0000023892870fb0_0 .var "out_psum", 31 0;
v0000023892871f50_0 .var/s "reg_weight", 7 0;
v0000023892871cd0_0 .net "rst_n", 0 0, L_00000238926d5550;  alias, 1 drivers
S_000002389288a260 .scope generate, "COL_LOOP[7]" "COL_LOOP[7]" 9 55, 9 55 0, S_000002389283e180;
 .timescale -9 -12;
P_00000238926f01d0 .param/l "c" 0 9 55, +C4<0111>;
v0000023892871a50_0 .net "pe_in_act", 7 0, L_00000238929c6730;  1 drivers
v0000023892871ff0_0 .net "pe_in_psum", 31 0, L_00000238929c6110;  1 drivers
v0000023892870dd0_0 .net "pe_in_weight", 7 0, L_00000238929b7b50;  1 drivers
v000002389286fcf0_0 .net "pe_load_en", 0 0, L_00000238929b7150;  1 drivers
S_00000238928871f0 .scope generate, "genblk1" "genblk1" 9 61, 9 61 0, S_000002389288a260;
 .timescale -9 -12;
L_00000238929c6730 .functor BUFZ 8, v0000023892871d70_0, C4<00000000>, C4<00000000>, C4<00000000>;
S_0000023892889db0 .scope generate, "genblk2" "genblk2" 9 72, 9 72 0, S_000002389288a260;
 .timescale -9 -12;
L_00000238929c6110 .functor BUFZ 32, v0000023892866830_0, C4<00000000000000000000000000000000>, C4<00000000000000000000000000000000>, C4<00000000000000000000000000000000>;
S_0000023892889450 .scope module, "pe_inst" "pe" 9 91, 10 12 0, S_000002389288a260;
 .timescale 0 0;
    .port_info 0 /INPUT 1 "clk";
    .port_info 1 /INPUT 1 "rst_n";
    .port_info 2 /INPUT 1 "en_compute";
    .port_info 3 /INPUT 1 "load_weight";
    .port_info 4 /INPUT 8 "in_act";
    .port_info 5 /INPUT 8 "in_weight";
    .port_info 6 /INPUT 32 "in_psum";
    .port_info 7 /OUTPUT 8 "out_act";
    .port_info 8 /OUTPUT 32 "out_psum";
v000002389286fed0_0 .net "clk", 0 0, v00000238928c9830_0;  alias, 1 drivers
v0000023892870330_0 .net "en_compute", 0 0, L_000002389294c268;  alias, 1 drivers
v00000238928703d0_0 .net "in_act", 7 0, L_00000238929c6730;  alias, 1 drivers
v0000023892871050_0 .net "in_psum", 31 0, L_00000238929c6110;  alias, 1 drivers
v00000238928719b0_0 .net "in_weight", 7 0, L_00000238929b7b50;  alias, 1 drivers
v0000023892870f10_0 .net "load_weight", 0 0, L_00000238929b7150;  alias, 1 drivers
v00000238928710f0_0 .var "out_act", 7 0;
v0000023892870ab0_0 .var "out_psum", 31 0;
v000002389286fe30_0 .var/s "reg_weight", 7 0;
v000002389286ff70_0 .net "rst_n", 0 0, L_00000238926d5550;  alias, 1 drivers
S_000002389288a8a0 .scope generate, "COL_LOOP[8]" "COL_LOOP[8]" 9 55, 9 55 0, S_000002389283e180;
 .timescale -9 -12;
P_00000238926f0f10 .param/l "c" 0 9 55, +C4<01000>;
v0000023892871410_0 .net "pe_in_act", 7 0, L_00000238929c6180;  1 drivers
v000002389286f9d0_0 .net "pe_in_psum", 31 0, L_00000238929c63b0;  1 drivers
v000002389286fa70_0 .net "pe_in_weight", 7 0, L_00000238929b7830;  1 drivers
v0000023892870830_0 .net "pe_load_en", 0 0, L_00000238929b6250;  1 drivers
S_000002389288ad50 .scope generate, "genblk1" "genblk1" 9 61, 9 61 0, S_000002389288a8a0;
 .timescale -9 -12;
L_00000238929c6180 .functor BUFZ 8, v00000238928710f0_0, C4<00000000>, C4<00000000>, C4<00000000>;
S_000002389288aa30 .scope generate, "genblk2" "genblk2" 9 72, 9 72 0, S_000002389288a8a0;
 .timescale -9 -12;
L_00000238929c63b0 .functor BUFZ 32, v0000023892867050_0, C4<00000000000000000000000000000000>, C4<00000000000000000000000000000000>, C4<00000000000000000000000000000000>;
S_00000238928887d0 .scope module, "pe_inst" "pe" 9 91, 10 12 0, S_000002389288a8a0;
 .timescale 0 0;
    .port_info 0 /INPUT 1 "clk";
    .port_info 1 /INPUT 1 "rst_n";
    .port_info 2 /INPUT 1 "en_compute";
    .port_info 3 /INPUT 1 "load_weight";
    .port_info 4 /INPUT 8 "in_act";
    .port_info 5 /INPUT 8 "in_weight";
    .port_info 6 /INPUT 32 "in_psum";
    .port_info 7 /OUTPUT 8 "out_act";
    .port_info 8 /OUTPUT 32 "out_psum";
v00000238928706f0_0 .net "clk", 0 0, v00000238928c9830_0;  alias, 1 drivers
v00000238928717d0_0 .net "en_compute", 0 0, L_000002389294c268;  alias, 1 drivers
v0000023892870290_0 .net "in_act", 7 0, L_00000238929c6180;  alias, 1 drivers
v0000023892871370_0 .net "in_psum", 31 0, L_00000238929c63b0;  alias, 1 drivers
v0000023892870010_0 .net "in_weight", 7 0, L_00000238929b7830;  alias, 1 drivers
v000002389286f890_0 .net "load_weight", 0 0, L_00000238929b6250;  alias, 1 drivers
v00000238928700b0_0 .var "out_act", 7 0;
v0000023892870790_0 .var "out_psum", 31 0;
v0000023892871730_0 .var/s "reg_weight", 7 0;
v0000023892871b90_0 .net "rst_n", 0 0, L_00000238926d5550;  alias, 1 drivers
S_000002389288aee0 .scope generate, "COL_LOOP[9]" "COL_LOOP[9]" 9 55, 9 55 0, S_000002389283e180;
 .timescale -9 -12;
P_00000238926f08d0 .param/l "c" 0 9 55, +C4<01001>;
v0000023892871c30_0 .net "pe_in_act", 7 0, L_00000238929c60a0;  1 drivers
v0000023892870650_0 .net "pe_in_psum", 31 0, L_00000238929c61f0;  1 drivers
v0000023892871af0_0 .net "pe_in_weight", 7 0, L_00000238929b6610;  1 drivers
v00000238928708d0_0 .net "pe_load_en", 0 0, L_00000238929b62f0;  1 drivers
S_000002389288a3f0 .scope generate, "genblk1" "genblk1" 9 61, 9 61 0, S_000002389288aee0;
 .timescale -9 -12;
L_00000238929c60a0 .functor BUFZ 8, v00000238928700b0_0, C4<00000000>, C4<00000000>, C4<00000000>;
S_0000023892887ce0 .scope generate, "genblk2" "genblk2" 9 72, 9 72 0, S_000002389288aee0;
 .timescale -9 -12;
L_00000238929c61f0 .functor BUFZ 32, v0000023892868a90_0, C4<00000000000000000000000000000000>, C4<00000000000000000000000000000000>, C4<00000000000000000000000000000000>;
S_0000023892888fa0 .scope module, "pe_inst" "pe" 9 91, 10 12 0, S_000002389288aee0;
 .timescale 0 0;
    .port_info 0 /INPUT 1 "clk";
    .port_info 1 /INPUT 1 "rst_n";
    .port_info 2 /INPUT 1 "en_compute";
    .port_info 3 /INPUT 1 "load_weight";
    .port_info 4 /INPUT 8 "in_act";
    .port_info 5 /INPUT 8 "in_weight";
    .port_info 6 /INPUT 32 "in_psum";
    .port_info 7 /OUTPUT 8 "out_act";
    .port_info 8 /OUTPUT 32 "out_psum";
v00000238928714b0_0 .net "clk", 0 0, v00000238928c9830_0;  alias, 1 drivers
v000002389286fb10_0 .net "en_compute", 0 0, L_000002389294c268;  alias, 1 drivers
v0000023892870150_0 .net "in_act", 7 0, L_00000238929c60a0;  alias, 1 drivers
v0000023892871550_0 .net "in_psum", 31 0, L_00000238929c61f0;  alias, 1 drivers
v0000023892870470_0 .net "in_weight", 7 0, L_00000238929b6610;  alias, 1 drivers
v0000023892870510_0 .net "load_weight", 0 0, L_00000238929b62f0;  alias, 1 drivers
v00000238928715f0_0 .var "out_act", 7 0;
v000002389286fbb0_0 .var "out_psum", 31 0;
v00000238928705b0_0 .var/s "reg_weight", 7 0;
v000002389286fc50_0 .net "rst_n", 0 0, L_00000238926d5550;  alias, 1 drivers
S_0000023892887060 .scope generate, "COL_LOOP[10]" "COL_LOOP[10]" 9 55, 9 55 0, S_000002389283e180;
 .timescale -9 -12;
P_00000238926f02d0 .param/l "c" 0 9 55, +C4<01010>;
v0000023892872450_0 .net "pe_in_act", 7 0, L_00000238929c6e30;  1 drivers
v0000023892872950_0 .net "pe_in_psum", 31 0, L_00000238929c6420;  1 drivers
v00000238928723b0_0 .net "pe_in_weight", 7 0, L_00000238929b6c50;  1 drivers
v0000023892872090_0 .net "pe_load_en", 0 0, L_00000238929b71f0;  1 drivers
S_000002389288a580 .scope generate, "genblk1" "genblk1" 9 61, 9 61 0, S_0000023892887060;
 .timescale -9 -12;
L_00000238929c6e30 .functor BUFZ 8, v00000238928715f0_0, C4<00000000>, C4<00000000>, C4<00000000>;
S_0000023892889f40 .scope generate, "genblk2" "genblk2" 9 72, 9 72 0, S_0000023892887060;
 .timescale -9 -12;
L_00000238929c6420 .functor BUFZ 32, v0000023892868bd0_0, C4<00000000000000000000000000000000>, C4<00000000000000000000000000000000>, C4<00000000000000000000000000000000>;
S_0000023892887e70 .scope module, "pe_inst" "pe" 9 91, 10 12 0, S_0000023892887060;
 .timescale 0 0;
    .port_info 0 /INPUT 1 "clk";
    .port_info 1 /INPUT 1 "rst_n";
    .port_info 2 /INPUT 1 "en_compute";
    .port_info 3 /INPUT 1 "load_weight";
    .port_info 4 /INPUT 8 "in_act";
    .port_info 5 /INPUT 8 "in_weight";
    .port_info 6 /INPUT 32 "in_psum";
    .port_info 7 /OUTPUT 8 "out_act";
    .port_info 8 /OUTPUT 32 "out_psum";
v0000023892871690_0 .net "clk", 0 0, v00000238928c9830_0;  alias, 1 drivers
v0000023892870b50_0 .net "en_compute", 0 0, L_000002389294c268;  alias, 1 drivers
v0000023892870bf0_0 .net "in_act", 7 0, L_00000238929c6e30;  alias, 1 drivers
v0000023892870c90_0 .net "in_psum", 31 0, L_00000238929c6420;  alias, 1 drivers
v0000023892870d30_0 .net "in_weight", 7 0, L_00000238929b6c50;  alias, 1 drivers
v00000238928728b0_0 .net "load_weight", 0 0, L_00000238929b71f0;  alias, 1 drivers
v0000023892872130_0 .var "out_act", 7 0;
v0000023892872e50_0 .var "out_psum", 31 0;
v0000023892872ef0_0 .var/s "reg_weight", 7 0;
v00000238928729f0_0 .net "rst_n", 0 0, L_00000238926d5550;  alias, 1 drivers
S_000002389288b390 .scope generate, "COL_LOOP[11]" "COL_LOOP[11]" 9 55, 9 55 0, S_000002389283e180;
 .timescale -9 -12;
P_00000238926f05d0 .param/l "c" 0 9 55, +C4<01011>;
v0000023892872810_0 .net "pe_in_act", 7 0, L_00000238929c76f0;  1 drivers
v0000023892872bd0_0 .net "pe_in_psum", 31 0, L_00000238929c6ea0;  1 drivers
v0000023892872310_0 .net "pe_in_weight", 7 0, L_00000238929b7a10;  1 drivers
v0000023892872db0_0 .net "pe_load_en", 0 0, L_00000238929b67f0;  1 drivers
S_00000238928876a0 .scope generate, "genblk1" "genblk1" 9 61, 9 61 0, S_000002389288b390;
 .timescale -9 -12;
L_00000238929c76f0 .functor BUFZ 8, v0000023892872130_0, C4<00000000>, C4<00000000>, C4<00000000>;
S_000002389288a0d0 .scope generate, "genblk2" "genblk2" 9 72, 9 72 0, S_000002389288b390;
 .timescale -9 -12;
L_00000238929c6ea0 .functor BUFZ 32, v0000023892868450_0, C4<00000000000000000000000000000000>, C4<00000000000000000000000000000000>, C4<00000000000000000000000000000000>;
S_0000023892888190 .scope module, "pe_inst" "pe" 9 91, 10 12 0, S_000002389288b390;
 .timescale 0 0;
    .port_info 0 /INPUT 1 "clk";
    .port_info 1 /INPUT 1 "rst_n";
    .port_info 2 /INPUT 1 "en_compute";
    .port_info 3 /INPUT 1 "load_weight";
    .port_info 4 /INPUT 8 "in_act";
    .port_info 5 /INPUT 8 "in_weight";
    .port_info 6 /INPUT 32 "in_psum";
    .port_info 7 /OUTPUT 8 "out_act";
    .port_info 8 /OUTPUT 32 "out_psum";
v0000023892872a90_0 .net "clk", 0 0, v00000238928c9830_0;  alias, 1 drivers
v0000023892872590_0 .net "en_compute", 0 0, L_000002389294c268;  alias, 1 drivers
v00000238928721d0_0 .net "in_act", 7 0, L_00000238929c76f0;  alias, 1 drivers
v0000023892872c70_0 .net "in_psum", 31 0, L_00000238929c6ea0;  alias, 1 drivers
v0000023892872270_0 .net "in_weight", 7 0, L_00000238929b7a10;  alias, 1 drivers
v0000023892872630_0 .net "load_weight", 0 0, L_00000238929b67f0;  alias, 1 drivers
v00000238928726d0_0 .var "out_act", 7 0;
v0000023892872d10_0 .var "out_psum", 31 0;
v0000023892872770_0 .var/s "reg_weight", 7 0;
v0000023892872b30_0 .net "rst_n", 0 0, L_00000238926d5550;  alias, 1 drivers
S_000002389288b520 .scope generate, "COL_LOOP[12]" "COL_LOOP[12]" 9 55, 9 55 0, S_000002389283e180;
 .timescale -9 -12;
P_00000238926f0390 .param/l "c" 0 9 55, +C4<01100>;
v0000023892863810_0 .net "pe_in_act", 7 0, L_00000238929c6500;  1 drivers
v0000023892863090_0 .net "pe_in_psum", 31 0, L_00000238929c6f80;  1 drivers
v0000023892864850_0 .net "pe_in_weight", 7 0, L_00000238929b6390;  1 drivers
v0000023892865070_0 .net "pe_load_en", 0 0, L_00000238929b7bf0;  1 drivers
S_0000023892888000 .scope generate, "genblk1" "genblk1" 9 61, 9 61 0, S_000002389288b520;
 .timescale -9 -12;
L_00000238929c6500 .functor BUFZ 8, v00000238928726d0_0, C4<00000000>, C4<00000000>, C4<00000000>;
S_0000023892888320 .scope generate, "genblk2" "genblk2" 9 72, 9 72 0, S_000002389288b520;
 .timescale -9 -12;
L_00000238929c6f80 .functor BUFZ 32, v0000023892869cb0_0, C4<00000000000000000000000000000000>, C4<00000000000000000000000000000000>, C4<00000000000000000000000000000000>;
S_000002389288b200 .scope module, "pe_inst" "pe" 9 91, 10 12 0, S_000002389288b520;
 .timescale 0 0;
    .port_info 0 /INPUT 1 "clk";
    .port_info 1 /INPUT 1 "rst_n";
    .port_info 2 /INPUT 1 "en_compute";
    .port_info 3 /INPUT 1 "load_weight";
    .port_info 4 /INPUT 8 "in_act";
    .port_info 5 /INPUT 8 "in_weight";
    .port_info 6 /INPUT 32 "in_psum";
    .port_info 7 /OUTPUT 8 "out_act";
    .port_info 8 /OUTPUT 32 "out_psum";
v0000023892864530_0 .net "clk", 0 0, v00000238928c9830_0;  alias, 1 drivers
v00000238928634f0_0 .net "en_compute", 0 0, L_000002389294c268;  alias, 1 drivers
v00000238928636d0_0 .net "in_act", 7 0, L_00000238929c6500;  alias, 1 drivers
v0000023892863450_0 .net "in_psum", 31 0, L_00000238929c6f80;  alias, 1 drivers
v0000023892864f30_0 .net "in_weight", 7 0, L_00000238929b6390;  alias, 1 drivers
v0000023892863950_0 .net "load_weight", 0 0, L_00000238929b7bf0;  alias, 1 drivers
v0000023892863630_0 .var "out_act", 7 0;
v0000023892863770_0 .var "out_psum", 31 0;
v00000238928654d0_0 .var/s "reg_weight", 7 0;
v00000238928638b0_0 .net "rst_n", 0 0, L_00000238926d5550;  alias, 1 drivers
S_00000238928884b0 .scope generate, "COL_LOOP[13]" "COL_LOOP[13]" 9 55, 9 55 0, S_000002389283e180;
 .timescale -9 -12;
P_00000238926f0bd0 .param/l "c" 0 9 55, +C4<01101>;
v0000023892864990_0 .net "pe_in_act", 7 0, L_00000238929c6f10;  1 drivers
v0000023892865750_0 .net "pe_in_psum", 31 0, L_00000238929c6b90;  1 drivers
v00000238928640d0_0 .net "pe_in_weight", 7 0, L_00000238929b6430;  1 drivers
v0000023892864fd0_0 .net "pe_load_en", 0 0, L_00000238929b7e70;  1 drivers
S_0000023892887510 .scope generate, "genblk1" "genblk1" 9 61, 9 61 0, S_00000238928884b0;
 .timescale -9 -12;
L_00000238929c6f10 .functor BUFZ 8, v0000023892863630_0, C4<00000000>, C4<00000000>, C4<00000000>;
S_0000023892888960 .scope generate, "genblk2" "genblk2" 9 72, 9 72 0, S_00000238928884b0;
 .timescale -9 -12;
L_00000238929c6b90 .functor BUFZ 32, v00000238928683b0_0, C4<00000000000000000000000000000000>, C4<00000000000000000000000000000000>, C4<00000000000000000000000000000000>;
S_000002389288a710 .scope module, "pe_inst" "pe" 9 91, 10 12 0, S_00000238928884b0;
 .timescale 0 0;
    .port_info 0 /INPUT 1 "clk";
    .port_info 1 /INPUT 1 "rst_n";
    .port_info 2 /INPUT 1 "en_compute";
    .port_info 3 /INPUT 1 "load_weight";
    .port_info 4 /INPUT 8 "in_act";
    .port_info 5 /INPUT 8 "in_weight";
    .port_info 6 /INPUT 32 "in_psum";
    .port_info 7 /OUTPUT 8 "out_act";
    .port_info 8 /OUTPUT 32 "out_psum";
v0000023892865570_0 .net "clk", 0 0, v00000238928c9830_0;  alias, 1 drivers
v00000238928639f0_0 .net "en_compute", 0 0, L_000002389294c268;  alias, 1 drivers
v00000238928645d0_0 .net "in_act", 7 0, L_00000238929c6f10;  alias, 1 drivers
v0000023892863590_0 .net "in_psum", 31 0, L_00000238929c6b90;  alias, 1 drivers
v0000023892863f90_0 .net "in_weight", 7 0, L_00000238929b6430;  alias, 1 drivers
v0000023892864030_0 .net "load_weight", 0 0, L_00000238929b7e70;  alias, 1 drivers
v0000023892863a90_0 .var "out_act", 7 0;
v0000023892863c70_0 .var "out_psum", 31 0;
v0000023892864170_0 .var/s "reg_weight", 7 0;
v00000238928656b0_0 .net "rst_n", 0 0, L_00000238926d5550;  alias, 1 drivers
S_0000023892888640 .scope generate, "COL_LOOP[14]" "COL_LOOP[14]" 9 55, 9 55 0, S_000002389283e180;
 .timescale -9 -12;
P_00000238926f1010 .param/l "c" 0 9 55, +C4<01110>;
v0000023892863bd0_0 .net "pe_in_act", 7 0, L_00000238929c6c00;  1 drivers
v0000023892863130_0 .net "pe_in_psum", 31 0, L_00000238929c7530;  1 drivers
v0000023892863d10_0 .net "pe_in_weight", 7 0, L_00000238929b6890;  1 drivers
v00000238928647b0_0 .net "pe_load_en", 0 0, L_00000238929b6930;  1 drivers
S_000002389288b6b0 .scope generate, "genblk1" "genblk1" 9 61, 9 61 0, S_0000023892888640;
 .timescale -9 -12;
L_00000238929c6c00 .functor BUFZ 8, v0000023892863a90_0, C4<00000000>, C4<00000000>, C4<00000000>;
S_0000023892888af0 .scope generate, "genblk2" "genblk2" 9 72, 9 72 0, S_0000023892888640;
 .timescale -9 -12;
L_00000238929c7530 .functor BUFZ 32, v000002389286b470_0, C4<00000000000000000000000000000000>, C4<00000000000000000000000000000000>, C4<00000000000000000000000000000000>;
S_0000023892888c80 .scope module, "pe_inst" "pe" 9 91, 10 12 0, S_0000023892888640;
 .timescale 0 0;
    .port_info 0 /INPUT 1 "clk";
    .port_info 1 /INPUT 1 "rst_n";
    .port_info 2 /INPUT 1 "en_compute";
    .port_info 3 /INPUT 1 "load_weight";
    .port_info 4 /INPUT 8 "in_act";
    .port_info 5 /INPUT 8 "in_weight";
    .port_info 6 /INPUT 32 "in_psum";
    .port_info 7 /OUTPUT 8 "out_act";
    .port_info 8 /OUTPUT 32 "out_psum";
v0000023892864210_0 .net "clk", 0 0, v00000238928c9830_0;  alias, 1 drivers
v0000023892863b30_0 .net "en_compute", 0 0, L_000002389294c268;  alias, 1 drivers
v0000023892865610_0 .net "in_act", 7 0, L_00000238929c6c00;  alias, 1 drivers
v0000023892864cb0_0 .net "in_psum", 31 0, L_00000238929c7530;  alias, 1 drivers
v00000238928657f0_0 .net "in_weight", 7 0, L_00000238929b6890;  alias, 1 drivers
v0000023892864c10_0 .net "load_weight", 0 0, L_00000238929b6930;  alias, 1 drivers
v0000023892864df0_0 .var "out_act", 7 0;
v00000238928643f0_0 .var "out_psum", 31 0;
v0000023892864350_0 .var/s "reg_weight", 7 0;
v0000023892864d50_0 .net "rst_n", 0 0, L_00000238926d5550;  alias, 1 drivers
S_0000023892889c20 .scope generate, "COL_LOOP[15]" "COL_LOOP[15]" 9 55, 9 55 0, S_000002389283e180;
 .timescale -9 -12;
P_00000238926f0910 .param/l "c" 0 9 55, +C4<01111>;
v0000023892864710_0 .net "pe_in_act", 7 0, L_00000238929c77d0;  1 drivers
v00000238928633b0_0 .net "pe_in_psum", 31 0, L_00000238929c5ee0;  1 drivers
v0000023892864b70_0 .net "pe_in_weight", 7 0, L_00000238929b69d0;  1 drivers
v0000023892864e90_0 .net "pe_load_en", 0 0, L_00000238929b75b0;  1 drivers
S_000002389288b840 .scope generate, "genblk1" "genblk1" 9 61, 9 61 0, S_0000023892889c20;
 .timescale -9 -12;
L_00000238929c77d0 .functor BUFZ 8, v0000023892864df0_0, C4<00000000>, C4<00000000>, C4<00000000>;
S_0000023892888e10 .scope generate, "genblk2" "genblk2" 9 72, 9 72 0, S_0000023892889c20;
 .timescale -9 -12;
L_00000238929c5ee0 .functor BUFZ 32, v000002389286be70_0, C4<00000000000000000000000000000000>, C4<00000000000000000000000000000000>, C4<00000000000000000000000000000000>;
S_0000023892887830 .scope module, "pe_inst" "pe" 9 91, 10 12 0, S_0000023892889c20;
 .timescale 0 0;
    .port_info 0 /INPUT 1 "clk";
    .port_info 1 /INPUT 1 "rst_n";
    .port_info 2 /INPUT 1 "en_compute";
    .port_info 3 /INPUT 1 "load_weight";
    .port_info 4 /INPUT 8 "in_act";
    .port_info 5 /INPUT 8 "in_weight";
    .port_info 6 /INPUT 32 "in_psum";
    .port_info 7 /OUTPUT 8 "out_act";
    .port_info 8 /OUTPUT 32 "out_psum";
v0000023892863270_0 .net "clk", 0 0, v00000238928c9830_0;  alias, 1 drivers
v0000023892865430_0 .net "en_compute", 0 0, L_000002389294c268;  alias, 1 drivers
v00000238928631d0_0 .net "in_act", 7 0, L_00000238929c77d0;  alias, 1 drivers
v0000023892863310_0 .net "in_psum", 31 0, L_00000238929c5ee0;  alias, 1 drivers
v0000023892863e50_0 .net "in_weight", 7 0, L_00000238929b69d0;  alias, 1 drivers
v00000238928642b0_0 .net "load_weight", 0 0, L_00000238929b75b0;  alias, 1 drivers
v00000238928652f0_0 .var "out_act", 7 0;
v0000023892864490_0 .var "out_psum", 31 0;
v0000023892864ad0_0 .var/s "reg_weight", 7 0;
v0000023892864670_0 .net "rst_n", 0 0, L_00000238926d5550;  alias, 1 drivers
S_0000023892889770 .scope generate, "ROW_LOOP[8]" "ROW_LOOP[8]" 9 54, 9 54 0, S_00000238927e0370;
 .timescale -9 -12;
P_00000238926f09d0 .param/l "r" 0 9 54, +C4<01000>;
S_000002389288b9d0 .scope generate, "COL_LOOP[0]" "COL_LOOP[0]" 9 55, 9 55 0, S_0000023892889770;
 .timescale -9 -12;
P_00000238926f0c10 .param/l "c" 0 9 55, +C4<00>;
v0000023892898060_0 .net "pe_in_act", 7 0, L_00000238929b6a70;  1 drivers
v00000238928991e0_0 .net "pe_in_psum", 31 0, L_00000238929c75a0;  1 drivers
v0000023892897a20_0 .net "pe_in_weight", 7 0, L_00000238929b5a30;  1 drivers
v0000023892898560_0 .net "pe_load_en", 0 0, L_00000238929b5ad0;  1 drivers
S_00000238928879c0 .scope generate, "genblk1" "genblk1" 9 61, 9 61 0, S_000002389288b9d0;
 .timescale -9 -12;
S_000002389288bb60 .scope generate, "genblk2" "genblk2" 9 72, 9 72 0, S_000002389288b9d0;
 .timescale -9 -12;
L_00000238929c75a0 .functor BUFZ 32, v000002389286b3d0_0, C4<00000000000000000000000000000000>, C4<00000000000000000000000000000000>, C4<00000000000000000000000000000000>;
S_0000023892887b50 .scope module, "pe_inst" "pe" 9 91, 10 12 0, S_000002389288b9d0;
 .timescale 0 0;
    .port_info 0 /INPUT 1 "clk";
    .port_info 1 /INPUT 1 "rst_n";
    .port_info 2 /INPUT 1 "en_compute";
    .port_info 3 /INPUT 1 "load_weight";
    .port_info 4 /INPUT 8 "in_act";
    .port_info 5 /INPUT 8 "in_weight";
    .port_info 6 /INPUT 32 "in_psum";
    .port_info 7 /OUTPUT 8 "out_act";
    .port_info 8 /OUTPUT 32 "out_psum";
v00000238928651b0_0 .net "clk", 0 0, v00000238928c9830_0;  alias, 1 drivers
v0000023892865250_0 .net "en_compute", 0 0, L_000002389294c268;  alias, 1 drivers
v0000023892865390_0 .net "in_act", 7 0, L_00000238929b6a70;  alias, 1 drivers
v0000023892898ec0_0 .net "in_psum", 31 0, L_00000238929c75a0;  alias, 1 drivers
v0000023892898f60_0 .net "in_weight", 7 0, L_00000238929b5a30;  alias, 1 drivers
v0000023892897f20_0 .net "load_weight", 0 0, L_00000238929b5ad0;  alias, 1 drivers
v0000023892898380_0 .var "out_act", 7 0;
v0000023892899c80_0 .var "out_psum", 31 0;
v00000238928986a0_0 .var/s "reg_weight", 7 0;
v0000023892898740_0 .net "rst_n", 0 0, L_00000238926d5550;  alias, 1 drivers
S_000002389288bcf0 .scope generate, "COL_LOOP[1]" "COL_LOOP[1]" 9 55, 9 55 0, S_0000023892889770;
 .timescale -9 -12;
P_00000238926f0310 .param/l "c" 0 9 55, +C4<01>;
v0000023892897b60_0 .net "pe_in_act", 7 0, L_00000238929c6260;  1 drivers
v0000023892899780_0 .net "pe_in_psum", 31 0, L_00000238929c7840;  1 drivers
v0000023892897d40_0 .net "pe_in_weight", 7 0, L_00000238929b5fd0;  1 drivers
v0000023892898ba0_0 .net "pe_load_en", 0 0, L_00000238929b78d0;  1 drivers
S_000002389288be80 .scope generate, "genblk1" "genblk1" 9 61, 9 61 0, S_000002389288bcf0;
 .timescale -9 -12;
L_00000238929c6260 .functor BUFZ 8, v0000023892898380_0, C4<00000000>, C4<00000000>, C4<00000000>;
S_000002389288c010 .scope generate, "genblk2" "genblk2" 9 72, 9 72 0, S_000002389288bcf0;
 .timescale -9 -12;
L_00000238929c7840 .functor BUFZ 32, v000002389286c2d0_0, C4<00000000000000000000000000000000>, C4<00000000000000000000000000000000>, C4<00000000000000000000000000000000>;
S_000002389288c1a0 .scope module, "pe_inst" "pe" 9 91, 10 12 0, S_000002389288bcf0;
 .timescale 0 0;
    .port_info 0 /INPUT 1 "clk";
    .port_info 1 /INPUT 1 "rst_n";
    .port_info 2 /INPUT 1 "en_compute";
    .port_info 3 /INPUT 1 "load_weight";
    .port_info 4 /INPUT 8 "in_act";
    .port_info 5 /INPUT 8 "in_weight";
    .port_info 6 /INPUT 32 "in_psum";
    .port_info 7 /OUTPUT 8 "out_act";
    .port_info 8 /OUTPUT 32 "out_psum";
v00000238928987e0_0 .net "clk", 0 0, v00000238928c9830_0;  alias, 1 drivers
v0000023892899fa0_0 .net "en_compute", 0 0, L_000002389294c268;  alias, 1 drivers
v00000238928978e0_0 .net "in_act", 7 0, L_00000238929c6260;  alias, 1 drivers
v00000238928990a0_0 .net "in_psum", 31 0, L_00000238929c7840;  alias, 1 drivers
v0000023892897ca0_0 .net "in_weight", 7 0, L_00000238929b5fd0;  alias, 1 drivers
v0000023892899d20_0 .net "load_weight", 0 0, L_00000238929b78d0;  alias, 1 drivers
v0000023892899dc0_0 .var "out_act", 7 0;
v0000023892898d80_0 .var "out_psum", 31 0;
v0000023892897ac0_0 .var/s "reg_weight", 7 0;
v0000023892898a60_0 .net "rst_n", 0 0, L_00000238926d5550;  alias, 1 drivers
S_000002389288c330 .scope generate, "COL_LOOP[2]" "COL_LOOP[2]" 9 55, 9 55 0, S_0000023892889770;
 .timescale -9 -12;
P_00000238926f0a10 .param/l "c" 0 9 55, +C4<010>;
v000002389289a040_0 .net "pe_in_act", 7 0, L_00000238929c6650;  1 drivers
v0000023892897980_0 .net "pe_in_psum", 31 0, L_00000238929c5cb0;  1 drivers
v0000023892898920_0 .net "pe_in_weight", 7 0, L_00000238929b6b10;  1 drivers
v0000023892897de0_0 .net "pe_load_en", 0 0, L_00000238929b6bb0;  1 drivers
S_000002389288c650 .scope generate, "genblk1" "genblk1" 9 61, 9 61 0, S_000002389288c330;
 .timescale -9 -12;
L_00000238929c6650 .functor BUFZ 8, v0000023892899dc0_0, C4<00000000>, C4<00000000>, C4<00000000>;
S_000002389288c4c0 .scope generate, "genblk2" "genblk2" 9 72, 9 72 0, S_000002389288c330;
 .timescale -9 -12;
L_00000238929c5cb0 .functor BUFZ 32, v000002389286d770_0, C4<00000000000000000000000000000000>, C4<00000000000000000000000000000000>, C4<00000000000000000000000000000000>;
S_000002389288c7e0 .scope module, "pe_inst" "pe" 9 91, 10 12 0, S_000002389288c330;
 .timescale 0 0;
    .port_info 0 /INPUT 1 "clk";
    .port_info 1 /INPUT 1 "rst_n";
    .port_info 2 /INPUT 1 "en_compute";
    .port_info 3 /INPUT 1 "load_weight";
    .port_info 4 /INPUT 8 "in_act";
    .port_info 5 /INPUT 8 "in_weight";
    .port_info 6 /INPUT 32 "in_psum";
    .port_info 7 /OUTPUT 8 "out_act";
    .port_info 8 /OUTPUT 32 "out_psum";
v0000023892899640_0 .net "clk", 0 0, v00000238928c9830_0;  alias, 1 drivers
v0000023892898c40_0 .net "en_compute", 0 0, L_000002389294c268;  alias, 1 drivers
v0000023892899280_0 .net "in_act", 7 0, L_00000238929c6650;  alias, 1 drivers
v0000023892899e60_0 .net "in_psum", 31 0, L_00000238929c5cb0;  alias, 1 drivers
v0000023892898420_0 .net "in_weight", 7 0, L_00000238929b6b10;  alias, 1 drivers
v0000023892899be0_0 .net "load_weight", 0 0, L_00000238929b6bb0;  alias, 1 drivers
v0000023892898600_0 .var "out_act", 7 0;
v0000023892899f00_0 .var "out_psum", 31 0;
v0000023892897e80_0 .var/s "reg_weight", 7 0;
v0000023892897c00_0 .net "rst_n", 0 0, L_00000238926d5550;  alias, 1 drivers
S_000002389288d140 .scope generate, "COL_LOOP[3]" "COL_LOOP[3]" 9 55, 9 55 0, S_0000023892889770;
 .timescale -9 -12;
P_00000238926f1110 .param/l "c" 0 9 55, +C4<011>;
v0000023892899960_0 .net "pe_in_act", 7 0, L_00000238929c7220;  1 drivers
v0000023892898ce0_0 .net "pe_in_psum", 31 0, L_00000238929c6ff0;  1 drivers
v0000023892899aa0_0 .net "pe_in_weight", 7 0, L_00000238929b6cf0;  1 drivers
v0000023892898240_0 .net "pe_load_en", 0 0, L_00000238929b7510;  1 drivers
S_000002389288c970 .scope generate, "genblk1" "genblk1" 9 61, 9 61 0, S_000002389288d140;
 .timescale -9 -12;
L_00000238929c7220 .functor BUFZ 8, v0000023892898600_0, C4<00000000>, C4<00000000>, C4<00000000>;
S_000002389288cb00 .scope generate, "genblk2" "genblk2" 9 72, 9 72 0, S_000002389288d140;
 .timescale -9 -12;
L_00000238929c6ff0 .functor BUFZ 32, v000002389286d950_0, C4<00000000000000000000000000000000>, C4<00000000000000000000000000000000>, C4<00000000000000000000000000000000>;
S_000002389288cc90 .scope module, "pe_inst" "pe" 9 91, 10 12 0, S_000002389288d140;
 .timescale 0 0;
    .port_info 0 /INPUT 1 "clk";
    .port_info 1 /INPUT 1 "rst_n";
    .port_info 2 /INPUT 1 "en_compute";
    .port_info 3 /INPUT 1 "load_weight";
    .port_info 4 /INPUT 8 "in_act";
    .port_info 5 /INPUT 8 "in_weight";
    .port_info 6 /INPUT 32 "in_psum";
    .port_info 7 /OUTPUT 8 "out_act";
    .port_info 8 /OUTPUT 32 "out_psum";
v00000238928984c0_0 .net "clk", 0 0, v00000238928c9830_0;  alias, 1 drivers
v0000023892899820_0 .net "en_compute", 0 0, L_000002389294c268;  alias, 1 drivers
v00000238928995a0_0 .net "in_act", 7 0, L_00000238929c7220;  alias, 1 drivers
v00000238928989c0_0 .net "in_psum", 31 0, L_00000238929c6ff0;  alias, 1 drivers
v0000023892898b00_0 .net "in_weight", 7 0, L_00000238929b6cf0;  alias, 1 drivers
v0000023892897fc0_0 .net "load_weight", 0 0, L_00000238929b7510;  alias, 1 drivers
v0000023892898e20_0 .var "out_act", 7 0;
v0000023892899140_0 .var "out_psum", 31 0;
v0000023892898100_0 .var/s "reg_weight", 7 0;
v00000238928981a0_0 .net "rst_n", 0 0, L_00000238926d5550;  alias, 1 drivers
S_000002389288ce20 .scope generate, "COL_LOOP[4]" "COL_LOOP[4]" 9 55, 9 55 0, S_0000023892889770;
 .timescale -9 -12;
P_00000238926f0a50 .param/l "c" 0 9 55, +C4<0100>;
v000002389289c0c0_0 .net "pe_in_act", 7 0, L_00000238929c62d0;  1 drivers
v000002389289bee0_0 .net "pe_in_psum", 31 0, L_00000238929c7300;  1 drivers
v000002389289bf80_0 .net "pe_in_weight", 7 0, L_00000238929b6d90;  1 drivers
v000002389289af40_0 .net "pe_load_en", 0 0, L_00000238929b6070;  1 drivers
S_000002389288cfb0 .scope generate, "genblk1" "genblk1" 9 61, 9 61 0, S_000002389288ce20;
 .timescale -9 -12;
L_00000238929c62d0 .functor BUFZ 8, v0000023892898e20_0, C4<00000000>, C4<00000000>, C4<00000000>;
S_0000023892889130 .scope generate, "genblk2" "genblk2" 9 72, 9 72 0, S_000002389288ce20;
 .timescale -9 -12;
L_00000238929c7300 .functor BUFZ 32, v000002389286ef30_0, C4<00000000000000000000000000000000>, C4<00000000000000000000000000000000>, C4<00000000000000000000000000000000>;
S_000002389288d2d0 .scope module, "pe_inst" "pe" 9 91, 10 12 0, S_000002389288ce20;
 .timescale 0 0;
    .port_info 0 /INPUT 1 "clk";
    .port_info 1 /INPUT 1 "rst_n";
    .port_info 2 /INPUT 1 "en_compute";
    .port_info 3 /INPUT 1 "load_weight";
    .port_info 4 /INPUT 8 "in_act";
    .port_info 5 /INPUT 8 "in_weight";
    .port_info 6 /INPUT 32 "in_psum";
    .port_info 7 /OUTPUT 8 "out_act";
    .port_info 8 /OUTPUT 32 "out_psum";
v0000023892899320_0 .net "clk", 0 0, v00000238928c9830_0;  alias, 1 drivers
v0000023892899460_0 .net "en_compute", 0 0, L_000002389294c268;  alias, 1 drivers
v00000238928996e0_0 .net "in_act", 7 0, L_00000238929c62d0;  alias, 1 drivers
v00000238928993c0_0 .net "in_psum", 31 0, L_00000238929c7300;  alias, 1 drivers
v0000023892899500_0 .net "in_weight", 7 0, L_00000238929b6d90;  alias, 1 drivers
v0000023892899a00_0 .net "load_weight", 0 0, L_00000238929b6070;  alias, 1 drivers
v0000023892899b40_0 .var "out_act", 7 0;
v000002389289c520_0 .var "out_psum", 31 0;
v000002389289c020_0 .var/s "reg_weight", 7 0;
v000002389289c7a0_0 .net "rst_n", 0 0, L_00000238926d5550;  alias, 1 drivers
S_00000238928892c0 .scope generate, "COL_LOOP[5]" "COL_LOOP[5]" 9 55, 9 55 0, S_0000023892889770;
 .timescale -9 -12;
P_00000238926f0ad0 .param/l "c" 0 9 55, +C4<0101>;
v000002389289c200_0 .net "pe_in_act", 7 0, L_00000238929c6340;  1 drivers
v000002389289a540_0 .net "pe_in_psum", 31 0, L_00000238929c6c70;  1 drivers
v000002389289b3a0_0 .net "pe_in_weight", 7 0, L_00000238929b6e30;  1 drivers
v000002389289aae0_0 .net "pe_load_en", 0 0, L_00000238929b6f70;  1 drivers
S_000002389288e270 .scope generate, "genblk1" "genblk1" 9 61, 9 61 0, S_00000238928892c0;
 .timescale -9 -12;
L_00000238929c6340 .functor BUFZ 8, v0000023892899b40_0, C4<00000000>, C4<00000000>, C4<00000000>;
S_000002389288ebd0 .scope generate, "genblk2" "genblk2" 9 72, 9 72 0, S_00000238928892c0;
 .timescale -9 -12;
L_00000238929c6c70 .functor BUFZ 32, v000002389286e530_0, C4<00000000000000000000000000000000>, C4<00000000000000000000000000000000>, C4<00000000000000000000000000000000>;
S_000002389288e400 .scope module, "pe_inst" "pe" 9 91, 10 12 0, S_00000238928892c0;
 .timescale 0 0;
    .port_info 0 /INPUT 1 "clk";
    .port_info 1 /INPUT 1 "rst_n";
    .port_info 2 /INPUT 1 "en_compute";
    .port_info 3 /INPUT 1 "load_weight";
    .port_info 4 /INPUT 8 "in_act";
    .port_info 5 /INPUT 8 "in_weight";
    .port_info 6 /INPUT 32 "in_psum";
    .port_info 7 /OUTPUT 8 "out_act";
    .port_info 8 /OUTPUT 32 "out_psum";
v000002389289a0e0_0 .net "clk", 0 0, v00000238928c9830_0;  alias, 1 drivers
v000002389289c5c0_0 .net "en_compute", 0 0, L_000002389294c268;  alias, 1 drivers
v000002389289b800_0 .net "in_act", 7 0, L_00000238929c6340;  alias, 1 drivers
v000002389289a680_0 .net "in_psum", 31 0, L_00000238929c6c70;  alias, 1 drivers
v000002389289c480_0 .net "in_weight", 7 0, L_00000238929b6e30;  alias, 1 drivers
v000002389289afe0_0 .net "load_weight", 0 0, L_00000238929b6f70;  alias, 1 drivers
v000002389289a180_0 .var "out_act", 7 0;
v000002389289a720_0 .var "out_psum", 31 0;
v000002389289b260_0 .var/s "reg_weight", 7 0;
v000002389289c160_0 .net "rst_n", 0 0, L_00000238926d5550;  alias, 1 drivers
S_000002389288daa0 .scope generate, "COL_LOOP[6]" "COL_LOOP[6]" 9 55, 9 55 0, S_0000023892889770;
 .timescale -9 -12;
P_00000238926f0b50 .param/l "c" 0 9 55, +C4<0110>;
v000002389289c340_0 .net "pe_in_act", 7 0, L_00000238929c6ce0;  1 drivers
v000002389289aea0_0 .net "pe_in_psum", 31 0, L_00000238929c66c0;  1 drivers
v000002389289b080_0 .net "pe_in_weight", 7 0, L_00000238929b7010;  1 drivers
v000002389289ac20_0 .net "pe_load_en", 0 0, L_00000238929b70b0;  1 drivers
S_000002389288d780 .scope generate, "genblk1" "genblk1" 9 61, 9 61 0, S_000002389288daa0;
 .timescale -9 -12;
L_00000238929c6ce0 .functor BUFZ 8, v000002389289a180_0, C4<00000000>, C4<00000000>, C4<00000000>;
S_000002389288e590 .scope generate, "genblk2" "genblk2" 9 72, 9 72 0, S_000002389288daa0;
 .timescale -9 -12;
L_00000238929c66c0 .functor BUFZ 32, v0000023892870fb0_0, C4<00000000000000000000000000000000>, C4<00000000000000000000000000000000>, C4<00000000000000000000000000000000>;
S_000002389288df50 .scope module, "pe_inst" "pe" 9 91, 10 12 0, S_000002389288daa0;
 .timescale 0 0;
    .port_info 0 /INPUT 1 "clk";
    .port_info 1 /INPUT 1 "rst_n";
    .port_info 2 /INPUT 1 "en_compute";
    .port_info 3 /INPUT 1 "load_weight";
    .port_info 4 /INPUT 8 "in_act";
    .port_info 5 /INPUT 8 "in_weight";
    .port_info 6 /INPUT 32 "in_psum";
    .port_info 7 /OUTPUT 8 "out_act";
    .port_info 8 /OUTPUT 32 "out_psum";
v000002389289b760_0 .net "clk", 0 0, v00000238928c9830_0;  alias, 1 drivers
v000002389289a7c0_0 .net "en_compute", 0 0, L_000002389294c268;  alias, 1 drivers
v000002389289ba80_0 .net "in_act", 7 0, L_00000238929c6ce0;  alias, 1 drivers
v000002389289ab80_0 .net "in_psum", 31 0, L_00000238929c66c0;  alias, 1 drivers
v000002389289b9e0_0 .net "in_weight", 7 0, L_00000238929b7010;  alias, 1 drivers
v000002389289ad60_0 .net "load_weight", 0 0, L_00000238929b70b0;  alias, 1 drivers
v000002389289c660_0 .var "out_act", 7 0;
v000002389289a860_0 .var "out_psum", 31 0;
v000002389289bda0_0 .var/s "reg_weight", 7 0;
v000002389289b6c0_0 .net "rst_n", 0 0, L_00000238926d5550;  alias, 1 drivers
S_000002389288ed60 .scope generate, "COL_LOOP[7]" "COL_LOOP[7]" 9 55, 9 55 0, S_0000023892889770;
 .timescale -9 -12;
P_00000238926f1090 .param/l "c" 0 9 55, +C4<0111>;
v000002389289a900_0 .net "pe_in_act", 7 0, L_00000238929c6960;  1 drivers
v000002389289a2c0_0 .net "pe_in_psum", 31 0, L_00000238929c7610;  1 drivers
v000002389289bbc0_0 .net "pe_in_weight", 7 0, L_00000238929b7470;  1 drivers
v000002389289a9a0_0 .net "pe_load_en", 0 0, L_00000238929b7f10;  1 drivers
S_000002389288e720 .scope generate, "genblk1" "genblk1" 9 61, 9 61 0, S_000002389288ed60;
 .timescale -9 -12;
L_00000238929c6960 .functor BUFZ 8, v000002389289c660_0, C4<00000000>, C4<00000000>, C4<00000000>;
S_000002389288e8b0 .scope generate, "genblk2" "genblk2" 9 72, 9 72 0, S_000002389288ed60;
 .timescale -9 -12;
L_00000238929c7610 .functor BUFZ 32, v0000023892870ab0_0, C4<00000000000000000000000000000000>, C4<00000000000000000000000000000000>, C4<00000000000000000000000000000000>;
S_000002389288ea40 .scope module, "pe_inst" "pe" 9 91, 10 12 0, S_000002389288ed60;
 .timescale 0 0;
    .port_info 0 /INPUT 1 "clk";
    .port_info 1 /INPUT 1 "rst_n";
    .port_info 2 /INPUT 1 "en_compute";
    .port_info 3 /INPUT 1 "load_weight";
    .port_info 4 /INPUT 8 "in_act";
    .port_info 5 /INPUT 8 "in_weight";
    .port_info 6 /INPUT 32 "in_psum";
    .port_info 7 /OUTPUT 8 "out_act";
    .port_info 8 /OUTPUT 32 "out_psum";
v000002389289b120_0 .net "clk", 0 0, v00000238928c9830_0;  alias, 1 drivers
v000002389289a5e0_0 .net "en_compute", 0 0, L_000002389294c268;  alias, 1 drivers
v000002389289b300_0 .net "in_act", 7 0, L_00000238929c6960;  alias, 1 drivers
v000002389289b4e0_0 .net "in_psum", 31 0, L_00000238929c7610;  alias, 1 drivers
v000002389289b580_0 .net "in_weight", 7 0, L_00000238929b7470;  alias, 1 drivers
v000002389289c700_0 .net "load_weight", 0 0, L_00000238929b7f10;  alias, 1 drivers
v000002389289b8a0_0 .var "out_act", 7 0;
v000002389289a220_0 .var "out_psum", 31 0;
v000002389289bb20_0 .var/s "reg_weight", 7 0;
v000002389289c840_0 .net "rst_n", 0 0, L_00000238926d5550;  alias, 1 drivers
S_000002389288d460 .scope generate, "COL_LOOP[8]" "COL_LOOP[8]" 9 55, 9 55 0, S_0000023892889770;
 .timescale -9 -12;
P_00000238926f0b90 .param/l "c" 0 9 55, +C4<01000>;
v000002389289c3e0_0 .net "pe_in_act", 7 0, L_00000238929c5e00;  1 drivers
v000002389289de20_0 .net "pe_in_psum", 31 0, L_00000238929c67a0;  1 drivers
v000002389289e960_0 .net "pe_in_weight", 7 0, L_00000238929b73d0;  1 drivers
v000002389289ef00_0 .net "pe_load_en", 0 0, L_00000238929b5cb0;  1 drivers
S_000002389288d5f0 .scope generate, "genblk1" "genblk1" 9 61, 9 61 0, S_000002389288d460;
 .timescale -9 -12;
L_00000238929c5e00 .functor BUFZ 8, v000002389289b8a0_0, C4<00000000>, C4<00000000>, C4<00000000>;
S_000002389288dc30 .scope generate, "genblk2" "genblk2" 9 72, 9 72 0, S_000002389288d460;
 .timescale -9 -12;
L_00000238929c67a0 .functor BUFZ 32, v0000023892870790_0, C4<00000000000000000000000000000000>, C4<00000000000000000000000000000000>, C4<00000000000000000000000000000000>;
S_000002389288d910 .scope module, "pe_inst" "pe" 9 91, 10 12 0, S_000002389288d460;
 .timescale 0 0;
    .port_info 0 /INPUT 1 "clk";
    .port_info 1 /INPUT 1 "rst_n";
    .port_info 2 /INPUT 1 "en_compute";
    .port_info 3 /INPUT 1 "load_weight";
    .port_info 4 /INPUT 8 "in_act";
    .port_info 5 /INPUT 8 "in_weight";
    .port_info 6 /INPUT 32 "in_psum";
    .port_info 7 /OUTPUT 8 "out_act";
    .port_info 8 /OUTPUT 32 "out_psum";
v000002389289a360_0 .net "clk", 0 0, v00000238928c9830_0;  alias, 1 drivers
v000002389289a400_0 .net "en_compute", 0 0, L_000002389294c268;  alias, 1 drivers
v000002389289a4a0_0 .net "in_act", 7 0, L_00000238929c5e00;  alias, 1 drivers
v000002389289aa40_0 .net "in_psum", 31 0, L_00000238929c67a0;  alias, 1 drivers
v000002389289acc0_0 .net "in_weight", 7 0, L_00000238929b73d0;  alias, 1 drivers
v000002389289ae00_0 .net "load_weight", 0 0, L_00000238929b5cb0;  alias, 1 drivers
v000002389289b940_0 .var "out_act", 7 0;
v000002389289bc60_0 .var "out_psum", 31 0;
v000002389289bd00_0 .var/s "reg_weight", 7 0;
v000002389289be40_0 .net "rst_n", 0 0, L_00000238926d5550;  alias, 1 drivers
S_000002389288ddc0 .scope generate, "COL_LOOP[9]" "COL_LOOP[9]" 9 55, 9 55 0, S_0000023892889770;
 .timescale -9 -12;
P_00000238926f0c90 .param/l "c" 0 9 55, +C4<01001>;
v000002389289d420_0 .net "pe_in_act", 7 0, L_00000238929c6490;  1 drivers
v000002389289e0a0_0 .net "pe_in_psum", 31 0, L_00000238929c7290;  1 drivers
v000002389289d240_0 .net "pe_in_weight", 7 0, L_00000238929b7c90;  1 drivers
v000002389289d920_0 .net "pe_load_en", 0 0, L_00000238929b7d30;  1 drivers
S_000002389288e0e0 .scope generate, "genblk1" "genblk1" 9 61, 9 61 0, S_000002389288ddc0;
 .timescale -9 -12;
L_00000238929c6490 .functor BUFZ 8, v000002389289b940_0, C4<00000000>, C4<00000000>, C4<00000000>;
S_00000238928b7d90 .scope generate, "genblk2" "genblk2" 9 72, 9 72 0, S_000002389288ddc0;
 .timescale -9 -12;
L_00000238929c7290 .functor BUFZ 32, v000002389286fbb0_0, C4<00000000000000000000000000000000>, C4<00000000000000000000000000000000>, C4<00000000000000000000000000000000>;
S_00000238928b6490 .scope module, "pe_inst" "pe" 9 91, 10 12 0, S_000002389288ddc0;
 .timescale 0 0;
    .port_info 0 /INPUT 1 "clk";
    .port_info 1 /INPUT 1 "rst_n";
    .port_info 2 /INPUT 1 "en_compute";
    .port_info 3 /INPUT 1 "load_weight";
    .port_info 4 /INPUT 8 "in_act";
    .port_info 5 /INPUT 8 "in_weight";
    .port_info 6 /INPUT 32 "in_psum";
    .port_info 7 /OUTPUT 8 "out_act";
    .port_info 8 /OUTPUT 32 "out_psum";
v000002389289ec80_0 .net "clk", 0 0, v00000238928c9830_0;  alias, 1 drivers
v000002389289ed20_0 .net "en_compute", 0 0, L_000002389294c268;  alias, 1 drivers
v000002389289d740_0 .net "in_act", 7 0, L_00000238929c6490;  alias, 1 drivers
v000002389289cac0_0 .net "in_psum", 31 0, L_00000238929c7290;  alias, 1 drivers
v000002389289df60_0 .net "in_weight", 7 0, L_00000238929b7c90;  alias, 1 drivers
v000002389289eb40_0 .net "load_weight", 0 0, L_00000238929b7d30;  alias, 1 drivers
v000002389289e140_0 .var "out_act", 7 0;
v000002389289d1a0_0 .var "out_psum", 31 0;
v000002389289cb60_0 .var/s "reg_weight", 7 0;
v000002389289e780_0 .net "rst_n", 0 0, L_00000238926d5550;  alias, 1 drivers
S_00000238928b6c60 .scope generate, "COL_LOOP[10]" "COL_LOOP[10]" 9 55, 9 55 0, S_0000023892889770;
 .timescale -9 -12;
P_00000238926f0f50 .param/l "c" 0 9 55, +C4<01010>;
v000002389289f040_0 .net "pe_in_act", 7 0, L_00000238929c6570;  1 drivers
v000002389289ee60_0 .net "pe_in_psum", 31 0, L_00000238929c65e0;  1 drivers
v000002389289cfc0_0 .net "pe_in_weight", 7 0, L_00000238929b7dd0;  1 drivers
v000002389289efa0_0 .net "pe_load_en", 0 0, L_00000238929b8050;  1 drivers
S_00000238928b7430 .scope generate, "genblk1" "genblk1" 9 61, 9 61 0, S_00000238928b6c60;
 .timescale -9 -12;
L_00000238929c6570 .functor BUFZ 8, v000002389289e140_0, C4<00000000>, C4<00000000>, C4<00000000>;
S_00000238928b75c0 .scope generate, "genblk2" "genblk2" 9 72, 9 72 0, S_00000238928b6c60;
 .timescale -9 -12;
L_00000238929c65e0 .functor BUFZ 32, v0000023892872e50_0, C4<00000000000000000000000000000000>, C4<00000000000000000000000000000000>, C4<00000000000000000000000000000000>;
S_00000238928b6df0 .scope module, "pe_inst" "pe" 9 91, 10 12 0, S_00000238928b6c60;
 .timescale 0 0;
    .port_info 0 /INPUT 1 "clk";
    .port_info 1 /INPUT 1 "rst_n";
    .port_info 2 /INPUT 1 "en_compute";
    .port_info 3 /INPUT 1 "load_weight";
    .port_info 4 /INPUT 8 "in_act";
    .port_info 5 /INPUT 8 "in_weight";
    .port_info 6 /INPUT 32 "in_psum";
    .port_info 7 /OUTPUT 8 "out_act";
    .port_info 8 /OUTPUT 32 "out_psum";
v000002389289e1e0_0 .net "clk", 0 0, v00000238928c9830_0;  alias, 1 drivers
v000002389289ea00_0 .net "en_compute", 0 0, L_000002389294c268;  alias, 1 drivers
v000002389289d560_0 .net "in_act", 7 0, L_00000238929c6570;  alias, 1 drivers
v000002389289c980_0 .net "in_psum", 31 0, L_00000238929c65e0;  alias, 1 drivers
v000002389289ca20_0 .net "in_weight", 7 0, L_00000238929b7dd0;  alias, 1 drivers
v000002389289cc00_0 .net "load_weight", 0 0, L_00000238929b8050;  alias, 1 drivers
v000002389289e320_0 .var "out_act", 7 0;
v000002389289edc0_0 .var "out_psum", 31 0;
v000002389289cf20_0 .var/s "reg_weight", 7 0;
v000002389289ebe0_0 .net "rst_n", 0 0, L_00000238926d5550;  alias, 1 drivers
S_00000238928b6940 .scope generate, "COL_LOOP[11]" "COL_LOOP[11]" 9 55, 9 55 0, S_0000023892889770;
 .timescale -9 -12;
P_00000238926f0cd0 .param/l "c" 0 9 55, +C4<01011>;
v000002389289e460_0 .net "pe_in_act", 7 0, L_00000238929c6810;  1 drivers
v000002389289d2e0_0 .net "pe_in_psum", 31 0, L_00000238929c7370;  1 drivers
v000002389289d9c0_0 .net "pe_in_weight", 7 0, L_00000238929b58f0;  1 drivers
v000002389289db00_0 .net "pe_load_en", 0 0, L_00000238929b5e90;  1 drivers
S_00000238928b6f80 .scope generate, "genblk1" "genblk1" 9 61, 9 61 0, S_00000238928b6940;
 .timescale -9 -12;
L_00000238929c6810 .functor BUFZ 8, v000002389289e320_0, C4<00000000>, C4<00000000>, C4<00000000>;
S_00000238928b7c00 .scope generate, "genblk2" "genblk2" 9 72, 9 72 0, S_00000238928b6940;
 .timescale -9 -12;
L_00000238929c7370 .functor BUFZ 32, v0000023892872d10_0, C4<00000000000000000000000000000000>, C4<00000000000000000000000000000000>, C4<00000000000000000000000000000000>;
S_00000238928b7750 .scope module, "pe_inst" "pe" 9 91, 10 12 0, S_00000238928b6940;
 .timescale 0 0;
    .port_info 0 /INPUT 1 "clk";
    .port_info 1 /INPUT 1 "rst_n";
    .port_info 2 /INPUT 1 "en_compute";
    .port_info 3 /INPUT 1 "load_weight";
    .port_info 4 /INPUT 8 "in_act";
    .port_info 5 /INPUT 8 "in_weight";
    .port_info 6 /INPUT 32 "in_psum";
    .port_info 7 /OUTPUT 8 "out_act";
    .port_info 8 /OUTPUT 32 "out_psum";
v000002389289dba0_0 .net "clk", 0 0, v00000238928c9830_0;  alias, 1 drivers
v000002389289c8e0_0 .net "en_compute", 0 0, L_000002389294c268;  alias, 1 drivers
v000002389289cca0_0 .net "in_act", 7 0, L_00000238929c6810;  alias, 1 drivers
v000002389289e3c0_0 .net "in_psum", 31 0, L_00000238929c7370;  alias, 1 drivers
v000002389289cd40_0 .net "in_weight", 7 0, L_00000238929b58f0;  alias, 1 drivers
v000002389289d7e0_0 .net "load_weight", 0 0, L_00000238929b5e90;  alias, 1 drivers
v000002389289cde0_0 .var "out_act", 7 0;
v000002389289d880_0 .var "out_psum", 31 0;
v000002389289e000_0 .var/s "reg_weight", 7 0;
v000002389289ce80_0 .net "rst_n", 0 0, L_00000238926d5550;  alias, 1 drivers
S_00000238928b78e0 .scope generate, "COL_LOOP[12]" "COL_LOOP[12]" 9 55, 9 55 0, S_0000023892889770;
 .timescale -9 -12;
P_00000238926f0d10 .param/l "c" 0 9 55, +C4<01100>;
v000002389289dce0_0 .net "pe_in_act", 7 0, L_00000238929c7680;  1 drivers
v000002389289dd80_0 .net "pe_in_psum", 31 0, L_00000238929c7450;  1 drivers
v000002389289e6e0_0 .net "pe_in_weight", 7 0, L_00000238929b99f0;  1 drivers
v000002389289e820_0 .net "pe_load_en", 0 0, L_00000238929b9a90;  1 drivers
S_00000238928b7a70 .scope generate, "genblk1" "genblk1" 9 61, 9 61 0, S_00000238928b78e0;
 .timescale -9 -12;
L_00000238929c7680 .functor BUFZ 8, v000002389289cde0_0, C4<00000000>, C4<00000000>, C4<00000000>;
S_00000238928b6620 .scope generate, "genblk2" "genblk2" 9 72, 9 72 0, S_00000238928b78e0;
 .timescale -9 -12;
L_00000238929c7450 .functor BUFZ 32, v0000023892863770_0, C4<00000000000000000000000000000000>, C4<00000000000000000000000000000000>, C4<00000000000000000000000000000000>;
S_00000238928b67b0 .scope module, "pe_inst" "pe" 9 91, 10 12 0, S_00000238928b78e0;
 .timescale 0 0;
    .port_info 0 /INPUT 1 "clk";
    .port_info 1 /INPUT 1 "rst_n";
    .port_info 2 /INPUT 1 "en_compute";
    .port_info 3 /INPUT 1 "load_weight";
    .port_info 4 /INPUT 8 "in_act";
    .port_info 5 /INPUT 8 "in_weight";
    .port_info 6 /INPUT 32 "in_psum";
    .port_info 7 /OUTPUT 8 "out_act";
    .port_info 8 /OUTPUT 32 "out_psum";
v000002389289d6a0_0 .net "clk", 0 0, v00000238928c9830_0;  alias, 1 drivers
v000002389289d060_0 .net "en_compute", 0 0, L_000002389294c268;  alias, 1 drivers
v000002389289d100_0 .net "in_act", 7 0, L_00000238929c7680;  alias, 1 drivers
v000002389289e640_0 .net "in_psum", 31 0, L_00000238929c7450;  alias, 1 drivers
v000002389289d380_0 .net "in_weight", 7 0, L_00000238929b99f0;  alias, 1 drivers
v000002389289dec0_0 .net "load_weight", 0 0, L_00000238929b9a90;  alias, 1 drivers
v000002389289e500_0 .var "out_act", 7 0;
v000002389289d4c0_0 .var "out_psum", 31 0;
v000002389289da60_0 .var/s "reg_weight", 7 0;
v000002389289dc40_0 .net "rst_n", 0 0, L_00000238926d5550;  alias, 1 drivers
S_00000238928b7110 .scope generate, "COL_LOOP[13]" "COL_LOOP[13]" 9 55, 9 55 0, S_0000023892889770;
 .timescale -9 -12;
P_00000238926f0d50 .param/l "c" 0 9 55, +C4<01101>;
v000002389289f680_0 .net "pe_in_act", 7 0, L_00000238929c6880;  1 drivers
v000002389289f860_0 .net "pe_in_psum", 31 0, L_00000238929c7760;  1 drivers
v000002389289f9a0_0 .net "pe_in_weight", 7 0, L_00000238929b8d70;  1 drivers
v00000238928a1020_0 .net "pe_load_en", 0 0, L_00000238929ba670;  1 drivers
S_00000238928b6ad0 .scope generate, "genblk1" "genblk1" 9 61, 9 61 0, S_00000238928b7110;
 .timescale -9 -12;
L_00000238929c6880 .functor BUFZ 8, v000002389289e500_0, C4<00000000>, C4<00000000>, C4<00000000>;
S_00000238928b72a0 .scope generate, "genblk2" "genblk2" 9 72, 9 72 0, S_00000238928b7110;
 .timescale -9 -12;
L_00000238929c7760 .functor BUFZ 32, v0000023892863c70_0, C4<00000000000000000000000000000000>, C4<00000000000000000000000000000000>, C4<00000000000000000000000000000000>;
S_00000238928b2f70 .scope module, "pe_inst" "pe" 9 91, 10 12 0, S_00000238928b7110;
 .timescale 0 0;
    .port_info 0 /INPUT 1 "clk";
    .port_info 1 /INPUT 1 "rst_n";
    .port_info 2 /INPUT 1 "en_compute";
    .port_info 3 /INPUT 1 "load_weight";
    .port_info 4 /INPUT 8 "in_act";
    .port_info 5 /INPUT 8 "in_weight";
    .port_info 6 /INPUT 32 "in_psum";
    .port_info 7 /OUTPUT 8 "out_act";
    .port_info 8 /OUTPUT 32 "out_psum";
v00000238928a1520_0 .net "clk", 0 0, v00000238928c9830_0;  alias, 1 drivers
v00000238928a0760_0 .net "en_compute", 0 0, L_000002389294c268;  alias, 1 drivers
v00000238928a0a80_0 .net "in_act", 7 0, L_00000238929c6880;  alias, 1 drivers
v00000238928a09e0_0 .net "in_psum", 31 0, L_00000238929c7760;  alias, 1 drivers
v000002389289ffe0_0 .net "in_weight", 7 0, L_00000238929b8d70;  alias, 1 drivers
v000002389289fb80_0 .net "load_weight", 0 0, L_00000238929ba670;  alias, 1 drivers
v00000238928a0620_0 .var "out_act", 7 0;
v00000238928a0f80_0 .var "out_psum", 31 0;
v000002389289f900_0 .var/s "reg_weight", 7 0;
v00000238928a17a0_0 .net "rst_n", 0 0, L_00000238926d5550;  alias, 1 drivers
S_00000238928b0540 .scope generate, "COL_LOOP[14]" "COL_LOOP[14]" 9 55, 9 55 0, S_0000023892889770;
 .timescale -9 -12;
P_00000238926f0d90 .param/l "c" 0 9 55, +C4<01110>;
v000002389289f360_0 .net "pe_in_act", 7 0, L_00000238929c5d20;  1 drivers
v00000238928a1480_0 .net "pe_in_psum", 31 0, L_00000238929c68f0;  1 drivers
v00000238928a0120_0 .net "pe_in_weight", 7 0, L_00000238929b9bd0;  1 drivers
v000002389289f2c0_0 .net "pe_load_en", 0 0, L_00000238929ba490;  1 drivers
S_00000238928b0ea0 .scope generate, "genblk1" "genblk1" 9 61, 9 61 0, S_00000238928b0540;
 .timescale -9 -12;
L_00000238929c5d20 .functor BUFZ 8, v00000238928a0620_0, C4<00000000>, C4<00000000>, C4<00000000>;
S_00000238928b0d10 .scope generate, "genblk2" "genblk2" 9 72, 9 72 0, S_00000238928b0540;
 .timescale -9 -12;
L_00000238929c68f0 .functor BUFZ 32, v00000238928643f0_0, C4<00000000000000000000000000000000>, C4<00000000000000000000000000000000>, C4<00000000000000000000000000000000>;
S_00000238928b03b0 .scope module, "pe_inst" "pe" 9 91, 10 12 0, S_00000238928b0540;
 .timescale 0 0;
    .port_info 0 /INPUT 1 "clk";
    .port_info 1 /INPUT 1 "rst_n";
    .port_info 2 /INPUT 1 "en_compute";
    .port_info 3 /INPUT 1 "load_weight";
    .port_info 4 /INPUT 8 "in_act";
    .port_info 5 /INPUT 8 "in_weight";
    .port_info 6 /INPUT 32 "in_psum";
    .port_info 7 /OUTPUT 8 "out_act";
    .port_info 8 /OUTPUT 32 "out_psum";
v000002389289f720_0 .net "clk", 0 0, v00000238928c9830_0;  alias, 1 drivers
v000002389289f220_0 .net "en_compute", 0 0, L_000002389294c268;  alias, 1 drivers
v00000238928a06c0_0 .net "in_act", 7 0, L_00000238929c5d20;  alias, 1 drivers
v000002389289fa40_0 .net "in_psum", 31 0, L_00000238929c68f0;  alias, 1 drivers
v000002389289ff40_0 .net "in_weight", 7 0, L_00000238929b9bd0;  alias, 1 drivers
v000002389289f5e0_0 .net "load_weight", 0 0, L_00000238929ba490;  alias, 1 drivers
v00000238928a1160_0 .var "out_act", 7 0;
v00000238928a0800_0 .var "out_psum", 31 0;
v00000238928a15c0_0 .var/s "reg_weight", 7 0;
v00000238928a0080_0 .net "rst_n", 0 0, L_00000238926d5550;  alias, 1 drivers
S_00000238928b2ac0 .scope generate, "COL_LOOP[15]" "COL_LOOP[15]" 9 55, 9 55 0, S_0000023892889770;
 .timescale -9 -12;
P_00000238926f0dd0 .param/l "c" 0 9 55, +C4<01111>;
v00000238928a0940_0 .net "pe_in_act", 7 0, L_00000238929c7060;  1 drivers
v00000238928a0b20_0 .net "pe_in_psum", 31 0, L_00000238929c69d0;  1 drivers
v00000238928a01c0_0 .net "pe_in_weight", 7 0, L_00000238929b8f50;  1 drivers
v00000238928a13e0_0 .net "pe_load_en", 0 0, L_00000238929ba710;  1 drivers
S_00000238928b27a0 .scope generate, "genblk1" "genblk1" 9 61, 9 61 0, S_00000238928b2ac0;
 .timescale -9 -12;
L_00000238929c7060 .functor BUFZ 8, v00000238928a1160_0, C4<00000000>, C4<00000000>, C4<00000000>;
S_00000238928b1030 .scope generate, "genblk2" "genblk2" 9 72, 9 72 0, S_00000238928b2ac0;
 .timescale -9 -12;
L_00000238929c69d0 .functor BUFZ 32, v0000023892864490_0, C4<00000000000000000000000000000000>, C4<00000000000000000000000000000000>, C4<00000000000000000000000000000000>;
S_00000238928b0220 .scope module, "pe_inst" "pe" 9 91, 10 12 0, S_00000238928b2ac0;
 .timescale 0 0;
    .port_info 0 /INPUT 1 "clk";
    .port_info 1 /INPUT 1 "rst_n";
    .port_info 2 /INPUT 1 "en_compute";
    .port_info 3 /INPUT 1 "load_weight";
    .port_info 4 /INPUT 8 "in_act";
    .port_info 5 /INPUT 8 "in_weight";
    .port_info 6 /INPUT 32 "in_psum";
    .port_info 7 /OUTPUT 8 "out_act";
    .port_info 8 /OUTPUT 32 "out_psum";
v00000238928a1660_0 .net "clk", 0 0, v00000238928c9830_0;  alias, 1 drivers
v00000238928a12a0_0 .net "en_compute", 0 0, L_000002389294c268;  alias, 1 drivers
v000002389289f7c0_0 .net "in_act", 7 0, L_00000238929c7060;  alias, 1 drivers
v00000238928a08a0_0 .net "in_psum", 31 0, L_00000238929c69d0;  alias, 1 drivers
v000002389289fae0_0 .net "in_weight", 7 0, L_00000238929b8f50;  alias, 1 drivers
v000002389289fc20_0 .net "load_weight", 0 0, L_00000238929ba710;  alias, 1 drivers
v000002389289fcc0_0 .var "out_act", 7 0;
v000002389289fd60_0 .var "out_psum", 31 0;
v000002389289fe00_0 .var/s "reg_weight", 7 0;
v000002389289fea0_0 .net "rst_n", 0 0, L_00000238926d5550;  alias, 1 drivers
S_00000238928b14e0 .scope generate, "ROW_LOOP[9]" "ROW_LOOP[9]" 9 54, 9 54 0, S_00000238927e0370;
 .timescale -9 -12;
P_00000238926f0f90 .param/l "r" 0 9 54, +C4<01001>;
S_00000238928b22f0 .scope generate, "COL_LOOP[0]" "COL_LOOP[0]" 9 55, 9 55 0, S_00000238928b14e0;
 .timescale -9 -12;
P_00000238926f0fd0 .param/l "c" 0 9 55, +C4<00>;
v00000238928a0580_0 .net "pe_in_act", 7 0, L_00000238929b9630;  1 drivers
v000002389289f180_0 .net "pe_in_psum", 31 0, L_00000238929c5d90;  1 drivers
v00000238928a0c60_0 .net "pe_in_weight", 7 0, L_00000238929ba530;  1 drivers
v000002389289f400_0 .net "pe_load_en", 0 0, L_00000238929b8730;  1 drivers
S_00000238928b2c50 .scope generate, "genblk1" "genblk1" 9 61, 9 61 0, S_00000238928b22f0;
 .timescale -9 -12;
S_00000238928b2930 .scope generate, "genblk2" "genblk2" 9 72, 9 72 0, S_00000238928b22f0;
 .timescale -9 -12;
L_00000238929c5d90 .functor BUFZ 32, v0000023892899c80_0, C4<00000000000000000000000000000000>, C4<00000000000000000000000000000000>, C4<00000000000000000000000000000000>;
S_00000238928b3d80 .scope module, "pe_inst" "pe" 9 91, 10 12 0, S_00000238928b22f0;
 .timescale 0 0;
    .port_info 0 /INPUT 1 "clk";
    .port_info 1 /INPUT 1 "rst_n";
    .port_info 2 /INPUT 1 "en_compute";
    .port_info 3 /INPUT 1 "load_weight";
    .port_info 4 /INPUT 8 "in_act";
    .port_info 5 /INPUT 8 "in_weight";
    .port_info 6 /INPUT 32 "in_psum";
    .port_info 7 /OUTPUT 8 "out_act";
    .port_info 8 /OUTPUT 32 "out_psum";
v00000238928a0260_0 .net "clk", 0 0, v00000238928c9830_0;  alias, 1 drivers
v00000238928a0300_0 .net "en_compute", 0 0, L_000002389294c268;  alias, 1 drivers
v00000238928a1840_0 .net "in_act", 7 0, L_00000238929b9630;  alias, 1 drivers
v00000238928a1340_0 .net "in_psum", 31 0, L_00000238929c5d90;  alias, 1 drivers
v00000238928a0ee0_0 .net "in_weight", 7 0, L_00000238929ba530;  alias, 1 drivers
v000002389289f0e0_0 .net "load_weight", 0 0, L_00000238929b8730;  alias, 1 drivers
v00000238928a03a0_0 .var "out_act", 7 0;
v00000238928a0bc0_0 .var "out_psum", 31 0;
v00000238928a0440_0 .var/s "reg_weight", 7 0;
v00000238928a04e0_0 .net "rst_n", 0 0, L_00000238926d5550;  alias, 1 drivers
S_00000238928b06d0 .scope generate, "COL_LOOP[1]" "COL_LOOP[1]" 9 55, 9 55 0, S_00000238928b14e0;
 .timescale -9 -12;
P_00000238926f17d0 .param/l "c" 0 9 55, +C4<01>;
v00000238928a2060_0 .net "pe_in_act", 7 0, L_00000238929c6a40;  1 drivers
v00000238928a31e0_0 .net "pe_in_psum", 31 0, L_00000238929c6ab0;  1 drivers
v00000238928a1ac0_0 .net "pe_in_weight", 7 0, L_00000238929b8ff0;  1 drivers
v00000238928a2560_0 .net "pe_load_en", 0 0, L_00000238929b96d0;  1 drivers
S_00000238928b11c0 .scope generate, "genblk1" "genblk1" 9 61, 9 61 0, S_00000238928b06d0;
 .timescale -9 -12;
L_00000238929c6a40 .functor BUFZ 8, v00000238928a03a0_0, C4<00000000>, C4<00000000>, C4<00000000>;
S_00000238928b09f0 .scope generate, "genblk2" "genblk2" 9 72, 9 72 0, S_00000238928b06d0;
 .timescale -9 -12;
L_00000238929c6ab0 .functor BUFZ 32, v0000023892898d80_0, C4<00000000000000000000000000000000>, C4<00000000000000000000000000000000>, C4<00000000000000000000000000000000>;
S_00000238928b38d0 .scope module, "pe_inst" "pe" 9 91, 10 12 0, S_00000238928b06d0;
 .timescale 0 0;
    .port_info 0 /INPUT 1 "clk";
    .port_info 1 /INPUT 1 "rst_n";
    .port_info 2 /INPUT 1 "en_compute";
    .port_info 3 /INPUT 1 "load_weight";
    .port_info 4 /INPUT 8 "in_act";
    .port_info 5 /INPUT 8 "in_weight";
    .port_info 6 /INPUT 32 "in_psum";
    .port_info 7 /OUTPUT 8 "out_act";
    .port_info 8 /OUTPUT 32 "out_psum";
v00000238928a0d00_0 .net "clk", 0 0, v00000238928c9830_0;  alias, 1 drivers
v000002389289f540_0 .net "en_compute", 0 0, L_000002389294c268;  alias, 1 drivers
v00000238928a0da0_0 .net "in_act", 7 0, L_00000238929c6a40;  alias, 1 drivers
v00000238928a0e40_0 .net "in_psum", 31 0, L_00000238929c6ab0;  alias, 1 drivers
v00000238928a2f60_0 .net "in_weight", 7 0, L_00000238929b8ff0;  alias, 1 drivers
v00000238928a4040_0 .net "load_weight", 0 0, L_00000238929b96d0;  alias, 1 drivers
v00000238928a1b60_0 .var "out_act", 7 0;
v00000238928a21a0_0 .var "out_psum", 31 0;
v00000238928a1de0_0 .var/s "reg_weight", 7 0;
v00000238928a1a20_0 .net "rst_n", 0 0, L_00000238926d5550;  alias, 1 drivers
S_00000238928b1350 .scope generate, "COL_LOOP[2]" "COL_LOOP[2]" 9 55, 9 55 0, S_00000238928b14e0;
 .timescale -9 -12;
P_00000238926f2150 .param/l "c" 0 9 55, +C4<010>;
v00000238928a1e80_0 .net "pe_in_act", 7 0, L_00000238929c6b20;  1 drivers
v00000238928a3780_0 .net "pe_in_psum", 31 0, L_00000238929c74c0;  1 drivers
v00000238928a1f20_0 .net "pe_in_weight", 7 0, L_00000238929b9db0;  1 drivers
v00000238928a2ba0_0 .net "pe_load_en", 0 0, L_00000238929ba7b0;  1 drivers
S_00000238928b1670 .scope generate, "genblk1" "genblk1" 9 61, 9 61 0, S_00000238928b1350;
 .timescale -9 -12;
L_00000238929c6b20 .functor BUFZ 8, v00000238928a1b60_0, C4<00000000>, C4<00000000>, C4<00000000>;
S_00000238928b2610 .scope generate, "genblk2" "genblk2" 9 72, 9 72 0, S_00000238928b1350;
 .timescale -9 -12;
L_00000238929c74c0 .functor BUFZ 32, v0000023892899f00_0, C4<00000000000000000000000000000000>, C4<00000000000000000000000000000000>, C4<00000000000000000000000000000000>;
S_00000238928b2480 .scope module, "pe_inst" "pe" 9 91, 10 12 0, S_00000238928b1350;
 .timescale 0 0;
    .port_info 0 /INPUT 1 "clk";
    .port_info 1 /INPUT 1 "rst_n";
    .port_info 2 /INPUT 1 "en_compute";
    .port_info 3 /INPUT 1 "load_weight";
    .port_info 4 /INPUT 8 "in_act";
    .port_info 5 /INPUT 8 "in_weight";
    .port_info 6 /INPUT 32 "in_psum";
    .port_info 7 /OUTPUT 8 "out_act";
    .port_info 8 /OUTPUT 32 "out_psum";
v00000238928a2740_0 .net "clk", 0 0, v00000238928c9830_0;  alias, 1 drivers
v00000238928a3fa0_0 .net "en_compute", 0 0, L_000002389294c268;  alias, 1 drivers
v00000238928a1d40_0 .net "in_act", 7 0, L_00000238929c6b20;  alias, 1 drivers
v00000238928a2100_0 .net "in_psum", 31 0, L_00000238929c74c0;  alias, 1 drivers
v00000238928a1c00_0 .net "in_weight", 7 0, L_00000238929b9db0;  alias, 1 drivers
v00000238928a3c80_0 .net "load_weight", 0 0, L_00000238929ba7b0;  alias, 1 drivers
v00000238928a3d20_0 .var "out_act", 7 0;
v00000238928a2d80_0 .var "out_psum", 31 0;
v00000238928a1ca0_0 .var/s "reg_weight", 7 0;
v00000238928a2a60_0 .net "rst_n", 0 0, L_00000238926d5550;  alias, 1 drivers
S_00000238928b0b80 .scope generate, "COL_LOOP[3]" "COL_LOOP[3]" 9 55, 9 55 0, S_00000238928b14e0;
 .timescale -9 -12;
P_00000238926f2090 .param/l "c" 0 9 55, +C4<011>;
v00000238928a2240_0 .net "pe_in_act", 7 0, L_00000238929c5e70;  1 drivers
v00000238928a3b40_0 .net "pe_in_psum", 31 0, L_00000238929c6d50;  1 drivers
v00000238928a26a0_0 .net "pe_in_weight", 7 0, L_00000238929b8190;  1 drivers
v00000238928a27e0_0 .net "pe_load_en", 0 0, L_00000238929b9090;  1 drivers
S_00000238928b1800 .scope generate, "genblk1" "genblk1" 9 61, 9 61 0, S_00000238928b0b80;
 .timescale -9 -12;
L_00000238929c5e70 .functor BUFZ 8, v00000238928a3d20_0, C4<00000000>, C4<00000000>, C4<00000000>;
S_00000238928b0090 .scope generate, "genblk2" "genblk2" 9 72, 9 72 0, S_00000238928b0b80;
 .timescale -9 -12;
L_00000238929c6d50 .functor BUFZ 32, v0000023892899140_0, C4<00000000000000000000000000000000>, C4<00000000000000000000000000000000>, C4<00000000000000000000000000000000>;
S_00000238928b2de0 .scope module, "pe_inst" "pe" 9 91, 10 12 0, S_00000238928b0b80;
 .timescale 0 0;
    .port_info 0 /INPUT 1 "clk";
    .port_info 1 /INPUT 1 "rst_n";
    .port_info 2 /INPUT 1 "en_compute";
    .port_info 3 /INPUT 1 "load_weight";
    .port_info 4 /INPUT 8 "in_act";
    .port_info 5 /INPUT 8 "in_weight";
    .port_info 6 /INPUT 32 "in_psum";
    .port_info 7 /OUTPUT 8 "out_act";
    .port_info 8 /OUTPUT 32 "out_psum";
v00000238928a38c0_0 .net "clk", 0 0, v00000238928c9830_0;  alias, 1 drivers
v00000238928a1fc0_0 .net "en_compute", 0 0, L_000002389294c268;  alias, 1 drivers
v00000238928a30a0_0 .net "in_act", 7 0, L_00000238929c5e70;  alias, 1 drivers
v00000238928a3280_0 .net "in_psum", 31 0, L_00000238929c6d50;  alias, 1 drivers
v00000238928a3140_0 .net "in_weight", 7 0, L_00000238929b8190;  alias, 1 drivers
v00000238928a3320_0 .net "load_weight", 0 0, L_00000238929b9090;  alias, 1 drivers
v00000238928a3960_0 .var "out_act", 7 0;
v00000238928a2880_0 .var "out_psum", 31 0;
v00000238928a1980_0 .var/s "reg_weight", 7 0;
v00000238928a35a0_0 .net "rst_n", 0 0, L_00000238926d5550;  alias, 1 drivers
S_00000238928b3a60 .scope generate, "COL_LOOP[4]" "COL_LOOP[4]" 9 55, 9 55 0, S_00000238928b14e0;
 .timescale -9 -12;
P_00000238926f20d0 .param/l "c" 0 9 55, +C4<0100>;
v00000238928a3a00_0 .net "pe_in_act", 7 0, L_00000238929c5f50;  1 drivers
v00000238928a2c40_0 .net "pe_in_psum", 31 0, L_00000238929c6dc0;  1 drivers
v00000238928a3aa0_0 .net "pe_in_weight", 7 0, L_00000238929b8910;  1 drivers
v00000238928a2600_0 .net "pe_load_en", 0 0, L_00000238929ba5d0;  1 drivers
S_00000238928b3100 .scope generate, "genblk1" "genblk1" 9 61, 9 61 0, S_00000238928b3a60;
 .timescale -9 -12;
L_00000238929c5f50 .functor BUFZ 8, v00000238928a3960_0, C4<00000000>, C4<00000000>, C4<00000000>;
S_00000238928b3290 .scope generate, "genblk2" "genblk2" 9 72, 9 72 0, S_00000238928b3a60;
 .timescale -9 -12;
L_00000238929c6dc0 .functor BUFZ 32, v000002389289c520_0, C4<00000000000000000000000000000000>, C4<00000000000000000000000000000000>, C4<00000000000000000000000000000000>;
S_00000238928b3420 .scope module, "pe_inst" "pe" 9 91, 10 12 0, S_00000238928b3a60;
 .timescale 0 0;
    .port_info 0 /INPUT 1 "clk";
    .port_info 1 /INPUT 1 "rst_n";
    .port_info 2 /INPUT 1 "en_compute";
    .port_info 3 /INPUT 1 "load_weight";
    .port_info 4 /INPUT 8 "in_act";
    .port_info 5 /INPUT 8 "in_weight";
    .port_info 6 /INPUT 32 "in_psum";
    .port_info 7 /OUTPUT 8 "out_act";
    .port_info 8 /OUTPUT 32 "out_psum";
v00000238928a2380_0 .net "clk", 0 0, v00000238928c9830_0;  alias, 1 drivers
v00000238928a3820_0 .net "en_compute", 0 0, L_000002389294c268;  alias, 1 drivers
v00000238928a3640_0 .net "in_act", 7 0, L_00000238929c5f50;  alias, 1 drivers
v00000238928a24c0_0 .net "in_psum", 31 0, L_00000238929c6dc0;  alias, 1 drivers
v00000238928a29c0_0 .net "in_weight", 7 0, L_00000238929b8910;  alias, 1 drivers
v00000238928a3f00_0 .net "load_weight", 0 0, L_00000238929ba5d0;  alias, 1 drivers
v00000238928a2e20_0 .var "out_act", 7 0;
v00000238928a33c0_0 .var "out_psum", 31 0;
v00000238928a22e0_0 .var/s "reg_weight", 7 0;
v00000238928a2420_0 .net "rst_n", 0 0, L_00000238926d5550;  alias, 1 drivers
S_00000238928b35b0 .scope generate, "COL_LOOP[5]" "COL_LOOP[5]" 9 55, 9 55 0, S_00000238928b14e0;
 .timescale -9 -12;
P_00000238926f1ad0 .param/l "c" 0 9 55, +C4<0101>;
v00000238928a5800_0 .net "pe_in_act", 7 0, L_00000238929c5fc0;  1 drivers
v00000238928a5620_0 .net "pe_in_psum", 31 0, L_00000238929c70d0;  1 drivers
v00000238928a4ea0_0 .net "pe_in_weight", 7 0, L_00000238929b9770;  1 drivers
v00000238928a5c60_0 .net "pe_load_en", 0 0, L_00000238929b9950;  1 drivers
S_00000238928b4870 .scope generate, "genblk1" "genblk1" 9 61, 9 61 0, S_00000238928b35b0;
 .timescale -9 -12;
L_00000238929c5fc0 .functor BUFZ 8, v00000238928a2e20_0, C4<00000000>, C4<00000000>, C4<00000000>;
S_00000238928b43c0 .scope generate, "genblk2" "genblk2" 9 72, 9 72 0, S_00000238928b35b0;
 .timescale -9 -12;
L_00000238929c70d0 .functor BUFZ 32, v000002389289a720_0, C4<00000000000000000000000000000000>, C4<00000000000000000000000000000000>, C4<00000000000000000000000000000000>;
S_00000238928b3740 .scope module, "pe_inst" "pe" 9 91, 10 12 0, S_00000238928b35b0;
 .timescale 0 0;
    .port_info 0 /INPUT 1 "clk";
    .port_info 1 /INPUT 1 "rst_n";
    .port_info 2 /INPUT 1 "en_compute";
    .port_info 3 /INPUT 1 "load_weight";
    .port_info 4 /INPUT 8 "in_act";
    .port_info 5 /INPUT 8 "in_weight";
    .port_info 6 /INPUT 32 "in_psum";
    .port_info 7 /OUTPUT 8 "out_act";
    .port_info 8 /OUTPUT 32 "out_psum";
v00000238928a2ce0_0 .net "clk", 0 0, v00000238928c9830_0;  alias, 1 drivers
v00000238928a3be0_0 .net "en_compute", 0 0, L_000002389294c268;  alias, 1 drivers
v00000238928a2ec0_0 .net "in_act", 7 0, L_00000238929c5fc0;  alias, 1 drivers
v00000238928a3460_0 .net "in_psum", 31 0, L_00000238929c70d0;  alias, 1 drivers
v00000238928a3500_0 .net "in_weight", 7 0, L_00000238929b9770;  alias, 1 drivers
v00000238928a36e0_0 .net "load_weight", 0 0, L_00000238929b9950;  alias, 1 drivers
v00000238928a3e60_0 .var "out_act", 7 0;
v00000238928a18e0_0 .var "out_psum", 31 0;
v00000238928a4e00_0 .var/s "reg_weight", 7 0;
v00000238928a4720_0 .net "rst_n", 0 0, L_00000238926d5550;  alias, 1 drivers
S_00000238928b4550 .scope generate, "COL_LOOP[6]" "COL_LOOP[6]" 9 55, 9 55 0, S_00000238928b14e0;
 .timescale -9 -12;
P_00000238926f1290 .param/l "c" 0 9 55, +C4<0110>;
v00000238928a4360_0 .net "pe_in_act", 7 0, L_00000238929c7140;  1 drivers
v00000238928a5940_0 .net "pe_in_psum", 31 0, L_00000238929c71b0;  1 drivers
v00000238928a6520_0 .net "pe_in_weight", 7 0, L_00000238929ba850;  1 drivers
v00000238928a5d00_0 .net "pe_load_en", 0 0, L_00000238929b8230;  1 drivers
S_00000238928b3bf0 .scope generate, "genblk1" "genblk1" 9 61, 9 61 0, S_00000238928b4550;
 .timescale -9 -12;
L_00000238929c7140 .functor BUFZ 8, v00000238928a3e60_0, C4<00000000>, C4<00000000>, C4<00000000>;
S_00000238928b46e0 .scope generate, "genblk2" "genblk2" 9 72, 9 72 0, S_00000238928b4550;
 .timescale -9 -12;
L_00000238929c71b0 .functor BUFZ 32, v000002389289a860_0, C4<00000000000000000000000000000000>, C4<00000000000000000000000000000000>, C4<00000000000000000000000000000000>;
S_00000238928b3f10 .scope module, "pe_inst" "pe" 9 91, 10 12 0, S_00000238928b4550;
 .timescale 0 0;
    .port_info 0 /INPUT 1 "clk";
    .port_info 1 /INPUT 1 "rst_n";
    .port_info 2 /INPUT 1 "en_compute";
    .port_info 3 /INPUT 1 "load_weight";
    .port_info 4 /INPUT 8 "in_act";
    .port_info 5 /INPUT 8 "in_weight";
    .port_info 6 /INPUT 32 "in_psum";
    .port_info 7 /OUTPUT 8 "out_act";
    .port_info 8 /OUTPUT 32 "out_psum";
v00000238928a5b20_0 .net "clk", 0 0, v00000238928c9830_0;  alias, 1 drivers
v00000238928a5260_0 .net "en_compute", 0 0, L_000002389294c268;  alias, 1 drivers
v00000238928a56c0_0 .net "in_act", 7 0, L_00000238929c7140;  alias, 1 drivers
v00000238928a4fe0_0 .net "in_psum", 31 0, L_00000238929c71b0;  alias, 1 drivers
v00000238928a58a0_0 .net "in_weight", 7 0, L_00000238929ba850;  alias, 1 drivers
v00000238928a5f80_0 .net "load_weight", 0 0, L_00000238929b8230;  alias, 1 drivers
v00000238928a4860_0 .var "out_act", 7 0;
v00000238928a6480_0 .var "out_psum", 31 0;
v00000238928a62a0_0 .var/s "reg_weight", 7 0;
v00000238928a4900_0 .net "rst_n", 0 0, L_00000238926d5550;  alias, 1 drivers
S_00000238928b40a0 .scope generate, "COL_LOOP[7]" "COL_LOOP[7]" 9 55, 9 55 0, S_00000238928b14e0;
 .timescale -9 -12;
P_00000238926f1990 .param/l "c" 0 9 55, +C4<0111>;
v00000238928a65c0_0 .net "pe_in_act", 7 0, L_00000238929c73e0;  1 drivers
v00000238928a5580_0 .net "pe_in_psum", 31 0, L_00000238929c6030;  1 drivers
v00000238928a4a40_0 .net "pe_in_weight", 7 0, L_00000238929b82d0;  1 drivers
v00000238928a44a0_0 .net "pe_load_en", 0 0, L_00000238929b9c70;  1 drivers
S_00000238928b1990 .scope generate, "genblk1" "genblk1" 9 61, 9 61 0, S_00000238928b40a0;
 .timescale -9 -12;
L_00000238929c73e0 .functor BUFZ 8, v00000238928a4860_0, C4<00000000>, C4<00000000>, C4<00000000>;
S_00000238928b4230 .scope generate, "genblk2" "genblk2" 9 72, 9 72 0, S_00000238928b40a0;
 .timescale -9 -12;
L_00000238929c6030 .functor BUFZ 32, v000002389289a220_0, C4<00000000000000000000000000000000>, C4<00000000000000000000000000000000>, C4<00000000000000000000000000000000>;
S_00000238928b1b20 .scope module, "pe_inst" "pe" 9 91, 10 12 0, S_00000238928b40a0;
 .timescale 0 0;
    .port_info 0 /INPUT 1 "clk";
    .port_info 1 /INPUT 1 "rst_n";
    .port_info 2 /INPUT 1 "en_compute";
    .port_info 3 /INPUT 1 "load_weight";
    .port_info 4 /INPUT 8 "in_act";
    .port_info 5 /INPUT 8 "in_weight";
    .port_info 6 /INPUT 32 "in_psum";
    .port_info 7 /OUTPUT 8 "out_act";
    .port_info 8 /OUTPUT 32 "out_psum";
v00000238928a4f40_0 .net "clk", 0 0, v00000238928c9830_0;  alias, 1 drivers
v00000238928a5ee0_0 .net "en_compute", 0 0, L_000002389294c268;  alias, 1 drivers
v00000238928a49a0_0 .net "in_act", 7 0, L_00000238929c73e0;  alias, 1 drivers
v00000238928a59e0_0 .net "in_psum", 31 0, L_00000238929c6030;  alias, 1 drivers
v00000238928a4c20_0 .net "in_weight", 7 0, L_00000238929b82d0;  alias, 1 drivers
v00000238928a5a80_0 .net "load_weight", 0 0, L_00000238929b9c70;  alias, 1 drivers
v00000238928a5bc0_0 .var "out_act", 7 0;
v00000238928a5120_0 .var "out_psum", 31 0;
v00000238928a5080_0 .var/s "reg_weight", 7 0;
v00000238928a5da0_0 .net "rst_n", 0 0, L_00000238926d5550;  alias, 1 drivers
S_00000238928b0860 .scope generate, "COL_LOOP[8]" "COL_LOOP[8]" 9 55, 9 55 0, S_00000238928b14e0;
 .timescale -9 -12;
P_00000238926f2190 .param/l "c" 0 9 55, +C4<01000>;
v00000238928a6200_0 .net "pe_in_act", 7 0, L_00000238929c7ca0;  1 drivers
v00000238928a6660_0 .net "pe_in_psum", 31 0, L_00000238929c7ae0;  1 drivers
v00000238928a6340_0 .net "pe_in_weight", 7 0, L_00000238929b87d0;  1 drivers
v00000238928a4540_0 .net "pe_load_en", 0 0, L_00000238929b9130;  1 drivers
S_00000238928b1e40 .scope generate, "genblk1" "genblk1" 9 61, 9 61 0, S_00000238928b0860;
 .timescale -9 -12;
L_00000238929c7ca0 .functor BUFZ 8, v00000238928a5bc0_0, C4<00000000>, C4<00000000>, C4<00000000>;
S_00000238928b4a00 .scope generate, "genblk2" "genblk2" 9 72, 9 72 0, S_00000238928b0860;
 .timescale -9 -12;
L_00000238929c7ae0 .functor BUFZ 32, v000002389289bc60_0, C4<00000000000000000000000000000000>, C4<00000000000000000000000000000000>, C4<00000000000000000000000000000000>;
S_00000238928b4b90 .scope module, "pe_inst" "pe" 9 91, 10 12 0, S_00000238928b0860;
 .timescale 0 0;
    .port_info 0 /INPUT 1 "clk";
    .port_info 1 /INPUT 1 "rst_n";
    .port_info 2 /INPUT 1 "en_compute";
    .port_info 3 /INPUT 1 "load_weight";
    .port_info 4 /INPUT 8 "in_act";
    .port_info 5 /INPUT 8 "in_weight";
    .port_info 6 /INPUT 32 "in_psum";
    .port_info 7 /OUTPUT 8 "out_act";
    .port_info 8 /OUTPUT 32 "out_psum";
v00000238928a4ae0_0 .net "clk", 0 0, v00000238928c9830_0;  alias, 1 drivers
v00000238928a4b80_0 .net "en_compute", 0 0, L_000002389294c268;  alias, 1 drivers
v00000238928a4cc0_0 .net "in_act", 7 0, L_00000238929c7ca0;  alias, 1 drivers
v00000238928a5e40_0 .net "in_psum", 31 0, L_00000238929c7ae0;  alias, 1 drivers
v00000238928a6160_0 .net "in_weight", 7 0, L_00000238929b87d0;  alias, 1 drivers
v00000238928a6020_0 .net "load_weight", 0 0, L_00000238929b9130;  alias, 1 drivers
v00000238928a60c0_0 .var "out_act", 7 0;
v00000238928a5300_0 .var "out_psum", 31 0;
v00000238928a4680_0 .var/s "reg_weight", 7 0;
v00000238928a4d60_0 .net "rst_n", 0 0, L_00000238926d5550;  alias, 1 drivers
S_00000238928b4d20 .scope generate, "COL_LOOP[9]" "COL_LOOP[9]" 9 55, 9 55 0, S_00000238928b14e0;
 .timescale -9 -12;
P_00000238926f1a90 .param/l "c" 0 9 55, +C4<01001>;
v00000238928a5440_0 .net "pe_in_act", 7 0, L_00000238929c7b50;  1 drivers
v00000238928a54e0_0 .net "pe_in_psum", 31 0, L_00000238929c7d80;  1 drivers
v00000238928a6b60_0 .net "pe_in_weight", 7 0, L_00000238929b80f0;  1 drivers
v00000238928a77e0_0 .net "pe_load_en", 0 0, L_00000238929b91d0;  1 drivers
S_00000238928b4eb0 .scope generate, "genblk1" "genblk1" 9 61, 9 61 0, S_00000238928b4d20;
 .timescale -9 -12;
L_00000238929c7b50 .functor BUFZ 8, v00000238928a60c0_0, C4<00000000>, C4<00000000>, C4<00000000>;
S_00000238928b5040 .scope generate, "genblk2" "genblk2" 9 72, 9 72 0, S_00000238928b4d20;
 .timescale -9 -12;
L_00000238929c7d80 .functor BUFZ 32, v000002389289d1a0_0, C4<00000000000000000000000000000000>, C4<00000000000000000000000000000000>, C4<00000000000000000000000000000000>;
S_00000238928b51d0 .scope module, "pe_inst" "pe" 9 91, 10 12 0, S_00000238928b4d20;
 .timescale 0 0;
    .port_info 0 /INPUT 1 "clk";
    .port_info 1 /INPUT 1 "rst_n";
    .port_info 2 /INPUT 1 "en_compute";
    .port_info 3 /INPUT 1 "load_weight";
    .port_info 4 /INPUT 8 "in_act";
    .port_info 5 /INPUT 8 "in_weight";
    .port_info 6 /INPUT 32 "in_psum";
    .port_info 7 /OUTPUT 8 "out_act";
    .port_info 8 /OUTPUT 32 "out_psum";
v00000238928a6700_0 .net "clk", 0 0, v00000238928c9830_0;  alias, 1 drivers
v00000238928a4180_0 .net "en_compute", 0 0, L_000002389294c268;  alias, 1 drivers
v00000238928a6840_0 .net "in_act", 7 0, L_00000238929c7b50;  alias, 1 drivers
v00000238928a67a0_0 .net "in_psum", 31 0, L_00000238929c7d80;  alias, 1 drivers
v00000238928a40e0_0 .net "in_weight", 7 0, L_00000238929b80f0;  alias, 1 drivers
v00000238928a4220_0 .net "load_weight", 0 0, L_00000238929b91d0;  alias, 1 drivers
v00000238928a42c0_0 .var "out_act", 7 0;
v00000238928a4400_0 .var "out_psum", 31 0;
v00000238928a51c0_0 .var/s "reg_weight", 7 0;
v00000238928a53a0_0 .net "rst_n", 0 0, L_00000238926d5550;  alias, 1 drivers
S_00000238928b5b30 .scope generate, "COL_LOOP[10]" "COL_LOOP[10]" 9 55, 9 55 0, S_00000238928b14e0;
 .timescale -9 -12;
P_00000238926f1610 .param/l "c" 0 9 55, +C4<01010>;
v00000238928a6ca0_0 .net "pe_in_act", 7 0, L_00000238929c7f40;  1 drivers
v00000238928a6e80_0 .net "pe_in_psum", 31 0, L_00000238929c7d10;  1 drivers
v00000238928a7c40_0 .net "pe_in_weight", 7 0, L_00000238929b8370;  1 drivers
v00000238928a7060_0 .net "pe_load_en", 0 0, L_00000238929b9450;  1 drivers
S_00000238928b5cc0 .scope generate, "genblk1" "genblk1" 9 61, 9 61 0, S_00000238928b5b30;
 .timescale -9 -12;
L_00000238929c7f40 .functor BUFZ 8, v00000238928a42c0_0, C4<00000000>, C4<00000000>, C4<00000000>;
S_00000238928b1fd0 .scope generate, "genblk2" "genblk2" 9 72, 9 72 0, S_00000238928b5b30;
 .timescale -9 -12;
L_00000238929c7d10 .functor BUFZ 32, v000002389289edc0_0, C4<00000000000000000000000000000000>, C4<00000000000000000000000000000000>, C4<00000000000000000000000000000000>;
S_00000238928b1cb0 .scope module, "pe_inst" "pe" 9 91, 10 12 0, S_00000238928b5b30;
 .timescale 0 0;
    .port_info 0 /INPUT 1 "clk";
    .port_info 1 /INPUT 1 "rst_n";
    .port_info 2 /INPUT 1 "en_compute";
    .port_info 3 /INPUT 1 "load_weight";
    .port_info 4 /INPUT 8 "in_act";
    .port_info 5 /INPUT 8 "in_weight";
    .port_info 6 /INPUT 32 "in_psum";
    .port_info 7 /OUTPUT 8 "out_act";
    .port_info 8 /OUTPUT 32 "out_psum";
v00000238928a8500_0 .net "clk", 0 0, v00000238928c9830_0;  alias, 1 drivers
v00000238928a7880_0 .net "en_compute", 0 0, L_000002389294c268;  alias, 1 drivers
v00000238928a6f20_0 .net "in_act", 7 0, L_00000238929c7f40;  alias, 1 drivers
v00000238928a6fc0_0 .net "in_psum", 31 0, L_00000238929c7d10;  alias, 1 drivers
v00000238928a8c80_0 .net "in_weight", 7 0, L_00000238929b8370;  alias, 1 drivers
v00000238928a8f00_0 .net "load_weight", 0 0, L_00000238929b9450;  alias, 1 drivers
v00000238928a8320_0 .var "out_act", 7 0;
v00000238928a7920_0 .var "out_psum", 31 0;
v00000238928a7f60_0 .var/s "reg_weight", 7 0;
v00000238928a9040_0 .net "rst_n", 0 0, L_00000238926d5550;  alias, 1 drivers
S_00000238928b5360 .scope generate, "COL_LOOP[11]" "COL_LOOP[11]" 9 55, 9 55 0, S_00000238928b14e0;
 .timescale -9 -12;
P_00000238926f1e90 .param/l "c" 0 9 55, +C4<01011>;
v00000238928a83c0_0 .net "pe_in_act", 7 0, L_00000238929c7bc0;  1 drivers
v00000238928a8000_0 .net "pe_in_psum", 31 0, L_00000238929c7c30;  1 drivers
v00000238928a7b00_0 .net "pe_in_weight", 7 0, L_00000238929b8870;  1 drivers
v00000238928a7100_0 .net "pe_load_en", 0 0, L_00000238929b9810;  1 drivers
S_00000238928b54f0 .scope generate, "genblk1" "genblk1" 9 61, 9 61 0, S_00000238928b5360;
 .timescale -9 -12;
L_00000238929c7bc0 .functor BUFZ 8, v00000238928a8320_0, C4<00000000>, C4<00000000>, C4<00000000>;
S_00000238928b5680 .scope generate, "genblk2" "genblk2" 9 72, 9 72 0, S_00000238928b5360;
 .timescale -9 -12;
L_00000238929c7c30 .functor BUFZ 32, v000002389289d880_0, C4<00000000000000000000000000000000>, C4<00000000000000000000000000000000>, C4<00000000000000000000000000000000>;
S_00000238928b5810 .scope module, "pe_inst" "pe" 9 91, 10 12 0, S_00000238928b5360;
 .timescale 0 0;
    .port_info 0 /INPUT 1 "clk";
    .port_info 1 /INPUT 1 "rst_n";
    .port_info 2 /INPUT 1 "en_compute";
    .port_info 3 /INPUT 1 "load_weight";
    .port_info 4 /INPUT 8 "in_act";
    .port_info 5 /INPUT 8 "in_weight";
    .port_info 6 /INPUT 32 "in_psum";
    .port_info 7 /OUTPUT 8 "out_act";
    .port_info 8 /OUTPUT 32 "out_psum";
v00000238928a79c0_0 .net "clk", 0 0, v00000238928c9830_0;  alias, 1 drivers
v00000238928a7420_0 .net "en_compute", 0 0, L_000002389294c268;  alias, 1 drivers
v00000238928a76a0_0 .net "in_act", 7 0, L_00000238929c7bc0;  alias, 1 drivers
v00000238928a7ec0_0 .net "in_psum", 31 0, L_00000238929c7c30;  alias, 1 drivers
v00000238928a7a60_0 .net "in_weight", 7 0, L_00000238929b8870;  alias, 1 drivers
v00000238928a8fa0_0 .net "load_weight", 0 0, L_00000238929b9810;  alias, 1 drivers
v00000238928a6d40_0 .var "out_act", 7 0;
v00000238928a8e60_0 .var "out_psum", 31 0;
v00000238928a6ac0_0 .var/s "reg_weight", 7 0;
v00000238928a8280_0 .net "rst_n", 0 0, L_00000238926d5550;  alias, 1 drivers
S_00000238928b59a0 .scope generate, "COL_LOOP[12]" "COL_LOOP[12]" 9 55, 9 55 0, S_00000238928b14e0;
 .timescale -9 -12;
P_00000238926f1e10 .param/l "c" 0 9 55, +C4<01100>;
v00000238928a8460_0 .net "pe_in_act", 7 0, L_00000238929c7a00;  1 drivers
v00000238928a72e0_0 .net "pe_in_psum", 31 0, L_00000238929c7990;  1 drivers
v00000238928a85a0_0 .net "pe_in_weight", 7 0, L_00000238929b98b0;  1 drivers
v00000238928a6c00_0 .net "pe_load_en", 0 0, L_00000238929b8410;  1 drivers
S_00000238928b5e50 .scope generate, "genblk1" "genblk1" 9 61, 9 61 0, S_00000238928b59a0;
 .timescale -9 -12;
L_00000238929c7a00 .functor BUFZ 8, v00000238928a6d40_0, C4<00000000>, C4<00000000>, C4<00000000>;
S_00000238928b5fe0 .scope generate, "genblk2" "genblk2" 9 72, 9 72 0, S_00000238928b59a0;
 .timescale -9 -12;
L_00000238929c7990 .functor BUFZ 32, v000002389289d4c0_0, C4<00000000000000000000000000000000>, C4<00000000000000000000000000000000>, C4<00000000000000000000000000000000>;
S_00000238928b6170 .scope module, "pe_inst" "pe" 9 91, 10 12 0, S_00000238928b59a0;
 .timescale 0 0;
    .port_info 0 /INPUT 1 "clk";
    .port_info 1 /INPUT 1 "rst_n";
    .port_info 2 /INPUT 1 "en_compute";
    .port_info 3 /INPUT 1 "load_weight";
    .port_info 4 /INPUT 8 "in_act";
    .port_info 5 /INPUT 8 "in_weight";
    .port_info 6 /INPUT 32 "in_psum";
    .port_info 7 /OUTPUT 8 "out_act";
    .port_info 8 /OUTPUT 32 "out_psum";
v00000238928a80a0_0 .net "clk", 0 0, v00000238928c9830_0;  alias, 1 drivers
v00000238928a7560_0 .net "en_compute", 0 0, L_000002389294c268;  alias, 1 drivers
v00000238928a7240_0 .net "in_act", 7 0, L_00000238929c7a00;  alias, 1 drivers
v00000238928a7ba0_0 .net "in_psum", 31 0, L_00000238929c7990;  alias, 1 drivers
v00000238928a71a0_0 .net "in_weight", 7 0, L_00000238929b98b0;  alias, 1 drivers
v00000238928a6de0_0 .net "load_weight", 0 0, L_00000238929b8410;  alias, 1 drivers
v00000238928a8140_0 .var "out_act", 7 0;
v00000238928a81e0_0 .var "out_psum", 31 0;
v00000238928a7600_0 .var/s "reg_weight", 7 0;
v00000238928a8aa0_0 .net "rst_n", 0 0, L_00000238926d5550;  alias, 1 drivers
S_00000238928b2160 .scope generate, "COL_LOOP[13]" "COL_LOOP[13]" 9 55, 9 55 0, S_00000238928b14e0;
 .timescale -9 -12;
P_00000238926f1f90 .param/l "c" 0 9 55, +C4<01101>;
v00000238928a6a20_0 .net "pe_in_act", 7 0, L_00000238929c7df0;  1 drivers
v00000238928a8dc0_0 .net "pe_in_psum", 31 0, L_00000238929c78b0;  1 drivers
v00000238928a7380_0 .net "pe_in_weight", 7 0, L_00000238929b8c30;  1 drivers
v00000238928a68e0_0 .net "pe_load_en", 0 0, L_00000238929b84b0;  1 drivers
S_00000238928b6300 .scope generate, "genblk1" "genblk1" 9 61, 9 61 0, S_00000238928b2160;
 .timescale -9 -12;
L_00000238929c7df0 .functor BUFZ 8, v00000238928a8140_0, C4<00000000>, C4<00000000>, C4<00000000>;
S_00000238928c67f0 .scope generate, "genblk2" "genblk2" 9 72, 9 72 0, S_00000238928b2160;
 .timescale -9 -12;
L_00000238929c78b0 .functor BUFZ 32, v00000238928a0f80_0, C4<00000000000000000000000000000000>, C4<00000000000000000000000000000000>, C4<00000000000000000000000000000000>;
S_00000238928c6980 .scope module, "pe_inst" "pe" 9 91, 10 12 0, S_00000238928b2160;
 .timescale 0 0;
    .port_info 0 /INPUT 1 "clk";
    .port_info 1 /INPUT 1 "rst_n";
    .port_info 2 /INPUT 1 "en_compute";
    .port_info 3 /INPUT 1 "load_weight";
    .port_info 4 /INPUT 8 "in_act";
    .port_info 5 /INPUT 8 "in_weight";
    .port_info 6 /INPUT 32 "in_psum";
    .port_info 7 /OUTPUT 8 "out_act";
    .port_info 8 /OUTPUT 32 "out_psum";
v00000238928a8640_0 .net "clk", 0 0, v00000238928c9830_0;  alias, 1 drivers
v00000238928a86e0_0 .net "en_compute", 0 0, L_000002389294c268;  alias, 1 drivers
v00000238928a8a00_0 .net "in_act", 7 0, L_00000238929c7df0;  alias, 1 drivers
v00000238928a8780_0 .net "in_psum", 31 0, L_00000238929c78b0;  alias, 1 drivers
v00000238928a8820_0 .net "in_weight", 7 0, L_00000238929b8c30;  alias, 1 drivers
v00000238928a88c0_0 .net "load_weight", 0 0, L_00000238929b84b0;  alias, 1 drivers
v00000238928a8960_0 .var "out_act", 7 0;
v00000238928a7ce0_0 .var "out_psum", 31 0;
v00000238928a8b40_0 .var/s "reg_weight", 7 0;
v00000238928a7d80_0 .net "rst_n", 0 0, L_00000238926d5550;  alias, 1 drivers
S_00000238928c7790 .scope generate, "COL_LOOP[14]" "COL_LOOP[14]" 9 55, 9 55 0, S_00000238928b14e0;
 .timescale -9 -12;
P_00000238926f1950 .param/l "c" 0 9 55, +C4<01110>;
v00000238928aaee0_0 .net "pe_in_act", 7 0, L_00000238929c7e60;  1 drivers
v00000238928a9f40_0 .net "pe_in_psum", 31 0, L_00000238929c7a70;  1 drivers
v00000238928a95e0_0 .net "pe_in_weight", 7 0, L_00000238929b8cd0;  1 drivers
v00000238928aa800_0 .net "pe_load_en", 0 0, L_00000238929b9310;  1 drivers
S_00000238928c7600 .scope generate, "genblk1" "genblk1" 9 61, 9 61 0, S_00000238928c7790;
 .timescale -9 -12;
L_00000238929c7e60 .functor BUFZ 8, v00000238928a8960_0, C4<00000000>, C4<00000000>, C4<00000000>;
S_00000238928c6ca0 .scope generate, "genblk2" "genblk2" 9 72, 9 72 0, S_00000238928c7790;
 .timescale -9 -12;
L_00000238929c7a70 .functor BUFZ 32, v00000238928a0800_0, C4<00000000000000000000000000000000>, C4<00000000000000000000000000000000>, C4<00000000000000000000000000000000>;
S_00000238928c5e90 .scope module, "pe_inst" "pe" 9 91, 10 12 0, S_00000238928c7790;
 .timescale 0 0;
    .port_info 0 /INPUT 1 "clk";
    .port_info 1 /INPUT 1 "rst_n";
    .port_info 2 /INPUT 1 "en_compute";
    .port_info 3 /INPUT 1 "load_weight";
    .port_info 4 /INPUT 8 "in_act";
    .port_info 5 /INPUT 8 "in_weight";
    .port_info 6 /INPUT 32 "in_psum";
    .port_info 7 /OUTPUT 8 "out_act";
    .port_info 8 /OUTPUT 32 "out_psum";
v00000238928a6980_0 .net "clk", 0 0, v00000238928c9830_0;  alias, 1 drivers
v00000238928ab840_0 .net "en_compute", 0 0, L_000002389294c268;  alias, 1 drivers
v00000238928a9360_0 .net "in_act", 7 0, L_00000238929c7e60;  alias, 1 drivers
v00000238928aa940_0 .net "in_psum", 31 0, L_00000238929c7a70;  alias, 1 drivers
v00000238928aaf80_0 .net "in_weight", 7 0, L_00000238929b8cd0;  alias, 1 drivers
v00000238928ab020_0 .net "load_weight", 0 0, L_00000238929b9310;  alias, 1 drivers
v00000238928a9680_0 .var "out_act", 7 0;
v00000238928a99a0_0 .var "out_psum", 31 0;
v00000238928a9860_0 .var/s "reg_weight", 7 0;
v00000238928aa440_0 .net "rst_n", 0 0, L_00000238926d5550;  alias, 1 drivers
S_00000238928c7c40 .scope generate, "COL_LOOP[15]" "COL_LOOP[15]" 9 55, 9 55 0, S_00000238928b14e0;
 .timescale -9 -12;
P_00000238926f1a50 .param/l "c" 0 9 55, +C4<01111>;
v00000238928aa3a0_0 .net "pe_in_act", 7 0, L_00000238929c7ed0;  1 drivers
v00000238928a9ae0_0 .net "pe_in_psum", 31 0, L_00000238929c7fb0;  1 drivers
v00000238928a97c0_0 .net "pe_in_weight", 7 0, L_00000238929b9b30;  1 drivers
v00000238928a90e0_0 .net "pe_load_en", 0 0, L_00000238929ba0d0;  1 drivers
S_00000238928c59e0 .scope generate, "genblk1" "genblk1" 9 61, 9 61 0, S_00000238928c7c40;
 .timescale -9 -12;
L_00000238929c7ed0 .functor BUFZ 8, v00000238928a9680_0, C4<00000000>, C4<00000000>, C4<00000000>;
S_00000238928c4ef0 .scope generate, "genblk2" "genblk2" 9 72, 9 72 0, S_00000238928c7c40;
 .timescale -9 -12;
L_00000238929c7fb0 .functor BUFZ 32, v000002389289fd60_0, C4<00000000000000000000000000000000>, C4<00000000000000000000000000000000>, C4<00000000000000000000000000000000>;
S_00000238928c7dd0 .scope module, "pe_inst" "pe" 9 91, 10 12 0, S_00000238928c7c40;
 .timescale 0 0;
    .port_info 0 /INPUT 1 "clk";
    .port_info 1 /INPUT 1 "rst_n";
    .port_info 2 /INPUT 1 "en_compute";
    .port_info 3 /INPUT 1 "load_weight";
    .port_info 4 /INPUT 8 "in_act";
    .port_info 5 /INPUT 8 "in_weight";
    .port_info 6 /INPUT 32 "in_psum";
    .port_info 7 /OUTPUT 8 "out_act";
    .port_info 8 /OUTPUT 32 "out_psum";
v00000238928a9720_0 .net "clk", 0 0, v00000238928c9830_0;  alias, 1 drivers
v00000238928aaa80_0 .net "en_compute", 0 0, L_000002389294c268;  alias, 1 drivers
v00000238928ab5c0_0 .net "in_act", 7 0, L_00000238929c7ed0;  alias, 1 drivers
v00000238928aa580_0 .net "in_psum", 31 0, L_00000238929c7fb0;  alias, 1 drivers
v00000238928a92c0_0 .net "in_weight", 7 0, L_00000238929b9b30;  alias, 1 drivers
v00000238928aa260_0 .net "load_weight", 0 0, L_00000238929ba0d0;  alias, 1 drivers
v00000238928aa6c0_0 .var "out_act", 7 0;
v00000238928aa9e0_0 .var "out_psum", 31 0;
v00000238928a9a40_0 .var/s "reg_weight", 7 0;
v00000238928aa120_0 .net "rst_n", 0 0, L_00000238926d5550;  alias, 1 drivers
S_00000238928c6660 .scope generate, "ROW_LOOP[10]" "ROW_LOOP[10]" 9 54, 9 54 0, S_00000238927e0370;
 .timescale -9 -12;
P_00000238926f1650 .param/l "r" 0 9 54, +C4<01010>;
S_00000238928c6fc0 .scope generate, "COL_LOOP[0]" "COL_LOOP[0]" 9 55, 9 55 0, S_00000238928c6660;
 .timescale -9 -12;
P_00000238926f1bd0 .param/l "c" 0 9 55, +C4<00>;
v00000238928aab20_0 .net "pe_in_act", 7 0, L_00000238929b85f0;  1 drivers
v00000238928ab2a0_0 .net "pe_in_psum", 31 0, L_00000238929c7920;  1 drivers
v00000238928aabc0_0 .net "pe_in_weight", 7 0, L_00000238929b8550;  1 drivers
v00000238928a9fe0_0 .net "pe_load_en", 0 0, L_00000238929b9270;  1 drivers
S_00000238928c7920 .scope generate, "genblk1" "genblk1" 9 61, 9 61 0, S_00000238928c6fc0;
 .timescale -9 -12;
S_00000238928c56c0 .scope generate, "genblk2" "genblk2" 9 72, 9 72 0, S_00000238928c6fc0;
 .timescale -9 -12;
L_00000238929c7920 .functor BUFZ 32, v00000238928a0bc0_0, C4<00000000000000000000000000000000>, C4<00000000000000000000000000000000>, C4<00000000000000000000000000000000>;
S_00000238928c6b10 .scope module, "pe_inst" "pe" 9 91, 10 12 0, S_00000238928c6fc0;
 .timescale 0 0;
    .port_info 0 /INPUT 1 "clk";
    .port_info 1 /INPUT 1 "rst_n";
    .port_info 2 /INPUT 1 "en_compute";
    .port_info 3 /INPUT 1 "load_weight";
    .port_info 4 /INPUT 8 "in_act";
    .port_info 5 /INPUT 8 "in_weight";
    .port_info 6 /INPUT 32 "in_psum";
    .port_info 7 /OUTPUT 8 "out_act";
    .port_info 8 /OUTPUT 32 "out_psum";
v00000238928aa080_0 .net "clk", 0 0, v00000238928c9830_0;  alias, 1 drivers
v00000238928ab200_0 .net "en_compute", 0 0, L_000002389294c268;  alias, 1 drivers
v00000238928a9900_0 .net "in_act", 7 0, L_00000238929b85f0;  alias, 1 drivers
v00000238928a94a0_0 .net "in_psum", 31 0, L_00000238929c7920;  alias, 1 drivers
v00000238928aa760_0 .net "in_weight", 7 0, L_00000238929b8550;  alias, 1 drivers
v00000238928ab480_0 .net "load_weight", 0 0, L_00000238929b9270;  alias, 1 drivers
v00000238928a9540_0 .var "out_act", 7 0;
v00000238928a9b80_0 .var "out_psum", 31 0;
v00000238928ab520_0 .var/s "reg_weight", 7 0;
v00000238928ab660_0 .net "rst_n", 0 0, L_00000238926d5550;  alias, 1 drivers
S_00000238928c6e30 .scope generate, "COL_LOOP[1]" "COL_LOOP[1]" 9 55, 9 55 0, S_00000238928c6660;
 .timescale -9 -12;
P_00000238926f13d0 .param/l "c" 0 9 55, +C4<01>;
v00000238928aada0_0 .net "pe_in_act", 7 0, L_00000238929c4dd0;  1 drivers
v00000238928a9cc0_0 .net "pe_in_psum", 31 0, L_00000238929c5a80;  1 drivers
v00000238928aa620_0 .net "pe_in_weight", 7 0, L_00000238929b8690;  1 drivers
v00000238928aae40_0 .net "pe_load_en", 0 0, L_00000238929b89b0;  1 drivers
S_00000238928c7150 .scope generate, "genblk1" "genblk1" 9 61, 9 61 0, S_00000238928c6e30;
 .timescale -9 -12;
L_00000238929c4dd0 .functor BUFZ 8, v00000238928a9540_0, C4<00000000>, C4<00000000>, C4<00000000>;
S_00000238928c4bd0 .scope generate, "genblk2" "genblk2" 9 72, 9 72 0, S_00000238928c6e30;
 .timescale -9 -12;
L_00000238929c5a80 .functor BUFZ 32, v00000238928a21a0_0, C4<00000000000000000000000000000000>, C4<00000000000000000000000000000000>, C4<00000000000000000000000000000000>;
S_00000238928c48b0 .scope module, "pe_inst" "pe" 9 91, 10 12 0, S_00000238928c6e30;
 .timescale 0 0;
    .port_info 0 /INPUT 1 "clk";
    .port_info 1 /INPUT 1 "rst_n";
    .port_info 2 /INPUT 1 "en_compute";
    .port_info 3 /INPUT 1 "load_weight";
    .port_info 4 /INPUT 8 "in_act";
    .port_info 5 /INPUT 8 "in_weight";
    .port_info 6 /INPUT 32 "in_psum";
    .port_info 7 /OUTPUT 8 "out_act";
    .port_info 8 /OUTPUT 32 "out_psum";
v00000238928aa8a0_0 .net "clk", 0 0, v00000238928c9830_0;  alias, 1 drivers
v00000238928a9e00_0 .net "en_compute", 0 0, L_000002389294c268;  alias, 1 drivers
v00000238928ab0c0_0 .net "in_act", 7 0, L_00000238929c4dd0;  alias, 1 drivers
v00000238928aa1c0_0 .net "in_psum", 31 0, L_00000238929c5a80;  alias, 1 drivers
v00000238928aa300_0 .net "in_weight", 7 0, L_00000238929b8690;  alias, 1 drivers
v00000238928a9ea0_0 .net "load_weight", 0 0, L_00000238929b89b0;  alias, 1 drivers
v00000238928aac60_0 .var "out_act", 7 0;
v00000238928ab700_0 .var "out_psum", 31 0;
v00000238928aad00_0 .var/s "reg_weight", 7 0;
v00000238928aa4e0_0 .net "rst_n", 0 0, L_00000238926d5550;  alias, 1 drivers
S_00000238928c5080 .scope generate, "COL_LOOP[2]" "COL_LOOP[2]" 9 55, 9 55 0, S_00000238928c6660;
 .timescale -9 -12;
P_00000238926f1b90 .param/l "c" 0 9 55, +C4<010>;
v00000238928ad1e0_0 .net "pe_in_act", 7 0, L_00000238929c5000;  1 drivers
v00000238928ac560_0 .net "pe_in_psum", 31 0, L_00000238929c4d60;  1 drivers
v00000238928ab980_0 .net "pe_in_weight", 7 0, L_00000238929ba170;  1 drivers
v00000238928ad5a0_0 .net "pe_load_en", 0 0, L_00000238929b8a50;  1 drivers
S_00000238928c72e0 .scope generate, "genblk1" "genblk1" 9 61, 9 61 0, S_00000238928c5080;
 .timescale -9 -12;
L_00000238929c5000 .functor BUFZ 8, v00000238928aac60_0, C4<00000000>, C4<00000000>, C4<00000000>;
S_00000238928c6020 .scope generate, "genblk2" "genblk2" 9 72, 9 72 0, S_00000238928c5080;
 .timescale -9 -12;
L_00000238929c4d60 .functor BUFZ 32, v00000238928a2d80_0, C4<00000000000000000000000000000000>, C4<00000000000000000000000000000000>, C4<00000000000000000000000000000000>;
S_00000238928c7470 .scope module, "pe_inst" "pe" 9 91, 10 12 0, S_00000238928c5080;
 .timescale 0 0;
    .port_info 0 /INPUT 1 "clk";
    .port_info 1 /INPUT 1 "rst_n";
    .port_info 2 /INPUT 1 "en_compute";
    .port_info 3 /INPUT 1 "load_weight";
    .port_info 4 /INPUT 8 "in_act";
    .port_info 5 /INPUT 8 "in_weight";
    .port_info 6 /INPUT 32 "in_psum";
    .port_info 7 /OUTPUT 8 "out_act";
    .port_info 8 /OUTPUT 32 "out_psum";
v00000238928ab340_0 .net "clk", 0 0, v00000238928c9830_0;  alias, 1 drivers
v00000238928ab3e0_0 .net "en_compute", 0 0, L_000002389294c268;  alias, 1 drivers
v00000238928ab7a0_0 .net "in_act", 7 0, L_00000238929c5000;  alias, 1 drivers
v00000238928a9180_0 .net "in_psum", 31 0, L_00000238929c4d60;  alias, 1 drivers
v00000238928a9220_0 .net "in_weight", 7 0, L_00000238929ba170;  alias, 1 drivers
v00000238928ab8e0_0 .net "load_weight", 0 0, L_00000238929b8a50;  alias, 1 drivers
v00000238928acec0_0 .var "out_act", 7 0;
v00000238928ac420_0 .var "out_psum", 31 0;
v00000238928ad8c0_0 .var/s "reg_weight", 7 0;
v00000238928acf60_0 .net "rst_n", 0 0, L_00000238926d5550;  alias, 1 drivers
S_00000238928c5210 .scope generate, "COL_LOOP[3]" "COL_LOOP[3]" 9 55, 9 55 0, S_00000238928c6660;
 .timescale -9 -12;
P_00000238926f1c50 .param/l "c" 0 9 55, +C4<011>;
v00000238928acba0_0 .net "pe_in_act", 7 0, L_00000238929c52a0;  1 drivers
v00000238928add20_0 .net "pe_in_psum", 31 0, L_00000238929c5700;  1 drivers
v00000238928ad460_0 .net "pe_in_weight", 7 0, L_00000238929b9d10;  1 drivers
v00000238928ad500_0 .net "pe_load_en", 0 0, L_00000238929b8af0;  1 drivers
S_00000238928c7ab0 .scope generate, "genblk1" "genblk1" 9 61, 9 61 0, S_00000238928c5210;
 .timescale -9 -12;
L_00000238929c52a0 .functor BUFZ 8, v00000238928acec0_0, C4<00000000>, C4<00000000>, C4<00000000>;
S_00000238928c4a40 .scope generate, "genblk2" "genblk2" 9 72, 9 72 0, S_00000238928c5210;
 .timescale -9 -12;
L_00000238929c5700 .functor BUFZ 32, v00000238928a2880_0, C4<00000000000000000000000000000000>, C4<00000000000000000000000000000000>, C4<00000000000000000000000000000000>;
S_00000238928c4d60 .scope module, "pe_inst" "pe" 9 91, 10 12 0, S_00000238928c5210;
 .timescale 0 0;
    .port_info 0 /INPUT 1 "clk";
    .port_info 1 /INPUT 1 "rst_n";
    .port_info 2 /INPUT 1 "en_compute";
    .port_info 3 /INPUT 1 "load_weight";
    .port_info 4 /INPUT 8 "in_act";
    .port_info 5 /INPUT 8 "in_weight";
    .port_info 6 /INPUT 32 "in_psum";
    .port_info 7 /OUTPUT 8 "out_act";
    .port_info 8 /OUTPUT 32 "out_psum";
v00000238928ade60_0 .net "clk", 0 0, v00000238928c9830_0;  alias, 1 drivers
v00000238928ad3c0_0 .net "en_compute", 0 0, L_000002389294c268;  alias, 1 drivers
v00000238928ad0a0_0 .net "in_act", 7 0, L_00000238929c52a0;  alias, 1 drivers
v00000238928ad6e0_0 .net "in_psum", 31 0, L_00000238929c5700;  alias, 1 drivers
v00000238928ad280_0 .net "in_weight", 7 0, L_00000238929b9d10;  alias, 1 drivers
v00000238928ada00_0 .net "load_weight", 0 0, L_00000238929b8af0;  alias, 1 drivers
v00000238928ad320_0 .var "out_act", 7 0;
v00000238928abde0_0 .var "out_psum", 31 0;
v00000238928ac740_0 .var/s "reg_weight", 7 0;
v00000238928ac880_0 .net "rst_n", 0 0, L_00000238926d5550;  alias, 1 drivers
S_00000238928c53a0 .scope generate, "COL_LOOP[4]" "COL_LOOP[4]" 9 55, 9 55 0, S_00000238928c6660;
 .timescale -9 -12;
P_00000238926f1d10 .param/l "c" 0 9 55, +C4<0100>;
v00000238928ad780_0 .net "pe_in_act", 7 0, L_00000238929c40b0;  1 drivers
v00000238928ad820_0 .net "pe_in_psum", 31 0, L_00000238929c4c80;  1 drivers
v00000238928abd40_0 .net "pe_in_weight", 7 0, L_00000238929b8e10;  1 drivers
v00000238928abfc0_0 .net "pe_load_en", 0 0, L_00000238929b93b0;  1 drivers
S_00000238928c5d00 .scope generate, "genblk1" "genblk1" 9 61, 9 61 0, S_00000238928c53a0;
 .timescale -9 -12;
L_00000238929c40b0 .functor BUFZ 8, v00000238928ad320_0, C4<00000000>, C4<00000000>, C4<00000000>;
S_00000238928c5530 .scope generate, "genblk2" "genblk2" 9 72, 9 72 0, S_00000238928c53a0;
 .timescale -9 -12;
L_00000238929c4c80 .functor BUFZ 32, v00000238928a33c0_0, C4<00000000000000000000000000000000>, C4<00000000000000000000000000000000>, C4<00000000000000000000000000000000>;
S_00000238928c5850 .scope module, "pe_inst" "pe" 9 91, 10 12 0, S_00000238928c53a0;
 .timescale 0 0;
    .port_info 0 /INPUT 1 "clk";
    .port_info 1 /INPUT 1 "rst_n";
    .port_info 2 /INPUT 1 "en_compute";
    .port_info 3 /INPUT 1 "load_weight";
    .port_info 4 /INPUT 8 "in_act";
    .port_info 5 /INPUT 8 "in_weight";
    .port_info 6 /INPUT 32 "in_psum";
    .port_info 7 /OUTPUT 8 "out_act";
    .port_info 8 /OUTPUT 32 "out_psum";
v00000238928adf00_0 .net "clk", 0 0, v00000238928c9830_0;  alias, 1 drivers
v00000238928ad640_0 .net "en_compute", 0 0, L_000002389294c268;  alias, 1 drivers
v00000238928abb60_0 .net "in_act", 7 0, L_00000238929c40b0;  alias, 1 drivers
v00000238928ad000_0 .net "in_psum", 31 0, L_00000238929c4c80;  alias, 1 drivers
v00000238928ac9c0_0 .net "in_weight", 7 0, L_00000238929b8e10;  alias, 1 drivers
v00000238928addc0_0 .net "load_weight", 0 0, L_00000238929b93b0;  alias, 1 drivers
v00000238928ac1a0_0 .var "out_act", 7 0;
v00000238928abe80_0 .var "out_psum", 31 0;
v00000238928abca0_0 .var/s "reg_weight", 7 0;
v00000238928abf20_0 .net "rst_n", 0 0, L_00000238926d5550;  alias, 1 drivers
S_00000238928c5b70 .scope generate, "COL_LOOP[5]" "COL_LOOP[5]" 9 55, 9 55 0, S_00000238928c6660;
 .timescale -9 -12;
P_00000238926f1690 .param/l "c" 0 9 55, +C4<0101>;
v00000238928abac0_0 .net "pe_in_act", 7 0, L_00000238929c5230;  1 drivers
v00000238928abc00_0 .net "pe_in_psum", 31 0, L_00000238929c5770;  1 drivers
v00000238928adbe0_0 .net "pe_in_weight", 7 0, L_00000238929b9e50;  1 drivers
v00000238928adc80_0 .net "pe_load_en", 0 0, L_00000238929b9ef0;  1 drivers
S_00000238928c64d0 .scope generate, "genblk1" "genblk1" 9 61, 9 61 0, S_00000238928c5b70;
 .timescale -9 -12;
L_00000238929c5230 .functor BUFZ 8, v00000238928ac1a0_0, C4<00000000>, C4<00000000>, C4<00000000>;
S_00000238928c61b0 .scope generate, "genblk2" "genblk2" 9 72, 9 72 0, S_00000238928c5b70;
 .timescale -9 -12;
L_00000238929c5770 .functor BUFZ 32, v00000238928a18e0_0, C4<00000000000000000000000000000000>, C4<00000000000000000000000000000000>, C4<00000000000000000000000000000000>;
S_00000238928c6340 .scope module, "pe_inst" "pe" 9 91, 10 12 0, S_00000238928c5b70;
 .timescale 0 0;
    .port_info 0 /INPUT 1 "clk";
    .port_info 1 /INPUT 1 "rst_n";
    .port_info 2 /INPUT 1 "en_compute";
    .port_info 3 /INPUT 1 "load_weight";
    .port_info 4 /INPUT 8 "in_act";
    .port_info 5 /INPUT 8 "in_weight";
    .port_info 6 /INPUT 32 "in_psum";
    .port_info 7 /OUTPUT 8 "out_act";
    .port_info 8 /OUTPUT 32 "out_psum";
v00000238928ac6a0_0 .net "clk", 0 0, v00000238928c9830_0;  alias, 1 drivers
v00000238928ac240_0 .net "en_compute", 0 0, L_000002389294c268;  alias, 1 drivers
v00000238928ad960_0 .net "in_act", 7 0, L_00000238929c5230;  alias, 1 drivers
v00000238928aca60_0 .net "in_psum", 31 0, L_00000238929c5770;  alias, 1 drivers
v00000238928adb40_0 .net "in_weight", 7 0, L_00000238929b9e50;  alias, 1 drivers
v00000238928adfa0_0 .net "load_weight", 0 0, L_00000238929b9ef0;  alias, 1 drivers
v00000238928ae040_0 .var "out_act", 7 0;
v00000238928ad140_0 .var "out_psum", 31 0;
v00000238928aba20_0 .var/s "reg_weight", 7 0;
v00000238928ac7e0_0 .net "rst_n", 0 0, L_00000238926d5550;  alias, 1 drivers
S_00000238928bb2b0 .scope generate, "COL_LOOP[6]" "COL_LOOP[6]" 9 55, 9 55 0, S_00000238928c6660;
 .timescale -9 -12;
P_00000238926f11d0 .param/l "c" 0 9 55, +C4<0110>;
v00000238928af9e0_0 .net "pe_in_act", 7 0, L_00000238929c50e0;  1 drivers
v00000238928afe40_0 .net "pe_in_psum", 31 0, L_00000238929c55b0;  1 drivers
v00000238928af120_0 .net "pe_in_weight", 7 0, L_00000238929b94f0;  1 drivers
v00000238928ae400_0 .net "pe_load_en", 0 0, L_00000238929b9590;  1 drivers
S_00000238928b8240 .scope generate, "genblk1" "genblk1" 9 61, 9 61 0, S_00000238928bb2b0;
 .timescale -9 -12;
L_00000238929c50e0 .functor BUFZ 8, v00000238928ae040_0, C4<00000000>, C4<00000000>, C4<00000000>;
S_00000238928bae00 .scope generate, "genblk2" "genblk2" 9 72, 9 72 0, S_00000238928bb2b0;
 .timescale -9 -12;
L_00000238929c55b0 .functor BUFZ 32, v00000238928a6480_0, C4<00000000000000000000000000000000>, C4<00000000000000000000000000000000>, C4<00000000000000000000000000000000>;
S_00000238928ba4a0 .scope module, "pe_inst" "pe" 9 91, 10 12 0, S_00000238928bb2b0;
 .timescale 0 0;
    .port_info 0 /INPUT 1 "clk";
    .port_info 1 /INPUT 1 "rst_n";
    .port_info 2 /INPUT 1 "en_compute";
    .port_info 3 /INPUT 1 "load_weight";
    .port_info 4 /INPUT 8 "in_act";
    .port_info 5 /INPUT 8 "in_weight";
    .port_info 6 /INPUT 32 "in_psum";
    .port_info 7 /OUTPUT 8 "out_act";
    .port_info 8 /OUTPUT 32 "out_psum";
v00000238928ac100_0 .net "clk", 0 0, v00000238928c9830_0;  alias, 1 drivers
v00000238928ac380_0 .net "en_compute", 0 0, L_000002389294c268;  alias, 1 drivers
v00000238928ac4c0_0 .net "in_act", 7 0, L_00000238929c50e0;  alias, 1 drivers
v00000238928ac2e0_0 .net "in_psum", 31 0, L_00000238929c55b0;  alias, 1 drivers
v00000238928ac920_0 .net "in_weight", 7 0, L_00000238929b94f0;  alias, 1 drivers
v00000238928acb00_0 .net "load_weight", 0 0, L_00000238929b9590;  alias, 1 drivers
v00000238928acce0_0 .var "out_act", 7 0;
v00000238928acd80_0 .var "out_psum", 31 0;
v00000238928ace20_0 .var/s "reg_weight", 7 0;
v00000238928ae540_0 .net "rst_n", 0 0, L_00000238926d5550;  alias, 1 drivers
S_00000238928ba310 .scope generate, "COL_LOOP[7]" "COL_LOOP[7]" 9 55, 9 55 0, S_00000238928c6660;
 .timescale -9 -12;
P_00000238926f1b10 .param/l "c" 0 9 55, +C4<0111>;
v00000238928afd00_0 .net "pe_in_act", 7 0, L_00000238929c5310;  1 drivers
v00000238928af260_0 .net "pe_in_psum", 31 0, L_00000238929c54d0;  1 drivers
v00000238928ae2c0_0 .net "pe_in_weight", 7 0, L_00000238929b9f90;  1 drivers
v00000238928aecc0_0 .net "pe_load_en", 0 0, L_00000238929ba210;  1 drivers
S_00000238928b8a10 .scope generate, "genblk1" "genblk1" 9 61, 9 61 0, S_00000238928ba310;
 .timescale -9 -12;
L_00000238929c5310 .functor BUFZ 8, v00000238928acce0_0, C4<00000000>, C4<00000000>, C4<00000000>;
S_00000238928bb440 .scope generate, "genblk2" "genblk2" 9 72, 9 72 0, S_00000238928ba310;
 .timescale -9 -12;
L_00000238929c54d0 .functor BUFZ 32, v00000238928a5120_0, C4<00000000000000000000000000000000>, C4<00000000000000000000000000000000>, C4<00000000000000000000000000000000>;
S_00000238928b9370 .scope module, "pe_inst" "pe" 9 91, 10 12 0, S_00000238928ba310;
 .timescale 0 0;
    .port_info 0 /INPUT 1 "clk";
    .port_info 1 /INPUT 1 "rst_n";
    .port_info 2 /INPUT 1 "en_compute";
    .port_info 3 /INPUT 1 "load_weight";
    .port_info 4 /INPUT 8 "in_act";
    .port_info 5 /INPUT 8 "in_weight";
    .port_info 6 /INPUT 32 "in_psum";
    .port_info 7 /OUTPUT 8 "out_act";
    .port_info 8 /OUTPUT 32 "out_psum";
v00000238928af580_0 .net "clk", 0 0, v00000238928c9830_0;  alias, 1 drivers
v00000238928af300_0 .net "en_compute", 0 0, L_000002389294c268;  alias, 1 drivers
v00000238928af3a0_0 .net "in_act", 7 0, L_00000238929c5310;  alias, 1 drivers
v00000238928afc60_0 .net "in_psum", 31 0, L_00000238929c54d0;  alias, 1 drivers
v00000238928af440_0 .net "in_weight", 7 0, L_00000238929b9f90;  alias, 1 drivers
v00000238928af4e0_0 .net "load_weight", 0 0, L_00000238929ba210;  alias, 1 drivers
v00000238928af620_0 .var "out_act", 7 0;
v00000238928af6c0_0 .var "out_psum", 31 0;
v00000238928af1c0_0 .var/s "reg_weight", 7 0;
v00000238928ae4a0_0 .net "rst_n", 0 0, L_00000238926d5550;  alias, 1 drivers
S_00000238928bbf30 .scope generate, "COL_LOOP[8]" "COL_LOOP[8]" 9 55, 9 55 0, S_00000238928c6660;
 .timescale -9 -12;
P_00000238926f1810 .param/l "c" 0 9 55, +C4<01000>;
v00000238928afa80_0 .net "pe_in_act", 7 0, L_00000238929c4c10;  1 drivers
v00000238928afb20_0 .net "pe_in_psum", 31 0, L_00000238929c4200;  1 drivers
v00000238928afee0_0 .net "pe_in_weight", 7 0, L_00000238929ba030;  1 drivers
v00000238928afbc0_0 .net "pe_load_en", 0 0, L_00000238929b8b90;  1 drivers
S_00000238928bb5d0 .scope generate, "genblk1" "genblk1" 9 61, 9 61 0, S_00000238928bbf30;
 .timescale -9 -12;
L_00000238929c4c10 .functor BUFZ 8, v00000238928af620_0, C4<00000000>, C4<00000000>, C4<00000000>;
S_00000238928b8d30 .scope generate, "genblk2" "genblk2" 9 72, 9 72 0, S_00000238928bbf30;
 .timescale -9 -12;
L_00000238929c4200 .functor BUFZ 32, v00000238928a5300_0, C4<00000000000000000000000000000000>, C4<00000000000000000000000000000000>, C4<00000000000000000000000000000000>;
S_00000238928b9ff0 .scope module, "pe_inst" "pe" 9 91, 10 12 0, S_00000238928bbf30;
 .timescale 0 0;
    .port_info 0 /INPUT 1 "clk";
    .port_info 1 /INPUT 1 "rst_n";
    .port_info 2 /INPUT 1 "en_compute";
    .port_info 3 /INPUT 1 "load_weight";
    .port_info 4 /INPUT 8 "in_act";
    .port_info 5 /INPUT 8 "in_weight";
    .port_info 6 /INPUT 32 "in_psum";
    .port_info 7 /OUTPUT 8 "out_act";
    .port_info 8 /OUTPUT 32 "out_psum";
v00000238928af760_0 .net "clk", 0 0, v00000238928c9830_0;  alias, 1 drivers
v00000238928ae360_0 .net "en_compute", 0 0, L_000002389294c268;  alias, 1 drivers
v00000238928ae5e0_0 .net "in_act", 7 0, L_00000238929c4c10;  alias, 1 drivers
v00000238928af800_0 .net "in_psum", 31 0, L_00000238929c4200;  alias, 1 drivers
v00000238928ae680_0 .net "in_weight", 7 0, L_00000238929ba030;  alias, 1 drivers
v00000238928ae7c0_0 .net "load_weight", 0 0, L_00000238929b8b90;  alias, 1 drivers
v00000238928af8a0_0 .var "out_act", 7 0;
v00000238928aee00_0 .var "out_psum", 31 0;
v00000238928ae720_0 .var/s "reg_weight", 7 0;
v00000238928ae860_0 .net "rst_n", 0 0, L_00000238926d5550;  alias, 1 drivers
S_00000238928baf90 .scope generate, "COL_LOOP[9]" "COL_LOOP[9]" 9 55, 9 55 0, S_00000238928c6660;
 .timescale -9 -12;
P_00000238926f12d0 .param/l "c" 0 9 55, +C4<01001>;
v00000238928aefe0_0 .net "pe_in_act", 7 0, L_00000238929c42e0;  1 drivers
v00000238928aeea0_0 .net "pe_in_psum", 31 0, L_00000238929c5380;  1 drivers
v00000238928aef40_0 .net "pe_in_weight", 7 0, L_00000238929ba2b0;  1 drivers
v00000238928af080_0 .net "pe_load_en", 0 0, L_00000238929ba350;  1 drivers
S_00000238928ba630 .scope generate, "genblk1" "genblk1" 9 61, 9 61 0, S_00000238928baf90;
 .timescale -9 -12;
L_00000238929c42e0 .functor BUFZ 8, v00000238928af8a0_0, C4<00000000>, C4<00000000>, C4<00000000>;
S_00000238928b8560 .scope generate, "genblk2" "genblk2" 9 72, 9 72 0, S_00000238928baf90;
 .timescale -9 -12;
L_00000238929c5380 .functor BUFZ 32, v00000238928a4400_0, C4<00000000000000000000000000000000>, C4<00000000000000000000000000000000>, C4<00000000000000000000000000000000>;
S_00000238928b91e0 .scope module, "pe_inst" "pe" 9 91, 10 12 0, S_00000238928baf90;
 .timescale 0 0;
    .port_info 0 /INPUT 1 "clk";
    .port_info 1 /INPUT 1 "rst_n";
    .port_info 2 /INPUT 1 "en_compute";
    .port_info 3 /INPUT 1 "load_weight";
    .port_info 4 /INPUT 8 "in_act";
    .port_info 5 /INPUT 8 "in_weight";
    .port_info 6 /INPUT 32 "in_psum";
    .port_info 7 /OUTPUT 8 "out_act";
    .port_info 8 /OUTPUT 32 "out_psum";
v00000238928aeb80_0 .net "clk", 0 0, v00000238928c9830_0;  alias, 1 drivers
v00000238928aff80_0 .net "en_compute", 0 0, L_000002389294c268;  alias, 1 drivers
v00000238928afda0_0 .net "in_act", 7 0, L_00000238929c42e0;  alias, 1 drivers
v00000238928ae0e0_0 .net "in_psum", 31 0, L_00000238929c5380;  alias, 1 drivers
v00000238928ae180_0 .net "in_weight", 7 0, L_00000238929ba2b0;  alias, 1 drivers
v00000238928ae220_0 .net "load_weight", 0 0, L_00000238929ba350;  alias, 1 drivers
v00000238928ae900_0 .var "out_act", 7 0;
v00000238928ae9a0_0 .var "out_psum", 31 0;
v00000238928aeae0_0 .var/s "reg_weight", 7 0;
v00000238928aec20_0 .net "rst_n", 0 0, L_00000238926d5550;  alias, 1 drivers
S_00000238928ba950 .scope generate, "COL_LOOP[10]" "COL_LOOP[10]" 9 55, 9 55 0, S_00000238928c6660;
 .timescale -9 -12;
P_00000238926f1850 .param/l "c" 0 9 55, +C4<01010>;
v0000023892890860_0 .net "pe_in_act", 7 0, L_00000238929c4f90;  1 drivers
v00000238928919e0_0 .net "pe_in_psum", 31 0, L_00000238929c4580;  1 drivers
v00000238928902c0_0 .net "pe_in_weight", 7 0, L_00000238929ba3f0;  1 drivers
v0000023892890d60_0 .net "pe_load_en", 0 0, L_00000238929b8eb0;  1 drivers
S_00000238928b9500 .scope generate, "genblk1" "genblk1" 9 61, 9 61 0, S_00000238928ba950;
 .timescale -9 -12;
L_00000238929c4f90 .functor BUFZ 8, v00000238928ae900_0, C4<00000000>, C4<00000000>, C4<00000000>;
S_00000238928b8ba0 .scope generate, "genblk2" "genblk2" 9 72, 9 72 0, S_00000238928ba950;
 .timescale -9 -12;
L_00000238929c4580 .functor BUFZ 32, v00000238928a7920_0, C4<00000000000000000000000000000000>, C4<00000000000000000000000000000000>, C4<00000000000000000000000000000000>;
S_00000238928bb8f0 .scope module, "pe_inst" "pe" 9 91, 10 12 0, S_00000238928ba950;
 .timescale 0 0;
    .port_info 0 /INPUT 1 "clk";
    .port_info 1 /INPUT 1 "rst_n";
    .port_info 2 /INPUT 1 "en_compute";
    .port_info 3 /INPUT 1 "load_weight";
    .port_info 4 /INPUT 8 "in_act";
    .port_info 5 /INPUT 8 "in_weight";
    .port_info 6 /INPUT 32 "in_psum";
    .port_info 7 /OUTPUT 8 "out_act";
    .port_info 8 /OUTPUT 32 "out_psum";
v0000023892891440_0 .net "clk", 0 0, v00000238928c9830_0;  alias, 1 drivers
v00000238928922a0_0 .net "en_compute", 0 0, L_000002389294c268;  alias, 1 drivers
v00000238928920c0_0 .net "in_act", 7 0, L_00000238929c4f90;  alias, 1 drivers
v0000023892891120_0 .net "in_psum", 31 0, L_00000238929c4580;  alias, 1 drivers
v0000023892891760_0 .net "in_weight", 7 0, L_00000238929ba3f0;  alias, 1 drivers
v0000023892892840_0 .net "load_weight", 0 0, L_00000238929b8eb0;  alias, 1 drivers
v0000023892890360_0 .var "out_act", 7 0;
v00000238928909a0_0 .var "out_psum", 31 0;
v00000238928905e0_0 .var/s "reg_weight", 7 0;
v0000023892890220_0 .net "rst_n", 0 0, L_00000238926d5550;  alias, 1 drivers
S_00000238928b9050 .scope generate, "COL_LOOP[11]" "COL_LOOP[11]" 9 55, 9 55 0, S_00000238928c6660;
 .timescale -9 -12;
P_00000238926f1790 .param/l "c" 0 9 55, +C4<01011>;
v0000023892890680_0 .net "pe_in_act", 7 0, L_00000238929c5930;  1 drivers
v0000023892891d00_0 .net "pe_in_psum", 31 0, L_00000238929c4a50;  1 drivers
v0000023892892020_0 .net "pe_in_weight", 7 0, L_00000238929bcfb0;  1 drivers
v0000023892890720_0 .net "pe_load_en", 0 0, L_00000238929baf30;  1 drivers
S_00000238928b8880 .scope generate, "genblk1" "genblk1" 9 61, 9 61 0, S_00000238928b9050;
 .timescale -9 -12;
L_00000238929c5930 .functor BUFZ 8, v0000023892890360_0, C4<00000000>, C4<00000000>, C4<00000000>;
S_00000238928b9690 .scope generate, "genblk2" "genblk2" 9 72, 9 72 0, S_00000238928b9050;
 .timescale -9 -12;
L_00000238929c4a50 .functor BUFZ 32, v00000238928a8e60_0, C4<00000000000000000000000000000000>, C4<00000000000000000000000000000000>, C4<00000000000000000000000000000000>;
S_00000238928bc0c0 .scope module, "pe_inst" "pe" 9 91, 10 12 0, S_00000238928b9050;
 .timescale 0 0;
    .port_info 0 /INPUT 1 "clk";
    .port_info 1 /INPUT 1 "rst_n";
    .port_info 2 /INPUT 1 "en_compute";
    .port_info 3 /INPUT 1 "load_weight";
    .port_info 4 /INPUT 8 "in_act";
    .port_info 5 /INPUT 8 "in_weight";
    .port_info 6 /INPUT 32 "in_psum";
    .port_info 7 /OUTPUT 8 "out_act";
    .port_info 8 /OUTPUT 32 "out_psum";
v0000023892891800_0 .net "clk", 0 0, v00000238928c9830_0;  alias, 1 drivers
v0000023892890e00_0 .net "en_compute", 0 0, L_000002389294c268;  alias, 1 drivers
v0000023892891260_0 .net "in_act", 7 0, L_00000238929c5930;  alias, 1 drivers
v0000023892892660_0 .net "in_psum", 31 0, L_00000238929c4a50;  alias, 1 drivers
v0000023892890400_0 .net "in_weight", 7 0, L_00000238929bcfb0;  alias, 1 drivers
v0000023892891a80_0 .net "load_weight", 0 0, L_00000238929baf30;  alias, 1 drivers
v00000238928925c0_0 .var "out_act", 7 0;
v0000023892890f40_0 .var "out_psum", 31 0;
v0000023892890540_0 .var/s "reg_weight", 7 0;
v00000238928918a0_0 .net "rst_n", 0 0, L_00000238926d5550;  alias, 1 drivers
S_00000238928b9820 .scope generate, "COL_LOOP[12]" "COL_LOOP[12]" 9 55, 9 55 0, S_00000238928c6660;
 .timescale -9 -12;
P_00000238926f15d0 .param/l "c" 0 9 55, +C4<01100>;
v0000023892891620_0 .net "pe_in_act", 7 0, L_00000238929c4120;  1 drivers
v0000023892890a40_0 .net "pe_in_psum", 31 0, L_00000238929c5620;  1 drivers
v0000023892891da0_0 .net "pe_in_weight", 7 0, L_00000238929bd050;  1 drivers
v0000023892891e40_0 .net "pe_load_en", 0 0, L_00000238929bab70;  1 drivers
S_00000238928b8ec0 .scope generate, "genblk1" "genblk1" 9 61, 9 61 0, S_00000238928b9820;
 .timescale -9 -12;
L_00000238929c4120 .functor BUFZ 8, v00000238928925c0_0, C4<00000000>, C4<00000000>, C4<00000000>;
S_00000238928b99b0 .scope generate, "genblk2" "genblk2" 9 72, 9 72 0, S_00000238928b9820;
 .timescale -9 -12;
L_00000238929c5620 .functor BUFZ 32, v00000238928a81e0_0, C4<00000000000000000000000000000000>, C4<00000000000000000000000000000000>, C4<00000000000000000000000000000000>;
S_00000238928ba7c0 .scope module, "pe_inst" "pe" 9 91, 10 12 0, S_00000238928b9820;
 .timescale 0 0;
    .port_info 0 /INPUT 1 "clk";
    .port_info 1 /INPUT 1 "rst_n";
    .port_info 2 /INPUT 1 "en_compute";
    .port_info 3 /INPUT 1 "load_weight";
    .port_info 4 /INPUT 8 "in_act";
    .port_info 5 /INPUT 8 "in_weight";
    .port_info 6 /INPUT 32 "in_psum";
    .port_info 7 /OUTPUT 8 "out_act";
    .port_info 8 /OUTPUT 32 "out_psum";
v00000238928916c0_0 .net "clk", 0 0, v00000238928c9830_0;  alias, 1 drivers
v0000023892891b20_0 .net "en_compute", 0 0, L_000002389294c268;  alias, 1 drivers
v00000238928907c0_0 .net "in_act", 7 0, L_00000238929c4120;  alias, 1 drivers
v0000023892892340_0 .net "in_psum", 31 0, L_00000238929c5620;  alias, 1 drivers
v0000023892890fe0_0 .net "in_weight", 7 0, L_00000238929bd050;  alias, 1 drivers
v0000023892891c60_0 .net "load_weight", 0 0, L_00000238929bab70;  alias, 1 drivers
v0000023892891940_0 .var "out_act", 7 0;
v0000023892890ae0_0 .var "out_psum", 31 0;
v0000023892892520_0 .var/s "reg_weight", 7 0;
v0000023892890900_0 .net "rst_n", 0 0, L_00000238926d5550;  alias, 1 drivers
S_00000238928b80b0 .scope generate, "COL_LOOP[13]" "COL_LOOP[13]" 9 55, 9 55 0, S_00000238928c6660;
 .timescale -9 -12;
P_00000238926f2050 .param/l "c" 0 9 55, +C4<01101>;
v00000238928904a0_0 .net "pe_in_act", 7 0, L_00000238929c46d0;  1 drivers
v00000238928923e0_0 .net "pe_in_psum", 31 0, L_00000238929c45f0;  1 drivers
v00000238928913a0_0 .net "pe_in_weight", 7 0, L_00000238929bc470;  1 drivers
v0000023892891580_0 .net "pe_load_en", 0 0, L_00000238929bc650;  1 drivers
S_00000238928bb120 .scope generate, "genblk1" "genblk1" 9 61, 9 61 0, S_00000238928b80b0;
 .timescale -9 -12;
L_00000238929c46d0 .functor BUFZ 8, v0000023892891940_0, C4<00000000>, C4<00000000>, C4<00000000>;
S_00000238928b86f0 .scope generate, "genblk2" "genblk2" 9 72, 9 72 0, S_00000238928b80b0;
 .timescale -9 -12;
L_00000238929c45f0 .functor BUFZ 32, v00000238928a7ce0_0, C4<00000000000000000000000000000000>, C4<00000000000000000000000000000000>, C4<00000000000000000000000000000000>;
S_00000238928b9cd0 .scope module, "pe_inst" "pe" 9 91, 10 12 0, S_00000238928b80b0;
 .timescale 0 0;
    .port_info 0 /INPUT 1 "clk";
    .port_info 1 /INPUT 1 "rst_n";
    .port_info 2 /INPUT 1 "en_compute";
    .port_info 3 /INPUT 1 "load_weight";
    .port_info 4 /INPUT 8 "in_act";
    .port_info 5 /INPUT 8 "in_weight";
    .port_info 6 /INPUT 32 "in_psum";
    .port_info 7 /OUTPUT 8 "out_act";
    .port_info 8 /OUTPUT 32 "out_psum";
v0000023892890b80_0 .net "clk", 0 0, v00000238928c9830_0;  alias, 1 drivers
v0000023892891f80_0 .net "en_compute", 0 0, L_000002389294c268;  alias, 1 drivers
v0000023892892160_0 .net "in_act", 7 0, L_00000238929c46d0;  alias, 1 drivers
v0000023892890c20_0 .net "in_psum", 31 0, L_00000238929c45f0;  alias, 1 drivers
v00000238928914e0_0 .net "in_weight", 7 0, L_00000238929bc470;  alias, 1 drivers
v0000023892892200_0 .net "load_weight", 0 0, L_00000238929bc650;  alias, 1 drivers
v0000023892890cc0_0 .var "out_act", 7 0;
v0000023892890ea0_0 .var "out_psum", 31 0;
v0000023892891080_0 .var/s "reg_weight", 7 0;
v0000023892891300_0 .net "rst_n", 0 0, L_00000238926d5550;  alias, 1 drivers
S_00000238928bb760 .scope generate, "COL_LOOP[14]" "COL_LOOP[14]" 9 55, 9 55 0, S_00000238928c6660;
 .timescale -9 -12;
P_00000238926f1450 .param/l "c" 0 9 55, +C4<01110>;
v0000023892893f60_0 .net "pe_in_act", 7 0, L_00000238929c5690;  1 drivers
v0000023892894b40_0 .net "pe_in_psum", 31 0, L_00000238929c4740;  1 drivers
v0000023892894fa0_0 .net "pe_in_weight", 7 0, L_00000238929bc8d0;  1 drivers
v0000023892892ac0_0 .net "pe_load_en", 0 0, L_00000238929bc290;  1 drivers
S_00000238928baae0 .scope generate, "genblk1" "genblk1" 9 61, 9 61 0, S_00000238928bb760;
 .timescale -9 -12;
L_00000238929c5690 .functor BUFZ 8, v0000023892890cc0_0, C4<00000000>, C4<00000000>, C4<00000000>;
S_00000238928bba80 .scope generate, "genblk2" "genblk2" 9 72, 9 72 0, S_00000238928bb760;
 .timescale -9 -12;
L_00000238929c4740 .functor BUFZ 32, v00000238928a99a0_0, C4<00000000000000000000000000000000>, C4<00000000000000000000000000000000>, C4<00000000000000000000000000000000>;
S_00000238928bbc10 .scope module, "pe_inst" "pe" 9 91, 10 12 0, S_00000238928bb760;
 .timescale 0 0;
    .port_info 0 /INPUT 1 "clk";
    .port_info 1 /INPUT 1 "rst_n";
    .port_info 2 /INPUT 1 "en_compute";
    .port_info 3 /INPUT 1 "load_weight";
    .port_info 4 /INPUT 8 "in_act";
    .port_info 5 /INPUT 8 "in_weight";
    .port_info 6 /INPUT 32 "in_psum";
    .port_info 7 /OUTPUT 8 "out_act";
    .port_info 8 /OUTPUT 32 "out_psum";
v00000238928927a0_0 .net "clk", 0 0, v00000238928c9830_0;  alias, 1 drivers
v00000238928900e0_0 .net "en_compute", 0 0, L_000002389294c268;  alias, 1 drivers
v0000023892890180_0 .net "in_act", 7 0, L_00000238929c5690;  alias, 1 drivers
v0000023892894dc0_0 .net "in_psum", 31 0, L_00000238929c4740;  alias, 1 drivers
v0000023892894000_0 .net "in_weight", 7 0, L_00000238929bc8d0;  alias, 1 drivers
v00000238928939c0_0 .net "load_weight", 0 0, L_00000238929bc290;  alias, 1 drivers
v0000023892894460_0 .var "out_act", 7 0;
v0000023892893100_0 .var "out_psum", 31 0;
v0000023892892b60_0 .var/s "reg_weight", 7 0;
v0000023892894c80_0 .net "rst_n", 0 0, L_00000238926d5550;  alias, 1 drivers
S_00000238928b9b40 .scope generate, "COL_LOOP[15]" "COL_LOOP[15]" 9 55, 9 55 0, S_00000238928c6660;
 .timescale -9 -12;
P_00000238926f2110 .param/l "c" 0 9 55, +C4<01111>;
v0000023892892a20_0 .net "pe_in_act", 7 0, L_00000238929c57e0;  1 drivers
v0000023892894e60_0 .net "pe_in_psum", 31 0, L_00000238929c5070;  1 drivers
v0000023892893e20_0 .net "pe_in_weight", 7 0, L_00000238929bbe30;  1 drivers
v0000023892892d40_0 .net "pe_load_en", 0 0, L_00000238929badf0;  1 drivers
S_00000238928b9e60 .scope generate, "genblk1" "genblk1" 9 61, 9 61 0, S_00000238928b9b40;
 .timescale -9 -12;
L_00000238929c57e0 .functor BUFZ 8, v0000023892894460_0, C4<00000000>, C4<00000000>, C4<00000000>;
S_00000238928ba180 .scope generate, "genblk2" "genblk2" 9 72, 9 72 0, S_00000238928b9b40;
 .timescale -9 -12;
L_00000238929c5070 .functor BUFZ 32, v00000238928aa9e0_0, C4<00000000000000000000000000000000>, C4<00000000000000000000000000000000>, C4<00000000000000000000000000000000>;
S_00000238928bac70 .scope module, "pe_inst" "pe" 9 91, 10 12 0, S_00000238928b9b40;
 .timescale 0 0;
    .port_info 0 /INPUT 1 "clk";
    .port_info 1 /INPUT 1 "rst_n";
    .port_info 2 /INPUT 1 "en_compute";
    .port_info 3 /INPUT 1 "load_weight";
    .port_info 4 /INPUT 8 "in_act";
    .port_info 5 /INPUT 8 "in_weight";
    .port_info 6 /INPUT 32 "in_psum";
    .port_info 7 /OUTPUT 8 "out_act";
    .port_info 8 /OUTPUT 32 "out_psum";
v0000023892892fc0_0 .net "clk", 0 0, v00000238928c9830_0;  alias, 1 drivers
v0000023892894960_0 .net "en_compute", 0 0, L_000002389294c268;  alias, 1 drivers
v00000238928928e0_0 .net "in_act", 7 0, L_00000238929c57e0;  alias, 1 drivers
v0000023892894140_0 .net "in_psum", 31 0, L_00000238929c5070;  alias, 1 drivers
v0000023892893b00_0 .net "in_weight", 7 0, L_00000238929bbe30;  alias, 1 drivers
v0000023892893c40_0 .net "load_weight", 0 0, L_00000238929badf0;  alias, 1 drivers
v00000238928941e0_0 .var "out_act", 7 0;
v0000023892894280_0 .var "out_psum", 31 0;
v0000023892894320_0 .var/s "reg_weight", 7 0;
v00000238928943c0_0 .net "rst_n", 0 0, L_00000238926d5550;  alias, 1 drivers
S_00000238928bbda0 .scope generate, "ROW_LOOP[11]" "ROW_LOOP[11]" 9 54, 9 54 0, S_00000238927e0370;
 .timescale -9 -12;
P_00000238926f1b50 .param/l "r" 0 9 54, +C4<01011>;
S_00000238928bc250 .scope generate, "COL_LOOP[0]" "COL_LOOP[0]" 9 55, 9 55 0, S_00000238928bbda0;
 .timescale -9 -12;
P_00000238926f1fd0 .param/l "c" 0 9 55, +C4<00>;
v0000023892892980_0 .net "pe_in_act", 7 0, L_00000238929bad50;  1 drivers
v0000023892893a60_0 .net "pe_in_psum", 31 0, L_00000238929c4ac0;  1 drivers
v0000023892894780_0 .net "pe_in_weight", 7 0, L_00000238929bb750;  1 drivers
v0000023892893ba0_0 .net "pe_load_en", 0 0, L_00000238929ba8f0;  1 drivers
S_00000238928bc3e0 .scope generate, "genblk1" "genblk1" 9 61, 9 61 0, S_00000238928bc250;
 .timescale -9 -12;
S_00000238928b83d0 .scope generate, "genblk2" "genblk2" 9 72, 9 72 0, S_00000238928bc250;
 .timescale -9 -12;
L_00000238929c4ac0 .functor BUFZ 32, v00000238928a9b80_0, C4<00000000000000000000000000000000>, C4<00000000000000000000000000000000>, C4<00000000000000000000000000000000>;
S_00000238928bc570 .scope generate, "genblk3" "genblk3" 9 106, 9 106 0, S_00000238928bc250;
 .timescale -9 -12;
L_00000238929c4270 .functor BUFZ 32, v0000023892892c00_0, C4<00000000000000000000000000000000>, C4<00000000000000000000000000000000>, C4<00000000000000000000000000000000>;
v00000238928946e0_0 .net *"_ivl_2", 31 0, L_00000238929c4270;  1 drivers
S_00000238928bc700 .scope module, "pe_inst" "pe" 9 91, 10 12 0, S_00000238928bc250;
 .timescale 0 0;
    .port_info 0 /INPUT 1 "clk";
    .port_info 1 /INPUT 1 "rst_n";
    .port_info 2 /INPUT 1 "en_compute";
    .port_info 3 /INPUT 1 "load_weight";
    .port_info 4 /INPUT 8 "in_act";
    .port_info 5 /INPUT 8 "in_weight";
    .port_info 6 /INPUT 32 "in_psum";
    .port_info 7 /OUTPUT 8 "out_act";
    .port_info 8 /OUTPUT 32 "out_psum";
v0000023892893ec0_0 .net "clk", 0 0, v00000238928c9830_0;  alias, 1 drivers
v0000023892894f00_0 .net "en_compute", 0 0, L_000002389294c268;  alias, 1 drivers
v0000023892892de0_0 .net "in_act", 7 0, L_00000238929bad50;  alias, 1 drivers
v0000023892893380_0 .net "in_psum", 31 0, L_00000238929c4ac0;  alias, 1 drivers
v0000023892893880_0 .net "in_weight", 7 0, L_00000238929bb750;  alias, 1 drivers
v0000023892893920_0 .net "load_weight", 0 0, L_00000238929ba8f0;  alias, 1 drivers
v0000023892894500_0 .var "out_act", 7 0;
v0000023892892c00_0 .var "out_psum", 31 0;
v0000023892895040_0 .var/s "reg_weight", 7 0;
v0000023892893240_0 .net "rst_n", 0 0, L_00000238926d5550;  alias, 1 drivers
S_00000238928bc890 .scope generate, "COL_LOOP[1]" "COL_LOOP[1]" 9 55, 9 55 0, S_00000238928bbda0;
 .timescale -9 -12;
P_00000238926f1ed0 .param/l "c" 0 9 55, +C4<01>;
v0000023892894be0_0 .net "pe_in_act", 7 0, L_00000238929c4f20;  1 drivers
v0000023892892f20_0 .net "pe_in_psum", 31 0, L_00000238929c53f0;  1 drivers
v0000023892893740_0 .net "pe_in_weight", 7 0, L_00000238929bb110;  1 drivers
v0000023892893420_0 .net "pe_load_en", 0 0, L_00000238929bc330;  1 drivers
S_00000238928bca20 .scope generate, "genblk1" "genblk1" 9 61, 9 61 0, S_00000238928bc890;
 .timescale -9 -12;
L_00000238929c4f20 .functor BUFZ 8, v0000023892894500_0, C4<00000000>, C4<00000000>, C4<00000000>;
S_00000238928bcbb0 .scope generate, "genblk2" "genblk2" 9 72, 9 72 0, S_00000238928bc890;
 .timescale -9 -12;
L_00000238929c53f0 .functor BUFZ 32, v00000238928ab700_0, C4<00000000000000000000000000000000>, C4<00000000000000000000000000000000>, C4<00000000000000000000000000000000>;
S_00000238928bcd40 .scope generate, "genblk3" "genblk3" 9 106, 9 106 0, S_00000238928bc890;
 .timescale -9 -12;
L_00000238929c47b0 .functor BUFZ 32, v00000238928948c0_0, C4<00000000000000000000000000000000>, C4<00000000000000000000000000000000>, C4<00000000000000000000000000000000>;
v0000023892892ca0_0 .net *"_ivl_2", 31 0, L_00000238929c47b0;  1 drivers
S_00000238928bced0 .scope module, "pe_inst" "pe" 9 91, 10 12 0, S_00000238928bc890;
 .timescale 0 0;
    .port_info 0 /INPUT 1 "clk";
    .port_info 1 /INPUT 1 "rst_n";
    .port_info 2 /INPUT 1 "en_compute";
    .port_info 3 /INPUT 1 "load_weight";
    .port_info 4 /INPUT 8 "in_act";
    .port_info 5 /INPUT 8 "in_weight";
    .port_info 6 /INPUT 32 "in_psum";
    .port_info 7 /OUTPUT 8 "out_act";
    .port_info 8 /OUTPUT 32 "out_psum";
v0000023892894d20_0 .net "clk", 0 0, v00000238928c9830_0;  alias, 1 drivers
v0000023892892e80_0 .net "en_compute", 0 0, L_000002389294c268;  alias, 1 drivers
v00000238928945a0_0 .net "in_act", 7 0, L_00000238929c4f20;  alias, 1 drivers
v00000238928931a0_0 .net "in_psum", 31 0, L_00000238929c53f0;  alias, 1 drivers
v0000023892893060_0 .net "in_weight", 7 0, L_00000238929bb110;  alias, 1 drivers
v0000023892893ce0_0 .net "load_weight", 0 0, L_00000238929bc330;  alias, 1 drivers
v0000023892894640_0 .var "out_act", 7 0;
v00000238928948c0_0 .var "out_psum", 31 0;
v0000023892894aa0_0 .var/s "reg_weight", 7 0;
v00000238928932e0_0 .net "rst_n", 0 0, L_00000238926d5550;  alias, 1 drivers
S_00000238928bd060 .scope generate, "COL_LOOP[2]" "COL_LOOP[2]" 9 55, 9 55 0, S_00000238928bbda0;
 .timescale -9 -12;
P_00000238926f1310 .param/l "c" 0 9 55, +C4<010>;
v0000023892896300_0 .net "pe_in_act", 7 0, L_00000238929c5150;  1 drivers
v0000023892896440_0 .net "pe_in_psum", 31 0, L_00000238929c51c0;  1 drivers
v00000238928969e0_0 .net "pe_in_weight", 7 0, L_00000238929bb7f0;  1 drivers
v00000238928968a0_0 .net "pe_load_en", 0 0, L_00000238929bb570;  1 drivers
S_00000238928bd1f0 .scope generate, "genblk1" "genblk1" 9 61, 9 61 0, S_00000238928bd060;
 .timescale -9 -12;
L_00000238929c5150 .functor BUFZ 8, v0000023892894640_0, C4<00000000>, C4<00000000>, C4<00000000>;
S_00000238928bd380 .scope generate, "genblk2" "genblk2" 9 72, 9 72 0, S_00000238928bd060;
 .timescale -9 -12;
L_00000238929c51c0 .functor BUFZ 32, v00000238928ac420_0, C4<00000000000000000000000000000000>, C4<00000000000000000000000000000000>, C4<00000000000000000000000000000000>;
S_00000238928bd510 .scope generate, "genblk3" "genblk3" 9 106, 9 106 0, S_00000238928bd060;
 .timescale -9 -12;
L_00000238929c4900 .functor BUFZ 32, v0000023892895b80_0, C4<00000000000000000000000000000000>, C4<00000000000000000000000000000000>, C4<00000000000000000000000000000000>;
v00000238928934c0_0 .net *"_ivl_2", 31 0, L_00000238929c4900;  1 drivers
S_00000238928bd6a0 .scope module, "pe_inst" "pe" 9 91, 10 12 0, S_00000238928bd060;
 .timescale 0 0;
    .port_info 0 /INPUT 1 "clk";
    .port_info 1 /INPUT 1 "rst_n";
    .port_info 2 /INPUT 1 "en_compute";
    .port_info 3 /INPUT 1 "load_weight";
    .port_info 4 /INPUT 8 "in_act";
    .port_info 5 /INPUT 8 "in_weight";
    .port_info 6 /INPUT 32 "in_psum";
    .port_info 7 /OUTPUT 8 "out_act";
    .port_info 8 /OUTPUT 32 "out_psum";
v0000023892893600_0 .net "clk", 0 0, v00000238928c9830_0;  alias, 1 drivers
v00000238928937e0_0 .net "en_compute", 0 0, L_000002389294c268;  alias, 1 drivers
v00000238928936a0_0 .net "in_act", 7 0, L_00000238929c5150;  alias, 1 drivers
v0000023892893d80_0 .net "in_psum", 31 0, L_00000238929c51c0;  alias, 1 drivers
v0000023892896f80_0 .net "in_weight", 7 0, L_00000238929bb7f0;  alias, 1 drivers
v0000023892895540_0 .net "load_weight", 0 0, L_00000238929bb570;  alias, 1 drivers
v00000238928955e0_0 .var "out_act", 7 0;
v0000023892895b80_0 .var "out_psum", 31 0;
v0000023892895ae0_0 .var/s "reg_weight", 7 0;
v00000238928957c0_0 .net "rst_n", 0 0, L_00000238926d5550;  alias, 1 drivers
S_00000238928bd830 .scope generate, "COL_LOOP[3]" "COL_LOOP[3]" 9 55, 9 55 0, S_00000238928bbda0;
 .timescale -9 -12;
P_00000238926f2010 .param/l "c" 0 9 55, +C4<011>;
v00000238928964e0_0 .net "pe_in_act", 7 0, L_00000238929c4cf0;  1 drivers
v00000238928970c0_0 .net "pe_in_psum", 31 0, L_00000238929c5850;  1 drivers
v0000023892896120_0 .net "pe_in_weight", 7 0, L_00000238929bc5b0;  1 drivers
v0000023892895720_0 .net "pe_load_en", 0 0, L_00000238929ba990;  1 drivers
S_00000238928bd9c0 .scope generate, "genblk1" "genblk1" 9 61, 9 61 0, S_00000238928bd830;
 .timescale -9 -12;
L_00000238929c4cf0 .functor BUFZ 8, v00000238928955e0_0, C4<00000000>, C4<00000000>, C4<00000000>;
S_00000238928bdb50 .scope generate, "genblk2" "genblk2" 9 72, 9 72 0, S_00000238928bd830;
 .timescale -9 -12;
L_00000238929c5850 .functor BUFZ 32, v00000238928abde0_0, C4<00000000000000000000000000000000>, C4<00000000000000000000000000000000>, C4<00000000000000000000000000000000>;
S_00000238928bdce0 .scope generate, "genblk3" "genblk3" 9 106, 9 106 0, S_00000238928bd830;
 .timescale -9 -12;
L_00000238929c4190 .functor BUFZ 32, v0000023892896a80_0, C4<00000000000000000000000000000000>, C4<00000000000000000000000000000000>, C4<00000000000000000000000000000000>;
v0000023892896da0_0 .net *"_ivl_2", 31 0, L_00000238929c4190;  1 drivers
S_00000238928bde70 .scope module, "pe_inst" "pe" 9 91, 10 12 0, S_00000238928bd830;
 .timescale 0 0;
    .port_info 0 /INPUT 1 "clk";
    .port_info 1 /INPUT 1 "rst_n";
    .port_info 2 /INPUT 1 "en_compute";
    .port_info 3 /INPUT 1 "load_weight";
    .port_info 4 /INPUT 8 "in_act";
    .port_info 5 /INPUT 8 "in_weight";
    .port_info 6 /INPUT 32 "in_psum";
    .port_info 7 /OUTPUT 8 "out_act";
    .port_info 8 /OUTPUT 32 "out_psum";
v00000238928973e0_0 .net "clk", 0 0, v00000238928c9830_0;  alias, 1 drivers
v0000023892895cc0_0 .net "en_compute", 0 0, L_000002389294c268;  alias, 1 drivers
v00000238928966c0_0 .net "in_act", 7 0, L_00000238929c4cf0;  alias, 1 drivers
v00000238928963a0_0 .net "in_psum", 31 0, L_00000238929c5850;  alias, 1 drivers
v0000023892896620_0 .net "in_weight", 7 0, L_00000238929bc5b0;  alias, 1 drivers
v00000238928977a0_0 .net "load_weight", 0 0, L_00000238929ba990;  alias, 1 drivers
v0000023892895220_0 .var "out_act", 7 0;
v0000023892896a80_0 .var "out_psum", 31 0;
v0000023892895fe0_0 .var/s "reg_weight", 7 0;
v0000023892895c20_0 .net "rst_n", 0 0, L_00000238926d5550;  alias, 1 drivers
S_00000238928be000 .scope generate, "COL_LOOP[4]" "COL_LOOP[4]" 9 55, 9 55 0, S_00000238928bbda0;
 .timescale -9 -12;
P_00000238926f1210 .param/l "c" 0 9 55, +C4<0100>;
v0000023892895f40_0 .net "pe_in_act", 7 0, L_00000238929c4510;  1 drivers
v0000023892895360_0 .net "pe_in_psum", 31 0, L_00000238929c4660;  1 drivers
v0000023892896bc0_0 .net "pe_in_weight", 7 0, L_00000238929bc510;  1 drivers
v00000238928959a0_0 .net "pe_load_en", 0 0, L_00000238929bb890;  1 drivers
S_00000238928be190 .scope generate, "genblk1" "genblk1" 9 61, 9 61 0, S_00000238928be000;
 .timescale -9 -12;
L_00000238929c4510 .functor BUFZ 8, v0000023892895220_0, C4<00000000>, C4<00000000>, C4<00000000>;
S_00000238928be320 .scope generate, "genblk2" "genblk2" 9 72, 9 72 0, S_00000238928be000;
 .timescale -9 -12;
L_00000238929c4660 .functor BUFZ 32, v00000238928abe80_0, C4<00000000000000000000000000000000>, C4<00000000000000000000000000000000>, C4<00000000000000000000000000000000>;
S_00000238928c16b0 .scope generate, "genblk3" "genblk3" 9 106, 9 106 0, S_00000238928be000;
 .timescale -9 -12;
L_00000238929c58c0 .functor BUFZ 32, v0000023892895900_0, C4<00000000000000000000000000000000>, C4<00000000000000000000000000000000>, C4<00000000000000000000000000000000>;
v0000023892896e40_0 .net *"_ivl_2", 31 0, L_00000238929c58c0;  1 drivers
S_00000238928bf5e0 .scope module, "pe_inst" "pe" 9 91, 10 12 0, S_00000238928be000;
 .timescale 0 0;
    .port_info 0 /INPUT 1 "clk";
    .port_info 1 /INPUT 1 "rst_n";
    .port_info 2 /INPUT 1 "en_compute";
    .port_info 3 /INPUT 1 "load_weight";
    .port_info 4 /INPUT 8 "in_act";
    .port_info 5 /INPUT 8 "in_weight";
    .port_info 6 /INPUT 32 "in_psum";
    .port_info 7 /OUTPUT 8 "out_act";
    .port_info 8 /OUTPUT 32 "out_psum";
v00000238928952c0_0 .net "clk", 0 0, v00000238928c9830_0;  alias, 1 drivers
v0000023892896c60_0 .net "en_compute", 0 0, L_000002389294c268;  alias, 1 drivers
v0000023892897160_0 .net "in_act", 7 0, L_00000238929c4510;  alias, 1 drivers
v0000023892896ee0_0 .net "in_psum", 31 0, L_00000238929c4660;  alias, 1 drivers
v0000023892895d60_0 .net "in_weight", 7 0, L_00000238929bc510;  alias, 1 drivers
v0000023892896b20_0 .net "load_weight", 0 0, L_00000238929bb890;  alias, 1 drivers
v0000023892897840_0 .var "out_act", 7 0;
v0000023892895900_0 .var "out_psum", 31 0;
v0000023892895ea0_0 .var/s "reg_weight", 7 0;
v0000023892896760_0 .net "rst_n", 0 0, L_00000238926d5550;  alias, 1 drivers
S_00000238928c0710 .scope generate, "COL_LOOP[5]" "COL_LOOP[5]" 9 55, 9 55 0, S_00000238928bbda0;
 .timescale -9 -12;
P_00000238926f1350 .param/l "c" 0 9 55, +C4<0101>;
v0000023892897200_0 .net "pe_in_act", 7 0, L_00000238929c5460;  1 drivers
v0000023892897480_0 .net "pe_in_psum", 31 0, L_00000238929c4820;  1 drivers
v00000238928972a0_0 .net "pe_in_weight", 7 0, L_00000238929baad0;  1 drivers
v0000023892897340_0 .net "pe_load_en", 0 0, L_00000238929bc0b0;  1 drivers
S_00000238928c00d0 .scope generate, "genblk1" "genblk1" 9 61, 9 61 0, S_00000238928c0710;
 .timescale -9 -12;
L_00000238929c5460 .functor BUFZ 8, v0000023892897840_0, C4<00000000>, C4<00000000>, C4<00000000>;
S_00000238928c1cf0 .scope generate, "genblk2" "genblk2" 9 72, 9 72 0, S_00000238928c0710;
 .timescale -9 -12;
L_00000238929c4820 .functor BUFZ 32, v00000238928ad140_0, C4<00000000000000000000000000000000>, C4<00000000000000000000000000000000>, C4<00000000000000000000000000000000>;
S_00000238928bfdb0 .scope generate, "genblk3" "genblk3" 9 106, 9 106 0, S_00000238928c0710;
 .timescale -9 -12;
L_00000238929c5540 .functor BUFZ 32, v0000023892896d00_0, C4<00000000000000000000000000000000>, C4<00000000000000000000000000000000>, C4<00000000000000000000000000000000>;
v0000023892896800_0 .net *"_ivl_2", 31 0, L_00000238929c5540;  1 drivers
S_00000238928befa0 .scope module, "pe_inst" "pe" 9 91, 10 12 0, S_00000238928c0710;
 .timescale 0 0;
    .port_info 0 /INPUT 1 "clk";
    .port_info 1 /INPUT 1 "rst_n";
    .port_info 2 /INPUT 1 "en_compute";
    .port_info 3 /INPUT 1 "load_weight";
    .port_info 4 /INPUT 8 "in_act";
    .port_info 5 /INPUT 8 "in_weight";
    .port_info 6 /INPUT 32 "in_psum";
    .port_info 7 /OUTPUT 8 "out_act";
    .port_info 8 /OUTPUT 32 "out_psum";
v0000023892896940_0 .net "clk", 0 0, v00000238928c9830_0;  alias, 1 drivers
v0000023892895a40_0 .net "en_compute", 0 0, L_000002389294c268;  alias, 1 drivers
v0000023892895e00_0 .net "in_act", 7 0, L_00000238929c5460;  alias, 1 drivers
v0000023892896080_0 .net "in_psum", 31 0, L_00000238929c4820;  alias, 1 drivers
v00000238928975c0_0 .net "in_weight", 7 0, L_00000238929baad0;  alias, 1 drivers
v00000238928961c0_0 .net "load_weight", 0 0, L_00000238929bc0b0;  alias, 1 drivers
v0000023892896260_0 .var "out_act", 7 0;
v0000023892896d00_0 .var "out_psum", 31 0;
v0000023892896580_0 .var/s "reg_weight", 7 0;
v0000023892897020_0 .net "rst_n", 0 0, L_00000238926d5550;  alias, 1 drivers
S_00000238928be640 .scope generate, "COL_LOOP[6]" "COL_LOOP[6]" 9 55, 9 55 0, S_00000238928bbda0;
 .timescale -9 -12;
P_00000238926f1390 .param/l "c" 0 9 55, +C4<0110>;
v00000238928cb090_0 .net "pe_in_act", 7 0, L_00000238929c44a0;  1 drivers
v00000238928cbc70_0 .net "pe_in_psum", 31 0, L_00000238929c4890;  1 drivers
v00000238928caf50_0 .net "pe_in_weight", 7 0, L_00000238929bacb0;  1 drivers
v00000238928cbe50_0 .net "pe_load_en", 0 0, L_00000238929bc830;  1 drivers
S_00000238928c1070 .scope generate, "genblk1" "genblk1" 9 61, 9 61 0, S_00000238928be640;
 .timescale -9 -12;
L_00000238929c44a0 .functor BUFZ 8, v0000023892896260_0, C4<00000000>, C4<00000000>, C4<00000000>;
S_00000238928c0d50 .scope generate, "genblk2" "genblk2" 9 72, 9 72 0, S_00000238928be640;
 .timescale -9 -12;
L_00000238929c4890 .functor BUFZ 32, v00000238928acd80_0, C4<00000000000000000000000000000000>, C4<00000000000000000000000000000000>, C4<00000000000000000000000000000000>;
S_00000238928c21a0 .scope generate, "genblk3" "genblk3" 9 106, 9 106 0, S_00000238928be640;
 .timescale -9 -12;
L_00000238929c4e40 .functor BUFZ 32, v00000238928ccdf0_0, C4<00000000000000000000000000000000>, C4<00000000000000000000000000000000>, C4<00000000000000000000000000000000>;
v0000023892897660_0 .net *"_ivl_2", 31 0, L_00000238929c4e40;  1 drivers
S_00000238928c03f0 .scope module, "pe_inst" "pe" 9 91, 10 12 0, S_00000238928be640;
 .timescale 0 0;
    .port_info 0 /INPUT 1 "clk";
    .port_info 1 /INPUT 1 "rst_n";
    .port_info 2 /INPUT 1 "en_compute";
    .port_info 3 /INPUT 1 "load_weight";
    .port_info 4 /INPUT 8 "in_act";
    .port_info 5 /INPUT 8 "in_weight";
    .port_info 6 /INPUT 32 "in_psum";
    .port_info 7 /OUTPUT 8 "out_act";
    .port_info 8 /OUTPUT 32 "out_psum";
v00000238928950e0_0 .net "clk", 0 0, v00000238928c9830_0;  alias, 1 drivers
v0000023892895180_0 .net "en_compute", 0 0, L_000002389294c268;  alias, 1 drivers
v0000023892895400_0 .net "in_act", 7 0, L_00000238929c44a0;  alias, 1 drivers
v00000238928954a0_0 .net "in_psum", 31 0, L_00000238929c4890;  alias, 1 drivers
v00000238928cc0d0_0 .net "in_weight", 7 0, L_00000238929bacb0;  alias, 1 drivers
v00000238928cc170_0 .net "load_weight", 0 0, L_00000238929bc830;  alias, 1 drivers
v00000238928cd070_0 .var "out_act", 7 0;
v00000238928ccdf0_0 .var "out_psum", 31 0;
v00000238928cc210_0 .var/s "reg_weight", 7 0;
v00000238928ccd50_0 .net "rst_n", 0 0, L_00000238926d5550;  alias, 1 drivers
S_00000238928bf900 .scope generate, "COL_LOOP[7]" "COL_LOOP[7]" 9 55, 9 55 0, S_00000238928bbda0;
 .timescale -9 -12;
P_00000238926f1490 .param/l "c" 0 9 55, +C4<0111>;
v00000238928cc530_0 .net "pe_in_act", 7 0, L_00000238929c49e0;  1 drivers
v00000238928cc850_0 .net "pe_in_psum", 31 0, L_00000238929c59a0;  1 drivers
v00000238928caff0_0 .net "pe_in_weight", 7 0, L_00000238929bc3d0;  1 drivers
v00000238928cb450_0 .net "pe_load_en", 0 0, L_00000238929bc6f0;  1 drivers
S_00000238928c08a0 .scope generate, "genblk1" "genblk1" 9 61, 9 61 0, S_00000238928bf900;
 .timescale -9 -12;
L_00000238929c49e0 .functor BUFZ 8, v00000238928cd070_0, C4<00000000>, C4<00000000>, C4<00000000>;
S_00000238928bf770 .scope generate, "genblk2" "genblk2" 9 72, 9 72 0, S_00000238928bf900;
 .timescale -9 -12;
L_00000238929c59a0 .functor BUFZ 32, v00000238928af6c0_0, C4<00000000000000000000000000000000>, C4<00000000000000000000000000000000>, C4<00000000000000000000000000000000>;
S_00000238928c0a30 .scope generate, "genblk3" "genblk3" 9 106, 9 106 0, S_00000238928bf900;
 .timescale -9 -12;
L_00000238929c4430 .functor BUFZ 32, v00000238928caaf0_0, C4<00000000000000000000000000000000>, C4<00000000000000000000000000000000>, C4<00000000000000000000000000000000>;
v00000238928cbef0_0 .net *"_ivl_2", 31 0, L_00000238929c4430;  1 drivers
S_00000238928c0bc0 .scope module, "pe_inst" "pe" 9 91, 10 12 0, S_00000238928bf900;
 .timescale 0 0;
    .port_info 0 /INPUT 1 "clk";
    .port_info 1 /INPUT 1 "rst_n";
    .port_info 2 /INPUT 1 "en_compute";
    .port_info 3 /INPUT 1 "load_weight";
    .port_info 4 /INPUT 8 "in_act";
    .port_info 5 /INPUT 8 "in_weight";
    .port_info 6 /INPUT 32 "in_psum";
    .port_info 7 /OUTPUT 8 "out_act";
    .port_info 8 /OUTPUT 32 "out_psum";
v00000238928cb9f0_0 .net "clk", 0 0, v00000238928c9830_0;  alias, 1 drivers
v00000238928cc490_0 .net "en_compute", 0 0, L_000002389294c268;  alias, 1 drivers
v00000238928cce90_0 .net "in_act", 7 0, L_00000238929c49e0;  alias, 1 drivers
v00000238928cab90_0 .net "in_psum", 31 0, L_00000238929c59a0;  alias, 1 drivers
v00000238928cc2b0_0 .net "in_weight", 7 0, L_00000238929bc3d0;  alias, 1 drivers
v00000238928caeb0_0 .net "load_weight", 0 0, L_00000238929bc6f0;  alias, 1 drivers
v00000238928cbdb0_0 .var "out_act", 7 0;
v00000238928caaf0_0 .var "out_psum", 31 0;
v00000238928cbf90_0 .var/s "reg_weight", 7 0;
v00000238928ccb70_0 .net "rst_n", 0 0, L_00000238926d5550;  alias, 1 drivers
S_00000238928c2330 .scope generate, "COL_LOOP[8]" "COL_LOOP[8]" 9 55, 9 55 0, S_00000238928bbda0;
 .timescale -9 -12;
P_00000238926f16d0 .param/l "c" 0 9 55, +C4<01000>;
v00000238928cb8b0_0 .net "pe_in_act", 7 0, L_00000238929c5a10;  1 drivers
v00000238928cc8f0_0 .net "pe_in_psum", 31 0, L_00000238929c5bd0;  1 drivers
v00000238928ca9b0_0 .net "pe_in_weight", 7 0, L_00000238929bc010;  1 drivers
v00000238928cc350_0 .net "pe_load_en", 0 0, L_00000238929bbed0;  1 drivers
S_00000238928bec80 .scope generate, "genblk1" "genblk1" 9 61, 9 61 0, S_00000238928c2330;
 .timescale -9 -12;
L_00000238929c5a10 .functor BUFZ 8, v00000238928cbdb0_0, C4<00000000>, C4<00000000>, C4<00000000>;
S_00000238928c0ee0 .scope generate, "genblk2" "genblk2" 9 72, 9 72 0, S_00000238928c2330;
 .timescale -9 -12;
L_00000238929c5bd0 .functor BUFZ 32, v00000238928aee00_0, C4<00000000000000000000000000000000>, C4<00000000000000000000000000000000>, C4<00000000000000000000000000000000>;
S_00000238928c0260 .scope generate, "genblk3" "genblk3" 9 106, 9 106 0, S_00000238928c2330;
 .timescale -9 -12;
L_00000238929c5af0 .functor BUFZ 32, v00000238928cac30_0, C4<00000000000000000000000000000000>, C4<00000000000000000000000000000000>, C4<00000000000000000000000000000000>;
v00000238928cae10_0 .net *"_ivl_2", 31 0, L_00000238929c5af0;  1 drivers
S_00000238928bee10 .scope module, "pe_inst" "pe" 9 91, 10 12 0, S_00000238928c2330;
 .timescale 0 0;
    .port_info 0 /INPUT 1 "clk";
    .port_info 1 /INPUT 1 "rst_n";
    .port_info 2 /INPUT 1 "en_compute";
    .port_info 3 /INPUT 1 "load_weight";
    .port_info 4 /INPUT 8 "in_act";
    .port_info 5 /INPUT 8 "in_weight";
    .port_info 6 /INPUT 32 "in_psum";
    .port_info 7 /OUTPUT 8 "out_act";
    .port_info 8 /OUTPUT 32 "out_psum";
v00000238928cb590_0 .net "clk", 0 0, v00000238928c9830_0;  alias, 1 drivers
v00000238928cb3b0_0 .net "en_compute", 0 0, L_000002389294c268;  alias, 1 drivers
v00000238928ccad0_0 .net "in_act", 7 0, L_00000238929c5a10;  alias, 1 drivers
v00000238928cb630_0 .net "in_psum", 31 0, L_00000238929c5bd0;  alias, 1 drivers
v00000238928ca910_0 .net "in_weight", 7 0, L_00000238929bc010;  alias, 1 drivers
v00000238928cc030_0 .net "load_weight", 0 0, L_00000238929bbed0;  alias, 1 drivers
v00000238928cc5d0_0 .var "out_act", 7 0;
v00000238928cac30_0 .var "out_psum", 31 0;
v00000238928cc3f0_0 .var/s "reg_weight", 7 0;
v00000238928cacd0_0 .net "rst_n", 0 0, L_00000238926d5550;  alias, 1 drivers
S_00000238928c19d0 .scope generate, "COL_LOOP[9]" "COL_LOOP[9]" 9 55, 9 55 0, S_00000238928bbda0;
 .timescale -9 -12;
P_00000238926f1250 .param/l "c" 0 9 55, +C4<01001>;
v00000238928ccc10_0 .net "pe_in_act", 7 0, L_00000238929c4970;  1 drivers
v00000238928cb770_0 .net "pe_in_psum", 31 0, L_00000238929c4350;  1 drivers
v00000238928cb1d0_0 .net "pe_in_weight", 7 0, L_00000238929bbc50;  1 drivers
v00000238928cccb0_0 .net "pe_load_en", 0 0, L_00000238929bcd30;  1 drivers
S_00000238928c1390 .scope generate, "genblk1" "genblk1" 9 61, 9 61 0, S_00000238928c19d0;
 .timescale -9 -12;
L_00000238929c4970 .functor BUFZ 8, v00000238928cc5d0_0, C4<00000000>, C4<00000000>, C4<00000000>;
S_00000238928c1200 .scope generate, "genblk2" "genblk2" 9 72, 9 72 0, S_00000238928c19d0;
 .timescale -9 -12;
L_00000238929c4350 .functor BUFZ 32, v00000238928ae9a0_0, C4<00000000000000000000000000000000>, C4<00000000000000000000000000000000>, C4<00000000000000000000000000000000>;
S_00000238928c1520 .scope generate, "genblk3" "genblk3" 9 106, 9 106 0, S_00000238928c19d0;
 .timescale -9 -12;
L_00000238929c5b60 .functor BUFZ 32, v00000238928cc990_0, C4<00000000000000000000000000000000>, C4<00000000000000000000000000000000>, C4<00000000000000000000000000000000>;
v00000238928cb950_0 .net *"_ivl_2", 31 0, L_00000238929c5b60;  1 drivers
S_00000238928bff40 .scope module, "pe_inst" "pe" 9 91, 10 12 0, S_00000238928c19d0;
 .timescale 0 0;
    .port_info 0 /INPUT 1 "clk";
    .port_info 1 /INPUT 1 "rst_n";
    .port_info 2 /INPUT 1 "en_compute";
    .port_info 3 /INPUT 1 "load_weight";
    .port_info 4 /INPUT 8 "in_act";
    .port_info 5 /INPUT 8 "in_weight";
    .port_info 6 /INPUT 32 "in_psum";
    .port_info 7 /OUTPUT 8 "out_act";
    .port_info 8 /OUTPUT 32 "out_psum";
v00000238928caa50_0 .net "clk", 0 0, v00000238928c9830_0;  alias, 1 drivers
v00000238928cc670_0 .net "en_compute", 0 0, L_000002389294c268;  alias, 1 drivers
v00000238928cb270_0 .net "in_act", 7 0, L_00000238929c4970;  alias, 1 drivers
v00000238928cad70_0 .net "in_psum", 31 0, L_00000238929c4350;  alias, 1 drivers
v00000238928cc710_0 .net "in_weight", 7 0, L_00000238929bbc50;  alias, 1 drivers
v00000238928cb130_0 .net "load_weight", 0 0, L_00000238929bcd30;  alias, 1 drivers
v00000238928cc7b0_0 .var "out_act", 7 0;
v00000238928cc990_0 .var "out_psum", 31 0;
v00000238928cca30_0 .var/s "reg_weight", 7 0;
v00000238928cbd10_0 .net "rst_n", 0 0, L_00000238926d5550;  alias, 1 drivers
S_00000238928c24c0 .scope generate, "COL_LOOP[10]" "COL_LOOP[10]" 9 55, 9 55 0, S_00000238928bbda0;
 .timescale -9 -12;
P_00000238926f1c10 .param/l "c" 0 9 55, +C4<01010>;
v00000238928cdc50_0 .net "pe_in_act", 7 0, L_00000238929c4b30;  1 drivers
v00000238928cf190_0 .net "pe_in_psum", 31 0, L_00000238929c4ba0;  1 drivers
v00000238928ce790_0 .net "pe_in_weight", 7 0, L_00000238929bb070;  1 drivers
v00000238928cd6b0_0 .net "pe_load_en", 0 0, L_00000238929bba70;  1 drivers
S_00000238928bfa90 .scope generate, "genblk1" "genblk1" 9 61, 9 61 0, S_00000238928c24c0;
 .timescale -9 -12;
L_00000238929c4b30 .functor BUFZ 8, v00000238928cc7b0_0, C4<00000000>, C4<00000000>, C4<00000000>;
S_00000238928beaf0 .scope generate, "genblk2" "genblk2" 9 72, 9 72 0, S_00000238928c24c0;
 .timescale -9 -12;
L_00000238929c4ba0 .functor BUFZ 32, v00000238928909a0_0, C4<00000000000000000000000000000000>, C4<00000000000000000000000000000000>, C4<00000000000000000000000000000000>;
S_00000238928be4b0 .scope generate, "genblk3" "genblk3" 9 106, 9 106 0, S_00000238928c24c0;
 .timescale -9 -12;
L_00000238929c5c40 .functor BUFZ 32, v00000238928cd2f0_0, C4<00000000000000000000000000000000>, C4<00000000000000000000000000000000>, C4<00000000000000000000000000000000>;
v00000238928cb310_0 .net *"_ivl_2", 31 0, L_00000238929c5c40;  1 drivers
S_00000238928c1840 .scope module, "pe_inst" "pe" 9 91, 10 12 0, S_00000238928c24c0;
 .timescale 0 0;
    .port_info 0 /INPUT 1 "clk";
    .port_info 1 /INPUT 1 "rst_n";
    .port_info 2 /INPUT 1 "en_compute";
    .port_info 3 /INPUT 1 "load_weight";
    .port_info 4 /INPUT 8 "in_act";
    .port_info 5 /INPUT 8 "in_weight";
    .port_info 6 /INPUT 32 "in_psum";
    .port_info 7 /OUTPUT 8 "out_act";
    .port_info 8 /OUTPUT 32 "out_psum";
v00000238928cb6d0_0 .net "clk", 0 0, v00000238928c9830_0;  alias, 1 drivers
v00000238928cb810_0 .net "en_compute", 0 0, L_000002389294c268;  alias, 1 drivers
v00000238928cba90_0 .net "in_act", 7 0, L_00000238929c4b30;  alias, 1 drivers
v00000238928cbb30_0 .net "in_psum", 31 0, L_00000238929c4ba0;  alias, 1 drivers
v00000238928ce6f0_0 .net "in_weight", 7 0, L_00000238929bb070;  alias, 1 drivers
v00000238928ce010_0 .net "load_weight", 0 0, L_00000238929bba70;  alias, 1 drivers
v00000238928cd9d0_0 .var "out_act", 7 0;
v00000238928cd2f0_0 .var "out_psum", 31 0;
v00000238928ced30_0 .var/s "reg_weight", 7 0;
v00000238928cf050_0 .net "rst_n", 0 0, L_00000238926d5550;  alias, 1 drivers
S_00000238928c1b60 .scope generate, "COL_LOOP[11]" "COL_LOOP[11]" 9 55, 9 55 0, S_00000238928bbda0;
 .timescale -9 -12;
P_00000238926f19d0 .param/l "c" 0 9 55, +C4<01011>;
v00000238928cf230_0 .net "pe_in_act", 7 0, L_00000238929c4eb0;  1 drivers
v00000238928ceab0_0 .net "pe_in_psum", 31 0, L_00000238929c43c0;  1 drivers
v00000238928cdf70_0 .net "pe_in_weight", 7 0, L_00000238929bbbb0;  1 drivers
v00000238928ce0b0_0 .net "pe_load_en", 0 0, L_00000238929bafd0;  1 drivers
S_00000238928c1e80 .scope generate, "genblk1" "genblk1" 9 61, 9 61 0, S_00000238928c1b60;
 .timescale -9 -12;
L_00000238929c4eb0 .functor BUFZ 8, v00000238928cd9d0_0, C4<00000000>, C4<00000000>, C4<00000000>;
S_00000238928bfc20 .scope generate, "genblk2" "genblk2" 9 72, 9 72 0, S_00000238928c1b60;
 .timescale -9 -12;
L_00000238929c43c0 .functor BUFZ 32, v0000023892890f40_0, C4<00000000000000000000000000000000>, C4<00000000000000000000000000000000>, C4<00000000000000000000000000000000>;
S_00000238928c2010 .scope generate, "genblk3" "genblk3" 9 106, 9 106 0, S_00000238928c1b60;
 .timescale -9 -12;
L_00000238929ef950 .functor BUFZ 32, v00000238928cdcf0_0, C4<00000000000000000000000000000000>, C4<00000000000000000000000000000000>, C4<00000000000000000000000000000000>;
v00000238928cf410_0 .net *"_ivl_2", 31 0, L_00000238929ef950;  1 drivers
S_00000238928c0580 .scope module, "pe_inst" "pe" 9 91, 10 12 0, S_00000238928c1b60;
 .timescale 0 0;
    .port_info 0 /INPUT 1 "clk";
    .port_info 1 /INPUT 1 "rst_n";
    .port_info 2 /INPUT 1 "en_compute";
    .port_info 3 /INPUT 1 "load_weight";
    .port_info 4 /INPUT 8 "in_act";
    .port_info 5 /INPUT 8 "in_weight";
    .port_info 6 /INPUT 32 "in_psum";
    .port_info 7 /OUTPUT 8 "out_act";
    .port_info 8 /OUTPUT 32 "out_psum";
v00000238928cd750_0 .net "clk", 0 0, v00000238928c9830_0;  alias, 1 drivers
v00000238928cd250_0 .net "en_compute", 0 0, L_000002389294c268;  alias, 1 drivers
v00000238928cd430_0 .net "in_act", 7 0, L_00000238929c4eb0;  alias, 1 drivers
v00000238928ceb50_0 .net "in_psum", 31 0, L_00000238929c43c0;  alias, 1 drivers
v00000238928cf4b0_0 .net "in_weight", 7 0, L_00000238929bbbb0;  alias, 1 drivers
v00000238928cf690_0 .net "load_weight", 0 0, L_00000238929bafd0;  alias, 1 drivers
v00000238928cf0f0_0 .var "out_act", 7 0;
v00000238928cdcf0_0 .var "out_psum", 31 0;
v00000238928cf730_0 .var/s "reg_weight", 7 0;
v00000238928ce8d0_0 .net "rst_n", 0 0, L_00000238926d5550;  alias, 1 drivers
S_00000238928bf130 .scope generate, "COL_LOOP[12]" "COL_LOOP[12]" 9 55, 9 55 0, S_00000238928bbda0;
 .timescale -9 -12;
P_00000238926f1710 .param/l "c" 0 9 55, +C4<01100>;
v00000238928cd610_0 .net "pe_in_act", 7 0, L_00000238929efc60;  1 drivers
v00000238928cd390_0 .net "pe_in_psum", 31 0, L_00000238929eff00;  1 drivers
v00000238928cee70_0 .net "pe_in_weight", 7 0, L_00000238929bc970;  1 drivers
v00000238928cde30_0 .net "pe_load_en", 0 0, L_00000238929bae90;  1 drivers
S_00000238928bf2c0 .scope generate, "genblk1" "genblk1" 9 61, 9 61 0, S_00000238928bf130;
 .timescale -9 -12;
L_00000238929efc60 .functor BUFZ 8, v00000238928cf0f0_0, C4<00000000>, C4<00000000>, C4<00000000>;
S_00000238928c2650 .scope generate, "genblk2" "genblk2" 9 72, 9 72 0, S_00000238928bf130;
 .timescale -9 -12;
L_00000238929eff00 .functor BUFZ 32, v0000023892890ae0_0, C4<00000000000000000000000000000000>, C4<00000000000000000000000000000000>, C4<00000000000000000000000000000000>;
S_00000238928c27e0 .scope generate, "genblk3" "genblk3" 9 106, 9 106 0, S_00000238928bf130;
 .timescale -9 -12;
L_00000238929efe90 .functor BUFZ 32, v00000238928cf5f0_0, C4<00000000000000000000000000000000>, C4<00000000000000000000000000000000>, C4<00000000000000000000000000000000>;
v00000238928cf7d0_0 .net *"_ivl_2", 31 0, L_00000238929efe90;  1 drivers
S_00000238928be960 .scope module, "pe_inst" "pe" 9 91, 10 12 0, S_00000238928bf130;
 .timescale 0 0;
    .port_info 0 /INPUT 1 "clk";
    .port_info 1 /INPUT 1 "rst_n";
    .port_info 2 /INPUT 1 "en_compute";
    .port_info 3 /INPUT 1 "load_weight";
    .port_info 4 /INPUT 8 "in_act";
    .port_info 5 /INPUT 8 "in_weight";
    .port_info 6 /INPUT 32 "in_psum";
    .port_info 7 /OUTPUT 8 "out_act";
    .port_info 8 /OUTPUT 32 "out_psum";
v00000238928ce1f0_0 .net "clk", 0 0, v00000238928c9830_0;  alias, 1 drivers
v00000238928cf550_0 .net "en_compute", 0 0, L_000002389294c268;  alias, 1 drivers
v00000238928cdbb0_0 .net "in_act", 7 0, L_00000238929efc60;  alias, 1 drivers
v00000238928ce830_0 .net "in_psum", 31 0, L_00000238929eff00;  alias, 1 drivers
v00000238928cd7f0_0 .net "in_weight", 7 0, L_00000238929bc970;  alias, 1 drivers
v00000238928ce470_0 .net "load_weight", 0 0, L_00000238929bae90;  alias, 1 drivers
v00000238928cf2d0_0 .var "out_act", 7 0;
v00000238928cf5f0_0 .var "out_psum", 31 0;
v00000238928cdd90_0 .var/s "reg_weight", 7 0;
v00000238928cd890_0 .net "rst_n", 0 0, L_00000238926d5550;  alias, 1 drivers
S_00000238928be7d0 .scope generate, "COL_LOOP[13]" "COL_LOOP[13]" 9 55, 9 55 0, S_00000238928bbda0;
 .timescale -9 -12;
P_00000238926f1a10 .param/l "c" 0 9 55, +C4<01101>;
v00000238928cf370_0 .net "pe_in_act", 7 0, L_00000238929efb80;  1 drivers
v00000238928ce510_0 .net "pe_in_psum", 31 0, L_00000238929eff70;  1 drivers
v00000238928cd110_0 .net "pe_in_weight", 7 0, L_00000238929bb610;  1 drivers
v00000238928ce5b0_0 .net "pe_load_en", 0 0, L_00000238929bce70;  1 drivers
S_00000238928c2970 .scope generate, "genblk1" "genblk1" 9 61, 9 61 0, S_00000238928be7d0;
 .timescale -9 -12;
L_00000238929efb80 .functor BUFZ 8, v00000238928cf2d0_0, C4<00000000>, C4<00000000>, C4<00000000>;
S_00000238928c2b00 .scope generate, "genblk2" "genblk2" 9 72, 9 72 0, S_00000238928be7d0;
 .timescale -9 -12;
L_00000238929eff70 .functor BUFZ 32, v0000023892890ea0_0, C4<00000000000000000000000000000000>, C4<00000000000000000000000000000000>, C4<00000000000000000000000000000000>;
S_00000238928c2c90 .scope generate, "genblk3" "genblk3" 9 106, 9 106 0, S_00000238928be7d0;
 .timescale -9 -12;
L_00000238929efd40 .functor BUFZ 32, v00000238928cea10_0, C4<00000000000000000000000000000000>, C4<00000000000000000000000000000000>, C4<00000000000000000000000000000000>;
v00000238928ce650_0 .net *"_ivl_2", 31 0, L_00000238929efd40;  1 drivers
S_00000238928c2e20 .scope module, "pe_inst" "pe" 9 91, 10 12 0, S_00000238928be7d0;
 .timescale 0 0;
    .port_info 0 /INPUT 1 "clk";
    .port_info 1 /INPUT 1 "rst_n";
    .port_info 2 /INPUT 1 "en_compute";
    .port_info 3 /INPUT 1 "load_weight";
    .port_info 4 /INPUT 8 "in_act";
    .port_info 5 /INPUT 8 "in_weight";
    .port_info 6 /INPUT 32 "in_psum";
    .port_info 7 /OUTPUT 8 "out_act";
    .port_info 8 /OUTPUT 32 "out_psum";
v00000238928cded0_0 .net "clk", 0 0, v00000238928c9830_0;  alias, 1 drivers
v00000238928cefb0_0 .net "en_compute", 0 0, L_000002389294c268;  alias, 1 drivers
v00000238928cedd0_0 .net "in_act", 7 0, L_00000238929efb80;  alias, 1 drivers
v00000238928ce330_0 .net "in_psum", 31 0, L_00000238929eff70;  alias, 1 drivers
v00000238928ce3d0_0 .net "in_weight", 7 0, L_00000238929bb610;  alias, 1 drivers
v00000238928cf870_0 .net "load_weight", 0 0, L_00000238929bce70;  alias, 1 drivers
v00000238928ce970_0 .var "out_act", 7 0;
v00000238928cea10_0 .var "out_psum", 31 0;
v00000238928cd4d0_0 .var/s "reg_weight", 7 0;
v00000238928cd570_0 .net "rst_n", 0 0, L_00000238926d5550;  alias, 1 drivers
S_00000238928c2fb0 .scope generate, "COL_LOOP[14]" "COL_LOOP[14]" 9 55, 9 55 0, S_00000238928bbda0;
 .timescale -9 -12;
P_00000238926f1c90 .param/l "c" 0 9 55, +C4<01110>;
v00000238928d1030_0 .net "pe_in_act", 7 0, L_00000238929ef870;  1 drivers
v00000238928d09f0_0 .net "pe_in_psum", 31 0, L_00000238929ef8e0;  1 drivers
v00000238928d1e90_0 .net "pe_in_weight", 7 0, L_00000238929bb1b0;  1 drivers
v00000238928cfb90_0 .net "pe_load_en", 0 0, L_00000238929bb390;  1 drivers
S_00000238928c3460 .scope generate, "genblk1" "genblk1" 9 61, 9 61 0, S_00000238928c2fb0;
 .timescale -9 -12;
L_00000238929ef870 .functor BUFZ 8, v00000238928ce970_0, C4<00000000>, C4<00000000>, C4<00000000>;
S_00000238928c3140 .scope generate, "genblk2" "genblk2" 9 72, 9 72 0, S_00000238928c2fb0;
 .timescale -9 -12;
L_00000238929ef8e0 .functor BUFZ 32, v0000023892893100_0, C4<00000000000000000000000000000000>, C4<00000000000000000000000000000000>, C4<00000000000000000000000000000000>;
S_00000238928c32d0 .scope generate, "genblk3" "genblk3" 9 106, 9 106 0, S_00000238928c2fb0;
 .timescale -9 -12;
L_00000238929ef9c0 .functor BUFZ 32, v00000238928d0270_0, C4<00000000000000000000000000000000>, C4<00000000000000000000000000000000>, C4<00000000000000000000000000000000>;
v00000238928cd930_0 .net *"_ivl_2", 31 0, L_00000238929ef9c0;  1 drivers
S_00000238928bf450 .scope module, "pe_inst" "pe" 9 91, 10 12 0, S_00000238928c2fb0;
 .timescale 0 0;
    .port_info 0 /INPUT 1 "clk";
    .port_info 1 /INPUT 1 "rst_n";
    .port_info 2 /INPUT 1 "en_compute";
    .port_info 3 /INPUT 1 "load_weight";
    .port_info 4 /INPUT 8 "in_act";
    .port_info 5 /INPUT 8 "in_weight";
    .port_info 6 /INPUT 32 "in_psum";
    .port_info 7 /OUTPUT 8 "out_act";
    .port_info 8 /OUTPUT 32 "out_psum";
v00000238928cda70_0 .net "clk", 0 0, v00000238928c9830_0;  alias, 1 drivers
v00000238928cebf0_0 .net "en_compute", 0 0, L_000002389294c268;  alias, 1 drivers
v00000238928cdb10_0 .net "in_act", 7 0, L_00000238929ef870;  alias, 1 drivers
v00000238928cec90_0 .net "in_psum", 31 0, L_00000238929ef8e0;  alias, 1 drivers
v00000238928d18f0_0 .net "in_weight", 7 0, L_00000238929bb1b0;  alias, 1 drivers
v00000238928d1710_0 .net "load_weight", 0 0, L_00000238929bb390;  alias, 1 drivers
v00000238928d0630_0 .var "out_act", 7 0;
v00000238928d0270_0 .var "out_psum", 31 0;
v00000238928d0770_0 .var/s "reg_weight", 7 0;
v00000238928cfe10_0 .net "rst_n", 0 0, L_00000238926d5550;  alias, 1 drivers
S_00000238928c3780 .scope generate, "COL_LOOP[15]" "COL_LOOP[15]" 9 55, 9 55 0, S_00000238928bbda0;
 .timescale -9 -12;
P_00000238926f1410 .param/l "c" 0 9 55, +C4<01111>;
v00000238928d1210_0 .net "pe_in_act", 7 0, L_00000238929efb10;  1 drivers
v00000238928d1d50_0 .net "pe_in_psum", 31 0, L_00000238929efa30;  1 drivers
v00000238928d1a30_0 .net "pe_in_weight", 7 0, L_00000238929bcc90;  1 drivers
v00000238928d1ad0_0 .net "pe_load_en", 0 0, L_00000238929bcdd0;  1 drivers
S_00000238928c35f0 .scope generate, "genblk1" "genblk1" 9 61, 9 61 0, S_00000238928c3780;
 .timescale -9 -12;
L_00000238929efb10 .functor BUFZ 8, v00000238928d0630_0, C4<00000000>, C4<00000000>, C4<00000000>;
S_00000238928c3c30 .scope generate, "genblk2" "genblk2" 9 72, 9 72 0, S_00000238928c3780;
 .timescale -9 -12;
L_00000238929efa30 .functor BUFZ 32, v0000023892894280_0, C4<00000000000000000000000000000000>, C4<00000000000000000000000000000000>, C4<00000000000000000000000000000000>;
S_00000238928c3910 .scope generate, "genblk3" "genblk3" 9 106, 9 106 0, S_00000238928c3780;
 .timescale -9 -12;
L_00000238929efaa0 .functor BUFZ 32, v00000238928d1170_0, C4<00000000000000000000000000000000>, C4<00000000000000000000000000000000>, C4<00000000000000000000000000000000>;
v00000238928d0ef0_0 .net *"_ivl_2", 31 0, L_00000238929efaa0;  1 drivers
S_00000238928c3aa0 .scope module, "pe_inst" "pe" 9 91, 10 12 0, S_00000238928c3780;
 .timescale 0 0;
    .port_info 0 /INPUT 1 "clk";
    .port_info 1 /INPUT 1 "rst_n";
    .port_info 2 /INPUT 1 "en_compute";
    .port_info 3 /INPUT 1 "load_weight";
    .port_info 4 /INPUT 8 "in_act";
    .port_info 5 /INPUT 8 "in_weight";
    .port_info 6 /INPUT 32 "in_psum";
    .port_info 7 /OUTPUT 8 "out_act";
    .port_info 8 /OUTPUT 32 "out_psum";
v00000238928cfeb0_0 .net "clk", 0 0, v00000238928c9830_0;  alias, 1 drivers
v00000238928d0950_0 .net "en_compute", 0 0, L_000002389294c268;  alias, 1 drivers
v00000238928d1530_0 .net "in_act", 7 0, L_00000238929efb10;  alias, 1 drivers
v00000238928d1850_0 .net "in_psum", 31 0, L_00000238929efa30;  alias, 1 drivers
v00000238928cff50_0 .net "in_weight", 7 0, L_00000238929bcc90;  alias, 1 drivers
v00000238928cfff0_0 .net "load_weight", 0 0, L_00000238929bcdd0;  alias, 1 drivers
v00000238928d0310_0 .var "out_act", 7 0;
v00000238928d1170_0 .var "out_psum", 31 0;
v00000238928d1990_0 .var/s "reg_weight", 7 0;
v00000238928d0f90_0 .net "rst_n", 0 0, L_00000238926d5550;  alias, 1 drivers
S_00000238928c3dc0 .scope module, "u_controller" "global_controller" 6 60, 11 6 0, S_00000238927c8510;
 .timescale -9 -12;
    .port_info 0 /INPUT 1 "clk";
    .port_info 1 /INPUT 1 "rst_n";
    .port_info 2 /INPUT 1 "ap_start";
    .port_info 3 /INPUT 32 "cfg_seq_len";
    .port_info 4 /OUTPUT 1 "ap_done";
    .port_info 5 /OUTPUT 1 "ap_idle";
    .port_info 6 /OUTPUT 3 "current_state_dbg";
    .port_info 7 /OUTPUT 1 "ctrl_weight_dma_req";
    .port_info 8 /INPUT 1 "i_weight_valid";
    .port_info 9 /INPUT 1 "i_weight_dma_beat";
    .port_info 10 /OUTPUT 1 "ctrl_weight_load_en";
    .port_info 11 /INPUT 1 "i_input_valid";
    .port_info 12 /OUTPUT 1 "ctrl_input_stream_en";
    .port_info 13 /OUTPUT 1 "ctrl_drain_en";
    .port_info 14 /OUTPUT 32 "dbg_cnt_load";
    .port_info 15 /OUTPUT 32 "dbg_cnt_seq";
    .port_info 16 /OUTPUT 32 "dbg_cnt_drain";
    .port_info 17 /OUTPUT 32 "dbg_weight_beat_cnt";
    .port_info 18 /INPUT 1 "i_dbg_clr";
P_0000023892805700 .param/l "DMA_SETTLE_CYC" 1 11 60, +C4<00000000000000000000000000000010>;
P_0000023892805738 .param/l "LATENCY" 0 11 7, +C4<000000000000000000000000000011100>;
P_0000023892805770 .param/l "S_COMPUTE" 1 11 46, C4<010>;
P_00000238928057a8 .param/l "S_DONE" 1 11 48, C4<100>;
P_00000238928057e0 .param/l "S_DRAIN" 1 11 47, C4<011>;
P_0000023892805818 .param/l "S_IDLE" 1 11 44, C4<000>;
P_0000023892805850 .param/l "S_LOAD_W" 1 11 45, C4<001>;
P_0000023892805888 .param/l "WEIGHT_BEATS" 1 11 58, +C4<00000000000000000000000000011000>;
P_00000238928058c0 .param/l "WEIGHT_ROWS" 1 11 59, +C4<00000000000000000000000000001100>;
v00000238928d01d0_0 .var "ap_done", 0 0;
v00000238928d0810_0 .var "ap_idle", 0 0;
v00000238928d17b0_0 .net "ap_start", 0 0, v000002389274d6e0_0;  alias, 1 drivers
v00000238928d0450_0 .net "cfg_seq_len", 31 0, v000002389274d320_0;  alias, 1 drivers
v00000238928d06d0_0 .net "clk", 0 0, v00000238928c9830_0;  alias, 1 drivers
v00000238928d1350_0 .var "cnt_drain", 31 0;
v00000238928d15d0_0 .var "cnt_load", 31 0;
v00000238928d1df0_0 .var "cnt_seq", 31 0;
v00000238928d08b0_0 .var "cnt_settle", 31 0;
v00000238928cfa50_0 .var "cnt_wload", 31 0;
v00000238928d13f0_0 .var "ctrl_drain_en", 0 0;
v00000238928d0a90_0 .var "ctrl_input_stream_en", 0 0;
v00000238928d1fd0_0 .var "ctrl_weight_dma_req", 0 0;
v00000238928d1670_0 .var "ctrl_weight_load_en", 0 0;
v00000238928d0b30_0 .net "current_state_dbg", 2 0, v00000238928cfaf0_0;  alias, 1 drivers
v00000238928d1490_0 .net "dbg_cnt_drain", 31 0, v00000238928d1350_0;  alias, 1 drivers
v00000238928d0bd0_0 .net "dbg_cnt_load", 31 0, v00000238928d15d0_0;  alias, 1 drivers
v00000238928d0d10_0 .net "dbg_cnt_seq", 31 0, v00000238928d1df0_0;  alias, 1 drivers
v00000238928d0db0_0 .net "dbg_weight_beat_cnt", 31 0, v00000238928cfcd0_0;  alias, 1 drivers
v00000238928d1c10_0 .net "i_dbg_clr", 0 0, v000002389274da00_0;  alias, 1 drivers
v00000238928d1cb0_0 .net "i_input_valid", 0 0, v00000238928d33d0_0;  alias, 1 drivers
v00000238928d2070_0 .net "i_weight_dma_beat", 0 0, L_00000238926d50f0;  alias, 1 drivers
v00000238928cf910_0 .net "i_weight_valid", 0 0, v00000238928e2290_0;  alias, 1 drivers
v00000238928cf9b0_0 .var "next_state", 2 0;
v00000238928cfc30_0 .net "rst_n", 0 0, L_00000238926d5550;  alias, 1 drivers
v00000238928cfaf0_0 .var "state", 2 0;
v00000238928cfcd0_0 .var "weight_beat_cnt", 31 0;
E_00000238926ed8d0/0 .event anyedge, v00000238928cfaf0_0, v000002389274d6e0_0, v00000238928cfa50_0, v00000238928d1df0_0;
E_00000238926ed8d0/1 .event anyedge, v000002389274cec0_0, v00000238928d1350_0;
E_00000238926ed8d0 .event/or E_00000238926ed8d0/0, E_00000238926ed8d0/1;
S_00000238928c3f50 .scope module, "u_input_buf" "input_buffer_ctrl" 4 157, 12 9 0, S_00000238927c81f0;
 .timescale -9 -12;
    .port_info 0 /INPUT 1 "clk";
    .port_info 1 /INPUT 1 "rst_n";
    .port_info 2 /INPUT 64 "s_axis_tdata";
    .port_info 3 /INPUT 1 "s_axis_tvalid";
    .port_info 4 /OUTPUT 1 "s_axis_tready";
    .port_info 5 /INPUT 1 "s_axis_tlast";
    .port_info 6 /INPUT 1 "i_rd_en";
    .port_info 7 /OUTPUT 96 "o_array_vec";
    .port_info 8 /OUTPUT 1 "o_dat_valid";
    .port_info 9 /INPUT 1 "i_bank_swap";
    .port_info 10 /OUTPUT 8 "dbg_ibuf_wr_ptr";
P_00000238926dbab0 .param/l "DATA_WIDTH" 0 12 11, +C4<00000000000000000000000001000000>;
P_00000238926dbae8 .param/l "DEPTH_LOG2" 0 12 10, +C4<00000000000000000000000000001000>;
L_00000238926d4ec0 .functor NOT 1, v00000238928d2110_0, C4<0>, C4<0>, C4<0>;
v00000238928d3290_0 .net *"_ivl_10", 0 0, L_00000238926d4ec0;  1 drivers
L_000002389294c190 .functor BUFT 1, C4<000000000000000000000000000000000000000000000000000000000000000000000000000000000000000000000000>, C4<0>, C4<0>, C4<0>;
v00000238928d4870_0 .net/2u *"_ivl_14", 95 0, L_000002389294c190;  1 drivers
L_000002389294c148 .functor BUFT 1, C4<00000001>, C4<0>, C4<0>, C4<0>;
v00000238928d4410_0 .net/2u *"_ivl_4", 7 0, L_000002389294c148;  1 drivers
v00000238928d24d0_0 .net *"_ivl_6", 7 0, L_00000238928c8ed0;  1 drivers
v00000238928d2110_0 .var "bank_sel", 0 0;
v00000238928d21b0_0 .net "clk", 0 0, v00000238928c9830_0;  alias, 1 drivers
v00000238928d2a70_0 .net "dbg_ibuf_wr_ptr", 7 0, v00000238928d4d70_0;  alias, 1 drivers
v00000238928d2b10_0 .net "final_rd_addr", 8 0, L_00000238928c9290;  1 drivers
v00000238928d2390_0 .net "final_wr_addr", 8 0, L_00000238928ca410;  1 drivers
v00000238928d2250_0 .var "gb_state", 1 0;
v00000238928d2430_0 .var/i "i", 31 0;
v00000238928d30b0_0 .net "i_bank_swap", 0 0, L_00000238926d5d30;  alias, 1 drivers
v00000238928d2c50_0 .net "i_rd_en", 0 0, v00000238928d0a90_0;  alias, 1 drivers
v00000238928d3330_0 .net "o_array_vec", 95 0, L_00000238928c9330;  alias, 1 drivers
v00000238928d33d0_0 .var "o_dat_valid", 0 0;
v00000238928d3470 .array "ram", 511 0, 95 0;
v00000238928d3510_0 .var "ram_out_reg", 95 0;
v00000238928d38d0_0 .var "ram_wdata", 95 0;
v00000238928d35b0_0 .var "ram_wen", 0 0;
v00000238928d3650_0 .var "rd_ptr", 7 0;
v00000238928d36f0_0 .net "rd_ptr_lookahead", 7 0, L_00000238928ca4b0;  1 drivers
v00000238928d3790_0 .net "rst_n", 0 0, L_00000238926d5550;  alias, 1 drivers
v00000238928d6490_0 .net "s_axis_tdata", 63 0, v00000238928c9b50_0;  alias, 1 drivers
v00000238928d5130_0 .net "s_axis_tlast", 0 0, v00000238928c9f10_0;  alias, 1 drivers
L_000002389294c100 .functor BUFT 1, C4<1>, C4<0>, C4<0>, C4<0>;
v00000238928d4af0_0 .net "s_axis_tready", 0 0, L_000002389294c100;  1 drivers
v00000238928d4eb0_0 .net "s_axis_tvalid", 0 0, L_00000238926d4de0;  alias, 1 drivers
v00000238928d62b0_0 .var "temp_reg", 63 0;
v00000238928d6d50_0 .var "valid_sr", 0 0;
v00000238928d5770_0 .var "wr_addr_pipe", 7 0;
v00000238928d4d70_0 .var "wr_ptr", 7 0;
L_00000238928ca410 .concat [ 8 1 0 0], v00000238928d5770_0, v00000238928d2110_0;
L_00000238928c8ed0 .arith/sum 8, v00000238928d3650_0, L_000002389294c148;
L_00000238928ca4b0 .functor MUXZ 8, v00000238928d3650_0, L_00000238928c8ed0, v00000238928d33d0_0, C4<>;
L_00000238928c9290 .concat [ 8 1 0 0], L_00000238928ca4b0, L_00000238926d4ec0;
L_00000238928c9330 .functor MUXZ 96, L_000002389294c190, v00000238928d3510_0, v00000238928d33d0_0, C4<>;
S_00000238928c40e0 .scope module, "u_out_buf" "output_buffer_ctrl" 4 228, 13 8 0, S_00000238927c81f0;
 .timescale -9 -12;
    .port_info 0 /INPUT 1 "clk";
    .port_info 1 /INPUT 1 "rst_n";
    .port_info 2 /INPUT 128 "i_data";
    .port_info 3 /INPUT 1 "i_valid";
    .port_info 4 /OUTPUT 1 "o_full";
    .port_info 5 /INPUT 32 "i_cfg_seq_len";
    .port_info 6 /OUTPUT 64 "axis_tdata";
    .port_info 7 /OUTPUT 1 "axis_tvalid";
    .port_info 8 /INPUT 1 "axis_tready";
    .port_info 9 /OUTPUT 1 "axis_tlast";
    .port_info 10 /OUTPUT 8 "dbg_obuf_wr_ptr";
    .port_info 11 /OUTPUT 8 "dbg_obuf_rd_ptr";
    .port_info 12 /OUTPUT 1 "dbg_obuf_full";
P_000002389266a3d0 .param/l "DEPTH" 1 13 37, +C4<0000000000000000000000000000000100000000>;
P_000002389266a408 .param/l "DEPTH_LOG2" 0 13 9, +C4<00000000000000000000000000001000>;
P_000002389266a440 .param/l "ST_HALF0" 1 13 65, C4<01>;
P_000002389266a478 .param/l "ST_HALF1" 1 13 66, C4<10>;
P_000002389266a4b0 .param/l "ST_IDLE" 1 13 64, C4<00>;
L_00000238929eedf0 .functor XOR 1, L_00000238929a7b10, L_00000238929a7c50, C4<0>, C4<0>;
L_00000238929ee680 .functor AND 1, L_00000238929eedf0, L_00000238929a7570, C4<1>, C4<1>;
L_00000238929ede30 .functor BUFZ 1, L_00000238929ee680, C4<0>, C4<0>, C4<0>;
L_00000238929eebc0 .functor BUFZ 1, L_00000238929ee680, C4<0>, C4<0>, C4<0>;
v00000238928d60d0_0 .net *"_ivl_11", 7 0, L_00000238929a8bf0;  1 drivers
v00000238928d5270_0 .net *"_ivl_12", 0 0, L_00000238929a7570;  1 drivers
v00000238928d4b90_0 .net *"_ivl_3", 0 0, L_00000238929a7b10;  1 drivers
v00000238928d6cb0_0 .net *"_ivl_5", 0 0, L_00000238929a7c50;  1 drivers
v00000238928d4f50_0 .net *"_ivl_6", 0 0, L_00000238929eedf0;  1 drivers
v00000238928d49b0_0 .net *"_ivl_9", 7 0, L_00000238929a88d0;  1 drivers
v00000238928d4ff0_0 .var "axis_tdata", 63 0;
v00000238928d5a90_0 .var "axis_tlast", 0 0;
v00000238928d5ef0_0 .net "axis_tready", 0 0, v00000238928c8610_0;  alias, 1 drivers
v00000238928d6170_0 .var "axis_tvalid", 0 0;
v00000238928d6fd0_0 .var "beat_cnt", 31 0;
v00000238928d5090_0 .net "clk", 0 0, v00000238928c9830_0;  alias, 1 drivers
v00000238928d4c30_0 .net8 "dbg_obuf_full", 0 0, RS_00000238927a18d8;  alias, 2 drivers
v00000238928d51d0_0 .net "dbg_obuf_rd_ptr", 7 0, L_00000238929a8b50;  alias, 1 drivers
v00000238928d6df0_0 .net "dbg_obuf_wr_ptr", 7 0, L_00000238929a6fd0;  alias, 1 drivers
v00000238928d4e10_0 .net "empty", 0 0, L_00000238929a85b0;  1 drivers
v00000238928d5310_0 .var "frame_active", 0 0;
v00000238928d53b0_0 .var "frame_beats", 31 0;
v00000238928d5450_0 .net "full", 0 0, L_00000238929ee680;  1 drivers
v00000238928d54f0_0 .net "i_cfg_seq_len", 31 0, v000002389274d320_0;  alias, 1 drivers
v00000238928d5590_0 .net "i_data", 127 0, L_00000238929a7890;  alias, 1 drivers
v00000238928d5630_0 .net "i_valid", 0 0, v00000238928e30f0_0;  alias, 1 drivers
v00000238928d56d0 .array "mem", 255 0, 127 0;
v00000238928d5950_0 .net8 "o_full", 0 0, RS_00000238927a18d8;  alias, 2 drivers
v00000238928d5810_0 .var "rd_ptr", 8 0;
v00000238928d68f0_0 .net "rst_n", 0 0, L_00000238926d5550;  alias, 1 drivers
v00000238928d6670_0 .var "state", 1 0;
v00000238928d5f90_0 .var "word_buf", 127 0;
v00000238928d6210_0 .var "wr_ptr", 8 0;
L_00000238929a85b0 .cmp/eq 9, v00000238928d6210_0, v00000238928d5810_0;
L_00000238929a7b10 .part v00000238928d6210_0, 8, 1;
L_00000238929a7c50 .part v00000238928d5810_0, 8, 1;
L_00000238929a88d0 .part v00000238928d6210_0, 0, 8;
L_00000238929a8bf0 .part v00000238928d5810_0, 0, 8;
L_00000238929a7570 .cmp/eq 8, L_00000238929a88d0, L_00000238929a8bf0;
L_00000238929a6fd0 .part v00000238928d6210_0, 0, 8;
L_00000238929a8b50 .part v00000238928d5810_0, 0, 8;
S_00000238928c4270 .scope module, "u_ppu" "ppu" 4 217, 14 11 0, S_00000238927c81f0;
 .timescale -9 -12;
    .port_info 0 /INPUT 1 "clk";
    .port_info 1 /INPUT 1 "rst_n";
    .port_info 2 /INPUT 1 "i_valid";
    .port_info 3 /INPUT 512 "i_data_vec";
    .port_info 4 /OUTPUT 1 "o_valid";
    .port_info 5 /OUTPUT 128 "o_data_vec";
    .port_info 6 /INPUT 16 "cfg_mult";
    .port_info 7 /INPUT 5 "cfg_shift";
    .port_info 8 /INPUT 8 "cfg_zp";
    .port_info 9 /INPUT 32 "cfg_bias";
v00000238928e2c90_0 .net "cfg_bias", 31 0, v000002389274cf60_0;  alias, 1 drivers
v00000238928e1e30_0 .net "cfg_mult", 15 0, L_00000238928c8cf0;  alias, 1 drivers
v00000238928e1890_0 .net "cfg_shift", 4 0, L_00000238928ca2d0;  alias, 1 drivers
v00000238928e1930_0 .net "cfg_zp", 7 0, L_00000238928c8d90;  alias, 1 drivers
v00000238928e1390_0 .net "clk", 0 0, v00000238928c9830_0;  alias, 1 drivers
v00000238928e2e70_0 .net "i_data_vec", 511 0, L_00000238929bd0f0;  alias, 1 drivers
v00000238928e3050_0 .net "i_valid", 0 0, L_00000238929ed490;  alias, 1 drivers
v00000238928e14d0_0 .net "o_data_vec", 127 0, L_00000238929a7890;  alias, 1 drivers
v00000238928e30f0_0 .var "o_valid", 0 0;
v00000238928e3870_0 .net "rst_n", 0 0, L_00000238926d5550;  alias, 1 drivers
L_00000238929bf030 .part L_00000238929bd0f0, 0, 32;
L_00000238929bdf50 .part L_00000238929bd0f0, 32, 32;
L_00000238929bfdf0 .part L_00000238929bd0f0, 64, 32;
L_00000238929c04d0 .part L_00000238929bd0f0, 96, 32;
L_00000238929c1a10 .part L_00000238929bd0f0, 128, 32;
L_00000238929c1ab0 .part L_00000238929bd0f0, 160, 32;
L_00000238929c2e10 .part L_00000238929bd0f0, 192, 32;
L_00000238929c3590 .part L_00000238929bd0f0, 224, 32;
L_00000238929c2ff0 .part L_00000238929bd0f0, 256, 32;
L_00000238929c3f90 .part L_00000238929bd0f0, 288, 32;
L_00000238929a6530 .part L_00000238929bd0f0, 320, 32;
L_00000238929a4550 .part L_00000238929bd0f0, 352, 32;
L_00000238929a4190 .part L_00000238929bd0f0, 384, 32;
L_00000238929a4af0 .part L_00000238929bd0f0, 416, 32;
L_00000238929a62b0 .part L_00000238929bd0f0, 448, 32;
L_00000238929a6f30 .part L_00000238929bd0f0, 480, 32;
LS_00000238929a7890_0_0 .concat8 [ 8 8 8 8], v00000238928d5db0_0, v00000238928d8a10_0, v00000238928d97d0_0, v00000238928d8bf0_0;
LS_00000238929a7890_0_4 .concat8 [ 8 8 8 8], v00000238928d9eb0_0, v00000238928dbfd0_0, v00000238928da950_0, v00000238928dcf70_0;
LS_00000238929a7890_0_8 .concat8 [ 8 8 8 8], v00000238928dccf0_0, v00000238928de230_0, v00000238928dd150_0, v00000238928df130_0;
LS_00000238929a7890_0_12 .concat8 [ 8 8 8 8], v00000238928e0e90_0, v00000238928e0cb0_0, v00000238928e2b50_0, v00000238928e2d30_0;
L_00000238929a7890 .concat8 [ 32 32 32 32], LS_00000238929a7890_0_0, LS_00000238929a7890_0_4, LS_00000238929a7890_0_8, LS_00000238929a7890_0_12;
S_00000238928c4400 .scope generate, "PPU_LANE[0]" "PPU_LANE[0]" 14 31, 14 31 0, S_00000238928c4270;
 .timescale -9 -12;
P_00000238926f1d50 .param/l "i" 0 14 31, +C4<00>;
L_000002389294cbb0 .functor BUFT 1, C4<0000000000000000000000000000000000000000>, C4<0>, C4<0>, C4<0>;
v00000238928d4cd0_0 .net/2u *"_ivl_11", 39 0, L_000002389294cbb0;  1 drivers
v00000238928d6990_0 .net *"_ivl_13", 47 0, L_00000238929bf210;  1 drivers
L_000002389294cbf8 .functor BUFT 1, C4<000000000000000000000000000000000000000001111111>, C4<0>, C4<0>, C4<0>;
v00000238928d58b0_0 .net/2s *"_ivl_17", 47 0, L_000002389294cbf8;  1 drivers
v00000238928d63f0_0 .net *"_ivl_19", 0 0, L_00000238929bdeb0;  1 drivers
L_000002389294cc40 .functor BUFT 1, C4<01111111>, C4<0>, C4<0>, C4<0>;
v00000238928d6350_0 .net/2u *"_ivl_21", 7 0, L_000002389294cc40;  1 drivers
L_000002389294cc88 .functor BUFT 1, C4<111111111111111111111111111111111111111110000000>, C4<0>, C4<0>, C4<0>;
v00000238928d6710_0 .net/2s *"_ivl_23", 47 0, L_000002389294cc88;  1 drivers
v00000238928d6530_0 .net *"_ivl_25", 0 0, L_00000238929bdaf0;  1 drivers
L_000002389294ccd0 .functor BUFT 1, C4<10000000>, C4<0>, C4<0>, C4<0>;
v00000238928d6030_0 .net/2u *"_ivl_27", 7 0, L_000002389294ccd0;  1 drivers
v00000238928d5e50_0 .net/s *"_ivl_3", 47 0, L_00000238929bd190;  1 drivers
v00000238928d59f0_0 .net *"_ivl_30", 7 0, L_00000238929bdb90;  1 drivers
v00000238928d5b30_0 .net *"_ivl_31", 7 0, L_00000238929bdc30;  1 drivers
v00000238928d67b0_0 .net *"_ivl_36", 7 0, v00000238928d5db0_0;  1 drivers
v00000238928d5bd0_0 .net/s *"_ivl_5", 47 0, L_00000238929bf350;  1 drivers
v00000238928d5c70_0 .net/s "clamped_val", 7 0, L_00000238929bdd70;  1 drivers
v00000238928d5d10_0 .net/s "in_val", 31 0, L_00000238929bf030;  1 drivers
v00000238928d5db0_0 .var/s "out_reg", 7 0;
v00000238928d65d0_0 .net/s "product", 47 0, L_00000238929bf170;  1 drivers
v00000238928d7070_0 .net/s "shifted", 47 0, L_00000238929bd9b0;  1 drivers
v00000238928d6850_0 .net/s "val_biased", 31 0, L_00000238929bd550;  1 drivers
v00000238928d4a50_0 .net/s "with_zp", 47 0, L_00000238929bda50;  1 drivers
L_00000238929bd550 .arith/sum 32, L_00000238929bf030, v000002389274cf60_0;
L_00000238929bd190 .extend/s 48, L_00000238929bd550;
L_00000238929bf350 .extend/s 48, L_00000238928c8cf0;
L_00000238929bf170 .arith/mult 48, L_00000238929bd190, L_00000238929bf350;
L_00000238929bd9b0 .shift/rs 48, L_00000238929bf170, L_00000238928ca2d0;
L_00000238929bf210 .concat [ 8 40 0 0], L_00000238928c8d90, L_000002389294cbb0;
L_00000238929bda50 .arith/sum 48, L_00000238929bd9b0, L_00000238929bf210;
L_00000238929bdeb0 .cmp/gt.s 48, L_00000238929bda50, L_000002389294cbf8;
L_00000238929bdaf0 .cmp/gt.s 48, L_000002389294cc88, L_00000238929bda50;
L_00000238929bdb90 .part L_00000238929bda50, 0, 8;
L_00000238929bdc30 .functor MUXZ 8, L_00000238929bdb90, L_000002389294ccd0, L_00000238929bdaf0, C4<>;
L_00000238929bdd70 .functor MUXZ 8, L_00000238929bdc30, L_000002389294cc40, L_00000238929bdeb0, C4<>;
S_00000238928c4590 .scope generate, "PPU_LANE[1]" "PPU_LANE[1]" 14 31, 14 31 0, S_00000238928c4270;
 .timescale -9 -12;
P_00000238926f1890 .param/l "i" 0 14 31, +C4<01>;
L_000002389294cd18 .functor BUFT 1, C4<0000000000000000000000000000000000000000>, C4<0>, C4<0>, C4<0>;
v00000238928d6a30_0 .net/2u *"_ivl_11", 39 0, L_000002389294cd18;  1 drivers
v00000238928d6ad0_0 .net *"_ivl_13", 47 0, L_00000238929c0e30;  1 drivers
L_000002389294cd60 .functor BUFT 1, C4<000000000000000000000000000000000000000001111111>, C4<0>, C4<0>, C4<0>;
v00000238928d6b70_0 .net/2s *"_ivl_17", 47 0, L_000002389294cd60;  1 drivers
v00000238928d6c10_0 .net *"_ivl_19", 0 0, L_00000238929c1e70;  1 drivers
L_000002389294cda8 .functor BUFT 1, C4<01111111>, C4<0>, C4<0>, C4<0>;
v00000238928d6e90_0 .net/2u *"_ivl_21", 7 0, L_000002389294cda8;  1 drivers
L_000002389294cdf0 .functor BUFT 1, C4<111111111111111111111111111111111111111110000000>, C4<0>, C4<0>, C4<0>;
v00000238928d6f30_0 .net/2s *"_ivl_23", 47 0, L_000002389294cdf0;  1 drivers
v00000238928d4910_0 .net *"_ivl_25", 0 0, L_00000238929c1d30;  1 drivers
L_000002389294ce38 .functor BUFT 1, C4<10000000>, C4<0>, C4<0>, C4<0>;
v00000238928d7390_0 .net/2u *"_ivl_27", 7 0, L_000002389294ce38;  1 drivers
v00000238928d79d0_0 .net/s *"_ivl_3", 47 0, L_00000238929c0610;  1 drivers
v00000238928d8fb0_0 .net *"_ivl_30", 7 0, L_00000238929c1010;  1 drivers
v00000238928d7250_0 .net *"_ivl_31", 7 0, L_00000238929bfad0;  1 drivers
v00000238928d76b0_0 .net *"_ivl_36", 7 0, v00000238928d8a10_0;  1 drivers
v00000238928d7a70_0 .net/s *"_ivl_5", 47 0, L_00000238929bffd0;  1 drivers
v00000238928d7890_0 .net/s "clamped_val", 7 0, L_00000238929c02f0;  1 drivers
v00000238928d72f0_0 .net/s "in_val", 31 0, L_00000238929bdf50;  1 drivers
v00000238928d8a10_0 .var/s "out_reg", 7 0;
v00000238928d8ab0_0 .net/s "product", 47 0, L_00000238929c1fb0;  1 drivers
v00000238928d7e30_0 .net/s "shifted", 47 0, L_00000238929c1970;  1 drivers
v00000238928d7b10_0 .net/s "val_biased", 31 0, L_00000238929bff30;  1 drivers
v00000238928d7f70_0 .net/s "with_zp", 47 0, L_00000238929c0750;  1 drivers
L_00000238929bff30 .arith/sum 32, L_00000238929bdf50, v000002389274cf60_0;
L_00000238929c0610 .extend/s 48, L_00000238929bff30;
L_00000238929bffd0 .extend/s 48, L_00000238928c8cf0;
L_00000238929c1fb0 .arith/mult 48, L_00000238929c0610, L_00000238929bffd0;
L_00000238929c1970 .shift/rs 48, L_00000238929c1fb0, L_00000238928ca2d0;
L_00000238929c0e30 .concat [ 8 40 0 0], L_00000238928c8d90, L_000002389294cd18;
L_00000238929c0750 .arith/sum 48, L_00000238929c1970, L_00000238929c0e30;
L_00000238929c1e70 .cmp/gt.s 48, L_00000238929c0750, L_000002389294cd60;
L_00000238929c1d30 .cmp/gt.s 48, L_000002389294cdf0, L_00000238929c0750;
L_00000238929c1010 .part L_00000238929c0750, 0, 8;
L_00000238929bfad0 .functor MUXZ 8, L_00000238929c1010, L_000002389294ce38, L_00000238929c1d30, C4<>;
L_00000238929c02f0 .functor MUXZ 8, L_00000238929bfad0, L_000002389294cda8, L_00000238929c1e70, C4<>;
S_00000238928c4720 .scope generate, "PPU_LANE[2]" "PPU_LANE[2]" 14 31, 14 31 0, S_00000238928c4270;
 .timescale -9 -12;
P_00000238926f1750 .param/l "i" 0 14 31, +C4<010>;
L_000002389294ce80 .functor BUFT 1, C4<0000000000000000000000000000000000000000>, C4<0>, C4<0>, C4<0>;
v00000238928d8650_0 .net/2u *"_ivl_11", 39 0, L_000002389294ce80;  1 drivers
v00000238928d8830_0 .net *"_ivl_13", 47 0, L_00000238929c1290;  1 drivers
L_000002389294cec8 .functor BUFT 1, C4<000000000000000000000000000000000000000001111111>, C4<0>, C4<0>, C4<0>;
v00000238928d81f0_0 .net/2s *"_ivl_17", 47 0, L_000002389294cec8;  1 drivers
v00000238928d9690_0 .net *"_ivl_19", 0 0, L_00000238929c1dd0;  1 drivers
L_000002389294cf10 .functor BUFT 1, C4<01111111>, C4<0>, C4<0>, C4<0>;
v00000238928d8330_0 .net/2u *"_ivl_21", 7 0, L_000002389294cf10;  1 drivers
L_000002389294cf58 .functor BUFT 1, C4<111111111111111111111111111111111111111110000000>, C4<0>, C4<0>, C4<0>;
v00000238928d90f0_0 .net/2s *"_ivl_23", 47 0, L_000002389294cf58;  1 drivers
v00000238928d7430_0 .net *"_ivl_25", 0 0, L_00000238929c1bf0;  1 drivers
L_000002389294cfa0 .functor BUFT 1, C4<10000000>, C4<0>, C4<0>, C4<0>;
v00000238928d86f0_0 .net/2u *"_ivl_27", 7 0, L_000002389294cfa0;  1 drivers
v00000238928d8f10_0 .net/s *"_ivl_3", 47 0, L_00000238929c0bb0;  1 drivers
v00000238928d8010_0 .net *"_ivl_30", 7 0, L_00000238929c1f10;  1 drivers
v00000238928d8290_0 .net *"_ivl_31", 7 0, L_00000238929bfd50;  1 drivers
v00000238928d9190_0 .net *"_ivl_36", 7 0, v00000238928d97d0_0;  1 drivers
v00000238928d88d0_0 .net/s *"_ivl_5", 47 0, L_00000238929c0390;  1 drivers
v00000238928d95f0_0 .net/s "clamped_val", 7 0, L_00000238929c1330;  1 drivers
v00000238928d8970_0 .net/s "in_val", 31 0, L_00000238929bfdf0;  1 drivers
v00000238928d97d0_0 .var/s "out_reg", 7 0;
v00000238928d8c90_0 .net/s "product", 47 0, L_00000238929c10b0;  1 drivers
v00000238928d83d0_0 .net/s "shifted", 47 0, L_00000238929c0930;  1 drivers
v00000238928d7750_0 .net/s "val_biased", 31 0, L_00000238929c1830;  1 drivers
v00000238928d94b0_0 .net/s "with_zp", 47 0, L_00000238929bfe90;  1 drivers
L_00000238929c1830 .arith/sum 32, L_00000238929bfdf0, v000002389274cf60_0;
L_00000238929c0bb0 .extend/s 48, L_00000238929c1830;
L_00000238929c0390 .extend/s 48, L_00000238928c8cf0;
L_00000238929c10b0 .arith/mult 48, L_00000238929c0bb0, L_00000238929c0390;
L_00000238929c0930 .shift/rs 48, L_00000238929c10b0, L_00000238928ca2d0;
L_00000238929c1290 .concat [ 8 40 0 0], L_00000238928c8d90, L_000002389294ce80;
L_00000238929bfe90 .arith/sum 48, L_00000238929c0930, L_00000238929c1290;
L_00000238929c1dd0 .cmp/gt.s 48, L_00000238929bfe90, L_000002389294cec8;
L_00000238929c1bf0 .cmp/gt.s 48, L_000002389294cf58, L_00000238929bfe90;
L_00000238929c1f10 .part L_00000238929bfe90, 0, 8;
L_00000238929bfd50 .functor MUXZ 8, L_00000238929c1f10, L_000002389294cfa0, L_00000238929c1bf0, C4<>;
L_00000238929c1330 .functor MUXZ 8, L_00000238929bfd50, L_000002389294cf10, L_00000238929c1dd0, C4<>;
S_00000238928ebdc0 .scope generate, "PPU_LANE[3]" "PPU_LANE[3]" 14 31, 14 31 0, S_00000238928c4270;
 .timescale -9 -12;
P_00000238926f1510 .param/l "i" 0 14 31, +C4<011>;
L_000002389294cfe8 .functor BUFT 1, C4<0000000000000000000000000000000000000000>, C4<0>, C4<0>, C4<0>;
v00000238928d8790_0 .net/2u *"_ivl_11", 39 0, L_000002389294cfe8;  1 drivers
v00000238928d9370_0 .net *"_ivl_13", 47 0, L_00000238929c15b0;  1 drivers
L_000002389294d030 .functor BUFT 1, C4<000000000000000000000000000000000000000001111111>, C4<0>, C4<0>, C4<0>;
v00000238928d9870_0 .net/2s *"_ivl_17", 47 0, L_000002389294d030;  1 drivers
v00000238928d74d0_0 .net *"_ivl_19", 0 0, L_00000238929c0070;  1 drivers
L_000002389294d078 .functor BUFT 1, C4<01111111>, C4<0>, C4<0>, C4<0>;
v00000238928d77f0_0 .net/2u *"_ivl_21", 7 0, L_000002389294d078;  1 drivers
L_000002389294d0c0 .functor BUFT 1, C4<111111111111111111111111111111111111111110000000>, C4<0>, C4<0>, C4<0>;
v00000238928d8b50_0 .net/2s *"_ivl_23", 47 0, L_000002389294d0c0;  1 drivers
v00000238928d7930_0 .net *"_ivl_25", 0 0, L_00000238929c18d0;  1 drivers
L_000002389294d108 .functor BUFT 1, C4<10000000>, C4<0>, C4<0>, C4<0>;
v00000238928d7bb0_0 .net/2u *"_ivl_27", 7 0, L_000002389294d108;  1 drivers
v00000238928d7c50_0 .net/s *"_ivl_3", 47 0, L_00000238929c1150;  1 drivers
v00000238928d7cf0_0 .net *"_ivl_30", 7 0, L_00000238929c06b0;  1 drivers
v00000238928d7d90_0 .net *"_ivl_31", 7 0, L_00000238929bf8f0;  1 drivers
v00000238928d7110_0 .net *"_ivl_36", 7 0, v00000238928d8bf0_0;  1 drivers
v00000238928d8150_0 .net/s *"_ivl_5", 47 0, L_00000238929c1c90;  1 drivers
v00000238928d7ed0_0 .net/s "clamped_val", 7 0, L_00000238929bfb70;  1 drivers
v00000238928d8e70_0 .net/s "in_val", 31 0, L_00000238929c04d0;  1 drivers
v00000238928d8bf0_0 .var/s "out_reg", 7 0;
v00000238928d8d30_0 .net/s "product", 47 0, L_00000238929c0430;  1 drivers
v00000238928d8dd0_0 .net/s "shifted", 47 0, L_00000238929c0570;  1 drivers
v00000238928d92d0_0 .net/s "val_biased", 31 0, L_00000238929c0890;  1 drivers
v00000238928d9230_0 .net/s "with_zp", 47 0, L_00000238929c0b10;  1 drivers
L_00000238929c0890 .arith/sum 32, L_00000238929c04d0, v000002389274cf60_0;
L_00000238929c1150 .extend/s 48, L_00000238929c0890;
L_00000238929c1c90 .extend/s 48, L_00000238928c8cf0;
L_00000238929c0430 .arith/mult 48, L_00000238929c1150, L_00000238929c1c90;
L_00000238929c0570 .shift/rs 48, L_00000238929c0430, L_00000238928ca2d0;
L_00000238929c15b0 .concat [ 8 40 0 0], L_00000238928c8d90, L_000002389294cfe8;
L_00000238929c0b10 .arith/sum 48, L_00000238929c0570, L_00000238929c15b0;
L_00000238929c0070 .cmp/gt.s 48, L_00000238929c0b10, L_000002389294d030;
L_00000238929c18d0 .cmp/gt.s 48, L_000002389294d0c0, L_00000238929c0b10;
L_00000238929c06b0 .part L_00000238929c0b10, 0, 8;
L_00000238929bf8f0 .functor MUXZ 8, L_00000238929c06b0, L_000002389294d108, L_00000238929c18d0, C4<>;
L_00000238929bfb70 .functor MUXZ 8, L_00000238929bf8f0, L_000002389294d078, L_00000238929c0070, C4<>;
S_00000238928e99d0 .scope generate, "PPU_LANE[4]" "PPU_LANE[4]" 14 31, 14 31 0, S_00000238928c4270;
 .timescale -9 -12;
P_00000238926f1550 .param/l "i" 0 14 31, +C4<0100>;
L_000002389294d150 .functor BUFT 1, C4<0000000000000000000000000000000000000000>, C4<0>, C4<0>, C4<0>;
v00000238928d7570_0 .net/2u *"_ivl_11", 39 0, L_000002389294d150;  1 drivers
v00000238928d9050_0 .net *"_ivl_13", 47 0, L_00000238929c1650;  1 drivers
L_000002389294d198 .functor BUFT 1, C4<000000000000000000000000000000000000000001111111>, C4<0>, C4<0>, C4<0>;
v00000238928d9410_0 .net/2s *"_ivl_17", 47 0, L_000002389294d198;  1 drivers
v00000238928d80b0_0 .net *"_ivl_19", 0 0, L_00000238929c0a70;  1 drivers
L_000002389294d1e0 .functor BUFT 1, C4<01111111>, C4<0>, C4<0>, C4<0>;
v00000238928d9550_0 .net/2u *"_ivl_21", 7 0, L_000002389294d1e0;  1 drivers
L_000002389294d228 .functor BUFT 1, C4<111111111111111111111111111111111111111110000000>, C4<0>, C4<0>, C4<0>;
v00000238928d8470_0 .net/2s *"_ivl_23", 47 0, L_000002389294d228;  1 drivers
v00000238928d9730_0 .net *"_ivl_25", 0 0, L_00000238929c2050;  1 drivers
L_000002389294d270 .functor BUFT 1, C4<10000000>, C4<0>, C4<0>, C4<0>;
v00000238928d71b0_0 .net/2u *"_ivl_27", 7 0, L_000002389294d270;  1 drivers
v00000238928d8510_0 .net/s *"_ivl_3", 47 0, L_00000238929c11f0;  1 drivers
v00000238928d7610_0 .net *"_ivl_30", 7 0, L_00000238929bfa30;  1 drivers
v00000238928d85b0_0 .net *"_ivl_31", 7 0, L_00000238929bf990;  1 drivers
v00000238928db210_0 .net *"_ivl_36", 7 0, v00000238928d9eb0_0;  1 drivers
v00000238928d9e10_0 .net/s *"_ivl_5", 47 0, L_00000238929c09d0;  1 drivers
v00000238928da770_0 .net/s "clamped_val", 7 0, L_00000238929c0c50;  1 drivers
v00000238928db7b0_0 .net/s "in_val", 31 0, L_00000238929c1a10;  1 drivers
v00000238928d9eb0_0 .var/s "out_reg", 7 0;
v00000238928da4f0_0 .net/s "product", 47 0, L_00000238929c13d0;  1 drivers
v00000238928d9af0_0 .net/s "shifted", 47 0, L_00000238929c0ed0;  1 drivers
v00000238928dbf30_0 .net/s "val_biased", 31 0, L_00000238929c07f0;  1 drivers
v00000238928dbd50_0 .net/s "with_zp", 47 0, L_00000238929c16f0;  1 drivers
L_00000238929c07f0 .arith/sum 32, L_00000238929c1a10, v000002389274cf60_0;
L_00000238929c11f0 .extend/s 48, L_00000238929c07f0;
L_00000238929c09d0 .extend/s 48, L_00000238928c8cf0;
L_00000238929c13d0 .arith/mult 48, L_00000238929c11f0, L_00000238929c09d0;
L_00000238929c0ed0 .shift/rs 48, L_00000238929c13d0, L_00000238928ca2d0;
L_00000238929c1650 .concat [ 8 40 0 0], L_00000238928c8d90, L_000002389294d150;
L_00000238929c16f0 .arith/sum 48, L_00000238929c0ed0, L_00000238929c1650;
L_00000238929c0a70 .cmp/gt.s 48, L_00000238929c16f0, L_000002389294d198;
L_00000238929c2050 .cmp/gt.s 48, L_000002389294d228, L_00000238929c16f0;
L_00000238929bfa30 .part L_00000238929c16f0, 0, 8;
L_00000238929bf990 .functor MUXZ 8, L_00000238929bfa30, L_000002389294d270, L_00000238929c2050, C4<>;
L_00000238929c0c50 .functor MUXZ 8, L_00000238929bf990, L_000002389294d1e0, L_00000238929c0a70, C4<>;
S_00000238928ec0e0 .scope generate, "PPU_LANE[5]" "PPU_LANE[5]" 14 31, 14 31 0, S_00000238928c4270;
 .timescale -9 -12;
P_00000238926f1590 .param/l "i" 0 14 31, +C4<0101>;
L_000002389294d2b8 .functor BUFT 1, C4<0000000000000000000000000000000000000000>, C4<0>, C4<0>, C4<0>;
v00000238928da810_0 .net/2u *"_ivl_11", 39 0, L_000002389294d2b8;  1 drivers
v00000238928db530_0 .net *"_ivl_13", 47 0, L_00000238929c0110;  1 drivers
L_000002389294d300 .functor BUFT 1, C4<000000000000000000000000000000000000000001111111>, C4<0>, C4<0>, C4<0>;
v00000238928d9f50_0 .net/2s *"_ivl_17", 47 0, L_000002389294d300;  1 drivers
v00000238928d9ff0_0 .net *"_ivl_19", 0 0, L_00000238929c0250;  1 drivers
L_000002389294d348 .functor BUFT 1, C4<01111111>, C4<0>, C4<0>, C4<0>;
v00000238928dabd0_0 .net/2u *"_ivl_21", 7 0, L_000002389294d348;  1 drivers
L_000002389294d390 .functor BUFT 1, C4<111111111111111111111111111111111111111110000000>, C4<0>, C4<0>, C4<0>;
v00000238928dbad0_0 .net/2s *"_ivl_23", 47 0, L_000002389294d390;  1 drivers
v00000238928dbc10_0 .net *"_ivl_25", 0 0, L_00000238929c0f70;  1 drivers
L_000002389294d3d8 .functor BUFT 1, C4<10000000>, C4<0>, C4<0>, C4<0>;
v00000238928d9b90_0 .net/2u *"_ivl_27", 7 0, L_000002389294d3d8;  1 drivers
v00000238928da6d0_0 .net/s *"_ivl_3", 47 0, L_00000238929c0cf0;  1 drivers
v00000238928da9f0_0 .net *"_ivl_30", 7 0, L_00000238929c1790;  1 drivers
v00000238928d9c30_0 .net *"_ivl_31", 7 0, L_00000238929c1470;  1 drivers
v00000238928da1d0_0 .net *"_ivl_36", 7 0, v00000238928dbfd0_0;  1 drivers
v00000238928da090_0 .net/s *"_ivl_5", 47 0, L_00000238929c0d90;  1 drivers
v00000238928d9cd0_0 .net/s "clamped_val", 7 0, L_00000238929c1b50;  1 drivers
v00000238928db490_0 .net/s "in_val", 31 0, L_00000238929c1ab0;  1 drivers
v00000238928dbfd0_0 .var/s "out_reg", 7 0;
v00000238928da450_0 .net/s "product", 47 0, L_00000238929bfcb0;  1 drivers
v00000238928d9d70_0 .net/s "shifted", 47 0, L_00000238929c1510;  1 drivers
v00000238928da130_0 .net/s "val_biased", 31 0, L_00000238929bfc10;  1 drivers
v00000238928db8f0_0 .net/s "with_zp", 47 0, L_00000238929c01b0;  1 drivers
L_00000238929bfc10 .arith/sum 32, L_00000238929c1ab0, v000002389274cf60_0;
L_00000238929c0cf0 .extend/s 48, L_00000238929bfc10;
L_00000238929c0d90 .extend/s 48, L_00000238928c8cf0;
L_00000238929bfcb0 .arith/mult 48, L_00000238929c0cf0, L_00000238929c0d90;
L_00000238929c1510 .shift/rs 48, L_00000238929bfcb0, L_00000238928ca2d0;
L_00000238929c0110 .concat [ 8 40 0 0], L_00000238928c8d90, L_000002389294d2b8;
L_00000238929c01b0 .arith/sum 48, L_00000238929c1510, L_00000238929c0110;
L_00000238929c0250 .cmp/gt.s 48, L_00000238929c01b0, L_000002389294d300;
L_00000238929c0f70 .cmp/gt.s 48, L_000002389294d390, L_00000238929c01b0;
L_00000238929c1790 .part L_00000238929c01b0, 0, 8;
L_00000238929c1470 .functor MUXZ 8, L_00000238929c1790, L_000002389294d3d8, L_00000238929c0f70, C4<>;
L_00000238929c1b50 .functor MUXZ 8, L_00000238929c1470, L_000002389294d348, L_00000238929c0250, C4<>;
S_00000238928e9390 .scope generate, "PPU_LANE[6]" "PPU_LANE[6]" 14 31, 14 31 0, S_00000238928c4270;
 .timescale -9 -12;
P_00000238926f18d0 .param/l "i" 0 14 31, +C4<0110>;
L_000002389294d420 .functor BUFT 1, C4<0000000000000000000000000000000000000000>, C4<0>, C4<0>, C4<0>;
v00000238928db0d0_0 .net/2u *"_ivl_11", 39 0, L_000002389294d420;  1 drivers
v00000238928db710_0 .net *"_ivl_13", 47 0, L_00000238929c2cd0;  1 drivers
L_000002389294d468 .functor BUFT 1, C4<000000000000000000000000000000000000000001111111>, C4<0>, C4<0>, C4<0>;
v00000238928dbdf0_0 .net/2s *"_ivl_17", 47 0, L_000002389294d468;  1 drivers
v00000238928dae50_0 .net *"_ivl_19", 0 0, L_00000238929c2d70;  1 drivers
L_000002389294d4b0 .functor BUFT 1, C4<01111111>, C4<0>, C4<0>, C4<0>;
v00000238928dc070_0 .net/2u *"_ivl_21", 7 0, L_000002389294d4b0;  1 drivers
L_000002389294d4f8 .functor BUFT 1, C4<111111111111111111111111111111111111111110000000>, C4<0>, C4<0>, C4<0>;
v00000238928db5d0_0 .net/2s *"_ivl_23", 47 0, L_000002389294d4f8;  1 drivers
v00000238928daef0_0 .net *"_ivl_25", 0 0, L_00000238929c2730;  1 drivers
L_000002389294d540 .functor BUFT 1, C4<10000000>, C4<0>, C4<0>, C4<0>;
v00000238928da8b0_0 .net/2u *"_ivl_27", 7 0, L_000002389294d540;  1 drivers
v00000238928dbcb0_0 .net/s *"_ivl_3", 47 0, L_00000238929c22d0;  1 drivers
v00000238928daf90_0 .net *"_ivl_30", 7 0, L_00000238929c2550;  1 drivers
v00000238928db670_0 .net *"_ivl_31", 7 0, L_00000238929c2410;  1 drivers
v00000238928dbe90_0 .net *"_ivl_36", 7 0, v00000238928da950_0;  1 drivers
v00000238928da270_0 .net/s *"_ivl_5", 47 0, L_00000238929c2230;  1 drivers
v00000238928db2b0_0 .net/s "clamped_val", 7 0, L_00000238929c24b0;  1 drivers
v00000238928d9a50_0 .net/s "in_val", 31 0, L_00000238929c2e10;  1 drivers
v00000238928da950_0 .var/s "out_reg", 7 0;
v00000238928d9910_0 .net/s "product", 47 0, L_00000238929c34f0;  1 drivers
v00000238928db030_0 .net/s "shifted", 47 0, L_00000238929c2370;  1 drivers
v00000238928db850_0 .net/s "val_biased", 31 0, L_00000238929c2c30;  1 drivers
v00000238928da310_0 .net/s "with_zp", 47 0, L_00000238929c2eb0;  1 drivers
L_00000238929c2c30 .arith/sum 32, L_00000238929c2e10, v000002389274cf60_0;
L_00000238929c22d0 .extend/s 48, L_00000238929c2c30;
L_00000238929c2230 .extend/s 48, L_00000238928c8cf0;
L_00000238929c34f0 .arith/mult 48, L_00000238929c22d0, L_00000238929c2230;
L_00000238929c2370 .shift/rs 48, L_00000238929c34f0, L_00000238928ca2d0;
L_00000238929c2cd0 .concat [ 8 40 0 0], L_00000238928c8d90, L_000002389294d420;
L_00000238929c2eb0 .arith/sum 48, L_00000238929c2370, L_00000238929c2cd0;
L_00000238929c2d70 .cmp/gt.s 48, L_00000238929c2eb0, L_000002389294d468;
L_00000238929c2730 .cmp/gt.s 48, L_000002389294d4f8, L_00000238929c2eb0;
L_00000238929c2550 .part L_00000238929c2eb0, 0, 8;
L_00000238929c2410 .functor MUXZ 8, L_00000238929c2550, L_000002389294d540, L_00000238929c2730, C4<>;
L_00000238929c24b0 .functor MUXZ 8, L_00000238929c2410, L_000002389294d4b0, L_00000238929c2d70, C4<>;
S_00000238928ea010 .scope generate, "PPU_LANE[7]" "PPU_LANE[7]" 14 31, 14 31 0, S_00000238928c4270;
 .timescale -9 -12;
P_00000238926f1910 .param/l "i" 0 14 31, +C4<0111>;
L_000002389294d588 .functor BUFT 1, C4<0000000000000000000000000000000000000000>, C4<0>, C4<0>, C4<0>;
v00000238928da3b0_0 .net/2u *"_ivl_11", 39 0, L_000002389294d588;  1 drivers
v00000238928db170_0 .net *"_ivl_13", 47 0, L_00000238929c2f50;  1 drivers
L_000002389294d5d0 .functor BUFT 1, C4<000000000000000000000000000000000000000001111111>, C4<0>, C4<0>, C4<0>;
v00000238928d99b0_0 .net/2s *"_ivl_17", 47 0, L_000002389294d5d0;  1 drivers
v00000238928da590_0 .net *"_ivl_19", 0 0, L_00000238929c3ef0;  1 drivers
L_000002389294d618 .functor BUFT 1, C4<01111111>, C4<0>, C4<0>, C4<0>;
v00000238928db350_0 .net/2u *"_ivl_21", 7 0, L_000002389294d618;  1 drivers
L_000002389294d660 .functor BUFT 1, C4<111111111111111111111111111111111111111110000000>, C4<0>, C4<0>, C4<0>;
v00000238928da630_0 .net/2s *"_ivl_23", 47 0, L_000002389294d660;  1 drivers
v00000238928db990_0 .net *"_ivl_25", 0 0, L_00000238929c3b30;  1 drivers
L_000002389294d6a8 .functor BUFT 1, C4<10000000>, C4<0>, C4<0>, C4<0>;
v00000238928daa90_0 .net/2u *"_ivl_27", 7 0, L_000002389294d6a8;  1 drivers
v00000238928dab30_0 .net/s *"_ivl_3", 47 0, L_00000238929c3c70;  1 drivers
v00000238928dac70_0 .net *"_ivl_30", 7 0, L_00000238929c20f0;  1 drivers
v00000238928dad10_0 .net *"_ivl_31", 7 0, L_00000238929c3d10;  1 drivers
v00000238928dba30_0 .net *"_ivl_36", 7 0, v00000238928dcf70_0;  1 drivers
v00000238928dadb0_0 .net/s *"_ivl_5", 47 0, L_00000238929c25f0;  1 drivers
v00000238928db3f0_0 .net/s "clamped_val", 7 0, L_00000238929c3950;  1 drivers
v00000238928dbb70_0 .net/s "in_val", 31 0, L_00000238929c3590;  1 drivers
v00000238928dcf70_0 .var/s "out_reg", 7 0;
v00000238928dd1f0_0 .net/s "product", 47 0, L_00000238929c3450;  1 drivers
v00000238928dced0_0 .net/s "shifted", 47 0, L_00000238929c36d0;  1 drivers
v00000238928de730_0 .net/s "val_biased", 31 0, L_00000238929c39f0;  1 drivers
v00000238928dd650_0 .net/s "with_zp", 47 0, L_00000238929c2a50;  1 drivers
L_00000238929c39f0 .arith/sum 32, L_00000238929c3590, v000002389274cf60_0;
L_00000238929c3c70 .extend/s 48, L_00000238929c39f0;
L_00000238929c25f0 .extend/s 48, L_00000238928c8cf0;
L_00000238929c3450 .arith/mult 48, L_00000238929c3c70, L_00000238929c25f0;
L_00000238929c36d0 .shift/rs 48, L_00000238929c3450, L_00000238928ca2d0;
L_00000238929c2f50 .concat [ 8 40 0 0], L_00000238928c8d90, L_000002389294d588;
L_00000238929c2a50 .arith/sum 48, L_00000238929c36d0, L_00000238929c2f50;
L_00000238929c3ef0 .cmp/gt.s 48, L_00000238929c2a50, L_000002389294d5d0;
L_00000238929c3b30 .cmp/gt.s 48, L_000002389294d660, L_00000238929c2a50;
L_00000238929c20f0 .part L_00000238929c2a50, 0, 8;
L_00000238929c3d10 .functor MUXZ 8, L_00000238929c20f0, L_000002389294d6a8, L_00000238929c3b30, C4<>;
L_00000238929c3950 .functor MUXZ 8, L_00000238929c3d10, L_000002389294d618, L_00000238929c3ef0, C4<>;
S_00000238928e9840 .scope generate, "PPU_LANE[8]" "PPU_LANE[8]" 14 31, 14 31 0, S_00000238928c4270;
 .timescale -9 -12;
P_00000238926f1d90 .param/l "i" 0 14 31, +C4<01000>;
L_000002389294d6f0 .functor BUFT 1, C4<0000000000000000000000000000000000000000>, C4<0>, C4<0>, C4<0>;
v00000238928dc930_0 .net/2u *"_ivl_11", 39 0, L_000002389294d6f0;  1 drivers
v00000238928dc570_0 .net *"_ivl_13", 47 0, L_00000238929c38b0;  1 drivers
L_000002389294d738 .functor BUFT 1, C4<000000000000000000000000000000000000000001111111>, C4<0>, C4<0>, C4<0>;
v00000238928dd6f0_0 .net/2s *"_ivl_17", 47 0, L_000002389294d738;  1 drivers
v00000238928dd5b0_0 .net *"_ivl_19", 0 0, L_00000238929c3a90;  1 drivers
L_000002389294d780 .functor BUFT 1, C4<01111111>, C4<0>, C4<0>, C4<0>;
v00000238928dc610_0 .net/2u *"_ivl_21", 7 0, L_000002389294d780;  1 drivers
L_000002389294d7c8 .functor BUFT 1, C4<111111111111111111111111111111111111111110000000>, C4<0>, C4<0>, C4<0>;
v00000238928dd790_0 .net/2s *"_ivl_23", 47 0, L_000002389294d7c8;  1 drivers
v00000238928dd830_0 .net *"_ivl_25", 0 0, L_00000238929c2b90;  1 drivers
L_000002389294d810 .functor BUFT 1, C4<10000000>, C4<0>, C4<0>, C4<0>;
v00000238928ddfb0_0 .net/2u *"_ivl_27", 7 0, L_000002389294d810;  1 drivers
v00000238928de7d0_0 .net/s *"_ivl_3", 47 0, L_00000238929c3090;  1 drivers
v00000238928dc2f0_0 .net *"_ivl_30", 7 0, L_00000238929c3130;  1 drivers
v00000238928ddd30_0 .net *"_ivl_31", 7 0, L_00000238929c2870;  1 drivers
v00000238928dd8d0_0 .net *"_ivl_36", 7 0, v00000238928dccf0_0;  1 drivers
v00000238928dc9d0_0 .net/s *"_ivl_5", 47 0, L_00000238929c3e50;  1 drivers
v00000238928dd3d0_0 .net/s "clamped_val", 7 0, L_00000238929c31d0;  1 drivers
v00000238928dcc50_0 .net/s "in_val", 31 0, L_00000238929c2ff0;  1 drivers
v00000238928dccf0_0 .var/s "out_reg", 7 0;
v00000238928dcd90_0 .net/s "product", 47 0, L_00000238929c3770;  1 drivers
v00000238928dc6b0_0 .net/s "shifted", 47 0, L_00000238929c2690;  1 drivers
v00000238928dd970_0 .net/s "val_biased", 31 0, L_00000238929c3630;  1 drivers
v00000238928dd330_0 .net/s "with_zp", 47 0, L_00000238929c27d0;  1 drivers
L_00000238929c3630 .arith/sum 32, L_00000238929c2ff0, v000002389274cf60_0;
L_00000238929c3090 .extend/s 48, L_00000238929c3630;
L_00000238929c3e50 .extend/s 48, L_00000238928c8cf0;
L_00000238929c3770 .arith/mult 48, L_00000238929c3090, L_00000238929c3e50;
L_00000238929c2690 .shift/rs 48, L_00000238929c3770, L_00000238928ca2d0;
L_00000238929c38b0 .concat [ 8 40 0 0], L_00000238928c8d90, L_000002389294d6f0;
L_00000238929c27d0 .arith/sum 48, L_00000238929c2690, L_00000238929c38b0;
L_00000238929c3a90 .cmp/gt.s 48, L_00000238929c27d0, L_000002389294d738;
L_00000238929c2b90 .cmp/gt.s 48, L_000002389294d7c8, L_00000238929c27d0;
L_00000238929c3130 .part L_00000238929c27d0, 0, 8;
L_00000238929c2870 .functor MUXZ 8, L_00000238929c3130, L_000002389294d810, L_00000238929c2b90, C4<>;
L_00000238929c31d0 .functor MUXZ 8, L_00000238929c2870, L_000002389294d780, L_00000238929c3a90, C4<>;
S_00000238928e88a0 .scope generate, "PPU_LANE[9]" "PPU_LANE[9]" 14 31, 14 31 0, S_00000238928c4270;
 .timescale -9 -12;
P_00000238926f1dd0 .param/l "i" 0 14 31, +C4<01001>;
L_000002389294d858 .functor BUFT 1, C4<0000000000000000000000000000000000000000>, C4<0>, C4<0>, C4<0>;
v00000238928de550_0 .net/2u *"_ivl_11", 39 0, L_000002389294d858;  1 drivers
v00000238928de0f0_0 .net *"_ivl_13", 47 0, L_00000238929c3810;  1 drivers
L_000002389294d8a0 .functor BUFT 1, C4<000000000000000000000000000000000000000001111111>, C4<0>, C4<0>, C4<0>;
v00000238928de190_0 .net/2s *"_ivl_17", 47 0, L_000002389294d8a0;  1 drivers
v00000238928de690_0 .net *"_ivl_19", 0 0, L_00000238929c3bd0;  1 drivers
L_000002389294d8e8 .functor BUFT 1, C4<01111111>, C4<0>, C4<0>, C4<0>;
v00000238928dc1b0_0 .net/2u *"_ivl_21", 7 0, L_000002389294d8e8;  1 drivers
L_000002389294d930 .functor BUFT 1, C4<111111111111111111111111111111111111111110000000>, C4<0>, C4<0>, C4<0>;
v00000238928dddd0_0 .net/2s *"_ivl_23", 47 0, L_000002389294d930;  1 drivers
v00000238928dc390_0 .net *"_ivl_25", 0 0, L_00000238929c3db0;  1 drivers
L_000002389294d978 .functor BUFT 1, C4<10000000>, C4<0>, C4<0>, C4<0>;
v00000238928ddb50_0 .net/2u *"_ivl_27", 7 0, L_000002389294d978;  1 drivers
v00000238928de4b0_0 .net/s *"_ivl_3", 47 0, L_00000238929c29b0;  1 drivers
v00000238928dda10_0 .net *"_ivl_30", 7 0, L_00000238929c2190;  1 drivers
v00000238928dc430_0 .net *"_ivl_31", 7 0, L_00000238929a5770;  1 drivers
v00000238928dcbb0_0 .net *"_ivl_36", 7 0, v00000238928de230_0;  1 drivers
v00000238928de5f0_0 .net/s *"_ivl_5", 47 0, L_00000238929c3310;  1 drivers
v00000238928dd470_0 .net/s "clamped_val", 7 0, L_00000238929a5a90;  1 drivers
v00000238928ddbf0_0 .net/s "in_val", 31 0, L_00000238929c3f90;  1 drivers
v00000238928de230_0 .var/s "out_reg", 7 0;
v00000238928ddf10_0 .net/s "product", 47 0, L_00000238929c2af0;  1 drivers
v00000238928de870_0 .net/s "shifted", 47 0, L_00000238929c3270;  1 drivers
v00000238928de2d0_0 .net/s "val_biased", 31 0, L_00000238929c2910;  1 drivers
v00000238928dc110_0 .net/s "with_zp", 47 0, L_00000238929c33b0;  1 drivers
L_00000238929c2910 .arith/sum 32, L_00000238929c3f90, v000002389274cf60_0;
L_00000238929c29b0 .extend/s 48, L_00000238929c2910;
L_00000238929c3310 .extend/s 48, L_00000238928c8cf0;
L_00000238929c2af0 .arith/mult 48, L_00000238929c29b0, L_00000238929c3310;
L_00000238929c3270 .shift/rs 48, L_00000238929c2af0, L_00000238928ca2d0;
L_00000238929c3810 .concat [ 8 40 0 0], L_00000238928c8d90, L_000002389294d858;
L_00000238929c33b0 .arith/sum 48, L_00000238929c3270, L_00000238929c3810;
L_00000238929c3bd0 .cmp/gt.s 48, L_00000238929c33b0, L_000002389294d8a0;
L_00000238929c3db0 .cmp/gt.s 48, L_000002389294d930, L_00000238929c33b0;
L_00000238929c2190 .part L_00000238929c33b0, 0, 8;
L_00000238929a5770 .functor MUXZ 8, L_00000238929c2190, L_000002389294d978, L_00000238929c3db0, C4<>;
L_00000238929a5a90 .functor MUXZ 8, L_00000238929a5770, L_000002389294d8e8, L_00000238929c3bd0, C4<>;
S_00000238928e8ee0 .scope generate, "PPU_LANE[10]" "PPU_LANE[10]" 14 31, 14 31 0, S_00000238928c4270;
 .timescale -9 -12;
P_00000238926f1e50 .param/l "i" 0 14 31, +C4<01010>;
L_000002389294d9c0 .functor BUFT 1, C4<0000000000000000000000000000000000000000>, C4<0>, C4<0>, C4<0>;
v00000238928dde70_0 .net/2u *"_ivl_11", 39 0, L_000002389294d9c0;  1 drivers
v00000238928dce30_0 .net *"_ivl_13", 47 0, L_00000238929a45f0;  1 drivers
L_000002389294da08 .functor BUFT 1, C4<000000000000000000000000000000000000000001111111>, C4<0>, C4<0>, C4<0>;
v00000238928dc4d0_0 .net/2s *"_ivl_17", 47 0, L_000002389294da08;  1 drivers
v00000238928dc250_0 .net *"_ivl_19", 0 0, L_00000238929a5810;  1 drivers
L_000002389294da50 .functor BUFT 1, C4<01111111>, C4<0>, C4<0>, C4<0>;
v00000238928dc750_0 .net/2u *"_ivl_21", 7 0, L_000002389294da50;  1 drivers
L_000002389294da98 .functor BUFT 1, C4<111111111111111111111111111111111111111110000000>, C4<0>, C4<0>, C4<0>;
v00000238928ddab0_0 .net/2s *"_ivl_23", 47 0, L_000002389294da98;  1 drivers
v00000238928dc7f0_0 .net *"_ivl_25", 0 0, L_00000238929a5b30;  1 drivers
L_000002389294dae0 .functor BUFT 1, C4<10000000>, C4<0>, C4<0>, C4<0>;
v00000238928dc890_0 .net/2u *"_ivl_27", 7 0, L_000002389294dae0;  1 drivers
v00000238928dca70_0 .net/s *"_ivl_3", 47 0, L_00000238929a6170;  1 drivers
v00000238928dd0b0_0 .net *"_ivl_30", 7 0, L_00000238929a4690;  1 drivers
v00000238928ddc90_0 .net *"_ivl_31", 7 0, L_00000238929a4730;  1 drivers
v00000238928dcb10_0 .net *"_ivl_36", 7 0, v00000238928dd150_0;  1 drivers
v00000238928dd010_0 .net/s *"_ivl_5", 47 0, L_00000238929a6670;  1 drivers
v00000238928de370_0 .net/s "clamped_val", 7 0, L_00000238929a60d0;  1 drivers
v00000238928de410_0 .net/s "in_val", 31 0, L_00000238929a6530;  1 drivers
v00000238928dd150_0 .var/s "out_reg", 7 0;
v00000238928de050_0 .net/s "product", 47 0, L_00000238929a4f50;  1 drivers
v00000238928dd290_0 .net/s "shifted", 47 0, L_00000238929a4910;  1 drivers
v00000238928dd510_0 .net/s "val_biased", 31 0, L_00000238929a4b90;  1 drivers
v00000238928e0170_0 .net/s "with_zp", 47 0, L_00000238929a4c30;  1 drivers
L_00000238929a4b90 .arith/sum 32, L_00000238929a6530, v000002389274cf60_0;
L_00000238929a6170 .extend/s 48, L_00000238929a4b90;
L_00000238929a6670 .extend/s 48, L_00000238928c8cf0;
L_00000238929a4f50 .arith/mult 48, L_00000238929a6170, L_00000238929a6670;
L_00000238929a4910 .shift/rs 48, L_00000238929a4f50, L_00000238928ca2d0;
L_00000238929a45f0 .concat [ 8 40 0 0], L_00000238928c8d90, L_000002389294d9c0;
L_00000238929a4c30 .arith/sum 48, L_00000238929a4910, L_00000238929a45f0;
L_00000238929a5810 .cmp/gt.s 48, L_00000238929a4c30, L_000002389294da08;
L_00000238929a5b30 .cmp/gt.s 48, L_000002389294da98, L_00000238929a4c30;
L_00000238929a4690 .part L_00000238929a4c30, 0, 8;
L_00000238929a4730 .functor MUXZ 8, L_00000238929a4690, L_000002389294dae0, L_00000238929a5b30, C4<>;
L_00000238929a60d0 .functor MUXZ 8, L_00000238929a4730, L_000002389294da50, L_00000238929a5810, C4<>;
S_00000238928eb2d0 .scope generate, "PPU_LANE[11]" "PPU_LANE[11]" 14 31, 14 31 0, S_00000238928c4270;
 .timescale -9 -12;
P_00000238926f1f10 .param/l "i" 0 14 31, +C4<01011>;
L_000002389294db28 .functor BUFT 1, C4<0000000000000000000000000000000000000000>, C4<0>, C4<0>, C4<0>;
v00000238928e0670_0 .net/2u *"_ivl_11", 39 0, L_000002389294db28;  1 drivers
v00000238928df450_0 .net *"_ivl_13", 47 0, L_00000238929a58b0;  1 drivers
L_000002389294db70 .functor BUFT 1, C4<000000000000000000000000000000000000000001111111>, C4<0>, C4<0>, C4<0>;
v00000238928deaf0_0 .net/2s *"_ivl_17", 47 0, L_000002389294db70;  1 drivers
v00000238928e08f0_0 .net *"_ivl_19", 0 0, L_00000238929a5630;  1 drivers
L_000002389294dbb8 .functor BUFT 1, C4<01111111>, C4<0>, C4<0>, C4<0>;
v00000238928e02b0_0 .net/2u *"_ivl_21", 7 0, L_000002389294dbb8;  1 drivers
L_000002389294dc00 .functor BUFT 1, C4<111111111111111111111111111111111111111110000000>, C4<0>, C4<0>, C4<0>;
v00000238928df630_0 .net/2s *"_ivl_23", 47 0, L_000002389294dc00;  1 drivers
v00000238928df270_0 .net *"_ivl_25", 0 0, L_00000238929a4ff0;  1 drivers
L_000002389294dc48 .functor BUFT 1, C4<10000000>, C4<0>, C4<0>, C4<0>;
v00000238928e0350_0 .net/2u *"_ivl_27", 7 0, L_000002389294dc48;  1 drivers
v00000238928dfe50_0 .net/s *"_ivl_3", 47 0, L_00000238929a56d0;  1 drivers
v00000238928e0990_0 .net *"_ivl_30", 7 0, L_00000238929a5db0;  1 drivers
v00000238928e0030_0 .net *"_ivl_31", 7 0, L_00000238929a4cd0;  1 drivers
v00000238928e0df0_0 .net *"_ivl_36", 7 0, v00000238928df130_0;  1 drivers
v00000238928e00d0_0 .net/s *"_ivl_5", 47 0, L_00000238929a47d0;  1 drivers
v00000238928e0fd0_0 .net/s "clamped_val", 7 0, L_00000238929a67b0;  1 drivers
v00000238928e0490_0 .net/s "in_val", 31 0, L_00000238929a4550;  1 drivers
v00000238928df130_0 .var/s "out_reg", 7 0;
v00000238928deb90_0 .net/s "product", 47 0, L_00000238929a6210;  1 drivers
v00000238928dec30_0 .net/s "shifted", 47 0, L_00000238929a5450;  1 drivers
v00000238928e1070_0 .net/s "val_biased", 31 0, L_00000238929a4370;  1 drivers
v00000238928de9b0_0 .net/s "with_zp", 47 0, L_00000238929a6710;  1 drivers
L_00000238929a4370 .arith/sum 32, L_00000238929a4550, v000002389274cf60_0;
L_00000238929a56d0 .extend/s 48, L_00000238929a4370;
L_00000238929a47d0 .extend/s 48, L_00000238928c8cf0;
L_00000238929a6210 .arith/mult 48, L_00000238929a56d0, L_00000238929a47d0;
L_00000238929a5450 .shift/rs 48, L_00000238929a6210, L_00000238928ca2d0;
L_00000238929a58b0 .concat [ 8 40 0 0], L_00000238928c8d90, L_000002389294db28;
L_00000238929a6710 .arith/sum 48, L_00000238929a5450, L_00000238929a58b0;
L_00000238929a5630 .cmp/gt.s 48, L_00000238929a6710, L_000002389294db70;
L_00000238929a4ff0 .cmp/gt.s 48, L_000002389294dc00, L_00000238929a6710;
L_00000238929a5db0 .part L_00000238929a6710, 0, 8;
L_00000238929a4cd0 .functor MUXZ 8, L_00000238929a5db0, L_000002389294dc48, L_00000238929a4ff0, C4<>;
L_00000238929a67b0 .functor MUXZ 8, L_00000238929a4cd0, L_000002389294dbb8, L_00000238929a5630, C4<>;
S_00000238928e8a30 .scope generate, "PPU_LANE[12]" "PPU_LANE[12]" 14 31, 14 31 0, S_00000238928c4270;
 .timescale -9 -12;
P_00000238926f1f50 .param/l "i" 0 14 31, +C4<01100>;
L_000002389294dc90 .functor BUFT 1, C4<0000000000000000000000000000000000000000>, C4<0>, C4<0>, C4<0>;
v00000238928e07b0_0 .net/2u *"_ivl_11", 39 0, L_000002389294dc90;  1 drivers
v00000238928df1d0_0 .net *"_ivl_13", 47 0, L_00000238929a5950;  1 drivers
L_000002389294dcd8 .functor BUFT 1, C4<000000000000000000000000000000000000000001111111>, C4<0>, C4<0>, C4<0>;
v00000238928df950_0 .net/2s *"_ivl_17", 47 0, L_000002389294dcd8;  1 drivers
v00000238928e0d50_0 .net *"_ivl_19", 0 0, L_00000238929a5f90;  1 drivers
L_000002389294dd20 .functor BUFT 1, C4<01111111>, C4<0>, C4<0>, C4<0>;
v00000238928e0850_0 .net/2u *"_ivl_21", 7 0, L_000002389294dd20;  1 drivers
L_000002389294dd68 .functor BUFT 1, C4<111111111111111111111111111111111111111110000000>, C4<0>, C4<0>, C4<0>;
v00000238928def50_0 .net/2s *"_ivl_23", 47 0, L_000002389294dd68;  1 drivers
v00000238928deff0_0 .net *"_ivl_25", 0 0, L_00000238929a5e50;  1 drivers
L_000002389294ddb0 .functor BUFT 1, C4<10000000>, C4<0>, C4<0>, C4<0>;
v00000238928df310_0 .net/2u *"_ivl_27", 7 0, L_000002389294ddb0;  1 drivers
v00000238928e0210_0 .net/s *"_ivl_3", 47 0, L_00000238929a4870;  1 drivers
v00000238928df3b0_0 .net *"_ivl_30", 7 0, L_00000238929a4a50;  1 drivers
v00000238928dfef0_0 .net *"_ivl_31", 7 0, L_00000238929a5590;  1 drivers
v00000238928df4f0_0 .net *"_ivl_36", 7 0, v00000238928e0e90_0;  1 drivers
v00000238928e0a30_0 .net/s *"_ivl_5", 47 0, L_00000238929a49b0;  1 drivers
v00000238928dfc70_0 .net/s "clamped_val", 7 0, L_00000238929a5ef0;  1 drivers
v00000238928deeb0_0 .net/s "in_val", 31 0, L_00000238929a4190;  1 drivers
v00000238928e0e90_0 .var/s "out_reg", 7 0;
v00000238928df590_0 .net/s "product", 47 0, L_00000238929a54f0;  1 drivers
v00000238928e0c10_0 .net/s "shifted", 47 0, L_00000238929a63f0;  1 drivers
v00000238928df6d0_0 .net/s "val_biased", 31 0, L_00000238929a6850;  1 drivers
v00000238928e0ad0_0 .net/s "with_zp", 47 0, L_00000238929a4410;  1 drivers
L_00000238929a6850 .arith/sum 32, L_00000238929a4190, v000002389274cf60_0;
L_00000238929a4870 .extend/s 48, L_00000238929a6850;
L_00000238929a49b0 .extend/s 48, L_00000238928c8cf0;
L_00000238929a54f0 .arith/mult 48, L_00000238929a4870, L_00000238929a49b0;
L_00000238929a63f0 .shift/rs 48, L_00000238929a54f0, L_00000238928ca2d0;
L_00000238929a5950 .concat [ 8 40 0 0], L_00000238928c8d90, L_000002389294dc90;
L_00000238929a4410 .arith/sum 48, L_00000238929a63f0, L_00000238929a5950;
L_00000238929a5f90 .cmp/gt.s 48, L_00000238929a4410, L_000002389294dcd8;
L_00000238929a5e50 .cmp/gt.s 48, L_000002389294dd68, L_00000238929a4410;
L_00000238929a4a50 .part L_00000238929a4410, 0, 8;
L_00000238929a5590 .functor MUXZ 8, L_00000238929a4a50, L_000002389294ddb0, L_00000238929a5e50, C4<>;
L_00000238929a5ef0 .functor MUXZ 8, L_00000238929a5590, L_000002389294dd20, L_00000238929a5f90, C4<>;
S_00000238928ea330 .scope generate, "PPU_LANE[13]" "PPU_LANE[13]" 14 31, 14 31 0, S_00000238928c4270;
 .timescale -9 -12;
P_00000238926f2310 .param/l "i" 0 14 31, +C4<01101>;
L_000002389294ddf8 .functor BUFT 1, C4<0000000000000000000000000000000000000000>, C4<0>, C4<0>, C4<0>;
v00000238928e03f0_0 .net/2u *"_ivl_11", 39 0, L_000002389294ddf8;  1 drivers
v00000238928df9f0_0 .net *"_ivl_13", 47 0, L_00000238929a44b0;  1 drivers
L_000002389294de40 .functor BUFT 1, C4<000000000000000000000000000000000000000001111111>, C4<0>, C4<0>, C4<0>;
v00000238928df770_0 .net/2s *"_ivl_17", 47 0, L_000002389294de40;  1 drivers
v00000238928dff90_0 .net *"_ivl_19", 0 0, L_00000238929a5c70;  1 drivers
L_000002389294de88 .functor BUFT 1, C4<01111111>, C4<0>, C4<0>, C4<0>;
v00000238928e0530_0 .net/2u *"_ivl_21", 7 0, L_000002389294de88;  1 drivers
L_000002389294ded0 .functor BUFT 1, C4<111111111111111111111111111111111111111110000000>, C4<0>, C4<0>, C4<0>;
v00000238928df810_0 .net/2s *"_ivl_23", 47 0, L_000002389294ded0;  1 drivers
v00000238928ded70_0 .net *"_ivl_25", 0 0, L_00000238929a5d10;  1 drivers
L_000002389294df18 .functor BUFT 1, C4<10000000>, C4<0>, C4<0>, C4<0>;
v00000238928df8b0_0 .net/2u *"_ivl_27", 7 0, L_000002389294df18;  1 drivers
v00000238928dfb30_0 .net/s *"_ivl_3", 47 0, L_00000238929a65d0;  1 drivers
v00000238928e05d0_0 .net *"_ivl_30", 7 0, L_00000238929a4e10;  1 drivers
v00000238928e0710_0 .net *"_ivl_31", 7 0, L_00000238929a40f0;  1 drivers
v00000238928e0f30_0 .net *"_ivl_36", 7 0, v00000238928e0cb0_0;  1 drivers
v00000238928dee10_0 .net/s *"_ivl_5", 47 0, L_00000238929a5090;  1 drivers
v00000238928e0b70_0 .net/s "clamped_val", 7 0, L_00000238929a6030;  1 drivers
v00000238928decd0_0 .net/s "in_val", 31 0, L_00000238929a4af0;  1 drivers
v00000238928e0cb0_0 .var/s "out_reg", 7 0;
v00000238928de910_0 .net/s "product", 47 0, L_00000238929a51d0;  1 drivers
v00000238928df090_0 .net/s "shifted", 47 0, L_00000238929a4d70;  1 drivers
v00000238928dea50_0 .net/s "val_biased", 31 0, L_00000238929a4eb0;  1 drivers
v00000238928dfa90_0 .net/s "with_zp", 47 0, L_00000238929a5bd0;  1 drivers
L_00000238929a4eb0 .arith/sum 32, L_00000238929a4af0, v000002389274cf60_0;
L_00000238929a65d0 .extend/s 48, L_00000238929a4eb0;
L_00000238929a5090 .extend/s 48, L_00000238928c8cf0;
L_00000238929a51d0 .arith/mult 48, L_00000238929a65d0, L_00000238929a5090;
L_00000238929a4d70 .shift/rs 48, L_00000238929a51d0, L_00000238928ca2d0;
L_00000238929a44b0 .concat [ 8 40 0 0], L_00000238928c8d90, L_000002389294ddf8;
L_00000238929a5bd0 .arith/sum 48, L_00000238929a4d70, L_00000238929a44b0;
L_00000238929a5c70 .cmp/gt.s 48, L_00000238929a5bd0, L_000002389294de40;
L_00000238929a5d10 .cmp/gt.s 48, L_000002389294ded0, L_00000238929a5bd0;
L_00000238929a4e10 .part L_00000238929a5bd0, 0, 8;
L_00000238929a40f0 .functor MUXZ 8, L_00000238929a4e10, L_000002389294df18, L_00000238929a5d10, C4<>;
L_00000238929a6030 .functor MUXZ 8, L_00000238929a40f0, L_000002389294de88, L_00000238929a5c70, C4<>;
S_00000238928e8d50 .scope generate, "PPU_LANE[14]" "PPU_LANE[14]" 14 31, 14 31 0, S_00000238928c4270;
 .timescale -9 -12;
P_00000238926f2950 .param/l "i" 0 14 31, +C4<01110>;
L_000002389294df60 .functor BUFT 1, C4<0000000000000000000000000000000000000000>, C4<0>, C4<0>, C4<0>;
v00000238928dfbd0_0 .net/2u *"_ivl_11", 39 0, L_000002389294df60;  1 drivers
v00000238928dfd10_0 .net *"_ivl_13", 47 0, L_00000238929a59f0;  1 drivers
L_000002389294dfa8 .functor BUFT 1, C4<000000000000000000000000000000000000000001111111>, C4<0>, C4<0>, C4<0>;
v00000238928dfdb0_0 .net/2s *"_ivl_17", 47 0, L_000002389294dfa8;  1 drivers
v00000238928e28d0_0 .net *"_ivl_19", 0 0, L_00000238929a4230;  1 drivers
L_000002389294dff0 .functor BUFT 1, C4<01111111>, C4<0>, C4<0>, C4<0>;
v00000238928e16b0_0 .net/2u *"_ivl_21", 7 0, L_000002389294dff0;  1 drivers
L_000002389294e038 .functor BUFT 1, C4<111111111111111111111111111111111111111110000000>, C4<0>, C4<0>, C4<0>;
v00000238928e1610_0 .net/2s *"_ivl_23", 47 0, L_000002389294e038;  1 drivers
v00000238928e2a10_0 .net *"_ivl_25", 0 0, L_00000238929a42d0;  1 drivers
L_000002389294e080 .functor BUFT 1, C4<10000000>, C4<0>, C4<0>, C4<0>;
v00000238928e2ab0_0 .net/2u *"_ivl_27", 7 0, L_000002389294e080;  1 drivers
v00000238928e1d90_0 .net/s *"_ivl_3", 47 0, L_00000238929a5130;  1 drivers
v00000238928e32d0_0 .net *"_ivl_30", 7 0, L_00000238929a8150;  1 drivers
v00000238928e3190_0 .net *"_ivl_31", 7 0, L_00000238929a8d30;  1 drivers
v00000238928e20b0_0 .net *"_ivl_36", 7 0, v00000238928e2b50_0;  1 drivers
v00000238928e11b0_0 .net/s *"_ivl_5", 47 0, L_00000238929a5310;  1 drivers
v00000238928e1250_0 .net/s "clamped_val", 7 0, L_00000238929a8fb0;  1 drivers
v00000238928e1570_0 .net/s "in_val", 31 0, L_00000238929a62b0;  1 drivers
v00000238928e2b50_0 .var/s "out_reg", 7 0;
v00000238928e34b0_0 .net/s "product", 47 0, L_00000238929a6490;  1 drivers
v00000238928e3690_0 .net/s "shifted", 47 0, L_00000238929a53b0;  1 drivers
v00000238928e3370_0 .net/s "val_biased", 31 0, L_00000238929a5270;  1 drivers
v00000238928e1f70_0 .net/s "with_zp", 47 0, L_00000238929a6350;  1 drivers
L_00000238929a5270 .arith/sum 32, L_00000238929a62b0, v000002389274cf60_0;
L_00000238929a5130 .extend/s 48, L_00000238929a5270;
L_00000238929a5310 .extend/s 48, L_00000238928c8cf0;
L_00000238929a6490 .arith/mult 48, L_00000238929a5130, L_00000238929a5310;
L_00000238929a53b0 .shift/rs 48, L_00000238929a6490, L_00000238928ca2d0;
L_00000238929a59f0 .concat [ 8 40 0 0], L_00000238928c8d90, L_000002389294df60;
L_00000238929a6350 .arith/sum 48, L_00000238929a53b0, L_00000238929a59f0;
L_00000238929a4230 .cmp/gt.s 48, L_00000238929a6350, L_000002389294dfa8;
L_00000238929a42d0 .cmp/gt.s 48, L_000002389294e038, L_00000238929a6350;
L_00000238929a8150 .part L_00000238929a6350, 0, 8;
L_00000238929a8d30 .functor MUXZ 8, L_00000238929a8150, L_000002389294e080, L_00000238929a42d0, C4<>;
L_00000238929a8fb0 .functor MUXZ 8, L_00000238929a8d30, L_000002389294dff0, L_00000238929a4230, C4<>;
S_00000238928e9b60 .scope generate, "PPU_LANE[15]" "PPU_LANE[15]" 14 31, 14 31 0, S_00000238928c4270;
 .timescale -9 -12;
P_00000238926f2b50 .param/l "i" 0 14 31, +C4<01111>;
L_000002389294e0c8 .functor BUFT 1, C4<0000000000000000000000000000000000000000>, C4<0>, C4<0>, C4<0>;
v00000238928e2f10_0 .net/2u *"_ivl_11", 39 0, L_000002389294e0c8;  1 drivers
v00000238928e3550_0 .net *"_ivl_13", 47 0, L_00000238929a7930;  1 drivers
L_000002389294e110 .functor BUFT 1, C4<000000000000000000000000000000000000000001111111>, C4<0>, C4<0>, C4<0>;
v00000238928e2650_0 .net/2s *"_ivl_17", 47 0, L_000002389294e110;  1 drivers
v00000238928e1750_0 .net *"_ivl_19", 0 0, L_00000238929a6ad0;  1 drivers
L_000002389294e158 .functor BUFT 1, C4<01111111>, C4<0>, C4<0>, C4<0>;
v00000238928e2dd0_0 .net/2u *"_ivl_21", 7 0, L_000002389294e158;  1 drivers
L_000002389294e1a0 .functor BUFT 1, C4<111111111111111111111111111111111111111110000000>, C4<0>, C4<0>, C4<0>;
v00000238928e2fb0_0 .net/2s *"_ivl_23", 47 0, L_000002389294e1a0;  1 drivers
v00000238928e17f0_0 .net *"_ivl_25", 0 0, L_00000238929a6c10;  1 drivers
L_000002389294e1e8 .functor BUFT 1, C4<10000000>, C4<0>, C4<0>, C4<0>;
v00000238928e2150_0 .net/2u *"_ivl_27", 7 0, L_000002389294e1e8;  1 drivers
v00000238928e26f0_0 .net/s *"_ivl_3", 47 0, L_00000238929a7250;  1 drivers
v00000238928e23d0_0 .net *"_ivl_30", 7 0, L_00000238929a6d50;  1 drivers
v00000238928e2790_0 .net *"_ivl_31", 7 0, L_00000238929a7f70;  1 drivers
v00000238928e2830_0 .net *"_ivl_36", 7 0, v00000238928e2d30_0;  1 drivers
v00000238928e12f0_0 .net/s *"_ivl_5", 47 0, L_00000238929a9050;  1 drivers
v00000238928e2bf0_0 .net/s "clamped_val", 7 0, L_00000238929a7a70;  1 drivers
v00000238928e2010_0 .net/s "in_val", 31 0, L_00000238929a6f30;  1 drivers
v00000238928e2d30_0 .var/s "out_reg", 7 0;
v00000238928e2970_0 .net/s "product", 47 0, L_00000238929a6df0;  1 drivers
v00000238928e3410_0 .net/s "shifted", 47 0, L_00000238929a8010;  1 drivers
v00000238928e2470_0 .net/s "val_biased", 31 0, L_00000238929a86f0;  1 drivers
v00000238928e37d0_0 .net/s "with_zp", 47 0, L_00000238929a79d0;  1 drivers
L_00000238929a86f0 .arith/sum 32, L_00000238929a6f30, v000002389274cf60_0;
L_00000238929a7250 .extend/s 48, L_00000238929a86f0;
L_00000238929a9050 .extend/s 48, L_00000238928c8cf0;
L_00000238929a6df0 .arith/mult 48, L_00000238929a7250, L_00000238929a9050;
L_00000238929a8010 .shift/rs 48, L_00000238929a6df0, L_00000238928ca2d0;
L_00000238929a7930 .concat [ 8 40 0 0], L_00000238928c8d90, L_000002389294e0c8;
L_00000238929a79d0 .arith/sum 48, L_00000238929a8010, L_00000238929a7930;
L_00000238929a6ad0 .cmp/gt.s 48, L_00000238929a79d0, L_000002389294e110;
L_00000238929a6c10 .cmp/gt.s 48, L_000002389294e1a0, L_00000238929a79d0;
L_00000238929a6d50 .part L_00000238929a79d0, 0, 8;
L_00000238929a7f70 .functor MUXZ 8, L_00000238929a6d50, L_000002389294e1e8, L_00000238929a6c10, C4<>;
L_00000238929a7a70 .functor MUXZ 8, L_00000238929a7f70, L_000002389294e158, L_00000238929a6ad0, C4<>;
S_00000238928e8bc0 .scope module, "u_weight_buf" "weight_buffer_ctrl" 4 170, 15 9 0, S_00000238927c81f0;
 .timescale -9 -12;
    .port_info 0 /INPUT 1 "clk";
    .port_info 1 /INPUT 1 "rst_n";
    .port_info 2 /INPUT 64 "s_axis_tdata";
    .port_info 3 /INPUT 1 "s_axis_tvalid";
    .port_info 4 /OUTPUT 1 "s_axis_tready";
    .port_info 5 /INPUT 1 "i_weight_load_en";
    .port_info 6 /OUTPUT 128 "o_weight_vec";
    .port_info 7 /OUTPUT 1 "o_dat_valid";
    .port_info 8 /INPUT 1 "i_bank_swap";
    .port_info 9 /OUTPUT 4 "dbg_wbuf_wr_ptr";
    .port_info 10 /OUTPUT 1 "dbg_wbuf_ram_wen";
    .port_info 11 /OUTPUT 1 "dbg_wbuf_gb_cnt";
P_00000238926db0b0 .param/l "DEPTH_LOG2" 1 15 37, +C4<00000000000000000000000000000100>;
P_00000238926db0e8 .param/l "OUT_WIDTH" 1 15 38, +C4<0000000000000000000000000000000000000000000000000000000010000000>;
L_00000238926d5710 .functor NOT 1, v00000238928e1ed0_0, C4<0>, C4<0>, C4<0>;
L_00000238926d57f0 .functor BUFZ 128, v00000238928e3af0_0, C4<00000000000000000000000000000000000000000000000000000000000000000000000000000000000000000000000000000000000000000000000000000000>, C4<00000000000000000000000000000000000000000000000000000000000000000000000000000000000000000000000000000000000000000000000000000000>, C4<00000000000000000000000000000000000000000000000000000000000000000000000000000000000000000000000000000000000000000000000000000000>;
L_00000238926d5b00 .functor BUFZ 1, v00000238928e4ef0_0, C4<0>, C4<0>, C4<0>;
L_00000238926d58d0 .functor BUFZ 1, v00000238928e1a70_0, C4<0>, C4<0>, C4<0>;
v00000238928e1c50_0 .net *"_ivl_10", 0 0, L_00000238926d5710;  1 drivers
L_000002389294c220 .functor BUFT 1, C4<0001>, C4<0>, C4<0>, C4<0>;
v00000238928e3230_0 .net/2u *"_ivl_4", 3 0, L_000002389294c220;  1 drivers
v00000238928e35f0_0 .net *"_ivl_6", 3 0, L_00000238928c9510;  1 drivers
v00000238928e1ed0_0 .var "bank_sel", 0 0;
v00000238928e21f0_0 .net "clk", 0 0, v00000238928c9830_0;  alias, 1 drivers
v00000238928e3730_0 .net "dbg_wbuf_gb_cnt", 0 0, L_00000238926d58d0;  alias, 1 drivers
v00000238928e1110_0 .net "dbg_wbuf_ram_wen", 0 0, L_00000238926d5b00;  alias, 1 drivers
v00000238928e2330_0 .net "dbg_wbuf_wr_ptr", 3 0, v00000238928e50d0_0;  alias, 1 drivers
v00000238928e19d0_0 .net "final_rd_addr", 4 0, L_00000238929ac9d0;  1 drivers
v00000238928e1430_0 .net "final_wr_addr", 4 0, L_00000238928c9470;  1 drivers
v00000238928e1a70_0 .var "gb_cnt", 0 0;
v00000238928e1b10_0 .var/i "i", 31 0;
v00000238928e1bb0_0 .net "i_bank_swap", 0 0, L_00000238926d56a0;  alias, 1 drivers
v00000238928e1cf0_0 .net "i_weight_load_en", 0 0, v00000238928d1670_0;  alias, 1 drivers
v00000238928e2290_0 .var "o_dat_valid", 0 0;
v00000238928e2510_0 .var "o_dat_valid_temp", 0 0;
v00000238928e25b0_0 .net "o_weight_vec", 127 0, L_00000238926d57f0;  alias, 1 drivers
v00000238928e5030 .array "ram", 31 0, 127 0;
v00000238928e3af0_0 .var "ram_out_reg", 127 0;
v00000238928e5530_0 .var "ram_wdata", 127 0;
v00000238928e4ef0_0 .var "ram_wen", 0 0;
v00000238928e3d70_0 .var "rd_ptr", 3 0;
v00000238928e3f50_0 .net "rd_ptr_lookahead", 3 0, L_00000238928c95b0;  1 drivers
v00000238928e3ff0_0 .net "rst_n", 0 0, L_00000238926d5550;  alias, 1 drivers
v00000238928e4450_0 .net "s_axis_tdata", 63 0, v00000238928c9b50_0;  alias, 1 drivers
L_000002389294c1d8 .functor BUFT 1, C4<1>, C4<0>, C4<0>, C4<0>;
v00000238928e44f0_0 .net "s_axis_tready", 0 0, L_000002389294c1d8;  1 drivers
v00000238928e4090_0 .net "s_axis_tvalid", 0 0, L_00000238926d5cc0;  alias, 1 drivers
v00000238928e5990_0 .var "temp_low", 63 0;
v00000238928e3eb0_0 .var "wr_addr_pipe", 3 0;
v00000238928e50d0_0 .var "wr_ptr", 3 0;
L_00000238928c9470 .concat [ 4 1 0 0], v00000238928e3eb0_0, v00000238928e1ed0_0;
L_00000238928c9510 .arith/sum 4, v00000238928e3d70_0, L_000002389294c220;
L_00000238928c95b0 .functor MUXZ 4, v00000238928e3d70_0, L_00000238928c9510, v00000238928e2290_0, C4<>;
L_00000238929ac9d0 .concat [ 4 1 0 0], L_00000238928c95b0, L_00000238926d5710;
S_00000238928e83f0 .scope task, "load_case" "load_case" 3 354, 3 354 0, S_00000238926c21d0;
 .timescale -9 -12;
v00000238928e7790_0 .var/i "case_id", 31 0;
v00000238928e6250_0 .var/str "path";
TD_deit_accelerator_top_tb_dual.load_case ;
    %vpi_call/w 3 358 "$sformat", v00000238928e6250_0, "src/data/test_data_top/case%0d/axis_input.mem", v00000238928e7790_0 {0 0 0};
    %vpi_call/w 3 359 "$readmemh", v00000238928e6250_0, v00000238928c9150 {0 0 0};
    %vpi_call/w 3 360 "$sformat", v00000238928e6250_0, "src/data/test_data_top/case%0d/axis_weight.mem", v00000238928e7790_0 {0 0 0};
    %vpi_call/w 3 361 "$readmemh", v00000238928e6250_0, v00000238928c8f70 {0 0 0};
    %vpi_call/w 3 362 "$sformat", v00000238928e6250_0, "src/data/test_data_top/case%0d/axis_golden.mem", v00000238928e7790_0 {0 0 0};
    %vpi_call/w 3 363 "$readmemh", v00000238928e6250_0, v00000238928ca5f0 {0 0 0};
    %vpi_call/w 3 364 "$sformat", v00000238928e6250_0, "src/data/test_data_top/case%0d/ram_golden_c01.mem", v00000238928e7790_0 {0 0 0};
    %vpi_call/w 3 365 "$readmemh", v00000238928e6250_0, v00000238928c8570 {0 0 0};
    %vpi_call/w 3 366 "$sformat", v00000238928e6250_0, "src/data/test_data_top/case%0d/config.mem", v00000238928e7790_0 {0 0 0};
    %vpi_call/w 3 367 "$readmemh", v00000238928e6250_0, v00000238928c8250 {0 0 0};
    %ix/load 4, 4, 0;
    %flag_set/imm 4, 0;
    %load/vec4a v00000238928c8250, 4;
    %store/vec4 v00000238928c9d30_0, 0, 32;
    %ix/load 4, 5, 0;
    %flag_set/imm 4, 0;
    %load/vec4a v00000238928c8250, 4;
    %store/vec4 v00000238928c9790_0, 0, 32;
    %ix/load 4, 6, 0;
    %flag_set/imm 4, 0;
    %load/vec4a v00000238928c8250, 4;
    %store/vec4 v00000238928c9c90_0, 0, 32;
    %ix/load 4, 7, 0;
    %flag_set/imm 4, 0;
    %load/vec4a v00000238928c8250, 4;
    %store/vec4 v00000238928c84d0_0, 0, 32;
    %ix/load 4, 8, 0;
    %flag_set/imm 4, 0;
    %load/vec4a v00000238928c8250, 4;
    %store/vec4 v00000238928ca870_0, 0, 32;
    %ix/load 4, 9, 0;
    %flag_set/imm 4, 0;
    %load/vec4a v00000238928c8250, 4;
    %store/vec4 v00000238928ca7d0_0, 0, 32;
    %load/vec4 v00000238928ca870_0;
    %pushi/vec4 12, 0, 32;
    %div/s;
    %store/vec4 v00000238928c81b0_0, 0, 32;
    %load/vec4 v00000238928ca7d0_0;
    %pushi/vec4 16, 0, 32;
    %div/s;
    %store/vec4 v00000238928c8c50_0, 0, 32;
    %load/vec4 v00000238928c84d0_0;
    %muli 3, 0, 32;
    %pushi/vec4 2, 0, 32;
    %div/s;
    %store/vec4 v00000238928c82f0_0, 0, 32;
    %pushi/vec4 24, 0, 32;
    %store/vec4 v00000238928c9ab0_0, 0, 32;
    %load/vec4 v00000238928c84d0_0;
    %muli 2, 0, 32;
    %store/vec4 v00000238928c8390_0, 0, 32;
    %vpi_call/w 3 382 "$display", "[CFG] Case%0d M=%0d K=%0d N=%0d", v00000238928e7790_0, v00000238928c9d30_0, v00000238928c9790_0, v00000238928c9c90_0 {0 0 0};
    %vpi_call/w 3 383 "$display", "[CFG] Case%0d M_PAD=%0d K_PAD=%0d N_PAD=%0d", v00000238928e7790_0, v00000238928c84d0_0, v00000238928ca870_0, v00000238928ca7d0_0 {0 0 0};
    %vpi_call/w 3 384 "$display", "[CFG] Case%0d K_TILES=%0d N_TILES=%0d", v00000238928e7790_0, v00000238928c81b0_0, v00000238928c8c50_0 {0 0 0};
    %vpi_call/w 3 385 "$display", "[CFG] Case%0d INPUT_WORDS_PER_TILE=%0d", v00000238928e7790_0, v00000238928c82f0_0 {0 0 0};
    %vpi_call/w 3 386 "$display", "[CFG] Case%0d OUTPUT_WORDS_PER_TILE=%0d", v00000238928e7790_0, v00000238928c8390_0 {0 0 0};
    %end;
S_00000238928ebf50 .scope task, "run_case" "run_case" 3 390, 3 390 0, S_00000238926c21d0;
 .timescale -9 -12;
v00000238928e62f0_0 .var "acc_mode", 0 0;
v00000238928e6cf0_0 .var/i "case_id", 31 0;
v00000238928e6390_0 .var/i "k_idx", 31 0;
v00000238928e6430_0 .var/i "n_idx", 31 0;
v00000238928e66b0_0 .var "output_en", 0 0;
TD_deit_accelerator_top_tb_dual.run_case ;
    %vpi_call/w 3 397 "$display", "\012=== START CASE %0d ===", v00000238928e6cf0_0 {0 0 0};
    %load/vec4 v00000238928e6cf0_0;
    %store/vec4 v00000238928e7790_0, 0, 32;
    %fork TD_deit_accelerator_top_tb_dual.load_case, S_00000238928e83f0;
    %join;
    %pushi/vec4 0, 0, 6;
    %store/vec4 v000002389274b160_0, 0, 6;
    %pushi/vec4 2, 0, 32;
    %store/vec4 v000002389274b520_0, 0, 32;
    %fork TD_deit_accelerator_top_tb_dual.axi_lite_write, S_0000023891d17070;
    %join;
    %fork TD_deit_accelerator_top_tb_dual.wait_idle, S_00000238928ea1a0;
    %join;
    %pushi/vec4 0, 0, 1;
    %store/vec4 v00000238928ca050_0, 0, 1;
    %pushi/vec4 0, 0, 1;
    %store/vec4 v00000238928c9f10_0, 0, 1;
    %pushi/vec4 0, 0, 1;
    %store/vec4 v00000238928c8610_0, 0, 1;
    %pushi/vec4 8, 0, 6;
    %store/vec4 v000002389274b160_0, 0, 6;
    %load/vec4 v00000238928c84d0_0;
    %store/vec4 v000002389274b520_0, 0, 32;
    %fork TD_deit_accelerator_top_tb_dual.axi_lite_write, S_0000023891d17070;
    %join;
    %pushi/vec4 20, 0, 6;
    %store/vec4 v000002389274b160_0, 0, 6;
    %ix/load 4, 0, 0;
    %flag_set/imm 4, 0;
    %load/vec4a v00000238928c8250, 4;
    %store/vec4 v000002389274b520_0, 0, 32;
    %fork TD_deit_accelerator_top_tb_dual.axi_lite_write, S_0000023891d17070;
    %join;
    %pushi/vec4 24, 0, 6;
    %store/vec4 v000002389274b160_0, 0, 6;
    %ix/load 4, 1, 0;
    %flag_set/imm 4, 0;
    %load/vec4a v00000238928c8250, 4;
    %store/vec4 v000002389274b520_0, 0, 32;
    %fork TD_deit_accelerator_top_tb_dual.axi_lite_write, S_0000023891d17070;
    %join;
    %pushi/vec4 28, 0, 6;
    %store/vec4 v000002389274b160_0, 0, 6;
    %ix/load 4, 2, 0;
    %flag_set/imm 4, 0;
    %load/vec4a v00000238928c8250, 4;
    %store/vec4 v000002389274b520_0, 0, 32;
    %fork TD_deit_accelerator_top_tb_dual.axi_lite_write, S_0000023891d17070;
    %join;
    %pushi/vec4 32, 0, 6;
    %store/vec4 v000002389274b160_0, 0, 6;
    %ix/load 4, 3, 0;
    %flag_set/imm 4, 0;
    %load/vec4a v00000238928c8250, 4;
    %store/vec4 v000002389274b520_0, 0, 32;
    %fork TD_deit_accelerator_top_tb_dual.axi_lite_write, S_0000023891d17070;
    %join;
    %pushi/vec4 0, 0, 32;
    %store/vec4 v00000238928e6430_0, 0, 32;
T_8.36 ;
    %load/vec4 v00000238928e6430_0;
    %load/vec4 v00000238928c8c50_0;
    %cmp/s;
    %jmp/0xz T_8.37, 5;
    %vpi_call/w 3 413 "$display", "\012[TILE] === Case%0d N=%0d ===", v00000238928e6cf0_0, v00000238928e6430_0 {0 0 0};
    %pushi/vec4 0, 0, 32;
    %store/vec4 v00000238928e6390_0, 0, 32;
T_8.38 ;
    %load/vec4 v00000238928e6390_0;
    %load/vec4 v00000238928c81b0_0;
    %cmp/s;
    %jmp/0xz T_8.39, 5;
    %vpi_call/w 3 415 "$display", "[TILE] -> K=%0d", v00000238928e6390_0 {0 0 0};
    %load/vec4 v00000238928e6390_0;
    %cmpi/e 0, 0, 32;
    %flag_mov 8, 4;
    %jmp/0 T_8.40, 8;
    %pushi/vec4 0, 0, 2;
    %jmp/1 T_8.41, 8;
T_8.40 ; End of true expr.
    %pushi/vec4 1, 0, 2;
    %jmp/0 T_8.41, 8;
 ; End of false expr.
    %blend;
T_8.41;
    %pad/s 1;
    %store/vec4 v00000238928e62f0_0, 0, 1;
    %load/vec4 v00000238928e6390_0;
    %load/vec4 v00000238928c81b0_0;
    %subi 1, 0, 32;
    %cmp/e;
    %flag_mov 8, 4;
    %jmp/0 T_8.42, 8;
    %pushi/vec4 1, 0, 2;
    %jmp/1 T_8.43, 8;
T_8.42 ; End of true expr.
    %pushi/vec4 0, 0, 2;
    %jmp/0 T_8.43, 8;
 ; End of false expr.
    %blend;
T_8.43;
    %pad/s 1;
    %store/vec4 v00000238928e66b0_0, 0, 1;
    %pushi/vec4 36, 0, 6;
    %store/vec4 v000002389274b160_0, 0, 6;
    %load/vec4 v00000238928e66b0_0;
    %pad/u 32;
    %store/vec4 v000002389274b520_0, 0, 32;
    %fork TD_deit_accelerator_top_tb_dual.axi_lite_write, S_0000023891d17070;
    %join;
    %pushi/vec4 12, 0, 6;
    %store/vec4 v000002389274b160_0, 0, 6;
    %load/vec4 v00000238928e62f0_0;
    %pad/u 32;
    %store/vec4 v000002389274b520_0, 0, 32;
    %fork TD_deit_accelerator_top_tb_dual.axi_lite_write, S_0000023891d17070;
    %join;
    %fork TD_deit_accelerator_top_tb_dual.wait_idle, S_00000238928ea1a0;
    %join;
    %load/vec4 v00000238928e6390_0;
    %store/vec4 v00000238928e6890_0, 0, 32;
    %fork TD_deit_accelerator_top_tb_dual.send_input_tile, S_00000238928eab00;
    %join;
    %fork t_11, S_00000238928ebf50;
    %fork t_12, S_00000238928ebf50;
    %join;
    %join;
    %jmp t_10;
t_11 ;
    %pushi/vec4 0, 0, 6;
    %store/vec4 v000002389274b160_0, 0, 6;
    %pushi/vec4 3, 0, 32;
    %store/vec4 v000002389274b520_0, 0, 32;
    %fork TD_deit_accelerator_top_tb_dual.axi_lite_write, S_0000023891d17070;
    %join;
    %end;
t_12 ;
    %load/vec4 v00000238928e6430_0;
    %store/vec4 v00000238928e6ed0_0, 0, 32;
    %load/vec4 v00000238928e6390_0;
    %store/vec4 v00000238928e6b10_0, 0, 32;
    %fork TD_deit_accelerator_top_tb_dual.send_weight_tile, S_00000238928ea4c0;
    %join;
    %end;
    .scope S_00000238928ebf50;
t_10 ;
    %load/vec4 v00000238928e6430_0;
    %store/vec4 v000002389274a800_0, 0, 32;
    %load/vec4 v00000238928e6390_0;
    %store/vec4 v000002389274a760_0, 0, 32;
    %pushi/vec4 0, 0, 32; draw_string_vec4
    %pushi/vec4 4277844, 0, 32; draw_string_vec4
    %concat/vec4; draw_string_vec4
    %pushi/vec4 1163026259, 0, 32; draw_string_vec4
    %concat/vec4; draw_string_vec4
    %pushi/vec4 1413567060, 0, 32; draw_string_vec4
    %concat/vec4; draw_string_vec4
    %store/vec4 v000002389274a9e0_0, 0, 128;
    %fork TD_deit_accelerator_top_tb_dual.ckpt_a, S_0000023891cff7d0;
    %join;
    %load/vec4 v00000238928e6430_0;
    %store/vec4 v000002389274ad00_0, 0, 32;
    %load/vec4 v00000238928e6390_0;
    %store/vec4 v000002389274abc0_0, 0, 32;
    %fork TD_deit_accelerator_top_tb_dual.count_activity, S_00000238927c8060;
    %join;
    %fork TD_deit_accelerator_top_tb_dual.wait_for_done, S_00000238928e9520;
    %join;
    %load/vec4 v00000238928e6430_0;
    %store/vec4 v000002389274a800_0, 0, 32;
    %load/vec4 v00000238928e6390_0;
    %store/vec4 v000002389274a760_0, 0, 32;
    %pushi/vec4 0, 0, 32; draw_string_vec4
    %pushi/vec4 16710, 0, 32; draw_string_vec4
    %concat/vec4; draw_string_vec4
    %pushi/vec4 1413829215, 0, 32; draw_string_vec4
    %concat/vec4; draw_string_vec4
    %pushi/vec4 1146048069, 0, 32; draw_string_vec4
    %concat/vec4; draw_string_vec4
    %store/vec4 v000002389274a9e0_0, 0, 128;
    %fork TD_deit_accelerator_top_tb_dual.ckpt_a, S_0000023891cff7d0;
    %join;
    %load/vec4 v00000238928e6430_0;
    %store/vec4 v000002389274c600_0, 0, 32;
    %load/vec4 v00000238928e6390_0;
    %store/vec4 v000002389274a620_0, 0, 32;
    %fork TD_deit_accelerator_top_tb_dual.check_acc_ckpt, S_0000023891ce8250;
    %join;
    %load/vec4 v00000238928e66b0_0;
    %flag_set/vec4 8;
    %jmp/0xz  T_8.44, 8;
    %load/vec4 v00000238928e6430_0;
    %store/vec4 v000002389274a3a0_0, 0, 32;
    %fork TD_deit_accelerator_top_tb_dual.check_outbuf_mem, S_0000023891ce83e0;
    %join;
    %load/vec4 v00000238928e6430_0;
    %store/vec4 v000002389274aa80_0, 0, 32;
    %pushi/vec4 0, 0, 32;
    %store/vec4 v000002389274ab20_0, 0, 32;
    %fork TD_deit_accelerator_top_tb_dual.ckpt_outbuf_state, S_0000023891d2ae50;
    %join;
    %load/vec4 v00000238928e6430_0;
    %store/vec4 v000002389274c240_0, 0, 32;
    %fork TD_deit_accelerator_top_tb_dual.check_output_stream, S_0000023891d63040;
    %join;
    %load/vec4 v00000238928e6430_0;
    %store/vec4 v000002389274aa80_0, 0, 32;
    %pushi/vec4 1, 0, 32;
    %store/vec4 v000002389274ab20_0, 0, 32;
    %fork TD_deit_accelerator_top_tb_dual.ckpt_outbuf_state, S_0000023891d2ae50;
    %join;
T_8.44 ;
    %load/vec4 v00000238928e6390_0;
    %addi 1, 0, 32;
    %store/vec4 v00000238928e6390_0, 0, 32;
    %jmp T_8.38;
T_8.39 ;
    %load/vec4 v00000238928e6430_0;
    %addi 1, 0, 32;
    %store/vec4 v00000238928e6430_0, 0, 32;
    %jmp T_8.36;
T_8.37 ;
    %vpi_call/w 3 452 "$display", "=== END CASE %0d ===\012", v00000238928e6cf0_0 {0 0 0};
    %end;
S_00000238928eab00 .scope task, "send_input_tile" "send_input_tile" 3 187, 3 187 0, S_00000238926c21d0;
 .timescale -9 -12;
v00000238928e6750_0 .var/i "base", 31 0;
v00000238928e67f0_0 .var/i "i", 31 0;
v00000238928e6890_0 .var/i "k_idx", 31 0;
TD_deit_accelerator_top_tb_dual.send_input_tile ;
    %load/vec4 v00000238928e6890_0;
    %load/vec4 v00000238928c82f0_0;
    %mul;
    %store/vec4 v00000238928e6750_0, 0, 32;
    %pushi/vec4 0, 0, 32;
    %store/vec4 v00000238928e67f0_0, 0, 32;
T_9.46 ;
    %load/vec4 v00000238928e67f0_0;
    %load/vec4 v00000238928c82f0_0;
    %cmp/s;
    %jmp/0xz T_9.47, 5;
    %pushi/vec4 1, 0, 1;
    %assign/vec4 v00000238928ca050_0, 0;
    %load/vec4 v00000238928e6750_0;
    %load/vec4 v00000238928e67f0_0;
    %add;
    %ix/vec4/s 4;
    %load/vec4a v00000238928c9150, 4;
    %assign/vec4 v00000238928c9b50_0, 0;
    %load/vec4 v00000238928e67f0_0;
    %load/vec4 v00000238928c82f0_0;
    %subi 1, 0, 32;
    %cmp/e;
    %flag_get/vec4 4;
    %assign/vec4 v00000238928c9f10_0, 0;
    %wait E_00000238926eddd0;
    %load/vec4 v00000238928e67f0_0;
    %addi 1, 0, 32;
    %store/vec4 v00000238928e67f0_0, 0, 32;
    %jmp T_9.46;
T_9.47 ;
    %pushi/vec4 0, 0, 1;
    %assign/vec4 v00000238928ca050_0, 0;
    %pushi/vec4 0, 0, 1;
    %assign/vec4 v00000238928c9f10_0, 0;
    %end;
S_00000238928ea4c0 .scope task, "send_weight_tile" "send_weight_tile" 3 204, 3 204 0, S_00000238926c21d0;
 .timescale -9 -12;
v00000238928e6930_0 .var/i "base", 31 0;
v00000238928e69d0_0 .var/i "i", 31 0;
v00000238928e6b10_0 .var/i "k_idx", 31 0;
v00000238928e6ed0_0 .var/i "n_idx", 31 0;
v00000238928ca550_0 .var "ok_dma", 0 0;
TD_deit_accelerator_top_tb_dual.send_weight_tile ;
    %load/vec4 v00000238928e6ed0_0;
    %load/vec4 v00000238928c81b0_0;
    %mul;
    %load/vec4 v00000238928e6b10_0;
    %add;
    %load/vec4 v00000238928c9ab0_0;
    %mul;
    %store/vec4 v00000238928e6930_0, 0, 32;
    %fork TD_deit_accelerator_top_tb_dual.wait_for_dma_req, S_00000238928e80d0;
    %join;
    %load/vec4 v00000238928ca730_0;
    %store/vec4 v00000238928ca550_0, 0, 1;
    %load/vec4 v00000238928ca550_0;
    %flag_set/vec4 8;
    %jmp/0xz  T_10.48, 8;
    %pushi/vec4 0, 0, 32;
    %store/vec4 v00000238928e69d0_0, 0, 32;
T_10.50 ;
    %load/vec4 v00000238928e69d0_0;
    %load/vec4 v00000238928c9ab0_0;
    %cmp/s;
    %jmp/0xz T_10.51, 5;
    %pushi/vec4 1, 0, 1;
    %assign/vec4 v00000238928ca050_0, 0;
    %load/vec4 v00000238928e6930_0;
    %load/vec4 v00000238928e69d0_0;
    %add;
    %ix/vec4/s 4;
    %load/vec4a v00000238928c8f70, 4;
    %assign/vec4 v00000238928c9b50_0, 0;
    %load/vec4 v00000238928e69d0_0;
    %load/vec4 v00000238928c9ab0_0;
    %subi 1, 0, 32;
    %cmp/e;
    %flag_get/vec4 4;
    %assign/vec4 v00000238928c9f10_0, 0;
    %wait E_00000238926eddd0;
    %load/vec4 v00000238928e69d0_0;
    %addi 1, 0, 32;
    %store/vec4 v00000238928e69d0_0, 0, 32;
    %jmp T_10.50;
T_10.51 ;
    %pushi/vec4 0, 0, 1;
    %assign/vec4 v00000238928ca050_0, 0;
    %pushi/vec4 0, 0, 1;
    %assign/vec4 v00000238928c9f10_0, 0;
T_10.48 ;
    %end;
S_00000238928e80d0 .scope task, "wait_for_dma_req" "wait_for_dma_req" 3 151, 3 151 0, S_00000238926c21d0;
 .timescale -9 -12;
v00000238928c9a10_0 .var/i "cycles", 31 0;
v00000238928ca730_0 .var "ok", 0 0;
TD_deit_accelerator_top_tb_dual.wait_for_dma_req ;
    %fork t_14, S_00000238928e8580;
    %jmp t_13;
    .scope S_00000238928e8580;
t_14 ;
    %pushi/vec4 0, 0, 1;
    %store/vec4 v00000238928ca730_0, 0, 1;
    %pushi/vec4 0, 0, 32;
    %store/vec4 v00000238928c9a10_0, 0, 32;
T_11.52 ;
    %load/vec4 v00000238928e5a30_0;
    %pad/u 32;
    %cmpi/e 0, 0, 32;
    %jmp/0xz T_11.53, 4;
    %wait E_00000238926eddd0;
    %load/vec4 v00000238928c9a10_0;
    %addi 1, 0, 32;
    %store/vec4 v00000238928c9a10_0, 0, 32;
    %load/vec4 v00000238928c9a10_0;
    %cmpi/s 200000, 0, 32;
    %flag_or 5, 4; GT is !LE
    %flag_inv 5;
    %jmp/0xz  T_11.54, 5;
    %vpi_call/w 3 161 "$display", "[FAIL] Timeout waiting DMA_REQ" {0 0 0};
    %pushi/vec4 0, 0, 32;
    %store/vec4 v000002389274a800_0, 0, 32;
    %pushi/vec4 0, 0, 32;
    %store/vec4 v000002389274a760_0, 0, 32;
    %pushi/vec4 0, 0, 32; draw_string_vec4
    %pushi/vec4 0, 0, 32; draw_string_vec4
    %concat/vec4; draw_string_vec4
    %pushi/vec4 1463896404, 0, 32; draw_string_vec4
    %concat/vec4; draw_string_vec4
    %pushi/vec4 1598311745, 0, 32; draw_string_vec4
    %concat/vec4; draw_string_vec4
    %store/vec4 v000002389274a9e0_0, 0, 128;
    %fork TD_deit_accelerator_top_tb_dual.ckpt_a, S_0000023891cff7d0;
    %join;
    %pushi/vec4 0, 0, 1;
    %store/vec4 v00000238928ca730_0, 0, 1;
    %disable S_00000238928e8580;
T_11.54 ;
    %jmp T_11.52;
T_11.53 ;
    %pushi/vec4 1, 0, 1;
    %store/vec4 v00000238928ca730_0, 0, 1;
    %end;
    .scope S_00000238928e80d0;
t_13 %join;
    %end;
S_00000238928e8580 .scope begin, "WAIT_DMA" "WAIT_DMA" 3 154, 3 154 0, S_00000238928e80d0;
 .timescale -9 -12;
S_00000238928e9520 .scope task, "wait_for_done" "wait_for_done" 3 171, 3 171 0, S_00000238926c21d0;
 .timescale -9 -12;
v00000238928c9fb0_0 .var/i "cycles", 31 0;
TD_deit_accelerator_top_tb_dual.wait_for_done ;
    %fork t_16, S_00000238928ea650;
    %jmp t_15;
    .scope S_00000238928ea650;
t_16 ;
    %pushi/vec4 0, 0, 32;
    %store/vec4 v00000238928c9fb0_0, 0, 32;
T_12.56 ;
    %load/vec4 v00000238928e5850_0;
    %pad/u 32;
    %cmpi/e 0, 0, 32;
    %jmp/0xz T_12.57, 4;
    %wait E_00000238926eddd0;
    %load/vec4 v00000238928c9fb0_0;
    %addi 1, 0, 32;
    %store/vec4 v00000238928c9fb0_0, 0, 32;
    %load/vec4 v00000238928c9fb0_0;
    %cmpi/s 200000, 0, 32;
    %flag_or 5, 4; GT is !LE
    %flag_inv 5;
    %jmp/0xz  T_12.58, 5;
    %vpi_call/w 3 179 "$display", "[FAIL] Timeout waiting ap_done" {0 0 0};
    %pushi/vec4 0, 0, 32;
    %store/vec4 v000002389274a800_0, 0, 32;
    %pushi/vec4 0, 0, 32;
    %store/vec4 v000002389274a760_0, 0, 32;
    %pushi/vec4 0, 0, 32; draw_string_vec4
    %pushi/vec4 87, 0, 32; draw_string_vec4
    %concat/vec4; draw_string_vec4
    %pushi/vec4 1095324767, 0, 32; draw_string_vec4
    %concat/vec4; draw_string_vec4
    %pushi/vec4 1146048069, 0, 32; draw_string_vec4
    %concat/vec4; draw_string_vec4
    %store/vec4 v000002389274a9e0_0, 0, 128;
    %fork TD_deit_accelerator_top_tb_dual.ckpt_a, S_0000023891cff7d0;
    %join;
    %disable S_00000238928ea650;
T_12.58 ;
    %jmp T_12.56;
T_12.57 ;
    %end;
    .scope S_00000238928e9520;
t_15 %join;
    %end;
S_00000238928ea650 .scope begin, "WAIT_DONE" "WAIT_DONE" 3 173, 3 173 0, S_00000238928e9520;
 .timescale -9 -12;
S_00000238928ea1a0 .scope task, "wait_idle" "wait_idle" 3 135, 3 135 0, S_00000238926c21d0;
 .timescale -9 -12;
v00000238928c8750_0 .var/i "cycles", 31 0;
TD_deit_accelerator_top_tb_dual.wait_idle ;
    %fork t_18, S_00000238928ea7e0;
    %jmp t_17;
    .scope S_00000238928ea7e0;
t_18 ;
    %pushi/vec4 0, 0, 32;
    %store/vec4 v00000238928c8750_0, 0, 32;
T_13.60 ;
    %load/vec4 v00000238928cfaf0_0;
    %pad/u 32;
    %cmpi/ne 0, 0, 32;
    %jmp/0xz T_13.61, 4;
    %wait E_00000238926eddd0;
    %load/vec4 v00000238928c8750_0;
    %addi 1, 0, 32;
    %store/vec4 v00000238928c8750_0, 0, 32;
    %load/vec4 v00000238928c8750_0;
    %cmpi/s 200000, 0, 32;
    %flag_or 5, 4; GT is !LE
    %flag_inv 5;
    %jmp/0xz  T_13.62, 5;
    %vpi_call/w 3 143 "$display", "[FAIL] Timeout waiting IDLE" {0 0 0};
    %pushi/vec4 0, 0, 32;
    %store/vec4 v000002389274a800_0, 0, 32;
    %pushi/vec4 0, 0, 32;
    %store/vec4 v000002389274a760_0, 0, 32;
    %pushi/vec4 0, 0, 32; draw_string_vec4
    %pushi/vec4 87, 0, 32; draw_string_vec4
    %concat/vec4; draw_string_vec4
    %pushi/vec4 1095324767, 0, 32; draw_string_vec4
    %concat/vec4; draw_string_vec4
    %pushi/vec4 1229212741, 0, 32; draw_string_vec4
    %concat/vec4; draw_string_vec4
    %store/vec4 v000002389274a9e0_0, 0, 128;
    %fork TD_deit_accelerator_top_tb_dual.ckpt_a, S_0000023891cff7d0;
    %join;
    %disable S_00000238928ea7e0;
T_13.62 ;
    %jmp T_13.60;
T_13.61 ;
    %end;
    .scope S_00000238928ea1a0;
t_17 %join;
    %end;
S_00000238928ea7e0 .scope begin, "WAIT_IDLE" "WAIT_IDLE" 3 137, 3 137 0, S_00000238928ea1a0;
 .timescale -9 -12;
    .scope S_00000238927c8380;
T_14 ;
    %wait E_00000238926ed210;
    %load/vec4 v000002389274e900_0;
    %nor/r;
    %flag_set/vec4 8;
    %jmp/0xz  T_14.0, 8;
    %pushi/vec4 0, 0, 1;
    %assign/vec4 v000002389274e680_0, 0;
    %pushi/vec4 0, 0, 1;
    %assign/vec4 v000002389274c9c0_0, 0;
    %pushi/vec4 0, 0, 1;
    %assign/vec4 v000002389274d0a0_0, 0;
    %pushi/vec4 0, 0, 32;
    %assign/vec4 v000002389274d280_0, 0;
    %pushi/vec4 0, 0, 32;
    %assign/vec4 v000002389274d320_0, 0;
    %pushi/vec4 0, 0, 32;
    %assign/vec4 v000002389274cd80_0, 0;
    %pushi/vec4 0, 0, 32;
    %assign/vec4 v000002389274e180_0, 0;
    %pushi/vec4 0, 0, 32;
    %assign/vec4 v000002389274cba0_0, 0;
    %pushi/vec4 0, 0, 32;
    %assign/vec4 v000002389274ee00_0, 0;
    %pushi/vec4 0, 0, 1;
    %assign/vec4 v000002389274d6e0_0, 0;
    %pushi/vec4 0, 0, 32;
    %assign/vec4 v000002389274cf60_0, 0;
    %pushi/vec4 0, 0, 32;
    %assign/vec4 v000002389274daa0_0, 0;
    %pushi/vec4 0, 0, 32;
    %assign/vec4 v000002389274e040_0, 0;
    %pushi/vec4 0, 0, 32;
    %assign/vec4 v000002389274c880_0, 0;
    %pushi/vec4 0, 0, 32;
    %assign/vec4 v000002389274e7c0_0, 0;
    %pushi/vec4 0, 0, 32;
    %assign/vec4 v000002389274ce20_0, 0;
    %pushi/vec4 0, 0, 1;
    %assign/vec4 v000002389274dbe0_0, 0;
    %pushi/vec4 0, 0, 1;
    %assign/vec4 v000002389274da00_0, 0;
    %jmp T_14.1;
T_14.0 ;
    %load/vec4 v000002389274d6e0_0;
    %flag_set/vec4 8;
    %jmp/0xz  T_14.2, 8;
    %pushi/vec4 0, 0, 1;
    %assign/vec4 v000002389274d6e0_0, 0;
T_14.2 ;
    %load/vec4 v000002389274dbe0_0;
    %flag_set/vec4 8;
    %jmp/0xz  T_14.4, 8;
    %pushi/vec4 0, 0, 1;
    %assign/vec4 v000002389274dbe0_0, 0;
T_14.4 ;
    %load/vec4 v000002389274da00_0;
    %flag_set/vec4 8;
    %jmp/0xz  T_14.6, 8;
    %pushi/vec4 0, 0, 1;
    %assign/vec4 v000002389274da00_0, 0;
T_14.6 ;
    %pushi/vec4 0, 0, 1;
    %assign/vec4 v000002389274e680_0, 0;
    %pushi/vec4 0, 0, 1;
    %assign/vec4 v000002389274c9c0_0, 0;
    %load/vec4 v000002389274e680_0;
    %nor/r;
    %flag_set/vec4 11;
    %flag_get/vec4 11;
    %jmp/0 T_14.12, 11;
    %load/vec4 v000002389274c9c0_0;
    %nor/r;
    %and;
T_14.12;
    %flag_set/vec4 10;
    %flag_get/vec4 10;
    %jmp/0 T_14.11, 10;
    %load/vec4 v000002389274d000_0;
    %and;
T_14.11;
    %flag_set/vec4 9;
    %flag_get/vec4 9;
    %jmp/0 T_14.10, 9;
    %load/vec4 v000002389274e360_0;
    %and;
T_14.10;
    %flag_set/vec4 8;
    %jmp/0xz  T_14.8, 8;
    %pushi/vec4 1, 0, 1;
    %assign/vec4 v000002389274e680_0, 0;
    %pushi/vec4 1, 0, 1;
    %assign/vec4 v000002389274c9c0_0, 0;
    %load/vec4 v000002389274e9a0_0;
    %parti/s 4, 2, 3;
    %dup/vec4;
    %pushi/vec4 0, 0, 4;
    %cmp/u;
    %jmp/1 T_14.13, 6;
    %dup/vec4;
    %pushi/vec4 1, 0, 4;
    %cmp/u;
    %jmp/1 T_14.14, 6;
    %dup/vec4;
    %pushi/vec4 2, 0, 4;
    %cmp/u;
    %jmp/1 T_14.15, 6;
    %dup/vec4;
    %pushi/vec4 3, 0, 4;
    %cmp/u;
    %jmp/1 T_14.16, 6;
    %dup/vec4;
    %pushi/vec4 5, 0, 4;
    %cmp/u;
    %jmp/1 T_14.17, 6;
    %dup/vec4;
    %pushi/vec4 6, 0, 4;
    %cmp/u;
    %jmp/1 T_14.18, 6;
    %dup/vec4;
    %pushi/vec4 7, 0, 4;
    %cmp/u;
    %jmp/1 T_14.19, 6;
    %dup/vec4;
    %pushi/vec4 8, 0, 4;
    %cmp/u;
    %jmp/1 T_14.20, 6;
    %dup/vec4;
    %pushi/vec4 9, 0, 4;
    %cmp/u;
    %jmp/1 T_14.21, 6;
    %dup/vec4;
    %pushi/vec4 10, 0, 4;
    %cmp/u;
    %jmp/1 T_14.22, 6;
    %dup/vec4;
    %pushi/vec4 11, 0, 4;
    %cmp/u;
    %jmp/1 T_14.23, 6;
    %jmp T_14.24;
T_14.13 ;
    %load/vec4 v000002389274d820_0;
    %parti/s 1, 0, 2;
    %flag_set/vec4 8;
    %jmp/0xz  T_14.25, 8;
    %load/vec4 v000002389274dc80_0;
    %parti/s 1, 0, 2;
    %flag_set/vec4 8;
    %jmp/0xz  T_14.27, 8;
    %pushi/vec4 1, 0, 1;
    %assign/vec4 v000002389274d6e0_0, 0;
T_14.27 ;
    %load/vec4 v000002389274dc80_0;
    %parti/s 1, 1, 2;
    %ix/load 4, 1, 0;
    %ix/load 5, 0, 0;
    %flag_set/imm 4, 0;
    %assign/vec4/off/d v000002389274d280_0, 4, 5;
T_14.25 ;
    %jmp T_14.24;
T_14.14 ;
    %jmp T_14.24;
T_14.15 ;
    %load/vec4 v000002389274d820_0;
    %parti/s 1, 0, 2;
    %flag_set/vec4 8;
    %jmp/0xz  T_14.29, 8;
    %load/vec4 v000002389274dc80_0;
    %assign/vec4 v000002389274d320_0, 0;
T_14.29 ;
    %jmp T_14.24;
T_14.16 ;
    %load/vec4 v000002389274d820_0;
    %parti/s 1, 0, 2;
    %flag_set/vec4 8;
    %jmp/0xz  T_14.31, 8;
    %load/vec4 v000002389274dc80_0;
    %assign/vec4 v000002389274cd80_0, 0;
T_14.31 ;
    %jmp T_14.24;
T_14.17 ;
    %load/vec4 v000002389274d820_0;
    %parti/s 1, 0, 2;
    %flag_set/vec4 8;
    %jmp/0xz  T_14.33, 8;
    %load/vec4 v000002389274dc80_0;
    %assign/vec4 v000002389274e180_0, 0;
T_14.33 ;
    %jmp T_14.24;
T_14.18 ;
    %load/vec4 v000002389274d820_0;
    %parti/s 1, 0, 2;
    %flag_set/vec4 8;
    %jmp/0xz  T_14.35, 8;
    %load/vec4 v000002389274dc80_0;
    %assign/vec4 v000002389274cba0_0, 0;
T_14.35 ;
    %jmp T_14.24;
T_14.19 ;
    %load/vec4 v000002389274d820_0;
    %parti/s 1, 0, 2;
    %flag_set/vec4 8;
    %jmp/0xz  T_14.37, 8;
    %load/vec4 v000002389274dc80_0;
    %assign/vec4 v000002389274ee00_0, 0;
T_14.37 ;
    %jmp T_14.24;
T_14.20 ;
    %load/vec4 v000002389274d820_0;
    %parti/s 1, 0, 2;
    %flag_set/vec4 8;
    %jmp/0xz  T_14.39, 8;
    %load/vec4 v000002389274dc80_0;
    %assign/vec4 v000002389274cf60_0, 0;
T_14.39 ;
    %jmp T_14.24;
T_14.21 ;
    %load/vec4 v000002389274d820_0;
    %parti/s 1, 0, 2;
    %flag_set/vec4 8;
    %jmp/0xz  T_14.41, 8;
    %load/vec4 v000002389274dc80_0;
    %assign/vec4 v000002389274daa0_0, 0;
T_14.41 ;
    %jmp T_14.24;
T_14.22 ;
    %load/vec4 v000002389274d820_0;
    %parti/s 1, 0, 2;
    %flag_set/vec4 9;
    %flag_get/vec4 9;
    %jmp/0 T_14.45, 9;
    %load/vec4 v000002389274dc80_0;
    %parti/s 1, 0, 2;
    %and;
T_14.45;
    %flag_set/vec4 8;
    %jmp/0xz  T_14.43, 8;
    %pushi/vec4 1, 0, 1;
    %assign/vec4 v000002389274dbe0_0, 0;
    %load/vec4 v000002389274b2a0_0;
    %assign/vec4 v000002389274e040_0, 0;
    %load/vec4 v000002389274efe0_0;
    %assign/vec4 v000002389274c880_0, 0;
    %load/vec4 v000002389274ca60_0;
    %assign/vec4 v000002389274e7c0_0, 0;
    %load/vec4 v000002389274ed60_0;
    %assign/vec4 v000002389274ce20_0, 0;
T_14.43 ;
    %jmp T_14.24;
T_14.23 ;
    %load/vec4 v000002389274d820_0;
    %parti/s 1, 0, 2;
    %flag_set/vec4 9;
    %flag_get/vec4 9;
    %jmp/0 T_14.48, 9;
    %load/vec4 v000002389274dc80_0;
    %parti/s 1, 0, 2;
    %and;
T_14.48;
    %flag_set/vec4 8;
    %jmp/0xz  T_14.46, 8;
    %pushi/vec4 1, 0, 1;
    %assign/vec4 v000002389274da00_0, 0;
T_14.46 ;
    %jmp T_14.24;
T_14.24 ;
    %pop/vec4 1;
T_14.8 ;
    %load/vec4 v000002389274e680_0;
    %flag_set/vec4 9;
    %flag_get/vec4 9;
    %jmp/0 T_14.51, 9;
    %load/vec4 v000002389274c9c0_0;
    %and;
T_14.51;
    %flag_set/vec4 8;
    %jmp/0xz  T_14.49, 8;
    %pushi/vec4 1, 0, 1;
    %assign/vec4 v000002389274d0a0_0, 0;
    %jmp T_14.50;
T_14.49 ;
    %load/vec4 v000002389274e860_0;
    %flag_set/vec4 9;
    %flag_get/vec4 9;
    %jmp/0 T_14.54, 9;
    %load/vec4 v000002389274d0a0_0;
    %and;
T_14.54;
    %flag_set/vec4 8;
    %jmp/0xz  T_14.52, 8;
    %pushi/vec4 0, 0, 1;
    %assign/vec4 v000002389274d0a0_0, 0;
T_14.52 ;
T_14.50 ;
T_14.1 ;
    %jmp T_14;
    .thread T_14;
    .scope S_00000238927c8380;
T_15 ;
    %wait E_00000238926ed210;
    %load/vec4 v000002389274e900_0;
    %nor/r;
    %flag_set/vec4 8;
    %jmp/0xz  T_15.0, 8;
    %pushi/vec4 0, 0, 32;
    %assign/vec4 v000002389274ea40_0, 0;
    %jmp T_15.1;
T_15.0 ;
    %load/vec4 v000002389274b200_0;
    %ix/load 4, 1, 0;
    %ix/load 5, 0, 0;
    %flag_set/imm 4, 0;
    %assign/vec4/off/d v000002389274ea40_0, 4, 5;
    %load/vec4 v000002389274b020_0;
    %flag_set/vec4 8;
    %jmp/0xz  T_15.2, 8;
    %pushi/vec4 1, 0, 1;
    %ix/load 4, 0, 0;
    %ix/load 5, 0, 0;
    %flag_set/imm 4, 0;
    %assign/vec4/off/d v000002389274ea40_0, 4, 5;
    %jmp T_15.3;
T_15.2 ;
    %load/vec4 v000002389274e680_0;
    %flag_set/vec4 11;
    %flag_get/vec4 11;
    %jmp/0 T_15.8, 11;
    %load/vec4 v000002389274e360_0;
    %and;
T_15.8;
    %flag_set/vec4 10;
    %flag_get/vec4 10;
    %jmp/0 T_15.7, 10;
    %load/vec4 v000002389274e9a0_0;
    %parti/s 3, 2, 3;
    %pushi/vec4 1, 0, 3;
    %cmp/e;
    %flag_get/vec4 4;
    %and;
T_15.7;
    %flag_set/vec4 9;
    %flag_get/vec4 9;
    %jmp/0 T_15.6, 9;
    %load/vec4 v000002389274dc80_0;
    %parti/s 1, 0, 2;
    %and;
T_15.6;
    %flag_set/vec4 8;
    %jmp/0xz  T_15.4, 8;
    %pushi/vec4 0, 0, 1;
    %ix/load 4, 0, 0;
    %ix/load 5, 0, 0;
    %flag_set/imm 4, 0;
    %assign/vec4/off/d v000002389274ea40_0, 4, 5;
T_15.4 ;
T_15.3 ;
T_15.1 ;
    %jmp T_15;
    .thread T_15;
    .scope S_00000238927c8380;
T_16 ;
    %wait E_00000238926ed210;
    %load/vec4 v000002389274e900_0;
    %nor/r;
    %flag_set/vec4 8;
    %jmp/0xz  T_16.0, 8;
    %pushi/vec4 0, 0, 1;
    %assign/vec4 v000002389274ec20_0, 0;
    %pushi/vec4 0, 0, 1;
    %assign/vec4 v000002389274cb00_0, 0;
    %pushi/vec4 0, 0, 32;
    %assign/vec4 v000002389274d3c0_0, 0;
    %jmp T_16.1;
T_16.0 ;
    %load/vec4 v000002389274ec20_0;
    %nor/r;
    %flag_set/vec4 9;
    %flag_get/vec4 9;
    %jmp/0 T_16.4, 9;
    %load/vec4 v000002389274db40_0;
    %and;
T_16.4;
    %flag_set/vec4 8;
    %jmp/0xz  T_16.2, 8;
    %pushi/vec4 1, 0, 1;
    %assign/vec4 v000002389274ec20_0, 0;
    %load/vec4 v000002389274d500_0;
    %parti/s 4, 2, 3;
    %dup/vec4;
    %pushi/vec4 0, 0, 4;
    %cmp/u;
    %jmp/1 T_16.5, 6;
    %dup/vec4;
    %pushi/vec4 1, 0, 4;
    %cmp/u;
    %jmp/1 T_16.6, 6;
    %dup/vec4;
    %pushi/vec4 2, 0, 4;
    %cmp/u;
    %jmp/1 T_16.7, 6;
    %dup/vec4;
    %pushi/vec4 3, 0, 4;
    %cmp/u;
    %jmp/1 T_16.8, 6;
    %dup/vec4;
    %pushi/vec4 4, 0, 4;
    %cmp/u;
    %jmp/1 T_16.9, 6;
    %dup/vec4;
    %pushi/vec4 5, 0, 4;
    %cmp/u;
    %jmp/1 T_16.10, 6;
    %dup/vec4;
    %pushi/vec4 6, 0, 4;
    %cmp/u;
    %jmp/1 T_16.11, 6;
    %dup/vec4;
    %pushi/vec4 7, 0, 4;
    %cmp/u;
    %jmp/1 T_16.12, 6;
    %dup/vec4;
    %pushi/vec4 8, 0, 4;
    %cmp/u;
    %jmp/1 T_16.13, 6;
    %dup/vec4;
    %pushi/vec4 9, 0, 4;
    %cmp/u;
    %jmp/1 T_16.14, 6;
    %dup/vec4;
    %pushi/vec4 10, 0, 4;
    %cmp/u;
    %jmp/1 T_16.15, 6;
    %dup/vec4;
    %pushi/vec4 11, 0, 4;
    %cmp/u;
    %jmp/1 T_16.16, 6;
    %dup/vec4;
    %pushi/vec4 12, 0, 4;
    %cmp/u;
    %jmp/1 T_16.17, 6;
    %dup/vec4;
    %pushi/vec4 13, 0, 4;
    %cmp/u;
    %jmp/1 T_16.18, 6;
    %dup/vec4;
    %pushi/vec4 14, 0, 4;
    %cmp/u;
    %jmp/1 T_16.19, 6;
    %dup/vec4;
    %pushi/vec4 15, 0, 4;
    %cmp/u;
    %jmp/1 T_16.20, 6;
    %pushi/vec4 0, 0, 32;
    %assign/vec4 v000002389274d3c0_0, 0;
    %jmp T_16.22;
T_16.5 ;
    %load/vec4 v000002389274d280_0;
    %assign/vec4 v000002389274d3c0_0, 0;
    %jmp T_16.22;
T_16.6 ;
    %load/vec4 v000002389274ea40_0;
    %assign/vec4 v000002389274d3c0_0, 0;
    %jmp T_16.22;
T_16.7 ;
    %load/vec4 v000002389274d320_0;
    %assign/vec4 v000002389274d3c0_0, 0;
    %jmp T_16.22;
T_16.8 ;
    %load/vec4 v000002389274cd80_0;
    %assign/vec4 v000002389274d3c0_0, 0;
    %jmp T_16.22;
T_16.9 ;
    %pushi/vec4 539361559, 0, 32;
    %assign/vec4 v000002389274d3c0_0, 0;
    %jmp T_16.22;
T_16.10 ;
    %load/vec4 v000002389274e180_0;
    %assign/vec4 v000002389274d3c0_0, 0;
    %jmp T_16.22;
T_16.11 ;
    %load/vec4 v000002389274cba0_0;
    %assign/vec4 v000002389274d3c0_0, 0;
    %jmp T_16.22;
T_16.12 ;
    %load/vec4 v000002389274ee00_0;
    %assign/vec4 v000002389274d3c0_0, 0;
    %jmp T_16.22;
T_16.13 ;
    %load/vec4 v000002389274cf60_0;
    %assign/vec4 v000002389274d3c0_0, 0;
    %jmp T_16.22;
T_16.14 ;
    %load/vec4 v000002389274daa0_0;
    %assign/vec4 v000002389274d3c0_0, 0;
    %jmp T_16.22;
T_16.15 ;
    %pushi/vec4 0, 0, 32;
    %assign/vec4 v000002389274d3c0_0, 0;
    %jmp T_16.22;
T_16.16 ;
    %pushi/vec4 0, 0, 32;
    %assign/vec4 v000002389274d3c0_0, 0;
    %jmp T_16.22;
T_16.17 ;
    %load/vec4 v000002389274e040_0;
    %assign/vec4 v000002389274d3c0_0, 0;
    %jmp T_16.22;
T_16.18 ;
    %load/vec4 v000002389274c880_0;
    %assign/vec4 v000002389274d3c0_0, 0;
    %jmp T_16.22;
T_16.19 ;
    %load/vec4 v000002389274e7c0_0;
    %assign/vec4 v000002389274d3c0_0, 0;
    %jmp T_16.22;
T_16.20 ;
    %load/vec4 v000002389274ce20_0;
    %assign/vec4 v000002389274d3c0_0, 0;
    %jmp T_16.22;
T_16.22 ;
    %pop/vec4 1;
    %jmp T_16.3;
T_16.2 ;
    %pushi/vec4 0, 0, 1;
    %assign/vec4 v000002389274ec20_0, 0;
T_16.3 ;
    %load/vec4 v000002389274ec20_0;
    %flag_set/vec4 9;
    %flag_get/vec4 9;
    %jmp/0 T_16.25, 9;
    %load/vec4 v000002389274db40_0;
    %and;
T_16.25;
    %flag_set/vec4 8;
    %jmp/0xz  T_16.23, 8;
    %pushi/vec4 1, 0, 1;
    %assign/vec4 v000002389274cb00_0, 0;
    %jmp T_16.24;
T_16.23 ;
    %load/vec4 v000002389274ecc0_0;
    %flag_set/vec4 9;
    %flag_get/vec4 9;
    %jmp/0 T_16.28, 9;
    %load/vec4 v000002389274cb00_0;
    %and;
T_16.28;
    %flag_set/vec4 8;
    %jmp/0xz  T_16.26, 8;
    %pushi/vec4 0, 0, 1;
    %assign/vec4 v000002389274cb00_0, 0;
T_16.26 ;
T_16.24 ;
T_16.1 ;
    %jmp T_16;
    .thread T_16;
    .scope S_00000238928c3f50;
T_17 ;
    %wait E_00000238926ed750;
    %load/vec4 v00000238928d3790_0;
    %nor/r;
    %flag_set/vec4 8;
    %jmp/0xz  T_17.0, 8;
    %pushi/vec4 0, 0, 1;
    %assign/vec4 v00000238928d2110_0, 0;
    %jmp T_17.1;
T_17.0 ;
    %load/vec4 v00000238928d30b0_0;
    %flag_set/vec4 8;
    %jmp/0xz  T_17.2, 8;
    %load/vec4 v00000238928d2110_0;
    %inv;
    %assign/vec4 v00000238928d2110_0, 0;
T_17.2 ;
T_17.1 ;
    %jmp T_17;
    .thread T_17;
    .scope S_00000238928c3f50;
T_18 ;
    %wait E_00000238926ed750;
    %load/vec4 v00000238928d3790_0;
    %nor/r;
    %flag_set/vec4 8;
    %jmp/0xz  T_18.0, 8;
    %pushi/vec4 0, 0, 2;
    %assign/vec4 v00000238928d2250_0, 0;
    %pushi/vec4 0, 0, 8;
    %assign/vec4 v00000238928d4d70_0, 0;
    %pushi/vec4 0, 0, 8;
    %assign/vec4 v00000238928d5770_0, 0;
    %pushi/vec4 0, 0, 1;
    %assign/vec4 v00000238928d35b0_0, 0;
    %pushi/vec4 0, 0, 96;
    %assign/vec4 v00000238928d38d0_0, 0;
    %pushi/vec4 0, 0, 64;
    %assign/vec4 v00000238928d62b0_0, 0;
    %jmp T_18.1;
T_18.0 ;
    %pushi/vec4 0, 0, 1;
    %assign/vec4 v00000238928d35b0_0, 0;
    %load/vec4 v00000238928d30b0_0;
    %flag_set/vec4 8;
    %jmp/0xz  T_18.2, 8;
    %pushi/vec4 0, 0, 8;
    %assign/vec4 v00000238928d4d70_0, 0;
    %pushi/vec4 0, 0, 2;
    %assign/vec4 v00000238928d2250_0, 0;
    %jmp T_18.3;
T_18.2 ;
    %load/vec4 v00000238928d4eb0_0;
    %flag_set/vec4 8;
    %jmp/0xz  T_18.4, 8;
    %load/vec4 v00000238928d2250_0;
    %dup/vec4;
    %pushi/vec4 0, 0, 2;
    %cmp/u;
    %jmp/1 T_18.6, 6;
    %dup/vec4;
    %pushi/vec4 1, 0, 2;
    %cmp/u;
    %jmp/1 T_18.7, 6;
    %dup/vec4;
    %pushi/vec4 2, 0, 2;
    %cmp/u;
    %jmp/1 T_18.8, 6;
    %jmp T_18.9;
T_18.6 ;
    %load/vec4 v00000238928d6490_0;
    %assign/vec4 v00000238928d62b0_0, 0;
    %pushi/vec4 1, 0, 2;
    %assign/vec4 v00000238928d2250_0, 0;
    %jmp T_18.9;
T_18.7 ;
    %load/vec4 v00000238928d6490_0;
    %parti/s 32, 0, 2;
    %load/vec4 v00000238928d62b0_0;
    %concat/vec4; draw_concat_vec4
    %assign/vec4 v00000238928d38d0_0, 0;
    %pushi/vec4 1, 0, 1;
    %assign/vec4 v00000238928d35b0_0, 0;
    %load/vec4 v00000238928d4d70_0;
    %assign/vec4 v00000238928d5770_0, 0;
    %load/vec4 v00000238928d4d70_0;
    %addi 1, 0, 8;
    %assign/vec4 v00000238928d4d70_0, 0;
    %load/vec4 v00000238928d6490_0;
    %parti/s 32, 32, 7;
    %ix/load 4, 0, 0;
    %ix/load 5, 0, 0;
    %flag_set/imm 4, 0;
    %assign/vec4/off/d v00000238928d62b0_0, 4, 5;
    %pushi/vec4 2, 0, 2;
    %assign/vec4 v00000238928d2250_0, 0;
    %jmp T_18.9;
T_18.8 ;
    %load/vec4 v00000238928d6490_0;
    %load/vec4 v00000238928d62b0_0;
    %parti/s 32, 0, 2;
    %concat/vec4; draw_concat_vec4
    %assign/vec4 v00000238928d38d0_0, 0;
    %pushi/vec4 1, 0, 1;
    %assign/vec4 v00000238928d35b0_0, 0;
    %load/vec4 v00000238928d4d70_0;
    %assign/vec4 v00000238928d5770_0, 0;
    %load/vec4 v00000238928d4d70_0;
    %addi 1, 0, 8;
    %assign/vec4 v00000238928d4d70_0, 0;
    %pushi/vec4 0, 0, 2;
    %assign/vec4 v00000238928d2250_0, 0;
    %jmp T_18.9;
T_18.9 ;
    %pop/vec4 1;
T_18.4 ;
T_18.3 ;
T_18.1 ;
    %jmp T_18;
    .thread T_18;
    .scope S_00000238928c3f50;
T_19 ;
    %pushi/vec4 0, 0, 32;
    %store/vec4 v00000238928d2430_0, 0, 32;
T_19.0 ;
    %load/vec4 v00000238928d2430_0;
    %cmpi/s 512, 0, 32;
    %jmp/0xz T_19.1, 5;
    %pushi/vec4 0, 0, 96;
    %ix/getv/s 4, v00000238928d2430_0;
    %store/vec4a v00000238928d3470, 4, 0;
    %load/vec4 v00000238928d2430_0;
    %addi 1, 0, 32;
    %store/vec4 v00000238928d2430_0, 0, 32;
    %jmp T_19.0;
T_19.1 ;
    %end;
    .thread T_19;
    .scope S_00000238928c3f50;
T_20 ;
    %wait E_00000238926eddd0;
    %load/vec4 v00000238928d35b0_0;
    %flag_set/vec4 8;
    %jmp/0xz  T_20.0, 8;
    %load/vec4 v00000238928d38d0_0;
    %load/vec4 v00000238928d2390_0;
    %pad/u 11;
    %ix/vec4 3;
    %ix/load 4, 0, 0; Constant delay
    %assign/vec4/a/d v00000238928d3470, 0, 4;
T_20.0 ;
    %jmp T_20;
    .thread T_20;
    .scope S_00000238928c3f50;
T_21 ;
    %wait E_00000238926ed750;
    %load/vec4 v00000238928d3790_0;
    %nor/r;
    %flag_set/vec4 8;
    %jmp/0xz  T_21.0, 8;
    %pushi/vec4 0, 0, 8;
    %assign/vec4 v00000238928d3650_0, 0;
    %jmp T_21.1;
T_21.0 ;
    %load/vec4 v00000238928d30b0_0;
    %flag_set/vec4 8;
    %jmp/0xz  T_21.2, 8;
    %pushi/vec4 0, 0, 8;
    %assign/vec4 v00000238928d3650_0, 0;
    %jmp T_21.3;
T_21.2 ;
    %load/vec4 v00000238928d33d0_0;
    %flag_set/vec4 8;
    %jmp/0xz  T_21.4, 8;
    %load/vec4 v00000238928d3650_0;
    %addi 1, 0, 8;
    %assign/vec4 v00000238928d3650_0, 0;
    %jmp T_21.5;
T_21.4 ;
    %load/vec4 v00000238928d2c50_0;
    %nor/r;
    %flag_set/vec4 8;
    %jmp/0xz  T_21.6, 8;
    %pushi/vec4 0, 0, 8;
    %assign/vec4 v00000238928d3650_0, 0;
T_21.6 ;
T_21.5 ;
T_21.3 ;
T_21.1 ;
    %jmp T_21;
    .thread T_21;
    .scope S_00000238928c3f50;
T_22 ;
    %wait E_00000238926eddd0;
    %load/vec4 v00000238928d2b10_0;
    %pad/u 11;
    %ix/vec4 4;
    %load/vec4a v00000238928d3470, 4;
    %assign/vec4 v00000238928d3510_0, 0;
    %jmp T_22;
    .thread T_22;
    .scope S_00000238928c3f50;
T_23 ;
    %wait E_00000238926ed750;
    %load/vec4 v00000238928d3790_0;
    %nor/r;
    %flag_set/vec4 8;
    %jmp/0xz  T_23.0, 8;
    %pushi/vec4 0, 0, 1;
    %assign/vec4 v00000238928d6d50_0, 0;
    %pushi/vec4 0, 0, 1;
    %assign/vec4 v00000238928d33d0_0, 0;
    %jmp T_23.1;
T_23.0 ;
    %load/vec4 v00000238928d30b0_0;
    %flag_set/vec4 8;
    %jmp/0xz  T_23.2, 8;
    %pushi/vec4 0, 0, 1;
    %assign/vec4 v00000238928d6d50_0, 0;
    %pushi/vec4 0, 0, 1;
    %assign/vec4 v00000238928d33d0_0, 0;
    %jmp T_23.3;
T_23.2 ;
    %load/vec4 v00000238928d2c50_0;
    %assign/vec4 v00000238928d6d50_0, 0;
    %load/vec4 v00000238928d6d50_0;
    %assign/vec4 v00000238928d33d0_0, 0;
T_23.3 ;
T_23.1 ;
    %jmp T_23;
    .thread T_23;
    .scope S_00000238928e8bc0;
T_24 ;
    %wait E_00000238926ed750;
    %load/vec4 v00000238928e3ff0_0;
    %nor/r;
    %flag_set/vec4 8;
    %jmp/0xz  T_24.0, 8;
    %pushi/vec4 0, 0, 1;
    %assign/vec4 v00000238928e1ed0_0, 0;
    %jmp T_24.1;
T_24.0 ;
    %load/vec4 v00000238928e1bb0_0;
    %flag_set/vec4 8;
    %jmp/0xz  T_24.2, 8;
    %load/vec4 v00000238928e1ed0_0;
    %inv;
    %assign/vec4 v00000238928e1ed0_0, 0;
T_24.2 ;
T_24.1 ;
    %jmp T_24;
    .thread T_24;
    .scope S_00000238928e8bc0;
T_25 ;
    %wait E_00000238926ed750;
    %load/vec4 v00000238928e3ff0_0;
    %nor/r;
    %flag_set/vec4 8;
    %jmp/0xz  T_25.0, 8;
    %pushi/vec4 0, 0, 1;
    %assign/vec4 v00000238928e1a70_0, 0;
    %pushi/vec4 0, 0, 64;
    %assign/vec4 v00000238928e5990_0, 0;
    %pushi/vec4 0, 0, 1;
    %assign/vec4 v00000238928e4ef0_0, 0;
    %pushi/vec4 0, 0, 128;
    %assign/vec4 v00000238928e5530_0, 0;
    %pushi/vec4 0, 0, 4;
    %assign/vec4 v00000238928e50d0_0, 0;
    %pushi/vec4 0, 0, 4;
    %assign/vec4 v00000238928e3eb0_0, 0;
    %jmp T_25.1;
T_25.0 ;
    %pushi/vec4 0, 0, 1;
    %assign/vec4 v00000238928e4ef0_0, 0;
    %load/vec4 v00000238928e1bb0_0;
    %flag_set/vec4 8;
    %jmp/0xz  T_25.2, 8;
    %pushi/vec4 0, 0, 4;
    %assign/vec4 v00000238928e50d0_0, 0;
    %pushi/vec4 0, 0, 1;
    %assign/vec4 v00000238928e1a70_0, 0;
    %jmp T_25.3;
T_25.2 ;
    %load/vec4 v00000238928e4090_0;
    %flag_set/vec4 8;
    %jmp/0xz  T_25.4, 8;
    %load/vec4 v00000238928e1a70_0;
    %pad/u 32;
    %cmpi/e 0, 0, 32;
    %jmp/0xz  T_25.6, 4;
    %load/vec4 v00000238928e4450_0;
    %assign/vec4 v00000238928e5990_0, 0;
    %pushi/vec4 1, 0, 1;
    %assign/vec4 v00000238928e1a70_0, 0;
    %jmp T_25.7;
T_25.6 ;
    %load/vec4 v00000238928e4450_0;
    %load/vec4 v00000238928e5990_0;
    %concat/vec4; draw_concat_vec4
    %assign/vec4 v00000238928e5530_0, 0;
    %pushi/vec4 1, 0, 1;
    %assign/vec4 v00000238928e4ef0_0, 0;
    %load/vec4 v00000238928e50d0_0;
    %assign/vec4 v00000238928e3eb0_0, 0;
    %load/vec4 v00000238928e50d0_0;
    %addi 1, 0, 4;
    %assign/vec4 v00000238928e50d0_0, 0;
    %pushi/vec4 0, 0, 1;
    %assign/vec4 v00000238928e1a70_0, 0;
T_25.7 ;
T_25.4 ;
T_25.3 ;
T_25.1 ;
    %jmp T_25;
    .thread T_25;
    .scope S_00000238928e8bc0;
T_26 ;
    %pushi/vec4 0, 0, 32;
    %store/vec4 v00000238928e1b10_0, 0, 32;
T_26.0 ;
    %load/vec4 v00000238928e1b10_0;
    %cmpi/s 32, 0, 32;
    %jmp/0xz T_26.1, 5;
    %pushi/vec4 0, 0, 128;
    %ix/getv/s 4, v00000238928e1b10_0;
    %store/vec4a v00000238928e5030, 4, 0;
    %load/vec4 v00000238928e1b10_0;
    %addi 1, 0, 32;
    %store/vec4 v00000238928e1b10_0, 0, 32;
    %jmp T_26.0;
T_26.1 ;
    %end;
    .thread T_26;
    .scope S_00000238928e8bc0;
T_27 ;
    %wait E_00000238926eddd0;
    %load/vec4 v00000238928e4ef0_0;
    %flag_set/vec4 8;
    %jmp/0xz  T_27.0, 8;
    %load/vec4 v00000238928e5530_0;
    %load/vec4 v00000238928e1430_0;
    %pad/u 7;
    %ix/vec4 3;
    %ix/load 4, 0, 0; Constant delay
    %assign/vec4/a/d v00000238928e5030, 0, 4;
T_27.0 ;
    %jmp T_27;
    .thread T_27;
    .scope S_00000238928e8bc0;
T_28 ;
    %wait E_00000238926ed750;
    %load/vec4 v00000238928e3ff0_0;
    %nor/r;
    %flag_set/vec4 8;
    %jmp/0xz  T_28.0, 8;
    %pushi/vec4 0, 0, 4;
    %assign/vec4 v00000238928e3d70_0, 0;
    %jmp T_28.1;
T_28.0 ;
    %load/vec4 v00000238928e2290_0;
    %flag_set/vec4 8;
    %jmp/0xz  T_28.2, 8;
    %load/vec4 v00000238928e3d70_0;
    %addi 1, 0, 4;
    %assign/vec4 v00000238928e3d70_0, 0;
    %jmp T_28.3;
T_28.2 ;
    %load/vec4 v00000238928e1cf0_0;
    %nor/r;
    %flag_set/vec4 8;
    %jmp/0xz  T_28.4, 8;
    %pushi/vec4 0, 0, 4;
    %assign/vec4 v00000238928e3d70_0, 0;
T_28.4 ;
T_28.3 ;
T_28.1 ;
    %jmp T_28;
    .thread T_28;
    .scope S_00000238928e8bc0;
T_29 ;
    %wait E_00000238926eddd0;
    %load/vec4 v00000238928e19d0_0;
    %pad/u 7;
    %ix/vec4 4;
    %load/vec4a v00000238928e5030, 4;
    %assign/vec4 v00000238928e3af0_0, 0;
    %jmp T_29;
    .thread T_29;
    .scope S_00000238928e8bc0;
T_30 ;
    %wait E_00000238926ed750;
    %load/vec4 v00000238928e3ff0_0;
    %nor/r;
    %flag_set/vec4 8;
    %jmp/0xz  T_30.0, 8;
    %pushi/vec4 0, 0, 1;
    %assign/vec4 v00000238928e2290_0, 0;
    %pushi/vec4 0, 0, 1;
    %assign/vec4 v00000238928e2510_0, 0;
    %jmp T_30.1;
T_30.0 ;
    %load/vec4 v00000238928e1cf0_0;
    %assign/vec4 v00000238928e2510_0, 0;
    %load/vec4 v00000238928e2510_0;
    %assign/vec4 v00000238928e2290_0, 0;
T_30.1 ;
    %jmp T_30;
    .thread T_30;
    .scope S_00000238927c89c0;
T_31 ;
    %wait E_00000238926ed750;
    %load/vec4 v00000238928d31f0_0;
    %nor/r;
    %flag_set/vec4 8;
    %jmp/0xz  T_31.0, 8;
    %pushi/vec4 0, 0, 8;
    %assign/vec4 v000002389274d960_0, 0;
    %jmp T_31.1;
T_31.0 ;
    %load/vec4 v00000238928d3d30_0;
    %parti/s 8, 8, 5;
    %assign/vec4 v000002389274d960_0, 0;
T_31.1 ;
    %jmp T_31;
    .thread T_31;
    .scope S_00000238927c9520;
T_32 ;
    %wait E_00000238926ed750;
    %load/vec4 v00000238928d31f0_0;
    %nor/r;
    %flag_set/vec4 8;
    %jmp/0xz  T_32.0, 8;
    %pushi/vec4 0, 0, 16;
    %assign/vec4 v000002389274d5a0_0, 0;
    %jmp T_32.1;
T_32.0 ;
    %load/vec4 v000002389274d5a0_0;
    %parti/s 8, 0, 2;
    %load/vec4 v00000238928d3d30_0;
    %parti/s 8, 16, 6;
    %concat/vec4; draw_concat_vec4
    %assign/vec4 v000002389274d5a0_0, 0;
T_32.1 ;
    %jmp T_32;
    .thread T_32;
    .scope S_00000238927ca1a0;
T_33 ;
    %wait E_00000238926ed750;
    %load/vec4 v00000238928d31f0_0;
    %nor/r;
    %flag_set/vec4 8;
    %jmp/0xz  T_33.0, 8;
    %pushi/vec4 0, 0, 24;
    %assign/vec4 v000002389274eea0_0, 0;
    %jmp T_33.1;
T_33.0 ;
    %load/vec4 v000002389274eea0_0;
    %parti/s 16, 0, 2;
    %load/vec4 v00000238928d3d30_0;
    %parti/s 8, 24, 6;
    %concat/vec4; draw_concat_vec4
    %assign/vec4 v000002389274eea0_0, 0;
T_33.1 ;
    %jmp T_33;
    .thread T_33;
    .scope S_00000238927c9200;
T_34 ;
    %wait E_00000238926ed750;
    %load/vec4 v00000238928d31f0_0;
    %nor/r;
    %flag_set/vec4 8;
    %jmp/0xz  T_34.0, 8;
    %pushi/vec4 0, 0, 32;
    %assign/vec4 v000002389274d140_0, 0;
    %jmp T_34.1;
T_34.0 ;
    %load/vec4 v000002389274d140_0;
    %parti/s 24, 0, 2;
    %load/vec4 v00000238928d3d30_0;
    %parti/s 8, 32, 7;
    %concat/vec4; draw_concat_vec4
    %assign/vec4 v000002389274d140_0, 0;
T_34.1 ;
    %jmp T_34;
    .thread T_34;
    .scope S_00000238927c9b60;
T_35 ;
    %wait E_00000238926ed750;
    %load/vec4 v00000238928d31f0_0;
    %nor/r;
    %flag_set/vec4 8;
    %jmp/0xz  T_35.0, 8;
    %pushi/vec4 0, 0, 40;
    %assign/vec4 v000002389274d640_0, 0;
    %jmp T_35.1;
T_35.0 ;
    %load/vec4 v000002389274d640_0;
    %parti/s 32, 0, 2;
    %load/vec4 v00000238928d3d30_0;
    %parti/s 8, 40, 7;
    %concat/vec4; draw_concat_vec4
    %assign/vec4 v000002389274d640_0, 0;
T_35.1 ;
    %jmp T_35;
    .thread T_35;
    .scope S_00000238927c99d0;
T_36 ;
    %wait E_00000238926ed750;
    %load/vec4 v00000238928d31f0_0;
    %nor/r;
    %flag_set/vec4 8;
    %jmp/0xz  T_36.0, 8;
    %pushi/vec4 0, 0, 48;
    %assign/vec4 v000002389274e220_0, 0;
    %jmp T_36.1;
T_36.0 ;
    %load/vec4 v000002389274e220_0;
    %parti/s 40, 0, 2;
    %load/vec4 v00000238928d3d30_0;
    %parti/s 8, 48, 7;
    %concat/vec4; draw_concat_vec4
    %assign/vec4 v000002389274e220_0, 0;
T_36.1 ;
    %jmp T_36;
    .thread T_36;
    .scope S_00000238927c9cf0;
T_37 ;
    %wait E_00000238926ed750;
    %load/vec4 v00000238928d31f0_0;
    %nor/r;
    %flag_set/vec4 8;
    %jmp/0xz  T_37.0, 8;
    %pushi/vec4 0, 0, 56;
    %assign/vec4 v000002389274dd20_0, 0;
    %jmp T_37.1;
T_37.0 ;
    %load/vec4 v000002389274dd20_0;
    %parti/s 48, 0, 2;
    %load/vec4 v00000238928d3d30_0;
    %parti/s 8, 56, 7;
    %concat/vec4; draw_concat_vec4
    %assign/vec4 v000002389274dd20_0, 0;
T_37.1 ;
    %jmp T_37;
    .thread T_37;
    .scope S_00000238927ca970;
T_38 ;
    %wait E_00000238926ed750;
    %load/vec4 v00000238928d31f0_0;
    %nor/r;
    %flag_set/vec4 8;
    %jmp/0xz  T_38.0, 8;
    %pushi/vec4 0, 0, 64;
    %assign/vec4 v000002389274ef40_0, 0;
    %jmp T_38.1;
T_38.0 ;
    %load/vec4 v000002389274ef40_0;
    %parti/s 56, 0, 2;
    %load/vec4 v00000238928d3d30_0;
    %parti/s 8, 64, 8;
    %concat/vec4; draw_concat_vec4
    %assign/vec4 v000002389274ef40_0, 0;
T_38.1 ;
    %jmp T_38;
    .thread T_38;
    .scope S_00000238927cab00;
T_39 ;
    %wait E_00000238926ed750;
    %load/vec4 v00000238928d31f0_0;
    %nor/r;
    %flag_set/vec4 8;
    %jmp/0xz  T_39.0, 8;
    %pushi/vec4 0, 0, 72;
    %assign/vec4 v000002389274e0e0_0, 0;
    %jmp T_39.1;
T_39.0 ;
    %load/vec4 v000002389274e0e0_0;
    %parti/s 64, 0, 2;
    %load/vec4 v00000238928d3d30_0;
    %parti/s 8, 72, 8;
    %concat/vec4; draw_concat_vec4
    %assign/vec4 v000002389274e0e0_0, 0;
T_39.1 ;
    %jmp T_39;
    .thread T_39;
    .scope S_00000238927ca010;
T_40 ;
    %wait E_00000238926ed750;
    %load/vec4 v00000238928d31f0_0;
    %nor/r;
    %flag_set/vec4 8;
    %jmp/0xz  T_40.0, 8;
    %pushi/vec4 0, 0, 80;
    %assign/vec4 v000002389274f940_0, 0;
    %jmp T_40.1;
T_40.0 ;
    %load/vec4 v000002389274f940_0;
    %parti/s 72, 0, 2;
    %load/vec4 v00000238928d3d30_0;
    %parti/s 8, 80, 8;
    %concat/vec4; draw_concat_vec4
    %assign/vec4 v000002389274f940_0, 0;
T_40.1 ;
    %jmp T_40;
    .thread T_40;
    .scope S_00000238927c9070;
T_41 ;
    %wait E_00000238926ed750;
    %load/vec4 v00000238928d31f0_0;
    %nor/r;
    %flag_set/vec4 8;
    %jmp/0xz  T_41.0, 8;
    %pushi/vec4 0, 0, 88;
    %assign/vec4 v000002389274f080_0, 0;
    %jmp T_41.1;
T_41.0 ;
    %load/vec4 v000002389274f080_0;
    %parti/s 80, 0, 2;
    %load/vec4 v00000238928d3d30_0;
    %parti/s 8, 88, 8;
    %concat/vec4; draw_concat_vec4
    %assign/vec4 v000002389274f080_0, 0;
T_41.1 ;
    %jmp T_41;
    .thread T_41;
    .scope S_00000238927cb3a0;
T_42 ;
    %wait E_00000238926ed750;
    %load/vec4 v00000238928d31f0_0;
    %nor/r;
    %flag_set/vec4 8;
    %jmp/0xz  T_42.0, 8;
    %pushi/vec4 0, 0, 480;
    %assign/vec4 v0000023892751560_0, 0;
    %jmp T_42.1;
T_42.0 ;
    %load/vec4 v0000023892751560_0;
    %parti/s 448, 0, 2;
    %load/vec4 v00000238928d3a10_0;
    %parti/s 32, 0, 2;
    %concat/vec4; draw_concat_vec4
    %assign/vec4 v0000023892751560_0, 0;
T_42.1 ;
    %jmp T_42;
    .thread T_42;
    .scope S_00000238927ccca0;
T_43 ;
    %wait E_00000238926ed750;
    %load/vec4 v00000238928d31f0_0;
    %nor/r;
    %flag_set/vec4 8;
    %jmp/0xz  T_43.0, 8;
    %pushi/vec4 0, 0, 448;
    %assign/vec4 v000002389274f6c0_0, 0;
    %jmp T_43.1;
T_43.0 ;
    %load/vec4 v000002389274f6c0_0;
    %parti/s 416, 0, 2;
    %load/vec4 v00000238928d3a10_0;
    %parti/s 32, 32, 7;
    %concat/vec4; draw_concat_vec4
    %assign/vec4 v000002389274f6c0_0, 0;
T_43.1 ;
    %jmp T_43;
    .thread T_43;
    .scope S_00000238927cb850;
T_44 ;
    %wait E_00000238926ed750;
    %load/vec4 v00000238928d31f0_0;
    %nor/r;
    %flag_set/vec4 8;
    %jmp/0xz  T_44.0, 8;
    %pushi/vec4 0, 0, 416;
    %assign/vec4 v000002389274f760_0, 0;
    %jmp T_44.1;
T_44.0 ;
    %load/vec4 v000002389274f760_0;
    %parti/s 384, 0, 2;
    %load/vec4 v00000238928d3a10_0;
    %parti/s 32, 64, 8;
    %concat/vec4; draw_concat_vec4
    %assign/vec4 v000002389274f760_0, 0;
T_44.1 ;
    %jmp T_44;
    .thread T_44;
    .scope S_00000238927cb530;
T_45 ;
    %wait E_00000238926ed750;
    %load/vec4 v00000238928d31f0_0;
    %nor/r;
    %flag_set/vec4 8;
    %jmp/0xz  T_45.0, 8;
    %pushi/vec4 0, 0, 384;
    %assign/vec4 v000002389274f800_0, 0;
    %jmp T_45.1;
T_45.0 ;
    %load/vec4 v000002389274f800_0;
    %parti/s 352, 0, 2;
    %load/vec4 v00000238928d3a10_0;
    %parti/s 32, 96, 8;
    %concat/vec4; draw_concat_vec4
    %assign/vec4 v000002389274f800_0, 0;
T_45.1 ;
    %jmp T_45;
    .thread T_45;
    .scope S_00000238927cb9e0;
T_46 ;
    %wait E_00000238926ed750;
    %load/vec4 v00000238928d31f0_0;
    %nor/r;
    %flag_set/vec4 8;
    %jmp/0xz  T_46.0, 8;
    %pushi/vec4 0, 0, 352;
    %assign/vec4 v0000023892751240_0, 0;
    %jmp T_46.1;
T_46.0 ;
    %load/vec4 v0000023892751240_0;
    %parti/s 320, 0, 2;
    %load/vec4 v00000238928d3a10_0;
    %parti/s 32, 128, 9;
    %concat/vec4; draw_concat_vec4
    %assign/vec4 v0000023892751240_0, 0;
T_46.1 ;
    %jmp T_46;
    .thread T_46;
    .scope S_00000238927cce30;
T_47 ;
    %wait E_00000238926ed750;
    %load/vec4 v00000238928d31f0_0;
    %nor/r;
    %flag_set/vec4 8;
    %jmp/0xz  T_47.0, 8;
    %pushi/vec4 0, 0, 320;
    %assign/vec4 v000002389274f300_0, 0;
    %jmp T_47.1;
T_47.0 ;
    %load/vec4 v000002389274f300_0;
    %parti/s 288, 0, 2;
    %load/vec4 v00000238928d3a10_0;
    %parti/s 32, 160, 9;
    %concat/vec4; draw_concat_vec4
    %assign/vec4 v000002389274f300_0, 0;
T_47.1 ;
    %jmp T_47;
    .thread T_47;
    .scope S_00000238927cb080;
T_48 ;
    %wait E_00000238926ed750;
    %load/vec4 v00000238928d31f0_0;
    %nor/r;
    %flag_set/vec4 8;
    %jmp/0xz  T_48.0, 8;
    %pushi/vec4 0, 0, 288;
    %assign/vec4 v0000023892750de0_0, 0;
    %jmp T_48.1;
T_48.0 ;
    %load/vec4 v0000023892750de0_0;
    %parti/s 256, 0, 2;
    %load/vec4 v00000238928d3a10_0;
    %parti/s 32, 192, 9;
    %concat/vec4; draw_concat_vec4
    %assign/vec4 v0000023892750de0_0, 0;
T_48.1 ;
    %jmp T_48;
    .thread T_48;
    .scope S_00000238927cb6c0;
T_49 ;
    %wait E_00000238926ed750;
    %load/vec4 v00000238928d31f0_0;
    %nor/r;
    %flag_set/vec4 8;
    %jmp/0xz  T_49.0, 8;
    %pushi/vec4 0, 0, 256;
    %assign/vec4 v00000238927511a0_0, 0;
    %jmp T_49.1;
T_49.0 ;
    %load/vec4 v00000238927511a0_0;
    %parti/s 224, 0, 2;
    %load/vec4 v00000238928d3a10_0;
    %parti/s 32, 224, 9;
    %concat/vec4; draw_concat_vec4
    %assign/vec4 v00000238927511a0_0, 0;
T_49.1 ;
    %jmp T_49;
    .thread T_49;
    .scope S_00000238927cbb70;
T_50 ;
    %wait E_00000238926ed750;
    %load/vec4 v00000238928d31f0_0;
    %nor/r;
    %flag_set/vec4 8;
    %jmp/0xz  T_50.0, 8;
    %pushi/vec4 0, 0, 224;
    %assign/vec4 v0000023892750f20_0, 0;
    %jmp T_50.1;
T_50.0 ;
    %load/vec4 v0000023892750f20_0;
    %parti/s 192, 0, 2;
    %load/vec4 v00000238928d3a10_0;
    %parti/s 32, 256, 10;
    %concat/vec4; draw_concat_vec4
    %assign/vec4 v0000023892750f20_0, 0;
T_50.1 ;
    %jmp T_50;
    .thread T_50;
    .scope S_00000238927cbd00;
T_51 ;
    %wait E_00000238926ed750;
    %load/vec4 v00000238928d31f0_0;
    %nor/r;
    %flag_set/vec4 8;
    %jmp/0xz  T_51.0, 8;
    %pushi/vec4 0, 0, 192;
    %assign/vec4 v0000023892750340_0, 0;
    %jmp T_51.1;
T_51.0 ;
    %load/vec4 v0000023892750340_0;
    %parti/s 160, 0, 2;
    %load/vec4 v00000238928d3a10_0;
    %parti/s 32, 288, 10;
    %concat/vec4; draw_concat_vec4
    %assign/vec4 v0000023892750340_0, 0;
T_51.1 ;
    %jmp T_51;
    .thread T_51;
    .scope S_00000238926d9340;
T_52 ;
    %wait E_00000238926ed750;
    %load/vec4 v00000238928d31f0_0;
    %nor/r;
    %flag_set/vec4 8;
    %jmp/0xz  T_52.0, 8;
    %pushi/vec4 0, 0, 160;
    %assign/vec4 v00000238927503e0_0, 0;
    %jmp T_52.1;
T_52.0 ;
    %load/vec4 v00000238927503e0_0;
    %parti/s 128, 0, 2;
    %load/vec4 v00000238928d3a10_0;
    %parti/s 32, 320, 10;
    %concat/vec4; draw_concat_vec4
    %assign/vec4 v00000238927503e0_0, 0;
T_52.1 ;
    %jmp T_52;
    .thread T_52;
    .scope S_00000238926d91b0;
T_53 ;
    %wait E_00000238926ed750;
    %load/vec4 v00000238928d31f0_0;
    %nor/r;
    %flag_set/vec4 8;
    %jmp/0xz  T_53.0, 8;
    %pushi/vec4 0, 0, 128;
    %assign/vec4 v00000238927514c0_0, 0;
    %jmp T_53.1;
T_53.0 ;
    %load/vec4 v00000238927514c0_0;
    %parti/s 96, 0, 2;
    %load/vec4 v00000238928d3a10_0;
    %parti/s 32, 352, 10;
    %concat/vec4; draw_concat_vec4
    %assign/vec4 v00000238927514c0_0, 0;
T_53.1 ;
    %jmp T_53;
    .thread T_53;
    .scope S_00000238926d9fc0;
T_54 ;
    %wait E_00000238926ed750;
    %load/vec4 v00000238928d31f0_0;
    %nor/r;
    %flag_set/vec4 8;
    %jmp/0xz  T_54.0, 8;
    %pushi/vec4 0, 0, 96;
    %assign/vec4 v00000238927507a0_0, 0;
    %jmp T_54.1;
T_54.0 ;
    %load/vec4 v00000238927507a0_0;
    %parti/s 64, 0, 2;
    %load/vec4 v00000238928d3a10_0;
    %parti/s 32, 384, 10;
    %concat/vec4; draw_concat_vec4
    %assign/vec4 v00000238927507a0_0, 0;
T_54.1 ;
    %jmp T_54;
    .thread T_54;
    .scope S_00000238926d9660;
T_55 ;
    %wait E_00000238926ed750;
    %load/vec4 v00000238928d31f0_0;
    %nor/r;
    %flag_set/vec4 8;
    %jmp/0xz  T_55.0, 8;
    %pushi/vec4 0, 0, 64;
    %assign/vec4 v0000023892750480_0, 0;
    %jmp T_55.1;
T_55.0 ;
    %load/vec4 v0000023892750480_0;
    %parti/s 32, 0, 2;
    %load/vec4 v00000238928d3a10_0;
    %parti/s 32, 416, 10;
    %concat/vec4; draw_concat_vec4
    %assign/vec4 v0000023892750480_0, 0;
T_55.1 ;
    %jmp T_55;
    .thread T_55;
    .scope S_00000238926dac40;
T_56 ;
    %wait E_00000238926ed750;
    %load/vec4 v00000238928d31f0_0;
    %nor/r;
    %flag_set/vec4 8;
    %jmp/0xz  T_56.0, 8;
    %pushi/vec4 0, 0, 32;
    %assign/vec4 v0000023892750520_0, 0;
    %jmp T_56.1;
T_56.0 ;
    %load/vec4 v00000238928d3a10_0;
    %parti/s 32, 448, 10;
    %assign/vec4 v0000023892750520_0, 0;
T_56.1 ;
    %jmp T_56;
    .thread T_56;
    .scope S_00000238928c3dc0;
T_57 ;
    %wait E_00000238926ed750;
    %load/vec4 v00000238928cfc30_0;
    %nor/r;
    %flag_set/vec4 8;
    %jmp/0xz  T_57.0, 8;
    %pushi/vec4 0, 0, 3;
    %assign/vec4 v00000238928cfaf0_0, 0;
    %jmp T_57.1;
T_57.0 ;
    %load/vec4 v00000238928cf9b0_0;
    %assign/vec4 v00000238928cfaf0_0, 0;
T_57.1 ;
    %jmp T_57;
    .thread T_57;
    .scope S_00000238928c3dc0;
T_58 ;
    %wait E_00000238926ed8d0;
    %load/vec4 v00000238928cfaf0_0;
    %store/vec4 v00000238928cf9b0_0, 0, 3;
    %load/vec4 v00000238928cfaf0_0;
    %dup/vec4;
    %pushi/vec4 0, 0, 3;
    %cmp/u;
    %jmp/1 T_58.0, 6;
    %dup/vec4;
    %pushi/vec4 1, 0, 3;
    %cmp/u;
    %jmp/1 T_58.1, 6;
    %dup/vec4;
    %pushi/vec4 2, 0, 3;
    %cmp/u;
    %jmp/1 T_58.2, 6;
    %dup/vec4;
    %pushi/vec4 3, 0, 3;
    %cmp/u;
    %jmp/1 T_58.3, 6;
    %dup/vec4;
    %pushi/vec4 4, 0, 3;
    %cmp/u;
    %jmp/1 T_58.4, 6;
    %pushi/vec4 0, 0, 3;
    %store/vec4 v00000238928cf9b0_0, 0, 3;
    %jmp T_58.6;
T_58.0 ;
    %load/vec4 v00000238928d17b0_0;
    %flag_set/vec4 8;
    %jmp/0xz  T_58.7, 8;
    %pushi/vec4 1, 0, 3;
    %store/vec4 v00000238928cf9b0_0, 0, 3;
T_58.7 ;
    %jmp T_58.6;
T_58.1 ;
    %load/vec4 v00000238928cfa50_0;
    %cmpi/u 12, 0, 32;
    %flag_inv 5; GE is !LT
    %jmp/0xz  T_58.9, 5;
    %pushi/vec4 2, 0, 3;
    %store/vec4 v00000238928cf9b0_0, 0, 3;
T_58.9 ;
    %jmp T_58.6;
T_58.2 ;
    %load/vec4 v00000238928d0450_0;
    %subi 1, 0, 32;
    %load/vec4 v00000238928d1df0_0;
    %cmp/u;
    %flag_or 5, 4;
    %jmp/0xz  T_58.11, 5;
    %pushi/vec4 3, 0, 3;
    %store/vec4 v00000238928cf9b0_0, 0, 3;
T_58.11 ;
    %jmp T_58.6;
T_58.3 ;
    %load/vec4 v00000238928d1350_0;
    %pad/u 33;
    %cmpi/u 27, 0, 33;
    %flag_inv 5; GE is !LT
    %jmp/0xz  T_58.13, 5;
    %pushi/vec4 4, 0, 3;
    %store/vec4 v00000238928cf9b0_0, 0, 3;
T_58.13 ;
    %jmp T_58.6;
T_58.4 ;
    %pushi/vec4 0, 0, 3;
    %store/vec4 v00000238928cf9b0_0, 0, 3;
    %jmp T_58.6;
T_58.6 ;
    %pop/vec4 1;
    %jmp T_58;
    .thread T_58, $push;
    .scope S_00000238928c3dc0;
T_59 ;
    %wait E_00000238926ed750;
    %load/vec4 v00000238928cfc30_0;
    %nor/r;
    %flag_set/vec4 8;
    %jmp/0xz  T_59.0, 8;
    %pushi/vec4 0, 0, 1;
    %assign/vec4 v00000238928d1fd0_0, 0;
    %pushi/vec4 0, 0, 1;
    %assign/vec4 v00000238928d1670_0, 0;
    %pushi/vec4 0, 0, 1;
    %assign/vec4 v00000238928d0a90_0, 0;
    %pushi/vec4 0, 0, 1;
    %assign/vec4 v00000238928d13f0_0, 0;
    %pushi/vec4 0, 0, 1;
    %assign/vec4 v00000238928d01d0_0, 0;
    %pushi/vec4 1, 0, 1;
    %assign/vec4 v00000238928d0810_0, 0;
    %pushi/vec4 0, 0, 32;
    %assign/vec4 v00000238928d15d0_0, 0;
    %pushi/vec4 0, 0, 32;
    %assign/vec4 v00000238928d1df0_0, 0;
    %pushi/vec4 0, 0, 32;
    %assign/vec4 v00000238928d1350_0, 0;
    %pushi/vec4 0, 0, 32;
    %assign/vec4 v00000238928cfcd0_0, 0;
    %pushi/vec4 0, 0, 32;
    %assign/vec4 v00000238928cfa50_0, 0;
    %pushi/vec4 0, 0, 32;
    %assign/vec4 v00000238928d08b0_0, 0;
    %jmp T_59.1;
T_59.0 ;
    %load/vec4 v00000238928d1c10_0;
    %flag_set/vec4 8;
    %jmp/0xz  T_59.2, 8;
    %pushi/vec4 0, 0, 32;
    %assign/vec4 v00000238928d15d0_0, 0;
    %pushi/vec4 0, 0, 32;
    %assign/vec4 v00000238928d1df0_0, 0;
    %pushi/vec4 0, 0, 32;
    %assign/vec4 v00000238928d1350_0, 0;
    %pushi/vec4 0, 0, 32;
    %assign/vec4 v00000238928cfcd0_0, 0;
    %pushi/vec4 0, 0, 32;
    %assign/vec4 v00000238928cfa50_0, 0;
    %pushi/vec4 0, 0, 32;
    %assign/vec4 v00000238928d08b0_0, 0;
T_59.2 ;
    %pushi/vec4 0, 0, 1;
    %assign/vec4 v00000238928d1fd0_0, 0;
    %pushi/vec4 0, 0, 1;
    %assign/vec4 v00000238928d1670_0, 0;
    %pushi/vec4 0, 0, 1;
    %assign/vec4 v00000238928d0a90_0, 0;
    %pushi/vec4 0, 0, 1;
    %assign/vec4 v00000238928d13f0_0, 0;
    %pushi/vec4 0, 0, 1;
    %assign/vec4 v00000238928d01d0_0, 0;
    %pushi/vec4 0, 0, 1;
    %assign/vec4 v00000238928d0810_0, 0;
    %load/vec4 v00000238928cfaf0_0;
    %dup/vec4;
    %pushi/vec4 0, 0, 3;
    %cmp/u;
    %jmp/1 T_59.4, 6;
    %dup/vec4;
    %pushi/vec4 1, 0, 3;
    %cmp/u;
    %jmp/1 T_59.5, 6;
    %dup/vec4;
    %pushi/vec4 2, 0, 3;
    %cmp/u;
    %jmp/1 T_59.6, 6;
    %dup/vec4;
    %pushi/vec4 3, 0, 3;
    %cmp/u;
    %jmp/1 T_59.7, 6;
    %dup/vec4;
    %pushi/vec4 4, 0, 3;
    %cmp/u;
    %jmp/1 T_59.8, 6;
    %jmp T_59.9;
T_59.4 ;
    %pushi/vec4 1, 0, 1;
    %assign/vec4 v00000238928d0810_0, 0;
    %pushi/vec4 0, 0, 32;
    %assign/vec4 v00000238928d15d0_0, 0;
    %pushi/vec4 0, 0, 32;
    %assign/vec4 v00000238928d1df0_0, 0;
    %pushi/vec4 0, 0, 32;
    %assign/vec4 v00000238928d1350_0, 0;
    %pushi/vec4 0, 0, 32;
    %assign/vec4 v00000238928cfcd0_0, 0;
    %pushi/vec4 0, 0, 32;
    %assign/vec4 v00000238928cfa50_0, 0;
    %pushi/vec4 0, 0, 32;
    %assign/vec4 v00000238928d08b0_0, 0;
    %jmp T_59.9;
T_59.5 ;
    %load/vec4 v00000238928cfcd0_0;
    %cmpi/u 24, 0, 32;
    %jmp/0xz  T_59.10, 5;
    %pushi/vec4 1, 0, 1;
    %assign/vec4 v00000238928d1fd0_0, 0;
    %load/vec4 v00000238928d2070_0;
    %flag_set/vec4 8;
    %jmp/0xz  T_59.12, 8;
    %load/vec4 v00000238928cfcd0_0;
    %addi 1, 0, 32;
    %assign/vec4 v00000238928cfcd0_0, 0;
    %load/vec4 v00000238928d15d0_0;
    %addi 1, 0, 32;
    %assign/vec4 v00000238928d15d0_0, 0;
T_59.12 ;
    %jmp T_59.11;
T_59.10 ;
    %load/vec4 v00000238928d08b0_0;
    %cmpi/u 2, 0, 32;
    %jmp/0xz  T_59.14, 5;
    %load/vec4 v00000238928d08b0_0;
    %addi 1, 0, 32;
    %assign/vec4 v00000238928d08b0_0, 0;
    %load/vec4 v00000238928d15d0_0;
    %addi 1, 0, 32;
    %assign/vec4 v00000238928d15d0_0, 0;
    %jmp T_59.15;
T_59.14 ;
    %pushi/vec4 1, 0, 1;
    %assign/vec4 v00000238928d1670_0, 0;
    %load/vec4 v00000238928cf910_0;
    %flag_set/vec4 9;
    %flag_get/vec4 9;
    %jmp/0 T_59.18, 9;
    %load/vec4 v00000238928cfa50_0;
    %cmpi/u 12, 0, 32;
    %flag_get/vec4 5;
    %and;
T_59.18;
    %flag_set/vec4 8;
    %jmp/0xz  T_59.16, 8;
    %load/vec4 v00000238928cfa50_0;
    %addi 1, 0, 32;
    %assign/vec4 v00000238928cfa50_0, 0;
    %load/vec4 v00000238928d15d0_0;
    %addi 1, 0, 32;
    %assign/vec4 v00000238928d15d0_0, 0;
T_59.16 ;
T_59.15 ;
T_59.11 ;
    %jmp T_59.9;
T_59.6 ;
    %pushi/vec4 1, 0, 1;
    %assign/vec4 v00000238928d0a90_0, 0;
    %load/vec4 v00000238928d1cb0_0;
    %flag_set/vec4 8;
    %jmp/0xz  T_59.19, 8;
    %load/vec4 v00000238928d1df0_0;
    %addi 1, 0, 32;
    %assign/vec4 v00000238928d1df0_0, 0;
T_59.19 ;
    %jmp T_59.9;
T_59.7 ;
    %pushi/vec4 1, 0, 1;
    %assign/vec4 v00000238928d13f0_0, 0;
    %load/vec4 v00000238928d1350_0;
    %addi 1, 0, 32;
    %assign/vec4 v00000238928d1350_0, 0;
    %jmp T_59.9;
T_59.8 ;
    %pushi/vec4 1, 0, 1;
    %assign/vec4 v00000238928d01d0_0, 0;
    %jmp T_59.9;
T_59.9 ;
    %pop/vec4 1;
T_59.1 ;
    %jmp T_59;
    .thread T_59;
    .scope S_00000238927dfa10;
T_60 ;
    %wait E_00000238926ed750;
    %load/vec4 v000002389255b240_0;
    %nor/r;
    %flag_set/vec4 8;
    %jmp/0xz  T_60.0, 8;
    %pushi/vec4 0, 0, 8;
    %assign/vec4 v0000023892559440_0, 0;
    %pushi/vec4 0, 0, 8;
    %assign/vec4 v000002389255ad40_0, 0;
    %pushi/vec4 0, 0, 32;
    %assign/vec4 v000002389255ade0_0, 0;
    %jmp T_60.1;
T_60.0 ;
    %load/vec4 v000002389255b6a0_0;
    %flag_set/vec4 8;
    %jmp/0xz  T_60.2, 8;
    %load/vec4 v000002389255a7a0_0;
    %assign/vec4 v0000023892559440_0, 0;
T_60.2 ;
    %load/vec4 v000002389255b560_0;
    %flag_set/vec4 8;
    %jmp/0xz  T_60.4, 8;
    %load/vec4 v0000023892559ee0_0;
    %assign/vec4 v000002389255ad40_0, 0;
    %load/vec4 v00000238925593a0_0;
    %load/vec4 v0000023892559ee0_0;
    %pad/s 32;
    %load/vec4 v0000023892559440_0;
    %pad/s 32;
    %mul;
    %add;
    %assign/vec4 v000002389255ade0_0, 0;
T_60.4 ;
T_60.1 ;
    %jmp T_60;
    .thread T_60;
    .scope S_00000238927df880;
T_61 ;
    %wait E_00000238926ed750;
    %load/vec4 v000002389255ae80_0;
    %nor/r;
    %flag_set/vec4 8;
    %jmp/0xz  T_61.0, 8;
    %pushi/vec4 0, 0, 8;
    %assign/vec4 v0000023892559b20_0, 0;
    %pushi/vec4 0, 0, 8;
    %assign/vec4 v00000238925594e0_0, 0;
    %pushi/vec4 0, 0, 32;
    %assign/vec4 v0000023892559800_0, 0;
    %jmp T_61.1;
T_61.0 ;
    %load/vec4 v0000023892559a80_0;
    %flag_set/vec4 8;
    %jmp/0xz  T_61.2, 8;
    %load/vec4 v00000238925591c0_0;
    %assign/vec4 v0000023892559b20_0, 0;
T_61.2 ;
    %load/vec4 v000002389255ac00_0;
    %flag_set/vec4 8;
    %jmp/0xz  T_61.4, 8;
    %load/vec4 v000002389255b7e0_0;
    %assign/vec4 v00000238925594e0_0, 0;
    %load/vec4 v0000023892559080_0;
    %load/vec4 v000002389255b7e0_0;
    %pad/s 32;
    %load/vec4 v0000023892559b20_0;
    %pad/s 32;
    %mul;
    %add;
    %assign/vec4 v0000023892559800_0, 0;
T_61.4 ;
T_61.1 ;
    %jmp T_61;
    .thread T_61;
    .scope S_00000238927e0690;
T_62 ;
    %wait E_00000238926ed750;
    %load/vec4 v00000238925788f0_0;
    %nor/r;
    %flag_set/vec4 8;
    %jmp/0xz  T_62.0, 8;
    %pushi/vec4 0, 0, 8;
    %assign/vec4 v0000023892577c70_0, 0;
    %pushi/vec4 0, 0, 8;
    %assign/vec4 v0000023892578530_0, 0;
    %pushi/vec4 0, 0, 32;
    %assign/vec4 v00000238925787b0_0, 0;
    %jmp T_62.1;
T_62.0 ;
    %load/vec4 v00000238925783f0_0;
    %flag_set/vec4 8;
    %jmp/0xz  T_62.2, 8;
    %load/vec4 v0000023892578490_0;
    %assign/vec4 v0000023892577c70_0, 0;
T_62.2 ;
    %load/vec4 v0000023892578ad0_0;
    %flag_set/vec4 8;
    %jmp/0xz  T_62.4, 8;
    %load/vec4 v0000023892577950_0;
    %assign/vec4 v0000023892578530_0, 0;
    %load/vec4 v0000023892577bd0_0;
    %load/vec4 v0000023892577950_0;
    %pad/s 32;
    %load/vec4 v0000023892577c70_0;
    %pad/s 32;
    %mul;
    %add;
    %assign/vec4 v00000238925787b0_0, 0;
T_62.4 ;
T_62.1 ;
    %jmp T_62;
    .thread T_62;
    .scope S_00000238927e3260;
T_63 ;
    %wait E_00000238926ed750;
    %load/vec4 v00000238925756f0_0;
    %nor/r;
    %flag_set/vec4 8;
    %jmp/0xz  T_63.0, 8;
    %pushi/vec4 0, 0, 8;
    %assign/vec4 v0000023892577770_0, 0;
    %pushi/vec4 0, 0, 8;
    %assign/vec4 v0000023892576550_0, 0;
    %pushi/vec4 0, 0, 32;
    %assign/vec4 v0000023892575330_0, 0;
    %jmp T_63.1;
T_63.0 ;
    %load/vec4 v0000023892575290_0;
    %flag_set/vec4 8;
    %jmp/0xz  T_63.2, 8;
    %load/vec4 v0000023892575c90_0;
    %assign/vec4 v0000023892577770_0, 0;
T_63.2 ;
    %load/vec4 v00000238925773b0_0;
    %flag_set/vec4 8;
    %jmp/0xz  T_63.4, 8;
    %load/vec4 v0000023892575970_0;
    %assign/vec4 v0000023892576550_0, 0;
    %load/vec4 v0000023892577090_0;
    %load/vec4 v0000023892575970_0;
    %pad/s 32;
    %load/vec4 v0000023892577770_0;
    %pad/s 32;
    %mul;
    %add;
    %assign/vec4 v0000023892575330_0, 0;
T_63.4 ;
T_63.1 ;
    %jmp T_63;
    .thread T_63;
    .scope S_00000238927e3ee0;
T_64 ;
    %wait E_00000238926ed750;
    %load/vec4 v00000238925d8320_0;
    %nor/r;
    %flag_set/vec4 8;
    %jmp/0xz  T_64.0, 8;
    %pushi/vec4 0, 0, 8;
    %assign/vec4 v00000238925d7c40_0, 0;
    %pushi/vec4 0, 0, 8;
    %assign/vec4 v0000023892576a50_0, 0;
    %pushi/vec4 0, 0, 32;
    %assign/vec4 v00000238925d7d80_0, 0;
    %jmp T_64.1;
T_64.0 ;
    %load/vec4 v0000023892576c30_0;
    %flag_set/vec4 8;
    %jmp/0xz  T_64.2, 8;
    %load/vec4 v0000023892576410_0;
    %assign/vec4 v00000238925d7c40_0, 0;
T_64.2 ;
    %load/vec4 v00000238925765f0_0;
    %flag_set/vec4 8;
    %jmp/0xz  T_64.4, 8;
    %load/vec4 v00000238925762d0_0;
    %assign/vec4 v0000023892576a50_0, 0;
    %load/vec4 v0000023892576370_0;
    %load/vec4 v00000238925762d0_0;
    %pad/s 32;
    %load/vec4 v00000238925d7c40_0;
    %pad/s 32;
    %mul;
    %add;
    %assign/vec4 v00000238925d7d80_0, 0;
T_64.4 ;
T_64.1 ;
    %jmp T_64;
    .thread T_64;
    .scope S_00000238927e4200;
T_65 ;
    %wait E_00000238926ed750;
    %load/vec4 v00000238925d7600_0;
    %nor/r;
    %flag_set/vec4 8;
    %jmp/0xz  T_65.0, 8;
    %pushi/vec4 0, 0, 8;
    %assign/vec4 v00000238925d56c0_0, 0;
    %pushi/vec4 0, 0, 8;
    %assign/vec4 v00000238925d74c0_0, 0;
    %pushi/vec4 0, 0, 32;
    %assign/vec4 v00000238925d5620_0, 0;
    %jmp T_65.1;
T_65.0 ;
    %load/vec4 v00000238925d80a0_0;
    %flag_set/vec4 8;
    %jmp/0xz  T_65.2, 8;
    %load/vec4 v00000238925d8780_0;
    %assign/vec4 v00000238925d56c0_0, 0;
T_65.2 ;
    %load/vec4 v00000238925d8c80_0;
    %flag_set/vec4 8;
    %jmp/0xz  T_65.4, 8;
    %load/vec4 v00000238925d8dc0_0;
    %assign/vec4 v00000238925d74c0_0, 0;
    %load/vec4 v00000238925d8d20_0;
    %load/vec4 v00000238925d8dc0_0;
    %pad/s 32;
    %load/vec4 v00000238925d56c0_0;
    %pad/s 32;
    %mul;
    %add;
    %assign/vec4 v00000238925d5620_0, 0;
T_65.4 ;
T_65.1 ;
    %jmp T_65;
    .thread T_65;
    .scope S_00000238927e4e80;
T_66 ;
    %wait E_00000238926ed750;
    %load/vec4 v00000238925d6de0_0;
    %nor/r;
    %flag_set/vec4 8;
    %jmp/0xz  T_66.0, 8;
    %pushi/vec4 0, 0, 8;
    %assign/vec4 v00000238925d5da0_0, 0;
    %pushi/vec4 0, 0, 8;
    %assign/vec4 v00000238925d5940_0, 0;
    %pushi/vec4 0, 0, 32;
    %assign/vec4 v00000238925d63e0_0, 0;
    %jmp T_66.1;
T_66.0 ;
    %load/vec4 v00000238925d5c60_0;
    %flag_set/vec4 8;
    %jmp/0xz  T_66.2, 8;
    %load/vec4 v00000238925d6fc0_0;
    %assign/vec4 v00000238925d5da0_0, 0;
T_66.2 ;
    %load/vec4 v00000238925d6520_0;
    %flag_set/vec4 8;
    %jmp/0xz  T_66.4, 8;
    %load/vec4 v00000238925d7100_0;
    %assign/vec4 v00000238925d5940_0, 0;
    %load/vec4 v00000238925d5760_0;
    %load/vec4 v00000238925d7100_0;
    %pad/s 32;
    %load/vec4 v00000238925d5da0_0;
    %pad/s 32;
    %mul;
    %add;
    %assign/vec4 v00000238925d63e0_0, 0;
T_66.4 ;
T_66.1 ;
    %jmp T_66;
    .thread T_66;
    .scope S_00000238927e4520;
T_67 ;
    %wait E_00000238926ed750;
    %load/vec4 v00000238924409f0_0;
    %nor/r;
    %flag_set/vec4 8;
    %jmp/0xz  T_67.0, 8;
    %pushi/vec4 0, 0, 8;
    %assign/vec4 v00000238924404f0_0, 0;
    %pushi/vec4 0, 0, 8;
    %assign/vec4 v00000238924406d0_0, 0;
    %pushi/vec4 0, 0, 32;
    %assign/vec4 v0000023892440950_0, 0;
    %jmp T_67.1;
T_67.0 ;
    %load/vec4 v000002389243fff0_0;
    %flag_set/vec4 8;
    %jmp/0xz  T_67.2, 8;
    %load/vec4 v0000023892440db0_0;
    %assign/vec4 v00000238924404f0_0, 0;
T_67.2 ;
    %load/vec4 v00000238925d7420_0;
    %flag_set/vec4 8;
    %jmp/0xz  T_67.4, 8;
    %load/vec4 v000002389243fa50_0;
    %assign/vec4 v00000238924406d0_0, 0;
    %load/vec4 v0000023892441170_0;
    %load/vec4 v000002389243fa50_0;
    %pad/s 32;
    %load/vec4 v00000238924404f0_0;
    %pad/s 32;
    %mul;
    %add;
    %assign/vec4 v0000023892440950_0, 0;
T_67.4 ;
T_67.1 ;
    %jmp T_67;
    .thread T_67;
    .scope S_00000238927e6b70;
T_68 ;
    %wait E_00000238926ed750;
    %load/vec4 v00000238924413f0_0;
    %nor/r;
    %flag_set/vec4 8;
    %jmp/0xz  T_68.0, 8;
    %pushi/vec4 0, 0, 8;
    %assign/vec4 v0000023892440770_0, 0;
    %pushi/vec4 0, 0, 8;
    %assign/vec4 v0000023892440270_0, 0;
    %pushi/vec4 0, 0, 32;
    %assign/vec4 v0000023892441350_0, 0;
    %jmp T_68.1;
T_68.0 ;
    %load/vec4 v00000238924412b0_0;
    %flag_set/vec4 8;
    %jmp/0xz  T_68.2, 8;
    %load/vec4 v000002389243fb90_0;
    %assign/vec4 v0000023892440770_0, 0;
T_68.2 ;
    %load/vec4 v000002389243faf0_0;
    %flag_set/vec4 8;
    %jmp/0xz  T_68.4, 8;
    %load/vec4 v000002389243ff50_0;
    %assign/vec4 v0000023892440270_0, 0;
    %load/vec4 v000002389243fd70_0;
    %load/vec4 v000002389243ff50_0;
    %pad/s 32;
    %load/vec4 v0000023892440770_0;
    %pad/s 32;
    %mul;
    %add;
    %assign/vec4 v0000023892441350_0, 0;
T_68.4 ;
T_68.1 ;
    %jmp T_68;
    .thread T_68;
    .scope S_00000238927e69e0;
T_69 ;
    %wait E_00000238926ed750;
    %load/vec4 v0000023892429570_0;
    %nor/r;
    %flag_set/vec4 8;
    %jmp/0xz  T_69.0, 8;
    %pushi/vec4 0, 0, 8;
    %assign/vec4 v0000023892429070_0, 0;
    %pushi/vec4 0, 0, 8;
    %assign/vec4 v000002389242a830_0, 0;
    %pushi/vec4 0, 0, 32;
    %assign/vec4 v0000023892429e30_0, 0;
    %jmp T_69.1;
T_69.0 ;
    %load/vec4 v00000238924299d0_0;
    %flag_set/vec4 8;
    %jmp/0xz  T_69.2, 8;
    %load/vec4 v000002389242aa10_0;
    %assign/vec4 v0000023892429070_0, 0;
T_69.2 ;
    %load/vec4 v0000023892440b30_0;
    %flag_set/vec4 8;
    %jmp/0xz  T_69.4, 8;
    %load/vec4 v0000023892441490_0;
    %assign/vec4 v000002389242a830_0, 0;
    %load/vec4 v0000023892440450_0;
    %load/vec4 v0000023892441490_0;
    %pad/s 32;
    %load/vec4 v0000023892429070_0;
    %pad/s 32;
    %mul;
    %add;
    %assign/vec4 v0000023892429e30_0, 0;
T_69.4 ;
T_69.1 ;
    %jmp T_69;
    .thread T_69;
    .scope S_00000238927e6530;
T_70 ;
    %wait E_00000238926ed750;
    %load/vec4 v0000023892429bb0_0;
    %nor/r;
    %flag_set/vec4 8;
    %jmp/0xz  T_70.0, 8;
    %pushi/vec4 0, 0, 8;
    %assign/vec4 v0000023892428e90_0, 0;
    %pushi/vec4 0, 0, 8;
    %assign/vec4 v0000023892429750_0, 0;
    %pushi/vec4 0, 0, 32;
    %assign/vec4 v000002389242a330_0, 0;
    %jmp T_70.1;
T_70.0 ;
    %load/vec4 v0000023892428df0_0;
    %flag_set/vec4 8;
    %jmp/0xz  T_70.2, 8;
    %load/vec4 v0000023892428f30_0;
    %assign/vec4 v0000023892428e90_0, 0;
T_70.2 ;
    %load/vec4 v000002389242a150_0;
    %flag_set/vec4 8;
    %jmp/0xz  T_70.4, 8;
    %load/vec4 v000002389242ac90_0;
    %assign/vec4 v0000023892429750_0, 0;
    %load/vec4 v0000023892429430_0;
    %load/vec4 v000002389242ac90_0;
    %pad/s 32;
    %load/vec4 v0000023892428e90_0;
    %pad/s 32;
    %mul;
    %add;
    %assign/vec4 v000002389242a330_0, 0;
T_70.4 ;
T_70.1 ;
    %jmp T_70;
    .thread T_70;
    .scope S_00000238927e58b0;
T_71 ;
    %wait E_00000238926ed750;
    %load/vec4 v000002389244e030_0;
    %nor/r;
    %flag_set/vec4 8;
    %jmp/0xz  T_71.0, 8;
    %pushi/vec4 0, 0, 8;
    %assign/vec4 v000002389244e8f0_0, 0;
    %pushi/vec4 0, 0, 8;
    %assign/vec4 v000002389244e7b0_0, 0;
    %pushi/vec4 0, 0, 32;
    %assign/vec4 v000002389244def0_0, 0;
    %jmp T_71.1;
T_71.0 ;
    %load/vec4 v000002389244ef30_0;
    %flag_set/vec4 8;
    %jmp/0xz  T_71.2, 8;
    %load/vec4 v0000023892429c50_0;
    %assign/vec4 v000002389244e8f0_0, 0;
T_71.2 ;
    %load/vec4 v0000023892429250_0;
    %flag_set/vec4 8;
    %jmp/0xz  T_71.4, 8;
    %load/vec4 v0000023892429610_0;
    %assign/vec4 v000002389244e7b0_0, 0;
    %load/vec4 v00000238924296b0_0;
    %load/vec4 v0000023892429610_0;
    %pad/s 32;
    %load/vec4 v000002389244e8f0_0;
    %pad/s 32;
    %mul;
    %add;
    %assign/vec4 v000002389244def0_0, 0;
T_71.4 ;
T_71.1 ;
    %jmp T_71;
    .thread T_71;
    .scope S_00000238927e5d60;
T_72 ;
    %wait E_00000238926ed750;
    %load/vec4 v000002389244f430_0;
    %nor/r;
    %flag_set/vec4 8;
    %jmp/0xz  T_72.0, 8;
    %pushi/vec4 0, 0, 8;
    %assign/vec4 v000002389244ecb0_0, 0;
    %pushi/vec4 0, 0, 8;
    %assign/vec4 v000002389244e3f0_0, 0;
    %pushi/vec4 0, 0, 32;
    %assign/vec4 v000002389244d6d0_0, 0;
    %jmp T_72.1;
T_72.0 ;
    %load/vec4 v000002389244f250_0;
    %flag_set/vec4 8;
    %jmp/0xz  T_72.2, 8;
    %load/vec4 v000002389244dbd0_0;
    %assign/vec4 v000002389244ecb0_0, 0;
T_72.2 ;
    %load/vec4 v000002389244d9f0_0;
    %flag_set/vec4 8;
    %jmp/0xz  T_72.4, 8;
    %load/vec4 v000002389244d950_0;
    %assign/vec4 v000002389244e3f0_0, 0;
    %load/vec4 v000002389244f1b0_0;
    %load/vec4 v000002389244d950_0;
    %pad/s 32;
    %load/vec4 v000002389244ecb0_0;
    %pad/s 32;
    %mul;
    %add;
    %assign/vec4 v000002389244d6d0_0, 0;
T_72.4 ;
T_72.1 ;
    %jmp T_72;
    .thread T_72;
    .scope S_00000238927e8860;
T_73 ;
    %wait E_00000238926ed750;
    %load/vec4 v000002389249f960_0;
    %nor/r;
    %flag_set/vec4 8;
    %jmp/0xz  T_73.0, 8;
    %pushi/vec4 0, 0, 8;
    %assign/vec4 v00000238924a0e00_0, 0;
    %pushi/vec4 0, 0, 8;
    %assign/vec4 v00000238924a0b80_0, 0;
    %pushi/vec4 0, 0, 32;
    %assign/vec4 v00000238924a02c0_0, 0;
    %jmp T_73.1;
T_73.0 ;
    %load/vec4 v00000238924a07c0_0;
    %flag_set/vec4 8;
    %jmp/0xz  T_73.2, 8;
    %load/vec4 v00000238924a11c0_0;
    %assign/vec4 v00000238924a0e00_0, 0;
T_73.2 ;
    %load/vec4 v00000238924a0680_0;
    %flag_set/vec4 8;
    %jmp/0xz  T_73.4, 8;
    %load/vec4 v00000238924a1580_0;
    %assign/vec4 v00000238924a0b80_0, 0;
    %load/vec4 v00000238924a09a0_0;
    %load/vec4 v00000238924a1580_0;
    %pad/s 32;
    %load/vec4 v00000238924a0e00_0;
    %pad/s 32;
    %mul;
    %add;
    %assign/vec4 v00000238924a02c0_0, 0;
T_73.4 ;
T_73.1 ;
    %jmp T_73;
    .thread T_73;
    .scope S_00000238927e8540;
T_74 ;
    %wait E_00000238926ed750;
    %load/vec4 v00000238924bfb00_0;
    %nor/r;
    %flag_set/vec4 8;
    %jmp/0xz  T_74.0, 8;
    %pushi/vec4 0, 0, 8;
    %assign/vec4 v00000238924c1040_0, 0;
    %pushi/vec4 0, 0, 8;
    %assign/vec4 v00000238924c01e0_0, 0;
    %pushi/vec4 0, 0, 32;
    %assign/vec4 v00000238924c0320_0, 0;
    %jmp T_74.1;
T_74.0 ;
    %load/vec4 v00000238924c00a0_0;
    %flag_set/vec4 8;
    %jmp/0xz  T_74.2, 8;
    %load/vec4 v00000238924c0640_0;
    %assign/vec4 v00000238924c1040_0, 0;
T_74.2 ;
    %load/vec4 v000002389249fc80_0;
    %flag_set/vec4 8;
    %jmp/0xz  T_74.4, 8;
    %load/vec4 v00000238924a0fe0_0;
    %assign/vec4 v00000238924c01e0_0, 0;
    %load/vec4 v00000238924bfd80_0;
    %load/vec4 v00000238924a0fe0_0;
    %pad/s 32;
    %load/vec4 v00000238924c1040_0;
    %pad/s 32;
    %mul;
    %add;
    %assign/vec4 v00000238924c0320_0, 0;
T_74.4 ;
T_74.1 ;
    %jmp T_74;
    .thread T_74;
    .scope S_00000238927e75a0;
T_75 ;
    %wait E_00000238926ed750;
    %load/vec4 v00000238924b5710_0;
    %nor/r;
    %flag_set/vec4 8;
    %jmp/0xz  T_75.0, 8;
    %pushi/vec4 0, 0, 8;
    %assign/vec4 v00000238924b5f30_0, 0;
    %pushi/vec4 0, 0, 8;
    %assign/vec4 v00000238924c1220_0, 0;
    %pushi/vec4 0, 0, 32;
    %assign/vec4 v00000238924c12c0_0, 0;
    %jmp T_75.1;
T_75.0 ;
    %load/vec4 v00000238924c1180_0;
    %flag_set/vec4 8;
    %jmp/0xz  T_75.2, 8;
    %load/vec4 v00000238924c0be0_0;
    %assign/vec4 v00000238924b5f30_0, 0;
T_75.2 ;
    %load/vec4 v00000238924bfce0_0;
    %flag_set/vec4 8;
    %jmp/0xz  T_75.4, 8;
    %load/vec4 v00000238924c0820_0;
    %assign/vec4 v00000238924c1220_0, 0;
    %load/vec4 v00000238924c0b40_0;
    %load/vec4 v00000238924c0820_0;
    %pad/s 32;
    %load/vec4 v00000238924b5f30_0;
    %pad/s 32;
    %mul;
    %add;
    %assign/vec4 v00000238924c12c0_0, 0;
T_75.4 ;
T_75.1 ;
    %jmp T_75;
    .thread T_75;
    .scope S_00000238927e8b80;
T_76 ;
    %wait E_00000238926ed750;
    %load/vec4 v00000238924b5b70_0;
    %nor/r;
    %flag_set/vec4 8;
    %jmp/0xz  T_76.0, 8;
    %pushi/vec4 0, 0, 8;
    %assign/vec4 v00000238924b7150_0, 0;
    %pushi/vec4 0, 0, 8;
    %assign/vec4 v00000238924b6570_0, 0;
    %pushi/vec4 0, 0, 32;
    %assign/vec4 v00000238924b6110_0, 0;
    %jmp T_76.1;
T_76.0 ;
    %load/vec4 v00000238924b5ad0_0;
    %flag_set/vec4 8;
    %jmp/0xz  T_76.2, 8;
    %load/vec4 v00000238924b69d0_0;
    %assign/vec4 v00000238924b7150_0, 0;
T_76.2 ;
    %load/vec4 v00000238924b6f70_0;
    %flag_set/vec4 8;
    %jmp/0xz  T_76.4, 8;
    %load/vec4 v00000238924b6750_0;
    %assign/vec4 v00000238924b6570_0, 0;
    %load/vec4 v00000238924b5d50_0;
    %load/vec4 v00000238924b6750_0;
    %pad/s 32;
    %load/vec4 v00000238924b7150_0;
    %pad/s 32;
    %mul;
    %add;
    %assign/vec4 v00000238924b6110_0, 0;
T_76.4 ;
T_76.1 ;
    %jmp T_76;
    .thread T_76;
    .scope S_00000238927e8ea0;
T_77 ;
    %wait E_00000238926ed750;
    %load/vec4 v00000238924db830_0;
    %nor/r;
    %flag_set/vec4 8;
    %jmp/0xz  T_77.0, 8;
    %pushi/vec4 0, 0, 8;
    %assign/vec4 v00000238924db8d0_0, 0;
    %pushi/vec4 0, 0, 8;
    %assign/vec4 v00000238924db0b0_0, 0;
    %pushi/vec4 0, 0, 32;
    %assign/vec4 v00000238924da250_0, 0;
    %jmp T_77.1;
T_77.0 ;
    %load/vec4 v00000238924daf70_0;
    %flag_set/vec4 8;
    %jmp/0xz  T_77.2, 8;
    %load/vec4 v00000238924db510_0;
    %assign/vec4 v00000238924db8d0_0, 0;
T_77.2 ;
    %load/vec4 v00000238924daed0_0;
    %flag_set/vec4 8;
    %jmp/0xz  T_77.4, 8;
    %load/vec4 v00000238924db470_0;
    %assign/vec4 v00000238924db0b0_0, 0;
    %load/vec4 v00000238924db650_0;
    %load/vec4 v00000238924db470_0;
    %pad/s 32;
    %load/vec4 v00000238924db8d0_0;
    %pad/s 32;
    %mul;
    %add;
    %assign/vec4 v00000238924da250_0, 0;
T_77.4 ;
T_77.1 ;
    %jmp T_77;
    .thread T_77;
    .scope S_00000238927ecad0;
T_78 ;
    %wait E_00000238926ed750;
    %load/vec4 v000002389249f1b0_0;
    %nor/r;
    %flag_set/vec4 8;
    %jmp/0xz  T_78.0, 8;
    %pushi/vec4 0, 0, 8;
    %assign/vec4 v000002389249da90_0, 0;
    %pushi/vec4 0, 0, 8;
    %assign/vec4 v000002389249ed50_0, 0;
    %pushi/vec4 0, 0, 32;
    %assign/vec4 v000002389249d770_0, 0;
    %jmp T_78.1;
T_78.0 ;
    %load/vec4 v000002389249dbd0_0;
    %flag_set/vec4 8;
    %jmp/0xz  T_78.2, 8;
    %load/vec4 v000002389249e8f0_0;
    %assign/vec4 v000002389249da90_0, 0;
T_78.2 ;
    %load/vec4 v000002389249e0d0_0;
    %flag_set/vec4 8;
    %jmp/0xz  T_78.4, 8;
    %load/vec4 v000002389249d6d0_0;
    %assign/vec4 v000002389249ed50_0, 0;
    %load/vec4 v000002389249e710_0;
    %load/vec4 v000002389249d6d0_0;
    %pad/s 32;
    %load/vec4 v000002389249da90_0;
    %pad/s 32;
    %mul;
    %add;
    %assign/vec4 v000002389249d770_0, 0;
T_78.4 ;
T_78.1 ;
    %jmp T_78;
    .thread T_78;
    .scope S_00000238927ec620;
T_79 ;
    %wait E_00000238926ed750;
    %load/vec4 v00000238927f11a0_0;
    %nor/r;
    %flag_set/vec4 8;
    %jmp/0xz  T_79.0, 8;
    %pushi/vec4 0, 0, 8;
    %assign/vec4 v00000238927f0d40_0, 0;
    %pushi/vec4 0, 0, 8;
    %assign/vec4 v00000238927f0ca0_0, 0;
    %pushi/vec4 0, 0, 32;
    %assign/vec4 v00000238927f0c00_0, 0;
    %jmp T_79.1;
T_79.0 ;
    %load/vec4 v00000238924046b0_0;
    %flag_set/vec4 8;
    %jmp/0xz  T_79.2, 8;
    %load/vec4 v0000023892404110_0;
    %assign/vec4 v00000238927f0d40_0, 0;
T_79.2 ;
    %load/vec4 v000002389249e530_0;
    %flag_set/vec4 8;
    %jmp/0xz  T_79.4, 8;
    %load/vec4 v0000023892404a70_0;
    %assign/vec4 v00000238927f0ca0_0, 0;
    %load/vec4 v0000023892404430_0;
    %load/vec4 v0000023892404a70_0;
    %pad/s 32;
    %load/vec4 v00000238927f0d40_0;
    %pad/s 32;
    %mul;
    %add;
    %assign/vec4 v00000238927f0c00_0, 0;
T_79.4 ;
T_79.1 ;
    %jmp T_79;
    .thread T_79;
    .scope S_00000238927e9bf0;
T_80 ;
    %wait E_00000238926ed750;
    %load/vec4 v00000238927efda0_0;
    %nor/r;
    %flag_set/vec4 8;
    %jmp/0xz  T_80.0, 8;
    %pushi/vec4 0, 0, 8;
    %assign/vec4 v00000238927f0e80_0, 0;
    %pushi/vec4 0, 0, 8;
    %assign/vec4 v00000238927f0660_0, 0;
    %pushi/vec4 0, 0, 32;
    %assign/vec4 v00000238927f1a60_0, 0;
    %jmp T_80.1;
T_80.0 ;
    %load/vec4 v00000238927f19c0_0;
    %flag_set/vec4 8;
    %jmp/0xz  T_80.2, 8;
    %load/vec4 v00000238927f05c0_0;
    %assign/vec4 v00000238927f0e80_0, 0;
T_80.2 ;
    %load/vec4 v00000238927f0840_0;
    %flag_set/vec4 8;
    %jmp/0xz  T_80.4, 8;
    %load/vec4 v00000238927ef9e0_0;
    %assign/vec4 v00000238927f0660_0, 0;
    %load/vec4 v00000238927f1380_0;
    %load/vec4 v00000238927ef9e0_0;
    %pad/s 32;
    %load/vec4 v00000238927f0e80_0;
    %pad/s 32;
    %mul;
    %add;
    %assign/vec4 v00000238927f1a60_0, 0;
T_80.4 ;
T_80.1 ;
    %jmp T_80;
    .thread T_80;
    .scope S_00000238927ebe50;
T_81 ;
    %wait E_00000238926ed750;
    %load/vec4 v00000238927f0980_0;
    %nor/r;
    %flag_set/vec4 8;
    %jmp/0xz  T_81.0, 8;
    %pushi/vec4 0, 0, 8;
    %assign/vec4 v00000238927efbc0_0, 0;
    %pushi/vec4 0, 0, 8;
    %assign/vec4 v00000238927eff80_0, 0;
    %pushi/vec4 0, 0, 32;
    %assign/vec4 v00000238927ef940_0, 0;
    %jmp T_81.1;
T_81.0 ;
    %load/vec4 v00000238927f1ec0_0;
    %flag_set/vec4 8;
    %jmp/0xz  T_81.2, 8;
    %load/vec4 v00000238927f1240_0;
    %assign/vec4 v00000238927efbc0_0, 0;
T_81.2 ;
    %load/vec4 v00000238927f08e0_0;
    %flag_set/vec4 8;
    %jmp/0xz  T_81.4, 8;
    %load/vec4 v00000238927efee0_0;
    %assign/vec4 v00000238927eff80_0, 0;
    %load/vec4 v00000238927f0de0_0;
    %load/vec4 v00000238927efee0_0;
    %pad/s 32;
    %load/vec4 v00000238927efbc0_0;
    %pad/s 32;
    %mul;
    %add;
    %assign/vec4 v00000238927ef940_0, 0;
T_81.4 ;
T_81.1 ;
    %jmp T_81;
    .thread T_81;
    .scope S_00000238927ebb30;
T_82 ;
    %wait E_00000238926ed750;
    %load/vec4 v00000238927f1560_0;
    %nor/r;
    %flag_set/vec4 8;
    %jmp/0xz  T_82.0, 8;
    %pushi/vec4 0, 0, 8;
    %assign/vec4 v00000238927f17e0_0, 0;
    %pushi/vec4 0, 0, 8;
    %assign/vec4 v00000238927f1420_0, 0;
    %pushi/vec4 0, 0, 32;
    %assign/vec4 v00000238927f0200_0, 0;
    %jmp T_82.1;
T_82.0 ;
    %load/vec4 v00000238927f12e0_0;
    %flag_set/vec4 8;
    %jmp/0xz  T_82.2, 8;
    %load/vec4 v00000238927f00c0_0;
    %assign/vec4 v00000238927f17e0_0, 0;
T_82.2 ;
    %load/vec4 v00000238927f14c0_0;
    %flag_set/vec4 8;
    %jmp/0xz  T_82.4, 8;
    %load/vec4 v00000238927f16a0_0;
    %assign/vec4 v00000238927f1420_0, 0;
    %load/vec4 v00000238927f0700_0;
    %load/vec4 v00000238927f16a0_0;
    %pad/s 32;
    %load/vec4 v00000238927f17e0_0;
    %pad/s 32;
    %mul;
    %add;
    %assign/vec4 v00000238927f0200_0, 0;
T_82.4 ;
T_82.1 ;
    %jmp T_82;
    .thread T_82;
    .scope S_00000238927e9290;
T_83 ;
    %wait E_00000238926ed750;
    %load/vec4 v00000238927f1b00_0;
    %nor/r;
    %flag_set/vec4 8;
    %jmp/0xz  T_83.0, 8;
    %pushi/vec4 0, 0, 8;
    %assign/vec4 v00000238927f1920_0, 0;
    %pushi/vec4 0, 0, 8;
    %assign/vec4 v00000238927f0340_0, 0;
    %pushi/vec4 0, 0, 32;
    %assign/vec4 v00000238927f0ac0_0, 0;
    %jmp T_83.1;
T_83.0 ;
    %load/vec4 v00000238927f1740_0;
    %flag_set/vec4 8;
    %jmp/0xz  T_83.2, 8;
    %load/vec4 v00000238927f02a0_0;
    %assign/vec4 v00000238927f1920_0, 0;
T_83.2 ;
    %load/vec4 v00000238927f0a20_0;
    %flag_set/vec4 8;
    %jmp/0xz  T_83.4, 8;
    %load/vec4 v00000238927f0160_0;
    %assign/vec4 v00000238927f0340_0, 0;
    %load/vec4 v00000238927f1100_0;
    %load/vec4 v00000238927f0160_0;
    %pad/s 32;
    %load/vec4 v00000238927f1920_0;
    %pad/s 32;
    %mul;
    %add;
    %assign/vec4 v00000238927f0ac0_0, 0;
T_83.4 ;
T_83.1 ;
    %jmp T_83;
    .thread T_83;
    .scope S_00000238927eb680;
T_84 ;
    %wait E_00000238926ed750;
    %load/vec4 v00000238927f2e60_0;
    %nor/r;
    %flag_set/vec4 8;
    %jmp/0xz  T_84.0, 8;
    %pushi/vec4 0, 0, 8;
    %assign/vec4 v00000238927f3a40_0, 0;
    %pushi/vec4 0, 0, 8;
    %assign/vec4 v00000238927f2820_0, 0;
    %pushi/vec4 0, 0, 32;
    %assign/vec4 v00000238927f4620_0, 0;
    %jmp T_84.1;
T_84.0 ;
    %load/vec4 v00000238927f2a00_0;
    %flag_set/vec4 8;
    %jmp/0xz  T_84.2, 8;
    %load/vec4 v00000238927f34a0_0;
    %assign/vec4 v00000238927f3a40_0, 0;
T_84.2 ;
    %load/vec4 v00000238927f2dc0_0;
    %flag_set/vec4 8;
    %jmp/0xz  T_84.4, 8;
    %load/vec4 v00000238927f2780_0;
    %assign/vec4 v00000238927f2820_0, 0;
    %load/vec4 v00000238927f4120_0;
    %load/vec4 v00000238927f2780_0;
    %pad/s 32;
    %load/vec4 v00000238927f3a40_0;
    %pad/s 32;
    %mul;
    %add;
    %assign/vec4 v00000238927f4620_0, 0;
T_84.4 ;
T_84.1 ;
    %jmp T_84;
    .thread T_84;
    .scope S_00000238927e9740;
T_85 ;
    %wait E_00000238926ed750;
    %load/vec4 v00000238927f2aa0_0;
    %nor/r;
    %flag_set/vec4 8;
    %jmp/0xz  T_85.0, 8;
    %pushi/vec4 0, 0, 8;
    %assign/vec4 v00000238927f2960_0, 0;
    %pushi/vec4 0, 0, 8;
    %assign/vec4 v00000238927f21e0_0, 0;
    %pushi/vec4 0, 0, 32;
    %assign/vec4 v00000238927f3180_0, 0;
    %jmp T_85.1;
T_85.0 ;
    %load/vec4 v00000238927f44e0_0;
    %flag_set/vec4 8;
    %jmp/0xz  T_85.2, 8;
    %load/vec4 v00000238927f3fe0_0;
    %assign/vec4 v00000238927f2960_0, 0;
T_85.2 ;
    %load/vec4 v00000238927f2fa0_0;
    %flag_set/vec4 8;
    %jmp/0xz  T_85.4, 8;
    %load/vec4 v00000238927f4800_0;
    %assign/vec4 v00000238927f21e0_0, 0;
    %load/vec4 v00000238927f3040_0;
    %load/vec4 v00000238927f4800_0;
    %pad/s 32;
    %load/vec4 v00000238927f2960_0;
    %pad/s 32;
    %mul;
    %add;
    %assign/vec4 v00000238927f3180_0, 0;
T_85.4 ;
T_85.1 ;
    %jmp T_85;
    .thread T_85;
    .scope S_00000238927eb040;
T_86 ;
    %wait E_00000238926ed750;
    %load/vec4 v00000238927f39a0_0;
    %nor/r;
    %flag_set/vec4 8;
    %jmp/0xz  T_86.0, 8;
    %pushi/vec4 0, 0, 8;
    %assign/vec4 v00000238927f3680_0, 0;
    %pushi/vec4 0, 0, 8;
    %assign/vec4 v00000238927f3540_0, 0;
    %pushi/vec4 0, 0, 32;
    %assign/vec4 v00000238927f35e0_0, 0;
    %jmp T_86.1;
T_86.0 ;
    %load/vec4 v00000238927f48a0_0;
    %flag_set/vec4 8;
    %jmp/0xz  T_86.2, 8;
    %load/vec4 v00000238927f4080_0;
    %assign/vec4 v00000238927f3680_0, 0;
T_86.2 ;
    %load/vec4 v00000238927f4300_0;
    %flag_set/vec4 8;
    %jmp/0xz  T_86.4, 8;
    %load/vec4 v00000238927f3360_0;
    %assign/vec4 v00000238927f3540_0, 0;
    %load/vec4 v00000238927f3400_0;
    %load/vec4 v00000238927f3360_0;
    %pad/s 32;
    %load/vec4 v00000238927f3680_0;
    %pad/s 32;
    %mul;
    %add;
    %assign/vec4 v00000238927f35e0_0, 0;
T_86.4 ;
T_86.1 ;
    %jmp T_86;
    .thread T_86;
    .scope S_00000238927ec170;
T_87 ;
    %wait E_00000238926ed750;
    %load/vec4 v00000238927f2280_0;
    %nor/r;
    %flag_set/vec4 8;
    %jmp/0xz  T_87.0, 8;
    %pushi/vec4 0, 0, 8;
    %assign/vec4 v00000238927f4760_0, 0;
    %pushi/vec4 0, 0, 8;
    %assign/vec4 v00000238927f2500_0, 0;
    %pushi/vec4 0, 0, 32;
    %assign/vec4 v00000238927f3f40_0, 0;
    %jmp T_87.1;
T_87.0 ;
    %load/vec4 v00000238927f3d60_0;
    %flag_set/vec4 8;
    %jmp/0xz  T_87.2, 8;
    %load/vec4 v00000238927f3cc0_0;
    %assign/vec4 v00000238927f4760_0, 0;
T_87.2 ;
    %load/vec4 v00000238927f3ae0_0;
    %flag_set/vec4 8;
    %jmp/0xz  T_87.4, 8;
    %load/vec4 v00000238927f3b80_0;
    %assign/vec4 v00000238927f2500_0, 0;
    %load/vec4 v00000238927f3c20_0;
    %load/vec4 v00000238927f3b80_0;
    %pad/s 32;
    %load/vec4 v00000238927f4760_0;
    %pad/s 32;
    %mul;
    %add;
    %assign/vec4 v00000238927f3f40_0, 0;
T_87.4 ;
T_87.1 ;
    %jmp T_87;
    .thread T_87;
    .scope S_00000238928007d0;
T_88 ;
    %wait E_00000238926ed750;
    %load/vec4 v00000238927f6c40_0;
    %nor/r;
    %flag_set/vec4 8;
    %jmp/0xz  T_88.0, 8;
    %pushi/vec4 0, 0, 8;
    %assign/vec4 v00000238927f5520_0, 0;
    %pushi/vec4 0, 0, 8;
    %assign/vec4 v00000238927f4f80_0, 0;
    %pushi/vec4 0, 0, 32;
    %assign/vec4 v00000238927f6920_0, 0;
    %jmp T_88.1;
T_88.0 ;
    %load/vec4 v00000238927f5c00_0;
    %flag_set/vec4 8;
    %jmp/0xz  T_88.2, 8;
    %load/vec4 v00000238927f52a0_0;
    %assign/vec4 v00000238927f5520_0, 0;
T_88.2 ;
    %load/vec4 v00000238927f49e0_0;
    %flag_set/vec4 8;
    %jmp/0xz  T_88.4, 8;
    %load/vec4 v00000238927f5e80_0;
    %assign/vec4 v00000238927f4f80_0, 0;
    %load/vec4 v00000238927f4da0_0;
    %load/vec4 v00000238927f5e80_0;
    %pad/s 32;
    %load/vec4 v00000238927f5520_0;
    %pad/s 32;
    %mul;
    %add;
    %assign/vec4 v00000238927f6920_0, 0;
T_88.4 ;
T_88.1 ;
    %jmp T_88;
    .thread T_88;
    .scope S_00000238927fe0c0;
T_89 ;
    %wait E_00000238926ed750;
    %load/vec4 v00000238927f6f60_0;
    %nor/r;
    %flag_set/vec4 8;
    %jmp/0xz  T_89.0, 8;
    %pushi/vec4 0, 0, 8;
    %assign/vec4 v00000238927f6d80_0, 0;
    %pushi/vec4 0, 0, 8;
    %assign/vec4 v00000238927f6060_0, 0;
    %pushi/vec4 0, 0, 32;
    %assign/vec4 v00000238927f5020_0, 0;
    %jmp T_89.1;
T_89.0 ;
    %load/vec4 v00000238927f5f20_0;
    %flag_set/vec4 8;
    %jmp/0xz  T_89.2, 8;
    %load/vec4 v00000238927f6ce0_0;
    %assign/vec4 v00000238927f6d80_0, 0;
T_89.2 ;
    %load/vec4 v00000238927f69c0_0;
    %flag_set/vec4 8;
    %jmp/0xz  T_89.4, 8;
    %load/vec4 v00000238927f4bc0_0;
    %assign/vec4 v00000238927f6060_0, 0;
    %load/vec4 v00000238927f5840_0;
    %load/vec4 v00000238927f4bc0_0;
    %pad/s 32;
    %load/vec4 v00000238927f6d80_0;
    %pad/s 32;
    %mul;
    %add;
    %assign/vec4 v00000238927f5020_0, 0;
T_89.4 ;
T_89.1 ;
    %jmp T_89;
    .thread T_89;
    .scope S_00000238927ffb50;
T_90 ;
    %wait E_00000238926ed750;
    %load/vec4 v00000238927f6e20_0;
    %nor/r;
    %flag_set/vec4 8;
    %jmp/0xz  T_90.0, 8;
    %pushi/vec4 0, 0, 8;
    %assign/vec4 v00000238927f4e40_0, 0;
    %pushi/vec4 0, 0, 8;
    %assign/vec4 v00000238927f6100_0, 0;
    %pushi/vec4 0, 0, 32;
    %assign/vec4 v00000238927f61a0_0, 0;
    %jmp T_90.1;
T_90.0 ;
    %load/vec4 v00000238927f6a60_0;
    %flag_set/vec4 8;
    %jmp/0xz  T_90.2, 8;
    %load/vec4 v00000238927f5fc0_0;
    %assign/vec4 v00000238927f4e40_0, 0;
T_90.2 ;
    %load/vec4 v00000238927f5d40_0;
    %flag_set/vec4 8;
    %jmp/0xz  T_90.4, 8;
    %load/vec4 v00000238927f67e0_0;
    %assign/vec4 v00000238927f6100_0, 0;
    %load/vec4 v00000238927f62e0_0;
    %load/vec4 v00000238927f67e0_0;
    %pad/s 32;
    %load/vec4 v00000238927f4e40_0;
    %pad/s 32;
    %mul;
    %add;
    %assign/vec4 v00000238927f61a0_0, 0;
T_90.4 ;
T_90.1 ;
    %jmp T_90;
    .thread T_90;
    .scope S_00000238927fdda0;
T_91 ;
    %wait E_00000238926ed750;
    %load/vec4 v00000238927f5ca0_0;
    %nor/r;
    %flag_set/vec4 8;
    %jmp/0xz  T_91.0, 8;
    %pushi/vec4 0, 0, 8;
    %assign/vec4 v00000238927f5200_0, 0;
    %pushi/vec4 0, 0, 8;
    %assign/vec4 v00000238927f4c60_0, 0;
    %pushi/vec4 0, 0, 32;
    %assign/vec4 v00000238927f4ee0_0, 0;
    %jmp T_91.1;
T_91.0 ;
    %load/vec4 v00000238927f5a20_0;
    %flag_set/vec4 8;
    %jmp/0xz  T_91.2, 8;
    %load/vec4 v00000238927f5980_0;
    %assign/vec4 v00000238927f5200_0, 0;
T_91.2 ;
    %load/vec4 v00000238927f5160_0;
    %flag_set/vec4 8;
    %jmp/0xz  T_91.4, 8;
    %load/vec4 v00000238927f50c0_0;
    %assign/vec4 v00000238927f4c60_0, 0;
    %load/vec4 v00000238927f57a0_0;
    %load/vec4 v00000238927f50c0_0;
    %pad/s 32;
    %load/vec4 v00000238927f5200_0;
    %pad/s 32;
    %mul;
    %add;
    %assign/vec4 v00000238927f4ee0_0, 0;
T_91.4 ;
T_91.1 ;
    %jmp T_91;
    .thread T_91;
    .scope S_00000238927fd2b0;
T_92 ;
    %wait E_00000238926ed750;
    %load/vec4 v00000238927f9080_0;
    %nor/r;
    %flag_set/vec4 8;
    %jmp/0xz  T_92.0, 8;
    %pushi/vec4 0, 0, 8;
    %assign/vec4 v00000238927f8e00_0, 0;
    %pushi/vec4 0, 0, 8;
    %assign/vec4 v00000238927f8d60_0, 0;
    %pushi/vec4 0, 0, 32;
    %assign/vec4 v00000238927f7320_0, 0;
    %jmp T_92.1;
T_92.0 ;
    %load/vec4 v00000238927f7500_0;
    %flag_set/vec4 8;
    %jmp/0xz  T_92.2, 8;
    %load/vec4 v00000238927f84a0_0;
    %assign/vec4 v00000238927f8e00_0, 0;
T_92.2 ;
    %load/vec4 v00000238927f6740_0;
    %flag_set/vec4 8;
    %jmp/0xz  T_92.4, 8;
    %load/vec4 v00000238927f6ba0_0;
    %assign/vec4 v00000238927f8d60_0, 0;
    %load/vec4 v00000238927f87c0_0;
    %load/vec4 v00000238927f6ba0_0;
    %pad/s 32;
    %load/vec4 v00000238927f8e00_0;
    %pad/s 32;
    %mul;
    %add;
    %assign/vec4 v00000238927f7320_0, 0;
T_92.4 ;
T_92.1 ;
    %jmp T_92;
    .thread T_92;
    .scope S_0000023892800640;
T_93 ;
    %wait E_00000238926ed750;
    %load/vec4 v00000238927f7f00_0;
    %nor/r;
    %flag_set/vec4 8;
    %jmp/0xz  T_93.0, 8;
    %pushi/vec4 0, 0, 8;
    %assign/vec4 v00000238927f9440_0, 0;
    %pushi/vec4 0, 0, 8;
    %assign/vec4 v00000238927f8400_0, 0;
    %pushi/vec4 0, 0, 32;
    %assign/vec4 v00000238927f9760_0, 0;
    %jmp T_93.1;
T_93.0 ;
    %load/vec4 v00000238927f93a0_0;
    %flag_set/vec4 8;
    %jmp/0xz  T_93.2, 8;
    %load/vec4 v00000238927f8f40_0;
    %assign/vec4 v00000238927f9440_0, 0;
T_93.2 ;
    %load/vec4 v00000238927f96c0_0;
    %flag_set/vec4 8;
    %jmp/0xz  T_93.4, 8;
    %load/vec4 v00000238927f71e0_0;
    %assign/vec4 v00000238927f8400_0, 0;
    %load/vec4 v00000238927f8ea0_0;
    %load/vec4 v00000238927f71e0_0;
    %pad/s 32;
    %load/vec4 v00000238927f9440_0;
    %pad/s 32;
    %mul;
    %add;
    %assign/vec4 v00000238927f9760_0, 0;
T_93.4 ;
T_93.1 ;
    %jmp T_93;
    .thread T_93;
    .scope S_00000238927fed40;
T_94 ;
    %wait E_00000238926ed750;
    %load/vec4 v00000238927f9300_0;
    %nor/r;
    %flag_set/vec4 8;
    %jmp/0xz  T_94.0, 8;
    %pushi/vec4 0, 0, 8;
    %assign/vec4 v00000238927f8540_0, 0;
    %pushi/vec4 0, 0, 8;
    %assign/vec4 v00000238927f7820_0, 0;
    %pushi/vec4 0, 0, 32;
    %assign/vec4 v00000238927f94e0_0, 0;
    %jmp T_94.1;
T_94.0 ;
    %load/vec4 v00000238927f80e0_0;
    %flag_set/vec4 8;
    %jmp/0xz  T_94.2, 8;
    %load/vec4 v00000238927f9800_0;
    %assign/vec4 v00000238927f8540_0, 0;
T_94.2 ;
    %load/vec4 v00000238927f7140_0;
    %flag_set/vec4 8;
    %jmp/0xz  T_94.4, 8;
    %load/vec4 v00000238927f7280_0;
    %assign/vec4 v00000238927f7820_0, 0;
    %load/vec4 v00000238927f73c0_0;
    %load/vec4 v00000238927f7280_0;
    %pad/s 32;
    %load/vec4 v00000238927f8540_0;
    %pad/s 32;
    %mul;
    %add;
    %assign/vec4 v00000238927f94e0_0, 0;
T_94.4 ;
T_94.1 ;
    %jmp T_94;
    .thread T_94;
    .scope S_0000023892800e10;
T_95 ;
    %wait E_00000238926ed750;
    %load/vec4 v00000238927f8fe0_0;
    %nor/r;
    %flag_set/vec4 8;
    %jmp/0xz  T_95.0, 8;
    %pushi/vec4 0, 0, 8;
    %assign/vec4 v00000238927f8720_0, 0;
    %pushi/vec4 0, 0, 8;
    %assign/vec4 v00000238927f8b80_0, 0;
    %pushi/vec4 0, 0, 32;
    %assign/vec4 v00000238927f8180_0, 0;
    %jmp T_95.1;
T_95.0 ;
    %load/vec4 v00000238927f7460_0;
    %flag_set/vec4 8;
    %jmp/0xz  T_95.2, 8;
    %load/vec4 v00000238927f8040_0;
    %assign/vec4 v00000238927f8720_0, 0;
T_95.2 ;
    %load/vec4 v00000238927f7960_0;
    %flag_set/vec4 8;
    %jmp/0xz  T_95.4, 8;
    %load/vec4 v00000238927f7aa0_0;
    %assign/vec4 v00000238927f8b80_0, 0;
    %load/vec4 v00000238927f9620_0;
    %load/vec4 v00000238927f7aa0_0;
    %pad/s 32;
    %load/vec4 v00000238927f8720_0;
    %pad/s 32;
    %mul;
    %add;
    %assign/vec4 v00000238927f8180_0, 0;
T_95.4 ;
T_95.1 ;
    %jmp T_95;
    .thread T_95;
    .scope S_00000238927ffe70;
T_96 ;
    %wait E_00000238926ed750;
    %load/vec4 v00000238927fac00_0;
    %nor/r;
    %flag_set/vec4 8;
    %jmp/0xz  T_96.0, 8;
    %pushi/vec4 0, 0, 8;
    %assign/vec4 v00000238927fa2a0_0, 0;
    %pushi/vec4 0, 0, 8;
    %assign/vec4 v00000238927f8cc0_0, 0;
    %pushi/vec4 0, 0, 32;
    %assign/vec4 v00000238927f9da0_0, 0;
    %jmp T_96.1;
T_96.0 ;
    %load/vec4 v00000238927f8c20_0;
    %flag_set/vec4 8;
    %jmp/0xz  T_96.2, 8;
    %load/vec4 v00000238927f8a40_0;
    %assign/vec4 v00000238927fa2a0_0, 0;
T_96.2 ;
    %load/vec4 v00000238927f8900_0;
    %flag_set/vec4 8;
    %jmp/0xz  T_96.4, 8;
    %load/vec4 v00000238927f8360_0;
    %assign/vec4 v00000238927f8cc0_0, 0;
    %load/vec4 v00000238927f89a0_0;
    %load/vec4 v00000238927f8360_0;
    %pad/s 32;
    %load/vec4 v00000238927fa2a0_0;
    %pad/s 32;
    %mul;
    %add;
    %assign/vec4 v00000238927f9da0_0, 0;
T_96.4 ;
T_96.1 ;
    %jmp T_96;
    .thread T_96;
    .scope S_00000238927fd8f0;
T_97 ;
    %wait E_00000238926ed750;
    %load/vec4 v00000238927fae80_0;
    %nor/r;
    %flag_set/vec4 8;
    %jmp/0xz  T_97.0, 8;
    %pushi/vec4 0, 0, 8;
    %assign/vec4 v00000238927fbc40_0, 0;
    %pushi/vec4 0, 0, 8;
    %assign/vec4 v00000238927f9bc0_0, 0;
    %pushi/vec4 0, 0, 32;
    %assign/vec4 v00000238927fa8e0_0, 0;
    %jmp T_97.1;
T_97.0 ;
    %load/vec4 v00000238927f9b20_0;
    %flag_set/vec4 8;
    %jmp/0xz  T_97.2, 8;
    %load/vec4 v00000238927f9d00_0;
    %assign/vec4 v00000238927fbc40_0, 0;
T_97.2 ;
    %load/vec4 v00000238927fbf60_0;
    %flag_set/vec4 8;
    %jmp/0xz  T_97.4, 8;
    %load/vec4 v00000238927fb1a0_0;
    %assign/vec4 v00000238927f9bc0_0, 0;
    %load/vec4 v00000238927fbec0_0;
    %load/vec4 v00000238927fb1a0_0;
    %pad/s 32;
    %load/vec4 v00000238927fbc40_0;
    %pad/s 32;
    %mul;
    %add;
    %assign/vec4 v00000238927fa8e0_0, 0;
T_97.4 ;
T_97.1 ;
    %jmp T_97;
    .thread T_97;
    .scope S_0000023892801900;
T_98 ;
    %wait E_00000238926ed750;
    %load/vec4 v00000238927fa340_0;
    %nor/r;
    %flag_set/vec4 8;
    %jmp/0xz  T_98.0, 8;
    %pushi/vec4 0, 0, 8;
    %assign/vec4 v00000238927f9ee0_0, 0;
    %pushi/vec4 0, 0, 8;
    %assign/vec4 v00000238927fba60_0, 0;
    %pushi/vec4 0, 0, 32;
    %assign/vec4 v00000238927faf20_0, 0;
    %jmp T_98.1;
T_98.0 ;
    %load/vec4 v00000238927fb7e0_0;
    %flag_set/vec4 8;
    %jmp/0xz  T_98.2, 8;
    %load/vec4 v00000238927fb240_0;
    %assign/vec4 v00000238927f9ee0_0, 0;
T_98.2 ;
    %load/vec4 v00000238927fad40_0;
    %flag_set/vec4 8;
    %jmp/0xz  T_98.4, 8;
    %load/vec4 v00000238927f9e40_0;
    %assign/vec4 v00000238927fba60_0, 0;
    %load/vec4 v00000238927fbba0_0;
    %load/vec4 v00000238927f9e40_0;
    %pad/s 32;
    %load/vec4 v00000238927f9ee0_0;
    %pad/s 32;
    %mul;
    %add;
    %assign/vec4 v00000238927faf20_0, 0;
T_98.4 ;
T_98.1 ;
    %jmp T_98;
    .thread T_98;
    .scope S_00000238928028a0;
T_99 ;
    %wait E_00000238926ed750;
    %load/vec4 v00000238927fbe20_0;
    %nor/r;
    %flag_set/vec4 8;
    %jmp/0xz  T_99.0, 8;
    %pushi/vec4 0, 0, 8;
    %assign/vec4 v00000238927fa520_0, 0;
    %pushi/vec4 0, 0, 8;
    %assign/vec4 v00000238927fc0a0_0, 0;
    %pushi/vec4 0, 0, 32;
    %assign/vec4 v00000238927fa200_0, 0;
    %jmp T_99.1;
T_99.0 ;
    %load/vec4 v00000238927fa0c0_0;
    %flag_set/vec4 8;
    %jmp/0xz  T_99.2, 8;
    %load/vec4 v00000238927fa3e0_0;
    %assign/vec4 v00000238927fa520_0, 0;
T_99.2 ;
    %load/vec4 v00000238927fbd80_0;
    %flag_set/vec4 8;
    %jmp/0xz  T_99.4, 8;
    %load/vec4 v00000238927fa020_0;
    %assign/vec4 v00000238927fc0a0_0, 0;
    %load/vec4 v00000238927fb2e0_0;
    %load/vec4 v00000238927fa020_0;
    %pad/s 32;
    %load/vec4 v00000238927fa520_0;
    %pad/s 32;
    %mul;
    %add;
    %assign/vec4 v00000238927fa200_0, 0;
T_99.4 ;
T_99.1 ;
    %jmp T_99;
    .thread T_99;
    .scope S_0000023892802d50;
T_100 ;
    %wait E_00000238926ed750;
    %load/vec4 v00000238927fb9c0_0;
    %nor/r;
    %flag_set/vec4 8;
    %jmp/0xz  T_100.0, 8;
    %pushi/vec4 0, 0, 8;
    %assign/vec4 v00000238927fb920_0, 0;
    %pushi/vec4 0, 0, 8;
    %assign/vec4 v00000238927fb100_0, 0;
    %pushi/vec4 0, 0, 32;
    %assign/vec4 v00000238927fb740_0, 0;
    %jmp T_100.1;
T_100.0 ;
    %load/vec4 v00000238927fb560_0;
    %flag_set/vec4 8;
    %jmp/0xz  T_100.2, 8;
    %load/vec4 v00000238927fb4c0_0;
    %assign/vec4 v00000238927fb920_0, 0;
T_100.2 ;
    %load/vec4 v00000238927fa7a0_0;
    %flag_set/vec4 8;
    %jmp/0xz  T_100.4, 8;
    %load/vec4 v00000238927fafc0_0;
    %assign/vec4 v00000238927fb100_0, 0;
    %load/vec4 v00000238927fb060_0;
    %load/vec4 v00000238927fafc0_0;
    %pad/s 32;
    %load/vec4 v00000238927fb920_0;
    %pad/s 32;
    %mul;
    %add;
    %assign/vec4 v00000238927fb740_0, 0;
T_100.4 ;
T_100.1 ;
    %jmp T_100;
    .thread T_100;
    .scope S_00000238928039d0;
T_101 ;
    %wait E_00000238926ed750;
    %load/vec4 v00000238927fca00_0;
    %nor/r;
    %flag_set/vec4 8;
    %jmp/0xz  T_101.0, 8;
    %pushi/vec4 0, 0, 8;
    %assign/vec4 v00000238927fc500_0, 0;
    %pushi/vec4 0, 0, 8;
    %assign/vec4 v00000238927fc460_0, 0;
    %pushi/vec4 0, 0, 32;
    %assign/vec4 v00000238927fc960_0, 0;
    %jmp T_101.1;
T_101.0 ;
    %load/vec4 v00000238927fcc80_0;
    %flag_set/vec4 8;
    %jmp/0xz  T_101.2, 8;
    %load/vec4 v00000238927fcbe0_0;
    %assign/vec4 v00000238927fc500_0, 0;
T_101.2 ;
    %load/vec4 v00000238927fcb40_0;
    %flag_set/vec4 8;
    %jmp/0xz  T_101.4, 8;
    %load/vec4 v00000238927fc8c0_0;
    %assign/vec4 v00000238927fc460_0, 0;
    %load/vec4 v00000238927fc1e0_0;
    %load/vec4 v00000238927fc8c0_0;
    %pad/s 32;
    %load/vec4 v00000238927fc500_0;
    %pad/s 32;
    %mul;
    %add;
    %assign/vec4 v00000238927fc960_0, 0;
T_101.4 ;
T_101.1 ;
    %jmp T_101;
    .thread T_101;
    .scope S_0000023892804b00;
T_102 ;
    %wait E_00000238926ed750;
    %load/vec4 v00000238927ed640_0;
    %nor/r;
    %flag_set/vec4 8;
    %jmp/0xz  T_102.0, 8;
    %pushi/vec4 0, 0, 8;
    %assign/vec4 v00000238927ee720_0, 0;
    %pushi/vec4 0, 0, 8;
    %assign/vec4 v00000238927ed320_0, 0;
    %pushi/vec4 0, 0, 32;
    %assign/vec4 v00000238927eed60_0, 0;
    %jmp T_102.1;
T_102.0 ;
    %load/vec4 v00000238927ee860_0;
    %flag_set/vec4 8;
    %jmp/0xz  T_102.2, 8;
    %load/vec4 v00000238927fc280_0;
    %assign/vec4 v00000238927ee720_0, 0;
T_102.2 ;
    %load/vec4 v00000238927fc780_0;
    %flag_set/vec4 8;
    %jmp/0xz  T_102.4, 8;
    %load/vec4 v00000238927fcd20_0;
    %assign/vec4 v00000238927ed320_0, 0;
    %load/vec4 v00000238927fcdc0_0;
    %load/vec4 v00000238927fcd20_0;
    %pad/s 32;
    %load/vec4 v00000238927ee720_0;
    %pad/s 32;
    %mul;
    %add;
    %assign/vec4 v00000238927eed60_0, 0;
T_102.4 ;
T_102.1 ;
    %jmp T_102;
    .thread T_102;
    .scope S_00000238928047e0;
T_103 ;
    %wait E_00000238926ed750;
    %load/vec4 v00000238927ef440_0;
    %nor/r;
    %flag_set/vec4 8;
    %jmp/0xz  T_103.0, 8;
    %pushi/vec4 0, 0, 8;
    %assign/vec4 v00000238927eddc0_0, 0;
    %pushi/vec4 0, 0, 8;
    %assign/vec4 v00000238927ed780_0, 0;
    %pushi/vec4 0, 0, 32;
    %assign/vec4 v00000238927ef120_0, 0;
    %jmp T_103.1;
T_103.0 ;
    %load/vec4 v00000238927ee400_0;
    %flag_set/vec4 8;
    %jmp/0xz  T_103.2, 8;
    %load/vec4 v00000238927edaa0_0;
    %assign/vec4 v00000238927eddc0_0, 0;
T_103.2 ;
    %load/vec4 v00000238927ed1e0_0;
    %flag_set/vec4 8;
    %jmp/0xz  T_103.4, 8;
    %load/vec4 v00000238927ee680_0;
    %assign/vec4 v00000238927ed780_0, 0;
    %load/vec4 v00000238927ed5a0_0;
    %load/vec4 v00000238927ee680_0;
    %pad/s 32;
    %load/vec4 v00000238927eddc0_0;
    %pad/s 32;
    %mul;
    %add;
    %assign/vec4 v00000238927ef120_0, 0;
T_103.4 ;
T_103.1 ;
    %jmp T_103;
    .thread T_103;
    .scope S_0000023892802260;
T_104 ;
    %wait E_00000238926ed750;
    %load/vec4 v00000238927ef760_0;
    %nor/r;
    %flag_set/vec4 8;
    %jmp/0xz  T_104.0, 8;
    %pushi/vec4 0, 0, 8;
    %assign/vec4 v00000238927ef580_0, 0;
    %pushi/vec4 0, 0, 8;
    %assign/vec4 v00000238927ee900_0, 0;
    %pushi/vec4 0, 0, 32;
    %assign/vec4 v00000238927ed820_0, 0;
    %jmp T_104.1;
T_104.0 ;
    %load/vec4 v00000238927ee7c0_0;
    %flag_set/vec4 8;
    %jmp/0xz  T_104.2, 8;
    %load/vec4 v00000238927ef4e0_0;
    %assign/vec4 v00000238927ef580_0, 0;
T_104.2 ;
    %load/vec4 v00000238927ef1c0_0;
    %flag_set/vec4 8;
    %jmp/0xz  T_104.4, 8;
    %load/vec4 v00000238927ed3c0_0;
    %assign/vec4 v00000238927ee900_0, 0;
    %load/vec4 v00000238927ee040_0;
    %load/vec4 v00000238927ed3c0_0;
    %pad/s 32;
    %load/vec4 v00000238927ef580_0;
    %pad/s 32;
    %mul;
    %add;
    %assign/vec4 v00000238927ed820_0, 0;
T_104.4 ;
T_104.1 ;
    %jmp T_104;
    .thread T_104;
    .scope S_0000023892803b60;
T_105 ;
    %wait E_00000238926ed750;
    %load/vec4 v00000238927ef800_0;
    %nor/r;
    %flag_set/vec4 8;
    %jmp/0xz  T_105.0, 8;
    %pushi/vec4 0, 0, 8;
    %assign/vec4 v00000238927ed6e0_0, 0;
    %pushi/vec4 0, 0, 8;
    %assign/vec4 v00000238927eeb80_0, 0;
    %pushi/vec4 0, 0, 32;
    %assign/vec4 v00000238927eecc0_0, 0;
    %jmp T_105.1;
T_105.0 ;
    %load/vec4 v00000238927ef300_0;
    %flag_set/vec4 8;
    %jmp/0xz  T_105.2, 8;
    %load/vec4 v00000238927ee9a0_0;
    %assign/vec4 v00000238927ed6e0_0, 0;
T_105.2 ;
    %load/vec4 v00000238927ee540_0;
    %flag_set/vec4 8;
    %jmp/0xz  T_105.4, 8;
    %load/vec4 v00000238927ef260_0;
    %assign/vec4 v00000238927eeb80_0, 0;
    %load/vec4 v00000238927eeae0_0;
    %load/vec4 v00000238927ef260_0;
    %pad/s 32;
    %load/vec4 v00000238927ed6e0_0;
    %pad/s 32;
    %mul;
    %add;
    %assign/vec4 v00000238927eecc0_0, 0;
T_105.4 ;
T_105.1 ;
    %jmp T_105;
    .thread T_105;
    .scope S_0000023892803cf0;
T_106 ;
    %wait E_00000238926ed750;
    %load/vec4 v000002389280a3e0_0;
    %nor/r;
    %flag_set/vec4 8;
    %jmp/0xz  T_106.0, 8;
    %pushi/vec4 0, 0, 8;
    %assign/vec4 v00000238927ee5e0_0, 0;
    %pushi/vec4 0, 0, 8;
    %assign/vec4 v00000238927ee180_0, 0;
    %pushi/vec4 0, 0, 32;
    %assign/vec4 v00000238927ee2c0_0, 0;
    %jmp T_106.1;
T_106.0 ;
    %load/vec4 v00000238927edb40_0;
    %flag_set/vec4 8;
    %jmp/0xz  T_106.2, 8;
    %load/vec4 v00000238927eda00_0;
    %assign/vec4 v00000238927ee5e0_0, 0;
T_106.2 ;
    %load/vec4 v00000238927ed280_0;
    %flag_set/vec4 8;
    %jmp/0xz  T_106.4, 8;
    %load/vec4 v00000238927ed460_0;
    %assign/vec4 v00000238927ee180_0, 0;
    %load/vec4 v00000238927ed960_0;
    %load/vec4 v00000238927ed460_0;
    %pad/s 32;
    %load/vec4 v00000238927ee5e0_0;
    %pad/s 32;
    %mul;
    %add;
    %assign/vec4 v00000238927ee2c0_0, 0;
T_106.4 ;
T_106.1 ;
    %jmp T_106;
    .thread T_106;
    .scope S_0000023892801130;
T_107 ;
    %wait E_00000238926ed750;
    %load/vec4 v0000023892809e40_0;
    %nor/r;
    %flag_set/vec4 8;
    %jmp/0xz  T_107.0, 8;
    %pushi/vec4 0, 0, 8;
    %assign/vec4 v00000238928082c0_0, 0;
    %pushi/vec4 0, 0, 8;
    %assign/vec4 v0000023892809120_0, 0;
    %pushi/vec4 0, 0, 32;
    %assign/vec4 v0000023892808220_0, 0;
    %jmp T_107.1;
T_107.0 ;
    %load/vec4 v0000023892808ea0_0;
    %flag_set/vec4 8;
    %jmp/0xz  T_107.2, 8;
    %load/vec4 v000002389280a340_0;
    %assign/vec4 v00000238928082c0_0, 0;
T_107.2 ;
    %load/vec4 v0000023892809a80_0;
    %flag_set/vec4 8;
    %jmp/0xz  T_107.4, 8;
    %load/vec4 v0000023892809b20_0;
    %assign/vec4 v0000023892809120_0, 0;
    %load/vec4 v0000023892809940_0;
    %load/vec4 v0000023892809b20_0;
    %pad/s 32;
    %load/vec4 v00000238928082c0_0;
    %pad/s 32;
    %mul;
    %add;
    %assign/vec4 v0000023892808220_0, 0;
T_107.4 ;
T_107.1 ;
    %jmp T_107;
    .thread T_107;
    .scope S_0000023892819010;
T_108 ;
    %wait E_00000238926ed750;
    %load/vec4 v000002389280a020_0;
    %nor/r;
    %flag_set/vec4 8;
    %jmp/0xz  T_108.0, 8;
    %pushi/vec4 0, 0, 8;
    %assign/vec4 v00000238928091c0_0, 0;
    %pushi/vec4 0, 0, 8;
    %assign/vec4 v0000023892809080_0, 0;
    %pushi/vec4 0, 0, 32;
    %assign/vec4 v000002389280a480_0, 0;
    %jmp T_108.1;
T_108.0 ;
    %load/vec4 v0000023892809c60_0;
    %flag_set/vec4 8;
    %jmp/0xz  T_108.2, 8;
    %load/vec4 v000002389280a200_0;
    %assign/vec4 v00000238928091c0_0, 0;
T_108.2 ;
    %load/vec4 v0000023892808180_0;
    %flag_set/vec4 8;
    %jmp/0xz  T_108.4, 8;
    %load/vec4 v0000023892808b80_0;
    %assign/vec4 v0000023892809080_0, 0;
    %load/vec4 v0000023892808540_0;
    %load/vec4 v0000023892808b80_0;
    %pad/s 32;
    %load/vec4 v00000238928091c0_0;
    %pad/s 32;
    %mul;
    %add;
    %assign/vec4 v000002389280a480_0, 0;
T_108.4 ;
T_108.1 ;
    %jmp T_108;
    .thread T_108;
    .scope S_00000238928165e0;
T_109 ;
    %wait E_00000238926ed750;
    %load/vec4 v0000023892808a40_0;
    %nor/r;
    %flag_set/vec4 8;
    %jmp/0xz  T_109.0, 8;
    %pushi/vec4 0, 0, 8;
    %assign/vec4 v00000238928089a0_0, 0;
    %pushi/vec4 0, 0, 8;
    %assign/vec4 v000002389280a840_0, 0;
    %pushi/vec4 0, 0, 32;
    %assign/vec4 v0000023892808c20_0, 0;
    %jmp T_109.1;
T_109.0 ;
    %load/vec4 v0000023892809260_0;
    %flag_set/vec4 8;
    %jmp/0xz  T_109.2, 8;
    %load/vec4 v00000238928084a0_0;
    %assign/vec4 v00000238928089a0_0, 0;
T_109.2 ;
    %load/vec4 v0000023892809580_0;
    %flag_set/vec4 8;
    %jmp/0xz  T_109.4, 8;
    %load/vec4 v0000023892809ee0_0;
    %assign/vec4 v000002389280a840_0, 0;
    %load/vec4 v0000023892808360_0;
    %load/vec4 v0000023892809ee0_0;
    %pad/s 32;
    %load/vec4 v00000238928089a0_0;
    %pad/s 32;
    %mul;
    %add;
    %assign/vec4 v0000023892808c20_0, 0;
T_109.4 ;
T_109.1 ;
    %jmp T_109;
    .thread T_109;
    .scope S_0000023892816db0;
T_110 ;
    %wait E_00000238926ed750;
    %load/vec4 v0000023892808f40_0;
    %nor/r;
    %flag_set/vec4 8;
    %jmp/0xz  T_110.0, 8;
    %pushi/vec4 0, 0, 8;
    %assign/vec4 v00000238928098a0_0, 0;
    %pushi/vec4 0, 0, 8;
    %assign/vec4 v0000023892809760_0, 0;
    %pushi/vec4 0, 0, 32;
    %assign/vec4 v0000023892808e00_0, 0;
    %jmp T_110.1;
T_110.0 ;
    %load/vec4 v0000023892809300_0;
    %flag_set/vec4 8;
    %jmp/0xz  T_110.2, 8;
    %load/vec4 v000002389280a5c0_0;
    %assign/vec4 v00000238928098a0_0, 0;
T_110.2 ;
    %load/vec4 v0000023892809f80_0;
    %flag_set/vec4 8;
    %jmp/0xz  T_110.4, 8;
    %load/vec4 v000002389280a520_0;
    %assign/vec4 v0000023892809760_0, 0;
    %load/vec4 v00000238928096c0_0;
    %load/vec4 v000002389280a520_0;
    %pad/s 32;
    %load/vec4 v00000238928098a0_0;
    %pad/s 32;
    %mul;
    %add;
    %assign/vec4 v0000023892808e00_0, 0;
T_110.4 ;
T_110.1 ;
    %jmp T_110;
    .thread T_110;
    .scope S_00000238928194c0;
T_111 ;
    %wait E_00000238926ed750;
    %load/vec4 v000002389280ae80_0;
    %nor/r;
    %flag_set/vec4 8;
    %jmp/0xz  T_111.0, 8;
    %pushi/vec4 0, 0, 8;
    %assign/vec4 v000002389280ca00_0, 0;
    %pushi/vec4 0, 0, 8;
    %assign/vec4 v000002389280b4c0_0, 0;
    %pushi/vec4 0, 0, 32;
    %assign/vec4 v000002389280b560_0, 0;
    %jmp T_111.1;
T_111.0 ;
    %load/vec4 v000002389280b380_0;
    %flag_set/vec4 8;
    %jmp/0xz  T_111.2, 8;
    %load/vec4 v000002389280bc40_0;
    %assign/vec4 v000002389280ca00_0, 0;
T_111.2 ;
    %load/vec4 v000002389280c5a0_0;
    %flag_set/vec4 8;
    %jmp/0xz  T_111.4, 8;
    %load/vec4 v000002389280cdc0_0;
    %assign/vec4 v000002389280b4c0_0, 0;
    %load/vec4 v000002389280b1a0_0;
    %load/vec4 v000002389280cdc0_0;
    %pad/s 32;
    %load/vec4 v000002389280ca00_0;
    %pad/s 32;
    %mul;
    %add;
    %assign/vec4 v000002389280b560_0, 0;
T_111.4 ;
T_111.1 ;
    %jmp T_111;
    .thread T_111;
    .scope S_0000023892815e10;
T_112 ;
    %wait E_00000238926ed750;
    %load/vec4 v000002389280c6e0_0;
    %nor/r;
    %flag_set/vec4 8;
    %jmp/0xz  T_112.0, 8;
    %pushi/vec4 0, 0, 8;
    %assign/vec4 v000002389280b740_0, 0;
    %pushi/vec4 0, 0, 8;
    %assign/vec4 v000002389280cd20_0, 0;
    %pushi/vec4 0, 0, 32;
    %assign/vec4 v000002389280c0a0_0, 0;
    %jmp T_112.1;
T_112.0 ;
    %load/vec4 v000002389280c780_0;
    %flag_set/vec4 8;
    %jmp/0xz  T_112.2, 8;
    %load/vec4 v000002389280aa20_0;
    %assign/vec4 v000002389280b740_0, 0;
T_112.2 ;
    %load/vec4 v000002389280cbe0_0;
    %flag_set/vec4 8;
    %jmp/0xz  T_112.4, 8;
    %load/vec4 v000002389280b6a0_0;
    %assign/vec4 v000002389280cd20_0, 0;
    %load/vec4 v000002389280cc80_0;
    %load/vec4 v000002389280b6a0_0;
    %pad/s 32;
    %load/vec4 v000002389280b740_0;
    %pad/s 32;
    %mul;
    %add;
    %assign/vec4 v000002389280c0a0_0, 0;
T_112.4 ;
T_112.1 ;
    %jmp T_112;
    .thread T_112;
    .scope S_00000238928162c0;
T_113 ;
    %wait E_00000238926ed750;
    %load/vec4 v000002389280ade0_0;
    %nor/r;
    %flag_set/vec4 8;
    %jmp/0xz  T_113.0, 8;
    %pushi/vec4 0, 0, 8;
    %assign/vec4 v000002389280bec0_0, 0;
    %pushi/vec4 0, 0, 8;
    %assign/vec4 v000002389280bb00_0, 0;
    %pushi/vec4 0, 0, 32;
    %assign/vec4 v000002389280cb40_0, 0;
    %jmp T_113.1;
T_113.0 ;
    %load/vec4 v000002389280caa0_0;
    %flag_set/vec4 8;
    %jmp/0xz  T_113.2, 8;
    %load/vec4 v000002389280c960_0;
    %assign/vec4 v000002389280bec0_0, 0;
T_113.2 ;
    %load/vec4 v000002389280c000_0;
    %flag_set/vec4 8;
    %jmp/0xz  T_113.4, 8;
    %load/vec4 v000002389280b060_0;
    %assign/vec4 v000002389280bb00_0, 0;
    %load/vec4 v000002389280ba60_0;
    %load/vec4 v000002389280b060_0;
    %pad/s 32;
    %load/vec4 v000002389280bec0_0;
    %pad/s 32;
    %mul;
    %add;
    %assign/vec4 v000002389280cb40_0, 0;
T_113.4 ;
T_113.1 ;
    %jmp T_113;
    .thread T_113;
    .scope S_0000023892816770;
T_114 ;
    %wait E_00000238926ed750;
    %load/vec4 v000002389280c500_0;
    %nor/r;
    %flag_set/vec4 8;
    %jmp/0xz  T_114.0, 8;
    %pushi/vec4 0, 0, 8;
    %assign/vec4 v000002389280ac00_0, 0;
    %pushi/vec4 0, 0, 8;
    %assign/vec4 v000002389280b240_0, 0;
    %pushi/vec4 0, 0, 32;
    %assign/vec4 v000002389280d0e0_0, 0;
    %jmp T_114.1;
T_114.0 ;
    %load/vec4 v000002389280cfa0_0;
    %flag_set/vec4 8;
    %jmp/0xz  T_114.2, 8;
    %load/vec4 v000002389280c460_0;
    %assign/vec4 v000002389280ac00_0, 0;
T_114.2 ;
    %load/vec4 v000002389280be20_0;
    %flag_set/vec4 8;
    %jmp/0xz  T_114.4, 8;
    %load/vec4 v000002389280b100_0;
    %assign/vec4 v000002389280b240_0, 0;
    %load/vec4 v000002389280c1e0_0;
    %load/vec4 v000002389280b100_0;
    %pad/s 32;
    %load/vec4 v000002389280ac00_0;
    %pad/s 32;
    %mul;
    %add;
    %assign/vec4 v000002389280d0e0_0, 0;
T_114.4 ;
T_114.1 ;
    %jmp T_114;
    .thread T_114;
    .scope S_0000023892817bc0;
T_115 ;
    %wait E_00000238926ed750;
    %load/vec4 v000002389280eb20_0;
    %nor/r;
    %flag_set/vec4 8;
    %jmp/0xz  T_115.0, 8;
    %pushi/vec4 0, 0, 8;
    %assign/vec4 v000002389280f020_0, 0;
    %pushi/vec4 0, 0, 8;
    %assign/vec4 v000002389280e9e0_0, 0;
    %pushi/vec4 0, 0, 32;
    %assign/vec4 v000002389280da40_0, 0;
    %jmp T_115.1;
T_115.0 ;
    %load/vec4 v000002389280ea80_0;
    %flag_set/vec4 8;
    %jmp/0xz  T_115.2, 8;
    %load/vec4 v000002389280d900_0;
    %assign/vec4 v000002389280f020_0, 0;
T_115.2 ;
    %load/vec4 v000002389280b2e0_0;
    %flag_set/vec4 8;
    %jmp/0xz  T_115.4, 8;
    %load/vec4 v000002389280eee0_0;
    %assign/vec4 v000002389280e9e0_0, 0;
    %load/vec4 v000002389280dcc0_0;
    %load/vec4 v000002389280eee0_0;
    %pad/s 32;
    %load/vec4 v000002389280f020_0;
    %pad/s 32;
    %mul;
    %add;
    %assign/vec4 v000002389280da40_0, 0;
T_115.4 ;
T_115.1 ;
    %jmp T_115;
    .thread T_115;
    .scope S_00000238928191a0;
T_116 ;
    %wait E_00000238926ed750;
    %load/vec4 v000002389280f200_0;
    %nor/r;
    %flag_set/vec4 8;
    %jmp/0xz  T_116.0, 8;
    %pushi/vec4 0, 0, 8;
    %assign/vec4 v000002389280dd60_0, 0;
    %pushi/vec4 0, 0, 8;
    %assign/vec4 v000002389280e8a0_0, 0;
    %pushi/vec4 0, 0, 32;
    %assign/vec4 v000002389280d9a0_0, 0;
    %jmp T_116.1;
T_116.0 ;
    %load/vec4 v000002389280f160_0;
    %flag_set/vec4 8;
    %jmp/0xz  T_116.2, 8;
    %load/vec4 v000002389280d360_0;
    %assign/vec4 v000002389280dd60_0, 0;
T_116.2 ;
    %load/vec4 v000002389280e760_0;
    %flag_set/vec4 8;
    %jmp/0xz  T_116.4, 8;
    %load/vec4 v000002389280f0c0_0;
    %assign/vec4 v000002389280e8a0_0, 0;
    %load/vec4 v000002389280dae0_0;
    %load/vec4 v000002389280f0c0_0;
    %pad/s 32;
    %load/vec4 v000002389280dd60_0;
    %pad/s 32;
    %mul;
    %add;
    %assign/vec4 v000002389280d9a0_0, 0;
T_116.4 ;
T_116.1 ;
    %jmp T_116;
    .thread T_116;
    .scope S_000002389281c9e0;
T_117 ;
    %wait E_00000238926ed750;
    %load/vec4 v000002389280e120_0;
    %nor/r;
    %flag_set/vec4 8;
    %jmp/0xz  T_117.0, 8;
    %pushi/vec4 0, 0, 8;
    %assign/vec4 v000002389280ec60_0, 0;
    %pushi/vec4 0, 0, 8;
    %assign/vec4 v000002389280db80_0, 0;
    %pushi/vec4 0, 0, 32;
    %assign/vec4 v000002389280f840_0, 0;
    %jmp T_117.1;
T_117.0 ;
    %load/vec4 v000002389280f340_0;
    %flag_set/vec4 8;
    %jmp/0xz  T_117.2, 8;
    %load/vec4 v000002389280f660_0;
    %assign/vec4 v000002389280ec60_0, 0;
T_117.2 ;
    %load/vec4 v000002389280f700_0;
    %flag_set/vec4 8;
    %jmp/0xz  T_117.4, 8;
    %load/vec4 v000002389280f2a0_0;
    %assign/vec4 v000002389280db80_0, 0;
    %load/vec4 v000002389280dfe0_0;
    %load/vec4 v000002389280f2a0_0;
    %pad/s 32;
    %load/vec4 v000002389280ec60_0;
    %pad/s 32;
    %mul;
    %add;
    %assign/vec4 v000002389280f840_0, 0;
T_117.4 ;
T_117.1 ;
    %jmp T_117;
    .thread T_117;
    .scope S_000002389281d340;
T_118 ;
    %wait E_00000238926ed750;
    %load/vec4 v000002389280d4a0_0;
    %nor/r;
    %flag_set/vec4 8;
    %jmp/0xz  T_118.0, 8;
    %pushi/vec4 0, 0, 8;
    %assign/vec4 v000002389280d2c0_0, 0;
    %pushi/vec4 0, 0, 8;
    %assign/vec4 v000002389280de00_0, 0;
    %pushi/vec4 0, 0, 32;
    %assign/vec4 v000002389280d720_0, 0;
    %jmp T_118.1;
T_118.0 ;
    %load/vec4 v000002389280d400_0;
    %flag_set/vec4 8;
    %jmp/0xz  T_118.2, 8;
    %load/vec4 v000002389280d180_0;
    %assign/vec4 v000002389280d2c0_0, 0;
T_118.2 ;
    %load/vec4 v000002389280f3e0_0;
    %flag_set/vec4 8;
    %jmp/0xz  T_118.4, 8;
    %load/vec4 v000002389280d860_0;
    %assign/vec4 v000002389280de00_0, 0;
    %load/vec4 v000002389280e4e0_0;
    %load/vec4 v000002389280d860_0;
    %pad/s 32;
    %load/vec4 v000002389280d2c0_0;
    %pad/s 32;
    %mul;
    %add;
    %assign/vec4 v000002389280d720_0, 0;
T_118.4 ;
T_118.1 ;
    %jmp T_118;
    .thread T_118;
    .scope S_000002389281bbd0;
T_119 ;
    %wait E_00000238926ed750;
    %load/vec4 v000002389280ff20_0;
    %nor/r;
    %flag_set/vec4 8;
    %jmp/0xz  T_119.0, 8;
    %pushi/vec4 0, 0, 8;
    %assign/vec4 v0000023892811320_0, 0;
    %pushi/vec4 0, 0, 8;
    %assign/vec4 v00000238928110a0_0, 0;
    %pushi/vec4 0, 0, 32;
    %assign/vec4 v000002389280fd40_0, 0;
    %jmp T_119.1;
T_119.0 ;
    %load/vec4 v000002389280e620_0;
    %flag_set/vec4 8;
    %jmp/0xz  T_119.2, 8;
    %load/vec4 v000002389280e440_0;
    %assign/vec4 v0000023892811320_0, 0;
T_119.2 ;
    %load/vec4 v000002389280ef80_0;
    %flag_set/vec4 8;
    %jmp/0xz  T_119.4, 8;
    %load/vec4 v000002389280e260_0;
    %assign/vec4 v00000238928110a0_0, 0;
    %load/vec4 v000002389280e3a0_0;
    %load/vec4 v000002389280e260_0;
    %pad/s 32;
    %load/vec4 v0000023892811320_0;
    %pad/s 32;
    %mul;
    %add;
    %assign/vec4 v000002389280fd40_0, 0;
T_119.4 ;
T_119.1 ;
    %jmp T_119;
    .thread T_119;
    .scope S_000002389281ac30;
T_120 ;
    %wait E_00000238926ed750;
    %load/vec4 v0000023892810ce0_0;
    %nor/r;
    %flag_set/vec4 8;
    %jmp/0xz  T_120.0, 8;
    %pushi/vec4 0, 0, 8;
    %assign/vec4 v00000238928101a0_0, 0;
    %pushi/vec4 0, 0, 8;
    %assign/vec4 v0000023892810100_0, 0;
    %pushi/vec4 0, 0, 32;
    %assign/vec4 v0000023892810240_0, 0;
    %jmp T_120.1;
T_120.0 ;
    %load/vec4 v00000238928118c0_0;
    %flag_set/vec4 8;
    %jmp/0xz  T_120.2, 8;
    %load/vec4 v000002389280fde0_0;
    %assign/vec4 v00000238928101a0_0, 0;
T_120.2 ;
    %load/vec4 v00000238928120e0_0;
    %flag_set/vec4 8;
    %jmp/0xz  T_120.4, 8;
    %load/vec4 v000002389280fc00_0;
    %assign/vec4 v0000023892810100_0, 0;
    %load/vec4 v00000238928104c0_0;
    %load/vec4 v000002389280fc00_0;
    %pad/s 32;
    %load/vec4 v00000238928101a0_0;
    %pad/s 32;
    %mul;
    %add;
    %assign/vec4 v0000023892810240_0, 0;
T_120.4 ;
T_120.1 ;
    %jmp T_120;
    .thread T_120;
    .scope S_000002389281adc0;
T_121 ;
    %wait E_00000238926ed750;
    %load/vec4 v00000238928109c0_0;
    %nor/r;
    %flag_set/vec4 8;
    %jmp/0xz  T_121.0, 8;
    %pushi/vec4 0, 0, 8;
    %assign/vec4 v0000023892810420_0, 0;
    %pushi/vec4 0, 0, 8;
    %assign/vec4 v0000023892811000_0, 0;
    %pushi/vec4 0, 0, 32;
    %assign/vec4 v0000023892811280_0, 0;
    %jmp T_121.1;
T_121.0 ;
    %load/vec4 v0000023892810b00_0;
    %flag_set/vec4 8;
    %jmp/0xz  T_121.2, 8;
    %load/vec4 v000002389280fb60_0;
    %assign/vec4 v0000023892810420_0, 0;
T_121.2 ;
    %load/vec4 v00000238928113c0_0;
    %flag_set/vec4 8;
    %jmp/0xz  T_121.4, 8;
    %load/vec4 v0000023892811e60_0;
    %assign/vec4 v0000023892811000_0, 0;
    %load/vec4 v0000023892810e20_0;
    %load/vec4 v0000023892811e60_0;
    %pad/s 32;
    %load/vec4 v0000023892810420_0;
    %pad/s 32;
    %mul;
    %add;
    %assign/vec4 v0000023892811280_0, 0;
T_121.4 ;
T_121.1 ;
    %jmp T_121;
    .thread T_121;
    .scope S_000002389281c530;
T_122 ;
    %wait E_00000238926ed750;
    %load/vec4 v0000023892811f00_0;
    %nor/r;
    %flag_set/vec4 8;
    %jmp/0xz  T_122.0, 8;
    %pushi/vec4 0, 0, 8;
    %assign/vec4 v0000023892811aa0_0, 0;
    %pushi/vec4 0, 0, 8;
    %assign/vec4 v0000023892810740_0, 0;
    %pushi/vec4 0, 0, 32;
    %assign/vec4 v0000023892811820_0, 0;
    %jmp T_122.1;
T_122.0 ;
    %load/vec4 v0000023892811640_0;
    %flag_set/vec4 8;
    %jmp/0xz  T_122.2, 8;
    %load/vec4 v000002389280fa20_0;
    %assign/vec4 v0000023892811aa0_0, 0;
T_122.2 ;
    %load/vec4 v0000023892811b40_0;
    %flag_set/vec4 8;
    %jmp/0xz  T_122.4, 8;
    %load/vec4 v0000023892811c80_0;
    %assign/vec4 v0000023892810740_0, 0;
    %load/vec4 v0000023892810920_0;
    %load/vec4 v0000023892811c80_0;
    %pad/s 32;
    %load/vec4 v0000023892811aa0_0;
    %pad/s 32;
    %mul;
    %add;
    %assign/vec4 v0000023892811820_0, 0;
T_122.4 ;
T_122.1 ;
    %jmp T_122;
    .thread T_122;
    .scope S_000002389281d660;
T_123 ;
    %wait E_00000238926ed750;
    %load/vec4 v000002389280fca0_0;
    %nor/r;
    %flag_set/vec4 8;
    %jmp/0xz  T_123.0, 8;
    %pushi/vec4 0, 0, 8;
    %assign/vec4 v000002389280fac0_0, 0;
    %pushi/vec4 0, 0, 8;
    %assign/vec4 v0000023892811dc0_0, 0;
    %pushi/vec4 0, 0, 32;
    %assign/vec4 v0000023892812040_0, 0;
    %jmp T_123.1;
T_123.0 ;
    %load/vec4 v0000023892811d20_0;
    %flag_set/vec4 8;
    %jmp/0xz  T_123.2, 8;
    %load/vec4 v0000023892811be0_0;
    %assign/vec4 v000002389280fac0_0, 0;
T_123.2 ;
    %load/vec4 v000002389280f980_0;
    %flag_set/vec4 8;
    %jmp/0xz  T_123.4, 8;
    %load/vec4 v00000238928116e0_0;
    %assign/vec4 v0000023892811dc0_0, 0;
    %load/vec4 v0000023892811960_0;
    %load/vec4 v00000238928116e0_0;
    %pad/s 32;
    %load/vec4 v000002389280fac0_0;
    %pad/s 32;
    %mul;
    %add;
    %assign/vec4 v0000023892812040_0, 0;
T_123.4 ;
T_123.1 ;
    %jmp T_123;
    .thread T_123;
    .scope S_000002389281ba40;
T_124 ;
    %wait E_00000238926ed750;
    %load/vec4 v0000023892812ae0_0;
    %nor/r;
    %flag_set/vec4 8;
    %jmp/0xz  T_124.0, 8;
    %pushi/vec4 0, 0, 8;
    %assign/vec4 v0000023892812720_0, 0;
    %pushi/vec4 0, 0, 8;
    %assign/vec4 v0000023892812a40_0, 0;
    %pushi/vec4 0, 0, 32;
    %assign/vec4 v0000023892812900_0, 0;
    %jmp T_124.1;
T_124.0 ;
    %load/vec4 v0000023892814160_0;
    %flag_set/vec4 8;
    %jmp/0xz  T_124.2, 8;
    %load/vec4 v00000238928134e0_0;
    %assign/vec4 v0000023892812720_0, 0;
T_124.2 ;
    %load/vec4 v00000238928136c0_0;
    %flag_set/vec4 8;
    %jmp/0xz  T_124.4, 8;
    %load/vec4 v00000238928138a0_0;
    %assign/vec4 v0000023892812a40_0, 0;
    %load/vec4 v00000238928129a0_0;
    %load/vec4 v00000238928138a0_0;
    %pad/s 32;
    %load/vec4 v0000023892812720_0;
    %pad/s 32;
    %mul;
    %add;
    %assign/vec4 v0000023892812900_0, 0;
T_124.4 ;
T_124.1 ;
    %jmp T_124;
    .thread T_124;
    .scope S_000002389281bef0;
T_125 ;
    %wait E_00000238926ed750;
    %load/vec4 v0000023892814660_0;
    %nor/r;
    %flag_set/vec4 8;
    %jmp/0xz  T_125.0, 8;
    %pushi/vec4 0, 0, 8;
    %assign/vec4 v0000023892812b80_0, 0;
    %pushi/vec4 0, 0, 8;
    %assign/vec4 v00000238928145c0_0, 0;
    %pushi/vec4 0, 0, 32;
    %assign/vec4 v00000238928127c0_0, 0;
    %jmp T_125.1;
T_125.0 ;
    %load/vec4 v0000023892812180_0;
    %flag_set/vec4 8;
    %jmp/0xz  T_125.2, 8;
    %load/vec4 v0000023892814200_0;
    %assign/vec4 v0000023892812b80_0, 0;
T_125.2 ;
    %load/vec4 v0000023892812f40_0;
    %flag_set/vec4 8;
    %jmp/0xz  T_125.4, 8;
    %load/vec4 v0000023892813940_0;
    %assign/vec4 v00000238928145c0_0, 0;
    %load/vec4 v00000238928139e0_0;
    %load/vec4 v0000023892813940_0;
    %pad/s 32;
    %load/vec4 v0000023892812b80_0;
    %pad/s 32;
    %mul;
    %add;
    %assign/vec4 v00000238928127c0_0, 0;
T_125.4 ;
T_125.1 ;
    %jmp T_125;
    .thread T_125;
    .scope S_000002389281db10;
T_126 ;
    %wait E_00000238926ed750;
    %load/vec4 v00000238928143e0_0;
    %nor/r;
    %flag_set/vec4 8;
    %jmp/0xz  T_126.0, 8;
    %pushi/vec4 0, 0, 8;
    %assign/vec4 v0000023892814340_0, 0;
    %pushi/vec4 0, 0, 8;
    %assign/vec4 v0000023892813b20_0, 0;
    %pushi/vec4 0, 0, 32;
    %assign/vec4 v0000023892813260_0, 0;
    %jmp T_126.1;
T_126.0 ;
    %load/vec4 v0000023892813a80_0;
    %flag_set/vec4 8;
    %jmp/0xz  T_126.2, 8;
    %load/vec4 v0000023892813f80_0;
    %assign/vec4 v0000023892814340_0, 0;
T_126.2 ;
    %load/vec4 v00000238928142a0_0;
    %flag_set/vec4 8;
    %jmp/0xz  T_126.4, 8;
    %load/vec4 v0000023892813080_0;
    %assign/vec4 v0000023892813b20_0, 0;
    %load/vec4 v0000023892813120_0;
    %load/vec4 v0000023892813080_0;
    %pad/s 32;
    %load/vec4 v0000023892814340_0;
    %pad/s 32;
    %mul;
    %add;
    %assign/vec4 v0000023892813260_0, 0;
T_126.4 ;
T_126.1 ;
    %jmp T_126;
    .thread T_126;
    .scope S_000002389281de30;
T_127 ;
    %wait E_00000238926ed750;
    %load/vec4 v0000023892813800_0;
    %nor/r;
    %flag_set/vec4 8;
    %jmp/0xz  T_127.0, 8;
    %pushi/vec4 0, 0, 8;
    %assign/vec4 v00000238928147a0_0, 0;
    %pushi/vec4 0, 0, 8;
    %assign/vec4 v0000023892814520_0, 0;
    %pushi/vec4 0, 0, 32;
    %assign/vec4 v0000023892814480_0, 0;
    %jmp T_127.1;
T_127.0 ;
    %load/vec4 v0000023892813760_0;
    %flag_set/vec4 8;
    %jmp/0xz  T_127.2, 8;
    %load/vec4 v0000023892813d00_0;
    %assign/vec4 v00000238928147a0_0, 0;
T_127.2 ;
    %load/vec4 v0000023892813440_0;
    %flag_set/vec4 8;
    %jmp/0xz  T_127.4, 8;
    %load/vec4 v0000023892813580_0;
    %assign/vec4 v0000023892814520_0, 0;
    %load/vec4 v0000023892813620_0;
    %load/vec4 v0000023892813580_0;
    %pad/s 32;
    %load/vec4 v00000238928147a0_0;
    %pad/s 32;
    %mul;
    %add;
    %assign/vec4 v0000023892814480_0, 0;
T_127.4 ;
T_127.1 ;
    %jmp T_127;
    .thread T_127;
    .scope S_000002389281a140;
T_128 ;
    %wait E_00000238926ed750;
    %load/vec4 v0000023892814c00_0;
    %nor/r;
    %flag_set/vec4 8;
    %jmp/0xz  T_128.0, 8;
    %pushi/vec4 0, 0, 8;
    %assign/vec4 v0000023892814ac0_0, 0;
    %pushi/vec4 0, 0, 8;
    %assign/vec4 v00000238928156a0_0, 0;
    %pushi/vec4 0, 0, 32;
    %assign/vec4 v0000023892815740_0, 0;
    %jmp T_128.1;
T_128.0 ;
    %load/vec4 v00000238928152e0_0;
    %flag_set/vec4 8;
    %jmp/0xz  T_128.2, 8;
    %load/vec4 v0000023892815240_0;
    %assign/vec4 v0000023892814ac0_0, 0;
T_128.2 ;
    %load/vec4 v0000023892814e80_0;
    %flag_set/vec4 8;
    %jmp/0xz  T_128.4, 8;
    %load/vec4 v0000023892815100_0;
    %assign/vec4 v00000238928156a0_0, 0;
    %load/vec4 v0000023892815560_0;
    %load/vec4 v0000023892815100_0;
    %pad/s 32;
    %load/vec4 v0000023892814ac0_0;
    %pad/s 32;
    %mul;
    %add;
    %assign/vec4 v0000023892815740_0, 0;
T_128.4 ;
T_128.1 ;
    %jmp T_128;
    .thread T_128;
    .scope S_000002389281f280;
T_129 ;
    %wait E_00000238926ed750;
    %load/vec4 v0000023892807dc0_0;
    %nor/r;
    %flag_set/vec4 8;
    %jmp/0xz  T_129.0, 8;
    %pushi/vec4 0, 0, 8;
    %assign/vec4 v0000023892807280_0, 0;
    %pushi/vec4 0, 0, 8;
    %assign/vec4 v0000023892814980_0, 0;
    %pushi/vec4 0, 0, 32;
    %assign/vec4 v0000023892814a20_0, 0;
    %jmp T_129.1;
T_129.0 ;
    %load/vec4 v0000023892815600_0;
    %flag_set/vec4 8;
    %jmp/0xz  T_129.2, 8;
    %load/vec4 v00000238928154c0_0;
    %assign/vec4 v0000023892807280_0, 0;
T_129.2 ;
    %load/vec4 v0000023892815060_0;
    %flag_set/vec4 8;
    %jmp/0xz  T_129.4, 8;
    %load/vec4 v0000023892815420_0;
    %assign/vec4 v0000023892814980_0, 0;
    %load/vec4 v00000238928157e0_0;
    %load/vec4 v0000023892815420_0;
    %pad/s 32;
    %load/vec4 v0000023892807280_0;
    %pad/s 32;
    %mul;
    %add;
    %assign/vec4 v0000023892814a20_0, 0;
T_129.4 ;
T_129.1 ;
    %jmp T_129;
    .thread T_129;
    .scope S_000002389281e920;
T_130 ;
    %wait E_00000238926ed750;
    %load/vec4 v0000023892805ac0_0;
    %nor/r;
    %flag_set/vec4 8;
    %jmp/0xz  T_130.0, 8;
    %pushi/vec4 0, 0, 8;
    %assign/vec4 v0000023892807640_0, 0;
    %pushi/vec4 0, 0, 8;
    %assign/vec4 v0000023892806e20_0, 0;
    %pushi/vec4 0, 0, 32;
    %assign/vec4 v0000023892806ec0_0, 0;
    %jmp T_130.1;
T_130.0 ;
    %load/vec4 v00000238928076e0_0;
    %flag_set/vec4 8;
    %jmp/0xz  T_130.2, 8;
    %load/vec4 v0000023892806560_0;
    %assign/vec4 v0000023892807640_0, 0;
T_130.2 ;
    %load/vec4 v0000023892806380_0;
    %flag_set/vec4 8;
    %jmp/0xz  T_130.4, 8;
    %load/vec4 v0000023892807f00_0;
    %assign/vec4 v0000023892806e20_0, 0;
    %load/vec4 v00000238928070a0_0;
    %load/vec4 v0000023892807f00_0;
    %pad/s 32;
    %load/vec4 v0000023892807640_0;
    %pad/s 32;
    %mul;
    %add;
    %assign/vec4 v0000023892806ec0_0, 0;
T_130.4 ;
T_130.1 ;
    %jmp T_130;
    .thread T_130;
    .scope S_000002389281edd0;
T_131 ;
    %wait E_00000238926ed750;
    %load/vec4 v0000023892807960_0;
    %nor/r;
    %flag_set/vec4 8;
    %jmp/0xz  T_131.0, 8;
    %pushi/vec4 0, 0, 8;
    %assign/vec4 v00000238928075a0_0, 0;
    %pushi/vec4 0, 0, 8;
    %assign/vec4 v0000023892806240_0, 0;
    %pushi/vec4 0, 0, 32;
    %assign/vec4 v0000023892805e80_0, 0;
    %jmp T_131.1;
T_131.0 ;
    %load/vec4 v0000023892806880_0;
    %flag_set/vec4 8;
    %jmp/0xz  T_131.2, 8;
    %load/vec4 v0000023892807140_0;
    %assign/vec4 v00000238928075a0_0, 0;
T_131.2 ;
    %load/vec4 v0000023892806f60_0;
    %flag_set/vec4 8;
    %jmp/0xz  T_131.4, 8;
    %load/vec4 v0000023892805de0_0;
    %assign/vec4 v0000023892806240_0, 0;
    %load/vec4 v0000023892807000_0;
    %load/vec4 v0000023892805de0_0;
    %pad/s 32;
    %load/vec4 v00000238928075a0_0;
    %pad/s 32;
    %mul;
    %add;
    %assign/vec4 v0000023892805e80_0, 0;
T_131.4 ;
T_131.1 ;
    %jmp T_131;
    .thread T_131;
    .scope S_000002389281f410;
T_132 ;
    %wait E_00000238926ed750;
    %load/vec4 v00000238928067e0_0;
    %nor/r;
    %flag_set/vec4 8;
    %jmp/0xz  T_132.0, 8;
    %pushi/vec4 0, 0, 8;
    %assign/vec4 v0000023892807be0_0, 0;
    %pushi/vec4 0, 0, 8;
    %assign/vec4 v00000238928061a0_0, 0;
    %pushi/vec4 0, 0, 32;
    %assign/vec4 v0000023892805980_0, 0;
    %jmp T_132.1;
T_132.0 ;
    %load/vec4 v0000023892807d20_0;
    %flag_set/vec4 8;
    %jmp/0xz  T_132.2, 8;
    %load/vec4 v0000023892808040_0;
    %assign/vec4 v0000023892807be0_0, 0;
T_132.2 ;
    %load/vec4 v0000023892807fa0_0;
    %flag_set/vec4 8;
    %jmp/0xz  T_132.4, 8;
    %load/vec4 v0000023892806100_0;
    %assign/vec4 v00000238928061a0_0, 0;
    %load/vec4 v0000023892807820_0;
    %load/vec4 v0000023892806100_0;
    %pad/s 32;
    %load/vec4 v0000023892807be0_0;
    %pad/s 32;
    %mul;
    %add;
    %assign/vec4 v0000023892805980_0, 0;
T_132.4 ;
T_132.1 ;
    %jmp T_132;
    .thread T_132;
    .scope S_000002389281fd70;
T_133 ;
    %wait E_00000238926ed750;
    %load/vec4 v0000023892806d80_0;
    %nor/r;
    %flag_set/vec4 8;
    %jmp/0xz  T_133.0, 8;
    %pushi/vec4 0, 0, 8;
    %assign/vec4 v0000023892806ce0_0, 0;
    %pushi/vec4 0, 0, 8;
    %assign/vec4 v00000238928073c0_0, 0;
    %pushi/vec4 0, 0, 32;
    %assign/vec4 v0000023892807aa0_0, 0;
    %jmp T_133.1;
T_133.0 ;
    %load/vec4 v0000023892806c40_0;
    %flag_set/vec4 8;
    %jmp/0xz  T_133.2, 8;
    %load/vec4 v0000023892806ba0_0;
    %assign/vec4 v0000023892806ce0_0, 0;
T_133.2 ;
    %load/vec4 v0000023892806b00_0;
    %flag_set/vec4 8;
    %jmp/0xz  T_133.4, 8;
    %load/vec4 v0000023892807a00_0;
    %assign/vec4 v00000238928073c0_0, 0;
    %load/vec4 v0000023892807320_0;
    %load/vec4 v0000023892807a00_0;
    %pad/s 32;
    %load/vec4 v0000023892806ce0_0;
    %pad/s 32;
    %mul;
    %add;
    %assign/vec4 v0000023892807aa0_0, 0;
T_133.4 ;
T_133.1 ;
    %jmp T_133;
    .thread T_133;
    .scope S_0000023892821030;
T_134 ;
    %wait E_00000238926ed750;
    %load/vec4 v0000023892828530_0;
    %nor/r;
    %flag_set/vec4 8;
    %jmp/0xz  T_134.0, 8;
    %pushi/vec4 0, 0, 8;
    %assign/vec4 v0000023892828350_0, 0;
    %pushi/vec4 0, 0, 8;
    %assign/vec4 v0000023892827770_0, 0;
    %pushi/vec4 0, 0, 32;
    %assign/vec4 v0000023892828fd0_0, 0;
    %jmp T_134.1;
T_134.0 ;
    %load/vec4 v0000023892827590_0;
    %flag_set/vec4 8;
    %jmp/0xz  T_134.2, 8;
    %load/vec4 v0000023892829070_0;
    %assign/vec4 v0000023892828350_0, 0;
T_134.2 ;
    %load/vec4 v0000023892827270_0;
    %flag_set/vec4 8;
    %jmp/0xz  T_134.4, 8;
    %load/vec4 v00000238928283f0_0;
    %assign/vec4 v0000023892827770_0, 0;
    %load/vec4 v0000023892826ff0_0;
    %load/vec4 v00000238928283f0_0;
    %pad/s 32;
    %load/vec4 v0000023892828350_0;
    %pad/s 32;
    %mul;
    %add;
    %assign/vec4 v0000023892828fd0_0, 0;
T_134.4 ;
T_134.1 ;
    %jmp T_134;
    .thread T_134;
    .scope S_0000023892821350;
T_135 ;
    %wait E_00000238926ed750;
    %load/vec4 v0000023892827130_0;
    %nor/r;
    %flag_set/vec4 8;
    %jmp/0xz  T_135.0, 8;
    %pushi/vec4 0, 0, 8;
    %assign/vec4 v0000023892828170_0, 0;
    %pushi/vec4 0, 0, 8;
    %assign/vec4 v0000023892828c10_0, 0;
    %pushi/vec4 0, 0, 32;
    %assign/vec4 v00000238928278b0_0, 0;
    %jmp T_135.1;
T_135.0 ;
    %load/vec4 v0000023892826d70_0;
    %flag_set/vec4 8;
    %jmp/0xz  T_135.2, 8;
    %load/vec4 v0000023892827090_0;
    %assign/vec4 v0000023892828170_0, 0;
T_135.2 ;
    %load/vec4 v0000023892828d50_0;
    %flag_set/vec4 8;
    %jmp/0xz  T_135.4, 8;
    %load/vec4 v0000023892828e90_0;
    %assign/vec4 v0000023892828c10_0, 0;
    %load/vec4 v0000023892826a50_0;
    %load/vec4 v0000023892828e90_0;
    %pad/s 32;
    %load/vec4 v0000023892828170_0;
    %pad/s 32;
    %mul;
    %add;
    %assign/vec4 v00000238928278b0_0, 0;
T_135.4 ;
T_135.1 ;
    %jmp T_135;
    .thread T_135;
    .scope S_00000238928206d0;
T_136 ;
    %wait E_00000238926ed750;
    %load/vec4 v0000023892827950_0;
    %nor/r;
    %flag_set/vec4 8;
    %jmp/0xz  T_136.0, 8;
    %pushi/vec4 0, 0, 8;
    %assign/vec4 v0000023892826e10_0, 0;
    %pushi/vec4 0, 0, 8;
    %assign/vec4 v0000023892826af0_0, 0;
    %pushi/vec4 0, 0, 32;
    %assign/vec4 v00000238928273b0_0, 0;
    %jmp T_136.1;
T_136.0 ;
    %load/vec4 v0000023892826cd0_0;
    %flag_set/vec4 8;
    %jmp/0xz  T_136.2, 8;
    %load/vec4 v00000238928271d0_0;
    %assign/vec4 v0000023892826e10_0, 0;
T_136.2 ;
    %load/vec4 v0000023892828490_0;
    %flag_set/vec4 8;
    %jmp/0xz  T_136.4, 8;
    %load/vec4 v0000023892828a30_0;
    %assign/vec4 v0000023892826af0_0, 0;
    %load/vec4 v00000238928269b0_0;
    %load/vec4 v0000023892828a30_0;
    %pad/s 32;
    %load/vec4 v0000023892826e10_0;
    %pad/s 32;
    %mul;
    %add;
    %assign/vec4 v00000238928273b0_0, 0;
T_136.4 ;
T_136.1 ;
    %jmp T_136;
    .thread T_136;
    .scope S_0000023892834eb0;
T_137 ;
    %wait E_00000238926ed750;
    %load/vec4 v0000023892828030_0;
    %nor/r;
    %flag_set/vec4 8;
    %jmp/0xz  T_137.0, 8;
    %pushi/vec4 0, 0, 8;
    %assign/vec4 v0000023892827f90_0, 0;
    %pushi/vec4 0, 0, 8;
    %assign/vec4 v0000023892827e50_0, 0;
    %pushi/vec4 0, 0, 32;
    %assign/vec4 v0000023892827ef0_0, 0;
    %jmp T_137.1;
T_137.0 ;
    %load/vec4 v0000023892827db0_0;
    %flag_set/vec4 8;
    %jmp/0xz  T_137.2, 8;
    %load/vec4 v0000023892827d10_0;
    %assign/vec4 v0000023892827f90_0, 0;
T_137.2 ;
    %load/vec4 v0000023892827bd0_0;
    %flag_set/vec4 8;
    %jmp/0xz  T_137.4, 8;
    %load/vec4 v00000238928285d0_0;
    %assign/vec4 v0000023892827e50_0, 0;
    %load/vec4 v0000023892827c70_0;
    %load/vec4 v00000238928285d0_0;
    %pad/s 32;
    %load/vec4 v0000023892827f90_0;
    %pad/s 32;
    %mul;
    %add;
    %assign/vec4 v0000023892827ef0_0, 0;
T_137.4 ;
T_137.1 ;
    %jmp T_137;
    .thread T_137;
    .scope S_00000238928338d0;
T_138 ;
    %wait E_00000238926ed750;
    %load/vec4 v000002389282b550_0;
    %nor/r;
    %flag_set/vec4 8;
    %jmp/0xz  T_138.0, 8;
    %pushi/vec4 0, 0, 8;
    %assign/vec4 v0000023892829250_0, 0;
    %pushi/vec4 0, 0, 8;
    %assign/vec4 v000002389282b910_0, 0;
    %pushi/vec4 0, 0, 32;
    %assign/vec4 v0000023892829430_0, 0;
    %jmp T_138.1;
T_138.0 ;
    %load/vec4 v0000023892829570_0;
    %flag_set/vec4 8;
    %jmp/0xz  T_138.2, 8;
    %load/vec4 v0000023892829bb0_0;
    %assign/vec4 v0000023892829250_0, 0;
T_138.2 ;
    %load/vec4 v000002389282b4b0_0;
    %flag_set/vec4 8;
    %jmp/0xz  T_138.4, 8;
    %load/vec4 v000002389282b230_0;
    %assign/vec4 v000002389282b910_0, 0;
    %load/vec4 v000002389282a010_0;
    %load/vec4 v000002389282b230_0;
    %pad/s 32;
    %load/vec4 v0000023892829250_0;
    %pad/s 32;
    %mul;
    %add;
    %assign/vec4 v0000023892829430_0, 0;
T_138.4 ;
T_138.1 ;
    %jmp T_138;
    .thread T_138;
    .scope S_0000023892835680;
T_139 ;
    %wait E_00000238926ed750;
    %load/vec4 v000002389282a6f0_0;
    %nor/r;
    %flag_set/vec4 8;
    %jmp/0xz  T_139.0, 8;
    %pushi/vec4 0, 0, 8;
    %assign/vec4 v00000238928297f0_0, 0;
    %pushi/vec4 0, 0, 8;
    %assign/vec4 v0000023892829a70_0, 0;
    %pushi/vec4 0, 0, 32;
    %assign/vec4 v000002389282b050_0, 0;
    %jmp T_139.1;
T_139.0 ;
    %load/vec4 v0000023892829cf0_0;
    %flag_set/vec4 8;
    %jmp/0xz  T_139.2, 8;
    %load/vec4 v000002389282add0_0;
    %assign/vec4 v00000238928297f0_0, 0;
T_139.2 ;
    %load/vec4 v000002389282b870_0;
    %flag_set/vec4 8;
    %jmp/0xz  T_139.4, 8;
    %load/vec4 v000002389282a510_0;
    %assign/vec4 v0000023892829a70_0, 0;
    %load/vec4 v0000023892829930_0;
    %load/vec4 v000002389282a510_0;
    %pad/s 32;
    %load/vec4 v00000238928297f0_0;
    %pad/s 32;
    %mul;
    %add;
    %assign/vec4 v000002389282b050_0, 0;
T_139.4 ;
T_139.1 ;
    %jmp T_139;
    .thread T_139;
    .scope S_00000238928343c0;
T_140 ;
    %wait E_00000238926ed750;
    %load/vec4 v0000023892829e30_0;
    %nor/r;
    %flag_set/vec4 8;
    %jmp/0xz  T_140.0, 8;
    %pushi/vec4 0, 0, 8;
    %assign/vec4 v00000238928291b0_0, 0;
    %pushi/vec4 0, 0, 8;
    %assign/vec4 v0000023892829d90_0, 0;
    %pushi/vec4 0, 0, 32;
    %assign/vec4 v000002389282a970_0, 0;
    %jmp T_140.1;
T_140.0 ;
    %load/vec4 v0000023892829c50_0;
    %flag_set/vec4 8;
    %jmp/0xz  T_140.2, 8;
    %load/vec4 v0000023892829b10_0;
    %assign/vec4 v00000238928291b0_0, 0;
T_140.2 ;
    %load/vec4 v000002389282a1f0_0;
    %flag_set/vec4 8;
    %jmp/0xz  T_140.4, 8;
    %load/vec4 v000002389282ae70_0;
    %assign/vec4 v0000023892829d90_0, 0;
    %load/vec4 v000002389282b0f0_0;
    %load/vec4 v000002389282ae70_0;
    %pad/s 32;
    %load/vec4 v00000238928291b0_0;
    %pad/s 32;
    %mul;
    %add;
    %assign/vec4 v000002389282a970_0, 0;
T_140.4 ;
T_140.1 ;
    %jmp T_140;
    .thread T_140;
    .scope S_0000023892832610;
T_141 ;
    %wait E_00000238926ed750;
    %load/vec4 v000002389282b690_0;
    %nor/r;
    %flag_set/vec4 8;
    %jmp/0xz  T_141.0, 8;
    %pushi/vec4 0, 0, 8;
    %assign/vec4 v000002389282a290_0, 0;
    %pushi/vec4 0, 0, 8;
    %assign/vec4 v000002389282afb0_0, 0;
    %pushi/vec4 0, 0, 32;
    %assign/vec4 v000002389282abf0_0, 0;
    %jmp T_141.1;
T_141.0 ;
    %load/vec4 v0000023892829390_0;
    %flag_set/vec4 8;
    %jmp/0xz  T_141.2, 8;
    %load/vec4 v000002389282ab50_0;
    %assign/vec4 v000002389282a290_0, 0;
T_141.2 ;
    %load/vec4 v0000023892829f70_0;
    %flag_set/vec4 8;
    %jmp/0xz  T_141.4, 8;
    %load/vec4 v000002389282b410_0;
    %assign/vec4 v000002389282afb0_0, 0;
    %load/vec4 v000002389282a150_0;
    %load/vec4 v000002389282b410_0;
    %pad/s 32;
    %load/vec4 v000002389282a290_0;
    %pad/s 32;
    %mul;
    %add;
    %assign/vec4 v000002389282abf0_0, 0;
T_141.4 ;
T_141.1 ;
    %jmp T_141;
    .thread T_141;
    .scope S_0000023892834550;
T_142 ;
    %wait E_00000238926ed750;
    %load/vec4 v000002389282bff0_0;
    %nor/r;
    %flag_set/vec4 8;
    %jmp/0xz  T_142.0, 8;
    %pushi/vec4 0, 0, 8;
    %assign/vec4 v000002389282d0d0_0, 0;
    %pushi/vec4 0, 0, 8;
    %assign/vec4 v000002389282dc10_0, 0;
    %pushi/vec4 0, 0, 32;
    %assign/vec4 v000002389282c8b0_0, 0;
    %jmp T_142.1;
T_142.0 ;
    %load/vec4 v000002389282bd70_0;
    %flag_set/vec4 8;
    %jmp/0xz  T_142.2, 8;
    %load/vec4 v000002389282af10_0;
    %assign/vec4 v000002389282d0d0_0, 0;
T_142.2 ;
    %load/vec4 v000002389282b730_0;
    %flag_set/vec4 8;
    %jmp/0xz  T_142.4, 8;
    %load/vec4 v000002389282b7d0_0;
    %assign/vec4 v000002389282dc10_0, 0;
    %load/vec4 v000002389282a830_0;
    %load/vec4 v000002389282b7d0_0;
    %pad/s 32;
    %load/vec4 v000002389282d0d0_0;
    %pad/s 32;
    %mul;
    %add;
    %assign/vec4 v000002389282c8b0_0, 0;
T_142.4 ;
T_142.1 ;
    %jmp T_142;
    .thread T_142;
    .scope S_0000023892834870;
T_143 ;
    %wait E_00000238926ed750;
    %load/vec4 v000002389282c630_0;
    %nor/r;
    %flag_set/vec4 8;
    %jmp/0xz  T_143.0, 8;
    %pushi/vec4 0, 0, 8;
    %assign/vec4 v000002389282be10_0, 0;
    %pushi/vec4 0, 0, 8;
    %assign/vec4 v000002389282dfd0_0, 0;
    %pushi/vec4 0, 0, 32;
    %assign/vec4 v000002389282c090_0, 0;
    %jmp T_143.1;
T_143.0 ;
    %load/vec4 v000002389282bcd0_0;
    %flag_set/vec4 8;
    %jmp/0xz  T_143.2, 8;
    %load/vec4 v000002389282bf50_0;
    %assign/vec4 v000002389282be10_0, 0;
T_143.2 ;
    %load/vec4 v000002389282d2b0_0;
    %flag_set/vec4 8;
    %jmp/0xz  T_143.4, 8;
    %load/vec4 v000002389282da30_0;
    %assign/vec4 v000002389282dfd0_0, 0;
    %load/vec4 v000002389282df30_0;
    %load/vec4 v000002389282da30_0;
    %pad/s 32;
    %load/vec4 v000002389282be10_0;
    %pad/s 32;
    %mul;
    %add;
    %assign/vec4 v000002389282c090_0, 0;
T_143.4 ;
T_143.1 ;
    %jmp T_143;
    .thread T_143;
    .scope S_0000023892835360;
T_144 ;
    %wait E_00000238926ed750;
    %load/vec4 v000002389282c270_0;
    %nor/r;
    %flag_set/vec4 8;
    %jmp/0xz  T_144.0, 8;
    %pushi/vec4 0, 0, 8;
    %assign/vec4 v000002389282c130_0, 0;
    %pushi/vec4 0, 0, 8;
    %assign/vec4 v000002389282e070_0, 0;
    %pushi/vec4 0, 0, 32;
    %assign/vec4 v000002389282c770_0, 0;
    %jmp T_144.1;
T_144.0 ;
    %load/vec4 v000002389282c950_0;
    %flag_set/vec4 8;
    %jmp/0xz  T_144.2, 8;
    %load/vec4 v000002389282bc30_0;
    %assign/vec4 v000002389282c130_0, 0;
T_144.2 ;
    %load/vec4 v000002389282c3b0_0;
    %flag_set/vec4 8;
    %jmp/0xz  T_144.4, 8;
    %load/vec4 v000002389282d490_0;
    %assign/vec4 v000002389282e070_0, 0;
    %load/vec4 v000002389282e110_0;
    %load/vec4 v000002389282d490_0;
    %pad/s 32;
    %load/vec4 v000002389282c130_0;
    %pad/s 32;
    %mul;
    %add;
    %assign/vec4 v000002389282c770_0, 0;
T_144.4 ;
T_144.1 ;
    %jmp T_144;
    .thread T_144;
    .scope S_0000023892833d80;
T_145 ;
    %wait E_00000238926ed750;
    %load/vec4 v000002389282cd10_0;
    %nor/r;
    %flag_set/vec4 8;
    %jmp/0xz  T_145.0, 8;
    %pushi/vec4 0, 0, 8;
    %assign/vec4 v000002389282cc70_0, 0;
    %pushi/vec4 0, 0, 8;
    %assign/vec4 v000002389282cb30_0, 0;
    %pushi/vec4 0, 0, 32;
    %assign/vec4 v000002389282cbd0_0, 0;
    %jmp T_145.1;
T_145.0 ;
    %load/vec4 v000002389282ca90_0;
    %flag_set/vec4 8;
    %jmp/0xz  T_145.2, 8;
    %load/vec4 v000002389282d8f0_0;
    %assign/vec4 v000002389282cc70_0, 0;
T_145.2 ;
    %load/vec4 v000002389282d530_0;
    %flag_set/vec4 8;
    %jmp/0xz  T_145.4, 8;
    %load/vec4 v000002389282dcb0_0;
    %assign/vec4 v000002389282cb30_0, 0;
    %load/vec4 v000002389282c9f0_0;
    %load/vec4 v000002389282dcb0_0;
    %pad/s 32;
    %load/vec4 v000002389282cc70_0;
    %pad/s 32;
    %mul;
    %add;
    %assign/vec4 v000002389282cbd0_0, 0;
T_145.4 ;
T_145.1 ;
    %jmp T_145;
    .thread T_145;
    .scope S_0000023892831e40;
T_146 ;
    %wait E_00000238926ed750;
    %load/vec4 v0000023892830230_0;
    %nor/r;
    %flag_set/vec4 8;
    %jmp/0xz  T_146.0, 8;
    %pushi/vec4 0, 0, 8;
    %assign/vec4 v000002389282dd50_0, 0;
    %pushi/vec4 0, 0, 8;
    %assign/vec4 v000002389282d670_0, 0;
    %pushi/vec4 0, 0, 32;
    %assign/vec4 v000002389282db70_0, 0;
    %jmp T_146.1;
T_146.0 ;
    %load/vec4 v000002389282d5d0_0;
    %flag_set/vec4 8;
    %jmp/0xz  T_146.2, 8;
    %load/vec4 v000002389282d710_0;
    %assign/vec4 v000002389282dd50_0, 0;
T_146.2 ;
    %load/vec4 v000002389282dad0_0;
    %flag_set/vec4 8;
    %jmp/0xz  T_146.4, 8;
    %load/vec4 v000002389282d350_0;
    %assign/vec4 v000002389282d670_0, 0;
    %load/vec4 v000002389282d3f0_0;
    %load/vec4 v000002389282d350_0;
    %pad/s 32;
    %load/vec4 v000002389282dd50_0;
    %pad/s 32;
    %mul;
    %add;
    %assign/vec4 v000002389282db70_0, 0;
T_146.4 ;
T_146.1 ;
    %jmp T_146;
    .thread T_146;
    .scope S_0000023892836170;
T_147 ;
    %wait E_00000238926ed750;
    %load/vec4 v0000023892830730_0;
    %nor/r;
    %flag_set/vec4 8;
    %jmp/0xz  T_147.0, 8;
    %pushi/vec4 0, 0, 8;
    %assign/vec4 v000002389282f0b0_0, 0;
    %pushi/vec4 0, 0, 8;
    %assign/vec4 v00000238928304b0_0, 0;
    %pushi/vec4 0, 0, 32;
    %assign/vec4 v000002389282fab0_0, 0;
    %jmp T_147.1;
T_147.0 ;
    %load/vec4 v000002389282fe70_0;
    %flag_set/vec4 8;
    %jmp/0xz  T_147.2, 8;
    %load/vec4 v000002389282ed90_0;
    %assign/vec4 v000002389282f0b0_0, 0;
T_147.2 ;
    %load/vec4 v000002389282ecf0_0;
    %flag_set/vec4 8;
    %jmp/0xz  T_147.4, 8;
    %load/vec4 v000002389282f010_0;
    %assign/vec4 v00000238928304b0_0, 0;
    %load/vec4 v000002389282f470_0;
    %load/vec4 v000002389282f010_0;
    %pad/s 32;
    %load/vec4 v000002389282f0b0_0;
    %pad/s 32;
    %mul;
    %add;
    %assign/vec4 v000002389282fab0_0, 0;
T_147.4 ;
T_147.1 ;
    %jmp T_147;
    .thread T_147;
    .scope S_0000023892836940;
T_148 ;
    %wait E_00000238926ed750;
    %load/vec4 v00000238928307d0_0;
    %nor/r;
    %flag_set/vec4 8;
    %jmp/0xz  T_148.0, 8;
    %pushi/vec4 0, 0, 8;
    %assign/vec4 v000002389282e390_0, 0;
    %pushi/vec4 0, 0, 8;
    %assign/vec4 v000002389282eb10_0, 0;
    %pushi/vec4 0, 0, 32;
    %assign/vec4 v000002389282e9d0_0, 0;
    %jmp T_148.1;
T_148.0 ;
    %load/vec4 v000002389282ff10_0;
    %flag_set/vec4 8;
    %jmp/0xz  T_148.2, 8;
    %load/vec4 v000002389282e2f0_0;
    %assign/vec4 v000002389282e390_0, 0;
T_148.2 ;
    %load/vec4 v0000023892830690_0;
    %flag_set/vec4 8;
    %jmp/0xz  T_148.4, 8;
    %load/vec4 v000002389282ea70_0;
    %assign/vec4 v000002389282eb10_0, 0;
    %load/vec4 v0000023892830050_0;
    %load/vec4 v000002389282ea70_0;
    %pad/s 32;
    %load/vec4 v000002389282e390_0;
    %pad/s 32;
    %mul;
    %add;
    %assign/vec4 v000002389282e9d0_0, 0;
T_148.4 ;
T_148.1 ;
    %jmp T_148;
    .thread T_148;
    .scope S_0000023892837110;
T_149 ;
    %wait E_00000238926ed750;
    %load/vec4 v000002389282f970_0;
    %nor/r;
    %flag_set/vec4 8;
    %jmp/0xz  T_149.0, 8;
    %pushi/vec4 0, 0, 8;
    %assign/vec4 v000002389282f150_0, 0;
    %pushi/vec4 0, 0, 8;
    %assign/vec4 v000002389282fbf0_0, 0;
    %pushi/vec4 0, 0, 32;
    %assign/vec4 v000002389282f830_0, 0;
    %jmp T_149.1;
T_149.0 ;
    %load/vec4 v000002389282eed0_0;
    %flag_set/vec4 8;
    %jmp/0xz  T_149.2, 8;
    %load/vec4 v000002389282f5b0_0;
    %assign/vec4 v000002389282f150_0, 0;
T_149.2 ;
    %load/vec4 v000002389282e430_0;
    %flag_set/vec4 8;
    %jmp/0xz  T_149.4, 8;
    %load/vec4 v000002389282fd30_0;
    %assign/vec4 v000002389282fbf0_0, 0;
    %load/vec4 v000002389282ee30_0;
    %load/vec4 v000002389282fd30_0;
    %pad/s 32;
    %load/vec4 v000002389282f150_0;
    %pad/s 32;
    %mul;
    %add;
    %assign/vec4 v000002389282f830_0, 0;
T_149.4 ;
T_149.1 ;
    %jmp T_149;
    .thread T_149;
    .scope S_0000023892836f80;
T_150 ;
    %wait E_00000238926ed750;
    %load/vec4 v00000238928302d0_0;
    %nor/r;
    %flag_set/vec4 8;
    %jmp/0xz  T_150.0, 8;
    %pushi/vec4 0, 0, 8;
    %assign/vec4 v0000023892830190_0, 0;
    %pushi/vec4 0, 0, 8;
    %assign/vec4 v000002389282f650_0, 0;
    %pushi/vec4 0, 0, 32;
    %assign/vec4 v00000238928300f0_0, 0;
    %jmp T_150.1;
T_150.0 ;
    %load/vec4 v000002389282f3d0_0;
    %flag_set/vec4 8;
    %jmp/0xz  T_150.2, 8;
    %load/vec4 v000002389282f330_0;
    %assign/vec4 v0000023892830190_0, 0;
T_150.2 ;
    %load/vec4 v000002389282e570_0;
    %flag_set/vec4 8;
    %jmp/0xz  T_150.4, 8;
    %load/vec4 v000002389282e7f0_0;
    %assign/vec4 v000002389282f650_0, 0;
    %load/vec4 v000002389282fdd0_0;
    %load/vec4 v000002389282e7f0_0;
    %pad/s 32;
    %load/vec4 v0000023892830190_0;
    %pad/s 32;
    %mul;
    %add;
    %assign/vec4 v00000238928300f0_0, 0;
T_150.4 ;
T_150.1 ;
    %jmp T_150;
    .thread T_150;
    .scope S_0000023892837430;
T_151 ;
    %wait E_00000238926ed750;
    %load/vec4 v0000023892831310_0;
    %nor/r;
    %flag_set/vec4 8;
    %jmp/0xz  T_151.0, 8;
    %pushi/vec4 0, 0, 8;
    %assign/vec4 v0000023892830cd0_0, 0;
    %pushi/vec4 0, 0, 8;
    %assign/vec4 v0000023892830a50_0, 0;
    %pushi/vec4 0, 0, 32;
    %assign/vec4 v0000023892830c30_0, 0;
    %jmp T_151.1;
T_151.0 ;
    %load/vec4 v00000238928309b0_0;
    %flag_set/vec4 8;
    %jmp/0xz  T_151.2, 8;
    %load/vec4 v0000023892830f50_0;
    %assign/vec4 v0000023892830cd0_0, 0;
T_151.2 ;
    %load/vec4 v0000023892830b90_0;
    %flag_set/vec4 8;
    %jmp/0xz  T_151.4, 8;
    %load/vec4 v0000023892830d70_0;
    %assign/vec4 v0000023892830a50_0, 0;
    %load/vec4 v0000023892830e10_0;
    %load/vec4 v0000023892830d70_0;
    %pad/s 32;
    %load/vec4 v0000023892830cd0_0;
    %pad/s 32;
    %mul;
    %add;
    %assign/vec4 v0000023892830c30_0, 0;
T_151.4 ;
T_151.1 ;
    %jmp T_151;
    .thread T_151;
    .scope S_0000023892837750;
T_152 ;
    %wait E_00000238926ed750;
    %load/vec4 v0000023892823e90_0;
    %nor/r;
    %flag_set/vec4 8;
    %jmp/0xz  T_152.0, 8;
    %pushi/vec4 0, 0, 8;
    %assign/vec4 v0000023892822a90_0, 0;
    %pushi/vec4 0, 0, 8;
    %assign/vec4 v00000238928314f0_0, 0;
    %pushi/vec4 0, 0, 32;
    %assign/vec4 v0000023892823030_0, 0;
    %jmp T_152.1;
T_152.0 ;
    %load/vec4 v0000023892831270_0;
    %flag_set/vec4 8;
    %jmp/0xz  T_152.2, 8;
    %load/vec4 v00000238928311d0_0;
    %assign/vec4 v0000023892822a90_0, 0;
T_152.2 ;
    %load/vec4 v0000023892830ff0_0;
    %flag_set/vec4 8;
    %jmp/0xz  T_152.4, 8;
    %load/vec4 v0000023892831090_0;
    %assign/vec4 v00000238928314f0_0, 0;
    %load/vec4 v0000023892831130_0;
    %load/vec4 v0000023892831090_0;
    %pad/s 32;
    %load/vec4 v0000023892822a90_0;
    %pad/s 32;
    %mul;
    %add;
    %assign/vec4 v0000023892823030_0, 0;
T_152.4 ;
T_152.1 ;
    %jmp T_152;
    .thread T_152;
    .scope S_00000238928386f0;
T_153 ;
    %wait E_00000238926ed750;
    %load/vec4 v0000023892821cd0_0;
    %nor/r;
    %flag_set/vec4 8;
    %jmp/0xz  T_153.0, 8;
    %pushi/vec4 0, 0, 8;
    %assign/vec4 v0000023892823210_0, 0;
    %pushi/vec4 0, 0, 8;
    %assign/vec4 v0000023892821c30_0, 0;
    %pushi/vec4 0, 0, 32;
    %assign/vec4 v0000023892821af0_0, 0;
    %jmp T_153.1;
T_153.0 ;
    %load/vec4 v00000238928233f0_0;
    %flag_set/vec4 8;
    %jmp/0xz  T_153.2, 8;
    %load/vec4 v0000023892824070_0;
    %assign/vec4 v0000023892823210_0, 0;
T_153.2 ;
    %load/vec4 v0000023892821ff0_0;
    %flag_set/vec4 8;
    %jmp/0xz  T_153.4, 8;
    %load/vec4 v00000238928238f0_0;
    %assign/vec4 v0000023892821c30_0, 0;
    %load/vec4 v0000023892822c70_0;
    %load/vec4 v00000238928238f0_0;
    %pad/s 32;
    %load/vec4 v0000023892823210_0;
    %pad/s 32;
    %mul;
    %add;
    %assign/vec4 v0000023892821af0_0, 0;
T_153.4 ;
T_153.1 ;
    %jmp T_153;
    .thread T_153;
    .scope S_0000023892838880;
T_154 ;
    %wait E_00000238926ed750;
    %load/vec4 v0000023892823f30_0;
    %nor/r;
    %flag_set/vec4 8;
    %jmp/0xz  T_154.0, 8;
    %pushi/vec4 0, 0, 8;
    %assign/vec4 v0000023892822090_0, 0;
    %pushi/vec4 0, 0, 8;
    %assign/vec4 v0000023892823df0_0, 0;
    %pushi/vec4 0, 0, 32;
    %assign/vec4 v0000023892821f50_0, 0;
    %jmp T_154.1;
T_154.0 ;
    %load/vec4 v00000238928219b0_0;
    %flag_set/vec4 8;
    %jmp/0xz  T_154.2, 8;
    %load/vec4 v0000023892823a30_0;
    %assign/vec4 v0000023892822090_0, 0;
T_154.2 ;
    %load/vec4 v0000023892822770_0;
    %flag_set/vec4 8;
    %jmp/0xz  T_154.4, 8;
    %load/vec4 v00000238928230d0_0;
    %assign/vec4 v0000023892823df0_0, 0;
    %load/vec4 v00000238928232b0_0;
    %load/vec4 v00000238928230d0_0;
    %pad/s 32;
    %load/vec4 v0000023892822090_0;
    %pad/s 32;
    %mul;
    %add;
    %assign/vec4 v0000023892821f50_0, 0;
T_154.4 ;
T_154.1 ;
    %jmp T_154;
    .thread T_154;
    .scope S_0000023892838a10;
T_155 ;
    %wait E_00000238926ed750;
    %load/vec4 v0000023892821d70_0;
    %nor/r;
    %flag_set/vec4 8;
    %jmp/0xz  T_155.0, 8;
    %pushi/vec4 0, 0, 8;
    %assign/vec4 v0000023892822630_0, 0;
    %pushi/vec4 0, 0, 8;
    %assign/vec4 v0000023892822310_0, 0;
    %pushi/vec4 0, 0, 32;
    %assign/vec4 v0000023892821b90_0, 0;
    %jmp T_155.1;
T_155.0 ;
    %load/vec4 v0000023892823170_0;
    %flag_set/vec4 8;
    %jmp/0xz  T_155.2, 8;
    %load/vec4 v0000023892821a50_0;
    %assign/vec4 v0000023892822630_0, 0;
T_155.2 ;
    %load/vec4 v0000023892822bd0_0;
    %flag_set/vec4 8;
    %jmp/0xz  T_155.4, 8;
    %load/vec4 v0000023892823b70_0;
    %assign/vec4 v0000023892822310_0, 0;
    %load/vec4 v0000023892823fd0_0;
    %load/vec4 v0000023892823b70_0;
    %pad/s 32;
    %load/vec4 v0000023892822630_0;
    %pad/s 32;
    %mul;
    %add;
    %assign/vec4 v0000023892821b90_0, 0;
T_155.4 ;
T_155.1 ;
    %jmp T_155;
    .thread T_155;
    .scope S_0000023892838ba0;
T_156 ;
    %wait E_00000238926ed750;
    %load/vec4 v00000238928235d0_0;
    %nor/r;
    %flag_set/vec4 8;
    %jmp/0xz  T_156.0, 8;
    %pushi/vec4 0, 0, 8;
    %assign/vec4 v0000023892823530_0, 0;
    %pushi/vec4 0, 0, 8;
    %assign/vec4 v0000023892823350_0, 0;
    %pushi/vec4 0, 0, 32;
    %assign/vec4 v0000023892823490_0, 0;
    %jmp T_156.1;
T_156.0 ;
    %load/vec4 v0000023892822f90_0;
    %flag_set/vec4 8;
    %jmp/0xz  T_156.2, 8;
    %load/vec4 v0000023892822ef0_0;
    %assign/vec4 v0000023892823530_0, 0;
T_156.2 ;
    %load/vec4 v00000238928228b0_0;
    %flag_set/vec4 8;
    %jmp/0xz  T_156.4, 8;
    %load/vec4 v0000023892822db0_0;
    %assign/vec4 v0000023892823350_0, 0;
    %load/vec4 v0000023892822e50_0;
    %load/vec4 v0000023892822db0_0;
    %pad/s 32;
    %load/vec4 v0000023892823530_0;
    %pad/s 32;
    %mul;
    %add;
    %assign/vec4 v0000023892823490_0, 0;
T_156.4 ;
T_156.1 ;
    %jmp T_156;
    .thread T_156;
    .scope S_0000023892840bb0;
T_157 ;
    %wait E_00000238926ed750;
    %load/vec4 v0000023892824750_0;
    %nor/r;
    %flag_set/vec4 8;
    %jmp/0xz  T_157.0, 8;
    %pushi/vec4 0, 0, 8;
    %assign/vec4 v0000023892824570_0, 0;
    %pushi/vec4 0, 0, 8;
    %assign/vec4 v00000238928264b0_0, 0;
    %pushi/vec4 0, 0, 32;
    %assign/vec4 v0000023892826550_0, 0;
    %jmp T_157.1;
T_157.0 ;
    %load/vec4 v0000023892825a10_0;
    %flag_set/vec4 8;
    %jmp/0xz  T_157.2, 8;
    %load/vec4 v00000238928258d0_0;
    %assign/vec4 v0000023892824570_0, 0;
T_157.2 ;
    %load/vec4 v0000023892825010_0;
    %flag_set/vec4 8;
    %jmp/0xz  T_157.4, 8;
    %load/vec4 v00000238928256f0_0;
    %assign/vec4 v00000238928264b0_0, 0;
    %load/vec4 v0000023892826230_0;
    %load/vec4 v00000238928256f0_0;
    %pad/s 32;
    %load/vec4 v0000023892824570_0;
    %pad/s 32;
    %mul;
    %add;
    %assign/vec4 v0000023892826550_0, 0;
T_157.4 ;
T_157.1 ;
    %jmp T_157;
    .thread T_157;
    .scope S_00000238928400c0;
T_158 ;
    %wait E_00000238926ed750;
    %load/vec4 v0000023892824e30_0;
    %nor/r;
    %flag_set/vec4 8;
    %jmp/0xz  T_158.0, 8;
    %pushi/vec4 0, 0, 8;
    %assign/vec4 v0000023892824a70_0, 0;
    %pushi/vec4 0, 0, 8;
    %assign/vec4 v0000023892826190_0, 0;
    %pushi/vec4 0, 0, 32;
    %assign/vec4 v0000023892825510_0, 0;
    %jmp T_158.1;
T_158.0 ;
    %load/vec4 v00000238928249d0_0;
    %flag_set/vec4 8;
    %jmp/0xz  T_158.2, 8;
    %load/vec4 v0000023892824d90_0;
    %assign/vec4 v0000023892824a70_0, 0;
T_158.2 ;
    %load/vec4 v0000023892826690_0;
    %flag_set/vec4 8;
    %jmp/0xz  T_158.4, 8;
    %load/vec4 v0000023892825970_0;
    %assign/vec4 v0000023892826190_0, 0;
    %load/vec4 v0000023892825150_0;
    %load/vec4 v0000023892825970_0;
    %pad/s 32;
    %load/vec4 v0000023892824a70_0;
    %pad/s 32;
    %mul;
    %add;
    %assign/vec4 v0000023892825510_0, 0;
T_158.4 ;
T_158.1 ;
    %jmp T_158;
    .thread T_158;
    .scope S_000002389283ff30;
T_159 ;
    %wait E_00000238926ed750;
    %load/vec4 v0000023892826870_0;
    %nor/r;
    %flag_set/vec4 8;
    %jmp/0xz  T_159.0, 8;
    %pushi/vec4 0, 0, 8;
    %assign/vec4 v00000238928267d0_0, 0;
    %pushi/vec4 0, 0, 8;
    %assign/vec4 v0000023892824f70_0, 0;
    %pushi/vec4 0, 0, 32;
    %assign/vec4 v00000238928251f0_0, 0;
    %jmp T_159.1;
T_159.0 ;
    %load/vec4 v0000023892825e70_0;
    %flag_set/vec4 8;
    %jmp/0xz  T_159.2, 8;
    %load/vec4 v00000238928250b0_0;
    %assign/vec4 v00000238928267d0_0, 0;
T_159.2 ;
    %load/vec4 v0000023892825fb0_0;
    %flag_set/vec4 8;
    %jmp/0xz  T_159.4, 8;
    %load/vec4 v00000238928265f0_0;
    %assign/vec4 v0000023892824f70_0, 0;
    %load/vec4 v0000023892824ed0_0;
    %load/vec4 v00000238928265f0_0;
    %pad/s 32;
    %load/vec4 v00000238928267d0_0;
    %pad/s 32;
    %mul;
    %add;
    %assign/vec4 v00000238928251f0_0, 0;
T_159.4 ;
T_159.1 ;
    %jmp T_159;
    .thread T_159;
    .scope S_0000023892840ed0;
T_160 ;
    %wait E_00000238926ed750;
    %load/vec4 v00000238928244d0_0;
    %nor/r;
    %flag_set/vec4 8;
    %jmp/0xz  T_160.0, 8;
    %pushi/vec4 0, 0, 8;
    %assign/vec4 v0000023892824430_0, 0;
    %pushi/vec4 0, 0, 8;
    %assign/vec4 v0000023892825830_0, 0;
    %pushi/vec4 0, 0, 32;
    %assign/vec4 v0000023892825c90_0, 0;
    %jmp T_160.1;
T_160.0 ;
    %load/vec4 v0000023892825470_0;
    %flag_set/vec4 8;
    %jmp/0xz  T_160.2, 8;
    %load/vec4 v00000238928253d0_0;
    %assign/vec4 v0000023892824430_0, 0;
T_160.2 ;
    %load/vec4 v0000023892824250_0;
    %flag_set/vec4 8;
    %jmp/0xz  T_160.4, 8;
    %load/vec4 v0000023892825330_0;
    %assign/vec4 v0000023892825830_0, 0;
    %load/vec4 v0000023892824390_0;
    %load/vec4 v0000023892825330_0;
    %pad/s 32;
    %load/vec4 v0000023892824430_0;
    %pad/s 32;
    %mul;
    %add;
    %assign/vec4 v0000023892825c90_0, 0;
T_160.4 ;
T_160.1 ;
    %jmp T_160;
    .thread T_160;
    .scope S_000002389283ac60;
T_161 ;
    %wait E_00000238926ed750;
    %load/vec4 v00000238928679b0_0;
    %nor/r;
    %flag_set/vec4 8;
    %jmp/0xz  T_161.0, 8;
    %pushi/vec4 0, 0, 8;
    %assign/vec4 v00000238928665b0_0, 0;
    %pushi/vec4 0, 0, 8;
    %assign/vec4 v0000023892866330_0, 0;
    %pushi/vec4 0, 0, 32;
    %assign/vec4 v0000023892867190_0, 0;
    %jmp T_161.1;
T_161.0 ;
    %load/vec4 v0000023892866510_0;
    %flag_set/vec4 8;
    %jmp/0xz  T_161.2, 8;
    %load/vec4 v0000023892865e30_0;
    %assign/vec4 v00000238928665b0_0, 0;
T_161.2 ;
    %load/vec4 v00000238928663d0_0;
    %flag_set/vec4 8;
    %jmp/0xz  T_161.4, 8;
    %load/vec4 v0000023892866ab0_0;
    %assign/vec4 v0000023892866330_0, 0;
    %load/vec4 v0000023892866bf0_0;
    %load/vec4 v0000023892866ab0_0;
    %pad/s 32;
    %load/vec4 v00000238928665b0_0;
    %pad/s 32;
    %mul;
    %add;
    %assign/vec4 v0000023892867190_0, 0;
T_161.4 ;
T_161.1 ;
    %jmp T_161;
    .thread T_161;
    .scope S_000002389283bf20;
T_162 ;
    %wait E_00000238926ed750;
    %load/vec4 v0000023892867ff0_0;
    %nor/r;
    %flag_set/vec4 8;
    %jmp/0xz  T_162.0, 8;
    %pushi/vec4 0, 0, 8;
    %assign/vec4 v0000023892867370_0, 0;
    %pushi/vec4 0, 0, 8;
    %assign/vec4 v0000023892866970_0, 0;
    %pushi/vec4 0, 0, 32;
    %assign/vec4 v0000023892866b50_0, 0;
    %jmp T_162.1;
T_162.0 ;
    %load/vec4 v0000023892866e70_0;
    %flag_set/vec4 8;
    %jmp/0xz  T_162.2, 8;
    %load/vec4 v0000023892865f70_0;
    %assign/vec4 v0000023892867370_0, 0;
T_162.2 ;
    %load/vec4 v0000023892865d90_0;
    %flag_set/vec4 8;
    %jmp/0xz  T_162.4, 8;
    %load/vec4 v0000023892867550_0;
    %assign/vec4 v0000023892866970_0, 0;
    %load/vec4 v0000023892867730_0;
    %load/vec4 v0000023892867550_0;
    %pad/s 32;
    %load/vec4 v0000023892867370_0;
    %pad/s 32;
    %mul;
    %add;
    %assign/vec4 v0000023892866b50_0, 0;
T_162.4 ;
T_162.1 ;
    %jmp T_162;
    .thread T_162;
    .scope S_000002389283d9b0;
T_163 ;
    %wait E_00000238926ed750;
    %load/vec4 v0000023892866dd0_0;
    %nor/r;
    %flag_set/vec4 8;
    %jmp/0xz  T_163.0, 8;
    %pushi/vec4 0, 0, 8;
    %assign/vec4 v0000023892867b90_0, 0;
    %pushi/vec4 0, 0, 8;
    %assign/vec4 v00000238928659d0_0, 0;
    %pushi/vec4 0, 0, 32;
    %assign/vec4 v0000023892866830_0, 0;
    %jmp T_163.1;
T_163.0 ;
    %load/vec4 v0000023892866470_0;
    %flag_set/vec4 8;
    %jmp/0xz  T_163.2, 8;
    %load/vec4 v0000023892867690_0;
    %assign/vec4 v0000023892867b90_0, 0;
T_163.2 ;
    %load/vec4 v00000238928675f0_0;
    %flag_set/vec4 8;
    %jmp/0xz  T_163.4, 8;
    %load/vec4 v00000238928677d0_0;
    %assign/vec4 v00000238928659d0_0, 0;
    %load/vec4 v0000023892867910_0;
    %load/vec4 v00000238928677d0_0;
    %pad/s 32;
    %load/vec4 v0000023892867b90_0;
    %pad/s 32;
    %mul;
    %add;
    %assign/vec4 v0000023892866830_0, 0;
T_163.4 ;
T_163.1 ;
    %jmp T_163;
    .thread T_163;
    .scope S_000002389283a7b0;
T_164 ;
    %wait E_00000238926ed750;
    %load/vec4 v00000238928672d0_0;
    %nor/r;
    %flag_set/vec4 8;
    %jmp/0xz  T_164.0, 8;
    %pushi/vec4 0, 0, 8;
    %assign/vec4 v00000238928670f0_0, 0;
    %pushi/vec4 0, 0, 8;
    %assign/vec4 v0000023892866290_0, 0;
    %pushi/vec4 0, 0, 32;
    %assign/vec4 v0000023892867050_0, 0;
    %jmp T_164.1;
T_164.0 ;
    %load/vec4 v0000023892866fb0_0;
    %flag_set/vec4 8;
    %jmp/0xz  T_164.2, 8;
    %load/vec4 v0000023892865bb0_0;
    %assign/vec4 v00000238928670f0_0, 0;
T_164.2 ;
    %load/vec4 v0000023892866f10_0;
    %flag_set/vec4 8;
    %jmp/0xz  T_164.4, 8;
    %load/vec4 v0000023892865b10_0;
    %assign/vec4 v0000023892866290_0, 0;
    %load/vec4 v0000023892867af0_0;
    %load/vec4 v0000023892865b10_0;
    %pad/s 32;
    %load/vec4 v00000238928670f0_0;
    %pad/s 32;
    %mul;
    %add;
    %assign/vec4 v0000023892867050_0, 0;
T_164.4 ;
T_164.1 ;
    %jmp T_164;
    .thread T_164;
    .scope S_000002389283c0b0;
T_165 ;
    %wait E_00000238926ed750;
    %load/vec4 v00000238928689f0_0;
    %nor/r;
    %flag_set/vec4 8;
    %jmp/0xz  T_165.0, 8;
    %pushi/vec4 0, 0, 8;
    %assign/vec4 v0000023892869850_0, 0;
    %pushi/vec4 0, 0, 8;
    %assign/vec4 v0000023892868b30_0, 0;
    %pushi/vec4 0, 0, 32;
    %assign/vec4 v0000023892868a90_0, 0;
    %jmp T_165.1;
T_165.0 ;
    %load/vec4 v00000238928686d0_0;
    %flag_set/vec4 8;
    %jmp/0xz  T_165.2, 8;
    %load/vec4 v0000023892869fd0_0;
    %assign/vec4 v0000023892869850_0, 0;
T_165.2 ;
    %load/vec4 v0000023892865890_0;
    %flag_set/vec4 8;
    %jmp/0xz  T_165.4, 8;
    %load/vec4 v0000023892865c50_0;
    %assign/vec4 v0000023892868b30_0, 0;
    %load/vec4 v0000023892865cf0_0;
    %load/vec4 v0000023892865c50_0;
    %pad/s 32;
    %load/vec4 v0000023892869850_0;
    %pad/s 32;
    %mul;
    %add;
    %assign/vec4 v0000023892868a90_0, 0;
T_165.4 ;
T_165.1 ;
    %jmp T_165;
    .thread T_165;
    .scope S_000002389283aad0;
T_166 ;
    %wait E_00000238926ed750;
    %load/vec4 v00000238928688b0_0;
    %nor/r;
    %flag_set/vec4 8;
    %jmp/0xz  T_166.0, 8;
    %pushi/vec4 0, 0, 8;
    %assign/vec4 v000002389286a430_0, 0;
    %pushi/vec4 0, 0, 8;
    %assign/vec4 v0000023892868130_0, 0;
    %pushi/vec4 0, 0, 32;
    %assign/vec4 v0000023892868bd0_0, 0;
    %jmp T_166.1;
T_166.0 ;
    %load/vec4 v0000023892869990_0;
    %flag_set/vec4 8;
    %jmp/0xz  T_166.2, 8;
    %load/vec4 v0000023892868ef0_0;
    %assign/vec4 v000002389286a430_0, 0;
T_166.2 ;
    %load/vec4 v00000238928684f0_0;
    %flag_set/vec4 8;
    %jmp/0xz  T_166.4, 8;
    %load/vec4 v0000023892868810_0;
    %assign/vec4 v0000023892868130_0, 0;
    %load/vec4 v000002389286a2f0_0;
    %load/vec4 v0000023892868810_0;
    %pad/s 32;
    %load/vec4 v000002389286a430_0;
    %pad/s 32;
    %mul;
    %add;
    %assign/vec4 v0000023892868bd0_0, 0;
T_166.4 ;
T_166.1 ;
    %jmp T_166;
    .thread T_166;
    .scope S_000002389283dcd0;
T_167 ;
    %wait E_00000238926ed750;
    %load/vec4 v0000023892869a30_0;
    %nor/r;
    %flag_set/vec4 8;
    %jmp/0xz  T_167.0, 8;
    %pushi/vec4 0, 0, 8;
    %assign/vec4 v000002389286a070_0, 0;
    %pushi/vec4 0, 0, 8;
    %assign/vec4 v000002389286a610_0, 0;
    %pushi/vec4 0, 0, 32;
    %assign/vec4 v0000023892868450_0, 0;
    %jmp T_167.1;
T_167.0 ;
    %load/vec4 v0000023892869350_0;
    %flag_set/vec4 8;
    %jmp/0xz  T_167.2, 8;
    %load/vec4 v00000238928697b0_0;
    %assign/vec4 v000002389286a070_0, 0;
T_167.2 ;
    %load/vec4 v0000023892869710_0;
    %flag_set/vec4 8;
    %jmp/0xz  T_167.4, 8;
    %load/vec4 v0000023892869030_0;
    %assign/vec4 v000002389286a610_0, 0;
    %load/vec4 v00000238928690d0_0;
    %load/vec4 v0000023892869030_0;
    %pad/s 32;
    %load/vec4 v000002389286a070_0;
    %pad/s 32;
    %mul;
    %add;
    %assign/vec4 v0000023892868450_0, 0;
T_167.4 ;
T_167.1 ;
    %jmp T_167;
    .thread T_167;
    .scope S_000002389283b110;
T_168 ;
    %wait E_00000238926ed750;
    %load/vec4 v0000023892869170_0;
    %nor/r;
    %flag_set/vec4 8;
    %jmp/0xz  T_168.0, 8;
    %pushi/vec4 0, 0, 8;
    %assign/vec4 v0000023892869e90_0, 0;
    %pushi/vec4 0, 0, 8;
    %assign/vec4 v0000023892869b70_0, 0;
    %pushi/vec4 0, 0, 32;
    %assign/vec4 v0000023892869cb0_0, 0;
    %jmp T_168.1;
T_168.0 ;
    %load/vec4 v00000238928693f0_0;
    %flag_set/vec4 8;
    %jmp/0xz  T_168.2, 8;
    %load/vec4 v0000023892868e50_0;
    %assign/vec4 v0000023892869e90_0, 0;
T_168.2 ;
    %load/vec4 v00000238928681d0_0;
    %flag_set/vec4 8;
    %jmp/0xz  T_168.4, 8;
    %load/vec4 v0000023892869c10_0;
    %assign/vec4 v0000023892869b70_0, 0;
    %load/vec4 v0000023892868db0_0;
    %load/vec4 v0000023892869c10_0;
    %pad/s 32;
    %load/vec4 v0000023892869e90_0;
    %pad/s 32;
    %mul;
    %add;
    %assign/vec4 v0000023892869cb0_0, 0;
T_168.4 ;
T_168.1 ;
    %jmp T_168;
    .thread T_168;
    .scope S_000002389283b5c0;
T_169 ;
    %wait E_00000238926ed750;
    %load/vec4 v000002389286b330_0;
    %nor/r;
    %flag_set/vec4 8;
    %jmp/0xz  T_169.0, 8;
    %pushi/vec4 0, 0, 8;
    %assign/vec4 v000002389286b0b0_0, 0;
    %pushi/vec4 0, 0, 8;
    %assign/vec4 v0000023892868310_0, 0;
    %pushi/vec4 0, 0, 32;
    %assign/vec4 v00000238928683b0_0, 0;
    %jmp T_169.1;
T_169.0 ;
    %load/vec4 v0000023892869530_0;
    %flag_set/vec4 8;
    %jmp/0xz  T_169.2, 8;
    %load/vec4 v0000023892869490_0;
    %assign/vec4 v000002389286b0b0_0, 0;
T_169.2 ;
    %load/vec4 v000002389286a570_0;
    %flag_set/vec4 8;
    %jmp/0xz  T_169.4, 8;
    %load/vec4 v00000238928692b0_0;
    %assign/vec4 v0000023892868310_0, 0;
    %load/vec4 v000002389286a6b0_0;
    %load/vec4 v00000238928692b0_0;
    %pad/s 32;
    %load/vec4 v000002389286b0b0_0;
    %pad/s 32;
    %mul;
    %add;
    %assign/vec4 v00000238928683b0_0, 0;
T_169.4 ;
T_169.1 ;
    %jmp T_169;
    .thread T_169;
    .scope S_000002389283cec0;
T_170 ;
    %wait E_00000238926ed750;
    %load/vec4 v000002389286aa70_0;
    %nor/r;
    %flag_set/vec4 8;
    %jmp/0xz  T_170.0, 8;
    %pushi/vec4 0, 0, 8;
    %assign/vec4 v000002389286b8d0_0, 0;
    %pushi/vec4 0, 0, 8;
    %assign/vec4 v000002389286c9b0_0, 0;
    %pushi/vec4 0, 0, 32;
    %assign/vec4 v000002389286b470_0, 0;
    %jmp T_170.1;
T_170.0 ;
    %load/vec4 v000002389286ce10_0;
    %flag_set/vec4 8;
    %jmp/0xz  T_170.2, 8;
    %load/vec4 v000002389286c910_0;
    %assign/vec4 v000002389286b8d0_0, 0;
T_170.2 ;
    %load/vec4 v000002389286a9d0_0;
    %flag_set/vec4 8;
    %jmp/0xz  T_170.4, 8;
    %load/vec4 v000002389286abb0_0;
    %assign/vec4 v000002389286c9b0_0, 0;
    %load/vec4 v000002389286c690_0;
    %load/vec4 v000002389286abb0_0;
    %pad/s 32;
    %load/vec4 v000002389286b8d0_0;
    %pad/s 32;
    %mul;
    %add;
    %assign/vec4 v000002389286b470_0, 0;
T_170.4 ;
T_170.1 ;
    %jmp T_170;
    .thread T_170;
    .scope S_000002389283dff0;
T_171 ;
    %wait E_00000238926ed750;
    %load/vec4 v000002389286b510_0;
    %nor/r;
    %flag_set/vec4 8;
    %jmp/0xz  T_171.0, 8;
    %pushi/vec4 0, 0, 8;
    %assign/vec4 v000002389286c5f0_0, 0;
    %pushi/vec4 0, 0, 8;
    %assign/vec4 v000002389286c550_0, 0;
    %pushi/vec4 0, 0, 32;
    %assign/vec4 v000002389286be70_0, 0;
    %jmp T_171.1;
T_171.0 ;
    %load/vec4 v000002389286ad90_0;
    %flag_set/vec4 8;
    %jmp/0xz  T_171.2, 8;
    %load/vec4 v000002389286bdd0_0;
    %assign/vec4 v000002389286c5f0_0, 0;
T_171.2 ;
    %load/vec4 v000002389286b290_0;
    %flag_set/vec4 8;
    %jmp/0xz  T_171.4, 8;
    %load/vec4 v000002389286ceb0_0;
    %assign/vec4 v000002389286c550_0, 0;
    %load/vec4 v000002389286bfb0_0;
    %load/vec4 v000002389286ceb0_0;
    %pad/s 32;
    %load/vec4 v000002389286c5f0_0;
    %pad/s 32;
    %mul;
    %add;
    %assign/vec4 v000002389286be70_0, 0;
T_171.4 ;
T_171.1 ;
    %jmp T_171;
    .thread T_171;
    .scope S_000002389283e630;
T_172 ;
    %wait E_00000238926ed750;
    %load/vec4 v000002389286cb90_0;
    %nor/r;
    %flag_set/vec4 8;
    %jmp/0xz  T_172.0, 8;
    %pushi/vec4 0, 0, 8;
    %assign/vec4 v000002389286b5b0_0, 0;
    %pushi/vec4 0, 0, 8;
    %assign/vec4 v000002389286b1f0_0, 0;
    %pushi/vec4 0, 0, 32;
    %assign/vec4 v000002389286b3d0_0, 0;
    %jmp T_172.1;
T_172.0 ;
    %load/vec4 v000002389286caf0_0;
    %flag_set/vec4 8;
    %jmp/0xz  T_172.2, 8;
    %load/vec4 v000002389286af70_0;
    %assign/vec4 v000002389286b5b0_0, 0;
T_172.2 ;
    %load/vec4 v000002389286cd70_0;
    %flag_set/vec4 8;
    %jmp/0xz  T_172.4, 8;
    %load/vec4 v000002389286b150_0;
    %assign/vec4 v000002389286b1f0_0, 0;
    %load/vec4 v000002389286ca50_0;
    %load/vec4 v000002389286b150_0;
    %pad/s 32;
    %load/vec4 v000002389286b5b0_0;
    %pad/s 32;
    %mul;
    %add;
    %assign/vec4 v000002389286b3d0_0, 0;
T_172.4 ;
T_172.1 ;
    %jmp T_172;
    .thread T_172;
    .scope S_000002389283c3d0;
T_173 ;
    %wait E_00000238926ed750;
    %load/vec4 v000002389286bc90_0;
    %nor/r;
    %flag_set/vec4 8;
    %jmp/0xz  T_173.0, 8;
    %pushi/vec4 0, 0, 8;
    %assign/vec4 v000002389286bbf0_0, 0;
    %pushi/vec4 0, 0, 8;
    %assign/vec4 v000002389286bb50_0, 0;
    %pushi/vec4 0, 0, 32;
    %assign/vec4 v000002389286c2d0_0, 0;
    %jmp T_173.1;
T_173.0 ;
    %load/vec4 v000002389286ccd0_0;
    %flag_set/vec4 8;
    %jmp/0xz  T_173.2, 8;
    %load/vec4 v000002389286bab0_0;
    %assign/vec4 v000002389286bbf0_0, 0;
T_173.2 ;
    %load/vec4 v000002389286b6f0_0;
    %flag_set/vec4 8;
    %jmp/0xz  T_173.4, 8;
    %load/vec4 v000002389286bd30_0;
    %assign/vec4 v000002389286bb50_0, 0;
    %load/vec4 v000002389286ba10_0;
    %load/vec4 v000002389286bd30_0;
    %pad/s 32;
    %load/vec4 v000002389286bbf0_0;
    %pad/s 32;
    %mul;
    %add;
    %assign/vec4 v000002389286c2d0_0, 0;
T_173.4 ;
T_173.1 ;
    %jmp T_173;
    .thread T_173;
    .scope S_000002389283eae0;
T_174 ;
    %wait E_00000238926ed750;
    %load/vec4 v000002389286e990_0;
    %nor/r;
    %flag_set/vec4 8;
    %jmp/0xz  T_174.0, 8;
    %pushi/vec4 0, 0, 8;
    %assign/vec4 v000002389286edf0_0, 0;
    %pushi/vec4 0, 0, 8;
    %assign/vec4 v000002389286e0d0_0, 0;
    %pushi/vec4 0, 0, 32;
    %assign/vec4 v000002389286d770_0, 0;
    %jmp T_174.1;
T_174.0 ;
    %load/vec4 v000002389286d630_0;
    %flag_set/vec4 8;
    %jmp/0xz  T_174.2, 8;
    %load/vec4 v000002389286dc70_0;
    %assign/vec4 v000002389286edf0_0, 0;
T_174.2 ;
    %load/vec4 v000002389286dd10_0;
    %flag_set/vec4 8;
    %jmp/0xz  T_174.4, 8;
    %load/vec4 v000002389286d6d0_0;
    %assign/vec4 v000002389286e0d0_0, 0;
    %load/vec4 v000002389286dbd0_0;
    %load/vec4 v000002389286d6d0_0;
    %pad/s 32;
    %load/vec4 v000002389286edf0_0;
    %pad/s 32;
    %mul;
    %add;
    %assign/vec4 v000002389286d770_0, 0;
T_174.4 ;
T_174.1 ;
    %jmp T_174;
    .thread T_174;
    .scope S_000002389283f8f0;
T_175 ;
    %wait E_00000238926ed750;
    %load/vec4 v000002389286ed50_0;
    %nor/r;
    %flag_set/vec4 8;
    %jmp/0xz  T_175.0, 8;
    %pushi/vec4 0, 0, 8;
    %assign/vec4 v000002389286db30_0, 0;
    %pushi/vec4 0, 0, 8;
    %assign/vec4 v000002389286f6b0_0, 0;
    %pushi/vec4 0, 0, 32;
    %assign/vec4 v000002389286d950_0, 0;
    %jmp T_175.1;
T_175.0 ;
    %load/vec4 v000002389286e5d0_0;
    %flag_set/vec4 8;
    %jmp/0xz  T_175.2, 8;
    %load/vec4 v000002389286f570_0;
    %assign/vec4 v000002389286db30_0, 0;
T_175.2 ;
    %load/vec4 v000002389286def0_0;
    %flag_set/vec4 8;
    %jmp/0xz  T_175.4, 8;
    %load/vec4 v000002389286efd0_0;
    %assign/vec4 v000002389286f6b0_0, 0;
    %load/vec4 v000002389286f610_0;
    %load/vec4 v000002389286efd0_0;
    %pad/s 32;
    %load/vec4 v000002389286db30_0;
    %pad/s 32;
    %mul;
    %add;
    %assign/vec4 v000002389286d950_0, 0;
T_175.4 ;
T_175.1 ;
    %jmp T_175;
    .thread T_175;
    .scope S_000002389283ba70;
T_176 ;
    %wait E_00000238926ed750;
    %load/vec4 v000002389286ee90_0;
    %nor/r;
    %flag_set/vec4 8;
    %jmp/0xz  T_176.0, 8;
    %pushi/vec4 0, 0, 8;
    %assign/vec4 v000002389286d450_0, 0;
    %pushi/vec4 0, 0, 8;
    %assign/vec4 v000002389286e8f0_0, 0;
    %pushi/vec4 0, 0, 32;
    %assign/vec4 v000002389286ef30_0, 0;
    %jmp T_176.1;
T_176.0 ;
    %load/vec4 v000002389286d310_0;
    %flag_set/vec4 8;
    %jmp/0xz  T_176.2, 8;
    %load/vec4 v000002389286d270_0;
    %assign/vec4 v000002389286d450_0, 0;
T_176.2 ;
    %load/vec4 v000002389286d8b0_0;
    %flag_set/vec4 8;
    %jmp/0xz  T_176.4, 8;
    %load/vec4 v000002389286e210_0;
    %assign/vec4 v000002389286e8f0_0, 0;
    %load/vec4 v000002389286da90_0;
    %load/vec4 v000002389286e210_0;
    %pad/s 32;
    %load/vec4 v000002389286d450_0;
    %pad/s 32;
    %mul;
    %add;
    %assign/vec4 v000002389286ef30_0, 0;
T_176.4 ;
T_176.1 ;
    %jmp T_176;
    .thread T_176;
    .scope S_00000238928895e0;
T_177 ;
    %wait E_00000238926ed750;
    %load/vec4 v000002389286f1b0_0;
    %nor/r;
    %flag_set/vec4 8;
    %jmp/0xz  T_177.0, 8;
    %pushi/vec4 0, 0, 8;
    %assign/vec4 v000002389286e670_0, 0;
    %pushi/vec4 0, 0, 8;
    %assign/vec4 v000002389286e490_0, 0;
    %pushi/vec4 0, 0, 32;
    %assign/vec4 v000002389286e530_0, 0;
    %jmp T_177.1;
T_177.0 ;
    %load/vec4 v000002389286e3f0_0;
    %flag_set/vec4 8;
    %jmp/0xz  T_177.2, 8;
    %load/vec4 v000002389286e350_0;
    %assign/vec4 v000002389286e670_0, 0;
T_177.2 ;
    %load/vec4 v000002389286de50_0;
    %flag_set/vec4 8;
    %jmp/0xz  T_177.4, 8;
    %load/vec4 v000002389286e7b0_0;
    %assign/vec4 v000002389286e490_0, 0;
    %load/vec4 v000002389286df90_0;
    %load/vec4 v000002389286e7b0_0;
    %pad/s 32;
    %load/vec4 v000002389286e670_0;
    %pad/s 32;
    %mul;
    %add;
    %assign/vec4 v000002389286e530_0, 0;
T_177.4 ;
T_177.1 ;
    %jmp T_177;
    .thread T_177;
    .scope S_0000023892889a90;
T_178 ;
    %wait E_00000238926ed750;
    %load/vec4 v0000023892871cd0_0;
    %nor/r;
    %flag_set/vec4 8;
    %jmp/0xz  T_178.0, 8;
    %pushi/vec4 0, 0, 8;
    %assign/vec4 v0000023892871f50_0, 0;
    %pushi/vec4 0, 0, 8;
    %assign/vec4 v0000023892871d70_0, 0;
    %pushi/vec4 0, 0, 32;
    %assign/vec4 v0000023892870fb0_0, 0;
    %jmp T_178.1;
T_178.0 ;
    %load/vec4 v0000023892871eb0_0;
    %flag_set/vec4 8;
    %jmp/0xz  T_178.2, 8;
    %load/vec4 v0000023892871910_0;
    %assign/vec4 v0000023892871f50_0, 0;
T_178.2 ;
    %load/vec4 v00000238928701f0_0;
    %flag_set/vec4 8;
    %jmp/0xz  T_178.4, 8;
    %load/vec4 v0000023892871230_0;
    %assign/vec4 v0000023892871d70_0, 0;
    %load/vec4 v0000023892870970_0;
    %load/vec4 v0000023892871230_0;
    %pad/s 32;
    %load/vec4 v0000023892871f50_0;
    %pad/s 32;
    %mul;
    %add;
    %assign/vec4 v0000023892870fb0_0, 0;
T_178.4 ;
T_178.1 ;
    %jmp T_178;
    .thread T_178;
    .scope S_0000023892889450;
T_179 ;
    %wait E_00000238926ed750;
    %load/vec4 v000002389286ff70_0;
    %nor/r;
    %flag_set/vec4 8;
    %jmp/0xz  T_179.0, 8;
    %pushi/vec4 0, 0, 8;
    %assign/vec4 v000002389286fe30_0, 0;
    %pushi/vec4 0, 0, 8;
    %assign/vec4 v00000238928710f0_0, 0;
    %pushi/vec4 0, 0, 32;
    %assign/vec4 v0000023892870ab0_0, 0;
    %jmp T_179.1;
T_179.0 ;
    %load/vec4 v0000023892870f10_0;
    %flag_set/vec4 8;
    %jmp/0xz  T_179.2, 8;
    %load/vec4 v00000238928719b0_0;
    %assign/vec4 v000002389286fe30_0, 0;
T_179.2 ;
    %load/vec4 v0000023892870330_0;
    %flag_set/vec4 8;
    %jmp/0xz  T_179.4, 8;
    %load/vec4 v00000238928703d0_0;
    %assign/vec4 v00000238928710f0_0, 0;
    %load/vec4 v0000023892871050_0;
    %load/vec4 v00000238928703d0_0;
    %pad/s 32;
    %load/vec4 v000002389286fe30_0;
    %pad/s 32;
    %mul;
    %add;
    %assign/vec4 v0000023892870ab0_0, 0;
T_179.4 ;
T_179.1 ;
    %jmp T_179;
    .thread T_179;
    .scope S_00000238928887d0;
T_180 ;
    %wait E_00000238926ed750;
    %load/vec4 v0000023892871b90_0;
    %nor/r;
    %flag_set/vec4 8;
    %jmp/0xz  T_180.0, 8;
    %pushi/vec4 0, 0, 8;
    %assign/vec4 v0000023892871730_0, 0;
    %pushi/vec4 0, 0, 8;
    %assign/vec4 v00000238928700b0_0, 0;
    %pushi/vec4 0, 0, 32;
    %assign/vec4 v0000023892870790_0, 0;
    %jmp T_180.1;
T_180.0 ;
    %load/vec4 v000002389286f890_0;
    %flag_set/vec4 8;
    %jmp/0xz  T_180.2, 8;
    %load/vec4 v0000023892870010_0;
    %assign/vec4 v0000023892871730_0, 0;
T_180.2 ;
    %load/vec4 v00000238928717d0_0;
    %flag_set/vec4 8;
    %jmp/0xz  T_180.4, 8;
    %load/vec4 v0000023892870290_0;
    %assign/vec4 v00000238928700b0_0, 0;
    %load/vec4 v0000023892871370_0;
    %load/vec4 v0000023892870290_0;
    %pad/s 32;
    %load/vec4 v0000023892871730_0;
    %pad/s 32;
    %mul;
    %add;
    %assign/vec4 v0000023892870790_0, 0;
T_180.4 ;
T_180.1 ;
    %jmp T_180;
    .thread T_180;
    .scope S_0000023892888fa0;
T_181 ;
    %wait E_00000238926ed750;
    %load/vec4 v000002389286fc50_0;
    %nor/r;
    %flag_set/vec4 8;
    %jmp/0xz  T_181.0, 8;
    %pushi/vec4 0, 0, 8;
    %assign/vec4 v00000238928705b0_0, 0;
    %pushi/vec4 0, 0, 8;
    %assign/vec4 v00000238928715f0_0, 0;
    %pushi/vec4 0, 0, 32;
    %assign/vec4 v000002389286fbb0_0, 0;
    %jmp T_181.1;
T_181.0 ;
    %load/vec4 v0000023892870510_0;
    %flag_set/vec4 8;
    %jmp/0xz  T_181.2, 8;
    %load/vec4 v0000023892870470_0;
    %assign/vec4 v00000238928705b0_0, 0;
T_181.2 ;
    %load/vec4 v000002389286fb10_0;
    %flag_set/vec4 8;
    %jmp/0xz  T_181.4, 8;
    %load/vec4 v0000023892870150_0;
    %assign/vec4 v00000238928715f0_0, 0;
    %load/vec4 v0000023892871550_0;
    %load/vec4 v0000023892870150_0;
    %pad/s 32;
    %load/vec4 v00000238928705b0_0;
    %pad/s 32;
    %mul;
    %add;
    %assign/vec4 v000002389286fbb0_0, 0;
T_181.4 ;
T_181.1 ;
    %jmp T_181;
    .thread T_181;
    .scope S_0000023892887e70;
T_182 ;
    %wait E_00000238926ed750;
    %load/vec4 v00000238928729f0_0;
    %nor/r;
    %flag_set/vec4 8;
    %jmp/0xz  T_182.0, 8;
    %pushi/vec4 0, 0, 8;
    %assign/vec4 v0000023892872ef0_0, 0;
    %pushi/vec4 0, 0, 8;
    %assign/vec4 v0000023892872130_0, 0;
    %pushi/vec4 0, 0, 32;
    %assign/vec4 v0000023892872e50_0, 0;
    %jmp T_182.1;
T_182.0 ;
    %load/vec4 v00000238928728b0_0;
    %flag_set/vec4 8;
    %jmp/0xz  T_182.2, 8;
    %load/vec4 v0000023892870d30_0;
    %assign/vec4 v0000023892872ef0_0, 0;
T_182.2 ;
    %load/vec4 v0000023892870b50_0;
    %flag_set/vec4 8;
    %jmp/0xz  T_182.4, 8;
    %load/vec4 v0000023892870bf0_0;
    %assign/vec4 v0000023892872130_0, 0;
    %load/vec4 v0000023892870c90_0;
    %load/vec4 v0000023892870bf0_0;
    %pad/s 32;
    %load/vec4 v0000023892872ef0_0;
    %pad/s 32;
    %mul;
    %add;
    %assign/vec4 v0000023892872e50_0, 0;
T_182.4 ;
T_182.1 ;
    %jmp T_182;
    .thread T_182;
    .scope S_0000023892888190;
T_183 ;
    %wait E_00000238926ed750;
    %load/vec4 v0000023892872b30_0;
    %nor/r;
    %flag_set/vec4 8;
    %jmp/0xz  T_183.0, 8;
    %pushi/vec4 0, 0, 8;
    %assign/vec4 v0000023892872770_0, 0;
    %pushi/vec4 0, 0, 8;
    %assign/vec4 v00000238928726d0_0, 0;
    %pushi/vec4 0, 0, 32;
    %assign/vec4 v0000023892872d10_0, 0;
    %jmp T_183.1;
T_183.0 ;
    %load/vec4 v0000023892872630_0;
    %flag_set/vec4 8;
    %jmp/0xz  T_183.2, 8;
    %load/vec4 v0000023892872270_0;
    %assign/vec4 v0000023892872770_0, 0;
T_183.2 ;
    %load/vec4 v0000023892872590_0;
    %flag_set/vec4 8;
    %jmp/0xz  T_183.4, 8;
    %load/vec4 v00000238928721d0_0;
    %assign/vec4 v00000238928726d0_0, 0;
    %load/vec4 v0000023892872c70_0;
    %load/vec4 v00000238928721d0_0;
    %pad/s 32;
    %load/vec4 v0000023892872770_0;
    %pad/s 32;
    %mul;
    %add;
    %assign/vec4 v0000023892872d10_0, 0;
T_183.4 ;
T_183.1 ;
    %jmp T_183;
    .thread T_183;
    .scope S_000002389288b200;
T_184 ;
    %wait E_00000238926ed750;
    %load/vec4 v00000238928638b0_0;
    %nor/r;
    %flag_set/vec4 8;
    %jmp/0xz  T_184.0, 8;
    %pushi/vec4 0, 0, 8;
    %assign/vec4 v00000238928654d0_0, 0;
    %pushi/vec4 0, 0, 8;
    %assign/vec4 v0000023892863630_0, 0;
    %pushi/vec4 0, 0, 32;
    %assign/vec4 v0000023892863770_0, 0;
    %jmp T_184.1;
T_184.0 ;
    %load/vec4 v0000023892863950_0;
    %flag_set/vec4 8;
    %jmp/0xz  T_184.2, 8;
    %load/vec4 v0000023892864f30_0;
    %assign/vec4 v00000238928654d0_0, 0;
T_184.2 ;
    %load/vec4 v00000238928634f0_0;
    %flag_set/vec4 8;
    %jmp/0xz  T_184.4, 8;
    %load/vec4 v00000238928636d0_0;
    %assign/vec4 v0000023892863630_0, 0;
    %load/vec4 v0000023892863450_0;
    %load/vec4 v00000238928636d0_0;
    %pad/s 32;
    %load/vec4 v00000238928654d0_0;
    %pad/s 32;
    %mul;
    %add;
    %assign/vec4 v0000023892863770_0, 0;
T_184.4 ;
T_184.1 ;
    %jmp T_184;
    .thread T_184;
    .scope S_000002389288a710;
T_185 ;
    %wait E_00000238926ed750;
    %load/vec4 v00000238928656b0_0;
    %nor/r;
    %flag_set/vec4 8;
    %jmp/0xz  T_185.0, 8;
    %pushi/vec4 0, 0, 8;
    %assign/vec4 v0000023892864170_0, 0;
    %pushi/vec4 0, 0, 8;
    %assign/vec4 v0000023892863a90_0, 0;
    %pushi/vec4 0, 0, 32;
    %assign/vec4 v0000023892863c70_0, 0;
    %jmp T_185.1;
T_185.0 ;
    %load/vec4 v0000023892864030_0;
    %flag_set/vec4 8;
    %jmp/0xz  T_185.2, 8;
    %load/vec4 v0000023892863f90_0;
    %assign/vec4 v0000023892864170_0, 0;
T_185.2 ;
    %load/vec4 v00000238928639f0_0;
    %flag_set/vec4 8;
    %jmp/0xz  T_185.4, 8;
    %load/vec4 v00000238928645d0_0;
    %assign/vec4 v0000023892863a90_0, 0;
    %load/vec4 v0000023892863590_0;
    %load/vec4 v00000238928645d0_0;
    %pad/s 32;
    %load/vec4 v0000023892864170_0;
    %pad/s 32;
    %mul;
    %add;
    %assign/vec4 v0000023892863c70_0, 0;
T_185.4 ;
T_185.1 ;
    %jmp T_185;
    .thread T_185;
    .scope S_0000023892888c80;
T_186 ;
    %wait E_00000238926ed750;
    %load/vec4 v0000023892864d50_0;
    %nor/r;
    %flag_set/vec4 8;
    %jmp/0xz  T_186.0, 8;
    %pushi/vec4 0, 0, 8;
    %assign/vec4 v0000023892864350_0, 0;
    %pushi/vec4 0, 0, 8;
    %assign/vec4 v0000023892864df0_0, 0;
    %pushi/vec4 0, 0, 32;
    %assign/vec4 v00000238928643f0_0, 0;
    %jmp T_186.1;
T_186.0 ;
    %load/vec4 v0000023892864c10_0;
    %flag_set/vec4 8;
    %jmp/0xz  T_186.2, 8;
    %load/vec4 v00000238928657f0_0;
    %assign/vec4 v0000023892864350_0, 0;
T_186.2 ;
    %load/vec4 v0000023892863b30_0;
    %flag_set/vec4 8;
    %jmp/0xz  T_186.4, 8;
    %load/vec4 v0000023892865610_0;
    %assign/vec4 v0000023892864df0_0, 0;
    %load/vec4 v0000023892864cb0_0;
    %load/vec4 v0000023892865610_0;
    %pad/s 32;
    %load/vec4 v0000023892864350_0;
    %pad/s 32;
    %mul;
    %add;
    %assign/vec4 v00000238928643f0_0, 0;
T_186.4 ;
T_186.1 ;
    %jmp T_186;
    .thread T_186;
    .scope S_0000023892887830;
T_187 ;
    %wait E_00000238926ed750;
    %load/vec4 v0000023892864670_0;
    %nor/r;
    %flag_set/vec4 8;
    %jmp/0xz  T_187.0, 8;
    %pushi/vec4 0, 0, 8;
    %assign/vec4 v0000023892864ad0_0, 0;
    %pushi/vec4 0, 0, 8;
    %assign/vec4 v00000238928652f0_0, 0;
    %pushi/vec4 0, 0, 32;
    %assign/vec4 v0000023892864490_0, 0;
    %jmp T_187.1;
T_187.0 ;
    %load/vec4 v00000238928642b0_0;
    %flag_set/vec4 8;
    %jmp/0xz  T_187.2, 8;
    %load/vec4 v0000023892863e50_0;
    %assign/vec4 v0000023892864ad0_0, 0;
T_187.2 ;
    %load/vec4 v0000023892865430_0;
    %flag_set/vec4 8;
    %jmp/0xz  T_187.4, 8;
    %load/vec4 v00000238928631d0_0;
    %assign/vec4 v00000238928652f0_0, 0;
    %load/vec4 v0000023892863310_0;
    %load/vec4 v00000238928631d0_0;
    %pad/s 32;
    %load/vec4 v0000023892864ad0_0;
    %pad/s 32;
    %mul;
    %add;
    %assign/vec4 v0000023892864490_0, 0;
T_187.4 ;
T_187.1 ;
    %jmp T_187;
    .thread T_187;
    .scope S_0000023892887b50;
T_188 ;
    %wait E_00000238926ed750;
    %load/vec4 v0000023892898740_0;
    %nor/r;
    %flag_set/vec4 8;
    %jmp/0xz  T_188.0, 8;
    %pushi/vec4 0, 0, 8;
    %assign/vec4 v00000238928986a0_0, 0;
    %pushi/vec4 0, 0, 8;
    %assign/vec4 v0000023892898380_0, 0;
    %pushi/vec4 0, 0, 32;
    %assign/vec4 v0000023892899c80_0, 0;
    %jmp T_188.1;
T_188.0 ;
    %load/vec4 v0000023892897f20_0;
    %flag_set/vec4 8;
    %jmp/0xz  T_188.2, 8;
    %load/vec4 v0000023892898f60_0;
    %assign/vec4 v00000238928986a0_0, 0;
T_188.2 ;
    %load/vec4 v0000023892865250_0;
    %flag_set/vec4 8;
    %jmp/0xz  T_188.4, 8;
    %load/vec4 v0000023892865390_0;
    %assign/vec4 v0000023892898380_0, 0;
    %load/vec4 v0000023892898ec0_0;
    %load/vec4 v0000023892865390_0;
    %pad/s 32;
    %load/vec4 v00000238928986a0_0;
    %pad/s 32;
    %mul;
    %add;
    %assign/vec4 v0000023892899c80_0, 0;
T_188.4 ;
T_188.1 ;
    %jmp T_188;
    .thread T_188;
    .scope S_000002389288c1a0;
T_189 ;
    %wait E_00000238926ed750;
    %load/vec4 v0000023892898a60_0;
    %nor/r;
    %flag_set/vec4 8;
    %jmp/0xz  T_189.0, 8;
    %pushi/vec4 0, 0, 8;
    %assign/vec4 v0000023892897ac0_0, 0;
    %pushi/vec4 0, 0, 8;
    %assign/vec4 v0000023892899dc0_0, 0;
    %pushi/vec4 0, 0, 32;
    %assign/vec4 v0000023892898d80_0, 0;
    %jmp T_189.1;
T_189.0 ;
    %load/vec4 v0000023892899d20_0;
    %flag_set/vec4 8;
    %jmp/0xz  T_189.2, 8;
    %load/vec4 v0000023892897ca0_0;
    %assign/vec4 v0000023892897ac0_0, 0;
T_189.2 ;
    %load/vec4 v0000023892899fa0_0;
    %flag_set/vec4 8;
    %jmp/0xz  T_189.4, 8;
    %load/vec4 v00000238928978e0_0;
    %assign/vec4 v0000023892899dc0_0, 0;
    %load/vec4 v00000238928990a0_0;
    %load/vec4 v00000238928978e0_0;
    %pad/s 32;
    %load/vec4 v0000023892897ac0_0;
    %pad/s 32;
    %mul;
    %add;
    %assign/vec4 v0000023892898d80_0, 0;
T_189.4 ;
T_189.1 ;
    %jmp T_189;
    .thread T_189;
    .scope S_000002389288c7e0;
T_190 ;
    %wait E_00000238926ed750;
    %load/vec4 v0000023892897c00_0;
    %nor/r;
    %flag_set/vec4 8;
    %jmp/0xz  T_190.0, 8;
    %pushi/vec4 0, 0, 8;
    %assign/vec4 v0000023892897e80_0, 0;
    %pushi/vec4 0, 0, 8;
    %assign/vec4 v0000023892898600_0, 0;
    %pushi/vec4 0, 0, 32;
    %assign/vec4 v0000023892899f00_0, 0;
    %jmp T_190.1;
T_190.0 ;
    %load/vec4 v0000023892899be0_0;
    %flag_set/vec4 8;
    %jmp/0xz  T_190.2, 8;
    %load/vec4 v0000023892898420_0;
    %assign/vec4 v0000023892897e80_0, 0;
T_190.2 ;
    %load/vec4 v0000023892898c40_0;
    %flag_set/vec4 8;
    %jmp/0xz  T_190.4, 8;
    %load/vec4 v0000023892899280_0;
    %assign/vec4 v0000023892898600_0, 0;
    %load/vec4 v0000023892899e60_0;
    %load/vec4 v0000023892899280_0;
    %pad/s 32;
    %load/vec4 v0000023892897e80_0;
    %pad/s 32;
    %mul;
    %add;
    %assign/vec4 v0000023892899f00_0, 0;
T_190.4 ;
T_190.1 ;
    %jmp T_190;
    .thread T_190;
    .scope S_000002389288cc90;
T_191 ;
    %wait E_00000238926ed750;
    %load/vec4 v00000238928981a0_0;
    %nor/r;
    %flag_set/vec4 8;
    %jmp/0xz  T_191.0, 8;
    %pushi/vec4 0, 0, 8;
    %assign/vec4 v0000023892898100_0, 0;
    %pushi/vec4 0, 0, 8;
    %assign/vec4 v0000023892898e20_0, 0;
    %pushi/vec4 0, 0, 32;
    %assign/vec4 v0000023892899140_0, 0;
    %jmp T_191.1;
T_191.0 ;
    %load/vec4 v0000023892897fc0_0;
    %flag_set/vec4 8;
    %jmp/0xz  T_191.2, 8;
    %load/vec4 v0000023892898b00_0;
    %assign/vec4 v0000023892898100_0, 0;
T_191.2 ;
    %load/vec4 v0000023892899820_0;
    %flag_set/vec4 8;
    %jmp/0xz  T_191.4, 8;
    %load/vec4 v00000238928995a0_0;
    %assign/vec4 v0000023892898e20_0, 0;
    %load/vec4 v00000238928989c0_0;
    %load/vec4 v00000238928995a0_0;
    %pad/s 32;
    %load/vec4 v0000023892898100_0;
    %pad/s 32;
    %mul;
    %add;
    %assign/vec4 v0000023892899140_0, 0;
T_191.4 ;
T_191.1 ;
    %jmp T_191;
    .thread T_191;
    .scope S_000002389288d2d0;
T_192 ;
    %wait E_00000238926ed750;
    %load/vec4 v000002389289c7a0_0;
    %nor/r;
    %flag_set/vec4 8;
    %jmp/0xz  T_192.0, 8;
    %pushi/vec4 0, 0, 8;
    %assign/vec4 v000002389289c020_0, 0;
    %pushi/vec4 0, 0, 8;
    %assign/vec4 v0000023892899b40_0, 0;
    %pushi/vec4 0, 0, 32;
    %assign/vec4 v000002389289c520_0, 0;
    %jmp T_192.1;
T_192.0 ;
    %load/vec4 v0000023892899a00_0;
    %flag_set/vec4 8;
    %jmp/0xz  T_192.2, 8;
    %load/vec4 v0000023892899500_0;
    %assign/vec4 v000002389289c020_0, 0;
T_192.2 ;
    %load/vec4 v0000023892899460_0;
    %flag_set/vec4 8;
    %jmp/0xz  T_192.4, 8;
    %load/vec4 v00000238928996e0_0;
    %assign/vec4 v0000023892899b40_0, 0;
    %load/vec4 v00000238928993c0_0;
    %load/vec4 v00000238928996e0_0;
    %pad/s 32;
    %load/vec4 v000002389289c020_0;
    %pad/s 32;
    %mul;
    %add;
    %assign/vec4 v000002389289c520_0, 0;
T_192.4 ;
T_192.1 ;
    %jmp T_192;
    .thread T_192;
    .scope S_000002389288e400;
T_193 ;
    %wait E_00000238926ed750;
    %load/vec4 v000002389289c160_0;
    %nor/r;
    %flag_set/vec4 8;
    %jmp/0xz  T_193.0, 8;
    %pushi/vec4 0, 0, 8;
    %assign/vec4 v000002389289b260_0, 0;
    %pushi/vec4 0, 0, 8;
    %assign/vec4 v000002389289a180_0, 0;
    %pushi/vec4 0, 0, 32;
    %assign/vec4 v000002389289a720_0, 0;
    %jmp T_193.1;
T_193.0 ;
    %load/vec4 v000002389289afe0_0;
    %flag_set/vec4 8;
    %jmp/0xz  T_193.2, 8;
    %load/vec4 v000002389289c480_0;
    %assign/vec4 v000002389289b260_0, 0;
T_193.2 ;
    %load/vec4 v000002389289c5c0_0;
    %flag_set/vec4 8;
    %jmp/0xz  T_193.4, 8;
    %load/vec4 v000002389289b800_0;
    %assign/vec4 v000002389289a180_0, 0;
    %load/vec4 v000002389289a680_0;
    %load/vec4 v000002389289b800_0;
    %pad/s 32;
    %load/vec4 v000002389289b260_0;
    %pad/s 32;
    %mul;
    %add;
    %assign/vec4 v000002389289a720_0, 0;
T_193.4 ;
T_193.1 ;
    %jmp T_193;
    .thread T_193;
    .scope S_000002389288df50;
T_194 ;
    %wait E_00000238926ed750;
    %load/vec4 v000002389289b6c0_0;
    %nor/r;
    %flag_set/vec4 8;
    %jmp/0xz  T_194.0, 8;
    %pushi/vec4 0, 0, 8;
    %assign/vec4 v000002389289bda0_0, 0;
    %pushi/vec4 0, 0, 8;
    %assign/vec4 v000002389289c660_0, 0;
    %pushi/vec4 0, 0, 32;
    %assign/vec4 v000002389289a860_0, 0;
    %jmp T_194.1;
T_194.0 ;
    %load/vec4 v000002389289ad60_0;
    %flag_set/vec4 8;
    %jmp/0xz  T_194.2, 8;
    %load/vec4 v000002389289b9e0_0;
    %assign/vec4 v000002389289bda0_0, 0;
T_194.2 ;
    %load/vec4 v000002389289a7c0_0;
    %flag_set/vec4 8;
    %jmp/0xz  T_194.4, 8;
    %load/vec4 v000002389289ba80_0;
    %assign/vec4 v000002389289c660_0, 0;
    %load/vec4 v000002389289ab80_0;
    %load/vec4 v000002389289ba80_0;
    %pad/s 32;
    %load/vec4 v000002389289bda0_0;
    %pad/s 32;
    %mul;
    %add;
    %assign/vec4 v000002389289a860_0, 0;
T_194.4 ;
T_194.1 ;
    %jmp T_194;
    .thread T_194;
    .scope S_000002389288ea40;
T_195 ;
    %wait E_00000238926ed750;
    %load/vec4 v000002389289c840_0;
    %nor/r;
    %flag_set/vec4 8;
    %jmp/0xz  T_195.0, 8;
    %pushi/vec4 0, 0, 8;
    %assign/vec4 v000002389289bb20_0, 0;
    %pushi/vec4 0, 0, 8;
    %assign/vec4 v000002389289b8a0_0, 0;
    %pushi/vec4 0, 0, 32;
    %assign/vec4 v000002389289a220_0, 0;
    %jmp T_195.1;
T_195.0 ;
    %load/vec4 v000002389289c700_0;
    %flag_set/vec4 8;
    %jmp/0xz  T_195.2, 8;
    %load/vec4 v000002389289b580_0;
    %assign/vec4 v000002389289bb20_0, 0;
T_195.2 ;
    %load/vec4 v000002389289a5e0_0;
    %flag_set/vec4 8;
    %jmp/0xz  T_195.4, 8;
    %load/vec4 v000002389289b300_0;
    %assign/vec4 v000002389289b8a0_0, 0;
    %load/vec4 v000002389289b4e0_0;
    %load/vec4 v000002389289b300_0;
    %pad/s 32;
    %load/vec4 v000002389289bb20_0;
    %pad/s 32;
    %mul;
    %add;
    %assign/vec4 v000002389289a220_0, 0;
T_195.4 ;
T_195.1 ;
    %jmp T_195;
    .thread T_195;
    .scope S_000002389288d910;
T_196 ;
    %wait E_00000238926ed750;
    %load/vec4 v000002389289be40_0;
    %nor/r;
    %flag_set/vec4 8;
    %jmp/0xz  T_196.0, 8;
    %pushi/vec4 0, 0, 8;
    %assign/vec4 v000002389289bd00_0, 0;
    %pushi/vec4 0, 0, 8;
    %assign/vec4 v000002389289b940_0, 0;
    %pushi/vec4 0, 0, 32;
    %assign/vec4 v000002389289bc60_0, 0;
    %jmp T_196.1;
T_196.0 ;
    %load/vec4 v000002389289ae00_0;
    %flag_set/vec4 8;
    %jmp/0xz  T_196.2, 8;
    %load/vec4 v000002389289acc0_0;
    %assign/vec4 v000002389289bd00_0, 0;
T_196.2 ;
    %load/vec4 v000002389289a400_0;
    %flag_set/vec4 8;
    %jmp/0xz  T_196.4, 8;
    %load/vec4 v000002389289a4a0_0;
    %assign/vec4 v000002389289b940_0, 0;
    %load/vec4 v000002389289aa40_0;
    %load/vec4 v000002389289a4a0_0;
    %pad/s 32;
    %load/vec4 v000002389289bd00_0;
    %pad/s 32;
    %mul;
    %add;
    %assign/vec4 v000002389289bc60_0, 0;
T_196.4 ;
T_196.1 ;
    %jmp T_196;
    .thread T_196;
    .scope S_00000238928b6490;
T_197 ;
    %wait E_00000238926ed750;
    %load/vec4 v000002389289e780_0;
    %nor/r;
    %flag_set/vec4 8;
    %jmp/0xz  T_197.0, 8;
    %pushi/vec4 0, 0, 8;
    %assign/vec4 v000002389289cb60_0, 0;
    %pushi/vec4 0, 0, 8;
    %assign/vec4 v000002389289e140_0, 0;
    %pushi/vec4 0, 0, 32;
    %assign/vec4 v000002389289d1a0_0, 0;
    %jmp T_197.1;
T_197.0 ;
    %load/vec4 v000002389289eb40_0;
    %flag_set/vec4 8;
    %jmp/0xz  T_197.2, 8;
    %load/vec4 v000002389289df60_0;
    %assign/vec4 v000002389289cb60_0, 0;
T_197.2 ;
    %load/vec4 v000002389289ed20_0;
    %flag_set/vec4 8;
    %jmp/0xz  T_197.4, 8;
    %load/vec4 v000002389289d740_0;
    %assign/vec4 v000002389289e140_0, 0;
    %load/vec4 v000002389289cac0_0;
    %load/vec4 v000002389289d740_0;
    %pad/s 32;
    %load/vec4 v000002389289cb60_0;
    %pad/s 32;
    %mul;
    %add;
    %assign/vec4 v000002389289d1a0_0, 0;
T_197.4 ;
T_197.1 ;
    %jmp T_197;
    .thread T_197;
    .scope S_00000238928b6df0;
T_198 ;
    %wait E_00000238926ed750;
    %load/vec4 v000002389289ebe0_0;
    %nor/r;
    %flag_set/vec4 8;
    %jmp/0xz  T_198.0, 8;
    %pushi/vec4 0, 0, 8;
    %assign/vec4 v000002389289cf20_0, 0;
    %pushi/vec4 0, 0, 8;
    %assign/vec4 v000002389289e320_0, 0;
    %pushi/vec4 0, 0, 32;
    %assign/vec4 v000002389289edc0_0, 0;
    %jmp T_198.1;
T_198.0 ;
    %load/vec4 v000002389289cc00_0;
    %flag_set/vec4 8;
    %jmp/0xz  T_198.2, 8;
    %load/vec4 v000002389289ca20_0;
    %assign/vec4 v000002389289cf20_0, 0;
T_198.2 ;
    %load/vec4 v000002389289ea00_0;
    %flag_set/vec4 8;
    %jmp/0xz  T_198.4, 8;
    %load/vec4 v000002389289d560_0;
    %assign/vec4 v000002389289e320_0, 0;
    %load/vec4 v000002389289c980_0;
    %load/vec4 v000002389289d560_0;
    %pad/s 32;
    %load/vec4 v000002389289cf20_0;
    %pad/s 32;
    %mul;
    %add;
    %assign/vec4 v000002389289edc0_0, 0;
T_198.4 ;
T_198.1 ;
    %jmp T_198;
    .thread T_198;
    .scope S_00000238928b7750;
T_199 ;
    %wait E_00000238926ed750;
    %load/vec4 v000002389289ce80_0;
    %nor/r;
    %flag_set/vec4 8;
    %jmp/0xz  T_199.0, 8;
    %pushi/vec4 0, 0, 8;
    %assign/vec4 v000002389289e000_0, 0;
    %pushi/vec4 0, 0, 8;
    %assign/vec4 v000002389289cde0_0, 0;
    %pushi/vec4 0, 0, 32;
    %assign/vec4 v000002389289d880_0, 0;
    %jmp T_199.1;
T_199.0 ;
    %load/vec4 v000002389289d7e0_0;
    %flag_set/vec4 8;
    %jmp/0xz  T_199.2, 8;
    %load/vec4 v000002389289cd40_0;
    %assign/vec4 v000002389289e000_0, 0;
T_199.2 ;
    %load/vec4 v000002389289c8e0_0;
    %flag_set/vec4 8;
    %jmp/0xz  T_199.4, 8;
    %load/vec4 v000002389289cca0_0;
    %assign/vec4 v000002389289cde0_0, 0;
    %load/vec4 v000002389289e3c0_0;
    %load/vec4 v000002389289cca0_0;
    %pad/s 32;
    %load/vec4 v000002389289e000_0;
    %pad/s 32;
    %mul;
    %add;
    %assign/vec4 v000002389289d880_0, 0;
T_199.4 ;
T_199.1 ;
    %jmp T_199;
    .thread T_199;
    .scope S_00000238928b67b0;
T_200 ;
    %wait E_00000238926ed750;
    %load/vec4 v000002389289dc40_0;
    %nor/r;
    %flag_set/vec4 8;
    %jmp/0xz  T_200.0, 8;
    %pushi/vec4 0, 0, 8;
    %assign/vec4 v000002389289da60_0, 0;
    %pushi/vec4 0, 0, 8;
    %assign/vec4 v000002389289e500_0, 0;
    %pushi/vec4 0, 0, 32;
    %assign/vec4 v000002389289d4c0_0, 0;
    %jmp T_200.1;
T_200.0 ;
    %load/vec4 v000002389289dec0_0;
    %flag_set/vec4 8;
    %jmp/0xz  T_200.2, 8;
    %load/vec4 v000002389289d380_0;
    %assign/vec4 v000002389289da60_0, 0;
T_200.2 ;
    %load/vec4 v000002389289d060_0;
    %flag_set/vec4 8;
    %jmp/0xz  T_200.4, 8;
    %load/vec4 v000002389289d100_0;
    %assign/vec4 v000002389289e500_0, 0;
    %load/vec4 v000002389289e640_0;
    %load/vec4 v000002389289d100_0;
    %pad/s 32;
    %load/vec4 v000002389289da60_0;
    %pad/s 32;
    %mul;
    %add;
    %assign/vec4 v000002389289d4c0_0, 0;
T_200.4 ;
T_200.1 ;
    %jmp T_200;
    .thread T_200;
    .scope S_00000238928b2f70;
T_201 ;
    %wait E_00000238926ed750;
    %load/vec4 v00000238928a17a0_0;
    %nor/r;
    %flag_set/vec4 8;
    %jmp/0xz  T_201.0, 8;
    %pushi/vec4 0, 0, 8;
    %assign/vec4 v000002389289f900_0, 0;
    %pushi/vec4 0, 0, 8;
    %assign/vec4 v00000238928a0620_0, 0;
    %pushi/vec4 0, 0, 32;
    %assign/vec4 v00000238928a0f80_0, 0;
    %jmp T_201.1;
T_201.0 ;
    %load/vec4 v000002389289fb80_0;
    %flag_set/vec4 8;
    %jmp/0xz  T_201.2, 8;
    %load/vec4 v000002389289ffe0_0;
    %assign/vec4 v000002389289f900_0, 0;
T_201.2 ;
    %load/vec4 v00000238928a0760_0;
    %flag_set/vec4 8;
    %jmp/0xz  T_201.4, 8;
    %load/vec4 v00000238928a0a80_0;
    %assign/vec4 v00000238928a0620_0, 0;
    %load/vec4 v00000238928a09e0_0;
    %load/vec4 v00000238928a0a80_0;
    %pad/s 32;
    %load/vec4 v000002389289f900_0;
    %pad/s 32;
    %mul;
    %add;
    %assign/vec4 v00000238928a0f80_0, 0;
T_201.4 ;
T_201.1 ;
    %jmp T_201;
    .thread T_201;
    .scope S_00000238928b03b0;
T_202 ;
    %wait E_00000238926ed750;
    %load/vec4 v00000238928a0080_0;
    %nor/r;
    %flag_set/vec4 8;
    %jmp/0xz  T_202.0, 8;
    %pushi/vec4 0, 0, 8;
    %assign/vec4 v00000238928a15c0_0, 0;
    %pushi/vec4 0, 0, 8;
    %assign/vec4 v00000238928a1160_0, 0;
    %pushi/vec4 0, 0, 32;
    %assign/vec4 v00000238928a0800_0, 0;
    %jmp T_202.1;
T_202.0 ;
    %load/vec4 v000002389289f5e0_0;
    %flag_set/vec4 8;
    %jmp/0xz  T_202.2, 8;
    %load/vec4 v000002389289ff40_0;
    %assign/vec4 v00000238928a15c0_0, 0;
T_202.2 ;
    %load/vec4 v000002389289f220_0;
    %flag_set/vec4 8;
    %jmp/0xz  T_202.4, 8;
    %load/vec4 v00000238928a06c0_0;
    %assign/vec4 v00000238928a1160_0, 0;
    %load/vec4 v000002389289fa40_0;
    %load/vec4 v00000238928a06c0_0;
    %pad/s 32;
    %load/vec4 v00000238928a15c0_0;
    %pad/s 32;
    %mul;
    %add;
    %assign/vec4 v00000238928a0800_0, 0;
T_202.4 ;
T_202.1 ;
    %jmp T_202;
    .thread T_202;
    .scope S_00000238928b0220;
T_203 ;
    %wait E_00000238926ed750;
    %load/vec4 v000002389289fea0_0;
    %nor/r;
    %flag_set/vec4 8;
    %jmp/0xz  T_203.0, 8;
    %pushi/vec4 0, 0, 8;
    %assign/vec4 v000002389289fe00_0, 0;
    %pushi/vec4 0, 0, 8;
    %assign/vec4 v000002389289fcc0_0, 0;
    %pushi/vec4 0, 0, 32;
    %assign/vec4 v000002389289fd60_0, 0;
    %jmp T_203.1;
T_203.0 ;
    %load/vec4 v000002389289fc20_0;
    %flag_set/vec4 8;
    %jmp/0xz  T_203.2, 8;
    %load/vec4 v000002389289fae0_0;
    %assign/vec4 v000002389289fe00_0, 0;
T_203.2 ;
    %load/vec4 v00000238928a12a0_0;
    %flag_set/vec4 8;
    %jmp/0xz  T_203.4, 8;
    %load/vec4 v000002389289f7c0_0;
    %assign/vec4 v000002389289fcc0_0, 0;
    %load/vec4 v00000238928a08a0_0;
    %load/vec4 v000002389289f7c0_0;
    %pad/s 32;
    %load/vec4 v000002389289fe00_0;
    %pad/s 32;
    %mul;
    %add;
    %assign/vec4 v000002389289fd60_0, 0;
T_203.4 ;
T_203.1 ;
    %jmp T_203;
    .thread T_203;
    .scope S_00000238928b3d80;
T_204 ;
    %wait E_00000238926ed750;
    %load/vec4 v00000238928a04e0_0;
    %nor/r;
    %flag_set/vec4 8;
    %jmp/0xz  T_204.0, 8;
    %pushi/vec4 0, 0, 8;
    %assign/vec4 v00000238928a0440_0, 0;
    %pushi/vec4 0, 0, 8;
    %assign/vec4 v00000238928a03a0_0, 0;
    %pushi/vec4 0, 0, 32;
    %assign/vec4 v00000238928a0bc0_0, 0;
    %jmp T_204.1;
T_204.0 ;
    %load/vec4 v000002389289f0e0_0;
    %flag_set/vec4 8;
    %jmp/0xz  T_204.2, 8;
    %load/vec4 v00000238928a0ee0_0;
    %assign/vec4 v00000238928a0440_0, 0;
T_204.2 ;
    %load/vec4 v00000238928a0300_0;
    %flag_set/vec4 8;
    %jmp/0xz  T_204.4, 8;
    %load/vec4 v00000238928a1840_0;
    %assign/vec4 v00000238928a03a0_0, 0;
    %load/vec4 v00000238928a1340_0;
    %load/vec4 v00000238928a1840_0;
    %pad/s 32;
    %load/vec4 v00000238928a0440_0;
    %pad/s 32;
    %mul;
    %add;
    %assign/vec4 v00000238928a0bc0_0, 0;
T_204.4 ;
T_204.1 ;
    %jmp T_204;
    .thread T_204;
    .scope S_00000238928b38d0;
T_205 ;
    %wait E_00000238926ed750;
    %load/vec4 v00000238928a1a20_0;
    %nor/r;
    %flag_set/vec4 8;
    %jmp/0xz  T_205.0, 8;
    %pushi/vec4 0, 0, 8;
    %assign/vec4 v00000238928a1de0_0, 0;
    %pushi/vec4 0, 0, 8;
    %assign/vec4 v00000238928a1b60_0, 0;
    %pushi/vec4 0, 0, 32;
    %assign/vec4 v00000238928a21a0_0, 0;
    %jmp T_205.1;
T_205.0 ;
    %load/vec4 v00000238928a4040_0;
    %flag_set/vec4 8;
    %jmp/0xz  T_205.2, 8;
    %load/vec4 v00000238928a2f60_0;
    %assign/vec4 v00000238928a1de0_0, 0;
T_205.2 ;
    %load/vec4 v000002389289f540_0;
    %flag_set/vec4 8;
    %jmp/0xz  T_205.4, 8;
    %load/vec4 v00000238928a0da0_0;
    %assign/vec4 v00000238928a1b60_0, 0;
    %load/vec4 v00000238928a0e40_0;
    %load/vec4 v00000238928a0da0_0;
    %pad/s 32;
    %load/vec4 v00000238928a1de0_0;
    %pad/s 32;
    %mul;
    %add;
    %assign/vec4 v00000238928a21a0_0, 0;
T_205.4 ;
T_205.1 ;
    %jmp T_205;
    .thread T_205;
    .scope S_00000238928b2480;
T_206 ;
    %wait E_00000238926ed750;
    %load/vec4 v00000238928a2a60_0;
    %nor/r;
    %flag_set/vec4 8;
    %jmp/0xz  T_206.0, 8;
    %pushi/vec4 0, 0, 8;
    %assign/vec4 v00000238928a1ca0_0, 0;
    %pushi/vec4 0, 0, 8;
    %assign/vec4 v00000238928a3d20_0, 0;
    %pushi/vec4 0, 0, 32;
    %assign/vec4 v00000238928a2d80_0, 0;
    %jmp T_206.1;
T_206.0 ;
    %load/vec4 v00000238928a3c80_0;
    %flag_set/vec4 8;
    %jmp/0xz  T_206.2, 8;
    %load/vec4 v00000238928a1c00_0;
    %assign/vec4 v00000238928a1ca0_0, 0;
T_206.2 ;
    %load/vec4 v00000238928a3fa0_0;
    %flag_set/vec4 8;
    %jmp/0xz  T_206.4, 8;
    %load/vec4 v00000238928a1d40_0;
    %assign/vec4 v00000238928a3d20_0, 0;
    %load/vec4 v00000238928a2100_0;
    %load/vec4 v00000238928a1d40_0;
    %pad/s 32;
    %load/vec4 v00000238928a1ca0_0;
    %pad/s 32;
    %mul;
    %add;
    %assign/vec4 v00000238928a2d80_0, 0;
T_206.4 ;
T_206.1 ;
    %jmp T_206;
    .thread T_206;
    .scope S_00000238928b2de0;
T_207 ;
    %wait E_00000238926ed750;
    %load/vec4 v00000238928a35a0_0;
    %nor/r;
    %flag_set/vec4 8;
    %jmp/0xz  T_207.0, 8;
    %pushi/vec4 0, 0, 8;
    %assign/vec4 v00000238928a1980_0, 0;
    %pushi/vec4 0, 0, 8;
    %assign/vec4 v00000238928a3960_0, 0;
    %pushi/vec4 0, 0, 32;
    %assign/vec4 v00000238928a2880_0, 0;
    %jmp T_207.1;
T_207.0 ;
    %load/vec4 v00000238928a3320_0;
    %flag_set/vec4 8;
    %jmp/0xz  T_207.2, 8;
    %load/vec4 v00000238928a3140_0;
    %assign/vec4 v00000238928a1980_0, 0;
T_207.2 ;
    %load/vec4 v00000238928a1fc0_0;
    %flag_set/vec4 8;
    %jmp/0xz  T_207.4, 8;
    %load/vec4 v00000238928a30a0_0;
    %assign/vec4 v00000238928a3960_0, 0;
    %load/vec4 v00000238928a3280_0;
    %load/vec4 v00000238928a30a0_0;
    %pad/s 32;
    %load/vec4 v00000238928a1980_0;
    %pad/s 32;
    %mul;
    %add;
    %assign/vec4 v00000238928a2880_0, 0;
T_207.4 ;
T_207.1 ;
    %jmp T_207;
    .thread T_207;
    .scope S_00000238928b3420;
T_208 ;
    %wait E_00000238926ed750;
    %load/vec4 v00000238928a2420_0;
    %nor/r;
    %flag_set/vec4 8;
    %jmp/0xz  T_208.0, 8;
    %pushi/vec4 0, 0, 8;
    %assign/vec4 v00000238928a22e0_0, 0;
    %pushi/vec4 0, 0, 8;
    %assign/vec4 v00000238928a2e20_0, 0;
    %pushi/vec4 0, 0, 32;
    %assign/vec4 v00000238928a33c0_0, 0;
    %jmp T_208.1;
T_208.0 ;
    %load/vec4 v00000238928a3f00_0;
    %flag_set/vec4 8;
    %jmp/0xz  T_208.2, 8;
    %load/vec4 v00000238928a29c0_0;
    %assign/vec4 v00000238928a22e0_0, 0;
T_208.2 ;
    %load/vec4 v00000238928a3820_0;
    %flag_set/vec4 8;
    %jmp/0xz  T_208.4, 8;
    %load/vec4 v00000238928a3640_0;
    %assign/vec4 v00000238928a2e20_0, 0;
    %load/vec4 v00000238928a24c0_0;
    %load/vec4 v00000238928a3640_0;
    %pad/s 32;
    %load/vec4 v00000238928a22e0_0;
    %pad/s 32;
    %mul;
    %add;
    %assign/vec4 v00000238928a33c0_0, 0;
T_208.4 ;
T_208.1 ;
    %jmp T_208;
    .thread T_208;
    .scope S_00000238928b3740;
T_209 ;
    %wait E_00000238926ed750;
    %load/vec4 v00000238928a4720_0;
    %nor/r;
    %flag_set/vec4 8;
    %jmp/0xz  T_209.0, 8;
    %pushi/vec4 0, 0, 8;
    %assign/vec4 v00000238928a4e00_0, 0;
    %pushi/vec4 0, 0, 8;
    %assign/vec4 v00000238928a3e60_0, 0;
    %pushi/vec4 0, 0, 32;
    %assign/vec4 v00000238928a18e0_0, 0;
    %jmp T_209.1;
T_209.0 ;
    %load/vec4 v00000238928a36e0_0;
    %flag_set/vec4 8;
    %jmp/0xz  T_209.2, 8;
    %load/vec4 v00000238928a3500_0;
    %assign/vec4 v00000238928a4e00_0, 0;
T_209.2 ;
    %load/vec4 v00000238928a3be0_0;
    %flag_set/vec4 8;
    %jmp/0xz  T_209.4, 8;
    %load/vec4 v00000238928a2ec0_0;
    %assign/vec4 v00000238928a3e60_0, 0;
    %load/vec4 v00000238928a3460_0;
    %load/vec4 v00000238928a2ec0_0;
    %pad/s 32;
    %load/vec4 v00000238928a4e00_0;
    %pad/s 32;
    %mul;
    %add;
    %assign/vec4 v00000238928a18e0_0, 0;
T_209.4 ;
T_209.1 ;
    %jmp T_209;
    .thread T_209;
    .scope S_00000238928b3f10;
T_210 ;
    %wait E_00000238926ed750;
    %load/vec4 v00000238928a4900_0;
    %nor/r;
    %flag_set/vec4 8;
    %jmp/0xz  T_210.0, 8;
    %pushi/vec4 0, 0, 8;
    %assign/vec4 v00000238928a62a0_0, 0;
    %pushi/vec4 0, 0, 8;
    %assign/vec4 v00000238928a4860_0, 0;
    %pushi/vec4 0, 0, 32;
    %assign/vec4 v00000238928a6480_0, 0;
    %jmp T_210.1;
T_210.0 ;
    %load/vec4 v00000238928a5f80_0;
    %flag_set/vec4 8;
    %jmp/0xz  T_210.2, 8;
    %load/vec4 v00000238928a58a0_0;
    %assign/vec4 v00000238928a62a0_0, 0;
T_210.2 ;
    %load/vec4 v00000238928a5260_0;
    %flag_set/vec4 8;
    %jmp/0xz  T_210.4, 8;
    %load/vec4 v00000238928a56c0_0;
    %assign/vec4 v00000238928a4860_0, 0;
    %load/vec4 v00000238928a4fe0_0;
    %load/vec4 v00000238928a56c0_0;
    %pad/s 32;
    %load/vec4 v00000238928a62a0_0;
    %pad/s 32;
    %mul;
    %add;
    %assign/vec4 v00000238928a6480_0, 0;
T_210.4 ;
T_210.1 ;
    %jmp T_210;
    .thread T_210;
    .scope S_00000238928b1b20;
T_211 ;
    %wait E_00000238926ed750;
    %load/vec4 v00000238928a5da0_0;
    %nor/r;
    %flag_set/vec4 8;
    %jmp/0xz  T_211.0, 8;
    %pushi/vec4 0, 0, 8;
    %assign/vec4 v00000238928a5080_0, 0;
    %pushi/vec4 0, 0, 8;
    %assign/vec4 v00000238928a5bc0_0, 0;
    %pushi/vec4 0, 0, 32;
    %assign/vec4 v00000238928a5120_0, 0;
    %jmp T_211.1;
T_211.0 ;
    %load/vec4 v00000238928a5a80_0;
    %flag_set/vec4 8;
    %jmp/0xz  T_211.2, 8;
    %load/vec4 v00000238928a4c20_0;
    %assign/vec4 v00000238928a5080_0, 0;
T_211.2 ;
    %load/vec4 v00000238928a5ee0_0;
    %flag_set/vec4 8;
    %jmp/0xz  T_211.4, 8;
    %load/vec4 v00000238928a49a0_0;
    %assign/vec4 v00000238928a5bc0_0, 0;
    %load/vec4 v00000238928a59e0_0;
    %load/vec4 v00000238928a49a0_0;
    %pad/s 32;
    %load/vec4 v00000238928a5080_0;
    %pad/s 32;
    %mul;
    %add;
    %assign/vec4 v00000238928a5120_0, 0;
T_211.4 ;
T_211.1 ;
    %jmp T_211;
    .thread T_211;
    .scope S_00000238928b4b90;
T_212 ;
    %wait E_00000238926ed750;
    %load/vec4 v00000238928a4d60_0;
    %nor/r;
    %flag_set/vec4 8;
    %jmp/0xz  T_212.0, 8;
    %pushi/vec4 0, 0, 8;
    %assign/vec4 v00000238928a4680_0, 0;
    %pushi/vec4 0, 0, 8;
    %assign/vec4 v00000238928a60c0_0, 0;
    %pushi/vec4 0, 0, 32;
    %assign/vec4 v00000238928a5300_0, 0;
    %jmp T_212.1;
T_212.0 ;
    %load/vec4 v00000238928a6020_0;
    %flag_set/vec4 8;
    %jmp/0xz  T_212.2, 8;
    %load/vec4 v00000238928a6160_0;
    %assign/vec4 v00000238928a4680_0, 0;
T_212.2 ;
    %load/vec4 v00000238928a4b80_0;
    %flag_set/vec4 8;
    %jmp/0xz  T_212.4, 8;
    %load/vec4 v00000238928a4cc0_0;
    %assign/vec4 v00000238928a60c0_0, 0;
    %load/vec4 v00000238928a5e40_0;
    %load/vec4 v00000238928a4cc0_0;
    %pad/s 32;
    %load/vec4 v00000238928a4680_0;
    %pad/s 32;
    %mul;
    %add;
    %assign/vec4 v00000238928a5300_0, 0;
T_212.4 ;
T_212.1 ;
    %jmp T_212;
    .thread T_212;
    .scope S_00000238928b51d0;
T_213 ;
    %wait E_00000238926ed750;
    %load/vec4 v00000238928a53a0_0;
    %nor/r;
    %flag_set/vec4 8;
    %jmp/0xz  T_213.0, 8;
    %pushi/vec4 0, 0, 8;
    %assign/vec4 v00000238928a51c0_0, 0;
    %pushi/vec4 0, 0, 8;
    %assign/vec4 v00000238928a42c0_0, 0;
    %pushi/vec4 0, 0, 32;
    %assign/vec4 v00000238928a4400_0, 0;
    %jmp T_213.1;
T_213.0 ;
    %load/vec4 v00000238928a4220_0;
    %flag_set/vec4 8;
    %jmp/0xz  T_213.2, 8;
    %load/vec4 v00000238928a40e0_0;
    %assign/vec4 v00000238928a51c0_0, 0;
T_213.2 ;
    %load/vec4 v00000238928a4180_0;
    %flag_set/vec4 8;
    %jmp/0xz  T_213.4, 8;
    %load/vec4 v00000238928a6840_0;
    %assign/vec4 v00000238928a42c0_0, 0;
    %load/vec4 v00000238928a67a0_0;
    %load/vec4 v00000238928a6840_0;
    %pad/s 32;
    %load/vec4 v00000238928a51c0_0;
    %pad/s 32;
    %mul;
    %add;
    %assign/vec4 v00000238928a4400_0, 0;
T_213.4 ;
T_213.1 ;
    %jmp T_213;
    .thread T_213;
    .scope S_00000238928b1cb0;
T_214 ;
    %wait E_00000238926ed750;
    %load/vec4 v00000238928a9040_0;
    %nor/r;
    %flag_set/vec4 8;
    %jmp/0xz  T_214.0, 8;
    %pushi/vec4 0, 0, 8;
    %assign/vec4 v00000238928a7f60_0, 0;
    %pushi/vec4 0, 0, 8;
    %assign/vec4 v00000238928a8320_0, 0;
    %pushi/vec4 0, 0, 32;
    %assign/vec4 v00000238928a7920_0, 0;
    %jmp T_214.1;
T_214.0 ;
    %load/vec4 v00000238928a8f00_0;
    %flag_set/vec4 8;
    %jmp/0xz  T_214.2, 8;
    %load/vec4 v00000238928a8c80_0;
    %assign/vec4 v00000238928a7f60_0, 0;
T_214.2 ;
    %load/vec4 v00000238928a7880_0;
    %flag_set/vec4 8;
    %jmp/0xz  T_214.4, 8;
    %load/vec4 v00000238928a6f20_0;
    %assign/vec4 v00000238928a8320_0, 0;
    %load/vec4 v00000238928a6fc0_0;
    %load/vec4 v00000238928a6f20_0;
    %pad/s 32;
    %load/vec4 v00000238928a7f60_0;
    %pad/s 32;
    %mul;
    %add;
    %assign/vec4 v00000238928a7920_0, 0;
T_214.4 ;
T_214.1 ;
    %jmp T_214;
    .thread T_214;
    .scope S_00000238928b5810;
T_215 ;
    %wait E_00000238926ed750;
    %load/vec4 v00000238928a8280_0;
    %nor/r;
    %flag_set/vec4 8;
    %jmp/0xz  T_215.0, 8;
    %pushi/vec4 0, 0, 8;
    %assign/vec4 v00000238928a6ac0_0, 0;
    %pushi/vec4 0, 0, 8;
    %assign/vec4 v00000238928a6d40_0, 0;
    %pushi/vec4 0, 0, 32;
    %assign/vec4 v00000238928a8e60_0, 0;
    %jmp T_215.1;
T_215.0 ;
    %load/vec4 v00000238928a8fa0_0;
    %flag_set/vec4 8;
    %jmp/0xz  T_215.2, 8;
    %load/vec4 v00000238928a7a60_0;
    %assign/vec4 v00000238928a6ac0_0, 0;
T_215.2 ;
    %load/vec4 v00000238928a7420_0;
    %flag_set/vec4 8;
    %jmp/0xz  T_215.4, 8;
    %load/vec4 v00000238928a76a0_0;
    %assign/vec4 v00000238928a6d40_0, 0;
    %load/vec4 v00000238928a7ec0_0;
    %load/vec4 v00000238928a76a0_0;
    %pad/s 32;
    %load/vec4 v00000238928a6ac0_0;
    %pad/s 32;
    %mul;
    %add;
    %assign/vec4 v00000238928a8e60_0, 0;
T_215.4 ;
T_215.1 ;
    %jmp T_215;
    .thread T_215;
    .scope S_00000238928b6170;
T_216 ;
    %wait E_00000238926ed750;
    %load/vec4 v00000238928a8aa0_0;
    %nor/r;
    %flag_set/vec4 8;
    %jmp/0xz  T_216.0, 8;
    %pushi/vec4 0, 0, 8;
    %assign/vec4 v00000238928a7600_0, 0;
    %pushi/vec4 0, 0, 8;
    %assign/vec4 v00000238928a8140_0, 0;
    %pushi/vec4 0, 0, 32;
    %assign/vec4 v00000238928a81e0_0, 0;
    %jmp T_216.1;
T_216.0 ;
    %load/vec4 v00000238928a6de0_0;
    %flag_set/vec4 8;
    %jmp/0xz  T_216.2, 8;
    %load/vec4 v00000238928a71a0_0;
    %assign/vec4 v00000238928a7600_0, 0;
T_216.2 ;
    %load/vec4 v00000238928a7560_0;
    %flag_set/vec4 8;
    %jmp/0xz  T_216.4, 8;
    %load/vec4 v00000238928a7240_0;
    %assign/vec4 v00000238928a8140_0, 0;
    %load/vec4 v00000238928a7ba0_0;
    %load/vec4 v00000238928a7240_0;
    %pad/s 32;
    %load/vec4 v00000238928a7600_0;
    %pad/s 32;
    %mul;
    %add;
    %assign/vec4 v00000238928a81e0_0, 0;
T_216.4 ;
T_216.1 ;
    %jmp T_216;
    .thread T_216;
    .scope S_00000238928c6980;
T_217 ;
    %wait E_00000238926ed750;
    %load/vec4 v00000238928a7d80_0;
    %nor/r;
    %flag_set/vec4 8;
    %jmp/0xz  T_217.0, 8;
    %pushi/vec4 0, 0, 8;
    %assign/vec4 v00000238928a8b40_0, 0;
    %pushi/vec4 0, 0, 8;
    %assign/vec4 v00000238928a8960_0, 0;
    %pushi/vec4 0, 0, 32;
    %assign/vec4 v00000238928a7ce0_0, 0;
    %jmp T_217.1;
T_217.0 ;
    %load/vec4 v00000238928a88c0_0;
    %flag_set/vec4 8;
    %jmp/0xz  T_217.2, 8;
    %load/vec4 v00000238928a8820_0;
    %assign/vec4 v00000238928a8b40_0, 0;
T_217.2 ;
    %load/vec4 v00000238928a86e0_0;
    %flag_set/vec4 8;
    %jmp/0xz  T_217.4, 8;
    %load/vec4 v00000238928a8a00_0;
    %assign/vec4 v00000238928a8960_0, 0;
    %load/vec4 v00000238928a8780_0;
    %load/vec4 v00000238928a8a00_0;
    %pad/s 32;
    %load/vec4 v00000238928a8b40_0;
    %pad/s 32;
    %mul;
    %add;
    %assign/vec4 v00000238928a7ce0_0, 0;
T_217.4 ;
T_217.1 ;
    %jmp T_217;
    .thread T_217;
    .scope S_00000238928c5e90;
T_218 ;
    %wait E_00000238926ed750;
    %load/vec4 v00000238928aa440_0;
    %nor/r;
    %flag_set/vec4 8;
    %jmp/0xz  T_218.0, 8;
    %pushi/vec4 0, 0, 8;
    %assign/vec4 v00000238928a9860_0, 0;
    %pushi/vec4 0, 0, 8;
    %assign/vec4 v00000238928a9680_0, 0;
    %pushi/vec4 0, 0, 32;
    %assign/vec4 v00000238928a99a0_0, 0;
    %jmp T_218.1;
T_218.0 ;
    %load/vec4 v00000238928ab020_0;
    %flag_set/vec4 8;
    %jmp/0xz  T_218.2, 8;
    %load/vec4 v00000238928aaf80_0;
    %assign/vec4 v00000238928a9860_0, 0;
T_218.2 ;
    %load/vec4 v00000238928ab840_0;
    %flag_set/vec4 8;
    %jmp/0xz  T_218.4, 8;
    %load/vec4 v00000238928a9360_0;
    %assign/vec4 v00000238928a9680_0, 0;
    %load/vec4 v00000238928aa940_0;
    %load/vec4 v00000238928a9360_0;
    %pad/s 32;
    %load/vec4 v00000238928a9860_0;
    %pad/s 32;
    %mul;
    %add;
    %assign/vec4 v00000238928a99a0_0, 0;
T_218.4 ;
T_218.1 ;
    %jmp T_218;
    .thread T_218;
    .scope S_00000238928c7dd0;
T_219 ;
    %wait E_00000238926ed750;
    %load/vec4 v00000238928aa120_0;
    %nor/r;
    %flag_set/vec4 8;
    %jmp/0xz  T_219.0, 8;
    %pushi/vec4 0, 0, 8;
    %assign/vec4 v00000238928a9a40_0, 0;
    %pushi/vec4 0, 0, 8;
    %assign/vec4 v00000238928aa6c0_0, 0;
    %pushi/vec4 0, 0, 32;
    %assign/vec4 v00000238928aa9e0_0, 0;
    %jmp T_219.1;
T_219.0 ;
    %load/vec4 v00000238928aa260_0;
    %flag_set/vec4 8;
    %jmp/0xz  T_219.2, 8;
    %load/vec4 v00000238928a92c0_0;
    %assign/vec4 v00000238928a9a40_0, 0;
T_219.2 ;
    %load/vec4 v00000238928aaa80_0;
    %flag_set/vec4 8;
    %jmp/0xz  T_219.4, 8;
    %load/vec4 v00000238928ab5c0_0;
    %assign/vec4 v00000238928aa6c0_0, 0;
    %load/vec4 v00000238928aa580_0;
    %load/vec4 v00000238928ab5c0_0;
    %pad/s 32;
    %load/vec4 v00000238928a9a40_0;
    %pad/s 32;
    %mul;
    %add;
    %assign/vec4 v00000238928aa9e0_0, 0;
T_219.4 ;
T_219.1 ;
    %jmp T_219;
    .thread T_219;
    .scope S_00000238928c6b10;
T_220 ;
    %wait E_00000238926ed750;
    %load/vec4 v00000238928ab660_0;
    %nor/r;
    %flag_set/vec4 8;
    %jmp/0xz  T_220.0, 8;
    %pushi/vec4 0, 0, 8;
    %assign/vec4 v00000238928ab520_0, 0;
    %pushi/vec4 0, 0, 8;
    %assign/vec4 v00000238928a9540_0, 0;
    %pushi/vec4 0, 0, 32;
    %assign/vec4 v00000238928a9b80_0, 0;
    %jmp T_220.1;
T_220.0 ;
    %load/vec4 v00000238928ab480_0;
    %flag_set/vec4 8;
    %jmp/0xz  T_220.2, 8;
    %load/vec4 v00000238928aa760_0;
    %assign/vec4 v00000238928ab520_0, 0;
T_220.2 ;
    %load/vec4 v00000238928ab200_0;
    %flag_set/vec4 8;
    %jmp/0xz  T_220.4, 8;
    %load/vec4 v00000238928a9900_0;
    %assign/vec4 v00000238928a9540_0, 0;
    %load/vec4 v00000238928a94a0_0;
    %load/vec4 v00000238928a9900_0;
    %pad/s 32;
    %load/vec4 v00000238928ab520_0;
    %pad/s 32;
    %mul;
    %add;
    %assign/vec4 v00000238928a9b80_0, 0;
T_220.4 ;
T_220.1 ;
    %jmp T_220;
    .thread T_220;
    .scope S_00000238928c48b0;
T_221 ;
    %wait E_00000238926ed750;
    %load/vec4 v00000238928aa4e0_0;
    %nor/r;
    %flag_set/vec4 8;
    %jmp/0xz  T_221.0, 8;
    %pushi/vec4 0, 0, 8;
    %assign/vec4 v00000238928aad00_0, 0;
    %pushi/vec4 0, 0, 8;
    %assign/vec4 v00000238928aac60_0, 0;
    %pushi/vec4 0, 0, 32;
    %assign/vec4 v00000238928ab700_0, 0;
    %jmp T_221.1;
T_221.0 ;
    %load/vec4 v00000238928a9ea0_0;
    %flag_set/vec4 8;
    %jmp/0xz  T_221.2, 8;
    %load/vec4 v00000238928aa300_0;
    %assign/vec4 v00000238928aad00_0, 0;
T_221.2 ;
    %load/vec4 v00000238928a9e00_0;
    %flag_set/vec4 8;
    %jmp/0xz  T_221.4, 8;
    %load/vec4 v00000238928ab0c0_0;
    %assign/vec4 v00000238928aac60_0, 0;
    %load/vec4 v00000238928aa1c0_0;
    %load/vec4 v00000238928ab0c0_0;
    %pad/s 32;
    %load/vec4 v00000238928aad00_0;
    %pad/s 32;
    %mul;
    %add;
    %assign/vec4 v00000238928ab700_0, 0;
T_221.4 ;
T_221.1 ;
    %jmp T_221;
    .thread T_221;
    .scope S_00000238928c7470;
T_222 ;
    %wait E_00000238926ed750;
    %load/vec4 v00000238928acf60_0;
    %nor/r;
    %flag_set/vec4 8;
    %jmp/0xz  T_222.0, 8;
    %pushi/vec4 0, 0, 8;
    %assign/vec4 v00000238928ad8c0_0, 0;
    %pushi/vec4 0, 0, 8;
    %assign/vec4 v00000238928acec0_0, 0;
    %pushi/vec4 0, 0, 32;
    %assign/vec4 v00000238928ac420_0, 0;
    %jmp T_222.1;
T_222.0 ;
    %load/vec4 v00000238928ab8e0_0;
    %flag_set/vec4 8;
    %jmp/0xz  T_222.2, 8;
    %load/vec4 v00000238928a9220_0;
    %assign/vec4 v00000238928ad8c0_0, 0;
T_222.2 ;
    %load/vec4 v00000238928ab3e0_0;
    %flag_set/vec4 8;
    %jmp/0xz  T_222.4, 8;
    %load/vec4 v00000238928ab7a0_0;
    %assign/vec4 v00000238928acec0_0, 0;
    %load/vec4 v00000238928a9180_0;
    %load/vec4 v00000238928ab7a0_0;
    %pad/s 32;
    %load/vec4 v00000238928ad8c0_0;
    %pad/s 32;
    %mul;
    %add;
    %assign/vec4 v00000238928ac420_0, 0;
T_222.4 ;
T_222.1 ;
    %jmp T_222;
    .thread T_222;
    .scope S_00000238928c4d60;
T_223 ;
    %wait E_00000238926ed750;
    %load/vec4 v00000238928ac880_0;
    %nor/r;
    %flag_set/vec4 8;
    %jmp/0xz  T_223.0, 8;
    %pushi/vec4 0, 0, 8;
    %assign/vec4 v00000238928ac740_0, 0;
    %pushi/vec4 0, 0, 8;
    %assign/vec4 v00000238928ad320_0, 0;
    %pushi/vec4 0, 0, 32;
    %assign/vec4 v00000238928abde0_0, 0;
    %jmp T_223.1;
T_223.0 ;
    %load/vec4 v00000238928ada00_0;
    %flag_set/vec4 8;
    %jmp/0xz  T_223.2, 8;
    %load/vec4 v00000238928ad280_0;
    %assign/vec4 v00000238928ac740_0, 0;
T_223.2 ;
    %load/vec4 v00000238928ad3c0_0;
    %flag_set/vec4 8;
    %jmp/0xz  T_223.4, 8;
    %load/vec4 v00000238928ad0a0_0;
    %assign/vec4 v00000238928ad320_0, 0;
    %load/vec4 v00000238928ad6e0_0;
    %load/vec4 v00000238928ad0a0_0;
    %pad/s 32;
    %load/vec4 v00000238928ac740_0;
    %pad/s 32;
    %mul;
    %add;
    %assign/vec4 v00000238928abde0_0, 0;
T_223.4 ;
T_223.1 ;
    %jmp T_223;
    .thread T_223;
    .scope S_00000238928c5850;
T_224 ;
    %wait E_00000238926ed750;
    %load/vec4 v00000238928abf20_0;
    %nor/r;
    %flag_set/vec4 8;
    %jmp/0xz  T_224.0, 8;
    %pushi/vec4 0, 0, 8;
    %assign/vec4 v00000238928abca0_0, 0;
    %pushi/vec4 0, 0, 8;
    %assign/vec4 v00000238928ac1a0_0, 0;
    %pushi/vec4 0, 0, 32;
    %assign/vec4 v00000238928abe80_0, 0;
    %jmp T_224.1;
T_224.0 ;
    %load/vec4 v00000238928addc0_0;
    %flag_set/vec4 8;
    %jmp/0xz  T_224.2, 8;
    %load/vec4 v00000238928ac9c0_0;
    %assign/vec4 v00000238928abca0_0, 0;
T_224.2 ;
    %load/vec4 v00000238928ad640_0;
    %flag_set/vec4 8;
    %jmp/0xz  T_224.4, 8;
    %load/vec4 v00000238928abb60_0;
    %assign/vec4 v00000238928ac1a0_0, 0;
    %load/vec4 v00000238928ad000_0;
    %load/vec4 v00000238928abb60_0;
    %pad/s 32;
    %load/vec4 v00000238928abca0_0;
    %pad/s 32;
    %mul;
    %add;
    %assign/vec4 v00000238928abe80_0, 0;
T_224.4 ;
T_224.1 ;
    %jmp T_224;
    .thread T_224;
    .scope S_00000238928c6340;
T_225 ;
    %wait E_00000238926ed750;
    %load/vec4 v00000238928ac7e0_0;
    %nor/r;
    %flag_set/vec4 8;
    %jmp/0xz  T_225.0, 8;
    %pushi/vec4 0, 0, 8;
    %assign/vec4 v00000238928aba20_0, 0;
    %pushi/vec4 0, 0, 8;
    %assign/vec4 v00000238928ae040_0, 0;
    %pushi/vec4 0, 0, 32;
    %assign/vec4 v00000238928ad140_0, 0;
    %jmp T_225.1;
T_225.0 ;
    %load/vec4 v00000238928adfa0_0;
    %flag_set/vec4 8;
    %jmp/0xz  T_225.2, 8;
    %load/vec4 v00000238928adb40_0;
    %assign/vec4 v00000238928aba20_0, 0;
T_225.2 ;
    %load/vec4 v00000238928ac240_0;
    %flag_set/vec4 8;
    %jmp/0xz  T_225.4, 8;
    %load/vec4 v00000238928ad960_0;
    %assign/vec4 v00000238928ae040_0, 0;
    %load/vec4 v00000238928aca60_0;
    %load/vec4 v00000238928ad960_0;
    %pad/s 32;
    %load/vec4 v00000238928aba20_0;
    %pad/s 32;
    %mul;
    %add;
    %assign/vec4 v00000238928ad140_0, 0;
T_225.4 ;
T_225.1 ;
    %jmp T_225;
    .thread T_225;
    .scope S_00000238928ba4a0;
T_226 ;
    %wait E_00000238926ed750;
    %load/vec4 v00000238928ae540_0;
    %nor/r;
    %flag_set/vec4 8;
    %jmp/0xz  T_226.0, 8;
    %pushi/vec4 0, 0, 8;
    %assign/vec4 v00000238928ace20_0, 0;
    %pushi/vec4 0, 0, 8;
    %assign/vec4 v00000238928acce0_0, 0;
    %pushi/vec4 0, 0, 32;
    %assign/vec4 v00000238928acd80_0, 0;
    %jmp T_226.1;
T_226.0 ;
    %load/vec4 v00000238928acb00_0;
    %flag_set/vec4 8;
    %jmp/0xz  T_226.2, 8;
    %load/vec4 v00000238928ac920_0;
    %assign/vec4 v00000238928ace20_0, 0;
T_226.2 ;
    %load/vec4 v00000238928ac380_0;
    %flag_set/vec4 8;
    %jmp/0xz  T_226.4, 8;
    %load/vec4 v00000238928ac4c0_0;
    %assign/vec4 v00000238928acce0_0, 0;
    %load/vec4 v00000238928ac2e0_0;
    %load/vec4 v00000238928ac4c0_0;
    %pad/s 32;
    %load/vec4 v00000238928ace20_0;
    %pad/s 32;
    %mul;
    %add;
    %assign/vec4 v00000238928acd80_0, 0;
T_226.4 ;
T_226.1 ;
    %jmp T_226;
    .thread T_226;
    .scope S_00000238928b9370;
T_227 ;
    %wait E_00000238926ed750;
    %load/vec4 v00000238928ae4a0_0;
    %nor/r;
    %flag_set/vec4 8;
    %jmp/0xz  T_227.0, 8;
    %pushi/vec4 0, 0, 8;
    %assign/vec4 v00000238928af1c0_0, 0;
    %pushi/vec4 0, 0, 8;
    %assign/vec4 v00000238928af620_0, 0;
    %pushi/vec4 0, 0, 32;
    %assign/vec4 v00000238928af6c0_0, 0;
    %jmp T_227.1;
T_227.0 ;
    %load/vec4 v00000238928af4e0_0;
    %flag_set/vec4 8;
    %jmp/0xz  T_227.2, 8;
    %load/vec4 v00000238928af440_0;
    %assign/vec4 v00000238928af1c0_0, 0;
T_227.2 ;
    %load/vec4 v00000238928af300_0;
    %flag_set/vec4 8;
    %jmp/0xz  T_227.4, 8;
    %load/vec4 v00000238928af3a0_0;
    %assign/vec4 v00000238928af620_0, 0;
    %load/vec4 v00000238928afc60_0;
    %load/vec4 v00000238928af3a0_0;
    %pad/s 32;
    %load/vec4 v00000238928af1c0_0;
    %pad/s 32;
    %mul;
    %add;
    %assign/vec4 v00000238928af6c0_0, 0;
T_227.4 ;
T_227.1 ;
    %jmp T_227;
    .thread T_227;
    .scope S_00000238928b9ff0;
T_228 ;
    %wait E_00000238926ed750;
    %load/vec4 v00000238928ae860_0;
    %nor/r;
    %flag_set/vec4 8;
    %jmp/0xz  T_228.0, 8;
    %pushi/vec4 0, 0, 8;
    %assign/vec4 v00000238928ae720_0, 0;
    %pushi/vec4 0, 0, 8;
    %assign/vec4 v00000238928af8a0_0, 0;
    %pushi/vec4 0, 0, 32;
    %assign/vec4 v00000238928aee00_0, 0;
    %jmp T_228.1;
T_228.0 ;
    %load/vec4 v00000238928ae7c0_0;
    %flag_set/vec4 8;
    %jmp/0xz  T_228.2, 8;
    %load/vec4 v00000238928ae680_0;
    %assign/vec4 v00000238928ae720_0, 0;
T_228.2 ;
    %load/vec4 v00000238928ae360_0;
    %flag_set/vec4 8;
    %jmp/0xz  T_228.4, 8;
    %load/vec4 v00000238928ae5e0_0;
    %assign/vec4 v00000238928af8a0_0, 0;
    %load/vec4 v00000238928af800_0;
    %load/vec4 v00000238928ae5e0_0;
    %pad/s 32;
    %load/vec4 v00000238928ae720_0;
    %pad/s 32;
    %mul;
    %add;
    %assign/vec4 v00000238928aee00_0, 0;
T_228.4 ;
T_228.1 ;
    %jmp T_228;
    .thread T_228;
    .scope S_00000238928b91e0;
T_229 ;
    %wait E_00000238926ed750;
    %load/vec4 v00000238928aec20_0;
    %nor/r;
    %flag_set/vec4 8;
    %jmp/0xz  T_229.0, 8;
    %pushi/vec4 0, 0, 8;
    %assign/vec4 v00000238928aeae0_0, 0;
    %pushi/vec4 0, 0, 8;
    %assign/vec4 v00000238928ae900_0, 0;
    %pushi/vec4 0, 0, 32;
    %assign/vec4 v00000238928ae9a0_0, 0;
    %jmp T_229.1;
T_229.0 ;
    %load/vec4 v00000238928ae220_0;
    %flag_set/vec4 8;
    %jmp/0xz  T_229.2, 8;
    %load/vec4 v00000238928ae180_0;
    %assign/vec4 v00000238928aeae0_0, 0;
T_229.2 ;
    %load/vec4 v00000238928aff80_0;
    %flag_set/vec4 8;
    %jmp/0xz  T_229.4, 8;
    %load/vec4 v00000238928afda0_0;
    %assign/vec4 v00000238928ae900_0, 0;
    %load/vec4 v00000238928ae0e0_0;
    %load/vec4 v00000238928afda0_0;
    %pad/s 32;
    %load/vec4 v00000238928aeae0_0;
    %pad/s 32;
    %mul;
    %add;
    %assign/vec4 v00000238928ae9a0_0, 0;
T_229.4 ;
T_229.1 ;
    %jmp T_229;
    .thread T_229;
    .scope S_00000238928bb8f0;
T_230 ;
    %wait E_00000238926ed750;
    %load/vec4 v0000023892890220_0;
    %nor/r;
    %flag_set/vec4 8;
    %jmp/0xz  T_230.0, 8;
    %pushi/vec4 0, 0, 8;
    %assign/vec4 v00000238928905e0_0, 0;
    %pushi/vec4 0, 0, 8;
    %assign/vec4 v0000023892890360_0, 0;
    %pushi/vec4 0, 0, 32;
    %assign/vec4 v00000238928909a0_0, 0;
    %jmp T_230.1;
T_230.0 ;
    %load/vec4 v0000023892892840_0;
    %flag_set/vec4 8;
    %jmp/0xz  T_230.2, 8;
    %load/vec4 v0000023892891760_0;
    %assign/vec4 v00000238928905e0_0, 0;
T_230.2 ;
    %load/vec4 v00000238928922a0_0;
    %flag_set/vec4 8;
    %jmp/0xz  T_230.4, 8;
    %load/vec4 v00000238928920c0_0;
    %assign/vec4 v0000023892890360_0, 0;
    %load/vec4 v0000023892891120_0;
    %load/vec4 v00000238928920c0_0;
    %pad/s 32;
    %load/vec4 v00000238928905e0_0;
    %pad/s 32;
    %mul;
    %add;
    %assign/vec4 v00000238928909a0_0, 0;
T_230.4 ;
T_230.1 ;
    %jmp T_230;
    .thread T_230;
    .scope S_00000238928bc0c0;
T_231 ;
    %wait E_00000238926ed750;
    %load/vec4 v00000238928918a0_0;
    %nor/r;
    %flag_set/vec4 8;
    %jmp/0xz  T_231.0, 8;
    %pushi/vec4 0, 0, 8;
    %assign/vec4 v0000023892890540_0, 0;
    %pushi/vec4 0, 0, 8;
    %assign/vec4 v00000238928925c0_0, 0;
    %pushi/vec4 0, 0, 32;
    %assign/vec4 v0000023892890f40_0, 0;
    %jmp T_231.1;
T_231.0 ;
    %load/vec4 v0000023892891a80_0;
    %flag_set/vec4 8;
    %jmp/0xz  T_231.2, 8;
    %load/vec4 v0000023892890400_0;
    %assign/vec4 v0000023892890540_0, 0;
T_231.2 ;
    %load/vec4 v0000023892890e00_0;
    %flag_set/vec4 8;
    %jmp/0xz  T_231.4, 8;
    %load/vec4 v0000023892891260_0;
    %assign/vec4 v00000238928925c0_0, 0;
    %load/vec4 v0000023892892660_0;
    %load/vec4 v0000023892891260_0;
    %pad/s 32;
    %load/vec4 v0000023892890540_0;
    %pad/s 32;
    %mul;
    %add;
    %assign/vec4 v0000023892890f40_0, 0;
T_231.4 ;
T_231.1 ;
    %jmp T_231;
    .thread T_231;
    .scope S_00000238928ba7c0;
T_232 ;
    %wait E_00000238926ed750;
    %load/vec4 v0000023892890900_0;
    %nor/r;
    %flag_set/vec4 8;
    %jmp/0xz  T_232.0, 8;
    %pushi/vec4 0, 0, 8;
    %assign/vec4 v0000023892892520_0, 0;
    %pushi/vec4 0, 0, 8;
    %assign/vec4 v0000023892891940_0, 0;
    %pushi/vec4 0, 0, 32;
    %assign/vec4 v0000023892890ae0_0, 0;
    %jmp T_232.1;
T_232.0 ;
    %load/vec4 v0000023892891c60_0;
    %flag_set/vec4 8;
    %jmp/0xz  T_232.2, 8;
    %load/vec4 v0000023892890fe0_0;
    %assign/vec4 v0000023892892520_0, 0;
T_232.2 ;
    %load/vec4 v0000023892891b20_0;
    %flag_set/vec4 8;
    %jmp/0xz  T_232.4, 8;
    %load/vec4 v00000238928907c0_0;
    %assign/vec4 v0000023892891940_0, 0;
    %load/vec4 v0000023892892340_0;
    %load/vec4 v00000238928907c0_0;
    %pad/s 32;
    %load/vec4 v0000023892892520_0;
    %pad/s 32;
    %mul;
    %add;
    %assign/vec4 v0000023892890ae0_0, 0;
T_232.4 ;
T_232.1 ;
    %jmp T_232;
    .thread T_232;
    .scope S_00000238928b9cd0;
T_233 ;
    %wait E_00000238926ed750;
    %load/vec4 v0000023892891300_0;
    %nor/r;
    %flag_set/vec4 8;
    %jmp/0xz  T_233.0, 8;
    %pushi/vec4 0, 0, 8;
    %assign/vec4 v0000023892891080_0, 0;
    %pushi/vec4 0, 0, 8;
    %assign/vec4 v0000023892890cc0_0, 0;
    %pushi/vec4 0, 0, 32;
    %assign/vec4 v0000023892890ea0_0, 0;
    %jmp T_233.1;
T_233.0 ;
    %load/vec4 v0000023892892200_0;
    %flag_set/vec4 8;
    %jmp/0xz  T_233.2, 8;
    %load/vec4 v00000238928914e0_0;
    %assign/vec4 v0000023892891080_0, 0;
T_233.2 ;
    %load/vec4 v0000023892891f80_0;
    %flag_set/vec4 8;
    %jmp/0xz  T_233.4, 8;
    %load/vec4 v0000023892892160_0;
    %assign/vec4 v0000023892890cc0_0, 0;
    %load/vec4 v0000023892890c20_0;
    %load/vec4 v0000023892892160_0;
    %pad/s 32;
    %load/vec4 v0000023892891080_0;
    %pad/s 32;
    %mul;
    %add;
    %assign/vec4 v0000023892890ea0_0, 0;
T_233.4 ;
T_233.1 ;
    %jmp T_233;
    .thread T_233;
    .scope S_00000238928bbc10;
T_234 ;
    %wait E_00000238926ed750;
    %load/vec4 v0000023892894c80_0;
    %nor/r;
    %flag_set/vec4 8;
    %jmp/0xz  T_234.0, 8;
    %pushi/vec4 0, 0, 8;
    %assign/vec4 v0000023892892b60_0, 0;
    %pushi/vec4 0, 0, 8;
    %assign/vec4 v0000023892894460_0, 0;
    %pushi/vec4 0, 0, 32;
    %assign/vec4 v0000023892893100_0, 0;
    %jmp T_234.1;
T_234.0 ;
    %load/vec4 v00000238928939c0_0;
    %flag_set/vec4 8;
    %jmp/0xz  T_234.2, 8;
    %load/vec4 v0000023892894000_0;
    %assign/vec4 v0000023892892b60_0, 0;
T_234.2 ;
    %load/vec4 v00000238928900e0_0;
    %flag_set/vec4 8;
    %jmp/0xz  T_234.4, 8;
    %load/vec4 v0000023892890180_0;
    %assign/vec4 v0000023892894460_0, 0;
    %load/vec4 v0000023892894dc0_0;
    %load/vec4 v0000023892890180_0;
    %pad/s 32;
    %load/vec4 v0000023892892b60_0;
    %pad/s 32;
    %mul;
    %add;
    %assign/vec4 v0000023892893100_0, 0;
T_234.4 ;
T_234.1 ;
    %jmp T_234;
    .thread T_234;
    .scope S_00000238928bac70;
T_235 ;
    %wait E_00000238926ed750;
    %load/vec4 v00000238928943c0_0;
    %nor/r;
    %flag_set/vec4 8;
    %jmp/0xz  T_235.0, 8;
    %pushi/vec4 0, 0, 8;
    %assign/vec4 v0000023892894320_0, 0;
    %pushi/vec4 0, 0, 8;
    %assign/vec4 v00000238928941e0_0, 0;
    %pushi/vec4 0, 0, 32;
    %assign/vec4 v0000023892894280_0, 0;
    %jmp T_235.1;
T_235.0 ;
    %load/vec4 v0000023892893c40_0;
    %flag_set/vec4 8;
    %jmp/0xz  T_235.2, 8;
    %load/vec4 v0000023892893b00_0;
    %assign/vec4 v0000023892894320_0, 0;
T_235.2 ;
    %load/vec4 v0000023892894960_0;
    %flag_set/vec4 8;
    %jmp/0xz  T_235.4, 8;
    %load/vec4 v00000238928928e0_0;
    %assign/vec4 v00000238928941e0_0, 0;
    %load/vec4 v0000023892894140_0;
    %load/vec4 v00000238928928e0_0;
    %pad/s 32;
    %load/vec4 v0000023892894320_0;
    %pad/s 32;
    %mul;
    %add;
    %assign/vec4 v0000023892894280_0, 0;
T_235.4 ;
T_235.1 ;
    %jmp T_235;
    .thread T_235;
    .scope S_00000238928bc700;
T_236 ;
    %wait E_00000238926ed750;
    %load/vec4 v0000023892893240_0;
    %nor/r;
    %flag_set/vec4 8;
    %jmp/0xz  T_236.0, 8;
    %pushi/vec4 0, 0, 8;
    %assign/vec4 v0000023892895040_0, 0;
    %pushi/vec4 0, 0, 8;
    %assign/vec4 v0000023892894500_0, 0;
    %pushi/vec4 0, 0, 32;
    %assign/vec4 v0000023892892c00_0, 0;
    %jmp T_236.1;
T_236.0 ;
    %load/vec4 v0000023892893920_0;
    %flag_set/vec4 8;
    %jmp/0xz  T_236.2, 8;
    %load/vec4 v0000023892893880_0;
    %assign/vec4 v0000023892895040_0, 0;
T_236.2 ;
    %load/vec4 v0000023892894f00_0;
    %flag_set/vec4 8;
    %jmp/0xz  T_236.4, 8;
    %load/vec4 v0000023892892de0_0;
    %assign/vec4 v0000023892894500_0, 0;
    %load/vec4 v0000023892893380_0;
    %load/vec4 v0000023892892de0_0;
    %pad/s 32;
    %load/vec4 v0000023892895040_0;
    %pad/s 32;
    %mul;
    %add;
    %assign/vec4 v0000023892892c00_0, 0;
T_236.4 ;
T_236.1 ;
    %jmp T_236;
    .thread T_236;
    .scope S_00000238928bced0;
T_237 ;
    %wait E_00000238926ed750;
    %load/vec4 v00000238928932e0_0;
    %nor/r;
    %flag_set/vec4 8;
    %jmp/0xz  T_237.0, 8;
    %pushi/vec4 0, 0, 8;
    %assign/vec4 v0000023892894aa0_0, 0;
    %pushi/vec4 0, 0, 8;
    %assign/vec4 v0000023892894640_0, 0;
    %pushi/vec4 0, 0, 32;
    %assign/vec4 v00000238928948c0_0, 0;
    %jmp T_237.1;
T_237.0 ;
    %load/vec4 v0000023892893ce0_0;
    %flag_set/vec4 8;
    %jmp/0xz  T_237.2, 8;
    %load/vec4 v0000023892893060_0;
    %assign/vec4 v0000023892894aa0_0, 0;
T_237.2 ;
    %load/vec4 v0000023892892e80_0;
    %flag_set/vec4 8;
    %jmp/0xz  T_237.4, 8;
    %load/vec4 v00000238928945a0_0;
    %assign/vec4 v0000023892894640_0, 0;
    %load/vec4 v00000238928931a0_0;
    %load/vec4 v00000238928945a0_0;
    %pad/s 32;
    %load/vec4 v0000023892894aa0_0;
    %pad/s 32;
    %mul;
    %add;
    %assign/vec4 v00000238928948c0_0, 0;
T_237.4 ;
T_237.1 ;
    %jmp T_237;
    .thread T_237;
    .scope S_00000238928bd6a0;
T_238 ;
    %wait E_00000238926ed750;
    %load/vec4 v00000238928957c0_0;
    %nor/r;
    %flag_set/vec4 8;
    %jmp/0xz  T_238.0, 8;
    %pushi/vec4 0, 0, 8;
    %assign/vec4 v0000023892895ae0_0, 0;
    %pushi/vec4 0, 0, 8;
    %assign/vec4 v00000238928955e0_0, 0;
    %pushi/vec4 0, 0, 32;
    %assign/vec4 v0000023892895b80_0, 0;
    %jmp T_238.1;
T_238.0 ;
    %load/vec4 v0000023892895540_0;
    %flag_set/vec4 8;
    %jmp/0xz  T_238.2, 8;
    %load/vec4 v0000023892896f80_0;
    %assign/vec4 v0000023892895ae0_0, 0;
T_238.2 ;
    %load/vec4 v00000238928937e0_0;
    %flag_set/vec4 8;
    %jmp/0xz  T_238.4, 8;
    %load/vec4 v00000238928936a0_0;
    %assign/vec4 v00000238928955e0_0, 0;
    %load/vec4 v0000023892893d80_0;
    %load/vec4 v00000238928936a0_0;
    %pad/s 32;
    %load/vec4 v0000023892895ae0_0;
    %pad/s 32;
    %mul;
    %add;
    %assign/vec4 v0000023892895b80_0, 0;
T_238.4 ;
T_238.1 ;
    %jmp T_238;
    .thread T_238;
    .scope S_00000238928bde70;
T_239 ;
    %wait E_00000238926ed750;
    %load/vec4 v0000023892895c20_0;
    %nor/r;
    %flag_set/vec4 8;
    %jmp/0xz  T_239.0, 8;
    %pushi/vec4 0, 0, 8;
    %assign/vec4 v0000023892895fe0_0, 0;
    %pushi/vec4 0, 0, 8;
    %assign/vec4 v0000023892895220_0, 0;
    %pushi/vec4 0, 0, 32;
    %assign/vec4 v0000023892896a80_0, 0;
    %jmp T_239.1;
T_239.0 ;
    %load/vec4 v00000238928977a0_0;
    %flag_set/vec4 8;
    %jmp/0xz  T_239.2, 8;
    %load/vec4 v0000023892896620_0;
    %assign/vec4 v0000023892895fe0_0, 0;
T_239.2 ;
    %load/vec4 v0000023892895cc0_0;
    %flag_set/vec4 8;
    %jmp/0xz  T_239.4, 8;
    %load/vec4 v00000238928966c0_0;
    %assign/vec4 v0000023892895220_0, 0;
    %load/vec4 v00000238928963a0_0;
    %load/vec4 v00000238928966c0_0;
    %pad/s 32;
    %load/vec4 v0000023892895fe0_0;
    %pad/s 32;
    %mul;
    %add;
    %assign/vec4 v0000023892896a80_0, 0;
T_239.4 ;
T_239.1 ;
    %jmp T_239;
    .thread T_239;
    .scope S_00000238928bf5e0;
T_240 ;
    %wait E_00000238926ed750;
    %load/vec4 v0000023892896760_0;
    %nor/r;
    %flag_set/vec4 8;
    %jmp/0xz  T_240.0, 8;
    %pushi/vec4 0, 0, 8;
    %assign/vec4 v0000023892895ea0_0, 0;
    %pushi/vec4 0, 0, 8;
    %assign/vec4 v0000023892897840_0, 0;
    %pushi/vec4 0, 0, 32;
    %assign/vec4 v0000023892895900_0, 0;
    %jmp T_240.1;
T_240.0 ;
    %load/vec4 v0000023892896b20_0;
    %flag_set/vec4 8;
    %jmp/0xz  T_240.2, 8;
    %load/vec4 v0000023892895d60_0;
    %assign/vec4 v0000023892895ea0_0, 0;
T_240.2 ;
    %load/vec4 v0000023892896c60_0;
    %flag_set/vec4 8;
    %jmp/0xz  T_240.4, 8;
    %load/vec4 v0000023892897160_0;
    %assign/vec4 v0000023892897840_0, 0;
    %load/vec4 v0000023892896ee0_0;
    %load/vec4 v0000023892897160_0;
    %pad/s 32;
    %load/vec4 v0000023892895ea0_0;
    %pad/s 32;
    %mul;
    %add;
    %assign/vec4 v0000023892895900_0, 0;
T_240.4 ;
T_240.1 ;
    %jmp T_240;
    .thread T_240;
    .scope S_00000238928befa0;
T_241 ;
    %wait E_00000238926ed750;
    %load/vec4 v0000023892897020_0;
    %nor/r;
    %flag_set/vec4 8;
    %jmp/0xz  T_241.0, 8;
    %pushi/vec4 0, 0, 8;
    %assign/vec4 v0000023892896580_0, 0;
    %pushi/vec4 0, 0, 8;
    %assign/vec4 v0000023892896260_0, 0;
    %pushi/vec4 0, 0, 32;
    %assign/vec4 v0000023892896d00_0, 0;
    %jmp T_241.1;
T_241.0 ;
    %load/vec4 v00000238928961c0_0;
    %flag_set/vec4 8;
    %jmp/0xz  T_241.2, 8;
    %load/vec4 v00000238928975c0_0;
    %assign/vec4 v0000023892896580_0, 0;
T_241.2 ;
    %load/vec4 v0000023892895a40_0;
    %flag_set/vec4 8;
    %jmp/0xz  T_241.4, 8;
    %load/vec4 v0000023892895e00_0;
    %assign/vec4 v0000023892896260_0, 0;
    %load/vec4 v0000023892896080_0;
    %load/vec4 v0000023892895e00_0;
    %pad/s 32;
    %load/vec4 v0000023892896580_0;
    %pad/s 32;
    %mul;
    %add;
    %assign/vec4 v0000023892896d00_0, 0;
T_241.4 ;
T_241.1 ;
    %jmp T_241;
    .thread T_241;
    .scope S_00000238928c03f0;
T_242 ;
    %wait E_00000238926ed750;
    %load/vec4 v00000238928ccd50_0;
    %nor/r;
    %flag_set/vec4 8;
    %jmp/0xz  T_242.0, 8;
    %pushi/vec4 0, 0, 8;
    %assign/vec4 v00000238928cc210_0, 0;
    %pushi/vec4 0, 0, 8;
    %assign/vec4 v00000238928cd070_0, 0;
    %pushi/vec4 0, 0, 32;
    %assign/vec4 v00000238928ccdf0_0, 0;
    %jmp T_242.1;
T_242.0 ;
    %load/vec4 v00000238928cc170_0;
    %flag_set/vec4 8;
    %jmp/0xz  T_242.2, 8;
    %load/vec4 v00000238928cc0d0_0;
    %assign/vec4 v00000238928cc210_0, 0;
T_242.2 ;
    %load/vec4 v0000023892895180_0;
    %flag_set/vec4 8;
    %jmp/0xz  T_242.4, 8;
    %load/vec4 v0000023892895400_0;
    %assign/vec4 v00000238928cd070_0, 0;
    %load/vec4 v00000238928954a0_0;
    %load/vec4 v0000023892895400_0;
    %pad/s 32;
    %load/vec4 v00000238928cc210_0;
    %pad/s 32;
    %mul;
    %add;
    %assign/vec4 v00000238928ccdf0_0, 0;
T_242.4 ;
T_242.1 ;
    %jmp T_242;
    .thread T_242;
    .scope S_00000238928c0bc0;
T_243 ;
    %wait E_00000238926ed750;
    %load/vec4 v00000238928ccb70_0;
    %nor/r;
    %flag_set/vec4 8;
    %jmp/0xz  T_243.0, 8;
    %pushi/vec4 0, 0, 8;
    %assign/vec4 v00000238928cbf90_0, 0;
    %pushi/vec4 0, 0, 8;
    %assign/vec4 v00000238928cbdb0_0, 0;
    %pushi/vec4 0, 0, 32;
    %assign/vec4 v00000238928caaf0_0, 0;
    %jmp T_243.1;
T_243.0 ;
    %load/vec4 v00000238928caeb0_0;
    %flag_set/vec4 8;
    %jmp/0xz  T_243.2, 8;
    %load/vec4 v00000238928cc2b0_0;
    %assign/vec4 v00000238928cbf90_0, 0;
T_243.2 ;
    %load/vec4 v00000238928cc490_0;
    %flag_set/vec4 8;
    %jmp/0xz  T_243.4, 8;
    %load/vec4 v00000238928cce90_0;
    %assign/vec4 v00000238928cbdb0_0, 0;
    %load/vec4 v00000238928cab90_0;
    %load/vec4 v00000238928cce90_0;
    %pad/s 32;
    %load/vec4 v00000238928cbf90_0;
    %pad/s 32;
    %mul;
    %add;
    %assign/vec4 v00000238928caaf0_0, 0;
T_243.4 ;
T_243.1 ;
    %jmp T_243;
    .thread T_243;
    .scope S_00000238928bee10;
T_244 ;
    %wait E_00000238926ed750;
    %load/vec4 v00000238928cacd0_0;
    %nor/r;
    %flag_set/vec4 8;
    %jmp/0xz  T_244.0, 8;
    %pushi/vec4 0, 0, 8;
    %assign/vec4 v00000238928cc3f0_0, 0;
    %pushi/vec4 0, 0, 8;
    %assign/vec4 v00000238928cc5d0_0, 0;
    %pushi/vec4 0, 0, 32;
    %assign/vec4 v00000238928cac30_0, 0;
    %jmp T_244.1;
T_244.0 ;
    %load/vec4 v00000238928cc030_0;
    %flag_set/vec4 8;
    %jmp/0xz  T_244.2, 8;
    %load/vec4 v00000238928ca910_0;
    %assign/vec4 v00000238928cc3f0_0, 0;
T_244.2 ;
    %load/vec4 v00000238928cb3b0_0;
    %flag_set/vec4 8;
    %jmp/0xz  T_244.4, 8;
    %load/vec4 v00000238928ccad0_0;
    %assign/vec4 v00000238928cc5d0_0, 0;
    %load/vec4 v00000238928cb630_0;
    %load/vec4 v00000238928ccad0_0;
    %pad/s 32;
    %load/vec4 v00000238928cc3f0_0;
    %pad/s 32;
    %mul;
    %add;
    %assign/vec4 v00000238928cac30_0, 0;
T_244.4 ;
T_244.1 ;
    %jmp T_244;
    .thread T_244;
    .scope S_00000238928bff40;
T_245 ;
    %wait E_00000238926ed750;
    %load/vec4 v00000238928cbd10_0;
    %nor/r;
    %flag_set/vec4 8;
    %jmp/0xz  T_245.0, 8;
    %pushi/vec4 0, 0, 8;
    %assign/vec4 v00000238928cca30_0, 0;
    %pushi/vec4 0, 0, 8;
    %assign/vec4 v00000238928cc7b0_0, 0;
    %pushi/vec4 0, 0, 32;
    %assign/vec4 v00000238928cc990_0, 0;
    %jmp T_245.1;
T_245.0 ;
    %load/vec4 v00000238928cb130_0;
    %flag_set/vec4 8;
    %jmp/0xz  T_245.2, 8;
    %load/vec4 v00000238928cc710_0;
    %assign/vec4 v00000238928cca30_0, 0;
T_245.2 ;
    %load/vec4 v00000238928cc670_0;
    %flag_set/vec4 8;
    %jmp/0xz  T_245.4, 8;
    %load/vec4 v00000238928cb270_0;
    %assign/vec4 v00000238928cc7b0_0, 0;
    %load/vec4 v00000238928cad70_0;
    %load/vec4 v00000238928cb270_0;
    %pad/s 32;
    %load/vec4 v00000238928cca30_0;
    %pad/s 32;
    %mul;
    %add;
    %assign/vec4 v00000238928cc990_0, 0;
T_245.4 ;
T_245.1 ;
    %jmp T_245;
    .thread T_245;
    .scope S_00000238928c1840;
T_246 ;
    %wait E_00000238926ed750;
    %load/vec4 v00000238928cf050_0;
    %nor/r;
    %flag_set/vec4 8;
    %jmp/0xz  T_246.0, 8;
    %pushi/vec4 0, 0, 8;
    %assign/vec4 v00000238928ced30_0, 0;
    %pushi/vec4 0, 0, 8;
    %assign/vec4 v00000238928cd9d0_0, 0;
    %pushi/vec4 0, 0, 32;
    %assign/vec4 v00000238928cd2f0_0, 0;
    %jmp T_246.1;
T_246.0 ;
    %load/vec4 v00000238928ce010_0;
    %flag_set/vec4 8;
    %jmp/0xz  T_246.2, 8;
    %load/vec4 v00000238928ce6f0_0;
    %assign/vec4 v00000238928ced30_0, 0;
T_246.2 ;
    %load/vec4 v00000238928cb810_0;
    %flag_set/vec4 8;
    %jmp/0xz  T_246.4, 8;
    %load/vec4 v00000238928cba90_0;
    %assign/vec4 v00000238928cd9d0_0, 0;
    %load/vec4 v00000238928cbb30_0;
    %load/vec4 v00000238928cba90_0;
    %pad/s 32;
    %load/vec4 v00000238928ced30_0;
    %pad/s 32;
    %mul;
    %add;
    %assign/vec4 v00000238928cd2f0_0, 0;
T_246.4 ;
T_246.1 ;
    %jmp T_246;
    .thread T_246;
    .scope S_00000238928c0580;
T_247 ;
    %wait E_00000238926ed750;
    %load/vec4 v00000238928ce8d0_0;
    %nor/r;
    %flag_set/vec4 8;
    %jmp/0xz  T_247.0, 8;
    %pushi/vec4 0, 0, 8;
    %assign/vec4 v00000238928cf730_0, 0;
    %pushi/vec4 0, 0, 8;
    %assign/vec4 v00000238928cf0f0_0, 0;
    %pushi/vec4 0, 0, 32;
    %assign/vec4 v00000238928cdcf0_0, 0;
    %jmp T_247.1;
T_247.0 ;
    %load/vec4 v00000238928cf690_0;
    %flag_set/vec4 8;
    %jmp/0xz  T_247.2, 8;
    %load/vec4 v00000238928cf4b0_0;
    %assign/vec4 v00000238928cf730_0, 0;
T_247.2 ;
    %load/vec4 v00000238928cd250_0;
    %flag_set/vec4 8;
    %jmp/0xz  T_247.4, 8;
    %load/vec4 v00000238928cd430_0;
    %assign/vec4 v00000238928cf0f0_0, 0;
    %load/vec4 v00000238928ceb50_0;
    %load/vec4 v00000238928cd430_0;
    %pad/s 32;
    %load/vec4 v00000238928cf730_0;
    %pad/s 32;
    %mul;
    %add;
    %assign/vec4 v00000238928cdcf0_0, 0;
T_247.4 ;
T_247.1 ;
    %jmp T_247;
    .thread T_247;
    .scope S_00000238928be960;
T_248 ;
    %wait E_00000238926ed750;
    %load/vec4 v00000238928cd890_0;
    %nor/r;
    %flag_set/vec4 8;
    %jmp/0xz  T_248.0, 8;
    %pushi/vec4 0, 0, 8;
    %assign/vec4 v00000238928cdd90_0, 0;
    %pushi/vec4 0, 0, 8;
    %assign/vec4 v00000238928cf2d0_0, 0;
    %pushi/vec4 0, 0, 32;
    %assign/vec4 v00000238928cf5f0_0, 0;
    %jmp T_248.1;
T_248.0 ;
    %load/vec4 v00000238928ce470_0;
    %flag_set/vec4 8;
    %jmp/0xz  T_248.2, 8;
    %load/vec4 v00000238928cd7f0_0;
    %assign/vec4 v00000238928cdd90_0, 0;
T_248.2 ;
    %load/vec4 v00000238928cf550_0;
    %flag_set/vec4 8;
    %jmp/0xz  T_248.4, 8;
    %load/vec4 v00000238928cdbb0_0;
    %assign/vec4 v00000238928cf2d0_0, 0;
    %load/vec4 v00000238928ce830_0;
    %load/vec4 v00000238928cdbb0_0;
    %pad/s 32;
    %load/vec4 v00000238928cdd90_0;
    %pad/s 32;
    %mul;
    %add;
    %assign/vec4 v00000238928cf5f0_0, 0;
T_248.4 ;
T_248.1 ;
    %jmp T_248;
    .thread T_248;
    .scope S_00000238928c2e20;
T_249 ;
    %wait E_00000238926ed750;
    %load/vec4 v00000238928cd570_0;
    %nor/r;
    %flag_set/vec4 8;
    %jmp/0xz  T_249.0, 8;
    %pushi/vec4 0, 0, 8;
    %assign/vec4 v00000238928cd4d0_0, 0;
    %pushi/vec4 0, 0, 8;
    %assign/vec4 v00000238928ce970_0, 0;
    %pushi/vec4 0, 0, 32;
    %assign/vec4 v00000238928cea10_0, 0;
    %jmp T_249.1;
T_249.0 ;
    %load/vec4 v00000238928cf870_0;
    %flag_set/vec4 8;
    %jmp/0xz  T_249.2, 8;
    %load/vec4 v00000238928ce3d0_0;
    %assign/vec4 v00000238928cd4d0_0, 0;
T_249.2 ;
    %load/vec4 v00000238928cefb0_0;
    %flag_set/vec4 8;
    %jmp/0xz  T_249.4, 8;
    %load/vec4 v00000238928cedd0_0;
    %assign/vec4 v00000238928ce970_0, 0;
    %load/vec4 v00000238928ce330_0;
    %load/vec4 v00000238928cedd0_0;
    %pad/s 32;
    %load/vec4 v00000238928cd4d0_0;
    %pad/s 32;
    %mul;
    %add;
    %assign/vec4 v00000238928cea10_0, 0;
T_249.4 ;
T_249.1 ;
    %jmp T_249;
    .thread T_249;
    .scope S_00000238928bf450;
T_250 ;
    %wait E_00000238926ed750;
    %load/vec4 v00000238928cfe10_0;
    %nor/r;
    %flag_set/vec4 8;
    %jmp/0xz  T_250.0, 8;
    %pushi/vec4 0, 0, 8;
    %assign/vec4 v00000238928d0770_0, 0;
    %pushi/vec4 0, 0, 8;
    %assign/vec4 v00000238928d0630_0, 0;
    %pushi/vec4 0, 0, 32;
    %assign/vec4 v00000238928d0270_0, 0;
    %jmp T_250.1;
T_250.0 ;
    %load/vec4 v00000238928d1710_0;
    %flag_set/vec4 8;
    %jmp/0xz  T_250.2, 8;
    %load/vec4 v00000238928d18f0_0;
    %assign/vec4 v00000238928d0770_0, 0;
T_250.2 ;
    %load/vec4 v00000238928cebf0_0;
    %flag_set/vec4 8;
    %jmp/0xz  T_250.4, 8;
    %load/vec4 v00000238928cdb10_0;
    %assign/vec4 v00000238928d0630_0, 0;
    %load/vec4 v00000238928cec90_0;
    %load/vec4 v00000238928cdb10_0;
    %pad/s 32;
    %load/vec4 v00000238928d0770_0;
    %pad/s 32;
    %mul;
    %add;
    %assign/vec4 v00000238928d0270_0, 0;
T_250.4 ;
T_250.1 ;
    %jmp T_250;
    .thread T_250;
    .scope S_00000238928c3aa0;
T_251 ;
    %wait E_00000238926ed750;
    %load/vec4 v00000238928d0f90_0;
    %nor/r;
    %flag_set/vec4 8;
    %jmp/0xz  T_251.0, 8;
    %pushi/vec4 0, 0, 8;
    %assign/vec4 v00000238928d1990_0, 0;
    %pushi/vec4 0, 0, 8;
    %assign/vec4 v00000238928d0310_0, 0;
    %pushi/vec4 0, 0, 32;
    %assign/vec4 v00000238928d1170_0, 0;
    %jmp T_251.1;
T_251.0 ;
    %load/vec4 v00000238928cfff0_0;
    %flag_set/vec4 8;
    %jmp/0xz  T_251.2, 8;
    %load/vec4 v00000238928cff50_0;
    %assign/vec4 v00000238928d1990_0, 0;
T_251.2 ;
    %load/vec4 v00000238928d0950_0;
    %flag_set/vec4 8;
    %jmp/0xz  T_251.4, 8;
    %load/vec4 v00000238928d1530_0;
    %assign/vec4 v00000238928d0310_0, 0;
    %load/vec4 v00000238928d1850_0;
    %load/vec4 v00000238928d1530_0;
    %pad/s 32;
    %load/vec4 v00000238928d1990_0;
    %pad/s 32;
    %mul;
    %add;
    %assign/vec4 v00000238928d1170_0, 0;
T_251.4 ;
T_251.1 ;
    %jmp T_251;
    .thread T_251;
    .scope S_00000238926da920;
T_252 ;
    %wait E_00000238926ed350;
    %load/vec4 v000002389274f9e0_0;
    %flag_set/vec4 8;
    %jmp/0xz  T_252.0, 8;
    %load/vec4 v000002389274fd00_0;
    %load/vec4 v000002389274f260_0;
    %add;
    %store/vec4 v0000023892750660_0, 0, 32;
    %jmp T_252.1;
T_252.0 ;
    %load/vec4 v000002389274f260_0;
    %store/vec4 v0000023892750660_0, 0, 32;
T_252.1 ;
    %jmp T_252;
    .thread T_252, $push;
    .scope S_00000238926da920;
T_253 ;
    %wait E_00000238926eddd0;
    %load/vec4 v00000238927502a0_0;
    %flag_set/vec4 8;
    %jmp/0xz  T_253.0, 8;
    %load/vec4 v0000023892750660_0;
    %load/vec4 v00000238927505c0_0;
    %pad/u 10;
    %ix/vec4 3;
    %ix/load 4, 0, 0; Constant delay
    %assign/vec4/a/d v000002389274fb20, 0, 4;
T_253.0 ;
    %jmp T_253;
    .thread T_253;
    .scope S_00000238926da920;
T_254 ;
    %pushi/vec4 0, 0, 32;
    %store/vec4 v0000023892751060_0, 0, 32;
T_254.0 ;
    %load/vec4 v0000023892751060_0;
    %cmpi/s 256, 0, 32;
    %jmp/0xz T_254.1, 5;
    %pushi/vec4 0, 0, 32;
    %ix/getv/s 4, v0000023892751060_0;
    %store/vec4a v000002389274fb20, 4, 0;
    %load/vec4 v0000023892751060_0;
    %addi 1, 0, 32;
    %store/vec4 v0000023892751060_0, 0, 32;
    %jmp T_254.0;
T_254.1 ;
    %end;
    .thread T_254;
    .scope S_00000238926da2e0;
T_255 ;
    %wait E_00000238926ede10;
    %load/vec4 v0000023892750160_0;
    %flag_set/vec4 8;
    %jmp/0xz  T_255.0, 8;
    %load/vec4 v0000023892750fc0_0;
    %load/vec4 v0000023892750c00_0;
    %add;
    %store/vec4 v0000023892750e80_0, 0, 32;
    %jmp T_255.1;
T_255.0 ;
    %load/vec4 v0000023892750c00_0;
    %store/vec4 v0000023892750e80_0, 0, 32;
T_255.1 ;
    %jmp T_255;
    .thread T_255, $push;
    .scope S_00000238926da2e0;
T_256 ;
    %wait E_00000238926eddd0;
    %load/vec4 v0000023892751e20_0;
    %flag_set/vec4 8;
    %jmp/0xz  T_256.0, 8;
    %load/vec4 v0000023892750e80_0;
    %load/vec4 v0000023892750a20_0;
    %pad/u 10;
    %ix/vec4 3;
    %ix/load 4, 0, 0; Constant delay
    %assign/vec4/a/d v0000023892750d40, 0, 4;
T_256.0 ;
    %jmp T_256;
    .thread T_256;
    .scope S_00000238926da2e0;
T_257 ;
    %pushi/vec4 0, 0, 32;
    %store/vec4 v0000023892750b60_0, 0, 32;
T_257.0 ;
    %load/vec4 v0000023892750b60_0;
    %cmpi/s 256, 0, 32;
    %jmp/0xz T_257.1, 5;
    %pushi/vec4 0, 0, 32;
    %ix/getv/s 4, v0000023892750b60_0;
    %store/vec4a v0000023892750d40, 4, 0;
    %load/vec4 v0000023892750b60_0;
    %addi 1, 0, 32;
    %store/vec4 v0000023892750b60_0, 0, 32;
    %jmp T_257.0;
T_257.1 ;
    %end;
    .thread T_257;
    .scope S_00000238926daab0;
T_258 ;
    %wait E_00000238926edf50;
    %load/vec4 v0000023892751ba0_0;
    %flag_set/vec4 8;
    %jmp/0xz  T_258.0, 8;
    %load/vec4 v00000238925f2af0_0;
    %load/vec4 v00000238925f16f0_0;
    %add;
    %store/vec4 v00000238925f1330_0, 0, 32;
    %jmp T_258.1;
T_258.0 ;
    %load/vec4 v00000238925f16f0_0;
    %store/vec4 v00000238925f1330_0, 0, 32;
T_258.1 ;
    %jmp T_258;
    .thread T_258, $push;
    .scope S_00000238926daab0;
T_259 ;
    %wait E_00000238926eddd0;
    %load/vec4 v00000238925f3590_0;
    %flag_set/vec4 8;
    %jmp/0xz  T_259.0, 8;
    %load/vec4 v00000238925f1330_0;
    %load/vec4 v0000023892751c40_0;
    %pad/u 10;
    %ix/vec4 3;
    %ix/load 4, 0, 0; Constant delay
    %assign/vec4/a/d v00000238925f31d0, 0, 4;
T_259.0 ;
    %jmp T_259;
    .thread T_259;
    .scope S_00000238926daab0;
T_260 ;
    %pushi/vec4 0, 0, 32;
    %store/vec4 v0000023892751d80_0, 0, 32;
T_260.0 ;
    %load/vec4 v0000023892751d80_0;
    %cmpi/s 256, 0, 32;
    %jmp/0xz T_260.1, 5;
    %pushi/vec4 0, 0, 32;
    %ix/getv/s 4, v0000023892751d80_0;
    %store/vec4a v00000238925f31d0, 4, 0;
    %load/vec4 v0000023892751d80_0;
    %addi 1, 0, 32;
    %store/vec4 v0000023892751d80_0, 0, 32;
    %jmp T_260.0;
T_260.1 ;
    %end;
    .thread T_260;
    .scope S_00000238926dadd0;
T_261 ;
    %wait E_00000238926ed3d0;
    %load/vec4 v00000238925f2b90_0;
    %flag_set/vec4 8;
    %jmp/0xz  T_261.0, 8;
    %load/vec4 v00000238925f24b0_0;
    %load/vec4 v00000238925f1470_0;
    %add;
    %store/vec4 v00000238925f15b0_0, 0, 32;
    %jmp T_261.1;
T_261.0 ;
    %load/vec4 v00000238925f1470_0;
    %store/vec4 v00000238925f15b0_0, 0, 32;
T_261.1 ;
    %jmp T_261;
    .thread T_261, $push;
    .scope S_00000238926dadd0;
T_262 ;
    %wait E_00000238926eddd0;
    %load/vec4 v00000238925f25f0_0;
    %flag_set/vec4 8;
    %jmp/0xz  T_262.0, 8;
    %load/vec4 v00000238925f15b0_0;
    %load/vec4 v00000238925f36d0_0;
    %pad/u 10;
    %ix/vec4 3;
    %ix/load 4, 0, 0; Constant delay
    %assign/vec4/a/d v00000238925f1290, 0, 4;
T_262.0 ;
    %jmp T_262;
    .thread T_262;
    .scope S_00000238926dadd0;
T_263 ;
    %pushi/vec4 0, 0, 32;
    %store/vec4 v00000238925f1f10_0, 0, 32;
T_263.0 ;
    %load/vec4 v00000238925f1f10_0;
    %cmpi/s 256, 0, 32;
    %jmp/0xz T_263.1, 5;
    %pushi/vec4 0, 0, 32;
    %ix/getv/s 4, v00000238925f1f10_0;
    %store/vec4a v00000238925f1290, 4, 0;
    %load/vec4 v00000238925f1f10_0;
    %addi 1, 0, 32;
    %store/vec4 v00000238925f1f10_0, 0, 32;
    %jmp T_263.0;
T_263.1 ;
    %end;
    .thread T_263;
    .scope S_00000238927ddeb0;
T_264 ;
    %wait E_00000238926ee290;
    %load/vec4 v00000238925f47b0_0;
    %flag_set/vec4 8;
    %jmp/0xz  T_264.0, 8;
    %load/vec4 v00000238925f4b70_0;
    %load/vec4 v00000238925f4850_0;
    %add;
    %store/vec4 v00000238925f59d0_0, 0, 32;
    %jmp T_264.1;
T_264.0 ;
    %load/vec4 v00000238925f4850_0;
    %store/vec4 v00000238925f59d0_0, 0, 32;
T_264.1 ;
    %jmp T_264;
    .thread T_264, $push;
    .scope S_00000238927ddeb0;
T_265 ;
    %wait E_00000238926eddd0;
    %load/vec4 v00000238925f52f0_0;
    %flag_set/vec4 8;
    %jmp/0xz  T_265.0, 8;
    %load/vec4 v00000238925f59d0_0;
    %load/vec4 v00000238925f5070_0;
    %pad/u 10;
    %ix/vec4 3;
    %ix/load 4, 0, 0; Constant delay
    %assign/vec4/a/d v00000238925f4a30, 0, 4;
T_265.0 ;
    %jmp T_265;
    .thread T_265;
    .scope S_00000238927ddeb0;
T_266 ;
    %pushi/vec4 0, 0, 32;
    %store/vec4 v00000238925f5110_0, 0, 32;
T_266.0 ;
    %load/vec4 v00000238925f5110_0;
    %cmpi/s 256, 0, 32;
    %jmp/0xz T_266.1, 5;
    %pushi/vec4 0, 0, 32;
    %ix/getv/s 4, v00000238925f5110_0;
    %store/vec4a v00000238925f4a30, 4, 0;
    %load/vec4 v00000238925f5110_0;
    %addi 1, 0, 32;
    %store/vec4 v00000238925f5110_0, 0, 32;
    %jmp T_266.0;
T_266.1 ;
    %end;
    .thread T_266;
    .scope S_00000238927de360;
T_267 ;
    %wait E_00000238926eead0;
    %load/vec4 v00000238925f38b0_0;
    %flag_set/vec4 8;
    %jmp/0xz  T_267.0, 8;
    %load/vec4 v00000238925f8130_0;
    %load/vec4 v00000238925f74b0_0;
    %add;
    %store/vec4 v00000238925f7c30_0, 0, 32;
    %jmp T_267.1;
T_267.0 ;
    %load/vec4 v00000238925f74b0_0;
    %store/vec4 v00000238925f7c30_0, 0, 32;
T_267.1 ;
    %jmp T_267;
    .thread T_267, $push;
    .scope S_00000238927de360;
T_268 ;
    %wait E_00000238926eddd0;
    %load/vec4 v00000238925f7370_0;
    %flag_set/vec4 8;
    %jmp/0xz  T_268.0, 8;
    %load/vec4 v00000238925f7c30_0;
    %load/vec4 v00000238925f39f0_0;
    %pad/u 10;
    %ix/vec4 3;
    %ix/load 4, 0, 0; Constant delay
    %assign/vec4/a/d v00000238925f6290, 0, 4;
T_268.0 ;
    %jmp T_268;
    .thread T_268;
    .scope S_00000238927de360;
T_269 ;
    %pushi/vec4 0, 0, 32;
    %store/vec4 v00000238925f3a90_0, 0, 32;
T_269.0 ;
    %load/vec4 v00000238925f3a90_0;
    %cmpi/s 256, 0, 32;
    %jmp/0xz T_269.1, 5;
    %pushi/vec4 0, 0, 32;
    %ix/getv/s 4, v00000238925f3a90_0;
    %store/vec4a v00000238925f6290, 4, 0;
    %load/vec4 v00000238925f3a90_0;
    %addi 1, 0, 32;
    %store/vec4 v00000238925f3a90_0, 0, 32;
    %jmp T_269.0;
T_269.1 ;
    %end;
    .thread T_269;
    .scope S_00000238927dd0a0;
T_270 ;
    %wait E_00000238926ef010;
    %load/vec4 v00000238925f6470_0;
    %flag_set/vec4 8;
    %jmp/0xz  T_270.0, 8;
    %load/vec4 v00000238925f6e70_0;
    %load/vec4 v00000238925f7050_0;
    %add;
    %store/vec4 v00000238925f7690_0, 0, 32;
    %jmp T_270.1;
T_270.0 ;
    %load/vec4 v00000238925f7050_0;
    %store/vec4 v00000238925f7690_0, 0, 32;
T_270.1 ;
    %jmp T_270;
    .thread T_270, $push;
    .scope S_00000238927dd0a0;
T_271 ;
    %wait E_00000238926eddd0;
    %load/vec4 v00000238925f7730_0;
    %flag_set/vec4 8;
    %jmp/0xz  T_271.0, 8;
    %load/vec4 v00000238925f7690_0;
    %load/vec4 v00000238925f66f0_0;
    %pad/u 10;
    %ix/vec4 3;
    %ix/load 4, 0, 0; Constant delay
    %assign/vec4/a/d v00000238925f6c90, 0, 4;
T_271.0 ;
    %jmp T_271;
    .thread T_271;
    .scope S_00000238927dd0a0;
T_272 ;
    %pushi/vec4 0, 0, 32;
    %store/vec4 v00000238925f65b0_0, 0, 32;
T_272.0 ;
    %load/vec4 v00000238925f65b0_0;
    %cmpi/s 256, 0, 32;
    %jmp/0xz T_272.1, 5;
    %pushi/vec4 0, 0, 32;
    %ix/getv/s 4, v00000238925f65b0_0;
    %store/vec4a v00000238925f6c90, 4, 0;
    %load/vec4 v00000238925f65b0_0;
    %addi 1, 0, 32;
    %store/vec4 v00000238925f65b0_0, 0, 32;
    %jmp T_272.0;
T_272.1 ;
    %end;
    .thread T_272;
    .scope S_00000238927de680;
T_273 ;
    %wait E_00000238926ee550;
    %load/vec4 v0000023892688750_0;
    %flag_set/vec4 8;
    %jmp/0xz  T_273.0, 8;
    %load/vec4 v0000023892686090_0;
    %load/vec4 v0000023892686a90_0;
    %add;
    %store/vec4 v0000023892686ef0_0, 0, 32;
    %jmp T_273.1;
T_273.0 ;
    %load/vec4 v0000023892686a90_0;
    %store/vec4 v0000023892686ef0_0, 0, 32;
T_273.1 ;
    %jmp T_273;
    .thread T_273, $push;
    .scope S_00000238927de680;
T_274 ;
    %wait E_00000238926eddd0;
    %load/vec4 v00000238926875d0_0;
    %flag_set/vec4 8;
    %jmp/0xz  T_274.0, 8;
    %load/vec4 v0000023892686ef0_0;
    %load/vec4 v0000023892687530_0;
    %pad/u 10;
    %ix/vec4 3;
    %ix/load 4, 0, 0; Constant delay
    %assign/vec4/a/d v0000023892688250, 0, 4;
T_274.0 ;
    %jmp T_274;
    .thread T_274;
    .scope S_00000238927de680;
T_275 ;
    %pushi/vec4 0, 0, 32;
    %store/vec4 v0000023892687fd0_0, 0, 32;
T_275.0 ;
    %load/vec4 v0000023892687fd0_0;
    %cmpi/s 256, 0, 32;
    %jmp/0xz T_275.1, 5;
    %pushi/vec4 0, 0, 32;
    %ix/getv/s 4, v0000023892687fd0_0;
    %store/vec4a v0000023892688250, 4, 0;
    %load/vec4 v0000023892687fd0_0;
    %addi 1, 0, 32;
    %store/vec4 v0000023892687fd0_0, 0, 32;
    %jmp T_275.0;
T_275.1 ;
    %end;
    .thread T_275;
    .scope S_00000238927dd3c0;
T_276 ;
    %wait E_00000238926eef10;
    %load/vec4 v0000023892688ed0_0;
    %flag_set/vec4 8;
    %jmp/0xz  T_276.0, 8;
    %load/vec4 v00000238926834d0_0;
    %load/vec4 v0000023892682490_0;
    %add;
    %store/vec4 v0000023892681130_0, 0, 32;
    %jmp T_276.1;
T_276.0 ;
    %load/vec4 v0000023892682490_0;
    %store/vec4 v0000023892681130_0, 0, 32;
T_276.1 ;
    %jmp T_276;
    .thread T_276, $push;
    .scope S_00000238927dd3c0;
T_277 ;
    %wait E_00000238926eddd0;
    %load/vec4 v00000238926836b0_0;
    %flag_set/vec4 8;
    %jmp/0xz  T_277.0, 8;
    %load/vec4 v0000023892681130_0;
    %load/vec4 v00000238926889d0_0;
    %pad/u 10;
    %ix/vec4 3;
    %ix/load 4, 0, 0; Constant delay
    %assign/vec4/a/d v00000238926832f0, 0, 4;
T_277.0 ;
    %jmp T_277;
    .thread T_277;
    .scope S_00000238927dd3c0;
T_278 ;
    %pushi/vec4 0, 0, 32;
    %store/vec4 v0000023892688930_0, 0, 32;
T_278.0 ;
    %load/vec4 v0000023892688930_0;
    %cmpi/s 256, 0, 32;
    %jmp/0xz T_278.1, 5;
    %pushi/vec4 0, 0, 32;
    %ix/getv/s 4, v0000023892688930_0;
    %store/vec4a v00000238926832f0, 4, 0;
    %load/vec4 v0000023892688930_0;
    %addi 1, 0, 32;
    %store/vec4 v0000023892688930_0, 0, 32;
    %jmp T_278.0;
T_278.1 ;
    %end;
    .thread T_278;
    .scope S_00000238927de810;
T_279 ;
    %wait E_00000238926ef090;
    %load/vec4 v00000238926813b0_0;
    %flag_set/vec4 8;
    %jmp/0xz  T_279.0, 8;
    %load/vec4 v0000023892681db0_0;
    %load/vec4 v0000023892682f30_0;
    %add;
    %store/vec4 v0000023892681bd0_0, 0, 32;
    %jmp T_279.1;
T_279.0 ;
    %load/vec4 v0000023892682f30_0;
    %store/vec4 v0000023892681bd0_0, 0, 32;
T_279.1 ;
    %jmp T_279;
    .thread T_279, $push;
    .scope S_00000238927de810;
T_280 ;
    %wait E_00000238926eddd0;
    %load/vec4 v0000023892684330_0;
    %flag_set/vec4 8;
    %jmp/0xz  T_280.0, 8;
    %load/vec4 v0000023892681bd0_0;
    %load/vec4 v00000238926818b0_0;
    %pad/u 10;
    %ix/vec4 3;
    %ix/load 4, 0, 0; Constant delay
    %assign/vec4/a/d v0000023892682fd0, 0, 4;
T_280.0 ;
    %jmp T_280;
    .thread T_280;
    .scope S_00000238927de810;
T_281 ;
    %pushi/vec4 0, 0, 32;
    %store/vec4 v0000023892682df0_0, 0, 32;
T_281.0 ;
    %load/vec4 v0000023892682df0_0;
    %cmpi/s 256, 0, 32;
    %jmp/0xz T_281.1, 5;
    %pushi/vec4 0, 0, 32;
    %ix/getv/s 4, v0000023892682df0_0;
    %store/vec4a v0000023892682fd0, 4, 0;
    %load/vec4 v0000023892682df0_0;
    %addi 1, 0, 32;
    %store/vec4 v0000023892682df0_0, 0, 32;
    %jmp T_281.0;
T_281.1 ;
    %end;
    .thread T_281;
    .scope S_00000238927deb30;
T_282 ;
    %wait E_00000238926eeed0;
    %load/vec4 v0000023892684970_0;
    %flag_set/vec4 8;
    %jmp/0xz  T_282.0, 8;
    %load/vec4 v0000023892684010_0;
    %load/vec4 v0000023892684c90_0;
    %add;
    %store/vec4 v0000023892683d90_0, 0, 32;
    %jmp T_282.1;
T_282.0 ;
    %load/vec4 v0000023892684c90_0;
    %store/vec4 v0000023892683d90_0, 0, 32;
T_282.1 ;
    %jmp T_282;
    .thread T_282, $push;
    .scope S_00000238927deb30;
T_283 ;
    %wait E_00000238926eddd0;
    %load/vec4 v0000023892684fb0_0;
    %flag_set/vec4 8;
    %jmp/0xz  T_283.0, 8;
    %load/vec4 v0000023892683d90_0;
    %load/vec4 v00000238926859b0_0;
    %pad/u 10;
    %ix/vec4 3;
    %ix/load 4, 0, 0; Constant delay
    %assign/vec4/a/d v0000023892685d70, 0, 4;
T_283.0 ;
    %jmp T_283;
    .thread T_283;
    .scope S_00000238927deb30;
T_284 ;
    %pushi/vec4 0, 0, 32;
    %store/vec4 v0000023892683f70_0, 0, 32;
T_284.0 ;
    %load/vec4 v0000023892683f70_0;
    %cmpi/s 256, 0, 32;
    %jmp/0xz T_284.1, 5;
    %pushi/vec4 0, 0, 32;
    %ix/getv/s 4, v0000023892683f70_0;
    %store/vec4a v0000023892685d70, 4, 0;
    %load/vec4 v0000023892683f70_0;
    %addi 1, 0, 32;
    %store/vec4 v0000023892683f70_0, 0, 32;
    %jmp T_284.0;
T_284.1 ;
    %end;
    .thread T_284;
    .scope S_00000238927de040;
T_285 ;
    %wait E_00000238926ee310;
    %load/vec4 v00000238926cbb60_0;
    %flag_set/vec4 8;
    %jmp/0xz  T_285.0, 8;
    %load/vec4 v00000238926cada0_0;
    %load/vec4 v00000238926ca800_0;
    %add;
    %store/vec4 v00000238926cabc0_0, 0, 32;
    %jmp T_285.1;
T_285.0 ;
    %load/vec4 v00000238926ca800_0;
    %store/vec4 v00000238926cabc0_0, 0, 32;
T_285.1 ;
    %jmp T_285;
    .thread T_285, $push;
    .scope S_00000238927de040;
T_286 ;
    %wait E_00000238926eddd0;
    %load/vec4 v00000238926cd460_0;
    %flag_set/vec4 8;
    %jmp/0xz  T_286.0, 8;
    %load/vec4 v00000238926cabc0_0;
    %load/vec4 v00000238926ccd80_0;
    %pad/u 10;
    %ix/vec4 3;
    %ix/load 4, 0, 0; Constant delay
    %assign/vec4/a/d v00000238926ca940, 0, 4;
T_286.0 ;
    %jmp T_286;
    .thread T_286;
    .scope S_00000238927de040;
T_287 ;
    %pushi/vec4 0, 0, 32;
    %store/vec4 v00000238926cc740_0, 0, 32;
T_287.0 ;
    %load/vec4 v00000238926cc740_0;
    %cmpi/s 256, 0, 32;
    %jmp/0xz T_287.1, 5;
    %pushi/vec4 0, 0, 32;
    %ix/getv/s 4, v00000238926cc740_0;
    %store/vec4a v00000238926ca940, 4, 0;
    %load/vec4 v00000238926cc740_0;
    %addi 1, 0, 32;
    %store/vec4 v00000238926cc740_0, 0, 32;
    %jmp T_287.0;
T_287.1 ;
    %end;
    .thread T_287;
    .scope S_00000238927dee50;
T_288 ;
    %wait E_00000238926ef110;
    %load/vec4 v00000238926cf1c0_0;
    %flag_set/vec4 8;
    %jmp/0xz  T_288.0, 8;
    %load/vec4 v00000238926cde60_0;
    %load/vec4 v00000238926cd000_0;
    %add;
    %store/vec4 v00000238926cdc80_0, 0, 32;
    %jmp T_288.1;
T_288.0 ;
    %load/vec4 v00000238926cd000_0;
    %store/vec4 v00000238926cdc80_0, 0, 32;
T_288.1 ;
    %jmp T_288;
    .thread T_288, $push;
    .scope S_00000238927dee50;
T_289 ;
    %wait E_00000238926eddd0;
    %load/vec4 v00000238926d05c0_0;
    %flag_set/vec4 8;
    %jmp/0xz  T_289.0, 8;
    %load/vec4 v00000238926cdc80_0;
    %load/vec4 v00000238926cdb40_0;
    %pad/u 10;
    %ix/vec4 3;
    %ix/load 4, 0, 0; Constant delay
    %assign/vec4/a/d v00000238926cd140, 0, 4;
T_289.0 ;
    %jmp T_289;
    .thread T_289;
    .scope S_00000238927dee50;
T_290 ;
    %pushi/vec4 0, 0, 32;
    %store/vec4 v00000238926cdbe0_0, 0, 32;
T_290.0 ;
    %load/vec4 v00000238926cdbe0_0;
    %cmpi/s 256, 0, 32;
    %jmp/0xz T_290.1, 5;
    %pushi/vec4 0, 0, 32;
    %ix/getv/s 4, v00000238926cdbe0_0;
    %store/vec4a v00000238926cd140, 4, 0;
    %load/vec4 v00000238926cdbe0_0;
    %addi 1, 0, 32;
    %store/vec4 v00000238926cdbe0_0, 0, 32;
    %jmp T_290.0;
T_290.1 ;
    %end;
    .thread T_290;
    .scope S_00000238927ddd20;
T_291 ;
    %wait E_00000238926eef50;
    %load/vec4 v00000238926d0f20_0;
    %flag_set/vec4 8;
    %jmp/0xz  T_291.0, 8;
    %load/vec4 v00000238925399d0_0;
    %load/vec4 v000002389253a1f0_0;
    %add;
    %store/vec4 v000002389253abf0_0, 0, 32;
    %jmp T_291.1;
T_291.0 ;
    %load/vec4 v000002389253a1f0_0;
    %store/vec4 v000002389253abf0_0, 0, 32;
T_291.1 ;
    %jmp T_291;
    .thread T_291, $push;
    .scope S_00000238927ddd20;
T_292 ;
    %wait E_00000238926eddd0;
    %load/vec4 v000002389253a5b0_0;
    %flag_set/vec4 8;
    %jmp/0xz  T_292.0, 8;
    %load/vec4 v000002389253abf0_0;
    %load/vec4 v00000238926cf800_0;
    %pad/u 10;
    %ix/vec4 3;
    %ix/load 4, 0, 0; Constant delay
    %assign/vec4/a/d v0000023892539ed0, 0, 4;
T_292.0 ;
    %jmp T_292;
    .thread T_292;
    .scope S_00000238927ddd20;
T_293 ;
    %pushi/vec4 0, 0, 32;
    %store/vec4 v0000023892539890_0, 0, 32;
T_293.0 ;
    %load/vec4 v0000023892539890_0;
    %cmpi/s 256, 0, 32;
    %jmp/0xz T_293.1, 5;
    %pushi/vec4 0, 0, 32;
    %ix/getv/s 4, v0000023892539890_0;
    %store/vec4a v0000023892539ed0, 4, 0;
    %load/vec4 v0000023892539890_0;
    %addi 1, 0, 32;
    %store/vec4 v0000023892539890_0, 0, 32;
    %jmp T_293.0;
T_293.1 ;
    %end;
    .thread T_293;
    .scope S_00000238927e0500;
T_294 ;
    %wait E_00000238926ee910;
    %load/vec4 v0000023892538c10_0;
    %flag_set/vec4 8;
    %jmp/0xz  T_294.0, 8;
    %load/vec4 v0000023892537db0_0;
    %load/vec4 v0000023892538d50_0;
    %add;
    %store/vec4 v0000023892538710_0, 0, 32;
    %jmp T_294.1;
T_294.0 ;
    %load/vec4 v0000023892538d50_0;
    %store/vec4 v0000023892538710_0, 0, 32;
T_294.1 ;
    %jmp T_294;
    .thread T_294, $push;
    .scope S_00000238927e0500;
T_295 ;
    %wait E_00000238926eddd0;
    %load/vec4 v0000023892539430_0;
    %flag_set/vec4 8;
    %jmp/0xz  T_295.0, 8;
    %load/vec4 v0000023892538710_0;
    %load/vec4 v0000023892538990_0;
    %pad/u 10;
    %ix/vec4 3;
    %ix/load 4, 0, 0; Constant delay
    %assign/vec4/a/d v0000023892537b30, 0, 4;
T_295.0 ;
    %jmp T_295;
    .thread T_295;
    .scope S_00000238927e0500;
T_296 ;
    %pushi/vec4 0, 0, 32;
    %store/vec4 v0000023892538cb0_0, 0, 32;
T_296.0 ;
    %load/vec4 v0000023892538cb0_0;
    %cmpi/s 256, 0, 32;
    %jmp/0xz T_296.1, 5;
    %pushi/vec4 0, 0, 32;
    %ix/getv/s 4, v0000023892538cb0_0;
    %store/vec4a v0000023892537b30, 4, 0;
    %load/vec4 v0000023892538cb0_0;
    %addi 1, 0, 32;
    %store/vec4 v0000023892538cb0_0, 0, 32;
    %jmp T_296.0;
T_296.1 ;
    %end;
    .thread T_296;
    .scope S_00000238927df560;
T_297 ;
    %wait E_00000238926eeb50;
    %load/vec4 v0000023892538350_0;
    %flag_set/vec4 8;
    %jmp/0xz  T_297.0, 8;
    %load/vec4 v00000238925374f0_0;
    %load/vec4 v00000238925391b0_0;
    %add;
    %store/vec4 v0000023892537130_0, 0, 32;
    %jmp T_297.1;
T_297.0 ;
    %load/vec4 v00000238925391b0_0;
    %store/vec4 v0000023892537130_0, 0, 32;
T_297.1 ;
    %jmp T_297;
    .thread T_297, $push;
    .scope S_00000238927df560;
T_298 ;
    %wait E_00000238926eddd0;
    %load/vec4 v000002389255cc80_0;
    %flag_set/vec4 8;
    %jmp/0xz  T_298.0, 8;
    %load/vec4 v0000023892537130_0;
    %load/vec4 v0000023892537770_0;
    %pad/u 10;
    %ix/vec4 3;
    %ix/load 4, 0, 0; Constant delay
    %assign/vec4/a/d v0000023892539390, 0, 4;
T_298.0 ;
    %jmp T_298;
    .thread T_298;
    .scope S_00000238927df560;
T_299 ;
    %pushi/vec4 0, 0, 32;
    %store/vec4 v0000023892538530_0, 0, 32;
T_299.0 ;
    %load/vec4 v0000023892538530_0;
    %cmpi/s 256, 0, 32;
    %jmp/0xz T_299.1, 5;
    %pushi/vec4 0, 0, 32;
    %ix/getv/s 4, v0000023892538530_0;
    %store/vec4a v0000023892539390, 4, 0;
    %load/vec4 v0000023892538530_0;
    %addi 1, 0, 32;
    %store/vec4 v0000023892538530_0, 0, 32;
    %jmp T_299.0;
T_299.1 ;
    %end;
    .thread T_299;
    .scope S_00000238927c8510;
T_300 ;
    %wait E_00000238926ed750;
    %load/vec4 v00000238928d31f0_0;
    %nor/r;
    %flag_set/vec4 8;
    %jmp/0xz  T_300.0, 8;
    %pushi/vec4 0, 0, 128;
    %assign/vec4 v00000238928d3010_0, 0;
    %pushi/vec4 0, 0, 1;
    %assign/vec4 v00000238928d2890_0, 0;
    %pushi/vec4 0, 0, 1;
    %assign/vec4 v00000238928d42d0_0, 0;
    %jmp T_300.1;
T_300.0 ;
    %load/vec4 v00000238928d2930_0;
    %assign/vec4 v00000238928d3010_0, 0;
    %load/vec4 v00000238928d4730_0;
    %assign/vec4 v00000238928d2890_0, 0;
    %load/vec4 v00000238928d2e30_0;
    %assign/vec4 v00000238928d42d0_0, 0;
T_300.1 ;
    %jmp T_300;
    .thread T_300;
    .scope S_00000238927c8510;
T_301 ;
    %wait E_00000238926ed750;
    %load/vec4 v00000238928d31f0_0;
    %nor/r;
    %flag_set/vec4 8;
    %jmp/0xz  T_301.0, 8;
    %pushi/vec4 0, 0, 12;
    %assign/vec4 v00000238928d2ed0_0, 0;
    %pushi/vec4 0, 0, 5;
    %assign/vec4 v00000238928d29d0_0, 0;
    %jmp T_301.1;
T_301.0 ;
    %load/vec4 v00000238928d2e30_0;
    %flag_set/vec4 8;
    %jmp/0xz  T_301.2, 8;
    %load/vec4 v00000238928d4730_0;
    %flag_set/vec4 9;
    %flag_get/vec4 9;
    %jmp/0 T_301.6, 9;
    %load/vec4 v00000238928d29d0_0;
    %pad/u 32;
    %cmpi/u 12, 0, 32;
    %flag_get/vec4 5;
    %and;
T_301.6;
    %flag_set/vec4 8;
    %jmp/0xz  T_301.4, 8;
    %load/vec4 v00000238928d29d0_0;
    %addi 1, 0, 5;
    %assign/vec4 v00000238928d29d0_0, 0;
    %load/vec4 v00000238928d2ed0_0;
    %pad/u 32;
    %cmpi/e 0, 0, 32;
    %jmp/0xz  T_301.7, 4;
    %pushi/vec4 1, 0, 12;
    %assign/vec4 v00000238928d2ed0_0, 0;
    %jmp T_301.8;
T_301.7 ;
    %load/vec4 v00000238928d2ed0_0;
    %ix/load 4, 1, 0;
    %flag_set/imm 4, 0;
    %shiftl 4;
    %assign/vec4 v00000238928d2ed0_0, 0;
T_301.8 ;
    %jmp T_301.5;
T_301.4 ;
    %load/vec4 v00000238928d29d0_0;
    %pad/u 32;
    %cmpi/u 12, 0, 32;
    %flag_inv 5; GE is !LT
    %jmp/0xz  T_301.9, 5;
    %pushi/vec4 0, 0, 12;
    %assign/vec4 v00000238928d2ed0_0, 0;
T_301.9 ;
T_301.5 ;
    %jmp T_301.3;
T_301.2 ;
    %pushi/vec4 0, 0, 12;
    %assign/vec4 v00000238928d2ed0_0, 0;
    %pushi/vec4 0, 0, 5;
    %assign/vec4 v00000238928d29d0_0, 0;
T_301.3 ;
T_301.1 ;
    %jmp T_301;
    .thread T_301;
    .scope S_00000238927c8510;
T_302 ;
    %wait E_00000238926ed750;
    %load/vec4 v00000238928d31f0_0;
    %nor/r;
    %flag_set/vec4 8;
    %jmp/0xz  T_302.0, 8;
    %pushi/vec4 0, 0, 27;
    %assign/vec4 v00000238928d47d0_0, 0;
    %jmp T_302.1;
T_302.0 ;
    %load/vec4 v00000238928d47d0_0;
    %parti/s 26, 0, 2;
    %load/vec4 v00000238928d3bf0_0;
    %load/vec4 v00000238928d3fb0_0;
    %and;
    %concat/vec4; draw_concat_vec4
    %assign/vec4 v00000238928d47d0_0, 0;
T_302.1 ;
    %jmp T_302;
    .thread T_302;
    .scope S_00000238927c8510;
T_303 ;
    %wait E_00000238926ed750;
    %load/vec4 v00000238928d31f0_0;
    %nor/r;
    %flag_set/vec4 8;
    %jmp/0xz  T_303.0, 8;
    %pushi/vec4 0, 0, 32;
    %assign/vec4 v00000238928d2d90_0, 0;
    %jmp T_303.1;
T_303.0 ;
    %load/vec4 v00000238928d3bf0_0;
    %nor/r;
    %flag_set/vec4 9;
    %flag_get/vec4 9;
    %jmp/0 T_303.4, 9;
    %load/vec4 v00000238928d2f70_0;
    %nor/r;
    %and;
T_303.4;
    %flag_set/vec4 8;
    %jmp/0xz  T_303.2, 8;
    %pushi/vec4 0, 0, 32;
    %assign/vec4 v00000238928d2d90_0, 0;
    %jmp T_303.3;
T_303.2 ;
    %load/vec4 v00000238928d2f70_0;
    %flag_set/vec4 9;
    %flag_get/vec4 9;
    %jmp/0 T_303.7, 9;
    %load/vec4 v00000238928d2d90_0;
    %load/vec4 v00000238928d4550_0;
    %cmp/u;
    %flag_get/vec4 5;
    %and;
T_303.7;
    %flag_set/vec4 8;
    %jmp/0xz  T_303.5, 8;
    %load/vec4 v00000238928d2d90_0;
    %addi 1, 0, 32;
    %assign/vec4 v00000238928d2d90_0, 0;
T_303.5 ;
T_303.3 ;
T_303.1 ;
    %jmp T_303;
    .thread T_303;
    .scope S_00000238927c8510;
T_304 ;
    %wait E_00000238926ed750;
    %load/vec4 v00000238928d31f0_0;
    %nor/r;
    %flag_set/vec4 8;
    %jmp/0xz  T_304.0, 8;
    %pushi/vec4 0, 0, 8;
    %assign/vec4 v00000238928d3f10_0, 0;
    %jmp T_304.1;
T_304.0 ;
    %load/vec4 v00000238928d3ab0_0;
    %flag_set/vec4 8;
    %jmp/0xz  T_304.2, 8;
    %load/vec4 v00000238928d3f10_0;
    %addi 1, 0, 8;
    %assign/vec4 v00000238928d3f10_0, 0;
    %jmp T_304.3;
T_304.2 ;
    %pushi/vec4 0, 0, 8;
    %assign/vec4 v00000238928d3f10_0, 0;
T_304.3 ;
T_304.1 ;
    %jmp T_304;
    .thread T_304;
    .scope S_00000238928c4400;
T_305 ;
    %wait E_00000238926ed750;
    %load/vec4 v00000238928e3870_0;
    %nor/r;
    %flag_set/vec4 8;
    %jmp/0xz  T_305.0, 8;
    %pushi/vec4 0, 0, 8;
    %assign/vec4 v00000238928d5db0_0, 0;
    %jmp T_305.1;
T_305.0 ;
    %load/vec4 v00000238928e3050_0;
    %flag_set/vec4 8;
    %jmp/0xz  T_305.2, 8;
    %load/vec4 v00000238928d5c70_0;
    %assign/vec4 v00000238928d5db0_0, 0;
T_305.2 ;
T_305.1 ;
    %jmp T_305;
    .thread T_305;
    .scope S_00000238928c4590;
T_306 ;
    %wait E_00000238926ed750;
    %load/vec4 v00000238928e3870_0;
    %nor/r;
    %flag_set/vec4 8;
    %jmp/0xz  T_306.0, 8;
    %pushi/vec4 0, 0, 8;
    %assign/vec4 v00000238928d8a10_0, 0;
    %jmp T_306.1;
T_306.0 ;
    %load/vec4 v00000238928e3050_0;
    %flag_set/vec4 8;
    %jmp/0xz  T_306.2, 8;
    %load/vec4 v00000238928d7890_0;
    %assign/vec4 v00000238928d8a10_0, 0;
T_306.2 ;
T_306.1 ;
    %jmp T_306;
    .thread T_306;
    .scope S_00000238928c4720;
T_307 ;
    %wait E_00000238926ed750;
    %load/vec4 v00000238928e3870_0;
    %nor/r;
    %flag_set/vec4 8;
    %jmp/0xz  T_307.0, 8;
    %pushi/vec4 0, 0, 8;
    %assign/vec4 v00000238928d97d0_0, 0;
    %jmp T_307.1;
T_307.0 ;
    %load/vec4 v00000238928e3050_0;
    %flag_set/vec4 8;
    %jmp/0xz  T_307.2, 8;
    %load/vec4 v00000238928d95f0_0;
    %assign/vec4 v00000238928d97d0_0, 0;
T_307.2 ;
T_307.1 ;
    %jmp T_307;
    .thread T_307;
    .scope S_00000238928ebdc0;
T_308 ;
    %wait E_00000238926ed750;
    %load/vec4 v00000238928e3870_0;
    %nor/r;
    %flag_set/vec4 8;
    %jmp/0xz  T_308.0, 8;
    %pushi/vec4 0, 0, 8;
    %assign/vec4 v00000238928d8bf0_0, 0;
    %jmp T_308.1;
T_308.0 ;
    %load/vec4 v00000238928e3050_0;
    %flag_set/vec4 8;
    %jmp/0xz  T_308.2, 8;
    %load/vec4 v00000238928d7ed0_0;
    %assign/vec4 v00000238928d8bf0_0, 0;
T_308.2 ;
T_308.1 ;
    %jmp T_308;
    .thread T_308;
    .scope S_00000238928e99d0;
T_309 ;
    %wait E_00000238926ed750;
    %load/vec4 v00000238928e3870_0;
    %nor/r;
    %flag_set/vec4 8;
    %jmp/0xz  T_309.0, 8;
    %pushi/vec4 0, 0, 8;
    %assign/vec4 v00000238928d9eb0_0, 0;
    %jmp T_309.1;
T_309.0 ;
    %load/vec4 v00000238928e3050_0;
    %flag_set/vec4 8;
    %jmp/0xz  T_309.2, 8;
    %load/vec4 v00000238928da770_0;
    %assign/vec4 v00000238928d9eb0_0, 0;
T_309.2 ;
T_309.1 ;
    %jmp T_309;
    .thread T_309;
    .scope S_00000238928ec0e0;
T_310 ;
    %wait E_00000238926ed750;
    %load/vec4 v00000238928e3870_0;
    %nor/r;
    %flag_set/vec4 8;
    %jmp/0xz  T_310.0, 8;
    %pushi/vec4 0, 0, 8;
    %assign/vec4 v00000238928dbfd0_0, 0;
    %jmp T_310.1;
T_310.0 ;
    %load/vec4 v00000238928e3050_0;
    %flag_set/vec4 8;
    %jmp/0xz  T_310.2, 8;
    %load/vec4 v00000238928d9cd0_0;
    %assign/vec4 v00000238928dbfd0_0, 0;
T_310.2 ;
T_310.1 ;
    %jmp T_310;
    .thread T_310;
    .scope S_00000238928e9390;
T_311 ;
    %wait E_00000238926ed750;
    %load/vec4 v00000238928e3870_0;
    %nor/r;
    %flag_set/vec4 8;
    %jmp/0xz  T_311.0, 8;
    %pushi/vec4 0, 0, 8;
    %assign/vec4 v00000238928da950_0, 0;
    %jmp T_311.1;
T_311.0 ;
    %load/vec4 v00000238928e3050_0;
    %flag_set/vec4 8;
    %jmp/0xz  T_311.2, 8;
    %load/vec4 v00000238928db2b0_0;
    %assign/vec4 v00000238928da950_0, 0;
T_311.2 ;
T_311.1 ;
    %jmp T_311;
    .thread T_311;
    .scope S_00000238928ea010;
T_312 ;
    %wait E_00000238926ed750;
    %load/vec4 v00000238928e3870_0;
    %nor/r;
    %flag_set/vec4 8;
    %jmp/0xz  T_312.0, 8;
    %pushi/vec4 0, 0, 8;
    %assign/vec4 v00000238928dcf70_0, 0;
    %jmp T_312.1;
T_312.0 ;
    %load/vec4 v00000238928e3050_0;
    %flag_set/vec4 8;
    %jmp/0xz  T_312.2, 8;
    %load/vec4 v00000238928db3f0_0;
    %assign/vec4 v00000238928dcf70_0, 0;
T_312.2 ;
T_312.1 ;
    %jmp T_312;
    .thread T_312;
    .scope S_00000238928e9840;
T_313 ;
    %wait E_00000238926ed750;
    %load/vec4 v00000238928e3870_0;
    %nor/r;
    %flag_set/vec4 8;
    %jmp/0xz  T_313.0, 8;
    %pushi/vec4 0, 0, 8;
    %assign/vec4 v00000238928dccf0_0, 0;
    %jmp T_313.1;
T_313.0 ;
    %load/vec4 v00000238928e3050_0;
    %flag_set/vec4 8;
    %jmp/0xz  T_313.2, 8;
    %load/vec4 v00000238928dd3d0_0;
    %assign/vec4 v00000238928dccf0_0, 0;
T_313.2 ;
T_313.1 ;
    %jmp T_313;
    .thread T_313;
    .scope S_00000238928e88a0;
T_314 ;
    %wait E_00000238926ed750;
    %load/vec4 v00000238928e3870_0;
    %nor/r;
    %flag_set/vec4 8;
    %jmp/0xz  T_314.0, 8;
    %pushi/vec4 0, 0, 8;
    %assign/vec4 v00000238928de230_0, 0;
    %jmp T_314.1;
T_314.0 ;
    %load/vec4 v00000238928e3050_0;
    %flag_set/vec4 8;
    %jmp/0xz  T_314.2, 8;
    %load/vec4 v00000238928dd470_0;
    %assign/vec4 v00000238928de230_0, 0;
T_314.2 ;
T_314.1 ;
    %jmp T_314;
    .thread T_314;
    .scope S_00000238928e8ee0;
T_315 ;
    %wait E_00000238926ed750;
    %load/vec4 v00000238928e3870_0;
    %nor/r;
    %flag_set/vec4 8;
    %jmp/0xz  T_315.0, 8;
    %pushi/vec4 0, 0, 8;
    %assign/vec4 v00000238928dd150_0, 0;
    %jmp T_315.1;
T_315.0 ;
    %load/vec4 v00000238928e3050_0;
    %flag_set/vec4 8;
    %jmp/0xz  T_315.2, 8;
    %load/vec4 v00000238928de370_0;
    %assign/vec4 v00000238928dd150_0, 0;
T_315.2 ;
T_315.1 ;
    %jmp T_315;
    .thread T_315;
    .scope S_00000238928eb2d0;
T_316 ;
    %wait E_00000238926ed750;
    %load/vec4 v00000238928e3870_0;
    %nor/r;
    %flag_set/vec4 8;
    %jmp/0xz  T_316.0, 8;
    %pushi/vec4 0, 0, 8;
    %assign/vec4 v00000238928df130_0, 0;
    %jmp T_316.1;
T_316.0 ;
    %load/vec4 v00000238928e3050_0;
    %flag_set/vec4 8;
    %jmp/0xz  T_316.2, 8;
    %load/vec4 v00000238928e0fd0_0;
    %assign/vec4 v00000238928df130_0, 0;
T_316.2 ;
T_316.1 ;
    %jmp T_316;
    .thread T_316;
    .scope S_00000238928e8a30;
T_317 ;
    %wait E_00000238926ed750;
    %load/vec4 v00000238928e3870_0;
    %nor/r;
    %flag_set/vec4 8;
    %jmp/0xz  T_317.0, 8;
    %pushi/vec4 0, 0, 8;
    %assign/vec4 v00000238928e0e90_0, 0;
    %jmp T_317.1;
T_317.0 ;
    %load/vec4 v00000238928e3050_0;
    %flag_set/vec4 8;
    %jmp/0xz  T_317.2, 8;
    %load/vec4 v00000238928dfc70_0;
    %assign/vec4 v00000238928e0e90_0, 0;
T_317.2 ;
T_317.1 ;
    %jmp T_317;
    .thread T_317;
    .scope S_00000238928ea330;
T_318 ;
    %wait E_00000238926ed750;
    %load/vec4 v00000238928e3870_0;
    %nor/r;
    %flag_set/vec4 8;
    %jmp/0xz  T_318.0, 8;
    %pushi/vec4 0, 0, 8;
    %assign/vec4 v00000238928e0cb0_0, 0;
    %jmp T_318.1;
T_318.0 ;
    %load/vec4 v00000238928e3050_0;
    %flag_set/vec4 8;
    %jmp/0xz  T_318.2, 8;
    %load/vec4 v00000238928e0b70_0;
    %assign/vec4 v00000238928e0cb0_0, 0;
T_318.2 ;
T_318.1 ;
    %jmp T_318;
    .thread T_318;
    .scope S_00000238928e8d50;
T_319 ;
    %wait E_00000238926ed750;
    %load/vec4 v00000238928e3870_0;
    %nor/r;
    %flag_set/vec4 8;
    %jmp/0xz  T_319.0, 8;
    %pushi/vec4 0, 0, 8;
    %assign/vec4 v00000238928e2b50_0, 0;
    %jmp T_319.1;
T_319.0 ;
    %load/vec4 v00000238928e3050_0;
    %flag_set/vec4 8;
    %jmp/0xz  T_319.2, 8;
    %load/vec4 v00000238928e1250_0;
    %assign/vec4 v00000238928e2b50_0, 0;
T_319.2 ;
T_319.1 ;
    %jmp T_319;
    .thread T_319;
    .scope S_00000238928e9b60;
T_320 ;
    %wait E_00000238926ed750;
    %load/vec4 v00000238928e3870_0;
    %nor/r;
    %flag_set/vec4 8;
    %jmp/0xz  T_320.0, 8;
    %pushi/vec4 0, 0, 8;
    %assign/vec4 v00000238928e2d30_0, 0;
    %jmp T_320.1;
T_320.0 ;
    %load/vec4 v00000238928e3050_0;
    %flag_set/vec4 8;
    %jmp/0xz  T_320.2, 8;
    %load/vec4 v00000238928e2bf0_0;
    %assign/vec4 v00000238928e2d30_0, 0;
T_320.2 ;
T_320.1 ;
    %jmp T_320;
    .thread T_320;
    .scope S_00000238928c4270;
T_321 ;
    %wait E_00000238926ed750;
    %load/vec4 v00000238928e3870_0;
    %nor/r;
    %flag_set/vec4 8;
    %jmp/0xz  T_321.0, 8;
    %pushi/vec4 0, 0, 1;
    %assign/vec4 v00000238928e30f0_0, 0;
    %jmp T_321.1;
T_321.0 ;
    %load/vec4 v00000238928e3050_0;
    %assign/vec4 v00000238928e30f0_0, 0;
T_321.1 ;
    %jmp T_321;
    .thread T_321;
    .scope S_00000238928c40e0;
T_322 ;
    %wait E_00000238926ed750;
    %load/vec4 v00000238928d68f0_0;
    %nor/r;
    %flag_set/vec4 8;
    %jmp/0xz  T_322.0, 8;
    %pushi/vec4 0, 0, 9;
    %assign/vec4 v00000238928d6210_0, 0;
    %jmp T_322.1;
T_322.0 ;
    %load/vec4 v00000238928d5630_0;
    %flag_set/vec4 9;
    %flag_get/vec4 9;
    %jmp/0 T_322.4, 9;
    %load/vec4 v00000238928d5450_0;
    %nor/r;
    %and;
T_322.4;
    %flag_set/vec4 8;
    %jmp/0xz  T_322.2, 8;
    %load/vec4 v00000238928d5590_0;
    %load/vec4 v00000238928d6210_0;
    %parti/s 8, 0, 2;
    %pad/u 10;
    %ix/vec4 3;
    %ix/load 4, 0, 0; Constant delay
    %assign/vec4/a/d v00000238928d56d0, 0, 4;
    %load/vec4 v00000238928d6210_0;
    %addi 1, 0, 9;
    %assign/vec4 v00000238928d6210_0, 0;
T_322.2 ;
T_322.1 ;
    %jmp T_322;
    .thread T_322;
    .scope S_00000238928c40e0;
T_323 ;
    %wait E_00000238926ed750;
    %load/vec4 v00000238928d68f0_0;
    %nor/r;
    %flag_set/vec4 8;
    %jmp/0xz  T_323.0, 8;
    %pushi/vec4 0, 0, 9;
    %assign/vec4 v00000238928d5810_0, 0;
    %pushi/vec4 0, 0, 2;
    %assign/vec4 v00000238928d6670_0, 0;
    %pushi/vec4 0, 0, 128;
    %assign/vec4 v00000238928d5f90_0, 0;
    %pushi/vec4 0, 0, 1;
    %assign/vec4 v00000238928d6170_0, 0;
    %pushi/vec4 0, 0, 64;
    %assign/vec4 v00000238928d4ff0_0, 0;
    %pushi/vec4 0, 0, 1;
    %assign/vec4 v00000238928d5a90_0, 0;
    %pushi/vec4 0, 0, 1;
    %assign/vec4 v00000238928d5310_0, 0;
    %pushi/vec4 0, 0, 32;
    %assign/vec4 v00000238928d6fd0_0, 0;
    %pushi/vec4 0, 0, 32;
    %assign/vec4 v00000238928d53b0_0, 0;
    %jmp T_323.1;
T_323.0 ;
    %load/vec4 v00000238928d6670_0;
    %dup/vec4;
    %pushi/vec4 0, 0, 2;
    %cmp/u;
    %jmp/1 T_323.2, 6;
    %dup/vec4;
    %pushi/vec4 1, 0, 2;
    %cmp/u;
    %jmp/1 T_323.3, 6;
    %dup/vec4;
    %pushi/vec4 2, 0, 2;
    %cmp/u;
    %jmp/1 T_323.4, 6;
    %pushi/vec4 0, 0, 2;
    %assign/vec4 v00000238928d6670_0, 0;
    %pushi/vec4 0, 0, 1;
    %assign/vec4 v00000238928d6170_0, 0;
    %pushi/vec4 0, 0, 1;
    %assign/vec4 v00000238928d5a90_0, 0;
    %jmp T_323.6;
T_323.2 ;
    %pushi/vec4 0, 0, 1;
    %assign/vec4 v00000238928d6170_0, 0;
    %pushi/vec4 0, 0, 1;
    %assign/vec4 v00000238928d5a90_0, 0;
    %load/vec4 v00000238928d4e10_0;
    %nor/r;
    %flag_set/vec4 8;
    %jmp/0xz  T_323.7, 8;
    %load/vec4 v00000238928d5310_0;
    %nor/r;
    %flag_set/vec4 8;
    %jmp/0xz  T_323.9, 8;
    %pushi/vec4 1, 0, 1;
    %assign/vec4 v00000238928d5310_0, 0;
    %pushi/vec4 0, 0, 32;
    %assign/vec4 v00000238928d6fd0_0, 0;
    %load/vec4 v00000238928d54f0_0;
    %ix/load 4, 1, 0;
    %flag_set/imm 4, 0;
    %shiftl 4;
    %assign/vec4 v00000238928d53b0_0, 0;
T_323.9 ;
    %load/vec4 v00000238928d5810_0;
    %parti/s 8, 0, 2;
    %pad/u 10;
    %ix/vec4 4;
    %load/vec4a v00000238928d56d0, 4;
    %assign/vec4 v00000238928d5f90_0, 0;
    %load/vec4 v00000238928d5810_0;
    %parti/s 8, 0, 2;
    %pad/u 10;
    %ix/vec4 4;
    %load/vec4a v00000238928d56d0, 4;
    %parti/s 64, 0, 2;
    %assign/vec4 v00000238928d4ff0_0, 0;
    %pushi/vec4 1, 0, 1;
    %assign/vec4 v00000238928d6170_0, 0;
    %load/vec4 v00000238928d5310_0;
    %flag_set/vec4 8;
    %flag_get/vec4 8;
    %jmp/0 T_323.11, 8;
    %load/vec4 v00000238928d6fd0_0;
    %load/vec4 v00000238928d53b0_0;
    %subi 1, 0, 32;
    %cmp/e;
    %flag_get/vec4 4;
    %and;
T_323.11;
    %assign/vec4 v00000238928d5a90_0, 0;
    %pushi/vec4 1, 0, 2;
    %assign/vec4 v00000238928d6670_0, 0;
T_323.7 ;
    %jmp T_323.6;
T_323.3 ;
    %load/vec4 v00000238928d6170_0;
    %flag_set/vec4 9;
    %flag_get/vec4 9;
    %jmp/0 T_323.14, 9;
    %load/vec4 v00000238928d5ef0_0;
    %and;
T_323.14;
    %flag_set/vec4 8;
    %jmp/0xz  T_323.12, 8;
    %load/vec4 v00000238928d6fd0_0;
    %addi 1, 0, 32;
    %assign/vec4 v00000238928d6fd0_0, 0;
    %load/vec4 v00000238928d5f90_0;
    %parti/s 64, 64, 8;
    %assign/vec4 v00000238928d4ff0_0, 0;
    %pushi/vec4 1, 0, 1;
    %assign/vec4 v00000238928d6170_0, 0;
    %load/vec4 v00000238928d6fd0_0;
    %addi 1, 0, 32;
    %load/vec4 v00000238928d53b0_0;
    %subi 1, 0, 32;
    %cmp/e;
    %flag_get/vec4 4;
    %assign/vec4 v00000238928d5a90_0, 0;
    %pushi/vec4 2, 0, 2;
    %assign/vec4 v00000238928d6670_0, 0;
T_323.12 ;
    %jmp T_323.6;
T_323.4 ;
    %load/vec4 v00000238928d6170_0;
    %flag_set/vec4 9;
    %flag_get/vec4 9;
    %jmp/0 T_323.17, 9;
    %load/vec4 v00000238928d5ef0_0;
    %and;
T_323.17;
    %flag_set/vec4 8;
    %jmp/0xz  T_323.15, 8;
    %load/vec4 v00000238928d53b0_0;
    %load/vec4 v00000238928d6fd0_0;
    %addi 1, 0, 32;
    %cmp/u;
    %flag_or 5, 4;
    %jmp/0xz  T_323.18, 5;
    %pushi/vec4 0, 0, 1;
    %assign/vec4 v00000238928d5310_0, 0;
    %pushi/vec4 0, 0, 32;
    %assign/vec4 v00000238928d6fd0_0, 0;
    %jmp T_323.19;
T_323.18 ;
    %load/vec4 v00000238928d6fd0_0;
    %addi 1, 0, 32;
    %assign/vec4 v00000238928d6fd0_0, 0;
T_323.19 ;
    %load/vec4 v00000238928d5810_0;
    %addi 1, 0, 9;
    %assign/vec4 v00000238928d5810_0, 0;
    %pushi/vec4 0, 0, 1;
    %assign/vec4 v00000238928d6170_0, 0;
    %pushi/vec4 0, 0, 1;
    %assign/vec4 v00000238928d5a90_0, 0;
    %pushi/vec4 0, 0, 2;
    %assign/vec4 v00000238928d6670_0, 0;
T_323.15 ;
    %jmp T_323.6;
T_323.6 ;
    %pop/vec4 1;
T_323.1 ;
    %jmp T_323;
    .thread T_323;
    .scope S_00000238927c81f0;
T_324 ;
    %wait E_00000238926ed750;
    %load/vec4 v00000238928e6a70_0;
    %nor/r;
    %flag_set/vec4 8;
    %jmp/0xz  T_324.0, 8;
    %pushi/vec4 0, 0, 1;
    %assign/vec4 v00000238928e49f0_0, 0;
    %jmp T_324.1;
T_324.0 ;
    %load/vec4 v00000238928e4810_0;
    %assign/vec4 v00000238928e49f0_0, 0;
T_324.1 ;
    %jmp T_324;
    .thread T_324;
    .scope S_00000238927c81f0;
T_325 ;
    %wait E_00000238926ed750;
    %load/vec4 v00000238928e6a70_0;
    %nor/r;
    %flag_set/vec4 8;
    %jmp/0xz  T_325.0, 8;
    %pushi/vec4 0, 0, 1;
    %assign/vec4 v00000238928e3a50_0, 0;
    %jmp T_325.1;
T_325.0 ;
    %load/vec4 v00000238928e5a30_0;
    %assign/vec4 v00000238928e3a50_0, 0;
T_325.1 ;
    %jmp T_325;
    .thread T_325;
    .scope S_00000238926c21d0;
T_326 ;
    %pushi/vec4 0, 0, 32;
    %store/vec4 v00000238928c98d0_0, 0, 32;
    %end;
    .thread T_326, $init;
    .scope S_00000238926c21d0;
T_327 ;
    %delay 5000, 0;
    %load/vec4 v00000238928c9830_0;
    %inv;
    %store/vec4 v00000238928c9830_0, 0, 1;
    %jmp T_327;
    .thread T_327;
    .scope S_00000238926c21d0;
T_328 ;
    %vpi_call/w 3 460 "$dumpfile", "src/sim/top_verify_dual.vcd" {0 0 0};
    %vpi_call/w 3 461 "$dumpvars", 32'sb00000000000000000000000000000000, S_00000238926c21d0 {0 0 0};
    %pushi/vec4 0, 0, 1;
    %store/vec4 v00000238928c9830_0, 0, 1;
    %pushi/vec4 0, 0, 1;
    %store/vec4 v00000238928c9010_0, 0, 1;
    %pushi/vec4 0, 0, 1;
    %store/vec4 v00000238928c89d0_0, 0, 1;
    %pushi/vec4 0, 0, 1;
    %store/vec4 v00000238928c8bb0_0, 0, 1;
    %pushi/vec4 0, 0, 1;
    %store/vec4 v00000238928c8a70_0, 0, 1;
    %pushi/vec4 0, 0, 1;
    %store/vec4 v00000238928c86b0_0, 0, 1;
    %pushi/vec4 0, 0, 1;
    %store/vec4 v00000238928c9650_0, 0, 1;
    %pushi/vec4 0, 0, 1;
    %store/vec4 v00000238928ca050_0, 0, 1;
    %pushi/vec4 0, 0, 1;
    %store/vec4 v00000238928c9f10_0, 0, 1;
    %pushi/vec4 0, 0, 1;
    %store/vec4 v00000238928c8610_0, 0, 1;
    %pushi/vec4 0, 0, 6;
    %store/vec4 v00000238928c8890_0, 0, 6;
    %pushi/vec4 0, 0, 6;
    %store/vec4 v00000238928c8930_0, 0, 6;
    %delay 20000, 0;
    %pushi/vec4 1, 0, 1;
    %store/vec4 v00000238928c9010_0, 0, 1;
    %delay 50000, 0;
    %vpi_call/w 3 471 "$display", "=== START DUAL SYSTEM VERIFICATION ===" {0 0 0};
    %pushi/vec4 1, 0, 32;
    %store/vec4 v00000238928e6cf0_0, 0, 32;
    %fork TD_deit_accelerator_top_tb_dual.run_case, S_00000238928ebf50;
    %join;
    %pushi/vec4 2, 0, 32;
    %store/vec4 v00000238928e6cf0_0, 0, 32;
    %fork TD_deit_accelerator_top_tb_dual.run_case, S_00000238928ebf50;
    %join;
    %load/vec4 v00000238928c98d0_0;
    %cmpi/e 0, 0, 32;
    %jmp/0xz  T_328.0, 4;
    %vpi_call/w 3 477 "$display", "\012=== SUCCESS: Full System Verified ===\012" {0 0 0};
    %jmp T_328.1;
T_328.0 ;
    %vpi_call/w 3 478 "$display", "\012=== FAILURE: Found %0d Errors ===\012", v00000238928c98d0_0 {0 0 0};
T_328.1 ;
    %vpi_call/w 3 480 "$finish" {0 0 0};
    %end;
    .thread T_328;
# The file index is used to find the file name in the following table.
:file_names 16;
    "N/A";
    "<interactive>";
    "-";
    "src\tb\deit_accelerator_top_tb_dual.v";
    "src\rtl\deit_accelerator_top.v";
    "src\rtl\axi_lite_control.v";
    "src\rtl\deit_core.v";
    "src\rtl\accumulator_bank.v";
    "src\rtl\single_column_bank.v";
    "src\rtl\systolic_array.v";
    "src\rtl\pe.v";
    "src\rtl\global_controller.v";
    "src\rtl\input_buffer_ctrl.v";
    "src\rtl\output_buffer_ctrl.v";
    "src\rtl\ppu.v";
    "src\rtl\weight_buffer_ctrl.v";
