#! /c/Source/iverilog-install/bin/vvp
:ivl_version "12.0 (devel)" "(s20150603-1539-g2693dd32b)";
:ivl_delay_selection "TYPICAL";
:vpi_time_precision - 12;
:vpi_module "G:\iverilog\lib\ivl\system.vpi";
:vpi_module "G:\iverilog\lib\ivl\vhdl_sys.vpi";
:vpi_module "G:\iverilog\lib\ivl\vhdl_textio.vpi";
:vpi_module "G:\iverilog\lib\ivl\v2005_math.vpi";
:vpi_module "G:\iverilog\lib\ivl\va_math.vpi";
:vpi_module "G:\iverilog\lib\ivl\v2009.vpi";
S_000002b8916e5f30 .scope package, "$unit" "$unit" 2 1;
 .timescale 0 0;
S_000002b891dc27d0 .scope module, "deit_accelerator_top_tb" "deit_accelerator_top_tb" 3 7;
 .timescale -9 -12;
P_000002b891d76b00 .param/l "ARRAY_COL" 1 3 13, +C4<00000000000000000000000000010000>;
P_000002b891d76b38 .param/l "ARRAY_ROW" 1 3 12, +C4<00000000000000000000000000001100>;
P_000002b891d76b70 .param/l "C_S_AXI_ADDR_WIDTH" 1 3 11, +C4<00000000000000000000000000000110>;
P_000002b891d76ba8 .param/l "C_S_AXI_DATA_WIDTH" 1 3 10, +C4<00000000000000000000000000100000>;
P_000002b891d76be0 .param/l "MAX_INPUT_WORDS" 1 3 18, +C4<00000000000000000010011100010000>;
P_000002b891d76c18 .param/l "MAX_OUTPUT_WORDS" 1 3 20, +C4<00000000000000000010011100010000>;
P_000002b891d76c50 .param/l "MAX_RAM_GOLDEN_WORDS" 1 3 21, +C4<00000000000000110000110101000000>;
P_000002b891d76c88 .param/l "MAX_WEIGHT_WORDS" 1 3 19, +C4<00000000000000000010011100010000>;
P_000002b891d76cc0 .param/l "TIMEOUT_CYCLES" 1 3 15, +C4<00000000000000000100111000100000>;
v000002b8922844c0_0 .var/i "INPUT_WORDS_PER_TILE", 31 0;
v000002b892283ac0_0 .var/i "K_ORIG", 31 0;
v000002b892282ee0_0 .var/i "K_PAD", 31 0;
v000002b892284600_0 .var/i "K_TILES", 31 0;
v000002b892284240_0 .var/i "M_ORIG", 31 0;
v000002b892284560_0 .var/i "M_PAD", 31 0;
v000002b892283520_0 .var/i "N_ORIG", 31 0;
v000002b892283f20_0 .var/i "N_PAD", 31 0;
v000002b8922833e0_0 .var/i "N_TILES", 31 0;
v000002b892282f80_0 .var/i "OUTPUT_WORDS_PER_TILE", 31 0;
v000002b8922835c0_0 .var/i "WEIGHT_WORDS_PER_TILE", 31 0;
v000002b892284740_0 .var "acc_mode", 0 0;
v000002b892283a20_0 .var "axis_in_tdata", 63 0;
v000002b892283200_0 .var "axis_in_tlast", 0 0;
L_000002b8922eb0b8 .functor BUFT 1, C4<1>, C4<0>, C4<0>, C4<0>;
v000002b892283660_0 .net "axis_in_tready", 0 0, L_000002b8922eb0b8;  1 drivers
v000002b892283700_0 .var "axis_in_tvalid", 0 0;
v000002b892285e60_0 .net "axis_out_tdata", 63 0, v000002b8922724a0_0;  1 drivers
v000002b892286040_0 .net "axis_out_tlast", 0 0, v000002b892271e60_0;  1 drivers
v000002b892286ae0_0 .var "axis_out_tready", 0 0;
v000002b892286220_0 .net "axis_out_tvalid", 0 0, v000002b892272360_0;  1 drivers
v000002b8922856e0_0 .var "clk", 0 0;
v000002b8922869a0_0 .var/i "err_cnt", 31 0;
v000002b892286860 .array "file_axis_golden", 9999 0, 63 0;
v000002b892286540 .array "file_axis_input", 9999 0, 63 0;
v000002b892286900 .array "file_axis_weight", 9999 0, 63 0;
v000002b8922860e0 .array "file_config", 9 0, 31 0;
v000002b892286180 .array "file_ram_golden", 199999 0, 63 0;
v000002b892285a00_0 .var/i "k_idx", 31 0;
v000002b8922862c0_0 .var/i "n_idx", 31 0;
v000002b892285140_0 .var "output_en", 0 0;
v000002b8922853c0_0 .var "rst_n", 0 0;
v000002b892286360_0 .var "s_axi_araddr", 5 0;
v000002b892286cc0_0 .net "s_axi_arready", 0 0, v000002b892074520_0;  1 drivers
v000002b892286a40_0 .var "s_axi_arvalid", 0 0;
v000002b892286ea0_0 .var "s_axi_awaddr", 5 0;
v000002b892285f00_0 .net "s_axi_awready", 0 0, v000002b892073b20_0;  1 drivers
v000002b892285fa0_0 .var "s_axi_awvalid", 0 0;
v000002b892285780_0 .var "s_axi_bready", 0 0;
L_000002b8922eb028 .functor BUFT 1, C4<00>, C4<0>, C4<0>, C4<0>;
v000002b892285d20_0 .net "s_axi_bresp", 1 0, L_000002b8922eb028;  1 drivers
v000002b892286400_0 .net "s_axi_bvalid", 0 0, v000002b8920736c0_0;  1 drivers
v000002b892286b80_0 .net "s_axi_rdata", 31 0, v000002b892073da0_0;  1 drivers
v000002b892285dc0_0 .var "s_axi_rready", 0 0;
L_000002b8922eb070 .functor BUFT 1, C4<00>, C4<0>, C4<0>, C4<0>;
v000002b892285b40_0 .net "s_axi_rresp", 1 0, L_000002b8922eb070;  1 drivers
v000002b892285500_0 .net "s_axi_rvalid", 0 0, v000002b892074ca0_0;  1 drivers
v000002b8922864a0_0 .var "s_axi_wdata", 31 0;
v000002b8922865e0_0 .net "s_axi_wready", 0 0, v000002b892073a80_0;  1 drivers
v000002b892286680_0 .var "s_axi_wstrb", 3 0;
v000002b892285960_0 .var "s_axi_wvalid", 0 0;
S_000002b89205aa70 .scope task, "axi_lite_write" "axi_lite_write" 3 124, 3 124 0, S_000002b891dc27d0;
 .timescale -9 -12;
v000002b892079f20_0 .var "addr", 5 0;
v000002b892079ca0_0 .var "data", 31 0;
E_000002b892089ad0 .event posedge, v000002b8920798e0_0;
E_000002b892089250 .event anyedge, v000002b8920736c0_0;
E_000002b892089b90 .event anyedge, v000002b892073b20_0, v000002b892073a80_0;
TD_deit_accelerator_top_tb.axi_lite_write ;
    %wait E_000002b892089ad0;
    %load/vec4 v000002b892079f20_0;
    %assign/vec4 v000002b892286ea0_0, 0;
    %pushi/vec4 1, 0, 1;
    %assign/vec4 v000002b892285fa0_0, 0;
    %load/vec4 v000002b892079ca0_0;
    %assign/vec4 v000002b8922864a0_0, 0;
    %pushi/vec4 15, 0, 4;
    %assign/vec4 v000002b892286680_0, 0;
    %pushi/vec4 1, 0, 1;
    %assign/vec4 v000002b892285960_0, 0;
    %pushi/vec4 1, 0, 1;
    %assign/vec4 v000002b892285780_0, 0;
T_0.0 ;
    %load/vec4 v000002b892285f00_0;
    %flag_set/vec4 8;
    %flag_get/vec4 8;
    %jmp/0 T_0.2, 8;
    %load/vec4 v000002b8922865e0_0;
    %and;
T_0.2;
    %cmpi/ne 1, 0, 1;
    %jmp/0xz T_0.1, 6;
    %wait E_000002b892089b90;
    %jmp T_0.0;
T_0.1 ;
    %wait E_000002b892089ad0;
    %pushi/vec4 0, 0, 1;
    %assign/vec4 v000002b892285fa0_0, 0;
    %pushi/vec4 0, 0, 1;
    %assign/vec4 v000002b892285960_0, 0;
T_0.3 ;
    %load/vec4 v000002b892286400_0;
    %cmpi/ne 1, 0, 1;
    %jmp/0xz T_0.4, 6;
    %wait E_000002b892089250;
    %jmp T_0.3;
T_0.4 ;
    %wait E_000002b892089ad0;
    %pushi/vec4 0, 0, 1;
    %assign/vec4 v000002b892285780_0, 0;
    %end;
S_000002b891663dd0 .scope task, "check_acc_ckpt" "check_acc_ckpt" 3 253, 3 253 0, S_000002b891dc27d0;
 .timescale -9 -12;
v000002b892078300_0 .var "act_c0", 31 0;
v000002b8920789e0_0 .var "act_c1", 31 0;
v000002b89207a420_0 .var/i "base", 31 0;
v000002b892078b20_0 .var "expected", 63 0;
v000002b8920797a0_0 .var/i "k_idx", 31 0;
v000002b892078bc0_0 .var/i "n_idx", 31 0;
v000002b892079660_0 .var/i "t", 31 0;
TD_deit_accelerator_top_tb.check_acc_ckpt ;
    %load/vec4 v000002b892078bc0_0;
    %load/vec4 v000002b892284600_0;
    %mul;
    %load/vec4 v000002b8920797a0_0;
    %add;
    %load/vec4 v000002b892284560_0;
    %mul;
    %store/vec4 v000002b89207a420_0, 0, 32;
    %pushi/vec4 0, 0, 32;
    %store/vec4 v000002b892079660_0, 0, 32;
T_1.5 ;
    %load/vec4 v000002b892079660_0;
    %cmpi/s 4, 0, 32;
    %flag_get/vec4 5;
    %jmp/0 T_1.7, 5;
    %load/vec4 v000002b892079660_0;
    %load/vec4 v000002b892284560_0;
    %cmp/s;
    %flag_get/vec4 5;
    %and;
T_1.7;
    %flag_set/vec4 8;
    %jmp/0xz T_1.6, 8;
    %load/vec4 v000002b89207a420_0;
    %load/vec4 v000002b892079660_0;
    %add;
    %ix/vec4/s 4;
    %load/vec4a v000002b892286180, 4;
    %store/vec4 v000002b892078b20_0, 0, 64;
    %ix/getv/s 4, v000002b892079660_0;
    %load/vec4a v000002b892076fa0, 4;
    %store/vec4 v000002b892078300_0, 0, 32;
    %ix/getv/s 4, v000002b892079660_0;
    %load/vec4a v000002b892075f60, 4;
    %store/vec4 v000002b8920789e0_0, 0, 32;
    %load/vec4 v000002b8920789e0_0;
    %load/vec4 v000002b892078300_0;
    %concat/vec4; draw_concat_vec4
    %load/vec4 v000002b892078b20_0;
    %cmp/ne;
    %jmp/0xz  T_1.8, 6;
    %load/vec4 v000002b8920789e0_0;
    %load/vec4 v000002b892078300_0;
    %concat/vec4; draw_concat_vec4
    %vpi_call/w 3 268 "$display", "[CKPT-B][FAIL] n=%0d k=%0d addr=%0d exp=%h got=%h", v000002b892078bc0_0, v000002b8920797a0_0, v000002b892079660_0, v000002b892078b20_0, S<0,vec4,u64> {1 0 0};
    %load/vec4 v000002b8922869a0_0;
    %addi 1, 0, 32;
    %store/vec4 v000002b8922869a0_0, 0, 32;
    %jmp T_1.9;
T_1.8 ;
    %vpi_call/w 3 272 "$display", "[CKPT-B][PASS] n=%0d k=%0d addr=%0d val=%h", v000002b892078bc0_0, v000002b8920797a0_0, v000002b892079660_0, v000002b892078b20_0 {0 0 0};
T_1.9 ;
    %load/vec4 v000002b892079660_0;
    %addi 1, 0, 32;
    %store/vec4 v000002b892079660_0, 0, 32;
    %jmp T_1.5;
T_1.6 ;
    %end;
S_000002b891663f60 .scope task, "check_outbuf_mem" "check_outbuf_mem" 3 326, 3 326 0, S_000002b891dc27d0;
 .timescale -9 -12;
v000002b89207a7e0_0 .var "actual128", 127 0;
v000002b892078c60_0 .var/i "base", 31 0;
v000002b89207a380_0 .var "expected128", 127 0;
v000002b892079fc0_0 .var/i "n_idx", 31 0;
v000002b892079520_0 .var/i "start", 31 0;
v000002b892078760_0 .var/i "t", 31 0;
TD_deit_accelerator_top_tb.check_outbuf_mem ;
    %fork t_1, S_000002b891658140;
    %jmp t_0;
    .scope S_000002b891658140;
t_1 ;
    %vpi_call/w 3 334 "$display", "[CKPT-D] Checking output buffer FIFO (n=%0d)", v000002b892079fc0_0 {0 0 0};
    %load/vec4 v000002b892079fc0_0;
    %load/vec4 v000002b892282f80_0;
    %mul;
    %store/vec4 v000002b892078c60_0, 0, 32;
    %load/vec4 v000002b892272680_0;
    %parti/s 8, 0, 2;
    %pad/u 32;
    %store/vec4 v000002b892079520_0, 0, 32;
    %pushi/vec4 0, 0, 32;
    %store/vec4 v000002b892078760_0, 0, 32;
T_2.10 ;
    %load/vec4 v000002b892078760_0;
    %cmpi/s 4, 0, 32;
    %jmp/0xz T_2.11, 5;
    %load/vec4 v000002b892078c60_0;
    %load/vec4 v000002b892078760_0;
    %muli 2, 0, 32;
    %add;
    %addi 1, 0, 32;
    %ix/vec4/s 4;
    %load/vec4a v000002b892286860, 4;
    %load/vec4 v000002b892078c60_0;
    %load/vec4 v000002b892078760_0;
    %muli 2, 0, 32;
    %add;
    %ix/vec4/s 4;
    %load/vec4a v000002b892286860, 4;
    %concat/vec4; draw_concat_vec4
    %store/vec4 v000002b89207a380_0, 0, 128;
    %load/vec4 v000002b892079520_0;
    %load/vec4 v000002b892078760_0;
    %add;
    %ix/vec4/s 4;
    %load/vec4a v000002b892271fa0, 4;
    %store/vec4 v000002b89207a7e0_0, 0, 128;
    %load/vec4 v000002b89207a7e0_0;
    %load/vec4 v000002b89207a380_0;
    %cmp/ne;
    %jmp/0xz  T_2.12, 6;
    %vpi_call/w 3 341 "$display", "[CKPT-D][FAIL] n=%0d row=%0d exp=%h got=%h", v000002b892079fc0_0, v000002b892078760_0, v000002b89207a380_0, v000002b89207a7e0_0 {0 0 0};
    %load/vec4 v000002b8922869a0_0;
    %addi 1, 0, 32;
    %store/vec4 v000002b8922869a0_0, 0, 32;
    %jmp T_2.13;
T_2.12 ;
    %vpi_call/w 3 344 "$display", "[CKPT-D][PASS] n=%0d row=%0d val=%h", v000002b892079fc0_0, v000002b892078760_0, v000002b89207a7e0_0 {0 0 0};
T_2.13 ;
    %load/vec4 v000002b892078760_0;
    %addi 1, 0, 32;
    %store/vec4 v000002b892078760_0, 0, 32;
    %jmp T_2.10;
T_2.11 ;
    %end;
    .scope S_000002b891663f60;
t_0 %join;
    %end;
S_000002b891658140 .scope begin, "CHECK_OBUF" "CHECK_OBUF" 3 333, 3 333 0, S_000002b891663f60;
 .timescale -9 -12;
S_000002b8916582d0 .scope task, "check_output_stream" "check_output_stream" 3 279, 3 279 0, S_000002b891dc27d0;
 .timescale -9 -12;
v000002b892078800_0 .var/i "base", 31 0;
v000002b89207a060_0 .var/i "cycles", 31 0;
v000002b892079700_0 .var "expected", 63 0;
v000002b89207a100_0 .var/i "i", 31 0;
v000002b892078d00_0 .var/i "n_idx", 31 0;
v000002b892078f80_0 .var "sampled", 63 0;
TD_deit_accelerator_top_tb.check_output_stream ;
    %fork t_3, S_000002b8916d2df0;
    %jmp t_2;
    .scope S_000002b8916d2df0;
t_3 ;
    %vpi_call/w 3 287 "$display", "[CKPT-C] Checking output stream for N tile %0d", v000002b892078d00_0 {0 0 0};
    %pushi/vec4 1, 0, 1;
    %assign/vec4 v000002b892286ae0_0, 0;
    %load/vec4 v000002b892078d00_0;
    %load/vec4 v000002b892282f80_0;
    %mul;
    %store/vec4 v000002b892078800_0, 0, 32;
    %pushi/vec4 0, 0, 32;
    %store/vec4 v000002b89207a100_0, 0, 32;
T_3.14 ;
    %load/vec4 v000002b89207a100_0;
    %load/vec4 v000002b892282f80_0;
    %cmp/s;
    %jmp/0xz T_3.15, 5;
    %fork t_5, S_000002b8916d2f80;
    %jmp t_4;
    .scope S_000002b8916d2f80;
t_5 ;
    %pushi/vec4 0, 0, 32;
    %store/vec4 v000002b89207a060_0, 0, 32;
    %fork t_7, S_000002b8916f3d20;
    %jmp t_6;
    .scope S_000002b8916f3d20;
t_7 ;
T_3.16 ;
    %pushi/vec4 1, 0, 32;
    %or/r;
    %flag_set/vec4 8;
    %jmp/0xz T_3.17, 8;
    %wait E_000002b892089ad0;
    %load/vec4 v000002b89207a060_0;
    %addi 1, 0, 32;
    %store/vec4 v000002b89207a060_0, 0, 32;
    %load/vec4 v000002b892286220_0;
    %flag_set/vec4 9;
    %flag_get/vec4 9;
    %jmp/0 T_3.20, 9;
    %load/vec4 v000002b892286ae0_0;
    %and;
T_3.20;
    %flag_set/vec4 8;
    %jmp/0xz  T_3.18, 8;
    %load/vec4 v000002b892285e60_0;
    %store/vec4 v000002b892078f80_0, 0, 64;
    %load/vec4 v000002b892078800_0;
    %load/vec4 v000002b89207a100_0;
    %add;
    %ix/vec4/s 4;
    %load/vec4a v000002b892286860, 4;
    %store/vec4 v000002b892079700_0, 0, 64;
    %load/vec4 v000002b892286040_0;
    %load/vec4 v000002b89207a100_0;
    %load/vec4 v000002b892282f80_0;
    %subi 1, 0, 32;
    %cmp/e;
    %flag_get/vec4 4;
    %cmp/ne;
    %jmp/0xz  T_3.21, 6;
    %load/vec4 v000002b89207a100_0;
    %load/vec4 v000002b892282f80_0;
    %subi 1, 0, 32;
    %cmp/e;
    %flag_get/vec4 4;
    %vpi_call/w 3 301 "$display", "[FAIL] TLAST n=%0d word=%0d exp=%b got=%b", v000002b892078d00_0, v000002b89207a100_0, S<0,vec4,u1>, v000002b892286040_0 {1 0 0};
    %load/vec4 v000002b8922869a0_0;
    %addi 1, 0, 32;
    %store/vec4 v000002b8922869a0_0, 0, 32;
T_3.21 ;
    %load/vec4 v000002b892078f80_0;
    %load/vec4 v000002b892079700_0;
    %cmp/ne;
    %jmp/0xz  T_3.23, 6;
    %vpi_call/w 3 306 "$display", "[FAIL] OUT n=%0d word=%0d exp=%h got=%h", v000002b892078d00_0, v000002b89207a100_0, v000002b892079700_0, v000002b892078f80_0 {0 0 0};
    %load/vec4 v000002b8922869a0_0;
    %addi 1, 0, 32;
    %store/vec4 v000002b8922869a0_0, 0, 32;
    %jmp T_3.24;
T_3.23 ;
    %vpi_call/w 3 309 "$display", "[PASS] OUT n=%0d word=%0d val=%h", v000002b892078d00_0, v000002b89207a100_0, v000002b892079700_0 {0 0 0};
T_3.24 ;
    %disable S_000002b8916f3d20;
T_3.18 ;
    %load/vec4 v000002b89207a060_0;
    %cmpi/s 20000, 0, 32;
    %flag_or 5, 4; GT is !LE
    %flag_inv 5;
    %jmp/0xz  T_3.25, 5;
    %vpi_call/w 3 314 "$display", "[FAIL] Timeout waiting axis_out_tvalid (n=%0d word=%0d)", v000002b892078d00_0, v000002b89207a100_0 {0 0 0};
    %load/vec4 v000002b892078d00_0;
    %store/vec4 v000002b892079b60_0, 0, 32;
    %pushi/vec4 0, 0, 32;
    %store/vec4 v000002b89207a560_0, 0, 32;
    %pushi/vec4 0, 0, 32; draw_string_vec4
    %pushi/vec4 0, 0, 32; draw_string_vec4
    %concat/vec4; draw_string_vec4
    %pushi/vec4 1463896404, 0, 32; draw_string_vec4
    %concat/vec4; draw_string_vec4
    %pushi/vec4 1599034708, 0, 32; draw_string_vec4
    %concat/vec4; draw_string_vec4
    %store/vec4 v000002b892078e40_0, 0, 128;
    %fork TD_deit_accelerator_top_tb.ckpt_a, S_000002b8916f3eb0;
    %join;
    %load/vec4 v000002b8922869a0_0;
    %addi 1, 0, 32;
    %store/vec4 v000002b8922869a0_0, 0, 32;
    %disable S_000002b8916d2df0;
T_3.25 ;
    %jmp T_3.16;
T_3.17 ;
    %end;
    .scope S_000002b8916d2f80;
t_6 %join;
    %end;
    .scope S_000002b8916d2df0;
t_4 %join;
    %load/vec4 v000002b89207a100_0;
    %addi 1, 0, 32;
    %store/vec4 v000002b89207a100_0, 0, 32;
    %jmp T_3.14;
T_3.15 ;
    %pushi/vec4 0, 0, 1;
    %assign/vec4 v000002b892286ae0_0, 0;
    %end;
    .scope S_000002b8916582d0;
t_2 %join;
    %end;
S_000002b8916d2df0 .scope begin, "CHECK_OUT" "CHECK_OUT" 3 286, 3 286 0, S_000002b8916582d0;
 .timescale -9 -12;
S_000002b8916d2f80 .scope begin, "OUT_LOOP" "OUT_LOOP" 3 291, 3 291 0, S_000002b8916d2df0;
 .timescale -9 -12;
S_000002b8916f3d20 .scope begin, "WAIT_BEAT" "WAIT_BEAT" 3 293, 3 293 0, S_000002b8916d2f80;
 .timescale -9 -12;
S_000002b8916f3eb0 .scope task, "ckpt_a" "ckpt_a" 3 141, 3 141 0, S_000002b891dc27d0;
 .timescale -9 -12;
v000002b89207a560_0 .var/i "k_idx", 31 0;
v000002b892079b60_0 .var/i "n_idx", 31 0;
v000002b892078e40_0 .var "tag", 127 0;
TD_deit_accelerator_top_tb.ckpt_a ;
    %vpi_call/w 3 146 "$display", "[CKPT-A][%s] n=%0d k=%0d state=%0d cnt_load=%0d cnt_seq=%0d cnt_drain=%0d beat=%0d wload=%0d settle=%0d acc_cnt=%0d wv=%b iv=%b dma_req=%b", v000002b892078e40_0, v000002b892079b60_0, v000002b89207a560_0, v000002b89226c8c0_0, v000002b89226e760_0, v000002b89226da40_0, v000002b89226d9a0_0, v000002b89226c960_0, v000002b89226c1e0_0, v000002b89226dae0_0, v000002b892270c40_0, v000002b892284ba0_0, v000002b892282bc0_0, v000002b892282300_0 {0 0 0};
    %end;
S_000002b89166f580 .scope task, "ckpt_outbuf_state" "ckpt_outbuf_state" 3 350, 3 350 0, S_000002b891dc27d0;
 .timescale -9 -12;
v000002b892079160_0 .var/i "n_idx", 31 0;
v000002b8920784e0_0 .var/i "stage", 31 0;
TD_deit_accelerator_top_tb.ckpt_outbuf_state ;
    %load/vec4 v000002b8920784e0_0;
    %cmpi/e 0, 0, 32;
    %jmp/0xz  T_5.27, 4;
    %vpi_call/w 3 355 "$display", "[CKPT-OBUF][BEFORE] n=%0d state=%0d rd=%0d wr=%0d tvalid=%0d", v000002b892079160_0, v000002b8922738a0_0, v000002b892272680_0, v000002b892271d20_0, v000002b892272360_0 {0 0 0};
    %jmp T_5.28;
T_5.27 ;
    %vpi_call/w 3 358 "$display", "[CKPT-OBUF][AFTER ] n=%0d state=%0d rd=%0d wr=%0d tvalid=%0d", v000002b892079160_0, v000002b8922738a0_0, v000002b892272680_0, v000002b892271d20_0, v000002b892272360_0 {0 0 0};
T_5.28 ;
    %end;
S_000002b89207c580 .scope task, "count_activity" "count_activity" 3 364, 3 364 0, S_000002b891dc27d0;
 .timescale -9 -12;
v000002b892078580_0 .var/i "in_valid_cnt", 31 0;
v000002b892078ee0_0 .var/i "k_idx", 31 0;
v000002b892079840_0 .var/i "n_idx", 31 0;
v000002b89207a600_0 .var/i "ppu_cnt", 31 0;
TD_deit_accelerator_top_tb.count_activity ;
    %fork t_9, S_000002b89207bf40;
    %jmp t_8;
    .scope S_000002b89207bf40;
t_9 ;
    %pushi/vec4 0, 0, 32;
    %store/vec4 v000002b892078580_0, 0, 32;
    %pushi/vec4 0, 0, 32;
    %store/vec4 v000002b89207a600_0, 0, 32;
T_6.29 ;
    %load/vec4 v000002b892282120_0;
    %nor/r;
    %flag_set/vec4 8;
    %jmp/0xz T_6.30, 8;
    %wait E_000002b892089ad0;
    %load/vec4 v000002b892270b00_0;
    %flag_set/vec4 9;
    %flag_get/vec4 9;
    %jmp/0 T_6.33, 9;
    %load/vec4 v000002b892282bc0_0;
    %and;
T_6.33;
    %flag_set/vec4 8;
    %jmp/0xz  T_6.31, 8;
    %load/vec4 v000002b892078580_0;
    %addi 1, 0, 32;
    %store/vec4 v000002b892078580_0, 0, 32;
T_6.31 ;
    %load/vec4 v000002b892282940_0;
    %flag_set/vec4 8;
    %jmp/0xz  T_6.34, 8;
    %load/vec4 v000002b89207a600_0;
    %addi 1, 0, 32;
    %store/vec4 v000002b89207a600_0, 0, 32;
T_6.34 ;
    %jmp T_6.29;
T_6.30 ;
    %vpi_call/w 3 377 "$display", "[CKPT-COUNT] n=%0d k=%0d in_valid=%0d ppu_valid=%0d", v000002b892079840_0, v000002b892078ee0_0, v000002b892078580_0, v000002b89207a600_0 {0 0 0};
    %end;
    .scope S_000002b89207c580;
t_8 %join;
    %end;
S_000002b89207bf40 .scope begin, "COUNT_ACT" "COUNT_ACT" 3 369, 3 369 0, S_000002b89207c580;
 .timescale -9 -12;
S_000002b89207c0d0 .scope module, "dut" "deit_accelerator_top" 3 62, 4 14 0, S_000002b891dc27d0;
 .timescale -9 -12;
    .port_info 0 /INPUT 1 "clk";
    .port_info 1 /INPUT 1 "rst_n";
    .port_info 2 /INPUT 6 "s_axi_awaddr";
    .port_info 3 /INPUT 1 "s_axi_awvalid";
    .port_info 4 /OUTPUT 1 "s_axi_awready";
    .port_info 5 /INPUT 32 "s_axi_wdata";
    .port_info 6 /INPUT 4 "s_axi_wstrb";
    .port_info 7 /INPUT 1 "s_axi_wvalid";
    .port_info 8 /OUTPUT 1 "s_axi_wready";
    .port_info 9 /OUTPUT 2 "s_axi_bresp";
    .port_info 10 /OUTPUT 1 "s_axi_bvalid";
    .port_info 11 /INPUT 1 "s_axi_bready";
    .port_info 12 /INPUT 6 "s_axi_araddr";
    .port_info 13 /INPUT 1 "s_axi_arvalid";
    .port_info 14 /OUTPUT 1 "s_axi_arready";
    .port_info 15 /OUTPUT 32 "s_axi_rdata";
    .port_info 16 /OUTPUT 2 "s_axi_rresp";
    .port_info 17 /OUTPUT 1 "s_axi_rvalid";
    .port_info 18 /INPUT 1 "s_axi_rready";
    .port_info 19 /INPUT 64 "axis_in_tdata";
    .port_info 20 /INPUT 1 "axis_in_tvalid";
    .port_info 21 /OUTPUT 1 "axis_in_tready";
    .port_info 22 /INPUT 1 "axis_in_tlast";
    .port_info 23 /OUTPUT 64 "axis_out_tdata";
    .port_info 24 /OUTPUT 1 "axis_out_tvalid";
    .port_info 25 /INPUT 1 "axis_out_tready";
    .port_info 26 /OUTPUT 1 "axis_out_tlast";
P_000002b891d835e0 .param/l "C_S_AXI_ADDR_WIDTH" 0 4 16, +C4<00000000000000000000000000000110>;
P_000002b891d83618 .param/l "C_S_AXI_DATA_WIDTH" 0 4 15, +C4<00000000000000000000000000100000>;
L_000002b8920707f0 .functor AND 1, v000002b8922853c0_0, L_000002b892285be0, C4<1>, C4<1>;
L_000002b892070e80 .functor AND 1, v000002b892283700_0, v000002b89226c320_0, C4<1>, C4<1>;
L_000002b8920706a0 .functor AND 1, v000002b892283700_0, L_000002b892286fe0, C4<1>, C4<1>;
L_000002b892070b70 .functor AND 1, v000002b892283700_0, v000002b89226c320_0, C4<1>, C4<1>;
L_000002b892070710 .functor NOT 1, v000002b8922819a0_0, C4<0>, C4<0>, C4<0>;
L_000002b892070a20 .functor AND 1, v000002b89207ae20_0, L_000002b892070710, C4<1>, C4<1>;
L_000002b89206f600 .functor NOT 1, v000002b89226c320_0, C4<0>, C4<0>, C4<0>;
L_000002b892070550 .functor AND 1, L_000002b89206f600, v000002b892280e60_0, C4<1>, C4<1>;
L_000002b89238cbd0 .functor BUFZ 1, L_000002b89238c310, C4<0>, C4<0>, C4<0>;
L_000002b89238c460 .functor AND 1, L_000002b89238cbd0, L_000002b892286d60, C4<1>, C4<1>;
v000002b892281d60_0 .net *"_ivl_12", 0 0, L_000002b892070710;  1 drivers
v000002b892281540_0 .net *"_ivl_16", 0 0, L_000002b89206f600;  1 drivers
L_000002b8922ed230 .functor BUFT 1, C4<00000000>, C4<0>, C4<0>, C4<0>;
v000002b892281e00_0 .net/2u *"_ivl_24", 7 0, L_000002b8922ed230;  1 drivers
L_000002b8922ed278 .functor BUFT 1, C4<0000>, C4<0>, C4<0>, C4<0>;
v000002b892281360_0 .net/2u *"_ivl_26", 3 0, L_000002b8922ed278;  1 drivers
v000002b892280640_0 .net *"_ivl_31", 15 0, L_000002b892343a50;  1 drivers
v000002b892280820_0 .net *"_ivl_33", 15 0, L_000002b892343690;  1 drivers
v000002b892280be0_0 .net *"_ivl_37", 15 0, L_000002b892344f90;  1 drivers
v000002b892281ea0_0 .net *"_ivl_39", 15 0, L_000002b8923441d0;  1 drivers
L_000002b8922ed2c0 .functor BUFT 1, C4<0000>, C4<0>, C4<0>, C4<0>;
v000002b892281040_0 .net/2u *"_ivl_42", 3 0, L_000002b8922ed2c0;  1 drivers
v000002b892281680_0 .net *"_ivl_5", 0 0, L_000002b892286fe0;  1 drivers
v000002b892282800_0 .net "axis_in_tdata", 63 0, v000002b892283a20_0;  1 drivers
v000002b892282760_0 .net "axis_in_tlast", 0 0, v000002b892283200_0;  1 drivers
v000002b892280280_0 .net "axis_in_tready", 0 0, L_000002b8922eb0b8;  alias, 1 drivers
v000002b8922828a0_0 .net "axis_in_tvalid", 0 0, v000002b892283700_0;  1 drivers
v000002b892282260_0 .net "axis_out_tdata", 63 0, v000002b8922724a0_0;  alias, 1 drivers
v000002b8922817c0_0 .net "axis_out_tlast", 0 0, v000002b892271e60_0;  alias, 1 drivers
v000002b8922801e0_0 .net "axis_out_tready", 0 0, v000002b892286ae0_0;  1 drivers
v000002b8922814a0_0 .net "axis_out_tvalid", 0 0, v000002b892272360_0;  alias, 1 drivers
v000002b892282080_0 .net "cfg_acc_mode", 0 0, L_000002b892286720;  1 drivers
v000002b892280500_0 .net "cfg_output_en", 0 0, L_000002b892286d60;  1 drivers
v000002b892281c20_0 .net "cfg_ppu_bias", 31 0, v000002b892075880_0;  1 drivers
v000002b8922815e0_0 .net "cfg_ppu_mult", 15 0, L_000002b892286c20;  1 drivers
v000002b8922808c0_0 .net "cfg_ppu_shift", 4 0, L_000002b8922867c0;  1 drivers
v000002b892280960_0 .net "cfg_ppu_zp", 7 0, L_000002b892285820;  1 drivers
v000002b8922824e0_0 .net "cfg_seq_len", 31 0, v000002b8920757e0_0;  1 drivers
v000002b892281ae0_0 .net "clk", 0 0, v000002b8922856e0_0;  1 drivers
v000002b892282120_0 .net "core_ap_done", 0 0, v000002b89226c5a0_0;  1 drivers
v000002b892281fe0_0 .net "core_ap_idle", 0 0, v000002b89226e3a0_0;  1 drivers
v000002b892280320_0 .net "core_input_read_en", 0 0, v000002b89226d0e0_0;  1 drivers
v000002b892281860_0 .net "core_to_ppu_data", 511 0, L_000002b89235abb0;  1 drivers
v000002b892281900_0 .net "core_valid_raw", 0 0, L_000002b89238cbd0;  1 drivers
v000002b892280c80_0 .net "core_weight_dma_beat", 0 0, L_000002b892070b70;  1 drivers
v000002b892282300_0 .net "core_weight_dma_req", 0 0, v000002b89226c320_0;  1 drivers
v000002b892280e60_0 .var "core_weight_dma_req_d", 0 0;
v000002b8922821c0_0 .net "core_weight_load_en", 0 0, v000002b89226d040_0;  1 drivers
v000002b8922803c0_0 .net "ctrl_ap_start", 0 0, v000002b89207ae20_0;  1 drivers
v000002b8922819a0_0 .var "ctrl_ap_start_d", 0 0;
v000002b892280d20_0 .net "ctrl_soft_rst_n", 0 0, L_000002b892285be0;  1 drivers
v000002b892282620_0 .net "dbg_acc_addr", 7 0, L_000002b89238caf0;  1 drivers
v000002b8922826c0_0 .net "dbg_clr", 0 0, v000002b89207af60_0;  1 drivers
v000002b892280f00_0 .net "dbg_cnt_drain", 31 0, v000002b89226d9a0_0;  1 drivers
v000002b8922805a0_0 .net "dbg_cnt_load", 31 0, v000002b89226e760_0;  1 drivers
v000002b8922806e0_0 .net "dbg_cnt_seq", 31 0, v000002b89226da40_0;  1 drivers
v000002b892280460_0 .net "dbg_ctrl_state", 2 0, v000002b89226c8c0_0;  1 drivers
v000002b892281a40_0 .net "dbg_ibuf_wr_ptr", 7 0, v000002b892271640_0;  1 drivers
RS_000002b89213ee38 .resolv tri, L_000002b89238f1e0, L_000002b89238f640;
v000002b892280aa0_0 .net8 "dbg_obuf_full", 0 0, RS_000002b89213ee38;  2 drivers
v000002b892280b40_0 .net "dbg_obuf_rd_ptr", 7 0, L_000002b892343370;  1 drivers
v000002b8922810e0_0 .net "dbg_obuf_wr_ptr", 7 0, L_000002b892343550;  1 drivers
v000002b892281220_0 .net "dbg_reg0", 31 0, L_000002b892344d10;  1 drivers
v000002b892281b80_0 .net "dbg_reg1", 31 0, L_000002b8923437d0;  1 drivers
v000002b892281cc0_0 .net "dbg_reg2", 31 0, L_000002b892344630;  1 drivers
v000002b892283020_0 .net "dbg_reg3", 31 0, L_000002b8923444f0;  1 drivers
v000002b8922849c0_0 .net "dbg_snap", 0 0, v000002b89207ad80_0;  1 drivers
v000002b892284880_0 .net "dbg_wbuf_gb_cnt", 0 0, L_000002b892070320;  1 drivers
v000002b892284f60_0 .net "dbg_wbuf_ram_wen", 0 0, L_000002b8920702b0;  1 drivers
v000002b8922842e0_0 .net "dbg_wbuf_wr_ptr", 3 0, v000002b892281f40_0;  1 drivers
v000002b8922832a0_0 .net "dbg_weight_beat_cnt", 31 0, v000002b89226c960_0;  1 drivers
v000002b892284380_0 .net "ibuf_in_valid", 0 0, L_000002b8920706a0;  1 drivers
v000002b892282da0_0 .net "ibuf_to_core_data", 95 0, L_000002b892285320;  1 drivers
v000002b892282bc0_0 .net "ibuf_valid_out", 0 0, v000002b892270100_0;  1 drivers
v000002b892285000_0 .net "ppu_input_valid", 0 0, L_000002b89238c460;  1 drivers
v000002b892283fc0_0 .net "ppu_to_obuf_data", 127 0, L_000002b892344090;  1 drivers
v000002b892282940_0 .net "ppu_valid", 0 0, v000002b89227dc60_0;  1 drivers
v000002b892282b20_0 .net "rst_n", 0 0, v000002b8922853c0_0;  1 drivers
v000002b892284ec0_0 .net "s_axi_araddr", 5 0, v000002b892286360_0;  1 drivers
v000002b892283ca0_0 .net "s_axi_arready", 0 0, v000002b892074520_0;  alias, 1 drivers
v000002b892283340_0 .net "s_axi_arvalid", 0 0, v000002b892286a40_0;  1 drivers
v000002b892283de0_0 .net "s_axi_awaddr", 5 0, v000002b892286ea0_0;  1 drivers
v000002b892283480_0 .net "s_axi_awready", 0 0, v000002b892073b20_0;  alias, 1 drivers
v000002b892283b60_0 .net "s_axi_awvalid", 0 0, v000002b892285fa0_0;  1 drivers
v000002b892283c00_0 .net "s_axi_bready", 0 0, v000002b892285780_0;  1 drivers
v000002b892284a60_0 .net "s_axi_bresp", 1 0, L_000002b8922eb028;  alias, 1 drivers
v000002b8922829e0_0 .net "s_axi_bvalid", 0 0, v000002b8920736c0_0;  alias, 1 drivers
v000002b8922830c0_0 .net "s_axi_rdata", 31 0, v000002b892073da0_0;  alias, 1 drivers
v000002b8922837a0_0 .net "s_axi_rready", 0 0, v000002b892285dc0_0;  1 drivers
v000002b892284ce0_0 .net "s_axi_rresp", 1 0, L_000002b8922eb070;  alias, 1 drivers
v000002b8922847e0_0 .net "s_axi_rvalid", 0 0, v000002b892074ca0_0;  alias, 1 drivers
v000002b892283160_0 .net "s_axi_wdata", 31 0, v000002b8922864a0_0;  1 drivers
v000002b892284420_0 .net "s_axi_wready", 0 0, v000002b892073a80_0;  alias, 1 drivers
v000002b892284e20_0 .net "s_axi_wstrb", 3 0, v000002b892286680_0;  1 drivers
v000002b892284100_0 .net "s_axi_wvalid", 0 0, v000002b892285960_0;  1 drivers
v000002b892282d00_0 .net "start_rising_edge", 0 0, L_000002b892070a20;  1 drivers
v000002b8922850a0_0 .net "sys_rst_n", 0 0, L_000002b8920707f0;  1 drivers
v000002b892284b00_0 .net "wbuf_in_valid", 0 0, L_000002b892070e80;  1 drivers
v000002b892282a80_0 .net "wbuf_to_core_data", 127 0, L_000002b892070470;  1 drivers
v000002b892284ba0_0 .net "wbuf_valid_out", 0 0, v000002b89227e0c0_0;  1 drivers
v000002b892284c40_0 .net "weight_dma_done_pulse", 0 0, L_000002b892070550;  1 drivers
L_000002b892286fe0 .reduce/nor v000002b89226c320_0;
LS_000002b892344d10_0_0 .concat [ 3 1 1 1], v000002b89226c8c0_0, v000002b89226c320_0, v000002b89226d040_0, v000002b89226d0e0_0;
LS_000002b892344d10_0_4 .concat [ 1 1 1 1], v000002b89227e0c0_0, v000002b892270100_0, v000002b892283700_0, v000002b892272360_0;
LS_000002b892344d10_0_8 .concat [ 1 1 4 8], v000002b892271e60_0, RS_000002b89213ee38, L_000002b8922ed278, L_000002b89238caf0;
LS_000002b892344d10_0_12 .concat [ 8 0 0 0], L_000002b8922ed230;
L_000002b892344d10 .concat [ 6 4 14 8], LS_000002b892344d10_0_0, LS_000002b892344d10_0_4, LS_000002b892344d10_0_8, LS_000002b892344d10_0_12;
L_000002b892343a50 .part v000002b89226da40_0, 0, 16;
L_000002b892343690 .part v000002b89226e760_0, 0, 16;
L_000002b8923437d0 .concat [ 16 16 0 0], L_000002b892343690, L_000002b892343a50;
L_000002b892344f90 .part v000002b89226c960_0, 0, 16;
L_000002b8923441d0 .part v000002b89226d9a0_0, 0, 16;
L_000002b892344630 .concat [ 16 16 0 0], L_000002b8923441d0, L_000002b892344f90;
LS_000002b8923444f0_0_0 .concat [ 8 4 8 8], v000002b892271640_0, v000002b892281f40_0, L_000002b892343550, L_000002b892343370;
LS_000002b8923444f0_0_4 .concat [ 4 0 0 0], L_000002b8922ed2c0;
L_000002b8923444f0 .concat [ 28 4 0 0], LS_000002b8923444f0_0_0, LS_000002b8923444f0_0_4;
S_000002b89207c260 .scope module, "u_control" "axi_lite_control" 4 109, 5 11 0, S_000002b89207c0d0;
 .timescale -9 -12;
    .port_info 0 /INPUT 1 "clk";
    .port_info 1 /INPUT 1 "rst_n";
    .port_info 2 /INPUT 6 "s_axi_awaddr";
    .port_info 3 /INPUT 1 "s_axi_awvalid";
    .port_info 4 /OUTPUT 1 "s_axi_awready";
    .port_info 5 /INPUT 32 "s_axi_wdata";
    .port_info 6 /INPUT 4 "s_axi_wstrb";
    .port_info 7 /INPUT 1 "s_axi_wvalid";
    .port_info 8 /OUTPUT 1 "s_axi_wready";
    .port_info 9 /OUTPUT 2 "s_axi_bresp";
    .port_info 10 /OUTPUT 1 "s_axi_bvalid";
    .port_info 11 /INPUT 1 "s_axi_bready";
    .port_info 12 /INPUT 6 "s_axi_araddr";
    .port_info 13 /INPUT 1 "s_axi_arvalid";
    .port_info 14 /OUTPUT 1 "s_axi_arready";
    .port_info 15 /OUTPUT 32 "s_axi_rdata";
    .port_info 16 /OUTPUT 2 "s_axi_rresp";
    .port_info 17 /OUTPUT 1 "s_axi_rvalid";
    .port_info 18 /INPUT 1 "s_axi_rready";
    .port_info 19 /OUTPUT 1 "o_ap_start";
    .port_info 20 /OUTPUT 1 "o_soft_rst_n";
    .port_info 21 /OUTPUT 32 "o_cfg_compute_cycles";
    .port_info 22 /OUTPUT 1 "o_cfg_acc_mode";
    .port_info 23 /INPUT 1 "i_ap_done";
    .port_info 24 /INPUT 1 "i_ap_idle";
    .port_info 25 /OUTPUT 16 "o_ppu_mult";
    .port_info 26 /OUTPUT 5 "o_ppu_shift";
    .port_info 27 /OUTPUT 8 "o_ppu_zp";
    .port_info 28 /OUTPUT 32 "o_ppu_bias";
    .port_info 29 /OUTPUT 1 "o_output_en";
    .port_info 30 /INPUT 32 "i_dbg0";
    .port_info 31 /INPUT 32 "i_dbg1";
    .port_info 32 /INPUT 32 "i_dbg2";
    .port_info 33 /INPUT 32 "i_dbg3";
    .port_info 34 /OUTPUT 1 "o_dbg_snap";
    .port_info 35 /OUTPUT 1 "o_dbg_clr";
P_000002b89169ad90 .param/l "ADDR_CFG_ACC" 1 5 69, C4<01100>;
P_000002b89169adc8 .param/l "ADDR_CFG_K" 1 5 68, C4<01000>;
P_000002b89169ae00 .param/l "ADDR_CTRL_REG" 1 5 66, C4<00000>;
P_000002b89169ae38 .param/l "ADDR_DBG0" 1 5 82, C4<110000>;
P_000002b89169ae70 .param/l "ADDR_DBG1" 1 5 83, C4<110100>;
P_000002b89169aea8 .param/l "ADDR_DBG2" 1 5 84, C4<111000>;
P_000002b89169aee0 .param/l "ADDR_DBG3" 1 5 85, C4<111100>;
P_000002b89169af18 .param/l "ADDR_DBG_CLR" 1 5 81, C4<101100>;
P_000002b89169af50 .param/l "ADDR_DBG_SNAP" 1 5 80, C4<101000>;
P_000002b89169af88 .param/l "ADDR_OUTPUT_EN" 1 5 78, C4<100100>;
P_000002b89169afc0 .param/l "ADDR_PPU_BIAS" 1 5 77, C4<100000>;
P_000002b89169aff8 .param/l "ADDR_PPU_MULT" 1 5 73, C4<10100>;
P_000002b89169b030 .param/l "ADDR_PPU_SHIFT" 1 5 74, C4<11000>;
P_000002b89169b068 .param/l "ADDR_PPU_ZP" 1 5 75, C4<11100>;
P_000002b89169b0a0 .param/l "ADDR_STATUS_REG" 1 5 67, C4<00100>;
P_000002b89169b0d8 .param/l "ADDR_VERSION" 1 5 70, C4<10000>;
P_000002b89169b110 .param/l "C_S_AXI_ADDR_WIDTH" 0 5 13, +C4<00000000000000000000000000000110>;
P_000002b89169b148 .param/l "C_S_AXI_DATA_WIDTH" 0 5 12, +C4<00000000000000000000000000100000>;
P_000002b89169b180 .param/l "VERSION_ID" 1 5 86, C4<00100000001001100000000100010111>;
v000002b8920798e0_0 .net "clk", 0 0, v000002b8922856e0_0;  alias, 1 drivers
v000002b892079a20_0 .net "i_ap_done", 0 0, v000002b89226c5a0_0;  alias, 1 drivers
v000002b892079ac0_0 .net "i_ap_idle", 0 0, v000002b89226e3a0_0;  alias, 1 drivers
v000002b892079c00_0 .net "i_dbg0", 31 0, L_000002b892344d10;  alias, 1 drivers
v000002b89207b1e0_0 .net "i_dbg1", 31 0, L_000002b8923437d0;  alias, 1 drivers
v000002b89207aec0_0 .net "i_dbg2", 31 0, L_000002b892344630;  alias, 1 drivers
v000002b89207ab00_0 .net "i_dbg3", 31 0, L_000002b8923444f0;  alias, 1 drivers
v000002b89207ae20_0 .var "o_ap_start", 0 0;
v000002b89207aba0_0 .net "o_cfg_acc_mode", 0 0, L_000002b892286720;  alias, 1 drivers
v000002b89207ace0_0 .net "o_cfg_compute_cycles", 31 0, v000002b8920757e0_0;  alias, 1 drivers
v000002b89207af60_0 .var "o_dbg_clr", 0 0;
v000002b89207ad80_0 .var "o_dbg_snap", 0 0;
v000002b89207b140_0 .net "o_output_en", 0 0, L_000002b892286d60;  alias, 1 drivers
v000002b89207ac40_0 .net "o_ppu_bias", 31 0, v000002b892075880_0;  alias, 1 drivers
v000002b89207b000_0 .net "o_ppu_mult", 15 0, L_000002b892286c20;  alias, 1 drivers
v000002b89207b0a0_0 .net "o_ppu_shift", 4 0, L_000002b8922867c0;  alias, 1 drivers
v000002b892073c60_0 .net "o_ppu_zp", 7 0, L_000002b892285820;  alias, 1 drivers
v000002b892075a60_0 .net "o_soft_rst_n", 0 0, L_000002b892285be0;  alias, 1 drivers
v000002b892074a20_0 .var "reg_cfg_acc", 31 0;
v000002b8920757e0_0 .var "reg_cfg_k", 31 0;
v000002b892073e40_0 .var "reg_ctrl", 31 0;
v000002b892074ac0_0 .var "reg_dbg0", 31 0;
v000002b892073300_0 .var "reg_dbg1", 31 0;
v000002b8920748e0_0 .var "reg_dbg2", 31 0;
v000002b892073d00_0 .var "reg_dbg3", 31 0;
v000002b892074980_0 .var "reg_output_en", 31 0;
v000002b892075880_0 .var "reg_ppu_bias", 31 0;
v000002b892073ee0_0 .var "reg_ppu_mult", 31 0;
v000002b892074b60_0 .var "reg_ppu_shift", 31 0;
v000002b892074e80_0 .var "reg_ppu_zp", 31 0;
v000002b892074d40_0 .var "reg_status", 31 0;
v000002b8920747a0_0 .net "rst_n", 0 0, v000002b8922853c0_0;  alias, 1 drivers
v000002b8920756a0_0 .net "s_axi_araddr", 5 0, v000002b892286360_0;  alias, 1 drivers
v000002b892074520_0 .var "s_axi_arready", 0 0;
v000002b892075240_0 .net "s_axi_arvalid", 0 0, v000002b892286a40_0;  alias, 1 drivers
v000002b8920759c0_0 .net "s_axi_awaddr", 5 0, v000002b892286ea0_0;  alias, 1 drivers
v000002b892073b20_0 .var "s_axi_awready", 0 0;
v000002b892074c00_0 .net "s_axi_awvalid", 0 0, v000002b892285fa0_0;  alias, 1 drivers
v000002b892074020_0 .net "s_axi_bready", 0 0, v000002b892285780_0;  alias, 1 drivers
v000002b892074840_0 .net "s_axi_bresp", 1 0, L_000002b8922eb028;  alias, 1 drivers
v000002b8920736c0_0 .var "s_axi_bvalid", 0 0;
v000002b892073da0_0 .var "s_axi_rdata", 31 0;
v000002b8920733a0_0 .net "s_axi_rready", 0 0, v000002b892285dc0_0;  alias, 1 drivers
v000002b892073f80_0 .net "s_axi_rresp", 1 0, L_000002b8922eb070;  alias, 1 drivers
v000002b892074ca0_0 .var "s_axi_rvalid", 0 0;
v000002b892074de0_0 .net "s_axi_wdata", 31 0, v000002b8922864a0_0;  alias, 1 drivers
v000002b892073a80_0 .var "s_axi_wready", 0 0;
v000002b8920745c0_0 .net "s_axi_wstrb", 3 0, v000002b892286680_0;  alias, 1 drivers
v000002b892074f20_0 .net "s_axi_wvalid", 0 0, v000002b892285960_0;  alias, 1 drivers
E_000002b892089e10/0 .event negedge, v000002b8920747a0_0;
E_000002b892089e10/1 .event posedge, v000002b8920798e0_0;
E_000002b892089e10 .event/or E_000002b892089e10/0, E_000002b892089e10/1;
L_000002b892285be0 .part v000002b892073e40_0, 1, 1;
L_000002b892286720 .part v000002b892074a20_0, 0, 1;
L_000002b892286c20 .part v000002b892073ee0_0, 0, 16;
L_000002b8922867c0 .part v000002b892074b60_0, 0, 5;
L_000002b892285820 .part v000002b892074e80_0, 0, 8;
L_000002b892286d60 .part v000002b892074980_0, 0, 1;
S_000002b89207c3f0 .scope module, "u_core" "deit_core" 4 188, 6 10 0, S_000002b89207c0d0;
 .timescale -9 -12;
    .port_info 0 /INPUT 1 "clk";
    .port_info 1 /INPUT 1 "rst_n";
    .port_info 2 /INPUT 1 "ap_start";
    .port_info 3 /INPUT 32 "cfg_compute_cycles";
    .port_info 4 /INPUT 1 "cfg_acc_mode";
    .port_info 5 /OUTPUT 1 "ap_done";
    .port_info 6 /OUTPUT 1 "ap_idle";
    .port_info 7 /INPUT 96 "in_act_vec";
    .port_info 8 /INPUT 128 "in_weight_vec";
    .port_info 9 /INPUT 1 "i_weight_valid";
    .port_info 10 /INPUT 1 "i_weight_dma_beat";
    .port_info 11 /INPUT 1 "i_input_valid";
    .port_info 12 /INPUT 1 "i_dbg_clr";
    .port_info 13 /OUTPUT 512 "out_acc_vec";
    .port_info 14 /OUTPUT 1 "ctrl_weight_load_en";
    .port_info 15 /OUTPUT 1 "ctrl_weight_dma_req";
    .port_info 16 /OUTPUT 1 "ctrl_input_stream_en";
    .port_info 17 /OUTPUT 1 "dbg_acc_wr_en";
    .port_info 18 /OUTPUT 8 "dbg_acc_addr";
    .port_info 19 /OUTPUT 32 "dbg_aligned_col0";
    .port_info 20 /OUTPUT 32 "dbg_aligned_col15";
    .port_info 21 /OUTPUT 32 "dbg_raw_col0";
    .port_info 22 /OUTPUT 3 "dbg_ctrl_state";
    .port_info 23 /OUTPUT 32 "dbg_cnt_load";
    .port_info 24 /OUTPUT 32 "dbg_cnt_seq";
    .port_info 25 /OUTPUT 32 "dbg_cnt_drain";
    .port_info 26 /OUTPUT 32 "dbg_weight_beat_cnt";
P_000002b891d83160 .param/l "ADDR_WIDTH" 0 6 12, +C4<00000000000000000000000000001000>;
P_000002b891d83198 .param/l "LATENCY_CFG" 0 6 11, +C4<00000000000000000000000000011011>;
L_000002b89238cd20 .functor AND 1, L_000002b892359210, L_000002b892358130, C4<1>, C4<1>;
L_000002b89238c310 .functor BUFZ 1, L_000002b89238cd20, C4<0>, C4<0>, C4<0>;
L_000002b89238caf0 .functor BUFZ 8, v000002b89226f8e0_0, C4<00000000>, C4<00000000>, C4<00000000>;
v000002b89226e4e0_0 .net *"_ivl_64", 0 0, L_000002b892358130;  1 drivers
v000002b89226f8e0_0 .var "acc_addr", 7 0;
v000002b892270c40_0 .var "acc_cnt", 31 0;
v000002b89226ed00_0 .net "acc_wr_en", 0 0, L_000002b89238cd20;  1 drivers
v000002b89226fa20_0 .net "acc_wr_en_raw", 0 0, L_000002b892359210;  1 drivers
v000002b8922704c0_0 .net "aligned_out_vec", 511 0, L_000002b892348d70;  1 drivers
v000002b892270a60_0 .net "ap_done", 0 0, v000002b89226c5a0_0;  alias, 1 drivers
v000002b89226fe80_0 .net "ap_idle", 0 0, v000002b89226e3a0_0;  alias, 1 drivers
v000002b89226f0c0_0 .net "ap_start", 0 0, v000002b89207ae20_0;  alias, 1 drivers
v000002b892270ba0_0 .net "array_raw_out", 511 0, L_000002b892358770;  1 drivers
v000002b8922702e0_0 .net "cfg_acc_mode", 0 0, L_000002b892286720;  alias, 1 drivers
v000002b892270920_0 .net "cfg_compute_cycles", 31 0, v000002b8920757e0_0;  alias, 1 drivers
v000002b89226fd40_0 .net "clk", 0 0, v000002b8922856e0_0;  alias, 1 drivers
v000002b892270e20_0 .net "ctrl_drain_en_unused", 0 0, v000002b89226c460_0;  1 drivers
v000002b892270b00_0 .net "ctrl_input_stream_en", 0 0, v000002b89226d0e0_0;  alias, 1 drivers
v000002b89226fc00_0 .net "ctrl_weight_dma_req", 0 0, v000002b89226c320_0;  alias, 1 drivers
v000002b892270060_0 .net "ctrl_weight_load_en", 0 0, v000002b89226d040_0;  alias, 1 drivers
v000002b89226e940_0 .var "ctrl_weight_load_en_d", 0 0;
v000002b89226ebc0_0 .net "dbg_acc_addr", 7 0, L_000002b89238caf0;  alias, 1 drivers
v000002b89226f520_0 .net "dbg_acc_wr_en", 0 0, L_000002b89238c310;  1 drivers
v000002b892270ce0_0 .net "dbg_aligned_col0", 31 0, L_000002b89235ba10;  1 drivers
v000002b892270600_0 .net "dbg_aligned_col15", 31 0, L_000002b89235aa70;  1 drivers
v000002b89226f5c0_0 .net "dbg_cnt_drain", 31 0, v000002b89226d9a0_0;  alias, 1 drivers
v000002b89226eda0_0 .net "dbg_cnt_load", 31 0, v000002b89226e760_0;  alias, 1 drivers
v000002b892270880_0 .net "dbg_cnt_seq", 31 0, v000002b89226da40_0;  alias, 1 drivers
v000002b89226f3e0_0 .net "dbg_ctrl_state", 2 0, v000002b89226c8c0_0;  alias, 1 drivers
v000002b89226e9e0_0 .net "dbg_raw_col0", 31 0, L_000002b892359cb0;  1 drivers
v000002b89226eb20_0 .net "dbg_weight_beat_cnt", 31 0, v000002b89226c960_0;  alias, 1 drivers
v000002b892270560_0 .net "i_dbg_clr", 0 0, v000002b89207af60_0;  alias, 1 drivers
v000002b89226fca0_0 .net "i_input_valid", 0 0, v000002b892270100_0;  alias, 1 drivers
v000002b89226f2a0_0 .net "i_weight_dma_beat", 0 0, L_000002b892070b70;  alias, 1 drivers
v000002b89226fde0_0 .net "i_weight_valid", 0 0, v000002b89227e0c0_0;  alias, 1 drivers
v000002b89226ee40_0 .var "i_weight_valid_d", 0 0;
v000002b89226fb60_0 .net "in_act_vec", 95 0, L_000002b892285320;  alias, 1 drivers
v000002b89226f980_0 .net "in_weight_vec", 127 0, L_000002b892070470;  alias, 1 drivers
v000002b8922709c0_0 .var "in_weight_vec_d", 127 0;
v000002b89226f020_0 .net "out_acc_vec", 511 0, L_000002b89235abb0;  alias, 1 drivers
v000002b89226f7a0_0 .var "row_load_cnt", 4 0;
v000002b8922706a0_0 .var "row_load_en", 11 0;
v000002b89226ffc0_0 .net "rst_n", 0 0, L_000002b8920707f0;  alias, 1 drivers
L_000002b8922eb268 .functor BUFT 1, C4<1>, C4<0>, C4<0>, C4<0>;
v000002b89226f160_0 .net "safe_compute_en", 0 0, L_000002b8922eb268;  1 drivers
v000002b89226f660_0 .net "skewed_in_act_vec", 95 0, L_000002b8923489b0;  1 drivers
v000002b89226ea80_0 .var "valid_delay_line", 26 0;
L_000002b8922858c0 .part L_000002b892285320, 0, 8;
LS_000002b8923489b0_0_0 .concat8 [ 8 8 8 8], L_000002b8922858c0, L_000002b892285aa0, L_000002b892348c30, L_000002b8923494f0;
LS_000002b8923489b0_0_4 .concat8 [ 8 8 8 8], L_000002b89234a0d0, L_000002b892348230, L_000002b89234a850, L_000002b89234a490;
LS_000002b8923489b0_0_8 .concat8 [ 8 8 8 8], L_000002b892348550, L_000002b8923480f0, L_000002b892348f50, L_000002b892348ff0;
L_000002b8923489b0 .concat8 [ 32 32 32 0], LS_000002b8923489b0_0_0, LS_000002b8923489b0_0_4, LS_000002b8923489b0_0_8;
LS_000002b892348d70_0_0 .concat8 [ 32 32 32 32], L_000002b892349090, L_000002b892349130, L_000002b892348af0, L_000002b8923493b0;
LS_000002b892348d70_0_4 .concat8 [ 32 32 32 32], L_000002b892349590, L_000002b892348730, L_000002b89234a5d0, L_000002b892349c70;
LS_000002b892348d70_0_8 .concat8 [ 32 32 32 32], L_000002b892349ef0, L_000002b892348cd0, L_000002b8923499f0, L_000002b892349950;
LS_000002b892348d70_0_12 .concat8 [ 32 32 32 32], L_000002b89234a210, L_000002b89234a7b0, L_000002b892349630, L_000002b8923487d0;
L_000002b892348d70 .concat8 [ 128 128 128 128], LS_000002b892348d70_0_0, LS_000002b892348d70_0_4, LS_000002b892348d70_0_8, LS_000002b892348d70_0_12;
L_000002b8923487d0 .part L_000002b892358770, 480, 32;
L_000002b892359210 .part v000002b89226ea80_0, 26, 1;
L_000002b892358130 .cmp/gt 32, v000002b8920757e0_0, v000002b892270c40_0;
L_000002b89235ba10 .part L_000002b892348d70, 0, 32;
L_000002b89235aa70 .part L_000002b892348d70, 480, 32;
L_000002b892359cb0 .part L_000002b892358770, 0, 32;
S_000002b89207b770 .scope generate, "IN_SKEW[0]" "IN_SKEW[0]" 6 136, 6 136 0, S_000002b89207c3f0;
 .timescale -9 -12;
P_000002b89208b790 .param/l "r" 0 6 136, +C4<00>;
S_000002b89207b900 .scope generate, "genblk1" "genblk1" 6 137, 6 137 0, S_000002b89207b770;
 .timescale -9 -12;
v000002b892074fc0_0 .net *"_ivl_0", 7 0, L_000002b8922858c0;  1 drivers
S_000002b89207ba90 .scope generate, "IN_SKEW[1]" "IN_SKEW[1]" 6 136, 6 136 0, S_000002b89207c3f0;
 .timescale -9 -12;
P_000002b89208b7d0 .param/l "r" 0 6 136, +C4<01>;
S_000002b89207bc20 .scope generate, "genblk1" "genblk1" 6 137, 6 137 0, S_000002b89207ba90;
 .timescale -9 -12;
v000002b8920740c0_0 .net *"_ivl_1", 7 0, L_000002b892285aa0;  1 drivers
v000002b892074340_0 .var "delay_chain", 7 0;
E_000002b89208b550/0 .event negedge, v000002b892077e00_0;
E_000002b89208b550/1 .event posedge, v000002b8920798e0_0;
E_000002b89208b550 .event/or E_000002b89208b550/0, E_000002b89208b550/1;
L_000002b892285aa0 .part v000002b892074340_0, 0, 8;
S_000002b89207bdb0 .scope generate, "IN_SKEW[2]" "IN_SKEW[2]" 6 136, 6 136 0, S_000002b89207c3f0;
 .timescale -9 -12;
P_000002b89208b810 .param/l "r" 0 6 136, +C4<010>;
S_000002b89207d590 .scope generate, "genblk1" "genblk1" 6 137, 6 137 0, S_000002b89207bdb0;
 .timescale -9 -12;
v000002b8920743e0_0 .net *"_ivl_1", 7 0, L_000002b892348c30;  1 drivers
v000002b8920738a0_0 .var "delay_chain", 15 0;
L_000002b892348c30 .part v000002b8920738a0_0, 8, 8;
S_000002b89207cf50 .scope generate, "IN_SKEW[3]" "IN_SKEW[3]" 6 136, 6 136 0, S_000002b89207c3f0;
 .timescale -9 -12;
P_000002b89208b8d0 .param/l "r" 0 6 136, +C4<011>;
S_000002b89207d0e0 .scope generate, "genblk1" "genblk1" 6 137, 6 137 0, S_000002b89207cf50;
 .timescale -9 -12;
v000002b8920739e0_0 .net *"_ivl_1", 7 0, L_000002b8923494f0;  1 drivers
v000002b892073940_0 .var "delay_chain", 23 0;
L_000002b8923494f0 .part v000002b892073940_0, 16, 8;
S_000002b89207e3a0 .scope generate, "IN_SKEW[4]" "IN_SKEW[4]" 6 136, 6 136 0, S_000002b89207c3f0;
 .timescale -9 -12;
P_000002b89208b910 .param/l "r" 0 6 136, +C4<0100>;
S_000002b89207e530 .scope generate, "genblk1" "genblk1" 6 137, 6 137 0, S_000002b89207e3a0;
 .timescale -9 -12;
v000002b892073440_0 .net *"_ivl_1", 7 0, L_000002b89234a0d0;  1 drivers
v000002b892075060_0 .var "delay_chain", 31 0;
L_000002b89234a0d0 .part v000002b892075060_0, 24, 8;
S_000002b89207cdc0 .scope generate, "IN_SKEW[5]" "IN_SKEW[5]" 6 136, 6 136 0, S_000002b89207c3f0;
 .timescale -9 -12;
P_000002b89208b950 .param/l "r" 0 6 136, +C4<0101>;
S_000002b89207c910 .scope generate, "genblk1" "genblk1" 6 137, 6 137 0, S_000002b89207cdc0;
 .timescale -9 -12;
v000002b892074160_0 .net *"_ivl_1", 7 0, L_000002b892348230;  1 drivers
v000002b892075100_0 .var "delay_chain", 39 0;
L_000002b892348230 .part v000002b892075100_0, 32, 8;
S_000002b89207c780 .scope generate, "IN_SKEW[6]" "IN_SKEW[6]" 6 136, 6 136 0, S_000002b89207c3f0;
 .timescale -9 -12;
P_000002b89208b990 .param/l "r" 0 6 136, +C4<0110>;
S_000002b89207d270 .scope generate, "genblk1" "genblk1" 6 137, 6 137 0, S_000002b89207c780;
 .timescale -9 -12;
v000002b892075560_0 .net *"_ivl_1", 7 0, L_000002b89234a850;  1 drivers
v000002b892074480_0 .var "delay_chain", 47 0;
L_000002b89234a850 .part v000002b892074480_0, 40, 8;
S_000002b89207caa0 .scope generate, "IN_SKEW[7]" "IN_SKEW[7]" 6 136, 6 136 0, S_000002b89207c3f0;
 .timescale -9 -12;
P_000002b89208b9d0 .param/l "r" 0 6 136, +C4<0111>;
S_000002b89207cc30 .scope generate, "genblk1" "genblk1" 6 137, 6 137 0, S_000002b89207caa0;
 .timescale -9 -12;
v000002b8920751a0_0 .net *"_ivl_1", 7 0, L_000002b89234a490;  1 drivers
v000002b892075600_0 .var "delay_chain", 55 0;
L_000002b89234a490 .part v000002b892075600_0, 48, 8;
S_000002b89207dd60 .scope generate, "IN_SKEW[8]" "IN_SKEW[8]" 6 136, 6 136 0, S_000002b89207c3f0;
 .timescale -9 -12;
P_000002b89208c650 .param/l "r" 0 6 136, +C4<01000>;
S_000002b89207d720 .scope generate, "genblk1" "genblk1" 6 137, 6 137 0, S_000002b89207dd60;
 .timescale -9 -12;
v000002b892073bc0_0 .net *"_ivl_1", 7 0, L_000002b892348550;  1 drivers
v000002b892074200_0 .var "delay_chain", 63 0;
L_000002b892348550 .part v000002b892074200_0, 56, 8;
S_000002b89207d400 .scope generate, "IN_SKEW[9]" "IN_SKEW[9]" 6 136, 6 136 0, S_000002b89207c3f0;
 .timescale -9 -12;
P_000002b89208c990 .param/l "r" 0 6 136, +C4<01001>;
S_000002b89207d8b0 .scope generate, "genblk1" "genblk1" 6 137, 6 137 0, S_000002b89207d400;
 .timescale -9 -12;
v000002b8920742a0_0 .net *"_ivl_1", 7 0, L_000002b8923480f0;  1 drivers
v000002b892074660_0 .var "delay_chain", 71 0;
L_000002b8923480f0 .part v000002b892074660_0, 64, 8;
S_000002b89207def0 .scope generate, "IN_SKEW[10]" "IN_SKEW[10]" 6 136, 6 136 0, S_000002b89207c3f0;
 .timescale -9 -12;
P_000002b89208cc50 .param/l "r" 0 6 136, +C4<01010>;
S_000002b89207e080 .scope generate, "genblk1" "genblk1" 6 137, 6 137 0, S_000002b89207def0;
 .timescale -9 -12;
v000002b8920752e0_0 .net *"_ivl_1", 7 0, L_000002b892348f50;  1 drivers
v000002b892074700_0 .var "delay_chain", 79 0;
L_000002b892348f50 .part v000002b892074700_0, 72, 8;
S_000002b89207da40 .scope generate, "IN_SKEW[11]" "IN_SKEW[11]" 6 136, 6 136 0, S_000002b89207c3f0;
 .timescale -9 -12;
P_000002b89208cad0 .param/l "r" 0 6 136, +C4<01011>;
S_000002b89207dbd0 .scope generate, "genblk1" "genblk1" 6 137, 6 137 0, S_000002b89207da40;
 .timescale -9 -12;
v000002b892075920_0 .net *"_ivl_1", 7 0, L_000002b892348ff0;  1 drivers
v000002b892075420_0 .var "delay_chain", 87 0;
L_000002b892348ff0 .part v000002b892075420_0, 80, 8;
S_000002b89207e210 .scope generate, "OUT_DESKEW[0]" "OUT_DESKEW[0]" 6 176, 6 176 0, S_000002b89207c3f0;
 .timescale -9 -12;
P_000002b891d82c60 .param/l "DELAY_NEEDED" 1 6 177, +C4<00000000000000000000000000001111>;
P_000002b891d82c98 .param/l "c" 0 6 176, +C4<00>;
S_000002b892166640 .scope generate, "genblk1" "genblk1" 6 179, 6 179 0, S_000002b89207e210;
 .timescale -9 -12;
v000002b892075380_0 .net *"_ivl_1", 31 0, L_000002b892349090;  1 drivers
v000002b8920754c0_0 .var "out_delay_chain", 479 0;
L_000002b892349090 .part v000002b8920754c0_0, 448, 32;
S_000002b892166320 .scope generate, "OUT_DESKEW[1]" "OUT_DESKEW[1]" 6 176, 6 176 0, S_000002b89207c3f0;
 .timescale -9 -12;
P_000002b891d831e0 .param/l "DELAY_NEEDED" 1 6 177, +C4<00000000000000000000000000001110>;
P_000002b891d83218 .param/l "c" 0 6 176, +C4<01>;
S_000002b8921667d0 .scope generate, "genblk1" "genblk1" 6 179, 6 179 0, S_000002b892166320;
 .timescale -9 -12;
v000002b892075740_0 .net *"_ivl_1", 31 0, L_000002b892349130;  1 drivers
v000002b8920734e0_0 .var "out_delay_chain", 447 0;
L_000002b892349130 .part v000002b8920734e0_0, 416, 32;
S_000002b8921659c0 .scope generate, "OUT_DESKEW[2]" "OUT_DESKEW[2]" 6 176, 6 176 0, S_000002b89207c3f0;
 .timescale -9 -12;
P_000002b891d83be0 .param/l "DELAY_NEEDED" 1 6 177, +C4<00000000000000000000000000001101>;
P_000002b891d83c18 .param/l "c" 0 6 176, +C4<010>;
S_000002b892165830 .scope generate, "genblk1" "genblk1" 6 179, 6 179 0, S_000002b8921659c0;
 .timescale -9 -12;
v000002b892073580_0 .net *"_ivl_1", 31 0, L_000002b892348af0;  1 drivers
v000002b892073620_0 .var "out_delay_chain", 415 0;
L_000002b892348af0 .part v000002b892073620_0, 384, 32;
S_000002b8921664b0 .scope generate, "OUT_DESKEW[3]" "OUT_DESKEW[3]" 6 176, 6 176 0, S_000002b89207c3f0;
 .timescale -9 -12;
P_000002b891d82260 .param/l "DELAY_NEEDED" 1 6 177, +C4<00000000000000000000000000001100>;
P_000002b891d82298 .param/l "c" 0 6 176, +C4<011>;
S_000002b892166e10 .scope generate, "genblk1" "genblk1" 6 179, 6 179 0, S_000002b8921664b0;
 .timescale -9 -12;
v000002b892073760_0 .net *"_ivl_1", 31 0, L_000002b8923493b0;  1 drivers
v000002b892073800_0 .var "out_delay_chain", 383 0;
L_000002b8923493b0 .part v000002b892073800_0, 352, 32;
S_000002b892166000 .scope generate, "OUT_DESKEW[4]" "OUT_DESKEW[4]" 6 176, 6 176 0, S_000002b89207c3f0;
 .timescale -9 -12;
P_000002b891d827e0 .param/l "DELAY_NEEDED" 1 6 177, +C4<00000000000000000000000000001011>;
P_000002b891d82818 .param/l "c" 0 6 176, +C4<0100>;
S_000002b892165ce0 .scope generate, "genblk1" "genblk1" 6 179, 6 179 0, S_000002b892166000;
 .timescale -9 -12;
v000002b892076e60_0 .net *"_ivl_1", 31 0, L_000002b892349590;  1 drivers
v000002b892077c20_0 .var "out_delay_chain", 351 0;
L_000002b892349590 .part v000002b892077c20_0, 320, 32;
S_000002b892165060 .scope generate, "OUT_DESKEW[5]" "OUT_DESKEW[5]" 6 176, 6 176 0, S_000002b89207c3f0;
 .timescale -9 -12;
P_000002b891d83260 .param/l "DELAY_NEEDED" 1 6 177, +C4<00000000000000000000000000001010>;
P_000002b891d83298 .param/l "c" 0 6 176, +C4<0101>;
S_000002b892166960 .scope generate, "genblk1" "genblk1" 6 179, 6 179 0, S_000002b892165060;
 .timescale -9 -12;
v000002b892076780_0 .net *"_ivl_1", 31 0, L_000002b892348730;  1 drivers
v000002b892076640_0 .var "out_delay_chain", 319 0;
L_000002b892348730 .part v000002b892076640_0, 288, 32;
S_000002b892166af0 .scope generate, "OUT_DESKEW[6]" "OUT_DESKEW[6]" 6 176, 6 176 0, S_000002b89207c3f0;
 .timescale -9 -12;
P_000002b891d834e0 .param/l "DELAY_NEEDED" 1 6 177, +C4<00000000000000000000000000001001>;
P_000002b891d83518 .param/l "c" 0 6 176, +C4<0110>;
S_000002b892166c80 .scope generate, "genblk1" "genblk1" 6 179, 6 179 0, S_000002b892166af0;
 .timescale -9 -12;
v000002b892077a40_0 .net *"_ivl_1", 31 0, L_000002b89234a5d0;  1 drivers
v000002b892075ba0_0 .var "out_delay_chain", 287 0;
L_000002b89234a5d0 .part v000002b892075ba0_0, 256, 32;
S_000002b892165b50 .scope generate, "OUT_DESKEW[7]" "OUT_DESKEW[7]" 6 176, 6 176 0, S_000002b89207c3f0;
 .timescale -9 -12;
P_000002b891d830e0 .param/l "DELAY_NEEDED" 1 6 177, +C4<00000000000000000000000000001000>;
P_000002b891d83118 .param/l "c" 0 6 176, +C4<0111>;
S_000002b8921651f0 .scope generate, "genblk1" "genblk1" 6 179, 6 179 0, S_000002b892165b50;
 .timescale -9 -12;
v000002b892076460_0 .net *"_ivl_1", 31 0, L_000002b892349c70;  1 drivers
v000002b8920779a0_0 .var "out_delay_chain", 255 0;
L_000002b892349c70 .part v000002b8920779a0_0, 224, 32;
S_000002b892165e70 .scope generate, "OUT_DESKEW[8]" "OUT_DESKEW[8]" 6 176, 6 176 0, S_000002b89207c3f0;
 .timescale -9 -12;
P_000002b891d838e0 .param/l "DELAY_NEEDED" 1 6 177, +C4<00000000000000000000000000000111>;
P_000002b891d83918 .param/l "c" 0 6 176, +C4<01000>;
S_000002b892165380 .scope generate, "genblk1" "genblk1" 6 179, 6 179 0, S_000002b892165e70;
 .timescale -9 -12;
v000002b892078080_0 .net *"_ivl_1", 31 0, L_000002b892349ef0;  1 drivers
v000002b892077cc0_0 .var "out_delay_chain", 223 0;
L_000002b892349ef0 .part v000002b892077cc0_0, 192, 32;
S_000002b892166190 .scope generate, "OUT_DESKEW[9]" "OUT_DESKEW[9]" 6 176, 6 176 0, S_000002b89207c3f0;
 .timescale -9 -12;
P_000002b891d82ce0 .param/l "DELAY_NEEDED" 1 6 177, +C4<00000000000000000000000000000110>;
P_000002b891d82d18 .param/l "c" 0 6 176, +C4<01001>;
S_000002b892165510 .scope generate, "genblk1" "genblk1" 6 179, 6 179 0, S_000002b892166190;
 .timescale -9 -12;
v000002b892076500_0 .net *"_ivl_1", 31 0, L_000002b892348cd0;  1 drivers
v000002b892077ae0_0 .var "out_delay_chain", 191 0;
L_000002b892348cd0 .part v000002b892077ae0_0, 160, 32;
S_000002b8921656a0 .scope generate, "OUT_DESKEW[10]" "OUT_DESKEW[10]" 6 176, 6 176 0, S_000002b89207c3f0;
 .timescale -9 -12;
P_000002b891d83de0 .param/l "DELAY_NEEDED" 1 6 177, +C4<00000000000000000000000000000101>;
P_000002b891d83e18 .param/l "c" 0 6 176, +C4<01010>;
S_000002b892168b00 .scope generate, "genblk1" "genblk1" 6 179, 6 179 0, S_000002b8921656a0;
 .timescale -9 -12;
v000002b892076140_0 .net *"_ivl_1", 31 0, L_000002b8923499f0;  1 drivers
v000002b8920765a0_0 .var "out_delay_chain", 159 0;
L_000002b8923499f0 .part v000002b8920765a0_0, 128, 32;
S_000002b8921679d0 .scope generate, "OUT_DESKEW[11]" "OUT_DESKEW[11]" 6 176, 6 176 0, S_000002b89207c3f0;
 .timescale -9 -12;
P_000002b891d83d60 .param/l "DELAY_NEEDED" 1 6 177, +C4<00000000000000000000000000000100>;
P_000002b891d83d98 .param/l "c" 0 6 176, +C4<01011>;
S_000002b892167840 .scope generate, "genblk1" "genblk1" 6 179, 6 179 0, S_000002b8921679d0;
 .timescale -9 -12;
v000002b892077b80_0 .net *"_ivl_1", 31 0, L_000002b892349950;  1 drivers
v000002b8920774a0_0 .var "out_delay_chain", 127 0;
L_000002b892349950 .part v000002b8920774a0_0, 96, 32;
S_000002b8921684c0 .scope generate, "OUT_DESKEW[12]" "OUT_DESKEW[12]" 6 176, 6 176 0, S_000002b89207c3f0;
 .timescale -9 -12;
P_000002b891d824e0 .param/l "DELAY_NEEDED" 1 6 177, +C4<00000000000000000000000000000011>;
P_000002b891d82518 .param/l "c" 0 6 176, +C4<01100>;
S_000002b892168e20 .scope generate, "genblk1" "genblk1" 6 179, 6 179 0, S_000002b8921684c0;
 .timescale -9 -12;
v000002b8920766e0_0 .net *"_ivl_1", 31 0, L_000002b89234a210;  1 drivers
v000002b892076dc0_0 .var "out_delay_chain", 95 0;
L_000002b89234a210 .part v000002b892076dc0_0, 64, 32;
S_000002b892168010 .scope generate, "OUT_DESKEW[13]" "OUT_DESKEW[13]" 6 176, 6 176 0, S_000002b89207c3f0;
 .timescale -9 -12;
P_000002b891d82560 .param/l "DELAY_NEEDED" 1 6 177, +C4<00000000000000000000000000000010>;
P_000002b891d82598 .param/l "c" 0 6 176, +C4<01101>;
S_000002b892168650 .scope generate, "genblk1" "genblk1" 6 179, 6 179 0, S_000002b892168010;
 .timescale -9 -12;
v000002b892076f00_0 .net *"_ivl_1", 31 0, L_000002b89234a7b0;  1 drivers
v000002b8920761e0_0 .var "out_delay_chain", 63 0;
L_000002b89234a7b0 .part v000002b8920761e0_0, 32, 32;
S_000002b892167520 .scope generate, "OUT_DESKEW[14]" "OUT_DESKEW[14]" 6 176, 6 176 0, S_000002b89207c3f0;
 .timescale -9 -12;
P_000002b891d828e0 .param/l "DELAY_NEEDED" 1 6 177, +C4<00000000000000000000000000000001>;
P_000002b891d82918 .param/l "c" 0 6 176, +C4<01110>;
S_000002b892167b60 .scope generate, "genblk1" "genblk1" 6 179, 6 179 0, S_000002b892167520;
 .timescale -9 -12;
v000002b892077040_0 .net *"_ivl_1", 31 0, L_000002b892349630;  1 drivers
v000002b8920781c0_0 .var "out_delay_chain", 31 0;
L_000002b892349630 .part v000002b8920781c0_0, 0, 32;
S_000002b892167cf0 .scope generate, "OUT_DESKEW[15]" "OUT_DESKEW[15]" 6 176, 6 176 0, S_000002b89207c3f0;
 .timescale -9 -12;
P_000002b891d825e0 .param/l "DELAY_NEEDED" 1 6 177, +C4<00000000000000000000000000000000>;
P_000002b891d82618 .param/l "c" 0 6 176, +C4<01111>;
S_000002b892167200 .scope generate, "genblk1" "genblk1" 6 179, 6 179 0, S_000002b892167cf0;
 .timescale -9 -12;
v000002b892076000_0 .net *"_ivl_0", 31 0, L_000002b8923487d0;  1 drivers
S_000002b8921681a0 .scope module, "u_accum" "accumulator_bank" 6 251, 7 10 0, S_000002b89207c3f0;
 .timescale -9 -12;
    .port_info 0 /INPUT 1 "clk";
    .port_info 1 /INPUT 1 "rst_n";
    .port_info 2 /INPUT 8 "addr";
    .port_info 3 /INPUT 1 "wr_en";
    .port_info 4 /INPUT 1 "acc_mode";
    .port_info 5 /INPUT 512 "in_psum_vec";
    .port_info 6 /OUTPUT 512 "out_acc_vec";
P_000002b89208c3d0 .param/l "ADDR_WIDTH" 0 7 11, +C4<00000000000000000000000000001000>;
v000002b891ee7530_0 .net "acc_mode", 0 0, L_000002b892286720;  alias, 1 drivers
v000002b891ee77b0_0 .net "addr", 7 0, v000002b89226f8e0_0;  1 drivers
v000002b891ee7990_0 .net "clk", 0 0, v000002b8922856e0_0;  alias, 1 drivers
v000002b891ee7ad0_0 .net "in_psum_vec", 511 0, L_000002b892348d70;  alias, 1 drivers
v000002b891ee7d50_0 .net "out_acc_vec", 511 0, L_000002b89235abb0;  alias, 1 drivers
v000002b891ee68b0_0 .net "rst_n", 0 0, L_000002b8920707f0;  alias, 1 drivers
v000002b891ee6950_0 .net "wr_en", 0 0, L_000002b89238cd20;  alias, 1 drivers
L_000002b892359490 .part L_000002b892348d70, 0, 32;
L_000002b892359670 .part L_000002b892348d70, 32, 32;
L_000002b8923586d0 .part L_000002b892348d70, 64, 32;
L_000002b8923579b0 .part L_000002b892348d70, 96, 32;
L_000002b892358810 .part L_000002b892348d70, 128, 32;
L_000002b892358a90 .part L_000002b892348d70, 160, 32;
L_000002b89235aed0 .part L_000002b892348d70, 192, 32;
L_000002b89235ad90 .part L_000002b892348d70, 224, 32;
L_000002b89235a2f0 .part L_000002b892348d70, 256, 32;
L_000002b89235b3d0 .part L_000002b892348d70, 288, 32;
L_000002b89235bb50 .part L_000002b892348d70, 320, 32;
L_000002b892359d50 .part L_000002b892348d70, 352, 32;
L_000002b89235bfb0 .part L_000002b892348d70, 384, 32;
L_000002b89235b6f0 .part L_000002b892348d70, 416, 32;
L_000002b89235a570 .part L_000002b892348d70, 448, 32;
L_000002b89235b330 .part L_000002b892348d70, 480, 32;
LS_000002b89235abb0_0_0 .concat8 [ 32 32 32 32], L_000002b89238ce00, L_000002b89238d960, L_000002b89238d490, L_000002b89238d5e0;
LS_000002b89235abb0_0_4 .concat8 [ 32 32 32 32], L_000002b89238d500, L_000002b89238cfc0, L_000002b89238d180, L_000002b89238c770;
LS_000002b89235abb0_0_8 .concat8 [ 32 32 32 32], L_000002b89238d0a0, L_000002b89238d030, L_000002b89238d880, L_000002b89238d340;
LS_000002b89235abb0_0_12 .concat8 [ 32 32 32 32], L_000002b89238ccb0, L_000002b89238d650, L_000002b89238c3f0, L_000002b89238d3b0;
L_000002b89235abb0 .concat8 [ 128 128 128 128], LS_000002b89235abb0_0_0, LS_000002b89235abb0_0_4, LS_000002b89235abb0_0_8, LS_000002b89235abb0_0_12;
S_000002b892167e80 .scope generate, "COL_BANK[0]" "COL_BANK[0]" 7 30, 7 30 0, S_000002b8921681a0;
 .timescale -9 -12;
P_000002b89208d0d0 .param/l "c" 0 7 30, +C4<00>;
L_000002b89238ce00 .functor BUFZ 32, L_000002b892357c30, C4<00000000000000000000000000000000>, C4<00000000000000000000000000000000>, C4<00000000000000000000000000000000>;
v000002b892077ea0_0 .net *"_ivl_2", 31 0, L_000002b89238ce00;  1 drivers
v000002b892077fe0_0 .net "col_in", 31 0, L_000002b892359490;  1 drivers
v000002b8920770e0_0 .net "col_out", 31 0, L_000002b892357c30;  1 drivers
S_000002b8921687e0 .scope module, "u_bank" "single_column_bank" 7 43, 8 11 0, S_000002b892167e80;
 .timescale -9 -12;
    .port_info 0 /INPUT 1 "clk";
    .port_info 1 /INPUT 1 "rst_n";
    .port_info 2 /INPUT 8 "addr";
    .port_info 3 /INPUT 1 "wr_en";
    .port_info 4 /INPUT 1 "acc_mode";
    .port_info 5 /INPUT 32 "in_psum";
    .port_info 6 /OUTPUT 32 "out_acc";
P_000002b891d832e0 .param/l "BANK_ID" 0 8 12, +C4<00000000000000000000000000000000>;
P_000002b891d83318 .param/l "DEPTH_LOG2" 0 8 13, +C4<00000000000000000000000000001000>;
L_000002b89238dc00 .functor BUFZ 32, L_000002b892357550, C4<00000000000000000000000000000000>, C4<00000000000000000000000000000000>, C4<00000000000000000000000000000000>;
v000002b892077400_0 .net *"_ivl_0", 31 0, L_000002b892357550;  1 drivers
v000002b892075c40_0 .net *"_ivl_2", 9 0, L_000002b8923595d0;  1 drivers
L_000002b8922eb730 .functor BUFT 1, C4<00>, C4<0>, C4<0>, C4<0>;
v000002b8920777c0_0 .net *"_ivl_5", 1 0, L_000002b8922eb730;  1 drivers
v000002b892076320_0 .net "acc_mode", 0 0, L_000002b892286720;  alias, 1 drivers
v000002b892076280_0 .net "addr", 7 0, v000002b89226f8e0_0;  alias, 1 drivers
v000002b892076be0_0 .net "clk", 0 0, v000002b8922856e0_0;  alias, 1 drivers
v000002b892077180_0 .var/i "i", 31 0;
v000002b892077f40_0 .net "in_psum", 31 0, L_000002b892359490;  alias, 1 drivers
v000002b892076fa0 .array "mem", 255 0, 31 0;
v000002b892077d60_0 .var/s "next_val", 31 0;
v000002b892077360_0 .net/s "old_val", 31 0, L_000002b89238dc00;  1 drivers
v000002b892076b40_0 .net "out_acc", 31 0, L_000002b892357c30;  alias, 1 drivers
v000002b892077e00_0 .net "rst_n", 0 0, L_000002b8920707f0;  alias, 1 drivers
v000002b892075ce0_0 .net "wr_en", 0 0, L_000002b89238cd20;  alias, 1 drivers
E_000002b89208c590 .event anyedge, v000002b89207aba0_0, v000002b892077360_0, v000002b892077f40_0;
L_000002b892357550 .array/port v000002b892076fa0, L_000002b8923595d0;
L_000002b8923595d0 .concat [ 8 2 0 0], v000002b89226f8e0_0, L_000002b8922eb730;
L_000002b892357c30 .functor MUXZ 32, L_000002b89238dc00, v000002b892077d60_0, L_000002b89238cd20, C4<>;
S_000002b892168330 .scope generate, "COL_BANK[1]" "COL_BANK[1]" 7 30, 7 30 0, S_000002b8921681a0;
 .timescale -9 -12;
P_000002b89208c410 .param/l "c" 0 7 30, +C4<01>;
L_000002b89238d960 .functor BUFZ 32, L_000002b892357730, C4<00000000000000000000000000000000>, C4<00000000000000000000000000000000>, C4<00000000000000000000000000000000>;
v000002b892075d80_0 .net *"_ivl_2", 31 0, L_000002b89238d960;  1 drivers
v000002b892075e20_0 .net "col_in", 31 0, L_000002b892359670;  1 drivers
v000002b892077860_0 .net "col_out", 31 0, L_000002b892357730;  1 drivers
S_000002b892168970 .scope module, "u_bank" "single_column_bank" 7 43, 8 11 0, S_000002b892168330;
 .timescale -9 -12;
    .port_info 0 /INPUT 1 "clk";
    .port_info 1 /INPUT 1 "rst_n";
    .port_info 2 /INPUT 8 "addr";
    .port_info 3 /INPUT 1 "wr_en";
    .port_info 4 /INPUT 1 "acc_mode";
    .port_info 5 /INPUT 32 "in_psum";
    .port_info 6 /OUTPUT 32 "out_acc";
P_000002b891d83ee0 .param/l "BANK_ID" 0 8 12, +C4<00000000000000000000000000000001>;
P_000002b891d83f18 .param/l "DEPTH_LOG2" 0 8 13, +C4<00000000000000000000000000001000>;
L_000002b89238c070 .functor BUFZ 32, L_000002b8923575f0, C4<00000000000000000000000000000000>, C4<00000000000000000000000000000000>, C4<00000000000000000000000000000000>;
v000002b892076820_0 .net *"_ivl_0", 31 0, L_000002b8923575f0;  1 drivers
v000002b892078120_0 .net *"_ivl_2", 9 0, L_000002b892357690;  1 drivers
L_000002b8922eb778 .functor BUFT 1, C4<00>, C4<0>, C4<0>, C4<0>;
v000002b892077540_0 .net *"_ivl_5", 1 0, L_000002b8922eb778;  1 drivers
v000002b8920775e0_0 .net "acc_mode", 0 0, L_000002b892286720;  alias, 1 drivers
v000002b892076c80_0 .net "addr", 7 0, v000002b89226f8e0_0;  alias, 1 drivers
v000002b892078260_0 .net "clk", 0 0, v000002b8922856e0_0;  alias, 1 drivers
v000002b892075b00_0 .var/i "i", 31 0;
v000002b8920768c0_0 .net "in_psum", 31 0, L_000002b892359670;  alias, 1 drivers
v000002b892075f60 .array "mem", 255 0, 31 0;
v000002b892077220_0 .var/s "next_val", 31 0;
v000002b892077900_0 .net/s "old_val", 31 0, L_000002b89238c070;  1 drivers
v000002b892077680_0 .net "out_acc", 31 0, L_000002b892357730;  alias, 1 drivers
v000002b892076960_0 .net "rst_n", 0 0, L_000002b8920707f0;  alias, 1 drivers
v000002b892077720_0 .net "wr_en", 0 0, L_000002b89238cd20;  alias, 1 drivers
E_000002b89208c550 .event anyedge, v000002b89207aba0_0, v000002b892077900_0, v000002b8920768c0_0;
L_000002b8923575f0 .array/port v000002b892075f60, L_000002b892357690;
L_000002b892357690 .concat [ 8 2 0 0], v000002b89226f8e0_0, L_000002b8922eb778;
L_000002b892357730 .functor MUXZ 32, L_000002b89238c070, v000002b892077220_0, L_000002b89238cd20, C4<>;
S_000002b892168c90 .scope generate, "COL_BANK[2]" "COL_BANK[2]" 7 30, 7 30 0, S_000002b8921681a0;
 .timescale -9 -12;
P_000002b89208c810 .param/l "c" 0 7 30, +C4<010>;
L_000002b89238d490 .functor BUFZ 32, L_000002b892357910, C4<00000000000000000000000000000000>, C4<00000000000000000000000000000000>, C4<00000000000000000000000000000000>;
v000002b891f8d990_0 .net *"_ivl_2", 31 0, L_000002b89238d490;  1 drivers
v000002b891f8da30_0 .net "col_in", 31 0, L_000002b8923586d0;  1 drivers
v000002b891f8db70_0 .net "col_out", 31 0, L_000002b892357910;  1 drivers
S_000002b892167070 .scope module, "u_bank" "single_column_bank" 7 43, 8 11 0, S_000002b892168c90;
 .timescale -9 -12;
    .port_info 0 /INPUT 1 "clk";
    .port_info 1 /INPUT 1 "rst_n";
    .port_info 2 /INPUT 8 "addr";
    .port_info 3 /INPUT 1 "wr_en";
    .port_info 4 /INPUT 1 "acc_mode";
    .port_info 5 /INPUT 32 "in_psum";
    .port_info 6 /OUTPUT 32 "out_acc";
P_000002b891d82960 .param/l "BANK_ID" 0 8 12, +C4<00000000000000000000000000000010>;
P_000002b891d82998 .param/l "DEPTH_LOG2" 0 8 13, +C4<00000000000000000000000000001000>;
L_000002b89238d730 .functor BUFZ 32, L_000002b8923577d0, C4<00000000000000000000000000000000>, C4<00000000000000000000000000000000>, C4<00000000000000000000000000000000>;
v000002b892076a00_0 .net *"_ivl_0", 31 0, L_000002b8923577d0;  1 drivers
v000002b892075ec0_0 .net *"_ivl_2", 9 0, L_000002b892357eb0;  1 drivers
L_000002b8922eb7c0 .functor BUFT 1, C4<00>, C4<0>, C4<0>, C4<0>;
v000002b8920760a0_0 .net *"_ivl_5", 1 0, L_000002b8922eb7c0;  1 drivers
v000002b8920763c0_0 .net "acc_mode", 0 0, L_000002b892286720;  alias, 1 drivers
v000002b892076aa0_0 .net "addr", 7 0, v000002b89226f8e0_0;  alias, 1 drivers
v000002b892076d20_0 .net "clk", 0 0, v000002b8922856e0_0;  alias, 1 drivers
v000002b8920772c0_0 .var/i "i", 31 0;
v000002b891f8dfd0_0 .net "in_psum", 31 0, L_000002b8923586d0;  alias, 1 drivers
v000002b891f8ed90 .array "mem", 255 0, 31 0;
v000002b891f8ecf0_0 .var/s "next_val", 31 0;
v000002b891f8d670_0 .net/s "old_val", 31 0, L_000002b89238d730;  1 drivers
v000002b891f8cb30_0 .net "out_acc", 31 0, L_000002b892357910;  alias, 1 drivers
v000002b891f8d8f0_0 .net "rst_n", 0 0, L_000002b8920707f0;  alias, 1 drivers
v000002b891f8eed0_0 .net "wr_en", 0 0, L_000002b89238cd20;  alias, 1 drivers
E_000002b89208c310 .event anyedge, v000002b89207aba0_0, v000002b891f8d670_0, v000002b891f8dfd0_0;
L_000002b8923577d0 .array/port v000002b891f8ed90, L_000002b892357eb0;
L_000002b892357eb0 .concat [ 8 2 0 0], v000002b89226f8e0_0, L_000002b8922eb7c0;
L_000002b892357910 .functor MUXZ 32, L_000002b89238d730, v000002b891f8ecf0_0, L_000002b89238cd20, C4<>;
S_000002b892167390 .scope generate, "COL_BANK[3]" "COL_BANK[3]" 7 30, 7 30 0, S_000002b8921681a0;
 .timescale -9 -12;
P_000002b89208c510 .param/l "c" 0 7 30, +C4<011>;
L_000002b89238d5e0 .functor BUFZ 32, L_000002b892358450, C4<00000000000000000000000000000000>, C4<00000000000000000000000000000000>, C4<00000000000000000000000000000000>;
v000002b891f8cdb0_0 .net *"_ivl_2", 31 0, L_000002b89238d5e0;  1 drivers
v000002b891f8f970_0 .net "col_in", 31 0, L_000002b8923579b0;  1 drivers
v000002b891f8fc90_0 .net "col_out", 31 0, L_000002b892358450;  1 drivers
S_000002b8921676b0 .scope module, "u_bank" "single_column_bank" 7 43, 8 11 0, S_000002b892167390;
 .timescale -9 -12;
    .port_info 0 /INPUT 1 "clk";
    .port_info 1 /INPUT 1 "rst_n";
    .port_info 2 /INPUT 8 "addr";
    .port_info 3 /INPUT 1 "wr_en";
    .port_info 4 /INPUT 1 "acc_mode";
    .port_info 5 /INPUT 32 "in_psum";
    .port_info 6 /OUTPUT 32 "out_acc";
P_000002b891d83460 .param/l "BANK_ID" 0 8 12, +C4<00000000000000000000000000000011>;
P_000002b891d83498 .param/l "DEPTH_LOG2" 0 8 13, +C4<00000000000000000000000000001000>;
L_000002b89238d7a0 .functor BUFZ 32, L_000002b8923581d0, C4<00000000000000000000000000000000>, C4<00000000000000000000000000000000>, C4<00000000000000000000000000000000>;
v000002b891f8ef70_0 .net *"_ivl_0", 31 0, L_000002b8923581d0;  1 drivers
v000002b891f8dc10_0 .net *"_ivl_2", 9 0, L_000002b892358270;  1 drivers
L_000002b8922eb808 .functor BUFT 1, C4<00>, C4<0>, C4<0>, C4<0>;
v000002b891f8d030_0 .net *"_ivl_5", 1 0, L_000002b8922eb808;  1 drivers
v000002b891f8d0d0_0 .net "acc_mode", 0 0, L_000002b892286720;  alias, 1 drivers
v000002b891f8df30_0 .net "addr", 7 0, v000002b89226f8e0_0;  alias, 1 drivers
v000002b891f8e110_0 .net "clk", 0 0, v000002b8922856e0_0;  alias, 1 drivers
v000002b891f8e390_0 .var/i "i", 31 0;
v000002b891f8e4d0_0 .net "in_psum", 31 0, L_000002b8923579b0;  alias, 1 drivers
v000002b891f8f010 .array "mem", 255 0, 31 0;
v000002b891f8e750_0 .var/s "next_val", 31 0;
v000002b891f8e6b0_0 .net/s "old_val", 31 0, L_000002b89238d7a0;  1 drivers
v000002b891f8c8b0_0 .net "out_acc", 31 0, L_000002b892358450;  alias, 1 drivers
v000002b891f8ca90_0 .net "rst_n", 0 0, L_000002b8920707f0;  alias, 1 drivers
v000002b891f8cc70_0 .net "wr_en", 0 0, L_000002b89238cd20;  alias, 1 drivers
E_000002b89208c490 .event anyedge, v000002b89207aba0_0, v000002b891f8e6b0_0, v000002b891f8e4d0_0;
L_000002b8923581d0 .array/port v000002b891f8f010, L_000002b892358270;
L_000002b892358270 .concat [ 8 2 0 0], v000002b89226f8e0_0, L_000002b8922eb808;
L_000002b892358450 .functor MUXZ 32, L_000002b89238d7a0, v000002b891f8e750_0, L_000002b89238cd20, C4<>;
S_000002b89217ae40 .scope generate, "COL_BANK[4]" "COL_BANK[4]" 7 30, 7 30 0, S_000002b8921681a0;
 .timescale -9 -12;
P_000002b89208c7d0 .param/l "c" 0 7 30, +C4<0100>;
L_000002b89238d500 .functor BUFZ 32, L_000002b8923589f0, C4<00000000000000000000000000000000>, C4<00000000000000000000000000000000>, C4<00000000000000000000000000000000>;
v000002b891f90190_0 .net *"_ivl_2", 31 0, L_000002b89238d500;  1 drivers
v000002b891f90ff0_0 .net "col_in", 31 0, L_000002b892358810;  1 drivers
v000002b891f90230_0 .net "col_out", 31 0, L_000002b8923589f0;  1 drivers
S_000002b892179d10 .scope module, "u_bank" "single_column_bank" 7 43, 8 11 0, S_000002b89217ae40;
 .timescale -9 -12;
    .port_info 0 /INPUT 1 "clk";
    .port_info 1 /INPUT 1 "rst_n";
    .port_info 2 /INPUT 8 "addr";
    .port_info 3 /INPUT 1 "wr_en";
    .port_info 4 /INPUT 1 "acc_mode";
    .port_info 5 /INPUT 32 "in_psum";
    .port_info 6 /OUTPUT 32 "out_acc";
P_000002b891d82d60 .param/l "BANK_ID" 0 8 12, +C4<00000000000000000000000000000100>;
P_000002b891d82d98 .param/l "DEPTH_LOG2" 0 8 13, +C4<00000000000000000000000000001000>;
L_000002b89238c0e0 .functor BUFZ 32, L_000002b8923588b0, C4<00000000000000000000000000000000>, C4<00000000000000000000000000000000>, C4<00000000000000000000000000000000>;
v000002b891f904b0_0 .net *"_ivl_0", 31 0, L_000002b8923588b0;  1 drivers
v000002b891f90550_0 .net *"_ivl_2", 9 0, L_000002b892358950;  1 drivers
L_000002b8922eb850 .functor BUFT 1, C4<00>, C4<0>, C4<0>, C4<0>;
v000002b891f90b90_0 .net *"_ivl_5", 1 0, L_000002b8922eb850;  1 drivers
v000002b891f916d0_0 .net "acc_mode", 0 0, L_000002b892286720;  alias, 1 drivers
v000002b891f90cd0_0 .net "addr", 7 0, v000002b89226f8e0_0;  alias, 1 drivers
v000002b891f909b0_0 .net "clk", 0 0, v000002b8922856e0_0;  alias, 1 drivers
v000002b891f8fdd0_0 .var/i "i", 31 0;
v000002b891f8f8d0_0 .net "in_psum", 31 0, L_000002b892358810;  alias, 1 drivers
v000002b891f90d70 .array "mem", 255 0, 31 0;
v000002b891f91770_0 .var/s "next_val", 31 0;
v000002b891f8fe70_0 .net/s "old_val", 31 0, L_000002b89238c0e0;  1 drivers
v000002b891f900f0_0 .net "out_acc", 31 0, L_000002b8923589f0;  alias, 1 drivers
v000002b891f90f50_0 .net "rst_n", 0 0, L_000002b8920707f0;  alias, 1 drivers
v000002b891f8f290_0 .net "wr_en", 0 0, L_000002b89238cd20;  alias, 1 drivers
E_000002b89208c390 .event anyedge, v000002b89207aba0_0, v000002b891f8fe70_0, v000002b891f8f8d0_0;
L_000002b8923588b0 .array/port v000002b891f90d70, L_000002b892358950;
L_000002b892358950 .concat [ 8 2 0 0], v000002b89226f8e0_0, L_000002b8922eb850;
L_000002b8923589f0 .functor MUXZ 32, L_000002b89238c0e0, v000002b891f91770_0, L_000002b89238cd20, C4<>;
S_000002b89217a4e0 .scope generate, "COL_BANK[5]" "COL_BANK[5]" 7 30, 7 30 0, S_000002b8921681a0;
 .timescale -9 -12;
P_000002b89208c9d0 .param/l "c" 0 7 30, +C4<0101>;
L_000002b89238cfc0 .functor BUFZ 32, L_000002b89235a250, C4<00000000000000000000000000000000>, C4<00000000000000000000000000000000>, C4<00000000000000000000000000000000>;
v000002b891f8ac90_0 .net *"_ivl_2", 31 0, L_000002b89238cfc0;  1 drivers
v000002b891f8a6f0_0 .net "col_in", 31 0, L_000002b892358a90;  1 drivers
v000002b891f8c810_0 .net "col_out", 31 0, L_000002b89235a250;  1 drivers
S_000002b89217a030 .scope module, "u_bank" "single_column_bank" 7 43, 8 11 0, S_000002b89217a4e0;
 .timescale -9 -12;
    .port_info 0 /INPUT 1 "clk";
    .port_info 1 /INPUT 1 "rst_n";
    .port_info 2 /INPUT 8 "addr";
    .port_info 3 /INPUT 1 "wr_en";
    .port_info 4 /INPUT 1 "acc_mode";
    .port_info 5 /INPUT 32 "in_psum";
    .port_info 6 /OUTPUT 32 "out_acc";
P_000002b891d83ae0 .param/l "BANK_ID" 0 8 12, +C4<00000000000000000000000000000101>;
P_000002b891d83b18 .param/l "DEPTH_LOG2" 0 8 13, +C4<00000000000000000000000000001000>;
L_000002b89238cee0 .functor BUFZ 32, L_000002b89235b510, C4<00000000000000000000000000000000>, C4<00000000000000000000000000000000>, C4<00000000000000000000000000000000>;
v000002b891f91310_0 .net *"_ivl_0", 31 0, L_000002b89235b510;  1 drivers
v000002b891f91130_0 .net *"_ivl_2", 9 0, L_000002b892359fd0;  1 drivers
L_000002b8922eb898 .functor BUFT 1, C4<00>, C4<0>, C4<0>, C4<0>;
v000002b891f913b0_0 .net *"_ivl_5", 1 0, L_000002b8922eb898;  1 drivers
v000002b891f902d0_0 .net "acc_mode", 0 0, L_000002b892286720;  alias, 1 drivers
v000002b891f8f3d0_0 .net "addr", 7 0, v000002b89226f8e0_0;  alias, 1 drivers
v000002b891f8f650_0 .net "clk", 0 0, v000002b8922856e0_0;  alias, 1 drivers
v000002b891f8f6f0_0 .var/i "i", 31 0;
v000002b891f91bd0_0 .net "in_psum", 31 0, L_000002b892358a90;  alias, 1 drivers
v000002b891f91d10 .array "mem", 255 0, 31 0;
v000002b891f91ef0_0 .var/s "next_val", 31 0;
v000002b891f91950_0 .net/s "old_val", 31 0, L_000002b89238cee0;  1 drivers
v000002b891f8b550_0 .net "out_acc", 31 0, L_000002b89235a250;  alias, 1 drivers
v000002b891f8c770_0 .net "rst_n", 0 0, L_000002b8920707f0;  alias, 1 drivers
v000002b891f8bf50_0 .net "wr_en", 0 0, L_000002b89238cd20;  alias, 1 drivers
E_000002b89208ca10 .event anyedge, v000002b89207aba0_0, v000002b891f91950_0, v000002b891f91bd0_0;
L_000002b89235b510 .array/port v000002b891f91d10, L_000002b892359fd0;
L_000002b892359fd0 .concat [ 8 2 0 0], v000002b89226f8e0_0, L_000002b8922eb898;
L_000002b89235a250 .functor MUXZ 32, L_000002b89238cee0, v000002b891f91ef0_0, L_000002b89238cd20, C4<>;
S_000002b89217ab20 .scope generate, "COL_BANK[6]" "COL_BANK[6]" 7 30, 7 30 0, S_000002b8921681a0;
 .timescale -9 -12;
P_000002b89208c450 .param/l "c" 0 7 30, +C4<0110>;
L_000002b89238d180 .functor BUFZ 32, L_000002b89235a6b0, C4<00000000000000000000000000000000>, C4<00000000000000000000000000000000>, C4<00000000000000000000000000000000>;
v000002b891f8a470_0 .net *"_ivl_2", 31 0, L_000002b89238d180;  1 drivers
v000002b891f8b410_0 .net "col_in", 31 0, L_000002b89235aed0;  1 drivers
v000002b891f8b5f0_0 .net "col_out", 31 0, L_000002b89235a6b0;  1 drivers
S_000002b89217a1c0 .scope module, "u_bank" "single_column_bank" 7 43, 8 11 0, S_000002b89217ab20;
 .timescale -9 -12;
    .port_info 0 /INPUT 1 "clk";
    .port_info 1 /INPUT 1 "rst_n";
    .port_info 2 /INPUT 8 "addr";
    .port_info 3 /INPUT 1 "wr_en";
    .port_info 4 /INPUT 1 "acc_mode";
    .port_info 5 /INPUT 32 "in_psum";
    .port_info 6 /OUTPUT 32 "out_acc";
P_000002b891d83560 .param/l "BANK_ID" 0 8 12, +C4<00000000000000000000000000000110>;
P_000002b891d83598 .param/l "DEPTH_LOG2" 0 8 13, +C4<00000000000000000000000000001000>;
L_000002b89238d810 .functor BUFZ 32, L_000002b89235a750, C4<00000000000000000000000000000000>, C4<00000000000000000000000000000000>, C4<00000000000000000000000000000000>;
v000002b891f8bff0_0 .net *"_ivl_0", 31 0, L_000002b89235a750;  1 drivers
v000002b891f8a830_0 .net *"_ivl_2", 9 0, L_000002b89235a890;  1 drivers
L_000002b8922eb8e0 .functor BUFT 1, C4<00>, C4<0>, C4<0>, C4<0>;
v000002b891f8add0_0 .net *"_ivl_5", 1 0, L_000002b8922eb8e0;  1 drivers
v000002b891f8ae70_0 .net "acc_mode", 0 0, L_000002b892286720;  alias, 1 drivers
v000002b891f8a0b0_0 .net "addr", 7 0, v000002b89226f8e0_0;  alias, 1 drivers
v000002b891f8afb0_0 .net "clk", 0 0, v000002b8922856e0_0;  alias, 1 drivers
v000002b891f8bc30_0 .var/i "i", 31 0;
v000002b891f8b4b0_0 .net "in_psum", 31 0, L_000002b89235aed0;  alias, 1 drivers
v000002b891f8b910 .array "mem", 255 0, 31 0;
v000002b891f8a290_0 .var/s "next_val", 31 0;
v000002b891f8a3d0_0 .net/s "old_val", 31 0, L_000002b89238d810;  1 drivers
v000002b891f8b370_0 .net "out_acc", 31 0, L_000002b89235a6b0;  alias, 1 drivers
v000002b891f8b0f0_0 .net "rst_n", 0 0, L_000002b8920707f0;  alias, 1 drivers
v000002b891f8c130_0 .net "wr_en", 0 0, L_000002b89238cd20;  alias, 1 drivers
E_000002b89208d110 .event anyedge, v000002b89207aba0_0, v000002b891f8a3d0_0, v000002b891f8b4b0_0;
L_000002b89235a750 .array/port v000002b891f8b910, L_000002b89235a890;
L_000002b89235a890 .concat [ 8 2 0 0], v000002b89226f8e0_0, L_000002b8922eb8e0;
L_000002b89235a6b0 .functor MUXZ 32, L_000002b89238d810, v000002b891f8a290_0, L_000002b89238cd20, C4<>;
S_000002b89217a800 .scope generate, "COL_BANK[7]" "COL_BANK[7]" 7 30, 7 30 0, S_000002b8921681a0;
 .timescale -9 -12;
P_000002b89208cc10 .param/l "c" 0 7 30, +C4<0111>;
L_000002b89238c770 .functor BUFZ 32, L_000002b89235c050, C4<00000000000000000000000000000000>, C4<00000000000000000000000000000000>, C4<00000000000000000000000000000000>;
v000002b8920142e0_0 .net *"_ivl_2", 31 0, L_000002b89238c770;  1 drivers
v000002b892013980_0 .net "col_in", 31 0, L_000002b89235ad90;  1 drivers
v000002b892014420_0 .net "col_out", 31 0, L_000002b89235c050;  1 drivers
S_000002b89217acb0 .scope module, "u_bank" "single_column_bank" 7 43, 8 11 0, S_000002b89217a800;
 .timescale -9 -12;
    .port_info 0 /INPUT 1 "clk";
    .port_info 1 /INPUT 1 "rst_n";
    .port_info 2 /INPUT 8 "addr";
    .port_info 3 /INPUT 1 "wr_en";
    .port_info 4 /INPUT 1 "acc_mode";
    .port_info 5 /INPUT 32 "in_psum";
    .port_info 6 /OUTPUT 32 "out_acc";
P_000002b891d82ae0 .param/l "BANK_ID" 0 8 12, +C4<00000000000000000000000000000111>;
P_000002b891d82b18 .param/l "DEPTH_LOG2" 0 8 13, +C4<00000000000000000000000000001000>;
L_000002b89238d110 .functor BUFZ 32, L_000002b89235bdd0, C4<00000000000000000000000000000000>, C4<00000000000000000000000000000000>, C4<00000000000000000000000000000000>;
v000002b891f8c270_0 .net *"_ivl_0", 31 0, L_000002b89235bdd0;  1 drivers
v000002b891f8c3b0_0 .net *"_ivl_2", 9 0, L_000002b89235b470;  1 drivers
L_000002b8922eb928 .functor BUFT 1, C4<00>, C4<0>, C4<0>, C4<0>;
v000002b891f8baf0_0 .net *"_ivl_5", 1 0, L_000002b8922eb928;  1 drivers
v000002b892013200_0 .net "acc_mode", 0 0, L_000002b892286720;  alias, 1 drivers
v000002b892012580_0 .net "addr", 7 0, v000002b89226f8e0_0;  alias, 1 drivers
v000002b892013700_0 .net "clk", 0 0, v000002b8922856e0_0;  alias, 1 drivers
v000002b892012da0_0 .var/i "i", 31 0;
v000002b892012a80_0 .net "in_psum", 31 0, L_000002b89235ad90;  alias, 1 drivers
v000002b8920146a0 .array "mem", 255 0, 31 0;
v000002b892013340_0 .var/s "next_val", 31 0;
v000002b892012b20_0 .net/s "old_val", 31 0, L_000002b89238d110;  1 drivers
v000002b892012ee0_0 .net "out_acc", 31 0, L_000002b89235c050;  alias, 1 drivers
v000002b892013480_0 .net "rst_n", 0 0, L_000002b8920707f0;  alias, 1 drivers
v000002b892014240_0 .net "wr_en", 0 0, L_000002b89238cd20;  alias, 1 drivers
E_000002b89208cb90 .event anyedge, v000002b89207aba0_0, v000002b892012b20_0, v000002b892012a80_0;
L_000002b89235bdd0 .array/port v000002b8920146a0, L_000002b89235b470;
L_000002b89235b470 .concat [ 8 2 0 0], v000002b89226f8e0_0, L_000002b8922eb928;
L_000002b89235c050 .functor MUXZ 32, L_000002b89238d110, v000002b892013340_0, L_000002b89238cd20, C4<>;
S_000002b89217a350 .scope generate, "COL_BANK[8]" "COL_BANK[8]" 7 30, 7 30 0, S_000002b8921681a0;
 .timescale -9 -12;
P_000002b89208cd10 .param/l "c" 0 7 30, +C4<01000>;
L_000002b89238d0a0 .functor BUFZ 32, L_000002b89235acf0, C4<00000000000000000000000000000000>, C4<00000000000000000000000000000000>, C4<00000000000000000000000000000000>;
v000002b892016c20_0 .net *"_ivl_2", 31 0, L_000002b89238d0a0;  1 drivers
v000002b892016cc0_0 .net "col_in", 31 0, L_000002b89235a2f0;  1 drivers
v000002b892016ea0_0 .net "col_out", 31 0, L_000002b89235acf0;  1 drivers
S_000002b892179860 .scope module, "u_bank" "single_column_bank" 7 43, 8 11 0, S_000002b89217a350;
 .timescale -9 -12;
    .port_info 0 /INPUT 1 "clk";
    .port_info 1 /INPUT 1 "rst_n";
    .port_info 2 /INPUT 8 "addr";
    .port_info 3 /INPUT 1 "wr_en";
    .port_info 4 /INPUT 1 "acc_mode";
    .port_info 5 /INPUT 32 "in_psum";
    .port_info 6 /OUTPUT 32 "out_acc";
P_000002b891d821e0 .param/l "BANK_ID" 0 8 12, +C4<00000000000000000000000000001000>;
P_000002b891d82218 .param/l "DEPTH_LOG2" 0 8 13, +C4<00000000000000000000000000001000>;
L_000002b89238c1c0 .functor BUFZ 32, L_000002b89235b790, C4<00000000000000000000000000000000>, C4<00000000000000000000000000000000>, C4<00000000000000000000000000000000>;
v000002b892013a20_0 .net *"_ivl_0", 31 0, L_000002b89235b790;  1 drivers
v000002b892013ac0_0 .net *"_ivl_2", 9 0, L_000002b89235a7f0;  1 drivers
L_000002b8922eb970 .functor BUFT 1, C4<00>, C4<0>, C4<0>, C4<0>;
v000002b892013fc0_0 .net *"_ivl_5", 1 0, L_000002b8922eb970;  1 drivers
v000002b892013b60_0 .net "acc_mode", 0 0, L_000002b892286720;  alias, 1 drivers
v000002b892015d20_0 .net "addr", 7 0, v000002b89226f8e0_0;  alias, 1 drivers
v000002b892015dc0_0 .net "clk", 0 0, v000002b8922856e0_0;  alias, 1 drivers
v000002b892014a60_0 .var/i "i", 31 0;
v000002b8920164a0_0 .net "in_psum", 31 0, L_000002b89235a2f0;  alias, 1 drivers
v000002b892015aa0 .array "mem", 255 0, 31 0;
v000002b8920169a0_0 .var/s "next_val", 31 0;
v000002b892014b00_0 .net/s "old_val", 31 0, L_000002b89238c1c0;  1 drivers
v000002b8920151e0_0 .net "out_acc", 31 0, L_000002b89235acf0;  alias, 1 drivers
v000002b892015f00_0 .net "rst_n", 0 0, L_000002b8920707f0;  alias, 1 drivers
v000002b892016b80_0 .net "wr_en", 0 0, L_000002b89238cd20;  alias, 1 drivers
E_000002b89208c710 .event anyedge, v000002b89207aba0_0, v000002b892014b00_0, v000002b8920164a0_0;
L_000002b89235b790 .array/port v000002b892015aa0, L_000002b89235a7f0;
L_000002b89235a7f0 .concat [ 8 2 0 0], v000002b89226f8e0_0, L_000002b8922eb970;
L_000002b89235acf0 .functor MUXZ 32, L_000002b89238c1c0, v000002b8920169a0_0, L_000002b89238cd20, C4<>;
S_000002b892179ea0 .scope generate, "COL_BANK[9]" "COL_BANK[9]" 7 30, 7 30 0, S_000002b8921681a0;
 .timescale -9 -12;
P_000002b89208c890 .param/l "c" 0 7 30, +C4<01001>;
L_000002b89238d030 .functor BUFZ 32, L_000002b892359c10, C4<00000000000000000000000000000000>, C4<00000000000000000000000000000000>, C4<00000000000000000000000000000000>;
v000002b892019100_0 .net *"_ivl_2", 31 0, L_000002b89238d030;  1 drivers
v000002b892018160_0 .net "col_in", 31 0, L_000002b89235b3d0;  1 drivers
v000002b8920194c0_0 .net "col_out", 31 0, L_000002b892359c10;  1 drivers
S_000002b892179b80 .scope module, "u_bank" "single_column_bank" 7 43, 8 11 0, S_000002b892179ea0;
 .timescale -9 -12;
    .port_info 0 /INPUT 1 "clk";
    .port_info 1 /INPUT 1 "rst_n";
    .port_info 2 /INPUT 8 "addr";
    .port_info 3 /INPUT 1 "wr_en";
    .port_info 4 /INPUT 1 "acc_mode";
    .port_info 5 /INPUT 32 "in_psum";
    .port_info 6 /OUTPUT 32 "out_acc";
P_000002b891d82e60 .param/l "BANK_ID" 0 8 12, +C4<00000000000000000000000000001001>;
P_000002b891d82e98 .param/l "DEPTH_LOG2" 0 8 13, +C4<00000000000000000000000000001000>;
L_000002b89238c230 .functor BUFZ 32, L_000002b89235a390, C4<00000000000000000000000000000000>, C4<00000000000000000000000000000000>, C4<00000000000000000000000000000000>;
v000002b892014ec0_0 .net *"_ivl_0", 31 0, L_000002b89235a390;  1 drivers
v000002b892015280_0 .net *"_ivl_2", 9 0, L_000002b89235b8d0;  1 drivers
L_000002b8922eb9b8 .functor BUFT 1, C4<00>, C4<0>, C4<0>, C4<0>;
v000002b892015b40_0 .net *"_ivl_5", 1 0, L_000002b8922eb9b8;  1 drivers
v000002b892014c40_0 .net "acc_mode", 0 0, L_000002b892286720;  alias, 1 drivers
v000002b892015000_0 .net "addr", 7 0, v000002b89226f8e0_0;  alias, 1 drivers
v000002b892019240_0 .net "clk", 0 0, v000002b8922856e0_0;  alias, 1 drivers
v000002b892018ca0_0 .var/i "i", 31 0;
v000002b892019060_0 .net "in_psum", 31 0, L_000002b89235b3d0;  alias, 1 drivers
v000002b892018e80 .array "mem", 255 0, 31 0;
v000002b892018020_0 .var/s "next_val", 31 0;
v000002b892018660_0 .net/s "old_val", 31 0, L_000002b89238c230;  1 drivers
v000002b8920171c0_0 .net "out_acc", 31 0, L_000002b892359c10;  alias, 1 drivers
v000002b892018fc0_0 .net "rst_n", 0 0, L_000002b8920707f0;  alias, 1 drivers
v000002b892019560_0 .net "wr_en", 0 0, L_000002b89238cd20;  alias, 1 drivers
E_000002b89208cb10 .event anyedge, v000002b89207aba0_0, v000002b892018660_0, v000002b892019060_0;
L_000002b89235a390 .array/port v000002b892018e80, L_000002b89235b8d0;
L_000002b89235b8d0 .concat [ 8 2 0 0], v000002b89226f8e0_0, L_000002b8922eb9b8;
L_000002b892359c10 .functor MUXZ 32, L_000002b89238c230, v000002b892018020_0, L_000002b89238cd20, C4<>;
S_000002b892179090 .scope generate, "COL_BANK[10]" "COL_BANK[10]" 7 30, 7 30 0, S_000002b8921681a0;
 .timescale -9 -12;
P_000002b89208ca50 .param/l "c" 0 7 30, +C4<01010>;
L_000002b89238d880 .functor BUFZ 32, L_000002b89235b5b0, C4<00000000000000000000000000000000>, C4<00000000000000000000000000000000>, C4<00000000000000000000000000000000>;
v000002b892019c40_0 .net *"_ivl_2", 31 0, L_000002b89238d880;  1 drivers
v000002b89205de70_0 .net "col_in", 31 0, L_000002b89235bb50;  1 drivers
v000002b89205dbf0_0 .net "col_out", 31 0, L_000002b89235b5b0;  1 drivers
S_000002b8921799f0 .scope module, "u_bank" "single_column_bank" 7 43, 8 11 0, S_000002b892179090;
 .timescale -9 -12;
    .port_info 0 /INPUT 1 "clk";
    .port_info 1 /INPUT 1 "rst_n";
    .port_info 2 /INPUT 8 "addr";
    .port_info 3 /INPUT 1 "wr_en";
    .port_info 4 /INPUT 1 "acc_mode";
    .port_info 5 /INPUT 32 "in_psum";
    .port_info 6 /OUTPUT 32 "out_acc";
P_000002b891d83060 .param/l "BANK_ID" 0 8 12, +C4<00000000000000000000000000001010>;
P_000002b891d83098 .param/l "DEPTH_LOG2" 0 8 13, +C4<00000000000000000000000000001000>;
L_000002b89238d570 .functor BUFZ 32, L_000002b89235a930, C4<00000000000000000000000000000000>, C4<00000000000000000000000000000000>, C4<00000000000000000000000000000000>;
v000002b892019600_0 .net *"_ivl_0", 31 0, L_000002b89235a930;  1 drivers
v000002b892019740_0 .net *"_ivl_2", 9 0, L_000002b89235ab10;  1 drivers
L_000002b8922eba00 .functor BUFT 1, C4<00>, C4<0>, C4<0>, C4<0>;
v000002b892018340_0 .net *"_ivl_5", 1 0, L_000002b8922eba00;  1 drivers
v000002b892017260_0 .net "acc_mode", 0 0, L_000002b892286720;  alias, 1 drivers
v000002b892017440_0 .net "addr", 7 0, v000002b89226f8e0_0;  alias, 1 drivers
v000002b8920176c0_0 .net "clk", 0 0, v000002b8922856e0_0;  alias, 1 drivers
v000002b8920178a0_0 .var/i "i", 31 0;
v000002b892017bc0_0 .net "in_psum", 31 0, L_000002b89235bb50;  alias, 1 drivers
v000002b8920179e0 .array "mem", 255 0, 31 0;
v000002b892017a80_0 .var/s "next_val", 31 0;
v000002b892017b20_0 .net/s "old_val", 31 0, L_000002b89238d570;  1 drivers
v000002b892019f60_0 .net "out_acc", 31 0, L_000002b89235b5b0;  alias, 1 drivers
v000002b892019a60_0 .net "rst_n", 0 0, L_000002b8920707f0;  alias, 1 drivers
v000002b892019e20_0 .net "wr_en", 0 0, L_000002b89238cd20;  alias, 1 drivers
E_000002b89208c790 .event anyedge, v000002b89207aba0_0, v000002b892017b20_0, v000002b892017bc0_0;
L_000002b89235a930 .array/port v000002b8920179e0, L_000002b89235ab10;
L_000002b89235ab10 .concat [ 8 2 0 0], v000002b89226f8e0_0, L_000002b8922eba00;
L_000002b89235b5b0 .functor MUXZ 32, L_000002b89238d570, v000002b892017a80_0, L_000002b89238cd20, C4<>;
S_000002b892179220 .scope generate, "COL_BANK[11]" "COL_BANK[11]" 7 30, 7 30 0, S_000002b8921681a0;
 .timescale -9 -12;
P_000002b89208ce10 .param/l "c" 0 7 30, +C4<01011>;
L_000002b89238d340 .functor BUFZ 32, L_000002b8923598f0, C4<00000000000000000000000000000000>, C4<00000000000000000000000000000000>, C4<00000000000000000000000000000000>;
v000002b892061610_0 .net *"_ivl_2", 31 0, L_000002b89238d340;  1 drivers
v000002b892061390_0 .net "col_in", 31 0, L_000002b892359d50;  1 drivers
v000002b8920616b0_0 .net "col_out", 31 0, L_000002b8923598f0;  1 drivers
S_000002b89217a670 .scope module, "u_bank" "single_column_bank" 7 43, 8 11 0, S_000002b892179220;
 .timescale -9 -12;
    .port_info 0 /INPUT 1 "clk";
    .port_info 1 /INPUT 1 "rst_n";
    .port_info 2 /INPUT 8 "addr";
    .port_info 3 /INPUT 1 "wr_en";
    .port_info 4 /INPUT 1 "acc_mode";
    .port_info 5 /INPUT 32 "in_psum";
    .port_info 6 /OUTPUT 32 "out_acc";
P_000002b891d836e0 .param/l "BANK_ID" 0 8 12, +C4<00000000000000000000000000001011>;
P_000002b891d83718 .param/l "DEPTH_LOG2" 0 8 13, +C4<00000000000000000000000000001000>;
L_000002b89238dab0 .functor BUFZ 32, L_000002b892359ad0, C4<00000000000000000000000000000000>, C4<00000000000000000000000000000000>, C4<00000000000000000000000000000000>;
v000002b89205f4f0_0 .net *"_ivl_0", 31 0, L_000002b892359ad0;  1 drivers
v000002b89205ee10_0 .net *"_ivl_2", 9 0, L_000002b89235a110;  1 drivers
L_000002b8922eba48 .functor BUFT 1, C4<00>, C4<0>, C4<0>, C4<0>;
v000002b89205ef50_0 .net *"_ivl_5", 1 0, L_000002b8922eba48;  1 drivers
v000002b89205dc90_0 .net "acc_mode", 0 0, L_000002b892286720;  alias, 1 drivers
v000002b89205e050_0 .net "addr", 7 0, v000002b89226f8e0_0;  alias, 1 drivers
v000002b89205eff0_0 .net "clk", 0 0, v000002b8922856e0_0;  alias, 1 drivers
v000002b89205fbd0_0 .var/i "i", 31 0;
v000002b89205f090_0 .net "in_psum", 31 0, L_000002b892359d50;  alias, 1 drivers
v000002b89205e190 .array "mem", 255 0, 31 0;
v000002b89205f310_0 .var/s "next_val", 31 0;
v000002b89205e4b0_0 .net/s "old_val", 31 0, L_000002b89238dab0;  1 drivers
v000002b892060fd0_0 .net "out_acc", 31 0, L_000002b8923598f0;  alias, 1 drivers
v000002b8920611b0_0 .net "rst_n", 0 0, L_000002b8920707f0;  alias, 1 drivers
v000002b892060490_0 .net "wr_en", 0 0, L_000002b89238cd20;  alias, 1 drivers
E_000002b89208cb50 .event anyedge, v000002b89207aba0_0, v000002b89205e4b0_0, v000002b89205f090_0;
L_000002b892359ad0 .array/port v000002b89205e190, L_000002b89235a110;
L_000002b89235a110 .concat [ 8 2 0 0], v000002b89226f8e0_0, L_000002b8922eba48;
L_000002b8923598f0 .functor MUXZ 32, L_000002b89238dab0, v000002b89205f310_0, L_000002b89238cd20, C4<>;
S_000002b89217a990 .scope generate, "COL_BANK[12]" "COL_BANK[12]" 7 30, 7 30 0, S_000002b8921681a0;
 .timescale -9 -12;
P_000002b89208ce90 .param/l "c" 0 7 30, +C4<01100>;
L_000002b89238ccb0 .functor BUFZ 32, L_000002b892359990, C4<00000000000000000000000000000000>, C4<00000000000000000000000000000000>, C4<00000000000000000000000000000000>;
v000002b89205c890_0 .net *"_ivl_2", 31 0, L_000002b89238ccb0;  1 drivers
v000002b89205ba30_0 .net "col_in", 31 0, L_000002b89235bfb0;  1 drivers
v000002b89205c930_0 .net "col_out", 31 0, L_000002b892359990;  1 drivers
S_000002b8921796d0 .scope module, "u_bank" "single_column_bank" 7 43, 8 11 0, S_000002b89217a990;
 .timescale -9 -12;
    .port_info 0 /INPUT 1 "clk";
    .port_info 1 /INPUT 1 "rst_n";
    .port_info 2 /INPUT 8 "addr";
    .port_info 3 /INPUT 1 "wr_en";
    .port_info 4 /INPUT 1 "acc_mode";
    .port_info 5 /INPUT 32 "in_psum";
    .port_info 6 /OUTPUT 32 "out_acc";
P_000002b891bc9580 .param/l "BANK_ID" 0 8 12, +C4<00000000000000000000000000001100>;
P_000002b891bc95b8 .param/l "DEPTH_LOG2" 0 8 13, +C4<00000000000000000000000000001000>;
L_000002b89238d1f0 .functor BUFZ 32, L_000002b89235ae30, C4<00000000000000000000000000000000>, C4<00000000000000000000000000000000>, C4<00000000000000000000000000000000>;
v000002b8920605d0_0 .net *"_ivl_0", 31 0, L_000002b89235ae30;  1 drivers
v000002b8920623d0_0 .net *"_ivl_2", 9 0, L_000002b89235b830;  1 drivers
L_000002b8922eba90 .functor BUFT 1, C4<00>, C4<0>, C4<0>, C4<0>;
v000002b892060670_0 .net *"_ivl_5", 1 0, L_000002b8922eba90;  1 drivers
v000002b892060710_0 .net "acc_mode", 0 0, L_000002b892286720;  alias, 1 drivers
v000002b892061a70_0 .net "addr", 7 0, v000002b89226f8e0_0;  alias, 1 drivers
v000002b892061c50_0 .net "clk", 0 0, v000002b8922856e0_0;  alias, 1 drivers
v000002b892062fb0_0 .var/i "i", 31 0;
v000002b892062ab0_0 .net "in_psum", 31 0, L_000002b89235bfb0;  alias, 1 drivers
v000002b892062b50 .array "mem", 255 0, 31 0;
v000002b89205c4d0_0 .var/s "next_val", 31 0;
v000002b89205bc10_0 .net/s "old_val", 31 0, L_000002b89238d1f0;  1 drivers
v000002b89205b710_0 .net "out_acc", 31 0, L_000002b892359990;  alias, 1 drivers
v000002b89205b530_0 .net "rst_n", 0 0, L_000002b8920707f0;  alias, 1 drivers
v000002b89205d510_0 .net "wr_en", 0 0, L_000002b89238cd20;  alias, 1 drivers
E_000002b89208ccd0 .event anyedge, v000002b89207aba0_0, v000002b89205bc10_0, v000002b892062ab0_0;
L_000002b89235ae30 .array/port v000002b892062b50, L_000002b89235b830;
L_000002b89235b830 .concat [ 8 2 0 0], v000002b89226f8e0_0, L_000002b8922eba90;
L_000002b892359990 .functor MUXZ 32, L_000002b89238d1f0, v000002b89205c4d0_0, L_000002b89238cd20, C4<>;
S_000002b8921793b0 .scope generate, "COL_BANK[13]" "COL_BANK[13]" 7 30, 7 30 0, S_000002b8921681a0;
 .timescale -9 -12;
P_000002b89208cd50 .param/l "c" 0 7 30, +C4<01101>;
L_000002b89238d650 .functor BUFZ 32, L_000002b89235b970, C4<00000000000000000000000000000000>, C4<00000000000000000000000000000000>, C4<00000000000000000000000000000000>;
v000002b891ecac40_0 .net *"_ivl_2", 31 0, L_000002b89238d650;  1 drivers
v000002b891ecb6e0_0 .net "col_in", 31 0, L_000002b89235b6f0;  1 drivers
v000002b891ecae20_0 .net "col_out", 31 0, L_000002b89235b970;  1 drivers
S_000002b892179540 .scope module, "u_bank" "single_column_bank" 7 43, 8 11 0, S_000002b8921793b0;
 .timescale -9 -12;
    .port_info 0 /INPUT 1 "clk";
    .port_info 1 /INPUT 1 "rst_n";
    .port_info 2 /INPUT 8 "addr";
    .port_info 3 /INPUT 1 "wr_en";
    .port_info 4 /INPUT 1 "acc_mode";
    .port_info 5 /INPUT 32 "in_psum";
    .port_info 6 /OUTPUT 32 "out_acc";
P_000002b89217bf20 .param/l "BANK_ID" 0 8 12, +C4<00000000000000000000000000001101>;
P_000002b89217bf58 .param/l "DEPTH_LOG2" 0 8 13, +C4<00000000000000000000000000001000>;
L_000002b89238d9d0 .functor BUFZ 32, L_000002b89235bab0, C4<00000000000000000000000000000000>, C4<00000000000000000000000000000000>, C4<00000000000000000000000000000000>;
v000002b89205bb70_0 .net *"_ivl_0", 31 0, L_000002b89235bab0;  1 drivers
v000002b89205c9d0_0 .net *"_ivl_2", 9 0, L_000002b89235b010;  1 drivers
L_000002b8922ebad8 .functor BUFT 1, C4<00>, C4<0>, C4<0>, C4<0>;
v000002b89205d0b0_0 .net *"_ivl_5", 1 0, L_000002b8922ebad8;  1 drivers
v000002b89205cbb0_0 .net "acc_mode", 0 0, L_000002b892286720;  alias, 1 drivers
v000002b89205d010_0 .net "addr", 7 0, v000002b89226f8e0_0;  alias, 1 drivers
v000002b89205d330_0 .net "clk", 0 0, v000002b8922856e0_0;  alias, 1 drivers
v000002b891ecb5a0_0 .var/i "i", 31 0;
v000002b891ecb640_0 .net "in_psum", 31 0, L_000002b89235b6f0;  alias, 1 drivers
v000002b891ecbb40 .array "mem", 255 0, 31 0;
v000002b891ecb3c0_0 .var/s "next_val", 31 0;
v000002b891ecbd20_0 .net/s "old_val", 31 0, L_000002b89238d9d0;  1 drivers
v000002b891ecbf00_0 .net "out_acc", 31 0, L_000002b89235b970;  alias, 1 drivers
v000002b891eca880_0 .net "rst_n", 0 0, L_000002b8920707f0;  alias, 1 drivers
v000002b891eca920_0 .net "wr_en", 0 0, L_000002b89238cd20;  alias, 1 drivers
E_000002b89208c8d0 .event anyedge, v000002b89207aba0_0, v000002b891ecbd20_0, v000002b891ecb640_0;
L_000002b89235bab0 .array/port v000002b891ecbb40, L_000002b89235b010;
L_000002b89235b010 .concat [ 8 2 0 0], v000002b89226f8e0_0, L_000002b8922ebad8;
L_000002b89235b970 .functor MUXZ 32, L_000002b89238d9d0, v000002b891ecb3c0_0, L_000002b89238cd20, C4<>;
S_000002b89217ee60 .scope generate, "COL_BANK[14]" "COL_BANK[14]" 7 30, 7 30 0, S_000002b8921681a0;
 .timescale -9 -12;
P_000002b89208c250 .param/l "c" 0 7 30, +C4<01110>;
L_000002b89238c3f0 .functor BUFZ 32, L_000002b892359a30, C4<00000000000000000000000000000000>, C4<00000000000000000000000000000000>, C4<00000000000000000000000000000000>;
v000002b891ec8580_0 .net *"_ivl_2", 31 0, L_000002b89238c3f0;  1 drivers
v000002b891ec9ac0_0 .net "col_in", 31 0, L_000002b89235a570;  1 drivers
v000002b891ec9de0_0 .net "col_out", 31 0, L_000002b892359a30;  1 drivers
S_000002b89217d3d0 .scope module, "u_bank" "single_column_bank" 7 43, 8 11 0, S_000002b89217ee60;
 .timescale -9 -12;
    .port_info 0 /INPUT 1 "clk";
    .port_info 1 /INPUT 1 "rst_n";
    .port_info 2 /INPUT 8 "addr";
    .port_info 3 /INPUT 1 "wr_en";
    .port_info 4 /INPUT 1 "acc_mode";
    .port_info 5 /INPUT 32 "in_psum";
    .port_info 6 /OUTPUT 32 "out_acc";
P_000002b89217cd20 .param/l "BANK_ID" 0 8 12, +C4<00000000000000000000000000001110>;
P_000002b89217cd58 .param/l "DEPTH_LOG2" 0 8 13, +C4<00000000000000000000000000001000>;
L_000002b89238d6c0 .functor BUFZ 32, L_000002b89235bf10, C4<00000000000000000000000000000000>, C4<00000000000000000000000000000000>, C4<00000000000000000000000000000000>;
v000002b891ecaec0_0 .net *"_ivl_0", 31 0, L_000002b89235bf10;  1 drivers
v000002b891ecb1e0_0 .net *"_ivl_2", 9 0, L_000002b892359df0;  1 drivers
L_000002b8922ebb20 .functor BUFT 1, C4<00>, C4<0>, C4<0>, C4<0>;
v000002b891ecb320_0 .net *"_ivl_5", 1 0, L_000002b8922ebb20;  1 drivers
v000002b891eca380_0 .net "acc_mode", 0 0, L_000002b892286720;  alias, 1 drivers
v000002b891eca7e0_0 .net "addr", 7 0, v000002b89226f8e0_0;  alias, 1 drivers
v000002b891ec9200_0 .net "clk", 0 0, v000002b8922856e0_0;  alias, 1 drivers
v000002b891ec9520_0 .var/i "i", 31 0;
v000002b891eca240_0 .net "in_psum", 31 0, L_000002b89235a570;  alias, 1 drivers
v000002b891eca740 .array "mem", 255 0, 31 0;
v000002b891ec9ca0_0 .var/s "next_val", 31 0;
v000002b891ec9700_0 .net/s "old_val", 31 0, L_000002b89238d6c0;  1 drivers
v000002b891ec81c0_0 .net "out_acc", 31 0, L_000002b892359a30;  alias, 1 drivers
v000002b891ec9d40_0 .net "rst_n", 0 0, L_000002b8920707f0;  alias, 1 drivers
v000002b891ec8da0_0 .net "wr_en", 0 0, L_000002b89238cd20;  alias, 1 drivers
E_000002b89208cd90 .event anyedge, v000002b89207aba0_0, v000002b891ec9700_0, v000002b891eca240_0;
L_000002b89235bf10 .array/port v000002b891eca740, L_000002b892359df0;
L_000002b892359df0 .concat [ 8 2 0 0], v000002b89226f8e0_0, L_000002b8922ebb20;
L_000002b892359a30 .functor MUXZ 32, L_000002b89238d6c0, v000002b891ec9ca0_0, L_000002b89238cd20, C4<>;
S_000002b89217dec0 .scope generate, "COL_BANK[15]" "COL_BANK[15]" 7 30, 7 30 0, S_000002b8921681a0;
 .timescale -9 -12;
P_000002b89208cdd0 .param/l "c" 0 7 30, +C4<01111>;
L_000002b89238d3b0 .functor BUFZ 32, L_000002b89235a9d0, C4<00000000000000000000000000000000>, C4<00000000000000000000000000000000>, C4<00000000000000000000000000000000>;
v000002b891ee72b0_0 .net *"_ivl_2", 31 0, L_000002b89238d3b0;  1 drivers
v000002b891ee6bd0_0 .net "col_in", 31 0, L_000002b89235b330;  1 drivers
v000002b891ee7170_0 .net "col_out", 31 0, L_000002b89235a9d0;  1 drivers
S_000002b89217d6f0 .scope module, "u_bank" "single_column_bank" 7 43, 8 11 0, S_000002b89217dec0;
 .timescale -9 -12;
    .port_info 0 /INPUT 1 "clk";
    .port_info 1 /INPUT 1 "rst_n";
    .port_info 2 /INPUT 8 "addr";
    .port_info 3 /INPUT 1 "wr_en";
    .port_info 4 /INPUT 1 "acc_mode";
    .port_info 5 /INPUT 32 "in_psum";
    .port_info 6 /OUTPUT 32 "out_acc";
P_000002b89217b820 .param/l "BANK_ID" 0 8 12, +C4<00000000000000000000000000001111>;
P_000002b89217b858 .param/l "DEPTH_LOG2" 0 8 13, +C4<00000000000000000000000000001000>;
L_000002b89238c2a0 .functor BUFZ 32, L_000002b89235b0b0, C4<00000000000000000000000000000000>, C4<00000000000000000000000000000000>, C4<00000000000000000000000000000000>;
v000002b891ec8ee0_0 .net *"_ivl_0", 31 0, L_000002b89235b0b0;  1 drivers
v000002b891ec9340_0 .net *"_ivl_2", 9 0, L_000002b892359b70;  1 drivers
L_000002b8922ebb68 .functor BUFT 1, C4<00>, C4<0>, C4<0>, C4<0>;
v000002b891ec8f80_0 .net *"_ivl_5", 1 0, L_000002b8922ebb68;  1 drivers
v000002b891ec8a80_0 .net "acc_mode", 0 0, L_000002b892286720;  alias, 1 drivers
v000002b891ec9980_0 .net "addr", 7 0, v000002b89226f8e0_0;  alias, 1 drivers
v000002b891ec8bc0_0 .net "clk", 0 0, v000002b8922856e0_0;  alias, 1 drivers
v000002b891ec8260_0 .var/i "i", 31 0;
v000002b891ec9840_0 .net "in_psum", 31 0, L_000002b89235b330;  alias, 1 drivers
v000002b891ec86c0 .array "mem", 255 0, 31 0;
v000002b891eca100_0 .var/s "next_val", 31 0;
v000002b891ec84e0_0 .net/s "old_val", 31 0, L_000002b89238c2a0;  1 drivers
v000002b891ec90c0_0 .net "out_acc", 31 0, L_000002b89235a9d0;  alias, 1 drivers
v000002b891ee7f30_0 .net "rst_n", 0 0, L_000002b8920707f0;  alias, 1 drivers
v000002b891ee70d0_0 .net "wr_en", 0 0, L_000002b89238cd20;  alias, 1 drivers
E_000002b89208cf10 .event anyedge, v000002b89207aba0_0, v000002b891ec84e0_0, v000002b891ec9840_0;
L_000002b89235b0b0 .array/port v000002b891ec86c0, L_000002b892359b70;
L_000002b892359b70 .concat [ 8 2 0 0], v000002b89226f8e0_0, L_000002b8922ebb68;
L_000002b89235a9d0 .functor MUXZ 32, L_000002b89238c2a0, v000002b891eca100_0, L_000002b89238cd20, C4<>;
S_000002b89217d0b0 .scope module, "u_array" "systolic_array" 6 160, 9 14 0, S_000002b89207c3f0;
 .timescale -9 -12;
    .port_info 0 /INPUT 1 "clk";
    .port_info 1 /INPUT 1 "rst_n";
    .port_info 2 /INPUT 1 "en_compute";
    .port_info 3 /INPUT 12 "row_load_en";
    .port_info 4 /INPUT 96 "in_act_vec";
    .port_info 5 /INPUT 128 "in_weight_vec";
    .port_info 6 /OUTPUT 512 "out_psum_vec";
v000002b89226d5e0 .array "act_wires", 191 0;
v000002b89226d5e0_0 .net v000002b89226d5e0 0, 7 0, v000002b891ee5e10_0; 1 drivers
v000002b89226d5e0_1 .net v000002b89226d5e0 1, 7 0, v000002b891ee66d0_0; 1 drivers
v000002b89226d5e0_2 .net v000002b89226d5e0 2, 7 0, v000002b891f10c60_0; 1 drivers
v000002b89226d5e0_3 .net v000002b89226d5e0 3, 7 0, v000002b891f104e0_0; 1 drivers
v000002b89226d5e0_4 .net v000002b89226d5e0 4, 7 0, v000002b891f0f360_0; 1 drivers
v000002b89226d5e0_5 .net v000002b89226d5e0 5, 7 0, v000002b891f68550_0; 1 drivers
v000002b89226d5e0_6 .net v000002b89226d5e0 6, 7 0, v000002b891f699f0_0; 1 drivers
v000002b89226d5e0_7 .net v000002b89226d5e0 7, 7 0, v000002b891dcecc0_0; 1 drivers
v000002b89226d5e0_8 .net v000002b89226d5e0 8, 7 0, v000002b891dcf1c0_0; 1 drivers
v000002b89226d5e0_9 .net v000002b89226d5e0 9, 7 0, v000002b891dbc8a0_0; 1 drivers
v000002b89226d5e0_10 .net v000002b89226d5e0 10, 7 0, v000002b891dbdfc0_0; 1 drivers
v000002b89226d5e0_11 .net v000002b89226d5e0 11, 7 0, v000002b891dddcb0_0; 1 drivers
v000002b89226d5e0_12 .net v000002b89226d5e0 12, 7 0, v000002b891dde6b0_0; 1 drivers
v000002b89226d5e0_13 .net v000002b89226d5e0 13, 7 0, v000002b891e38280_0; 1 drivers
v000002b89226d5e0_14 .net v000002b89226d5e0 14, 7 0, v000002b891e505e0_0; 1 drivers
v000002b89226d5e0_15 .net v000002b89226d5e0 15, 7 0, v000002b891e51440_0; 1 drivers
v000002b89226d5e0_16 .net v000002b89226d5e0 16, 7 0, v000002b891e3b230_0; 1 drivers
v000002b89226d5e0_17 .net v000002b89226d5e0 17, 7 0, v000002b891e62760_0; 1 drivers
v000002b89226d5e0_18 .net v000002b89226d5e0 18, 7 0, v000002b891e226b0_0; 1 drivers
v000002b89226d5e0_19 .net v000002b89226d5e0 19, 7 0, v000002b892193ca0_0; 1 drivers
v000002b89226d5e0_20 .net v000002b89226d5e0 20, 7 0, v000002b8921933e0_0; 1 drivers
v000002b89226d5e0_21 .net v000002b89226d5e0 21, 7 0, v000002b892193340_0; 1 drivers
v000002b89226d5e0_22 .net v000002b89226d5e0 22, 7 0, v000002b892193160_0; 1 drivers
v000002b89226d5e0_23 .net v000002b89226d5e0 23, 7 0, v000002b892192a80_0; 1 drivers
v000002b89226d5e0_24 .net v000002b89226d5e0 24, 7 0, v000002b892197300_0; 1 drivers
v000002b89226d5e0_25 .net v000002b89226d5e0 25, 7 0, v000002b892195280_0; 1 drivers
v000002b89226d5e0_26 .net v000002b89226d5e0 26, 7 0, v000002b892196f40_0; 1 drivers
v000002b89226d5e0_27 .net v000002b89226d5e0 27, 7 0, v000002b892196040_0; 1 drivers
v000002b89226d5e0_28 .net v000002b89226d5e0 28, 7 0, v000002b892198660_0; 1 drivers
v000002b89226d5e0_29 .net v000002b89226d5e0 29, 7 0, v000002b892198d40_0; 1 drivers
v000002b89226d5e0_30 .net v000002b89226d5e0 30, 7 0, v000002b892198ac0_0; 1 drivers
v000002b89226d5e0_31 .net v000002b89226d5e0 31, 7 0, v000002b892198fc0_0; 1 drivers
v000002b89226d5e0_32 .net v000002b89226d5e0 32, 7 0, v000002b89219a500_0; 1 drivers
v000002b89226d5e0_33 .net v000002b89226d5e0 33, 7 0, v000002b89219a3c0_0; 1 drivers
v000002b89226d5e0_34 .net v000002b89226d5e0 34, 7 0, v000002b89218c7c0_0; 1 drivers
v000002b89226d5e0_35 .net v000002b89226d5e0 35, 7 0, v000002b89218cc20_0; 1 drivers
v000002b89226d5e0_36 .net v000002b89226d5e0 36, 7 0, v000002b89218baa0_0; 1 drivers
v000002b89226d5e0_37 .net v000002b89226d5e0 37, 7 0, v000002b89218c040_0; 1 drivers
v000002b89226d5e0_38 .net v000002b89226d5e0 38, 7 0, v000002b89218fd80_0; 1 drivers
v000002b89226d5e0_39 .net v000002b89226d5e0 39, 7 0, v000002b89218fec0_0; 1 drivers
v000002b89226d5e0_40 .net v000002b89226d5e0 40, 7 0, v000002b89218db20_0; 1 drivers
v000002b89226d5e0_41 .net v000002b89226d5e0 41, 7 0, v000002b89218fb00_0; 1 drivers
v000002b89226d5e0_42 .net v000002b89226d5e0 42, 7 0, v000002b892191fe0_0; 1 drivers
v000002b89226d5e0_43 .net v000002b89226d5e0 43, 7 0, v000002b892191860_0; 1 drivers
v000002b89226d5e0_44 .net v000002b89226d5e0 44, 7 0, v000002b892190320_0; 1 drivers
v000002b89226d5e0_45 .net v000002b89226d5e0 45, 7 0, v000002b8921908c0_0; 1 drivers
v000002b89226d5e0_46 .net v000002b89226d5e0 46, 7 0, v000002b8921921c0_0; 1 drivers
v000002b89226d5e0_47 .net v000002b89226d5e0 47, 7 0, v000002b8921a6cd0_0; 1 drivers
v000002b89226d5e0_48 .net v000002b89226d5e0 48, 7 0, v000002b8921a80d0_0; 1 drivers
v000002b89226d5e0_49 .net v000002b89226d5e0 49, 7 0, v000002b8921a6690_0; 1 drivers
v000002b89226d5e0_50 .net v000002b89226d5e0 50, 7 0, v000002b8921a7810_0; 1 drivers
v000002b89226d5e0_51 .net v000002b89226d5e0 51, 7 0, v000002b8921a9430_0; 1 drivers
v000002b89226d5e0_52 .net v000002b89226d5e0 52, 7 0, v000002b8921a88f0_0; 1 drivers
v000002b89226d5e0_53 .net v000002b89226d5e0 53, 7 0, v000002b8921a97f0_0; 1 drivers
v000002b89226d5e0_54 .net v000002b89226d5e0 54, 7 0, v000002b8921a82b0_0; 1 drivers
v000002b89226d5e0_55 .net v000002b89226d5e0 55, 7 0, v000002b8921aba50_0; 1 drivers
v000002b89226d5e0_56 .net v000002b89226d5e0 56, 7 0, v000002b8921ab7d0_0; 1 drivers
v000002b89226d5e0_57 .net v000002b89226d5e0 57, 7 0, v000002b8921ab910_0; 1 drivers
v000002b89226d5e0_58 .net v000002b89226d5e0 58, 7 0, v000002b8921ad0d0_0; 1 drivers
v000002b89226d5e0_59 .net v000002b89226d5e0 59, 7 0, v000002b8921ae2f0_0; 1 drivers
v000002b89226d5e0_60 .net v000002b89226d5e0 60, 7 0, v000002b8921ae070_0; 1 drivers
v000002b89226d5e0_61 .net v000002b89226d5e0 61, 7 0, v000002b8921aec50_0; 1 drivers
v000002b89226d5e0_62 .net v000002b89226d5e0 62, 7 0, v000002b8921aeb10_0; 1 drivers
v000002b89226d5e0_63 .net v000002b89226d5e0 63, 7 0, v000002b8921af470_0; 1 drivers
v000002b89226d5e0_64 .net v000002b89226d5e0 64, 7 0, v000002b8921b0ff0_0; 1 drivers
v000002b89226d5e0_65 .net v000002b89226d5e0 65, 7 0, v000002b8921b04b0_0; 1 drivers
v000002b89226d5e0_66 .net v000002b89226d5e0 66, 7 0, v000002b8921b0c30_0; 1 drivers
v000002b89226d5e0_67 .net v000002b89226d5e0 67, 7 0, v000002b8921b13b0_0; 1 drivers
v000002b89226d5e0_68 .net v000002b89226d5e0 68, 7 0, v000002b8921b2ad0_0; 1 drivers
v000002b89226d5e0_69 .net v000002b89226d5e0 69, 7 0, v000002b8921b2490_0; 1 drivers
v000002b89226d5e0_70 .net v000002b89226d5e0 70, 7 0, v000002b8921a4e30_0; 1 drivers
v000002b89226d5e0_71 .net v000002b89226d5e0 71, 7 0, v000002b8921a5470_0; 1 drivers
v000002b89226d5e0_72 .net v000002b89226d5e0 72, 7 0, v000002b8921a53d0_0; 1 drivers
v000002b89226d5e0_73 .net v000002b89226d5e0 73, 7 0, v000002b8921a50b0_0; 1 drivers
v000002b89226d5e0_74 .net v000002b89226d5e0 74, 7 0, v000002b8921c30a0_0; 1 drivers
v000002b89226d5e0_75 .net v000002b89226d5e0 75, 7 0, v000002b8921c4ea0_0; 1 drivers
v000002b89226d5e0_76 .net v000002b89226d5e0 76, 7 0, v000002b8921c5080_0; 1 drivers
v000002b89226d5e0_77 .net v000002b89226d5e0 77, 7 0, v000002b8921c3000_0; 1 drivers
v000002b89226d5e0_78 .net v000002b89226d5e0 78, 7 0, v000002b8921c5b20_0; 1 drivers
v000002b89226d5e0_79 .net v000002b89226d5e0 79, 7 0, v000002b8921c5620_0; 1 drivers
v000002b89226d5e0_80 .net v000002b89226d5e0 80, 7 0, v000002b8921c5bc0_0; 1 drivers
v000002b89226d5e0_81 .net v000002b89226d5e0 81, 7 0, v000002b8921c59e0_0; 1 drivers
v000002b89226d5e0_82 .net v000002b89226d5e0 82, 7 0, v000002b8921c9900_0; 1 drivers
v000002b89226d5e0_83 .net v000002b89226d5e0 83, 7 0, v000002b8921c9fe0_0; 1 drivers
v000002b89226d5e0_84 .net v000002b89226d5e0 84, 7 0, v000002b8921c8dc0_0; 1 drivers
v000002b89226d5e0_85 .net v000002b89226d5e0 85, 7 0, v000002b8921c9c20_0; 1 drivers
v000002b89226d5e0_86 .net v000002b89226d5e0 86, 7 0, v000002b8921c92c0_0; 1 drivers
v000002b89226d5e0_87 .net v000002b89226d5e0 87, 7 0, v000002b8921caa80_0; 1 drivers
v000002b89226d5e0_88 .net v000002b89226d5e0 88, 7 0, v000002b8921cb160_0; 1 drivers
v000002b89226d5e0_89 .net v000002b89226d5e0 89, 7 0, v000002b8921cba20_0; 1 drivers
v000002b89226d5e0_90 .net v000002b89226d5e0 90, 7 0, v000002b8921cbc00_0; 1 drivers
v000002b89226d5e0_91 .net v000002b89226d5e0 91, 7 0, v000002b8921cee00_0; 1 drivers
v000002b89226d5e0_92 .net v000002b89226d5e0 92, 7 0, v000002b8921cd780_0; 1 drivers
v000002b89226d5e0_93 .net v000002b89226d5e0 93, 7 0, v000002b8921cef40_0; 1 drivers
v000002b89226d5e0_94 .net v000002b89226d5e0 94, 7 0, v000002b8921ce720_0; 1 drivers
v000002b89226d5e0_95 .net v000002b89226d5e0 95, 7 0, v000002b8921cf9e0_0; 1 drivers
v000002b89226d5e0_96 .net v000002b89226d5e0 96, 7 0, v000002b8921cf260_0; 1 drivers
v000002b89226d5e0_97 .net v000002b89226d5e0 97, 7 0, v000002b8921c03a0_0; 1 drivers
v000002b89226d5e0_98 .net v000002b89226d5e0 98, 7 0, v000002b8921c17a0_0; 1 drivers
v000002b89226d5e0_99 .net v000002b89226d5e0 99, 7 0, v000002b8921c1d40_0; 1 drivers
v000002b89226d5e0_100 .net v000002b89226d5e0 100, 7 0, v000002b8921c2880_0; 1 drivers
v000002b89226d5e0_101 .net v000002b89226d5e0 101, 7 0, v000002b8921e8fd0_0; 1 drivers
v000002b89226d5e0_102 .net v000002b89226d5e0 102, 7 0, v000002b8921ea010_0; 1 drivers
v000002b89226d5e0_103 .net v000002b89226d5e0 103, 7 0, v000002b8921e9570_0; 1 drivers
v000002b89226d5e0_104 .net v000002b89226d5e0 104, 7 0, v000002b8921e9b10_0; 1 drivers
v000002b89226d5e0_105 .net v000002b89226d5e0 105, 7 0, v000002b8921ea1f0_0; 1 drivers
v000002b89226d5e0_106 .net v000002b89226d5e0 106, 7 0, v000002b8921eab50_0; 1 drivers
v000002b89226d5e0_107 .net v000002b89226d5e0 107, 7 0, v000002b8921eb690_0; 1 drivers
v000002b89226d5e0_108 .net v000002b89226d5e0 108, 7 0, v000002b8921eb730_0; 1 drivers
v000002b89226d5e0_109 .net v000002b89226d5e0 109, 7 0, v000002b8921eb9b0_0; 1 drivers
v000002b89226d5e0_110 .net v000002b89226d5e0 110, 7 0, v000002b8921edfd0_0; 1 drivers
v000002b89226d5e0_111 .net v000002b89226d5e0 111, 7 0, v000002b8921ee6b0_0; 1 drivers
v000002b89226d5e0_112 .net v000002b89226d5e0 112, 7 0, v000002b8921ee610_0; 1 drivers
v000002b89226d5e0_113 .net v000002b89226d5e0 113, 7 0, v000002b8921ecf90_0; 1 drivers
v000002b89226d5e0_114 .net v000002b89226d5e0 114, 7 0, v000002b8921effb0_0; 1 drivers
v000002b89226d5e0_115 .net v000002b89226d5e0 115, 7 0, v000002b8921e1e10_0; 1 drivers
v000002b89226d5e0_116 .net v000002b89226d5e0 116, 7 0, v000002b8921e2630_0; 1 drivers
v000002b89226d5e0_117 .net v000002b89226d5e0 117, 7 0, v000002b8921e1230_0; 1 drivers
v000002b89226d5e0_118 .net v000002b89226d5e0 118, 7 0, v000002b8921e23b0_0; 1 drivers
v000002b89226d5e0_119 .net v000002b89226d5e0 119, 7 0, v000002b8921e0790_0; 1 drivers
v000002b89226d5e0_120 .net v000002b89226d5e0 120, 7 0, v000002b8921e3c10_0; 1 drivers
v000002b89226d5e0_121 .net v000002b89226d5e0 121, 7 0, v000002b8921e5010_0; 1 drivers
v000002b89226d5e0_122 .net v000002b89226d5e0 122, 7 0, v000002b8921e4890_0; 1 drivers
v000002b89226d5e0_123 .net v000002b89226d5e0 123, 7 0, v000002b8921e4070_0; 1 drivers
v000002b89226d5e0_124 .net v000002b89226d5e0 124, 7 0, v000002b8921e56f0_0; 1 drivers
v000002b89226d5e0_125 .net v000002b89226d5e0 125, 7 0, v000002b8921e6190_0; 1 drivers
v000002b89226d5e0_126 .net v000002b89226d5e0 126, 7 0, v000002b8921e67d0_0; 1 drivers
v000002b89226d5e0_127 .net v000002b89226d5e0 127, 7 0, v000002b8921e5fb0_0; 1 drivers
v000002b89226d5e0_128 .net v000002b89226d5e0 128, 7 0, v000002b892231690_0; 1 drivers
v000002b89226d5e0_129 .net v000002b89226d5e0 129, 7 0, v000002b892231730_0; 1 drivers
v000002b89226d5e0_130 .net v000002b89226d5e0 130, 7 0, v000002b892230830_0; 1 drivers
v000002b89226d5e0_131 .net v000002b89226d5e0 131, 7 0, v000002b8922312d0_0; 1 drivers
v000002b89226d5e0_132 .net v000002b89226d5e0 132, 7 0, v000002b892230e70_0; 1 drivers
v000002b89226d5e0_133 .net v000002b89226d5e0 133, 7 0, v000002b8922323b0_0; 1 drivers
v000002b89226d5e0_134 .net v000002b89226d5e0 134, 7 0, v000002b892233b70_0; 1 drivers
v000002b89226d5e0_135 .net v000002b89226d5e0 135, 7 0, v000002b892234070_0; 1 drivers
v000002b89226d5e0_136 .net v000002b89226d5e0 136, 7 0, v000002b892233cb0_0; 1 drivers
v000002b89226d5e0_137 .net v000002b89226d5e0 137, 7 0, v000002b892234570_0; 1 drivers
v000002b89226d5e0_138 .net v000002b89226d5e0 138, 7 0, v000002b8922365f0_0; 1 drivers
v000002b89226d5e0_139 .net v000002b89226d5e0 139, 7 0, v000002b8922353d0_0; 1 drivers
v000002b89226d5e0_140 .net v000002b89226d5e0 140, 7 0, v000002b892234390_0; 1 drivers
v000002b89226d5e0_141 .net v000002b89226d5e0 141, 7 0, v000002b892238210_0; 1 drivers
v000002b89226d5e0_142 .net v000002b89226d5e0 142, 7 0, v000002b892237950_0; 1 drivers
v000002b89226d5e0_143 .net v000002b89226d5e0 143, 7 0, v000002b892238350_0; 1 drivers
v000002b89226d5e0_144 .net v000002b89226d5e0 144, 7 0, v000002b892236c30_0; 1 drivers
v000002b89226d5e0_145 .net v000002b89226d5e0 145, 7 0, v000002b89223a1f0_0; 1 drivers
v000002b89226d5e0_146 .net v000002b89226d5e0 146, 7 0, v000002b89223a0b0_0; 1 drivers
v000002b89226d5e0_147 .net v000002b89226d5e0 147, 7 0, v000002b892239250_0; 1 drivers
v000002b89226d5e0_148 .net v000002b89226d5e0 148, 7 0, v000002b892239a70_0; 1 drivers
v000002b89226d5e0_149 .net v000002b89226d5e0 149, 7 0, v000002b892239f70_0; 1 drivers
v000002b89226d5e0_150 .net v000002b89226d5e0 150, 7 0, v000002b89223be10_0; 1 drivers
v000002b89226d5e0_151 .net v000002b89226d5e0 151, 7 0, v000002b89223cbd0_0; 1 drivers
v000002b89226d5e0_152 .net v000002b89226d5e0 152, 7 0, v000002b89223c810_0; 1 drivers
v000002b89226d5e0_153 .net v000002b89226d5e0 153, 7 0, v000002b89223d670_0; 1 drivers
v000002b89226d5e0_154 .net v000002b89226d5e0 154, 7 0, v000002b89223f650_0; 1 drivers
v000002b89226d5e0_155 .net v000002b89226d5e0 155, 7 0, v000002b89223e610_0; 1 drivers
v000002b89226d5e0_156 .net v000002b89226d5e0 156, 7 0, v000002b89223e1b0_0; 1 drivers
v000002b89226d5e0_157 .net v000002b89226d5e0 157, 7 0, v000002b89223fbf0_0; 1 drivers
v000002b89226d5e0_158 .net v000002b89226d5e0 158, 7 0, v000002b892240910_0; 1 drivers
v000002b89226d5e0_159 .net v000002b89226d5e0 159, 7 0, v000002b8922418b0_0; 1 drivers
v000002b89226d5e0_160 .net v000002b89226d5e0 160, 7 0, v000002b892241450_0; 1 drivers
v000002b89226d5e0_161 .net v000002b89226d5e0 161, 7 0, v000002b892241310_0; 1 drivers
v000002b89226d5e0_162 .net v000002b89226d5e0 162, 7 0, v000002b892244790_0; 1 drivers
v000002b89226d5e0_163 .net v000002b89226d5e0 163, 7 0, v000002b892245410_0; 1 drivers
v000002b89226d5e0_164 .net v000002b89226d5e0 164, 7 0, v000002b8922452d0_0; 1 drivers
v000002b89226d5e0_165 .net v000002b89226d5e0 165, 7 0, v000002b892244470_0; 1 drivers
v000002b89226d5e0_166 .net v000002b89226d5e0 166, 7 0, v000002b892244d30_0; 1 drivers
v000002b89226d5e0_167 .net v000002b89226d5e0 167, 7 0, v000002b892247710_0; 1 drivers
v000002b89226d5e0_168 .net v000002b89226d5e0 168, 7 0, v000002b892247990_0; 1 drivers
v000002b89226d5e0_169 .net v000002b89226d5e0 169, 7 0, v000002b8922473f0_0; 1 drivers
v000002b89226d5e0_170 .net v000002b89226d5e0 170, 7 0, v000002b892245e10_0; 1 drivers
v000002b89226d5e0_171 .net v000002b89226d5e0 171, 7 0, v000002b8922482f0_0; 1 drivers
v000002b89226d5e0_172 .net v000002b89226d5e0 172, 7 0, v000002b892249470_0; 1 drivers
v000002b89226d5e0_173 .net v000002b89226d5e0 173, 7 0, v000002b8922490b0_0; 1 drivers
v000002b89226d5e0_174 .net v000002b89226d5e0 174, 7 0, v000002b8922491f0_0; 1 drivers
v000002b89226d5e0_175 .net v000002b89226d5e0 175, 7 0, v000002b89224bdb0_0; 1 drivers
v000002b89226d5e0_176 .net v000002b89226d5e0 176, 7 0, v000002b89224c5d0_0; 1 drivers
v000002b89226d5e0_177 .net v000002b89226d5e0 177, 7 0, v000002b89224ce90_0; 1 drivers
v000002b89226d5e0_178 .net v000002b89226d5e0 178, 7 0, v000002b89224c990_0; 1 drivers
v000002b89226d5e0_179 .net v000002b89226d5e0 179, 7 0, v000002b89224e290_0; 1 drivers
v000002b89226d5e0_180 .net v000002b89226d5e0 180, 7 0, v000002b89224e0b0_0; 1 drivers
v000002b89226d5e0_181 .net v000002b89226d5e0 181, 7 0, v000002b89224df70_0; 1 drivers
v000002b89226d5e0_182 .net v000002b89226d5e0 182, 7 0, v000002b892267500_0; 1 drivers
v000002b89226d5e0_183 .net v000002b89226d5e0 183, 7 0, v000002b8922678c0_0; 1 drivers
v000002b89226d5e0_184 .net v000002b89226d5e0 184, 7 0, v000002b892269080_0; 1 drivers
v000002b89226d5e0_185 .net v000002b89226d5e0 185, 7 0, v000002b892269760_0; 1 drivers
v000002b89226d5e0_186 .net v000002b89226d5e0 186, 7 0, v000002b89226a340_0; 1 drivers
v000002b89226d5e0_187 .net v000002b89226d5e0 187, 7 0, v000002b89226b920_0; 1 drivers
v000002b89226d5e0_188 .net v000002b89226d5e0 188, 7 0, v000002b89226b6a0_0; 1 drivers
v000002b89226d5e0_189 .net v000002b89226d5e0 189, 7 0, v000002b89226b1a0_0; 1 drivers
v000002b89226d5e0_190 .net v000002b89226d5e0 190, 7 0, v000002b89226d2c0_0; 1 drivers
v000002b89226d5e0_191 .net v000002b89226d5e0 191, 7 0, v000002b89226c3c0_0; 1 drivers
v000002b89226d540_0 .net "clk", 0 0, v000002b8922856e0_0;  alias, 1 drivers
v000002b89226cc80_0 .net "en_compute", 0 0, L_000002b8922eb268;  alias, 1 drivers
v000002b89226e580_0 .net "in_act_vec", 95 0, L_000002b8923489b0;  alias, 1 drivers
v000002b89226e6c0_0 .net "in_weight_vec", 127 0, v000002b8922709c0_0;  1 drivers
v000002b89226c280_0 .net "out_psum_vec", 511 0, L_000002b892358770;  alias, 1 drivers
v000002b89226cfa0 .array "psum_wires", 191 0;
v000002b89226cfa0_0 .net v000002b89226cfa0 0, 31 0, v000002b891ee5af0_0; 1 drivers
v000002b89226cfa0_1 .net v000002b89226cfa0 1, 31 0, v000002b891ee6770_0; 1 drivers
v000002b89226cfa0_2 .net v000002b89226cfa0 2, 31 0, v000002b891f10e40_0; 1 drivers
v000002b89226cfa0_3 .net v000002b89226cfa0 3, 31 0, v000002b891f10800_0; 1 drivers
v000002b89226cfa0_4 .net v000002b89226cfa0 4, 31 0, v000002b891f66d90_0; 1 drivers
v000002b89226cfa0_5 .net v000002b89226cfa0 5, 31 0, v000002b891f670b0_0; 1 drivers
v000002b89226cfa0_6 .net v000002b89226cfa0 6, 31 0, v000002b891f68c30_0; 1 drivers
v000002b89226cfa0_7 .net v000002b89226cfa0 7, 31 0, v000002b891dcd820_0; 1 drivers
v000002b89226cfa0_8 .net v000002b89226cfa0 8, 31 0, v000002b891dce0e0_0; 1 drivers
v000002b89226cfa0_9 .net v000002b89226cfa0 9, 31 0, v000002b891dbc4e0_0; 1 drivers
v000002b89226cfa0_10 .net v000002b89226cfa0 10, 31 0, v000002b891dbdc00_0; 1 drivers
v000002b89226cfa0_11 .net v000002b89226cfa0 11, 31 0, v000002b891ddd170_0; 1 drivers
v000002b89226cfa0_12 .net v000002b89226cfa0 12, 31 0, v000002b891dde930_0; 1 drivers
v000002b89226cfa0_13 .net v000002b89226cfa0 13, 31 0, v000002b891e39680_0; 1 drivers
v000002b89226cfa0_14 .net v000002b89226cfa0 14, 31 0, v000002b891e50b80_0; 1 drivers
v000002b89226cfa0_15 .net v000002b89226cfa0 15, 31 0, v000002b891e51940_0; 1 drivers
v000002b89226cfa0_16 .net v000002b89226cfa0 16, 31 0, v000002b891e3a6f0_0; 1 drivers
v000002b89226cfa0_17 .net v000002b89226cfa0 17, 31 0, v000002b891e635c0_0; 1 drivers
v000002b89226cfa0_18 .net v000002b89226cfa0 18, 31 0, v000002b891e227f0_0; 1 drivers
v000002b89226cfa0_19 .net v000002b89226cfa0 19, 31 0, v000002b8921935c0_0; 1 drivers
v000002b89226cfa0_20 .net v000002b89226cfa0 20, 31 0, v000002b8921929e0_0; 1 drivers
v000002b89226cfa0_21 .net v000002b89226cfa0 21, 31 0, v000002b8921946a0_0; 1 drivers
v000002b89226cfa0_22 .net v000002b89226cfa0 22, 31 0, v000002b8921944c0_0; 1 drivers
v000002b89226cfa0_23 .net v000002b89226cfa0 23, 31 0, v000002b892192bc0_0; 1 drivers
v000002b89226cfa0_24 .net v000002b89226cfa0 24, 31 0, v000002b8921978a0_0; 1 drivers
v000002b89226cfa0_25 .net v000002b89226cfa0 25, 31 0, v000002b8921974e0_0; 1 drivers
v000002b89226cfa0_26 .net v000002b89226cfa0 26, 31 0, v000002b892196720_0; 1 drivers
v000002b89226cfa0_27 .net v000002b89226cfa0 27, 31 0, v000002b892195460_0; 1 drivers
v000002b89226cfa0_28 .net v000002b89226cfa0 28, 31 0, v000002b8921982a0_0; 1 drivers
v000002b89226cfa0_29 .net v000002b89226cfa0 29, 31 0, v000002b892199c40_0; 1 drivers
v000002b89226cfa0_30 .net v000002b89226cfa0 30, 31 0, v000002b892197e40_0; 1 drivers
v000002b89226cfa0_31 .net v000002b89226cfa0 31, 31 0, v000002b892198160_0; 1 drivers
v000002b89226cfa0_32 .net v000002b89226cfa0 32, 31 0, v000002b89219ad20_0; 1 drivers
v000002b89226cfa0_33 .net v000002b89226cfa0 33, 31 0, v000002b89219abe0_0; 1 drivers
v000002b89226cfa0_34 .net v000002b89226cfa0 34, 31 0, v000002b89218b140_0; 1 drivers
v000002b89226cfa0_35 .net v000002b89226cfa0 35, 31 0, v000002b89218c4a0_0; 1 drivers
v000002b89226cfa0_36 .net v000002b89226cfa0 36, 31 0, v000002b89218c900_0; 1 drivers
v000002b89226cfa0_37 .net v000002b89226cfa0 37, 31 0, v000002b89218c0e0_0; 1 drivers
v000002b89226cfa0_38 .net v000002b89226cfa0 38, 31 0, v000002b89218ec00_0; 1 drivers
v000002b89226cfa0_39 .net v000002b89226cfa0 39, 31 0, v000002b892190000_0; 1 drivers
v000002b89226cfa0_40 .net v000002b89226cfa0 40, 31 0, v000002b89218df80_0; 1 drivers
v000002b89226cfa0_41 .net v000002b89226cfa0 41, 31 0, v000002b89218e020_0; 1 drivers
v000002b89226cfa0_42 .net v000002b89226cfa0 42, 31 0, v000002b892190dc0_0; 1 drivers
v000002b89226cfa0_43 .net v000002b89226cfa0 43, 31 0, v000002b892192120_0; 1 drivers
v000002b89226cfa0_44 .net v000002b89226cfa0 44, 31 0, v000002b892190500_0; 1 drivers
v000002b89226cfa0_45 .net v000002b89226cfa0 45, 31 0, v000002b892190f00_0; 1 drivers
v000002b89226cfa0_46 .net v000002b89226cfa0 46, 31 0, v000002b892191360_0; 1 drivers
v000002b89226cfa0_47 .net v000002b89226cfa0 47, 31 0, v000002b8921a5ab0_0; 1 drivers
v000002b89226cfa0_48 .net v000002b89226cfa0 48, 31 0, v000002b8921a6370_0; 1 drivers
v000002b89226cfa0_49 .net v000002b89226cfa0 49, 31 0, v000002b8921a6e10_0; 1 drivers
v000002b89226cfa0_50 .net v000002b89226cfa0 50, 31 0, v000002b8921a73b0_0; 1 drivers
v000002b89226cfa0_51 .net v000002b89226cfa0 51, 31 0, v000002b8921a9250_0; 1 drivers
v000002b89226cfa0_52 .net v000002b89226cfa0 52, 31 0, v000002b8921aa330_0; 1 drivers
v000002b89226cfa0_53 .net v000002b89226cfa0 53, 31 0, v000002b8921aa5b0_0; 1 drivers
v000002b89226cfa0_54 .net v000002b89226cfa0 54, 31 0, v000002b8921a9110_0; 1 drivers
v000002b89226cfa0_55 .net v000002b89226cfa0 55, 31 0, v000002b8921ac4f0_0; 1 drivers
v000002b89226cfa0_56 .net v000002b89226cfa0 56, 31 0, v000002b8921aaa10_0; 1 drivers
v000002b89226cfa0_57 .net v000002b89226cfa0 57, 31 0, v000002b8921ab370_0; 1 drivers
v000002b89226cfa0_58 .net v000002b89226cfa0 58, 31 0, v000002b8921ac310_0; 1 drivers
v000002b89226cfa0_59 .net v000002b89226cfa0 59, 31 0, v000002b8921ad670_0; 1 drivers
v000002b89226cfa0_60 .net v000002b89226cfa0 60, 31 0, v000002b8921ae4d0_0; 1 drivers
v000002b89226cfa0_61 .net v000002b89226cfa0 61, 31 0, v000002b8921ae750_0; 1 drivers
v000002b89226cfa0_62 .net v000002b89226cfa0 62, 31 0, v000002b8921adf30_0; 1 drivers
v000002b89226cfa0_63 .net v000002b89226cfa0 63, 31 0, v000002b8921af510_0; 1 drivers
v000002b89226cfa0_64 .net v000002b89226cfa0 64, 31 0, v000002b8921af970_0; 1 drivers
v000002b89226cfa0_65 .net v000002b89226cfa0 65, 31 0, v000002b8921b02d0_0; 1 drivers
v000002b89226cfa0_66 .net v000002b89226cfa0 66, 31 0, v000002b8921b0a50_0; 1 drivers
v000002b89226cfa0_67 .net v000002b89226cfa0 67, 31 0, v000002b8921b18b0_0; 1 drivers
v000002b89226cfa0_68 .net v000002b89226cfa0 68, 31 0, v000002b8921b2530_0; 1 drivers
v000002b89226cfa0_69 .net v000002b89226cfa0 69, 31 0, v000002b8921b23f0_0; 1 drivers
v000002b89226cfa0_70 .net v000002b89226cfa0 70, 31 0, v000002b8921a47f0_0; 1 drivers
v000002b89226cfa0_71 .net v000002b89226cfa0 71, 31 0, v000002b8921a3a30_0; 1 drivers
v000002b89226cfa0_72 .net v000002b89226cfa0 72, 31 0, v000002b8921a41b0_0; 1 drivers
v000002b89226cfa0_73 .net v000002b89226cfa0 73, 31 0, v000002b8921a5830_0; 1 drivers
v000002b89226cfa0_74 .net v000002b89226cfa0 74, 31 0, v000002b8921c2e20_0; 1 drivers
v000002b89226cfa0_75 .net v000002b89226cfa0 75, 31 0, v000002b8921c36e0_0; 1 drivers
v000002b89226cfa0_76 .net v000002b89226cfa0 76, 31 0, v000002b8921c35a0_0; 1 drivers
v000002b89226cfa0_77 .net v000002b89226cfa0 77, 31 0, v000002b8921c4220_0; 1 drivers
v000002b89226cfa0_78 .net v000002b89226cfa0 78, 31 0, v000002b8921c7560_0; 1 drivers
v000002b89226cfa0_79 .net v000002b89226cfa0 79, 31 0, v000002b8921c6ca0_0; 1 drivers
v000002b89226cfa0_80 .net v000002b89226cfa0 80, 31 0, v000002b8921c6a20_0; 1 drivers
v000002b89226cfa0_81 .net v000002b89226cfa0 81, 31 0, v000002b8921c53a0_0; 1 drivers
v000002b89226cfa0_82 .net v000002b89226cfa0 82, 31 0, v000002b8921c8460_0; 1 drivers
v000002b89226cfa0_83 .net v000002b89226cfa0 83, 31 0, v000002b8921c83c0_0; 1 drivers
v000002b89226cfa0_84 .net v000002b89226cfa0 84, 31 0, v000002b8921c86e0_0; 1 drivers
v000002b89226cfa0_85 .net v000002b89226cfa0 85, 31 0, v000002b8921c9cc0_0; 1 drivers
v000002b89226cfa0_86 .net v000002b89226cfa0 86, 31 0, v000002b8921c9400_0; 1 drivers
v000002b89226cfa0_87 .net v000002b89226cfa0 87, 31 0, v000002b8921cab20_0; 1 drivers
v000002b89226cfa0_88 .net v000002b89226cfa0 88, 31 0, v000002b8921ca1c0_0; 1 drivers
v000002b89226cfa0_89 .net v000002b89226cfa0 89, 31 0, v000002b8921ca3a0_0; 1 drivers
v000002b89226cfa0_90 .net v000002b89226cfa0 90, 31 0, v000002b8921cbd40_0; 1 drivers
v000002b89226cfa0_91 .net v000002b89226cfa0 91, 31 0, v000002b8921cde60_0; 1 drivers
v000002b89226cfa0_92 .net v000002b89226cfa0 92, 31 0, v000002b8921ce220_0; 1 drivers
v000002b89226cfa0_93 .net v000002b89226cfa0 93, 31 0, v000002b8921cdc80_0; 1 drivers
v000002b89226cfa0_94 .net v000002b89226cfa0 94, 31 0, v000002b8921ceae0_0; 1 drivers
v000002b89226cfa0_95 .net v000002b89226cfa0 95, 31 0, v000002b8921cf3a0_0; 1 drivers
v000002b89226cfa0_96 .net v000002b89226cfa0 96, 31 0, v000002b8921cf300_0; 1 drivers
v000002b89226cfa0_97 .net v000002b89226cfa0 97, 31 0, v000002b8921c15c0_0; 1 drivers
v000002b89226cfa0_98 .net v000002b89226cfa0 98, 31 0, v000002b8921c09e0_0; 1 drivers
v000002b89226cfa0_99 .net v000002b89226cfa0 99, 31 0, v000002b8921c1a20_0; 1 drivers
v000002b89226cfa0_100 .net v000002b89226cfa0 100, 31 0, v000002b8921c0260_0; 1 drivers
v000002b89226cfa0_101 .net v000002b89226cfa0 101, 31 0, v000002b8921e83f0_0; 1 drivers
v000002b89226cfa0_102 .net v000002b89226cfa0 102, 31 0, v000002b8921e9f70_0; 1 drivers
v000002b89226cfa0_103 .net v000002b89226cfa0 103, 31 0, v000002b8921e7e50_0; 1 drivers
v000002b89226cfa0_104 .net v000002b89226cfa0 104, 31 0, v000002b8921e8990_0; 1 drivers
v000002b89226cfa0_105 .net v000002b89226cfa0 105, 31 0, v000002b8921ea510_0; 1 drivers
v000002b89226cfa0_106 .net v000002b89226cfa0 106, 31 0, v000002b8921ec6d0_0; 1 drivers
v000002b89226cfa0_107 .net v000002b89226cfa0 107, 31 0, v000002b8921ebcd0_0; 1 drivers
v000002b89226cfa0_108 .net v000002b89226cfa0 108, 31 0, v000002b8921ea3d0_0; 1 drivers
v000002b89226cfa0_109 .net v000002b89226cfa0 109, 31 0, v000002b8921eb370_0; 1 drivers
v000002b89226cfa0_110 .net v000002b89226cfa0 110, 31 0, v000002b8921ed8f0_0; 1 drivers
v000002b89226cfa0_111 .net v000002b89226cfa0 111, 31 0, v000002b8921edb70_0; 1 drivers
v000002b89226cfa0_112 .net v000002b89226cfa0 112, 31 0, v000002b8921ee2f0_0; 1 drivers
v000002b89226cfa0_113 .net v000002b89226cfa0 113, 31 0, v000002b8921ed030_0; 1 drivers
v000002b89226cfa0_114 .net v000002b89226cfa0 114, 31 0, v000002b8921ef470_0; 1 drivers
v000002b89226cfa0_115 .net v000002b89226cfa0 115, 31 0, v000002b8921e1690_0; 1 drivers
v000002b89226cfa0_116 .net v000002b89226cfa0 116, 31 0, v000002b8921e1730_0; 1 drivers
v000002b89226cfa0_117 .net v000002b89226cfa0 117, 31 0, v000002b8921e03d0_0; 1 drivers
v000002b89226cfa0_118 .net v000002b89226cfa0 118, 31 0, v000002b8921e12d0_0; 1 drivers
v000002b89226cfa0_119 .net v000002b89226cfa0 119, 31 0, v000002b8921e08d0_0; 1 drivers
v000002b89226cfa0_120 .net v000002b89226cfa0 120, 31 0, v000002b8921e2db0_0; 1 drivers
v000002b89226cfa0_121 .net v000002b89226cfa0 121, 31 0, v000002b8921e2a90_0; 1 drivers
v000002b89226cfa0_122 .net v000002b89226cfa0 122, 31 0, v000002b8921e2c70_0; 1 drivers
v000002b89226cfa0_123 .net v000002b89226cfa0 123, 31 0, v000002b8921e4110_0; 1 drivers
v000002b89226cfa0_124 .net v000002b89226cfa0 124, 31 0, v000002b8921e6410_0; 1 drivers
v000002b89226cfa0_125 .net v000002b89226cfa0 125, 31 0, v000002b8921e74f0_0; 1 drivers
v000002b89226cfa0_126 .net v000002b89226cfa0 126, 31 0, v000002b8921e5bf0_0; 1 drivers
v000002b89226cfa0_127 .net v000002b89226cfa0 127, 31 0, v000002b8921e73b0_0; 1 drivers
v000002b89226cfa0_128 .net v000002b89226cfa0 128, 31 0, v000002b8922306f0_0; 1 drivers
v000002b89226cfa0_129 .net v000002b89226cfa0 129, 31 0, v000002b89222fed0_0; 1 drivers
v000002b89226cfa0_130 .net v000002b89226cfa0 130, 31 0, v000002b89222f250_0; 1 drivers
v000002b89226cfa0_131 .net v000002b89226cfa0 131, 31 0, v000002b892230510_0; 1 drivers
v000002b89226cfa0_132 .net v000002b89226cfa0 132, 31 0, v000002b892233530_0; 1 drivers
v000002b89226cfa0_133 .net v000002b89226cfa0 133, 31 0, v000002b892231cd0_0; 1 drivers
v000002b89226cfa0_134 .net v000002b89226cfa0 134, 31 0, v000002b892232ef0_0; 1 drivers
v000002b89226cfa0_135 .net v000002b89226cfa0 135, 31 0, v000002b892232bd0_0; 1 drivers
v000002b89226cfa0_136 .net v000002b89226cfa0 136, 31 0, v000002b892231ff0_0; 1 drivers
v000002b89226cfa0_137 .net v000002b89226cfa0 137, 31 0, v000002b892235fb0_0; 1 drivers
v000002b89226cfa0_138 .net v000002b89226cfa0 138, 31 0, v000002b892236730_0; 1 drivers
v000002b89226cfa0_139 .net v000002b89226cfa0 139, 31 0, v000002b892235330_0; 1 drivers
v000002b89226cfa0_140 .net v000002b89226cfa0 140, 31 0, v000002b892234430_0; 1 drivers
v000002b89226cfa0_141 .net v000002b89226cfa0 141, 31 0, v000002b892239070_0; 1 drivers
v000002b89226cfa0_142 .net v000002b89226cfa0 142, 31 0, v000002b892236f50_0; 1 drivers
v000002b89226cfa0_143 .net v000002b89226cfa0 143, 31 0, v000002b8922374f0_0; 1 drivers
v000002b89226cfa0_144 .net v000002b89226cfa0 144, 31 0, v000002b892237c70_0; 1 drivers
v000002b89226cfa0_145 .net v000002b89226cfa0 145, 31 0, v000002b89223b690_0; 1 drivers
v000002b89226cfa0_146 .net v000002b89226cfa0 146, 31 0, v000002b89223a830_0; 1 drivers
v000002b89226cfa0_147 .net v000002b89226cfa0 147, 31 0, v000002b89223a650_0; 1 drivers
v000002b89226cfa0_148 .net v000002b89226cfa0 148, 31 0, v000002b89223ab50_0; 1 drivers
v000002b89226cfa0_149 .net v000002b89226cfa0 149, 31 0, v000002b89223a010_0; 1 drivers
v000002b89226cfa0_150 .net v000002b89226cfa0 150, 31 0, v000002b89223d850_0; 1 drivers
v000002b89226cfa0_151 .net v000002b89226cfa0 151, 31 0, v000002b89223dd50_0; 1 drivers
v000002b89226cfa0_152 .net v000002b89226cfa0 152, 31 0, v000002b89223cc70_0; 1 drivers
v000002b89226cfa0_153 .net v000002b89226cfa0 153, 31 0, v000002b89223d7b0_0; 1 drivers
v000002b89226cfa0_154 .net v000002b89226cfa0 154, 31 0, v000002b89223f150_0; 1 drivers
v000002b89226cfa0_155 .net v000002b89226cfa0 155, 31 0, v000002b89223ecf0_0; 1 drivers
v000002b89226cfa0_156 .net v000002b89226cfa0 156, 31 0, v000002b89223f8d0_0; 1 drivers
v000002b89226cfa0_157 .net v000002b89226cfa0 157, 31 0, v000002b89223ffb0_0; 1 drivers
v000002b89226cfa0_158 .net v000002b89226cfa0 158, 31 0, v000002b892240c30_0; 1 drivers
v000002b89226cfa0_159 .net v000002b89226cfa0 159, 31 0, v000002b892242c10_0; 1 drivers
v000002b89226cfa0_160 .net v000002b89226cfa0 160, 31 0, v000002b892240ff0_0; 1 drivers
v000002b89226cfa0_161 .net v000002b89226cfa0 161, 31 0, v000002b892242170_0; 1 drivers
v000002b89226cfa0_162 .net v000002b89226cfa0 162, 31 0, v000002b892244a10_0; 1 drivers
v000002b89226cfa0_163 .net v000002b89226cfa0 163, 31 0, v000002b8922439d0_0; 1 drivers
v000002b89226cfa0_164 .net v000002b89226cfa0 164, 31 0, v000002b892244150_0; 1 drivers
v000002b89226cfa0_165 .net v000002b89226cfa0 165, 31 0, v000002b892243390_0; 1 drivers
v000002b89226cfa0_166 .net v000002b89226cfa0 166, 31 0, v000002b892244dd0_0; 1 drivers
v000002b89226cfa0_167 .net v000002b89226cfa0 167, 31 0, v000002b8922470d0_0; 1 drivers
v000002b89226cfa0_168 .net v000002b89226cfa0 168, 31 0, v000002b892245ff0_0; 1 drivers
v000002b89226cfa0_169 .net v000002b89226cfa0 169, 31 0, v000002b892245f50_0; 1 drivers
v000002b89226cfa0_170 .net v000002b89226cfa0 170, 31 0, v000002b892246f90_0; 1 drivers
v000002b89226cfa0_171 .net v000002b89226cfa0 171, 31 0, v000002b892249d30_0; 1 drivers
v000002b89226cfa0_172 .net v000002b89226cfa0 172, 31 0, v000002b8922493d0_0; 1 drivers
v000002b89226cfa0_173 .net v000002b89226cfa0 173, 31 0, v000002b89224a4b0_0; 1 drivers
v000002b89226cfa0_174 .net v000002b89226cfa0 174, 31 0, v000002b8922495b0_0; 1 drivers
v000002b89226cfa0_175 .net v000002b89226cfa0 175, 31 0, v000002b89224b450_0; 1 drivers
v000002b89226cfa0_176 .net v000002b89226cfa0 176, 31 0, v000002b89224c8f0_0; 1 drivers
v000002b89226cfa0_177 .net v000002b89226cfa0 177, 31 0, v000002b89224cad0_0; 1 drivers
v000002b89226cfa0_178 .net v000002b89226cfa0 178, 31 0, v000002b89224c490_0; 1 drivers
v000002b89226cfa0_179 .net v000002b89226cfa0 179, 31 0, v000002b89224e510_0; 1 drivers
v000002b89226cfa0_180 .net v000002b89226cfa0 180, 31 0, v000002b89224eab0_0; 1 drivers
v000002b89226cfa0_181 .net v000002b89226cfa0 181, 31 0, v000002b89224e010_0; 1 drivers
v000002b89226cfa0_182 .net v000002b89226cfa0 182, 31 0, v000002b8922691c0_0; 1 drivers
v000002b89226cfa0_183 .net v000002b89226cfa0 183, 31 0, v000002b892268220_0; 1 drivers
v000002b89226cfa0_184 .net v000002b89226cfa0 184, 31 0, v000002b892268cc0_0; 1 drivers
v000002b89226cfa0_185 .net v000002b89226cfa0 185, 31 0, v000002b892267280_0; 1 drivers
v000002b89226cfa0_186 .net v000002b89226cfa0 186, 31 0, v000002b89226afc0_0; 1 drivers
v000002b89226cfa0_187 .net v000002b89226cfa0 187, 31 0, v000002b89226b7e0_0; 1 drivers
v000002b89226cfa0_188 .net v000002b89226cfa0 188, 31 0, v000002b89226b060_0; 1 drivers
v000002b89226cfa0_189 .net v000002b89226cfa0 189, 31 0, v000002b89226b100_0; 1 drivers
v000002b89226cfa0_190 .net v000002b89226cfa0 190, 31 0, v000002b89226df40_0; 1 drivers
v000002b89226cfa0_191 .net v000002b89226cfa0 191, 31 0, v000002b89226cd20_0; 1 drivers
v000002b89226d720_0 .net "row_load_en", 11 0, v000002b8922706a0_0;  1 drivers
v000002b89226d860_0 .net "rst_n", 0 0, L_000002b8920707f0;  alias, 1 drivers
L_000002b892348370 .part v000002b8922709c0_0, 0, 8;
L_000002b892348b90 .part v000002b8922706a0_0, 0, 1;
L_000002b892349db0 .part L_000002b8923489b0, 0, 8;
L_000002b8923485f0 .part v000002b8922709c0_0, 8, 8;
L_000002b892348690 .part v000002b8922706a0_0, 0, 1;
L_000002b892349d10 .part v000002b8922709c0_0, 16, 8;
L_000002b89234a670 .part v000002b8922706a0_0, 0, 1;
L_000002b892348e10 .part v000002b8922709c0_0, 24, 8;
L_000002b892348870 .part v000002b8922706a0_0, 0, 1;
L_000002b892349a90 .part v000002b8922709c0_0, 32, 8;
L_000002b892348a50 .part v000002b8922706a0_0, 0, 1;
L_000002b892349bd0 .part v000002b8922709c0_0, 40, 8;
L_000002b892348190 .part v000002b8922706a0_0, 0, 1;
L_000002b89234a710 .part v000002b8922709c0_0, 48, 8;
L_000002b89234a350 .part v000002b8922706a0_0, 0, 1;
L_000002b8923482d0 .part v000002b8922709c0_0, 56, 8;
L_000002b8923491d0 .part v000002b8922706a0_0, 0, 1;
L_000002b892349810 .part v000002b8922709c0_0, 64, 8;
L_000002b892348410 .part v000002b8922706a0_0, 0, 1;
L_000002b892348eb0 .part v000002b8922709c0_0, 72, 8;
L_000002b8923484b0 .part v000002b8922706a0_0, 0, 1;
L_000002b892349270 .part v000002b8922709c0_0, 80, 8;
L_000002b892349310 .part v000002b8922706a0_0, 0, 1;
L_000002b892349450 .part v000002b8922709c0_0, 88, 8;
L_000002b89234a530 .part v000002b8922706a0_0, 0, 1;
L_000002b8923496d0 .part v000002b8922709c0_0, 96, 8;
L_000002b892349770 .part v000002b8922706a0_0, 0, 1;
L_000002b8923498b0 .part v000002b8922709c0_0, 104, 8;
L_000002b892349f90 .part v000002b8922706a0_0, 0, 1;
L_000002b892349b30 .part v000002b8922709c0_0, 112, 8;
L_000002b892348910 .part v000002b8922706a0_0, 0, 1;
L_000002b892349e50 .part v000002b8922709c0_0, 120, 8;
L_000002b89234a030 .part v000002b8922706a0_0, 0, 1;
L_000002b89234a170 .part v000002b8922709c0_0, 0, 8;
L_000002b89234a2b0 .part v000002b8922706a0_0, 1, 1;
L_000002b89234a3f0 .part L_000002b8923489b0, 8, 8;
L_000002b89234c150 .part v000002b8922709c0_0, 8, 8;
L_000002b89234b750 .part v000002b8922706a0_0, 1, 1;
L_000002b89234bbb0 .part v000002b8922709c0_0, 16, 8;
L_000002b89234b430 .part v000002b8922706a0_0, 1, 1;
L_000002b89234acb0 .part v000002b8922709c0_0, 24, 8;
L_000002b89234c3d0 .part v000002b8922706a0_0, 1, 1;
L_000002b89234cb50 .part v000002b8922709c0_0, 32, 8;
L_000002b89234bb10 .part v000002b8922706a0_0, 1, 1;
L_000002b89234c010 .part v000002b8922709c0_0, 40, 8;
L_000002b89234b610 .part v000002b8922706a0_0, 1, 1;
L_000002b89234b570 .part v000002b8922709c0_0, 48, 8;
L_000002b89234b6b0 .part v000002b8922706a0_0, 1, 1;
L_000002b89234adf0 .part v000002b8922709c0_0, 56, 8;
L_000002b89234c470 .part v000002b8922706a0_0, 1, 1;
L_000002b89234ae90 .part v000002b8922709c0_0, 64, 8;
L_000002b89234c330 .part v000002b8922706a0_0, 1, 1;
L_000002b89234b4d0 .part v000002b8922709c0_0, 72, 8;
L_000002b89234b250 .part v000002b8922706a0_0, 1, 1;
L_000002b89234a8f0 .part v000002b8922709c0_0, 80, 8;
L_000002b89234c0b0 .part v000002b8922706a0_0, 1, 1;
L_000002b89234c790 .part v000002b8922709c0_0, 88, 8;
L_000002b89234bc50 .part v000002b8922706a0_0, 1, 1;
L_000002b89234d050 .part v000002b8922709c0_0, 96, 8;
L_000002b89234b7f0 .part v000002b8922706a0_0, 1, 1;
L_000002b89234aa30 .part v000002b8922709c0_0, 104, 8;
L_000002b89234cab0 .part v000002b8922706a0_0, 1, 1;
L_000002b89234ce70 .part v000002b8922709c0_0, 112, 8;
L_000002b89234a990 .part v000002b8922706a0_0, 1, 1;
L_000002b89234b890 .part v000002b8922709c0_0, 120, 8;
L_000002b89234c830 .part v000002b8922706a0_0, 1, 1;
L_000002b89234bf70 .part v000002b8922709c0_0, 0, 8;
L_000002b89234b930 .part v000002b8922706a0_0, 2, 1;
L_000002b89234c510 .part L_000002b8923489b0, 16, 8;
L_000002b89234ad50 .part v000002b8922709c0_0, 8, 8;
L_000002b89234cf10 .part v000002b8922706a0_0, 2, 1;
L_000002b89234cfb0 .part v000002b8922709c0_0, 16, 8;
L_000002b89234c650 .part v000002b8922706a0_0, 2, 1;
L_000002b89234c1f0 .part v000002b8922709c0_0, 24, 8;
L_000002b89234bcf0 .part v000002b8922706a0_0, 2, 1;
L_000002b89234aad0 .part v000002b8922709c0_0, 32, 8;
L_000002b89234b9d0 .part v000002b8922706a0_0, 2, 1;
L_000002b89234ba70 .part v000002b8922709c0_0, 40, 8;
L_000002b89234bd90 .part v000002b8922706a0_0, 2, 1;
L_000002b89234bed0 .part v000002b8922709c0_0, 48, 8;
L_000002b89234be30 .part v000002b8922706a0_0, 2, 1;
L_000002b89234c6f0 .part v000002b8922709c0_0, 56, 8;
L_000002b89234c290 .part v000002b8922706a0_0, 2, 1;
L_000002b89234c5b0 .part v000002b8922709c0_0, 64, 8;
L_000002b89234c8d0 .part v000002b8922706a0_0, 2, 1;
L_000002b89234c970 .part v000002b8922709c0_0, 72, 8;
L_000002b89234ca10 .part v000002b8922706a0_0, 2, 1;
L_000002b89234cbf0 .part v000002b8922709c0_0, 80, 8;
L_000002b89234cc90 .part v000002b8922706a0_0, 2, 1;
L_000002b89234cd30 .part v000002b8922709c0_0, 88, 8;
L_000002b89234cdd0 .part v000002b8922706a0_0, 2, 1;
L_000002b89234af30 .part v000002b8922709c0_0, 96, 8;
L_000002b89234ab70 .part v000002b8922706a0_0, 2, 1;
L_000002b89234ac10 .part v000002b8922709c0_0, 104, 8;
L_000002b89234afd0 .part v000002b8922706a0_0, 2, 1;
L_000002b89234b070 .part v000002b8922709c0_0, 112, 8;
L_000002b89234b110 .part v000002b8922706a0_0, 2, 1;
L_000002b89234b1b0 .part v000002b8922709c0_0, 120, 8;
L_000002b89234b2f0 .part v000002b8922706a0_0, 2, 1;
L_000002b89234b390 .part v000002b8922709c0_0, 0, 8;
L_000002b89234ebd0 .part v000002b8922706a0_0, 3, 1;
L_000002b89234df50 .part L_000002b8923489b0, 24, 8;
L_000002b89234f7b0 .part v000002b8922709c0_0, 8, 8;
L_000002b89234e6d0 .part v000002b8922706a0_0, 3, 1;
L_000002b89234f530 .part v000002b8922709c0_0, 16, 8;
L_000002b89234edb0 .part v000002b8922706a0_0, 3, 1;
L_000002b89234e810 .part v000002b8922709c0_0, 24, 8;
L_000002b89234f0d0 .part v000002b8922706a0_0, 3, 1;
L_000002b89234f490 .part v000002b8922709c0_0, 32, 8;
L_000002b89234e130 .part v000002b8922706a0_0, 3, 1;
L_000002b89234e4f0 .part v000002b8922709c0_0, 40, 8;
L_000002b89234d9b0 .part v000002b8922706a0_0, 3, 1;
L_000002b89234e1d0 .part v000002b8922709c0_0, 48, 8;
L_000002b89234d730 .part v000002b8922706a0_0, 3, 1;
L_000002b89234dd70 .part v000002b8922709c0_0, 56, 8;
L_000002b89234daf0 .part v000002b8922706a0_0, 3, 1;
L_000002b89234d7d0 .part v000002b8922709c0_0, 64, 8;
L_000002b89234e590 .part v000002b8922706a0_0, 3, 1;
L_000002b89234ec70 .part v000002b8922709c0_0, 72, 8;
L_000002b89234dcd0 .part v000002b8922706a0_0, 3, 1;
L_000002b89234f210 .part v000002b8922709c0_0, 80, 8;
L_000002b89234e630 .part v000002b8922706a0_0, 3, 1;
L_000002b89234e270 .part v000002b8922709c0_0, 88, 8;
L_000002b89234e770 .part v000002b8922706a0_0, 3, 1;
L_000002b89234ed10 .part v000002b8922709c0_0, 96, 8;
L_000002b89234d190 .part v000002b8922706a0_0, 3, 1;
L_000002b89234f170 .part v000002b8922709c0_0, 104, 8;
L_000002b89234f850 .part v000002b8922706a0_0, 3, 1;
L_000002b89234ee50 .part v000002b8922709c0_0, 112, 8;
L_000002b89234e8b0 .part v000002b8922706a0_0, 3, 1;
L_000002b89234eb30 .part v000002b8922709c0_0, 120, 8;
L_000002b89234d550 .part v000002b8922706a0_0, 3, 1;
L_000002b89234dff0 .part v000002b8922709c0_0, 0, 8;
L_000002b89234eef0 .part v000002b8922706a0_0, 4, 1;
L_000002b89234e450 .part L_000002b8923489b0, 32, 8;
L_000002b89234dc30 .part v000002b8922709c0_0, 8, 8;
L_000002b89234e310 .part v000002b8922706a0_0, 4, 1;
L_000002b89234e090 .part v000002b8922709c0_0, 16, 8;
L_000002b89234f5d0 .part v000002b8922706a0_0, 4, 1;
L_000002b89234d5f0 .part v000002b8922709c0_0, 24, 8;
L_000002b89234ef90 .part v000002b8922706a0_0, 4, 1;
L_000002b89234e950 .part v000002b8922709c0_0, 32, 8;
L_000002b89234e3b0 .part v000002b8922706a0_0, 4, 1;
L_000002b89234f670 .part v000002b8922709c0_0, 40, 8;
L_000002b89234f030 .part v000002b8922706a0_0, 4, 1;
L_000002b89234e9f0 .part v000002b8922709c0_0, 48, 8;
L_000002b89234f2b0 .part v000002b8922706a0_0, 4, 1;
L_000002b89234f710 .part v000002b8922709c0_0, 56, 8;
L_000002b89234ea90 .part v000002b8922706a0_0, 4, 1;
L_000002b89234f350 .part v000002b8922709c0_0, 64, 8;
L_000002b89234da50 .part v000002b8922706a0_0, 4, 1;
L_000002b89234f3f0 .part v000002b8922709c0_0, 72, 8;
L_000002b89234d870 .part v000002b8922706a0_0, 4, 1;
L_000002b89234de10 .part v000002b8922709c0_0, 80, 8;
L_000002b89234db90 .part v000002b8922706a0_0, 4, 1;
L_000002b89234d910 .part v000002b8922709c0_0, 88, 8;
L_000002b89234d0f0 .part v000002b8922706a0_0, 4, 1;
L_000002b89234d230 .part v000002b8922709c0_0, 96, 8;
L_000002b89234deb0 .part v000002b8922706a0_0, 4, 1;
L_000002b89234d2d0 .part v000002b8922709c0_0, 104, 8;
L_000002b89234d370 .part v000002b8922706a0_0, 4, 1;
L_000002b89234d410 .part v000002b8922709c0_0, 112, 8;
L_000002b89234d4b0 .part v000002b8922706a0_0, 4, 1;
L_000002b89234d690 .part v000002b8922709c0_0, 120, 8;
L_000002b89234f990 .part v000002b8922706a0_0, 4, 1;
L_000002b8923518d0 .part v000002b8922709c0_0, 0, 8;
L_000002b892351fb0 .part v000002b8922706a0_0, 5, 1;
L_000002b892351dd0 .part L_000002b8923489b0, 40, 8;
L_000002b892350610 .part v000002b8922709c0_0, 8, 8;
L_000002b892351510 .part v000002b8922706a0_0, 5, 1;
L_000002b892350570 .part v000002b8922709c0_0, 16, 8;
L_000002b892351330 .part v000002b8922706a0_0, 5, 1;
L_000002b8923513d0 .part v000002b8922709c0_0, 24, 8;
L_000002b892350750 .part v000002b8922706a0_0, 5, 1;
L_000002b892351470 .part v000002b8922709c0_0, 32, 8;
L_000002b89234ffd0 .part v000002b8922706a0_0, 5, 1;
L_000002b892350250 .part v000002b8922709c0_0, 40, 8;
L_000002b8923515b0 .part v000002b8922706a0_0, 5, 1;
L_000002b8923510b0 .part v000002b8922709c0_0, 48, 8;
L_000002b89234fcb0 .part v000002b8922706a0_0, 5, 1;
L_000002b89234fc10 .part v000002b8922709c0_0, 56, 8;
L_000002b892350890 .part v000002b8922706a0_0, 5, 1;
L_000002b892350bb0 .part v000002b8922709c0_0, 64, 8;
L_000002b892351290 .part v000002b8922706a0_0, 5, 1;
L_000002b892351650 .part v000002b8922709c0_0, 72, 8;
L_000002b8923516f0 .part v000002b8922706a0_0, 5, 1;
L_000002b8923511f0 .part v000002b8922709c0_0, 80, 8;
L_000002b892351b50 .part v000002b8922706a0_0, 5, 1;
L_000002b892352050 .part v000002b8922709c0_0, 88, 8;
L_000002b892350cf0 .part v000002b8922706a0_0, 5, 1;
L_000002b892351bf0 .part v000002b8922709c0_0, 96, 8;
L_000002b8923506b0 .part v000002b8922706a0_0, 5, 1;
L_000002b89234f8f0 .part v000002b8922709c0_0, 104, 8;
L_000002b892351830 .part v000002b8922706a0_0, 5, 1;
L_000002b892351ab0 .part v000002b8922709c0_0, 112, 8;
L_000002b892350c50 .part v000002b8922706a0_0, 5, 1;
L_000002b892351c90 .part v000002b8922709c0_0, 120, 8;
L_000002b892350ed0 .part v000002b8922706a0_0, 5, 1;
L_000002b892351f10 .part v000002b8922709c0_0, 0, 8;
L_000002b89234fd50 .part v000002b8922706a0_0, 6, 1;
L_000002b89234fdf0 .part L_000002b8923489b0, 48, 8;
L_000002b892350b10 .part v000002b8922709c0_0, 8, 8;
L_000002b892351970 .part v000002b8922706a0_0, 6, 1;
L_000002b892351a10 .part v000002b8922709c0_0, 16, 8;
L_000002b892351d30 .part v000002b8922706a0_0, 6, 1;
L_000002b892350f70 .part v000002b8922709c0_0, 24, 8;
L_000002b8923507f0 .part v000002b8922706a0_0, 6, 1;
L_000002b892351e70 .part v000002b8922709c0_0, 32, 8;
L_000002b89234fa30 .part v000002b8922706a0_0, 6, 1;
L_000002b89234fad0 .part v000002b8922709c0_0, 40, 8;
L_000002b89234fb70 .part v000002b8922706a0_0, 6, 1;
L_000002b89234fe90 .part v000002b8922709c0_0, 48, 8;
L_000002b892350930 .part v000002b8922706a0_0, 6, 1;
L_000002b892350e30 .part v000002b8922709c0_0, 56, 8;
L_000002b89234ff30 .part v000002b8922706a0_0, 6, 1;
L_000002b892350070 .part v000002b8922709c0_0, 64, 8;
L_000002b892350110 .part v000002b8922706a0_0, 6, 1;
L_000002b892351150 .part v000002b8922709c0_0, 72, 8;
L_000002b8923501b0 .part v000002b8922706a0_0, 6, 1;
L_000002b892350d90 .part v000002b8922709c0_0, 80, 8;
L_000002b892351010 .part v000002b8922706a0_0, 6, 1;
L_000002b892351790 .part v000002b8922709c0_0, 88, 8;
L_000002b8923502f0 .part v000002b8922706a0_0, 6, 1;
L_000002b892350390 .part v000002b8922709c0_0, 96, 8;
L_000002b892350430 .part v000002b8922706a0_0, 6, 1;
L_000002b8923504d0 .part v000002b8922709c0_0, 104, 8;
L_000002b8923509d0 .part v000002b8922706a0_0, 6, 1;
L_000002b892350a70 .part v000002b8922709c0_0, 112, 8;
L_000002b892352230 .part v000002b8922706a0_0, 6, 1;
L_000002b892354030 .part v000002b8922709c0_0, 120, 8;
L_000002b8923547b0 .part v000002b8922706a0_0, 6, 1;
L_000002b8923540d0 .part v000002b8922709c0_0, 0, 8;
L_000002b892354710 .part v000002b8922706a0_0, 7, 1;
L_000002b892353a90 .part L_000002b8923489b0, 56, 8;
L_000002b892353f90 .part v000002b8922709c0_0, 8, 8;
L_000002b892352910 .part v000002b8922706a0_0, 7, 1;
L_000002b892354850 .part v000002b8922709c0_0, 16, 8;
L_000002b892353590 .part v000002b8922706a0_0, 7, 1;
L_000002b892353e50 .part v000002b8922709c0_0, 24, 8;
L_000002b892354530 .part v000002b8922706a0_0, 7, 1;
L_000002b8923534f0 .part v000002b8922709c0_0, 32, 8;
L_000002b892353810 .part v000002b8922706a0_0, 7, 1;
L_000002b892352cd0 .part v000002b8922709c0_0, 40, 8;
L_000002b892354490 .part v000002b8922706a0_0, 7, 1;
L_000002b892352f50 .part v000002b8922709c0_0, 48, 8;
L_000002b892353630 .part v000002b8922706a0_0, 7, 1;
L_000002b892353130 .part v000002b8922709c0_0, 56, 8;
L_000002b8923531d0 .part v000002b8922706a0_0, 7, 1;
L_000002b892352ff0 .part v000002b8922709c0_0, 64, 8;
L_000002b892352d70 .part v000002b8922706a0_0, 7, 1;
L_000002b892352a50 .part v000002b8922709c0_0, 72, 8;
L_000002b892353ef0 .part v000002b8922706a0_0, 7, 1;
L_000002b8923525f0 .part v000002b8922709c0_0, 80, 8;
L_000002b8923538b0 .part v000002b8922706a0_0, 7, 1;
L_000002b892352e10 .part v000002b8922709c0_0, 88, 8;
L_000002b892354670 .part v000002b8922706a0_0, 7, 1;
L_000002b892353270 .part v000002b8922709c0_0, 96, 8;
L_000002b892353310 .part v000002b8922706a0_0, 7, 1;
L_000002b892352eb0 .part v000002b8922709c0_0, 104, 8;
L_000002b8923522d0 .part v000002b8922706a0_0, 7, 1;
L_000002b892353b30 .part v000002b8922709c0_0, 112, 8;
L_000002b892353090 .part v000002b8922706a0_0, 7, 1;
L_000002b892352370 .part v000002b8922709c0_0, 120, 8;
L_000002b892354350 .part v000002b8922706a0_0, 7, 1;
L_000002b892352af0 .part v000002b8922709c0_0, 0, 8;
L_000002b8923520f0 .part v000002b8922706a0_0, 8, 1;
L_000002b892352410 .part L_000002b8923489b0, 64, 8;
L_000002b892353770 .part v000002b8922709c0_0, 8, 8;
L_000002b892352190 .part v000002b8922706a0_0, 8, 1;
L_000002b8923524b0 .part v000002b8922709c0_0, 16, 8;
L_000002b892352730 .part v000002b8922706a0_0, 8, 1;
L_000002b892352550 .part v000002b8922709c0_0, 24, 8;
L_000002b8923545d0 .part v000002b8922706a0_0, 8, 1;
L_000002b8923536d0 .part v000002b8922709c0_0, 32, 8;
L_000002b8923533b0 .part v000002b8922706a0_0, 8, 1;
L_000002b892352690 .part v000002b8922709c0_0, 40, 8;
L_000002b892354170 .part v000002b8922706a0_0, 8, 1;
L_000002b892353d10 .part v000002b8922709c0_0, 48, 8;
L_000002b892353450 .part v000002b8922706a0_0, 8, 1;
L_000002b892353950 .part v000002b8922709c0_0, 56, 8;
L_000002b8923539f0 .part v000002b8922706a0_0, 8, 1;
L_000002b892354210 .part v000002b8922709c0_0, 64, 8;
L_000002b8923529b0 .part v000002b8922706a0_0, 8, 1;
L_000002b8923527d0 .part v000002b8922709c0_0, 72, 8;
L_000002b892353bd0 .part v000002b8922706a0_0, 8, 1;
L_000002b8923542b0 .part v000002b8922709c0_0, 80, 8;
L_000002b892352870 .part v000002b8922706a0_0, 8, 1;
L_000002b892353c70 .part v000002b8922709c0_0, 88, 8;
L_000002b892353db0 .part v000002b8922706a0_0, 8, 1;
L_000002b8923543f0 .part v000002b8922709c0_0, 96, 8;
L_000002b892352b90 .part v000002b8922706a0_0, 8, 1;
L_000002b892352c30 .part v000002b8922709c0_0, 104, 8;
L_000002b892355cf0 .part v000002b8922706a0_0, 8, 1;
L_000002b892355930 .part v000002b8922709c0_0, 112, 8;
L_000002b892355bb0 .part v000002b8922706a0_0, 8, 1;
L_000002b892354f30 .part v000002b8922709c0_0, 120, 8;
L_000002b892355750 .part v000002b8922706a0_0, 8, 1;
L_000002b892356e70 .part v000002b8922709c0_0, 0, 8;
L_000002b892355610 .part v000002b8922706a0_0, 9, 1;
L_000002b892356150 .part L_000002b8923489b0, 72, 8;
L_000002b892355250 .part v000002b8922709c0_0, 8, 8;
L_000002b892356650 .part v000002b8922706a0_0, 9, 1;
L_000002b892354df0 .part v000002b8922709c0_0, 16, 8;
L_000002b8923560b0 .part v000002b8922706a0_0, 9, 1;
L_000002b8923554d0 .part v000002b8922709c0_0, 24, 8;
L_000002b892356f10 .part v000002b8922706a0_0, 9, 1;
L_000002b892356a10 .part v000002b8922709c0_0, 32, 8;
L_000002b892356470 .part v000002b8922706a0_0, 9, 1;
L_000002b892355570 .part v000002b8922709c0_0, 40, 8;
L_000002b892355c50 .part v000002b8922706a0_0, 9, 1;
L_000002b892356290 .part v000002b8922709c0_0, 48, 8;
L_000002b8923566f0 .part v000002b8922706a0_0, 9, 1;
L_000002b8923548f0 .part v000002b8922709c0_0, 56, 8;
L_000002b892354b70 .part v000002b8922706a0_0, 9, 1;
L_000002b892354d50 .part v000002b8922709c0_0, 64, 8;
L_000002b892354e90 .part v000002b8922706a0_0, 9, 1;
L_000002b892355d90 .part v000002b8922709c0_0, 72, 8;
L_000002b892356fb0 .part v000002b8922706a0_0, 9, 1;
L_000002b892355b10 .part v000002b8922709c0_0, 80, 8;
L_000002b892355e30 .part v000002b8922706a0_0, 9, 1;
L_000002b892356c90 .part v000002b8922709c0_0, 88, 8;
L_000002b892355ed0 .part v000002b8922706a0_0, 9, 1;
L_000002b892356790 .part v000002b8922709c0_0, 96, 8;
L_000002b892356d30 .part v000002b8922706a0_0, 9, 1;
L_000002b8923559d0 .part v000002b8922709c0_0, 104, 8;
L_000002b892355f70 .part v000002b8922706a0_0, 9, 1;
L_000002b8923561f0 .part v000002b8922709c0_0, 112, 8;
L_000002b8923552f0 .part v000002b8922706a0_0, 9, 1;
L_000002b8923557f0 .part v000002b8922709c0_0, 120, 8;
L_000002b892355390 .part v000002b8922706a0_0, 9, 1;
L_000002b892356010 .part v000002b8922709c0_0, 0, 8;
L_000002b8923563d0 .part v000002b8922706a0_0, 10, 1;
L_000002b892356bf0 .part L_000002b8923489b0, 80, 8;
L_000002b892356330 .part v000002b8922709c0_0, 8, 8;
L_000002b8923556b0 .part v000002b8922706a0_0, 10, 1;
L_000002b892354fd0 .part v000002b8922709c0_0, 16, 8;
L_000002b892355070 .part v000002b8922706a0_0, 10, 1;
L_000002b892356510 .part v000002b8922709c0_0, 24, 8;
L_000002b892355110 .part v000002b8922706a0_0, 10, 1;
L_000002b8923551b0 .part v000002b8922709c0_0, 32, 8;
L_000002b892355430 .part v000002b8922706a0_0, 10, 1;
L_000002b892354990 .part v000002b8922709c0_0, 40, 8;
L_000002b892354a30 .part v000002b8922706a0_0, 10, 1;
L_000002b892356970 .part v000002b8922709c0_0, 48, 8;
L_000002b892356830 .part v000002b8922706a0_0, 10, 1;
L_000002b892355890 .part v000002b8922709c0_0, 56, 8;
L_000002b892357050 .part v000002b8922706a0_0, 10, 1;
L_000002b892354ad0 .part v000002b8922709c0_0, 64, 8;
L_000002b892354c10 .part v000002b8922706a0_0, 10, 1;
L_000002b892355a70 .part v000002b8922709c0_0, 72, 8;
L_000002b892356ab0 .part v000002b8922706a0_0, 10, 1;
L_000002b8923565b0 .part v000002b8922709c0_0, 80, 8;
L_000002b892356b50 .part v000002b8922706a0_0, 10, 1;
L_000002b8923568d0 .part v000002b8922709c0_0, 88, 8;
L_000002b892356dd0 .part v000002b8922706a0_0, 10, 1;
L_000002b892354cb0 .part v000002b8922709c0_0, 96, 8;
L_000002b892357230 .part v000002b8922706a0_0, 10, 1;
L_000002b892358b30 .part v000002b8922709c0_0, 104, 8;
L_000002b892357d70 .part v000002b8922706a0_0, 10, 1;
L_000002b8923572d0 .part v000002b8922709c0_0, 112, 8;
L_000002b892359350 .part v000002b8922706a0_0, 10, 1;
L_000002b892357a50 .part v000002b8922709c0_0, 120, 8;
L_000002b892359710 .part v000002b8922706a0_0, 10, 1;
L_000002b892358590 .part v000002b8922709c0_0, 0, 8;
L_000002b892358310 .part v000002b8922706a0_0, 11, 1;
L_000002b892359030 .part L_000002b8923489b0, 88, 8;
L_000002b892357870 .part v000002b8922709c0_0, 8, 8;
L_000002b892357370 .part v000002b8922706a0_0, 11, 1;
L_000002b892357e10 .part v000002b8922709c0_0, 16, 8;
L_000002b892358d10 .part v000002b8922706a0_0, 11, 1;
L_000002b8923597b0 .part v000002b8922709c0_0, 24, 8;
L_000002b892358630 .part v000002b8922706a0_0, 11, 1;
L_000002b892357af0 .part v000002b8922709c0_0, 32, 8;
L_000002b892357ff0 .part v000002b8922706a0_0, 11, 1;
L_000002b8923592b0 .part v000002b8922709c0_0, 40, 8;
L_000002b892359850 .part v000002b8922706a0_0, 11, 1;
L_000002b8923593f0 .part v000002b8922709c0_0, 48, 8;
L_000002b892359530 .part v000002b8922706a0_0, 11, 1;
L_000002b892357f50 .part v000002b8922709c0_0, 56, 8;
L_000002b892357410 .part v000002b8922706a0_0, 11, 1;
L_000002b8923583b0 .part v000002b8922709c0_0, 64, 8;
L_000002b8923570f0 .part v000002b8922706a0_0, 11, 1;
L_000002b892358bd0 .part v000002b8922709c0_0, 72, 8;
L_000002b892357cd0 .part v000002b8922706a0_0, 11, 1;
L_000002b892357b90 .part v000002b8922709c0_0, 80, 8;
L_000002b892357190 .part v000002b8922706a0_0, 11, 1;
L_000002b8923574b0 .part v000002b8922709c0_0, 88, 8;
L_000002b892358c70 .part v000002b8922706a0_0, 11, 1;
L_000002b892358e50 .part v000002b8922709c0_0, 96, 8;
L_000002b8923584f0 .part v000002b8922706a0_0, 11, 1;
L_000002b892358f90 .part v000002b8922709c0_0, 104, 8;
L_000002b892358db0 .part v000002b8922706a0_0, 11, 1;
L_000002b892358ef0 .part v000002b8922709c0_0, 112, 8;
L_000002b892358090 .part v000002b8922706a0_0, 11, 1;
L_000002b892359170 .part v000002b8922709c0_0, 120, 8;
L_000002b8923590d0 .part v000002b8922706a0_0, 11, 1;
LS_000002b892358770_0_0 .concat8 [ 32 32 32 32], L_000002b892364220, L_000002b892364920, L_000002b892364450, L_000002b892365560;
LS_000002b892358770_0_4 .concat8 [ 32 32 32 32], L_000002b8923640d0, L_000002b892364610, L_000002b8923654f0, L_000002b892364ae0;
LS_000002b892358770_0_8 .concat8 [ 32 32 32 32], L_000002b892365640, L_000002b892365b10, L_000002b892364370, L_000002b892364840;
LS_000002b892358770_0_12 .concat8 [ 32 32 32 32], L_000002b89238d8f0, L_000002b89238c150, L_000002b89238d2d0, L_000002b89238ce70;
L_000002b892358770 .concat8 [ 128 128 128 128], LS_000002b892358770_0_0, LS_000002b892358770_0_4, LS_000002b892358770_0_8, LS_000002b892358770_0_12;
S_000002b89217d240 .scope generate, "ROW_LOOP[0]" "ROW_LOOP[0]" 9 54, 9 54 0, S_000002b89217d0b0;
 .timescale -9 -12;
P_000002b89208c2d0 .param/l "r" 0 9 54, +C4<00>;
S_000002b89217d880 .scope generate, "COL_LOOP[0]" "COL_LOOP[0]" 9 55, 9 55 0, S_000002b89217d240;
 .timescale -9 -12;
P_000002b89208cf90 .param/l "c" 0 9 55, +C4<00>;
v000002b891ee48d0_0 .net "pe_in_act", 7 0, L_000002b892349db0;  1 drivers
L_000002b8922eb2b0 .functor BUFT 1, C4<00000000000000000000000000000000>, C4<0>, C4<0>, C4<0>;
v000002b891ee50f0_0 .net "pe_in_psum", 31 0, L_000002b8922eb2b0;  1 drivers
v000002b891ee6630_0 .net "pe_in_weight", 7 0, L_000002b892348370;  1 drivers
v000002b891ee6090_0 .net "pe_load_en", 0 0, L_000002b892348b90;  1 drivers
S_000002b89217e050 .scope generate, "genblk1" "genblk1" 9 61, 9 61 0, S_000002b89217d880;
 .timescale -9 -12;
S_000002b89217d560 .scope generate, "genblk2" "genblk2" 9 72, 9 72 0, S_000002b89217d880;
 .timescale -9 -12;
S_000002b89217e9b0 .scope module, "pe_inst" "pe" 9 91, 10 12 0, S_000002b89217d880;
 .timescale 0 0;
    .port_info 0 /INPUT 1 "clk";
    .port_info 1 /INPUT 1 "rst_n";
    .port_info 2 /INPUT 1 "en_compute";
    .port_info 3 /INPUT 1 "load_weight";
    .port_info 4 /INPUT 8 "in_act";
    .port_info 5 /INPUT 8 "in_weight";
    .port_info 6 /INPUT 32 "in_psum";
    .port_info 7 /OUTPUT 8 "out_act";
    .port_info 8 /OUTPUT 32 "out_psum";
v000002b891ee6d10_0 .net "clk", 0 0, v000002b8922856e0_0;  alias, 1 drivers
v000002b891ee63b0_0 .net "en_compute", 0 0, L_000002b8922eb268;  alias, 1 drivers
v000002b891ee57d0_0 .net "in_act", 7 0, L_000002b892349db0;  alias, 1 drivers
v000002b891ee5410_0 .net "in_psum", 31 0, L_000002b8922eb2b0;  alias, 1 drivers
v000002b891ee59b0_0 .net "in_weight", 7 0, L_000002b892348370;  alias, 1 drivers
v000002b891ee4f10_0 .net "load_weight", 0 0, L_000002b892348b90;  alias, 1 drivers
v000002b891ee5e10_0 .var "out_act", 7 0;
v000002b891ee5af0_0 .var "out_psum", 31 0;
v000002b891ee6450_0 .var/s "reg_weight", 7 0;
v000002b891ee4fb0_0 .net "rst_n", 0 0, L_000002b8920707f0;  alias, 1 drivers
S_000002b89217da10 .scope generate, "COL_LOOP[1]" "COL_LOOP[1]" 9 55, 9 55 0, S_000002b89217d240;
 .timescale -9 -12;
P_000002b89208cc90 .param/l "c" 0 9 55, +C4<01>;
v000002b891ee4790_0 .net "pe_in_act", 7 0, L_000002b89206f9f0;  1 drivers
L_000002b8922eb2f8 .functor BUFT 1, C4<00000000000000000000000000000000>, C4<0>, C4<0>, C4<0>;
v000002b891ee4970_0 .net "pe_in_psum", 31 0, L_000002b8922eb2f8;  1 drivers
v000002b891f11480_0 .net "pe_in_weight", 7 0, L_000002b8923485f0;  1 drivers
v000002b891f11a20_0 .net "pe_load_en", 0 0, L_000002b892348690;  1 drivers
S_000002b89217e500 .scope generate, "genblk1" "genblk1" 9 61, 9 61 0, S_000002b89217da10;
 .timescale -9 -12;
L_000002b89206f9f0 .functor BUFZ 8, v000002b891ee5e10_0, C4<00000000>, C4<00000000>, C4<00000000>;
S_000002b89217e1e0 .scope generate, "genblk2" "genblk2" 9 72, 9 72 0, S_000002b89217da10;
 .timescale -9 -12;
S_000002b89217e370 .scope module, "pe_inst" "pe" 9 91, 10 12 0, S_000002b89217da10;
 .timescale 0 0;
    .port_info 0 /INPUT 1 "clk";
    .port_info 1 /INPUT 1 "rst_n";
    .port_info 2 /INPUT 1 "en_compute";
    .port_info 3 /INPUT 1 "load_weight";
    .port_info 4 /INPUT 8 "in_act";
    .port_info 5 /INPUT 8 "in_weight";
    .port_info 6 /INPUT 32 "in_psum";
    .port_info 7 /OUTPUT 8 "out_act";
    .port_info 8 /OUTPUT 32 "out_psum";
v000002b891ee4c90_0 .net "clk", 0 0, v000002b8922856e0_0;  alias, 1 drivers
v000002b891ee6130_0 .net "en_compute", 0 0, L_000002b8922eb268;  alias, 1 drivers
v000002b891ee5b90_0 .net "in_act", 7 0, L_000002b89206f9f0;  alias, 1 drivers
v000002b891ee46f0_0 .net "in_psum", 31 0, L_000002b8922eb2f8;  alias, 1 drivers
v000002b891ee4150_0 .net "in_weight", 7 0, L_000002b8923485f0;  alias, 1 drivers
v000002b891ee4470_0 .net "load_weight", 0 0, L_000002b892348690;  alias, 1 drivers
v000002b891ee66d0_0 .var "out_act", 7 0;
v000002b891ee6770_0 .var "out_psum", 31 0;
v000002b891ee4330_0 .var/s "reg_weight", 7 0;
v000002b891ee4650_0 .net "rst_n", 0 0, L_000002b8920707f0;  alias, 1 drivers
S_000002b89217dba0 .scope generate, "COL_LOOP[2]" "COL_LOOP[2]" 9 55, 9 55 0, S_000002b89217d240;
 .timescale -9 -12;
P_000002b89208cfd0 .param/l "c" 0 9 55, +C4<010>;
v000002b891f11520_0 .net "pe_in_act", 7 0, L_000002b892070b00;  1 drivers
L_000002b8922eb340 .functor BUFT 1, C4<00000000000000000000000000000000>, C4<0>, C4<0>, C4<0>;
v000002b891f0ffe0_0 .net "pe_in_psum", 31 0, L_000002b8922eb340;  1 drivers
v000002b891f0fea0_0 .net "pe_in_weight", 7 0, L_000002b892349d10;  1 drivers
v000002b891f0e320_0 .net "pe_load_en", 0 0, L_000002b89234a670;  1 drivers
S_000002b89217dd30 .scope generate, "genblk1" "genblk1" 9 61, 9 61 0, S_000002b89217dba0;
 .timescale -9 -12;
L_000002b892070b00 .functor BUFZ 8, v000002b891ee66d0_0, C4<00000000>, C4<00000000>, C4<00000000>;
S_000002b89217eb40 .scope generate, "genblk2" "genblk2" 9 72, 9 72 0, S_000002b89217dba0;
 .timescale -9 -12;
S_000002b89217e690 .scope module, "pe_inst" "pe" 9 91, 10 12 0, S_000002b89217dba0;
 .timescale 0 0;
    .port_info 0 /INPUT 1 "clk";
    .port_info 1 /INPUT 1 "rst_n";
    .port_info 2 /INPUT 1 "en_compute";
    .port_info 3 /INPUT 1 "load_weight";
    .port_info 4 /INPUT 8 "in_act";
    .port_info 5 /INPUT 8 "in_weight";
    .port_info 6 /INPUT 32 "in_psum";
    .port_info 7 /OUTPUT 8 "out_act";
    .port_info 8 /OUTPUT 32 "out_psum";
v000002b891f11660_0 .net "clk", 0 0, v000002b8922856e0_0;  alias, 1 drivers
v000002b891f118e0_0 .net "en_compute", 0 0, L_000002b8922eb268;  alias, 1 drivers
v000002b891f11c00_0 .net "in_act", 7 0, L_000002b892070b00;  alias, 1 drivers
v000002b891f10bc0_0 .net "in_psum", 31 0, L_000002b8922eb340;  alias, 1 drivers
v000002b891f11d40_0 .net "in_weight", 7 0, L_000002b892349d10;  alias, 1 drivers
v000002b891f11ca0_0 .net "load_weight", 0 0, L_000002b89234a670;  alias, 1 drivers
v000002b891f10c60_0 .var "out_act", 7 0;
v000002b891f10e40_0 .var "out_psum", 31 0;
v000002b891f11020_0 .var/s "reg_weight", 7 0;
v000002b891f11160_0 .net "rst_n", 0 0, L_000002b8920707f0;  alias, 1 drivers
S_000002b89217ecd0 .scope generate, "COL_LOOP[3]" "COL_LOOP[3]" 9 55, 9 55 0, S_000002b89217d240;
 .timescale -9 -12;
P_000002b89208d050 .param/l "c" 0 9 55, +C4<011>;
v000002b891f0f860_0 .net "pe_in_act", 7 0, L_000002b892070cc0;  1 drivers
L_000002b8922eb388 .functor BUFT 1, C4<00000000000000000000000000000000>, C4<0>, C4<0>, C4<0>;
v000002b891f0e460_0 .net "pe_in_psum", 31 0, L_000002b8922eb388;  1 drivers
v000002b891f0e500_0 .net "pe_in_weight", 7 0, L_000002b892348e10;  1 drivers
v000002b891f0e5a0_0 .net "pe_load_en", 0 0, L_000002b892348870;  1 drivers
S_000002b89217e820 .scope generate, "genblk1" "genblk1" 9 61, 9 61 0, S_000002b89217ecd0;
 .timescale -9 -12;
L_000002b892070cc0 .functor BUFZ 8, v000002b891f10c60_0, C4<00000000>, C4<00000000>, C4<00000000>;
S_000002b892181bc0 .scope generate, "genblk2" "genblk2" 9 72, 9 72 0, S_000002b89217ecd0;
 .timescale -9 -12;
S_000002b892182520 .scope module, "pe_inst" "pe" 9 91, 10 12 0, S_000002b89217ecd0;
 .timescale 0 0;
    .port_info 0 /INPUT 1 "clk";
    .port_info 1 /INPUT 1 "rst_n";
    .port_info 2 /INPUT 1 "en_compute";
    .port_info 3 /INPUT 1 "load_weight";
    .port_info 4 /INPUT 8 "in_act";
    .port_info 5 /INPUT 8 "in_weight";
    .port_info 6 /INPUT 32 "in_psum";
    .port_info 7 /OUTPUT 8 "out_act";
    .port_info 8 /OUTPUT 32 "out_psum";
v000002b891f0e780_0 .net "clk", 0 0, v000002b8922856e0_0;  alias, 1 drivers
v000002b891f10260_0 .net "en_compute", 0 0, L_000002b8922eb268;  alias, 1 drivers
v000002b891f0e8c0_0 .net "in_act", 7 0, L_000002b892070cc0;  alias, 1 drivers
v000002b891f0f680_0 .net "in_psum", 31 0, L_000002b8922eb388;  alias, 1 drivers
v000002b891f10440_0 .net "in_weight", 7 0, L_000002b892348e10;  alias, 1 drivers
v000002b891f0e3c0_0 .net "load_weight", 0 0, L_000002b892348870;  alias, 1 drivers
v000002b891f104e0_0 .var "out_act", 7 0;
v000002b891f10800_0 .var "out_psum", 31 0;
v000002b891f10580_0 .var/s "reg_weight", 7 0;
v000002b891f0ea00_0 .net "rst_n", 0 0, L_000002b8920707f0;  alias, 1 drivers
S_000002b8921829d0 .scope generate, "COL_LOOP[4]" "COL_LOOP[4]" 9 55, 9 55 0, S_000002b89217d240;
 .timescale -9 -12;
P_000002b89208d010 .param/l "c" 0 9 55, +C4<0100>;
v000002b891f66f70_0 .net "pe_in_act", 7 0, L_000002b892070d30;  1 drivers
L_000002b8922eb3d0 .functor BUFT 1, C4<00000000000000000000000000000000>, C4<0>, C4<0>, C4<0>;
v000002b891f68690_0 .net "pe_in_psum", 31 0, L_000002b8922eb3d0;  1 drivers
v000002b891f66a70_0 .net "pe_in_weight", 7 0, L_000002b892349a90;  1 drivers
v000002b891f66250_0 .net "pe_load_en", 0 0, L_000002b892348a50;  1 drivers
S_000002b892181d50 .scope generate, "genblk1" "genblk1" 9 61, 9 61 0, S_000002b8921829d0;
 .timescale -9 -12;
L_000002b892070d30 .functor BUFZ 8, v000002b891f104e0_0, C4<00000000>, C4<00000000>, C4<00000000>;
S_000002b892181260 .scope generate, "genblk2" "genblk2" 9 72, 9 72 0, S_000002b8921829d0;
 .timescale -9 -12;
S_000002b892182b60 .scope module, "pe_inst" "pe" 9 91, 10 12 0, S_000002b8921829d0;
 .timescale 0 0;
    .port_info 0 /INPUT 1 "clk";
    .port_info 1 /INPUT 1 "rst_n";
    .port_info 2 /INPUT 1 "en_compute";
    .port_info 3 /INPUT 1 "load_weight";
    .port_info 4 /INPUT 8 "in_act";
    .port_info 5 /INPUT 8 "in_weight";
    .port_info 6 /INPUT 32 "in_psum";
    .port_info 7 /OUTPUT 8 "out_act";
    .port_info 8 /OUTPUT 32 "out_psum";
v000002b891f0ed20_0 .net "clk", 0 0, v000002b8922856e0_0;  alias, 1 drivers
v000002b891f0edc0_0 .net "en_compute", 0 0, L_000002b8922eb268;  alias, 1 drivers
v000002b891f0ee60_0 .net "in_act", 7 0, L_000002b892070d30;  alias, 1 drivers
v000002b891f0f180_0 .net "in_psum", 31 0, L_000002b8922eb3d0;  alias, 1 drivers
v000002b891f0f2c0_0 .net "in_weight", 7 0, L_000002b892349a90;  alias, 1 drivers
v000002b891f0f4a0_0 .net "load_weight", 0 0, L_000002b892348a50;  alias, 1 drivers
v000002b891f0f360_0 .var "out_act", 7 0;
v000002b891f66d90_0 .var "out_psum", 31 0;
v000002b891f671f0_0 .var/s "reg_weight", 7 0;
v000002b891f67fb0_0 .net "rst_n", 0 0, L_000002b8920707f0;  alias, 1 drivers
S_000002b892182e80 .scope generate, "COL_LOOP[5]" "COL_LOOP[5]" 9 55, 9 55 0, S_000002b89217d240;
 .timescale -9 -12;
P_000002b89208c1d0 .param/l "c" 0 9 55, +C4<0101>;
v000002b891f67830_0 .net "pe_in_act", 7 0, L_000002b89206fad0;  1 drivers
L_000002b8922eb418 .functor BUFT 1, C4<00000000000000000000000000000000>, C4<0>, C4<0>, C4<0>;
v000002b891f678d0_0 .net "pe_in_psum", 31 0, L_000002b8922eb418;  1 drivers
v000002b891f66430_0 .net "pe_in_weight", 7 0, L_000002b892349bd0;  1 drivers
v000002b891f67ab0_0 .net "pe_load_en", 0 0, L_000002b892348190;  1 drivers
S_000002b892182840 .scope generate, "genblk1" "genblk1" 9 61, 9 61 0, S_000002b892182e80;
 .timescale -9 -12;
L_000002b89206fad0 .functor BUFZ 8, v000002b891f0f360_0, C4<00000000>, C4<00000000>, C4<00000000>;
S_000002b892181ee0 .scope generate, "genblk2" "genblk2" 9 72, 9 72 0, S_000002b892182e80;
 .timescale -9 -12;
S_000002b8921813f0 .scope module, "pe_inst" "pe" 9 91, 10 12 0, S_000002b892182e80;
 .timescale 0 0;
    .port_info 0 /INPUT 1 "clk";
    .port_info 1 /INPUT 1 "rst_n";
    .port_info 2 /INPUT 1 "en_compute";
    .port_info 3 /INPUT 1 "load_weight";
    .port_info 4 /INPUT 8 "in_act";
    .port_info 5 /INPUT 8 "in_weight";
    .port_info 6 /INPUT 32 "in_psum";
    .port_info 7 /OUTPUT 8 "out_act";
    .port_info 8 /OUTPUT 32 "out_psum";
v000002b891f673d0_0 .net "clk", 0 0, v000002b8922856e0_0;  alias, 1 drivers
v000002b891f682d0_0 .net "en_compute", 0 0, L_000002b8922eb268;  alias, 1 drivers
v000002b891f67650_0 .net "in_act", 7 0, L_000002b89206fad0;  alias, 1 drivers
v000002b891f66b10_0 .net "in_psum", 31 0, L_000002b8922eb418;  alias, 1 drivers
v000002b891f68410_0 .net "in_weight", 7 0, L_000002b892349bd0;  alias, 1 drivers
v000002b891f676f0_0 .net "load_weight", 0 0, L_000002b892348190;  alias, 1 drivers
v000002b891f68550_0 .var "out_act", 7 0;
v000002b891f670b0_0 .var "out_psum", 31 0;
v000002b891f67790_0 .var/s "reg_weight", 7 0;
v000002b891f66110_0 .net "rst_n", 0 0, L_000002b8920707f0;  alias, 1 drivers
S_000002b892181580 .scope generate, "COL_LOOP[6]" "COL_LOOP[6]" 9 55, 9 55 0, S_000002b89217d240;
 .timescale -9 -12;
P_000002b89208c210 .param/l "c" 0 9 55, +C4<0110>;
v000002b891f68cd0_0 .net "pe_in_act", 7 0, L_000002b892071ac0;  1 drivers
L_000002b8922eb460 .functor BUFT 1, C4<00000000000000000000000000000000>, C4<0>, C4<0>, C4<0>;
v000002b891f68e10_0 .net "pe_in_psum", 31 0, L_000002b8922eb460;  1 drivers
v000002b891f69310_0 .net "pe_in_weight", 7 0, L_000002b89234a710;  1 drivers
v000002b891f69450_0 .net "pe_load_en", 0 0, L_000002b89234a350;  1 drivers
S_000002b892182cf0 .scope generate, "genblk1" "genblk1" 9 61, 9 61 0, S_000002b892181580;
 .timescale -9 -12;
L_000002b892071ac0 .functor BUFZ 8, v000002b891f68550_0, C4<00000000>, C4<00000000>, C4<00000000>;
S_000002b8921810d0 .scope generate, "genblk2" "genblk2" 9 72, 9 72 0, S_000002b892181580;
 .timescale -9 -12;
S_000002b892182070 .scope module, "pe_inst" "pe" 9 91, 10 12 0, S_000002b892181580;
 .timescale 0 0;
    .port_info 0 /INPUT 1 "clk";
    .port_info 1 /INPUT 1 "rst_n";
    .port_info 2 /INPUT 1 "en_compute";
    .port_info 3 /INPUT 1 "load_weight";
    .port_info 4 /INPUT 8 "in_act";
    .port_info 5 /INPUT 8 "in_weight";
    .port_info 6 /INPUT 32 "in_psum";
    .port_info 7 /OUTPUT 8 "out_act";
    .port_info 8 /OUTPUT 32 "out_psum";
v000002b891f667f0_0 .net "clk", 0 0, v000002b8922856e0_0;  alias, 1 drivers
v000002b891f66930_0 .net "en_compute", 0 0, L_000002b8922eb268;  alias, 1 drivers
v000002b891f689b0_0 .net "in_act", 7 0, L_000002b892071ac0;  alias, 1 drivers
v000002b891f696d0_0 .net "in_psum", 31 0, L_000002b8922eb460;  alias, 1 drivers
v000002b891f691d0_0 .net "in_weight", 7 0, L_000002b89234a710;  alias, 1 drivers
v000002b891f68d70_0 .net "load_weight", 0 0, L_000002b89234a350;  alias, 1 drivers
v000002b891f699f0_0 .var "out_act", 7 0;
v000002b891f68c30_0 .var "out_psum", 31 0;
v000002b891f69e50_0 .var/s "reg_weight", 7 0;
v000002b891f69090_0 .net "rst_n", 0 0, L_000002b8920707f0;  alias, 1 drivers
S_000002b892182200 .scope generate, "COL_LOOP[7]" "COL_LOOP[7]" 9 55, 9 55 0, S_000002b89217d240;
 .timescale -9 -12;
P_000002b89208c350 .param/l "c" 0 9 55, +C4<0111>;
v000002b891dceae0_0 .net "pe_in_act", 7 0, L_000002b892071d60;  1 drivers
L_000002b8922eb4a8 .functor BUFT 1, C4<00000000000000000000000000000000>, C4<0>, C4<0>, C4<0>;
v000002b891dce7c0_0 .net "pe_in_psum", 31 0, L_000002b8922eb4a8;  1 drivers
v000002b891dcd320_0 .net "pe_in_weight", 7 0, L_000002b8923482d0;  1 drivers
v000002b891dcdb40_0 .net "pe_load_en", 0 0, L_000002b8923491d0;  1 drivers
S_000002b892182390 .scope generate, "genblk1" "genblk1" 9 61, 9 61 0, S_000002b892182200;
 .timescale -9 -12;
L_000002b892071d60 .functor BUFZ 8, v000002b891f699f0_0, C4<00000000>, C4<00000000>, C4<00000000>;
S_000002b892181710 .scope generate, "genblk2" "genblk2" 9 72, 9 72 0, S_000002b892182200;
 .timescale -9 -12;
S_000002b8921818a0 .scope module, "pe_inst" "pe" 9 91, 10 12 0, S_000002b892182200;
 .timescale 0 0;
    .port_info 0 /INPUT 1 "clk";
    .port_info 1 /INPUT 1 "rst_n";
    .port_info 2 /INPUT 1 "en_compute";
    .port_info 3 /INPUT 1 "load_weight";
    .port_info 4 /INPUT 8 "in_act";
    .port_info 5 /INPUT 8 "in_weight";
    .port_info 6 /INPUT 32 "in_psum";
    .port_info 7 /OUTPUT 8 "out_act";
    .port_info 8 /OUTPUT 32 "out_psum";
v000002b891f69770_0 .net "clk", 0 0, v000002b8922856e0_0;  alias, 1 drivers
v000002b891f69b30_0 .net "en_compute", 0 0, L_000002b8922eb268;  alias, 1 drivers
v000002b891dcd960_0 .net "in_act", 7 0, L_000002b892071d60;  alias, 1 drivers
v000002b891dce720_0 .net "in_psum", 31 0, L_000002b8922eb4a8;  alias, 1 drivers
v000002b891dcda00_0 .net "in_weight", 7 0, L_000002b8923482d0;  alias, 1 drivers
v000002b891dcef40_0 .net "load_weight", 0 0, L_000002b8923491d0;  alias, 1 drivers
v000002b891dcecc0_0 .var "out_act", 7 0;
v000002b891dcd820_0 .var "out_psum", 31 0;
v000002b891dcde60_0 .var/s "reg_weight", 7 0;
v000002b891dcdfa0_0 .net "rst_n", 0 0, L_000002b8920707f0;  alias, 1 drivers
S_000002b892181a30 .scope generate, "COL_LOOP[8]" "COL_LOOP[8]" 9 55, 9 55 0, S_000002b89217d240;
 .timescale -9 -12;
P_000002b89208d9d0 .param/l "c" 0 9 55, +C4<01000>;
v000002b891dcd3c0_0 .net "pe_in_act", 7 0, L_000002b892070fd0;  1 drivers
L_000002b8922eb4f0 .functor BUFT 1, C4<00000000000000000000000000000000>, C4<0>, C4<0>, C4<0>;
v000002b891dcdbe0_0 .net "pe_in_psum", 31 0, L_000002b8922eb4f0;  1 drivers
v000002b891dcdc80_0 .net "pe_in_weight", 7 0, L_000002b892349810;  1 drivers
v000002b891dcddc0_0 .net "pe_load_en", 0 0, L_000002b892348410;  1 drivers
S_000002b8921826b0 .scope generate, "genblk1" "genblk1" 9 61, 9 61 0, S_000002b892181a30;
 .timescale -9 -12;
L_000002b892070fd0 .functor BUFZ 8, v000002b891dcecc0_0, C4<00000000>, C4<00000000>, C4<00000000>;
S_000002b892184080 .scope generate, "genblk2" "genblk2" 9 72, 9 72 0, S_000002b892181a30;
 .timescale -9 -12;
S_000002b892184850 .scope module, "pe_inst" "pe" 9 91, 10 12 0, S_000002b892181a30;
 .timescale 0 0;
    .port_info 0 /INPUT 1 "clk";
    .port_info 1 /INPUT 1 "rst_n";
    .port_info 2 /INPUT 1 "en_compute";
    .port_info 3 /INPUT 1 "load_weight";
    .port_info 4 /INPUT 8 "in_act";
    .port_info 5 /INPUT 8 "in_weight";
    .port_info 6 /INPUT 32 "in_psum";
    .port_info 7 /OUTPUT 8 "out_act";
    .port_info 8 /OUTPUT 32 "out_psum";
v000002b891dcdf00_0 .net "clk", 0 0, v000002b8922856e0_0;  alias, 1 drivers
v000002b891dce400_0 .net "en_compute", 0 0, L_000002b8922eb268;  alias, 1 drivers
v000002b891dce9a0_0 .net "in_act", 7 0, L_000002b892070fd0;  alias, 1 drivers
v000002b891dcf080_0 .net "in_psum", 31 0, L_000002b8922eb4f0;  alias, 1 drivers
v000002b891dce540_0 .net "in_weight", 7 0, L_000002b892349810;  alias, 1 drivers
v000002b891dce180_0 .net "load_weight", 0 0, L_000002b892348410;  alias, 1 drivers
v000002b891dcf1c0_0 .var "out_act", 7 0;
v000002b891dce0e0_0 .var "out_psum", 31 0;
v000002b891dce220_0 .var/s "reg_weight", 7 0;
v000002b891dced60_0 .net "rst_n", 0 0, L_000002b8920707f0;  alias, 1 drivers
S_000002b892183d60 .scope generate, "COL_LOOP[9]" "COL_LOOP[9]" 9 55, 9 55 0, S_000002b89217d240;
 .timescale -9 -12;
P_000002b89208ddd0 .param/l "c" 0 9 55, +C4<01001>;
v000002b891dbd7a0_0 .net "pe_in_act", 7 0, L_000002b892071200;  1 drivers
L_000002b8922eb538 .functor BUFT 1, C4<00000000000000000000000000000000>, C4<0>, C4<0>, C4<0>;
v000002b891dbd840_0 .net "pe_in_psum", 31 0, L_000002b8922eb538;  1 drivers
v000002b891dbd160_0 .net "pe_in_weight", 7 0, L_000002b892348eb0;  1 drivers
v000002b891dbcd00_0 .net "pe_load_en", 0 0, L_000002b8923484b0;  1 drivers
S_000002b892183a40 .scope generate, "genblk1" "genblk1" 9 61, 9 61 0, S_000002b892183d60;
 .timescale -9 -12;
L_000002b892071200 .functor BUFZ 8, v000002b891dcf1c0_0, C4<00000000>, C4<00000000>, C4<00000000>;
S_000002b8921849e0 .scope generate, "genblk2" "genblk2" 9 72, 9 72 0, S_000002b892183d60;
 .timescale -9 -12;
S_000002b8921843a0 .scope module, "pe_inst" "pe" 9 91, 10 12 0, S_000002b892183d60;
 .timescale 0 0;
    .port_info 0 /INPUT 1 "clk";
    .port_info 1 /INPUT 1 "rst_n";
    .port_info 2 /INPUT 1 "en_compute";
    .port_info 3 /INPUT 1 "load_weight";
    .port_info 4 /INPUT 8 "in_act";
    .port_info 5 /INPUT 8 "in_weight";
    .port_info 6 /INPUT 32 "in_psum";
    .port_info 7 /OUTPUT 8 "out_act";
    .port_info 8 /OUTPUT 32 "out_psum";
v000002b891dcd500_0 .net "clk", 0 0, v000002b8922856e0_0;  alias, 1 drivers
v000002b891dcd5a0_0 .net "en_compute", 0 0, L_000002b8922eb268;  alias, 1 drivers
v000002b891dcd6e0_0 .net "in_act", 7 0, L_000002b892071200;  alias, 1 drivers
v000002b891dcd780_0 .net "in_psum", 31 0, L_000002b8922eb538;  alias, 1 drivers
v000002b891dbcda0_0 .net "in_weight", 7 0, L_000002b892348eb0;  alias, 1 drivers
v000002b891dbd2a0_0 .net "load_weight", 0 0, L_000002b8923484b0;  alias, 1 drivers
v000002b891dbc8a0_0 .var "out_act", 7 0;
v000002b891dbc4e0_0 .var "out_psum", 31 0;
v000002b891dbd980_0 .var/s "reg_weight", 7 0;
v000002b891dbdde0_0 .net "rst_n", 0 0, L_000002b8920707f0;  alias, 1 drivers
S_000002b892183ef0 .scope generate, "COL_LOOP[10]" "COL_LOOP[10]" 9 55, 9 55 0, S_000002b89217d240;
 .timescale -9 -12;
P_000002b89208df90 .param/l "c" 0 9 55, +C4<01010>;
v000002b891dbe240_0 .net "pe_in_act", 7 0, L_000002b892071cf0;  1 drivers
L_000002b8922eb580 .functor BUFT 1, C4<00000000000000000000000000000000>, C4<0>, C4<0>, C4<0>;
v000002b891dbdca0_0 .net "pe_in_psum", 31 0, L_000002b8922eb580;  1 drivers
v000002b891dbe100_0 .net "pe_in_weight", 7 0, L_000002b892349270;  1 drivers
v000002b891dbe1a0_0 .net "pe_load_en", 0 0, L_000002b892349310;  1 drivers
S_000002b892184e90 .scope generate, "genblk1" "genblk1" 9 61, 9 61 0, S_000002b892183ef0;
 .timescale -9 -12;
L_000002b892071cf0 .functor BUFZ 8, v000002b891dbc8a0_0, C4<00000000>, C4<00000000>, C4<00000000>;
S_000002b892184210 .scope generate, "genblk2" "genblk2" 9 72, 9 72 0, S_000002b892183ef0;
 .timescale -9 -12;
S_000002b892183bd0 .scope module, "pe_inst" "pe" 9 91, 10 12 0, S_000002b892183ef0;
 .timescale 0 0;
    .port_info 0 /INPUT 1 "clk";
    .port_info 1 /INPUT 1 "rst_n";
    .port_info 2 /INPUT 1 "en_compute";
    .port_info 3 /INPUT 1 "load_weight";
    .port_info 4 /INPUT 8 "in_act";
    .port_info 5 /INPUT 8 "in_weight";
    .port_info 6 /INPUT 32 "in_psum";
    .port_info 7 /OUTPUT 8 "out_act";
    .port_info 8 /OUTPUT 32 "out_psum";
v000002b891dbd480_0 .net "clk", 0 0, v000002b8922856e0_0;  alias, 1 drivers
v000002b891dbdf20_0 .net "en_compute", 0 0, L_000002b8922eb268;  alias, 1 drivers
v000002b891dbd520_0 .net "in_act", 7 0, L_000002b892071cf0;  alias, 1 drivers
v000002b891dbcee0_0 .net "in_psum", 31 0, L_000002b8922eb580;  alias, 1 drivers
v000002b891dbdac0_0 .net "in_weight", 7 0, L_000002b892349270;  alias, 1 drivers
v000002b891dbd660_0 .net "load_weight", 0 0, L_000002b892349310;  alias, 1 drivers
v000002b891dbdfc0_0 .var "out_act", 7 0;
v000002b891dbdc00_0 .var "out_psum", 31 0;
v000002b891dbcf80_0 .var/s "reg_weight", 7 0;
v000002b891dbd0c0_0 .net "rst_n", 0 0, L_000002b8920707f0;  alias, 1 drivers
S_000002b8921830e0 .scope generate, "COL_LOOP[11]" "COL_LOOP[11]" 9 55, 9 55 0, S_000002b89217d240;
 .timescale -9 -12;
P_000002b89208e110 .param/l "c" 0 9 55, +C4<01011>;
v000002b891ddd8f0_0 .net "pe_in_act", 7 0, L_000002b892071e40;  1 drivers
L_000002b8922eb5c8 .functor BUFT 1, C4<00000000000000000000000000000000>, C4<0>, C4<0>, C4<0>;
v000002b891dde2f0_0 .net "pe_in_psum", 31 0, L_000002b8922eb5c8;  1 drivers
v000002b891ddd990_0 .net "pe_in_weight", 7 0, L_000002b892349450;  1 drivers
v000002b891dddad0_0 .net "pe_load_en", 0 0, L_000002b89234a530;  1 drivers
S_000002b892183270 .scope generate, "genblk1" "genblk1" 9 61, 9 61 0, S_000002b8921830e0;
 .timescale -9 -12;
L_000002b892071e40 .functor BUFZ 8, v000002b891dbdfc0_0, C4<00000000>, C4<00000000>, C4<00000000>;
S_000002b892184530 .scope generate, "genblk2" "genblk2" 9 72, 9 72 0, S_000002b8921830e0;
 .timescale -9 -12;
S_000002b8921846c0 .scope module, "pe_inst" "pe" 9 91, 10 12 0, S_000002b8921830e0;
 .timescale 0 0;
    .port_info 0 /INPUT 1 "clk";
    .port_info 1 /INPUT 1 "rst_n";
    .port_info 2 /INPUT 1 "en_compute";
    .port_info 3 /INPUT 1 "load_weight";
    .port_info 4 /INPUT 8 "in_act";
    .port_info 5 /INPUT 8 "in_weight";
    .port_info 6 /INPUT 32 "in_psum";
    .port_info 7 /OUTPUT 8 "out_act";
    .port_info 8 /OUTPUT 32 "out_psum";
v000002b891dbc620_0 .net "clk", 0 0, v000002b8922856e0_0;  alias, 1 drivers
v000002b891dbcbc0_0 .net "en_compute", 0 0, L_000002b8922eb268;  alias, 1 drivers
v000002b891dbc760_0 .net "in_act", 7 0, L_000002b892071e40;  alias, 1 drivers
v000002b891dbcc60_0 .net "in_psum", 31 0, L_000002b8922eb5c8;  alias, 1 drivers
v000002b891dbc9e0_0 .net "in_weight", 7 0, L_000002b892349450;  alias, 1 drivers
v000002b891ddd710_0 .net "load_weight", 0 0, L_000002b89234a530;  alias, 1 drivers
v000002b891dddcb0_0 .var "out_act", 7 0;
v000002b891ddd170_0 .var "out_psum", 31 0;
v000002b891dde110_0 .var/s "reg_weight", 7 0;
v000002b891ddd850_0 .net "rst_n", 0 0, L_000002b8920707f0;  alias, 1 drivers
S_000002b892183590 .scope generate, "COL_LOOP[12]" "COL_LOOP[12]" 9 55, 9 55 0, S_000002b89217d240;
 .timescale -9 -12;
P_000002b89208d510 .param/l "c" 0 9 55, +C4<01100>;
v000002b891ddea70_0 .net "pe_in_act", 7 0, L_000002b892071350;  1 drivers
L_000002b8922eb610 .functor BUFT 1, C4<00000000000000000000000000000000>, C4<0>, C4<0>, C4<0>;
v000002b891ddebb0_0 .net "pe_in_psum", 31 0, L_000002b8922eb610;  1 drivers
v000002b891ddd2b0_0 .net "pe_in_weight", 7 0, L_000002b8923496d0;  1 drivers
v000002b891e38d20_0 .net "pe_load_en", 0 0, L_000002b892349770;  1 drivers
S_000002b892184b70 .scope generate, "genblk1" "genblk1" 9 61, 9 61 0, S_000002b892183590;
 .timescale -9 -12;
L_000002b892071350 .functor BUFZ 8, v000002b891dddcb0_0, C4<00000000>, C4<00000000>, C4<00000000>;
S_000002b892183400 .scope generate, "genblk2" "genblk2" 9 72, 9 72 0, S_000002b892183590;
 .timescale -9 -12;
S_000002b892184d00 .scope module, "pe_inst" "pe" 9 91, 10 12 0, S_000002b892183590;
 .timescale 0 0;
    .port_info 0 /INPUT 1 "clk";
    .port_info 1 /INPUT 1 "rst_n";
    .port_info 2 /INPUT 1 "en_compute";
    .port_info 3 /INPUT 1 "load_weight";
    .port_info 4 /INPUT 8 "in_act";
    .port_info 5 /INPUT 8 "in_weight";
    .port_info 6 /INPUT 32 "in_psum";
    .port_info 7 /OUTPUT 8 "out_act";
    .port_info 8 /OUTPUT 32 "out_psum";
v000002b891dde390_0 .net "clk", 0 0, v000002b8922856e0_0;  alias, 1 drivers
v000002b891dddd50_0 .net "en_compute", 0 0, L_000002b8922eb268;  alias, 1 drivers
v000002b891dde4d0_0 .net "in_act", 7 0, L_000002b892071350;  alias, 1 drivers
v000002b891dde610_0 .net "in_psum", 31 0, L_000002b8922eb610;  alias, 1 drivers
v000002b891ddd670_0 .net "in_weight", 7 0, L_000002b8923496d0;  alias, 1 drivers
v000002b891ddd210_0 .net "load_weight", 0 0, L_000002b892349770;  alias, 1 drivers
v000002b891dde6b0_0 .var "out_act", 7 0;
v000002b891dde930_0 .var "out_psum", 31 0;
v000002b891dde9d0_0 .var/s "reg_weight", 7 0;
v000002b891ddd7b0_0 .net "rst_n", 0 0, L_000002b8920707f0;  alias, 1 drivers
S_000002b892183720 .scope generate, "COL_LOOP[13]" "COL_LOOP[13]" 9 55, 9 55 0, S_000002b89217d240;
 .timescale -9 -12;
P_000002b89208dc90 .param/l "c" 0 9 55, +C4<01101>;
v000002b891e394a0_0 .net "pe_in_act", 7 0, L_000002b892071970;  1 drivers
L_000002b8922eb658 .functor BUFT 1, C4<00000000000000000000000000000000>, C4<0>, C4<0>, C4<0>;
v000002b891e39c20_0 .net "pe_in_psum", 31 0, L_000002b8922eb658;  1 drivers
v000002b891e397c0_0 .net "pe_in_weight", 7 0, L_000002b8923498b0;  1 drivers
v000002b891e38a00_0 .net "pe_load_en", 0 0, L_000002b892349f90;  1 drivers
S_000002b8921838b0 .scope generate, "genblk1" "genblk1" 9 61, 9 61 0, S_000002b892183720;
 .timescale -9 -12;
L_000002b892071970 .functor BUFZ 8, v000002b891dde6b0_0, C4<00000000>, C4<00000000>, C4<00000000>;
S_000002b8921866d0 .scope generate, "genblk2" "genblk2" 9 72, 9 72 0, S_000002b892183720;
 .timescale -9 -12;
S_000002b8921858c0 .scope module, "pe_inst" "pe" 9 91, 10 12 0, S_000002b892183720;
 .timescale 0 0;
    .port_info 0 /INPUT 1 "clk";
    .port_info 1 /INPUT 1 "rst_n";
    .port_info 2 /INPUT 1 "en_compute";
    .port_info 3 /INPUT 1 "load_weight";
    .port_info 4 /INPUT 8 "in_act";
    .port_info 5 /INPUT 8 "in_weight";
    .port_info 6 /INPUT 32 "in_psum";
    .port_info 7 /OUTPUT 8 "out_act";
    .port_info 8 /OUTPUT 32 "out_psum";
v000002b891e395e0_0 .net "clk", 0 0, v000002b8922856e0_0;  alias, 1 drivers
v000002b891e39a40_0 .net "en_compute", 0 0, L_000002b8922eb268;  alias, 1 drivers
v000002b891e381e0_0 .net "in_act", 7 0, L_000002b892071970;  alias, 1 drivers
v000002b891e388c0_0 .net "in_psum", 31 0, L_000002b8922eb658;  alias, 1 drivers
v000002b891e39ae0_0 .net "in_weight", 7 0, L_000002b8923498b0;  alias, 1 drivers
v000002b891e38780_0 .net "load_weight", 0 0, L_000002b892349f90;  alias, 1 drivers
v000002b891e38280_0 .var "out_act", 7 0;
v000002b891e39680_0 .var "out_psum", 31 0;
v000002b891e383c0_0 .var/s "reg_weight", 7 0;
v000002b891e39b80_0 .net "rst_n", 0 0, L_000002b8920707f0;  alias, 1 drivers
S_000002b892185280 .scope generate, "COL_LOOP[14]" "COL_LOOP[14]" 9 55, 9 55 0, S_000002b89217d240;
 .timescale -9 -12;
P_000002b89208df10 .param/l "c" 0 9 55, +C4<01110>;
v000002b891e50180_0 .net "pe_in_act", 7 0, L_000002b892071dd0;  1 drivers
L_000002b8922eb6a0 .functor BUFT 1, C4<00000000000000000000000000000000>, C4<0>, C4<0>, C4<0>;
v000002b891e51080_0 .net "pe_in_psum", 31 0, L_000002b8922eb6a0;  1 drivers
v000002b891e50cc0_0 .net "pe_in_weight", 7 0, L_000002b892349b30;  1 drivers
v000002b891e50220_0 .net "pe_load_en", 0 0, L_000002b892348910;  1 drivers
S_000002b892186ea0 .scope generate, "genblk1" "genblk1" 9 61, 9 61 0, S_000002b892185280;
 .timescale -9 -12;
L_000002b892071dd0 .functor BUFZ 8, v000002b891e38280_0, C4<00000000>, C4<00000000>, C4<00000000>;
S_000002b892185a50 .scope generate, "genblk2" "genblk2" 9 72, 9 72 0, S_000002b892185280;
 .timescale -9 -12;
S_000002b892186220 .scope module, "pe_inst" "pe" 9 91, 10 12 0, S_000002b892185280;
 .timescale 0 0;
    .port_info 0 /INPUT 1 "clk";
    .port_info 1 /INPUT 1 "rst_n";
    .port_info 2 /INPUT 1 "en_compute";
    .port_info 3 /INPUT 1 "load_weight";
    .port_info 4 /INPUT 8 "in_act";
    .port_info 5 /INPUT 8 "in_weight";
    .port_info 6 /INPUT 32 "in_psum";
    .port_info 7 /OUTPUT 8 "out_act";
    .port_info 8 /OUTPUT 32 "out_psum";
v000002b891e38c80_0 .net "clk", 0 0, v000002b8922856e0_0;  alias, 1 drivers
v000002b891e39540_0 .net "en_compute", 0 0, L_000002b8922eb268;  alias, 1 drivers
v000002b891e39860_0 .net "in_act", 7 0, L_000002b892071dd0;  alias, 1 drivers
v000002b891e51f80_0 .net "in_psum", 31 0, L_000002b8922eb6a0;  alias, 1 drivers
v000002b891e50ae0_0 .net "in_weight", 7 0, L_000002b892349b30;  alias, 1 drivers
v000002b891e50400_0 .net "load_weight", 0 0, L_000002b892348910;  alias, 1 drivers
v000002b891e505e0_0 .var "out_act", 7 0;
v000002b891e50b80_0 .var "out_psum", 31 0;
v000002b891e500e0_0 .var/s "reg_weight", 7 0;
v000002b891e518a0_0 .net "rst_n", 0 0, L_000002b8920707f0;  alias, 1 drivers
S_000002b892185410 .scope generate, "COL_LOOP[15]" "COL_LOOP[15]" 9 55, 9 55 0, S_000002b89217d240;
 .timescale -9 -12;
P_000002b89208de50 .param/l "c" 0 9 55, +C4<01111>;
v000002b891e3baf0_0 .net "pe_in_act", 7 0, L_000002b892072310;  1 drivers
L_000002b8922eb6e8 .functor BUFT 1, C4<00000000000000000000000000000000>, C4<0>, C4<0>, C4<0>;
v000002b891e3a330_0 .net "pe_in_psum", 31 0, L_000002b8922eb6e8;  1 drivers
v000002b891e3a3d0_0 .net "pe_in_weight", 7 0, L_000002b892349e50;  1 drivers
v000002b891e3b4b0_0 .net "pe_load_en", 0 0, L_000002b89234a030;  1 drivers
S_000002b892185be0 .scope generate, "genblk1" "genblk1" 9 61, 9 61 0, S_000002b892185410;
 .timescale -9 -12;
L_000002b892072310 .functor BUFZ 8, v000002b891e505e0_0, C4<00000000>, C4<00000000>, C4<00000000>;
S_000002b8921850f0 .scope generate, "genblk2" "genblk2" 9 72, 9 72 0, S_000002b892185410;
 .timescale -9 -12;
S_000002b892186540 .scope module, "pe_inst" "pe" 9 91, 10 12 0, S_000002b892185410;
 .timescale 0 0;
    .port_info 0 /INPUT 1 "clk";
    .port_info 1 /INPUT 1 "rst_n";
    .port_info 2 /INPUT 1 "en_compute";
    .port_info 3 /INPUT 1 "load_weight";
    .port_info 4 /INPUT 8 "in_act";
    .port_info 5 /INPUT 8 "in_weight";
    .port_info 6 /INPUT 32 "in_psum";
    .port_info 7 /OUTPUT 8 "out_act";
    .port_info 8 /OUTPUT 32 "out_psum";
v000002b891e50680_0 .net "clk", 0 0, v000002b8922856e0_0;  alias, 1 drivers
v000002b891e50720_0 .net "en_compute", 0 0, L_000002b8922eb268;  alias, 1 drivers
v000002b891e51120_0 .net "in_act", 7 0, L_000002b892072310;  alias, 1 drivers
v000002b891e509a0_0 .net "in_psum", 31 0, L_000002b8922eb6e8;  alias, 1 drivers
v000002b891e511c0_0 .net "in_weight", 7 0, L_000002b892349e50;  alias, 1 drivers
v000002b891e51300_0 .net "load_weight", 0 0, L_000002b89234a030;  alias, 1 drivers
v000002b891e51440_0 .var "out_act", 7 0;
v000002b891e51940_0 .var "out_psum", 31 0;
v000002b891e3aab0_0 .var/s "reg_weight", 7 0;
v000002b891e3b9b0_0 .net "rst_n", 0 0, L_000002b8920707f0;  alias, 1 drivers
S_000002b892185d70 .scope generate, "ROW_LOOP[1]" "ROW_LOOP[1]" 9 54, 9 54 0, S_000002b89217d0b0;
 .timescale -9 -12;
P_000002b89208d550 .param/l "r" 0 9 54, +C4<01>;
S_000002b892185f00 .scope generate, "COL_LOOP[0]" "COL_LOOP[0]" 9 55, 9 55 0, S_000002b892185d70;
 .timescale -9 -12;
P_000002b89208d4d0 .param/l "c" 0 9 55, +C4<00>;
v000002b891e3a790_0 .net "pe_in_act", 7 0, L_000002b89234a3f0;  1 drivers
v000002b891e3b550_0 .net "pe_in_psum", 31 0, L_000002b892071040;  1 drivers
v000002b891e633e0_0 .net "pe_in_weight", 7 0, L_000002b89234a170;  1 drivers
v000002b891e62c60_0 .net "pe_load_en", 0 0, L_000002b89234a2b0;  1 drivers
S_000002b8921869f0 .scope generate, "genblk1" "genblk1" 9 61, 9 61 0, S_000002b892185f00;
 .timescale -9 -12;
S_000002b892186090 .scope generate, "genblk2" "genblk2" 9 72, 9 72 0, S_000002b892185f00;
 .timescale -9 -12;
L_000002b892071040 .functor BUFZ 32, v000002b891ee5af0_0, C4<00000000000000000000000000000000>, C4<00000000000000000000000000000000>, C4<00000000000000000000000000000000>;
S_000002b892186b80 .scope module, "pe_inst" "pe" 9 91, 10 12 0, S_000002b892185f00;
 .timescale 0 0;
    .port_info 0 /INPUT 1 "clk";
    .port_info 1 /INPUT 1 "rst_n";
    .port_info 2 /INPUT 1 "en_compute";
    .port_info 3 /INPUT 1 "load_weight";
    .port_info 4 /INPUT 8 "in_act";
    .port_info 5 /INPUT 8 "in_weight";
    .port_info 6 /INPUT 32 "in_psum";
    .port_info 7 /OUTPUT 8 "out_act";
    .port_info 8 /OUTPUT 32 "out_psum";
v000002b891e3a650_0 .net "clk", 0 0, v000002b8922856e0_0;  alias, 1 drivers
v000002b891e3aa10_0 .net "en_compute", 0 0, L_000002b8922eb268;  alias, 1 drivers
v000002b891e3a470_0 .net "in_act", 7 0, L_000002b89234a3f0;  alias, 1 drivers
v000002b891e3abf0_0 .net "in_psum", 31 0, L_000002b892071040;  alias, 1 drivers
v000002b891e3beb0_0 .net "in_weight", 7 0, L_000002b89234a170;  alias, 1 drivers
v000002b891e3a510_0 .net "load_weight", 0 0, L_000002b89234a2b0;  alias, 1 drivers
v000002b891e3b230_0 .var "out_act", 7 0;
v000002b891e3a6f0_0 .var "out_psum", 31 0;
v000002b891e3add0_0 .var/s "reg_weight", 7 0;
v000002b891e3b0f0_0 .net "rst_n", 0 0, L_000002b8920707f0;  alias, 1 drivers
S_000002b8921855a0 .scope generate, "COL_LOOP[1]" "COL_LOOP[1]" 9 55, 9 55 0, S_000002b892185d70;
 .timescale -9 -12;
P_000002b89208e150 .param/l "c" 0 9 55, +C4<01>;
v000002b891e63160_0 .net "pe_in_act", 7 0, L_000002b892072620;  1 drivers
v000002b891e63660_0 .net "pe_in_psum", 31 0, L_000002b892071580;  1 drivers
v000002b891e62e40_0 .net "pe_in_weight", 7 0, L_000002b89234c150;  1 drivers
v000002b891e63e80_0 .net "pe_load_en", 0 0, L_000002b89234b750;  1 drivers
S_000002b892186860 .scope generate, "genblk1" "genblk1" 9 61, 9 61 0, S_000002b8921855a0;
 .timescale -9 -12;
L_000002b892072620 .functor BUFZ 8, v000002b891e3b230_0, C4<00000000>, C4<00000000>, C4<00000000>;
S_000002b892185730 .scope generate, "genblk2" "genblk2" 9 72, 9 72 0, S_000002b8921855a0;
 .timescale -9 -12;
L_000002b892071580 .functor BUFZ 32, v000002b891ee6770_0, C4<00000000000000000000000000000000>, C4<00000000000000000000000000000000>, C4<00000000000000000000000000000000>;
S_000002b8921863b0 .scope module, "pe_inst" "pe" 9 91, 10 12 0, S_000002b8921855a0;
 .timescale 0 0;
    .port_info 0 /INPUT 1 "clk";
    .port_info 1 /INPUT 1 "rst_n";
    .port_info 2 /INPUT 1 "en_compute";
    .port_info 3 /INPUT 1 "load_weight";
    .port_info 4 /INPUT 8 "in_act";
    .port_info 5 /INPUT 8 "in_weight";
    .port_info 6 /INPUT 32 "in_psum";
    .port_info 7 /OUTPUT 8 "out_act";
    .port_info 8 /OUTPUT 32 "out_psum";
v000002b891e624e0_0 .net "clk", 0 0, v000002b8922856e0_0;  alias, 1 drivers
v000002b891e63020_0 .net "en_compute", 0 0, L_000002b8922eb268;  alias, 1 drivers
v000002b891e63ca0_0 .net "in_act", 7 0, L_000002b892072620;  alias, 1 drivers
v000002b891e62b20_0 .net "in_psum", 31 0, L_000002b892071580;  alias, 1 drivers
v000002b891e62580_0 .net "in_weight", 7 0, L_000002b89234c150;  alias, 1 drivers
v000002b891e62120_0 .net "load_weight", 0 0, L_000002b89234b750;  alias, 1 drivers
v000002b891e62760_0 .var "out_act", 7 0;
v000002b891e635c0_0 .var "out_psum", 31 0;
v000002b891e62da0_0 .var/s "reg_weight", 7 0;
v000002b891e62800_0 .net "rst_n", 0 0, L_000002b8920707f0;  alias, 1 drivers
S_000002b892186d10 .scope generate, "COL_LOOP[2]" "COL_LOOP[2]" 9 55, 9 55 0, S_000002b892185d70;
 .timescale -9 -12;
P_000002b89208d3d0 .param/l "c" 0 9 55, +C4<010>;
v000002b891e229d0_0 .net "pe_in_act", 7 0, L_000002b892071b30;  1 drivers
v000002b891e22bb0_0 .net "pe_in_psum", 31 0, L_000002b892071eb0;  1 drivers
v000002b891e235b0_0 .net "pe_in_weight", 7 0, L_000002b89234bbb0;  1 drivers
v000002b891e23470_0 .net "pe_load_en", 0 0, L_000002b89234b430;  1 drivers
S_000002b892187100 .scope generate, "genblk1" "genblk1" 9 61, 9 61 0, S_000002b892186d10;
 .timescale -9 -12;
L_000002b892071b30 .functor BUFZ 8, v000002b891e62760_0, C4<00000000>, C4<00000000>, C4<00000000>;
S_000002b8921875b0 .scope generate, "genblk2" "genblk2" 9 72, 9 72 0, S_000002b892186d10;
 .timescale -9 -12;
L_000002b892071eb0 .functor BUFZ 32, v000002b891f10e40_0, C4<00000000000000000000000000000000>, C4<00000000000000000000000000000000>, C4<00000000000000000000000000000000>;
S_000002b892189e50 .scope module, "pe_inst" "pe" 9 91, 10 12 0, S_000002b892186d10;
 .timescale 0 0;
    .port_info 0 /INPUT 1 "clk";
    .port_info 1 /INPUT 1 "rst_n";
    .port_info 2 /INPUT 1 "en_compute";
    .port_info 3 /INPUT 1 "load_weight";
    .port_info 4 /INPUT 8 "in_act";
    .port_info 5 /INPUT 8 "in_weight";
    .port_info 6 /INPUT 32 "in_psum";
    .port_info 7 /OUTPUT 8 "out_act";
    .port_info 8 /OUTPUT 32 "out_psum";
v000002b891e637a0_0 .net "clk", 0 0, v000002b8922856e0_0;  alias, 1 drivers
v000002b891e22430_0 .net "en_compute", 0 0, L_000002b8922eb268;  alias, 1 drivers
v000002b891e23150_0 .net "in_act", 7 0, L_000002b892071b30;  alias, 1 drivers
v000002b891e231f0_0 .net "in_psum", 31 0, L_000002b892071eb0;  alias, 1 drivers
v000002b891e22e30_0 .net "in_weight", 7 0, L_000002b89234bbb0;  alias, 1 drivers
v000002b891e23bf0_0 .net "load_weight", 0 0, L_000002b89234b430;  alias, 1 drivers
v000002b891e226b0_0 .var "out_act", 7 0;
v000002b891e227f0_0 .var "out_psum", 31 0;
v000002b891e22890_0 .var/s "reg_weight", 7 0;
v000002b891e22930_0 .net "rst_n", 0 0, L_000002b8920707f0;  alias, 1 drivers
S_000002b892187290 .scope generate, "COL_LOOP[3]" "COL_LOOP[3]" 9 55, 9 55 0, S_000002b892185d70;
 .timescale -9 -12;
P_000002b89208dd50 .param/l "c" 0 9 55, +C4<011>;
v000002b892193ac0_0 .net "pe_in_act", 7 0, L_000002b892072230;  1 drivers
v000002b8921949c0_0 .net "pe_in_psum", 31 0, L_000002b892071f20;  1 drivers
v000002b8921938e0_0 .net "pe_in_weight", 7 0, L_000002b89234acb0;  1 drivers
v000002b892193840_0 .net "pe_load_en", 0 0, L_000002b89234c3d0;  1 drivers
S_000002b89218a170 .scope generate, "genblk1" "genblk1" 9 61, 9 61 0, S_000002b892187290;
 .timescale -9 -12;
L_000002b892072230 .functor BUFZ 8, v000002b891e226b0_0, C4<00000000>, C4<00000000>, C4<00000000>;
S_000002b892188eb0 .scope generate, "genblk2" "genblk2" 9 72, 9 72 0, S_000002b892187290;
 .timescale -9 -12;
L_000002b892071f20 .functor BUFZ 32, v000002b891f10800_0, C4<00000000000000000000000000000000>, C4<00000000000000000000000000000000>, C4<00000000000000000000000000000000>;
S_000002b89218a490 .scope module, "pe_inst" "pe" 9 91, 10 12 0, S_000002b892187290;
 .timescale 0 0;
    .port_info 0 /INPUT 1 "clk";
    .port_info 1 /INPUT 1 "rst_n";
    .port_info 2 /INPUT 1 "en_compute";
    .port_info 3 /INPUT 1 "load_weight";
    .port_info 4 /INPUT 8 "in_act";
    .port_info 5 /INPUT 8 "in_weight";
    .port_info 6 /INPUT 32 "in_psum";
    .port_info 7 /OUTPUT 8 "out_act";
    .port_info 8 /OUTPUT 32 "out_psum";
v000002b891e23790_0 .net "clk", 0 0, v000002b8922856e0_0;  alias, 1 drivers
v000002b891e238d0_0 .net "en_compute", 0 0, L_000002b8922eb268;  alias, 1 drivers
v000002b891d93eb0_0 .net "in_act", 7 0, L_000002b892072230;  alias, 1 drivers
v000002b891d935f0_0 .net "in_psum", 31 0, L_000002b892071f20;  alias, 1 drivers
v000002b891d93b90_0 .net "in_weight", 7 0, L_000002b89234acb0;  alias, 1 drivers
v000002b891d93230_0 .net "load_weight", 0 0, L_000002b89234c3d0;  alias, 1 drivers
v000002b892193ca0_0 .var "out_act", 7 0;
v000002b8921935c0_0 .var "out_psum", 31 0;
v000002b892194c40_0 .var/s "reg_weight", 7 0;
v000002b8921941a0_0 .net "rst_n", 0 0, L_000002b8920707f0;  alias, 1 drivers
S_000002b8921886e0 .scope generate, "COL_LOOP[4]" "COL_LOOP[4]" 9 55, 9 55 0, S_000002b892185d70;
 .timescale -9 -12;
P_000002b89208d710 .param/l "c" 0 9 55, +C4<0100>;
v000002b892193700_0 .net "pe_in_act", 7 0, L_000002b892072540;  1 drivers
v000002b8921930c0_0 .net "pe_in_psum", 31 0, L_000002b892071c80;  1 drivers
v000002b892194380_0 .net "pe_in_weight", 7 0, L_000002b89234cb50;  1 drivers
v000002b8921932a0_0 .net "pe_load_en", 0 0, L_000002b89234bb10;  1 drivers
S_000002b892189360 .scope generate, "genblk1" "genblk1" 9 61, 9 61 0, S_000002b8921886e0;
 .timescale -9 -12;
L_000002b892072540 .functor BUFZ 8, v000002b892193ca0_0, C4<00000000>, C4<00000000>, C4<00000000>;
S_000002b892189810 .scope generate, "genblk2" "genblk2" 9 72, 9 72 0, S_000002b8921886e0;
 .timescale -9 -12;
L_000002b892071c80 .functor BUFZ 32, v000002b891f66d90_0, C4<00000000000000000000000000000000>, C4<00000000000000000000000000000000>, C4<00000000000000000000000000000000>;
S_000002b892187420 .scope module, "pe_inst" "pe" 9 91, 10 12 0, S_000002b8921886e0;
 .timescale 0 0;
    .port_info 0 /INPUT 1 "clk";
    .port_info 1 /INPUT 1 "rst_n";
    .port_info 2 /INPUT 1 "en_compute";
    .port_info 3 /INPUT 1 "load_weight";
    .port_info 4 /INPUT 8 "in_act";
    .port_info 5 /INPUT 8 "in_weight";
    .port_info 6 /INPUT 32 "in_psum";
    .port_info 7 /OUTPUT 8 "out_act";
    .port_info 8 /OUTPUT 32 "out_psum";
v000002b892193520_0 .net "clk", 0 0, v000002b8922856e0_0;  alias, 1 drivers
v000002b892194ba0_0 .net "en_compute", 0 0, L_000002b8922eb268;  alias, 1 drivers
v000002b892193f20_0 .net "in_act", 7 0, L_000002b892072540;  alias, 1 drivers
v000002b892193660_0 .net "in_psum", 31 0, L_000002b892071c80;  alias, 1 drivers
v000002b892193b60_0 .net "in_weight", 7 0, L_000002b89234cb50;  alias, 1 drivers
v000002b892192e40_0 .net "load_weight", 0 0, L_000002b89234bb10;  alias, 1 drivers
v000002b8921933e0_0 .var "out_act", 7 0;
v000002b8921929e0_0 .var "out_psum", 31 0;
v000002b892192b20_0 .var/s "reg_weight", 7 0;
v000002b892193c00_0 .net "rst_n", 0 0, L_000002b8920707f0;  alias, 1 drivers
S_000002b89218a620 .scope generate, "COL_LOOP[5]" "COL_LOOP[5]" 9 55, 9 55 0, S_000002b892185d70;
 .timescale -9 -12;
P_000002b89208dad0 .param/l "c" 0 9 55, +C4<0101>;
v000002b892194060_0 .net "pe_in_act", 7 0, L_000002b8920722a0;  1 drivers
v000002b892192ee0_0 .net "pe_in_psum", 31 0, L_000002b8920715f0;  1 drivers
v000002b892192da0_0 .net "pe_in_weight", 7 0, L_000002b89234c010;  1 drivers
v000002b892194100_0 .net "pe_load_en", 0 0, L_000002b89234b610;  1 drivers
S_000002b8921880a0 .scope generate, "genblk1" "genblk1" 9 61, 9 61 0, S_000002b89218a620;
 .timescale -9 -12;
L_000002b8920722a0 .functor BUFZ 8, v000002b8921933e0_0, C4<00000000>, C4<00000000>, C4<00000000>;
S_000002b892187740 .scope generate, "genblk2" "genblk2" 9 72, 9 72 0, S_000002b89218a620;
 .timescale -9 -12;
L_000002b8920715f0 .functor BUFZ 32, v000002b891f670b0_0, C4<00000000000000000000000000000000>, C4<00000000000000000000000000000000>, C4<00000000000000000000000000000000>;
S_000002b89218a7b0 .scope module, "pe_inst" "pe" 9 91, 10 12 0, S_000002b89218a620;
 .timescale 0 0;
    .port_info 0 /INPUT 1 "clk";
    .port_info 1 /INPUT 1 "rst_n";
    .port_info 2 /INPUT 1 "en_compute";
    .port_info 3 /INPUT 1 "load_weight";
    .port_info 4 /INPUT 8 "in_act";
    .port_info 5 /INPUT 8 "in_weight";
    .port_info 6 /INPUT 32 "in_psum";
    .port_info 7 /OUTPUT 8 "out_act";
    .port_info 8 /OUTPUT 32 "out_psum";
v000002b892193e80_0 .net "clk", 0 0, v000002b8922856e0_0;  alias, 1 drivers
v000002b892193020_0 .net "en_compute", 0 0, L_000002b8922eb268;  alias, 1 drivers
v000002b892193d40_0 .net "in_act", 7 0, L_000002b8920722a0;  alias, 1 drivers
v000002b892194420_0 .net "in_psum", 31 0, L_000002b8920715f0;  alias, 1 drivers
v000002b892193fc0_0 .net "in_weight", 7 0, L_000002b89234c010;  alias, 1 drivers
v000002b8921950a0_0 .net "load_weight", 0 0, L_000002b89234b610;  alias, 1 drivers
v000002b892193340_0 .var "out_act", 7 0;
v000002b8921946a0_0 .var "out_psum", 31 0;
v000002b892193a20_0 .var/s "reg_weight", 7 0;
v000002b8921937a0_0 .net "rst_n", 0 0, L_000002b8920707f0;  alias, 1 drivers
S_000002b892188b90 .scope generate, "COL_LOOP[6]" "COL_LOOP[6]" 9 55, 9 55 0, S_000002b892185d70;
 .timescale -9 -12;
P_000002b89208dfd0 .param/l "c" 0 9 55, +C4<0110>;
v000002b892194600_0 .net "pe_in_act", 7 0, L_000002b892072150;  1 drivers
v000002b892194740_0 .net "pe_in_psum", 31 0, L_000002b8920710b0;  1 drivers
v000002b892194e20_0 .net "pe_in_weight", 7 0, L_000002b89234b570;  1 drivers
v000002b8921947e0_0 .net "pe_load_en", 0 0, L_000002b89234b6b0;  1 drivers
S_000002b892189fe0 .scope generate, "genblk1" "genblk1" 9 61, 9 61 0, S_000002b892188b90;
 .timescale -9 -12;
L_000002b892072150 .functor BUFZ 8, v000002b892193340_0, C4<00000000>, C4<00000000>, C4<00000000>;
S_000002b892188a00 .scope generate, "genblk2" "genblk2" 9 72, 9 72 0, S_000002b892188b90;
 .timescale -9 -12;
L_000002b8920710b0 .functor BUFZ 32, v000002b891f68c30_0, C4<00000000000000000000000000000000>, C4<00000000000000000000000000000000>, C4<00000000000000000000000000000000>;
S_000002b89218aad0 .scope module, "pe_inst" "pe" 9 91, 10 12 0, S_000002b892188b90;
 .timescale 0 0;
    .port_info 0 /INPUT 1 "clk";
    .port_info 1 /INPUT 1 "rst_n";
    .port_info 2 /INPUT 1 "en_compute";
    .port_info 3 /INPUT 1 "load_weight";
    .port_info 4 /INPUT 8 "in_act";
    .port_info 5 /INPUT 8 "in_weight";
    .port_info 6 /INPUT 32 "in_psum";
    .port_info 7 /OUTPUT 8 "out_act";
    .port_info 8 /OUTPUT 32 "out_psum";
v000002b892194240_0 .net "clk", 0 0, v000002b8922856e0_0;  alias, 1 drivers
v000002b892194d80_0 .net "en_compute", 0 0, L_000002b8922eb268;  alias, 1 drivers
v000002b892194b00_0 .net "in_act", 7 0, L_000002b892072150;  alias, 1 drivers
v000002b892193980_0 .net "in_psum", 31 0, L_000002b8920710b0;  alias, 1 drivers
v000002b892194ce0_0 .net "in_weight", 7 0, L_000002b89234b570;  alias, 1 drivers
v000002b8921942e0_0 .net "load_weight", 0 0, L_000002b89234b6b0;  alias, 1 drivers
v000002b892193160_0 .var "out_act", 7 0;
v000002b8921944c0_0 .var "out_psum", 31 0;
v000002b892194560_0 .var/s "reg_weight", 7 0;
v000002b892193200_0 .net "rst_n", 0 0, L_000002b8920707f0;  alias, 1 drivers
S_000002b892189040 .scope generate, "COL_LOOP[7]" "COL_LOOP[7]" 9 55, 9 55 0, S_000002b892185d70;
 .timescale -9 -12;
P_000002b89208d690 .param/l "c" 0 9 55, +C4<0111>;
v000002b892195d20_0 .net "pe_in_act", 7 0, L_000002b892071900;  1 drivers
v000002b892195be0_0 .net "pe_in_psum", 31 0, L_000002b8920724d0;  1 drivers
v000002b892195f00_0 .net "pe_in_weight", 7 0, L_000002b89234adf0;  1 drivers
v000002b892197260_0 .net "pe_load_en", 0 0, L_000002b89234c470;  1 drivers
S_000002b8921891d0 .scope generate, "genblk1" "genblk1" 9 61, 9 61 0, S_000002b892189040;
 .timescale -9 -12;
L_000002b892071900 .functor BUFZ 8, v000002b892193160_0, C4<00000000>, C4<00000000>, C4<00000000>;
S_000002b8921878d0 .scope generate, "genblk2" "genblk2" 9 72, 9 72 0, S_000002b892189040;
 .timescale -9 -12;
L_000002b8920724d0 .functor BUFZ 32, v000002b891dcd820_0, C4<00000000000000000000000000000000>, C4<00000000000000000000000000000000>, C4<00000000000000000000000000000000>;
S_000002b892187bf0 .scope module, "pe_inst" "pe" 9 91, 10 12 0, S_000002b892189040;
 .timescale 0 0;
    .port_info 0 /INPUT 1 "clk";
    .port_info 1 /INPUT 1 "rst_n";
    .port_info 2 /INPUT 1 "en_compute";
    .port_info 3 /INPUT 1 "load_weight";
    .port_info 4 /INPUT 8 "in_act";
    .port_info 5 /INPUT 8 "in_weight";
    .port_info 6 /INPUT 32 "in_psum";
    .port_info 7 /OUTPUT 8 "out_act";
    .port_info 8 /OUTPUT 32 "out_psum";
v000002b892194880_0 .net "clk", 0 0, v000002b8922856e0_0;  alias, 1 drivers
v000002b892194ec0_0 .net "en_compute", 0 0, L_000002b8922eb268;  alias, 1 drivers
v000002b892194920_0 .net "in_act", 7 0, L_000002b892071900;  alias, 1 drivers
v000002b892194f60_0 .net "in_psum", 31 0, L_000002b8920724d0;  alias, 1 drivers
v000002b892195000_0 .net "in_weight", 7 0, L_000002b89234adf0;  alias, 1 drivers
v000002b892192940_0 .net "load_weight", 0 0, L_000002b89234c470;  alias, 1 drivers
v000002b892192a80_0 .var "out_act", 7 0;
v000002b892192bc0_0 .var "out_psum", 31 0;
v000002b892192c60_0 .var/s "reg_weight", 7 0;
v000002b892192d00_0 .net "rst_n", 0 0, L_000002b8920707f0;  alias, 1 drivers
S_000002b892189b30 .scope generate, "COL_LOOP[8]" "COL_LOOP[8]" 9 55, 9 55 0, S_000002b892185d70;
 .timescale -9 -12;
P_000002b89208e190 .param/l "c" 0 9 55, +C4<01000>;
v000002b8921965e0_0 .net "pe_in_act", 7 0, L_000002b8920713c0;  1 drivers
v000002b892196fe0_0 .net "pe_in_psum", 31 0, L_000002b8920725b0;  1 drivers
v000002b892197620_0 .net "pe_in_weight", 7 0, L_000002b89234ae90;  1 drivers
v000002b892196400_0 .net "pe_load_en", 0 0, L_000002b89234c330;  1 drivers
S_000002b8921899a0 .scope generate, "genblk1" "genblk1" 9 61, 9 61 0, S_000002b892189b30;
 .timescale -9 -12;
L_000002b8920713c0 .functor BUFZ 8, v000002b892192a80_0, C4<00000000>, C4<00000000>, C4<00000000>;
S_000002b892188230 .scope generate, "genblk2" "genblk2" 9 72, 9 72 0, S_000002b892189b30;
 .timescale -9 -12;
L_000002b8920725b0 .functor BUFZ 32, v000002b891dce0e0_0, C4<00000000000000000000000000000000>, C4<00000000000000000000000000000000>, C4<00000000000000000000000000000000>;
S_000002b892187a60 .scope module, "pe_inst" "pe" 9 91, 10 12 0, S_000002b892189b30;
 .timescale 0 0;
    .port_info 0 /INPUT 1 "clk";
    .port_info 1 /INPUT 1 "rst_n";
    .port_info 2 /INPUT 1 "en_compute";
    .port_info 3 /INPUT 1 "load_weight";
    .port_info 4 /INPUT 8 "in_act";
    .port_info 5 /INPUT 8 "in_weight";
    .port_info 6 /INPUT 32 "in_psum";
    .port_info 7 /OUTPUT 8 "out_act";
    .port_info 8 /OUTPUT 32 "out_psum";
v000002b892196360_0 .net "clk", 0 0, v000002b8922856e0_0;  alias, 1 drivers
v000002b892197080_0 .net "en_compute", 0 0, L_000002b8922eb268;  alias, 1 drivers
v000002b892196220_0 .net "in_act", 7 0, L_000002b8920713c0;  alias, 1 drivers
v000002b8921964a0_0 .net "in_psum", 31 0, L_000002b8920725b0;  alias, 1 drivers
v000002b892195780_0 .net "in_weight", 7 0, L_000002b89234ae90;  alias, 1 drivers
v000002b892197120_0 .net "load_weight", 0 0, L_000002b89234c330;  alias, 1 drivers
v000002b892197300_0 .var "out_act", 7 0;
v000002b8921978a0_0 .var "out_psum", 31 0;
v000002b8921962c0_0 .var/s "reg_weight", 7 0;
v000002b8921973a0_0 .net "rst_n", 0 0, L_000002b8920707f0;  alias, 1 drivers
S_000002b89218a300 .scope generate, "COL_LOOP[9]" "COL_LOOP[9]" 9 55, 9 55 0, S_000002b892185d70;
 .timescale -9 -12;
P_000002b89208dcd0 .param/l "c" 0 9 55, +C4<01001>;
v000002b892197440_0 .net "pe_in_act", 7 0, L_000002b892072380;  1 drivers
v000002b892196860_0 .net "pe_in_psum", 31 0, L_000002b892071820;  1 drivers
v000002b8921953c0_0 .net "pe_in_weight", 7 0, L_000002b89234b4d0;  1 drivers
v000002b892196540_0 .net "pe_load_en", 0 0, L_000002b89234b250;  1 drivers
S_000002b892187d80 .scope generate, "genblk1" "genblk1" 9 61, 9 61 0, S_000002b89218a300;
 .timescale -9 -12;
L_000002b892072380 .functor BUFZ 8, v000002b892197300_0, C4<00000000>, C4<00000000>, C4<00000000>;
S_000002b8921883c0 .scope generate, "genblk2" "genblk2" 9 72, 9 72 0, S_000002b89218a300;
 .timescale -9 -12;
L_000002b892071820 .functor BUFZ 32, v000002b891dbc4e0_0, C4<00000000000000000000000000000000>, C4<00000000000000000000000000000000>, C4<00000000000000000000000000000000>;
S_000002b89218ac60 .scope module, "pe_inst" "pe" 9 91, 10 12 0, S_000002b89218a300;
 .timescale 0 0;
    .port_info 0 /INPUT 1 "clk";
    .port_info 1 /INPUT 1 "rst_n";
    .port_info 2 /INPUT 1 "en_compute";
    .port_info 3 /INPUT 1 "load_weight";
    .port_info 4 /INPUT 8 "in_act";
    .port_info 5 /INPUT 8 "in_weight";
    .port_info 6 /INPUT 32 "in_psum";
    .port_info 7 /OUTPUT 8 "out_act";
    .port_info 8 /OUTPUT 32 "out_psum";
v000002b892197800_0 .net "clk", 0 0, v000002b8922856e0_0;  alias, 1 drivers
v000002b8921951e0_0 .net "en_compute", 0 0, L_000002b8922eb268;  alias, 1 drivers
v000002b892195c80_0 .net "in_act", 7 0, L_000002b892072380;  alias, 1 drivers
v000002b892195dc0_0 .net "in_psum", 31 0, L_000002b892071820;  alias, 1 drivers
v000002b8921958c0_0 .net "in_weight", 7 0, L_000002b89234b4d0;  alias, 1 drivers
v000002b892196b80_0 .net "load_weight", 0 0, L_000002b89234b250;  alias, 1 drivers
v000002b892195280_0 .var "out_act", 7 0;
v000002b8921974e0_0 .var "out_psum", 31 0;
v000002b8921971c0_0 .var/s "reg_weight", 7 0;
v000002b892196a40_0 .net "rst_n", 0 0, L_000002b8920707f0;  alias, 1 drivers
S_000002b892187f10 .scope generate, "COL_LOOP[10]" "COL_LOOP[10]" 9 55, 9 55 0, S_000002b892185d70;
 .timescale -9 -12;
P_000002b89208dd90 .param/l "c" 0 9 55, +C4<01010>;
v000002b892195820_0 .net "pe_in_act", 7 0, L_000002b892071190;  1 drivers
v000002b8921960e0_0 .net "pe_in_psum", 31 0, L_000002b892072930;  1 drivers
v000002b892196680_0 .net "pe_in_weight", 7 0, L_000002b89234a8f0;  1 drivers
v000002b892195140_0 .net "pe_load_en", 0 0, L_000002b89234c0b0;  1 drivers
S_000002b892188550 .scope generate, "genblk1" "genblk1" 9 61, 9 61 0, S_000002b892187f10;
 .timescale -9 -12;
L_000002b892071190 .functor BUFZ 8, v000002b892195280_0, C4<00000000>, C4<00000000>, C4<00000000>;
S_000002b89218a940 .scope generate, "genblk2" "genblk2" 9 72, 9 72 0, S_000002b892187f10;
 .timescale -9 -12;
L_000002b892072930 .functor BUFZ 32, v000002b891dbdc00_0, C4<00000000000000000000000000000000>, C4<00000000000000000000000000000000>, C4<00000000000000000000000000000000>;
S_000002b892188870 .scope module, "pe_inst" "pe" 9 91, 10 12 0, S_000002b892187f10;
 .timescale 0 0;
    .port_info 0 /INPUT 1 "clk";
    .port_info 1 /INPUT 1 "rst_n";
    .port_info 2 /INPUT 1 "en_compute";
    .port_info 3 /INPUT 1 "load_weight";
    .port_info 4 /INPUT 8 "in_act";
    .port_info 5 /INPUT 8 "in_weight";
    .port_info 6 /INPUT 32 "in_psum";
    .port_info 7 /OUTPUT 8 "out_act";
    .port_info 8 /OUTPUT 32 "out_psum";
v000002b8921969a0_0 .net "clk", 0 0, v000002b8922856e0_0;  alias, 1 drivers
v000002b8921976c0_0 .net "en_compute", 0 0, L_000002b8922eb268;  alias, 1 drivers
v000002b892197760_0 .net "in_act", 7 0, L_000002b892071190;  alias, 1 drivers
v000002b892195640_0 .net "in_psum", 31 0, L_000002b892072930;  alias, 1 drivers
v000002b8921956e0_0 .net "in_weight", 7 0, L_000002b89234a8f0;  alias, 1 drivers
v000002b8921955a0_0 .net "load_weight", 0 0, L_000002b89234c0b0;  alias, 1 drivers
v000002b892196f40_0 .var "out_act", 7 0;
v000002b892196720_0 .var "out_psum", 31 0;
v000002b892195fa0_0 .var/s "reg_weight", 7 0;
v000002b892195a00_0 .net "rst_n", 0 0, L_000002b8920707f0;  alias, 1 drivers
S_000002b892188d20 .scope generate, "COL_LOOP[11]" "COL_LOOP[11]" 9 55, 9 55 0, S_000002b892185d70;
 .timescale -9 -12;
P_000002b89208d5d0 .param/l "c" 0 9 55, +C4<01011>;
v000002b892195500_0 .net "pe_in_act", 7 0, L_000002b8920729a0;  1 drivers
v000002b892196d60_0 .net "pe_in_psum", 31 0, L_000002b892072a80;  1 drivers
v000002b892196e00_0 .net "pe_in_weight", 7 0, L_000002b89234c790;  1 drivers
v000002b892196ea0_0 .net "pe_load_en", 0 0, L_000002b89234bc50;  1 drivers
S_000002b8921894f0 .scope generate, "genblk1" "genblk1" 9 61, 9 61 0, S_000002b892188d20;
 .timescale -9 -12;
L_000002b8920729a0 .functor BUFZ 8, v000002b892196f40_0, C4<00000000>, C4<00000000>, C4<00000000>;
S_000002b892189680 .scope generate, "genblk2" "genblk2" 9 72, 9 72 0, S_000002b892188d20;
 .timescale -9 -12;
L_000002b892072a80 .functor BUFZ 32, v000002b891ddd170_0, C4<00000000000000000000000000000000>, C4<00000000000000000000000000000000>, C4<00000000000000000000000000000000>;
S_000002b892189cc0 .scope module, "pe_inst" "pe" 9 91, 10 12 0, S_000002b892188d20;
 .timescale 0 0;
    .port_info 0 /INPUT 1 "clk";
    .port_info 1 /INPUT 1 "rst_n";
    .port_info 2 /INPUT 1 "en_compute";
    .port_info 3 /INPUT 1 "load_weight";
    .port_info 4 /INPUT 8 "in_act";
    .port_info 5 /INPUT 8 "in_weight";
    .port_info 6 /INPUT 32 "in_psum";
    .port_info 7 /OUTPUT 8 "out_act";
    .port_info 8 /OUTPUT 32 "out_psum";
v000002b892195b40_0 .net "clk", 0 0, v000002b8922856e0_0;  alias, 1 drivers
v000002b892196c20_0 .net "en_compute", 0 0, L_000002b8922eb268;  alias, 1 drivers
v000002b892195e60_0 .net "in_act", 7 0, L_000002b8920729a0;  alias, 1 drivers
v000002b892195960_0 .net "in_psum", 31 0, L_000002b892072a80;  alias, 1 drivers
v000002b892196cc0_0 .net "in_weight", 7 0, L_000002b89234c790;  alias, 1 drivers
v000002b892196900_0 .net "load_weight", 0 0, L_000002b89234bc50;  alias, 1 drivers
v000002b892196040_0 .var "out_act", 7 0;
v000002b892195460_0 .var "out_psum", 31 0;
v000002b892196ae0_0 .var/s "reg_weight", 7 0;
v000002b892196180_0 .net "rst_n", 0 0, L_000002b8920707f0;  alias, 1 drivers
S_000002b89218adf0 .scope generate, "COL_LOOP[12]" "COL_LOOP[12]" 9 55, 9 55 0, S_000002b892185d70;
 .timescale -9 -12;
P_000002b89208de10 .param/l "c" 0 9 55, +C4<01100>;
v000002b892197f80_0 .net "pe_in_act", 7 0, L_000002b892071f90;  1 drivers
v000002b892198340_0 .net "pe_in_psum", 31 0, L_000002b892071890;  1 drivers
v000002b892199d80_0 .net "pe_in_weight", 7 0, L_000002b89234d050;  1 drivers
v000002b892199f60_0 .net "pe_load_en", 0 0, L_000002b89234b7f0;  1 drivers
S_000002b89219c250 .scope generate, "genblk1" "genblk1" 9 61, 9 61 0, S_000002b89218adf0;
 .timescale -9 -12;
L_000002b892071f90 .functor BUFZ 8, v000002b892196040_0, C4<00000000>, C4<00000000>, C4<00000000>;
S_000002b89219c890 .scope generate, "genblk2" "genblk2" 9 72, 9 72 0, S_000002b89218adf0;
 .timescale -9 -12;
L_000002b892071890 .functor BUFZ 32, v000002b891dde930_0, C4<00000000000000000000000000000000>, C4<00000000000000000000000000000000>, C4<00000000000000000000000000000000>;
S_000002b89219bda0 .scope module, "pe_inst" "pe" 9 91, 10 12 0, S_000002b89218adf0;
 .timescale 0 0;
    .port_info 0 /INPUT 1 "clk";
    .port_info 1 /INPUT 1 "rst_n";
    .port_info 2 /INPUT 1 "en_compute";
    .port_info 3 /INPUT 1 "load_weight";
    .port_info 4 /INPUT 8 "in_act";
    .port_info 5 /INPUT 8 "in_weight";
    .port_info 6 /INPUT 32 "in_psum";
    .port_info 7 /OUTPUT 8 "out_act";
    .port_info 8 /OUTPUT 32 "out_psum";
v000002b892197940_0 .net "clk", 0 0, v000002b8922856e0_0;  alias, 1 drivers
v000002b892197b20_0 .net "en_compute", 0 0, L_000002b8922eb268;  alias, 1 drivers
v000002b892199ec0_0 .net "in_act", 7 0, L_000002b892071f90;  alias, 1 drivers
v000002b892199880_0 .net "in_psum", 31 0, L_000002b892071890;  alias, 1 drivers
v000002b892198de0_0 .net "in_weight", 7 0, L_000002b89234d050;  alias, 1 drivers
v000002b892199100_0 .net "load_weight", 0 0, L_000002b89234b7f0;  alias, 1 drivers
v000002b892198660_0 .var "out_act", 7 0;
v000002b8921982a0_0 .var "out_psum", 31 0;
v000002b892199240_0 .var/s "reg_weight", 7 0;
v000002b892197a80_0 .net "rst_n", 0 0, L_000002b8920707f0;  alias, 1 drivers
S_000002b89219d510 .scope generate, "COL_LOOP[13]" "COL_LOOP[13]" 9 55, 9 55 0, S_000002b892185d70;
 .timescale -9 -12;
P_000002b89208de90 .param/l "c" 0 9 55, +C4<01101>;
v000002b8921991a0_0 .net "pe_in_act", 7 0, L_000002b892070ef0;  1 drivers
v000002b892199ba0_0 .net "pe_in_psum", 31 0, L_000002b892071270;  1 drivers
v000002b89219a0a0_0 .net "pe_in_weight", 7 0, L_000002b89234aa30;  1 drivers
v000002b892198840_0 .net "pe_load_en", 0 0, L_000002b89234cab0;  1 drivers
S_000002b89219d380 .scope generate, "genblk1" "genblk1" 9 61, 9 61 0, S_000002b89219d510;
 .timescale -9 -12;
L_000002b892070ef0 .functor BUFZ 8, v000002b892198660_0, C4<00000000>, C4<00000000>, C4<00000000>;
S_000002b89219ee10 .scope generate, "genblk2" "genblk2" 9 72, 9 72 0, S_000002b89219d510;
 .timescale -9 -12;
L_000002b892071270 .functor BUFZ 32, v000002b891e39680_0, C4<00000000000000000000000000000000>, C4<00000000000000000000000000000000>, C4<00000000000000000000000000000000>;
S_000002b89219dce0 .scope module, "pe_inst" "pe" 9 91, 10 12 0, S_000002b89219d510;
 .timescale 0 0;
    .port_info 0 /INPUT 1 "clk";
    .port_info 1 /INPUT 1 "rst_n";
    .port_info 2 /INPUT 1 "en_compute";
    .port_info 3 /INPUT 1 "load_weight";
    .port_info 4 /INPUT 8 "in_act";
    .port_info 5 /INPUT 8 "in_weight";
    .port_info 6 /INPUT 32 "in_psum";
    .port_info 7 /OUTPUT 8 "out_act";
    .port_info 8 /OUTPUT 32 "out_psum";
v000002b892198e80_0 .net "clk", 0 0, v000002b8922856e0_0;  alias, 1 drivers
v000002b892198a20_0 .net "en_compute", 0 0, L_000002b8922eb268;  alias, 1 drivers
v000002b892197d00_0 .net "in_act", 7 0, L_000002b892070ef0;  alias, 1 drivers
v000002b892199b00_0 .net "in_psum", 31 0, L_000002b892071270;  alias, 1 drivers
v000002b892198020_0 .net "in_weight", 7 0, L_000002b89234aa30;  alias, 1 drivers
v000002b892199740_0 .net "load_weight", 0 0, L_000002b89234cab0;  alias, 1 drivers
v000002b892198d40_0 .var "out_act", 7 0;
v000002b892199c40_0 .var "out_psum", 31 0;
v000002b892198b60_0 .var/s "reg_weight", 7 0;
v000002b8921997e0_0 .net "rst_n", 0 0, L_000002b8920707f0;  alias, 1 drivers
S_000002b89219ca20 .scope generate, "COL_LOOP[14]" "COL_LOOP[14]" 9 55, 9 55 0, S_000002b892185d70;
 .timescale -9 -12;
P_000002b89208d310 .param/l "c" 0 9 55, +C4<01110>;
v000002b8921988e0_0 .net "pe_in_act", 7 0, L_000002b8920717b0;  1 drivers
v000002b89219a000_0 .net "pe_in_psum", 31 0, L_000002b892072850;  1 drivers
v000002b892197bc0_0 .net "pe_in_weight", 7 0, L_000002b89234ce70;  1 drivers
v000002b892197c60_0 .net "pe_load_en", 0 0, L_000002b89234a990;  1 drivers
S_000002b89219e000 .scope generate, "genblk1" "genblk1" 9 61, 9 61 0, S_000002b89219ca20;
 .timescale -9 -12;
L_000002b8920717b0 .functor BUFZ 8, v000002b892198d40_0, C4<00000000>, C4<00000000>, C4<00000000>;
S_000002b89219ec80 .scope generate, "genblk2" "genblk2" 9 72, 9 72 0, S_000002b89219ca20;
 .timescale -9 -12;
L_000002b892072850 .functor BUFZ 32, v000002b891e50b80_0, C4<00000000000000000000000000000000>, C4<00000000000000000000000000000000>, C4<00000000000000000000000000000000>;
S_000002b89219c0c0 .scope module, "pe_inst" "pe" 9 91, 10 12 0, S_000002b89219ca20;
 .timescale 0 0;
    .port_info 0 /INPUT 1 "clk";
    .port_info 1 /INPUT 1 "rst_n";
    .port_info 2 /INPUT 1 "en_compute";
    .port_info 3 /INPUT 1 "load_weight";
    .port_info 4 /INPUT 8 "in_act";
    .port_info 5 /INPUT 8 "in_weight";
    .port_info 6 /INPUT 32 "in_psum";
    .port_info 7 /OUTPUT 8 "out_act";
    .port_info 8 /OUTPUT 32 "out_psum";
v000002b892199ce0_0 .net "clk", 0 0, v000002b8922856e0_0;  alias, 1 drivers
v000002b892198980_0 .net "en_compute", 0 0, L_000002b8922eb268;  alias, 1 drivers
v000002b892199920_0 .net "in_act", 7 0, L_000002b8920717b0;  alias, 1 drivers
v000002b8921999c0_0 .net "in_psum", 31 0, L_000002b892072850;  alias, 1 drivers
v000002b892199e20_0 .net "in_weight", 7 0, L_000002b89234ce70;  alias, 1 drivers
v000002b8921994c0_0 .net "load_weight", 0 0, L_000002b89234a990;  alias, 1 drivers
v000002b892198ac0_0 .var "out_act", 7 0;
v000002b892197e40_0 .var "out_psum", 31 0;
v000002b892198520_0 .var/s "reg_weight", 7 0;
v000002b8921983e0_0 .net "rst_n", 0 0, L_000002b8920707f0;  alias, 1 drivers
S_000002b89219d6a0 .scope generate, "COL_LOOP[15]" "COL_LOOP[15]" 9 55, 9 55 0, S_000002b892185d70;
 .timescale -9 -12;
P_000002b89208d290 .param/l "c" 0 9 55, +C4<01111>;
v000002b892198ca0_0 .net "pe_in_act", 7 0, L_000002b892072a10;  1 drivers
v000002b892199420_0 .net "pe_in_psum", 31 0, L_000002b892071660;  1 drivers
v000002b892199a60_0 .net "pe_in_weight", 7 0, L_000002b89234b890;  1 drivers
v000002b892199600_0 .net "pe_load_en", 0 0, L_000002b89234c830;  1 drivers
S_000002b89219eaf0 .scope generate, "genblk1" "genblk1" 9 61, 9 61 0, S_000002b89219d6a0;
 .timescale -9 -12;
L_000002b892072a10 .functor BUFZ 8, v000002b892198ac0_0, C4<00000000>, C4<00000000>, C4<00000000>;
S_000002b89219ced0 .scope generate, "genblk2" "genblk2" 9 72, 9 72 0, S_000002b89219d6a0;
 .timescale -9 -12;
L_000002b892071660 .functor BUFZ 32, v000002b891e51940_0, C4<00000000000000000000000000000000>, C4<00000000000000000000000000000000>, C4<00000000000000000000000000000000>;
S_000002b89219b120 .scope module, "pe_inst" "pe" 9 91, 10 12 0, S_000002b89219d6a0;
 .timescale 0 0;
    .port_info 0 /INPUT 1 "clk";
    .port_info 1 /INPUT 1 "rst_n";
    .port_info 2 /INPUT 1 "en_compute";
    .port_info 3 /INPUT 1 "load_weight";
    .port_info 4 /INPUT 8 "in_act";
    .port_info 5 /INPUT 8 "in_weight";
    .port_info 6 /INPUT 32 "in_psum";
    .port_info 7 /OUTPUT 8 "out_act";
    .port_info 8 /OUTPUT 32 "out_psum";
v000002b8921992e0_0 .net "clk", 0 0, v000002b8922856e0_0;  alias, 1 drivers
v000002b892198700_0 .net "en_compute", 0 0, L_000002b8922eb268;  alias, 1 drivers
v000002b892198f20_0 .net "in_act", 7 0, L_000002b892072a10;  alias, 1 drivers
v000002b892199380_0 .net "in_psum", 31 0, L_000002b892071660;  alias, 1 drivers
v000002b892197da0_0 .net "in_weight", 7 0, L_000002b89234b890;  alias, 1 drivers
v000002b892197ee0_0 .net "load_weight", 0 0, L_000002b89234c830;  alias, 1 drivers
v000002b892198fc0_0 .var "out_act", 7 0;
v000002b892198160_0 .var "out_psum", 31 0;
v000002b8921980c0_0 .var/s "reg_weight", 7 0;
v000002b8921985c0_0 .net "rst_n", 0 0, L_000002b8920707f0;  alias, 1 drivers
S_000002b89219cbb0 .scope generate, "ROW_LOOP[2]" "ROW_LOOP[2]" 9 54, 9 54 0, S_000002b89217d0b0;
 .timescale -9 -12;
P_000002b89208d590 .param/l "r" 0 9 54, +C4<010>;
S_000002b89219e320 .scope generate, "COL_LOOP[0]" "COL_LOOP[0]" 9 55, 9 55 0, S_000002b89219cbb0;
 .timescale -9 -12;
P_000002b89208ded0 .param/l "c" 0 9 55, +C4<00>;
v000002b89219af00_0 .net "pe_in_act", 7 0, L_000002b89234c510;  1 drivers
v000002b89219a280_0 .net "pe_in_psum", 31 0, L_000002b8920728c0;  1 drivers
v000002b89219afa0_0 .net "pe_in_weight", 7 0, L_000002b89234bf70;  1 drivers
v000002b89219ac80_0 .net "pe_load_en", 0 0, L_000002b89234b930;  1 drivers
S_000002b89219d830 .scope generate, "genblk1" "genblk1" 9 61, 9 61 0, S_000002b89219e320;
 .timescale -9 -12;
S_000002b89219bf30 .scope generate, "genblk2" "genblk2" 9 72, 9 72 0, S_000002b89219e320;
 .timescale -9 -12;
L_000002b8920728c0 .functor BUFZ 32, v000002b891e3a6f0_0, C4<00000000000000000000000000000000>, C4<00000000000000000000000000000000>, C4<00000000000000000000000000000000>;
S_000002b89219bc10 .scope module, "pe_inst" "pe" 9 91, 10 12 0, S_000002b89219e320;
 .timescale 0 0;
    .port_info 0 /INPUT 1 "clk";
    .port_info 1 /INPUT 1 "rst_n";
    .port_info 2 /INPUT 1 "en_compute";
    .port_info 3 /INPUT 1 "load_weight";
    .port_info 4 /INPUT 8 "in_act";
    .port_info 5 /INPUT 8 "in_weight";
    .port_info 6 /INPUT 32 "in_psum";
    .port_info 7 /OUTPUT 8 "out_act";
    .port_info 8 /OUTPUT 32 "out_psum";
v000002b892198200_0 .net "clk", 0 0, v000002b8922856e0_0;  alias, 1 drivers
v000002b892199560_0 .net "en_compute", 0 0, L_000002b8922eb268;  alias, 1 drivers
v000002b8921987a0_0 .net "in_act", 7 0, L_000002b89234c510;  alias, 1 drivers
v000002b89219ab40_0 .net "in_psum", 31 0, L_000002b8920728c0;  alias, 1 drivers
v000002b89219a8c0_0 .net "in_weight", 7 0, L_000002b89234bf70;  alias, 1 drivers
v000002b89219a820_0 .net "load_weight", 0 0, L_000002b89234b930;  alias, 1 drivers
v000002b89219a500_0 .var "out_act", 7 0;
v000002b89219ad20_0 .var "out_psum", 31 0;
v000002b89219a960_0 .var/s "reg_weight", 7 0;
v000002b89219ae60_0 .net "rst_n", 0 0, L_000002b8920707f0;  alias, 1 drivers
S_000002b89219c3e0 .scope generate, "COL_LOOP[1]" "COL_LOOP[1]" 9 55, 9 55 0, S_000002b89219cbb0;
 .timescale -9 -12;
P_000002b89208d610 .param/l "c" 0 9 55, +C4<01>;
v000002b89219a460_0 .net "pe_in_act", 7 0, L_000002b892072000;  1 drivers
v000002b89219aa00_0 .net "pe_in_psum", 31 0, L_000002b892072700;  1 drivers
v000002b89218d080_0 .net "pe_in_weight", 7 0, L_000002b89234ad50;  1 drivers
v000002b89218d3a0_0 .net "pe_load_en", 0 0, L_000002b89234cf10;  1 drivers
S_000002b89219c570 .scope generate, "genblk1" "genblk1" 9 61, 9 61 0, S_000002b89219c3e0;
 .timescale -9 -12;
L_000002b892072000 .functor BUFZ 8, v000002b89219a500_0, C4<00000000>, C4<00000000>, C4<00000000>;
S_000002b89219cd40 .scope generate, "genblk2" "genblk2" 9 72, 9 72 0, S_000002b89219c3e0;
 .timescale -9 -12;
L_000002b892072700 .functor BUFZ 32, v000002b891e635c0_0, C4<00000000000000000000000000000000>, C4<00000000000000000000000000000000>, C4<00000000000000000000000000000000>;
S_000002b89219ba80 .scope module, "pe_inst" "pe" 9 91, 10 12 0, S_000002b89219c3e0;
 .timescale 0 0;
    .port_info 0 /INPUT 1 "clk";
    .port_info 1 /INPUT 1 "rst_n";
    .port_info 2 /INPUT 1 "en_compute";
    .port_info 3 /INPUT 1 "load_weight";
    .port_info 4 /INPUT 8 "in_act";
    .port_info 5 /INPUT 8 "in_weight";
    .port_info 6 /INPUT 32 "in_psum";
    .port_info 7 /OUTPUT 8 "out_act";
    .port_info 8 /OUTPUT 32 "out_psum";
v000002b89219a140_0 .net "clk", 0 0, v000002b8922856e0_0;  alias, 1 drivers
v000002b89219a5a0_0 .net "en_compute", 0 0, L_000002b8922eb268;  alias, 1 drivers
v000002b89219aaa0_0 .net "in_act", 7 0, L_000002b892072000;  alias, 1 drivers
v000002b89219a6e0_0 .net "in_psum", 31 0, L_000002b892072700;  alias, 1 drivers
v000002b89219a1e0_0 .net "in_weight", 7 0, L_000002b89234ad50;  alias, 1 drivers
v000002b89219a780_0 .net "load_weight", 0 0, L_000002b89234cf10;  alias, 1 drivers
v000002b89219a3c0_0 .var "out_act", 7 0;
v000002b89219abe0_0 .var "out_psum", 31 0;
v000002b89219a640_0 .var/s "reg_weight", 7 0;
v000002b89219adc0_0 .net "rst_n", 0 0, L_000002b8920707f0;  alias, 1 drivers
S_000002b89219b5d0 .scope generate, "COL_LOOP[2]" "COL_LOOP[2]" 9 55, 9 55 0, S_000002b89219cbb0;
 .timescale -9 -12;
P_000002b89208e090 .param/l "c" 0 9 55, +C4<010>;
v000002b89218cb80_0 .net "pe_in_act", 7 0, L_000002b892070f60;  1 drivers
v000002b89218c2c0_0 .net "pe_in_psum", 31 0, L_000002b8920719e0;  1 drivers
v000002b89218b640_0 .net "pe_in_weight", 7 0, L_000002b89234cfb0;  1 drivers
v000002b89218b780_0 .net "pe_load_en", 0 0, L_000002b89234c650;  1 drivers
S_000002b89219d060 .scope generate, "genblk1" "genblk1" 9 61, 9 61 0, S_000002b89219b5d0;
 .timescale -9 -12;
L_000002b892070f60 .functor BUFZ 8, v000002b89219a3c0_0, C4<00000000>, C4<00000000>, C4<00000000>;
S_000002b89219c700 .scope generate, "genblk2" "genblk2" 9 72, 9 72 0, S_000002b89219b5d0;
 .timescale -9 -12;
L_000002b8920719e0 .functor BUFZ 32, v000002b891e227f0_0, C4<00000000000000000000000000000000>, C4<00000000000000000000000000000000>, C4<00000000000000000000000000000000>;
S_000002b89219de70 .scope module, "pe_inst" "pe" 9 91, 10 12 0, S_000002b89219b5d0;
 .timescale 0 0;
    .port_info 0 /INPUT 1 "clk";
    .port_info 1 /INPUT 1 "rst_n";
    .port_info 2 /INPUT 1 "en_compute";
    .port_info 3 /INPUT 1 "load_weight";
    .port_info 4 /INPUT 8 "in_act";
    .port_info 5 /INPUT 8 "in_weight";
    .port_info 6 /INPUT 32 "in_psum";
    .port_info 7 /OUTPUT 8 "out_act";
    .port_info 8 /OUTPUT 32 "out_psum";
v000002b89218bb40_0 .net "clk", 0 0, v000002b8922856e0_0;  alias, 1 drivers
v000002b89218cfe0_0 .net "en_compute", 0 0, L_000002b8922eb268;  alias, 1 drivers
v000002b89218ce00_0 .net "in_act", 7 0, L_000002b892070f60;  alias, 1 drivers
v000002b89218d580_0 .net "in_psum", 31 0, L_000002b8920719e0;  alias, 1 drivers
v000002b89218d760_0 .net "in_weight", 7 0, L_000002b89234cfb0;  alias, 1 drivers
v000002b89218b960_0 .net "load_weight", 0 0, L_000002b89234c650;  alias, 1 drivers
v000002b89218c7c0_0 .var "out_act", 7 0;
v000002b89218b140_0 .var "out_psum", 31 0;
v000002b89218be60_0 .var/s "reg_weight", 7 0;
v000002b89218c5e0_0 .net "rst_n", 0 0, L_000002b8920707f0;  alias, 1 drivers
S_000002b89219e4b0 .scope generate, "COL_LOOP[3]" "COL_LOOP[3]" 9 55, 9 55 0, S_000002b89219cbb0;
 .timescale -9 -12;
P_000002b89208db50 .param/l "c" 0 9 55, +C4<011>;
v000002b89218c680_0 .net "pe_in_act", 7 0, L_000002b892072070;  1 drivers
v000002b89218d260_0 .net "pe_in_psum", 31 0, L_000002b892072460;  1 drivers
v000002b89218b1e0_0 .net "pe_in_weight", 7 0, L_000002b89234c1f0;  1 drivers
v000002b89218c720_0 .net "pe_load_en", 0 0, L_000002b89234bcf0;  1 drivers
S_000002b89219d1f0 .scope generate, "genblk1" "genblk1" 9 61, 9 61 0, S_000002b89219e4b0;
 .timescale -9 -12;
L_000002b892072070 .functor BUFZ 8, v000002b89218c7c0_0, C4<00000000>, C4<00000000>, C4<00000000>;
S_000002b89219b2b0 .scope generate, "genblk2" "genblk2" 9 72, 9 72 0, S_000002b89219e4b0;
 .timescale -9 -12;
L_000002b892072460 .functor BUFZ 32, v000002b8921935c0_0, C4<00000000000000000000000000000000>, C4<00000000000000000000000000000000>, C4<00000000000000000000000000000000>;
S_000002b89219b440 .scope module, "pe_inst" "pe" 9 91, 10 12 0, S_000002b89219e4b0;
 .timescale 0 0;
    .port_info 0 /INPUT 1 "clk";
    .port_info 1 /INPUT 1 "rst_n";
    .port_info 2 /INPUT 1 "en_compute";
    .port_info 3 /INPUT 1 "load_weight";
    .port_info 4 /INPUT 8 "in_act";
    .port_info 5 /INPUT 8 "in_weight";
    .port_info 6 /INPUT 32 "in_psum";
    .port_info 7 /OUTPUT 8 "out_act";
    .port_info 8 /OUTPUT 32 "out_psum";
v000002b89218b280_0 .net "clk", 0 0, v000002b8922856e0_0;  alias, 1 drivers
v000002b89218d800_0 .net "en_compute", 0 0, L_000002b8922eb268;  alias, 1 drivers
v000002b89218b6e0_0 .net "in_act", 7 0, L_000002b892072070;  alias, 1 drivers
v000002b89218c9a0_0 .net "in_psum", 31 0, L_000002b892072460;  alias, 1 drivers
v000002b89218b320_0 .net "in_weight", 7 0, L_000002b89234c1f0;  alias, 1 drivers
v000002b89218b500_0 .net "load_weight", 0 0, L_000002b89234bcf0;  alias, 1 drivers
v000002b89218cc20_0 .var "out_act", 7 0;
v000002b89218c4a0_0 .var "out_psum", 31 0;
v000002b89218b820_0 .var/s "reg_weight", 7 0;
v000002b89218d120_0 .net "rst_n", 0 0, L_000002b8920707f0;  alias, 1 drivers
S_000002b89219d9c0 .scope generate, "COL_LOOP[4]" "COL_LOOP[4]" 9 55, 9 55 0, S_000002b89219cbb0;
 .timescale -9 -12;
P_000002b89208df50 .param/l "c" 0 9 55, +C4<0100>;
v000002b89218ca40_0 .net "pe_in_act", 7 0, L_000002b8920727e0;  1 drivers
v000002b89218b8c0_0 .net "pe_in_psum", 31 0, L_000002b892071430;  1 drivers
v000002b89218ba00_0 .net "pe_in_weight", 7 0, L_000002b89234aad0;  1 drivers
v000002b89218cae0_0 .net "pe_load_en", 0 0, L_000002b89234b9d0;  1 drivers
S_000002b89219b760 .scope generate, "genblk1" "genblk1" 9 61, 9 61 0, S_000002b89219d9c0;
 .timescale -9 -12;
L_000002b8920727e0 .functor BUFZ 8, v000002b89218cc20_0, C4<00000000>, C4<00000000>, C4<00000000>;
S_000002b89219b8f0 .scope generate, "genblk2" "genblk2" 9 72, 9 72 0, S_000002b89219d9c0;
 .timescale -9 -12;
L_000002b892071430 .functor BUFZ 32, v000002b8921929e0_0, C4<00000000000000000000000000000000>, C4<00000000000000000000000000000000>, C4<00000000000000000000000000000000>;
S_000002b89219e640 .scope module, "pe_inst" "pe" 9 91, 10 12 0, S_000002b89219d9c0;
 .timescale 0 0;
    .port_info 0 /INPUT 1 "clk";
    .port_info 1 /INPUT 1 "rst_n";
    .port_info 2 /INPUT 1 "en_compute";
    .port_info 3 /INPUT 1 "load_weight";
    .port_info 4 /INPUT 8 "in_act";
    .port_info 5 /INPUT 8 "in_weight";
    .port_info 6 /INPUT 32 "in_psum";
    .port_info 7 /OUTPUT 8 "out_act";
    .port_info 8 /OUTPUT 32 "out_psum";
v000002b89218b3c0_0 .net "clk", 0 0, v000002b8922856e0_0;  alias, 1 drivers
v000002b89218c220_0 .net "en_compute", 0 0, L_000002b8922eb268;  alias, 1 drivers
v000002b89218d620_0 .net "in_act", 7 0, L_000002b8920727e0;  alias, 1 drivers
v000002b89218c860_0 .net "in_psum", 31 0, L_000002b892071430;  alias, 1 drivers
v000002b89218d8a0_0 .net "in_weight", 7 0, L_000002b89234aad0;  alias, 1 drivers
v000002b89218bbe0_0 .net "load_weight", 0 0, L_000002b89234b9d0;  alias, 1 drivers
v000002b89218baa0_0 .var "out_act", 7 0;
v000002b89218c900_0 .var "out_psum", 31 0;
v000002b89218b5a0_0 .var/s "reg_weight", 7 0;
v000002b89218b460_0 .net "rst_n", 0 0, L_000002b8920707f0;  alias, 1 drivers
S_000002b89219e7d0 .scope generate, "COL_LOOP[5]" "COL_LOOP[5]" 9 55, 9 55 0, S_000002b89219cbb0;
 .timescale -9 -12;
P_000002b89208d790 .param/l "c" 0 9 55, +C4<0101>;
v000002b89218c360_0 .net "pe_in_act", 7 0, L_000002b8920720e0;  1 drivers
v000002b89218c400_0 .net "pe_in_psum", 31 0, L_000002b8920716d0;  1 drivers
v000002b89218d300_0 .net "pe_in_weight", 7 0, L_000002b89234ba70;  1 drivers
v000002b89218d440_0 .net "pe_load_en", 0 0, L_000002b89234bd90;  1 drivers
S_000002b89219db50 .scope generate, "genblk1" "genblk1" 9 61, 9 61 0, S_000002b89219e7d0;
 .timescale -9 -12;
L_000002b8920720e0 .functor BUFZ 8, v000002b89218baa0_0, C4<00000000>, C4<00000000>, C4<00000000>;
S_000002b89219e190 .scope generate, "genblk2" "genblk2" 9 72, 9 72 0, S_000002b89219e7d0;
 .timescale -9 -12;
L_000002b8920716d0 .functor BUFZ 32, v000002b8921946a0_0, C4<00000000000000000000000000000000>, C4<00000000000000000000000000000000>, C4<00000000000000000000000000000000>;
S_000002b89219e960 .scope module, "pe_inst" "pe" 9 91, 10 12 0, S_000002b89219e7d0;
 .timescale 0 0;
    .port_info 0 /INPUT 1 "clk";
    .port_info 1 /INPUT 1 "rst_n";
    .port_info 2 /INPUT 1 "en_compute";
    .port_info 3 /INPUT 1 "load_weight";
    .port_info 4 /INPUT 8 "in_act";
    .port_info 5 /INPUT 8 "in_weight";
    .port_info 6 /INPUT 32 "in_psum";
    .port_info 7 /OUTPUT 8 "out_act";
    .port_info 8 /OUTPUT 32 "out_psum";
v000002b89218cea0_0 .net "clk", 0 0, v000002b8922856e0_0;  alias, 1 drivers
v000002b89218bf00_0 .net "en_compute", 0 0, L_000002b8922eb268;  alias, 1 drivers
v000002b89218ccc0_0 .net "in_act", 7 0, L_000002b8920720e0;  alias, 1 drivers
v000002b89218bfa0_0 .net "in_psum", 31 0, L_000002b8920716d0;  alias, 1 drivers
v000002b89218cd60_0 .net "in_weight", 7 0, L_000002b89234ba70;  alias, 1 drivers
v000002b89218d1c0_0 .net "load_weight", 0 0, L_000002b89234bd90;  alias, 1 drivers
v000002b89218c040_0 .var "out_act", 7 0;
v000002b89218c0e0_0 .var "out_psum", 31 0;
v000002b89218c180_0 .var/s "reg_weight", 7 0;
v000002b89218cf40_0 .net "rst_n", 0 0, L_000002b8920707f0;  alias, 1 drivers
S_000002b89219f130 .scope generate, "COL_LOOP[6]" "COL_LOOP[6]" 9 55, 9 55 0, S_000002b89219cbb0;
 .timescale -9 -12;
P_000002b89208d350 .param/l "c" 0 9 55, +C4<0110>;
v000002b89218e8e0_0 .net "pe_in_act", 7 0, L_000002b892071a50;  1 drivers
v000002b89218e840_0 .net "pe_in_psum", 31 0, L_000002b892071ba0;  1 drivers
v000002b89218e340_0 .net "pe_in_weight", 7 0, L_000002b89234bed0;  1 drivers
v000002b89218eca0_0 .net "pe_load_en", 0 0, L_000002b89234be30;  1 drivers
S_000002b8921a21a0 .scope generate, "genblk1" "genblk1" 9 61, 9 61 0, S_000002b89219f130;
 .timescale -9 -12;
L_000002b892071a50 .functor BUFZ 8, v000002b89218c040_0, C4<00000000>, C4<00000000>, C4<00000000>;
S_000002b8921a2e20 .scope generate, "genblk2" "genblk2" 9 72, 9 72 0, S_000002b89219f130;
 .timescale -9 -12;
L_000002b892071ba0 .functor BUFZ 32, v000002b8921944c0_0, C4<00000000000000000000000000000000>, C4<00000000000000000000000000000000>, C4<00000000000000000000000000000000>;
S_000002b8921a0260 .scope module, "pe_inst" "pe" 9 91, 10 12 0, S_000002b89219f130;
 .timescale 0 0;
    .port_info 0 /INPUT 1 "clk";
    .port_info 1 /INPUT 1 "rst_n";
    .port_info 2 /INPUT 1 "en_compute";
    .port_info 3 /INPUT 1 "load_weight";
    .port_info 4 /INPUT 8 "in_act";
    .port_info 5 /INPUT 8 "in_weight";
    .port_info 6 /INPUT 32 "in_psum";
    .port_info 7 /OUTPUT 8 "out_act";
    .port_info 8 /OUTPUT 32 "out_psum";
v000002b89218d6c0_0 .net "clk", 0 0, v000002b8922856e0_0;  alias, 1 drivers
v000002b89218dee0_0 .net "en_compute", 0 0, L_000002b8922eb268;  alias, 1 drivers
v000002b89218eb60_0 .net "in_act", 7 0, L_000002b892071a50;  alias, 1 drivers
v000002b89218f740_0 .net "in_psum", 31 0, L_000002b892071ba0;  alias, 1 drivers
v000002b89218ef20_0 .net "in_weight", 7 0, L_000002b89234bed0;  alias, 1 drivers
v000002b89218fc40_0 .net "load_weight", 0 0, L_000002b89234be30;  alias, 1 drivers
v000002b89218fd80_0 .var "out_act", 7 0;
v000002b89218ec00_0 .var "out_psum", 31 0;
v000002b89218fba0_0 .var/s "reg_weight", 7 0;
v000002b89218fe20_0 .net "rst_n", 0 0, L_000002b8920707f0;  alias, 1 drivers
S_000002b8921a1200 .scope generate, "COL_LOOP[7]" "COL_LOOP[7]" 9 55, 9 55 0, S_000002b89219cbb0;
 .timescale -9 -12;
P_000002b89208e010 .param/l "c" 0 9 55, +C4<0111>;
v000002b89218e700_0 .net "pe_in_act", 7 0, L_000002b892071c10;  1 drivers
v000002b89218f4c0_0 .net "pe_in_psum", 31 0, L_000002b8920721c0;  1 drivers
v000002b89218d9e0_0 .net "pe_in_weight", 7 0, L_000002b89234c6f0;  1 drivers
v000002b89218d940_0 .net "pe_load_en", 0 0, L_000002b89234c290;  1 drivers
S_000002b8921a2010 .scope generate, "genblk1" "genblk1" 9 61, 9 61 0, S_000002b8921a1200;
 .timescale -9 -12;
L_000002b892071c10 .functor BUFZ 8, v000002b89218fd80_0, C4<00000000>, C4<00000000>, C4<00000000>;
S_000002b8921a2c90 .scope generate, "genblk2" "genblk2" 9 72, 9 72 0, S_000002b8921a1200;
 .timescale -9 -12;
L_000002b8920721c0 .functor BUFZ 32, v000002b892192bc0_0, C4<00000000000000000000000000000000>, C4<00000000000000000000000000000000>, C4<00000000000000000000000000000000>;
S_000002b8921a0580 .scope module, "pe_inst" "pe" 9 91, 10 12 0, S_000002b8921a1200;
 .timescale 0 0;
    .port_info 0 /INPUT 1 "clk";
    .port_info 1 /INPUT 1 "rst_n";
    .port_info 2 /INPUT 1 "en_compute";
    .port_info 3 /INPUT 1 "load_weight";
    .port_info 4 /INPUT 8 "in_act";
    .port_info 5 /INPUT 8 "in_weight";
    .port_info 6 /INPUT 32 "in_psum";
    .port_info 7 /OUTPUT 8 "out_act";
    .port_info 8 /OUTPUT 32 "out_psum";
v000002b89218f7e0_0 .net "clk", 0 0, v000002b8922856e0_0;  alias, 1 drivers
v000002b89218f420_0 .net "en_compute", 0 0, L_000002b8922eb268;  alias, 1 drivers
v000002b89218e520_0 .net "in_act", 7 0, L_000002b892071c10;  alias, 1 drivers
v000002b89218e3e0_0 .net "in_psum", 31 0, L_000002b8920721c0;  alias, 1 drivers
v000002b89218f6a0_0 .net "in_weight", 7 0, L_000002b89234c6f0;  alias, 1 drivers
v000002b89218e5c0_0 .net "load_weight", 0 0, L_000002b89234c290;  alias, 1 drivers
v000002b89218fec0_0 .var "out_act", 7 0;
v000002b892190000_0 .var "out_psum", 31 0;
v000002b89218ff60_0 .var/s "reg_weight", 7 0;
v000002b8921900a0_0 .net "rst_n", 0 0, L_000002b8920707f0;  alias, 1 drivers
S_000002b8921a2330 .scope generate, "COL_LOOP[8]" "COL_LOOP[8]" 9 55, 9 55 0, S_000002b89219cbb0;
 .timescale -9 -12;
P_000002b89208e050 .param/l "c" 0 9 55, +C4<01000>;
v000002b89218dc60_0 .net "pe_in_act", 7 0, L_000002b8920714a0;  1 drivers
v000002b89218e2a0_0 .net "pe_in_psum", 31 0, L_000002b8920723f0;  1 drivers
v000002b89218e980_0 .net "pe_in_weight", 7 0, L_000002b89234c5b0;  1 drivers
v000002b89218eac0_0 .net "pe_load_en", 0 0, L_000002b89234c8d0;  1 drivers
S_000002b8921a0d50 .scope generate, "genblk1" "genblk1" 9 61, 9 61 0, S_000002b8921a2330;
 .timescale -9 -12;
L_000002b8920714a0 .functor BUFZ 8, v000002b89218fec0_0, C4<00000000>, C4<00000000>, C4<00000000>;
S_000002b8921a1070 .scope generate, "genblk2" "genblk2" 9 72, 9 72 0, S_000002b8921a2330;
 .timescale -9 -12;
L_000002b8920723f0 .functor BUFZ 32, v000002b8921978a0_0, C4<00000000000000000000000000000000>, C4<00000000000000000000000000000000>, C4<00000000000000000000000000000000>;
S_000002b8921a0ee0 .scope module, "pe_inst" "pe" 9 91, 10 12 0, S_000002b8921a2330;
 .timescale 0 0;
    .port_info 0 /INPUT 1 "clk";
    .port_info 1 /INPUT 1 "rst_n";
    .port_info 2 /INPUT 1 "en_compute";
    .port_info 3 /INPUT 1 "load_weight";
    .port_info 4 /INPUT 8 "in_act";
    .port_info 5 /INPUT 8 "in_weight";
    .port_info 6 /INPUT 32 "in_psum";
    .port_info 7 /OUTPUT 8 "out_act";
    .port_info 8 /OUTPUT 32 "out_psum";
v000002b89218da80_0 .net "clk", 0 0, v000002b8922856e0_0;  alias, 1 drivers
v000002b89218dbc0_0 .net "en_compute", 0 0, L_000002b8922eb268;  alias, 1 drivers
v000002b89218ede0_0 .net "in_act", 7 0, L_000002b8920714a0;  alias, 1 drivers
v000002b89218f880_0 .net "in_psum", 31 0, L_000002b8920723f0;  alias, 1 drivers
v000002b89218e7a0_0 .net "in_weight", 7 0, L_000002b89234c5b0;  alias, 1 drivers
v000002b89218e480_0 .net "load_weight", 0 0, L_000002b89234c8d0;  alias, 1 drivers
v000002b89218db20_0 .var "out_act", 7 0;
v000002b89218df80_0 .var "out_psum", 31 0;
v000002b89218efc0_0 .var/s "reg_weight", 7 0;
v000002b89218ea20_0 .net "rst_n", 0 0, L_000002b8920707f0;  alias, 1 drivers
S_000002b89219f2c0 .scope generate, "COL_LOOP[9]" "COL_LOOP[9]" 9 55, 9 55 0, S_000002b89219cbb0;
 .timescale -9 -12;
P_000002b89208d650 .param/l "c" 0 9 55, +C4<01001>;
v000002b89218e0c0_0 .net "pe_in_act", 7 0, L_000002b892072690;  1 drivers
v000002b89218fce0_0 .net "pe_in_psum", 31 0, L_000002b892071120;  1 drivers
v000002b89218f1a0_0 .net "pe_in_weight", 7 0, L_000002b89234c970;  1 drivers
v000002b89218f560_0 .net "pe_load_en", 0 0, L_000002b89234ca10;  1 drivers
S_000002b8921a24c0 .scope generate, "genblk1" "genblk1" 9 61, 9 61 0, S_000002b89219f2c0;
 .timescale -9 -12;
L_000002b892072690 .functor BUFZ 8, v000002b89218db20_0, C4<00000000>, C4<00000000>, C4<00000000>;
S_000002b89219f900 .scope generate, "genblk2" "genblk2" 9 72, 9 72 0, S_000002b89219f2c0;
 .timescale -9 -12;
L_000002b892071120 .functor BUFZ 32, v000002b8921974e0_0, C4<00000000000000000000000000000000>, C4<00000000000000000000000000000000>, C4<00000000000000000000000000000000>;
S_000002b8921a19d0 .scope module, "pe_inst" "pe" 9 91, 10 12 0, S_000002b89219f2c0;
 .timescale 0 0;
    .port_info 0 /INPUT 1 "clk";
    .port_info 1 /INPUT 1 "rst_n";
    .port_info 2 /INPUT 1 "en_compute";
    .port_info 3 /INPUT 1 "load_weight";
    .port_info 4 /INPUT 8 "in_act";
    .port_info 5 /INPUT 8 "in_weight";
    .port_info 6 /INPUT 32 "in_psum";
    .port_info 7 /OUTPUT 8 "out_act";
    .port_info 8 /OUTPUT 32 "out_psum";
v000002b89218f920_0 .net "clk", 0 0, v000002b8922856e0_0;  alias, 1 drivers
v000002b89218de40_0 .net "en_compute", 0 0, L_000002b8922eb268;  alias, 1 drivers
v000002b89218f9c0_0 .net "in_act", 7 0, L_000002b892072690;  alias, 1 drivers
v000002b89218f060_0 .net "in_psum", 31 0, L_000002b892071120;  alias, 1 drivers
v000002b89218fa60_0 .net "in_weight", 7 0, L_000002b89234c970;  alias, 1 drivers
v000002b89218f100_0 .net "load_weight", 0 0, L_000002b89234ca10;  alias, 1 drivers
v000002b89218fb00_0 .var "out_act", 7 0;
v000002b89218e020_0 .var "out_psum", 31 0;
v000002b89218ed40_0 .var/s "reg_weight", 7 0;
v000002b89218ee80_0 .net "rst_n", 0 0, L_000002b8920707f0;  alias, 1 drivers
S_000002b8921a1e80 .scope generate, "COL_LOOP[10]" "COL_LOOP[10]" 9 55, 9 55 0, S_000002b89219cbb0;
 .timescale -9 -12;
P_000002b89208e0d0 .param/l "c" 0 9 55, +C4<01010>;
v000002b892192620_0 .net "pe_in_act", 7 0, L_000002b892072770;  1 drivers
v000002b8921914a0_0 .net "pe_in_psum", 31 0, L_000002b892071740;  1 drivers
v000002b8921915e0_0 .net "pe_in_weight", 7 0, L_000002b89234cbf0;  1 drivers
v000002b892191900_0 .net "pe_load_en", 0 0, L_000002b89234cc90;  1 drivers
S_000002b89219ff40 .scope generate, "genblk1" "genblk1" 9 61, 9 61 0, S_000002b8921a1e80;
 .timescale -9 -12;
L_000002b892072770 .functor BUFZ 8, v000002b89218fb00_0, C4<00000000>, C4<00000000>, C4<00000000>;
S_000002b8921a2970 .scope generate, "genblk2" "genblk2" 9 72, 9 72 0, S_000002b8921a1e80;
 .timescale -9 -12;
L_000002b892071740 .functor BUFZ 32, v000002b892196720_0, C4<00000000000000000000000000000000>, C4<00000000000000000000000000000000>, C4<00000000000000000000000000000000>;
S_000002b89219f450 .scope module, "pe_inst" "pe" 9 91, 10 12 0, S_000002b8921a1e80;
 .timescale 0 0;
    .port_info 0 /INPUT 1 "clk";
    .port_info 1 /INPUT 1 "rst_n";
    .port_info 2 /INPUT 1 "en_compute";
    .port_info 3 /INPUT 1 "load_weight";
    .port_info 4 /INPUT 8 "in_act";
    .port_info 5 /INPUT 8 "in_weight";
    .port_info 6 /INPUT 32 "in_psum";
    .port_info 7 /OUTPUT 8 "out_act";
    .port_info 8 /OUTPUT 32 "out_psum";
v000002b89218e160_0 .net "clk", 0 0, v000002b8922856e0_0;  alias, 1 drivers
v000002b89218e200_0 .net "en_compute", 0 0, L_000002b8922eb268;  alias, 1 drivers
v000002b89218f2e0_0 .net "in_act", 7 0, L_000002b892072770;  alias, 1 drivers
v000002b89218f380_0 .net "in_psum", 31 0, L_000002b892071740;  alias, 1 drivers
v000002b89218f600_0 .net "in_weight", 7 0, L_000002b89234cbf0;  alias, 1 drivers
v000002b892190b40_0 .net "load_weight", 0 0, L_000002b89234cc90;  alias, 1 drivers
v000002b892191fe0_0 .var "out_act", 7 0;
v000002b892190dc0_0 .var "out_psum", 31 0;
v000002b892192580_0 .var/s "reg_weight", 7 0;
v000002b892191040_0 .net "rst_n", 0 0, L_000002b8920707f0;  alias, 1 drivers
S_000002b8921a0a30 .scope generate, "COL_LOOP[11]" "COL_LOOP[11]" 9 55, 9 55 0, S_000002b89219cbb0;
 .timescale -9 -12;
P_000002b89208d6d0 .param/l "c" 0 9 55, +C4<01011>;
v000002b892191ae0_0 .net "pe_in_act", 7 0, L_000002b8920712e0;  1 drivers
v000002b892190140_0 .net "pe_in_psum", 31 0, L_000002b892071510;  1 drivers
v000002b892190820_0 .net "pe_in_weight", 7 0, L_000002b89234cd30;  1 drivers
v000002b892191f40_0 .net "pe_load_en", 0 0, L_000002b89234cdd0;  1 drivers
S_000002b8921a0710 .scope generate, "genblk1" "genblk1" 9 61, 9 61 0, S_000002b8921a0a30;
 .timescale -9 -12;
L_000002b8920712e0 .functor BUFZ 8, v000002b892191fe0_0, C4<00000000>, C4<00000000>, C4<00000000>;
S_000002b89219f5e0 .scope generate, "genblk2" "genblk2" 9 72, 9 72 0, S_000002b8921a0a30;
 .timescale -9 -12;
L_000002b892071510 .functor BUFZ 32, v000002b892195460_0, C4<00000000000000000000000000000000>, C4<00000000000000000000000000000000>, C4<00000000000000000000000000000000>;
S_000002b89219f770 .scope module, "pe_inst" "pe" 9 91, 10 12 0, S_000002b8921a0a30;
 .timescale 0 0;
    .port_info 0 /INPUT 1 "clk";
    .port_info 1 /INPUT 1 "rst_n";
    .port_info 2 /INPUT 1 "en_compute";
    .port_info 3 /INPUT 1 "load_weight";
    .port_info 4 /INPUT 8 "in_act";
    .port_info 5 /INPUT 8 "in_weight";
    .port_info 6 /INPUT 32 "in_psum";
    .port_info 7 /OUTPUT 8 "out_act";
    .port_info 8 /OUTPUT 32 "out_psum";
v000002b892190960_0 .net "clk", 0 0, v000002b8922856e0_0;  alias, 1 drivers
v000002b892191a40_0 .net "en_compute", 0 0, L_000002b8922eb268;  alias, 1 drivers
v000002b8921919a0_0 .net "in_act", 7 0, L_000002b8920712e0;  alias, 1 drivers
v000002b892190460_0 .net "in_psum", 31 0, L_000002b892071510;  alias, 1 drivers
v000002b8921926c0_0 .net "in_weight", 7 0, L_000002b89234cd30;  alias, 1 drivers
v000002b892192760_0 .net "load_weight", 0 0, L_000002b89234cdd0;  alias, 1 drivers
v000002b892191860_0 .var "out_act", 7 0;
v000002b892192120_0 .var "out_psum", 31 0;
v000002b892191180_0 .var/s "reg_weight", 7 0;
v000002b8921928a0_0 .net "rst_n", 0 0, L_000002b8920707f0;  alias, 1 drivers
S_000002b8921a1b60 .scope generate, "COL_LOOP[12]" "COL_LOOP[12]" 9 55, 9 55 0, S_000002b89219cbb0;
 .timescale -9 -12;
P_000002b89208d1d0 .param/l "c" 0 9 55, +C4<01100>;
v000002b892191680_0 .net "pe_in_act", 7 0, L_000002b892072fc0;  1 drivers
v000002b892191b80_0 .net "pe_in_psum", 31 0, L_000002b892072ee0;  1 drivers
v000002b8921905a0_0 .net "pe_in_weight", 7 0, L_000002b89234af30;  1 drivers
v000002b892191cc0_0 .net "pe_load_en", 0 0, L_000002b89234ab70;  1 drivers
S_000002b8921a2b00 .scope generate, "genblk1" "genblk1" 9 61, 9 61 0, S_000002b8921a1b60;
 .timescale -9 -12;
L_000002b892072fc0 .functor BUFZ 8, v000002b892191860_0, C4<00000000>, C4<00000000>, C4<00000000>;
S_000002b89219fa90 .scope generate, "genblk2" "genblk2" 9 72, 9 72 0, S_000002b8921a1b60;
 .timescale -9 -12;
L_000002b892072ee0 .functor BUFZ 32, v000002b8921982a0_0, C4<00000000000000000000000000000000>, C4<00000000000000000000000000000000>, C4<00000000000000000000000000000000>;
S_000002b8921a1cf0 .scope module, "pe_inst" "pe" 9 91, 10 12 0, S_000002b8921a1b60;
 .timescale 0 0;
    .port_info 0 /INPUT 1 "clk";
    .port_info 1 /INPUT 1 "rst_n";
    .port_info 2 /INPUT 1 "en_compute";
    .port_info 3 /INPUT 1 "load_weight";
    .port_info 4 /INPUT 8 "in_act";
    .port_info 5 /INPUT 8 "in_weight";
    .port_info 6 /INPUT 32 "in_psum";
    .port_info 7 /OUTPUT 8 "out_act";
    .port_info 8 /OUTPUT 32 "out_psum";
v000002b892191540_0 .net "clk", 0 0, v000002b8922856e0_0;  alias, 1 drivers
v000002b892190a00_0 .net "en_compute", 0 0, L_000002b8922eb268;  alias, 1 drivers
v000002b892191400_0 .net "in_act", 7 0, L_000002b892072fc0;  alias, 1 drivers
v000002b892192800_0 .net "in_psum", 31 0, L_000002b892072ee0;  alias, 1 drivers
v000002b8921901e0_0 .net "in_weight", 7 0, L_000002b89234af30;  alias, 1 drivers
v000002b892190280_0 .net "load_weight", 0 0, L_000002b89234ab70;  alias, 1 drivers
v000002b892190320_0 .var "out_act", 7 0;
v000002b892190500_0 .var "out_psum", 31 0;
v000002b892192260_0 .var/s "reg_weight", 7 0;
v000002b8921903c0_0 .net "rst_n", 0 0, L_000002b8920707f0;  alias, 1 drivers
S_000002b8921a16b0 .scope generate, "COL_LOOP[13]" "COL_LOOP[13]" 9 55, 9 55 0, S_000002b89219cbb0;
 .timescale -9 -12;
P_000002b89208d410 .param/l "c" 0 9 55, +C4<01101>;
v000002b892190fa0_0 .net "pe_in_act", 7 0, L_000002b8920730a0;  1 drivers
v000002b892192080_0 .net "pe_in_psum", 31 0, L_000002b892072e70;  1 drivers
v000002b892191220_0 .net "pe_in_weight", 7 0, L_000002b89234ac10;  1 drivers
v000002b892191d60_0 .net "pe_load_en", 0 0, L_000002b89234afd0;  1 drivers
S_000002b8921a08a0 .scope generate, "genblk1" "genblk1" 9 61, 9 61 0, S_000002b8921a16b0;
 .timescale -9 -12;
L_000002b8920730a0 .functor BUFZ 8, v000002b892190320_0, C4<00000000>, C4<00000000>, C4<00000000>;
S_000002b8921a0bc0 .scope generate, "genblk2" "genblk2" 9 72, 9 72 0, S_000002b8921a16b0;
 .timescale -9 -12;
L_000002b892072e70 .functor BUFZ 32, v000002b892199c40_0, C4<00000000000000000000000000000000>, C4<00000000000000000000000000000000>, C4<00000000000000000000000000000000>;
S_000002b89219fc20 .scope module, "pe_inst" "pe" 9 91, 10 12 0, S_000002b8921a16b0;
 .timescale 0 0;
    .port_info 0 /INPUT 1 "clk";
    .port_info 1 /INPUT 1 "rst_n";
    .port_info 2 /INPUT 1 "en_compute";
    .port_info 3 /INPUT 1 "load_weight";
    .port_info 4 /INPUT 8 "in_act";
    .port_info 5 /INPUT 8 "in_weight";
    .port_info 6 /INPUT 32 "in_psum";
    .port_info 7 /OUTPUT 8 "out_act";
    .port_info 8 /OUTPUT 32 "out_psum";
v000002b892192300_0 .net "clk", 0 0, v000002b8922856e0_0;  alias, 1 drivers
v000002b892191720_0 .net "en_compute", 0 0, L_000002b8922eb268;  alias, 1 drivers
v000002b892190640_0 .net "in_act", 7 0, L_000002b8920730a0;  alias, 1 drivers
v000002b892191c20_0 .net "in_psum", 31 0, L_000002b892072e70;  alias, 1 drivers
v000002b8921906e0_0 .net "in_weight", 7 0, L_000002b89234ac10;  alias, 1 drivers
v000002b892190780_0 .net "load_weight", 0 0, L_000002b89234afd0;  alias, 1 drivers
v000002b8921908c0_0 .var "out_act", 7 0;
v000002b892190f00_0 .var "out_psum", 31 0;
v000002b892190e60_0 .var/s "reg_weight", 7 0;
v000002b8921910e0_0 .net "rst_n", 0 0, L_000002b8920707f0;  alias, 1 drivers
S_000002b8921a27e0 .scope generate, "COL_LOOP[14]" "COL_LOOP[14]" 9 55, 9 55 0, S_000002b89219cbb0;
 .timescale -9 -12;
P_000002b89208d210 .param/l "c" 0 9 55, +C4<01110>;
v000002b8921a7ef0_0 .net "pe_in_act", 7 0, L_000002b892073030;  1 drivers
v000002b8921a78b0_0 .net "pe_in_psum", 31 0, L_000002b892072cb0;  1 drivers
v000002b8921a5a10_0 .net "pe_in_weight", 7 0, L_000002b89234b070;  1 drivers
v000002b8921a62d0_0 .net "pe_load_en", 0 0, L_000002b89234b110;  1 drivers
S_000002b8921a1390 .scope generate, "genblk1" "genblk1" 9 61, 9 61 0, S_000002b8921a27e0;
 .timescale -9 -12;
L_000002b892073030 .functor BUFZ 8, v000002b8921908c0_0, C4<00000000>, C4<00000000>, C4<00000000>;
S_000002b89219fdb0 .scope generate, "genblk2" "genblk2" 9 72, 9 72 0, S_000002b8921a27e0;
 .timescale -9 -12;
L_000002b892072cb0 .functor BUFZ 32, v000002b892197e40_0, C4<00000000000000000000000000000000>, C4<00000000000000000000000000000000>, C4<00000000000000000000000000000000>;
S_000002b8921a00d0 .scope module, "pe_inst" "pe" 9 91, 10 12 0, S_000002b8921a27e0;
 .timescale 0 0;
    .port_info 0 /INPUT 1 "clk";
    .port_info 1 /INPUT 1 "rst_n";
    .port_info 2 /INPUT 1 "en_compute";
    .port_info 3 /INPUT 1 "load_weight";
    .port_info 4 /INPUT 8 "in_act";
    .port_info 5 /INPUT 8 "in_weight";
    .port_info 6 /INPUT 32 "in_psum";
    .port_info 7 /OUTPUT 8 "out_act";
    .port_info 8 /OUTPUT 32 "out_psum";
v000002b892190aa0_0 .net "clk", 0 0, v000002b8922856e0_0;  alias, 1 drivers
v000002b8921923a0_0 .net "en_compute", 0 0, L_000002b8922eb268;  alias, 1 drivers
v000002b892191ea0_0 .net "in_act", 7 0, L_000002b892073030;  alias, 1 drivers
v000002b8921912c0_0 .net "in_psum", 31 0, L_000002b892072cb0;  alias, 1 drivers
v000002b892190be0_0 .net "in_weight", 7 0, L_000002b89234b070;  alias, 1 drivers
v000002b892190c80_0 .net "load_weight", 0 0, L_000002b89234b110;  alias, 1 drivers
v000002b8921921c0_0 .var "out_act", 7 0;
v000002b892191360_0 .var "out_psum", 31 0;
v000002b8921924e0_0 .var/s "reg_weight", 7 0;
v000002b8921a69b0_0 .net "rst_n", 0 0, L_000002b8920707f0;  alias, 1 drivers
S_000002b8921a1840 .scope generate, "COL_LOOP[15]" "COL_LOOP[15]" 9 55, 9 55 0, S_000002b89219cbb0;
 .timescale -9 -12;
P_000002b89208d750 .param/l "c" 0 9 55, +C4<01111>;
v000002b8921a5d30_0 .net "pe_in_act", 7 0, L_000002b892073110;  1 drivers
v000002b8921a7b30_0 .net "pe_in_psum", 31 0, L_000002b892072b60;  1 drivers
v000002b8921a8030_0 .net "pe_in_weight", 7 0, L_000002b89234b1b0;  1 drivers
v000002b8921a60f0_0 .net "pe_load_en", 0 0, L_000002b89234b2f0;  1 drivers
S_000002b8921a03f0 .scope generate, "genblk1" "genblk1" 9 61, 9 61 0, S_000002b8921a1840;
 .timescale -9 -12;
L_000002b892073110 .functor BUFZ 8, v000002b8921921c0_0, C4<00000000>, C4<00000000>, C4<00000000>;
S_000002b8921a1520 .scope generate, "genblk2" "genblk2" 9 72, 9 72 0, S_000002b8921a1840;
 .timescale -9 -12;
L_000002b892072b60 .functor BUFZ 32, v000002b892198160_0, C4<00000000000000000000000000000000>, C4<00000000000000000000000000000000>, C4<00000000000000000000000000000000>;
S_000002b8921a2650 .scope module, "pe_inst" "pe" 9 91, 10 12 0, S_000002b8921a1840;
 .timescale 0 0;
    .port_info 0 /INPUT 1 "clk";
    .port_info 1 /INPUT 1 "rst_n";
    .port_info 2 /INPUT 1 "en_compute";
    .port_info 3 /INPUT 1 "load_weight";
    .port_info 4 /INPUT 8 "in_act";
    .port_info 5 /INPUT 8 "in_weight";
    .port_info 6 /INPUT 32 "in_psum";
    .port_info 7 /OUTPUT 8 "out_act";
    .port_info 8 /OUTPUT 32 "out_psum";
v000002b8921a5c90_0 .net "clk", 0 0, v000002b8922856e0_0;  alias, 1 drivers
v000002b8921a5fb0_0 .net "en_compute", 0 0, L_000002b8922eb268;  alias, 1 drivers
v000002b8921a5970_0 .net "in_act", 7 0, L_000002b892073110;  alias, 1 drivers
v000002b8921a7770_0 .net "in_psum", 31 0, L_000002b892072b60;  alias, 1 drivers
v000002b8921a7f90_0 .net "in_weight", 7 0, L_000002b89234b1b0;  alias, 1 drivers
v000002b8921a6050_0 .net "load_weight", 0 0, L_000002b89234b2f0;  alias, 1 drivers
v000002b8921a6cd0_0 .var "out_act", 7 0;
v000002b8921a5ab0_0 .var "out_psum", 31 0;
v000002b8921a6ff0_0 .var/s "reg_weight", 7 0;
v000002b8921a7db0_0 .net "rst_n", 0 0, L_000002b8920707f0;  alias, 1 drivers
S_000002b8921b4c20 .scope generate, "ROW_LOOP[3]" "ROW_LOOP[3]" 9 54, 9 54 0, S_000002b89217d0b0;
 .timescale -9 -12;
P_000002b89208d7d0 .param/l "r" 0 9 54, +C4<011>;
S_000002b8921b5710 .scope generate, "COL_LOOP[0]" "COL_LOOP[0]" 9 55, 9 55 0, S_000002b8921b4c20;
 .timescale -9 -12;
P_000002b89208da90 .param/l "c" 0 9 55, +C4<00>;
v000002b8921a7630_0 .net "pe_in_act", 7 0, L_000002b89234df50;  1 drivers
v000002b8921a6d70_0 .net "pe_in_psum", 31 0, L_000002b892073180;  1 drivers
v000002b8921a7450_0 .net "pe_in_weight", 7 0, L_000002b89234b390;  1 drivers
v000002b8921a7e50_0 .net "pe_load_en", 0 0, L_000002b89234ebd0;  1 drivers
S_000002b8921b7010 .scope generate, "genblk1" "genblk1" 9 61, 9 61 0, S_000002b8921b5710;
 .timescale -9 -12;
S_000002b8921b4770 .scope generate, "genblk2" "genblk2" 9 72, 9 72 0, S_000002b8921b5710;
 .timescale -9 -12;
L_000002b892073180 .functor BUFZ 32, v000002b89219ad20_0, C4<00000000000000000000000000000000>, C4<00000000000000000000000000000000>, C4<00000000000000000000000000000000>;
S_000002b8921b4900 .scope module, "pe_inst" "pe" 9 91, 10 12 0, S_000002b8921b5710;
 .timescale 0 0;
    .port_info 0 /INPUT 1 "clk";
    .port_info 1 /INPUT 1 "rst_n";
    .port_info 2 /INPUT 1 "en_compute";
    .port_info 3 /INPUT 1 "load_weight";
    .port_info 4 /INPUT 8 "in_act";
    .port_info 5 /INPUT 8 "in_weight";
    .port_info 6 /INPUT 32 "in_psum";
    .port_info 7 /OUTPUT 8 "out_act";
    .port_info 8 /OUTPUT 32 "out_psum";
v000002b8921a6f50_0 .net "clk", 0 0, v000002b8922856e0_0;  alias, 1 drivers
v000002b8921a6a50_0 .net "en_compute", 0 0, L_000002b8922eb268;  alias, 1 drivers
v000002b8921a6af0_0 .net "in_act", 7 0, L_000002b89234df50;  alias, 1 drivers
v000002b8921a67d0_0 .net "in_psum", 31 0, L_000002b892073180;  alias, 1 drivers
v000002b8921a6b90_0 .net "in_weight", 7 0, L_000002b89234b390;  alias, 1 drivers
v000002b8921a7bd0_0 .net "load_weight", 0 0, L_000002b89234ebd0;  alias, 1 drivers
v000002b8921a80d0_0 .var "out_act", 7 0;
v000002b8921a6370_0 .var "out_psum", 31 0;
v000002b8921a7090_0 .var/s "reg_weight", 7 0;
v000002b8921a6c30_0 .net "rst_n", 0 0, L_000002b8920707f0;  alias, 1 drivers
S_000002b8921b4a90 .scope generate, "COL_LOOP[1]" "COL_LOOP[1]" 9 55, 9 55 0, S_000002b8921b4c20;
 .timescale -9 -12;
P_000002b89208d990 .param/l "c" 0 9 55, +C4<01>;
v000002b8921a6eb0_0 .net "pe_in_act", 7 0, L_000002b892072d20;  1 drivers
v000002b8921a7270_0 .net "pe_in_psum", 31 0, L_000002b892072d90;  1 drivers
v000002b8921a5bf0_0 .net "pe_in_weight", 7 0, L_000002b89234f7b0;  1 drivers
v000002b8921a76d0_0 .net "pe_load_en", 0 0, L_000002b89234e6d0;  1 drivers
S_000002b8921b6cf0 .scope generate, "genblk1" "genblk1" 9 61, 9 61 0, S_000002b8921b4a90;
 .timescale -9 -12;
L_000002b892072d20 .functor BUFZ 8, v000002b8921a80d0_0, C4<00000000>, C4<00000000>, C4<00000000>;
S_000002b8921b4db0 .scope generate, "genblk2" "genblk2" 9 72, 9 72 0, S_000002b8921b4a90;
 .timescale -9 -12;
L_000002b892072d90 .functor BUFZ 32, v000002b89219abe0_0, C4<00000000000000000000000000000000>, C4<00000000000000000000000000000000>, C4<00000000000000000000000000000000>;
S_000002b8921b3c80 .scope module, "pe_inst" "pe" 9 91, 10 12 0, S_000002b8921b4a90;
 .timescale 0 0;
    .port_info 0 /INPUT 1 "clk";
    .port_info 1 /INPUT 1 "rst_n";
    .port_info 2 /INPUT 1 "en_compute";
    .port_info 3 /INPUT 1 "load_weight";
    .port_info 4 /INPUT 8 "in_act";
    .port_info 5 /INPUT 8 "in_weight";
    .port_info 6 /INPUT 32 "in_psum";
    .port_info 7 /OUTPUT 8 "out_act";
    .port_info 8 /OUTPUT 32 "out_psum";
v000002b8921a7c70_0 .net "clk", 0 0, v000002b8922856e0_0;  alias, 1 drivers
v000002b8921a7130_0 .net "en_compute", 0 0, L_000002b8922eb268;  alias, 1 drivers
v000002b8921a65f0_0 .net "in_act", 7 0, L_000002b892072d20;  alias, 1 drivers
v000002b8921a5dd0_0 .net "in_psum", 31 0, L_000002b892072d90;  alias, 1 drivers
v000002b8921a64b0_0 .net "in_weight", 7 0, L_000002b89234f7b0;  alias, 1 drivers
v000002b8921a6550_0 .net "load_weight", 0 0, L_000002b89234e6d0;  alias, 1 drivers
v000002b8921a6690_0 .var "out_act", 7 0;
v000002b8921a6e10_0 .var "out_psum", 31 0;
v000002b8921a5b50_0 .var/s "reg_weight", 7 0;
v000002b8921a79f0_0 .net "rst_n", 0 0, L_000002b8920707f0;  alias, 1 drivers
S_000002b8921b6840 .scope generate, "COL_LOOP[2]" "COL_LOOP[2]" 9 55, 9 55 0, S_000002b8921b4c20;
 .timescale -9 -12;
P_000002b89208dbd0 .param/l "c" 0 9 55, +C4<010>;
v000002b8921a74f0_0 .net "pe_in_act", 7 0, L_000002b892072e00;  1 drivers
v000002b8921a6730_0 .net "pe_in_psum", 31 0, L_000002b892072f50;  1 drivers
v000002b8921a7590_0 .net "pe_in_weight", 7 0, L_000002b89234f530;  1 drivers
v000002b8921a9c50_0 .net "pe_load_en", 0 0, L_000002b89234edb0;  1 drivers
S_000002b8921b3960 .scope generate, "genblk1" "genblk1" 9 61, 9 61 0, S_000002b8921b6840;
 .timescale -9 -12;
L_000002b892072e00 .functor BUFZ 8, v000002b8921a6690_0, C4<00000000>, C4<00000000>, C4<00000000>;
S_000002b8921b69d0 .scope generate, "genblk2" "genblk2" 9 72, 9 72 0, S_000002b8921b6840;
 .timescale -9 -12;
L_000002b892072f50 .functor BUFZ 32, v000002b89218b140_0, C4<00000000000000000000000000000000>, C4<00000000000000000000000000000000>, C4<00000000000000000000000000000000>;
S_000002b8921b7650 .scope module, "pe_inst" "pe" 9 91, 10 12 0, S_000002b8921b6840;
 .timescale 0 0;
    .port_info 0 /INPUT 1 "clk";
    .port_info 1 /INPUT 1 "rst_n";
    .port_info 2 /INPUT 1 "en_compute";
    .port_info 3 /INPUT 1 "load_weight";
    .port_info 4 /INPUT 8 "in_act";
    .port_info 5 /INPUT 8 "in_weight";
    .port_info 6 /INPUT 32 "in_psum";
    .port_info 7 /OUTPUT 8 "out_act";
    .port_info 8 /OUTPUT 32 "out_psum";
v000002b8921a71d0_0 .net "clk", 0 0, v000002b8922856e0_0;  alias, 1 drivers
v000002b8921a6870_0 .net "en_compute", 0 0, L_000002b8922eb268;  alias, 1 drivers
v000002b8921a5e70_0 .net "in_act", 7 0, L_000002b892072e00;  alias, 1 drivers
v000002b8921a7310_0 .net "in_psum", 31 0, L_000002b892072f50;  alias, 1 drivers
v000002b8921a5f10_0 .net "in_weight", 7 0, L_000002b89234f530;  alias, 1 drivers
v000002b8921a6910_0 .net "load_weight", 0 0, L_000002b89234edb0;  alias, 1 drivers
v000002b8921a7810_0 .var "out_act", 7 0;
v000002b8921a73b0_0 .var "out_psum", 31 0;
v000002b8921a7a90_0 .var/s "reg_weight", 7 0;
v000002b8921a7d10_0 .net "rst_n", 0 0, L_000002b8920707f0;  alias, 1 drivers
S_000002b8921b71a0 .scope generate, "COL_LOOP[3]" "COL_LOOP[3]" 9 55, 9 55 0, S_000002b8921b4c20;
 .timescale -9 -12;
P_000002b89208d810 .param/l "c" 0 9 55, +C4<011>;
v000002b8921a8670_0 .net "pe_in_act", 7 0, L_000002b8920731f0;  1 drivers
v000002b8921a8850_0 .net "pe_in_psum", 31 0, L_000002b892072af0;  1 drivers
v000002b8921aa650_0 .net "pe_in_weight", 7 0, L_000002b89234e810;  1 drivers
v000002b8921a8f30_0 .net "pe_load_en", 0 0, L_000002b89234f0d0;  1 drivers
S_000002b8921b4f40 .scope generate, "genblk1" "genblk1" 9 61, 9 61 0, S_000002b8921b71a0;
 .timescale -9 -12;
L_000002b8920731f0 .functor BUFZ 8, v000002b8921a7810_0, C4<00000000>, C4<00000000>, C4<00000000>;
S_000002b8921b6e80 .scope generate, "genblk2" "genblk2" 9 72, 9 72 0, S_000002b8921b71a0;
 .timescale -9 -12;
L_000002b892072af0 .functor BUFZ 32, v000002b89218c4a0_0, C4<00000000000000000000000000000000>, C4<00000000000000000000000000000000>, C4<00000000000000000000000000000000>;
S_000002b8921b53f0 .scope module, "pe_inst" "pe" 9 91, 10 12 0, S_000002b8921b71a0;
 .timescale 0 0;
    .port_info 0 /INPUT 1 "clk";
    .port_info 1 /INPUT 1 "rst_n";
    .port_info 2 /INPUT 1 "en_compute";
    .port_info 3 /INPUT 1 "load_weight";
    .port_info 4 /INPUT 8 "in_act";
    .port_info 5 /INPUT 8 "in_weight";
    .port_info 6 /INPUT 32 "in_psum";
    .port_info 7 /OUTPUT 8 "out_act";
    .port_info 8 /OUTPUT 32 "out_psum";
v000002b8921a8170_0 .net "clk", 0 0, v000002b8922856e0_0;  alias, 1 drivers
v000002b8921a91b0_0 .net "en_compute", 0 0, L_000002b8922eb268;  alias, 1 drivers
v000002b8921a92f0_0 .net "in_act", 7 0, L_000002b8920731f0;  alias, 1 drivers
v000002b8921aa3d0_0 .net "in_psum", 31 0, L_000002b892072af0;  alias, 1 drivers
v000002b8921a8df0_0 .net "in_weight", 7 0, L_000002b89234e810;  alias, 1 drivers
v000002b8921a8e90_0 .net "load_weight", 0 0, L_000002b89234f0d0;  alias, 1 drivers
v000002b8921a9430_0 .var "out_act", 7 0;
v000002b8921a9250_0 .var "out_psum", 31 0;
v000002b8921aa470_0 .var/s "reg_weight", 7 0;
v000002b8921a9570_0 .net "rst_n", 0 0, L_000002b8920707f0;  alias, 1 drivers
S_000002b8921b50d0 .scope generate, "COL_LOOP[4]" "COL_LOOP[4]" 9 55, 9 55 0, S_000002b8921b4c20;
 .timescale -9 -12;
P_000002b89208d850 .param/l "c" 0 9 55, +C4<0100>;
v000002b8921a9610_0 .net "pe_in_act", 7 0, L_000002b892072c40;  1 drivers
v000002b8921a9930_0 .net "pe_in_psum", 31 0, L_000002b892072bd0;  1 drivers
v000002b8921a9750_0 .net "pe_in_weight", 7 0, L_000002b89234f490;  1 drivers
v000002b8921a9a70_0 .net "pe_load_en", 0 0, L_000002b89234e130;  1 drivers
S_000002b8921b3af0 .scope generate, "genblk1" "genblk1" 9 61, 9 61 0, S_000002b8921b50d0;
 .timescale -9 -12;
L_000002b892072c40 .functor BUFZ 8, v000002b8921a9430_0, C4<00000000>, C4<00000000>, C4<00000000>;
S_000002b8921b5bc0 .scope generate, "genblk2" "genblk2" 9 72, 9 72 0, S_000002b8921b50d0;
 .timescale -9 -12;
L_000002b892072bd0 .functor BUFZ 32, v000002b89218c900_0, C4<00000000000000000000000000000000>, C4<00000000000000000000000000000000>, C4<00000000000000000000000000000000>;
S_000002b8921b45e0 .scope module, "pe_inst" "pe" 9 91, 10 12 0, S_000002b8921b50d0;
 .timescale 0 0;
    .port_info 0 /INPUT 1 "clk";
    .port_info 1 /INPUT 1 "rst_n";
    .port_info 2 /INPUT 1 "en_compute";
    .port_info 3 /INPUT 1 "load_weight";
    .port_info 4 /INPUT 8 "in_act";
    .port_info 5 /INPUT 8 "in_weight";
    .port_info 6 /INPUT 32 "in_psum";
    .port_info 7 /OUTPUT 8 "out_act";
    .port_info 8 /OUTPUT 32 "out_psum";
v000002b8921aa010_0 .net "clk", 0 0, v000002b8922856e0_0;  alias, 1 drivers
v000002b8921a8350_0 .net "en_compute", 0 0, L_000002b8922eb268;  alias, 1 drivers
v000002b8921a8fd0_0 .net "in_act", 7 0, L_000002b892072c40;  alias, 1 drivers
v000002b8921a9cf0_0 .net "in_psum", 31 0, L_000002b892072bd0;  alias, 1 drivers
v000002b8921a94d0_0 .net "in_weight", 7 0, L_000002b89234f490;  alias, 1 drivers
v000002b8921a96b0_0 .net "load_weight", 0 0, L_000002b89234e130;  alias, 1 drivers
v000002b8921a88f0_0 .var "out_act", 7 0;
v000002b8921aa330_0 .var "out_psum", 31 0;
v000002b8921aa8d0_0 .var/s "reg_weight", 7 0;
v000002b8921a8210_0 .net "rst_n", 0 0, L_000002b8920707f0;  alias, 1 drivers
S_000002b8921b66b0 .scope generate, "COL_LOOP[5]" "COL_LOOP[5]" 9 55, 9 55 0, S_000002b8921b4c20;
 .timescale -9 -12;
P_000002b89208d890 .param/l "c" 0 9 55, +C4<0101>;
v000002b8921a8a30_0 .net "pe_in_act", 7 0, L_000002b891dc4a20;  1 drivers
v000002b8921aa510_0 .net "pe_in_psum", 31 0, L_000002b891dc4be0;  1 drivers
v000002b8921a8d50_0 .net "pe_in_weight", 7 0, L_000002b89234e4f0;  1 drivers
v000002b8921a9b10_0 .net "pe_load_en", 0 0, L_000002b89234d9b0;  1 drivers
S_000002b8921b6070 .scope generate, "genblk1" "genblk1" 9 61, 9 61 0, S_000002b8921b66b0;
 .timescale -9 -12;
L_000002b891dc4a20 .functor BUFZ 8, v000002b8921a88f0_0, C4<00000000>, C4<00000000>, C4<00000000>;
S_000002b8921b5260 .scope generate, "genblk2" "genblk2" 9 72, 9 72 0, S_000002b8921b66b0;
 .timescale -9 -12;
L_000002b891dc4be0 .functor BUFZ 32, v000002b89218c0e0_0, C4<00000000000000000000000000000000>, C4<00000000000000000000000000000000>, C4<00000000000000000000000000000000>;
S_000002b8921b5580 .scope module, "pe_inst" "pe" 9 91, 10 12 0, S_000002b8921b66b0;
 .timescale 0 0;
    .port_info 0 /INPUT 1 "clk";
    .port_info 1 /INPUT 1 "rst_n";
    .port_info 2 /INPUT 1 "en_compute";
    .port_info 3 /INPUT 1 "load_weight";
    .port_info 4 /INPUT 8 "in_act";
    .port_info 5 /INPUT 8 "in_weight";
    .port_info 6 /INPUT 32 "in_psum";
    .port_info 7 /OUTPUT 8 "out_act";
    .port_info 8 /OUTPUT 32 "out_psum";
v000002b8921a8490_0 .net "clk", 0 0, v000002b8922856e0_0;  alias, 1 drivers
v000002b8921a8530_0 .net "en_compute", 0 0, L_000002b8922eb268;  alias, 1 drivers
v000002b8921aa790_0 .net "in_act", 7 0, L_000002b891dc4a20;  alias, 1 drivers
v000002b8921a8990_0 .net "in_psum", 31 0, L_000002b891dc4be0;  alias, 1 drivers
v000002b8921a9070_0 .net "in_weight", 7 0, L_000002b89234e4f0;  alias, 1 drivers
v000002b8921a9390_0 .net "load_weight", 0 0, L_000002b89234d9b0;  alias, 1 drivers
v000002b8921a97f0_0 .var "out_act", 7 0;
v000002b8921aa5b0_0 .var "out_psum", 31 0;
v000002b8921a8b70_0 .var/s "reg_weight", 7 0;
v000002b8921a9890_0 .net "rst_n", 0 0, L_000002b8920707f0;  alias, 1 drivers
S_000002b8921b4450 .scope generate, "COL_LOOP[6]" "COL_LOOP[6]" 9 55, 9 55 0, S_000002b8921b4c20;
 .timescale -9 -12;
P_000002b89208da10 .param/l "c" 0 9 55, +C4<0110>;
v000002b8921a8710_0 .net "pe_in_act", 7 0, L_000002b891dc49b0;  1 drivers
v000002b8921a9ed0_0 .net "pe_in_psum", 31 0, L_000002b891dc48d0;  1 drivers
v000002b8921a9f70_0 .net "pe_in_weight", 7 0, L_000002b89234e1d0;  1 drivers
v000002b8921aa0b0_0 .net "pe_load_en", 0 0, L_000002b89234d730;  1 drivers
S_000002b8921b6b60 .scope generate, "genblk1" "genblk1" 9 61, 9 61 0, S_000002b8921b4450;
 .timescale -9 -12;
L_000002b891dc49b0 .functor BUFZ 8, v000002b8921a97f0_0, C4<00000000>, C4<00000000>, C4<00000000>;
S_000002b8921b5d50 .scope generate, "genblk2" "genblk2" 9 72, 9 72 0, S_000002b8921b4450;
 .timescale -9 -12;
L_000002b891dc48d0 .functor BUFZ 32, v000002b89218ec00_0, C4<00000000000000000000000000000000>, C4<00000000000000000000000000000000>, C4<00000000000000000000000000000000>;
S_000002b8921b6390 .scope module, "pe_inst" "pe" 9 91, 10 12 0, S_000002b8921b4450;
 .timescale 0 0;
    .port_info 0 /INPUT 1 "clk";
    .port_info 1 /INPUT 1 "rst_n";
    .port_info 2 /INPUT 1 "en_compute";
    .port_info 3 /INPUT 1 "load_weight";
    .port_info 4 /INPUT 8 "in_act";
    .port_info 5 /INPUT 8 "in_weight";
    .port_info 6 /INPUT 32 "in_psum";
    .port_info 7 /OUTPUT 8 "out_act";
    .port_info 8 /OUTPUT 32 "out_psum";
v000002b8921aa830_0 .net "clk", 0 0, v000002b8922856e0_0;  alias, 1 drivers
v000002b8921a9bb0_0 .net "en_compute", 0 0, L_000002b8922eb268;  alias, 1 drivers
v000002b8921a9d90_0 .net "in_act", 7 0, L_000002b891dc49b0;  alias, 1 drivers
v000002b8921a8c10_0 .net "in_psum", 31 0, L_000002b891dc48d0;  alias, 1 drivers
v000002b8921a9e30_0 .net "in_weight", 7 0, L_000002b89234e1d0;  alias, 1 drivers
v000002b8921aa290_0 .net "load_weight", 0 0, L_000002b89234d730;  alias, 1 drivers
v000002b8921a82b0_0 .var "out_act", 7 0;
v000002b8921a9110_0 .var "out_psum", 31 0;
v000002b8921a85d0_0 .var/s "reg_weight", 7 0;
v000002b8921a83f0_0 .net "rst_n", 0 0, L_000002b8920707f0;  alias, 1 drivers
S_000002b8921b3e10 .scope generate, "COL_LOOP[7]" "COL_LOOP[7]" 9 55, 9 55 0, S_000002b8921b4c20;
 .timescale -9 -12;
P_000002b89208d250 .param/l "c" 0 9 55, +C4<0111>;
v000002b8921ace50_0 .net "pe_in_act", 7 0, L_000002b891dc4b00;  1 drivers
v000002b8921abc30_0 .net "pe_in_psum", 31 0, L_000002b891dc4940;  1 drivers
v000002b8921ab690_0 .net "pe_in_weight", 7 0, L_000002b89234dd70;  1 drivers
v000002b8921abf50_0 .net "pe_load_en", 0 0, L_000002b89234daf0;  1 drivers
S_000002b8921b58a0 .scope generate, "genblk1" "genblk1" 9 61, 9 61 0, S_000002b8921b3e10;
 .timescale -9 -12;
L_000002b891dc4b00 .functor BUFZ 8, v000002b8921a82b0_0, C4<00000000>, C4<00000000>, C4<00000000>;
S_000002b8921b7330 .scope generate, "genblk2" "genblk2" 9 72, 9 72 0, S_000002b8921b3e10;
 .timescale -9 -12;
L_000002b891dc4940 .functor BUFZ 32, v000002b892190000_0, C4<00000000000000000000000000000000>, C4<00000000000000000000000000000000>, C4<00000000000000000000000000000000>;
S_000002b8921b5a30 .scope module, "pe_inst" "pe" 9 91, 10 12 0, S_000002b8921b3e10;
 .timescale 0 0;
    .port_info 0 /INPUT 1 "clk";
    .port_info 1 /INPUT 1 "rst_n";
    .port_info 2 /INPUT 1 "en_compute";
    .port_info 3 /INPUT 1 "load_weight";
    .port_info 4 /INPUT 8 "in_act";
    .port_info 5 /INPUT 8 "in_weight";
    .port_info 6 /INPUT 32 "in_psum";
    .port_info 7 /OUTPUT 8 "out_act";
    .port_info 8 /OUTPUT 32 "out_psum";
v000002b8921aa150_0 .net "clk", 0 0, v000002b8922856e0_0;  alias, 1 drivers
v000002b8921aa1f0_0 .net "en_compute", 0 0, L_000002b8922eb268;  alias, 1 drivers
v000002b8921ab4b0_0 .net "in_act", 7 0, L_000002b891dc4b00;  alias, 1 drivers
v000002b8921acdb0_0 .net "in_psum", 31 0, L_000002b891dc4940;  alias, 1 drivers
v000002b8921aac90_0 .net "in_weight", 7 0, L_000002b89234dd70;  alias, 1 drivers
v000002b8921ac8b0_0 .net "load_weight", 0 0, L_000002b89234daf0;  alias, 1 drivers
v000002b8921aba50_0 .var "out_act", 7 0;
v000002b8921ac4f0_0 .var "out_psum", 31 0;
v000002b8921aca90_0 .var/s "reg_weight", 7 0;
v000002b8921ab0f0_0 .net "rst_n", 0 0, L_000002b8920707f0;  alias, 1 drivers
S_000002b8921b5ee0 .scope generate, "COL_LOOP[8]" "COL_LOOP[8]" 9 55, 9 55 0, S_000002b8921b4c20;
 .timescale -9 -12;
P_000002b89208db10 .param/l "c" 0 9 55, +C4<01000>;
v000002b8921acb30_0 .net "pe_in_act", 7 0, L_000002b891dc46a0;  1 drivers
v000002b8921ac090_0 .net "pe_in_psum", 31 0, L_000002b891dc3910;  1 drivers
v000002b8921ac590_0 .net "pe_in_weight", 7 0, L_000002b89234d7d0;  1 drivers
v000002b8921ab870_0 .net "pe_load_en", 0 0, L_000002b89234e590;  1 drivers
S_000002b8921b6200 .scope generate, "genblk1" "genblk1" 9 61, 9 61 0, S_000002b8921b5ee0;
 .timescale -9 -12;
L_000002b891dc46a0 .functor BUFZ 8, v000002b8921aba50_0, C4<00000000>, C4<00000000>, C4<00000000>;
S_000002b8921b74c0 .scope generate, "genblk2" "genblk2" 9 72, 9 72 0, S_000002b8921b5ee0;
 .timescale -9 -12;
L_000002b891dc3910 .functor BUFZ 32, v000002b89218df80_0, C4<00000000000000000000000000000000>, C4<00000000000000000000000000000000>, C4<00000000000000000000000000000000>;
S_000002b8921b6520 .scope module, "pe_inst" "pe" 9 91, 10 12 0, S_000002b8921b5ee0;
 .timescale 0 0;
    .port_info 0 /INPUT 1 "clk";
    .port_info 1 /INPUT 1 "rst_n";
    .port_info 2 /INPUT 1 "en_compute";
    .port_info 3 /INPUT 1 "load_weight";
    .port_info 4 /INPUT 8 "in_act";
    .port_info 5 /INPUT 8 "in_weight";
    .port_info 6 /INPUT 32 "in_psum";
    .port_info 7 /OUTPUT 8 "out_act";
    .port_info 8 /OUTPUT 32 "out_psum";
v000002b8921ab5f0_0 .net "clk", 0 0, v000002b8922856e0_0;  alias, 1 drivers
v000002b8921ab550_0 .net "en_compute", 0 0, L_000002b8922eb268;  alias, 1 drivers
v000002b8921ab730_0 .net "in_act", 7 0, L_000002b891dc46a0;  alias, 1 drivers
v000002b8921ac810_0 .net "in_psum", 31 0, L_000002b891dc3910;  alias, 1 drivers
v000002b8921abb90_0 .net "in_weight", 7 0, L_000002b89234d7d0;  alias, 1 drivers
v000002b8921abaf0_0 .net "load_weight", 0 0, L_000002b89234e590;  alias, 1 drivers
v000002b8921ab7d0_0 .var "out_act", 7 0;
v000002b8921aaa10_0 .var "out_psum", 31 0;
v000002b8921abeb0_0 .var/s "reg_weight", 7 0;
v000002b8921ab2d0_0 .net "rst_n", 0 0, L_000002b8920707f0;  alias, 1 drivers
S_000002b8921b3fa0 .scope generate, "COL_LOOP[9]" "COL_LOOP[9]" 9 55, 9 55 0, S_000002b8921b4c20;
 .timescale -9 -12;
P_000002b89208d2d0 .param/l "c" 0 9 55, +C4<01001>;
v000002b8921aafb0_0 .net "pe_in_act", 7 0, L_000002b891dc3d00;  1 drivers
v000002b8921ab410_0 .net "pe_in_psum", 31 0, L_000002b891dc3280;  1 drivers
v000002b8921acf90_0 .net "pe_in_weight", 7 0, L_000002b89234ec70;  1 drivers
v000002b8921ad030_0 .net "pe_load_en", 0 0, L_000002b89234dcd0;  1 drivers
S_000002b8921b4130 .scope generate, "genblk1" "genblk1" 9 61, 9 61 0, S_000002b8921b3fa0;
 .timescale -9 -12;
L_000002b891dc3d00 .functor BUFZ 8, v000002b8921ab7d0_0, C4<00000000>, C4<00000000>, C4<00000000>;
S_000002b8921b42c0 .scope generate, "genblk2" "genblk2" 9 72, 9 72 0, S_000002b8921b3fa0;
 .timescale -9 -12;
L_000002b891dc3280 .functor BUFZ 32, v000002b89218e020_0, C4<00000000000000000000000000000000>, C4<00000000000000000000000000000000>, C4<00000000000000000000000000000000>;
S_000002b8921bb7f0 .scope module, "pe_inst" "pe" 9 91, 10 12 0, S_000002b8921b3fa0;
 .timescale 0 0;
    .port_info 0 /INPUT 1 "clk";
    .port_info 1 /INPUT 1 "rst_n";
    .port_info 2 /INPUT 1 "en_compute";
    .port_info 3 /INPUT 1 "load_weight";
    .port_info 4 /INPUT 8 "in_act";
    .port_info 5 /INPUT 8 "in_weight";
    .port_info 6 /INPUT 32 "in_psum";
    .port_info 7 /OUTPUT 8 "out_act";
    .port_info 8 /OUTPUT 32 "out_psum";
v000002b8921aa970_0 .net "clk", 0 0, v000002b8922856e0_0;  alias, 1 drivers
v000002b8921aab50_0 .net "en_compute", 0 0, L_000002b8922eb268;  alias, 1 drivers
v000002b8921acef0_0 .net "in_act", 7 0, L_000002b891dc3d00;  alias, 1 drivers
v000002b8921ac950_0 .net "in_psum", 31 0, L_000002b891dc3280;  alias, 1 drivers
v000002b8921abe10_0 .net "in_weight", 7 0, L_000002b89234ec70;  alias, 1 drivers
v000002b8921ac130_0 .net "load_weight", 0 0, L_000002b89234dcd0;  alias, 1 drivers
v000002b8921ab910_0 .var "out_act", 7 0;
v000002b8921ab370_0 .var "out_psum", 31 0;
v000002b8921ac270_0 .var/s "reg_weight", 7 0;
v000002b8921aabf0_0 .net "rst_n", 0 0, L_000002b8920707f0;  alias, 1 drivers
S_000002b8921b9ef0 .scope generate, "COL_LOOP[10]" "COL_LOOP[10]" 9 55, 9 55 0, S_000002b8921b4c20;
 .timescale -9 -12;
P_000002b89208d390 .param/l "c" 0 9 55, +C4<01010>;
v000002b8921ac3b0_0 .net "pe_in_act", 7 0, L_000002b891dc47f0;  1 drivers
v000002b8921acd10_0 .net "pe_in_psum", 31 0, L_000002b891dc2db0;  1 drivers
v000002b8921aadd0_0 .net "pe_in_weight", 7 0, L_000002b89234f210;  1 drivers
v000002b8921aae70_0 .net "pe_load_en", 0 0, L_000002b89234e630;  1 drivers
S_000002b8921b9d60 .scope generate, "genblk1" "genblk1" 9 61, 9 61 0, S_000002b8921b9ef0;
 .timescale -9 -12;
L_000002b891dc47f0 .functor BUFZ 8, v000002b8921ab910_0, C4<00000000>, C4<00000000>, C4<00000000>;
S_000002b8921bb980 .scope generate, "genblk2" "genblk2" 9 72, 9 72 0, S_000002b8921b9ef0;
 .timescale -9 -12;
L_000002b891dc2db0 .functor BUFZ 32, v000002b892190dc0_0, C4<00000000000000000000000000000000>, C4<00000000000000000000000000000000>, C4<00000000000000000000000000000000>;
S_000002b8921ba850 .scope module, "pe_inst" "pe" 9 91, 10 12 0, S_000002b8921b9ef0;
 .timescale 0 0;
    .port_info 0 /INPUT 1 "clk";
    .port_info 1 /INPUT 1 "rst_n";
    .port_info 2 /INPUT 1 "en_compute";
    .port_info 3 /INPUT 1 "load_weight";
    .port_info 4 /INPUT 8 "in_act";
    .port_info 5 /INPUT 8 "in_weight";
    .port_info 6 /INPUT 32 "in_psum";
    .port_info 7 /OUTPUT 8 "out_act";
    .port_info 8 /OUTPUT 32 "out_psum";
v000002b8921ac1d0_0 .net "clk", 0 0, v000002b8922856e0_0;  alias, 1 drivers
v000002b8921abcd0_0 .net "en_compute", 0 0, L_000002b8922eb268;  alias, 1 drivers
v000002b8921aad30_0 .net "in_act", 7 0, L_000002b891dc47f0;  alias, 1 drivers
v000002b8921acbd0_0 .net "in_psum", 31 0, L_000002b891dc2db0;  alias, 1 drivers
v000002b8921ab050_0 .net "in_weight", 7 0, L_000002b89234f210;  alias, 1 drivers
v000002b8921acc70_0 .net "load_weight", 0 0, L_000002b89234e630;  alias, 1 drivers
v000002b8921ad0d0_0 .var "out_act", 7 0;
v000002b8921ac310_0 .var "out_psum", 31 0;
v000002b8921abd70_0 .var/s "reg_weight", 7 0;
v000002b8921ac770_0 .net "rst_n", 0 0, L_000002b8920707f0;  alias, 1 drivers
S_000002b8921b7970 .scope generate, "COL_LOOP[11]" "COL_LOOP[11]" 9 55, 9 55 0, S_000002b8921b4c20;
 .timescale -9 -12;
P_000002b89208d450 .param/l "c" 0 9 55, +C4<01011>;
v000002b8921ae110_0 .net "pe_in_act", 7 0, L_000002b891dc4780;  1 drivers
v000002b8921af790_0 .net "pe_in_psum", 31 0, L_000002b891dc42b0;  1 drivers
v000002b8921ae6b0_0 .net "pe_in_weight", 7 0, L_000002b89234e270;  1 drivers
v000002b8921af150_0 .net "pe_load_en", 0 0, L_000002b89234e770;  1 drivers
S_000002b8921bab70 .scope generate, "genblk1" "genblk1" 9 61, 9 61 0, S_000002b8921b7970;
 .timescale -9 -12;
L_000002b891dc4780 .functor BUFZ 8, v000002b8921ad0d0_0, C4<00000000>, C4<00000000>, C4<00000000>;
S_000002b8921bbb10 .scope generate, "genblk2" "genblk2" 9 72, 9 72 0, S_000002b8921b7970;
 .timescale -9 -12;
L_000002b891dc42b0 .functor BUFZ 32, v000002b892192120_0, C4<00000000000000000000000000000000>, C4<00000000000000000000000000000000>, C4<00000000000000000000000000000000>;
S_000002b8921b8aa0 .scope module, "pe_inst" "pe" 9 91, 10 12 0, S_000002b8921b7970;
 .timescale 0 0;
    .port_info 0 /INPUT 1 "clk";
    .port_info 1 /INPUT 1 "rst_n";
    .port_info 2 /INPUT 1 "en_compute";
    .port_info 3 /INPUT 1 "load_weight";
    .port_info 4 /INPUT 8 "in_act";
    .port_info 5 /INPUT 8 "in_weight";
    .port_info 6 /INPUT 32 "in_psum";
    .port_info 7 /OUTPUT 8 "out_act";
    .port_info 8 /OUTPUT 32 "out_psum";
v000002b8921aaf10_0 .net "clk", 0 0, v000002b8922856e0_0;  alias, 1 drivers
v000002b8921ab9b0_0 .net "en_compute", 0 0, L_000002b8922eb268;  alias, 1 drivers
v000002b8921ac9f0_0 .net "in_act", 7 0, L_000002b891dc4780;  alias, 1 drivers
v000002b8921ab190_0 .net "in_psum", 31 0, L_000002b891dc42b0;  alias, 1 drivers
v000002b8921ab230_0 .net "in_weight", 7 0, L_000002b89234e270;  alias, 1 drivers
v000002b8921ac630_0 .net "load_weight", 0 0, L_000002b89234e770;  alias, 1 drivers
v000002b8921ae2f0_0 .var "out_act", 7 0;
v000002b8921ad670_0 .var "out_psum", 31 0;
v000002b8921add50_0 .var/s "reg_weight", 7 0;
v000002b8921adc10_0 .net "rst_n", 0 0, L_000002b8920707f0;  alias, 1 drivers
S_000002b8921b9a40 .scope generate, "COL_LOOP[12]" "COL_LOOP[12]" 9 55, 9 55 0, S_000002b8921b4c20;
 .timescale -9 -12;
P_000002b89208d910 .param/l "c" 0 9 55, +C4<01100>;
v000002b8921aebb0_0 .net "pe_in_act", 7 0, L_000002b891dc3130;  1 drivers
v000002b8921ae390_0 .net "pe_in_psum", 31 0, L_000002b891dc2e20;  1 drivers
v000002b8921ad710_0 .net "pe_in_weight", 7 0, L_000002b89234ed10;  1 drivers
v000002b8921ad7b0_0 .net "pe_load_en", 0 0, L_000002b89234d190;  1 drivers
S_000002b8921b9270 .scope generate, "genblk1" "genblk1" 9 61, 9 61 0, S_000002b8921b9a40;
 .timescale -9 -12;
L_000002b891dc3130 .functor BUFZ 8, v000002b8921ae2f0_0, C4<00000000>, C4<00000000>, C4<00000000>;
S_000002b8921bb660 .scope generate, "genblk2" "genblk2" 9 72, 9 72 0, S_000002b8921b9a40;
 .timescale -9 -12;
L_000002b891dc2e20 .functor BUFZ 32, v000002b892190500_0, C4<00000000000000000000000000000000>, C4<00000000000000000000000000000000>, C4<00000000000000000000000000000000>;
S_000002b8921b98b0 .scope module, "pe_inst" "pe" 9 91, 10 12 0, S_000002b8921b9a40;
 .timescale 0 0;
    .port_info 0 /INPUT 1 "clk";
    .port_info 1 /INPUT 1 "rst_n";
    .port_info 2 /INPUT 1 "en_compute";
    .port_info 3 /INPUT 1 "load_weight";
    .port_info 4 /INPUT 8 "in_act";
    .port_info 5 /INPUT 8 "in_weight";
    .port_info 6 /INPUT 32 "in_psum";
    .port_info 7 /OUTPUT 8 "out_act";
    .port_info 8 /OUTPUT 32 "out_psum";
v000002b8921af1f0_0 .net "clk", 0 0, v000002b8922856e0_0;  alias, 1 drivers
v000002b8921af650_0 .net "en_compute", 0 0, L_000002b8922eb268;  alias, 1 drivers
v000002b8921ae9d0_0 .net "in_act", 7 0, L_000002b891dc3130;  alias, 1 drivers
v000002b8921ad170_0 .net "in_psum", 31 0, L_000002b891dc2e20;  alias, 1 drivers
v000002b8921ad490_0 .net "in_weight", 7 0, L_000002b89234ed10;  alias, 1 drivers
v000002b8921aef70_0 .net "load_weight", 0 0, L_000002b89234d190;  alias, 1 drivers
v000002b8921ae070_0 .var "out_act", 7 0;
v000002b8921ae4d0_0 .var "out_psum", 31 0;
v000002b8921ade90_0 .var/s "reg_weight", 7 0;
v000002b8921ae610_0 .net "rst_n", 0 0, L_000002b8920707f0;  alias, 1 drivers
S_000002b8921bae90 .scope generate, "COL_LOOP[13]" "COL_LOOP[13]" 9 55, 9 55 0, S_000002b8921b4c20;
 .timescale -9 -12;
P_000002b89208db90 .param/l "c" 0 9 55, +C4<01101>;
v000002b8921ae7f0_0 .net "pe_in_act", 7 0, L_000002b891dc4710;  1 drivers
v000002b8921af290_0 .net "pe_in_psum", 31 0, L_000002b891dc4470;  1 drivers
v000002b8921ad210_0 .net "pe_in_weight", 7 0, L_000002b89234f170;  1 drivers
v000002b8921ae890_0 .net "pe_load_en", 0 0, L_000002b89234f850;  1 drivers
S_000002b8921b9400 .scope generate, "genblk1" "genblk1" 9 61, 9 61 0, S_000002b8921bae90;
 .timescale -9 -12;
L_000002b891dc4710 .functor BUFZ 8, v000002b8921ae070_0, C4<00000000>, C4<00000000>, C4<00000000>;
S_000002b8921b7b00 .scope generate, "genblk2" "genblk2" 9 72, 9 72 0, S_000002b8921bae90;
 .timescale -9 -12;
L_000002b891dc4470 .functor BUFZ 32, v000002b892190f00_0, C4<00000000000000000000000000000000>, C4<00000000000000000000000000000000>, C4<00000000000000000000000000000000>;
S_000002b8921bbca0 .scope module, "pe_inst" "pe" 9 91, 10 12 0, S_000002b8921bae90;
 .timescale 0 0;
    .port_info 0 /INPUT 1 "clk";
    .port_info 1 /INPUT 1 "rst_n";
    .port_info 2 /INPUT 1 "en_compute";
    .port_info 3 /INPUT 1 "load_weight";
    .port_info 4 /INPUT 8 "in_act";
    .port_info 5 /INPUT 8 "in_weight";
    .port_info 6 /INPUT 32 "in_psum";
    .port_info 7 /OUTPUT 8 "out_act";
    .port_info 8 /OUTPUT 32 "out_psum";
v000002b8921ad2b0_0 .net "clk", 0 0, v000002b8922856e0_0;  alias, 1 drivers
v000002b8921af830_0 .net "en_compute", 0 0, L_000002b8922eb268;  alias, 1 drivers
v000002b8921ad850_0 .net "in_act", 7 0, L_000002b891dc4710;  alias, 1 drivers
v000002b8921aea70_0 .net "in_psum", 31 0, L_000002b891dc4470;  alias, 1 drivers
v000002b8921ad350_0 .net "in_weight", 7 0, L_000002b89234f170;  alias, 1 drivers
v000002b8921ad530_0 .net "load_weight", 0 0, L_000002b89234f850;  alias, 1 drivers
v000002b8921aec50_0 .var "out_act", 7 0;
v000002b8921ae750_0 .var "out_psum", 31 0;
v000002b8921ad8f0_0 .var/s "reg_weight", 7 0;
v000002b8921af0b0_0 .net "rst_n", 0 0, L_000002b8920707f0;  alias, 1 drivers
S_000002b8921b8c30 .scope generate, "COL_LOOP[14]" "COL_LOOP[14]" 9 55, 9 55 0, S_000002b8921b4c20;
 .timescale -9 -12;
P_000002b89208dc10 .param/l "c" 0 9 55, +C4<01110>;
v000002b8921adb70_0 .net "pe_in_act", 7 0, L_000002b891dc3520;  1 drivers
v000002b8921adcb0_0 .net "pe_in_psum", 31 0, L_000002b891dc40f0;  1 drivers
v000002b8921af010_0 .net "pe_in_weight", 7 0, L_000002b89234ee50;  1 drivers
v000002b8921af330_0 .net "pe_load_en", 0 0, L_000002b89234e8b0;  1 drivers
S_000002b8921b90e0 .scope generate, "genblk1" "genblk1" 9 61, 9 61 0, S_000002b8921b8c30;
 .timescale -9 -12;
L_000002b891dc3520 .functor BUFZ 8, v000002b8921aec50_0, C4<00000000>, C4<00000000>, C4<00000000>;
S_000002b8921b82d0 .scope generate, "genblk2" "genblk2" 9 72, 9 72 0, S_000002b8921b8c30;
 .timescale -9 -12;
L_000002b891dc40f0 .functor BUFZ 32, v000002b892191360_0, C4<00000000000000000000000000000000>, C4<00000000000000000000000000000000>, C4<00000000000000000000000000000000>;
S_000002b8921bb020 .scope module, "pe_inst" "pe" 9 91, 10 12 0, S_000002b8921b8c30;
 .timescale 0 0;
    .port_info 0 /INPUT 1 "clk";
    .port_info 1 /INPUT 1 "rst_n";
    .port_info 2 /INPUT 1 "en_compute";
    .port_info 3 /INPUT 1 "load_weight";
    .port_info 4 /INPUT 8 "in_act";
    .port_info 5 /INPUT 8 "in_weight";
    .port_info 6 /INPUT 32 "in_psum";
    .port_info 7 /OUTPUT 8 "out_act";
    .port_info 8 /OUTPUT 32 "out_psum";
v000002b8921addf0_0 .net "clk", 0 0, v000002b8922856e0_0;  alias, 1 drivers
v000002b8921ad3f0_0 .net "en_compute", 0 0, L_000002b8922eb268;  alias, 1 drivers
v000002b8921ad5d0_0 .net "in_act", 7 0, L_000002b891dc3520;  alias, 1 drivers
v000002b8921ae430_0 .net "in_psum", 31 0, L_000002b891dc40f0;  alias, 1 drivers
v000002b8921adad0_0 .net "in_weight", 7 0, L_000002b89234ee50;  alias, 1 drivers
v000002b8921ad990_0 .net "load_weight", 0 0, L_000002b89234e8b0;  alias, 1 drivers
v000002b8921aeb10_0 .var "out_act", 7 0;
v000002b8921adf30_0 .var "out_psum", 31 0;
v000002b8921ada30_0 .var/s "reg_weight", 7 0;
v000002b8921aecf0_0 .net "rst_n", 0 0, L_000002b8920707f0;  alias, 1 drivers
S_000002b8921b7c90 .scope generate, "COL_LOOP[15]" "COL_LOOP[15]" 9 55, 9 55 0, S_000002b8921b4c20;
 .timescale -9 -12;
P_000002b89208da50 .param/l "c" 0 9 55, +C4<01111>;
v000002b8921afb50_0 .net "pe_in_act", 7 0, L_000002b891dc4320;  1 drivers
v000002b8921afd30_0 .net "pe_in_psum", 31 0, L_000002b891dc4390;  1 drivers
v000002b8921b14f0_0 .net "pe_in_weight", 7 0, L_000002b89234eb30;  1 drivers
v000002b8921affb0_0 .net "pe_load_en", 0 0, L_000002b89234d550;  1 drivers
S_000002b8921ba9e0 .scope generate, "genblk1" "genblk1" 9 61, 9 61 0, S_000002b8921b7c90;
 .timescale -9 -12;
L_000002b891dc4320 .functor BUFZ 8, v000002b8921aeb10_0, C4<00000000>, C4<00000000>, C4<00000000>;
S_000002b8921b9bd0 .scope generate, "genblk2" "genblk2" 9 72, 9 72 0, S_000002b8921b7c90;
 .timescale -9 -12;
L_000002b891dc4390 .functor BUFZ 32, v000002b8921a5ab0_0, C4<00000000000000000000000000000000>, C4<00000000000000000000000000000000>, C4<00000000000000000000000000000000>;
S_000002b8921bbe30 .scope module, "pe_inst" "pe" 9 91, 10 12 0, S_000002b8921b7c90;
 .timescale 0 0;
    .port_info 0 /INPUT 1 "clk";
    .port_info 1 /INPUT 1 "rst_n";
    .port_info 2 /INPUT 1 "en_compute";
    .port_info 3 /INPUT 1 "load_weight";
    .port_info 4 /INPUT 8 "in_act";
    .port_info 5 /INPUT 8 "in_weight";
    .port_info 6 /INPUT 32 "in_psum";
    .port_info 7 /OUTPUT 8 "out_act";
    .port_info 8 /OUTPUT 32 "out_psum";
v000002b8921adfd0_0 .net "clk", 0 0, v000002b8922856e0_0;  alias, 1 drivers
v000002b8921aed90_0 .net "en_compute", 0 0, L_000002b8922eb268;  alias, 1 drivers
v000002b8921ae250_0 .net "in_act", 7 0, L_000002b891dc4320;  alias, 1 drivers
v000002b8921aee30_0 .net "in_psum", 31 0, L_000002b891dc4390;  alias, 1 drivers
v000002b8921af3d0_0 .net "in_weight", 7 0, L_000002b89234eb30;  alias, 1 drivers
v000002b8921aeed0_0 .net "load_weight", 0 0, L_000002b89234d550;  alias, 1 drivers
v000002b8921af470_0 .var "out_act", 7 0;
v000002b8921af510_0 .var "out_psum", 31 0;
v000002b8921af6f0_0 .var/s "reg_weight", 7 0;
v000002b8921af8d0_0 .net "rst_n", 0 0, L_000002b8920707f0;  alias, 1 drivers
S_000002b8921b7e20 .scope generate, "ROW_LOOP[4]" "ROW_LOOP[4]" 9 54, 9 54 0, S_000002b89217d0b0;
 .timescale -9 -12;
P_000002b89208d490 .param/l "r" 0 9 54, +C4<0100>;
S_000002b8921b8460 .scope generate, "COL_LOOP[0]" "COL_LOOP[0]" 9 55, 9 55 0, S_000002b8921b7e20;
 .timescale -9 -12;
P_000002b89208d8d0 .param/l "c" 0 9 55, +C4<00>;
v000002b8921b05f0_0 .net "pe_in_act", 7 0, L_000002b89234e450;  1 drivers
v000002b8921aff10_0 .net "pe_in_psum", 31 0, L_000002b891dc3360;  1 drivers
v000002b8921b20d0_0 .net "pe_in_weight", 7 0, L_000002b89234dff0;  1 drivers
v000002b8921b1d10_0 .net "pe_load_en", 0 0, L_000002b89234eef0;  1 drivers
S_000002b8921ba080 .scope generate, "genblk1" "genblk1" 9 61, 9 61 0, S_000002b8921b8460;
 .timescale -9 -12;
S_000002b8921b8f50 .scope generate, "genblk2" "genblk2" 9 72, 9 72 0, S_000002b8921b8460;
 .timescale -9 -12;
L_000002b891dc3360 .functor BUFZ 32, v000002b8921a6370_0, C4<00000000000000000000000000000000>, C4<00000000000000000000000000000000>, C4<00000000000000000000000000000000>;
S_000002b8921bad00 .scope module, "pe_inst" "pe" 9 91, 10 12 0, S_000002b8921b8460;
 .timescale 0 0;
    .port_info 0 /INPUT 1 "clk";
    .port_info 1 /INPUT 1 "rst_n";
    .port_info 2 /INPUT 1 "en_compute";
    .port_info 3 /INPUT 1 "load_weight";
    .port_info 4 /INPUT 8 "in_act";
    .port_info 5 /INPUT 8 "in_weight";
    .port_info 6 /INPUT 32 "in_psum";
    .port_info 7 /OUTPUT 8 "out_act";
    .port_info 8 /OUTPUT 32 "out_psum";
v000002b8921b0370_0 .net "clk", 0 0, v000002b8922856e0_0;  alias, 1 drivers
v000002b8921b1810_0 .net "en_compute", 0 0, L_000002b8922eb268;  alias, 1 drivers
v000002b8921b1630_0 .net "in_act", 7 0, L_000002b89234e450;  alias, 1 drivers
v000002b8921afdd0_0 .net "in_psum", 31 0, L_000002b891dc3360;  alias, 1 drivers
v000002b8921afe70_0 .net "in_weight", 7 0, L_000002b89234dff0;  alias, 1 drivers
v000002b8921b1f90_0 .net "load_weight", 0 0, L_000002b89234eef0;  alias, 1 drivers
v000002b8921b0ff0_0 .var "out_act", 7 0;
v000002b8921af970_0 .var "out_psum", 31 0;
v000002b8921b1e50_0 .var/s "reg_weight", 7 0;
v000002b8921b0cd0_0 .net "rst_n", 0 0, L_000002b8920707f0;  alias, 1 drivers
S_000002b8921ba3a0 .scope generate, "COL_LOOP[1]" "COL_LOOP[1]" 9 55, 9 55 0, S_000002b8921b7e20;
 .timescale -9 -12;
P_000002b89208d950 .param/l "c" 0 9 55, +C4<01>;
v000002b8921b0690_0 .net "pe_in_act", 7 0, L_000002b891dc39f0;  1 drivers
v000002b8921b0b90_0 .net "pe_in_psum", 31 0, L_000002b891dc2cd0;  1 drivers
v000002b8921b1770_0 .net "pe_in_weight", 7 0, L_000002b89234dc30;  1 drivers
v000002b8921b0730_0 .net "pe_load_en", 0 0, L_000002b89234e310;  1 drivers
S_000002b8921b7fb0 .scope generate, "genblk1" "genblk1" 9 61, 9 61 0, S_000002b8921ba3a0;
 .timescale -9 -12;
L_000002b891dc39f0 .functor BUFZ 8, v000002b8921b0ff0_0, C4<00000000>, C4<00000000>, C4<00000000>;
S_000002b8921b85f0 .scope generate, "genblk2" "genblk2" 9 72, 9 72 0, S_000002b8921ba3a0;
 .timescale -9 -12;
L_000002b891dc2cd0 .functor BUFZ 32, v000002b8921a6e10_0, C4<00000000000000000000000000000000>, C4<00000000000000000000000000000000>, C4<00000000000000000000000000000000>;
S_000002b8921bbfc0 .scope module, "pe_inst" "pe" 9 91, 10 12 0, S_000002b8921ba3a0;
 .timescale 0 0;
    .port_info 0 /INPUT 1 "clk";
    .port_info 1 /INPUT 1 "rst_n";
    .port_info 2 /INPUT 1 "en_compute";
    .port_info 3 /INPUT 1 "load_weight";
    .port_info 4 /INPUT 8 "in_act";
    .port_info 5 /INPUT 8 "in_weight";
    .port_info 6 /INPUT 32 "in_psum";
    .port_info 7 /OUTPUT 8 "out_act";
    .port_info 8 /OUTPUT 32 "out_psum";
v000002b8921b0050_0 .net "clk", 0 0, v000002b8922856e0_0;  alias, 1 drivers
v000002b8921b0d70_0 .net "en_compute", 0 0, L_000002b8922eb268;  alias, 1 drivers
v000002b8921b1950_0 .net "in_act", 7 0, L_000002b891dc39f0;  alias, 1 drivers
v000002b8921b1090_0 .net "in_psum", 31 0, L_000002b891dc2cd0;  alias, 1 drivers
v000002b8921afa10_0 .net "in_weight", 7 0, L_000002b89234dc30;  alias, 1 drivers
v000002b8921b0410_0 .net "load_weight", 0 0, L_000002b89234e310;  alias, 1 drivers
v000002b8921b04b0_0 .var "out_act", 7 0;
v000002b8921b02d0_0 .var "out_psum", 31 0;
v000002b8921b00f0_0 .var/s "reg_weight", 7 0;
v000002b8921b1b30_0 .net "rst_n", 0 0, L_000002b8920707f0;  alias, 1 drivers
S_000002b8921ba210 .scope generate, "COL_LOOP[2]" "COL_LOOP[2]" 9 55, 9 55 0, S_000002b8921b7e20;
 .timescale -9 -12;
P_000002b89208dc50 .param/l "c" 0 9 55, +C4<010>;
v000002b8921b0230_0 .net "pe_in_act", 7 0, L_000002b891dc3c20;  1 drivers
v000002b8921b0910_0 .net "pe_in_psum", 31 0, L_000002b891dc3600;  1 drivers
v000002b8921b2030_0 .net "pe_in_weight", 7 0, L_000002b89234e090;  1 drivers
v000002b8921b0eb0_0 .net "pe_load_en", 0 0, L_000002b89234f5d0;  1 drivers
S_000002b8921b9590 .scope generate, "genblk1" "genblk1" 9 61, 9 61 0, S_000002b8921ba210;
 .timescale -9 -12;
L_000002b891dc3c20 .functor BUFZ 8, v000002b8921b04b0_0, C4<00000000>, C4<00000000>, C4<00000000>;
S_000002b8921bb4d0 .scope generate, "genblk2" "genblk2" 9 72, 9 72 0, S_000002b8921ba210;
 .timescale -9 -12;
L_000002b891dc3600 .functor BUFZ 32, v000002b8921a73b0_0, C4<00000000000000000000000000000000>, C4<00000000000000000000000000000000>, C4<00000000000000000000000000000000>;
S_000002b8921ba530 .scope module, "pe_inst" "pe" 9 91, 10 12 0, S_000002b8921ba210;
 .timescale 0 0;
    .port_info 0 /INPUT 1 "clk";
    .port_info 1 /INPUT 1 "rst_n";
    .port_info 2 /INPUT 1 "en_compute";
    .port_info 3 /INPUT 1 "load_weight";
    .port_info 4 /INPUT 8 "in_act";
    .port_info 5 /INPUT 8 "in_weight";
    .port_info 6 /INPUT 32 "in_psum";
    .port_info 7 /OUTPUT 8 "out_act";
    .port_info 8 /OUTPUT 32 "out_psum";
v000002b8921afab0_0 .net "clk", 0 0, v000002b8922856e0_0;  alias, 1 drivers
v000002b8921b09b0_0 .net "en_compute", 0 0, L_000002b8922eb268;  alias, 1 drivers
v000002b8921b0af0_0 .net "in_act", 7 0, L_000002b891dc3c20;  alias, 1 drivers
v000002b8921b1bd0_0 .net "in_psum", 31 0, L_000002b891dc3600;  alias, 1 drivers
v000002b8921b07d0_0 .net "in_weight", 7 0, L_000002b89234e090;  alias, 1 drivers
v000002b8921b0870_0 .net "load_weight", 0 0, L_000002b89234f5d0;  alias, 1 drivers
v000002b8921b0c30_0 .var "out_act", 7 0;
v000002b8921b0a50_0 .var "out_psum", 31 0;
v000002b8921b1c70_0 .var/s "reg_weight", 7 0;
v000002b8921b0e10_0 .net "rst_n", 0 0, L_000002b8920707f0;  alias, 1 drivers
S_000002b8921b9720 .scope generate, "COL_LOOP[3]" "COL_LOOP[3]" 9 55, 9 55 0, S_000002b8921b7e20;
 .timescale -9 -12;
P_000002b89208dd10 .param/l "c" 0 9 55, +C4<011>;
v000002b8921b19f0_0 .net "pe_in_act", 7 0, L_000002b891dc4860;  1 drivers
v000002b8921b1590_0 .net "pe_in_psum", 31 0, L_000002b891dc31a0;  1 drivers
v000002b8921b1a90_0 .net "pe_in_weight", 7 0, L_000002b89234d5f0;  1 drivers
v000002b8921afc90_0 .net "pe_load_en", 0 0, L_000002b89234ef90;  1 drivers
S_000002b8921bc150 .scope generate, "genblk1" "genblk1" 9 61, 9 61 0, S_000002b8921b9720;
 .timescale -9 -12;
L_000002b891dc4860 .functor BUFZ 8, v000002b8921b0c30_0, C4<00000000>, C4<00000000>, C4<00000000>;
S_000002b8921b8dc0 .scope generate, "genblk2" "genblk2" 9 72, 9 72 0, S_000002b8921b9720;
 .timescale -9 -12;
L_000002b891dc31a0 .functor BUFZ 32, v000002b8921a9250_0, C4<00000000000000000000000000000000>, C4<00000000000000000000000000000000>, C4<00000000000000000000000000000000>;
S_000002b8921ba6c0 .scope module, "pe_inst" "pe" 9 91, 10 12 0, S_000002b8921b9720;
 .timescale 0 0;
    .port_info 0 /INPUT 1 "clk";
    .port_info 1 /INPUT 1 "rst_n";
    .port_info 2 /INPUT 1 "en_compute";
    .port_info 3 /INPUT 1 "load_weight";
    .port_info 4 /INPUT 8 "in_act";
    .port_info 5 /INPUT 8 "in_weight";
    .port_info 6 /INPUT 32 "in_psum";
    .port_info 7 /OUTPUT 8 "out_act";
    .port_info 8 /OUTPUT 32 "out_psum";
v000002b8921b1130_0 .net "clk", 0 0, v000002b8922856e0_0;  alias, 1 drivers
v000002b8921b16d0_0 .net "en_compute", 0 0, L_000002b8922eb268;  alias, 1 drivers
v000002b8921b1db0_0 .net "in_act", 7 0, L_000002b891dc4860;  alias, 1 drivers
v000002b8921b11d0_0 .net "in_psum", 31 0, L_000002b891dc31a0;  alias, 1 drivers
v000002b8921b1270_0 .net "in_weight", 7 0, L_000002b89234d5f0;  alias, 1 drivers
v000002b8921b1310_0 .net "load_weight", 0 0, L_000002b89234ef90;  alias, 1 drivers
v000002b8921b13b0_0 .var "out_act", 7 0;
v000002b8921b18b0_0 .var "out_psum", 31 0;
v000002b8921afbf0_0 .var/s "reg_weight", 7 0;
v000002b8921b1450_0 .net "rst_n", 0 0, L_000002b8920707f0;  alias, 1 drivers
S_000002b8921bb1b0 .scope generate, "COL_LOOP[4]" "COL_LOOP[4]" 9 55, 9 55 0, S_000002b8921b7e20;
 .timescale -9 -12;
P_000002b89208ea90 .param/l "c" 0 9 55, +C4<0100>;
v000002b8921b2fd0_0 .net "pe_in_act", 7 0, L_000002b891dc44e0;  1 drivers
v000002b8921b25d0_0 .net "pe_in_psum", 31 0, L_000002b891dc38a0;  1 drivers
v000002b8921b2170_0 .net "pe_in_weight", 7 0, L_000002b89234e950;  1 drivers
v000002b8921b2670_0 .net "pe_load_en", 0 0, L_000002b89234e3b0;  1 drivers
S_000002b8921bb340 .scope generate, "genblk1" "genblk1" 9 61, 9 61 0, S_000002b8921bb1b0;
 .timescale -9 -12;
L_000002b891dc44e0 .functor BUFZ 8, v000002b8921b13b0_0, C4<00000000>, C4<00000000>, C4<00000000>;
S_000002b8921b8140 .scope generate, "genblk2" "genblk2" 9 72, 9 72 0, S_000002b8921bb1b0;
 .timescale -9 -12;
L_000002b891dc38a0 .functor BUFZ 32, v000002b8921aa330_0, C4<00000000000000000000000000000000>, C4<00000000000000000000000000000000>, C4<00000000000000000000000000000000>;
S_000002b8921bc2e0 .scope module, "pe_inst" "pe" 9 91, 10 12 0, S_000002b8921bb1b0;
 .timescale 0 0;
    .port_info 0 /INPUT 1 "clk";
    .port_info 1 /INPUT 1 "rst_n";
    .port_info 2 /INPUT 1 "en_compute";
    .port_info 3 /INPUT 1 "load_weight";
    .port_info 4 /INPUT 8 "in_act";
    .port_info 5 /INPUT 8 "in_weight";
    .port_info 6 /INPUT 32 "in_psum";
    .port_info 7 /OUTPUT 8 "out_act";
    .port_info 8 /OUTPUT 32 "out_psum";
v000002b8921b2df0_0 .net "clk", 0 0, v000002b8922856e0_0;  alias, 1 drivers
v000002b8921b2f30_0 .net "en_compute", 0 0, L_000002b8922eb268;  alias, 1 drivers
v000002b8921b2850_0 .net "in_act", 7 0, L_000002b891dc44e0;  alias, 1 drivers
v000002b8921b2990_0 .net "in_psum", 31 0, L_000002b891dc38a0;  alias, 1 drivers
v000002b8921b28f0_0 .net "in_weight", 7 0, L_000002b89234e950;  alias, 1 drivers
v000002b8921b2e90_0 .net "load_weight", 0 0, L_000002b89234e3b0;  alias, 1 drivers
v000002b8921b2ad0_0 .var "out_act", 7 0;
v000002b8921b2530_0 .var "out_psum", 31 0;
v000002b8921b2c10_0 .var/s "reg_weight", 7 0;
v000002b8921b27b0_0 .net "rst_n", 0 0, L_000002b8920707f0;  alias, 1 drivers
S_000002b8921bc600 .scope generate, "COL_LOOP[5]" "COL_LOOP[5]" 9 55, 9 55 0, S_000002b8921b7e20;
 .timescale -9 -12;
P_000002b89208e950 .param/l "c" 0 9 55, +C4<0101>;
v000002b8921a5010_0 .net "pe_in_act", 7 0, L_000002b891dc3750;  1 drivers
v000002b8921a5650_0 .net "pe_in_psum", 31 0, L_000002b891dc3d70;  1 drivers
v000002b8921a35d0_0 .net "pe_in_weight", 7 0, L_000002b89234f670;  1 drivers
v000002b8921a33f0_0 .net "pe_load_en", 0 0, L_000002b89234f030;  1 drivers
S_000002b8921bc470 .scope generate, "genblk1" "genblk1" 9 61, 9 61 0, S_000002b8921bc600;
 .timescale -9 -12;
L_000002b891dc3750 .functor BUFZ 8, v000002b8921b2ad0_0, C4<00000000>, C4<00000000>, C4<00000000>;
S_000002b8921bc790 .scope generate, "genblk2" "genblk2" 9 72, 9 72 0, S_000002b8921bc600;
 .timescale -9 -12;
L_000002b891dc3d70 .functor BUFZ 32, v000002b8921aa5b0_0, C4<00000000000000000000000000000000>, C4<00000000000000000000000000000000>, C4<00000000000000000000000000000000>;
S_000002b8921b8780 .scope module, "pe_inst" "pe" 9 91, 10 12 0, S_000002b8921bc600;
 .timescale 0 0;
    .port_info 0 /INPUT 1 "clk";
    .port_info 1 /INPUT 1 "rst_n";
    .port_info 2 /INPUT 1 "en_compute";
    .port_info 3 /INPUT 1 "load_weight";
    .port_info 4 /INPUT 8 "in_act";
    .port_info 5 /INPUT 8 "in_weight";
    .port_info 6 /INPUT 32 "in_psum";
    .port_info 7 /OUTPUT 8 "out_act";
    .port_info 8 /OUTPUT 32 "out_psum";
v000002b8921b2a30_0 .net "clk", 0 0, v000002b8922856e0_0;  alias, 1 drivers
v000002b8921b2710_0 .net "en_compute", 0 0, L_000002b8922eb268;  alias, 1 drivers
v000002b8921b2b70_0 .net "in_act", 7 0, L_000002b891dc3750;  alias, 1 drivers
v000002b8921b2d50_0 .net "in_psum", 31 0, L_000002b891dc3d70;  alias, 1 drivers
v000002b8921b2210_0 .net "in_weight", 7 0, L_000002b89234f670;  alias, 1 drivers
v000002b8921b22b0_0 .net "load_weight", 0 0, L_000002b89234f030;  alias, 1 drivers
v000002b8921b2490_0 .var "out_act", 7 0;
v000002b8921b23f0_0 .var "out_psum", 31 0;
v000002b8921a5330_0 .var/s "reg_weight", 7 0;
v000002b8921a4890_0 .net "rst_n", 0 0, L_000002b8920707f0;  alias, 1 drivers
S_000002b8921bc920 .scope generate, "COL_LOOP[6]" "COL_LOOP[6]" 9 55, 9 55 0, S_000002b8921b7e20;
 .timescale -9 -12;
P_000002b89208e210 .param/l "c" 0 9 55, +C4<0110>;
v000002b8921a5150_0 .net "pe_in_act", 7 0, L_000002b891dc2d40;  1 drivers
v000002b8921a4930_0 .net "pe_in_psum", 31 0, L_000002b891dc36e0;  1 drivers
v000002b8921a55b0_0 .net "pe_in_weight", 7 0, L_000002b89234e9f0;  1 drivers
v000002b8921a4070_0 .net "pe_load_en", 0 0, L_000002b89234f2b0;  1 drivers
S_000002b8921b8910 .scope generate, "genblk1" "genblk1" 9 61, 9 61 0, S_000002b8921bc920;
 .timescale -9 -12;
L_000002b891dc2d40 .functor BUFZ 8, v000002b8921b2490_0, C4<00000000>, C4<00000000>, C4<00000000>;
S_000002b8921bcab0 .scope generate, "genblk2" "genblk2" 9 72, 9 72 0, S_000002b8921bc920;
 .timescale -9 -12;
L_000002b891dc36e0 .functor BUFZ 32, v000002b8921a9110_0, C4<00000000000000000000000000000000>, C4<00000000000000000000000000000000>, C4<00000000000000000000000000000000>;
S_000002b8921bdbe0 .scope module, "pe_inst" "pe" 9 91, 10 12 0, S_000002b8921bc920;
 .timescale 0 0;
    .port_info 0 /INPUT 1 "clk";
    .port_info 1 /INPUT 1 "rst_n";
    .port_info 2 /INPUT 1 "en_compute";
    .port_info 3 /INPUT 1 "load_weight";
    .port_info 4 /INPUT 8 "in_act";
    .port_info 5 /INPUT 8 "in_weight";
    .port_info 6 /INPUT 32 "in_psum";
    .port_info 7 /OUTPUT 8 "out_act";
    .port_info 8 /OUTPUT 32 "out_psum";
v000002b8921a3c10_0 .net "clk", 0 0, v000002b8922856e0_0;  alias, 1 drivers
v000002b8921a3ad0_0 .net "en_compute", 0 0, L_000002b8922eb268;  alias, 1 drivers
v000002b8921a3df0_0 .net "in_act", 7 0, L_000002b891dc2d40;  alias, 1 drivers
v000002b8921a3530_0 .net "in_psum", 31 0, L_000002b891dc36e0;  alias, 1 drivers
v000002b8921a4bb0_0 .net "in_weight", 7 0, L_000002b89234e9f0;  alias, 1 drivers
v000002b8921a3b70_0 .net "load_weight", 0 0, L_000002b89234f2b0;  alias, 1 drivers
v000002b8921a4e30_0 .var "out_act", 7 0;
v000002b8921a47f0_0 .var "out_psum", 31 0;
v000002b8921a4a70_0 .var/s "reg_weight", 7 0;
v000002b8921a3210_0 .net "rst_n", 0 0, L_000002b8920707f0;  alias, 1 drivers
S_000002b8921bcc40 .scope generate, "COL_LOOP[7]" "COL_LOOP[7]" 9 55, 9 55 0, S_000002b8921b7e20;
 .timescale -9 -12;
P_000002b89208e890 .param/l "c" 0 9 55, +C4<0111>;
v000002b8921a3490_0 .net "pe_in_act", 7 0, L_000002b891dc2fe0;  1 drivers
v000002b8921a4f70_0 .net "pe_in_psum", 31 0, L_000002b891dc3c90;  1 drivers
v000002b8921a3e90_0 .net "pe_in_weight", 7 0, L_000002b89234f710;  1 drivers
v000002b8921a3f30_0 .net "pe_load_en", 0 0, L_000002b89234ea90;  1 drivers
S_000002b8921bcdd0 .scope generate, "genblk1" "genblk1" 9 61, 9 61 0, S_000002b8921bcc40;
 .timescale -9 -12;
L_000002b891dc2fe0 .functor BUFZ 8, v000002b8921a4e30_0, C4<00000000>, C4<00000000>, C4<00000000>;
S_000002b8921bcf60 .scope generate, "genblk2" "genblk2" 9 72, 9 72 0, S_000002b8921bcc40;
 .timescale -9 -12;
L_000002b891dc3c90 .functor BUFZ 32, v000002b8921ac4f0_0, C4<00000000000000000000000000000000>, C4<00000000000000000000000000000000>, C4<00000000000000000000000000000000>;
S_000002b8921bd0f0 .scope module, "pe_inst" "pe" 9 91, 10 12 0, S_000002b8921bcc40;
 .timescale 0 0;
    .port_info 0 /INPUT 1 "clk";
    .port_info 1 /INPUT 1 "rst_n";
    .port_info 2 /INPUT 1 "en_compute";
    .port_info 3 /INPUT 1 "load_weight";
    .port_info 4 /INPUT 8 "in_act";
    .port_info 5 /INPUT 8 "in_weight";
    .port_info 6 /INPUT 32 "in_psum";
    .port_info 7 /OUTPUT 8 "out_act";
    .port_info 8 /OUTPUT 32 "out_psum";
v000002b8921a58d0_0 .net "clk", 0 0, v000002b8922856e0_0;  alias, 1 drivers
v000002b8921a3d50_0 .net "en_compute", 0 0, L_000002b8922eb268;  alias, 1 drivers
v000002b8921a5510_0 .net "in_act", 7 0, L_000002b891dc2fe0;  alias, 1 drivers
v000002b8921a3670_0 .net "in_psum", 31 0, L_000002b891dc3c90;  alias, 1 drivers
v000002b8921a44d0_0 .net "in_weight", 7 0, L_000002b89234f710;  alias, 1 drivers
v000002b8921a4c50_0 .net "load_weight", 0 0, L_000002b89234ea90;  alias, 1 drivers
v000002b8921a5470_0 .var "out_act", 7 0;
v000002b8921a3a30_0 .var "out_psum", 31 0;
v000002b8921a3cb0_0 .var/s "reg_weight", 7 0;
v000002b8921a51f0_0 .net "rst_n", 0 0, L_000002b8920707f0;  alias, 1 drivers
S_000002b8921bd280 .scope generate, "COL_LOOP[8]" "COL_LOOP[8]" 9 55, 9 55 0, S_000002b8921b7e20;
 .timescale -9 -12;
P_000002b89208e9d0 .param/l "c" 0 9 55, +C4<01000>;
v000002b8921a4390_0 .net "pe_in_act", 7 0, L_000002b891dc3a60;  1 drivers
v000002b8921a4250_0 .net "pe_in_psum", 31 0, L_000002b891dc4550;  1 drivers
v000002b8921a4570_0 .net "pe_in_weight", 7 0, L_000002b89234f350;  1 drivers
v000002b8921a46b0_0 .net "pe_load_en", 0 0, L_000002b89234da50;  1 drivers
S_000002b8921bd410 .scope generate, "genblk1" "genblk1" 9 61, 9 61 0, S_000002b8921bd280;
 .timescale -9 -12;
L_000002b891dc3a60 .functor BUFZ 8, v000002b8921a5470_0, C4<00000000>, C4<00000000>, C4<00000000>;
S_000002b8921bd5a0 .scope generate, "genblk2" "genblk2" 9 72, 9 72 0, S_000002b8921bd280;
 .timescale -9 -12;
L_000002b891dc4550 .functor BUFZ 32, v000002b8921aaa10_0, C4<00000000000000000000000000000000>, C4<00000000000000000000000000000000>, C4<00000000000000000000000000000000>;
S_000002b8921bd730 .scope module, "pe_inst" "pe" 9 91, 10 12 0, S_000002b8921bd280;
 .timescale 0 0;
    .port_info 0 /INPUT 1 "clk";
    .port_info 1 /INPUT 1 "rst_n";
    .port_info 2 /INPUT 1 "en_compute";
    .port_info 3 /INPUT 1 "load_weight";
    .port_info 4 /INPUT 8 "in_act";
    .port_info 5 /INPUT 8 "in_weight";
    .port_info 6 /INPUT 32 "in_psum";
    .port_info 7 /OUTPUT 8 "out_act";
    .port_info 8 /OUTPUT 32 "out_psum";
v000002b8921a3710_0 .net "clk", 0 0, v000002b8922856e0_0;  alias, 1 drivers
v000002b8921a37b0_0 .net "en_compute", 0 0, L_000002b8922eb268;  alias, 1 drivers
v000002b8921a49d0_0 .net "in_act", 7 0, L_000002b891dc3a60;  alias, 1 drivers
v000002b8921a5290_0 .net "in_psum", 31 0, L_000002b891dc4550;  alias, 1 drivers
v000002b8921a4b10_0 .net "in_weight", 7 0, L_000002b89234f350;  alias, 1 drivers
v000002b8921a4110_0 .net "load_weight", 0 0, L_000002b89234da50;  alias, 1 drivers
v000002b8921a53d0_0 .var "out_act", 7 0;
v000002b8921a41b0_0 .var "out_psum", 31 0;
v000002b8921a3170_0 .var/s "reg_weight", 7 0;
v000002b8921a4430_0 .net "rst_n", 0 0, L_000002b8920707f0;  alias, 1 drivers
S_000002b8921bd8c0 .scope generate, "COL_LOOP[9]" "COL_LOOP[9]" 9 55, 9 55 0, S_000002b8921b7e20;
 .timescale -9 -12;
P_000002b89208ef50 .param/l "c" 0 9 55, +C4<01001>;
v000002b8921a38f0_0 .net "pe_in_act", 7 0, L_000002b891dc37c0;  1 drivers
v000002b8921a56f0_0 .net "pe_in_psum", 31 0, L_000002b891dc45c0;  1 drivers
v000002b8921c4680_0 .net "pe_in_weight", 7 0, L_000002b89234f3f0;  1 drivers
v000002b8921c42c0_0 .net "pe_load_en", 0 0, L_000002b89234d870;  1 drivers
S_000002b8921bda50 .scope generate, "genblk1" "genblk1" 9 61, 9 61 0, S_000002b8921bd8c0;
 .timescale -9 -12;
L_000002b891dc37c0 .functor BUFZ 8, v000002b8921a53d0_0, C4<00000000>, C4<00000000>, C4<00000000>;
S_000002b8921be9f0 .scope generate, "genblk2" "genblk2" 9 72, 9 72 0, S_000002b8921bd8c0;
 .timescale -9 -12;
L_000002b891dc45c0 .functor BUFZ 32, v000002b8921ab370_0, C4<00000000000000000000000000000000>, C4<00000000000000000000000000000000>, C4<00000000000000000000000000000000>;
S_000002b8921bf350 .scope module, "pe_inst" "pe" 9 91, 10 12 0, S_000002b8921bd8c0;
 .timescale 0 0;
    .port_info 0 /INPUT 1 "clk";
    .port_info 1 /INPUT 1 "rst_n";
    .port_info 2 /INPUT 1 "en_compute";
    .port_info 3 /INPUT 1 "load_weight";
    .port_info 4 /INPUT 8 "in_act";
    .port_info 5 /INPUT 8 "in_weight";
    .port_info 6 /INPUT 32 "in_psum";
    .port_info 7 /OUTPUT 8 "out_act";
    .port_info 8 /OUTPUT 32 "out_psum";
v000002b8921a4610_0 .net "clk", 0 0, v000002b8922856e0_0;  alias, 1 drivers
v000002b8921a32b0_0 .net "en_compute", 0 0, L_000002b8922eb268;  alias, 1 drivers
v000002b8921a3850_0 .net "in_act", 7 0, L_000002b891dc37c0;  alias, 1 drivers
v000002b8921a4750_0 .net "in_psum", 31 0, L_000002b891dc45c0;  alias, 1 drivers
v000002b8921a4d90_0 .net "in_weight", 7 0, L_000002b89234f3f0;  alias, 1 drivers
v000002b8921a4ed0_0 .net "load_weight", 0 0, L_000002b89234d870;  alias, 1 drivers
v000002b8921a50b0_0 .var "out_act", 7 0;
v000002b8921a5830_0 .var "out_psum", 31 0;
v000002b8921a5790_0 .var/s "reg_weight", 7 0;
v000002b8921a3350_0 .net "rst_n", 0 0, L_000002b8920707f0;  alias, 1 drivers
S_000002b8921beea0 .scope generate, "COL_LOOP[10]" "COL_LOOP[10]" 9 55, 9 55 0, S_000002b8921b7e20;
 .timescale -9 -12;
P_000002b89208e790 .param/l "c" 0 9 55, +C4<01010>;
v000002b8921c44a0_0 .net "pe_in_act", 7 0, L_000002b891dc3670;  1 drivers
v000002b8921c4e00_0 .net "pe_in_psum", 31 0, L_000002b891dc3980;  1 drivers
v000002b8921c33c0_0 .net "pe_in_weight", 7 0, L_000002b89234de10;  1 drivers
v000002b8921c4a40_0 .net "pe_load_en", 0 0, L_000002b89234db90;  1 drivers
S_000002b8921beb80 .scope generate, "genblk1" "genblk1" 9 61, 9 61 0, S_000002b8921beea0;
 .timescale -9 -12;
L_000002b891dc3670 .functor BUFZ 8, v000002b8921a50b0_0, C4<00000000>, C4<00000000>, C4<00000000>;
S_000002b8921be220 .scope generate, "genblk2" "genblk2" 9 72, 9 72 0, S_000002b8921beea0;
 .timescale -9 -12;
L_000002b891dc3980 .functor BUFZ 32, v000002b8921ac310_0, C4<00000000000000000000000000000000>, C4<00000000000000000000000000000000>, C4<00000000000000000000000000000000>;
S_000002b8921be090 .scope module, "pe_inst" "pe" 9 91, 10 12 0, S_000002b8921beea0;
 .timescale 0 0;
    .port_info 0 /INPUT 1 "clk";
    .port_info 1 /INPUT 1 "rst_n";
    .port_info 2 /INPUT 1 "en_compute";
    .port_info 3 /INPUT 1 "load_weight";
    .port_info 4 /INPUT 8 "in_act";
    .port_info 5 /INPUT 8 "in_weight";
    .port_info 6 /INPUT 32 "in_psum";
    .port_info 7 /OUTPUT 8 "out_act";
    .port_info 8 /OUTPUT 32 "out_psum";
v000002b8921c2ce0_0 .net "clk", 0 0, v000002b8922856e0_0;  alias, 1 drivers
v000002b8921c2d80_0 .net "en_compute", 0 0, L_000002b8922eb268;  alias, 1 drivers
v000002b8921c4fe0_0 .net "in_act", 7 0, L_000002b891dc3670;  alias, 1 drivers
v000002b8921c3aa0_0 .net "in_psum", 31 0, L_000002b891dc3980;  alias, 1 drivers
v000002b8921c4900_0 .net "in_weight", 7 0, L_000002b89234de10;  alias, 1 drivers
v000002b8921c49a0_0 .net "load_weight", 0 0, L_000002b89234db90;  alias, 1 drivers
v000002b8921c30a0_0 .var "out_act", 7 0;
v000002b8921c2e20_0 .var "out_psum", 31 0;
v000002b8921c5120_0 .var/s "reg_weight", 7 0;
v000002b8921c4d60_0 .net "rst_n", 0 0, L_000002b8920707f0;  alias, 1 drivers
S_000002b8921bf4e0 .scope generate, "COL_LOOP[11]" "COL_LOOP[11]" 9 55, 9 55 0, S_000002b8921b7e20;
 .timescale -9 -12;
P_000002b89208e850 .param/l "c" 0 9 55, +C4<01011>;
v000002b8921c3780_0 .net "pe_in_act", 7 0, L_000002b891dc2e90;  1 drivers
v000002b8921c4f40_0 .net "pe_in_psum", 31 0, L_000002b891dc3ad0;  1 drivers
v000002b8921c3460_0 .net "pe_in_weight", 7 0, L_000002b89234d910;  1 drivers
v000002b8921c2b00_0 .net "pe_load_en", 0 0, L_000002b89234d0f0;  1 drivers
S_000002b8921be6d0 .scope generate, "genblk1" "genblk1" 9 61, 9 61 0, S_000002b8921bf4e0;
 .timescale -9 -12;
L_000002b891dc2e90 .functor BUFZ 8, v000002b8921c30a0_0, C4<00000000>, C4<00000000>, C4<00000000>;
S_000002b8921be860 .scope generate, "genblk2" "genblk2" 9 72, 9 72 0, S_000002b8921bf4e0;
 .timescale -9 -12;
L_000002b891dc3ad0 .functor BUFZ 32, v000002b8921ad670_0, C4<00000000000000000000000000000000>, C4<00000000000000000000000000000000>, C4<00000000000000000000000000000000>;
S_000002b8921bf030 .scope module, "pe_inst" "pe" 9 91, 10 12 0, S_000002b8921bf4e0;
 .timescale 0 0;
    .port_info 0 /INPUT 1 "clk";
    .port_info 1 /INPUT 1 "rst_n";
    .port_info 2 /INPUT 1 "en_compute";
    .port_info 3 /INPUT 1 "load_weight";
    .port_info 4 /INPUT 8 "in_act";
    .port_info 5 /INPUT 8 "in_weight";
    .port_info 6 /INPUT 32 "in_psum";
    .port_info 7 /OUTPUT 8 "out_act";
    .port_info 8 /OUTPUT 32 "out_psum";
v000002b8921c3d20_0 .net "clk", 0 0, v000002b8922856e0_0;  alias, 1 drivers
v000002b8921c2ec0_0 .net "en_compute", 0 0, L_000002b8922eb268;  alias, 1 drivers
v000002b8921c4040_0 .net "in_act", 7 0, L_000002b891dc2e90;  alias, 1 drivers
v000002b8921c3a00_0 .net "in_psum", 31 0, L_000002b891dc3ad0;  alias, 1 drivers
v000002b8921c4cc0_0 .net "in_weight", 7 0, L_000002b89234d910;  alias, 1 drivers
v000002b8921c3dc0_0 .net "load_weight", 0 0, L_000002b89234d0f0;  alias, 1 drivers
v000002b8921c4ea0_0 .var "out_act", 7 0;
v000002b8921c36e0_0 .var "out_psum", 31 0;
v000002b8921c3b40_0 .var/s "reg_weight", 7 0;
v000002b8921c4540_0 .net "rst_n", 0 0, L_000002b8920707f0;  alias, 1 drivers
S_000002b8921bf670 .scope generate, "COL_LOOP[12]" "COL_LOOP[12]" 9 55, 9 55 0, S_000002b8921b7e20;
 .timescale -9 -12;
P_000002b89208e750 .param/l "c" 0 9 55, +C4<01100>;
v000002b8921c29c0_0 .net "pe_in_act", 7 0, L_000002b891dc3de0;  1 drivers
v000002b8921c2f60_0 .net "pe_in_psum", 31 0, L_000002b891dc32f0;  1 drivers
v000002b8921c2c40_0 .net "pe_in_weight", 7 0, L_000002b89234d230;  1 drivers
v000002b8921c3820_0 .net "pe_load_en", 0 0, L_000002b89234deb0;  1 drivers
S_000002b8921bf1c0 .scope generate, "genblk1" "genblk1" 9 61, 9 61 0, S_000002b8921bf670;
 .timescale -9 -12;
L_000002b891dc3de0 .functor BUFZ 8, v000002b8921c4ea0_0, C4<00000000>, C4<00000000>, C4<00000000>;
S_000002b8921bed10 .scope generate, "genblk2" "genblk2" 9 72, 9 72 0, S_000002b8921bf670;
 .timescale -9 -12;
L_000002b891dc32f0 .functor BUFZ 32, v000002b8921ae4d0_0, C4<00000000000000000000000000000000>, C4<00000000000000000000000000000000>, C4<00000000000000000000000000000000>;
S_000002b8921bdf00 .scope module, "pe_inst" "pe" 9 91, 10 12 0, S_000002b8921bf670;
 .timescale 0 0;
    .port_info 0 /INPUT 1 "clk";
    .port_info 1 /INPUT 1 "rst_n";
    .port_info 2 /INPUT 1 "en_compute";
    .port_info 3 /INPUT 1 "load_weight";
    .port_info 4 /INPUT 8 "in_act";
    .port_info 5 /INPUT 8 "in_weight";
    .port_info 6 /INPUT 32 "in_psum";
    .port_info 7 /OUTPUT 8 "out_act";
    .port_info 8 /OUTPUT 32 "out_psum";
v000002b8921c3e60_0 .net "clk", 0 0, v000002b8922856e0_0;  alias, 1 drivers
v000002b8921c4ae0_0 .net "en_compute", 0 0, L_000002b8922eb268;  alias, 1 drivers
v000002b8921c3f00_0 .net "in_act", 7 0, L_000002b891dc3de0;  alias, 1 drivers
v000002b8921c3500_0 .net "in_psum", 31 0, L_000002b891dc32f0;  alias, 1 drivers
v000002b8921c4c20_0 .net "in_weight", 7 0, L_000002b89234d230;  alias, 1 drivers
v000002b8921c3be0_0 .net "load_weight", 0 0, L_000002b89234deb0;  alias, 1 drivers
v000002b8921c5080_0 .var "out_act", 7 0;
v000002b8921c35a0_0 .var "out_psum", 31 0;
v000002b8921c40e0_0 .var/s "reg_weight", 7 0;
v000002b8921c4720_0 .net "rst_n", 0 0, L_000002b8920707f0;  alias, 1 drivers
S_000002b8921bdd70 .scope generate, "COL_LOOP[13]" "COL_LOOP[13]" 9 55, 9 55 0, S_000002b8921b7e20;
 .timescale -9 -12;
P_000002b89208f090 .param/l "c" 0 9 55, +C4<01101>;
v000002b8921c47c0_0 .net "pe_in_act", 7 0, L_000002b891dc2f00;  1 drivers
v000002b8921c4860_0 .net "pe_in_psum", 31 0, L_000002b891dc2f70;  1 drivers
v000002b8921c4b80_0 .net "pe_in_weight", 7 0, L_000002b89234d2d0;  1 drivers
v000002b8921c3280_0 .net "pe_load_en", 0 0, L_000002b89234d370;  1 drivers
S_000002b8921be3b0 .scope generate, "genblk1" "genblk1" 9 61, 9 61 0, S_000002b8921bdd70;
 .timescale -9 -12;
L_000002b891dc2f00 .functor BUFZ 8, v000002b8921c5080_0, C4<00000000>, C4<00000000>, C4<00000000>;
S_000002b8921be540 .scope generate, "genblk2" "genblk2" 9 72, 9 72 0, S_000002b8921bdd70;
 .timescale -9 -12;
L_000002b891dc2f70 .functor BUFZ 32, v000002b8921ae750_0, C4<00000000000000000000000000000000>, C4<00000000000000000000000000000000>, C4<00000000000000000000000000000000>;
S_000002b8921d6be0 .scope module, "pe_inst" "pe" 9 91, 10 12 0, S_000002b8921bdd70;
 .timescale 0 0;
    .port_info 0 /INPUT 1 "clk";
    .port_info 1 /INPUT 1 "rst_n";
    .port_info 2 /INPUT 1 "en_compute";
    .port_info 3 /INPUT 1 "load_weight";
    .port_info 4 /INPUT 8 "in_act";
    .port_info 5 /INPUT 8 "in_weight";
    .port_info 6 /INPUT 32 "in_psum";
    .port_info 7 /OUTPUT 8 "out_act";
    .port_info 8 /OUTPUT 32 "out_psum";
v000002b8921c3fa0_0 .net "clk", 0 0, v000002b8922856e0_0;  alias, 1 drivers
v000002b8921c3140_0 .net "en_compute", 0 0, L_000002b8922eb268;  alias, 1 drivers
v000002b8921c4360_0 .net "in_act", 7 0, L_000002b891dc2f00;  alias, 1 drivers
v000002b8921c2a60_0 .net "in_psum", 31 0, L_000002b891dc2f70;  alias, 1 drivers
v000002b8921c2ba0_0 .net "in_weight", 7 0, L_000002b89234d2d0;  alias, 1 drivers
v000002b8921c4180_0 .net "load_weight", 0 0, L_000002b89234d370;  alias, 1 drivers
v000002b8921c3000_0 .var "out_act", 7 0;
v000002b8921c4220_0 .var "out_psum", 31 0;
v000002b8921c38c0_0 .var/s "reg_weight", 7 0;
v000002b8921c31e0_0 .net "rst_n", 0 0, L_000002b8920707f0;  alias, 1 drivers
S_000002b8921d7220 .scope generate, "COL_LOOP[14]" "COL_LOOP[14]" 9 55, 9 55 0, S_000002b8921b7e20;
 .timescale -9 -12;
P_000002b89208e250 .param/l "c" 0 9 55, +C4<01110>;
v000002b8921c6480_0 .net "pe_in_act", 7 0, L_000002b891dc3050;  1 drivers
v000002b8921c7600_0 .net "pe_in_psum", 31 0, L_000002b891dc30c0;  1 drivers
v000002b8921c6200_0 .net "pe_in_weight", 7 0, L_000002b89234d410;  1 drivers
v000002b8921c5800_0 .net "pe_load_en", 0 0, L_000002b89234d4b0;  1 drivers
S_000002b8921d73b0 .scope generate, "genblk1" "genblk1" 9 61, 9 61 0, S_000002b8921d7220;
 .timescale -9 -12;
L_000002b891dc3050 .functor BUFZ 8, v000002b8921c3000_0, C4<00000000>, C4<00000000>, C4<00000000>;
S_000002b8921d7d10 .scope generate, "genblk2" "genblk2" 9 72, 9 72 0, S_000002b8921d7220;
 .timescale -9 -12;
L_000002b891dc30c0 .functor BUFZ 32, v000002b8921adf30_0, C4<00000000000000000000000000000000>, C4<00000000000000000000000000000000>, C4<00000000000000000000000000000000>;
S_000002b8921d6d70 .scope module, "pe_inst" "pe" 9 91, 10 12 0, S_000002b8921d7220;
 .timescale 0 0;
    .port_info 0 /INPUT 1 "clk";
    .port_info 1 /INPUT 1 "rst_n";
    .port_info 2 /INPUT 1 "en_compute";
    .port_info 3 /INPUT 1 "load_weight";
    .port_info 4 /INPUT 8 "in_act";
    .port_info 5 /INPUT 8 "in_weight";
    .port_info 6 /INPUT 32 "in_psum";
    .port_info 7 /OUTPUT 8 "out_act";
    .port_info 8 /OUTPUT 32 "out_psum";
v000002b8921c3960_0 .net "clk", 0 0, v000002b8922856e0_0;  alias, 1 drivers
v000002b8921c6b60_0 .net "en_compute", 0 0, L_000002b8922eb268;  alias, 1 drivers
v000002b8921c7100_0 .net "in_act", 7 0, L_000002b891dc3050;  alias, 1 drivers
v000002b8921c71a0_0 .net "in_psum", 31 0, L_000002b891dc30c0;  alias, 1 drivers
v000002b8921c7740_0 .net "in_weight", 7 0, L_000002b89234d410;  alias, 1 drivers
v000002b8921c6020_0 .net "load_weight", 0 0, L_000002b89234d4b0;  alias, 1 drivers
v000002b8921c5b20_0 .var "out_act", 7 0;
v000002b8921c7560_0 .var "out_psum", 31 0;
v000002b8921c7240_0 .var/s "reg_weight", 7 0;
v000002b8921c6520_0 .net "rst_n", 0 0, L_000002b8920707f0;  alias, 1 drivers
S_000002b8921d6f00 .scope generate, "COL_LOOP[15]" "COL_LOOP[15]" 9 55, 9 55 0, S_000002b8921b7e20;
 .timescale -9 -12;
P_000002b89208e8d0 .param/l "c" 0 9 55, +C4<01111>;
v000002b8921c7880_0 .net "pe_in_act", 7 0, L_000002b891dc3210;  1 drivers
v000002b8921c67a0_0 .net "pe_in_psum", 31 0, L_000002b891dc33d0;  1 drivers
v000002b8921c5d00_0 .net "pe_in_weight", 7 0, L_000002b89234d690;  1 drivers
v000002b8921c7920_0 .net "pe_load_en", 0 0, L_000002b89234f990;  1 drivers
S_000002b8921d7b80 .scope generate, "genblk1" "genblk1" 9 61, 9 61 0, S_000002b8921d6f00;
 .timescale -9 -12;
L_000002b891dc3210 .functor BUFZ 8, v000002b8921c5b20_0, C4<00000000>, C4<00000000>, C4<00000000>;
S_000002b8921d7090 .scope generate, "genblk2" "genblk2" 9 72, 9 72 0, S_000002b8921d6f00;
 .timescale -9 -12;
L_000002b891dc33d0 .functor BUFZ 32, v000002b8921af510_0, C4<00000000000000000000000000000000>, C4<00000000000000000000000000000000>, C4<00000000000000000000000000000000>;
S_000002b8921d6730 .scope module, "pe_inst" "pe" 9 91, 10 12 0, S_000002b8921d6f00;
 .timescale 0 0;
    .port_info 0 /INPUT 1 "clk";
    .port_info 1 /INPUT 1 "rst_n";
    .port_info 2 /INPUT 1 "en_compute";
    .port_info 3 /INPUT 1 "load_weight";
    .port_info 4 /INPUT 8 "in_act";
    .port_info 5 /INPUT 8 "in_weight";
    .port_info 6 /INPUT 32 "in_psum";
    .port_info 7 /OUTPUT 8 "out_act";
    .port_info 8 /OUTPUT 32 "out_psum";
v000002b8921c6660_0 .net "clk", 0 0, v000002b8922856e0_0;  alias, 1 drivers
v000002b8921c65c0_0 .net "en_compute", 0 0, L_000002b8922eb268;  alias, 1 drivers
v000002b8921c74c0_0 .net "in_act", 7 0, L_000002b891dc3210;  alias, 1 drivers
v000002b8921c6700_0 .net "in_psum", 31 0, L_000002b891dc33d0;  alias, 1 drivers
v000002b8921c6c00_0 .net "in_weight", 7 0, L_000002b89234d690;  alias, 1 drivers
v000002b8921c6340_0 .net "load_weight", 0 0, L_000002b89234f990;  alias, 1 drivers
v000002b8921c5620_0 .var "out_act", 7 0;
v000002b8921c6ca0_0 .var "out_psum", 31 0;
v000002b8921c58a0_0 .var/s "reg_weight", 7 0;
v000002b8921c77e0_0 .net "rst_n", 0 0, L_000002b8920707f0;  alias, 1 drivers
S_000002b8921d79f0 .scope generate, "ROW_LOOP[5]" "ROW_LOOP[5]" 9 54, 9 54 0, S_000002b89217d0b0;
 .timescale -9 -12;
P_000002b89208e910 .param/l "r" 0 9 54, +C4<0101>;
S_000002b8921d7540 .scope generate, "COL_LOOP[0]" "COL_LOOP[0]" 9 55, 9 55 0, S_000002b8921d79f0;
 .timescale -9 -12;
P_000002b89208e990 .param/l "c" 0 9 55, +C4<00>;
v000002b8921c62a0_0 .net "pe_in_act", 7 0, L_000002b892351dd0;  1 drivers
v000002b8921c6de0_0 .net "pe_in_psum", 31 0, L_000002b891dc3590;  1 drivers
v000002b8921c5c60_0 .net "pe_in_weight", 7 0, L_000002b8923518d0;  1 drivers
v000002b8921c5760_0 .net "pe_load_en", 0 0, L_000002b892351fb0;  1 drivers
S_000002b8921d76d0 .scope generate, "genblk1" "genblk1" 9 61, 9 61 0, S_000002b8921d7540;
 .timescale -9 -12;
S_000002b8921d7ea0 .scope generate, "genblk2" "genblk2" 9 72, 9 72 0, S_000002b8921d7540;
 .timescale -9 -12;
L_000002b891dc3590 .functor BUFZ 32, v000002b8921af970_0, C4<00000000000000000000000000000000>, C4<00000000000000000000000000000000>, C4<00000000000000000000000000000000>;
S_000002b8921d7860 .scope module, "pe_inst" "pe" 9 91, 10 12 0, S_000002b8921d7540;
 .timescale 0 0;
    .port_info 0 /INPUT 1 "clk";
    .port_info 1 /INPUT 1 "rst_n";
    .port_info 2 /INPUT 1 "en_compute";
    .port_info 3 /INPUT 1 "load_weight";
    .port_info 4 /INPUT 8 "in_act";
    .port_info 5 /INPUT 8 "in_weight";
    .port_info 6 /INPUT 32 "in_psum";
    .port_info 7 /OUTPUT 8 "out_act";
    .port_info 8 /OUTPUT 32 "out_psum";
v000002b8921c63e0_0 .net "clk", 0 0, v000002b8922856e0_0;  alias, 1 drivers
v000002b8921c51c0_0 .net "en_compute", 0 0, L_000002b8922eb268;  alias, 1 drivers
v000002b8921c7380_0 .net "in_act", 7 0, L_000002b892351dd0;  alias, 1 drivers
v000002b8921c6980_0 .net "in_psum", 31 0, L_000002b891dc3590;  alias, 1 drivers
v000002b8921c5260_0 .net "in_weight", 7 0, L_000002b8923518d0;  alias, 1 drivers
v000002b8921c6840_0 .net "load_weight", 0 0, L_000002b892351fb0;  alias, 1 drivers
v000002b8921c5bc0_0 .var "out_act", 7 0;
v000002b8921c6a20_0 .var "out_psum", 31 0;
v000002b8921c5300_0 .var/s "reg_weight", 7 0;
v000002b8921c56c0_0 .net "rst_n", 0 0, L_000002b8920707f0;  alias, 1 drivers
S_000002b8921d65a0 .scope generate, "COL_LOOP[1]" "COL_LOOP[1]" 9 55, 9 55 0, S_000002b8921d79f0;
 .timescale -9 -12;
P_000002b89208ea10 .param/l "c" 0 9 55, +C4<01>;
v000002b8921c5e40_0 .net "pe_in_act", 7 0, L_000002b891dc3e50;  1 drivers
v000002b8921c6e80_0 .net "pe_in_psum", 31 0, L_000002b891dc4240;  1 drivers
v000002b8921c5ee0_0 .net "pe_in_weight", 7 0, L_000002b892350610;  1 drivers
v000002b8921c72e0_0 .net "pe_load_en", 0 0, L_000002b892351510;  1 drivers
S_000002b8921d68c0 .scope generate, "genblk1" "genblk1" 9 61, 9 61 0, S_000002b8921d65a0;
 .timescale -9 -12;
L_000002b891dc3e50 .functor BUFZ 8, v000002b8921c5bc0_0, C4<00000000>, C4<00000000>, C4<00000000>;
S_000002b8921d6a50 .scope generate, "genblk2" "genblk2" 9 72, 9 72 0, S_000002b8921d65a0;
 .timescale -9 -12;
L_000002b891dc4240 .functor BUFZ 32, v000002b8921b02d0_0, C4<00000000000000000000000000000000>, C4<00000000000000000000000000000000>, C4<00000000000000000000000000000000>;
S_000002b8921d1140 .scope module, "pe_inst" "pe" 9 91, 10 12 0, S_000002b8921d65a0;
 .timescale 0 0;
    .port_info 0 /INPUT 1 "clk";
    .port_info 1 /INPUT 1 "rst_n";
    .port_info 2 /INPUT 1 "en_compute";
    .port_info 3 /INPUT 1 "load_weight";
    .port_info 4 /INPUT 8 "in_act";
    .port_info 5 /INPUT 8 "in_weight";
    .port_info 6 /INPUT 32 "in_psum";
    .port_info 7 /OUTPUT 8 "out_act";
    .port_info 8 /OUTPUT 32 "out_psum";
v000002b8921c6ac0_0 .net "clk", 0 0, v000002b8922856e0_0;  alias, 1 drivers
v000002b8921c54e0_0 .net "en_compute", 0 0, L_000002b8922eb268;  alias, 1 drivers
v000002b8921c5940_0 .net "in_act", 7 0, L_000002b891dc3e50;  alias, 1 drivers
v000002b8921c5da0_0 .net "in_psum", 31 0, L_000002b891dc4240;  alias, 1 drivers
v000002b8921c5580_0 .net "in_weight", 7 0, L_000002b892350610;  alias, 1 drivers
v000002b8921c6d40_0 .net "load_weight", 0 0, L_000002b892351510;  alias, 1 drivers
v000002b8921c59e0_0 .var "out_act", 7 0;
v000002b8921c53a0_0 .var "out_psum", 31 0;
v000002b8921c5440_0 .var/s "reg_weight", 7 0;
v000002b8921c5a80_0 .net "rst_n", 0 0, L_000002b8920707f0;  alias, 1 drivers
S_000002b8921d3850 .scope generate, "COL_LOOP[2]" "COL_LOOP[2]" 9 55, 9 55 0, S_000002b8921d79f0;
 .timescale -9 -12;
P_000002b89208e290 .param/l "c" 0 9 55, +C4<010>;
v000002b8921c8500_0 .net "pe_in_act", 7 0, L_000002b891dc3440;  1 drivers
v000002b8921c8c80_0 .net "pe_in_psum", 31 0, L_000002b891dc3830;  1 drivers
v000002b8921c7d80_0 .net "pe_in_weight", 7 0, L_000002b892350570;  1 drivers
v000002b8921ca120_0 .net "pe_load_en", 0 0, L_000002b892351330;  1 drivers
S_000002b8921d3d00 .scope generate, "genblk1" "genblk1" 9 61, 9 61 0, S_000002b8921d3850;
 .timescale -9 -12;
L_000002b891dc3440 .functor BUFZ 8, v000002b8921c59e0_0, C4<00000000>, C4<00000000>, C4<00000000>;
S_000002b8921d12d0 .scope generate, "genblk2" "genblk2" 9 72, 9 72 0, S_000002b8921d3850;
 .timescale -9 -12;
L_000002b891dc3830 .functor BUFZ 32, v000002b8921b0a50_0, C4<00000000000000000000000000000000>, C4<00000000000000000000000000000000>, C4<00000000000000000000000000000000>;
S_000002b8921d2720 .scope module, "pe_inst" "pe" 9 91, 10 12 0, S_000002b8921d3850;
 .timescale 0 0;
    .port_info 0 /INPUT 1 "clk";
    .port_info 1 /INPUT 1 "rst_n";
    .port_info 2 /INPUT 1 "en_compute";
    .port_info 3 /INPUT 1 "load_weight";
    .port_info 4 /INPUT 8 "in_act";
    .port_info 5 /INPUT 8 "in_weight";
    .port_info 6 /INPUT 32 "in_psum";
    .port_info 7 /OUTPUT 8 "out_act";
    .port_info 8 /OUTPUT 32 "out_psum";
v000002b8921c5f80_0 .net "clk", 0 0, v000002b8922856e0_0;  alias, 1 drivers
v000002b8921c6fc0_0 .net "en_compute", 0 0, L_000002b8922eb268;  alias, 1 drivers
v000002b8921c60c0_0 .net "in_act", 7 0, L_000002b891dc3440;  alias, 1 drivers
v000002b8921c7420_0 .net "in_psum", 31 0, L_000002b891dc3830;  alias, 1 drivers
v000002b8921c6160_0 .net "in_weight", 7 0, L_000002b892350570;  alias, 1 drivers
v000002b8921c7e20_0 .net "load_weight", 0 0, L_000002b892351330;  alias, 1 drivers
v000002b8921c9900_0 .var "out_act", 7 0;
v000002b8921c8460_0 .var "out_psum", 31 0;
v000002b8921c7a60_0 .var/s "reg_weight", 7 0;
v000002b8921c9ea0_0 .net "rst_n", 0 0, L_000002b8920707f0;  alias, 1 drivers
S_000002b8921d1910 .scope generate, "COL_LOOP[3]" "COL_LOOP[3]" 9 55, 9 55 0, S_000002b8921d79f0;
 .timescale -9 -12;
P_000002b89208ed50 .param/l "c" 0 9 55, +C4<011>;
v000002b8921c7f60_0 .net "pe_in_act", 7 0, L_000002b891dc4080;  1 drivers
v000002b8921c8320_0 .net "pe_in_psum", 31 0, L_000002b891dc3b40;  1 drivers
v000002b8921c85a0_0 .net "pe_in_weight", 7 0, L_000002b8923513d0;  1 drivers
v000002b8921c8d20_0 .net "pe_load_en", 0 0, L_000002b892350750;  1 drivers
S_000002b8921d0fb0 .scope generate, "genblk1" "genblk1" 9 61, 9 61 0, S_000002b8921d1910;
 .timescale -9 -12;
L_000002b891dc4080 .functor BUFZ 8, v000002b8921c9900_0, C4<00000000>, C4<00000000>, C4<00000000>;
S_000002b8921d0b00 .scope generate, "genblk2" "genblk2" 9 72, 9 72 0, S_000002b8921d1910;
 .timescale -9 -12;
L_000002b891dc3b40 .functor BUFZ 32, v000002b8921b18b0_0, C4<00000000000000000000000000000000>, C4<00000000000000000000000000000000>, C4<00000000000000000000000000000000>;
S_000002b8921d01a0 .scope module, "pe_inst" "pe" 9 91, 10 12 0, S_000002b8921d1910;
 .timescale 0 0;
    .port_info 0 /INPUT 1 "clk";
    .port_info 1 /INPUT 1 "rst_n";
    .port_info 2 /INPUT 1 "en_compute";
    .port_info 3 /INPUT 1 "load_weight";
    .port_info 4 /INPUT 8 "in_act";
    .port_info 5 /INPUT 8 "in_weight";
    .port_info 6 /INPUT 32 "in_psum";
    .port_info 7 /OUTPUT 8 "out_act";
    .port_info 8 /OUTPUT 32 "out_psum";
v000002b8921c9e00_0 .net "clk", 0 0, v000002b8922856e0_0;  alias, 1 drivers
v000002b8921c9a40_0 .net "en_compute", 0 0, L_000002b8922eb268;  alias, 1 drivers
v000002b8921c9f40_0 .net "in_act", 7 0, L_000002b891dc4080;  alias, 1 drivers
v000002b8921c8820_0 .net "in_psum", 31 0, L_000002b891dc3b40;  alias, 1 drivers
v000002b8921c94a0_0 .net "in_weight", 7 0, L_000002b8923513d0;  alias, 1 drivers
v000002b8921c9720_0 .net "load_weight", 0 0, L_000002b892350750;  alias, 1 drivers
v000002b8921c9fe0_0 .var "out_act", 7 0;
v000002b8921c83c0_0 .var "out_psum", 31 0;
v000002b8921c97c0_0 .var/s "reg_weight", 7 0;
v000002b8921c9360_0 .net "rst_n", 0 0, L_000002b8920707f0;  alias, 1 drivers
S_000002b8921d2270 .scope generate, "COL_LOOP[4]" "COL_LOOP[4]" 9 55, 9 55 0, S_000002b8921d79f0;
 .timescale -9 -12;
P_000002b89208ec90 .param/l "c" 0 9 55, +C4<0100>;
v000002b8921c9540_0 .net "pe_in_act", 7 0, L_000002b891dc3bb0;  1 drivers
v000002b8921c99a0_0 .net "pe_in_psum", 31 0, L_000002b891dc3ec0;  1 drivers
v000002b8921c8640_0 .net "pe_in_weight", 7 0, L_000002b892351470;  1 drivers
v000002b8921c8780_0 .net "pe_load_en", 0 0, L_000002b89234ffd0;  1 drivers
S_000002b8921d3e90 .scope generate, "genblk1" "genblk1" 9 61, 9 61 0, S_000002b8921d2270;
 .timescale -9 -12;
L_000002b891dc3bb0 .functor BUFZ 8, v000002b8921c9fe0_0, C4<00000000>, C4<00000000>, C4<00000000>;
S_000002b8921d20e0 .scope generate, "genblk2" "genblk2" 9 72, 9 72 0, S_000002b8921d2270;
 .timescale -9 -12;
L_000002b891dc3ec0 .functor BUFZ 32, v000002b8921b2530_0, C4<00000000000000000000000000000000>, C4<00000000000000000000000000000000>, C4<00000000000000000000000000000000>;
S_000002b8921d3b70 .scope module, "pe_inst" "pe" 9 91, 10 12 0, S_000002b8921d2270;
 .timescale 0 0;
    .port_info 0 /INPUT 1 "clk";
    .port_info 1 /INPUT 1 "rst_n";
    .port_info 2 /INPUT 1 "en_compute";
    .port_info 3 /INPUT 1 "load_weight";
    .port_info 4 /INPUT 8 "in_act";
    .port_info 5 /INPUT 8 "in_weight";
    .port_info 6 /INPUT 32 "in_psum";
    .port_info 7 /OUTPUT 8 "out_act";
    .port_info 8 /OUTPUT 32 "out_psum";
v000002b8921c8a00_0 .net "clk", 0 0, v000002b8922856e0_0;  alias, 1 drivers
v000002b8921c8aa0_0 .net "en_compute", 0 0, L_000002b8922eb268;  alias, 1 drivers
v000002b8921c8000_0 .net "in_act", 7 0, L_000002b891dc3bb0;  alias, 1 drivers
v000002b8921c7ce0_0 .net "in_psum", 31 0, L_000002b891dc3ec0;  alias, 1 drivers
v000002b8921c9ae0_0 .net "in_weight", 7 0, L_000002b892351470;  alias, 1 drivers
v000002b8921c79c0_0 .net "load_weight", 0 0, L_000002b89234ffd0;  alias, 1 drivers
v000002b8921c8dc0_0 .var "out_act", 7 0;
v000002b8921c86e0_0 .var "out_psum", 31 0;
v000002b8921c9d60_0 .var/s "reg_weight", 7 0;
v000002b8921c9860_0 .net "rst_n", 0 0, L_000002b8920707f0;  alias, 1 drivers
S_000002b8921d2a40 .scope generate, "COL_LOOP[5]" "COL_LOOP[5]" 9 55, 9 55 0, S_000002b8921d79f0;
 .timescale -9 -12;
P_000002b89208e6d0 .param/l "c" 0 9 55, +C4<0101>;
v000002b8921c80a0_0 .net "pe_in_act", 7 0, L_000002b891dc3f30;  1 drivers
v000002b8921c81e0_0 .net "pe_in_psum", 31 0, L_000002b891dc3fa0;  1 drivers
v000002b8921c8960_0 .net "pe_in_weight", 7 0, L_000002b892350250;  1 drivers
v000002b8921c8280_0 .net "pe_load_en", 0 0, L_000002b8923515b0;  1 drivers
S_000002b8921d4020 .scope generate, "genblk1" "genblk1" 9 61, 9 61 0, S_000002b8921d2a40;
 .timescale -9 -12;
L_000002b891dc3f30 .functor BUFZ 8, v000002b8921c8dc0_0, C4<00000000>, C4<00000000>, C4<00000000>;
S_000002b8921d3530 .scope generate, "genblk2" "genblk2" 9 72, 9 72 0, S_000002b8921d2a40;
 .timescale -9 -12;
L_000002b891dc3fa0 .functor BUFZ 32, v000002b8921b23f0_0, C4<00000000000000000000000000000000>, C4<00000000000000000000000000000000>, C4<00000000000000000000000000000000>;
S_000002b8921d2ef0 .scope module, "pe_inst" "pe" 9 91, 10 12 0, S_000002b8921d2a40;
 .timescale 0 0;
    .port_info 0 /INPUT 1 "clk";
    .port_info 1 /INPUT 1 "rst_n";
    .port_info 2 /INPUT 1 "en_compute";
    .port_info 3 /INPUT 1 "load_weight";
    .port_info 4 /INPUT 8 "in_act";
    .port_info 5 /INPUT 8 "in_weight";
    .port_info 6 /INPUT 32 "in_psum";
    .port_info 7 /OUTPUT 8 "out_act";
    .port_info 8 /OUTPUT 32 "out_psum";
v000002b8921c9b80_0 .net "clk", 0 0, v000002b8922856e0_0;  alias, 1 drivers
v000002b8921c8f00_0 .net "en_compute", 0 0, L_000002b8922eb268;  alias, 1 drivers
v000002b8921c8140_0 .net "in_act", 7 0, L_000002b891dc3f30;  alias, 1 drivers
v000002b8921c8b40_0 .net "in_psum", 31 0, L_000002b891dc3fa0;  alias, 1 drivers
v000002b8921c7ba0_0 .net "in_weight", 7 0, L_000002b892350250;  alias, 1 drivers
v000002b8921c7c40_0 .net "load_weight", 0 0, L_000002b8923515b0;  alias, 1 drivers
v000002b8921c9c20_0 .var "out_act", 7 0;
v000002b8921c9cc0_0 .var "out_psum", 31 0;
v000002b8921c88c0_0 .var/s "reg_weight", 7 0;
v000002b8921c8fa0_0 .net "rst_n", 0 0, L_000002b8920707f0;  alias, 1 drivers
S_000002b8921d0650 .scope generate, "COL_LOOP[6]" "COL_LOOP[6]" 9 55, 9 55 0, S_000002b8921d79f0;
 .timescale -9 -12;
P_000002b89208ed10 .param/l "c" 0 9 55, +C4<0110>;
v000002b8921cb200_0 .net "pe_in_act", 7 0, L_000002b891dc4010;  1 drivers
v000002b8921cc920_0 .net "pe_in_psum", 31 0, L_000002b891dc41d0;  1 drivers
v000002b8921cabc0_0 .net "pe_in_weight", 7 0, L_000002b8923510b0;  1 drivers
v000002b8921cb660_0 .net "pe_load_en", 0 0, L_000002b89234fcb0;  1 drivers
S_000002b8921d1460 .scope generate, "genblk1" "genblk1" 9 61, 9 61 0, S_000002b8921d0650;
 .timescale -9 -12;
L_000002b891dc4010 .functor BUFZ 8, v000002b8921c9c20_0, C4<00000000>, C4<00000000>, C4<00000000>;
S_000002b8921d2590 .scope generate, "genblk2" "genblk2" 9 72, 9 72 0, S_000002b8921d0650;
 .timescale -9 -12;
L_000002b891dc41d0 .functor BUFZ 32, v000002b8921a47f0_0, C4<00000000000000000000000000000000>, C4<00000000000000000000000000000000>, C4<00000000000000000000000000000000>;
S_000002b8921d2d60 .scope module, "pe_inst" "pe" 9 91, 10 12 0, S_000002b8921d0650;
 .timescale 0 0;
    .port_info 0 /INPUT 1 "clk";
    .port_info 1 /INPUT 1 "rst_n";
    .port_info 2 /INPUT 1 "en_compute";
    .port_info 3 /INPUT 1 "load_weight";
    .port_info 4 /INPUT 8 "in_act";
    .port_info 5 /INPUT 8 "in_weight";
    .port_info 6 /INPUT 32 "in_psum";
    .port_info 7 /OUTPUT 8 "out_act";
    .port_info 8 /OUTPUT 32 "out_psum";
v000002b8921c8e60_0 .net "clk", 0 0, v000002b8922856e0_0;  alias, 1 drivers
v000002b8921c9040_0 .net "en_compute", 0 0, L_000002b8922eb268;  alias, 1 drivers
v000002b8921c90e0_0 .net "in_act", 7 0, L_000002b891dc4010;  alias, 1 drivers
v000002b8921c9180_0 .net "in_psum", 31 0, L_000002b891dc41d0;  alias, 1 drivers
v000002b8921c9680_0 .net "in_weight", 7 0, L_000002b8923510b0;  alias, 1 drivers
v000002b8921c9220_0 .net "load_weight", 0 0, L_000002b89234fcb0;  alias, 1 drivers
v000002b8921c92c0_0 .var "out_act", 7 0;
v000002b8921c9400_0 .var "out_psum", 31 0;
v000002b8921c95e0_0 .var/s "reg_weight", 7 0;
v000002b8921cc7e0_0 .net "rst_n", 0 0, L_000002b8920707f0;  alias, 1 drivers
S_000002b8921d1f50 .scope generate, "COL_LOOP[7]" "COL_LOOP[7]" 9 55, 9 55 0, S_000002b8921d79f0;
 .timescale -9 -12;
P_000002b89208ee50 .param/l "c" 0 9 55, +C4<0111>;
v000002b8921cc2e0_0 .net "pe_in_act", 7 0, L_000002b892045650;  1 drivers
v000002b8921cc880_0 .net "pe_in_psum", 31 0, L_000002b8920450a0;  1 drivers
v000002b8921ca620_0 .net "pe_in_weight", 7 0, L_000002b89234fc10;  1 drivers
v000002b8921cc560_0 .net "pe_load_en", 0 0, L_000002b892350890;  1 drivers
S_000002b8921d36c0 .scope generate, "genblk1" "genblk1" 9 61, 9 61 0, S_000002b8921d1f50;
 .timescale -9 -12;
L_000002b892045650 .functor BUFZ 8, v000002b8921c92c0_0, C4<00000000>, C4<00000000>, C4<00000000>;
S_000002b8921d41b0 .scope generate, "genblk2" "genblk2" 9 72, 9 72 0, S_000002b8921d1f50;
 .timescale -9 -12;
L_000002b8920450a0 .functor BUFZ 32, v000002b8921a3a30_0, C4<00000000000000000000000000000000>, C4<00000000000000000000000000000000>, C4<00000000000000000000000000000000>;
S_000002b8921d39e0 .scope module, "pe_inst" "pe" 9 91, 10 12 0, S_000002b8921d1f50;
 .timescale 0 0;
    .port_info 0 /INPUT 1 "clk";
    .port_info 1 /INPUT 1 "rst_n";
    .port_info 2 /INPUT 1 "en_compute";
    .port_info 3 /INPUT 1 "load_weight";
    .port_info 4 /INPUT 8 "in_act";
    .port_info 5 /INPUT 8 "in_weight";
    .port_info 6 /INPUT 32 "in_psum";
    .port_info 7 /OUTPUT 8 "out_act";
    .port_info 8 /OUTPUT 32 "out_psum";
v000002b8921cb700_0 .net "clk", 0 0, v000002b8922856e0_0;  alias, 1 drivers
v000002b8921cac60_0 .net "en_compute", 0 0, L_000002b8922eb268;  alias, 1 drivers
v000002b8921cc1a0_0 .net "in_act", 7 0, L_000002b892045650;  alias, 1 drivers
v000002b8921cb520_0 .net "in_psum", 31 0, L_000002b8920450a0;  alias, 1 drivers
v000002b8921cae40_0 .net "in_weight", 7 0, L_000002b89234fc10;  alias, 1 drivers
v000002b8921cb5c0_0 .net "load_weight", 0 0, L_000002b892350890;  alias, 1 drivers
v000002b8921caa80_0 .var "out_act", 7 0;
v000002b8921cab20_0 .var "out_psum", 31 0;
v000002b8921cc600_0 .var/s "reg_weight", 7 0;
v000002b8921cb2a0_0 .net "rst_n", 0 0, L_000002b8920707f0;  alias, 1 drivers
S_000002b8921d1dc0 .scope generate, "COL_LOOP[8]" "COL_LOOP[8]" 9 55, 9 55 0, S_000002b8921d79f0;
 .timescale -9 -12;
P_000002b89208e410 .param/l "c" 0 9 55, +C4<01000>;
v000002b8921ca260_0 .net "pe_in_act", 7 0, L_000002b892045ab0;  1 drivers
v000002b8921cb340_0 .net "pe_in_psum", 31 0, L_000002b892045b20;  1 drivers
v000002b8921ca800_0 .net "pe_in_weight", 7 0, L_000002b892350bb0;  1 drivers
v000002b8921ca4e0_0 .net "pe_load_en", 0 0, L_000002b892351290;  1 drivers
S_000002b8921d15f0 .scope generate, "genblk1" "genblk1" 9 61, 9 61 0, S_000002b8921d1dc0;
 .timescale -9 -12;
L_000002b892045ab0 .functor BUFZ 8, v000002b8921caa80_0, C4<00000000>, C4<00000000>, C4<00000000>;
S_000002b8921d3210 .scope generate, "genblk2" "genblk2" 9 72, 9 72 0, S_000002b8921d1dc0;
 .timescale -9 -12;
L_000002b892045b20 .functor BUFZ 32, v000002b8921a41b0_0, C4<00000000000000000000000000000000>, C4<00000000000000000000000000000000>, C4<00000000000000000000000000000000>;
S_000002b8921d2400 .scope module, "pe_inst" "pe" 9 91, 10 12 0, S_000002b8921d1dc0;
 .timescale 0 0;
    .port_info 0 /INPUT 1 "clk";
    .port_info 1 /INPUT 1 "rst_n";
    .port_info 2 /INPUT 1 "en_compute";
    .port_info 3 /INPUT 1 "load_weight";
    .port_info 4 /INPUT 8 "in_act";
    .port_info 5 /INPUT 8 "in_weight";
    .port_info 6 /INPUT 32 "in_psum";
    .port_info 7 /OUTPUT 8 "out_act";
    .port_info 8 /OUTPUT 32 "out_psum";
v000002b8921cbca0_0 .net "clk", 0 0, v000002b8922856e0_0;  alias, 1 drivers
v000002b8921caee0_0 .net "en_compute", 0 0, L_000002b8922eb268;  alias, 1 drivers
v000002b8921cc6a0_0 .net "in_act", 7 0, L_000002b892045ab0;  alias, 1 drivers
v000002b8921cb980_0 .net "in_psum", 31 0, L_000002b892045b20;  alias, 1 drivers
v000002b8921caf80_0 .net "in_weight", 7 0, L_000002b892350bb0;  alias, 1 drivers
v000002b8921cc740_0 .net "load_weight", 0 0, L_000002b892351290;  alias, 1 drivers
v000002b8921cb160_0 .var "out_act", 7 0;
v000002b8921ca1c0_0 .var "out_psum", 31 0;
v000002b8921ca300_0 .var/s "reg_weight", 7 0;
v000002b8921ca760_0 .net "rst_n", 0 0, L_000002b8920707f0;  alias, 1 drivers
S_000002b8921d1c30 .scope generate, "COL_LOOP[9]" "COL_LOOP[9]" 9 55, 9 55 0, S_000002b8921d79f0;
 .timescale -9 -12;
P_000002b89208ef90 .param/l "c" 0 9 55, +C4<01001>;
v000002b8921cb840_0 .net "pe_in_act", 7 0, L_000002b892044d20;  1 drivers
v000002b8921cad00_0 .net "pe_in_psum", 31 0, L_000002b892044070;  1 drivers
v000002b8921ca580_0 .net "pe_in_weight", 7 0, L_000002b892351650;  1 drivers
v000002b8921ca940_0 .net "pe_load_en", 0 0, L_000002b8923516f0;  1 drivers
S_000002b8921d28b0 .scope generate, "genblk1" "genblk1" 9 61, 9 61 0, S_000002b8921d1c30;
 .timescale -9 -12;
L_000002b892044d20 .functor BUFZ 8, v000002b8921cb160_0, C4<00000000>, C4<00000000>, C4<00000000>;
S_000002b8921d1780 .scope generate, "genblk2" "genblk2" 9 72, 9 72 0, S_000002b8921d1c30;
 .timescale -9 -12;
L_000002b892044070 .functor BUFZ 32, v000002b8921a5830_0, C4<00000000000000000000000000000000>, C4<00000000000000000000000000000000>, C4<00000000000000000000000000000000>;
S_000002b8921d4340 .scope module, "pe_inst" "pe" 9 91, 10 12 0, S_000002b8921d1c30;
 .timescale 0 0;
    .port_info 0 /INPUT 1 "clk";
    .port_info 1 /INPUT 1 "rst_n";
    .port_info 2 /INPUT 1 "en_compute";
    .port_info 3 /INPUT 1 "load_weight";
    .port_info 4 /INPUT 8 "in_act";
    .port_info 5 /INPUT 8 "in_weight";
    .port_info 6 /INPUT 32 "in_psum";
    .port_info 7 /OUTPUT 8 "out_act";
    .port_info 8 /OUTPUT 32 "out_psum";
v000002b8921cc4c0_0 .net "clk", 0 0, v000002b8922856e0_0;  alias, 1 drivers
v000002b8921cbb60_0 .net "en_compute", 0 0, L_000002b8922eb268;  alias, 1 drivers
v000002b8921cb7a0_0 .net "in_act", 7 0, L_000002b892044d20;  alias, 1 drivers
v000002b8921cbe80_0 .net "in_psum", 31 0, L_000002b892044070;  alias, 1 drivers
v000002b8921cb3e0_0 .net "in_weight", 7 0, L_000002b892351650;  alias, 1 drivers
v000002b8921ca8a0_0 .net "load_weight", 0 0, L_000002b8923516f0;  alias, 1 drivers
v000002b8921cba20_0 .var "out_act", 7 0;
v000002b8921ca3a0_0 .var "out_psum", 31 0;
v000002b8921ca440_0 .var/s "reg_weight", 7 0;
v000002b8921cb020_0 .net "rst_n", 0 0, L_000002b8920707f0;  alias, 1 drivers
S_000002b8921d1aa0 .scope generate, "COL_LOOP[10]" "COL_LOOP[10]" 9 55, 9 55 0, S_000002b8921d79f0;
 .timescale -9 -12;
P_000002b89208ea50 .param/l "c" 0 9 55, +C4<01010>;
v000002b8921cbf20_0 .net "pe_in_act", 7 0, L_000002b892044230;  1 drivers
v000002b8921cc100_0 .net "pe_in_psum", 31 0, L_000002b8920442a0;  1 drivers
v000002b8921cc240_0 .net "pe_in_weight", 7 0, L_000002b8923511f0;  1 drivers
v000002b8921cd320_0 .net "pe_load_en", 0 0, L_000002b892351b50;  1 drivers
S_000002b8921d2bd0 .scope generate, "genblk1" "genblk1" 9 61, 9 61 0, S_000002b8921d1aa0;
 .timescale -9 -12;
L_000002b892044230 .functor BUFZ 8, v000002b8921cba20_0, C4<00000000>, C4<00000000>, C4<00000000>;
S_000002b8921d0c90 .scope generate, "genblk2" "genblk2" 9 72, 9 72 0, S_000002b8921d1aa0;
 .timescale -9 -12;
L_000002b8920442a0 .functor BUFZ 32, v000002b8921c2e20_0, C4<00000000000000000000000000000000>, C4<00000000000000000000000000000000>, C4<00000000000000000000000000000000>;
S_000002b8921d3080 .scope module, "pe_inst" "pe" 9 91, 10 12 0, S_000002b8921d1aa0;
 .timescale 0 0;
    .port_info 0 /INPUT 1 "clk";
    .port_info 1 /INPUT 1 "rst_n";
    .port_info 2 /INPUT 1 "en_compute";
    .port_info 3 /INPUT 1 "load_weight";
    .port_info 4 /INPUT 8 "in_act";
    .port_info 5 /INPUT 8 "in_weight";
    .port_info 6 /INPUT 32 "in_psum";
    .port_info 7 /OUTPUT 8 "out_act";
    .port_info 8 /OUTPUT 32 "out_psum";
v000002b8921cc420_0 .net "clk", 0 0, v000002b8922856e0_0;  alias, 1 drivers
v000002b8921ca9e0_0 .net "en_compute", 0 0, L_000002b8922eb268;  alias, 1 drivers
v000002b8921cb8e0_0 .net "in_act", 7 0, L_000002b892044230;  alias, 1 drivers
v000002b8921cc380_0 .net "in_psum", 31 0, L_000002b8920442a0;  alias, 1 drivers
v000002b8921cb0c0_0 .net "in_weight", 7 0, L_000002b8923511f0;  alias, 1 drivers
v000002b8921cbac0_0 .net "load_weight", 0 0, L_000002b892351b50;  alias, 1 drivers
v000002b8921cbc00_0 .var "out_act", 7 0;
v000002b8921cbd40_0 .var "out_psum", 31 0;
v000002b8921cc060_0 .var/s "reg_weight", 7 0;
v000002b8921cbde0_0 .net "rst_n", 0 0, L_000002b8920707f0;  alias, 1 drivers
S_000002b8921d33a0 .scope generate, "COL_LOOP[11]" "COL_LOOP[11]" 9 55, 9 55 0, S_000002b8921d79f0;
 .timescale -9 -12;
P_000002b89208e650 .param/l "c" 0 9 55, +C4<01011>;
v000002b8921cd8c0_0 .net "pe_in_act", 7 0, L_000002b892044460;  1 drivers
v000002b8921cd460_0 .net "pe_in_psum", 31 0, L_000002b8920445b0;  1 drivers
v000002b8921ce900_0 .net "pe_in_weight", 7 0, L_000002b892352050;  1 drivers
v000002b8921ce9a0_0 .net "pe_load_en", 0 0, L_000002b892350cf0;  1 drivers
S_000002b8921d0330 .scope generate, "genblk1" "genblk1" 9 61, 9 61 0, S_000002b8921d33a0;
 .timescale -9 -12;
L_000002b892044460 .functor BUFZ 8, v000002b8921cbc00_0, C4<00000000>, C4<00000000>, C4<00000000>;
S_000002b8921d44d0 .scope generate, "genblk2" "genblk2" 9 72, 9 72 0, S_000002b8921d33a0;
 .timescale -9 -12;
L_000002b8920445b0 .functor BUFZ 32, v000002b8921c36e0_0, C4<00000000000000000000000000000000>, C4<00000000000000000000000000000000>, C4<00000000000000000000000000000000>;
S_000002b8921d04c0 .scope module, "pe_inst" "pe" 9 91, 10 12 0, S_000002b8921d33a0;
 .timescale 0 0;
    .port_info 0 /INPUT 1 "clk";
    .port_info 1 /INPUT 1 "rst_n";
    .port_info 2 /INPUT 1 "en_compute";
    .port_info 3 /INPUT 1 "load_weight";
    .port_info 4 /INPUT 8 "in_act";
    .port_info 5 /INPUT 8 "in_weight";
    .port_info 6 /INPUT 32 "in_psum";
    .port_info 7 /OUTPUT 8 "out_act";
    .port_info 8 /OUTPUT 32 "out_psum";
v000002b8921cd3c0_0 .net "clk", 0 0, v000002b8922856e0_0;  alias, 1 drivers
v000002b8921ce680_0 .net "en_compute", 0 0, L_000002b8922eb268;  alias, 1 drivers
v000002b8921ce860_0 .net "in_act", 7 0, L_000002b892044460;  alias, 1 drivers
v000002b8921ce2c0_0 .net "in_psum", 31 0, L_000002b8920445b0;  alias, 1 drivers
v000002b8921cc9c0_0 .net "in_weight", 7 0, L_000002b892352050;  alias, 1 drivers
v000002b8921ce7c0_0 .net "load_weight", 0 0, L_000002b892350cf0;  alias, 1 drivers
v000002b8921cee00_0 .var "out_act", 7 0;
v000002b8921cde60_0 .var "out_psum", 31 0;
v000002b8921ce0e0_0 .var/s "reg_weight", 7 0;
v000002b8921cca60_0 .net "rst_n", 0 0, L_000002b8920707f0;  alias, 1 drivers
S_000002b8921d4660 .scope generate, "COL_LOOP[12]" "COL_LOOP[12]" 9 55, 9 55 0, S_000002b8921d79f0;
 .timescale -9 -12;
P_000002b89208e350 .param/l "c" 0 9 55, +C4<01100>;
v000002b8921cd140_0 .net "pe_in_act", 7 0, L_000002b892044af0;  1 drivers
v000002b8921cda00_0 .net "pe_in_psum", 31 0, L_000002b892046ae0;  1 drivers
v000002b8921ce180_0 .net "pe_in_weight", 7 0, L_000002b892351bf0;  1 drivers
v000002b8921cddc0_0 .net "pe_load_en", 0 0, L_000002b8923506b0;  1 drivers
S_000002b8921d47f0 .scope generate, "genblk1" "genblk1" 9 61, 9 61 0, S_000002b8921d4660;
 .timescale -9 -12;
L_000002b892044af0 .functor BUFZ 8, v000002b8921cee00_0, C4<00000000>, C4<00000000>, C4<00000000>;
S_000002b8921d07e0 .scope generate, "genblk2" "genblk2" 9 72, 9 72 0, S_000002b8921d4660;
 .timescale -9 -12;
L_000002b892046ae0 .functor BUFZ 32, v000002b8921c35a0_0, C4<00000000000000000000000000000000>, C4<00000000000000000000000000000000>, C4<00000000000000000000000000000000>;
S_000002b8921d4980 .scope module, "pe_inst" "pe" 9 91, 10 12 0, S_000002b8921d4660;
 .timescale 0 0;
    .port_info 0 /INPUT 1 "clk";
    .port_info 1 /INPUT 1 "rst_n";
    .port_info 2 /INPUT 1 "en_compute";
    .port_info 3 /INPUT 1 "load_weight";
    .port_info 4 /INPUT 8 "in_act";
    .port_info 5 /INPUT 8 "in_weight";
    .port_info 6 /INPUT 32 "in_psum";
    .port_info 7 /OUTPUT 8 "out_act";
    .port_info 8 /OUTPUT 32 "out_psum";
v000002b8921cdbe0_0 .net "clk", 0 0, v000002b8922856e0_0;  alias, 1 drivers
v000002b8921cd640_0 .net "en_compute", 0 0, L_000002b8922eb268;  alias, 1 drivers
v000002b8921cd960_0 .net "in_act", 7 0, L_000002b892044af0;  alias, 1 drivers
v000002b8921cd280_0 .net "in_psum", 31 0, L_000002b892046ae0;  alias, 1 drivers
v000002b8921cd500_0 .net "in_weight", 7 0, L_000002b892351bf0;  alias, 1 drivers
v000002b8921cd5a0_0 .net "load_weight", 0 0, L_000002b8923506b0;  alias, 1 drivers
v000002b8921cd780_0 .var "out_act", 7 0;
v000002b8921ce220_0 .var "out_psum", 31 0;
v000002b8921ccba0_0 .var/s "reg_weight", 7 0;
v000002b8921ccd80_0 .net "rst_n", 0 0, L_000002b8920707f0;  alias, 1 drivers
S_000002b8921d0970 .scope generate, "COL_LOOP[13]" "COL_LOOP[13]" 9 55, 9 55 0, S_000002b8921d79f0;
 .timescale -9 -12;
P_000002b89208eb10 .param/l "c" 0 9 55, +C4<01101>;
v000002b8921cdf00_0 .net "pe_in_act", 7 0, L_000002b8920474f0;  1 drivers
v000002b8921cdfa0_0 .net "pe_in_psum", 31 0, L_000002b8920471e0;  1 drivers
v000002b8921ce360_0 .net "pe_in_weight", 7 0, L_000002b89234f8f0;  1 drivers
v000002b8921ccce0_0 .net "pe_load_en", 0 0, L_000002b892351830;  1 drivers
S_000002b8921d4b10 .scope generate, "genblk1" "genblk1" 9 61, 9 61 0, S_000002b8921d0970;
 .timescale -9 -12;
L_000002b8920474f0 .functor BUFZ 8, v000002b8921cd780_0, C4<00000000>, C4<00000000>, C4<00000000>;
S_000002b8921d4ca0 .scope generate, "genblk2" "genblk2" 9 72, 9 72 0, S_000002b8921d0970;
 .timescale -9 -12;
L_000002b8920471e0 .functor BUFZ 32, v000002b8921c4220_0, C4<00000000000000000000000000000000>, C4<00000000000000000000000000000000>, C4<00000000000000000000000000000000>;
S_000002b8921d4e30 .scope module, "pe_inst" "pe" 9 91, 10 12 0, S_000002b8921d0970;
 .timescale 0 0;
    .port_info 0 /INPUT 1 "clk";
    .port_info 1 /INPUT 1 "rst_n";
    .port_info 2 /INPUT 1 "en_compute";
    .port_info 3 /INPUT 1 "load_weight";
    .port_info 4 /INPUT 8 "in_act";
    .port_info 5 /INPUT 8 "in_weight";
    .port_info 6 /INPUT 32 "in_psum";
    .port_info 7 /OUTPUT 8 "out_act";
    .port_info 8 /OUTPUT 32 "out_psum";
v000002b8921ceea0_0 .net "clk", 0 0, v000002b8922856e0_0;  alias, 1 drivers
v000002b8921cce20_0 .net "en_compute", 0 0, L_000002b8922eb268;  alias, 1 drivers
v000002b8921ccec0_0 .net "in_act", 7 0, L_000002b8920474f0;  alias, 1 drivers
v000002b8921ccc40_0 .net "in_psum", 31 0, L_000002b8920471e0;  alias, 1 drivers
v000002b8921ce040_0 .net "in_weight", 7 0, L_000002b89234f8f0;  alias, 1 drivers
v000002b8921cdaa0_0 .net "load_weight", 0 0, L_000002b892351830;  alias, 1 drivers
v000002b8921cef40_0 .var "out_act", 7 0;
v000002b8921cdc80_0 .var "out_psum", 31 0;
v000002b8921cdb40_0 .var/s "reg_weight", 7 0;
v000002b8921ccf60_0 .net "rst_n", 0 0, L_000002b8920707f0;  alias, 1 drivers
S_000002b8921d0e20 .scope generate, "COL_LOOP[14]" "COL_LOOP[14]" 9 55, 9 55 0, S_000002b8921d79f0;
 .timescale -9 -12;
P_000002b89208e2d0 .param/l "c" 0 9 55, +C4<01110>;
v000002b8921cecc0_0 .net "pe_in_act", 7 0, L_000002b892046ca0;  1 drivers
v000002b8921ced60_0 .net "pe_in_psum", 31 0, L_000002b892045f10;  1 drivers
v000002b8921cefe0_0 .net "pe_in_weight", 7 0, L_000002b892351ab0;  1 drivers
v000002b8921cf080_0 .net "pe_load_en", 0 0, L_000002b892350c50;  1 drivers
S_000002b8921d5600 .scope generate, "genblk1" "genblk1" 9 61, 9 61 0, S_000002b8921d0e20;
 .timescale -9 -12;
L_000002b892046ca0 .functor BUFZ 8, v000002b8921cef40_0, C4<00000000>, C4<00000000>, C4<00000000>;
S_000002b8921d4fc0 .scope generate, "genblk2" "genblk2" 9 72, 9 72 0, S_000002b8921d0e20;
 .timescale -9 -12;
L_000002b892045f10 .functor BUFZ 32, v000002b8921c7560_0, C4<00000000000000000000000000000000>, C4<00000000000000000000000000000000>, C4<00000000000000000000000000000000>;
S_000002b8921d5c40 .scope module, "pe_inst" "pe" 9 91, 10 12 0, S_000002b8921d0e20;
 .timescale 0 0;
    .port_info 0 /INPUT 1 "clk";
    .port_info 1 /INPUT 1 "rst_n";
    .port_info 2 /INPUT 1 "en_compute";
    .port_info 3 /INPUT 1 "load_weight";
    .port_info 4 /INPUT 8 "in_act";
    .port_info 5 /INPUT 8 "in_weight";
    .port_info 6 /INPUT 32 "in_psum";
    .port_info 7 /OUTPUT 8 "out_act";
    .port_info 8 /OUTPUT 32 "out_psum";
v000002b8921ccb00_0 .net "clk", 0 0, v000002b8922856e0_0;  alias, 1 drivers
v000002b8921ce400_0 .net "en_compute", 0 0, L_000002b8922eb268;  alias, 1 drivers
v000002b8921ce4a0_0 .net "in_act", 7 0, L_000002b892046ca0;  alias, 1 drivers
v000002b8921cf120_0 .net "in_psum", 31 0, L_000002b892045f10;  alias, 1 drivers
v000002b8921ce540_0 .net "in_weight", 7 0, L_000002b892351ab0;  alias, 1 drivers
v000002b8921ce5e0_0 .net "load_weight", 0 0, L_000002b892350c50;  alias, 1 drivers
v000002b8921ce720_0 .var "out_act", 7 0;
v000002b8921ceae0_0 .var "out_psum", 31 0;
v000002b8921ceb80_0 .var/s "reg_weight", 7 0;
v000002b8921cec20_0 .net "rst_n", 0 0, L_000002b8920707f0;  alias, 1 drivers
S_000002b8921d5150 .scope generate, "COL_LOOP[15]" "COL_LOOP[15]" 9 55, 9 55 0, S_000002b8921d79f0;
 .timescale -9 -12;
P_000002b89208e690 .param/l "c" 0 9 55, +C4<01111>;
v000002b8921cf440_0 .net "pe_in_act", 7 0, L_000002b8920465a0;  1 drivers
v000002b8921cff80_0 .net "pe_in_psum", 31 0, L_000002b892046060;  1 drivers
v000002b8921cf6c0_0 .net "pe_in_weight", 7 0, L_000002b892351c90;  1 drivers
v000002b8921d0020_0 .net "pe_load_en", 0 0, L_000002b892350ed0;  1 drivers
S_000002b8921d52e0 .scope generate, "genblk1" "genblk1" 9 61, 9 61 0, S_000002b8921d5150;
 .timescale -9 -12;
L_000002b8920465a0 .functor BUFZ 8, v000002b8921ce720_0, C4<00000000>, C4<00000000>, C4<00000000>;
S_000002b8921d5470 .scope generate, "genblk2" "genblk2" 9 72, 9 72 0, S_000002b8921d5150;
 .timescale -9 -12;
L_000002b892046060 .functor BUFZ 32, v000002b8921c6ca0_0, C4<00000000000000000000000000000000>, C4<00000000000000000000000000000000>, C4<00000000000000000000000000000000>;
S_000002b8921d60f0 .scope module, "pe_inst" "pe" 9 91, 10 12 0, S_000002b8921d5150;
 .timescale 0 0;
    .port_info 0 /INPUT 1 "clk";
    .port_info 1 /INPUT 1 "rst_n";
    .port_info 2 /INPUT 1 "en_compute";
    .port_info 3 /INPUT 1 "load_weight";
    .port_info 4 /INPUT 8 "in_act";
    .port_info 5 /INPUT 8 "in_weight";
    .port_info 6 /INPUT 32 "in_psum";
    .port_info 7 /OUTPUT 8 "out_act";
    .port_info 8 /OUTPUT 32 "out_psum";
v000002b8921cd0a0_0 .net "clk", 0 0, v000002b8922856e0_0;  alias, 1 drivers
v000002b8921cd1e0_0 .net "en_compute", 0 0, L_000002b8922eb268;  alias, 1 drivers
v000002b8921cfe40_0 .net "in_act", 7 0, L_000002b8920465a0;  alias, 1 drivers
v000002b8921cf8a0_0 .net "in_psum", 31 0, L_000002b892046060;  alias, 1 drivers
v000002b8921cf620_0 .net "in_weight", 7 0, L_000002b892351c90;  alias, 1 drivers
v000002b8921cf940_0 .net "load_weight", 0 0, L_000002b892350ed0;  alias, 1 drivers
v000002b8921cf9e0_0 .var "out_act", 7 0;
v000002b8921cf3a0_0 .var "out_psum", 31 0;
v000002b8921cfa80_0 .var/s "reg_weight", 7 0;
v000002b8921cfc60_0 .net "rst_n", 0 0, L_000002b8920707f0;  alias, 1 drivers
S_000002b8921d5790 .scope generate, "ROW_LOOP[6]" "ROW_LOOP[6]" 9 54, 9 54 0, S_000002b89217d0b0;
 .timescale -9 -12;
P_000002b89208f190 .param/l "r" 0 9 54, +C4<0110>;
S_000002b8921d5920 .scope generate, "COL_LOOP[0]" "COL_LOOP[0]" 9 55, 9 55 0, S_000002b8921d5790;
 .timescale -9 -12;
P_000002b89208f050 .param/l "c" 0 9 55, +C4<00>;
v000002b8921cfd00_0 .net "pe_in_act", 7 0, L_000002b89234fdf0;  1 drivers
v000002b8921c1f20_0 .net "pe_in_psum", 31 0, L_000002b8920472c0;  1 drivers
v000002b8921c0da0_0 .net "pe_in_weight", 7 0, L_000002b892351f10;  1 drivers
v000002b8921c1160_0 .net "pe_load_en", 0 0, L_000002b89234fd50;  1 drivers
S_000002b8921d5ab0 .scope generate, "genblk1" "genblk1" 9 61, 9 61 0, S_000002b8921d5920;
 .timescale -9 -12;
S_000002b8921d5f60 .scope generate, "genblk2" "genblk2" 9 72, 9 72 0, S_000002b8921d5920;
 .timescale -9 -12;
L_000002b8920472c0 .functor BUFZ 32, v000002b8921c6a20_0, C4<00000000000000000000000000000000>, C4<00000000000000000000000000000000>, C4<00000000000000000000000000000000>;
S_000002b8921d5dd0 .scope module, "pe_inst" "pe" 9 91, 10 12 0, S_000002b8921d5920;
 .timescale 0 0;
    .port_info 0 /INPUT 1 "clk";
    .port_info 1 /INPUT 1 "rst_n";
    .port_info 2 /INPUT 1 "en_compute";
    .port_info 3 /INPUT 1 "load_weight";
    .port_info 4 /INPUT 8 "in_act";
    .port_info 5 /INPUT 8 "in_weight";
    .port_info 6 /INPUT 32 "in_psum";
    .port_info 7 /OUTPUT 8 "out_act";
    .port_info 8 /OUTPUT 32 "out_psum";
v000002b8921cfda0_0 .net "clk", 0 0, v000002b8922856e0_0;  alias, 1 drivers
v000002b8921cfee0_0 .net "en_compute", 0 0, L_000002b8922eb268;  alias, 1 drivers
v000002b8921cf1c0_0 .net "in_act", 7 0, L_000002b89234fdf0;  alias, 1 drivers
v000002b8921cf4e0_0 .net "in_psum", 31 0, L_000002b8920472c0;  alias, 1 drivers
v000002b8921cfb20_0 .net "in_weight", 7 0, L_000002b892351f10;  alias, 1 drivers
v000002b8921cfbc0_0 .net "load_weight", 0 0, L_000002b89234fd50;  alias, 1 drivers
v000002b8921cf260_0 .var "out_act", 7 0;
v000002b8921cf300_0 .var "out_psum", 31 0;
v000002b8921cf580_0 .var/s "reg_weight", 7 0;
v000002b8921cf800_0 .net "rst_n", 0 0, L_000002b8920707f0;  alias, 1 drivers
S_000002b8921d6280 .scope generate, "COL_LOOP[1]" "COL_LOOP[1]" 9 55, 9 55 0, S_000002b8921d5790;
 .timescale -9 -12;
P_000002b89208e310 .param/l "c" 0 9 55, +C4<01>;
v000002b8921c2060_0 .net "pe_in_act", 7 0, L_000002b892047790;  1 drivers
v000002b8921c26a0_0 .net "pe_in_psum", 31 0, L_000002b892047560;  1 drivers
v000002b8921c0620_0 .net "pe_in_weight", 7 0, L_000002b892350b10;  1 drivers
v000002b8921c0440_0 .net "pe_load_en", 0 0, L_000002b892351970;  1 drivers
S_000002b8921d6410 .scope generate, "genblk1" "genblk1" 9 61, 9 61 0, S_000002b8921d6280;
 .timescale -9 -12;
L_000002b892047790 .functor BUFZ 8, v000002b8921cf260_0, C4<00000000>, C4<00000000>, C4<00000000>;
S_000002b8921de5b0 .scope generate, "genblk2" "genblk2" 9 72, 9 72 0, S_000002b8921d6280;
 .timescale -9 -12;
L_000002b892047560 .functor BUFZ 32, v000002b8921c53a0_0, C4<00000000000000000000000000000000>, C4<00000000000000000000000000000000>, C4<00000000000000000000000000000000>;
S_000002b8921de740 .scope module, "pe_inst" "pe" 9 91, 10 12 0, S_000002b8921d6280;
 .timescale 0 0;
    .port_info 0 /INPUT 1 "clk";
    .port_info 1 /INPUT 1 "rst_n";
    .port_info 2 /INPUT 1 "en_compute";
    .port_info 3 /INPUT 1 "load_weight";
    .port_info 4 /INPUT 8 "in_act";
    .port_info 5 /INPUT 8 "in_weight";
    .port_info 6 /INPUT 32 "in_psum";
    .port_info 7 /OUTPUT 8 "out_act";
    .port_info 8 /OUTPUT 32 "out_psum";
v000002b8921c12a0_0 .net "clk", 0 0, v000002b8922856e0_0;  alias, 1 drivers
v000002b8921c0e40_0 .net "en_compute", 0 0, L_000002b8922eb268;  alias, 1 drivers
v000002b8921c1520_0 .net "in_act", 7 0, L_000002b892047790;  alias, 1 drivers
v000002b8921c1700_0 .net "in_psum", 31 0, L_000002b892047560;  alias, 1 drivers
v000002b8921c2100_0 .net "in_weight", 7 0, L_000002b892350b10;  alias, 1 drivers
v000002b8921c2420_0 .net "load_weight", 0 0, L_000002b892351970;  alias, 1 drivers
v000002b8921c03a0_0 .var "out_act", 7 0;
v000002b8921c15c0_0 .var "out_psum", 31 0;
v000002b8921c2380_0 .var/s "reg_weight", 7 0;
v000002b8921c18e0_0 .net "rst_n", 0 0, L_000002b8920707f0;  alias, 1 drivers
S_000002b8921def10 .scope generate, "COL_LOOP[2]" "COL_LOOP[2]" 9 55, 9 55 0, S_000002b8921d5790;
 .timescale -9 -12;
P_000002b89208e1d0 .param/l "c" 0 9 55, +C4<010>;
v000002b8921c1660_0 .net "pe_in_act", 7 0, L_000002b892047800;  1 drivers
v000002b8921c1ca0_0 .net "pe_in_psum", 31 0, L_000002b892046300;  1 drivers
v000002b8921c1fc0_0 .net "pe_in_weight", 7 0, L_000002b892351a10;  1 drivers
v000002b8921c1e80_0 .net "pe_load_en", 0 0, L_000002b892351d30;  1 drivers
S_000002b8921de8d0 .scope generate, "genblk1" "genblk1" 9 61, 9 61 0, S_000002b8921def10;
 .timescale -9 -12;
L_000002b892047800 .functor BUFZ 8, v000002b8921c03a0_0, C4<00000000>, C4<00000000>, C4<00000000>;
S_000002b8921df6e0 .scope generate, "genblk2" "genblk2" 9 72, 9 72 0, S_000002b8921def10;
 .timescale -9 -12;
L_000002b892046300 .functor BUFZ 32, v000002b8921c8460_0, C4<00000000000000000000000000000000>, C4<00000000000000000000000000000000>, C4<00000000000000000000000000000000>;
S_000002b8921dea60 .scope module, "pe_inst" "pe" 9 91, 10 12 0, S_000002b8921def10;
 .timescale 0 0;
    .port_info 0 /INPUT 1 "clk";
    .port_info 1 /INPUT 1 "rst_n";
    .port_info 2 /INPUT 1 "en_compute";
    .port_info 3 /INPUT 1 "load_weight";
    .port_info 4 /INPUT 8 "in_act";
    .port_info 5 /INPUT 8 "in_weight";
    .port_info 6 /INPUT 32 "in_psum";
    .port_info 7 /OUTPUT 8 "out_act";
    .port_info 8 /OUTPUT 32 "out_psum";
v000002b8921c1c00_0 .net "clk", 0 0, v000002b8922856e0_0;  alias, 1 drivers
v000002b8921c08a0_0 .net "en_compute", 0 0, L_000002b8922eb268;  alias, 1 drivers
v000002b8921c1200_0 .net "in_act", 7 0, L_000002b892047800;  alias, 1 drivers
v000002b8921c1ac0_0 .net "in_psum", 31 0, L_000002b892046300;  alias, 1 drivers
v000002b8921c2920_0 .net "in_weight", 7 0, L_000002b892351a10;  alias, 1 drivers
v000002b8921c2560_0 .net "load_weight", 0 0, L_000002b892351d30;  alias, 1 drivers
v000002b8921c17a0_0 .var "out_act", 7 0;
v000002b8921c09e0_0 .var "out_psum", 31 0;
v000002b8921c0800_0 .var/s "reg_weight", 7 0;
v000002b8921c0b20_0 .net "rst_n", 0 0, L_000002b8920707f0;  alias, 1 drivers
S_000002b8921df550 .scope generate, "COL_LOOP[3]" "COL_LOOP[3]" 9 55, 9 55 0, S_000002b8921d5790;
 .timescale -9 -12;
P_000002b89208ead0 .param/l "c" 0 9 55, +C4<011>;
v000002b8921c2600_0 .net "pe_in_act", 7 0, L_000002b892045c70;  1 drivers
v000002b8921c2740_0 .net "pe_in_psum", 31 0, L_000002b892046d80;  1 drivers
v000002b8921c0300_0 .net "pe_in_weight", 7 0, L_000002b892350f70;  1 drivers
v000002b8921c1340_0 .net "pe_load_en", 0 0, L_000002b8923507f0;  1 drivers
S_000002b8921ded80 .scope generate, "genblk1" "genblk1" 9 61, 9 61 0, S_000002b8921df550;
 .timescale -9 -12;
L_000002b892045c70 .functor BUFZ 8, v000002b8921c17a0_0, C4<00000000>, C4<00000000>, C4<00000000>;
S_000002b8921debf0 .scope generate, "genblk2" "genblk2" 9 72, 9 72 0, S_000002b8921df550;
 .timescale -9 -12;
L_000002b892046d80 .functor BUFZ 32, v000002b8921c83c0_0, C4<00000000000000000000000000000000>, C4<00000000000000000000000000000000>, C4<00000000000000000000000000000000>;
S_000002b8921df0a0 .scope module, "pe_inst" "pe" 9 91, 10 12 0, S_000002b8921df550;
 .timescale 0 0;
    .port_info 0 /INPUT 1 "clk";
    .port_info 1 /INPUT 1 "rst_n";
    .port_info 2 /INPUT 1 "en_compute";
    .port_info 3 /INPUT 1 "load_weight";
    .port_info 4 /INPUT 8 "in_act";
    .port_info 5 /INPUT 8 "in_weight";
    .port_info 6 /INPUT 32 "in_psum";
    .port_info 7 /OUTPUT 8 "out_act";
    .port_info 8 /OUTPUT 32 "out_psum";
v000002b8921c24c0_0 .net "clk", 0 0, v000002b8922856e0_0;  alias, 1 drivers
v000002b8921c01c0_0 .net "en_compute", 0 0, L_000002b8922eb268;  alias, 1 drivers
v000002b8921c0ee0_0 .net "in_act", 7 0, L_000002b892045c70;  alias, 1 drivers
v000002b8921c13e0_0 .net "in_psum", 31 0, L_000002b892046d80;  alias, 1 drivers
v000002b8921c1840_0 .net "in_weight", 7 0, L_000002b892350f70;  alias, 1 drivers
v000002b8921c1980_0 .net "load_weight", 0 0, L_000002b8923507f0;  alias, 1 drivers
v000002b8921c1d40_0 .var "out_act", 7 0;
v000002b8921c1a20_0 .var "out_psum", 31 0;
v000002b8921c1b60_0 .var/s "reg_weight", 7 0;
v000002b8921c0f80_0 .net "rst_n", 0 0, L_000002b8920707f0;  alias, 1 drivers
S_000002b8921dfd20 .scope generate, "COL_LOOP[4]" "COL_LOOP[4]" 9 55, 9 55 0, S_000002b8921d5790;
 .timescale -9 -12;
P_000002b89208efd0 .param/l "c" 0 9 55, +C4<0100>;
v000002b8921c0940_0 .net "pe_in_act", 7 0, L_000002b892045ce0;  1 drivers
v000002b8921c10c0_0 .net "pe_in_psum", 31 0, L_000002b892045d50;  1 drivers
v000002b8921c0a80_0 .net "pe_in_weight", 7 0, L_000002b892351e70;  1 drivers
v000002b8921c0bc0_0 .net "pe_load_en", 0 0, L_000002b89234fa30;  1 drivers
S_000002b8921dfeb0 .scope generate, "genblk1" "genblk1" 9 61, 9 61 0, S_000002b8921dfd20;
 .timescale -9 -12;
L_000002b892045ce0 .functor BUFZ 8, v000002b8921c1d40_0, C4<00000000>, C4<00000000>, C4<00000000>;
S_000002b8921dfa00 .scope generate, "genblk2" "genblk2" 9 72, 9 72 0, S_000002b8921dfd20;
 .timescale -9 -12;
L_000002b892045d50 .functor BUFZ 32, v000002b8921c86e0_0, C4<00000000000000000000000000000000>, C4<00000000000000000000000000000000>, C4<00000000000000000000000000000000>;
S_000002b8921df230 .scope module, "pe_inst" "pe" 9 91, 10 12 0, S_000002b8921dfd20;
 .timescale 0 0;
    .port_info 0 /INPUT 1 "clk";
    .port_info 1 /INPUT 1 "rst_n";
    .port_info 2 /INPUT 1 "en_compute";
    .port_info 3 /INPUT 1 "load_weight";
    .port_info 4 /INPUT 8 "in_act";
    .port_info 5 /INPUT 8 "in_weight";
    .port_info 6 /INPUT 32 "in_psum";
    .port_info 7 /OUTPUT 8 "out_act";
    .port_info 8 /OUTPUT 32 "out_psum";
v000002b8921c27e0_0 .net "clk", 0 0, v000002b8922856e0_0;  alias, 1 drivers
v000002b8921c1de0_0 .net "en_compute", 0 0, L_000002b8922eb268;  alias, 1 drivers
v000002b8921c2240_0 .net "in_act", 7 0, L_000002b892045ce0;  alias, 1 drivers
v000002b8921c22e0_0 .net "in_psum", 31 0, L_000002b892045d50;  alias, 1 drivers
v000002b8921c1480_0 .net "in_weight", 7 0, L_000002b892351e70;  alias, 1 drivers
v000002b8921c0760_0 .net "load_weight", 0 0, L_000002b89234fa30;  alias, 1 drivers
v000002b8921c2880_0 .var "out_act", 7 0;
v000002b8921c0260_0 .var "out_psum", 31 0;
v000002b8921c04e0_0 .var/s "reg_weight", 7 0;
v000002b8921c1020_0 .net "rst_n", 0 0, L_000002b8920707f0;  alias, 1 drivers
S_000002b8921dfb90 .scope generate, "COL_LOOP[5]" "COL_LOOP[5]" 9 55, 9 55 0, S_000002b8921d5790;
 .timescale -9 -12;
P_000002b89208eb50 .param/l "c" 0 9 55, +C4<0101>;
v000002b8921e8710_0 .net "pe_in_act", 7 0, L_000002b892046610;  1 drivers
v000002b8921e7bd0_0 .net "pe_in_psum", 31 0, L_000002b892046680;  1 drivers
v000002b8921e8c10_0 .net "pe_in_weight", 7 0, L_000002b89234fad0;  1 drivers
v000002b8921ea0b0_0 .net "pe_load_en", 0 0, L_000002b89234fb70;  1 drivers
S_000002b8921df3c0 .scope generate, "genblk1" "genblk1" 9 61, 9 61 0, S_000002b8921dfb90;
 .timescale -9 -12;
L_000002b892046610 .functor BUFZ 8, v000002b8921c2880_0, C4<00000000>, C4<00000000>, C4<00000000>;
S_000002b8921df870 .scope generate, "genblk2" "genblk2" 9 72, 9 72 0, S_000002b8921dfb90;
 .timescale -9 -12;
L_000002b892046680 .functor BUFZ 32, v000002b8921c9cc0_0, C4<00000000000000000000000000000000>, C4<00000000000000000000000000000000>, C4<00000000000000000000000000000000>;
S_000002b8921d8e30 .scope module, "pe_inst" "pe" 9 91, 10 12 0, S_000002b8921dfb90;
 .timescale 0 0;
    .port_info 0 /INPUT 1 "clk";
    .port_info 1 /INPUT 1 "rst_n";
    .port_info 2 /INPUT 1 "en_compute";
    .port_info 3 /INPUT 1 "load_weight";
    .port_info 4 /INPUT 8 "in_act";
    .port_info 5 /INPUT 8 "in_weight";
    .port_info 6 /INPUT 32 "in_psum";
    .port_info 7 /OUTPUT 8 "out_act";
    .port_info 8 /OUTPUT 32 "out_psum";
v000002b8921e9390_0 .net "clk", 0 0, v000002b8922856e0_0;  alias, 1 drivers
v000002b8921e9750_0 .net "en_compute", 0 0, L_000002b8922eb268;  alias, 1 drivers
v000002b8921e8df0_0 .net "in_act", 7 0, L_000002b892046610;  alias, 1 drivers
v000002b8921e8530_0 .net "in_psum", 31 0, L_000002b892046680;  alias, 1 drivers
v000002b8921e9110_0 .net "in_weight", 7 0, L_000002b89234fad0;  alias, 1 drivers
v000002b8921e9610_0 .net "load_weight", 0 0, L_000002b89234fb70;  alias, 1 drivers
v000002b8921e8fd0_0 .var "out_act", 7 0;
v000002b8921e83f0_0 .var "out_psum", 31 0;
v000002b8921e9070_0 .var/s "reg_weight", 7 0;
v000002b8921e8670_0 .net "rst_n", 0 0, L_000002b8920707f0;  alias, 1 drivers
S_000002b8921da410 .scope generate, "COL_LOOP[6]" "COL_LOOP[6]" 9 55, 9 55 0, S_000002b8921d5790;
 .timescale -9 -12;
P_000002b89208ec50 .param/l "c" 0 9 55, +C4<0110>;
v000002b8921e85d0_0 .net "pe_in_act", 7 0, L_000002b8920460d0;  1 drivers
v000002b8921e8ad0_0 .net "pe_in_psum", 31 0, L_000002b892046140;  1 drivers
v000002b8921e87b0_0 .net "pe_in_weight", 7 0, L_000002b89234fe90;  1 drivers
v000002b8921e92f0_0 .net "pe_load_en", 0 0, L_000002b892350930;  1 drivers
S_000002b8921d9c40 .scope generate, "genblk1" "genblk1" 9 61, 9 61 0, S_000002b8921da410;
 .timescale -9 -12;
L_000002b8920460d0 .functor BUFZ 8, v000002b8921e8fd0_0, C4<00000000>, C4<00000000>, C4<00000000>;
S_000002b8921d87f0 .scope generate, "genblk2" "genblk2" 9 72, 9 72 0, S_000002b8921da410;
 .timescale -9 -12;
L_000002b892046140 .functor BUFZ 32, v000002b8921c9400_0, C4<00000000000000000000000000000000>, C4<00000000000000000000000000000000>, C4<00000000000000000000000000000000>;
S_000002b8921dabe0 .scope module, "pe_inst" "pe" 9 91, 10 12 0, S_000002b8921da410;
 .timescale 0 0;
    .port_info 0 /INPUT 1 "clk";
    .port_info 1 /INPUT 1 "rst_n";
    .port_info 2 /INPUT 1 "en_compute";
    .port_info 3 /INPUT 1 "load_weight";
    .port_info 4 /INPUT 8 "in_act";
    .port_info 5 /INPUT 8 "in_weight";
    .port_info 6 /INPUT 32 "in_psum";
    .port_info 7 /OUTPUT 8 "out_act";
    .port_info 8 /OUTPUT 32 "out_psum";
v000002b8921e9d90_0 .net "clk", 0 0, v000002b8922856e0_0;  alias, 1 drivers
v000002b8921e91b0_0 .net "en_compute", 0 0, L_000002b8922eb268;  alias, 1 drivers
v000002b8921e9250_0 .net "in_act", 7 0, L_000002b8920460d0;  alias, 1 drivers
v000002b8921e8030_0 .net "in_psum", 31 0, L_000002b892046140;  alias, 1 drivers
v000002b8921e7a90_0 .net "in_weight", 7 0, L_000002b89234fe90;  alias, 1 drivers
v000002b8921e7db0_0 .net "load_weight", 0 0, L_000002b892350930;  alias, 1 drivers
v000002b8921ea010_0 .var "out_act", 7 0;
v000002b8921e9f70_0 .var "out_psum", 31 0;
v000002b8921e8d50_0 .var/s "reg_weight", 7 0;
v000002b8921e94d0_0 .net "rst_n", 0 0, L_000002b8920707f0;  alias, 1 drivers
S_000002b8921dbea0 .scope generate, "COL_LOOP[7]" "COL_LOOP[7]" 9 55, 9 55 0, S_000002b8921d5790;
 .timescale -9 -12;
P_000002b89208f010 .param/l "c" 0 9 55, +C4<0111>;
v000002b8921ea150_0 .net "pe_in_act", 7 0, L_000002b892046220;  1 drivers
v000002b8921e8490_0 .net "pe_in_psum", 31 0, L_000002b892046760;  1 drivers
v000002b8921e7b30_0 .net "pe_in_weight", 7 0, L_000002b892350e30;  1 drivers
v000002b8921e9890_0 .net "pe_load_en", 0 0, L_000002b89234ff30;  1 drivers
S_000002b8921d9470 .scope generate, "genblk1" "genblk1" 9 61, 9 61 0, S_000002b8921dbea0;
 .timescale -9 -12;
L_000002b892046220 .functor BUFZ 8, v000002b8921ea010_0, C4<00000000>, C4<00000000>, C4<00000000>;
S_000002b8921d9150 .scope generate, "genblk2" "genblk2" 9 72, 9 72 0, S_000002b8921dbea0;
 .timescale -9 -12;
L_000002b892046760 .functor BUFZ 32, v000002b8921cab20_0, C4<00000000000000000000000000000000>, C4<00000000000000000000000000000000>, C4<00000000000000000000000000000000>;
S_000002b8921d8980 .scope module, "pe_inst" "pe" 9 91, 10 12 0, S_000002b8921dbea0;
 .timescale 0 0;
    .port_info 0 /INPUT 1 "clk";
    .port_info 1 /INPUT 1 "rst_n";
    .port_info 2 /INPUT 1 "en_compute";
    .port_info 3 /INPUT 1 "load_weight";
    .port_info 4 /INPUT 8 "in_act";
    .port_info 5 /INPUT 8 "in_weight";
    .port_info 6 /INPUT 32 "in_psum";
    .port_info 7 /OUTPUT 8 "out_act";
    .port_info 8 /OUTPUT 32 "out_psum";
v000002b8921e9430_0 .net "clk", 0 0, v000002b8922856e0_0;  alias, 1 drivers
v000002b8921e9e30_0 .net "en_compute", 0 0, L_000002b8922eb268;  alias, 1 drivers
v000002b8921e8a30_0 .net "in_act", 7 0, L_000002b892046220;  alias, 1 drivers
v000002b8921e7f90_0 .net "in_psum", 31 0, L_000002b892046760;  alias, 1 drivers
v000002b8921e8e90_0 .net "in_weight", 7 0, L_000002b892350e30;  alias, 1 drivers
v000002b8921e96b0_0 .net "load_weight", 0 0, L_000002b89234ff30;  alias, 1 drivers
v000002b8921e9570_0 .var "out_act", 7 0;
v000002b8921e7e50_0 .var "out_psum", 31 0;
v000002b8921e97f0_0 .var/s "reg_weight", 7 0;
v000002b8921e9ed0_0 .net "rst_n", 0 0, L_000002b8920707f0;  alias, 1 drivers
S_000002b8921d9790 .scope generate, "COL_LOOP[8]" "COL_LOOP[8]" 9 55, 9 55 0, S_000002b8921d5790;
 .timescale -9 -12;
P_000002b89208edd0 .param/l "c" 0 9 55, +C4<01000>;
v000002b8921e7ef0_0 .net "pe_in_act", 7 0, L_000002b892046840;  1 drivers
v000002b8921e7d10_0 .net "pe_in_psum", 31 0, L_000002b892046920;  1 drivers
v000002b8921e80d0_0 .net "pe_in_weight", 7 0, L_000002b892350070;  1 drivers
v000002b8921e8170_0 .net "pe_load_en", 0 0, L_000002b892350110;  1 drivers
S_000002b8921db3b0 .scope generate, "genblk1" "genblk1" 9 61, 9 61 0, S_000002b8921d9790;
 .timescale -9 -12;
L_000002b892046840 .functor BUFZ 8, v000002b8921e9570_0, C4<00000000>, C4<00000000>, C4<00000000>;
S_000002b8921dad70 .scope generate, "genblk2" "genblk2" 9 72, 9 72 0, S_000002b8921d9790;
 .timescale -9 -12;
L_000002b892046920 .functor BUFZ 32, v000002b8921ca1c0_0, C4<00000000000000000000000000000000>, C4<00000000000000000000000000000000>, C4<00000000000000000000000000000000>;
S_000002b8921da0f0 .scope module, "pe_inst" "pe" 9 91, 10 12 0, S_000002b8921d9790;
 .timescale 0 0;
    .port_info 0 /INPUT 1 "clk";
    .port_info 1 /INPUT 1 "rst_n";
    .port_info 2 /INPUT 1 "en_compute";
    .port_info 3 /INPUT 1 "load_weight";
    .port_info 4 /INPUT 8 "in_act";
    .port_info 5 /INPUT 8 "in_weight";
    .port_info 6 /INPUT 32 "in_psum";
    .port_info 7 /OUTPUT 8 "out_act";
    .port_info 8 /OUTPUT 32 "out_psum";
v000002b8921e79f0_0 .net "clk", 0 0, v000002b8922856e0_0;  alias, 1 drivers
v000002b8921e9930_0 .net "en_compute", 0 0, L_000002b8922eb268;  alias, 1 drivers
v000002b8921e9c50_0 .net "in_act", 7 0, L_000002b892046840;  alias, 1 drivers
v000002b8921e99d0_0 .net "in_psum", 31 0, L_000002b892046920;  alias, 1 drivers
v000002b8921e9a70_0 .net "in_weight", 7 0, L_000002b892350070;  alias, 1 drivers
v000002b8921e88f0_0 .net "load_weight", 0 0, L_000002b892350110;  alias, 1 drivers
v000002b8921e9b10_0 .var "out_act", 7 0;
v000002b8921e8990_0 .var "out_psum", 31 0;
v000002b8921e7c70_0 .var/s "reg_weight", 7 0;
v000002b8921e8b70_0 .net "rst_n", 0 0, L_000002b8920707f0;  alias, 1 drivers
S_000002b8921daf00 .scope generate, "COL_LOOP[9]" "COL_LOOP[9]" 9 55, 9 55 0, S_000002b8921d5790;
 .timescale -9 -12;
P_000002b89208ee90 .param/l "c" 0 9 55, +C4<01001>;
v000002b8921ebf50_0 .net "pe_in_act", 7 0, L_000002b892047b80;  1 drivers
v000002b8921ebeb0_0 .net "pe_in_psum", 31 0, L_000002b892047f00;  1 drivers
v000002b8921ebff0_0 .net "pe_in_weight", 7 0, L_000002b892351150;  1 drivers
v000002b8921ebb90_0 .net "pe_load_en", 0 0, L_000002b8923501b0;  1 drivers
S_000002b8921da5a0 .scope generate, "genblk1" "genblk1" 9 61, 9 61 0, S_000002b8921daf00;
 .timescale -9 -12;
L_000002b892047b80 .functor BUFZ 8, v000002b8921e9b10_0, C4<00000000>, C4<00000000>, C4<00000000>;
S_000002b8921db090 .scope generate, "genblk2" "genblk2" 9 72, 9 72 0, S_000002b8921daf00;
 .timescale -9 -12;
L_000002b892047f00 .functor BUFZ 32, v000002b8921ca3a0_0, C4<00000000000000000000000000000000>, C4<00000000000000000000000000000000>, C4<00000000000000000000000000000000>;
S_000002b8921d9f60 .scope module, "pe_inst" "pe" 9 91, 10 12 0, S_000002b8921daf00;
 .timescale 0 0;
    .port_info 0 /INPUT 1 "clk";
    .port_info 1 /INPUT 1 "rst_n";
    .port_info 2 /INPUT 1 "en_compute";
    .port_info 3 /INPUT 1 "load_weight";
    .port_info 4 /INPUT 8 "in_act";
    .port_info 5 /INPUT 8 "in_weight";
    .port_info 6 /INPUT 32 "in_psum";
    .port_info 7 /OUTPUT 8 "out_act";
    .port_info 8 /OUTPUT 32 "out_psum";
v000002b8921e9bb0_0 .net "clk", 0 0, v000002b8922856e0_0;  alias, 1 drivers
v000002b8921e9cf0_0 .net "en_compute", 0 0, L_000002b8922eb268;  alias, 1 drivers
v000002b8921e82b0_0 .net "in_act", 7 0, L_000002b892047b80;  alias, 1 drivers
v000002b8921e8cb0_0 .net "in_psum", 31 0, L_000002b892047f00;  alias, 1 drivers
v000002b8921eb870_0 .net "in_weight", 7 0, L_000002b892351150;  alias, 1 drivers
v000002b8921ea830_0 .net "load_weight", 0 0, L_000002b8923501b0;  alias, 1 drivers
v000002b8921ea1f0_0 .var "out_act", 7 0;
v000002b8921ea510_0 .var "out_psum", 31 0;
v000002b8921ec630_0 .var/s "reg_weight", 7 0;
v000002b8921ec770_0 .net "rst_n", 0 0, L_000002b8920707f0;  alias, 1 drivers
S_000002b8921db540 .scope generate, "COL_LOOP[10]" "COL_LOOP[10]" 9 55, 9 55 0, S_000002b8921d5790;
 .timescale -9 -12;
P_000002b89208f0d0 .param/l "c" 0 9 55, +C4<01010>;
v000002b8921eb0f0_0 .net "pe_in_act", 7 0, L_000002b892047bf0;  1 drivers
v000002b8921eac90_0 .net "pe_in_psum", 31 0, L_000002b892047cd0;  1 drivers
v000002b8921ebaf0_0 .net "pe_in_weight", 7 0, L_000002b892350d90;  1 drivers
v000002b8921ec450_0 .net "pe_load_en", 0 0, L_000002b892351010;  1 drivers
S_000002b8921dc030 .scope generate, "genblk1" "genblk1" 9 61, 9 61 0, S_000002b8921db540;
 .timescale -9 -12;
L_000002b892047bf0 .functor BUFZ 8, v000002b8921ea1f0_0, C4<00000000>, C4<00000000>, C4<00000000>;
S_000002b8921db860 .scope generate, "genblk2" "genblk2" 9 72, 9 72 0, S_000002b8921db540;
 .timescale -9 -12;
L_000002b892047cd0 .functor BUFZ 32, v000002b8921cbd40_0, C4<00000000000000000000000000000000>, C4<00000000000000000000000000000000>, C4<00000000000000000000000000000000>;
S_000002b8921d92e0 .scope module, "pe_inst" "pe" 9 91, 10 12 0, S_000002b8921db540;
 .timescale 0 0;
    .port_info 0 /INPUT 1 "clk";
    .port_info 1 /INPUT 1 "rst_n";
    .port_info 2 /INPUT 1 "en_compute";
    .port_info 3 /INPUT 1 "load_weight";
    .port_info 4 /INPUT 8 "in_act";
    .port_info 5 /INPUT 8 "in_weight";
    .port_info 6 /INPUT 32 "in_psum";
    .port_info 7 /OUTPUT 8 "out_act";
    .port_info 8 /OUTPUT 32 "out_psum";
v000002b8921eb410_0 .net "clk", 0 0, v000002b8922856e0_0;  alias, 1 drivers
v000002b8921ea650_0 .net "en_compute", 0 0, L_000002b8922eb268;  alias, 1 drivers
v000002b8921ec090_0 .net "in_act", 7 0, L_000002b892047bf0;  alias, 1 drivers
v000002b8921eae70_0 .net "in_psum", 31 0, L_000002b892047cd0;  alias, 1 drivers
v000002b8921ec4f0_0 .net "in_weight", 7 0, L_000002b892350d90;  alias, 1 drivers
v000002b8921eba50_0 .net "load_weight", 0 0, L_000002b892351010;  alias, 1 drivers
v000002b8921eab50_0 .var "out_act", 7 0;
v000002b8921ec6d0_0 .var "out_psum", 31 0;
v000002b8921ec810_0 .var/s "reg_weight", 7 0;
v000002b8921ea330_0 .net "rst_n", 0 0, L_000002b8920707f0;  alias, 1 drivers
S_000002b8921db6d0 .scope generate, "COL_LOOP[11]" "COL_LOOP[11]" 9 55, 9 55 0, S_000002b8921d5790;
 .timescale -9 -12;
P_000002b89208eb90 .param/l "c" 0 9 55, +C4<01011>;
v000002b8921ec1d0_0 .net "pe_in_act", 7 0, L_000002b892047d40;  1 drivers
v000002b8921eadd0_0 .net "pe_in_psum", 31 0, L_000002b892047db0;  1 drivers
v000002b8921eb230_0 .net "pe_in_weight", 7 0, L_000002b892351790;  1 drivers
v000002b8921ec950_0 .net "pe_load_en", 0 0, L_000002b8923502f0;  1 drivers
S_000002b8921d8b10 .scope generate, "genblk1" "genblk1" 9 61, 9 61 0, S_000002b8921db6d0;
 .timescale -9 -12;
L_000002b892047d40 .functor BUFZ 8, v000002b8921eab50_0, C4<00000000>, C4<00000000>, C4<00000000>;
S_000002b8921d9dd0 .scope generate, "genblk2" "genblk2" 9 72, 9 72 0, S_000002b8921db6d0;
 .timescale -9 -12;
L_000002b892047db0 .functor BUFZ 32, v000002b8921cde60_0, C4<00000000000000000000000000000000>, C4<00000000000000000000000000000000>, C4<00000000000000000000000000000000>;
S_000002b8921d9ab0 .scope module, "pe_inst" "pe" 9 91, 10 12 0, S_000002b8921db6d0;
 .timescale 0 0;
    .port_info 0 /INPUT 1 "clk";
    .port_info 1 /INPUT 1 "rst_n";
    .port_info 2 /INPUT 1 "en_compute";
    .port_info 3 /INPUT 1 "load_weight";
    .port_info 4 /INPUT 8 "in_act";
    .port_info 5 /INPUT 8 "in_weight";
    .port_info 6 /INPUT 32 "in_psum";
    .port_info 7 /OUTPUT 8 "out_act";
    .port_info 8 /OUTPUT 32 "out_psum";
v000002b8921ec8b0_0 .net "clk", 0 0, v000002b8922856e0_0;  alias, 1 drivers
v000002b8921eb550_0 .net "en_compute", 0 0, L_000002b8922eb268;  alias, 1 drivers
v000002b8921ea6f0_0 .net "in_act", 7 0, L_000002b892047d40;  alias, 1 drivers
v000002b8921ec590_0 .net "in_psum", 31 0, L_000002b892047db0;  alias, 1 drivers
v000002b8921eb5f0_0 .net "in_weight", 7 0, L_000002b892351790;  alias, 1 drivers
v000002b8921ebc30_0 .net "load_weight", 0 0, L_000002b8923502f0;  alias, 1 drivers
v000002b8921eb690_0 .var "out_act", 7 0;
v000002b8921ebcd0_0 .var "out_psum", 31 0;
v000002b8921ebd70_0 .var/s "reg_weight", 7 0;
v000002b8921ec130_0 .net "rst_n", 0 0, L_000002b8920707f0;  alias, 1 drivers
S_000002b8921d8340 .scope generate, "COL_LOOP[12]" "COL_LOOP[12]" 9 55, 9 55 0, S_000002b8921d5790;
 .timescale -9 -12;
P_000002b89208e710 .param/l "c" 0 9 55, +C4<01100>;
v000002b8921eafb0_0 .net "pe_in_act", 7 0, L_000002b892047e20;  1 drivers
v000002b8921ea790_0 .net "pe_in_psum", 31 0, L_000002b892047e90;  1 drivers
v000002b8921ea970_0 .net "pe_in_weight", 7 0, L_000002b892350390;  1 drivers
v000002b8921eb910_0 .net "pe_load_en", 0 0, L_000002b892350430;  1 drivers
S_000002b8921da280 .scope generate, "genblk1" "genblk1" 9 61, 9 61 0, S_000002b8921d8340;
 .timescale -9 -12;
L_000002b892047e20 .functor BUFZ 8, v000002b8921eb690_0, C4<00000000>, C4<00000000>, C4<00000000>;
S_000002b8921dbb80 .scope generate, "genblk2" "genblk2" 9 72, 9 72 0, S_000002b8921d8340;
 .timescale -9 -12;
L_000002b892047e90 .functor BUFZ 32, v000002b8921ce220_0, C4<00000000000000000000000000000000>, C4<00000000000000000000000000000000>, C4<00000000000000000000000000000000>;
S_000002b8921db9f0 .scope module, "pe_inst" "pe" 9 91, 10 12 0, S_000002b8921d8340;
 .timescale 0 0;
    .port_info 0 /INPUT 1 "clk";
    .port_info 1 /INPUT 1 "rst_n";
    .port_info 2 /INPUT 1 "en_compute";
    .port_info 3 /INPUT 1 "load_weight";
    .port_info 4 /INPUT 8 "in_act";
    .port_info 5 /INPUT 8 "in_weight";
    .port_info 6 /INPUT 32 "in_psum";
    .port_info 7 /OUTPUT 8 "out_act";
    .port_info 8 /OUTPUT 32 "out_psum";
v000002b8921ebe10_0 .net "clk", 0 0, v000002b8922856e0_0;  alias, 1 drivers
v000002b8921ea290_0 .net "en_compute", 0 0, L_000002b8922eb268;  alias, 1 drivers
v000002b8921ea8d0_0 .net "in_act", 7 0, L_000002b892047e20;  alias, 1 drivers
v000002b8921ec270_0 .net "in_psum", 31 0, L_000002b892047e90;  alias, 1 drivers
v000002b8921ec310_0 .net "in_weight", 7 0, L_000002b892350390;  alias, 1 drivers
v000002b8921ec3b0_0 .net "load_weight", 0 0, L_000002b892350430;  alias, 1 drivers
v000002b8921eb730_0 .var "out_act", 7 0;
v000002b8921ea3d0_0 .var "out_psum", 31 0;
v000002b8921ea470_0 .var/s "reg_weight", 7 0;
v000002b8921ea5b0_0 .net "rst_n", 0 0, L_000002b8920707f0;  alias, 1 drivers
S_000002b8921d81b0 .scope generate, "COL_LOOP[13]" "COL_LOOP[13]" 9 55, 9 55 0, S_000002b8921d5790;
 .timescale -9 -12;
P_000002b89208e390 .param/l "c" 0 9 55, +C4<01101>;
v000002b8921eddf0_0 .net "pe_in_act", 7 0, L_000002b891abd070;  1 drivers
v000002b8921edcb0_0 .net "pe_in_psum", 31 0, L_000002b891abca50;  1 drivers
v000002b8921ef150_0 .net "pe_in_weight", 7 0, L_000002b8923504d0;  1 drivers
v000002b8921ed530_0 .net "pe_load_en", 0 0, L_000002b8923509d0;  1 drivers
S_000002b8921da730 .scope generate, "genblk1" "genblk1" 9 61, 9 61 0, S_000002b8921d81b0;
 .timescale -9 -12;
L_000002b891abd070 .functor BUFZ 8, v000002b8921eb730_0, C4<00000000>, C4<00000000>, C4<00000000>;
S_000002b8921d9600 .scope generate, "genblk2" "genblk2" 9 72, 9 72 0, S_000002b8921d81b0;
 .timescale -9 -12;
L_000002b891abca50 .functor BUFZ 32, v000002b8921cdc80_0, C4<00000000000000000000000000000000>, C4<00000000000000000000000000000000>, C4<00000000000000000000000000000000>;
S_000002b8921da8c0 .scope module, "pe_inst" "pe" 9 91, 10 12 0, S_000002b8921d81b0;
 .timescale 0 0;
    .port_info 0 /INPUT 1 "clk";
    .port_info 1 /INPUT 1 "rst_n";
    .port_info 2 /INPUT 1 "en_compute";
    .port_info 3 /INPUT 1 "load_weight";
    .port_info 4 /INPUT 8 "in_act";
    .port_info 5 /INPUT 8 "in_weight";
    .port_info 6 /INPUT 32 "in_psum";
    .port_info 7 /OUTPUT 8 "out_act";
    .port_info 8 /OUTPUT 32 "out_psum";
v000002b8921eaa10_0 .net "clk", 0 0, v000002b8922856e0_0;  alias, 1 drivers
v000002b8921eb2d0_0 .net "en_compute", 0 0, L_000002b8922eb268;  alias, 1 drivers
v000002b8921eaab0_0 .net "in_act", 7 0, L_000002b891abd070;  alias, 1 drivers
v000002b8921ead30_0 .net "in_psum", 31 0, L_000002b891abca50;  alias, 1 drivers
v000002b8921eb050_0 .net "in_weight", 7 0, L_000002b8923504d0;  alias, 1 drivers
v000002b8921eb7d0_0 .net "load_weight", 0 0, L_000002b8923509d0;  alias, 1 drivers
v000002b8921eb9b0_0 .var "out_act", 7 0;
v000002b8921eb370_0 .var "out_psum", 31 0;
v000002b8921ec9f0_0 .var/s "reg_weight", 7 0;
v000002b8921ee7f0_0 .net "rst_n", 0 0, L_000002b8920707f0;  alias, 1 drivers
S_000002b8921daa50 .scope generate, "COL_LOOP[14]" "COL_LOOP[14]" 9 55, 9 55 0, S_000002b8921d5790;
 .timescale -9 -12;
P_000002b89208ec10 .param/l "c" 0 9 55, +C4<01110>;
v000002b8921eecf0_0 .net "pe_in_act", 7 0, L_000002b891abb860;  1 drivers
v000002b8921ee250_0 .net "pe_in_psum", 31 0, L_000002b891abc200;  1 drivers
v000002b8921eec50_0 .net "pe_in_weight", 7 0, L_000002b892350a70;  1 drivers
v000002b8921eee30_0 .net "pe_load_en", 0 0, L_000002b892352230;  1 drivers
S_000002b8921d84d0 .scope generate, "genblk1" "genblk1" 9 61, 9 61 0, S_000002b8921daa50;
 .timescale -9 -12;
L_000002b891abb860 .functor BUFZ 8, v000002b8921eb9b0_0, C4<00000000>, C4<00000000>, C4<00000000>;
S_000002b8921db220 .scope generate, "genblk2" "genblk2" 9 72, 9 72 0, S_000002b8921daa50;
 .timescale -9 -12;
L_000002b891abc200 .functor BUFZ 32, v000002b8921ceae0_0, C4<00000000000000000000000000000000>, C4<00000000000000000000000000000000>, C4<00000000000000000000000000000000>;
S_000002b8921dbd10 .scope module, "pe_inst" "pe" 9 91, 10 12 0, S_000002b8921daa50;
 .timescale 0 0;
    .port_info 0 /INPUT 1 "clk";
    .port_info 1 /INPUT 1 "rst_n";
    .port_info 2 /INPUT 1 "en_compute";
    .port_info 3 /INPUT 1 "load_weight";
    .port_info 4 /INPUT 8 "in_act";
    .port_info 5 /INPUT 8 "in_weight";
    .port_info 6 /INPUT 32 "in_psum";
    .port_info 7 /OUTPUT 8 "out_act";
    .port_info 8 /OUTPUT 32 "out_psum";
v000002b8921ed350_0 .net "clk", 0 0, v000002b8922856e0_0;  alias, 1 drivers
v000002b8921edf30_0 .net "en_compute", 0 0, L_000002b8922eb268;  alias, 1 drivers
v000002b8921ed3f0_0 .net "in_act", 7 0, L_000002b891abb860;  alias, 1 drivers
v000002b8921edd50_0 .net "in_psum", 31 0, L_000002b891abc200;  alias, 1 drivers
v000002b8921edc10_0 .net "in_weight", 7 0, L_000002b892350a70;  alias, 1 drivers
v000002b8921ed850_0 .net "load_weight", 0 0, L_000002b892352230;  alias, 1 drivers
v000002b8921edfd0_0 .var "out_act", 7 0;
v000002b8921ed8f0_0 .var "out_psum", 31 0;
v000002b8921ed5d0_0 .var/s "reg_weight", 7 0;
v000002b8921ede90_0 .net "rst_n", 0 0, L_000002b8920707f0;  alias, 1 drivers
S_000002b8921dc1c0 .scope generate, "COL_LOOP[15]" "COL_LOOP[15]" 9 55, 9 55 0, S_000002b8921d5790;
 .timescale -9 -12;
P_000002b89208e450 .param/l "c" 0 9 55, +C4<01111>;
v000002b8921ed710_0 .net "pe_in_act", 7 0, L_000002b891abba90;  1 drivers
v000002b8921ed990_0 .net "pe_in_psum", 31 0, L_000002b891abbe80;  1 drivers
v000002b8921ef010_0 .net "pe_in_weight", 7 0, L_000002b892354030;  1 drivers
v000002b8921ef0b0_0 .net "pe_load_en", 0 0, L_000002b8923547b0;  1 drivers
S_000002b8921d8ca0 .scope generate, "genblk1" "genblk1" 9 61, 9 61 0, S_000002b8921dc1c0;
 .timescale -9 -12;
L_000002b891abba90 .functor BUFZ 8, v000002b8921edfd0_0, C4<00000000>, C4<00000000>, C4<00000000>;
S_000002b8921dc350 .scope generate, "genblk2" "genblk2" 9 72, 9 72 0, S_000002b8921dc1c0;
 .timescale -9 -12;
L_000002b891abbe80 .functor BUFZ 32, v000002b8921cf3a0_0, C4<00000000000000000000000000000000>, C4<00000000000000000000000000000000>, C4<00000000000000000000000000000000>;
S_000002b8921dc4e0 .scope module, "pe_inst" "pe" 9 91, 10 12 0, S_000002b8921dc1c0;
 .timescale 0 0;
    .port_info 0 /INPUT 1 "clk";
    .port_info 1 /INPUT 1 "rst_n";
    .port_info 2 /INPUT 1 "en_compute";
    .port_info 3 /INPUT 1 "load_weight";
    .port_info 4 /INPUT 8 "in_act";
    .port_info 5 /INPUT 8 "in_weight";
    .port_info 6 /INPUT 32 "in_psum";
    .port_info 7 /OUTPUT 8 "out_act";
    .port_info 8 /OUTPUT 32 "out_psum";
v000002b8921ece50_0 .net "clk", 0 0, v000002b8922856e0_0;  alias, 1 drivers
v000002b8921ee070_0 .net "en_compute", 0 0, L_000002b8922eb268;  alias, 1 drivers
v000002b8921eed90_0 .net "in_act", 7 0, L_000002b891abba90;  alias, 1 drivers
v000002b8921ee890_0 .net "in_psum", 31 0, L_000002b891abbe80;  alias, 1 drivers
v000002b8921ee390_0 .net "in_weight", 7 0, L_000002b892354030;  alias, 1 drivers
v000002b8921eeed0_0 .net "load_weight", 0 0, L_000002b8923547b0;  alias, 1 drivers
v000002b8921ee6b0_0 .var "out_act", 7 0;
v000002b8921edb70_0 .var "out_psum", 31 0;
v000002b8921ee930_0 .var/s "reg_weight", 7 0;
v000002b8921ed670_0 .net "rst_n", 0 0, L_000002b8920707f0;  alias, 1 drivers
S_000002b8921dc670 .scope generate, "ROW_LOOP[7]" "ROW_LOOP[7]" 9 54, 9 54 0, S_000002b89217d0b0;
 .timescale -9 -12;
P_000002b89208ebd0 .param/l "r" 0 9 54, +C4<0111>;
S_000002b8921d8660 .scope generate, "COL_LOOP[0]" "COL_LOOP[0]" 9 55, 9 55 0, S_000002b8921dc670;
 .timescale -9 -12;
P_000002b89208e3d0 .param/l "c" 0 9 55, +C4<00>;
v000002b8921edad0_0 .net "pe_in_act", 7 0, L_000002b892353a90;  1 drivers
v000002b8921ecbd0_0 .net "pe_in_psum", 31 0, L_000002b891abc350;  1 drivers
v000002b8921ecc70_0 .net "pe_in_weight", 7 0, L_000002b8923540d0;  1 drivers
v000002b8921eea70_0 .net "pe_load_en", 0 0, L_000002b892354710;  1 drivers
S_000002b8921dc800 .scope generate, "genblk1" "genblk1" 9 61, 9 61 0, S_000002b8921d8660;
 .timescale -9 -12;
S_000002b8921dc990 .scope generate, "genblk2" "genblk2" 9 72, 9 72 0, S_000002b8921d8660;
 .timescale -9 -12;
L_000002b891abc350 .functor BUFZ 32, v000002b8921cf300_0, C4<00000000000000000000000000000000>, C4<00000000000000000000000000000000>, C4<00000000000000000000000000000000>;
S_000002b8921dcfd0 .scope module, "pe_inst" "pe" 9 91, 10 12 0, S_000002b8921d8660;
 .timescale 0 0;
    .port_info 0 /INPUT 1 "clk";
    .port_info 1 /INPUT 1 "rst_n";
    .port_info 2 /INPUT 1 "en_compute";
    .port_info 3 /INPUT 1 "load_weight";
    .port_info 4 /INPUT 8 "in_act";
    .port_info 5 /INPUT 8 "in_weight";
    .port_info 6 /INPUT 32 "in_psum";
    .port_info 7 /OUTPUT 8 "out_act";
    .port_info 8 /OUTPUT 32 "out_psum";
v000002b8921ee9d0_0 .net "clk", 0 0, v000002b8922856e0_0;  alias, 1 drivers
v000002b8921ee430_0 .net "en_compute", 0 0, L_000002b8922eb268;  alias, 1 drivers
v000002b8921ee750_0 .net "in_act", 7 0, L_000002b892353a90;  alias, 1 drivers
v000002b8921ee110_0 .net "in_psum", 31 0, L_000002b891abc350;  alias, 1 drivers
v000002b8921ee1b0_0 .net "in_weight", 7 0, L_000002b8923540d0;  alias, 1 drivers
v000002b8921ed7b0_0 .net "load_weight", 0 0, L_000002b892354710;  alias, 1 drivers
v000002b8921ee610_0 .var "out_act", 7 0;
v000002b8921ee2f0_0 .var "out_psum", 31 0;
v000002b8921ecb30_0 .var/s "reg_weight", 7 0;
v000002b8921eda30_0 .net "rst_n", 0 0, L_000002b8920707f0;  alias, 1 drivers
S_000002b8921dce40 .scope generate, "COL_LOOP[1]" "COL_LOOP[1]" 9 55, 9 55 0, S_000002b8921dc670;
 .timescale -9 -12;
P_000002b89208e7d0 .param/l "c" 0 9 55, +C4<01>;
v000002b8921ed210_0 .net "pe_in_act", 7 0, L_000002b891abc190;  1 drivers
v000002b8921ed2b0_0 .net "pe_in_psum", 31 0, L_000002b891abbf60;  1 drivers
v000002b8921efd30_0 .net "pe_in_weight", 7 0, L_000002b892353f90;  1 drivers
v000002b8921efdd0_0 .net "pe_load_en", 0 0, L_000002b892352910;  1 drivers
S_000002b8921dcb20 .scope generate, "genblk1" "genblk1" 9 61, 9 61 0, S_000002b8921dce40;
 .timescale -9 -12;
L_000002b891abc190 .functor BUFZ 8, v000002b8921ee610_0, C4<00000000>, C4<00000000>, C4<00000000>;
S_000002b8921dccb0 .scope generate, "genblk2" "genblk2" 9 72, 9 72 0, S_000002b8921dce40;
 .timescale -9 -12;
L_000002b891abbf60 .functor BUFZ 32, v000002b8921c15c0_0, C4<00000000000000000000000000000000>, C4<00000000000000000000000000000000>, C4<00000000000000000000000000000000>;
S_000002b8921d8fc0 .scope module, "pe_inst" "pe" 9 91, 10 12 0, S_000002b8921dce40;
 .timescale 0 0;
    .port_info 0 /INPUT 1 "clk";
    .port_info 1 /INPUT 1 "rst_n";
    .port_info 2 /INPUT 1 "en_compute";
    .port_info 3 /INPUT 1 "load_weight";
    .port_info 4 /INPUT 8 "in_act";
    .port_info 5 /INPUT 8 "in_weight";
    .port_info 6 /INPUT 32 "in_psum";
    .port_info 7 /OUTPUT 8 "out_act";
    .port_info 8 /OUTPUT 32 "out_psum";
v000002b8921ee570_0 .net "clk", 0 0, v000002b8922856e0_0;  alias, 1 drivers
v000002b8921eeb10_0 .net "en_compute", 0 0, L_000002b8922eb268;  alias, 1 drivers
v000002b8921eebb0_0 .net "in_act", 7 0, L_000002b891abc190;  alias, 1 drivers
v000002b8921ecd10_0 .net "in_psum", 31 0, L_000002b891abbf60;  alias, 1 drivers
v000002b8921ecdb0_0 .net "in_weight", 7 0, L_000002b892353f90;  alias, 1 drivers
v000002b8921ecef0_0 .net "load_weight", 0 0, L_000002b892352910;  alias, 1 drivers
v000002b8921ecf90_0 .var "out_act", 7 0;
v000002b8921ed030_0 .var "out_psum", 31 0;
v000002b8921ed0d0_0 .var/s "reg_weight", 7 0;
v000002b8921ed170_0 .net "rst_n", 0 0, L_000002b8920707f0;  alias, 1 drivers
S_000002b8921dd160 .scope generate, "COL_LOOP[2]" "COL_LOOP[2]" 9 55, 9 55 0, S_000002b8921dc670;
 .timescale -9 -12;
P_000002b89208ee10 .param/l "c" 0 9 55, +C4<010>;
v000002b8921f0050_0 .net "pe_in_act", 7 0, L_000002b891abc040;  1 drivers
v000002b8921ef1f0_0 .net "pe_in_psum", 31 0, L_000002b891abc0b0;  1 drivers
v000002b8921ef290_0 .net "pe_in_weight", 7 0, L_000002b892354850;  1 drivers
v000002b8921efab0_0 .net "pe_load_en", 0 0, L_000002b892353590;  1 drivers
S_000002b8921dd2f0 .scope generate, "genblk1" "genblk1" 9 61, 9 61 0, S_000002b8921dd160;
 .timescale -9 -12;
L_000002b891abc040 .functor BUFZ 8, v000002b8921ecf90_0, C4<00000000>, C4<00000000>, C4<00000000>;
S_000002b8921dd480 .scope generate, "genblk2" "genblk2" 9 72, 9 72 0, S_000002b8921dd160;
 .timescale -9 -12;
L_000002b891abc0b0 .functor BUFZ 32, v000002b8921c09e0_0, C4<00000000000000000000000000000000>, C4<00000000000000000000000000000000>, C4<00000000000000000000000000000000>;
S_000002b8921dd610 .scope module, "pe_inst" "pe" 9 91, 10 12 0, S_000002b8921dd160;
 .timescale 0 0;
    .port_info 0 /INPUT 1 "clk";
    .port_info 1 /INPUT 1 "rst_n";
    .port_info 2 /INPUT 1 "en_compute";
    .port_info 3 /INPUT 1 "load_weight";
    .port_info 4 /INPUT 8 "in_act";
    .port_info 5 /INPUT 8 "in_weight";
    .port_info 6 /INPUT 32 "in_psum";
    .port_info 7 /OUTPUT 8 "out_act";
    .port_info 8 /OUTPUT 32 "out_psum";
v000002b8921efe70_0 .net "clk", 0 0, v000002b8922856e0_0;  alias, 1 drivers
v000002b8921ef3d0_0 .net "en_compute", 0 0, L_000002b8922eb268;  alias, 1 drivers
v000002b8921efc90_0 .net "in_act", 7 0, L_000002b891abc040;  alias, 1 drivers
v000002b8921efb50_0 .net "in_psum", 31 0, L_000002b891abc0b0;  alias, 1 drivers
v000002b8921efbf0_0 .net "in_weight", 7 0, L_000002b892354850;  alias, 1 drivers
v000002b8921eff10_0 .net "load_weight", 0 0, L_000002b892353590;  alias, 1 drivers
v000002b8921effb0_0 .var "out_act", 7 0;
v000002b8921ef470_0 .var "out_psum", 31 0;
v000002b8921ef5b0_0 .var/s "reg_weight", 7 0;
v000002b8921ef6f0_0 .net "rst_n", 0 0, L_000002b8920707f0;  alias, 1 drivers
S_000002b8921dd7a0 .scope generate, "COL_LOOP[3]" "COL_LOOP[3]" 9 55, 9 55 0, S_000002b8921dc670;
 .timescale -9 -12;
P_000002b89208e490 .param/l "c" 0 9 55, +C4<011>;
v000002b8921e0c90_0 .net "pe_in_act", 7 0, L_000002b891abc3c0;  1 drivers
v000002b8921e01f0_0 .net "pe_in_psum", 31 0, L_000002b891abd620;  1 drivers
v000002b8921e2770_0 .net "pe_in_weight", 7 0, L_000002b892353e50;  1 drivers
v000002b8921e2130_0 .net "pe_load_en", 0 0, L_000002b892354530;  1 drivers
S_000002b8921dd930 .scope generate, "genblk1" "genblk1" 9 61, 9 61 0, S_000002b8921dd7a0;
 .timescale -9 -12;
L_000002b891abc3c0 .functor BUFZ 8, v000002b8921effb0_0, C4<00000000>, C4<00000000>, C4<00000000>;
S_000002b8921d9920 .scope generate, "genblk2" "genblk2" 9 72, 9 72 0, S_000002b8921dd7a0;
 .timescale -9 -12;
L_000002b891abd620 .functor BUFZ 32, v000002b8921c1a20_0, C4<00000000000000000000000000000000>, C4<00000000000000000000000000000000>, C4<00000000000000000000000000000000>;
S_000002b8921ddac0 .scope module, "pe_inst" "pe" 9 91, 10 12 0, S_000002b8921dd7a0;
 .timescale 0 0;
    .port_info 0 /INPUT 1 "clk";
    .port_info 1 /INPUT 1 "rst_n";
    .port_info 2 /INPUT 1 "en_compute";
    .port_info 3 /INPUT 1 "load_weight";
    .port_info 4 /INPUT 8 "in_act";
    .port_info 5 /INPUT 8 "in_weight";
    .port_info 6 /INPUT 32 "in_psum";
    .port_info 7 /OUTPUT 8 "out_act";
    .port_info 8 /OUTPUT 32 "out_psum";
v000002b8921ef510_0 .net "clk", 0 0, v000002b8922856e0_0;  alias, 1 drivers
v000002b8921ef650_0 .net "en_compute", 0 0, L_000002b8922eb268;  alias, 1 drivers
v000002b8921ef790_0 .net "in_act", 7 0, L_000002b891abc3c0;  alias, 1 drivers
v000002b8921ef830_0 .net "in_psum", 31 0, L_000002b891abd620;  alias, 1 drivers
v000002b8921ef8d0_0 .net "in_weight", 7 0, L_000002b892353e50;  alias, 1 drivers
v000002b8921efa10_0 .net "load_weight", 0 0, L_000002b892354530;  alias, 1 drivers
v000002b8921e1e10_0 .var "out_act", 7 0;
v000002b8921e1690_0 .var "out_psum", 31 0;
v000002b8921e2450_0 .var/s "reg_weight", 7 0;
v000002b8921e0e70_0 .net "rst_n", 0 0, L_000002b8920707f0;  alias, 1 drivers
S_000002b8921ddc50 .scope generate, "COL_LOOP[4]" "COL_LOOP[4]" 9 55, 9 55 0, S_000002b8921dc670;
 .timescale -9 -12;
P_000002b89208e810 .param/l "c" 0 9 55, +C4<0100>;
v000002b8921e10f0_0 .net "pe_in_act", 7 0, L_000002b891abd690;  1 drivers
v000002b8921e0bf0_0 .net "pe_in_psum", 31 0, L_000002b891abd3f0;  1 drivers
v000002b8921e21d0_0 .net "pe_in_weight", 7 0, L_000002b8923534f0;  1 drivers
v000002b8921e2270_0 .net "pe_load_en", 0 0, L_000002b892353810;  1 drivers
S_000002b8921ddde0 .scope generate, "genblk1" "genblk1" 9 61, 9 61 0, S_000002b8921ddc50;
 .timescale -9 -12;
L_000002b891abd690 .functor BUFZ 8, v000002b8921e1e10_0, C4<00000000>, C4<00000000>, C4<00000000>;
S_000002b8921ddf70 .scope generate, "genblk2" "genblk2" 9 72, 9 72 0, S_000002b8921ddc50;
 .timescale -9 -12;
L_000002b891abd3f0 .functor BUFZ 32, v000002b8921c0260_0, C4<00000000000000000000000000000000>, C4<00000000000000000000000000000000>, C4<00000000000000000000000000000000>;
S_000002b8921de100 .scope module, "pe_inst" "pe" 9 91, 10 12 0, S_000002b8921ddc50;
 .timescale 0 0;
    .port_info 0 /INPUT 1 "clk";
    .port_info 1 /INPUT 1 "rst_n";
    .port_info 2 /INPUT 1 "en_compute";
    .port_info 3 /INPUT 1 "load_weight";
    .port_info 4 /INPUT 8 "in_act";
    .port_info 5 /INPUT 8 "in_weight";
    .port_info 6 /INPUT 32 "in_psum";
    .port_info 7 /OUTPUT 8 "out_act";
    .port_info 8 /OUTPUT 32 "out_psum";
v000002b8921e0b50_0 .net "clk", 0 0, v000002b8922856e0_0;  alias, 1 drivers
v000002b8921e1eb0_0 .net "en_compute", 0 0, L_000002b8922eb268;  alias, 1 drivers
v000002b8921e2090_0 .net "in_act", 7 0, L_000002b891abd690;  alias, 1 drivers
v000002b8921e1af0_0 .net "in_psum", 31 0, L_000002b891abd3f0;  alias, 1 drivers
v000002b8921e0290_0 .net "in_weight", 7 0, L_000002b8923534f0;  alias, 1 drivers
v000002b8921e1ff0_0 .net "load_weight", 0 0, L_000002b892353810;  alias, 1 drivers
v000002b8921e2630_0 .var "out_act", 7 0;
v000002b8921e1730_0 .var "out_psum", 31 0;
v000002b8921e17d0_0 .var/s "reg_weight", 7 0;
v000002b8921e15f0_0 .net "rst_n", 0 0, L_000002b8920707f0;  alias, 1 drivers
S_000002b8921de290 .scope generate, "COL_LOOP[5]" "COL_LOOP[5]" 9 55, 9 55 0, S_000002b8921dc670;
 .timescale -9 -12;
P_000002b89208e4d0 .param/l "c" 0 9 55, +C4<0101>;
v000002b8921e1410_0 .net "pe_in_act", 7 0, L_000002b891abd700;  1 drivers
v000002b8921e28b0_0 .net "pe_in_psum", 31 0, L_000002b891abd460;  1 drivers
v000002b8921e0dd0_0 .net "pe_in_weight", 7 0, L_000002b892352cd0;  1 drivers
v000002b8921e14b0_0 .net "pe_load_en", 0 0, L_000002b892354490;  1 drivers
S_000002b8921de420 .scope generate, "genblk1" "genblk1" 9 61, 9 61 0, S_000002b8921de290;
 .timescale -9 -12;
L_000002b891abd700 .functor BUFZ 8, v000002b8921e2630_0, C4<00000000>, C4<00000000>, C4<00000000>;
S_000002b89222c620 .scope generate, "genblk2" "genblk2" 9 72, 9 72 0, S_000002b8921de290;
 .timescale -9 -12;
L_000002b891abd460 .functor BUFZ 32, v000002b8921e83f0_0, C4<00000000000000000000000000000000>, C4<00000000000000000000000000000000>, C4<00000000000000000000000000000000>;
S_000002b89222c7b0 .scope module, "pe_inst" "pe" 9 91, 10 12 0, S_000002b8921de290;
 .timescale 0 0;
    .port_info 0 /INPUT 1 "clk";
    .port_info 1 /INPUT 1 "rst_n";
    .port_info 2 /INPUT 1 "en_compute";
    .port_info 3 /INPUT 1 "load_weight";
    .port_info 4 /INPUT 8 "in_act";
    .port_info 5 /INPUT 8 "in_weight";
    .port_info 6 /INPUT 32 "in_psum";
    .port_info 7 /OUTPUT 8 "out_act";
    .port_info 8 /OUTPUT 32 "out_psum";
v000002b8921e1870_0 .net "clk", 0 0, v000002b8922856e0_0;  alias, 1 drivers
v000002b8921e1cd0_0 .net "en_compute", 0 0, L_000002b8922eb268;  alias, 1 drivers
v000002b8921e24f0_0 .net "in_act", 7 0, L_000002b891abd700;  alias, 1 drivers
v000002b8921e1a50_0 .net "in_psum", 31 0, L_000002b891abd460;  alias, 1 drivers
v000002b8921e0d30_0 .net "in_weight", 7 0, L_000002b892352cd0;  alias, 1 drivers
v000002b8921e1910_0 .net "load_weight", 0 0, L_000002b892354490;  alias, 1 drivers
v000002b8921e1230_0 .var "out_act", 7 0;
v000002b8921e03d0_0 .var "out_psum", 31 0;
v000002b8921e1190_0 .var/s "reg_weight", 7 0;
v000002b8921e2810_0 .net "rst_n", 0 0, L_000002b8920707f0;  alias, 1 drivers
S_000002b89222cad0 .scope generate, "COL_LOOP[6]" "COL_LOOP[6]" 9 55, 9 55 0, S_000002b8921dc670;
 .timescale -9 -12;
P_000002b89208ecd0 .param/l "c" 0 9 55, +C4<0110>;
v000002b8921e0fb0_0 .net "pe_in_act", 7 0, L_000002b891abd540;  1 drivers
v000002b8921e1c30_0 .net "pe_in_psum", 31 0, L_000002b891abd4d0;  1 drivers
v000002b8921e05b0_0 .net "pe_in_weight", 7 0, L_000002b892352f50;  1 drivers
v000002b8921e1370_0 .net "pe_load_en", 0 0, L_000002b892353630;  1 drivers
S_000002b89222c490 .scope generate, "genblk1" "genblk1" 9 61, 9 61 0, S_000002b89222cad0;
 .timescale -9 -12;
L_000002b891abd540 .functor BUFZ 8, v000002b8921e1230_0, C4<00000000>, C4<00000000>, C4<00000000>;
S_000002b89222c940 .scope generate, "genblk2" "genblk2" 9 72, 9 72 0, S_000002b89222cad0;
 .timescale -9 -12;
L_000002b891abd4d0 .functor BUFZ 32, v000002b8921e9f70_0, C4<00000000000000000000000000000000>, C4<00000000000000000000000000000000>, C4<00000000000000000000000000000000>;
S_000002b89222cc60 .scope module, "pe_inst" "pe" 9 91, 10 12 0, S_000002b89222cad0;
 .timescale 0 0;
    .port_info 0 /INPUT 1 "clk";
    .port_info 1 /INPUT 1 "rst_n";
    .port_info 2 /INPUT 1 "en_compute";
    .port_info 3 /INPUT 1 "load_weight";
    .port_info 4 /INPUT 8 "in_act";
    .port_info 5 /INPUT 8 "in_weight";
    .port_info 6 /INPUT 32 "in_psum";
    .port_info 7 /OUTPUT 8 "out_act";
    .port_info 8 /OUTPUT 32 "out_psum";
v000002b8921e0830_0 .net "clk", 0 0, v000002b8922856e0_0;  alias, 1 drivers
v000002b8921e0470_0 .net "en_compute", 0 0, L_000002b8922eb268;  alias, 1 drivers
v000002b8921e0f10_0 .net "in_act", 7 0, L_000002b891abd540;  alias, 1 drivers
v000002b8921e26d0_0 .net "in_psum", 31 0, L_000002b891abd4d0;  alias, 1 drivers
v000002b8921e19b0_0 .net "in_weight", 7 0, L_000002b892352f50;  alias, 1 drivers
v000002b8921e2310_0 .net "load_weight", 0 0, L_000002b892353630;  alias, 1 drivers
v000002b8921e23b0_0 .var "out_act", 7 0;
v000002b8921e12d0_0 .var "out_psum", 31 0;
v000002b8921e1f50_0 .var/s "reg_weight", 7 0;
v000002b8921e2590_0 .net "rst_n", 0 0, L_000002b8920707f0;  alias, 1 drivers
S_000002b89222dc00 .scope generate, "COL_LOOP[7]" "COL_LOOP[7]" 9 55, 9 55 0, S_000002b8921dc670;
 .timescale -9 -12;
P_000002b89208ed90 .param/l "c" 0 9 55, +C4<0111>;
v000002b8921e2f90_0 .net "pe_in_act", 7 0, L_000002b8916fc820;  1 drivers
v000002b8921e33f0_0 .net "pe_in_psum", 31 0, L_000002b891681fa0;  1 drivers
v000002b8921e3670_0 .net "pe_in_weight", 7 0, L_000002b892353130;  1 drivers
v000002b8921e2e50_0 .net "pe_load_en", 0 0, L_000002b8923531d0;  1 drivers
S_000002b89222cdf0 .scope generate, "genblk1" "genblk1" 9 61, 9 61 0, S_000002b89222dc00;
 .timescale -9 -12;
L_000002b8916fc820 .functor BUFZ 8, v000002b8921e23b0_0, C4<00000000>, C4<00000000>, C4<00000000>;
S_000002b89222dd90 .scope generate, "genblk2" "genblk2" 9 72, 9 72 0, S_000002b89222dc00;
 .timescale -9 -12;
L_000002b891681fa0 .functor BUFZ 32, v000002b8921e7e50_0, C4<00000000000000000000000000000000>, C4<00000000000000000000000000000000>, C4<00000000000000000000000000000000>;
S_000002b89222d8e0 .scope module, "pe_inst" "pe" 9 91, 10 12 0, S_000002b89222dc00;
 .timescale 0 0;
    .port_info 0 /INPUT 1 "clk";
    .port_info 1 /INPUT 1 "rst_n";
    .port_info 2 /INPUT 1 "en_compute";
    .port_info 3 /INPUT 1 "load_weight";
    .port_info 4 /INPUT 8 "in_act";
    .port_info 5 /INPUT 8 "in_weight";
    .port_info 6 /INPUT 32 "in_psum";
    .port_info 7 /OUTPUT 8 "out_act";
    .port_info 8 /OUTPUT 32 "out_psum";
v000002b8921e1d70_0 .net "clk", 0 0, v000002b8922856e0_0;  alias, 1 drivers
v000002b8921e1550_0 .net "en_compute", 0 0, L_000002b8922eb268;  alias, 1 drivers
v000002b8921e2950_0 .net "in_act", 7 0, L_000002b8916fc820;  alias, 1 drivers
v000002b8921e0510_0 .net "in_psum", 31 0, L_000002b891681fa0;  alias, 1 drivers
v000002b8921e0650_0 .net "in_weight", 7 0, L_000002b892353130;  alias, 1 drivers
v000002b8921e06f0_0 .net "load_weight", 0 0, L_000002b8923531d0;  alias, 1 drivers
v000002b8921e0790_0 .var "out_act", 7 0;
v000002b8921e08d0_0 .var "out_psum", 31 0;
v000002b8921e0970_0 .var/s "reg_weight", 7 0;
v000002b8921e0a10_0 .net "rst_n", 0 0, L_000002b8920707f0;  alias, 1 drivers
S_000002b89222d2a0 .scope generate, "COL_LOOP[8]" "COL_LOOP[8]" 9 55, 9 55 0, S_000002b8921dc670;
 .timescale -9 -12;
P_000002b89208e510 .param/l "c" 0 9 55, +C4<01000>;
v000002b8921e49d0_0 .net "pe_in_act", 7 0, L_000002b8923670f0;  1 drivers
v000002b8921e4ed0_0 .net "pe_in_psum", 31 0, L_000002b892366ec0;  1 drivers
v000002b8921e3cb0_0 .net "pe_in_weight", 7 0, L_000002b892352ff0;  1 drivers
v000002b8921e37b0_0 .net "pe_load_en", 0 0, L_000002b892352d70;  1 drivers
S_000002b89222cf80 .scope generate, "genblk1" "genblk1" 9 61, 9 61 0, S_000002b89222d2a0;
 .timescale -9 -12;
L_000002b8923670f0 .functor BUFZ 8, v000002b8921e0790_0, C4<00000000>, C4<00000000>, C4<00000000>;
S_000002b89222da70 .scope generate, "genblk2" "genblk2" 9 72, 9 72 0, S_000002b89222d2a0;
 .timescale -9 -12;
L_000002b892366ec0 .functor BUFZ 32, v000002b8921e8990_0, C4<00000000000000000000000000000000>, C4<00000000000000000000000000000000>, C4<00000000000000000000000000000000>;
S_000002b89222d110 .scope module, "pe_inst" "pe" 9 91, 10 12 0, S_000002b89222d2a0;
 .timescale 0 0;
    .port_info 0 /INPUT 1 "clk";
    .port_info 1 /INPUT 1 "rst_n";
    .port_info 2 /INPUT 1 "en_compute";
    .port_info 3 /INPUT 1 "load_weight";
    .port_info 4 /INPUT 8 "in_act";
    .port_info 5 /INPUT 8 "in_weight";
    .port_info 6 /INPUT 32 "in_psum";
    .port_info 7 /OUTPUT 8 "out_act";
    .port_info 8 /OUTPUT 32 "out_psum";
v000002b8921e50b0_0 .net "clk", 0 0, v000002b8922856e0_0;  alias, 1 drivers
v000002b8921e5150_0 .net "en_compute", 0 0, L_000002b8922eb268;  alias, 1 drivers
v000002b8921e3df0_0 .net "in_act", 7 0, L_000002b8923670f0;  alias, 1 drivers
v000002b8921e3530_0 .net "in_psum", 31 0, L_000002b892366ec0;  alias, 1 drivers
v000002b8921e4570_0 .net "in_weight", 7 0, L_000002b892352ff0;  alias, 1 drivers
v000002b8921e3e90_0 .net "load_weight", 0 0, L_000002b892352d70;  alias, 1 drivers
v000002b8921e3c10_0 .var "out_act", 7 0;
v000002b8921e2db0_0 .var "out_psum", 31 0;
v000002b8921e3710_0 .var/s "reg_weight", 7 0;
v000002b8921e4b10_0 .net "rst_n", 0 0, L_000002b8920707f0;  alias, 1 drivers
S_000002b89222d430 .scope generate, "COL_LOOP[9]" "COL_LOOP[9]" 9 55, 9 55 0, S_000002b8921dc670;
 .timescale -9 -12;
P_000002b89208eed0 .param/l "c" 0 9 55, +C4<01001>;
v000002b8921e4250_0 .net "pe_in_act", 7 0, L_000002b8923663d0;  1 drivers
v000002b8921e2ef0_0 .net "pe_in_psum", 31 0, L_000002b892367010;  1 drivers
v000002b8921e3350_0 .net "pe_in_weight", 7 0, L_000002b892352a50;  1 drivers
v000002b8921e3030_0 .net "pe_load_en", 0 0, L_000002b892353ef0;  1 drivers
S_000002b89222d5c0 .scope generate, "genblk1" "genblk1" 9 61, 9 61 0, S_000002b89222d430;
 .timescale -9 -12;
L_000002b8923663d0 .functor BUFZ 8, v000002b8921e3c10_0, C4<00000000>, C4<00000000>, C4<00000000>;
S_000002b89222d750 .scope generate, "genblk2" "genblk2" 9 72, 9 72 0, S_000002b89222d430;
 .timescale -9 -12;
L_000002b892367010 .functor BUFZ 32, v000002b8921ea510_0, C4<00000000000000000000000000000000>, C4<00000000000000000000000000000000>, C4<00000000000000000000000000000000>;
S_000002b892226860 .scope module, "pe_inst" "pe" 9 91, 10 12 0, S_000002b89222d430;
 .timescale 0 0;
    .port_info 0 /INPUT 1 "clk";
    .port_info 1 /INPUT 1 "rst_n";
    .port_info 2 /INPUT 1 "en_compute";
    .port_info 3 /INPUT 1 "load_weight";
    .port_info 4 /INPUT 8 "in_act";
    .port_info 5 /INPUT 8 "in_weight";
    .port_info 6 /INPUT 32 "in_psum";
    .port_info 7 /OUTPUT 8 "out_act";
    .port_info 8 /OUTPUT 32 "out_psum";
v000002b8921e4930_0 .net "clk", 0 0, v000002b8922856e0_0;  alias, 1 drivers
v000002b8921e47f0_0 .net "en_compute", 0 0, L_000002b8922eb268;  alias, 1 drivers
v000002b8921e4e30_0 .net "in_act", 7 0, L_000002b8923663d0;  alias, 1 drivers
v000002b8921e4f70_0 .net "in_psum", 31 0, L_000002b892367010;  alias, 1 drivers
v000002b8921e4a70_0 .net "in_weight", 7 0, L_000002b892352a50;  alias, 1 drivers
v000002b8921e3d50_0 .net "load_weight", 0 0, L_000002b892353ef0;  alias, 1 drivers
v000002b8921e5010_0 .var "out_act", 7 0;
v000002b8921e2a90_0 .var "out_psum", 31 0;
v000002b8921e46b0_0 .var/s "reg_weight", 7 0;
v000002b8921e4750_0 .net "rst_n", 0 0, L_000002b8920707f0;  alias, 1 drivers
S_000002b892228610 .scope generate, "COL_LOOP[10]" "COL_LOOP[10]" 9 55, 9 55 0, S_000002b8921dc670;
 .timescale -9 -12;
P_000002b89208f110 .param/l "c" 0 9 55, +C4<01010>;
v000002b8921e38f0_0 .net "pe_in_act", 7 0, L_000002b892367160;  1 drivers
v000002b8921e3ad0_0 .net "pe_in_psum", 31 0, L_000002b8923674e0;  1 drivers
v000002b8921e30d0_0 .net "pe_in_weight", 7 0, L_000002b8923525f0;  1 drivers
v000002b8921e41b0_0 .net "pe_load_en", 0 0, L_000002b8923538b0;  1 drivers
S_000002b8922274e0 .scope generate, "genblk1" "genblk1" 9 61, 9 61 0, S_000002b892228610;
 .timescale -9 -12;
L_000002b892367160 .functor BUFZ 8, v000002b8921e5010_0, C4<00000000>, C4<00000000>, C4<00000000>;
S_000002b892229a60 .scope generate, "genblk2" "genblk2" 9 72, 9 72 0, S_000002b892228610;
 .timescale -9 -12;
L_000002b8923674e0 .functor BUFZ 32, v000002b8921ec6d0_0, C4<00000000000000000000000000000000>, C4<00000000000000000000000000000000>, C4<00000000000000000000000000000000>;
S_000002b892226ea0 .scope module, "pe_inst" "pe" 9 91, 10 12 0, S_000002b892228610;
 .timescale 0 0;
    .port_info 0 /INPUT 1 "clk";
    .port_info 1 /INPUT 1 "rst_n";
    .port_info 2 /INPUT 1 "en_compute";
    .port_info 3 /INPUT 1 "load_weight";
    .port_info 4 /INPUT 8 "in_act";
    .port_info 5 /INPUT 8 "in_weight";
    .port_info 6 /INPUT 32 "in_psum";
    .port_info 7 /OUTPUT 8 "out_act";
    .port_info 8 /OUTPUT 32 "out_psum";
v000002b8921e4c50_0 .net "clk", 0 0, v000002b8922856e0_0;  alias, 1 drivers
v000002b8921e4bb0_0 .net "en_compute", 0 0, L_000002b8922eb268;  alias, 1 drivers
v000002b8921e2b30_0 .net "in_act", 7 0, L_000002b892367160;  alias, 1 drivers
v000002b8921e2bd0_0 .net "in_psum", 31 0, L_000002b8923674e0;  alias, 1 drivers
v000002b8921e3850_0 .net "in_weight", 7 0, L_000002b8923525f0;  alias, 1 drivers
v000002b8921e3a30_0 .net "load_weight", 0 0, L_000002b8923538b0;  alias, 1 drivers
v000002b8921e4890_0 .var "out_act", 7 0;
v000002b8921e2c70_0 .var "out_psum", 31 0;
v000002b8921e3490_0 .var/s "reg_weight", 7 0;
v000002b8921e3f30_0 .net "rst_n", 0 0, L_000002b8920707f0;  alias, 1 drivers
S_000002b8922269f0 .scope generate, "COL_LOOP[11]" "COL_LOOP[11]" 9 55, 9 55 0, S_000002b8921dc670;
 .timescale -9 -12;
P_000002b89208e610 .param/l "c" 0 9 55, +C4<01011>;
v000002b8921e4430_0 .net "pe_in_act", 7 0, L_000002b8923667c0;  1 drivers
v000002b8921e44d0_0 .net "pe_in_psum", 31 0, L_000002b892366830;  1 drivers
v000002b8921e4cf0_0 .net "pe_in_weight", 7 0, L_000002b892352e10;  1 drivers
v000002b8921e4d90_0 .net "pe_load_en", 0 0, L_000002b892354670;  1 drivers
S_000002b892227670 .scope generate, "genblk1" "genblk1" 9 61, 9 61 0, S_000002b8922269f0;
 .timescale -9 -12;
L_000002b8923667c0 .functor BUFZ 8, v000002b8921e4890_0, C4<00000000>, C4<00000000>, C4<00000000>;
S_000002b892227350 .scope generate, "genblk2" "genblk2" 9 72, 9 72 0, S_000002b8922269f0;
 .timescale -9 -12;
L_000002b892366830 .functor BUFZ 32, v000002b8921ebcd0_0, C4<00000000000000000000000000000000>, C4<00000000000000000000000000000000>, C4<00000000000000000000000000000000>;
S_000002b8922282f0 .scope module, "pe_inst" "pe" 9 91, 10 12 0, S_000002b8922269f0;
 .timescale 0 0;
    .port_info 0 /INPUT 1 "clk";
    .port_info 1 /INPUT 1 "rst_n";
    .port_info 2 /INPUT 1 "en_compute";
    .port_info 3 /INPUT 1 "load_weight";
    .port_info 4 /INPUT 8 "in_act";
    .port_info 5 /INPUT 8 "in_weight";
    .port_info 6 /INPUT 32 "in_psum";
    .port_info 7 /OUTPUT 8 "out_act";
    .port_info 8 /OUTPUT 32 "out_psum";
v000002b8921e3170_0 .net "clk", 0 0, v000002b8922856e0_0;  alias, 1 drivers
v000002b8921e3210_0 .net "en_compute", 0 0, L_000002b8922eb268;  alias, 1 drivers
v000002b8921e32b0_0 .net "in_act", 7 0, L_000002b8923667c0;  alias, 1 drivers
v000002b8921e4610_0 .net "in_psum", 31 0, L_000002b892366830;  alias, 1 drivers
v000002b8921e3b70_0 .net "in_weight", 7 0, L_000002b892352e10;  alias, 1 drivers
v000002b8921e3fd0_0 .net "load_weight", 0 0, L_000002b892354670;  alias, 1 drivers
v000002b8921e4070_0 .var "out_act", 7 0;
v000002b8921e4110_0 .var "out_psum", 31 0;
v000002b8921e42f0_0 .var/s "reg_weight", 7 0;
v000002b8921e4390_0 .net "rst_n", 0 0, L_000002b8920707f0;  alias, 1 drivers
S_000002b892228160 .scope generate, "COL_LOOP[12]" "COL_LOOP[12]" 9 55, 9 55 0, S_000002b8921dc670;
 .timescale -9 -12;
P_000002b89208f150 .param/l "c" 0 9 55, +C4<01100>;
v000002b8921e6870_0 .net "pe_in_act", 7 0, L_000002b892367400;  1 drivers
v000002b8921e5830_0 .net "pe_in_psum", 31 0, L_000002b892367470;  1 drivers
v000002b8921e5b50_0 .net "pe_in_weight", 7 0, L_000002b892353270;  1 drivers
v000002b8921e6d70_0 .net "pe_load_en", 0 0, L_000002b892353310;  1 drivers
S_000002b892227800 .scope generate, "genblk1" "genblk1" 9 61, 9 61 0, S_000002b892228160;
 .timescale -9 -12;
L_000002b892367400 .functor BUFZ 8, v000002b8921e4070_0, C4<00000000>, C4<00000000>, C4<00000000>;
S_000002b892226b80 .scope generate, "genblk2" "genblk2" 9 72, 9 72 0, S_000002b892228160;
 .timescale -9 -12;
L_000002b892367470 .functor BUFZ 32, v000002b8921ea3d0_0, C4<00000000000000000000000000000000>, C4<00000000000000000000000000000000>, C4<00000000000000000000000000000000>;
S_000002b8922266d0 .scope module, "pe_inst" "pe" 9 91, 10 12 0, S_000002b892228160;
 .timescale 0 0;
    .port_info 0 /INPUT 1 "clk";
    .port_info 1 /INPUT 1 "rst_n";
    .port_info 2 /INPUT 1 "en_compute";
    .port_info 3 /INPUT 1 "load_weight";
    .port_info 4 /INPUT 8 "in_act";
    .port_info 5 /INPUT 8 "in_weight";
    .port_info 6 /INPUT 32 "in_psum";
    .port_info 7 /OUTPUT 8 "out_act";
    .port_info 8 /OUTPUT 32 "out_psum";
v000002b8921e5c90_0 .net "clk", 0 0, v000002b8922856e0_0;  alias, 1 drivers
v000002b8921e5e70_0 .net "en_compute", 0 0, L_000002b8922eb268;  alias, 1 drivers
v000002b8921e51f0_0 .net "in_act", 7 0, L_000002b892367400;  alias, 1 drivers
v000002b8921e7770_0 .net "in_psum", 31 0, L_000002b892367470;  alias, 1 drivers
v000002b8921e6550_0 .net "in_weight", 7 0, L_000002b892353270;  alias, 1 drivers
v000002b8921e6690_0 .net "load_weight", 0 0, L_000002b892353310;  alias, 1 drivers
v000002b8921e56f0_0 .var "out_act", 7 0;
v000002b8921e6410_0 .var "out_psum", 31 0;
v000002b8921e6230_0 .var/s "reg_weight", 7 0;
v000002b8921e6af0_0 .net "rst_n", 0 0, L_000002b8920707f0;  alias, 1 drivers
S_000002b892227cb0 .scope generate, "COL_LOOP[13]" "COL_LOOP[13]" 9 55, 9 55 0, S_000002b8921dc670;
 .timescale -9 -12;
P_000002b89208e550 .param/l "c" 0 9 55, +C4<01101>;
v000002b8921e7450_0 .net "pe_in_act", 7 0, L_000002b892366980;  1 drivers
v000002b8921e71d0_0 .net "pe_in_psum", 31 0, L_000002b892366130;  1 drivers
v000002b8921e76d0_0 .net "pe_in_weight", 7 0, L_000002b892352eb0;  1 drivers
v000002b8921e64b0_0 .net "pe_load_en", 0 0, L_000002b8923522d0;  1 drivers
S_000002b892226d10 .scope generate, "genblk1" "genblk1" 9 61, 9 61 0, S_000002b892227cb0;
 .timescale -9 -12;
L_000002b892366980 .functor BUFZ 8, v000002b8921e56f0_0, C4<00000000>, C4<00000000>, C4<00000000>;
S_000002b8922271c0 .scope generate, "genblk2" "genblk2" 9 72, 9 72 0, S_000002b892227cb0;
 .timescale -9 -12;
L_000002b892366130 .functor BUFZ 32, v000002b8921eb370_0, C4<00000000000000000000000000000000>, C4<00000000000000000000000000000000>, C4<00000000000000000000000000000000>;
S_000002b892229100 .scope module, "pe_inst" "pe" 9 91, 10 12 0, S_000002b892227cb0;
 .timescale 0 0;
    .port_info 0 /INPUT 1 "clk";
    .port_info 1 /INPUT 1 "rst_n";
    .port_info 2 /INPUT 1 "en_compute";
    .port_info 3 /INPUT 1 "load_weight";
    .port_info 4 /INPUT 8 "in_act";
    .port_info 5 /INPUT 8 "in_weight";
    .port_info 6 /INPUT 32 "in_psum";
    .port_info 7 /OUTPUT 8 "out_act";
    .port_info 8 /OUTPUT 32 "out_psum";
v000002b8921e7310_0 .net "clk", 0 0, v000002b8922856e0_0;  alias, 1 drivers
v000002b8921e6730_0 .net "en_compute", 0 0, L_000002b8922eb268;  alias, 1 drivers
v000002b8921e78b0_0 .net "in_act", 7 0, L_000002b892366980;  alias, 1 drivers
v000002b8921e65f0_0 .net "in_psum", 31 0, L_000002b892366130;  alias, 1 drivers
v000002b8921e7950_0 .net "in_weight", 7 0, L_000002b892352eb0;  alias, 1 drivers
v000002b8921e6e10_0 .net "load_weight", 0 0, L_000002b8923522d0;  alias, 1 drivers
v000002b8921e6190_0 .var "out_act", 7 0;
v000002b8921e74f0_0 .var "out_psum", 31 0;
v000002b8921e7130_0 .var/s "reg_weight", 7 0;
v000002b8921e5f10_0 .net "rst_n", 0 0, L_000002b8920707f0;  alias, 1 drivers
S_000002b8922287a0 .scope generate, "COL_LOOP[14]" "COL_LOOP[14]" 9 55, 9 55 0, S_000002b8921dc670;
 .timescale -9 -12;
P_000002b89208e590 .param/l "c" 0 9 55, +C4<01110>;
v000002b8921e53d0_0 .net "pe_in_act", 7 0, L_000002b892366910;  1 drivers
v000002b8921e6eb0_0 .net "pe_in_psum", 31 0, L_000002b892366fa0;  1 drivers
v000002b8921e5a10_0 .net "pe_in_weight", 7 0, L_000002b892353b30;  1 drivers
v000002b8921e6b90_0 .net "pe_load_en", 0 0, L_000002b892353090;  1 drivers
S_000002b892228480 .scope generate, "genblk1" "genblk1" 9 61, 9 61 0, S_000002b8922287a0;
 .timescale -9 -12;
L_000002b892366910 .functor BUFZ 8, v000002b8921e6190_0, C4<00000000>, C4<00000000>, C4<00000000>;
S_000002b8922298d0 .scope generate, "genblk2" "genblk2" 9 72, 9 72 0, S_000002b8922287a0;
 .timescale -9 -12;
L_000002b892366fa0 .functor BUFZ 32, v000002b8921ed8f0_0, C4<00000000000000000000000000000000>, C4<00000000000000000000000000000000>, C4<00000000000000000000000000000000>;
S_000002b892228f70 .scope module, "pe_inst" "pe" 9 91, 10 12 0, S_000002b8922287a0;
 .timescale 0 0;
    .port_info 0 /INPUT 1 "clk";
    .port_info 1 /INPUT 1 "rst_n";
    .port_info 2 /INPUT 1 "en_compute";
    .port_info 3 /INPUT 1 "load_weight";
    .port_info 4 /INPUT 8 "in_act";
    .port_info 5 /INPUT 8 "in_weight";
    .port_info 6 /INPUT 32 "in_psum";
    .port_info 7 /OUTPUT 8 "out_act";
    .port_info 8 /OUTPUT 32 "out_psum";
v000002b8921e6c30_0 .net "clk", 0 0, v000002b8922856e0_0;  alias, 1 drivers
v000002b8921e5790_0 .net "en_compute", 0 0, L_000002b8922eb268;  alias, 1 drivers
v000002b8921e7270_0 .net "in_act", 7 0, L_000002b892366910;  alias, 1 drivers
v000002b8921e6910_0 .net "in_psum", 31 0, L_000002b892366fa0;  alias, 1 drivers
v000002b8921e5290_0 .net "in_weight", 7 0, L_000002b892353b30;  alias, 1 drivers
v000002b8921e5330_0 .net "load_weight", 0 0, L_000002b892353090;  alias, 1 drivers
v000002b8921e67d0_0 .var "out_act", 7 0;
v000002b8921e5bf0_0 .var "out_psum", 31 0;
v000002b8921e69b0_0 .var/s "reg_weight", 7 0;
v000002b8921e6a50_0 .net "rst_n", 0 0, L_000002b8920707f0;  alias, 1 drivers
S_000002b892226090 .scope generate, "COL_LOOP[15]" "COL_LOOP[15]" 9 55, 9 55 0, S_000002b8921dc670;
 .timescale -9 -12;
P_000002b89208ef10 .param/l "c" 0 9 55, +C4<01111>;
v000002b8921e58d0_0 .net "pe_in_act", 7 0, L_000002b892366280;  1 drivers
v000002b8921e6370_0 .net "pe_in_psum", 31 0, L_000002b892367550;  1 drivers
v000002b8921e6ff0_0 .net "pe_in_weight", 7 0, L_000002b892352370;  1 drivers
v000002b8921e7090_0 .net "pe_load_en", 0 0, L_000002b892354350;  1 drivers
S_000002b892229740 .scope generate, "genblk1" "genblk1" 9 61, 9 61 0, S_000002b892226090;
 .timescale -9 -12;
L_000002b892366280 .functor BUFZ 8, v000002b8921e67d0_0, C4<00000000>, C4<00000000>, C4<00000000>;
S_000002b892227030 .scope generate, "genblk2" "genblk2" 9 72, 9 72 0, S_000002b892226090;
 .timescale -9 -12;
L_000002b892367550 .functor BUFZ 32, v000002b8921edb70_0, C4<00000000000000000000000000000000>, C4<00000000000000000000000000000000>, C4<00000000000000000000000000000000>;
S_000002b892229bf0 .scope module, "pe_inst" "pe" 9 91, 10 12 0, S_000002b892226090;
 .timescale 0 0;
    .port_info 0 /INPUT 1 "clk";
    .port_info 1 /INPUT 1 "rst_n";
    .port_info 2 /INPUT 1 "en_compute";
    .port_info 3 /INPUT 1 "load_weight";
    .port_info 4 /INPUT 8 "in_act";
    .port_info 5 /INPUT 8 "in_weight";
    .port_info 6 /INPUT 32 "in_psum";
    .port_info 7 /OUTPUT 8 "out_act";
    .port_info 8 /OUTPUT 32 "out_psum";
v000002b8921e5470_0 .net "clk", 0 0, v000002b8922856e0_0;  alias, 1 drivers
v000002b8921e6f50_0 .net "en_compute", 0 0, L_000002b8922eb268;  alias, 1 drivers
v000002b8921e7630_0 .net "in_act", 7 0, L_000002b892366280;  alias, 1 drivers
v000002b8921e60f0_0 .net "in_psum", 31 0, L_000002b892367550;  alias, 1 drivers
v000002b8921e6cd0_0 .net "in_weight", 7 0, L_000002b892352370;  alias, 1 drivers
v000002b8921e55b0_0 .net "load_weight", 0 0, L_000002b892354350;  alias, 1 drivers
v000002b8921e5fb0_0 .var "out_act", 7 0;
v000002b8921e73b0_0 .var "out_psum", 31 0;
v000002b8921e5510_0 .var/s "reg_weight", 7 0;
v000002b8921e6050_0 .net "rst_n", 0 0, L_000002b8920707f0;  alias, 1 drivers
S_000002b892227990 .scope generate, "ROW_LOOP[8]" "ROW_LOOP[8]" 9 54, 9 54 0, S_000002b89217d0b0;
 .timescale -9 -12;
P_000002b89208e5d0 .param/l "r" 0 9 54, +C4<01000>;
S_000002b892227e40 .scope generate, "COL_LOOP[0]" "COL_LOOP[0]" 9 55, 9 55 0, S_000002b892227990;
 .timescale -9 -12;
P_000002b89208f790 .param/l "c" 0 9 55, +C4<00>;
v000002b892230970_0 .net "pe_in_act", 7 0, L_000002b892352410;  1 drivers
v000002b89222f110_0 .net "pe_in_psum", 31 0, L_000002b8923677f0;  1 drivers
v000002b892230290_0 .net "pe_in_weight", 7 0, L_000002b892352af0;  1 drivers
v000002b892231370_0 .net "pe_load_en", 0 0, L_000002b8923520f0;  1 drivers
S_000002b892227b20 .scope generate, "genblk1" "genblk1" 9 61, 9 61 0, S_000002b892227e40;
 .timescale -9 -12;
S_000002b892229d80 .scope generate, "genblk2" "genblk2" 9 72, 9 72 0, S_000002b892227e40;
 .timescale -9 -12;
L_000002b8923677f0 .functor BUFZ 32, v000002b8921ee2f0_0, C4<00000000000000000000000000000000>, C4<00000000000000000000000000000000>, C4<00000000000000000000000000000000>;
S_000002b892227fd0 .scope module, "pe_inst" "pe" 9 91, 10 12 0, S_000002b892227e40;
 .timescale 0 0;
    .port_info 0 /INPUT 1 "clk";
    .port_info 1 /INPUT 1 "rst_n";
    .port_info 2 /INPUT 1 "en_compute";
    .port_info 3 /INPUT 1 "load_weight";
    .port_info 4 /INPUT 8 "in_act";
    .port_info 5 /INPUT 8 "in_weight";
    .port_info 6 /INPUT 32 "in_psum";
    .port_info 7 /OUTPUT 8 "out_act";
    .port_info 8 /OUTPUT 32 "out_psum";
v000002b8921e5970_0 .net "clk", 0 0, v000002b8922856e0_0;  alias, 1 drivers
v000002b8921e5ab0_0 .net "en_compute", 0 0, L_000002b8922eb268;  alias, 1 drivers
v000002b8921e5d30_0 .net "in_act", 7 0, L_000002b892352410;  alias, 1 drivers
v000002b89222f750_0 .net "in_psum", 31 0, L_000002b8923677f0;  alias, 1 drivers
v000002b89222fb10_0 .net "in_weight", 7 0, L_000002b892352af0;  alias, 1 drivers
v000002b89222f570_0 .net "load_weight", 0 0, L_000002b8923520f0;  alias, 1 drivers
v000002b892231690_0 .var "out_act", 7 0;
v000002b8922306f0_0 .var "out_psum", 31 0;
v000002b89222ff70_0 .var/s "reg_weight", 7 0;
v000002b89222f9d0_0 .net "rst_n", 0 0, L_000002b8920707f0;  alias, 1 drivers
S_000002b89222a0a0 .scope generate, "COL_LOOP[1]" "COL_LOOP[1]" 9 55, 9 55 0, S_000002b892227990;
 .timescale -9 -12;
P_000002b89208f390 .param/l "c" 0 9 55, +C4<01>;
v000002b892230330_0 .net "pe_in_act", 7 0, L_000002b8923675c0;  1 drivers
v000002b8922317d0_0 .net "pe_in_psum", 31 0, L_000002b8923668a0;  1 drivers
v000002b892230010_0 .net "pe_in_weight", 7 0, L_000002b892353770;  1 drivers
v000002b892230bf0_0 .net "pe_load_en", 0 0, L_000002b892352190;  1 drivers
S_000002b8922263b0 .scope generate, "genblk1" "genblk1" 9 61, 9 61 0, S_000002b89222a0a0;
 .timescale -9 -12;
L_000002b8923675c0 .functor BUFZ 8, v000002b892231690_0, C4<00000000>, C4<00000000>, C4<00000000>;
S_000002b892228930 .scope generate, "genblk2" "genblk2" 9 72, 9 72 0, S_000002b89222a0a0;
 .timescale -9 -12;
L_000002b8923668a0 .functor BUFZ 32, v000002b8921ed030_0, C4<00000000000000000000000000000000>, C4<00000000000000000000000000000000>, C4<00000000000000000000000000000000>;
S_000002b892228ac0 .scope module, "pe_inst" "pe" 9 91, 10 12 0, S_000002b89222a0a0;
 .timescale 0 0;
    .port_info 0 /INPUT 1 "clk";
    .port_info 1 /INPUT 1 "rst_n";
    .port_info 2 /INPUT 1 "en_compute";
    .port_info 3 /INPUT 1 "load_weight";
    .port_info 4 /INPUT 8 "in_act";
    .port_info 5 /INPUT 8 "in_weight";
    .port_info 6 /INPUT 32 "in_psum";
    .port_info 7 /OUTPUT 8 "out_act";
    .port_info 8 /OUTPUT 32 "out_psum";
v000002b8922315f0_0 .net "clk", 0 0, v000002b8922856e0_0;  alias, 1 drivers
v000002b892230dd0_0 .net "en_compute", 0 0, L_000002b8922eb268;  alias, 1 drivers
v000002b892230c90_0 .net "in_act", 7 0, L_000002b8923675c0;  alias, 1 drivers
v000002b892230f10_0 .net "in_psum", 31 0, L_000002b8923668a0;  alias, 1 drivers
v000002b8922308d0_0 .net "in_weight", 7 0, L_000002b892353770;  alias, 1 drivers
v000002b8922310f0_0 .net "load_weight", 0 0, L_000002b892352190;  alias, 1 drivers
v000002b892231730_0 .var "out_act", 7 0;
v000002b89222fed0_0 .var "out_psum", 31 0;
v000002b89222fcf0_0 .var/s "reg_weight", 7 0;
v000002b8922300b0_0 .net "rst_n", 0 0, L_000002b8920707f0;  alias, 1 drivers
S_000002b892228de0 .scope generate, "COL_LOOP[2]" "COL_LOOP[2]" 9 55, 9 55 0, S_000002b892227990;
 .timescale -9 -12;
P_000002b89208f450 .param/l "c" 0 9 55, +C4<010>;
v000002b89222f2f0_0 .net "pe_in_act", 7 0, L_000002b892367860;  1 drivers
v000002b892231190_0 .net "pe_in_psum", 31 0, L_000002b8923671d0;  1 drivers
v000002b892230a10_0 .net "pe_in_weight", 7 0, L_000002b8923524b0;  1 drivers
v000002b8922303d0_0 .net "pe_load_en", 0 0, L_000002b892352730;  1 drivers
S_000002b8922295b0 .scope generate, "genblk1" "genblk1" 9 61, 9 61 0, S_000002b892228de0;
 .timescale -9 -12;
L_000002b892367860 .functor BUFZ 8, v000002b892231730_0, C4<00000000>, C4<00000000>, C4<00000000>;
S_000002b892229290 .scope generate, "genblk2" "genblk2" 9 72, 9 72 0, S_000002b892228de0;
 .timescale -9 -12;
L_000002b8923671d0 .functor BUFZ 32, v000002b8921ef470_0, C4<00000000000000000000000000000000>, C4<00000000000000000000000000000000>, C4<00000000000000000000000000000000>;
S_000002b892229f10 .scope module, "pe_inst" "pe" 9 91, 10 12 0, S_000002b892228de0;
 .timescale 0 0;
    .port_info 0 /INPUT 1 "clk";
    .port_info 1 /INPUT 1 "rst_n";
    .port_info 2 /INPUT 1 "en_compute";
    .port_info 3 /INPUT 1 "load_weight";
    .port_info 4 /INPUT 8 "in_act";
    .port_info 5 /INPUT 8 "in_weight";
    .port_info 6 /INPUT 32 "in_psum";
    .port_info 7 /OUTPUT 8 "out_act";
    .port_info 8 /OUTPUT 32 "out_psum";
v000002b892230470_0 .net "clk", 0 0, v000002b8922856e0_0;  alias, 1 drivers
v000002b89222fc50_0 .net "en_compute", 0 0, L_000002b8922eb268;  alias, 1 drivers
v000002b892231230_0 .net "in_act", 7 0, L_000002b892367860;  alias, 1 drivers
v000002b89222f1b0_0 .net "in_psum", 31 0, L_000002b8923671d0;  alias, 1 drivers
v000002b892230790_0 .net "in_weight", 7 0, L_000002b8923524b0;  alias, 1 drivers
v000002b892231410_0 .net "load_weight", 0 0, L_000002b892352730;  alias, 1 drivers
v000002b892230830_0 .var "out_act", 7 0;
v000002b89222f250_0 .var "out_psum", 31 0;
v000002b892230b50_0 .var/s "reg_weight", 7 0;
v000002b892231050_0 .net "rst_n", 0 0, L_000002b8920707f0;  alias, 1 drivers
S_000002b892228c50 .scope generate, "COL_LOOP[3]" "COL_LOOP[3]" 9 55, 9 55 0, S_000002b892227990;
 .timescale -9 -12;
P_000002b89208f4d0 .param/l "c" 0 9 55, +C4<011>;
v000002b89222f6b0_0 .net "pe_in_act", 7 0, L_000002b892367630;  1 drivers
v000002b8922314b0_0 .net "pe_in_psum", 31 0, L_000002b892366440;  1 drivers
v000002b89222fa70_0 .net "pe_in_weight", 7 0, L_000002b892352550;  1 drivers
v000002b892230150_0 .net "pe_load_en", 0 0, L_000002b8923545d0;  1 drivers
S_000002b892229420 .scope generate, "genblk1" "genblk1" 9 61, 9 61 0, S_000002b892228c50;
 .timescale -9 -12;
L_000002b892367630 .functor BUFZ 8, v000002b892230830_0, C4<00000000>, C4<00000000>, C4<00000000>;
S_000002b89222a230 .scope generate, "genblk2" "genblk2" 9 72, 9 72 0, S_000002b892228c50;
 .timescale -9 -12;
L_000002b892366440 .functor BUFZ 32, v000002b8921e1690_0, C4<00000000000000000000000000000000>, C4<00000000000000000000000000000000>, C4<00000000000000000000000000000000>;
S_000002b892226220 .scope module, "pe_inst" "pe" 9 91, 10 12 0, S_000002b892228c50;
 .timescale 0 0;
    .port_info 0 /INPUT 1 "clk";
    .port_info 1 /INPUT 1 "rst_n";
    .port_info 2 /INPUT 1 "en_compute";
    .port_info 3 /INPUT 1 "load_weight";
    .port_info 4 /INPUT 8 "in_act";
    .port_info 5 /INPUT 8 "in_weight";
    .port_info 6 /INPUT 32 "in_psum";
    .port_info 7 /OUTPUT 8 "out_act";
    .port_info 8 /OUTPUT 32 "out_psum";
v000002b89222f430_0 .net "clk", 0 0, v000002b8922856e0_0;  alias, 1 drivers
v000002b89222f7f0_0 .net "en_compute", 0 0, L_000002b8922eb268;  alias, 1 drivers
v000002b89222f390_0 .net "in_act", 7 0, L_000002b892367630;  alias, 1 drivers
v000002b892230fb0_0 .net "in_psum", 31 0, L_000002b892366440;  alias, 1 drivers
v000002b89222f4d0_0 .net "in_weight", 7 0, L_000002b892352550;  alias, 1 drivers
v000002b89222f890_0 .net "load_weight", 0 0, L_000002b8923545d0;  alias, 1 drivers
v000002b8922312d0_0 .var "out_act", 7 0;
v000002b892230510_0 .var "out_psum", 31 0;
v000002b89222f610_0 .var/s "reg_weight", 7 0;
v000002b892231550_0 .net "rst_n", 0 0, L_000002b8920707f0;  alias, 1 drivers
S_000002b89222a3c0 .scope generate, "COL_LOOP[4]" "COL_LOOP[4]" 9 55, 9 55 0, S_000002b892227990;
 .timescale -9 -12;
P_000002b89208f350 .param/l "c" 0 9 55, +C4<0100>;
v000002b892233850_0 .net "pe_in_act", 7 0, L_000002b8923676a0;  1 drivers
v000002b892232f90_0 .net "pe_in_psum", 31 0, L_000002b892367710;  1 drivers
v000002b8922329f0_0 .net "pe_in_weight", 7 0, L_000002b8923536d0;  1 drivers
v000002b8922335d0_0 .net "pe_load_en", 0 0, L_000002b8923533b0;  1 drivers
S_000002b89222a550 .scope generate, "genblk1" "genblk1" 9 61, 9 61 0, S_000002b89222a3c0;
 .timescale -9 -12;
L_000002b8923676a0 .functor BUFZ 8, v000002b8922312d0_0, C4<00000000>, C4<00000000>, C4<00000000>;
S_000002b892226540 .scope generate, "genblk2" "genblk2" 9 72, 9 72 0, S_000002b89222a3c0;
 .timescale -9 -12;
L_000002b892367710 .functor BUFZ 32, v000002b8921e1730_0, C4<00000000000000000000000000000000>, C4<00000000000000000000000000000000>, C4<00000000000000000000000000000000>;
S_000002b89222a6e0 .scope module, "pe_inst" "pe" 9 91, 10 12 0, S_000002b89222a3c0;
 .timescale 0 0;
    .port_info 0 /INPUT 1 "clk";
    .port_info 1 /INPUT 1 "rst_n";
    .port_info 2 /INPUT 1 "en_compute";
    .port_info 3 /INPUT 1 "load_weight";
    .port_info 4 /INPUT 8 "in_act";
    .port_info 5 /INPUT 8 "in_weight";
    .port_info 6 /INPUT 32 "in_psum";
    .port_info 7 /OUTPUT 8 "out_act";
    .port_info 8 /OUTPUT 32 "out_psum";
v000002b89222fe30_0 .net "clk", 0 0, v000002b8922856e0_0;  alias, 1 drivers
v000002b8922301f0_0 .net "en_compute", 0 0, L_000002b8922eb268;  alias, 1 drivers
v000002b8922305b0_0 .net "in_act", 7 0, L_000002b8923676a0;  alias, 1 drivers
v000002b892230650_0 .net "in_psum", 31 0, L_000002b892367710;  alias, 1 drivers
v000002b892230ab0_0 .net "in_weight", 7 0, L_000002b8923536d0;  alias, 1 drivers
v000002b892230d30_0 .net "load_weight", 0 0, L_000002b8923533b0;  alias, 1 drivers
v000002b892230e70_0 .var "out_act", 7 0;
v000002b892233530_0 .var "out_psum", 31 0;
v000002b892232db0_0 .var/s "reg_weight", 7 0;
v000002b8922337b0_0 .net "rst_n", 0 0, L_000002b8920707f0;  alias, 1 drivers
S_000002b89222a870 .scope generate, "COL_LOOP[5]" "COL_LOOP[5]" 9 55, 9 55 0, S_000002b892227990;
 .timescale -9 -12;
P_000002b892090150 .param/l "c" 0 9 55, +C4<0101>;
v000002b892233d50_0 .net "pe_in_act", 7 0, L_000002b892367780;  1 drivers
v000002b892232810_0 .net "pe_in_psum", 31 0, L_000002b892367080;  1 drivers
v000002b892232450_0 .net "pe_in_weight", 7 0, L_000002b892352690;  1 drivers
v000002b892233a30_0 .net "pe_load_en", 0 0, L_000002b892354170;  1 drivers
S_000002b89222bcc0 .scope generate, "genblk1" "genblk1" 9 61, 9 61 0, S_000002b89222a870;
 .timescale -9 -12;
L_000002b892367780 .functor BUFZ 8, v000002b892230e70_0, C4<00000000>, C4<00000000>, C4<00000000>;
S_000002b89222b4f0 .scope generate, "genblk2" "genblk2" 9 72, 9 72 0, S_000002b89222a870;
 .timescale -9 -12;
L_000002b892367080 .functor BUFZ 32, v000002b8921e03d0_0, C4<00000000000000000000000000000000>, C4<00000000000000000000000000000000>, C4<00000000000000000000000000000000>;
S_000002b89222b9a0 .scope module, "pe_inst" "pe" 9 91, 10 12 0, S_000002b89222a870;
 .timescale 0 0;
    .port_info 0 /INPUT 1 "clk";
    .port_info 1 /INPUT 1 "rst_n";
    .port_info 2 /INPUT 1 "en_compute";
    .port_info 3 /INPUT 1 "load_weight";
    .port_info 4 /INPUT 8 "in_act";
    .port_info 5 /INPUT 8 "in_weight";
    .port_info 6 /INPUT 32 "in_psum";
    .port_info 7 /OUTPUT 8 "out_act";
    .port_info 8 /OUTPUT 32 "out_psum";
v000002b892233350_0 .net "clk", 0 0, v000002b8922856e0_0;  alias, 1 drivers
v000002b8922319b0_0 .net "en_compute", 0 0, L_000002b8922eb268;  alias, 1 drivers
v000002b892232270_0 .net "in_act", 7 0, L_000002b892367780;  alias, 1 drivers
v000002b8922338f0_0 .net "in_psum", 31 0, L_000002b892367080;  alias, 1 drivers
v000002b892231c30_0 .net "in_weight", 7 0, L_000002b892352690;  alias, 1 drivers
v000002b892231910_0 .net "load_weight", 0 0, L_000002b892354170;  alias, 1 drivers
v000002b8922323b0_0 .var "out_act", 7 0;
v000002b892231cd0_0 .var "out_psum", 31 0;
v000002b892233990_0 .var/s "reg_weight", 7 0;
v000002b892232e50_0 .net "rst_n", 0 0, L_000002b8920707f0;  alias, 1 drivers
S_000002b89222aa00 .scope generate, "COL_LOOP[6]" "COL_LOOP[6]" 9 55, 9 55 0, S_000002b892227990;
 .timescale -9 -12;
P_000002b89208fb90 .param/l "c" 0 9 55, +C4<0110>;
v000002b892232590_0 .net "pe_in_act", 7 0, L_000002b892366360;  1 drivers
v000002b892232630_0 .net "pe_in_psum", 31 0, L_000002b8923664b0;  1 drivers
v000002b8922332b0_0 .net "pe_in_weight", 7 0, L_000002b892353d10;  1 drivers
v000002b892233670_0 .net "pe_load_en", 0 0, L_000002b892353450;  1 drivers
S_000002b89222b1d0 .scope generate, "genblk1" "genblk1" 9 61, 9 61 0, S_000002b89222aa00;
 .timescale -9 -12;
L_000002b892366360 .functor BUFZ 8, v000002b8922323b0_0, C4<00000000>, C4<00000000>, C4<00000000>;
S_000002b89222ab90 .scope generate, "genblk2" "genblk2" 9 72, 9 72 0, S_000002b89222aa00;
 .timescale -9 -12;
L_000002b8923664b0 .functor BUFZ 32, v000002b8921e12d0_0, C4<00000000000000000000000000000000>, C4<00000000000000000000000000000000>, C4<00000000000000000000000000000000>;
S_000002b89222ad20 .scope module, "pe_inst" "pe" 9 91, 10 12 0, S_000002b89222aa00;
 .timescale 0 0;
    .port_info 0 /INPUT 1 "clk";
    .port_info 1 /INPUT 1 "rst_n";
    .port_info 2 /INPUT 1 "en_compute";
    .port_info 3 /INPUT 1 "load_weight";
    .port_info 4 /INPUT 8 "in_act";
    .port_info 5 /INPUT 8 "in_weight";
    .port_info 6 /INPUT 32 "in_psum";
    .port_info 7 /OUTPUT 8 "out_act";
    .port_info 8 /OUTPUT 32 "out_psum";
v000002b892231d70_0 .net "clk", 0 0, v000002b8922856e0_0;  alias, 1 drivers
v000002b892233e90_0 .net "en_compute", 0 0, L_000002b8922eb268;  alias, 1 drivers
v000002b892231a50_0 .net "in_act", 7 0, L_000002b892366360;  alias, 1 drivers
v000002b892232770_0 .net "in_psum", 31 0, L_000002b8923664b0;  alias, 1 drivers
v000002b892233df0_0 .net "in_weight", 7 0, L_000002b892353d10;  alias, 1 drivers
v000002b8922324f0_0 .net "load_weight", 0 0, L_000002b892353450;  alias, 1 drivers
v000002b892233b70_0 .var "out_act", 7 0;
v000002b892232ef0_0 .var "out_psum", 31 0;
v000002b892233170_0 .var/s "reg_weight", 7 0;
v000002b892231af0_0 .net "rst_n", 0 0, L_000002b8920707f0;  alias, 1 drivers
S_000002b89222b810 .scope generate, "COL_LOOP[7]" "COL_LOOP[7]" 9 55, 9 55 0, S_000002b892227990;
 .timescale -9 -12;
P_000002b89208f5d0 .param/l "c" 0 9 55, +C4<0111>;
v000002b892231b90_0 .net "pe_in_act", 7 0, L_000002b892365cd0;  1 drivers
v000002b892233210_0 .net "pe_in_psum", 31 0, L_000002b8923666e0;  1 drivers
v000002b892233c10_0 .net "pe_in_weight", 7 0, L_000002b892353950;  1 drivers
v000002b892231e10_0 .net "pe_load_en", 0 0, L_000002b8923539f0;  1 drivers
S_000002b89222c300 .scope generate, "genblk1" "genblk1" 9 61, 9 61 0, S_000002b89222b810;
 .timescale -9 -12;
L_000002b892365cd0 .functor BUFZ 8, v000002b892233b70_0, C4<00000000>, C4<00000000>, C4<00000000>;
S_000002b89222aeb0 .scope generate, "genblk2" "genblk2" 9 72, 9 72 0, S_000002b89222b810;
 .timescale -9 -12;
L_000002b8923666e0 .functor BUFZ 32, v000002b8921e08d0_0, C4<00000000000000000000000000000000>, C4<00000000000000000000000000000000>, C4<00000000000000000000000000000000>;
S_000002b89222bb30 .scope module, "pe_inst" "pe" 9 91, 10 12 0, S_000002b89222b810;
 .timescale 0 0;
    .port_info 0 /INPUT 1 "clk";
    .port_info 1 /INPUT 1 "rst_n";
    .port_info 2 /INPUT 1 "en_compute";
    .port_info 3 /INPUT 1 "load_weight";
    .port_info 4 /INPUT 8 "in_act";
    .port_info 5 /INPUT 8 "in_weight";
    .port_info 6 /INPUT 32 "in_psum";
    .port_info 7 /OUTPUT 8 "out_act";
    .port_info 8 /OUTPUT 32 "out_psum";
v000002b892233f30_0 .net "clk", 0 0, v000002b8922856e0_0;  alias, 1 drivers
v000002b8922326d0_0 .net "en_compute", 0 0, L_000002b8922eb268;  alias, 1 drivers
v000002b8922330d0_0 .net "in_act", 7 0, L_000002b892365cd0;  alias, 1 drivers
v000002b8922328b0_0 .net "in_psum", 31 0, L_000002b8923666e0;  alias, 1 drivers
v000002b892233fd0_0 .net "in_weight", 7 0, L_000002b892353950;  alias, 1 drivers
v000002b892232950_0 .net "load_weight", 0 0, L_000002b8923539f0;  alias, 1 drivers
v000002b892234070_0 .var "out_act", 7 0;
v000002b892232bd0_0 .var "out_psum", 31 0;
v000002b892233ad0_0 .var/s "reg_weight", 7 0;
v000002b892232a90_0 .net "rst_n", 0 0, L_000002b8920707f0;  alias, 1 drivers
S_000002b89222be50 .scope generate, "COL_LOOP[8]" "COL_LOOP[8]" 9 55, 9 55 0, S_000002b892227990;
 .timescale -9 -12;
P_000002b892090190 .param/l "c" 0 9 55, +C4<01000>;
v000002b8922321d0_0 .net "pe_in_act", 7 0, L_000002b892366600;  1 drivers
v000002b8922355b0_0 .net "pe_in_psum", 31 0, L_000002b892366050;  1 drivers
v000002b892236190_0 .net "pe_in_weight", 7 0, L_000002b892354210;  1 drivers
v000002b892235470_0 .net "pe_load_en", 0 0, L_000002b8923529b0;  1 drivers
S_000002b89222c170 .scope generate, "genblk1" "genblk1" 9 61, 9 61 0, S_000002b89222be50;
 .timescale -9 -12;
L_000002b892366600 .functor BUFZ 8, v000002b892234070_0, C4<00000000>, C4<00000000>, C4<00000000>;
S_000002b89222b040 .scope generate, "genblk2" "genblk2" 9 72, 9 72 0, S_000002b89222be50;
 .timescale -9 -12;
L_000002b892366050 .functor BUFZ 32, v000002b8921e2db0_0, C4<00000000000000000000000000000000>, C4<00000000000000000000000000000000>, C4<00000000000000000000000000000000>;
S_000002b89222b680 .scope module, "pe_inst" "pe" 9 91, 10 12 0, S_000002b89222be50;
 .timescale 0 0;
    .port_info 0 /INPUT 1 "clk";
    .port_info 1 /INPUT 1 "rst_n";
    .port_info 2 /INPUT 1 "en_compute";
    .port_info 3 /INPUT 1 "load_weight";
    .port_info 4 /INPUT 8 "in_act";
    .port_info 5 /INPUT 8 "in_weight";
    .port_info 6 /INPUT 32 "in_psum";
    .port_info 7 /OUTPUT 8 "out_act";
    .port_info 8 /OUTPUT 32 "out_psum";
v000002b892232c70_0 .net "clk", 0 0, v000002b8922856e0_0;  alias, 1 drivers
v000002b892232d10_0 .net "en_compute", 0 0, L_000002b8922eb268;  alias, 1 drivers
v000002b8922333f0_0 .net "in_act", 7 0, L_000002b892366600;  alias, 1 drivers
v000002b892233490_0 .net "in_psum", 31 0, L_000002b892366050;  alias, 1 drivers
v000002b892233710_0 .net "in_weight", 7 0, L_000002b892354210;  alias, 1 drivers
v000002b892231eb0_0 .net "load_weight", 0 0, L_000002b8923529b0;  alias, 1 drivers
v000002b892233cb0_0 .var "out_act", 7 0;
v000002b892231ff0_0 .var "out_psum", 31 0;
v000002b892232090_0 .var/s "reg_weight", 7 0;
v000002b892232130_0 .net "rst_n", 0 0, L_000002b8920707f0;  alias, 1 drivers
S_000002b89222b360 .scope generate, "COL_LOOP[9]" "COL_LOOP[9]" 9 55, 9 55 0, S_000002b892227990;
 .timescale -9 -12;
P_000002b89208f1d0 .param/l "c" 0 9 55, +C4<01001>;
v000002b892236550_0 .net "pe_in_act", 7 0, L_000002b8923661a0;  1 drivers
v000002b892234250_0 .net "pe_in_psum", 31 0, L_000002b892366ad0;  1 drivers
v000002b8922351f0_0 .net "pe_in_weight", 7 0, L_000002b8923527d0;  1 drivers
v000002b892236230_0 .net "pe_load_en", 0 0, L_000002b892353bd0;  1 drivers
S_000002b89222bfe0 .scope generate, "genblk1" "genblk1" 9 61, 9 61 0, S_000002b89222b360;
 .timescale -9 -12;
L_000002b8923661a0 .functor BUFZ 8, v000002b892233cb0_0, C4<00000000>, C4<00000000>, C4<00000000>;
S_000002b892251c80 .scope generate, "genblk2" "genblk2" 9 72, 9 72 0, S_000002b89222b360;
 .timescale -9 -12;
L_000002b892366ad0 .functor BUFZ 32, v000002b8921e2a90_0, C4<00000000000000000000000000000000>, C4<00000000000000000000000000000000>, C4<00000000000000000000000000000000>;
S_000002b892250060 .scope module, "pe_inst" "pe" 9 91, 10 12 0, S_000002b89222b360;
 .timescale 0 0;
    .port_info 0 /INPUT 1 "clk";
    .port_info 1 /INPUT 1 "rst_n";
    .port_info 2 /INPUT 1 "en_compute";
    .port_info 3 /INPUT 1 "load_weight";
    .port_info 4 /INPUT 8 "in_act";
    .port_info 5 /INPUT 8 "in_weight";
    .port_info 6 /INPUT 32 "in_psum";
    .port_info 7 /OUTPUT 8 "out_act";
    .port_info 8 /OUTPUT 32 "out_psum";
v000002b8922362d0_0 .net "clk", 0 0, v000002b8922856e0_0;  alias, 1 drivers
v000002b892235970_0 .net "en_compute", 0 0, L_000002b8922eb268;  alias, 1 drivers
v000002b892236690_0 .net "in_act", 7 0, L_000002b8923661a0;  alias, 1 drivers
v000002b892234f70_0 .net "in_psum", 31 0, L_000002b892366ad0;  alias, 1 drivers
v000002b892234cf0_0 .net "in_weight", 7 0, L_000002b8923527d0;  alias, 1 drivers
v000002b892235150_0 .net "load_weight", 0 0, L_000002b892353bd0;  alias, 1 drivers
v000002b892234570_0 .var "out_act", 7 0;
v000002b892235fb0_0 .var "out_psum", 31 0;
v000002b892234d90_0 .var/s "reg_weight", 7 0;
v000002b892235510_0 .net "rst_n", 0 0, L_000002b8920707f0;  alias, 1 drivers
S_000002b892252900 .scope generate, "COL_LOOP[10]" "COL_LOOP[10]" 9 55, 9 55 0, S_000002b892227990;
 .timescale -9 -12;
P_000002b89208f6d0 .param/l "c" 0 9 55, +C4<01010>;
v000002b8922367d0_0 .net "pe_in_act", 7 0, L_000002b892367240;  1 drivers
v000002b892235c90_0 .net "pe_in_psum", 31 0, L_000002b892366b40;  1 drivers
v000002b892235650_0 .net "pe_in_weight", 7 0, L_000002b8923542b0;  1 drivers
v000002b892236050_0 .net "pe_load_en", 0 0, L_000002b892352870;  1 drivers
S_000002b892250510 .scope generate, "genblk1" "genblk1" 9 61, 9 61 0, S_000002b892252900;
 .timescale -9 -12;
L_000002b892367240 .functor BUFZ 8, v000002b892234570_0, C4<00000000>, C4<00000000>, C4<00000000>;
S_000002b89224f250 .scope generate, "genblk2" "genblk2" 9 72, 9 72 0, S_000002b892252900;
 .timescale -9 -12;
L_000002b892366b40 .functor BUFZ 32, v000002b8921e2c70_0, C4<00000000000000000000000000000000>, C4<00000000000000000000000000000000>, C4<00000000000000000000000000000000>;
S_000002b892251190 .scope module, "pe_inst" "pe" 9 91, 10 12 0, S_000002b892252900;
 .timescale 0 0;
    .port_info 0 /INPUT 1 "clk";
    .port_info 1 /INPUT 1 "rst_n";
    .port_info 2 /INPUT 1 "en_compute";
    .port_info 3 /INPUT 1 "load_weight";
    .port_info 4 /INPUT 8 "in_act";
    .port_info 5 /INPUT 8 "in_weight";
    .port_info 6 /INPUT 32 "in_psum";
    .port_info 7 /OUTPUT 8 "out_act";
    .port_info 8 /OUTPUT 32 "out_psum";
v000002b892235e70_0 .net "clk", 0 0, v000002b8922856e0_0;  alias, 1 drivers
v000002b892234b10_0 .net "en_compute", 0 0, L_000002b8922eb268;  alias, 1 drivers
v000002b892235b50_0 .net "in_act", 7 0, L_000002b892367240;  alias, 1 drivers
v000002b892235290_0 .net "in_psum", 31 0, L_000002b892366b40;  alias, 1 drivers
v000002b892235f10_0 .net "in_weight", 7 0, L_000002b8923542b0;  alias, 1 drivers
v000002b892234e30_0 .net "load_weight", 0 0, L_000002b892352870;  alias, 1 drivers
v000002b8922365f0_0 .var "out_act", 7 0;
v000002b892236730_0 .var "out_psum", 31 0;
v000002b892234ed0_0 .var/s "reg_weight", 7 0;
v000002b892236370_0 .net "rst_n", 0 0, L_000002b8920707f0;  alias, 1 drivers
S_000002b892250ce0 .scope generate, "COL_LOOP[11]" "COL_LOOP[11]" 9 55, 9 55 0, S_000002b892227990;
 .timescale -9 -12;
P_000002b89208fcd0 .param/l "c" 0 9 55, +C4<01011>;
v000002b892234610_0 .net "pe_in_act", 7 0, L_000002b892367320;  1 drivers
v000002b8922347f0_0 .net "pe_in_psum", 31 0, L_000002b892365f70;  1 drivers
v000002b892236870_0 .net "pe_in_weight", 7 0, L_000002b892353c70;  1 drivers
v000002b8922358d0_0 .net "pe_load_en", 0 0, L_000002b892353db0;  1 drivers
S_000002b89224fa20 .scope generate, "genblk1" "genblk1" 9 61, 9 61 0, S_000002b892250ce0;
 .timescale -9 -12;
L_000002b892367320 .functor BUFZ 8, v000002b8922365f0_0, C4<00000000>, C4<00000000>, C4<00000000>;
S_000002b89224fd40 .scope generate, "genblk2" "genblk2" 9 72, 9 72 0, S_000002b892250ce0;
 .timescale -9 -12;
L_000002b892365f70 .functor BUFZ 32, v000002b8921e4110_0, C4<00000000000000000000000000000000>, C4<00000000000000000000000000000000>, C4<00000000000000000000000000000000>;
S_000002b892252a90 .scope module, "pe_inst" "pe" 9 91, 10 12 0, S_000002b892250ce0;
 .timescale 0 0;
    .port_info 0 /INPUT 1 "clk";
    .port_info 1 /INPUT 1 "rst_n";
    .port_info 2 /INPUT 1 "en_compute";
    .port_info 3 /INPUT 1 "load_weight";
    .port_info 4 /INPUT 8 "in_act";
    .port_info 5 /INPUT 8 "in_weight";
    .port_info 6 /INPUT 32 "in_psum";
    .port_info 7 /OUTPUT 8 "out_act";
    .port_info 8 /OUTPUT 32 "out_psum";
v000002b892236410_0 .net "clk", 0 0, v000002b8922856e0_0;  alias, 1 drivers
v000002b8922356f0_0 .net "en_compute", 0 0, L_000002b8922eb268;  alias, 1 drivers
v000002b892235790_0 .net "in_act", 7 0, L_000002b892367320;  alias, 1 drivers
v000002b8922364b0_0 .net "in_psum", 31 0, L_000002b892365f70;  alias, 1 drivers
v000002b892235010_0 .net "in_weight", 7 0, L_000002b892353c70;  alias, 1 drivers
v000002b8922350b0_0 .net "load_weight", 0 0, L_000002b892353db0;  alias, 1 drivers
v000002b8922353d0_0 .var "out_act", 7 0;
v000002b892235330_0 .var "out_psum", 31 0;
v000002b892235d30_0 .var/s "reg_weight", 7 0;
v000002b892235830_0 .net "rst_n", 0 0, L_000002b8920707f0;  alias, 1 drivers
S_000002b892250380 .scope generate, "COL_LOOP[12]" "COL_LOOP[12]" 9 55, 9 55 0, S_000002b892227990;
 .timescale -9 -12;
P_000002b89208fa50 .param/l "c" 0 9 55, +C4<01100>;
v000002b892234930_0 .net "pe_in_act", 7 0, L_000002b8923669f0;  1 drivers
v000002b8922349d0_0 .net "pe_in_psum", 31 0, L_000002b8923672b0;  1 drivers
v000002b892234a70_0 .net "pe_in_weight", 7 0, L_000002b8923543f0;  1 drivers
v000002b892234bb0_0 .net "pe_load_en", 0 0, L_000002b892352b90;  1 drivers
S_000002b8922530d0 .scope generate, "genblk1" "genblk1" 9 61, 9 61 0, S_000002b892250380;
 .timescale -9 -12;
L_000002b8923669f0 .functor BUFZ 8, v000002b8922353d0_0, C4<00000000>, C4<00000000>, C4<00000000>;
S_000002b89224f3e0 .scope generate, "genblk2" "genblk2" 9 72, 9 72 0, S_000002b892250380;
 .timescale -9 -12;
L_000002b8923672b0 .functor BUFZ 32, v000002b8921e6410_0, C4<00000000000000000000000000000000>, C4<00000000000000000000000000000000>, C4<00000000000000000000000000000000>;
S_000002b8922501f0 .scope module, "pe_inst" "pe" 9 91, 10 12 0, S_000002b892250380;
 .timescale 0 0;
    .port_info 0 /INPUT 1 "clk";
    .port_info 1 /INPUT 1 "rst_n";
    .port_info 2 /INPUT 1 "en_compute";
    .port_info 3 /INPUT 1 "load_weight";
    .port_info 4 /INPUT 8 "in_act";
    .port_info 5 /INPUT 8 "in_weight";
    .port_info 6 /INPUT 32 "in_psum";
    .port_info 7 /OUTPUT 8 "out_act";
    .port_info 8 /OUTPUT 32 "out_psum";
v000002b892235ab0_0 .net "clk", 0 0, v000002b8922856e0_0;  alias, 1 drivers
v000002b892235bf0_0 .net "en_compute", 0 0, L_000002b8922eb268;  alias, 1 drivers
v000002b892235dd0_0 .net "in_act", 7 0, L_000002b8923669f0;  alias, 1 drivers
v000002b8922341b0_0 .net "in_psum", 31 0, L_000002b8923672b0;  alias, 1 drivers
v000002b8922342f0_0 .net "in_weight", 7 0, L_000002b8923543f0;  alias, 1 drivers
v000002b892234890_0 .net "load_weight", 0 0, L_000002b892352b90;  alias, 1 drivers
v000002b892234390_0 .var "out_act", 7 0;
v000002b892234430_0 .var "out_psum", 31 0;
v000002b8922344d0_0 .var/s "reg_weight", 7 0;
v000002b8922346b0_0 .net "rst_n", 0 0, L_000002b8920707f0;  alias, 1 drivers
S_000002b89224f890 .scope generate, "COL_LOOP[13]" "COL_LOOP[13]" 9 55, 9 55 0, S_000002b892227990;
 .timescale -9 -12;
P_000002b89208f3d0 .param/l "c" 0 9 55, +C4<01101>;
v000002b892238710_0 .net "pe_in_act", 7 0, L_000002b8923662f0;  1 drivers
v000002b892238990_0 .net "pe_in_psum", 31 0, L_000002b892365d40;  1 drivers
v000002b892237db0_0 .net "pe_in_weight", 7 0, L_000002b892352c30;  1 drivers
v000002b892237d10_0 .net "pe_load_en", 0 0, L_000002b892355cf0;  1 drivers
S_000002b892252f40 .scope generate, "genblk1" "genblk1" 9 61, 9 61 0, S_000002b89224f890;
 .timescale -9 -12;
L_000002b8923662f0 .functor BUFZ 8, v000002b892234390_0, C4<00000000>, C4<00000000>, C4<00000000>;
S_000002b8922506a0 .scope generate, "genblk2" "genblk2" 9 72, 9 72 0, S_000002b89224f890;
 .timescale -9 -12;
L_000002b892365d40 .functor BUFZ 32, v000002b8921e74f0_0, C4<00000000000000000000000000000000>, C4<00000000000000000000000000000000>, C4<00000000000000000000000000000000>;
S_000002b892250b50 .scope module, "pe_inst" "pe" 9 91, 10 12 0, S_000002b89224f890;
 .timescale 0 0;
    .port_info 0 /INPUT 1 "clk";
    .port_info 1 /INPUT 1 "rst_n";
    .port_info 2 /INPUT 1 "en_compute";
    .port_info 3 /INPUT 1 "load_weight";
    .port_info 4 /INPUT 8 "in_act";
    .port_info 5 /INPUT 8 "in_weight";
    .port_info 6 /INPUT 32 "in_psum";
    .port_info 7 /OUTPUT 8 "out_act";
    .port_info 8 /OUTPUT 32 "out_psum";
v000002b892237b30_0 .net "clk", 0 0, v000002b8922856e0_0;  alias, 1 drivers
v000002b892238850_0 .net "en_compute", 0 0, L_000002b8922eb268;  alias, 1 drivers
v000002b892238fd0_0 .net "in_act", 7 0, L_000002b8923662f0;  alias, 1 drivers
v000002b892237450_0 .net "in_psum", 31 0, L_000002b892365d40;  alias, 1 drivers
v000002b892236ff0_0 .net "in_weight", 7 0, L_000002b892352c30;  alias, 1 drivers
v000002b892237090_0 .net "load_weight", 0 0, L_000002b892355cf0;  alias, 1 drivers
v000002b892238210_0 .var "out_act", 7 0;
v000002b892239070_0 .var "out_psum", 31 0;
v000002b892237270_0 .var/s "reg_weight", 7 0;
v000002b8922387b0_0 .net "rst_n", 0 0, L_000002b8920707f0;  alias, 1 drivers
S_000002b892250e70 .scope generate, "COL_LOOP[14]" "COL_LOOP[14]" 9 55, 9 55 0, S_000002b892227990;
 .timescale -9 -12;
P_000002b89208fd90 .param/l "c" 0 9 55, +C4<01110>;
v000002b8922388f0_0 .net "pe_in_act", 7 0, L_000002b892366520;  1 drivers
v000002b8922382b0_0 .net "pe_in_psum", 31 0, L_000002b892365db0;  1 drivers
v000002b892236a50_0 .net "pe_in_weight", 7 0, L_000002b892355930;  1 drivers
v000002b892237a90_0 .net "pe_load_en", 0 0, L_000002b892355bb0;  1 drivers
S_000002b892251fa0 .scope generate, "genblk1" "genblk1" 9 61, 9 61 0, S_000002b892250e70;
 .timescale -9 -12;
L_000002b892366520 .functor BUFZ 8, v000002b892238210_0, C4<00000000>, C4<00000000>, C4<00000000>;
S_000002b892250830 .scope generate, "genblk2" "genblk2" 9 72, 9 72 0, S_000002b892250e70;
 .timescale -9 -12;
L_000002b892365db0 .functor BUFZ 32, v000002b8921e5bf0_0, C4<00000000000000000000000000000000>, C4<00000000000000000000000000000000>, C4<00000000000000000000000000000000>;
S_000002b892252130 .scope module, "pe_inst" "pe" 9 91, 10 12 0, S_000002b892250e70;
 .timescale 0 0;
    .port_info 0 /INPUT 1 "clk";
    .port_info 1 /INPUT 1 "rst_n";
    .port_info 2 /INPUT 1 "en_compute";
    .port_info 3 /INPUT 1 "load_weight";
    .port_info 4 /INPUT 8 "in_act";
    .port_info 5 /INPUT 8 "in_weight";
    .port_info 6 /INPUT 32 "in_psum";
    .port_info 7 /OUTPUT 8 "out_act";
    .port_info 8 /OUTPUT 32 "out_psum";
v000002b892237630_0 .net "clk", 0 0, v000002b8922856e0_0;  alias, 1 drivers
v000002b892238ad0_0 .net "en_compute", 0 0, L_000002b8922eb268;  alias, 1 drivers
v000002b892238170_0 .net "in_act", 7 0, L_000002b892366520;  alias, 1 drivers
v000002b892236cd0_0 .net "in_psum", 31 0, L_000002b892365db0;  alias, 1 drivers
v000002b892236910_0 .net "in_weight", 7 0, L_000002b892355930;  alias, 1 drivers
v000002b892238cb0_0 .net "load_weight", 0 0, L_000002b892355bb0;  alias, 1 drivers
v000002b892237950_0 .var "out_act", 7 0;
v000002b892236f50_0 .var "out_psum", 31 0;
v000002b8922369b0_0 .var/s "reg_weight", 7 0;
v000002b892237770_0 .net "rst_n", 0 0, L_000002b8920707f0;  alias, 1 drivers
S_000002b8922525e0 .scope generate, "COL_LOOP[15]" "COL_LOOP[15]" 9 55, 9 55 0, S_000002b892227990;
 .timescale -9 -12;
P_000002b89208f710 .param/l "c" 0 9 55, +C4<01111>;
v000002b892238b70_0 .net "pe_in_act", 7 0, L_000002b892365f00;  1 drivers
v000002b892237590_0 .net "pe_in_psum", 31 0, L_000002b892365e20;  1 drivers
v000002b8922376d0_0 .net "pe_in_weight", 7 0, L_000002b892354f30;  1 drivers
v000002b892238530_0 .net "pe_load_en", 0 0, L_000002b892355750;  1 drivers
S_000002b892251960 .scope generate, "genblk1" "genblk1" 9 61, 9 61 0, S_000002b8922525e0;
 .timescale -9 -12;
L_000002b892365f00 .functor BUFZ 8, v000002b892237950_0, C4<00000000>, C4<00000000>, C4<00000000>;
S_000002b892251320 .scope generate, "genblk2" "genblk2" 9 72, 9 72 0, S_000002b8922525e0;
 .timescale -9 -12;
L_000002b892365e20 .functor BUFZ 32, v000002b8921e73b0_0, C4<00000000000000000000000000000000>, C4<00000000000000000000000000000000>, C4<00000000000000000000000000000000>;
S_000002b8922509c0 .scope module, "pe_inst" "pe" 9 91, 10 12 0, S_000002b8922525e0;
 .timescale 0 0;
    .port_info 0 /INPUT 1 "clk";
    .port_info 1 /INPUT 1 "rst_n";
    .port_info 2 /INPUT 1 "en_compute";
    .port_info 3 /INPUT 1 "load_weight";
    .port_info 4 /INPUT 8 "in_act";
    .port_info 5 /INPUT 8 "in_weight";
    .port_info 6 /INPUT 32 "in_psum";
    .port_info 7 /OUTPUT 8 "out_act";
    .port_info 8 /OUTPUT 32 "out_psum";
v000002b892238d50_0 .net "clk", 0 0, v000002b8922856e0_0;  alias, 1 drivers
v000002b8922379f0_0 .net "en_compute", 0 0, L_000002b8922eb268;  alias, 1 drivers
v000002b892236d70_0 .net "in_act", 7 0, L_000002b892365f00;  alias, 1 drivers
v000002b892236af0_0 .net "in_psum", 31 0, L_000002b892365e20;  alias, 1 drivers
v000002b8922383f0_0 .net "in_weight", 7 0, L_000002b892354f30;  alias, 1 drivers
v000002b892238df0_0 .net "load_weight", 0 0, L_000002b892355750;  alias, 1 drivers
v000002b892238350_0 .var "out_act", 7 0;
v000002b8922374f0_0 .var "out_psum", 31 0;
v000002b892238a30_0 .var/s "reg_weight", 7 0;
v000002b892238490_0 .net "rst_n", 0 0, L_000002b8920707f0;  alias, 1 drivers
S_000002b8922514b0 .scope generate, "ROW_LOOP[9]" "ROW_LOOP[9]" 9 54, 9 54 0, S_000002b89217d0b0;
 .timescale -9 -12;
P_000002b89208f590 .param/l "r" 0 9 54, +C4<01001>;
S_000002b892251000 .scope generate, "COL_LOOP[0]" "COL_LOOP[0]" 9 55, 9 55 0, S_000002b8922514b0;
 .timescale -9 -12;
P_000002b89208f750 .param/l "c" 0 9 55, +C4<00>;
v000002b892237130_0 .net "pe_in_act", 7 0, L_000002b892356150;  1 drivers
v000002b892238c10_0 .net "pe_in_psum", 31 0, L_000002b892366f30;  1 drivers
v000002b8922385d0_0 .net "pe_in_weight", 7 0, L_000002b892356e70;  1 drivers
v000002b892236e10_0 .net "pe_load_en", 0 0, L_000002b892355610;  1 drivers
S_000002b89224f700 .scope generate, "genblk1" "genblk1" 9 61, 9 61 0, S_000002b892251000;
 .timescale -9 -12;
S_000002b892251e10 .scope generate, "genblk2" "genblk2" 9 72, 9 72 0, S_000002b892251000;
 .timescale -9 -12;
L_000002b892366f30 .functor BUFZ 32, v000002b8922306f0_0, C4<00000000000000000000000000000000>, C4<00000000000000000000000000000000>, C4<00000000000000000000000000000000>;
S_000002b89224fbb0 .scope module, "pe_inst" "pe" 9 91, 10 12 0, S_000002b892251000;
 .timescale 0 0;
    .port_info 0 /INPUT 1 "clk";
    .port_info 1 /INPUT 1 "rst_n";
    .port_info 2 /INPUT 1 "en_compute";
    .port_info 3 /INPUT 1 "load_weight";
    .port_info 4 /INPUT 8 "in_act";
    .port_info 5 /INPUT 8 "in_weight";
    .port_info 6 /INPUT 32 "in_psum";
    .port_info 7 /OUTPUT 8 "out_act";
    .port_info 8 /OUTPUT 32 "out_psum";
v000002b8922380d0_0 .net "clk", 0 0, v000002b8922856e0_0;  alias, 1 drivers
v000002b892237810_0 .net "en_compute", 0 0, L_000002b8922eb268;  alias, 1 drivers
v000002b8922378b0_0 .net "in_act", 7 0, L_000002b892356150;  alias, 1 drivers
v000002b892237ef0_0 .net "in_psum", 31 0, L_000002b892366f30;  alias, 1 drivers
v000002b892237310_0 .net "in_weight", 7 0, L_000002b892356e70;  alias, 1 drivers
v000002b892236b90_0 .net "load_weight", 0 0, L_000002b892355610;  alias, 1 drivers
v000002b892236c30_0 .var "out_act", 7 0;
v000002b892237c70_0 .var "out_psum", 31 0;
v000002b892237f90_0 .var/s "reg_weight", 7 0;
v000002b892238030_0 .net "rst_n", 0 0, L_000002b8920707f0;  alias, 1 drivers
S_000002b892252c20 .scope generate, "COL_LOOP[1]" "COL_LOOP[1]" 9 55, 9 55 0, S_000002b8922514b0;
 .timescale -9 -12;
P_000002b89208f950 .param/l "c" 0 9 55, +C4<01>;
v000002b8922394d0_0 .net "pe_in_act", 7 0, L_000002b892366590;  1 drivers
v000002b89223b870_0 .net "pe_in_psum", 31 0, L_000002b892367390;  1 drivers
v000002b89223b4b0_0 .net "pe_in_weight", 7 0, L_000002b892355250;  1 drivers
v000002b89223a790_0 .net "pe_load_en", 0 0, L_000002b892356650;  1 drivers
S_000002b892251640 .scope generate, "genblk1" "genblk1" 9 61, 9 61 0, S_000002b892252c20;
 .timescale -9 -12;
L_000002b892366590 .functor BUFZ 8, v000002b892236c30_0, C4<00000000>, C4<00000000>, C4<00000000>;
S_000002b89224f570 .scope generate, "genblk2" "genblk2" 9 72, 9 72 0, S_000002b892252c20;
 .timescale -9 -12;
L_000002b892367390 .functor BUFZ 32, v000002b89222fed0_0, C4<00000000000000000000000000000000>, C4<00000000000000000000000000000000>, C4<00000000000000000000000000000000>;
S_000002b8922517d0 .scope module, "pe_inst" "pe" 9 91, 10 12 0, S_000002b892252c20;
 .timescale 0 0;
    .port_info 0 /INPUT 1 "clk";
    .port_info 1 /INPUT 1 "rst_n";
    .port_info 2 /INPUT 1 "en_compute";
    .port_info 3 /INPUT 1 "load_weight";
    .port_info 4 /INPUT 8 "in_act";
    .port_info 5 /INPUT 8 "in_weight";
    .port_info 6 /INPUT 32 "in_psum";
    .port_info 7 /OUTPUT 8 "out_act";
    .port_info 8 /OUTPUT 32 "out_psum";
v000002b892238f30_0 .net "clk", 0 0, v000002b8922856e0_0;  alias, 1 drivers
v000002b892236eb0_0 .net "en_compute", 0 0, L_000002b8922eb268;  alias, 1 drivers
v000002b8922371d0_0 .net "in_act", 7 0, L_000002b892366590;  alias, 1 drivers
v000002b8922373b0_0 .net "in_psum", 31 0, L_000002b892367390;  alias, 1 drivers
v000002b89223b730_0 .net "in_weight", 7 0, L_000002b892355250;  alias, 1 drivers
v000002b8922391b0_0 .net "load_weight", 0 0, L_000002b892356650;  alias, 1 drivers
v000002b89223a1f0_0 .var "out_act", 7 0;
v000002b89223b690_0 .var "out_psum", 31 0;
v000002b89223a470_0 .var/s "reg_weight", 7 0;
v000002b89223a5b0_0 .net "rst_n", 0 0, L_000002b8920707f0;  alias, 1 drivers
S_000002b89224fed0 .scope generate, "COL_LOOP[2]" "COL_LOOP[2]" 9 55, 9 55 0, S_000002b8922514b0;
 .timescale -9 -12;
P_000002b89208f210 .param/l "c" 0 9 55, +C4<010>;
v000002b89223a290_0 .net "pe_in_act", 7 0, L_000002b892365e90;  1 drivers
v000002b892239610_0 .net "pe_in_psum", 31 0, L_000002b892365fe0;  1 drivers
v000002b892239750_0 .net "pe_in_weight", 7 0, L_000002b892354df0;  1 drivers
v000002b89223b5f0_0 .net "pe_load_en", 0 0, L_000002b8923560b0;  1 drivers
S_000002b8922522c0 .scope generate, "genblk1" "genblk1" 9 61, 9 61 0, S_000002b89224fed0;
 .timescale -9 -12;
L_000002b892365e90 .functor BUFZ 8, v000002b89223a1f0_0, C4<00000000>, C4<00000000>, C4<00000000>;
S_000002b89224f0c0 .scope generate, "genblk2" "genblk2" 9 72, 9 72 0, S_000002b89224fed0;
 .timescale -9 -12;
L_000002b892365fe0 .functor BUFZ 32, v000002b89222f250_0, C4<00000000000000000000000000000000>, C4<00000000000000000000000000000000>, C4<00000000000000000000000000000000>;
S_000002b892251af0 .scope module, "pe_inst" "pe" 9 91, 10 12 0, S_000002b89224fed0;
 .timescale 0 0;
    .port_info 0 /INPUT 1 "clk";
    .port_info 1 /INPUT 1 "rst_n";
    .port_info 2 /INPUT 1 "en_compute";
    .port_info 3 /INPUT 1 "load_weight";
    .port_info 4 /INPUT 8 "in_act";
    .port_info 5 /INPUT 8 "in_weight";
    .port_info 6 /INPUT 32 "in_psum";
    .port_info 7 /OUTPUT 8 "out_act";
    .port_info 8 /OUTPUT 32 "out_psum";
v000002b89223afb0_0 .net "clk", 0 0, v000002b8922856e0_0;  alias, 1 drivers
v000002b89223a510_0 .net "en_compute", 0 0, L_000002b8922eb268;  alias, 1 drivers
v000002b89223b7d0_0 .net "in_act", 7 0, L_000002b892365e90;  alias, 1 drivers
v000002b89223b550_0 .net "in_psum", 31 0, L_000002b892365fe0;  alias, 1 drivers
v000002b892239b10_0 .net "in_weight", 7 0, L_000002b892354df0;  alias, 1 drivers
v000002b89223abf0_0 .net "load_weight", 0 0, L_000002b8923560b0;  alias, 1 drivers
v000002b89223a0b0_0 .var "out_act", 7 0;
v000002b89223a830_0 .var "out_psum", 31 0;
v000002b89223aab0_0 .var/s "reg_weight", 7 0;
v000002b89223ad30_0 .net "rst_n", 0 0, L_000002b8920707f0;  alias, 1 drivers
S_000002b892252450 .scope generate, "COL_LOOP[3]" "COL_LOOP[3]" 9 55, 9 55 0, S_000002b8922514b0;
 .timescale -9 -12;
P_000002b89208f7d0 .param/l "c" 0 9 55, +C4<011>;
v000002b89223b2d0_0 .net "pe_in_act", 7 0, L_000002b892366a60;  1 drivers
v000002b892239110_0 .net "pe_in_psum", 31 0, L_000002b892366bb0;  1 drivers
v000002b89223a6f0_0 .net "pe_in_weight", 7 0, L_000002b8923554d0;  1 drivers
v000002b89223b0f0_0 .net "pe_load_en", 0 0, L_000002b892356f10;  1 drivers
S_000002b8922549d0 .scope generate, "genblk1" "genblk1" 9 61, 9 61 0, S_000002b892252450;
 .timescale -9 -12;
L_000002b892366a60 .functor BUFZ 8, v000002b89223a0b0_0, C4<00000000>, C4<00000000>, C4<00000000>;
S_000002b892253580 .scope generate, "genblk2" "genblk2" 9 72, 9 72 0, S_000002b892252450;
 .timescale -9 -12;
L_000002b892366bb0 .functor BUFZ 32, v000002b892230510_0, C4<00000000000000000000000000000000>, C4<00000000000000000000000000000000>, C4<00000000000000000000000000000000>;
S_000002b892254840 .scope module, "pe_inst" "pe" 9 91, 10 12 0, S_000002b892252450;
 .timescale 0 0;
    .port_info 0 /INPUT 1 "clk";
    .port_info 1 /INPUT 1 "rst_n";
    .port_info 2 /INPUT 1 "en_compute";
    .port_info 3 /INPUT 1 "load_weight";
    .port_info 4 /INPUT 8 "in_act";
    .port_info 5 /INPUT 8 "in_weight";
    .port_info 6 /INPUT 32 "in_psum";
    .port_info 7 /OUTPUT 8 "out_act";
    .port_info 8 /OUTPUT 32 "out_psum";
v000002b89223b230_0 .net "clk", 0 0, v000002b8922856e0_0;  alias, 1 drivers
v000002b89223ac90_0 .net "en_compute", 0 0, L_000002b8922eb268;  alias, 1 drivers
v000002b89223a150_0 .net "in_act", 7 0, L_000002b892366a60;  alias, 1 drivers
v000002b89223a330_0 .net "in_psum", 31 0, L_000002b892366bb0;  alias, 1 drivers
v000002b892239570_0 .net "in_weight", 7 0, L_000002b8923554d0;  alias, 1 drivers
v000002b89223add0_0 .net "load_weight", 0 0, L_000002b892356f10;  alias, 1 drivers
v000002b892239250_0 .var "out_act", 7 0;
v000002b89223a650_0 .var "out_psum", 31 0;
v000002b89223b050_0 .var/s "reg_weight", 7 0;
v000002b89223a3d0_0 .net "rst_n", 0 0, L_000002b8920707f0;  alias, 1 drivers
S_000002b892252770 .scope generate, "COL_LOOP[4]" "COL_LOOP[4]" 9 55, 9 55 0, S_000002b8922514b0;
 .timescale -9 -12;
P_000002b89208f410 .param/l "c" 0 9 55, +C4<0100>;
v000002b8922397f0_0 .net "pe_in_act", 7 0, L_000002b892366c20;  1 drivers
v000002b892239890_0 .net "pe_in_psum", 31 0, L_000002b892366670;  1 drivers
v000002b89223af10_0 .net "pe_in_weight", 7 0, L_000002b892356a10;  1 drivers
v000002b89223b190_0 .net "pe_load_en", 0 0, L_000002b892356470;  1 drivers
S_000002b892252db0 .scope generate, "genblk1" "genblk1" 9 61, 9 61 0, S_000002b892252770;
 .timescale -9 -12;
L_000002b892366c20 .functor BUFZ 8, v000002b892239250_0, C4<00000000>, C4<00000000>, C4<00000000>;
S_000002b892253260 .scope generate, "genblk2" "genblk2" 9 72, 9 72 0, S_000002b892252770;
 .timescale -9 -12;
L_000002b892366670 .functor BUFZ 32, v000002b892233530_0, C4<00000000000000000000000000000000>, C4<00000000000000000000000000000000>, C4<00000000000000000000000000000000>;
S_000002b892254b60 .scope module, "pe_inst" "pe" 9 91, 10 12 0, S_000002b892252770;
 .timescale 0 0;
    .port_info 0 /INPUT 1 "clk";
    .port_info 1 /INPUT 1 "rst_n";
    .port_info 2 /INPUT 1 "en_compute";
    .port_info 3 /INPUT 1 "load_weight";
    .port_info 4 /INPUT 8 "in_act";
    .port_info 5 /INPUT 8 "in_weight";
    .port_info 6 /INPUT 32 "in_psum";
    .port_info 7 /OUTPUT 8 "out_act";
    .port_info 8 /OUTPUT 32 "out_psum";
v000002b892239390_0 .net "clk", 0 0, v000002b8922856e0_0;  alias, 1 drivers
v000002b89223ae70_0 .net "en_compute", 0 0, L_000002b8922eb268;  alias, 1 drivers
v000002b89223a8d0_0 .net "in_act", 7 0, L_000002b892366c20;  alias, 1 drivers
v000002b89223a970_0 .net "in_psum", 31 0, L_000002b892366670;  alias, 1 drivers
v000002b892239cf0_0 .net "in_weight", 7 0, L_000002b892356a10;  alias, 1 drivers
v000002b89223aa10_0 .net "load_weight", 0 0, L_000002b892356470;  alias, 1 drivers
v000002b892239a70_0 .var "out_act", 7 0;
v000002b89223ab50_0 .var "out_psum", 31 0;
v000002b892239430_0 .var/s "reg_weight", 7 0;
v000002b8922396b0_0 .net "rst_n", 0 0, L_000002b8920707f0;  alias, 1 drivers
S_000002b8922533f0 .scope generate, "COL_LOOP[5]" "COL_LOOP[5]" 9 55, 9 55 0, S_000002b8922514b0;
 .timescale -9 -12;
P_000002b89208f890 .param/l "c" 0 9 55, +C4<0101>;
v000002b89223c450_0 .net "pe_in_act", 7 0, L_000002b8923660c0;  1 drivers
v000002b89223cf90_0 .net "pe_in_psum", 31 0, L_000002b892366210;  1 drivers
v000002b89223c950_0 .net "pe_in_weight", 7 0, L_000002b892355570;  1 drivers
v000002b89223c770_0 .net "pe_load_en", 0 0, L_000002b892355c50;  1 drivers
S_000002b892253710 .scope generate, "genblk1" "genblk1" 9 61, 9 61 0, S_000002b8922533f0;
 .timescale -9 -12;
L_000002b8923660c0 .functor BUFZ 8, v000002b892239a70_0, C4<00000000>, C4<00000000>, C4<00000000>;
S_000002b8922538a0 .scope generate, "genblk2" "genblk2" 9 72, 9 72 0, S_000002b8922533f0;
 .timescale -9 -12;
L_000002b892366210 .functor BUFZ 32, v000002b892231cd0_0, C4<00000000000000000000000000000000>, C4<00000000000000000000000000000000>, C4<00000000000000000000000000000000>;
S_000002b892254cf0 .scope module, "pe_inst" "pe" 9 91, 10 12 0, S_000002b8922533f0;
 .timescale 0 0;
    .port_info 0 /INPUT 1 "clk";
    .port_info 1 /INPUT 1 "rst_n";
    .port_info 2 /INPUT 1 "en_compute";
    .port_info 3 /INPUT 1 "load_weight";
    .port_info 4 /INPUT 8 "in_act";
    .port_info 5 /INPUT 8 "in_weight";
    .port_info 6 /INPUT 32 "in_psum";
    .port_info 7 /OUTPUT 8 "out_act";
    .port_info 8 /OUTPUT 32 "out_psum";
v000002b892239bb0_0 .net "clk", 0 0, v000002b8922856e0_0;  alias, 1 drivers
v000002b892239930_0 .net "en_compute", 0 0, L_000002b8922eb268;  alias, 1 drivers
v000002b8922399d0_0 .net "in_act", 7 0, L_000002b8923660c0;  alias, 1 drivers
v000002b892239d90_0 .net "in_psum", 31 0, L_000002b892366210;  alias, 1 drivers
v000002b892239e30_0 .net "in_weight", 7 0, L_000002b892355570;  alias, 1 drivers
v000002b892239ed0_0 .net "load_weight", 0 0, L_000002b892355c50;  alias, 1 drivers
v000002b892239f70_0 .var "out_act", 7 0;
v000002b89223a010_0 .var "out_psum", 31 0;
v000002b89223bf50_0 .var/s "reg_weight", 7 0;
v000002b89223cef0_0 .net "rst_n", 0 0, L_000002b8920707f0;  alias, 1 drivers
S_000002b892253ee0 .scope generate, "COL_LOOP[6]" "COL_LOOP[6]" 9 55, 9 55 0, S_000002b8922514b0;
 .timescale -9 -12;
P_000002b89208ff10 .param/l "c" 0 9 55, +C4<0110>;
v000002b89223cdb0_0 .net "pe_in_act", 7 0, L_000002b892366c90;  1 drivers
v000002b89223d350_0 .net "pe_in_psum", 31 0, L_000002b892366d00;  1 drivers
v000002b89223c9f0_0 .net "pe_in_weight", 7 0, L_000002b892356290;  1 drivers
v000002b89223d210_0 .net "pe_load_en", 0 0, L_000002b8923566f0;  1 drivers
S_000002b892253a30 .scope generate, "genblk1" "genblk1" 9 61, 9 61 0, S_000002b892253ee0;
 .timescale -9 -12;
L_000002b892366c90 .functor BUFZ 8, v000002b892239f70_0, C4<00000000>, C4<00000000>, C4<00000000>;
S_000002b892254e80 .scope generate, "genblk2" "genblk2" 9 72, 9 72 0, S_000002b892253ee0;
 .timescale -9 -12;
L_000002b892366d00 .functor BUFZ 32, v000002b892232ef0_0, C4<00000000000000000000000000000000>, C4<00000000000000000000000000000000>, C4<00000000000000000000000000000000>;
S_000002b892255010 .scope module, "pe_inst" "pe" 9 91, 10 12 0, S_000002b892253ee0;
 .timescale 0 0;
    .port_info 0 /INPUT 1 "clk";
    .port_info 1 /INPUT 1 "rst_n";
    .port_info 2 /INPUT 1 "en_compute";
    .port_info 3 /INPUT 1 "load_weight";
    .port_info 4 /INPUT 8 "in_act";
    .port_info 5 /INPUT 8 "in_weight";
    .port_info 6 /INPUT 32 "in_psum";
    .port_info 7 /OUTPUT 8 "out_act";
    .port_info 8 /OUTPUT 32 "out_psum";
v000002b89223c630_0 .net "clk", 0 0, v000002b8922856e0_0;  alias, 1 drivers
v000002b89223d530_0 .net "en_compute", 0 0, L_000002b8922eb268;  alias, 1 drivers
v000002b89223d030_0 .net "in_act", 7 0, L_000002b892366c90;  alias, 1 drivers
v000002b89223db70_0 .net "in_psum", 31 0, L_000002b892366d00;  alias, 1 drivers
v000002b89223d5d0_0 .net "in_weight", 7 0, L_000002b892356290;  alias, 1 drivers
v000002b89223bd70_0 .net "load_weight", 0 0, L_000002b8923566f0;  alias, 1 drivers
v000002b89223be10_0 .var "out_act", 7 0;
v000002b89223d850_0 .var "out_psum", 31 0;
v000002b89223c3b0_0 .var/s "reg_weight", 7 0;
v000002b89223b910_0 .net "rst_n", 0 0, L_000002b8920707f0;  alias, 1 drivers
S_000002b892253bc0 .scope generate, "COL_LOOP[7]" "COL_LOOP[7]" 9 55, 9 55 0, S_000002b8922514b0;
 .timescale -9 -12;
P_000002b89208f810 .param/l "c" 0 9 55, +C4<0111>;
v000002b89223c090_0 .net "pe_in_act", 7 0, L_000002b892366d70;  1 drivers
v000002b89223dad0_0 .net "pe_in_psum", 31 0, L_000002b892366de0;  1 drivers
v000002b89223c590_0 .net "pe_in_weight", 7 0, L_000002b8923548f0;  1 drivers
v000002b89223cb30_0 .net "pe_load_en", 0 0, L_000002b892354b70;  1 drivers
S_000002b892253d50 .scope generate, "genblk1" "genblk1" 9 61, 9 61 0, S_000002b892253bc0;
 .timescale -9 -12;
L_000002b892366d70 .functor BUFZ 8, v000002b89223be10_0, C4<00000000>, C4<00000000>, C4<00000000>;
S_000002b8922551a0 .scope generate, "genblk2" "genblk2" 9 72, 9 72 0, S_000002b892253bc0;
 .timescale -9 -12;
L_000002b892366de0 .functor BUFZ 32, v000002b892232bd0_0, C4<00000000000000000000000000000000>, C4<00000000000000000000000000000000>, C4<00000000000000000000000000000000>;
S_000002b892255330 .scope module, "pe_inst" "pe" 9 91, 10 12 0, S_000002b892253bc0;
 .timescale 0 0;
    .port_info 0 /INPUT 1 "clk";
    .port_info 1 /INPUT 1 "rst_n";
    .port_info 2 /INPUT 1 "en_compute";
    .port_info 3 /INPUT 1 "load_weight";
    .port_info 4 /INPUT 8 "in_act";
    .port_info 5 /INPUT 8 "in_weight";
    .port_info 6 /INPUT 32 "in_psum";
    .port_info 7 /OUTPUT 8 "out_act";
    .port_info 8 /OUTPUT 32 "out_psum";
v000002b89223bc30_0 .net "clk", 0 0, v000002b8922856e0_0;  alias, 1 drivers
v000002b89223bcd0_0 .net "en_compute", 0 0, L_000002b8922eb268;  alias, 1 drivers
v000002b89223df30_0 .net "in_act", 7 0, L_000002b892366d70;  alias, 1 drivers
v000002b89223bff0_0 .net "in_psum", 31 0, L_000002b892366de0;  alias, 1 drivers
v000002b89223dc10_0 .net "in_weight", 7 0, L_000002b8923548f0;  alias, 1 drivers
v000002b89223ca90_0 .net "load_weight", 0 0, L_000002b892354b70;  alias, 1 drivers
v000002b89223cbd0_0 .var "out_act", 7 0;
v000002b89223dd50_0 .var "out_psum", 31 0;
v000002b89223c4f0_0 .var/s "reg_weight", 7 0;
v000002b89223d3f0_0 .net "rst_n", 0 0, L_000002b8920707f0;  alias, 1 drivers
S_000002b8922546b0 .scope generate, "COL_LOOP[8]" "COL_LOOP[8]" 9 55, 9 55 0, S_000002b8922514b0;
 .timescale -9 -12;
P_000002b89208f250 .param/l "c" 0 9 55, +C4<01000>;
v000002b89223d490_0 .net "pe_in_act", 7 0, L_000002b892366750;  1 drivers
v000002b89223cd10_0 .net "pe_in_psum", 31 0, L_000002b892366e50;  1 drivers
v000002b89223c130_0 .net "pe_in_weight", 7 0, L_000002b892354d50;  1 drivers
v000002b89223c1d0_0 .net "pe_load_en", 0 0, L_000002b892354e90;  1 drivers
S_000002b892254070 .scope generate, "genblk1" "genblk1" 9 61, 9 61 0, S_000002b8922546b0;
 .timescale -9 -12;
L_000002b892366750 .functor BUFZ 8, v000002b89223cbd0_0, C4<00000000>, C4<00000000>, C4<00000000>;
S_000002b892254200 .scope generate, "genblk2" "genblk2" 9 72, 9 72 0, S_000002b8922546b0;
 .timescale -9 -12;
L_000002b892366e50 .functor BUFZ 32, v000002b892231ff0_0, C4<00000000000000000000000000000000>, C4<00000000000000000000000000000000>, C4<00000000000000000000000000000000>;
S_000002b892254390 .scope module, "pe_inst" "pe" 9 91, 10 12 0, S_000002b8922546b0;
 .timescale 0 0;
    .port_info 0 /INPUT 1 "clk";
    .port_info 1 /INPUT 1 "rst_n";
    .port_info 2 /INPUT 1 "en_compute";
    .port_info 3 /INPUT 1 "load_weight";
    .port_info 4 /INPUT 8 "in_act";
    .port_info 5 /INPUT 8 "in_weight";
    .port_info 6 /INPUT 32 "in_psum";
    .port_info 7 /OUTPUT 8 "out_act";
    .port_info 8 /OUTPUT 32 "out_psum";
v000002b89223d8f0_0 .net "clk", 0 0, v000002b8922856e0_0;  alias, 1 drivers
v000002b89223de90_0 .net "en_compute", 0 0, L_000002b8922eb268;  alias, 1 drivers
v000002b89223d170_0 .net "in_act", 7 0, L_000002b892366750;  alias, 1 drivers
v000002b89223b9b0_0 .net "in_psum", 31 0, L_000002b892366e50;  alias, 1 drivers
v000002b89223beb0_0 .net "in_weight", 7 0, L_000002b892354d50;  alias, 1 drivers
v000002b89223d710_0 .net "load_weight", 0 0, L_000002b892354e90;  alias, 1 drivers
v000002b89223c810_0 .var "out_act", 7 0;
v000002b89223cc70_0 .var "out_psum", 31 0;
v000002b89223c6d0_0 .var/s "reg_weight", 7 0;
v000002b89223d2b0_0 .net "rst_n", 0 0, L_000002b8920707f0;  alias, 1 drivers
S_000002b892254520 .scope generate, "COL_LOOP[9]" "COL_LOOP[9]" 9 55, 9 55 0, S_000002b8922514b0;
 .timescale -9 -12;
P_000002b89208fb50 .param/l "c" 0 9 55, +C4<01001>;
v000002b89223baf0_0 .net "pe_in_act", 7 0, L_000002b892367be0;  1 drivers
v000002b89223bb90_0 .net "pe_in_psum", 31 0, L_000002b892367c50;  1 drivers
v000002b89223f5b0_0 .net "pe_in_weight", 7 0, L_000002b892355d90;  1 drivers
v000002b892240190_0 .net "pe_load_en", 0 0, L_000002b892356fb0;  1 drivers
S_000002b892255e20 .scope generate, "genblk1" "genblk1" 9 61, 9 61 0, S_000002b892254520;
 .timescale -9 -12;
L_000002b892367be0 .functor BUFZ 8, v000002b89223c810_0, C4<00000000>, C4<00000000>, C4<00000000>;
S_000002b892256c30 .scope generate, "genblk2" "genblk2" 9 72, 9 72 0, S_000002b892254520;
 .timescale -9 -12;
L_000002b892367c50 .functor BUFZ 32, v000002b892235fb0_0, C4<00000000000000000000000000000000>, C4<00000000000000000000000000000000>, C4<00000000000000000000000000000000>;
S_000002b892256dc0 .scope module, "pe_inst" "pe" 9 91, 10 12 0, S_000002b892254520;
 .timescale 0 0;
    .port_info 0 /INPUT 1 "clk";
    .port_info 1 /INPUT 1 "rst_n";
    .port_info 2 /INPUT 1 "en_compute";
    .port_info 3 /INPUT 1 "load_weight";
    .port_info 4 /INPUT 8 "in_act";
    .port_info 5 /INPUT 8 "in_weight";
    .port_info 6 /INPUT 32 "in_psum";
    .port_info 7 /OUTPUT 8 "out_act";
    .port_info 8 /OUTPUT 32 "out_psum";
v000002b89223ba50_0 .net "clk", 0 0, v000002b8922856e0_0;  alias, 1 drivers
v000002b89223dfd0_0 .net "en_compute", 0 0, L_000002b8922eb268;  alias, 1 drivers
v000002b89223da30_0 .net "in_act", 7 0, L_000002b892367be0;  alias, 1 drivers
v000002b89223c8b0_0 .net "in_psum", 31 0, L_000002b892367c50;  alias, 1 drivers
v000002b89223dcb0_0 .net "in_weight", 7 0, L_000002b892355d90;  alias, 1 drivers
v000002b89223d0d0_0 .net "load_weight", 0 0, L_000002b892356fb0;  alias, 1 drivers
v000002b89223d670_0 .var "out_act", 7 0;
v000002b89223d7b0_0 .var "out_psum", 31 0;
v000002b89223d990_0 .var/s "reg_weight", 7 0;
v000002b89223e070_0 .net "rst_n", 0 0, L_000002b8920707f0;  alias, 1 drivers
S_000002b892256910 .scope generate, "COL_LOOP[10]" "COL_LOOP[10]" 9 55, 9 55 0, S_000002b8922514b0;
 .timescale -9 -12;
P_000002b89208f8d0 .param/l "c" 0 9 55, +C4<01010>;
v000002b89223ec50_0 .net "pe_in_act", 7 0, L_000002b892367e80;  1 drivers
v000002b89223f790_0 .net "pe_in_psum", 31 0, L_000002b892367a20;  1 drivers
v000002b89223f1f0_0 .net "pe_in_weight", 7 0, L_000002b892355b10;  1 drivers
v000002b89223ef70_0 .net "pe_load_en", 0 0, L_000002b892355e30;  1 drivers
S_000002b8922554c0 .scope generate, "genblk1" "genblk1" 9 61, 9 61 0, S_000002b892256910;
 .timescale -9 -12;
L_000002b892367e80 .functor BUFZ 8, v000002b89223d670_0, C4<00000000>, C4<00000000>, C4<00000000>;
S_000002b892256aa0 .scope generate, "genblk2" "genblk2" 9 72, 9 72 0, S_000002b892256910;
 .timescale -9 -12;
L_000002b892367a20 .functor BUFZ 32, v000002b892236730_0, C4<00000000000000000000000000000000>, C4<00000000000000000000000000000000>, C4<00000000000000000000000000000000>;
S_000002b892255c90 .scope module, "pe_inst" "pe" 9 91, 10 12 0, S_000002b892256910;
 .timescale 0 0;
    .port_info 0 /INPUT 1 "clk";
    .port_info 1 /INPUT 1 "rst_n";
    .port_info 2 /INPUT 1 "en_compute";
    .port_info 3 /INPUT 1 "load_weight";
    .port_info 4 /INPUT 8 "in_act";
    .port_info 5 /INPUT 8 "in_weight";
    .port_info 6 /INPUT 32 "in_psum";
    .port_info 7 /OUTPUT 8 "out_act";
    .port_info 8 /OUTPUT 32 "out_psum";
v000002b89223eb10_0 .net "clk", 0 0, v000002b8922856e0_0;  alias, 1 drivers
v000002b89223f330_0 .net "en_compute", 0 0, L_000002b8922eb268;  alias, 1 drivers
v000002b89223e110_0 .net "in_act", 7 0, L_000002b892367e80;  alias, 1 drivers
v000002b89223e7f0_0 .net "in_psum", 31 0, L_000002b892367a20;  alias, 1 drivers
v000002b89223e4d0_0 .net "in_weight", 7 0, L_000002b892355b10;  alias, 1 drivers
v000002b89223ea70_0 .net "load_weight", 0 0, L_000002b892355e30;  alias, 1 drivers
v000002b89223f650_0 .var "out_act", 7 0;
v000002b89223f150_0 .var "out_psum", 31 0;
v000002b89223e750_0 .var/s "reg_weight", 7 0;
v000002b89223f6f0_0 .net "rst_n", 0 0, L_000002b8920707f0;  alias, 1 drivers
S_000002b8922557e0 .scope generate, "COL_LOOP[11]" "COL_LOOP[11]" 9 55, 9 55 0, S_000002b8922514b0;
 .timescale -9 -12;
P_000002b89208ff50 .param/l "c" 0 9 55, +C4<01011>;
v000002b892240870_0 .net "pe_in_act", 7 0, L_000002b892367cc0;  1 drivers
v000002b89223f470_0 .net "pe_in_psum", 31 0, L_000002b8923678d0;  1 drivers
v000002b89223f290_0 .net "pe_in_weight", 7 0, L_000002b892356c90;  1 drivers
v000002b892240730_0 .net "pe_load_en", 0 0, L_000002b892355ed0;  1 drivers
S_000002b892255650 .scope generate, "genblk1" "genblk1" 9 61, 9 61 0, S_000002b8922557e0;
 .timescale -9 -12;
L_000002b892367cc0 .functor BUFZ 8, v000002b89223f650_0, C4<00000000>, C4<00000000>, C4<00000000>;
S_000002b892255fb0 .scope generate, "genblk2" "genblk2" 9 72, 9 72 0, S_000002b8922557e0;
 .timescale -9 -12;
L_000002b8923678d0 .functor BUFZ 32, v000002b892235330_0, C4<00000000000000000000000000000000>, C4<00000000000000000000000000000000>, C4<00000000000000000000000000000000>;
S_000002b892256780 .scope module, "pe_inst" "pe" 9 91, 10 12 0, S_000002b8922557e0;
 .timescale 0 0;
    .port_info 0 /INPUT 1 "clk";
    .port_info 1 /INPUT 1 "rst_n";
    .port_info 2 /INPUT 1 "en_compute";
    .port_info 3 /INPUT 1 "load_weight";
    .port_info 4 /INPUT 8 "in_act";
    .port_info 5 /INPUT 8 "in_weight";
    .port_info 6 /INPUT 32 "in_psum";
    .port_info 7 /OUTPUT 8 "out_act";
    .port_info 8 /OUTPUT 32 "out_psum";
v000002b89223f830_0 .net "clk", 0 0, v000002b8922856e0_0;  alias, 1 drivers
v000002b89223fd30_0 .net "en_compute", 0 0, L_000002b8922eb268;  alias, 1 drivers
v000002b89223e890_0 .net "in_act", 7 0, L_000002b892367cc0;  alias, 1 drivers
v000002b8922405f0_0 .net "in_psum", 31 0, L_000002b8923678d0;  alias, 1 drivers
v000002b89223ed90_0 .net "in_weight", 7 0, L_000002b892356c90;  alias, 1 drivers
v000002b89223e570_0 .net "load_weight", 0 0, L_000002b892355ed0;  alias, 1 drivers
v000002b89223e610_0 .var "out_act", 7 0;
v000002b89223ecf0_0 .var "out_psum", 31 0;
v000002b8922400f0_0 .var/s "reg_weight", 7 0;
v000002b89223fe70_0 .net "rst_n", 0 0, L_000002b8920707f0;  alias, 1 drivers
S_000002b892255970 .scope generate, "COL_LOOP[12]" "COL_LOOP[12]" 9 55, 9 55 0, S_000002b8922514b0;
 .timescale -9 -12;
P_000002b89208fe50 .param/l "c" 0 9 55, +C4<01100>;
v000002b8922407d0_0 .net "pe_in_act", 7 0, L_000002b892367ef0;  1 drivers
v000002b89223e250_0 .net "pe_in_psum", 31 0, L_000002b892367f60;  1 drivers
v000002b89223e390_0 .net "pe_in_weight", 7 0, L_000002b892356790;  1 drivers
v000002b89223f970_0 .net "pe_load_en", 0 0, L_000002b892356d30;  1 drivers
S_000002b8922562d0 .scope generate, "genblk1" "genblk1" 9 61, 9 61 0, S_000002b892255970;
 .timescale -9 -12;
L_000002b892367ef0 .functor BUFZ 8, v000002b89223e610_0, C4<00000000>, C4<00000000>, C4<00000000>;
S_000002b892255b00 .scope generate, "genblk2" "genblk2" 9 72, 9 72 0, S_000002b892255970;
 .timescale -9 -12;
L_000002b892367f60 .functor BUFZ 32, v000002b892234430_0, C4<00000000000000000000000000000000>, C4<00000000000000000000000000000000>, C4<00000000000000000000000000000000>;
S_000002b892256140 .scope module, "pe_inst" "pe" 9 91, 10 12 0, S_000002b892255970;
 .timescale 0 0;
    .port_info 0 /INPUT 1 "clk";
    .port_info 1 /INPUT 1 "rst_n";
    .port_info 2 /INPUT 1 "en_compute";
    .port_info 3 /INPUT 1 "load_weight";
    .port_info 4 /INPUT 8 "in_act";
    .port_info 5 /INPUT 8 "in_weight";
    .port_info 6 /INPUT 32 "in_psum";
    .port_info 7 /OUTPUT 8 "out_act";
    .port_info 8 /OUTPUT 32 "out_psum";
v000002b892240370_0 .net "clk", 0 0, v000002b8922856e0_0;  alias, 1 drivers
v000002b89223f510_0 .net "en_compute", 0 0, L_000002b8922eb268;  alias, 1 drivers
v000002b892240230_0 .net "in_act", 7 0, L_000002b892367ef0;  alias, 1 drivers
v000002b892240690_0 .net "in_psum", 31 0, L_000002b892367f60;  alias, 1 drivers
v000002b89223ee30_0 .net "in_weight", 7 0, L_000002b892356790;  alias, 1 drivers
v000002b89223ebb0_0 .net "load_weight", 0 0, L_000002b892356d30;  alias, 1 drivers
v000002b89223e1b0_0 .var "out_act", 7 0;
v000002b89223f8d0_0 .var "out_psum", 31 0;
v000002b89223eed0_0 .var/s "reg_weight", 7 0;
v000002b89223fdd0_0 .net "rst_n", 0 0, L_000002b8920707f0;  alias, 1 drivers
S_000002b892256460 .scope generate, "COL_LOOP[13]" "COL_LOOP[13]" 9 55, 9 55 0, S_000002b8922514b0;
 .timescale -9 -12;
P_000002b89208fa90 .param/l "c" 0 9 55, +C4<01101>;
v000002b89223ff10_0 .net "pe_in_act", 7 0, L_000002b892367940;  1 drivers
v000002b89223e9d0_0 .net "pe_in_psum", 31 0, L_000002b892367d30;  1 drivers
v000002b892240050_0 .net "pe_in_weight", 7 0, L_000002b8923559d0;  1 drivers
v000002b8922402d0_0 .net "pe_load_en", 0 0, L_000002b892355f70;  1 drivers
S_000002b8922565f0 .scope generate, "genblk1" "genblk1" 9 61, 9 61 0, S_000002b892256460;
 .timescale -9 -12;
L_000002b892367940 .functor BUFZ 8, v000002b89223e1b0_0, C4<00000000>, C4<00000000>, C4<00000000>;
S_000002b892260a00 .scope generate, "genblk2" "genblk2" 9 72, 9 72 0, S_000002b892256460;
 .timescale -9 -12;
L_000002b892367d30 .functor BUFZ 32, v000002b892239070_0, C4<00000000000000000000000000000000>, C4<00000000000000000000000000000000>, C4<00000000000000000000000000000000>;
S_000002b89225d4e0 .scope module, "pe_inst" "pe" 9 91, 10 12 0, S_000002b892256460;
 .timescale 0 0;
    .port_info 0 /INPUT 1 "clk";
    .port_info 1 /INPUT 1 "rst_n";
    .port_info 2 /INPUT 1 "en_compute";
    .port_info 3 /INPUT 1 "load_weight";
    .port_info 4 /INPUT 8 "in_act";
    .port_info 5 /INPUT 8 "in_weight";
    .port_info 6 /INPUT 32 "in_psum";
    .port_info 7 /OUTPUT 8 "out_act";
    .port_info 8 /OUTPUT 32 "out_psum";
v000002b89223fa10_0 .net "clk", 0 0, v000002b8922856e0_0;  alias, 1 drivers
v000002b8922404b0_0 .net "en_compute", 0 0, L_000002b8922eb268;  alias, 1 drivers
v000002b89223fab0_0 .net "in_act", 7 0, L_000002b892367940;  alias, 1 drivers
v000002b89223e430_0 .net "in_psum", 31 0, L_000002b892367d30;  alias, 1 drivers
v000002b89223fb50_0 .net "in_weight", 7 0, L_000002b8923559d0;  alias, 1 drivers
v000002b89223e6b0_0 .net "load_weight", 0 0, L_000002b892355f70;  alias, 1 drivers
v000002b89223fbf0_0 .var "out_act", 7 0;
v000002b89223ffb0_0 .var "out_psum", 31 0;
v000002b89223fc90_0 .var/s "reg_weight", 7 0;
v000002b89223e930_0 .net "rst_n", 0 0, L_000002b8920707f0;  alias, 1 drivers
S_000002b892261680 .scope generate, "COL_LOOP[14]" "COL_LOOP[14]" 9 55, 9 55 0, S_000002b8922514b0;
 .timescale -9 -12;
P_000002b89208fad0 .param/l "c" 0 9 55, +C4<01110>;
v000002b892241db0_0 .net "pe_in_act", 7 0, L_000002b8923679b0;  1 drivers
v000002b892240f50_0 .net "pe_in_psum", 31 0, L_000002b892367a90;  1 drivers
v000002b892242e90_0 .net "pe_in_weight", 7 0, L_000002b8923561f0;  1 drivers
v000002b892242490_0 .net "pe_load_en", 0 0, L_000002b8923552f0;  1 drivers
S_000002b89225fbf0 .scope generate, "genblk1" "genblk1" 9 61, 9 61 0, S_000002b892261680;
 .timescale -9 -12;
L_000002b8923679b0 .functor BUFZ 8, v000002b89223fbf0_0, C4<00000000>, C4<00000000>, C4<00000000>;
S_000002b892261360 .scope generate, "genblk2" "genblk2" 9 72, 9 72 0, S_000002b892261680;
 .timescale -9 -12;
L_000002b892367a90 .functor BUFZ 32, v000002b892236f50_0, C4<00000000000000000000000000000000>, C4<00000000000000000000000000000000>, C4<00000000000000000000000000000000>;
S_000002b89225f8d0 .scope module, "pe_inst" "pe" 9 91, 10 12 0, S_000002b892261680;
 .timescale 0 0;
    .port_info 0 /INPUT 1 "clk";
    .port_info 1 /INPUT 1 "rst_n";
    .port_info 2 /INPUT 1 "en_compute";
    .port_info 3 /INPUT 1 "load_weight";
    .port_info 4 /INPUT 8 "in_act";
    .port_info 5 /INPUT 8 "in_weight";
    .port_info 6 /INPUT 32 "in_psum";
    .port_info 7 /OUTPUT 8 "out_act";
    .port_info 8 /OUTPUT 32 "out_psum";
v000002b892240550_0 .net "clk", 0 0, v000002b8922856e0_0;  alias, 1 drivers
v000002b8922411d0_0 .net "en_compute", 0 0, L_000002b8922eb268;  alias, 1 drivers
v000002b892241bd0_0 .net "in_act", 7 0, L_000002b8923679b0;  alias, 1 drivers
v000002b892242d50_0 .net "in_psum", 31 0, L_000002b892367a90;  alias, 1 drivers
v000002b892242df0_0 .net "in_weight", 7 0, L_000002b8923561f0;  alias, 1 drivers
v000002b892240a50_0 .net "load_weight", 0 0, L_000002b8923552f0;  alias, 1 drivers
v000002b892240910_0 .var "out_act", 7 0;
v000002b892240c30_0 .var "out_psum", 31 0;
v000002b892242a30_0 .var/s "reg_weight", 7 0;
v000002b892242f30_0 .net "rst_n", 0 0, L_000002b8920707f0;  alias, 1 drivers
S_000002b89225f290 .scope generate, "COL_LOOP[15]" "COL_LOOP[15]" 9 55, 9 55 0, S_000002b8922514b0;
 .timescale -9 -12;
P_000002b89208f490 .param/l "c" 0 9 55, +C4<01111>;
v000002b892242b70_0 .net "pe_in_act", 7 0, L_000002b892367fd0;  1 drivers
v000002b8922428f0_0 .net "pe_in_psum", 31 0, L_000002b892367b70;  1 drivers
v000002b8922409b0_0 .net "pe_in_weight", 7 0, L_000002b8923557f0;  1 drivers
v000002b892241c70_0 .net "pe_load_en", 0 0, L_000002b892355390;  1 drivers
S_000002b89225dfd0 .scope generate, "genblk1" "genblk1" 9 61, 9 61 0, S_000002b89225f290;
 .timescale -9 -12;
L_000002b892367fd0 .functor BUFZ 8, v000002b892240910_0, C4<00000000>, C4<00000000>, C4<00000000>;
S_000002b89225e7a0 .scope generate, "genblk2" "genblk2" 9 72, 9 72 0, S_000002b89225f290;
 .timescale -9 -12;
L_000002b892367b70 .functor BUFZ 32, v000002b8922374f0_0, C4<00000000000000000000000000000000>, C4<00000000000000000000000000000000>, C4<00000000000000000000000000000000>;
S_000002b8922606e0 .scope module, "pe_inst" "pe" 9 91, 10 12 0, S_000002b89225f290;
 .timescale 0 0;
    .port_info 0 /INPUT 1 "clk";
    .port_info 1 /INPUT 1 "rst_n";
    .port_info 2 /INPUT 1 "en_compute";
    .port_info 3 /INPUT 1 "load_weight";
    .port_info 4 /INPUT 8 "in_act";
    .port_info 5 /INPUT 8 "in_weight";
    .port_info 6 /INPUT 32 "in_psum";
    .port_info 7 /OUTPUT 8 "out_act";
    .port_info 8 /OUTPUT 32 "out_psum";
v000002b892242ad0_0 .net "clk", 0 0, v000002b8922856e0_0;  alias, 1 drivers
v000002b892241e50_0 .net "en_compute", 0 0, L_000002b8922eb268;  alias, 1 drivers
v000002b892242fd0_0 .net "in_act", 7 0, L_000002b892367fd0;  alias, 1 drivers
v000002b892241d10_0 .net "in_psum", 31 0, L_000002b892367b70;  alias, 1 drivers
v000002b892243070_0 .net "in_weight", 7 0, L_000002b8923557f0;  alias, 1 drivers
v000002b892242530_0 .net "load_weight", 0 0, L_000002b892355390;  alias, 1 drivers
v000002b8922418b0_0 .var "out_act", 7 0;
v000002b892242c10_0 .var "out_psum", 31 0;
v000002b892242850_0 .var/s "reg_weight", 7 0;
v000002b892241590_0 .net "rst_n", 0 0, L_000002b8920707f0;  alias, 1 drivers
S_000002b89225fd80 .scope generate, "ROW_LOOP[10]" "ROW_LOOP[10]" 9 54, 9 54 0, S_000002b89217d0b0;
 .timescale -9 -12;
P_000002b89208f290 .param/l "r" 0 9 54, +C4<01010>;
S_000002b89225f740 .scope generate, "COL_LOOP[0]" "COL_LOOP[0]" 9 55, 9 55 0, S_000002b89225fd80;
 .timescale -9 -12;
P_000002b89208fe10 .param/l "c" 0 9 55, +C4<00>;
v000002b892241130_0 .net "pe_in_act", 7 0, L_000002b892356bf0;  1 drivers
v000002b8922420d0_0 .net "pe_in_psum", 31 0, L_000002b892367b00;  1 drivers
v000002b892240cd0_0 .net "pe_in_weight", 7 0, L_000002b892356010;  1 drivers
v000002b892240d70_0 .net "pe_load_en", 0 0, L_000002b8923563d0;  1 drivers
S_000002b8922611d0 .scope generate, "genblk1" "genblk1" 9 61, 9 61 0, S_000002b89225f740;
 .timescale -9 -12;
S_000002b8922600a0 .scope generate, "genblk2" "genblk2" 9 72, 9 72 0, S_000002b89225f740;
 .timescale -9 -12;
L_000002b892367b00 .functor BUFZ 32, v000002b892237c70_0, C4<00000000000000000000000000000000>, C4<00000000000000000000000000000000>, C4<00000000000000000000000000000000>;
S_000002b8922614f0 .scope module, "pe_inst" "pe" 9 91, 10 12 0, S_000002b89225f740;
 .timescale 0 0;
    .port_info 0 /INPUT 1 "clk";
    .port_info 1 /INPUT 1 "rst_n";
    .port_info 2 /INPUT 1 "en_compute";
    .port_info 3 /INPUT 1 "load_weight";
    .port_info 4 /INPUT 8 "in_act";
    .port_info 5 /INPUT 8 "in_weight";
    .port_info 6 /INPUT 32 "in_psum";
    .port_info 7 /OUTPUT 8 "out_act";
    .port_info 8 /OUTPUT 32 "out_psum";
v000002b892241f90_0 .net "clk", 0 0, v000002b8922856e0_0;  alias, 1 drivers
v000002b892240af0_0 .net "en_compute", 0 0, L_000002b8922eb268;  alias, 1 drivers
v000002b8922419f0_0 .net "in_act", 7 0, L_000002b892356bf0;  alias, 1 drivers
v000002b8922425d0_0 .net "in_psum", 31 0, L_000002b892367b00;  alias, 1 drivers
v000002b892242990_0 .net "in_weight", 7 0, L_000002b892356010;  alias, 1 drivers
v000002b892241ef0_0 .net "load_weight", 0 0, L_000002b8923563d0;  alias, 1 drivers
v000002b892241450_0 .var "out_act", 7 0;
v000002b892240ff0_0 .var "out_psum", 31 0;
v000002b892242cb0_0 .var/s "reg_weight", 7 0;
v000002b892240b90_0 .net "rst_n", 0 0, L_000002b8920707f0;  alias, 1 drivers
S_000002b89225fa60 .scope generate, "COL_LOOP[1]" "COL_LOOP[1]" 9 55, 9 55 0, S_000002b89225fd80;
 .timescale -9 -12;
P_000002b89208f650 .param/l "c" 0 9 55, +C4<01>;
v000002b892242670_0 .net "pe_in_act", 7 0, L_000002b892367da0;  1 drivers
v000002b892241770_0 .net "pe_in_psum", 31 0, L_000002b892367e10;  1 drivers
v000002b892241810_0 .net "pe_in_weight", 7 0, L_000002b892356330;  1 drivers
v000002b892241950_0 .net "pe_load_en", 0 0, L_000002b8923556b0;  1 drivers
S_000002b89225ff10 .scope generate, "genblk1" "genblk1" 9 61, 9 61 0, S_000002b89225fa60;
 .timescale -9 -12;
L_000002b892367da0 .functor BUFZ 8, v000002b892241450_0, C4<00000000>, C4<00000000>, C4<00000000>;
S_000002b892260230 .scope generate, "genblk2" "genblk2" 9 72, 9 72 0, S_000002b89225fa60;
 .timescale -9 -12;
L_000002b892367e10 .functor BUFZ 32, v000002b89223b690_0, C4<00000000000000000000000000000000>, C4<00000000000000000000000000000000>, C4<00000000000000000000000000000000>;
S_000002b89225ec50 .scope module, "pe_inst" "pe" 9 91, 10 12 0, S_000002b89225fa60;
 .timescale 0 0;
    .port_info 0 /INPUT 1 "clk";
    .port_info 1 /INPUT 1 "rst_n";
    .port_info 2 /INPUT 1 "en_compute";
    .port_info 3 /INPUT 1 "load_weight";
    .port_info 4 /INPUT 8 "in_act";
    .port_info 5 /INPUT 8 "in_weight";
    .port_info 6 /INPUT 32 "in_psum";
    .port_info 7 /OUTPUT 8 "out_act";
    .port_info 8 /OUTPUT 32 "out_psum";
v000002b892241630_0 .net "clk", 0 0, v000002b8922856e0_0;  alias, 1 drivers
v000002b892242030_0 .net "en_compute", 0 0, L_000002b8922eb268;  alias, 1 drivers
v000002b892240e10_0 .net "in_act", 7 0, L_000002b892367da0;  alias, 1 drivers
v000002b892241090_0 .net "in_psum", 31 0, L_000002b892367e10;  alias, 1 drivers
v000002b892240eb0_0 .net "in_weight", 7 0, L_000002b892356330;  alias, 1 drivers
v000002b892241270_0 .net "load_weight", 0 0, L_000002b8923556b0;  alias, 1 drivers
v000002b892241310_0 .var "out_act", 7 0;
v000002b892242170_0 .var "out_psum", 31 0;
v000002b892242210_0 .var/s "reg_weight", 7 0;
v000002b8922416d0_0 .net "rst_n", 0 0, L_000002b8920707f0;  alias, 1 drivers
S_000002b89225eac0 .scope generate, "COL_LOOP[2]" "COL_LOOP[2]" 9 55, 9 55 0, S_000002b89225fd80;
 .timescale -9 -12;
P_000002b89208f2d0 .param/l "c" 0 9 55, +C4<010>;
v000002b892244fb0_0 .net "pe_in_act", 7 0, L_000002b8923653a0;  1 drivers
v000002b892245730_0 .net "pe_in_psum", 31 0, L_000002b892364d80;  1 drivers
v000002b892245550_0 .net "pe_in_weight", 7 0, L_000002b892354fd0;  1 drivers
v000002b892244010_0 .net "pe_load_en", 0 0, L_000002b892355070;  1 drivers
S_000002b89225f420 .scope generate, "genblk1" "genblk1" 9 61, 9 61 0, S_000002b89225eac0;
 .timescale -9 -12;
L_000002b8923653a0 .functor BUFZ 8, v000002b892241310_0, C4<00000000>, C4<00000000>, C4<00000000>;
S_000002b89225e610 .scope generate, "genblk2" "genblk2" 9 72, 9 72 0, S_000002b89225eac0;
 .timescale -9 -12;
L_000002b892364d80 .functor BUFZ 32, v000002b89223a830_0, C4<00000000000000000000000000000000>, C4<00000000000000000000000000000000>, C4<00000000000000000000000000000000>;
S_000002b8922603c0 .scope module, "pe_inst" "pe" 9 91, 10 12 0, S_000002b89225eac0;
 .timescale 0 0;
    .port_info 0 /INPUT 1 "clk";
    .port_info 1 /INPUT 1 "rst_n";
    .port_info 2 /INPUT 1 "en_compute";
    .port_info 3 /INPUT 1 "load_weight";
    .port_info 4 /INPUT 8 "in_act";
    .port_info 5 /INPUT 8 "in_weight";
    .port_info 6 /INPUT 32 "in_psum";
    .port_info 7 /OUTPUT 8 "out_act";
    .port_info 8 /OUTPUT 32 "out_psum";
v000002b892241a90_0 .net "clk", 0 0, v000002b8922856e0_0;  alias, 1 drivers
v000002b8922422b0_0 .net "en_compute", 0 0, L_000002b8922eb268;  alias, 1 drivers
v000002b892242350_0 .net "in_act", 7 0, L_000002b8923653a0;  alias, 1 drivers
v000002b892242710_0 .net "in_psum", 31 0, L_000002b892364d80;  alias, 1 drivers
v000002b8922427b0_0 .net "in_weight", 7 0, L_000002b892354fd0;  alias, 1 drivers
v000002b8922446f0_0 .net "load_weight", 0 0, L_000002b892355070;  alias, 1 drivers
v000002b892244790_0 .var "out_act", 7 0;
v000002b892244a10_0 .var "out_psum", 31 0;
v000002b892243110_0 .var/s "reg_weight", 7 0;
v000002b892244f10_0 .net "rst_n", 0 0, L_000002b8920707f0;  alias, 1 drivers
S_000002b892260870 .scope generate, "COL_LOOP[3]" "COL_LOOP[3]" 9 55, 9 55 0, S_000002b89225fd80;
 .timescale -9 -12;
P_000002b89208f850 .param/l "c" 0 9 55, +C4<011>;
v000002b892243430_0 .net "pe_in_act", 7 0, L_000002b892365330;  1 drivers
v000002b892245190_0 .net "pe_in_psum", 31 0, L_000002b892365790;  1 drivers
v000002b892243d90_0 .net "pe_in_weight", 7 0, L_000002b892356510;  1 drivers
v000002b892243e30_0 .net "pe_load_en", 0 0, L_000002b892355110;  1 drivers
S_000002b89225ede0 .scope generate, "genblk1" "genblk1" 9 61, 9 61 0, S_000002b892260870;
 .timescale -9 -12;
L_000002b892365330 .functor BUFZ 8, v000002b892244790_0, C4<00000000>, C4<00000000>, C4<00000000>;
S_000002b892260b90 .scope generate, "genblk2" "genblk2" 9 72, 9 72 0, S_000002b892260870;
 .timescale -9 -12;
L_000002b892365790 .functor BUFZ 32, v000002b89223a650_0, C4<00000000000000000000000000000000>, C4<00000000000000000000000000000000>, C4<00000000000000000000000000000000>;
S_000002b89225d670 .scope module, "pe_inst" "pe" 9 91, 10 12 0, S_000002b892260870;
 .timescale 0 0;
    .port_info 0 /INPUT 1 "clk";
    .port_info 1 /INPUT 1 "rst_n";
    .port_info 2 /INPUT 1 "en_compute";
    .port_info 3 /INPUT 1 "load_weight";
    .port_info 4 /INPUT 8 "in_act";
    .port_info 5 /INPUT 8 "in_weight";
    .port_info 6 /INPUT 32 "in_psum";
    .port_info 7 /OUTPUT 8 "out_act";
    .port_info 8 /OUTPUT 32 "out_psum";
v000002b892245870_0 .net "clk", 0 0, v000002b8922856e0_0;  alias, 1 drivers
v000002b892243cf0_0 .net "en_compute", 0 0, L_000002b8922eb268;  alias, 1 drivers
v000002b8922454b0_0 .net "in_act", 7 0, L_000002b892365330;  alias, 1 drivers
v000002b892243570_0 .net "in_psum", 31 0, L_000002b892365790;  alias, 1 drivers
v000002b892245050_0 .net "in_weight", 7 0, L_000002b892356510;  alias, 1 drivers
v000002b892244bf0_0 .net "load_weight", 0 0, L_000002b892355110;  alias, 1 drivers
v000002b892245410_0 .var "out_act", 7 0;
v000002b8922439d0_0 .var "out_psum", 31 0;
v000002b892243a70_0 .var/s "reg_weight", 7 0;
v000002b8922450f0_0 .net "rst_n", 0 0, L_000002b8920707f0;  alias, 1 drivers
S_000002b892260550 .scope generate, "COL_LOOP[4]" "COL_LOOP[4]" 9 55, 9 55 0, S_000002b89225fd80;
 .timescale -9 -12;
P_000002b89208fa10 .param/l "c" 0 9 55, +C4<0100>;
v000002b892245370_0 .net "pe_in_act", 7 0, L_000002b892364760;  1 drivers
v000002b892243250_0 .net "pe_in_psum", 31 0, L_000002b892365090;  1 drivers
v000002b8922445b0_0 .net "pe_in_weight", 7 0, L_000002b8923551b0;  1 drivers
v000002b8922455f0_0 .net "pe_load_en", 0 0, L_000002b892355430;  1 drivers
S_000002b89225e160 .scope generate, "genblk1" "genblk1" 9 61, 9 61 0, S_000002b892260550;
 .timescale -9 -12;
L_000002b892364760 .functor BUFZ 8, v000002b892245410_0, C4<00000000>, C4<00000000>, C4<00000000>;
S_000002b89225e930 .scope generate, "genblk2" "genblk2" 9 72, 9 72 0, S_000002b892260550;
 .timescale -9 -12;
L_000002b892365090 .functor BUFZ 32, v000002b89223ab50_0, C4<00000000000000000000000000000000>, C4<00000000000000000000000000000000>, C4<00000000000000000000000000000000>;
S_000002b892260d20 .scope module, "pe_inst" "pe" 9 91, 10 12 0, S_000002b892260550;
 .timescale 0 0;
    .port_info 0 /INPUT 1 "clk";
    .port_info 1 /INPUT 1 "rst_n";
    .port_info 2 /INPUT 1 "en_compute";
    .port_info 3 /INPUT 1 "load_weight";
    .port_info 4 /INPUT 8 "in_act";
    .port_info 5 /INPUT 8 "in_weight";
    .port_info 6 /INPUT 32 "in_psum";
    .port_info 7 /OUTPUT 8 "out_act";
    .port_info 8 /OUTPUT 32 "out_psum";
v000002b892243610_0 .net "clk", 0 0, v000002b8922856e0_0;  alias, 1 drivers
v000002b8922436b0_0 .net "en_compute", 0 0, L_000002b8922eb268;  alias, 1 drivers
v000002b8922448d0_0 .net "in_act", 7 0, L_000002b892364760;  alias, 1 drivers
v000002b892245230_0 .net "in_psum", 31 0, L_000002b892365090;  alias, 1 drivers
v000002b892244970_0 .net "in_weight", 7 0, L_000002b8923551b0;  alias, 1 drivers
v000002b8922440b0_0 .net "load_weight", 0 0, L_000002b892355430;  alias, 1 drivers
v000002b8922452d0_0 .var "out_act", 7 0;
v000002b892244150_0 .var "out_psum", 31 0;
v000002b8922431b0_0 .var/s "reg_weight", 7 0;
v000002b892244330_0 .net "rst_n", 0 0, L_000002b8920707f0;  alias, 1 drivers
S_000002b892260eb0 .scope generate, "COL_LOOP[5]" "COL_LOOP[5]" 9 55, 9 55 0, S_000002b89225fd80;
 .timescale -9 -12;
P_000002b89208f910 .param/l "c" 0 9 55, +C4<0101>;
v000002b8922434d0_0 .net "pe_in_act", 7 0, L_000002b892365170;  1 drivers
v000002b892243930_0 .net "pe_in_psum", 31 0, L_000002b892365800;  1 drivers
v000002b892243bb0_0 .net "pe_in_weight", 7 0, L_000002b892354990;  1 drivers
v000002b892244650_0 .net "pe_load_en", 0 0, L_000002b892354a30;  1 drivers
S_000002b89225de40 .scope generate, "genblk1" "genblk1" 9 61, 9 61 0, S_000002b892260eb0;
 .timescale -9 -12;
L_000002b892365170 .functor BUFZ 8, v000002b8922452d0_0, C4<00000000>, C4<00000000>, C4<00000000>;
S_000002b89225db20 .scope generate, "genblk2" "genblk2" 9 72, 9 72 0, S_000002b892260eb0;
 .timescale -9 -12;
L_000002b892365800 .functor BUFZ 32, v000002b89223a010_0, C4<00000000000000000000000000000000>, C4<00000000000000000000000000000000>, C4<00000000000000000000000000000000>;
S_000002b892261040 .scope module, "pe_inst" "pe" 9 91, 10 12 0, S_000002b892260eb0;
 .timescale 0 0;
    .port_info 0 /INPUT 1 "clk";
    .port_info 1 /INPUT 1 "rst_n";
    .port_info 2 /INPUT 1 "en_compute";
    .port_info 3 /INPUT 1 "load_weight";
    .port_info 4 /INPUT 8 "in_act";
    .port_info 5 /INPUT 8 "in_weight";
    .port_info 6 /INPUT 32 "in_psum";
    .port_info 7 /OUTPUT 8 "out_act";
    .port_info 8 /OUTPUT 32 "out_psum";
v000002b8922432f0_0 .net "clk", 0 0, v000002b8922856e0_0;  alias, 1 drivers
v000002b892245690_0 .net "en_compute", 0 0, L_000002b8922eb268;  alias, 1 drivers
v000002b8922443d0_0 .net "in_act", 7 0, L_000002b892365170;  alias, 1 drivers
v000002b8922457d0_0 .net "in_psum", 31 0, L_000002b892365800;  alias, 1 drivers
v000002b892243750_0 .net "in_weight", 7 0, L_000002b892354990;  alias, 1 drivers
v000002b8922437f0_0 .net "load_weight", 0 0, L_000002b892354a30;  alias, 1 drivers
v000002b892244470_0 .var "out_act", 7 0;
v000002b892243390_0 .var "out_psum", 31 0;
v000002b892243890_0 .var/s "reg_weight", 7 0;
v000002b892243b10_0 .net "rst_n", 0 0, L_000002b8920707f0;  alias, 1 drivers
S_000002b892261810 .scope generate, "COL_LOOP[6]" "COL_LOOP[6]" 9 55, 9 55 0, S_000002b89225fd80;
 .timescale -9 -12;
P_000002b89208f990 .param/l "c" 0 9 55, +C4<0110>;
v000002b892246270_0 .net "pe_in_act", 7 0, L_000002b892364e60;  1 drivers
v000002b8922478f0_0 .net "pe_in_psum", 31 0, L_000002b892365c60;  1 drivers
v000002b892247170_0 .net "pe_in_weight", 7 0, L_000002b892356970;  1 drivers
v000002b8922459b0_0 .net "pe_load_en", 0 0, L_000002b892356830;  1 drivers
S_000002b89225d800 .scope generate, "genblk1" "genblk1" 9 61, 9 61 0, S_000002b892261810;
 .timescale -9 -12;
L_000002b892364e60 .functor BUFZ 8, v000002b892244470_0, C4<00000000>, C4<00000000>, C4<00000000>;
S_000002b8922619a0 .scope generate, "genblk2" "genblk2" 9 72, 9 72 0, S_000002b892261810;
 .timescale -9 -12;
L_000002b892365c60 .functor BUFZ 32, v000002b89223d850_0, C4<00000000000000000000000000000000>, C4<00000000000000000000000000000000>, C4<00000000000000000000000000000000>;
S_000002b89225f5b0 .scope module, "pe_inst" "pe" 9 91, 10 12 0, S_000002b892261810;
 .timescale 0 0;
    .port_info 0 /INPUT 1 "clk";
    .port_info 1 /INPUT 1 "rst_n";
    .port_info 2 /INPUT 1 "en_compute";
    .port_info 3 /INPUT 1 "load_weight";
    .port_info 4 /INPUT 8 "in_act";
    .port_info 5 /INPUT 8 "in_weight";
    .port_info 6 /INPUT 32 "in_psum";
    .port_info 7 /OUTPUT 8 "out_act";
    .port_info 8 /OUTPUT 32 "out_psum";
v000002b892244510_0 .net "clk", 0 0, v000002b8922856e0_0;  alias, 1 drivers
v000002b892243ed0_0 .net "en_compute", 0 0, L_000002b8922eb268;  alias, 1 drivers
v000002b892244830_0 .net "in_act", 7 0, L_000002b892364e60;  alias, 1 drivers
v000002b892244ab0_0 .net "in_psum", 31 0, L_000002b892365c60;  alias, 1 drivers
v000002b892244b50_0 .net "in_weight", 7 0, L_000002b892356970;  alias, 1 drivers
v000002b892244c90_0 .net "load_weight", 0 0, L_000002b892356830;  alias, 1 drivers
v000002b892244d30_0 .var "out_act", 7 0;
v000002b892244dd0_0 .var "out_psum", 31 0;
v000002b892244e70_0 .var/s "reg_weight", 7 0;
v000002b892245910_0 .net "rst_n", 0 0, L_000002b8920707f0;  alias, 1 drivers
S_000002b89225d990 .scope generate, "COL_LOOP[7]" "COL_LOOP[7]" 9 55, 9 55 0, S_000002b89225fd80;
 .timescale -9 -12;
P_000002b89208f9d0 .param/l "c" 0 9 55, +C4<0111>;
v000002b892246450_0 .net "pe_in_act", 7 0, L_000002b8923648b0;  1 drivers
v000002b892245af0_0 .net "pe_in_psum", 31 0, L_000002b892364140;  1 drivers
v000002b892247a30_0 .net "pe_in_weight", 7 0, L_000002b892355890;  1 drivers
v000002b8922468b0_0 .net "pe_load_en", 0 0, L_000002b892357050;  1 drivers
S_000002b892261b30 .scope generate, "genblk1" "genblk1" 9 61, 9 61 0, S_000002b89225d990;
 .timescale -9 -12;
L_000002b8923648b0 .functor BUFZ 8, v000002b892244d30_0, C4<00000000>, C4<00000000>, C4<00000000>;
S_000002b892261cc0 .scope generate, "genblk2" "genblk2" 9 72, 9 72 0, S_000002b89225d990;
 .timescale -9 -12;
L_000002b892364140 .functor BUFZ 32, v000002b89223dd50_0, C4<00000000000000000000000000000000>, C4<00000000000000000000000000000000>, C4<00000000000000000000000000000000>;
S_000002b89225f100 .scope module, "pe_inst" "pe" 9 91, 10 12 0, S_000002b89225d990;
 .timescale 0 0;
    .port_info 0 /INPUT 1 "clk";
    .port_info 1 /INPUT 1 "rst_n";
    .port_info 2 /INPUT 1 "en_compute";
    .port_info 3 /INPUT 1 "load_weight";
    .port_info 4 /INPUT 8 "in_act";
    .port_info 5 /INPUT 8 "in_weight";
    .port_info 6 /INPUT 32 "in_psum";
    .port_info 7 /OUTPUT 8 "out_act";
    .port_info 8 /OUTPUT 32 "out_psum";
v000002b892246b30_0 .net "clk", 0 0, v000002b8922856e0_0;  alias, 1 drivers
v000002b892245a50_0 .net "en_compute", 0 0, L_000002b8922eb268;  alias, 1 drivers
v000002b892246310_0 .net "in_act", 7 0, L_000002b8923648b0;  alias, 1 drivers
v000002b8922463b0_0 .net "in_psum", 31 0, L_000002b892364140;  alias, 1 drivers
v000002b8922475d0_0 .net "in_weight", 7 0, L_000002b892355890;  alias, 1 drivers
v000002b892246a90_0 .net "load_weight", 0 0, L_000002b892357050;  alias, 1 drivers
v000002b892247710_0 .var "out_act", 7 0;
v000002b8922470d0_0 .var "out_psum", 31 0;
v000002b892247d50_0 .var/s "reg_weight", 7 0;
v000002b892247210_0 .net "rst_n", 0 0, L_000002b8920707f0;  alias, 1 drivers
S_000002b89225dcb0 .scope generate, "COL_LOOP[8]" "COL_LOOP[8]" 9 55, 9 55 0, S_000002b89225fd80;
 .timescale -9 -12;
P_000002b89208fe90 .param/l "c" 0 9 55, +C4<01000>;
v000002b892247850_0 .net "pe_in_act", 7 0, L_000002b892365870;  1 drivers
v000002b892246590_0 .net "pe_in_psum", 31 0, L_000002b892364fb0;  1 drivers
v000002b892245c30_0 .net "pe_in_weight", 7 0, L_000002b892354ad0;  1 drivers
v000002b892246090_0 .net "pe_load_en", 0 0, L_000002b892354c10;  1 drivers
S_000002b892261e50 .scope generate, "genblk1" "genblk1" 9 61, 9 61 0, S_000002b89225dcb0;
 .timescale -9 -12;
L_000002b892365870 .functor BUFZ 8, v000002b892247710_0, C4<00000000>, C4<00000000>, C4<00000000>;
S_000002b89225e480 .scope generate, "genblk2" "genblk2" 9 72, 9 72 0, S_000002b89225dcb0;
 .timescale -9 -12;
L_000002b892364fb0 .functor BUFZ 32, v000002b89223cc70_0, C4<00000000000000000000000000000000>, C4<00000000000000000000000000000000>, C4<00000000000000000000000000000000>;
S_000002b892261fe0 .scope module, "pe_inst" "pe" 9 91, 10 12 0, S_000002b89225dcb0;
 .timescale 0 0;
    .port_info 0 /INPUT 1 "clk";
    .port_info 1 /INPUT 1 "rst_n";
    .port_info 2 /INPUT 1 "en_compute";
    .port_info 3 /INPUT 1 "load_weight";
    .port_info 4 /INPUT 8 "in_act";
    .port_info 5 /INPUT 8 "in_weight";
    .port_info 6 /INPUT 32 "in_psum";
    .port_info 7 /OUTPUT 8 "out_act";
    .port_info 8 /OUTPUT 32 "out_psum";
v000002b892247670_0 .net "clk", 0 0, v000002b8922856e0_0;  alias, 1 drivers
v000002b8922477b0_0 .net "en_compute", 0 0, L_000002b8922eb268;  alias, 1 drivers
v000002b892246130_0 .net "in_act", 7 0, L_000002b892365870;  alias, 1 drivers
v000002b892247350_0 .net "in_psum", 31 0, L_000002b892364fb0;  alias, 1 drivers
v000002b8922464f0_0 .net "in_weight", 7 0, L_000002b892354ad0;  alias, 1 drivers
v000002b892247df0_0 .net "load_weight", 0 0, L_000002b892354c10;  alias, 1 drivers
v000002b892247990_0 .var "out_act", 7 0;
v000002b892245ff0_0 .var "out_psum", 31 0;
v000002b892247b70_0 .var/s "reg_weight", 7 0;
v000002b8922469f0_0 .net "rst_n", 0 0, L_000002b8920707f0;  alias, 1 drivers
S_000002b892262170 .scope generate, "COL_LOOP[9]" "COL_LOOP[9]" 9 55, 9 55 0, S_000002b89225fd80;
 .timescale -9 -12;
P_000002b89208fb10 .param/l "c" 0 9 55, +C4<01001>;
v000002b892246c70_0 .net "pe_in_act", 7 0, L_000002b892365020;  1 drivers
v000002b892246db0_0 .net "pe_in_psum", 31 0, L_000002b892364ed0;  1 drivers
v000002b8922461d0_0 .net "pe_in_weight", 7 0, L_000002b892355a70;  1 drivers
v000002b892247f30_0 .net "pe_load_en", 0 0, L_000002b892356ab0;  1 drivers
S_000002b892262300 .scope generate, "genblk1" "genblk1" 9 61, 9 61 0, S_000002b892262170;
 .timescale -9 -12;
L_000002b892365020 .functor BUFZ 8, v000002b892247990_0, C4<00000000>, C4<00000000>, C4<00000000>;
S_000002b89225e2f0 .scope generate, "genblk2" "genblk2" 9 72, 9 72 0, S_000002b892262170;
 .timescale -9 -12;
L_000002b892364ed0 .functor BUFZ 32, v000002b89223d7b0_0, C4<00000000000000000000000000000000>, C4<00000000000000000000000000000000>, C4<00000000000000000000000000000000>;
S_000002b892262490 .scope module, "pe_inst" "pe" 9 91, 10 12 0, S_000002b892262170;
 .timescale 0 0;
    .port_info 0 /INPUT 1 "clk";
    .port_info 1 /INPUT 1 "rst_n";
    .port_info 2 /INPUT 1 "en_compute";
    .port_info 3 /INPUT 1 "load_weight";
    .port_info 4 /INPUT 8 "in_act";
    .port_info 5 /INPUT 8 "in_weight";
    .port_info 6 /INPUT 32 "in_psum";
    .port_info 7 /OUTPUT 8 "out_act";
    .port_info 8 /OUTPUT 32 "out_psum";
v000002b892246630_0 .net "clk", 0 0, v000002b8922856e0_0;  alias, 1 drivers
v000002b892246770_0 .net "en_compute", 0 0, L_000002b8922eb268;  alias, 1 drivers
v000002b892246d10_0 .net "in_act", 7 0, L_000002b892365020;  alias, 1 drivers
v000002b892246bd0_0 .net "in_psum", 31 0, L_000002b892364ed0;  alias, 1 drivers
v000002b892247c10_0 .net "in_weight", 7 0, L_000002b892355a70;  alias, 1 drivers
v000002b892247e90_0 .net "load_weight", 0 0, L_000002b892356ab0;  alias, 1 drivers
v000002b8922473f0_0 .var "out_act", 7 0;
v000002b892245f50_0 .var "out_psum", 31 0;
v000002b892246950_0 .var/s "reg_weight", 7 0;
v000002b892247ad0_0 .net "rst_n", 0 0, L_000002b8920707f0;  alias, 1 drivers
S_000002b892262620 .scope generate, "COL_LOOP[10]" "COL_LOOP[10]" 9 55, 9 55 0, S_000002b89225fd80;
 .timescale -9 -12;
P_000002b89208fbd0 .param/l "c" 0 9 55, +C4<01010>;
v000002b892247030_0 .net "pe_in_act", 7 0, L_000002b892365720;  1 drivers
v000002b892247490_0 .net "pe_in_psum", 31 0, L_000002b892364c30;  1 drivers
v000002b892247530_0 .net "pe_in_weight", 7 0, L_000002b8923565b0;  1 drivers
v000002b89224a5f0_0 .net "pe_load_en", 0 0, L_000002b892356b50;  1 drivers
S_000002b8922627b0 .scope generate, "genblk1" "genblk1" 9 61, 9 61 0, S_000002b892262620;
 .timescale -9 -12;
L_000002b892365720 .functor BUFZ 8, v000002b8922473f0_0, C4<00000000>, C4<00000000>, C4<00000000>;
S_000002b892262940 .scope generate, "genblk2" "genblk2" 9 72, 9 72 0, S_000002b892262620;
 .timescale -9 -12;
L_000002b892364c30 .functor BUFZ 32, v000002b89223f150_0, C4<00000000000000000000000000000000>, C4<00000000000000000000000000000000>, C4<00000000000000000000000000000000>;
S_000002b892262ad0 .scope module, "pe_inst" "pe" 9 91, 10 12 0, S_000002b892262620;
 .timescale 0 0;
    .port_info 0 /INPUT 1 "clk";
    .port_info 1 /INPUT 1 "rst_n";
    .port_info 2 /INPUT 1 "en_compute";
    .port_info 3 /INPUT 1 "load_weight";
    .port_info 4 /INPUT 8 "in_act";
    .port_info 5 /INPUT 8 "in_weight";
    .port_info 6 /INPUT 32 "in_psum";
    .port_info 7 /OUTPUT 8 "out_act";
    .port_info 8 /OUTPUT 32 "out_psum";
v000002b8922466d0_0 .net "clk", 0 0, v000002b8922856e0_0;  alias, 1 drivers
v000002b892246810_0 .net "en_compute", 0 0, L_000002b8922eb268;  alias, 1 drivers
v000002b892247fd0_0 .net "in_act", 7 0, L_000002b892365720;  alias, 1 drivers
v000002b892248070_0 .net "in_psum", 31 0, L_000002b892364c30;  alias, 1 drivers
v000002b892245cd0_0 .net "in_weight", 7 0, L_000002b8923565b0;  alias, 1 drivers
v000002b892245d70_0 .net "load_weight", 0 0, L_000002b892356b50;  alias, 1 drivers
v000002b892245e10_0 .var "out_act", 7 0;
v000002b892246f90_0 .var "out_psum", 31 0;
v000002b892246e50_0 .var/s "reg_weight", 7 0;
v000002b892245eb0_0 .net "rst_n", 0 0, L_000002b8920707f0;  alias, 1 drivers
S_000002b892262c60 .scope generate, "COL_LOOP[11]" "COL_LOOP[11]" 9 55, 9 55 0, S_000002b89225fd80;
 .timescale -9 -12;
P_000002b89208ff90 .param/l "c" 0 9 55, +C4<01011>;
v000002b8922481b0_0 .net "pe_in_act", 7 0, L_000002b8923658e0;  1 drivers
v000002b892248c50_0 .net "pe_in_psum", 31 0, L_000002b892365950;  1 drivers
v000002b892249330_0 .net "pe_in_weight", 7 0, L_000002b8923568d0;  1 drivers
v000002b89224a190_0 .net "pe_load_en", 0 0, L_000002b892356dd0;  1 drivers
S_000002b89225ef70 .scope generate, "genblk1" "genblk1" 9 61, 9 61 0, S_000002b892262c60;
 .timescale -9 -12;
L_000002b8923658e0 .functor BUFZ 8, v000002b892245e10_0, C4<00000000>, C4<00000000>, C4<00000000>;
S_000002b892262df0 .scope generate, "genblk2" "genblk2" 9 72, 9 72 0, S_000002b892262c60;
 .timescale -9 -12;
L_000002b892365950 .functor BUFZ 32, v000002b89223ecf0_0, C4<00000000000000000000000000000000>, C4<00000000000000000000000000000000>, C4<00000000000000000000000000000000>;
S_000002b892262f80 .scope module, "pe_inst" "pe" 9 91, 10 12 0, S_000002b892262c60;
 .timescale 0 0;
    .port_info 0 /INPUT 1 "clk";
    .port_info 1 /INPUT 1 "rst_n";
    .port_info 2 /INPUT 1 "en_compute";
    .port_info 3 /INPUT 1 "load_weight";
    .port_info 4 /INPUT 8 "in_act";
    .port_info 5 /INPUT 8 "in_weight";
    .port_info 6 /INPUT 32 "in_psum";
    .port_info 7 /OUTPUT 8 "out_act";
    .port_info 8 /OUTPUT 32 "out_psum";
v000002b892248d90_0 .net "clk", 0 0, v000002b8922856e0_0;  alias, 1 drivers
v000002b892248e30_0 .net "en_compute", 0 0, L_000002b8922eb268;  alias, 1 drivers
v000002b892249b50_0 .net "in_act", 7 0, L_000002b8923658e0;  alias, 1 drivers
v000002b89224a050_0 .net "in_psum", 31 0, L_000002b892365950;  alias, 1 drivers
v000002b892248bb0_0 .net "in_weight", 7 0, L_000002b8923568d0;  alias, 1 drivers
v000002b892248110_0 .net "load_weight", 0 0, L_000002b892356dd0;  alias, 1 drivers
v000002b8922482f0_0 .var "out_act", 7 0;
v000002b892249d30_0 .var "out_psum", 31 0;
v000002b89224a0f0_0 .var/s "reg_weight", 7 0;
v000002b8922496f0_0 .net "rst_n", 0 0, L_000002b8920707f0;  alias, 1 drivers
S_000002b892263110 .scope generate, "COL_LOOP[12]" "COL_LOOP[12]" 9 55, 9 55 0, S_000002b89225fd80;
 .timescale -9 -12;
P_000002b89208f510 .param/l "c" 0 9 55, +C4<01100>;
v000002b89224a2d0_0 .net "pe_in_act", 7 0, L_000002b892364df0;  1 drivers
v000002b89224a690_0 .net "pe_in_psum", 31 0, L_000002b892364530;  1 drivers
v000002b892248f70_0 .net "pe_in_weight", 7 0, L_000002b892354cb0;  1 drivers
v000002b892249650_0 .net "pe_load_en", 0 0, L_000002b892357230;  1 drivers
S_000002b8922632a0 .scope generate, "genblk1" "genblk1" 9 61, 9 61 0, S_000002b892263110;
 .timescale -9 -12;
L_000002b892364df0 .functor BUFZ 8, v000002b8922482f0_0, C4<00000000>, C4<00000000>, C4<00000000>;
S_000002b892263430 .scope generate, "genblk2" "genblk2" 9 72, 9 72 0, S_000002b892263110;
 .timescale -9 -12;
L_000002b892364530 .functor BUFZ 32, v000002b89223f8d0_0, C4<00000000000000000000000000000000>, C4<00000000000000000000000000000000>, C4<00000000000000000000000000000000>;
S_000002b8922635c0 .scope module, "pe_inst" "pe" 9 91, 10 12 0, S_000002b892263110;
 .timescale 0 0;
    .port_info 0 /INPUT 1 "clk";
    .port_info 1 /INPUT 1 "rst_n";
    .port_info 2 /INPUT 1 "en_compute";
    .port_info 3 /INPUT 1 "load_weight";
    .port_info 4 /INPUT 8 "in_act";
    .port_info 5 /INPUT 8 "in_weight";
    .port_info 6 /INPUT 32 "in_psum";
    .port_info 7 /OUTPUT 8 "out_act";
    .port_info 8 /OUTPUT 32 "out_psum";
v000002b892248250_0 .net "clk", 0 0, v000002b8922856e0_0;  alias, 1 drivers
v000002b892248a70_0 .net "en_compute", 0 0, L_000002b8922eb268;  alias, 1 drivers
v000002b892249f10_0 .net "in_act", 7 0, L_000002b892364df0;  alias, 1 drivers
v000002b89224a230_0 .net "in_psum", 31 0, L_000002b892364530;  alias, 1 drivers
v000002b8922487f0_0 .net "in_weight", 7 0, L_000002b892354cb0;  alias, 1 drivers
v000002b892249fb0_0 .net "load_weight", 0 0, L_000002b892357230;  alias, 1 drivers
v000002b892249470_0 .var "out_act", 7 0;
v000002b8922493d0_0 .var "out_psum", 31 0;
v000002b89224a550_0 .var/s "reg_weight", 7 0;
v000002b892249010_0 .net "rst_n", 0 0, L_000002b8920707f0;  alias, 1 drivers
S_000002b892263750 .scope generate, "COL_LOOP[13]" "COL_LOOP[13]" 9 55, 9 55 0, S_000002b89225fd80;
 .timescale -9 -12;
P_000002b89208f550 .param/l "c" 0 9 55, +C4<01101>;
v000002b892249e70_0 .net "pe_in_act", 7 0, L_000002b892364d10;  1 drivers
v000002b892249bf0_0 .net "pe_in_psum", 31 0, L_000002b892365410;  1 drivers
v000002b892249290_0 .net "pe_in_weight", 7 0, L_000002b892358b30;  1 drivers
v000002b892248610_0 .net "pe_load_en", 0 0, L_000002b892357d70;  1 drivers
S_000002b8922638e0 .scope generate, "genblk1" "genblk1" 9 61, 9 61 0, S_000002b892263750;
 .timescale -9 -12;
L_000002b892364d10 .functor BUFZ 8, v000002b892249470_0, C4<00000000>, C4<00000000>, C4<00000000>;
S_000002b892265e60 .scope generate, "genblk2" "genblk2" 9 72, 9 72 0, S_000002b892263750;
 .timescale -9 -12;
L_000002b892365410 .functor BUFZ 32, v000002b89223ffb0_0, C4<00000000000000000000000000000000>, C4<00000000000000000000000000000000>, C4<00000000000000000000000000000000>;
S_000002b892265500 .scope module, "pe_inst" "pe" 9 91, 10 12 0, S_000002b892263750;
 .timescale 0 0;
    .port_info 0 /INPUT 1 "clk";
    .port_info 1 /INPUT 1 "rst_n";
    .port_info 2 /INPUT 1 "en_compute";
    .port_info 3 /INPUT 1 "load_weight";
    .port_info 4 /INPUT 8 "in_act";
    .port_info 5 /INPUT 8 "in_weight";
    .port_info 6 /INPUT 32 "in_psum";
    .port_info 7 /OUTPUT 8 "out_act";
    .port_info 8 /OUTPUT 32 "out_psum";
v000002b892248b10_0 .net "clk", 0 0, v000002b8922856e0_0;  alias, 1 drivers
v000002b89224a370_0 .net "en_compute", 0 0, L_000002b8922eb268;  alias, 1 drivers
v000002b89224a410_0 .net "in_act", 7 0, L_000002b892364d10;  alias, 1 drivers
v000002b892249970_0 .net "in_psum", 31 0, L_000002b892365410;  alias, 1 drivers
v000002b892248750_0 .net "in_weight", 7 0, L_000002b892358b30;  alias, 1 drivers
v000002b892248430_0 .net "load_weight", 0 0, L_000002b892357d70;  alias, 1 drivers
v000002b8922490b0_0 .var "out_act", 7 0;
v000002b89224a4b0_0 .var "out_psum", 31 0;
v000002b892248ed0_0 .var/s "reg_weight", 7 0;
v000002b892249150_0 .net "rst_n", 0 0, L_000002b8920707f0;  alias, 1 drivers
S_000002b892265b40 .scope generate, "COL_LOOP[14]" "COL_LOOP[14]" 9 55, 9 55 0, S_000002b89225fd80;
 .timescale -9 -12;
P_000002b892090050 .param/l "c" 0 9 55, +C4<01110>;
v000002b892248570_0 .net "pe_in_act", 7 0, L_000002b892364680;  1 drivers
v000002b892249830_0 .net "pe_in_psum", 31 0, L_000002b8923659c0;  1 drivers
v000002b8922486b0_0 .net "pe_in_weight", 7 0, L_000002b8923572d0;  1 drivers
v000002b892248930_0 .net "pe_load_en", 0 0, L_000002b892359350;  1 drivers
S_000002b892265cd0 .scope generate, "genblk1" "genblk1" 9 61, 9 61 0, S_000002b892265b40;
 .timescale -9 -12;
L_000002b892364680 .functor BUFZ 8, v000002b8922490b0_0, C4<00000000>, C4<00000000>, C4<00000000>;
S_000002b892264ba0 .scope generate, "genblk2" "genblk2" 9 72, 9 72 0, S_000002b892265b40;
 .timescale -9 -12;
L_000002b8923659c0 .functor BUFZ 32, v000002b892240c30_0, C4<00000000000000000000000000000000>, C4<00000000000000000000000000000000>, C4<00000000000000000000000000000000>;
S_000002b8922667c0 .scope module, "pe_inst" "pe" 9 91, 10 12 0, S_000002b892265b40;
 .timescale 0 0;
    .port_info 0 /INPUT 1 "clk";
    .port_info 1 /INPUT 1 "rst_n";
    .port_info 2 /INPUT 1 "en_compute";
    .port_info 3 /INPUT 1 "load_weight";
    .port_info 4 /INPUT 8 "in_act";
    .port_info 5 /INPUT 8 "in_weight";
    .port_info 6 /INPUT 32 "in_psum";
    .port_info 7 /OUTPUT 8 "out_act";
    .port_info 8 /OUTPUT 32 "out_psum";
v000002b892248cf0_0 .net "clk", 0 0, v000002b8922856e0_0;  alias, 1 drivers
v000002b89224a730_0 .net "en_compute", 0 0, L_000002b8922eb268;  alias, 1 drivers
v000002b892248390_0 .net "in_act", 7 0, L_000002b892364680;  alias, 1 drivers
v000002b89224a870_0 .net "in_psum", 31 0, L_000002b8923659c0;  alias, 1 drivers
v000002b892249790_0 .net "in_weight", 7 0, L_000002b8923572d0;  alias, 1 drivers
v000002b8922484d0_0 .net "load_weight", 0 0, L_000002b892359350;  alias, 1 drivers
v000002b8922491f0_0 .var "out_act", 7 0;
v000002b8922495b0_0 .var "out_psum", 31 0;
v000002b892249c90_0 .var/s "reg_weight", 7 0;
v000002b892248890_0 .net "rst_n", 0 0, L_000002b8920707f0;  alias, 1 drivers
S_000002b892263d90 .scope generate, "COL_LOOP[15]" "COL_LOOP[15]" 9 55, 9 55 0, S_000002b89225fd80;
 .timescale -9 -12;
P_000002b89208f690 .param/l "c" 0 9 55, +C4<01111>;
v000002b89224c850_0 .net "pe_in_act", 7 0, L_000002b8923641b0;  1 drivers
v000002b89224b630_0 .net "pe_in_psum", 31 0, L_000002b892364f40;  1 drivers
v000002b89224ca30_0 .net "pe_in_weight", 7 0, L_000002b892357a50;  1 drivers
v000002b89224b090_0 .net "pe_load_en", 0 0, L_000002b892359710;  1 drivers
S_000002b892265820 .scope generate, "genblk1" "genblk1" 9 61, 9 61 0, S_000002b892263d90;
 .timescale -9 -12;
L_000002b8923641b0 .functor BUFZ 8, v000002b8922491f0_0, C4<00000000>, C4<00000000>, C4<00000000>;
S_000002b892266c70 .scope generate, "genblk2" "genblk2" 9 72, 9 72 0, S_000002b892263d90;
 .timescale -9 -12;
L_000002b892364f40 .functor BUFZ 32, v000002b892242c10_0, C4<00000000000000000000000000000000>, C4<00000000000000000000000000000000>, C4<00000000000000000000000000000000>;
S_000002b892265ff0 .scope module, "pe_inst" "pe" 9 91, 10 12 0, S_000002b892263d90;
 .timescale 0 0;
    .port_info 0 /INPUT 1 "clk";
    .port_info 1 /INPUT 1 "rst_n";
    .port_info 2 /INPUT 1 "en_compute";
    .port_info 3 /INPUT 1 "load_weight";
    .port_info 4 /INPUT 8 "in_act";
    .port_info 5 /INPUT 8 "in_weight";
    .port_info 6 /INPUT 32 "in_psum";
    .port_info 7 /OUTPUT 8 "out_act";
    .port_info 8 /OUTPUT 32 "out_psum";
v000002b892249a10_0 .net "clk", 0 0, v000002b8922856e0_0;  alias, 1 drivers
v000002b892249ab0_0 .net "en_compute", 0 0, L_000002b8922eb268;  alias, 1 drivers
v000002b89224b590_0 .net "in_act", 7 0, L_000002b8923641b0;  alias, 1 drivers
v000002b89224aaf0_0 .net "in_psum", 31 0, L_000002b892364f40;  alias, 1 drivers
v000002b89224c530_0 .net "in_weight", 7 0, L_000002b892357a50;  alias, 1 drivers
v000002b89224b270_0 .net "load_weight", 0 0, L_000002b892359710;  alias, 1 drivers
v000002b89224bdb0_0 .var "out_act", 7 0;
v000002b89224b450_0 .var "out_psum", 31 0;
v000002b89224bd10_0 .var/s "reg_weight", 7 0;
v000002b89224b4f0_0 .net "rst_n", 0 0, L_000002b8920707f0;  alias, 1 drivers
S_000002b892263f20 .scope generate, "ROW_LOOP[11]" "ROW_LOOP[11]" 9 54, 9 54 0, S_000002b89217d0b0;
 .timescale -9 -12;
P_000002b89208fc10 .param/l "r" 0 9 54, +C4<01011>;
S_000002b892263a70 .scope generate, "COL_LOOP[0]" "COL_LOOP[0]" 9 55, 9 55 0, S_000002b892263f20;
 .timescale -9 -12;
P_000002b89208ffd0 .param/l "c" 0 9 55, +C4<00>;
v000002b89224c2b0_0 .net "pe_in_act", 7 0, L_000002b892359030;  1 drivers
v000002b89224ccb0_0 .net "pe_in_psum", 31 0, L_000002b892364ca0;  1 drivers
v000002b89224bf90_0 .net "pe_in_weight", 7 0, L_000002b892358590;  1 drivers
v000002b89224af50_0 .net "pe_load_en", 0 0, L_000002b892358310;  1 drivers
S_000002b892266180 .scope generate, "genblk1" "genblk1" 9 61, 9 61 0, S_000002b892263a70;
 .timescale -9 -12;
S_000002b892263c00 .scope generate, "genblk2" "genblk2" 9 72, 9 72 0, S_000002b892263a70;
 .timescale -9 -12;
L_000002b892364ca0 .functor BUFZ 32, v000002b892240ff0_0, C4<00000000000000000000000000000000>, C4<00000000000000000000000000000000>, C4<00000000000000000000000000000000>;
S_000002b892266310 .scope generate, "genblk3" "genblk3" 9 106, 9 106 0, S_000002b892263a70;
 .timescale -9 -12;
L_000002b892364220 .functor BUFZ 32, v000002b89224c8f0_0, C4<00000000000000000000000000000000>, C4<00000000000000000000000000000000>, C4<00000000000000000000000000000000>;
v000002b89224b310_0 .net *"_ivl_2", 31 0, L_000002b892364220;  1 drivers
S_000002b892266950 .scope module, "pe_inst" "pe" 9 91, 10 12 0, S_000002b892263a70;
 .timescale 0 0;
    .port_info 0 /INPUT 1 "clk";
    .port_info 1 /INPUT 1 "rst_n";
    .port_info 2 /INPUT 1 "en_compute";
    .port_info 3 /INPUT 1 "load_weight";
    .port_info 4 /INPUT 8 "in_act";
    .port_info 5 /INPUT 8 "in_weight";
    .port_info 6 /INPUT 32 "in_psum";
    .port_info 7 /OUTPUT 8 "out_act";
    .port_info 8 /OUTPUT 32 "out_psum";
v000002b89224ad70_0 .net "clk", 0 0, v000002b8922856e0_0;  alias, 1 drivers
v000002b89224ae10_0 .net "en_compute", 0 0, L_000002b8922eb268;  alias, 1 drivers
v000002b89224cfd0_0 .net "in_act", 7 0, L_000002b892359030;  alias, 1 drivers
v000002b89224b3b0_0 .net "in_psum", 31 0, L_000002b892364ca0;  alias, 1 drivers
v000002b89224a9b0_0 .net "in_weight", 7 0, L_000002b892358590;  alias, 1 drivers
v000002b89224cdf0_0 .net "load_weight", 0 0, L_000002b892358310;  alias, 1 drivers
v000002b89224c5d0_0 .var "out_act", 7 0;
v000002b89224c8f0_0 .var "out_psum", 31 0;
v000002b89224be50_0 .var/s "reg_weight", 7 0;
v000002b89224c350_0 .net "rst_n", 0 0, L_000002b8920707f0;  alias, 1 drivers
S_000002b8922640b0 .scope generate, "COL_LOOP[1]" "COL_LOOP[1]" 9 55, 9 55 0, S_000002b892263f20;
 .timescale -9 -12;
P_000002b89208fdd0 .param/l "c" 0 9 55, +C4<01>;
v000002b89224b9f0_0 .net "pe_in_act", 7 0, L_000002b8923655d0;  1 drivers
v000002b89224b1d0_0 .net "pe_in_psum", 31 0, L_000002b892365bf0;  1 drivers
v000002b89224ba90_0 .net "pe_in_weight", 7 0, L_000002b892357870;  1 drivers
v000002b89224bef0_0 .net "pe_load_en", 0 0, L_000002b892357370;  1 drivers
S_000002b892266e00 .scope generate, "genblk1" "genblk1" 9 61, 9 61 0, S_000002b8922640b0;
 .timescale -9 -12;
L_000002b8923655d0 .functor BUFZ 8, v000002b89224c5d0_0, C4<00000000>, C4<00000000>, C4<00000000>;
S_000002b892264d30 .scope generate, "genblk2" "genblk2" 9 72, 9 72 0, S_000002b8922640b0;
 .timescale -9 -12;
L_000002b892365bf0 .functor BUFZ 32, v000002b892242170_0, C4<00000000000000000000000000000000>, C4<00000000000000000000000000000000>, C4<00000000000000000000000000000000>;
S_000002b892264240 .scope generate, "genblk3" "genblk3" 9 106, 9 106 0, S_000002b8922640b0;
 .timescale -9 -12;
L_000002b892364920 .functor BUFZ 32, v000002b89224cad0_0, C4<00000000000000000000000000000000>, C4<00000000000000000000000000000000>, C4<00000000000000000000000000000000>;
v000002b89224bc70_0 .net *"_ivl_2", 31 0, L_000002b892364920;  1 drivers
S_000002b892266ae0 .scope module, "pe_inst" "pe" 9 91, 10 12 0, S_000002b8922640b0;
 .timescale 0 0;
    .port_info 0 /INPUT 1 "clk";
    .port_info 1 /INPUT 1 "rst_n";
    .port_info 2 /INPUT 1 "en_compute";
    .port_info 3 /INPUT 1 "load_weight";
    .port_info 4 /INPUT 8 "in_act";
    .port_info 5 /INPUT 8 "in_weight";
    .port_info 6 /INPUT 32 "in_psum";
    .port_info 7 /OUTPUT 8 "out_act";
    .port_info 8 /OUTPUT 32 "out_psum";
v000002b89224c670_0 .net "clk", 0 0, v000002b8922856e0_0;  alias, 1 drivers
v000002b89224b810_0 .net "en_compute", 0 0, L_000002b8922eb268;  alias, 1 drivers
v000002b89224c710_0 .net "in_act", 7 0, L_000002b8923655d0;  alias, 1 drivers
v000002b89224b770_0 .net "in_psum", 31 0, L_000002b892365bf0;  alias, 1 drivers
v000002b89224b8b0_0 .net "in_weight", 7 0, L_000002b892357870;  alias, 1 drivers
v000002b89224c170_0 .net "load_weight", 0 0, L_000002b892357370;  alias, 1 drivers
v000002b89224ce90_0 .var "out_act", 7 0;
v000002b89224cad0_0 .var "out_psum", 31 0;
v000002b89224b950_0 .var/s "reg_weight", 7 0;
v000002b89224acd0_0 .net "rst_n", 0 0, L_000002b8920707f0;  alias, 1 drivers
S_000002b8922659b0 .scope generate, "COL_LOOP[2]" "COL_LOOP[2]" 9 55, 9 55 0, S_000002b892263f20;
 .timescale -9 -12;
P_000002b89208f610 .param/l "c" 0 9 55, +C4<010>;
v000002b89224cc10_0 .net "pe_in_act", 7 0, L_000002b892365100;  1 drivers
v000002b89224aa50_0 .net "pe_in_psum", 31 0, L_000002b892364a00;  1 drivers
v000002b89224cf30_0 .net "pe_in_weight", 7 0, L_000002b892357e10;  1 drivers
v000002b89224aeb0_0 .net "pe_load_en", 0 0, L_000002b892358d10;  1 drivers
S_000002b8922646f0 .scope generate, "genblk1" "genblk1" 9 61, 9 61 0, S_000002b8922659b0;
 .timescale -9 -12;
L_000002b892365100 .functor BUFZ 8, v000002b89224ce90_0, C4<00000000>, C4<00000000>, C4<00000000>;
S_000002b8922643d0 .scope generate, "genblk2" "genblk2" 9 72, 9 72 0, S_000002b8922659b0;
 .timescale -9 -12;
L_000002b892364a00 .functor BUFZ 32, v000002b892244a10_0, C4<00000000000000000000000000000000>, C4<00000000000000000000000000000000>, C4<00000000000000000000000000000000>;
S_000002b8922664a0 .scope generate, "genblk3" "genblk3" 9 106, 9 106 0, S_000002b8922659b0;
 .timescale -9 -12;
L_000002b892364450 .functor BUFZ 32, v000002b89224c490_0, C4<00000000000000000000000000000000>, C4<00000000000000000000000000000000>, C4<00000000000000000000000000000000>;
v000002b89224c030_0 .net *"_ivl_2", 31 0, L_000002b892364450;  1 drivers
S_000002b892266630 .scope module, "pe_inst" "pe" 9 91, 10 12 0, S_000002b8922659b0;
 .timescale 0 0;
    .port_info 0 /INPUT 1 "clk";
    .port_info 1 /INPUT 1 "rst_n";
    .port_info 2 /INPUT 1 "en_compute";
    .port_info 3 /INPUT 1 "load_weight";
    .port_info 4 /INPUT 8 "in_act";
    .port_info 5 /INPUT 8 "in_weight";
    .port_info 6 /INPUT 32 "in_psum";
    .port_info 7 /OUTPUT 8 "out_act";
    .port_info 8 /OUTPUT 32 "out_psum";
v000002b89224bb30_0 .net "clk", 0 0, v000002b8922856e0_0;  alias, 1 drivers
v000002b89224a910_0 .net "en_compute", 0 0, L_000002b8922eb268;  alias, 1 drivers
v000002b89224bbd0_0 .net "in_act", 7 0, L_000002b892365100;  alias, 1 drivers
v000002b89224c0d0_0 .net "in_psum", 31 0, L_000002b892364a00;  alias, 1 drivers
v000002b89224c7b0_0 .net "in_weight", 7 0, L_000002b892357e10;  alias, 1 drivers
v000002b89224c210_0 .net "load_weight", 0 0, L_000002b892358d10;  alias, 1 drivers
v000002b89224c990_0 .var "out_act", 7 0;
v000002b89224c490_0 .var "out_psum", 31 0;
v000002b89224cd50_0 .var/s "reg_weight", 7 0;
v000002b89224cb70_0 .net "rst_n", 0 0, L_000002b8920707f0;  alias, 1 drivers
S_000002b892264560 .scope generate, "COL_LOOP[3]" "COL_LOOP[3]" 9 55, 9 55 0, S_000002b892263f20;
 .timescale -9 -12;
P_000002b89208fc50 .param/l "c" 0 9 55, +C4<011>;
v000002b89224e970_0 .net "pe_in_act", 7 0, L_000002b8923645a0;  1 drivers
v000002b89224db10_0 .net "pe_in_psum", 31 0, L_000002b8923651e0;  1 drivers
v000002b89224d9d0_0 .net "pe_in_weight", 7 0, L_000002b8923597b0;  1 drivers
v000002b89224dc50_0 .net "pe_load_en", 0 0, L_000002b892358630;  1 drivers
S_000002b892264880 .scope generate, "genblk1" "genblk1" 9 61, 9 61 0, S_000002b892264560;
 .timescale -9 -12;
L_000002b8923645a0 .functor BUFZ 8, v000002b89224c990_0, C4<00000000>, C4<00000000>, C4<00000000>;
S_000002b892265690 .scope generate, "genblk2" "genblk2" 9 72, 9 72 0, S_000002b892264560;
 .timescale -9 -12;
L_000002b8923651e0 .functor BUFZ 32, v000002b8922439d0_0, C4<00000000000000000000000000000000>, C4<00000000000000000000000000000000>, C4<00000000000000000000000000000000>;
S_000002b892264a10 .scope generate, "genblk3" "genblk3" 9 106, 9 106 0, S_000002b892264560;
 .timescale -9 -12;
L_000002b892365560 .functor BUFZ 32, v000002b89224e510_0, C4<00000000000000000000000000000000>, C4<00000000000000000000000000000000>, C4<00000000000000000000000000000000>;
v000002b89224ab90_0 .net *"_ivl_2", 31 0, L_000002b892365560;  1 drivers
S_000002b892264ec0 .scope module, "pe_inst" "pe" 9 91, 10 12 0, S_000002b892264560;
 .timescale 0 0;
    .port_info 0 /INPUT 1 "clk";
    .port_info 1 /INPUT 1 "rst_n";
    .port_info 2 /INPUT 1 "en_compute";
    .port_info 3 /INPUT 1 "load_weight";
    .port_info 4 /INPUT 8 "in_act";
    .port_info 5 /INPUT 8 "in_weight";
    .port_info 6 /INPUT 32 "in_psum";
    .port_info 7 /OUTPUT 8 "out_act";
    .port_info 8 /OUTPUT 32 "out_psum";
v000002b89224aff0_0 .net "clk", 0 0, v000002b8922856e0_0;  alias, 1 drivers
v000002b89224b130_0 .net "en_compute", 0 0, L_000002b8922eb268;  alias, 1 drivers
v000002b89224d2f0_0 .net "in_act", 7 0, L_000002b8923645a0;  alias, 1 drivers
v000002b89224e830_0 .net "in_psum", 31 0, L_000002b8923651e0;  alias, 1 drivers
v000002b89224ee70_0 .net "in_weight", 7 0, L_000002b8923597b0;  alias, 1 drivers
v000002b89224d430_0 .net "load_weight", 0 0, L_000002b892358630;  alias, 1 drivers
v000002b89224e290_0 .var "out_act", 7 0;
v000002b89224e510_0 .var "out_psum", 31 0;
v000002b89224d110_0 .var/s "reg_weight", 7 0;
v000002b89224e8d0_0 .net "rst_n", 0 0, L_000002b8920707f0;  alias, 1 drivers
S_000002b892265050 .scope generate, "COL_LOOP[4]" "COL_LOOP[4]" 9 55, 9 55 0, S_000002b892263f20;
 .timescale -9 -12;
P_000002b89208fc90 .param/l "c" 0 9 55, +C4<0100>;
v000002b89224da70_0 .net "pe_in_act", 7 0, L_000002b892365250;  1 drivers
v000002b89224ebf0_0 .net "pe_in_psum", 31 0, L_000002b8923652c0;  1 drivers
v000002b89224d610_0 .net "pe_in_weight", 7 0, L_000002b892357af0;  1 drivers
v000002b89224d250_0 .net "pe_load_en", 0 0, L_000002b892357ff0;  1 drivers
S_000002b8922651e0 .scope generate, "genblk1" "genblk1" 9 61, 9 61 0, S_000002b892265050;
 .timescale -9 -12;
L_000002b892365250 .functor BUFZ 8, v000002b89224e290_0, C4<00000000>, C4<00000000>, C4<00000000>;
S_000002b892265370 .scope generate, "genblk2" "genblk2" 9 72, 9 72 0, S_000002b892265050;
 .timescale -9 -12;
L_000002b8923652c0 .functor BUFZ 32, v000002b892244150_0, C4<00000000000000000000000000000000>, C4<00000000000000000000000000000000>, C4<00000000000000000000000000000000>;
S_000002b892258210 .scope generate, "genblk3" "genblk3" 9 106, 9 106 0, S_000002b892265050;
 .timescale -9 -12;
L_000002b8923640d0 .functor BUFZ 32, v000002b89224eab0_0, C4<00000000000000000000000000000000>, C4<00000000000000000000000000000000>, C4<00000000000000000000000000000000>;
v000002b89224e6f0_0 .net *"_ivl_2", 31 0, L_000002b8923640d0;  1 drivers
S_000002b8922591b0 .scope module, "pe_inst" "pe" 9 91, 10 12 0, S_000002b892265050;
 .timescale 0 0;
    .port_info 0 /INPUT 1 "clk";
    .port_info 1 /INPUT 1 "rst_n";
    .port_info 2 /INPUT 1 "en_compute";
    .port_info 3 /INPUT 1 "load_weight";
    .port_info 4 /INPUT 8 "in_act";
    .port_info 5 /INPUT 8 "in_weight";
    .port_info 6 /INPUT 32 "in_psum";
    .port_info 7 /OUTPUT 8 "out_act";
    .port_info 8 /OUTPUT 32 "out_psum";
v000002b89224ea10_0 .net "clk", 0 0, v000002b8922856e0_0;  alias, 1 drivers
v000002b89224ded0_0 .net "en_compute", 0 0, L_000002b8922eb268;  alias, 1 drivers
v000002b89224dbb0_0 .net "in_act", 7 0, L_000002b892365250;  alias, 1 drivers
v000002b89224eb50_0 .net "in_psum", 31 0, L_000002b8923652c0;  alias, 1 drivers
v000002b89224d1b0_0 .net "in_weight", 7 0, L_000002b892357af0;  alias, 1 drivers
v000002b89224ed30_0 .net "load_weight", 0 0, L_000002b892357ff0;  alias, 1 drivers
v000002b89224e0b0_0 .var "out_act", 7 0;
v000002b89224eab0_0 .var "out_psum", 31 0;
v000002b89224ef10_0 .var/s "reg_weight", 7 0;
v000002b89224e150_0 .net "rst_n", 0 0, L_000002b8920707f0;  alias, 1 drivers
S_000002b892257400 .scope generate, "COL_LOOP[5]" "COL_LOOP[5]" 9 55, 9 55 0, S_000002b892263f20;
 .timescale -9 -12;
P_000002b89208fd10 .param/l "c" 0 9 55, +C4<0101>;
v000002b89224e650_0 .net "pe_in_act", 7 0, L_000002b892364990;  1 drivers
v000002b89224e5b0_0 .net "pe_in_psum", 31 0, L_000002b892364a70;  1 drivers
v000002b89224d6b0_0 .net "pe_in_weight", 7 0, L_000002b8923592b0;  1 drivers
v000002b89224e3d0_0 .net "pe_load_en", 0 0, L_000002b892359850;  1 drivers
S_000002b892258b70 .scope generate, "genblk1" "genblk1" 9 61, 9 61 0, S_000002b892257400;
 .timescale -9 -12;
L_000002b892364990 .functor BUFZ 8, v000002b89224e0b0_0, C4<00000000>, C4<00000000>, C4<00000000>;
S_000002b89225add0 .scope generate, "genblk2" "genblk2" 9 72, 9 72 0, S_000002b892257400;
 .timescale -9 -12;
L_000002b892364a70 .functor BUFZ 32, v000002b892243390_0, C4<00000000000000000000000000000000>, C4<00000000000000000000000000000000>, C4<00000000000000000000000000000000>;
S_000002b892259020 .scope generate, "genblk3" "genblk3" 9 106, 9 106 0, S_000002b892257400;
 .timescale -9 -12;
L_000002b892364610 .functor BUFZ 32, v000002b89224e010_0, C4<00000000000000000000000000000000>, C4<00000000000000000000000000000000>, C4<00000000000000000000000000000000>;
v000002b89224d390_0 .net *"_ivl_2", 31 0, L_000002b892364610;  1 drivers
S_000002b8922583a0 .scope module, "pe_inst" "pe" 9 91, 10 12 0, S_000002b892257400;
 .timescale 0 0;
    .port_info 0 /INPUT 1 "clk";
    .port_info 1 /INPUT 1 "rst_n";
    .port_info 2 /INPUT 1 "en_compute";
    .port_info 3 /INPUT 1 "load_weight";
    .port_info 4 /INPUT 8 "in_act";
    .port_info 5 /INPUT 8 "in_weight";
    .port_info 6 /INPUT 32 "in_psum";
    .port_info 7 /OUTPUT 8 "out_act";
    .port_info 8 /OUTPUT 32 "out_psum";
v000002b89224e330_0 .net "clk", 0 0, v000002b8922856e0_0;  alias, 1 drivers
v000002b89224edd0_0 .net "en_compute", 0 0, L_000002b8922eb268;  alias, 1 drivers
v000002b89224efb0_0 .net "in_act", 7 0, L_000002b892364990;  alias, 1 drivers
v000002b89224ec90_0 .net "in_psum", 31 0, L_000002b892364a70;  alias, 1 drivers
v000002b89224de30_0 .net "in_weight", 7 0, L_000002b8923592b0;  alias, 1 drivers
v000002b89224d4d0_0 .net "load_weight", 0 0, L_000002b892359850;  alias, 1 drivers
v000002b89224df70_0 .var "out_act", 7 0;
v000002b89224e010_0 .var "out_psum", 31 0;
v000002b89224d570_0 .var/s "reg_weight", 7 0;
v000002b89224e1f0_0 .net "rst_n", 0 0, L_000002b8920707f0;  alias, 1 drivers
S_000002b892259ca0 .scope generate, "COL_LOOP[6]" "COL_LOOP[6]" 9 55, 9 55 0, S_000002b892263f20;
 .timescale -9 -12;
P_000002b89208fd50 .param/l "c" 0 9 55, +C4<0110>;
v000002b892267b40_0 .net "pe_in_act", 7 0, L_000002b892365480;  1 drivers
v000002b892268c20_0 .net "pe_in_psum", 31 0, L_000002b892365a30;  1 drivers
v000002b892267c80_0 .net "pe_in_weight", 7 0, L_000002b8923593f0;  1 drivers
v000002b892269300_0 .net "pe_load_en", 0 0, L_000002b892359530;  1 drivers
S_000002b8922570e0 .scope generate, "genblk1" "genblk1" 9 61, 9 61 0, S_000002b892259ca0;
 .timescale -9 -12;
L_000002b892365480 .functor BUFZ 8, v000002b89224df70_0, C4<00000000>, C4<00000000>, C4<00000000>;
S_000002b892259b10 .scope generate, "genblk2" "genblk2" 9 72, 9 72 0, S_000002b892259ca0;
 .timescale -9 -12;
L_000002b892365a30 .functor BUFZ 32, v000002b892244dd0_0, C4<00000000000000000000000000000000>, C4<00000000000000000000000000000000>, C4<00000000000000000000000000000000>;
S_000002b8922594d0 .scope generate, "genblk3" "genblk3" 9 106, 9 106 0, S_000002b892259ca0;
 .timescale -9 -12;
L_000002b8923654f0 .functor BUFZ 32, v000002b8922691c0_0, C4<00000000000000000000000000000000>, C4<00000000000000000000000000000000>, C4<00000000000000000000000000000000>;
v000002b89224e470_0 .net *"_ivl_2", 31 0, L_000002b8923654f0;  1 drivers
S_000002b892257270 .scope module, "pe_inst" "pe" 9 91, 10 12 0, S_000002b892259ca0;
 .timescale 0 0;
    .port_info 0 /INPUT 1 "clk";
    .port_info 1 /INPUT 1 "rst_n";
    .port_info 2 /INPUT 1 "en_compute";
    .port_info 3 /INPUT 1 "load_weight";
    .port_info 4 /INPUT 8 "in_act";
    .port_info 5 /INPUT 8 "in_weight";
    .port_info 6 /INPUT 32 "in_psum";
    .port_info 7 /OUTPUT 8 "out_act";
    .port_info 8 /OUTPUT 32 "out_psum";
v000002b89224e790_0 .net "clk", 0 0, v000002b8922856e0_0;  alias, 1 drivers
v000002b89224d7f0_0 .net "en_compute", 0 0, L_000002b8922eb268;  alias, 1 drivers
v000002b89224d890_0 .net "in_act", 7 0, L_000002b892365480;  alias, 1 drivers
v000002b89224d930_0 .net "in_psum", 31 0, L_000002b892365a30;  alias, 1 drivers
v000002b892267140_0 .net "in_weight", 7 0, L_000002b8923593f0;  alias, 1 drivers
v000002b892268900_0 .net "load_weight", 0 0, L_000002b892359530;  alias, 1 drivers
v000002b892267500_0 .var "out_act", 7 0;
v000002b8922691c0_0 .var "out_psum", 31 0;
v000002b892267820_0 .var/s "reg_weight", 7 0;
v000002b892268fe0_0 .net "rst_n", 0 0, L_000002b8920707f0;  alias, 1 drivers
S_000002b892259e30 .scope generate, "COL_LOOP[7]" "COL_LOOP[7]" 9 55, 9 55 0, S_000002b892263f20;
 .timescale -9 -12;
P_000002b89208fed0 .param/l "c" 0 9 55, +C4<0111>;
v000002b892268360_0 .net "pe_in_act", 7 0, L_000002b892364bc0;  1 drivers
v000002b892267aa0_0 .net "pe_in_psum", 31 0, L_000002b892364290;  1 drivers
v000002b892267be0_0 .net "pe_in_weight", 7 0, L_000002b892357f50;  1 drivers
v000002b892267dc0_0 .net "pe_load_en", 0 0, L_000002b892357410;  1 drivers
S_000002b89225b5a0 .scope generate, "genblk1" "genblk1" 9 61, 9 61 0, S_000002b892259e30;
 .timescale -9 -12;
L_000002b892364bc0 .functor BUFZ 8, v000002b892267500_0, C4<00000000>, C4<00000000>, C4<00000000>;
S_000002b8922597f0 .scope generate, "genblk2" "genblk2" 9 72, 9 72 0, S_000002b892259e30;
 .timescale -9 -12;
L_000002b892364290 .functor BUFZ 32, v000002b8922470d0_0, C4<00000000000000000000000000000000>, C4<00000000000000000000000000000000>, C4<00000000000000000000000000000000>;
S_000002b892259340 .scope generate, "genblk3" "genblk3" 9 106, 9 106 0, S_000002b892259e30;
 .timescale -9 -12;
L_000002b892364ae0 .functor BUFZ 32, v000002b892268220_0, C4<00000000000000000000000000000000>, C4<00000000000000000000000000000000>, C4<00000000000000000000000000000000>;
v000002b892267780_0 .net *"_ivl_2", 31 0, L_000002b892364ae0;  1 drivers
S_000002b892259980 .scope module, "pe_inst" "pe" 9 91, 10 12 0, S_000002b892259e30;
 .timescale 0 0;
    .port_info 0 /INPUT 1 "clk";
    .port_info 1 /INPUT 1 "rst_n";
    .port_info 2 /INPUT 1 "en_compute";
    .port_info 3 /INPUT 1 "load_weight";
    .port_info 4 /INPUT 8 "in_act";
    .port_info 5 /INPUT 8 "in_weight";
    .port_info 6 /INPUT 32 "in_psum";
    .port_info 7 /OUTPUT 8 "out_act";
    .port_info 8 /OUTPUT 32 "out_psum";
v000002b892269440_0 .net "clk", 0 0, v000002b8922856e0_0;  alias, 1 drivers
v000002b892269580_0 .net "en_compute", 0 0, L_000002b8922eb268;  alias, 1 drivers
v000002b8922689a0_0 .net "in_act", 7 0, L_000002b892364bc0;  alias, 1 drivers
v000002b8922693a0_0 .net "in_psum", 31 0, L_000002b892364290;  alias, 1 drivers
v000002b892268720_0 .net "in_weight", 7 0, L_000002b892357f50;  alias, 1 drivers
v000002b892268180_0 .net "load_weight", 0 0, L_000002b892357410;  alias, 1 drivers
v000002b8922678c0_0 .var "out_act", 7 0;
v000002b892268220_0 .var "out_psum", 31 0;
v000002b8922680e0_0 .var/s "reg_weight", 7 0;
v000002b892268040_0 .net "rst_n", 0 0, L_000002b8920707f0;  alias, 1 drivers
S_000002b892259660 .scope generate, "COL_LOOP[8]" "COL_LOOP[8]" 9 55, 9 55 0, S_000002b892263f20;
 .timescale -9 -12;
P_000002b892090010 .param/l "c" 0 9 55, +C4<01000>;
v000002b892269800_0 .net "pe_in_act", 7 0, L_000002b8923647d0;  1 drivers
v000002b8922694e0_0 .net "pe_in_psum", 31 0, L_000002b892365aa0;  1 drivers
v000002b892268a40_0 .net "pe_in_weight", 7 0, L_000002b8923583b0;  1 drivers
v000002b892268d60_0 .net "pe_load_en", 0 0, L_000002b8923570f0;  1 drivers
S_000002b892257ef0 .scope generate, "genblk1" "genblk1" 9 61, 9 61 0, S_000002b892259660;
 .timescale -9 -12;
L_000002b8923647d0 .functor BUFZ 8, v000002b8922678c0_0, C4<00000000>, C4<00000000>, C4<00000000>;
S_000002b8922586c0 .scope generate, "genblk2" "genblk2" 9 72, 9 72 0, S_000002b892259660;
 .timescale -9 -12;
L_000002b892365aa0 .functor BUFZ 32, v000002b892245ff0_0, C4<00000000000000000000000000000000>, C4<00000000000000000000000000000000>, C4<00000000000000000000000000000000>;
S_000002b89225a600 .scope generate, "genblk3" "genblk3" 9 106, 9 106 0, S_000002b892259660;
 .timescale -9 -12;
L_000002b892365640 .functor BUFZ 32, v000002b892268cc0_0, C4<00000000000000000000000000000000>, C4<00000000000000000000000000000000>, C4<00000000000000000000000000000000>;
v000002b8922682c0_0 .net *"_ivl_2", 31 0, L_000002b892365640;  1 drivers
S_000002b892259fc0 .scope module, "pe_inst" "pe" 9 91, 10 12 0, S_000002b892259660;
 .timescale 0 0;
    .port_info 0 /INPUT 1 "clk";
    .port_info 1 /INPUT 1 "rst_n";
    .port_info 2 /INPUT 1 "en_compute";
    .port_info 3 /INPUT 1 "load_weight";
    .port_info 4 /INPUT 8 "in_act";
    .port_info 5 /INPUT 8 "in_weight";
    .port_info 6 /INPUT 32 "in_psum";
    .port_info 7 /OUTPUT 8 "out_act";
    .port_info 8 /OUTPUT 32 "out_psum";
v000002b8922698a0_0 .net "clk", 0 0, v000002b8922856e0_0;  alias, 1 drivers
v000002b892268540_0 .net "en_compute", 0 0, L_000002b8922eb268;  alias, 1 drivers
v000002b892268400_0 .net "in_act", 7 0, L_000002b8923647d0;  alias, 1 drivers
v000002b8922684a0_0 .net "in_psum", 31 0, L_000002b892365aa0;  alias, 1 drivers
v000002b8922685e0_0 .net "in_weight", 7 0, L_000002b8923583b0;  alias, 1 drivers
v000002b892268680_0 .net "load_weight", 0 0, L_000002b8923570f0;  alias, 1 drivers
v000002b892269080_0 .var "out_act", 7 0;
v000002b892268cc0_0 .var "out_psum", 31 0;
v000002b8922687c0_0 .var/s "reg_weight", 7 0;
v000002b892268860_0 .net "rst_n", 0 0, L_000002b8920707f0;  alias, 1 drivers
S_000002b89225a150 .scope generate, "COL_LOOP[9]" "COL_LOOP[9]" 9 55, 9 55 0, S_000002b892263f20;
 .timescale -9 -12;
P_000002b892090090 .param/l "c" 0 9 55, +C4<01001>;
v000002b8922696c0_0 .net "pe_in_act", 7 0, L_000002b8923656b0;  1 drivers
v000002b8922675a0_0 .net "pe_in_psum", 31 0, L_000002b8923646f0;  1 drivers
v000002b892267f00_0 .net "pe_in_weight", 7 0, L_000002b892358bd0;  1 drivers
v000002b892267640_0 .net "pe_load_en", 0 0, L_000002b892357cd0;  1 drivers
S_000002b89225a470 .scope generate, "genblk1" "genblk1" 9 61, 9 61 0, S_000002b89225a150;
 .timescale -9 -12;
L_000002b8923656b0 .functor BUFZ 8, v000002b892269080_0, C4<00000000>, C4<00000000>, C4<00000000>;
S_000002b8922589e0 .scope generate, "genblk2" "genblk2" 9 72, 9 72 0, S_000002b89225a150;
 .timescale -9 -12;
L_000002b8923646f0 .functor BUFZ 32, v000002b892245f50_0, C4<00000000000000000000000000000000>, C4<00000000000000000000000000000000>, C4<00000000000000000000000000000000>;
S_000002b892257bd0 .scope generate, "genblk3" "genblk3" 9 106, 9 106 0, S_000002b89225a150;
 .timescale -9 -12;
L_000002b892365b10 .functor BUFZ 32, v000002b892267280_0, C4<00000000000000000000000000000000>, C4<00000000000000000000000000000000>, C4<00000000000000000000000000000000>;
v000002b892269120_0 .net *"_ivl_2", 31 0, L_000002b892365b10;  1 drivers
S_000002b89225a2e0 .scope module, "pe_inst" "pe" 9 91, 10 12 0, S_000002b89225a150;
 .timescale 0 0;
    .port_info 0 /INPUT 1 "clk";
    .port_info 1 /INPUT 1 "rst_n";
    .port_info 2 /INPUT 1 "en_compute";
    .port_info 3 /INPUT 1 "load_weight";
    .port_info 4 /INPUT 8 "in_act";
    .port_info 5 /INPUT 8 "in_weight";
    .port_info 6 /INPUT 32 "in_psum";
    .port_info 7 /OUTPUT 8 "out_act";
    .port_info 8 /OUTPUT 32 "out_psum";
v000002b892268ae0_0 .net "clk", 0 0, v000002b8922856e0_0;  alias, 1 drivers
v000002b892269620_0 .net "en_compute", 0 0, L_000002b8922eb268;  alias, 1 drivers
v000002b892268e00_0 .net "in_act", 7 0, L_000002b8923656b0;  alias, 1 drivers
v000002b892267e60_0 .net "in_psum", 31 0, L_000002b8923646f0;  alias, 1 drivers
v000002b892268b80_0 .net "in_weight", 7 0, L_000002b892358bd0;  alias, 1 drivers
v000002b892268ea0_0 .net "load_weight", 0 0, L_000002b892357cd0;  alias, 1 drivers
v000002b892269760_0 .var "out_act", 7 0;
v000002b892267280_0 .var "out_psum", 31 0;
v000002b892268f40_0 .var/s "reg_weight", 7 0;
v000002b892269260_0 .net "rst_n", 0 0, L_000002b8920707f0;  alias, 1 drivers
S_000002b89225a790 .scope generate, "COL_LOOP[10]" "COL_LOOP[10]" 9 55, 9 55 0, S_000002b892263f20;
 .timescale -9 -12;
P_000002b8920900d0 .param/l "c" 0 9 55, +C4<01010>;
v000002b89226aac0_0 .net "pe_in_act", 7 0, L_000002b892364300;  1 drivers
v000002b892269e40_0 .net "pe_in_psum", 31 0, L_000002b892365b80;  1 drivers
v000002b892269f80_0 .net "pe_in_weight", 7 0, L_000002b892357b90;  1 drivers
v000002b89226be20_0 .net "pe_load_en", 0 0, L_000002b892357190;  1 drivers
S_000002b892258d00 .scope generate, "genblk1" "genblk1" 9 61, 9 61 0, S_000002b89225a790;
 .timescale -9 -12;
L_000002b892364300 .functor BUFZ 8, v000002b892269760_0, C4<00000000>, C4<00000000>, C4<00000000>;
S_000002b89225af60 .scope generate, "genblk2" "genblk2" 9 72, 9 72 0, S_000002b89225a790;
 .timescale -9 -12;
L_000002b892365b80 .functor BUFZ 32, v000002b892246f90_0, C4<00000000000000000000000000000000>, C4<00000000000000000000000000000000>, C4<00000000000000000000000000000000>;
S_000002b892258530 .scope generate, "genblk3" "genblk3" 9 106, 9 106 0, S_000002b89225a790;
 .timescale -9 -12;
L_000002b892364370 .functor BUFZ 32, v000002b89226afc0_0, C4<00000000000000000000000000000000>, C4<00000000000000000000000000000000>, C4<00000000000000000000000000000000>;
v000002b892267320_0 .net *"_ivl_2", 31 0, L_000002b892364370;  1 drivers
S_000002b89225a920 .scope module, "pe_inst" "pe" 9 91, 10 12 0, S_000002b89225a790;
 .timescale 0 0;
    .port_info 0 /INPUT 1 "clk";
    .port_info 1 /INPUT 1 "rst_n";
    .port_info 2 /INPUT 1 "en_compute";
    .port_info 3 /INPUT 1 "load_weight";
    .port_info 4 /INPUT 8 "in_act";
    .port_info 5 /INPUT 8 "in_weight";
    .port_info 6 /INPUT 32 "in_psum";
    .port_info 7 /OUTPUT 8 "out_act";
    .port_info 8 /OUTPUT 32 "out_psum";
v000002b892267460_0 .net "clk", 0 0, v000002b8922856e0_0;  alias, 1 drivers
v000002b8922676e0_0 .net "en_compute", 0 0, L_000002b8922eb268;  alias, 1 drivers
v000002b892267960_0 .net "in_act", 7 0, L_000002b892364300;  alias, 1 drivers
v000002b892267a00_0 .net "in_psum", 31 0, L_000002b892365b80;  alias, 1 drivers
v000002b89226b740_0 .net "in_weight", 7 0, L_000002b892357b90;  alias, 1 drivers
v000002b89226a5c0_0 .net "load_weight", 0 0, L_000002b892357190;  alias, 1 drivers
v000002b89226a340_0 .var "out_act", 7 0;
v000002b89226afc0_0 .var "out_psum", 31 0;
v000002b89226b2e0_0 .var/s "reg_weight", 7 0;
v000002b89226b560_0 .net "rst_n", 0 0, L_000002b8920707f0;  alias, 1 drivers
S_000002b89225aab0 .scope generate, "COL_LOOP[11]" "COL_LOOP[11]" 9 55, 9 55 0, S_000002b892263f20;
 .timescale -9 -12;
P_000002b892090110 .param/l "c" 0 9 55, +C4<01011>;
v000002b892269bc0_0 .net "pe_in_act", 7 0, L_000002b8923643e0;  1 drivers
v000002b89226a3e0_0 .net "pe_in_psum", 31 0, L_000002b8923644c0;  1 drivers
v000002b89226b600_0 .net "pe_in_weight", 7 0, L_000002b8923574b0;  1 drivers
v000002b892269da0_0 .net "pe_load_en", 0 0, L_000002b892358c70;  1 drivers
S_000002b89225ac40 .scope generate, "genblk1" "genblk1" 9 61, 9 61 0, S_000002b89225aab0;
 .timescale -9 -12;
L_000002b8923643e0 .functor BUFZ 8, v000002b89226a340_0, C4<00000000>, C4<00000000>, C4<00000000>;
S_000002b892258850 .scope generate, "genblk2" "genblk2" 9 72, 9 72 0, S_000002b89225aab0;
 .timescale -9 -12;
L_000002b8923644c0 .functor BUFZ 32, v000002b892249d30_0, C4<00000000000000000000000000000000>, C4<00000000000000000000000000000000>, C4<00000000000000000000000000000000>;
S_000002b89225b0f0 .scope generate, "genblk3" "genblk3" 9 106, 9 106 0, S_000002b89225aab0;
 .timescale -9 -12;
L_000002b892364840 .functor BUFZ 32, v000002b89226b7e0_0, C4<00000000000000000000000000000000>, C4<00000000000000000000000000000000>, C4<00000000000000000000000000000000>;
v000002b89226c000_0 .net *"_ivl_2", 31 0, L_000002b892364840;  1 drivers
S_000002b89225b280 .scope module, "pe_inst" "pe" 9 91, 10 12 0, S_000002b89225aab0;
 .timescale 0 0;
    .port_info 0 /INPUT 1 "clk";
    .port_info 1 /INPUT 1 "rst_n";
    .port_info 2 /INPUT 1 "en_compute";
    .port_info 3 /INPUT 1 "load_weight";
    .port_info 4 /INPUT 8 "in_act";
    .port_info 5 /INPUT 8 "in_weight";
    .port_info 6 /INPUT 32 "in_psum";
    .port_info 7 /OUTPUT 8 "out_act";
    .port_info 8 /OUTPUT 32 "out_psum";
v000002b89226ade0_0 .net "clk", 0 0, v000002b8922856e0_0;  alias, 1 drivers
v000002b89226ab60_0 .net "en_compute", 0 0, L_000002b8922eb268;  alias, 1 drivers
v000002b89226b880_0 .net "in_act", 7 0, L_000002b8923643e0;  alias, 1 drivers
v000002b89226a660_0 .net "in_psum", 31 0, L_000002b8923644c0;  alias, 1 drivers
v000002b8922699e0_0 .net "in_weight", 7 0, L_000002b8923574b0;  alias, 1 drivers
v000002b89226c0a0_0 .net "load_weight", 0 0, L_000002b892358c70;  alias, 1 drivers
v000002b89226b920_0 .var "out_act", 7 0;
v000002b89226b7e0_0 .var "out_psum", 31 0;
v000002b89226b9c0_0 .var/s "reg_weight", 7 0;
v000002b89226bec0_0 .net "rst_n", 0 0, L_000002b8920707f0;  alias, 1 drivers
S_000002b892257d60 .scope generate, "COL_LOOP[12]" "COL_LOOP[12]" 9 55, 9 55 0, S_000002b892263f20;
 .timescale -9 -12;
P_000002b89208f310 .param/l "c" 0 9 55, +C4<01100>;
v000002b89226ae80_0 .net "pe_in_act", 7 0, L_000002b892364b50;  1 drivers
v000002b89226af20_0 .net "pe_in_psum", 31 0, L_000002b89238cf50;  1 drivers
v000002b89226bb00_0 .net "pe_in_weight", 7 0, L_000002b892358e50;  1 drivers
v000002b89226a7a0_0 .net "pe_load_en", 0 0, L_000002b8923584f0;  1 drivers
S_000002b89225b410 .scope generate, "genblk1" "genblk1" 9 61, 9 61 0, S_000002b892257d60;
 .timescale -9 -12;
L_000002b892364b50 .functor BUFZ 8, v000002b89226b920_0, C4<00000000>, C4<00000000>, C4<00000000>;
S_000002b892257590 .scope generate, "genblk2" "genblk2" 9 72, 9 72 0, S_000002b892257d60;
 .timescale -9 -12;
L_000002b89238cf50 .functor BUFZ 32, v000002b8922493d0_0, C4<00000000000000000000000000000000>, C4<00000000000000000000000000000000>, C4<00000000000000000000000000000000>;
S_000002b89225b730 .scope generate, "genblk3" "genblk3" 9 106, 9 106 0, S_000002b892257d60;
 .timescale -9 -12;
L_000002b89238d8f0 .functor BUFZ 32, v000002b89226b060_0, C4<00000000000000000000000000000000>, C4<00000000000000000000000000000000>, C4<00000000000000000000000000000000>;
v000002b89226ac00_0 .net *"_ivl_2", 31 0, L_000002b89238d8f0;  1 drivers
S_000002b892257720 .scope module, "pe_inst" "pe" 9 91, 10 12 0, S_000002b892257d60;
 .timescale 0 0;
    .port_info 0 /INPUT 1 "clk";
    .port_info 1 /INPUT 1 "rst_n";
    .port_info 2 /INPUT 1 "en_compute";
    .port_info 3 /INPUT 1 "load_weight";
    .port_info 4 /INPUT 8 "in_act";
    .port_info 5 /INPUT 8 "in_weight";
    .port_info 6 /INPUT 32 "in_psum";
    .port_info 7 /OUTPUT 8 "out_act";
    .port_info 8 /OUTPUT 32 "out_psum";
v000002b89226a480_0 .net "clk", 0 0, v000002b8922856e0_0;  alias, 1 drivers
v000002b89226aca0_0 .net "en_compute", 0 0, L_000002b8922eb268;  alias, 1 drivers
v000002b89226ad40_0 .net "in_act", 7 0, L_000002b892364b50;  alias, 1 drivers
v000002b89226ba60_0 .net "in_psum", 31 0, L_000002b89238cf50;  alias, 1 drivers
v000002b89226a020_0 .net "in_weight", 7 0, L_000002b892358e50;  alias, 1 drivers
v000002b89226a2a0_0 .net "load_weight", 0 0, L_000002b8923584f0;  alias, 1 drivers
v000002b89226b6a0_0 .var "out_act", 7 0;
v000002b89226b060_0 .var "out_psum", 31 0;
v000002b89226a700_0 .var/s "reg_weight", 7 0;
v000002b892269940_0 .net "rst_n", 0 0, L_000002b8920707f0;  alias, 1 drivers
S_000002b8922578b0 .scope generate, "COL_LOOP[13]" "COL_LOOP[13]" 9 55, 9 55 0, S_000002b892263f20;
 .timescale -9 -12;
P_000002b8920903d0 .param/l "c" 0 9 55, +C4<01101>;
v000002b89226a980_0 .net "pe_in_act", 7 0, L_000002b89238da40;  1 drivers
v000002b89226b380_0 .net "pe_in_psum", 31 0, L_000002b89238c380;  1 drivers
v000002b89226b420_0 .net "pe_in_weight", 7 0, L_000002b892358f90;  1 drivers
v000002b892269c60_0 .net "pe_load_en", 0 0, L_000002b892358db0;  1 drivers
S_000002b89225b8c0 .scope generate, "genblk1" "genblk1" 9 61, 9 61 0, S_000002b8922578b0;
 .timescale -9 -12;
L_000002b89238da40 .functor BUFZ 8, v000002b89226b6a0_0, C4<00000000>, C4<00000000>, C4<00000000>;
S_000002b89225ba50 .scope generate, "genblk2" "genblk2" 9 72, 9 72 0, S_000002b8922578b0;
 .timescale -9 -12;
L_000002b89238c380 .functor BUFZ 32, v000002b89224a4b0_0, C4<00000000000000000000000000000000>, C4<00000000000000000000000000000000>, C4<00000000000000000000000000000000>;
S_000002b892257a40 .scope generate, "genblk3" "genblk3" 9 106, 9 106 0, S_000002b8922578b0;
 .timescale -9 -12;
L_000002b89238c150 .functor BUFZ 32, v000002b89226b100_0, C4<00000000000000000000000000000000>, C4<00000000000000000000000000000000>, C4<00000000000000000000000000000000>;
v000002b89226bba0_0 .net *"_ivl_2", 31 0, L_000002b89238c150;  1 drivers
S_000002b89225bf00 .scope module, "pe_inst" "pe" 9 91, 10 12 0, S_000002b8922578b0;
 .timescale 0 0;
    .port_info 0 /INPUT 1 "clk";
    .port_info 1 /INPUT 1 "rst_n";
    .port_info 2 /INPUT 1 "en_compute";
    .port_info 3 /INPUT 1 "load_weight";
    .port_info 4 /INPUT 8 "in_act";
    .port_info 5 /INPUT 8 "in_weight";
    .port_info 6 /INPUT 32 "in_psum";
    .port_info 7 /OUTPUT 8 "out_act";
    .port_info 8 /OUTPUT 32 "out_psum";
v000002b89226bd80_0 .net "clk", 0 0, v000002b8922856e0_0;  alias, 1 drivers
v000002b89226bc40_0 .net "en_compute", 0 0, L_000002b8922eb268;  alias, 1 drivers
v000002b89226a840_0 .net "in_act", 7 0, L_000002b89238da40;  alias, 1 drivers
v000002b89226bce0_0 .net "in_psum", 31 0, L_000002b89238c380;  alias, 1 drivers
v000002b89226a520_0 .net "in_weight", 7 0, L_000002b892358f90;  alias, 1 drivers
v000002b892269b20_0 .net "load_weight", 0 0, L_000002b892358db0;  alias, 1 drivers
v000002b89226b1a0_0 .var "out_act", 7 0;
v000002b89226b100_0 .var "out_psum", 31 0;
v000002b89226a8e0_0 .var/s "reg_weight", 7 0;
v000002b89226b240_0 .net "rst_n", 0 0, L_000002b8920707f0;  alias, 1 drivers
S_000002b89225bbe0 .scope generate, "COL_LOOP[14]" "COL_LOOP[14]" 9 55, 9 55 0, S_000002b892263f20;
 .timescale -9 -12;
P_000002b892090b90 .param/l "c" 0 9 55, +C4<01110>;
v000002b89226d680_0 .net "pe_in_act", 7 0, L_000002b89238d420;  1 drivers
v000002b89226e8a0_0 .net "pe_in_psum", 31 0, L_000002b89238db90;  1 drivers
v000002b89226d400_0 .net "pe_in_weight", 7 0, L_000002b892358ef0;  1 drivers
v000002b89226d360_0 .net "pe_load_en", 0 0, L_000002b892358090;  1 drivers
S_000002b892258080 .scope generate, "genblk1" "genblk1" 9 61, 9 61 0, S_000002b89225bbe0;
 .timescale -9 -12;
L_000002b89238d420 .functor BUFZ 8, v000002b89226b1a0_0, C4<00000000>, C4<00000000>, C4<00000000>;
S_000002b89225bd70 .scope generate, "genblk2" "genblk2" 9 72, 9 72 0, S_000002b89225bbe0;
 .timescale -9 -12;
L_000002b89238db90 .functor BUFZ 32, v000002b8922495b0_0, C4<00000000000000000000000000000000>, C4<00000000000000000000000000000000>, C4<00000000000000000000000000000000>;
S_000002b89225c3b0 .scope generate, "genblk3" "genblk3" 9 106, 9 106 0, S_000002b89225bbe0;
 .timescale -9 -12;
L_000002b89238d2d0 .functor BUFZ 32, v000002b89226df40_0, C4<00000000000000000000000000000000>, C4<00000000000000000000000000000000>, C4<00000000000000000000000000000000>;
v000002b89226aa20_0 .net *"_ivl_2", 31 0, L_000002b89238d2d0;  1 drivers
S_000002b89225c090 .scope module, "pe_inst" "pe" 9 91, 10 12 0, S_000002b89225bbe0;
 .timescale 0 0;
    .port_info 0 /INPUT 1 "clk";
    .port_info 1 /INPUT 1 "rst_n";
    .port_info 2 /INPUT 1 "en_compute";
    .port_info 3 /INPUT 1 "load_weight";
    .port_info 4 /INPUT 8 "in_act";
    .port_info 5 /INPUT 8 "in_weight";
    .port_info 6 /INPUT 32 "in_psum";
    .port_info 7 /OUTPUT 8 "out_act";
    .port_info 8 /OUTPUT 32 "out_psum";
v000002b892269d00_0 .net "clk", 0 0, v000002b8922856e0_0;  alias, 1 drivers
v000002b89226a0c0_0 .net "en_compute", 0 0, L_000002b8922eb268;  alias, 1 drivers
v000002b89226a160_0 .net "in_act", 7 0, L_000002b89238d420;  alias, 1 drivers
v000002b89226a200_0 .net "in_psum", 31 0, L_000002b89238db90;  alias, 1 drivers
v000002b89226cb40_0 .net "in_weight", 7 0, L_000002b892358ef0;  alias, 1 drivers
v000002b89226cdc0_0 .net "load_weight", 0 0, L_000002b892358090;  alias, 1 drivers
v000002b89226d2c0_0 .var "out_act", 7 0;
v000002b89226df40_0 .var "out_psum", 31 0;
v000002b89226d900_0 .var/s "reg_weight", 7 0;
v000002b89226e120_0 .net "rst_n", 0 0, L_000002b8920707f0;  alias, 1 drivers
S_000002b89225c220 .scope generate, "COL_LOOP[15]" "COL_LOOP[15]" 9 55, 9 55 0, S_000002b892263f20;
 .timescale -9 -12;
P_000002b892090a10 .param/l "c" 0 9 55, +C4<01111>;
v000002b89226d7c0_0 .net "pe_in_act", 7 0, L_000002b89238db20;  1 drivers
v000002b89226d220_0 .net "pe_in_psum", 31 0, L_000002b89238c700;  1 drivers
v000002b89226dd60_0 .net "pe_in_weight", 7 0, L_000002b892359170;  1 drivers
v000002b89226caa0_0 .net "pe_load_en", 0 0, L_000002b8923590d0;  1 drivers
S_000002b89225c540 .scope generate, "genblk1" "genblk1" 9 61, 9 61 0, S_000002b89225c220;
 .timescale -9 -12;
L_000002b89238db20 .functor BUFZ 8, v000002b89226d2c0_0, C4<00000000>, C4<00000000>, C4<00000000>;
S_000002b89225c6d0 .scope generate, "genblk2" "genblk2" 9 72, 9 72 0, S_000002b89225c220;
 .timescale -9 -12;
L_000002b89238c700 .functor BUFZ 32, v000002b89224b450_0, C4<00000000000000000000000000000000>, C4<00000000000000000000000000000000>, C4<00000000000000000000000000000000>;
S_000002b89225c860 .scope generate, "genblk3" "genblk3" 9 106, 9 106 0, S_000002b89225c220;
 .timescale -9 -12;
L_000002b89238ce70 .functor BUFZ 32, v000002b89226cd20_0, C4<00000000000000000000000000000000>, C4<00000000000000000000000000000000>, C4<00000000000000000000000000000000>;
v000002b89226c780_0 .net *"_ivl_2", 31 0, L_000002b89238ce70;  1 drivers
S_000002b89225c9f0 .scope module, "pe_inst" "pe" 9 91, 10 12 0, S_000002b89225c220;
 .timescale 0 0;
    .port_info 0 /INPUT 1 "clk";
    .port_info 1 /INPUT 1 "rst_n";
    .port_info 2 /INPUT 1 "en_compute";
    .port_info 3 /INPUT 1 "load_weight";
    .port_info 4 /INPUT 8 "in_act";
    .port_info 5 /INPUT 8 "in_weight";
    .port_info 6 /INPUT 32 "in_psum";
    .port_info 7 /OUTPUT 8 "out_act";
    .port_info 8 /OUTPUT 32 "out_psum";
v000002b89226d4a0_0 .net "clk", 0 0, v000002b8922856e0_0;  alias, 1 drivers
v000002b89226e1c0_0 .net "en_compute", 0 0, L_000002b8922eb268;  alias, 1 drivers
v000002b89226e800_0 .net "in_act", 7 0, L_000002b89238db20;  alias, 1 drivers
v000002b89226e300_0 .net "in_psum", 31 0, L_000002b89238c700;  alias, 1 drivers
v000002b89226e260_0 .net "in_weight", 7 0, L_000002b892359170;  alias, 1 drivers
v000002b89226c140_0 .net "load_weight", 0 0, L_000002b8923590d0;  alias, 1 drivers
v000002b89226c3c0_0 .var "out_act", 7 0;
v000002b89226cd20_0 .var "out_psum", 31 0;
v000002b89226e080_0 .var/s "reg_weight", 7 0;
v000002b89226e620_0 .net "rst_n", 0 0, L_000002b8920707f0;  alias, 1 drivers
S_000002b89225cea0 .scope module, "u_controller" "global_controller" 6 60, 11 6 0, S_000002b89207c3f0;
 .timescale -9 -12;
    .port_info 0 /INPUT 1 "clk";
    .port_info 1 /INPUT 1 "rst_n";
    .port_info 2 /INPUT 1 "ap_start";
    .port_info 3 /INPUT 32 "cfg_seq_len";
    .port_info 4 /OUTPUT 1 "ap_done";
    .port_info 5 /OUTPUT 1 "ap_idle";
    .port_info 6 /OUTPUT 3 "current_state_dbg";
    .port_info 7 /OUTPUT 1 "ctrl_weight_dma_req";
    .port_info 8 /INPUT 1 "i_weight_valid";
    .port_info 9 /INPUT 1 "i_weight_dma_beat";
    .port_info 10 /OUTPUT 1 "ctrl_weight_load_en";
    .port_info 11 /INPUT 1 "i_input_valid";
    .port_info 12 /OUTPUT 1 "ctrl_input_stream_en";
    .port_info 13 /OUTPUT 1 "ctrl_drain_en";
    .port_info 14 /OUTPUT 32 "dbg_cnt_load";
    .port_info 15 /OUTPUT 32 "dbg_cnt_seq";
    .port_info 16 /OUTPUT 32 "dbg_cnt_drain";
    .port_info 17 /OUTPUT 32 "dbg_weight_beat_cnt";
    .port_info 18 /INPUT 1 "i_dbg_clr";
P_000002b8921b3710 .param/l "DMA_SETTLE_CYC" 1 11 60, +C4<00000000000000000000000000000010>;
P_000002b8921b3748 .param/l "LATENCY" 0 11 7, +C4<000000000000000000000000000011100>;
P_000002b8921b3780 .param/l "S_COMPUTE" 1 11 46, C4<010>;
P_000002b8921b37b8 .param/l "S_DONE" 1 11 48, C4<100>;
P_000002b8921b37f0 .param/l "S_DRAIN" 1 11 47, C4<011>;
P_000002b8921b3828 .param/l "S_IDLE" 1 11 44, C4<000>;
P_000002b8921b3860 .param/l "S_LOAD_W" 1 11 45, C4<001>;
P_000002b8921b3898 .param/l "WEIGHT_BEATS" 1 11 58, +C4<00000000000000000000000000011000>;
P_000002b8921b38d0 .param/l "WEIGHT_ROWS" 1 11 59, +C4<00000000000000000000000000001100>;
v000002b89226c5a0_0 .var "ap_done", 0 0;
v000002b89226e3a0_0 .var "ap_idle", 0 0;
v000002b89226ce60_0 .net "ap_start", 0 0, v000002b89207ae20_0;  alias, 1 drivers
v000002b89226e440_0 .net "cfg_seq_len", 31 0, v000002b8920757e0_0;  alias, 1 drivers
v000002b89226ca00_0 .net "clk", 0 0, v000002b8922856e0_0;  alias, 1 drivers
v000002b89226d9a0_0 .var "cnt_drain", 31 0;
v000002b89226e760_0 .var "cnt_load", 31 0;
v000002b89226da40_0 .var "cnt_seq", 31 0;
v000002b89226dae0_0 .var "cnt_settle", 31 0;
v000002b89226c1e0_0 .var "cnt_wload", 31 0;
v000002b89226c460_0 .var "ctrl_drain_en", 0 0;
v000002b89226d0e0_0 .var "ctrl_input_stream_en", 0 0;
v000002b89226c320_0 .var "ctrl_weight_dma_req", 0 0;
v000002b89226d040_0 .var "ctrl_weight_load_en", 0 0;
v000002b89226cf00_0 .net "current_state_dbg", 2 0, v000002b89226c8c0_0;  alias, 1 drivers
v000002b89226c640_0 .net "dbg_cnt_drain", 31 0, v000002b89226d9a0_0;  alias, 1 drivers
v000002b89226db80_0 .net "dbg_cnt_load", 31 0, v000002b89226e760_0;  alias, 1 drivers
v000002b89226dc20_0 .net "dbg_cnt_seq", 31 0, v000002b89226da40_0;  alias, 1 drivers
v000002b89226cbe0_0 .net "dbg_weight_beat_cnt", 31 0, v000002b89226c960_0;  alias, 1 drivers
v000002b89226dcc0_0 .net "i_dbg_clr", 0 0, v000002b89207af60_0;  alias, 1 drivers
v000002b89226c500_0 .net "i_input_valid", 0 0, v000002b892270100_0;  alias, 1 drivers
v000002b89226de00_0 .net "i_weight_dma_beat", 0 0, L_000002b892070b70;  alias, 1 drivers
v000002b89226dea0_0 .net "i_weight_valid", 0 0, v000002b89227e0c0_0;  alias, 1 drivers
v000002b89226c6e0_0 .var "next_state", 2 0;
v000002b89226c820_0 .net "rst_n", 0 0, L_000002b8920707f0;  alias, 1 drivers
v000002b89226c8c0_0 .var "state", 2 0;
v000002b89226c960_0 .var "weight_beat_cnt", 31 0;
E_000002b89208c290/0 .event anyedge, v000002b89226c8c0_0, v000002b89207ae20_0, v000002b89226c1e0_0, v000002b89226da40_0;
E_000002b89208c290/1 .event anyedge, v000002b89207ace0_0, v000002b89226d9a0_0;
E_000002b89208c290 .event/or E_000002b89208c290/0, E_000002b89208c290/1;
S_000002b89225cb80 .scope module, "u_input_buf" "input_buffer_ctrl" 4 157, 12 9 0, S_000002b89207c0d0;
 .timescale -9 -12;
    .port_info 0 /INPUT 1 "clk";
    .port_info 1 /INPUT 1 "rst_n";
    .port_info 2 /INPUT 64 "s_axis_tdata";
    .port_info 3 /INPUT 1 "s_axis_tvalid";
    .port_info 4 /OUTPUT 1 "s_axis_tready";
    .port_info 5 /INPUT 1 "s_axis_tlast";
    .port_info 6 /INPUT 1 "i_rd_en";
    .port_info 7 /OUTPUT 96 "o_array_vec";
    .port_info 8 /OUTPUT 1 "o_dat_valid";
    .port_info 9 /INPUT 1 "i_bank_swap";
    .port_info 10 /OUTPUT 8 "dbg_ibuf_wr_ptr";
P_000002b89217b920 .param/l "DATA_WIDTH" 0 12 11, +C4<00000000000000000000000001000000>;
P_000002b89217b958 .param/l "DEPTH_LOG2" 0 12 10, +C4<00000000000000000000000000001000>;
L_000002b89206f670 .functor NOT 1, v000002b89226ef80_0, C4<0>, C4<0>, C4<0>;
v000002b89226f200_0 .net *"_ivl_10", 0 0, L_000002b89206f670;  1 drivers
L_000002b8922eb190 .functor BUFT 1, C4<000000000000000000000000000000000000000000000000000000000000000000000000000000000000000000000000>, C4<0>, C4<0>, C4<0>;
v000002b892270d80_0 .net/2u *"_ivl_14", 95 0, L_000002b8922eb190;  1 drivers
L_000002b8922eb148 .functor BUFT 1, C4<00000001>, C4<0>, C4<0>, C4<0>;
v000002b89226f700_0 .net/2u *"_ivl_4", 7 0, L_000002b8922eb148;  1 drivers
v000002b89226fac0_0 .net *"_ivl_6", 7 0, L_000002b892286f40;  1 drivers
v000002b89226ef80_0 .var "bank_sel", 0 0;
v000002b89226ec60_0 .net "clk", 0 0, v000002b8922856e0_0;  alias, 1 drivers
v000002b89226ff20_0 .net "dbg_ibuf_wr_ptr", 7 0, v000002b892271640_0;  alias, 1 drivers
v000002b89226f840_0 .net "final_rd_addr", 8 0, L_000002b892285280;  1 drivers
v000002b892270ec0_0 .net "final_wr_addr", 8 0, L_000002b892286e00;  1 drivers
v000002b89226f340_0 .var "gb_state", 1 0;
v000002b892270f60_0 .var/i "i", 31 0;
v000002b892271000_0 .net "i_bank_swap", 0 0, L_000002b892070a20;  alias, 1 drivers
v000002b8922701a0_0 .net "i_rd_en", 0 0, v000002b89226d0e0_0;  alias, 1 drivers
v000002b89226eee0_0 .net "o_array_vec", 95 0, L_000002b892285320;  alias, 1 drivers
v000002b892270100_0 .var "o_dat_valid", 0 0;
v000002b89226f480 .array "ram", 511 0, 95 0;
v000002b892270240_0 .var "ram_out_reg", 95 0;
v000002b892270380_0 .var "ram_wdata", 95 0;
v000002b892270420_0 .var "ram_wen", 0 0;
v000002b892270740_0 .var "rd_ptr", 7 0;
v000002b8922707e0_0 .net "rd_ptr_lookahead", 7 0, L_000002b8922851e0;  1 drivers
v000002b8922710a0_0 .net "rst_n", 0 0, L_000002b8920707f0;  alias, 1 drivers
v000002b8922725e0_0 .net "s_axis_tdata", 63 0, v000002b892283a20_0;  alias, 1 drivers
v000002b892271aa0_0 .net "s_axis_tlast", 0 0, v000002b892283200_0;  alias, 1 drivers
L_000002b8922eb100 .functor BUFT 1, C4<1>, C4<0>, C4<0>, C4<0>;
v000002b892272ea0_0 .net "s_axis_tready", 0 0, L_000002b8922eb100;  1 drivers
v000002b892271b40_0 .net "s_axis_tvalid", 0 0, L_000002b8920706a0;  alias, 1 drivers
v000002b892272b80_0 .var "temp_reg", 63 0;
v000002b892272cc0_0 .var "valid_sr", 0 0;
v000002b8922722c0_0 .var "wr_addr_pipe", 7 0;
v000002b892271640_0 .var "wr_ptr", 7 0;
L_000002b892286e00 .concat [ 8 1 0 0], v000002b8922722c0_0, v000002b89226ef80_0;
L_000002b892286f40 .arith/sum 8, v000002b892270740_0, L_000002b8922eb148;
L_000002b8922851e0 .functor MUXZ 8, v000002b892270740_0, L_000002b892286f40, v000002b892270100_0, C4<>;
L_000002b892285280 .concat [ 8 1 0 0], L_000002b8922851e0, L_000002b89206f670;
L_000002b892285320 .functor MUXZ 96, L_000002b8922eb190, v000002b892270240_0, v000002b892270100_0, C4<>;
S_000002b89225cd10 .scope module, "u_out_buf" "output_buffer_ctrl" 4 228, 13 8 0, S_000002b89207c0d0;
 .timescale -9 -12;
    .port_info 0 /INPUT 1 "clk";
    .port_info 1 /INPUT 1 "rst_n";
    .port_info 2 /INPUT 128 "i_data";
    .port_info 3 /INPUT 1 "i_valid";
    .port_info 4 /OUTPUT 1 "o_full";
    .port_info 5 /INPUT 32 "i_cfg_seq_len";
    .port_info 6 /OUTPUT 64 "axis_tdata";
    .port_info 7 /OUTPUT 1 "axis_tvalid";
    .port_info 8 /INPUT 1 "axis_tready";
    .port_info 9 /OUTPUT 1 "axis_tlast";
    .port_info 10 /OUTPUT 8 "dbg_obuf_wr_ptr";
    .port_info 11 /OUTPUT 8 "dbg_obuf_rd_ptr";
    .port_info 12 /OUTPUT 1 "dbg_obuf_full";
P_000002b891fff830 .param/l "DEPTH" 1 13 37, +C4<0000000000000000000000000000000100000000>;
P_000002b891fff868 .param/l "DEPTH_LOG2" 0 13 9, +C4<00000000000000000000000000001000>;
P_000002b891fff8a0 .param/l "ST_HALF0" 1 13 65, C4<01>;
P_000002b891fff8d8 .param/l "ST_HALF1" 1 13 66, C4<10>;
P_000002b891fff910 .param/l "ST_IDLE" 1 13 64, C4<00>;
L_000002b89238e920 .functor XOR 1, L_000002b892343730, L_000002b892345030, C4<0>, C4<0>;
L_000002b89238ed10 .functor AND 1, L_000002b89238e920, L_000002b892344810, C4<1>, C4<1>;
L_000002b89238f1e0 .functor BUFZ 1, L_000002b89238ed10, C4<0>, C4<0>, C4<0>;
L_000002b89238f640 .functor BUFZ 1, L_000002b89238ed10, C4<0>, C4<0>, C4<0>;
v000002b892273120_0 .net *"_ivl_11", 7 0, L_000002b892343cd0;  1 drivers
v000002b8922729a0_0 .net *"_ivl_12", 0 0, L_000002b892344810;  1 drivers
v000002b892271780_0 .net *"_ivl_3", 0 0, L_000002b892343730;  1 drivers
v000002b892271460_0 .net *"_ivl_5", 0 0, L_000002b892345030;  1 drivers
v000002b892273260_0 .net *"_ivl_6", 0 0, L_000002b89238e920;  1 drivers
v000002b892272040_0 .net *"_ivl_9", 7 0, L_000002b8923455d0;  1 drivers
v000002b8922724a0_0 .var "axis_tdata", 63 0;
v000002b892271e60_0 .var "axis_tlast", 0 0;
v000002b892272400_0 .net "axis_tready", 0 0, v000002b892286ae0_0;  alias, 1 drivers
v000002b892272360_0 .var "axis_tvalid", 0 0;
v000002b892271140_0 .var "beat_cnt", 31 0;
v000002b892271820_0 .net "clk", 0 0, v000002b8922856e0_0;  alias, 1 drivers
v000002b892272f40_0 .net8 "dbg_obuf_full", 0 0, RS_000002b89213ee38;  alias, 2 drivers
v000002b892271be0_0 .net "dbg_obuf_rd_ptr", 7 0, L_000002b892343370;  alias, 1 drivers
v000002b892272e00_0 .net "dbg_obuf_wr_ptr", 7 0, L_000002b892343550;  alias, 1 drivers
v000002b892272540_0 .net "empty", 0 0, L_000002b892343d70;  1 drivers
v000002b8922715a0_0 .var "frame_active", 0 0;
v000002b892272c20_0 .var "frame_beats", 31 0;
v000002b8922718c0_0 .net "full", 0 0, L_000002b89238ed10;  1 drivers
v000002b8922731c0_0 .net "i_cfg_seq_len", 31 0, v000002b8920757e0_0;  alias, 1 drivers
v000002b892273620_0 .net "i_data", 127 0, L_000002b892344090;  alias, 1 drivers
v000002b892271f00_0 .net "i_valid", 0 0, v000002b89227dc60_0;  alias, 1 drivers
v000002b892271fa0 .array "mem", 255 0, 127 0;
v000002b892273300_0 .net8 "o_full", 0 0, RS_000002b89213ee38;  alias, 2 drivers
v000002b892272680_0 .var "rd_ptr", 8 0;
v000002b892271c80_0 .net "rst_n", 0 0, L_000002b8920707f0;  alias, 1 drivers
v000002b8922738a0_0 .var "state", 1 0;
v000002b892271280_0 .var "word_buf", 127 0;
v000002b892271d20_0 .var "wr_ptr", 8 0;
L_000002b892343d70 .cmp/eq 9, v000002b892271d20_0, v000002b892272680_0;
L_000002b892343730 .part v000002b892271d20_0, 8, 1;
L_000002b892345030 .part v000002b892272680_0, 8, 1;
L_000002b8923455d0 .part v000002b892271d20_0, 0, 8;
L_000002b892343cd0 .part v000002b892272680_0, 0, 8;
L_000002b892344810 .cmp/eq 8, L_000002b8923455d0, L_000002b892343cd0;
L_000002b892343550 .part v000002b892271d20_0, 0, 8;
L_000002b892343370 .part v000002b892272680_0, 0, 8;
S_000002b892258e90 .scope module, "u_ppu" "ppu" 4 217, 14 11 0, S_000002b89207c0d0;
 .timescale -9 -12;
    .port_info 0 /INPUT 1 "clk";
    .port_info 1 /INPUT 1 "rst_n";
    .port_info 2 /INPUT 1 "i_valid";
    .port_info 3 /INPUT 512 "i_data_vec";
    .port_info 4 /OUTPUT 1 "o_valid";
    .port_info 5 /OUTPUT 128 "o_data_vec";
    .port_info 6 /INPUT 16 "cfg_mult";
    .port_info 7 /INPUT 5 "cfg_shift";
    .port_info 8 /INPUT 8 "cfg_zp";
    .port_info 9 /INPUT 32 "cfg_bias";
v000002b89227eca0_0 .net "cfg_bias", 31 0, v000002b892075880_0;  alias, 1 drivers
v000002b89227ea20_0 .net "cfg_mult", 15 0, L_000002b892286c20;  alias, 1 drivers
v000002b89227ede0_0 .net "cfg_shift", 4 0, L_000002b8922867c0;  alias, 1 drivers
v000002b89227efc0_0 .net "cfg_zp", 7 0, L_000002b892285820;  alias, 1 drivers
v000002b89227f880_0 .net "clk", 0 0, v000002b8922856e0_0;  alias, 1 drivers
v000002b89227fc40_0 .net "i_data_vec", 511 0, L_000002b89235abb0;  alias, 1 drivers
v000002b89227f2e0_0 .net "i_valid", 0 0, L_000002b89238c460;  alias, 1 drivers
v000002b89227f6a0_0 .net "o_data_vec", 127 0, L_000002b892344090;  alias, 1 drivers
v000002b89227dc60_0 .var "o_valid", 0 0;
v000002b89227e660_0 .net "rst_n", 0 0, L_000002b8920707f0;  alias, 1 drivers
L_000002b892359e90 .part L_000002b89235abb0, 0, 32;
L_000002b89235a1b0 .part L_000002b89235abb0, 32, 32;
L_000002b89235da90 .part L_000002b89235abb0, 64, 32;
L_000002b89235e210 .part L_000002b89235abb0, 96, 32;
L_000002b89235c2d0 .part L_000002b89235abb0, 128, 32;
L_000002b89235e710 .part L_000002b89235abb0, 160, 32;
L_000002b89235caf0 .part L_000002b89235abb0, 192, 32;
L_000002b892360970 .part L_000002b89235abb0, 224, 32;
L_000002b89235ead0 .part L_000002b89235abb0, 256, 32;
L_000002b8923608d0 .part L_000002b89235abb0, 288, 32;
L_000002b89235f2f0 .part L_000002b89235abb0, 320, 32;
L_000002b89235fbb0 .part L_000002b89235abb0, 352, 32;
L_000002b892361c30 .part L_000002b89235abb0, 384, 32;
L_000002b892362950 .part L_000002b89235abb0, 416, 32;
L_000002b8923610f0 .part L_000002b89235abb0, 448, 32;
L_000002b892343c30 .part L_000002b89235abb0, 480, 32;
LS_000002b892344090_0_0 .concat8 [ 8 8 8 8], v000002b892272220_0, v000002b892274020_0, v000002b8922760a0_0, v000002b892273ee0_0;
LS_000002b892344090_0_4 .concat8 [ 8 8 8 8], v000002b892277680_0, v000002b892276aa0_0, v000002b8922779a0_0, v000002b892279700_0;
LS_000002b892344090_0_8 .concat8 [ 8 8 8 8], v000002b8922795c0_0, v000002b89227af60_0, v000002b89227a1a0_0, v000002b89227d8a0_0;
LS_000002b892344090_0_12 .concat8 [ 8 8 8 8], v000002b89227cb80_0, v000002b89227cc20_0, v000002b89227ec00_0, v000002b89227e480_0;
L_000002b892344090 .concat8 [ 32 32 32 32], LS_000002b892344090_0_0, LS_000002b892344090_0_4, LS_000002b892344090_0_8, LS_000002b892344090_0_12;
S_000002b89225d030 .scope generate, "PPU_LANE[0]" "PPU_LANE[0]" 14 31, 14 31 0, S_000002b892258e90;
 .timescale -9 -12;
P_000002b892090fd0 .param/l "i" 0 14 31, +C4<00>;
L_000002b8922ebbb0 .functor BUFT 1, C4<0000000000000000000000000000000000000000>, C4<0>, C4<0>, C4<0>;
v000002b8922733a0_0 .net/2u *"_ivl_11", 39 0, L_000002b8922ebbb0;  1 drivers
v000002b8922736c0_0 .net *"_ivl_13", 47 0, L_000002b89235b150;  1 drivers
L_000002b8922ebbf8 .functor BUFT 1, C4<000000000000000000000000000000000000000001111111>, C4<0>, C4<0>, C4<0>;
v000002b892272720_0 .net/2s *"_ivl_17", 47 0, L_000002b8922ebbf8;  1 drivers
v000002b8922720e0_0 .net *"_ivl_19", 0 0, L_000002b89235bc90;  1 drivers
L_000002b8922ebc40 .functor BUFT 1, C4<01111111>, C4<0>, C4<0>, C4<0>;
v000002b892272d60_0 .net/2u *"_ivl_21", 7 0, L_000002b8922ebc40;  1 drivers
L_000002b8922ebc88 .functor BUFT 1, C4<111111111111111111111111111111111111111110000000>, C4<0>, C4<0>, C4<0>;
v000002b892271dc0_0 .net/2s *"_ivl_23", 47 0, L_000002b8922ebc88;  1 drivers
v000002b892272fe0_0 .net *"_ivl_25", 0 0, L_000002b89235a070;  1 drivers
L_000002b8922ebcd0 .functor BUFT 1, C4<10000000>, C4<0>, C4<0>, C4<0>;
v000002b892273080_0 .net/2u *"_ivl_27", 7 0, L_000002b8922ebcd0;  1 drivers
v000002b892272180_0 .net/s *"_ivl_3", 47 0, L_000002b89235af70;  1 drivers
v000002b8922716e0_0 .net *"_ivl_30", 7 0, L_000002b89235a430;  1 drivers
v000002b8922713c0_0 .net *"_ivl_31", 7 0, L_000002b89235b1f0;  1 drivers
v000002b8922727c0_0 .net *"_ivl_36", 7 0, v000002b892272220_0;  1 drivers
v000002b8922711e0_0 .net/s *"_ivl_5", 47 0, L_000002b892359f30;  1 drivers
v000002b892273760_0 .net/s "clamped_val", 7 0, L_000002b89235bd30;  1 drivers
v000002b892272860_0 .net/s "in_val", 31 0, L_000002b892359e90;  1 drivers
v000002b892272220_0 .var/s "out_reg", 7 0;
v000002b892272900_0 .net/s "product", 47 0, L_000002b89235be70;  1 drivers
v000002b892272a40_0 .net/s "shifted", 47 0, L_000002b89235ac50;  1 drivers
v000002b892272ae0_0 .net/s "val_biased", 31 0, L_000002b89235a610;  1 drivers
v000002b892273440_0 .net/s "with_zp", 47 0, L_000002b89235bbf0;  1 drivers
L_000002b89235a610 .arith/sum 32, L_000002b892359e90, v000002b892075880_0;
L_000002b89235af70 .extend/s 48, L_000002b89235a610;
L_000002b892359f30 .extend/s 48, L_000002b892286c20;
L_000002b89235be70 .arith/mult 48, L_000002b89235af70, L_000002b892359f30;
L_000002b89235ac50 .shift/rs 48, L_000002b89235be70, L_000002b8922867c0;
L_000002b89235b150 .concat [ 8 40 0 0], L_000002b892285820, L_000002b8922ebbb0;
L_000002b89235bbf0 .arith/sum 48, L_000002b89235ac50, L_000002b89235b150;
L_000002b89235bc90 .cmp/gt.s 48, L_000002b89235bbf0, L_000002b8922ebbf8;
L_000002b89235a070 .cmp/gt.s 48, L_000002b8922ebc88, L_000002b89235bbf0;
L_000002b89235a430 .part L_000002b89235bbf0, 0, 8;
L_000002b89235b1f0 .functor MUXZ 8, L_000002b89235a430, L_000002b8922ebcd0, L_000002b89235a070, C4<>;
L_000002b89235bd30 .functor MUXZ 8, L_000002b89235b1f0, L_000002b8922ebc40, L_000002b89235bc90, C4<>;
S_000002b89225d1c0 .scope generate, "PPU_LANE[1]" "PPU_LANE[1]" 14 31, 14 31 0, S_000002b892258e90;
 .timescale -9 -12;
P_000002b892090590 .param/l "i" 0 14 31, +C4<01>;
L_000002b8922ebd18 .functor BUFT 1, C4<0000000000000000000000000000000000000000>, C4<0>, C4<0>, C4<0>;
v000002b8922734e0_0 .net/2u *"_ivl_11", 39 0, L_000002b8922ebd18;  1 drivers
v000002b892273580_0 .net *"_ivl_13", 47 0, L_000002b89235d9f0;  1 drivers
L_000002b8922ebd60 .functor BUFT 1, C4<000000000000000000000000000000000000000001111111>, C4<0>, C4<0>, C4<0>;
v000002b892271320_0 .net/2s *"_ivl_17", 47 0, L_000002b8922ebd60;  1 drivers
v000002b892271500_0 .net *"_ivl_19", 0 0, L_000002b89235c550;  1 drivers
L_000002b8922ebda8 .functor BUFT 1, C4<01111111>, C4<0>, C4<0>, C4<0>;
v000002b892273800_0 .net/2u *"_ivl_21", 7 0, L_000002b8922ebda8;  1 drivers
L_000002b8922ebdf0 .functor BUFT 1, C4<111111111111111111111111111111111111111110000000>, C4<0>, C4<0>, C4<0>;
v000002b892271960_0 .net/2s *"_ivl_23", 47 0, L_000002b8922ebdf0;  1 drivers
v000002b892271a00_0 .net *"_ivl_25", 0 0, L_000002b89235e170;  1 drivers
L_000002b8922ebe38 .functor BUFT 1, C4<10000000>, C4<0>, C4<0>, C4<0>;
v000002b892274d40_0 .net/2u *"_ivl_27", 7 0, L_000002b8922ebe38;  1 drivers
v000002b892275f60_0 .net/s *"_ivl_3", 47 0, L_000002b89235b650;  1 drivers
v000002b892275d80_0 .net *"_ivl_30", 7 0, L_000002b89235cf50;  1 drivers
v000002b892274340_0 .net *"_ivl_31", 7 0, L_000002b89235d450;  1 drivers
v000002b892275740_0 .net *"_ivl_36", 7 0, v000002b892274020_0;  1 drivers
v000002b8922748e0_0 .net/s *"_ivl_5", 47 0, L_000002b89235b290;  1 drivers
v000002b892274b60_0 .net/s "clamped_val", 7 0, L_000002b89235cc30;  1 drivers
v000002b892275b00_0 .net/s "in_val", 31 0, L_000002b89235a1b0;  1 drivers
v000002b892274020_0 .var/s "out_reg", 7 0;
v000002b892273d00_0 .net/s "product", 47 0, L_000002b89235d3b0;  1 drivers
v000002b8922742a0_0 .net/s "shifted", 47 0, L_000002b89235d310;  1 drivers
v000002b892275ce0_0 .net/s "val_biased", 31 0, L_000002b89235a4d0;  1 drivers
v000002b892275060_0 .net/s "with_zp", 47 0, L_000002b89235ddb0;  1 drivers
L_000002b89235a4d0 .arith/sum 32, L_000002b89235a1b0, v000002b892075880_0;
L_000002b89235b650 .extend/s 48, L_000002b89235a4d0;
L_000002b89235b290 .extend/s 48, L_000002b892286c20;
L_000002b89235d3b0 .arith/mult 48, L_000002b89235b650, L_000002b89235b290;
L_000002b89235d310 .shift/rs 48, L_000002b89235d3b0, L_000002b8922867c0;
L_000002b89235d9f0 .concat [ 8 40 0 0], L_000002b892285820, L_000002b8922ebd18;
L_000002b89235ddb0 .arith/sum 48, L_000002b89235d310, L_000002b89235d9f0;
L_000002b89235c550 .cmp/gt.s 48, L_000002b89235ddb0, L_000002b8922ebd60;
L_000002b89235e170 .cmp/gt.s 48, L_000002b8922ebdf0, L_000002b89235ddb0;
L_000002b89235cf50 .part L_000002b89235ddb0, 0, 8;
L_000002b89235d450 .functor MUXZ 8, L_000002b89235cf50, L_000002b8922ebe38, L_000002b89235e170, C4<>;
L_000002b89235cc30 .functor MUXZ 8, L_000002b89235d450, L_000002b8922ebda8, L_000002b89235c550, C4<>;
S_000002b89225d350 .scope generate, "PPU_LANE[2]" "PPU_LANE[2]" 14 31, 14 31 0, S_000002b892258e90;
 .timescale -9 -12;
P_000002b892090a90 .param/l "i" 0 14 31, +C4<010>;
L_000002b8922ebe80 .functor BUFT 1, C4<0000000000000000000000000000000000000000>, C4<0>, C4<0>, C4<0>;
v000002b892274c00_0 .net/2u *"_ivl_11", 39 0, L_000002b8922ebe80;  1 drivers
v000002b8922759c0_0 .net *"_ivl_13", 47 0, L_000002b89235c7d0;  1 drivers
L_000002b8922ebec8 .functor BUFT 1, C4<000000000000000000000000000000000000000001111111>, C4<0>, C4<0>, C4<0>;
v000002b892276000_0 .net/2s *"_ivl_17", 47 0, L_000002b8922ebec8;  1 drivers
v000002b8922747a0_0 .net *"_ivl_19", 0 0, L_000002b89235e5d0;  1 drivers
L_000002b8922ebf10 .functor BUFT 1, C4<01111111>, C4<0>, C4<0>, C4<0>;
v000002b892275e20_0 .net/2u *"_ivl_21", 7 0, L_000002b8922ebf10;  1 drivers
L_000002b8922ebf58 .functor BUFT 1, C4<111111111111111111111111111111111111111110000000>, C4<0>, C4<0>, C4<0>;
v000002b892274fc0_0 .net/2s *"_ivl_23", 47 0, L_000002b8922ebf58;  1 drivers
v000002b892274660_0 .net *"_ivl_25", 0 0, L_000002b89235d590;  1 drivers
L_000002b8922ebfa0 .functor BUFT 1, C4<10000000>, C4<0>, C4<0>, C4<0>;
v000002b892273940_0 .net/2u *"_ivl_27", 7 0, L_000002b8922ebfa0;  1 drivers
v000002b892273e40_0 .net/s *"_ivl_3", 47 0, L_000002b89235d770;  1 drivers
v000002b892275ec0_0 .net *"_ivl_30", 7 0, L_000002b89235d630;  1 drivers
v000002b892274de0_0 .net *"_ivl_31", 7 0, L_000002b89235e0d0;  1 drivers
v000002b892274e80_0 .net *"_ivl_36", 7 0, v000002b8922760a0_0;  1 drivers
v000002b8922757e0_0 .net/s *"_ivl_5", 47 0, L_000002b89235dbd0;  1 drivers
v000002b892274a20_0 .net/s "clamped_val", 7 0, L_000002b89235cff0;  1 drivers
v000002b8922756a0_0 .net/s "in_val", 31 0, L_000002b89235da90;  1 drivers
v000002b8922760a0_0 .var/s "out_reg", 7 0;
v000002b892274840_0 .net/s "product", 47 0, L_000002b89235c0f0;  1 drivers
v000002b892275880_0 .net/s "shifted", 47 0, L_000002b89235e530;  1 drivers
v000002b892274480_0 .net/s "val_biased", 31 0, L_000002b89235ca50;  1 drivers
v000002b8922739e0_0 .net/s "with_zp", 47 0, L_000002b89235d4f0;  1 drivers
L_000002b89235ca50 .arith/sum 32, L_000002b89235da90, v000002b892075880_0;
L_000002b89235d770 .extend/s 48, L_000002b89235ca50;
L_000002b89235dbd0 .extend/s 48, L_000002b892286c20;
L_000002b89235c0f0 .arith/mult 48, L_000002b89235d770, L_000002b89235dbd0;
L_000002b89235e530 .shift/rs 48, L_000002b89235c0f0, L_000002b8922867c0;
L_000002b89235c7d0 .concat [ 8 40 0 0], L_000002b892285820, L_000002b8922ebe80;
L_000002b89235d4f0 .arith/sum 48, L_000002b89235e530, L_000002b89235c7d0;
L_000002b89235e5d0 .cmp/gt.s 48, L_000002b89235d4f0, L_000002b8922ebec8;
L_000002b89235d590 .cmp/gt.s 48, L_000002b8922ebf58, L_000002b89235d4f0;
L_000002b89235d630 .part L_000002b89235d4f0, 0, 8;
L_000002b89235e0d0 .functor MUXZ 8, L_000002b89235d630, L_000002b8922ebfa0, L_000002b89235d590, C4<>;
L_000002b89235cff0 .functor MUXZ 8, L_000002b89235e0d0, L_000002b8922ebf10, L_000002b89235e5d0, C4<>;
S_000002b892296e20 .scope generate, "PPU_LANE[3]" "PPU_LANE[3]" 14 31, 14 31 0, S_000002b892258e90;
 .timescale -9 -12;
P_000002b892090350 .param/l "i" 0 14 31, +C4<011>;
L_000002b8922ebfe8 .functor BUFT 1, C4<0000000000000000000000000000000000000000>, C4<0>, C4<0>, C4<0>;
v000002b8922743e0_0 .net/2u *"_ivl_11", 39 0, L_000002b8922ebfe8;  1 drivers
v000002b892273da0_0 .net *"_ivl_13", 47 0, L_000002b89235d130;  1 drivers
L_000002b8922ec030 .functor BUFT 1, C4<000000000000000000000000000000000000000001111111>, C4<0>, C4<0>, C4<0>;
v000002b892273f80_0 .net/2s *"_ivl_17", 47 0, L_000002b8922ec030;  1 drivers
v000002b892274f20_0 .net *"_ivl_19", 0 0, L_000002b89235d090;  1 drivers
L_000002b8922ec078 .functor BUFT 1, C4<01111111>, C4<0>, C4<0>, C4<0>;
v000002b892275420_0 .net/2u *"_ivl_21", 7 0, L_000002b8922ec078;  1 drivers
L_000002b8922ec0c0 .functor BUFT 1, C4<111111111111111111111111111111111111111110000000>, C4<0>, C4<0>, C4<0>;
v000002b892273a80_0 .net/2s *"_ivl_23", 47 0, L_000002b8922ec0c0;  1 drivers
v000002b892274ca0_0 .net *"_ivl_25", 0 0, L_000002b89235ceb0;  1 drivers
L_000002b8922ec108 .functor BUFT 1, C4<10000000>, C4<0>, C4<0>, C4<0>;
v000002b892274520_0 .net/2u *"_ivl_27", 7 0, L_000002b8922ec108;  1 drivers
v000002b892275920_0 .net/s *"_ivl_3", 47 0, L_000002b89235c9b0;  1 drivers
v000002b8922751a0_0 .net *"_ivl_30", 7 0, L_000002b89235d810;  1 drivers
v000002b8922740c0_0 .net *"_ivl_31", 7 0, L_000002b89235c730;  1 drivers
v000002b892274980_0 .net *"_ivl_36", 7 0, v000002b892273ee0_0;  1 drivers
v000002b892274ac0_0 .net/s *"_ivl_5", 47 0, L_000002b89235ccd0;  1 drivers
v000002b892275ba0_0 .net/s "clamped_val", 7 0, L_000002b89235cd70;  1 drivers
v000002b8922745c0_0 .net/s "in_val", 31 0, L_000002b89235e210;  1 drivers
v000002b892273ee0_0 .var/s "out_reg", 7 0;
v000002b892275100_0 .net/s "product", 47 0, L_000002b89235d6d0;  1 drivers
v000002b892275240_0 .net/s "shifted", 47 0, L_000002b89235e2b0;  1 drivers
v000002b892274700_0 .net/s "val_biased", 31 0, L_000002b89235dc70;  1 drivers
v000002b8922752e0_0 .net/s "with_zp", 47 0, L_000002b89235d1d0;  1 drivers
L_000002b89235dc70 .arith/sum 32, L_000002b89235e210, v000002b892075880_0;
L_000002b89235c9b0 .extend/s 48, L_000002b89235dc70;
L_000002b89235ccd0 .extend/s 48, L_000002b892286c20;
L_000002b89235d6d0 .arith/mult 48, L_000002b89235c9b0, L_000002b89235ccd0;
L_000002b89235e2b0 .shift/rs 48, L_000002b89235d6d0, L_000002b8922867c0;
L_000002b89235d130 .concat [ 8 40 0 0], L_000002b892285820, L_000002b8922ebfe8;
L_000002b89235d1d0 .arith/sum 48, L_000002b89235e2b0, L_000002b89235d130;
L_000002b89235d090 .cmp/gt.s 48, L_000002b89235d1d0, L_000002b8922ec030;
L_000002b89235ceb0 .cmp/gt.s 48, L_000002b8922ec0c0, L_000002b89235d1d0;
L_000002b89235d810 .part L_000002b89235d1d0, 0, 8;
L_000002b89235c730 .functor MUXZ 8, L_000002b89235d810, L_000002b8922ec108, L_000002b89235ceb0, C4<>;
L_000002b89235cd70 .functor MUXZ 8, L_000002b89235c730, L_000002b8922ec078, L_000002b89235d090, C4<>;
S_000002b892295cf0 .scope generate, "PPU_LANE[4]" "PPU_LANE[4]" 14 31, 14 31 0, S_000002b892258e90;
 .timescale -9 -12;
P_000002b8920908d0 .param/l "i" 0 14 31, +C4<0100>;
L_000002b8922ec150 .functor BUFT 1, C4<0000000000000000000000000000000000000000>, C4<0>, C4<0>, C4<0>;
v000002b892274160_0 .net/2u *"_ivl_11", 39 0, L_000002b8922ec150;  1 drivers
v000002b892274200_0 .net *"_ivl_13", 47 0, L_000002b89235d950;  1 drivers
L_000002b8922ec198 .functor BUFT 1, C4<000000000000000000000000000000000000000001111111>, C4<0>, C4<0>, C4<0>;
v000002b892273b20_0 .net/2s *"_ivl_17", 47 0, L_000002b8922ec198;  1 drivers
v000002b892275380_0 .net *"_ivl_19", 0 0, L_000002b89235c870;  1 drivers
L_000002b8922ec1e0 .functor BUFT 1, C4<01111111>, C4<0>, C4<0>, C4<0>;
v000002b8922754c0_0 .net/2u *"_ivl_21", 7 0, L_000002b8922ec1e0;  1 drivers
L_000002b8922ec228 .functor BUFT 1, C4<111111111111111111111111111111111111111110000000>, C4<0>, C4<0>, C4<0>;
v000002b892275560_0 .net/2s *"_ivl_23", 47 0, L_000002b8922ec228;  1 drivers
v000002b892273bc0_0 .net *"_ivl_25", 0 0, L_000002b89235def0;  1 drivers
L_000002b8922ec270 .functor BUFT 1, C4<10000000>, C4<0>, C4<0>, C4<0>;
v000002b892275600_0 .net/2u *"_ivl_27", 7 0, L_000002b8922ec270;  1 drivers
v000002b892273c60_0 .net/s *"_ivl_3", 47 0, L_000002b89235e3f0;  1 drivers
v000002b892275a60_0 .net *"_ivl_30", 7 0, L_000002b89235e850;  1 drivers
v000002b892275c40_0 .net *"_ivl_31", 7 0, L_000002b89235e670;  1 drivers
v000002b892277360_0 .net *"_ivl_36", 7 0, v000002b892277680_0;  1 drivers
v000002b892276500_0 .net/s *"_ivl_5", 47 0, L_000002b89235e7b0;  1 drivers
v000002b892276dc0_0 .net/s "clamped_val", 7 0, L_000002b89235db30;  1 drivers
v000002b8922761e0_0 .net/s "in_val", 31 0, L_000002b89235c2d0;  1 drivers
v000002b892277680_0 .var/s "out_reg", 7 0;
v000002b892278080_0 .net/s "product", 47 0, L_000002b89235d8b0;  1 drivers
v000002b892277400_0 .net/s "shifted", 47 0, L_000002b89235e490;  1 drivers
v000002b892277ea0_0 .net/s "val_biased", 31 0, L_000002b89235e350;  1 drivers
v000002b892278620_0 .net/s "with_zp", 47 0, L_000002b89235d270;  1 drivers
L_000002b89235e350 .arith/sum 32, L_000002b89235c2d0, v000002b892075880_0;
L_000002b89235e3f0 .extend/s 48, L_000002b89235e350;
L_000002b89235e7b0 .extend/s 48, L_000002b892286c20;
L_000002b89235d8b0 .arith/mult 48, L_000002b89235e3f0, L_000002b89235e7b0;
L_000002b89235e490 .shift/rs 48, L_000002b89235d8b0, L_000002b8922867c0;
L_000002b89235d950 .concat [ 8 40 0 0], L_000002b892285820, L_000002b8922ec150;
L_000002b89235d270 .arith/sum 48, L_000002b89235e490, L_000002b89235d950;
L_000002b89235c870 .cmp/gt.s 48, L_000002b89235d270, L_000002b8922ec198;
L_000002b89235def0 .cmp/gt.s 48, L_000002b8922ec228, L_000002b89235d270;
L_000002b89235e850 .part L_000002b89235d270, 0, 8;
L_000002b89235e670 .functor MUXZ 8, L_000002b89235e850, L_000002b8922ec270, L_000002b89235def0, C4<>;
L_000002b89235db30 .functor MUXZ 8, L_000002b89235e670, L_000002b8922ec1e0, L_000002b89235c870, C4<>;
S_000002b892294710 .scope generate, "PPU_LANE[5]" "PPU_LANE[5]" 14 31, 14 31 0, S_000002b892258e90;
 .timescale -9 -12;
P_000002b892090b50 .param/l "i" 0 14 31, +C4<0101>;
L_000002b8922ec2b8 .functor BUFT 1, C4<0000000000000000000000000000000000000000>, C4<0>, C4<0>, C4<0>;
v000002b892277d60_0 .net/2u *"_ivl_11", 39 0, L_000002b8922ec2b8;  1 drivers
v000002b892276d20_0 .net *"_ivl_13", 47 0, L_000002b89235e030;  1 drivers
L_000002b8922ec300 .functor BUFT 1, C4<000000000000000000000000000000000000000001111111>, C4<0>, C4<0>, C4<0>;
v000002b892277720_0 .net/2s *"_ivl_17", 47 0, L_000002b8922ec300;  1 drivers
v000002b892276e60_0 .net *"_ivl_19", 0 0, L_000002b89235c410;  1 drivers
L_000002b8922ec348 .functor BUFT 1, C4<01111111>, C4<0>, C4<0>, C4<0>;
v000002b892277b80_0 .net/2u *"_ivl_21", 7 0, L_000002b8922ec348;  1 drivers
L_000002b8922ec390 .functor BUFT 1, C4<111111111111111111111111111111111111111110000000>, C4<0>, C4<0>, C4<0>;
v000002b892278120_0 .net/2s *"_ivl_23", 47 0, L_000002b8922ec390;  1 drivers
v000002b892276be0_0 .net *"_ivl_25", 0 0, L_000002b89235c4b0;  1 drivers
L_000002b8922ec3d8 .functor BUFT 1, C4<10000000>, C4<0>, C4<0>, C4<0>;
v000002b892276f00_0 .net/2u *"_ivl_27", 7 0, L_000002b8922ec3d8;  1 drivers
v000002b892277220_0 .net/s *"_ivl_3", 47 0, L_000002b89235c370;  1 drivers
v000002b892277e00_0 .net *"_ivl_30", 7 0, L_000002b89235c910;  1 drivers
v000002b8922781c0_0 .net *"_ivl_31", 7 0, L_000002b89235c5f0;  1 drivers
v000002b892276820_0 .net *"_ivl_36", 7 0, v000002b892276aa0_0;  1 drivers
v000002b892278260_0 .net/s *"_ivl_5", 47 0, L_000002b89235c190;  1 drivers
v000002b892276140_0 .net/s "clamped_val", 7 0, L_000002b89235c690;  1 drivers
v000002b892277ae0_0 .net/s "in_val", 31 0, L_000002b89235e710;  1 drivers
v000002b892276aa0_0 .var/s "out_reg", 7 0;
v000002b8922777c0_0 .net/s "product", 47 0, L_000002b89235de50;  1 drivers
v000002b892276fa0_0 .net/s "shifted", 47 0, L_000002b89235df90;  1 drivers
v000002b892276280_0 .net/s "val_biased", 31 0, L_000002b89235dd10;  1 drivers
v000002b892276640_0 .net/s "with_zp", 47 0, L_000002b89235c230;  1 drivers
L_000002b89235dd10 .arith/sum 32, L_000002b89235e710, v000002b892075880_0;
L_000002b89235c370 .extend/s 48, L_000002b89235dd10;
L_000002b89235c190 .extend/s 48, L_000002b892286c20;
L_000002b89235de50 .arith/mult 48, L_000002b89235c370, L_000002b89235c190;
L_000002b89235df90 .shift/rs 48, L_000002b89235de50, L_000002b8922867c0;
L_000002b89235e030 .concat [ 8 40 0 0], L_000002b892285820, L_000002b8922ec2b8;
L_000002b89235c230 .arith/sum 48, L_000002b89235df90, L_000002b89235e030;
L_000002b89235c410 .cmp/gt.s 48, L_000002b89235c230, L_000002b8922ec300;
L_000002b89235c4b0 .cmp/gt.s 48, L_000002b8922ec390, L_000002b89235c230;
L_000002b89235c910 .part L_000002b89235c230, 0, 8;
L_000002b89235c5f0 .functor MUXZ 8, L_000002b89235c910, L_000002b8922ec3d8, L_000002b89235c4b0, C4<>;
L_000002b89235c690 .functor MUXZ 8, L_000002b89235c5f0, L_000002b8922ec348, L_000002b89235c410, C4<>;
S_000002b892293db0 .scope generate, "PPU_LANE[6]" "PPU_LANE[6]" 14 31, 14 31 0, S_000002b892258e90;
 .timescale -9 -12;
P_000002b892090ed0 .param/l "i" 0 14 31, +C4<0110>;
L_000002b8922ec420 .functor BUFT 1, C4<0000000000000000000000000000000000000000>, C4<0>, C4<0>, C4<0>;
v000002b8922775e0_0 .net/2u *"_ivl_11", 39 0, L_000002b8922ec420;  1 drivers
v000002b892277540_0 .net *"_ivl_13", 47 0, L_000002b89235ea30;  1 drivers
L_000002b8922ec468 .functor BUFT 1, C4<000000000000000000000000000000000000000001111111>, C4<0>, C4<0>, C4<0>;
v000002b8922774a0_0 .net/2s *"_ivl_17", 47 0, L_000002b8922ec468;  1 drivers
v000002b8922788a0_0 .net *"_ivl_19", 0 0, L_000002b892360510;  1 drivers
L_000002b8922ec4b0 .functor BUFT 1, C4<01111111>, C4<0>, C4<0>, C4<0>;
v000002b892276b40_0 .net/2u *"_ivl_21", 7 0, L_000002b8922ec4b0;  1 drivers
L_000002b8922ec4f8 .functor BUFT 1, C4<111111111111111111111111111111111111111110000000>, C4<0>, C4<0>, C4<0>;
v000002b892277c20_0 .net/2s *"_ivl_23", 47 0, L_000002b8922ec4f8;  1 drivers
v000002b892276c80_0 .net *"_ivl_25", 0 0, L_000002b8923603d0;  1 drivers
L_000002b8922ec540 .functor BUFT 1, C4<10000000>, C4<0>, C4<0>, C4<0>;
v000002b892277860_0 .net/2u *"_ivl_27", 7 0, L_000002b8922ec540;  1 drivers
v000002b892277040_0 .net/s *"_ivl_3", 47 0, L_000002b89235ce10;  1 drivers
v000002b892277fe0_0 .net *"_ivl_30", 7 0, L_000002b89235ed50;  1 drivers
v000002b892278300_0 .net *"_ivl_31", 7 0, L_000002b892360470;  1 drivers
v000002b8922770e0_0 .net *"_ivl_36", 7 0, v000002b8922779a0_0;  1 drivers
v000002b8922784e0_0 .net/s *"_ivl_5", 47 0, L_000002b89235fd90;  1 drivers
v000002b892277900_0 .net/s "clamped_val", 7 0, L_000002b892360830;  1 drivers
v000002b8922786c0_0 .net/s "in_val", 31 0, L_000002b89235caf0;  1 drivers
v000002b8922779a0_0 .var/s "out_reg", 7 0;
v000002b892277180_0 .net/s "product", 47 0, L_000002b892360010;  1 drivers
v000002b892276a00_0 .net/s "shifted", 47 0, L_000002b89235f6b0;  1 drivers
v000002b8922772c0_0 .net/s "val_biased", 31 0, L_000002b89235cb90;  1 drivers
v000002b892278580_0 .net/s "with_zp", 47 0, L_000002b89235f250;  1 drivers
L_000002b89235cb90 .arith/sum 32, L_000002b89235caf0, v000002b892075880_0;
L_000002b89235ce10 .extend/s 48, L_000002b89235cb90;
L_000002b89235fd90 .extend/s 48, L_000002b892286c20;
L_000002b892360010 .arith/mult 48, L_000002b89235ce10, L_000002b89235fd90;
L_000002b89235f6b0 .shift/rs 48, L_000002b892360010, L_000002b8922867c0;
L_000002b89235ea30 .concat [ 8 40 0 0], L_000002b892285820, L_000002b8922ec420;
L_000002b89235f250 .arith/sum 48, L_000002b89235f6b0, L_000002b89235ea30;
L_000002b892360510 .cmp/gt.s 48, L_000002b89235f250, L_000002b8922ec468;
L_000002b8923603d0 .cmp/gt.s 48, L_000002b8922ec4f8, L_000002b89235f250;
L_000002b89235ed50 .part L_000002b89235f250, 0, 8;
L_000002b892360470 .functor MUXZ 8, L_000002b89235ed50, L_000002b8922ec540, L_000002b8923603d0, C4<>;
L_000002b892360830 .functor MUXZ 8, L_000002b892360470, L_000002b8922ec4b0, L_000002b892360510, C4<>;
S_000002b892296970 .scope generate, "PPU_LANE[7]" "PPU_LANE[7]" 14 31, 14 31 0, S_000002b892258e90;
 .timescale -9 -12;
P_000002b892090850 .param/l "i" 0 14 31, +C4<0111>;
L_000002b8922ec588 .functor BUFT 1, C4<0000000000000000000000000000000000000000>, C4<0>, C4<0>, C4<0>;
v000002b892277a40_0 .net/2u *"_ivl_11", 39 0, L_000002b8922ec588;  1 drivers
v000002b892277cc0_0 .net *"_ivl_13", 47 0, L_000002b89235ecb0;  1 drivers
L_000002b8922ec5d0 .functor BUFT 1, C4<000000000000000000000000000000000000000001111111>, C4<0>, C4<0>, C4<0>;
v000002b892277f40_0 .net/2s *"_ivl_17", 47 0, L_000002b8922ec5d0;  1 drivers
v000002b8922783a0_0 .net *"_ivl_19", 0 0, L_000002b89235fc50;  1 drivers
L_000002b8922ec618 .functor BUFT 1, C4<01111111>, C4<0>, C4<0>, C4<0>;
v000002b892278440_0 .net/2u *"_ivl_21", 7 0, L_000002b8922ec618;  1 drivers
L_000002b8922ec660 .functor BUFT 1, C4<111111111111111111111111111111111111111110000000>, C4<0>, C4<0>, C4<0>;
v000002b892278760_0 .net/2s *"_ivl_23", 47 0, L_000002b8922ec660;  1 drivers
v000002b892276320_0 .net *"_ivl_25", 0 0, L_000002b892361050;  1 drivers
L_000002b8922ec6a8 .functor BUFT 1, C4<10000000>, C4<0>, C4<0>, C4<0>;
v000002b892278800_0 .net/2u *"_ivl_27", 7 0, L_000002b8922ec6a8;  1 drivers
v000002b8922763c0_0 .net/s *"_ivl_3", 47 0, L_000002b89235f750;  1 drivers
v000002b892276460_0 .net *"_ivl_30", 7 0, L_000002b89235e990;  1 drivers
v000002b8922765a0_0 .net *"_ivl_31", 7 0, L_000002b8923600b0;  1 drivers
v000002b8922766e0_0 .net *"_ivl_36", 7 0, v000002b892279700_0;  1 drivers
v000002b892276780_0 .net/s *"_ivl_5", 47 0, L_000002b89235fed0;  1 drivers
v000002b8922768c0_0 .net/s "clamped_val", 7 0, L_000002b892360fb0;  1 drivers
v000002b892276960_0 .net/s "in_val", 31 0, L_000002b892360970;  1 drivers
v000002b892279700_0 .var/s "out_reg", 7 0;
v000002b892279520_0 .net/s "product", 47 0, L_000002b89235f110;  1 drivers
v000002b8922798e0_0 .net/s "shifted", 47 0, L_000002b892360dd0;  1 drivers
v000002b89227b0a0_0 .net/s "val_biased", 31 0, L_000002b89235e8f0;  1 drivers
v000002b892278a80_0 .net/s "with_zp", 47 0, L_000002b892360e70;  1 drivers
L_000002b89235e8f0 .arith/sum 32, L_000002b892360970, v000002b892075880_0;
L_000002b89235f750 .extend/s 48, L_000002b89235e8f0;
L_000002b89235fed0 .extend/s 48, L_000002b892286c20;
L_000002b89235f110 .arith/mult 48, L_000002b89235f750, L_000002b89235fed0;
L_000002b892360dd0 .shift/rs 48, L_000002b89235f110, L_000002b8922867c0;
L_000002b89235ecb0 .concat [ 8 40 0 0], L_000002b892285820, L_000002b8922ec588;
L_000002b892360e70 .arith/sum 48, L_000002b892360dd0, L_000002b89235ecb0;
L_000002b89235fc50 .cmp/gt.s 48, L_000002b892360e70, L_000002b8922ec5d0;
L_000002b892361050 .cmp/gt.s 48, L_000002b8922ec660, L_000002b892360e70;
L_000002b89235e990 .part L_000002b892360e70, 0, 8;
L_000002b8923600b0 .functor MUXZ 8, L_000002b89235e990, L_000002b8922ec6a8, L_000002b892361050, C4<>;
L_000002b892360fb0 .functor MUXZ 8, L_000002b8923600b0, L_000002b8922ec618, L_000002b89235fc50, C4<>;
S_000002b8922948a0 .scope generate, "PPU_LANE[8]" "PPU_LANE[8]" 14 31, 14 31 0, S_000002b892258e90;
 .timescale -9 -12;
P_000002b892090ad0 .param/l "i" 0 14 31, +C4<01000>;
L_000002b8922ec6f0 .functor BUFT 1, C4<0000000000000000000000000000000000000000>, C4<0>, C4<0>, C4<0>;
v000002b89227ac40_0 .net/2u *"_ivl_11", 39 0, L_000002b8922ec6f0;  1 drivers
v000002b892278d00_0 .net *"_ivl_13", 47 0, L_000002b89235f930;  1 drivers
L_000002b8922ec738 .functor BUFT 1, C4<000000000000000000000000000000000000000001111111>, C4<0>, C4<0>, C4<0>;
v000002b89227a4c0_0 .net/2s *"_ivl_17", 47 0, L_000002b8922ec738;  1 drivers
v000002b892278f80_0 .net *"_ivl_19", 0 0, L_000002b8923606f0;  1 drivers
L_000002b8922ec780 .functor BUFT 1, C4<01111111>, C4<0>, C4<0>, C4<0>;
v000002b892278940_0 .net/2u *"_ivl_21", 7 0, L_000002b8922ec780;  1 drivers
L_000002b8922ec7c8 .functor BUFT 1, C4<111111111111111111111111111111111111111110000000>, C4<0>, C4<0>, C4<0>;
v000002b89227aba0_0 .net/2s *"_ivl_23", 47 0, L_000002b8922ec7c8;  1 drivers
v000002b89227a2e0_0 .net *"_ivl_25", 0 0, L_000002b892360650;  1 drivers
L_000002b8922ec810 .functor BUFT 1, C4<10000000>, C4<0>, C4<0>, C4<0>;
v000002b89227a6a0_0 .net/2u *"_ivl_27", 7 0, L_000002b8922ec810;  1 drivers
v000002b89227ae20_0 .net/s *"_ivl_3", 47 0, L_000002b89235ff70;  1 drivers
v000002b892279c00_0 .net *"_ivl_30", 7 0, L_000002b892360290;  1 drivers
v000002b892279340_0 .net *"_ivl_31", 7 0, L_000002b892360790;  1 drivers
v000002b89227a560_0 .net *"_ivl_36", 7 0, v000002b8922795c0_0;  1 drivers
v000002b892279de0_0 .net/s *"_ivl_5", 47 0, L_000002b892360bf0;  1 drivers
v000002b89227ace0_0 .net/s "clamped_val", 7 0, L_000002b892360330;  1 drivers
v000002b89227a600_0 .net/s "in_val", 31 0, L_000002b89235ead0;  1 drivers
v000002b8922795c0_0 .var/s "out_reg", 7 0;
v000002b892278da0_0 .net/s "product", 47 0, L_000002b89235f1b0;  1 drivers
v000002b892278bc0_0 .net/s "shifted", 47 0, L_000002b892360b50;  1 drivers
v000002b892279fc0_0 .net/s "val_biased", 31 0, L_000002b8923605b0;  1 drivers
v000002b8922789e0_0 .net/s "with_zp", 47 0, L_000002b89235eb70;  1 drivers
L_000002b8923605b0 .arith/sum 32, L_000002b89235ead0, v000002b892075880_0;
L_000002b89235ff70 .extend/s 48, L_000002b8923605b0;
L_000002b892360bf0 .extend/s 48, L_000002b892286c20;
L_000002b89235f1b0 .arith/mult 48, L_000002b89235ff70, L_000002b892360bf0;
L_000002b892360b50 .shift/rs 48, L_000002b89235f1b0, L_000002b8922867c0;
L_000002b89235f930 .concat [ 8 40 0 0], L_000002b892285820, L_000002b8922ec6f0;
L_000002b89235eb70 .arith/sum 48, L_000002b892360b50, L_000002b89235f930;
L_000002b8923606f0 .cmp/gt.s 48, L_000002b89235eb70, L_000002b8922ec738;
L_000002b892360650 .cmp/gt.s 48, L_000002b8922ec7c8, L_000002b89235eb70;
L_000002b892360290 .part L_000002b89235eb70, 0, 8;
L_000002b892360790 .functor MUXZ 8, L_000002b892360290, L_000002b8922ec810, L_000002b892360650, C4<>;
L_000002b892360330 .functor MUXZ 8, L_000002b892360790, L_000002b8922ec780, L_000002b8923606f0, C4<>;
S_000002b892296b00 .scope generate, "PPU_LANE[9]" "PPU_LANE[9]" 14 31, 14 31 0, S_000002b892258e90;
 .timescale -9 -12;
P_000002b892090910 .param/l "i" 0 14 31, +C4<01001>;
L_000002b8922ec858 .functor BUFT 1, C4<0000000000000000000000000000000000000000>, C4<0>, C4<0>, C4<0>;
v000002b89227b000_0 .net/2u *"_ivl_11", 39 0, L_000002b8922ec858;  1 drivers
v000002b892279480_0 .net *"_ivl_13", 47 0, L_000002b89235fa70;  1 drivers
L_000002b8922ec8a0 .functor BUFT 1, C4<000000000000000000000000000000000000000001111111>, C4<0>, C4<0>, C4<0>;
v000002b89227a740_0 .net/2s *"_ivl_17", 47 0, L_000002b8922ec8a0;  1 drivers
v000002b89227a7e0_0 .net *"_ivl_19", 0 0, L_000002b892360a10;  1 drivers
L_000002b8922ec8e8 .functor BUFT 1, C4<01111111>, C4<0>, C4<0>, C4<0>;
v000002b89227a420_0 .net/2u *"_ivl_21", 7 0, L_000002b8922ec8e8;  1 drivers
L_000002b8922ec930 .functor BUFT 1, C4<111111111111111111111111111111111111111110000000>, C4<0>, C4<0>, C4<0>;
v000002b89227ad80_0 .net/2s *"_ivl_23", 47 0, L_000002b8922ec930;  1 drivers
v000002b89227aec0_0 .net *"_ivl_25", 0 0, L_000002b892360150;  1 drivers
L_000002b8922ec978 .functor BUFT 1, C4<10000000>, C4<0>, C4<0>, C4<0>;
v000002b89227a880_0 .net/2u *"_ivl_27", 7 0, L_000002b8922ec978;  1 drivers
v000002b8922797a0_0 .net/s *"_ivl_3", 47 0, L_000002b89235f570;  1 drivers
v000002b892279e80_0 .net *"_ivl_30", 7 0, L_000002b892360c90;  1 drivers
v000002b8922792a0_0 .net *"_ivl_31", 7 0, L_000002b892360ab0;  1 drivers
v000002b892279d40_0 .net *"_ivl_36", 7 0, v000002b89227af60_0;  1 drivers
v000002b892278b20_0 .net/s *"_ivl_5", 47 0, L_000002b892360f10;  1 drivers
v000002b892279ac0_0 .net/s "clamped_val", 7 0, L_000002b89235f430;  1 drivers
v000002b892279980_0 .net/s "in_val", 31 0, L_000002b8923608d0;  1 drivers
v000002b89227af60_0 .var/s "out_reg", 7 0;
v000002b89227a920_0 .net/s "product", 47 0, L_000002b89235ec10;  1 drivers
v000002b892279660_0 .net/s "shifted", 47 0, L_000002b89235edf0;  1 drivers
v000002b892278c60_0 .net/s "val_biased", 31 0, L_000002b8923601f0;  1 drivers
v000002b892279f20_0 .net/s "with_zp", 47 0, L_000002b89235fe30;  1 drivers
L_000002b8923601f0 .arith/sum 32, L_000002b8923608d0, v000002b892075880_0;
L_000002b89235f570 .extend/s 48, L_000002b8923601f0;
L_000002b892360f10 .extend/s 48, L_000002b892286c20;
L_000002b89235ec10 .arith/mult 48, L_000002b89235f570, L_000002b892360f10;
L_000002b89235edf0 .shift/rs 48, L_000002b89235ec10, L_000002b8922867c0;
L_000002b89235fa70 .concat [ 8 40 0 0], L_000002b892285820, L_000002b8922ec858;
L_000002b89235fe30 .arith/sum 48, L_000002b89235edf0, L_000002b89235fa70;
L_000002b892360a10 .cmp/gt.s 48, L_000002b89235fe30, L_000002b8922ec8a0;
L_000002b892360150 .cmp/gt.s 48, L_000002b8922ec930, L_000002b89235fe30;
L_000002b892360c90 .part L_000002b89235fe30, 0, 8;
L_000002b892360ab0 .functor MUXZ 8, L_000002b892360c90, L_000002b8922ec978, L_000002b892360150, C4<>;
L_000002b89235f430 .functor MUXZ 8, L_000002b892360ab0, L_000002b8922ec8e8, L_000002b892360a10, C4<>;
S_000002b892296330 .scope generate, "PPU_LANE[10]" "PPU_LANE[10]" 14 31, 14 31 0, S_000002b892258e90;
 .timescale -9 -12;
P_000002b892090dd0 .param/l "i" 0 14 31, +C4<01010>;
L_000002b8922ec9c0 .functor BUFT 1, C4<0000000000000000000000000000000000000000>, C4<0>, C4<0>, C4<0>;
v000002b89227a9c0_0 .net/2u *"_ivl_11", 39 0, L_000002b8922ec9c0;  1 drivers
v000002b892279ca0_0 .net *"_ivl_13", 47 0, L_000002b89235f390;  1 drivers
L_000002b8922eca08 .functor BUFT 1, C4<000000000000000000000000000000000000000001111111>, C4<0>, C4<0>, C4<0>;
v000002b89227aa60_0 .net/2s *"_ivl_17", 47 0, L_000002b8922eca08;  1 drivers
v000002b892278e40_0 .net *"_ivl_19", 0 0, L_000002b89235f610;  1 drivers
L_000002b8922eca50 .functor BUFT 1, C4<01111111>, C4<0>, C4<0>, C4<0>;
v000002b892278ee0_0 .net/2u *"_ivl_21", 7 0, L_000002b8922eca50;  1 drivers
L_000002b8922eca98 .functor BUFT 1, C4<111111111111111111111111111111111111111110000000>, C4<0>, C4<0>, C4<0>;
v000002b8922793e0_0 .net/2s *"_ivl_23", 47 0, L_000002b8922eca98;  1 drivers
v000002b89227a060_0 .net *"_ivl_25", 0 0, L_000002b89235f7f0;  1 drivers
L_000002b8922ecae0 .functor BUFT 1, C4<10000000>, C4<0>, C4<0>, C4<0>;
v000002b892279840_0 .net/2u *"_ivl_27", 7 0, L_000002b8922ecae0;  1 drivers
v000002b892279020_0 .net/s *"_ivl_3", 47 0, L_000002b89235ee90;  1 drivers
v000002b8922790c0_0 .net *"_ivl_30", 7 0, L_000002b89235f890;  1 drivers
v000002b892279160_0 .net *"_ivl_31", 7 0, L_000002b89235f9d0;  1 drivers
v000002b892279a20_0 .net *"_ivl_36", 7 0, v000002b89227a1a0_0;  1 drivers
v000002b892279b60_0 .net/s *"_ivl_5", 47 0, L_000002b89235ef30;  1 drivers
v000002b892279200_0 .net/s "clamped_val", 7 0, L_000002b89235fb10;  1 drivers
v000002b89227a100_0 .net/s "in_val", 31 0, L_000002b89235f2f0;  1 drivers
v000002b89227a1a0_0 .var/s "out_reg", 7 0;
v000002b89227a240_0 .net/s "product", 47 0, L_000002b89235efd0;  1 drivers
v000002b89227a380_0 .net/s "shifted", 47 0, L_000002b89235f070;  1 drivers
v000002b89227ab00_0 .net/s "val_biased", 31 0, L_000002b892360d30;  1 drivers
v000002b89227b140_0 .net/s "with_zp", 47 0, L_000002b89235f4d0;  1 drivers
L_000002b892360d30 .arith/sum 32, L_000002b89235f2f0, v000002b892075880_0;
L_000002b89235ee90 .extend/s 48, L_000002b892360d30;
L_000002b89235ef30 .extend/s 48, L_000002b892286c20;
L_000002b89235efd0 .arith/mult 48, L_000002b89235ee90, L_000002b89235ef30;
L_000002b89235f070 .shift/rs 48, L_000002b89235efd0, L_000002b8922867c0;
L_000002b89235f390 .concat [ 8 40 0 0], L_000002b892285820, L_000002b8922ec9c0;
L_000002b89235f4d0 .arith/sum 48, L_000002b89235f070, L_000002b89235f390;
L_000002b89235f610 .cmp/gt.s 48, L_000002b89235f4d0, L_000002b8922eca08;
L_000002b89235f7f0 .cmp/gt.s 48, L_000002b8922eca98, L_000002b89235f4d0;
L_000002b89235f890 .part L_000002b89235f4d0, 0, 8;
L_000002b89235f9d0 .functor MUXZ 8, L_000002b89235f890, L_000002b8922ecae0, L_000002b89235f7f0, C4<>;
L_000002b89235fb10 .functor MUXZ 8, L_000002b89235f9d0, L_000002b8922eca50, L_000002b89235f610, C4<>;
S_000002b892295b60 .scope generate, "PPU_LANE[11]" "PPU_LANE[11]" 14 31, 14 31 0, S_000002b892258e90;
 .timescale -9 -12;
P_000002b8920905d0 .param/l "i" 0 14 31, +C4<01011>;
L_000002b8922ecb28 .functor BUFT 1, C4<0000000000000000000000000000000000000000>, C4<0>, C4<0>, C4<0>;
v000002b89227cfe0_0 .net/2u *"_ivl_11", 39 0, L_000002b8922ecb28;  1 drivers
v000002b89227be60_0 .net *"_ivl_13", 47 0, L_000002b892361230;  1 drivers
L_000002b8922ecb70 .functor BUFT 1, C4<000000000000000000000000000000000000000001111111>, C4<0>, C4<0>, C4<0>;
v000002b89227b1e0_0 .net/2s *"_ivl_17", 47 0, L_000002b8922ecb70;  1 drivers
v000002b89227b500_0 .net *"_ivl_19", 0 0, L_000002b8923619b0;  1 drivers
L_000002b8922ecbb8 .functor BUFT 1, C4<01111111>, C4<0>, C4<0>, C4<0>;
v000002b89227d760_0 .net/2u *"_ivl_21", 7 0, L_000002b8922ecbb8;  1 drivers
L_000002b8922ecc00 .functor BUFT 1, C4<111111111111111111111111111111111111111110000000>, C4<0>, C4<0>, C4<0>;
v000002b89227b820_0 .net/2s *"_ivl_23", 47 0, L_000002b8922ecc00;  1 drivers
v000002b89227d3a0_0 .net *"_ivl_25", 0 0, L_000002b892362270;  1 drivers
L_000002b8922ecc48 .functor BUFT 1, C4<10000000>, C4<0>, C4<0>, C4<0>;
v000002b89227c540_0 .net/2u *"_ivl_27", 7 0, L_000002b8922ecc48;  1 drivers
v000002b89227d800_0 .net/s *"_ivl_3", 47 0, L_000002b892362c70;  1 drivers
v000002b89227d580_0 .net *"_ivl_30", 7 0, L_000002b892361870;  1 drivers
v000002b89227bb40_0 .net *"_ivl_31", 7 0, L_000002b892362770;  1 drivers
v000002b89227cf40_0 .net *"_ivl_36", 7 0, v000002b89227d8a0_0;  1 drivers
v000002b89227c0e0_0 .net/s *"_ivl_5", 47 0, L_000002b892361410;  1 drivers
v000002b89227c360_0 .net/s "clamped_val", 7 0, L_000002b8923614b0;  1 drivers
v000002b89227bf00_0 .net/s "in_val", 31 0, L_000002b89235fbb0;  1 drivers
v000002b89227d8a0_0 .var/s "out_reg", 7 0;
v000002b89227b5a0_0 .net/s "product", 47 0, L_000002b892361a50;  1 drivers
v000002b89227baa0_0 .net/s "shifted", 47 0, L_000002b8923615f0;  1 drivers
v000002b89227d4e0_0 .net/s "val_biased", 31 0, L_000002b89235fcf0;  1 drivers
v000002b89227c860_0 .net/s "with_zp", 47 0, L_000002b8923629f0;  1 drivers
L_000002b89235fcf0 .arith/sum 32, L_000002b89235fbb0, v000002b892075880_0;
L_000002b892362c70 .extend/s 48, L_000002b89235fcf0;
L_000002b892361410 .extend/s 48, L_000002b892286c20;
L_000002b892361a50 .arith/mult 48, L_000002b892362c70, L_000002b892361410;
L_000002b8923615f0 .shift/rs 48, L_000002b892361a50, L_000002b8922867c0;
L_000002b892361230 .concat [ 8 40 0 0], L_000002b892285820, L_000002b8922ecb28;
L_000002b8923629f0 .arith/sum 48, L_000002b8923615f0, L_000002b892361230;
L_000002b8923619b0 .cmp/gt.s 48, L_000002b8923629f0, L_000002b8922ecb70;
L_000002b892362270 .cmp/gt.s 48, L_000002b8922ecc00, L_000002b8923629f0;
L_000002b892361870 .part L_000002b8923629f0, 0, 8;
L_000002b892362770 .functor MUXZ 8, L_000002b892361870, L_000002b8922ecc48, L_000002b892362270, C4<>;
L_000002b8923614b0 .functor MUXZ 8, L_000002b892362770, L_000002b8922ecbb8, L_000002b8923619b0, C4<>;
S_000002b892296c90 .scope generate, "PPU_LANE[12]" "PPU_LANE[12]" 14 31, 14 31 0, S_000002b892258e90;
 .timescale -9 -12;
P_000002b892090bd0 .param/l "i" 0 14 31, +C4<01100>;
L_000002b8922ecc90 .functor BUFT 1, C4<0000000000000000000000000000000000000000>, C4<0>, C4<0>, C4<0>;
v000002b89227d440_0 .net/2u *"_ivl_11", 39 0, L_000002b8922ecc90;  1 drivers
v000002b89227c9a0_0 .net *"_ivl_13", 47 0, L_000002b892362810;  1 drivers
L_000002b8922eccd8 .functor BUFT 1, C4<000000000000000000000000000000000000000001111111>, C4<0>, C4<0>, C4<0>;
v000002b89227d620_0 .net/2s *"_ivl_17", 47 0, L_000002b8922eccd8;  1 drivers
v000002b89227d6c0_0 .net *"_ivl_19", 0 0, L_000002b8923628b0;  1 drivers
L_000002b8922ecd20 .functor BUFT 1, C4<01111111>, C4<0>, C4<0>, C4<0>;
v000002b89227ca40_0 .net/2u *"_ivl_21", 7 0, L_000002b8922ecd20;  1 drivers
L_000002b8922ecd68 .functor BUFT 1, C4<111111111111111111111111111111111111111110000000>, C4<0>, C4<0>, C4<0>;
v000002b89227b280_0 .net/2s *"_ivl_23", 47 0, L_000002b8922ecd68;  1 drivers
v000002b89227b460_0 .net *"_ivl_25", 0 0, L_000002b892361730;  1 drivers
L_000002b8922ecdb0 .functor BUFT 1, C4<10000000>, C4<0>, C4<0>, C4<0>;
v000002b89227c180_0 .net/2u *"_ivl_27", 7 0, L_000002b8922ecdb0;  1 drivers
v000002b89227b320_0 .net/s *"_ivl_3", 47 0, L_000002b8923621d0;  1 drivers
v000002b89227c4a0_0 .net *"_ivl_30", 7 0, L_000002b892362090;  1 drivers
v000002b89227bfa0_0 .net *"_ivl_31", 7 0, L_000002b892361ff0;  1 drivers
v000002b89227b3c0_0 .net *"_ivl_36", 7 0, v000002b89227cb80_0;  1 drivers
v000002b89227c5e0_0 .net/s *"_ivl_5", 47 0, L_000002b892361f50;  1 drivers
v000002b89227bbe0_0 .net/s "clamped_val", 7 0, L_000002b892361cd0;  1 drivers
v000002b89227c680_0 .net/s "in_val", 31 0, L_000002b892361c30;  1 drivers
v000002b89227cb80_0 .var/s "out_reg", 7 0;
v000002b89227d260_0 .net/s "product", 47 0, L_000002b892362a90;  1 drivers
v000002b89227b640_0 .net/s "shifted", 47 0, L_000002b892361690;  1 drivers
v000002b89227c720_0 .net/s "val_biased", 31 0, L_000002b892361eb0;  1 drivers
v000002b89227bc80_0 .net/s "with_zp", 47 0, L_000002b892361af0;  1 drivers
L_000002b892361eb0 .arith/sum 32, L_000002b892361c30, v000002b892075880_0;
L_000002b8923621d0 .extend/s 48, L_000002b892361eb0;
L_000002b892361f50 .extend/s 48, L_000002b892286c20;
L_000002b892362a90 .arith/mult 48, L_000002b8923621d0, L_000002b892361f50;
L_000002b892361690 .shift/rs 48, L_000002b892362a90, L_000002b8922867c0;
L_000002b892362810 .concat [ 8 40 0 0], L_000002b892285820, L_000002b8922ecc90;
L_000002b892361af0 .arith/sum 48, L_000002b892361690, L_000002b892362810;
L_000002b8923628b0 .cmp/gt.s 48, L_000002b892361af0, L_000002b8922eccd8;
L_000002b892361730 .cmp/gt.s 48, L_000002b8922ecd68, L_000002b892361af0;
L_000002b892362090 .part L_000002b892361af0, 0, 8;
L_000002b892361ff0 .functor MUXZ 8, L_000002b892362090, L_000002b8922ecdb0, L_000002b892361730, C4<>;
L_000002b892361cd0 .functor MUXZ 8, L_000002b892361ff0, L_000002b8922ecd20, L_000002b8923628b0, C4<>;
S_000002b8922956b0 .scope generate, "PPU_LANE[13]" "PPU_LANE[13]" 14 31, 14 31 0, S_000002b892258e90;
 .timescale -9 -12;
P_000002b892091090 .param/l "i" 0 14 31, +C4<01101>;
L_000002b8922ecdf8 .functor BUFT 1, C4<0000000000000000000000000000000000000000>, C4<0>, C4<0>, C4<0>;
v000002b89227b6e0_0 .net/2u *"_ivl_11", 39 0, L_000002b8922ecdf8;  1 drivers
v000002b89227b780_0 .net *"_ivl_13", 47 0, L_000002b892362db0;  1 drivers
L_000002b8922ece40 .functor BUFT 1, C4<000000000000000000000000000000000000000001111111>, C4<0>, C4<0>, C4<0>;
v000002b89227bdc0_0 .net/2s *"_ivl_17", 47 0, L_000002b8922ece40;  1 drivers
v000002b89227b8c0_0 .net *"_ivl_19", 0 0, L_000002b892362e50;  1 drivers
L_000002b8922ece88 .functor BUFT 1, C4<01111111>, C4<0>, C4<0>, C4<0>;
v000002b89227b960_0 .net/2u *"_ivl_21", 7 0, L_000002b8922ece88;  1 drivers
L_000002b8922eced0 .functor BUFT 1, C4<111111111111111111111111111111111111111110000000>, C4<0>, C4<0>, C4<0>;
v000002b89227d080_0 .net/2s *"_ivl_23", 47 0, L_000002b8922eced0;  1 drivers
v000002b89227c7c0_0 .net *"_ivl_25", 0 0, L_000002b892361d70;  1 drivers
L_000002b8922ecf18 .functor BUFT 1, C4<10000000>, C4<0>, C4<0>, C4<0>;
v000002b89227ba00_0 .net/2u *"_ivl_27", 7 0, L_000002b8922ecf18;  1 drivers
v000002b89227c400_0 .net/s *"_ivl_3", 47 0, L_000002b892362f90;  1 drivers
v000002b89227d1c0_0 .net *"_ivl_30", 7 0, L_000002b892362bd0;  1 drivers
v000002b89227bd20_0 .net *"_ivl_31", 7 0, L_000002b892362ef0;  1 drivers
v000002b89227cae0_0 .net *"_ivl_36", 7 0, v000002b89227cc20_0;  1 drivers
v000002b89227c040_0 .net/s *"_ivl_5", 47 0, L_000002b892362d10;  1 drivers
v000002b89227c900_0 .net/s "clamped_val", 7 0, L_000002b892361e10;  1 drivers
v000002b89227c220_0 .net/s "in_val", 31 0, L_000002b892362950;  1 drivers
v000002b89227cc20_0 .var/s "out_reg", 7 0;
v000002b89227c2c0_0 .net/s "product", 47 0, L_000002b892361b90;  1 drivers
v000002b89227ccc0_0 .net/s "shifted", 47 0, L_000002b8923617d0;  1 drivers
v000002b89227d300_0 .net/s "val_biased", 31 0, L_000002b892362b30;  1 drivers
v000002b89227cd60_0 .net/s "with_zp", 47 0, L_000002b892362130;  1 drivers
L_000002b892362b30 .arith/sum 32, L_000002b892362950, v000002b892075880_0;
L_000002b892362f90 .extend/s 48, L_000002b892362b30;
L_000002b892362d10 .extend/s 48, L_000002b892286c20;
L_000002b892361b90 .arith/mult 48, L_000002b892362f90, L_000002b892362d10;
L_000002b8923617d0 .shift/rs 48, L_000002b892361b90, L_000002b8922867c0;
L_000002b892362db0 .concat [ 8 40 0 0], L_000002b892285820, L_000002b8922ecdf8;
L_000002b892362130 .arith/sum 48, L_000002b8923617d0, L_000002b892362db0;
L_000002b892362e50 .cmp/gt.s 48, L_000002b892362130, L_000002b8922ece40;
L_000002b892361d70 .cmp/gt.s 48, L_000002b8922eced0, L_000002b892362130;
L_000002b892362bd0 .part L_000002b892362130, 0, 8;
L_000002b892362ef0 .functor MUXZ 8, L_000002b892362bd0, L_000002b8922ecf18, L_000002b892361d70, C4<>;
L_000002b892361e10 .functor MUXZ 8, L_000002b892362ef0, L_000002b8922ece88, L_000002b892362e50, C4<>;
S_000002b8922967e0 .scope generate, "PPU_LANE[14]" "PPU_LANE[14]" 14 31, 14 31 0, S_000002b892258e90;
 .timescale -9 -12;
P_000002b892090990 .param/l "i" 0 14 31, +C4<01110>;
L_000002b8922ecf60 .functor BUFT 1, C4<0000000000000000000000000000000000000000>, C4<0>, C4<0>, C4<0>;
v000002b89227cea0_0 .net/2u *"_ivl_11", 39 0, L_000002b8922ecf60;  1 drivers
v000002b89227ce00_0 .net *"_ivl_13", 47 0, L_000002b892362310;  1 drivers
L_000002b8922ecfa8 .functor BUFT 1, C4<000000000000000000000000000000000000000001111111>, C4<0>, C4<0>, C4<0>;
v000002b89227d120_0 .net/2s *"_ivl_17", 47 0, L_000002b8922ecfa8;  1 drivers
v000002b89227e340_0 .net *"_ivl_19", 0 0, L_000002b8923624f0;  1 drivers
L_000002b8922ecff0 .functor BUFT 1, C4<01111111>, C4<0>, C4<0>, C4<0>;
v000002b89227eb60_0 .net/2u *"_ivl_21", 7 0, L_000002b8922ecff0;  1 drivers
L_000002b8922ed038 .functor BUFT 1, C4<111111111111111111111111111111111111111110000000>, C4<0>, C4<0>, C4<0>;
v000002b89227f920_0 .net/2s *"_ivl_23", 47 0, L_000002b8922ed038;  1 drivers
v000002b89227f7e0_0 .net *"_ivl_25", 0 0, L_000002b892362590;  1 drivers
L_000002b8922ed080 .functor BUFT 1, C4<10000000>, C4<0>, C4<0>, C4<0>;
v000002b89227dd00_0 .net/2u *"_ivl_27", 7 0, L_000002b8922ed080;  1 drivers
v000002b8922800a0_0 .net/s *"_ivl_3", 47 0, L_000002b892361190;  1 drivers
v000002b89227fce0_0 .net *"_ivl_30", 7 0, L_000002b892362450;  1 drivers
v000002b89227f060_0 .net *"_ivl_31", 7 0, L_000002b892362630;  1 drivers
v000002b89227fec0_0 .net *"_ivl_36", 7 0, v000002b89227ec00_0;  1 drivers
v000002b89227ef20_0 .net/s *"_ivl_5", 47 0, L_000002b892361910;  1 drivers
v000002b89227e7a0_0 .net/s "clamped_val", 7 0, L_000002b8923626d0;  1 drivers
v000002b89227fd80_0 .net/s "in_val", 31 0, L_000002b8923610f0;  1 drivers
v000002b89227ec00_0 .var/s "out_reg", 7 0;
v000002b89227fba0_0 .net/s "product", 47 0, L_000002b8923612d0;  1 drivers
v000002b89227fe20_0 .net/s "shifted", 47 0, L_000002b892361370;  1 drivers
v000002b89227e980_0 .net/s "val_biased", 31 0, L_000002b892361550;  1 drivers
v000002b89227d940_0 .net/s "with_zp", 47 0, L_000002b8923623b0;  1 drivers
L_000002b892361550 .arith/sum 32, L_000002b8923610f0, v000002b892075880_0;
L_000002b892361190 .extend/s 48, L_000002b892361550;
L_000002b892361910 .extend/s 48, L_000002b892286c20;
L_000002b8923612d0 .arith/mult 48, L_000002b892361190, L_000002b892361910;
L_000002b892361370 .shift/rs 48, L_000002b8923612d0, L_000002b8922867c0;
L_000002b892362310 .concat [ 8 40 0 0], L_000002b892285820, L_000002b8922ecf60;
L_000002b8923623b0 .arith/sum 48, L_000002b892361370, L_000002b892362310;
L_000002b8923624f0 .cmp/gt.s 48, L_000002b8923623b0, L_000002b8922ecfa8;
L_000002b892362590 .cmp/gt.s 48, L_000002b8922ed038, L_000002b8923623b0;
L_000002b892362450 .part L_000002b8923623b0, 0, 8;
L_000002b892362630 .functor MUXZ 8, L_000002b892362450, L_000002b8922ed080, L_000002b892362590, C4<>;
L_000002b8923626d0 .functor MUXZ 8, L_000002b892362630, L_000002b8922ecff0, L_000002b8923624f0, C4<>;
S_000002b892293c20 .scope generate, "PPU_LANE[15]" "PPU_LANE[15]" 14 31, 14 31 0, S_000002b892258e90;
 .timescale -9 -12;
P_000002b892090f10 .param/l "i" 0 14 31, +C4<01111>;
L_000002b8922ed0c8 .functor BUFT 1, C4<0000000000000000000000000000000000000000>, C4<0>, C4<0>, C4<0>;
v000002b89227ff60_0 .net/2u *"_ivl_11", 39 0, L_000002b8922ed0c8;  1 drivers
v000002b89227dda0_0 .net *"_ivl_13", 47 0, L_000002b892344db0;  1 drivers
L_000002b8922ed110 .functor BUFT 1, C4<000000000000000000000000000000000000000001111111>, C4<0>, C4<0>, C4<0>;
v000002b89227da80_0 .net/2s *"_ivl_17", 47 0, L_000002b8922ed110;  1 drivers
v000002b89227d9e0_0 .net *"_ivl_19", 0 0, L_000002b892344e50;  1 drivers
L_000002b8922ed158 .functor BUFT 1, C4<01111111>, C4<0>, C4<0>, C4<0>;
v000002b89227e2a0_0 .net/2u *"_ivl_21", 7 0, L_000002b8922ed158;  1 drivers
L_000002b8922ed1a0 .functor BUFT 1, C4<111111111111111111111111111111111111111110000000>, C4<0>, C4<0>, C4<0>;
v000002b89227e3e0_0 .net/2s *"_ivl_23", 47 0, L_000002b8922ed1a0;  1 drivers
v000002b89227f600_0 .net *"_ivl_25", 0 0, L_000002b892344c70;  1 drivers
L_000002b8922ed1e8 .functor BUFT 1, C4<10000000>, C4<0>, C4<0>, C4<0>;
v000002b89227f4c0_0 .net/2u *"_ivl_27", 7 0, L_000002b8922ed1e8;  1 drivers
v000002b89227de40_0 .net/s *"_ivl_3", 47 0, L_000002b892344130;  1 drivers
v000002b89227f100_0 .net *"_ivl_30", 7 0, L_000002b8923435f0;  1 drivers
v000002b892280000_0 .net *"_ivl_31", 7 0, L_000002b892344ef0;  1 drivers
v000002b89227db20_0 .net *"_ivl_36", 7 0, v000002b89227e480_0;  1 drivers
v000002b89227e700_0 .net/s *"_ivl_5", 47 0, L_000002b892343f50;  1 drivers
v000002b89227e520_0 .net/s "clamped_val", 7 0, L_000002b892344950;  1 drivers
v000002b89227ee80_0 .net/s "in_val", 31 0, L_000002b892343c30;  1 drivers
v000002b89227e480_0 .var/s "out_reg", 7 0;
v000002b89227ed40_0 .net/s "product", 47 0, L_000002b892344270;  1 drivers
v000002b89227e5c0_0 .net/s "shifted", 47 0, L_000002b892343ff0;  1 drivers
v000002b89227f560_0 .net/s "val_biased", 31 0, L_000002b8923450d0;  1 drivers
v000002b89227dbc0_0 .net/s "with_zp", 47 0, L_000002b892344a90;  1 drivers
L_000002b8923450d0 .arith/sum 32, L_000002b892343c30, v000002b892075880_0;
L_000002b892344130 .extend/s 48, L_000002b8923450d0;
L_000002b892343f50 .extend/s 48, L_000002b892286c20;
L_000002b892344270 .arith/mult 48, L_000002b892344130, L_000002b892343f50;
L_000002b892343ff0 .shift/rs 48, L_000002b892344270, L_000002b8922867c0;
L_000002b892344db0 .concat [ 8 40 0 0], L_000002b892285820, L_000002b8922ed0c8;
L_000002b892344a90 .arith/sum 48, L_000002b892343ff0, L_000002b892344db0;
L_000002b892344e50 .cmp/gt.s 48, L_000002b892344a90, L_000002b8922ed110;
L_000002b892344c70 .cmp/gt.s 48, L_000002b8922ed1a0, L_000002b892344a90;
L_000002b8923435f0 .part L_000002b892344a90, 0, 8;
L_000002b892344ef0 .functor MUXZ 8, L_000002b8923435f0, L_000002b8922ed1e8, L_000002b892344c70, C4<>;
L_000002b892344950 .functor MUXZ 8, L_000002b892344ef0, L_000002b8922ed158, L_000002b892344e50, C4<>;
S_000002b892293900 .scope module, "u_weight_buf" "weight_buffer_ctrl" 4 170, 15 9 0, S_000002b89207c0d0;
 .timescale -9 -12;
    .port_info 0 /INPUT 1 "clk";
    .port_info 1 /INPUT 1 "rst_n";
    .port_info 2 /INPUT 64 "s_axis_tdata";
    .port_info 3 /INPUT 1 "s_axis_tvalid";
    .port_info 4 /OUTPUT 1 "s_axis_tready";
    .port_info 5 /INPUT 1 "i_weight_load_en";
    .port_info 6 /OUTPUT 128 "o_weight_vec";
    .port_info 7 /OUTPUT 1 "o_dat_valid";
    .port_info 8 /INPUT 1 "i_bank_swap";
    .port_info 9 /OUTPUT 4 "dbg_wbuf_wr_ptr";
    .port_info 10 /OUTPUT 1 "dbg_wbuf_ram_wen";
    .port_info 11 /OUTPUT 1 "dbg_wbuf_gb_cnt";
P_000002b89217c320 .param/l "DEPTH_LOG2" 1 15 37, +C4<00000000000000000000000000000100>;
P_000002b89217c358 .param/l "OUT_WIDTH" 1 15 38, +C4<0000000000000000000000000000000000000000000000000000000010000000>;
L_000002b892070240 .functor NOT 1, v000002b89227dee0_0, C4<0>, C4<0>, C4<0>;
L_000002b892070470 .functor BUFZ 128, v000002b892280dc0_0, C4<00000000000000000000000000000000000000000000000000000000000000000000000000000000000000000000000000000000000000000000000000000000>, C4<00000000000000000000000000000000000000000000000000000000000000000000000000000000000000000000000000000000000000000000000000000000>, C4<00000000000000000000000000000000000000000000000000000000000000000000000000000000000000000000000000000000000000000000000000000000>;
L_000002b8920702b0 .functor BUFZ 1, v000002b892280a00_0, C4<0>, C4<0>, C4<0>;
L_000002b892070320 .functor BUFZ 1, v000002b89227fa60_0, C4<0>, C4<0>, C4<0>;
v000002b89227f1a0_0 .net *"_ivl_10", 0 0, L_000002b892070240;  1 drivers
L_000002b8922eb220 .functor BUFT 1, C4<0001>, C4<0>, C4<0>, C4<0>;
v000002b89227f240_0 .net/2u *"_ivl_4", 3 0, L_000002b8922eb220;  1 drivers
v000002b89227f380_0 .net *"_ivl_6", 3 0, L_000002b8922855a0;  1 drivers
v000002b89227dee0_0 .var "bank_sel", 0 0;
v000002b89227e840_0 .net "clk", 0 0, v000002b8922856e0_0;  alias, 1 drivers
v000002b89227e8e0_0 .net "dbg_wbuf_gb_cnt", 0 0, L_000002b892070320;  alias, 1 drivers
v000002b89227f420_0 .net "dbg_wbuf_ram_wen", 0 0, L_000002b8920702b0;  alias, 1 drivers
v000002b89227eac0_0 .net "dbg_wbuf_wr_ptr", 3 0, v000002b892281f40_0;  alias, 1 drivers
v000002b89227f740_0 .net "final_rd_addr", 4 0, L_000002b892285640;  1 drivers
v000002b89227f9c0_0 .net "final_wr_addr", 4 0, L_000002b892285460;  1 drivers
v000002b89227fa60_0 .var "gb_cnt", 0 0;
v000002b89227df80_0 .var/i "i", 31 0;
v000002b89227e020_0 .net "i_bank_swap", 0 0, L_000002b892070550;  alias, 1 drivers
v000002b89227fb00_0 .net "i_weight_load_en", 0 0, v000002b89226d040_0;  alias, 1 drivers
v000002b89227e0c0_0 .var "o_dat_valid", 0 0;
v000002b89227e160_0 .var "o_dat_valid_temp", 0 0;
v000002b89227e200_0 .net "o_weight_vec", 127 0, L_000002b892070470;  alias, 1 drivers
v000002b892280140 .array "ram", 31 0, 127 0;
v000002b892280dc0_0 .var "ram_out_reg", 127 0;
v000002b892282440_0 .var "ram_wdata", 127 0;
v000002b892280a00_0 .var "ram_wen", 0 0;
v000002b892281400_0 .var "rd_ptr", 3 0;
v000002b8922823a0_0 .net "rd_ptr_lookahead", 3 0, L_000002b892285c80;  1 drivers
v000002b892281720_0 .net "rst_n", 0 0, L_000002b8920707f0;  alias, 1 drivers
v000002b892282580_0 .net "s_axis_tdata", 63 0, v000002b892283a20_0;  alias, 1 drivers
L_000002b8922eb1d8 .functor BUFT 1, C4<1>, C4<0>, C4<0>, C4<0>;
v000002b892281180_0 .net "s_axis_tready", 0 0, L_000002b8922eb1d8;  1 drivers
v000002b892280780_0 .net "s_axis_tvalid", 0 0, L_000002b892070e80;  alias, 1 drivers
v000002b892280fa0_0 .var "temp_low", 63 0;
v000002b8922812c0_0 .var "wr_addr_pipe", 3 0;
v000002b892281f40_0 .var "wr_ptr", 3 0;
L_000002b892285460 .concat [ 4 1 0 0], v000002b8922812c0_0, v000002b89227dee0_0;
L_000002b8922855a0 .arith/sum 4, v000002b892281400_0, L_000002b8922eb220;
L_000002b892285c80 .functor MUXZ 4, v000002b892281400_0, L_000002b8922855a0, v000002b89227e0c0_0, C4<>;
L_000002b892285640 .concat [ 4 1 0 0], L_000002b892285c80, L_000002b892070240;
S_000002b892293a90 .scope task, "send_input_tile" "send_input_tile" 3 214, 3 214 0, S_000002b891dc27d0;
 .timescale -9 -12;
v000002b892283e80_0 .var/i "base", 31 0;
v000002b892284060_0 .var/i "i", 31 0;
v000002b892284920_0 .var/i "k_idx", 31 0;
TD_deit_accelerator_top_tb.send_input_tile ;
    %load/vec4 v000002b892284920_0;
    %load/vec4 v000002b8922844c0_0;
    %mul;
    %store/vec4 v000002b892283e80_0, 0, 32;
    %pushi/vec4 0, 0, 32;
    %store/vec4 v000002b892284060_0, 0, 32;
T_7.36 ;
    %load/vec4 v000002b892284060_0;
    %load/vec4 v000002b8922844c0_0;
    %cmp/s;
    %jmp/0xz T_7.37, 5;
    %pushi/vec4 1, 0, 1;
    %assign/vec4 v000002b892283700_0, 0;
    %load/vec4 v000002b892283e80_0;
    %load/vec4 v000002b892284060_0;
    %add;
    %ix/vec4/s 4;
    %load/vec4a v000002b892286540, 4;
    %assign/vec4 v000002b892283a20_0, 0;
    %load/vec4 v000002b892284060_0;
    %load/vec4 v000002b8922844c0_0;
    %subi 1, 0, 32;
    %cmp/e;
    %flag_get/vec4 4;
    %assign/vec4 v000002b892283200_0, 0;
    %wait E_000002b892089ad0;
    %load/vec4 v000002b892284060_0;
    %addi 1, 0, 32;
    %store/vec4 v000002b892284060_0, 0, 32;
    %jmp T_7.36;
T_7.37 ;
    %pushi/vec4 0, 0, 1;
    %assign/vec4 v000002b892283700_0, 0;
    %pushi/vec4 0, 0, 1;
    %assign/vec4 v000002b892283200_0, 0;
    %end;
S_000002b8922964c0 .scope task, "send_weight_tile" "send_weight_tile" 3 231, 3 231 0, S_000002b891dc27d0;
 .timescale -9 -12;
v000002b892284d80_0 .var/i "base", 31 0;
v000002b8922841a0_0 .var/i "i", 31 0;
v000002b892282c60_0 .var/i "k_idx", 31 0;
v000002b892282e40_0 .var/i "n_idx", 31 0;
v000002b892283980_0 .var "ok_dma", 0 0;
TD_deit_accelerator_top_tb.send_weight_tile ;
    %load/vec4 v000002b892282e40_0;
    %load/vec4 v000002b892284600_0;
    %mul;
    %load/vec4 v000002b892282c60_0;
    %add;
    %load/vec4 v000002b8922835c0_0;
    %mul;
    %store/vec4 v000002b892284d80_0, 0, 32;
    %fork TD_deit_accelerator_top_tb.wait_for_dma_req, S_000002b892293f40;
    %join;
    %load/vec4 v000002b892283840_0;
    %store/vec4 v000002b892283980_0, 0, 1;
    %load/vec4 v000002b892283980_0;
    %flag_set/vec4 8;
    %jmp/0xz  T_8.38, 8;
    %pushi/vec4 0, 0, 32;
    %store/vec4 v000002b8922841a0_0, 0, 32;
T_8.40 ;
    %load/vec4 v000002b8922841a0_0;
    %load/vec4 v000002b8922835c0_0;
    %cmp/s;
    %jmp/0xz T_8.41, 5;
    %pushi/vec4 1, 0, 1;
    %assign/vec4 v000002b892283700_0, 0;
    %load/vec4 v000002b892284d80_0;
    %load/vec4 v000002b8922841a0_0;
    %add;
    %ix/vec4/s 4;
    %load/vec4a v000002b892286900, 4;
    %assign/vec4 v000002b892283a20_0, 0;
    %load/vec4 v000002b8922841a0_0;
    %load/vec4 v000002b8922835c0_0;
    %subi 1, 0, 32;
    %cmp/e;
    %flag_get/vec4 4;
    %assign/vec4 v000002b892283200_0, 0;
    %wait E_000002b892089ad0;
    %load/vec4 v000002b8922841a0_0;
    %addi 1, 0, 32;
    %store/vec4 v000002b8922841a0_0, 0, 32;
    %jmp T_8.40;
T_8.41 ;
    %pushi/vec4 0, 0, 1;
    %assign/vec4 v000002b892283700_0, 0;
    %pushi/vec4 0, 0, 1;
    %assign/vec4 v000002b892283200_0, 0;
T_8.38 ;
    %end;
S_000002b892293f40 .scope task, "wait_for_dma_req" "wait_for_dma_req" 3 178, 3 178 0, S_000002b891dc27d0;
 .timescale -9 -12;
v000002b8922838e0_0 .var/i "cycles", 31 0;
v000002b892283840_0 .var "ok", 0 0;
TD_deit_accelerator_top_tb.wait_for_dma_req ;
    %fork t_11, S_000002b892295840;
    %jmp t_10;
    .scope S_000002b892295840;
t_11 ;
    %pushi/vec4 0, 0, 1;
    %store/vec4 v000002b892283840_0, 0, 1;
    %pushi/vec4 0, 0, 32;
    %store/vec4 v000002b8922838e0_0, 0, 32;
T_9.42 ;
    %load/vec4 v000002b892282300_0;
    %pad/u 32;
    %cmpi/e 0, 0, 32;
    %jmp/0xz T_9.43, 4;
    %wait E_000002b892089ad0;
    %load/vec4 v000002b8922838e0_0;
    %addi 1, 0, 32;
    %store/vec4 v000002b8922838e0_0, 0, 32;
    %load/vec4 v000002b8922838e0_0;
    %cmpi/s 20000, 0, 32;
    %flag_or 5, 4; GT is !LE
    %flag_inv 5;
    %jmp/0xz  T_9.44, 5;
    %vpi_call/w 3 188 "$display", "[FAIL] Timeout waiting DMA_REQ" {0 0 0};
    %pushi/vec4 0, 0, 32;
    %store/vec4 v000002b892079b60_0, 0, 32;
    %pushi/vec4 0, 0, 32;
    %store/vec4 v000002b89207a560_0, 0, 32;
    %pushi/vec4 0, 0, 32; draw_string_vec4
    %pushi/vec4 0, 0, 32; draw_string_vec4
    %concat/vec4; draw_string_vec4
    %pushi/vec4 1463896404, 0, 32; draw_string_vec4
    %concat/vec4; draw_string_vec4
    %pushi/vec4 1598311745, 0, 32; draw_string_vec4
    %concat/vec4; draw_string_vec4
    %store/vec4 v000002b892078e40_0, 0, 128;
    %fork TD_deit_accelerator_top_tb.ckpt_a, S_000002b8916f3eb0;
    %join;
    %pushi/vec4 0, 0, 1;
    %store/vec4 v000002b892283840_0, 0, 1;
    %disable S_000002b892295840;
T_9.44 ;
    %jmp T_9.42;
T_9.43 ;
    %pushi/vec4 1, 0, 1;
    %store/vec4 v000002b892283840_0, 0, 1;
    %end;
    .scope S_000002b892293f40;
t_10 %join;
    %end;
S_000002b892295840 .scope begin, "WAIT_DMA" "WAIT_DMA" 3 181, 3 181 0, S_000002b892293f40;
 .timescale -9 -12;
S_000002b892295e80 .scope task, "wait_for_done" "wait_for_done" 3 198, 3 198 0, S_000002b891dc27d0;
 .timescale -9 -12;
v000002b892283d40_0 .var/i "cycles", 31 0;
TD_deit_accelerator_top_tb.wait_for_done ;
    %fork t_13, S_000002b892294580;
    %jmp t_12;
    .scope S_000002b892294580;
t_13 ;
    %pushi/vec4 0, 0, 32;
    %store/vec4 v000002b892283d40_0, 0, 32;
T_10.46 ;
    %load/vec4 v000002b892282120_0;
    %pad/u 32;
    %cmpi/e 0, 0, 32;
    %jmp/0xz T_10.47, 4;
    %wait E_000002b892089ad0;
    %load/vec4 v000002b892283d40_0;
    %addi 1, 0, 32;
    %store/vec4 v000002b892283d40_0, 0, 32;
    %load/vec4 v000002b892283d40_0;
    %cmpi/s 20000, 0, 32;
    %flag_or 5, 4; GT is !LE
    %flag_inv 5;
    %jmp/0xz  T_10.48, 5;
    %vpi_call/w 3 206 "$display", "[FAIL] Timeout waiting ap_done" {0 0 0};
    %pushi/vec4 0, 0, 32;
    %store/vec4 v000002b892079b60_0, 0, 32;
    %pushi/vec4 0, 0, 32;
    %store/vec4 v000002b89207a560_0, 0, 32;
    %pushi/vec4 0, 0, 32; draw_string_vec4
    %pushi/vec4 87, 0, 32; draw_string_vec4
    %concat/vec4; draw_string_vec4
    %pushi/vec4 1095324767, 0, 32; draw_string_vec4
    %concat/vec4; draw_string_vec4
    %pushi/vec4 1146048069, 0, 32; draw_string_vec4
    %concat/vec4; draw_string_vec4
    %store/vec4 v000002b892078e40_0, 0, 128;
    %fork TD_deit_accelerator_top_tb.ckpt_a, S_000002b8916f3eb0;
    %join;
    %disable S_000002b892294580;
T_10.48 ;
    %jmp T_10.46;
T_10.47 ;
    %end;
    .scope S_000002b892295e80;
t_12 %join;
    %end;
S_000002b892294580 .scope begin, "WAIT_DONE" "WAIT_DONE" 3 200, 3 200 0, S_000002b892295e80;
 .timescale -9 -12;
S_000002b892296010 .scope task, "wait_idle" "wait_idle" 3 162, 3 162 0, S_000002b891dc27d0;
 .timescale -9 -12;
v000002b8922846a0_0 .var/i "cycles", 31 0;
TD_deit_accelerator_top_tb.wait_idle ;
    %fork t_15, S_000002b892296650;
    %jmp t_14;
    .scope S_000002b892296650;
t_15 ;
    %pushi/vec4 0, 0, 32;
    %store/vec4 v000002b8922846a0_0, 0, 32;
T_11.50 ;
    %load/vec4 v000002b89226c8c0_0;
    %pad/u 32;
    %cmpi/ne 0, 0, 32;
    %jmp/0xz T_11.51, 4;
    %wait E_000002b892089ad0;
    %load/vec4 v000002b8922846a0_0;
    %addi 1, 0, 32;
    %store/vec4 v000002b8922846a0_0, 0, 32;
    %load/vec4 v000002b8922846a0_0;
    %cmpi/s 20000, 0, 32;
    %flag_or 5, 4; GT is !LE
    %flag_inv 5;
    %jmp/0xz  T_11.52, 5;
    %vpi_call/w 3 170 "$display", "[FAIL] Timeout waiting IDLE" {0 0 0};
    %pushi/vec4 0, 0, 32;
    %store/vec4 v000002b892079b60_0, 0, 32;
    %pushi/vec4 0, 0, 32;
    %store/vec4 v000002b89207a560_0, 0, 32;
    %pushi/vec4 0, 0, 32; draw_string_vec4
    %pushi/vec4 87, 0, 32; draw_string_vec4
    %concat/vec4; draw_string_vec4
    %pushi/vec4 1095324767, 0, 32; draw_string_vec4
    %concat/vec4; draw_string_vec4
    %pushi/vec4 1229212741, 0, 32; draw_string_vec4
    %concat/vec4; draw_string_vec4
    %store/vec4 v000002b892078e40_0, 0, 128;
    %fork TD_deit_accelerator_top_tb.ckpt_a, S_000002b8916f3eb0;
    %join;
    %disable S_000002b892296650;
T_11.52 ;
    %jmp T_11.50;
T_11.51 ;
    %end;
    .scope S_000002b892296010;
t_14 %join;
    %end;
S_000002b892296650 .scope begin, "WAIT_IDLE" "WAIT_IDLE" 3 164, 3 164 0, S_000002b892296010;
 .timescale -9 -12;
    .scope S_000002b89207c260;
T_12 ;
    %wait E_000002b892089e10;
    %load/vec4 v000002b8920747a0_0;
    %nor/r;
    %flag_set/vec4 8;
    %jmp/0xz  T_12.0, 8;
    %pushi/vec4 0, 0, 1;
    %assign/vec4 v000002b892073b20_0, 0;
    %pushi/vec4 0, 0, 1;
    %assign/vec4 v000002b892073a80_0, 0;
    %pushi/vec4 0, 0, 1;
    %assign/vec4 v000002b8920736c0_0, 0;
    %pushi/vec4 0, 0, 32;
    %assign/vec4 v000002b892073e40_0, 0;
    %pushi/vec4 0, 0, 32;
    %assign/vec4 v000002b8920757e0_0, 0;
    %pushi/vec4 0, 0, 32;
    %assign/vec4 v000002b892074a20_0, 0;
    %pushi/vec4 0, 0, 32;
    %assign/vec4 v000002b892073ee0_0, 0;
    %pushi/vec4 0, 0, 32;
    %assign/vec4 v000002b892074b60_0, 0;
    %pushi/vec4 0, 0, 32;
    %assign/vec4 v000002b892074e80_0, 0;
    %pushi/vec4 0, 0, 1;
    %assign/vec4 v000002b89207ae20_0, 0;
    %pushi/vec4 0, 0, 32;
    %assign/vec4 v000002b892075880_0, 0;
    %pushi/vec4 0, 0, 32;
    %assign/vec4 v000002b892074980_0, 0;
    %pushi/vec4 0, 0, 32;
    %assign/vec4 v000002b892074ac0_0, 0;
    %pushi/vec4 0, 0, 32;
    %assign/vec4 v000002b892073300_0, 0;
    %pushi/vec4 0, 0, 32;
    %assign/vec4 v000002b8920748e0_0, 0;
    %pushi/vec4 0, 0, 32;
    %assign/vec4 v000002b892073d00_0, 0;
    %pushi/vec4 0, 0, 1;
    %assign/vec4 v000002b89207ad80_0, 0;
    %pushi/vec4 0, 0, 1;
    %assign/vec4 v000002b89207af60_0, 0;
    %jmp T_12.1;
T_12.0 ;
    %load/vec4 v000002b89207ae20_0;
    %flag_set/vec4 8;
    %jmp/0xz  T_12.2, 8;
    %pushi/vec4 0, 0, 1;
    %assign/vec4 v000002b89207ae20_0, 0;
T_12.2 ;
    %load/vec4 v000002b89207ad80_0;
    %flag_set/vec4 8;
    %jmp/0xz  T_12.4, 8;
    %pushi/vec4 0, 0, 1;
    %assign/vec4 v000002b89207ad80_0, 0;
T_12.4 ;
    %load/vec4 v000002b89207af60_0;
    %flag_set/vec4 8;
    %jmp/0xz  T_12.6, 8;
    %pushi/vec4 0, 0, 1;
    %assign/vec4 v000002b89207af60_0, 0;
T_12.6 ;
    %pushi/vec4 0, 0, 1;
    %assign/vec4 v000002b892073b20_0, 0;
    %pushi/vec4 0, 0, 1;
    %assign/vec4 v000002b892073a80_0, 0;
    %load/vec4 v000002b892073b20_0;
    %nor/r;
    %flag_set/vec4 11;
    %flag_get/vec4 11;
    %jmp/0 T_12.12, 11;
    %load/vec4 v000002b892073a80_0;
    %nor/r;
    %and;
T_12.12;
    %flag_set/vec4 10;
    %flag_get/vec4 10;
    %jmp/0 T_12.11, 10;
    %load/vec4 v000002b892074c00_0;
    %and;
T_12.11;
    %flag_set/vec4 9;
    %flag_get/vec4 9;
    %jmp/0 T_12.10, 9;
    %load/vec4 v000002b892074f20_0;
    %and;
T_12.10;
    %flag_set/vec4 8;
    %jmp/0xz  T_12.8, 8;
    %pushi/vec4 1, 0, 1;
    %assign/vec4 v000002b892073b20_0, 0;
    %pushi/vec4 1, 0, 1;
    %assign/vec4 v000002b892073a80_0, 0;
    %load/vec4 v000002b8920759c0_0;
    %parti/s 4, 2, 3;
    %dup/vec4;
    %pushi/vec4 0, 0, 4;
    %cmp/u;
    %jmp/1 T_12.13, 6;
    %dup/vec4;
    %pushi/vec4 1, 0, 4;
    %cmp/u;
    %jmp/1 T_12.14, 6;
    %dup/vec4;
    %pushi/vec4 2, 0, 4;
    %cmp/u;
    %jmp/1 T_12.15, 6;
    %dup/vec4;
    %pushi/vec4 3, 0, 4;
    %cmp/u;
    %jmp/1 T_12.16, 6;
    %dup/vec4;
    %pushi/vec4 5, 0, 4;
    %cmp/u;
    %jmp/1 T_12.17, 6;
    %dup/vec4;
    %pushi/vec4 6, 0, 4;
    %cmp/u;
    %jmp/1 T_12.18, 6;
    %dup/vec4;
    %pushi/vec4 7, 0, 4;
    %cmp/u;
    %jmp/1 T_12.19, 6;
    %dup/vec4;
    %pushi/vec4 8, 0, 4;
    %cmp/u;
    %jmp/1 T_12.20, 6;
    %dup/vec4;
    %pushi/vec4 9, 0, 4;
    %cmp/u;
    %jmp/1 T_12.21, 6;
    %dup/vec4;
    %pushi/vec4 10, 0, 4;
    %cmp/u;
    %jmp/1 T_12.22, 6;
    %dup/vec4;
    %pushi/vec4 11, 0, 4;
    %cmp/u;
    %jmp/1 T_12.23, 6;
    %jmp T_12.24;
T_12.13 ;
    %load/vec4 v000002b8920745c0_0;
    %parti/s 1, 0, 2;
    %flag_set/vec4 8;
    %jmp/0xz  T_12.25, 8;
    %load/vec4 v000002b892074de0_0;
    %parti/s 1, 0, 2;
    %flag_set/vec4 8;
    %jmp/0xz  T_12.27, 8;
    %pushi/vec4 1, 0, 1;
    %assign/vec4 v000002b89207ae20_0, 0;
T_12.27 ;
    %load/vec4 v000002b892074de0_0;
    %parti/s 1, 1, 2;
    %ix/load 4, 1, 0;
    %ix/load 5, 0, 0;
    %flag_set/imm 4, 0;
    %assign/vec4/off/d v000002b892073e40_0, 4, 5;
T_12.25 ;
    %jmp T_12.24;
T_12.14 ;
    %jmp T_12.24;
T_12.15 ;
    %load/vec4 v000002b8920745c0_0;
    %parti/s 1, 0, 2;
    %flag_set/vec4 8;
    %jmp/0xz  T_12.29, 8;
    %load/vec4 v000002b892074de0_0;
    %assign/vec4 v000002b8920757e0_0, 0;
T_12.29 ;
    %jmp T_12.24;
T_12.16 ;
    %load/vec4 v000002b8920745c0_0;
    %parti/s 1, 0, 2;
    %flag_set/vec4 8;
    %jmp/0xz  T_12.31, 8;
    %load/vec4 v000002b892074de0_0;
    %assign/vec4 v000002b892074a20_0, 0;
T_12.31 ;
    %jmp T_12.24;
T_12.17 ;
    %load/vec4 v000002b8920745c0_0;
    %parti/s 1, 0, 2;
    %flag_set/vec4 8;
    %jmp/0xz  T_12.33, 8;
    %load/vec4 v000002b892074de0_0;
    %assign/vec4 v000002b892073ee0_0, 0;
T_12.33 ;
    %jmp T_12.24;
T_12.18 ;
    %load/vec4 v000002b8920745c0_0;
    %parti/s 1, 0, 2;
    %flag_set/vec4 8;
    %jmp/0xz  T_12.35, 8;
    %load/vec4 v000002b892074de0_0;
    %assign/vec4 v000002b892074b60_0, 0;
T_12.35 ;
    %jmp T_12.24;
T_12.19 ;
    %load/vec4 v000002b8920745c0_0;
    %parti/s 1, 0, 2;
    %flag_set/vec4 8;
    %jmp/0xz  T_12.37, 8;
    %load/vec4 v000002b892074de0_0;
    %assign/vec4 v000002b892074e80_0, 0;
T_12.37 ;
    %jmp T_12.24;
T_12.20 ;
    %load/vec4 v000002b8920745c0_0;
    %parti/s 1, 0, 2;
    %flag_set/vec4 8;
    %jmp/0xz  T_12.39, 8;
    %load/vec4 v000002b892074de0_0;
    %assign/vec4 v000002b892075880_0, 0;
T_12.39 ;
    %jmp T_12.24;
T_12.21 ;
    %load/vec4 v000002b8920745c0_0;
    %parti/s 1, 0, 2;
    %flag_set/vec4 8;
    %jmp/0xz  T_12.41, 8;
    %load/vec4 v000002b892074de0_0;
    %assign/vec4 v000002b892074980_0, 0;
T_12.41 ;
    %jmp T_12.24;
T_12.22 ;
    %load/vec4 v000002b8920745c0_0;
    %parti/s 1, 0, 2;
    %flag_set/vec4 9;
    %flag_get/vec4 9;
    %jmp/0 T_12.45, 9;
    %load/vec4 v000002b892074de0_0;
    %parti/s 1, 0, 2;
    %and;
T_12.45;
    %flag_set/vec4 8;
    %jmp/0xz  T_12.43, 8;
    %pushi/vec4 1, 0, 1;
    %assign/vec4 v000002b89207ad80_0, 0;
    %load/vec4 v000002b892079c00_0;
    %assign/vec4 v000002b892074ac0_0, 0;
    %load/vec4 v000002b89207b1e0_0;
    %assign/vec4 v000002b892073300_0, 0;
    %load/vec4 v000002b89207aec0_0;
    %assign/vec4 v000002b8920748e0_0, 0;
    %load/vec4 v000002b89207ab00_0;
    %assign/vec4 v000002b892073d00_0, 0;
T_12.43 ;
    %jmp T_12.24;
T_12.23 ;
    %load/vec4 v000002b8920745c0_0;
    %parti/s 1, 0, 2;
    %flag_set/vec4 9;
    %flag_get/vec4 9;
    %jmp/0 T_12.48, 9;
    %load/vec4 v000002b892074de0_0;
    %parti/s 1, 0, 2;
    %and;
T_12.48;
    %flag_set/vec4 8;
    %jmp/0xz  T_12.46, 8;
    %pushi/vec4 1, 0, 1;
    %assign/vec4 v000002b89207af60_0, 0;
T_12.46 ;
    %jmp T_12.24;
T_12.24 ;
    %pop/vec4 1;
T_12.8 ;
    %load/vec4 v000002b892073b20_0;
    %flag_set/vec4 9;
    %flag_get/vec4 9;
    %jmp/0 T_12.51, 9;
    %load/vec4 v000002b892073a80_0;
    %and;
T_12.51;
    %flag_set/vec4 8;
    %jmp/0xz  T_12.49, 8;
    %pushi/vec4 1, 0, 1;
    %assign/vec4 v000002b8920736c0_0, 0;
    %jmp T_12.50;
T_12.49 ;
    %load/vec4 v000002b892074020_0;
    %flag_set/vec4 9;
    %flag_get/vec4 9;
    %jmp/0 T_12.54, 9;
    %load/vec4 v000002b8920736c0_0;
    %and;
T_12.54;
    %flag_set/vec4 8;
    %jmp/0xz  T_12.52, 8;
    %pushi/vec4 0, 0, 1;
    %assign/vec4 v000002b8920736c0_0, 0;
T_12.52 ;
T_12.50 ;
T_12.1 ;
    %jmp T_12;
    .thread T_12;
    .scope S_000002b89207c260;
T_13 ;
    %wait E_000002b892089e10;
    %load/vec4 v000002b8920747a0_0;
    %nor/r;
    %flag_set/vec4 8;
    %jmp/0xz  T_13.0, 8;
    %pushi/vec4 0, 0, 32;
    %assign/vec4 v000002b892074d40_0, 0;
    %jmp T_13.1;
T_13.0 ;
    %load/vec4 v000002b892079ac0_0;
    %ix/load 4, 1, 0;
    %ix/load 5, 0, 0;
    %flag_set/imm 4, 0;
    %assign/vec4/off/d v000002b892074d40_0, 4, 5;
    %load/vec4 v000002b892079a20_0;
    %flag_set/vec4 8;
    %jmp/0xz  T_13.2, 8;
    %pushi/vec4 1, 0, 1;
    %ix/load 4, 0, 0;
    %ix/load 5, 0, 0;
    %flag_set/imm 4, 0;
    %assign/vec4/off/d v000002b892074d40_0, 4, 5;
    %jmp T_13.3;
T_13.2 ;
    %load/vec4 v000002b892073b20_0;
    %flag_set/vec4 11;
    %flag_get/vec4 11;
    %jmp/0 T_13.8, 11;
    %load/vec4 v000002b892074f20_0;
    %and;
T_13.8;
    %flag_set/vec4 10;
    %flag_get/vec4 10;
    %jmp/0 T_13.7, 10;
    %load/vec4 v000002b8920759c0_0;
    %parti/s 3, 2, 3;
    %pushi/vec4 1, 0, 3;
    %cmp/e;
    %flag_get/vec4 4;
    %and;
T_13.7;
    %flag_set/vec4 9;
    %flag_get/vec4 9;
    %jmp/0 T_13.6, 9;
    %load/vec4 v000002b892074de0_0;
    %parti/s 1, 0, 2;
    %and;
T_13.6;
    %flag_set/vec4 8;
    %jmp/0xz  T_13.4, 8;
    %pushi/vec4 0, 0, 1;
    %ix/load 4, 0, 0;
    %ix/load 5, 0, 0;
    %flag_set/imm 4, 0;
    %assign/vec4/off/d v000002b892074d40_0, 4, 5;
T_13.4 ;
T_13.3 ;
T_13.1 ;
    %jmp T_13;
    .thread T_13;
    .scope S_000002b89207c260;
T_14 ;
    %wait E_000002b892089e10;
    %load/vec4 v000002b8920747a0_0;
    %nor/r;
    %flag_set/vec4 8;
    %jmp/0xz  T_14.0, 8;
    %pushi/vec4 0, 0, 1;
    %assign/vec4 v000002b892074520_0, 0;
    %pushi/vec4 0, 0, 1;
    %assign/vec4 v000002b892074ca0_0, 0;
    %pushi/vec4 0, 0, 32;
    %assign/vec4 v000002b892073da0_0, 0;
    %jmp T_14.1;
T_14.0 ;
    %load/vec4 v000002b892074520_0;
    %nor/r;
    %flag_set/vec4 9;
    %flag_get/vec4 9;
    %jmp/0 T_14.4, 9;
    %load/vec4 v000002b892075240_0;
    %and;
T_14.4;
    %flag_set/vec4 8;
    %jmp/0xz  T_14.2, 8;
    %pushi/vec4 1, 0, 1;
    %assign/vec4 v000002b892074520_0, 0;
    %load/vec4 v000002b8920756a0_0;
    %parti/s 4, 2, 3;
    %dup/vec4;
    %pushi/vec4 0, 0, 4;
    %cmp/u;
    %jmp/1 T_14.5, 6;
    %dup/vec4;
    %pushi/vec4 1, 0, 4;
    %cmp/u;
    %jmp/1 T_14.6, 6;
    %dup/vec4;
    %pushi/vec4 2, 0, 4;
    %cmp/u;
    %jmp/1 T_14.7, 6;
    %dup/vec4;
    %pushi/vec4 3, 0, 4;
    %cmp/u;
    %jmp/1 T_14.8, 6;
    %dup/vec4;
    %pushi/vec4 4, 0, 4;
    %cmp/u;
    %jmp/1 T_14.9, 6;
    %dup/vec4;
    %pushi/vec4 5, 0, 4;
    %cmp/u;
    %jmp/1 T_14.10, 6;
    %dup/vec4;
    %pushi/vec4 6, 0, 4;
    %cmp/u;
    %jmp/1 T_14.11, 6;
    %dup/vec4;
    %pushi/vec4 7, 0, 4;
    %cmp/u;
    %jmp/1 T_14.12, 6;
    %dup/vec4;
    %pushi/vec4 8, 0, 4;
    %cmp/u;
    %jmp/1 T_14.13, 6;
    %dup/vec4;
    %pushi/vec4 9, 0, 4;
    %cmp/u;
    %jmp/1 T_14.14, 6;
    %dup/vec4;
    %pushi/vec4 10, 0, 4;
    %cmp/u;
    %jmp/1 T_14.15, 6;
    %dup/vec4;
    %pushi/vec4 11, 0, 4;
    %cmp/u;
    %jmp/1 T_14.16, 6;
    %dup/vec4;
    %pushi/vec4 12, 0, 4;
    %cmp/u;
    %jmp/1 T_14.17, 6;
    %dup/vec4;
    %pushi/vec4 13, 0, 4;
    %cmp/u;
    %jmp/1 T_14.18, 6;
    %dup/vec4;
    %pushi/vec4 14, 0, 4;
    %cmp/u;
    %jmp/1 T_14.19, 6;
    %dup/vec4;
    %pushi/vec4 15, 0, 4;
    %cmp/u;
    %jmp/1 T_14.20, 6;
    %pushi/vec4 0, 0, 32;
    %assign/vec4 v000002b892073da0_0, 0;
    %jmp T_14.22;
T_14.5 ;
    %load/vec4 v000002b892073e40_0;
    %assign/vec4 v000002b892073da0_0, 0;
    %jmp T_14.22;
T_14.6 ;
    %load/vec4 v000002b892074d40_0;
    %assign/vec4 v000002b892073da0_0, 0;
    %jmp T_14.22;
T_14.7 ;
    %load/vec4 v000002b8920757e0_0;
    %assign/vec4 v000002b892073da0_0, 0;
    %jmp T_14.22;
T_14.8 ;
    %load/vec4 v000002b892074a20_0;
    %assign/vec4 v000002b892073da0_0, 0;
    %jmp T_14.22;
T_14.9 ;
    %pushi/vec4 539361559, 0, 32;
    %assign/vec4 v000002b892073da0_0, 0;
    %jmp T_14.22;
T_14.10 ;
    %load/vec4 v000002b892073ee0_0;
    %assign/vec4 v000002b892073da0_0, 0;
    %jmp T_14.22;
T_14.11 ;
    %load/vec4 v000002b892074b60_0;
    %assign/vec4 v000002b892073da0_0, 0;
    %jmp T_14.22;
T_14.12 ;
    %load/vec4 v000002b892074e80_0;
    %assign/vec4 v000002b892073da0_0, 0;
    %jmp T_14.22;
T_14.13 ;
    %load/vec4 v000002b892075880_0;
    %assign/vec4 v000002b892073da0_0, 0;
    %jmp T_14.22;
T_14.14 ;
    %load/vec4 v000002b892074980_0;
    %assign/vec4 v000002b892073da0_0, 0;
    %jmp T_14.22;
T_14.15 ;
    %pushi/vec4 0, 0, 32;
    %assign/vec4 v000002b892073da0_0, 0;
    %jmp T_14.22;
T_14.16 ;
    %pushi/vec4 0, 0, 32;
    %assign/vec4 v000002b892073da0_0, 0;
    %jmp T_14.22;
T_14.17 ;
    %load/vec4 v000002b892074ac0_0;
    %assign/vec4 v000002b892073da0_0, 0;
    %jmp T_14.22;
T_14.18 ;
    %load/vec4 v000002b892073300_0;
    %assign/vec4 v000002b892073da0_0, 0;
    %jmp T_14.22;
T_14.19 ;
    %load/vec4 v000002b8920748e0_0;
    %assign/vec4 v000002b892073da0_0, 0;
    %jmp T_14.22;
T_14.20 ;
    %load/vec4 v000002b892073d00_0;
    %assign/vec4 v000002b892073da0_0, 0;
    %jmp T_14.22;
T_14.22 ;
    %pop/vec4 1;
    %jmp T_14.3;
T_14.2 ;
    %pushi/vec4 0, 0, 1;
    %assign/vec4 v000002b892074520_0, 0;
T_14.3 ;
    %load/vec4 v000002b892074520_0;
    %flag_set/vec4 9;
    %flag_get/vec4 9;
    %jmp/0 T_14.25, 9;
    %load/vec4 v000002b892075240_0;
    %and;
T_14.25;
    %flag_set/vec4 8;
    %jmp/0xz  T_14.23, 8;
    %pushi/vec4 1, 0, 1;
    %assign/vec4 v000002b892074ca0_0, 0;
    %jmp T_14.24;
T_14.23 ;
    %load/vec4 v000002b8920733a0_0;
    %flag_set/vec4 9;
    %flag_get/vec4 9;
    %jmp/0 T_14.28, 9;
    %load/vec4 v000002b892074ca0_0;
    %and;
T_14.28;
    %flag_set/vec4 8;
    %jmp/0xz  T_14.26, 8;
    %pushi/vec4 0, 0, 1;
    %assign/vec4 v000002b892074ca0_0, 0;
T_14.26 ;
T_14.24 ;
T_14.1 ;
    %jmp T_14;
    .thread T_14;
    .scope S_000002b89225cb80;
T_15 ;
    %wait E_000002b89208b550;
    %load/vec4 v000002b8922710a0_0;
    %nor/r;
    %flag_set/vec4 8;
    %jmp/0xz  T_15.0, 8;
    %pushi/vec4 0, 0, 1;
    %assign/vec4 v000002b89226ef80_0, 0;
    %jmp T_15.1;
T_15.0 ;
    %load/vec4 v000002b892271000_0;
    %flag_set/vec4 8;
    %jmp/0xz  T_15.2, 8;
    %load/vec4 v000002b89226ef80_0;
    %inv;
    %assign/vec4 v000002b89226ef80_0, 0;
T_15.2 ;
T_15.1 ;
    %jmp T_15;
    .thread T_15;
    .scope S_000002b89225cb80;
T_16 ;
    %wait E_000002b89208b550;
    %load/vec4 v000002b8922710a0_0;
    %nor/r;
    %flag_set/vec4 8;
    %jmp/0xz  T_16.0, 8;
    %pushi/vec4 0, 0, 2;
    %assign/vec4 v000002b89226f340_0, 0;
    %pushi/vec4 0, 0, 8;
    %assign/vec4 v000002b892271640_0, 0;
    %pushi/vec4 0, 0, 8;
    %assign/vec4 v000002b8922722c0_0, 0;
    %pushi/vec4 0, 0, 1;
    %assign/vec4 v000002b892270420_0, 0;
    %pushi/vec4 0, 0, 96;
    %assign/vec4 v000002b892270380_0, 0;
    %pushi/vec4 0, 0, 64;
    %assign/vec4 v000002b892272b80_0, 0;
    %jmp T_16.1;
T_16.0 ;
    %pushi/vec4 0, 0, 1;
    %assign/vec4 v000002b892270420_0, 0;
    %load/vec4 v000002b892271000_0;
    %flag_set/vec4 8;
    %jmp/0xz  T_16.2, 8;
    %pushi/vec4 0, 0, 8;
    %assign/vec4 v000002b892271640_0, 0;
    %pushi/vec4 0, 0, 2;
    %assign/vec4 v000002b89226f340_0, 0;
    %jmp T_16.3;
T_16.2 ;
    %load/vec4 v000002b892271b40_0;
    %flag_set/vec4 8;
    %jmp/0xz  T_16.4, 8;
    %load/vec4 v000002b89226f340_0;
    %dup/vec4;
    %pushi/vec4 0, 0, 2;
    %cmp/u;
    %jmp/1 T_16.6, 6;
    %dup/vec4;
    %pushi/vec4 1, 0, 2;
    %cmp/u;
    %jmp/1 T_16.7, 6;
    %dup/vec4;
    %pushi/vec4 2, 0, 2;
    %cmp/u;
    %jmp/1 T_16.8, 6;
    %jmp T_16.9;
T_16.6 ;
    %load/vec4 v000002b8922725e0_0;
    %assign/vec4 v000002b892272b80_0, 0;
    %pushi/vec4 1, 0, 2;
    %assign/vec4 v000002b89226f340_0, 0;
    %jmp T_16.9;
T_16.7 ;
    %load/vec4 v000002b8922725e0_0;
    %parti/s 32, 0, 2;
    %load/vec4 v000002b892272b80_0;
    %concat/vec4; draw_concat_vec4
    %assign/vec4 v000002b892270380_0, 0;
    %pushi/vec4 1, 0, 1;
    %assign/vec4 v000002b892270420_0, 0;
    %load/vec4 v000002b892271640_0;
    %assign/vec4 v000002b8922722c0_0, 0;
    %load/vec4 v000002b892271640_0;
    %addi 1, 0, 8;
    %assign/vec4 v000002b892271640_0, 0;
    %load/vec4 v000002b8922725e0_0;
    %parti/s 32, 32, 7;
    %ix/load 4, 0, 0;
    %ix/load 5, 0, 0;
    %flag_set/imm 4, 0;
    %assign/vec4/off/d v000002b892272b80_0, 4, 5;
    %pushi/vec4 2, 0, 2;
    %assign/vec4 v000002b89226f340_0, 0;
    %jmp T_16.9;
T_16.8 ;
    %load/vec4 v000002b8922725e0_0;
    %load/vec4 v000002b892272b80_0;
    %parti/s 32, 0, 2;
    %concat/vec4; draw_concat_vec4
    %assign/vec4 v000002b892270380_0, 0;
    %pushi/vec4 1, 0, 1;
    %assign/vec4 v000002b892270420_0, 0;
    %load/vec4 v000002b892271640_0;
    %assign/vec4 v000002b8922722c0_0, 0;
    %load/vec4 v000002b892271640_0;
    %addi 1, 0, 8;
    %assign/vec4 v000002b892271640_0, 0;
    %pushi/vec4 0, 0, 2;
    %assign/vec4 v000002b89226f340_0, 0;
    %jmp T_16.9;
T_16.9 ;
    %pop/vec4 1;
T_16.4 ;
T_16.3 ;
T_16.1 ;
    %jmp T_16;
    .thread T_16;
    .scope S_000002b89225cb80;
T_17 ;
    %pushi/vec4 0, 0, 32;
    %store/vec4 v000002b892270f60_0, 0, 32;
T_17.0 ;
    %load/vec4 v000002b892270f60_0;
    %cmpi/s 512, 0, 32;
    %jmp/0xz T_17.1, 5;
    %pushi/vec4 0, 0, 96;
    %ix/getv/s 4, v000002b892270f60_0;
    %store/vec4a v000002b89226f480, 4, 0;
    %load/vec4 v000002b892270f60_0;
    %addi 1, 0, 32;
    %store/vec4 v000002b892270f60_0, 0, 32;
    %jmp T_17.0;
T_17.1 ;
    %end;
    .thread T_17;
    .scope S_000002b89225cb80;
T_18 ;
    %wait E_000002b892089ad0;
    %load/vec4 v000002b892270420_0;
    %flag_set/vec4 8;
    %jmp/0xz  T_18.0, 8;
    %load/vec4 v000002b892270380_0;
    %load/vec4 v000002b892270ec0_0;
    %pad/u 11;
    %ix/vec4 3;
    %ix/load 4, 0, 0; Constant delay
    %assign/vec4/a/d v000002b89226f480, 0, 4;
T_18.0 ;
    %jmp T_18;
    .thread T_18;
    .scope S_000002b89225cb80;
T_19 ;
    %wait E_000002b89208b550;
    %load/vec4 v000002b8922710a0_0;
    %nor/r;
    %flag_set/vec4 8;
    %jmp/0xz  T_19.0, 8;
    %pushi/vec4 0, 0, 8;
    %assign/vec4 v000002b892270740_0, 0;
    %jmp T_19.1;
T_19.0 ;
    %load/vec4 v000002b892271000_0;
    %flag_set/vec4 8;
    %jmp/0xz  T_19.2, 8;
    %pushi/vec4 0, 0, 8;
    %assign/vec4 v000002b892270740_0, 0;
    %jmp T_19.3;
T_19.2 ;
    %load/vec4 v000002b892270100_0;
    %flag_set/vec4 8;
    %jmp/0xz  T_19.4, 8;
    %load/vec4 v000002b892270740_0;
    %addi 1, 0, 8;
    %assign/vec4 v000002b892270740_0, 0;
    %jmp T_19.5;
T_19.4 ;
    %load/vec4 v000002b8922701a0_0;
    %nor/r;
    %flag_set/vec4 8;
    %jmp/0xz  T_19.6, 8;
    %pushi/vec4 0, 0, 8;
    %assign/vec4 v000002b892270740_0, 0;
T_19.6 ;
T_19.5 ;
T_19.3 ;
T_19.1 ;
    %jmp T_19;
    .thread T_19;
    .scope S_000002b89225cb80;
T_20 ;
    %wait E_000002b892089ad0;
    %load/vec4 v000002b89226f840_0;
    %pad/u 11;
    %ix/vec4 4;
    %load/vec4a v000002b89226f480, 4;
    %assign/vec4 v000002b892270240_0, 0;
    %jmp T_20;
    .thread T_20;
    .scope S_000002b89225cb80;
T_21 ;
    %wait E_000002b89208b550;
    %load/vec4 v000002b8922710a0_0;
    %nor/r;
    %flag_set/vec4 8;
    %jmp/0xz  T_21.0, 8;
    %pushi/vec4 0, 0, 1;
    %assign/vec4 v000002b892272cc0_0, 0;
    %pushi/vec4 0, 0, 1;
    %assign/vec4 v000002b892270100_0, 0;
    %jmp T_21.1;
T_21.0 ;
    %load/vec4 v000002b892271000_0;
    %flag_set/vec4 8;
    %jmp/0xz  T_21.2, 8;
    %pushi/vec4 0, 0, 1;
    %assign/vec4 v000002b892272cc0_0, 0;
    %pushi/vec4 0, 0, 1;
    %assign/vec4 v000002b892270100_0, 0;
    %jmp T_21.3;
T_21.2 ;
    %load/vec4 v000002b8922701a0_0;
    %assign/vec4 v000002b892272cc0_0, 0;
    %load/vec4 v000002b892272cc0_0;
    %assign/vec4 v000002b892270100_0, 0;
T_21.3 ;
T_21.1 ;
    %jmp T_21;
    .thread T_21;
    .scope S_000002b892293900;
T_22 ;
    %wait E_000002b89208b550;
    %load/vec4 v000002b892281720_0;
    %nor/r;
    %flag_set/vec4 8;
    %jmp/0xz  T_22.0, 8;
    %pushi/vec4 0, 0, 1;
    %assign/vec4 v000002b89227dee0_0, 0;
    %jmp T_22.1;
T_22.0 ;
    %load/vec4 v000002b89227e020_0;
    %flag_set/vec4 8;
    %jmp/0xz  T_22.2, 8;
    %load/vec4 v000002b89227dee0_0;
    %inv;
    %assign/vec4 v000002b89227dee0_0, 0;
T_22.2 ;
T_22.1 ;
    %jmp T_22;
    .thread T_22;
    .scope S_000002b892293900;
T_23 ;
    %wait E_000002b89208b550;
    %load/vec4 v000002b892281720_0;
    %nor/r;
    %flag_set/vec4 8;
    %jmp/0xz  T_23.0, 8;
    %pushi/vec4 0, 0, 1;
    %assign/vec4 v000002b89227fa60_0, 0;
    %pushi/vec4 0, 0, 64;
    %assign/vec4 v000002b892280fa0_0, 0;
    %pushi/vec4 0, 0, 1;
    %assign/vec4 v000002b892280a00_0, 0;
    %pushi/vec4 0, 0, 128;
    %assign/vec4 v000002b892282440_0, 0;
    %pushi/vec4 0, 0, 4;
    %assign/vec4 v000002b892281f40_0, 0;
    %pushi/vec4 0, 0, 4;
    %assign/vec4 v000002b8922812c0_0, 0;
    %jmp T_23.1;
T_23.0 ;
    %pushi/vec4 0, 0, 1;
    %assign/vec4 v000002b892280a00_0, 0;
    %load/vec4 v000002b89227e020_0;
    %flag_set/vec4 8;
    %jmp/0xz  T_23.2, 8;
    %pushi/vec4 0, 0, 4;
    %assign/vec4 v000002b892281f40_0, 0;
    %pushi/vec4 0, 0, 1;
    %assign/vec4 v000002b89227fa60_0, 0;
    %jmp T_23.3;
T_23.2 ;
    %load/vec4 v000002b892280780_0;
    %flag_set/vec4 8;
    %jmp/0xz  T_23.4, 8;
    %load/vec4 v000002b89227fa60_0;
    %pad/u 32;
    %cmpi/e 0, 0, 32;
    %jmp/0xz  T_23.6, 4;
    %load/vec4 v000002b892282580_0;
    %assign/vec4 v000002b892280fa0_0, 0;
    %pushi/vec4 1, 0, 1;
    %assign/vec4 v000002b89227fa60_0, 0;
    %jmp T_23.7;
T_23.6 ;
    %load/vec4 v000002b892282580_0;
    %load/vec4 v000002b892280fa0_0;
    %concat/vec4; draw_concat_vec4
    %assign/vec4 v000002b892282440_0, 0;
    %pushi/vec4 1, 0, 1;
    %assign/vec4 v000002b892280a00_0, 0;
    %load/vec4 v000002b892281f40_0;
    %assign/vec4 v000002b8922812c0_0, 0;
    %load/vec4 v000002b892281f40_0;
    %addi 1, 0, 4;
    %assign/vec4 v000002b892281f40_0, 0;
    %pushi/vec4 0, 0, 1;
    %assign/vec4 v000002b89227fa60_0, 0;
T_23.7 ;
T_23.4 ;
T_23.3 ;
T_23.1 ;
    %jmp T_23;
    .thread T_23;
    .scope S_000002b892293900;
T_24 ;
    %pushi/vec4 0, 0, 32;
    %store/vec4 v000002b89227df80_0, 0, 32;
T_24.0 ;
    %load/vec4 v000002b89227df80_0;
    %cmpi/s 32, 0, 32;
    %jmp/0xz T_24.1, 5;
    %pushi/vec4 0, 0, 128;
    %ix/getv/s 4, v000002b89227df80_0;
    %store/vec4a v000002b892280140, 4, 0;
    %load/vec4 v000002b89227df80_0;
    %addi 1, 0, 32;
    %store/vec4 v000002b89227df80_0, 0, 32;
    %jmp T_24.0;
T_24.1 ;
    %end;
    .thread T_24;
    .scope S_000002b892293900;
T_25 ;
    %wait E_000002b892089ad0;
    %load/vec4 v000002b892280a00_0;
    %flag_set/vec4 8;
    %jmp/0xz  T_25.0, 8;
    %load/vec4 v000002b892282440_0;
    %load/vec4 v000002b89227f9c0_0;
    %pad/u 7;
    %ix/vec4 3;
    %ix/load 4, 0, 0; Constant delay
    %assign/vec4/a/d v000002b892280140, 0, 4;
T_25.0 ;
    %jmp T_25;
    .thread T_25;
    .scope S_000002b892293900;
T_26 ;
    %wait E_000002b89208b550;
    %load/vec4 v000002b892281720_0;
    %nor/r;
    %flag_set/vec4 8;
    %jmp/0xz  T_26.0, 8;
    %pushi/vec4 0, 0, 4;
    %assign/vec4 v000002b892281400_0, 0;
    %jmp T_26.1;
T_26.0 ;
    %load/vec4 v000002b89227e0c0_0;
    %flag_set/vec4 8;
    %jmp/0xz  T_26.2, 8;
    %load/vec4 v000002b892281400_0;
    %addi 1, 0, 4;
    %assign/vec4 v000002b892281400_0, 0;
    %jmp T_26.3;
T_26.2 ;
    %load/vec4 v000002b89227fb00_0;
    %nor/r;
    %flag_set/vec4 8;
    %jmp/0xz  T_26.4, 8;
    %pushi/vec4 0, 0, 4;
    %assign/vec4 v000002b892281400_0, 0;
T_26.4 ;
T_26.3 ;
T_26.1 ;
    %jmp T_26;
    .thread T_26;
    .scope S_000002b892293900;
T_27 ;
    %wait E_000002b892089ad0;
    %load/vec4 v000002b89227f740_0;
    %pad/u 7;
    %ix/vec4 4;
    %load/vec4a v000002b892280140, 4;
    %assign/vec4 v000002b892280dc0_0, 0;
    %jmp T_27;
    .thread T_27;
    .scope S_000002b892293900;
T_28 ;
    %wait E_000002b89208b550;
    %load/vec4 v000002b892281720_0;
    %nor/r;
    %flag_set/vec4 8;
    %jmp/0xz  T_28.0, 8;
    %pushi/vec4 0, 0, 1;
    %assign/vec4 v000002b89227e0c0_0, 0;
    %pushi/vec4 0, 0, 1;
    %assign/vec4 v000002b89227e160_0, 0;
    %jmp T_28.1;
T_28.0 ;
    %load/vec4 v000002b89227fb00_0;
    %assign/vec4 v000002b89227e160_0, 0;
    %load/vec4 v000002b89227e160_0;
    %assign/vec4 v000002b89227e0c0_0, 0;
T_28.1 ;
    %jmp T_28;
    .thread T_28;
    .scope S_000002b89207bc20;
T_29 ;
    %wait E_000002b89208b550;
    %load/vec4 v000002b89226ffc0_0;
    %nor/r;
    %flag_set/vec4 8;
    %jmp/0xz  T_29.0, 8;
    %pushi/vec4 0, 0, 8;
    %assign/vec4 v000002b892074340_0, 0;
    %jmp T_29.1;
T_29.0 ;
    %load/vec4 v000002b89226fb60_0;
    %parti/s 8, 8, 5;
    %assign/vec4 v000002b892074340_0, 0;
T_29.1 ;
    %jmp T_29;
    .thread T_29;
    .scope S_000002b89207d590;
T_30 ;
    %wait E_000002b89208b550;
    %load/vec4 v000002b89226ffc0_0;
    %nor/r;
    %flag_set/vec4 8;
    %jmp/0xz  T_30.0, 8;
    %pushi/vec4 0, 0, 16;
    %assign/vec4 v000002b8920738a0_0, 0;
    %jmp T_30.1;
T_30.0 ;
    %load/vec4 v000002b8920738a0_0;
    %parti/s 8, 0, 2;
    %load/vec4 v000002b89226fb60_0;
    %parti/s 8, 16, 6;
    %concat/vec4; draw_concat_vec4
    %assign/vec4 v000002b8920738a0_0, 0;
T_30.1 ;
    %jmp T_30;
    .thread T_30;
    .scope S_000002b89207d0e0;
T_31 ;
    %wait E_000002b89208b550;
    %load/vec4 v000002b89226ffc0_0;
    %nor/r;
    %flag_set/vec4 8;
    %jmp/0xz  T_31.0, 8;
    %pushi/vec4 0, 0, 24;
    %assign/vec4 v000002b892073940_0, 0;
    %jmp T_31.1;
T_31.0 ;
    %load/vec4 v000002b892073940_0;
    %parti/s 16, 0, 2;
    %load/vec4 v000002b89226fb60_0;
    %parti/s 8, 24, 6;
    %concat/vec4; draw_concat_vec4
    %assign/vec4 v000002b892073940_0, 0;
T_31.1 ;
    %jmp T_31;
    .thread T_31;
    .scope S_000002b89207e530;
T_32 ;
    %wait E_000002b89208b550;
    %load/vec4 v000002b89226ffc0_0;
    %nor/r;
    %flag_set/vec4 8;
    %jmp/0xz  T_32.0, 8;
    %pushi/vec4 0, 0, 32;
    %assign/vec4 v000002b892075060_0, 0;
    %jmp T_32.1;
T_32.0 ;
    %load/vec4 v000002b892075060_0;
    %parti/s 24, 0, 2;
    %load/vec4 v000002b89226fb60_0;
    %parti/s 8, 32, 7;
    %concat/vec4; draw_concat_vec4
    %assign/vec4 v000002b892075060_0, 0;
T_32.1 ;
    %jmp T_32;
    .thread T_32;
    .scope S_000002b89207c910;
T_33 ;
    %wait E_000002b89208b550;
    %load/vec4 v000002b89226ffc0_0;
    %nor/r;
    %flag_set/vec4 8;
    %jmp/0xz  T_33.0, 8;
    %pushi/vec4 0, 0, 40;
    %assign/vec4 v000002b892075100_0, 0;
    %jmp T_33.1;
T_33.0 ;
    %load/vec4 v000002b892075100_0;
    %parti/s 32, 0, 2;
    %load/vec4 v000002b89226fb60_0;
    %parti/s 8, 40, 7;
    %concat/vec4; draw_concat_vec4
    %assign/vec4 v000002b892075100_0, 0;
T_33.1 ;
    %jmp T_33;
    .thread T_33;
    .scope S_000002b89207d270;
T_34 ;
    %wait E_000002b89208b550;
    %load/vec4 v000002b89226ffc0_0;
    %nor/r;
    %flag_set/vec4 8;
    %jmp/0xz  T_34.0, 8;
    %pushi/vec4 0, 0, 48;
    %assign/vec4 v000002b892074480_0, 0;
    %jmp T_34.1;
T_34.0 ;
    %load/vec4 v000002b892074480_0;
    %parti/s 40, 0, 2;
    %load/vec4 v000002b89226fb60_0;
    %parti/s 8, 48, 7;
    %concat/vec4; draw_concat_vec4
    %assign/vec4 v000002b892074480_0, 0;
T_34.1 ;
    %jmp T_34;
    .thread T_34;
    .scope S_000002b89207cc30;
T_35 ;
    %wait E_000002b89208b550;
    %load/vec4 v000002b89226ffc0_0;
    %nor/r;
    %flag_set/vec4 8;
    %jmp/0xz  T_35.0, 8;
    %pushi/vec4 0, 0, 56;
    %assign/vec4 v000002b892075600_0, 0;
    %jmp T_35.1;
T_35.0 ;
    %load/vec4 v000002b892075600_0;
    %parti/s 48, 0, 2;
    %load/vec4 v000002b89226fb60_0;
    %parti/s 8, 56, 7;
    %concat/vec4; draw_concat_vec4
    %assign/vec4 v000002b892075600_0, 0;
T_35.1 ;
    %jmp T_35;
    .thread T_35;
    .scope S_000002b89207d720;
T_36 ;
    %wait E_000002b89208b550;
    %load/vec4 v000002b89226ffc0_0;
    %nor/r;
    %flag_set/vec4 8;
    %jmp/0xz  T_36.0, 8;
    %pushi/vec4 0, 0, 64;
    %assign/vec4 v000002b892074200_0, 0;
    %jmp T_36.1;
T_36.0 ;
    %load/vec4 v000002b892074200_0;
    %parti/s 56, 0, 2;
    %load/vec4 v000002b89226fb60_0;
    %parti/s 8, 64, 8;
    %concat/vec4; draw_concat_vec4
    %assign/vec4 v000002b892074200_0, 0;
T_36.1 ;
    %jmp T_36;
    .thread T_36;
    .scope S_000002b89207d8b0;
T_37 ;
    %wait E_000002b89208b550;
    %load/vec4 v000002b89226ffc0_0;
    %nor/r;
    %flag_set/vec4 8;
    %jmp/0xz  T_37.0, 8;
    %pushi/vec4 0, 0, 72;
    %assign/vec4 v000002b892074660_0, 0;
    %jmp T_37.1;
T_37.0 ;
    %load/vec4 v000002b892074660_0;
    %parti/s 64, 0, 2;
    %load/vec4 v000002b89226fb60_0;
    %parti/s 8, 72, 8;
    %concat/vec4; draw_concat_vec4
    %assign/vec4 v000002b892074660_0, 0;
T_37.1 ;
    %jmp T_37;
    .thread T_37;
    .scope S_000002b89207e080;
T_38 ;
    %wait E_000002b89208b550;
    %load/vec4 v000002b89226ffc0_0;
    %nor/r;
    %flag_set/vec4 8;
    %jmp/0xz  T_38.0, 8;
    %pushi/vec4 0, 0, 80;
    %assign/vec4 v000002b892074700_0, 0;
    %jmp T_38.1;
T_38.0 ;
    %load/vec4 v000002b892074700_0;
    %parti/s 72, 0, 2;
    %load/vec4 v000002b89226fb60_0;
    %parti/s 8, 80, 8;
    %concat/vec4; draw_concat_vec4
    %assign/vec4 v000002b892074700_0, 0;
T_38.1 ;
    %jmp T_38;
    .thread T_38;
    .scope S_000002b89207dbd0;
T_39 ;
    %wait E_000002b89208b550;
    %load/vec4 v000002b89226ffc0_0;
    %nor/r;
    %flag_set/vec4 8;
    %jmp/0xz  T_39.0, 8;
    %pushi/vec4 0, 0, 88;
    %assign/vec4 v000002b892075420_0, 0;
    %jmp T_39.1;
T_39.0 ;
    %load/vec4 v000002b892075420_0;
    %parti/s 80, 0, 2;
    %load/vec4 v000002b89226fb60_0;
    %parti/s 8, 88, 8;
    %concat/vec4; draw_concat_vec4
    %assign/vec4 v000002b892075420_0, 0;
T_39.1 ;
    %jmp T_39;
    .thread T_39;
    .scope S_000002b892166640;
T_40 ;
    %wait E_000002b89208b550;
    %load/vec4 v000002b89226ffc0_0;
    %nor/r;
    %flag_set/vec4 8;
    %jmp/0xz  T_40.0, 8;
    %pushi/vec4 0, 0, 480;
    %assign/vec4 v000002b8920754c0_0, 0;
    %jmp T_40.1;
T_40.0 ;
    %load/vec4 v000002b8920754c0_0;
    %parti/s 448, 0, 2;
    %load/vec4 v000002b892270ba0_0;
    %parti/s 32, 0, 2;
    %concat/vec4; draw_concat_vec4
    %assign/vec4 v000002b8920754c0_0, 0;
T_40.1 ;
    %jmp T_40;
    .thread T_40;
    .scope S_000002b8921667d0;
T_41 ;
    %wait E_000002b89208b550;
    %load/vec4 v000002b89226ffc0_0;
    %nor/r;
    %flag_set/vec4 8;
    %jmp/0xz  T_41.0, 8;
    %pushi/vec4 0, 0, 448;
    %assign/vec4 v000002b8920734e0_0, 0;
    %jmp T_41.1;
T_41.0 ;
    %load/vec4 v000002b8920734e0_0;
    %parti/s 416, 0, 2;
    %load/vec4 v000002b892270ba0_0;
    %parti/s 32, 32, 7;
    %concat/vec4; draw_concat_vec4
    %assign/vec4 v000002b8920734e0_0, 0;
T_41.1 ;
    %jmp T_41;
    .thread T_41;
    .scope S_000002b892165830;
T_42 ;
    %wait E_000002b89208b550;
    %load/vec4 v000002b89226ffc0_0;
    %nor/r;
    %flag_set/vec4 8;
    %jmp/0xz  T_42.0, 8;
    %pushi/vec4 0, 0, 416;
    %assign/vec4 v000002b892073620_0, 0;
    %jmp T_42.1;
T_42.0 ;
    %load/vec4 v000002b892073620_0;
    %parti/s 384, 0, 2;
    %load/vec4 v000002b892270ba0_0;
    %parti/s 32, 64, 8;
    %concat/vec4; draw_concat_vec4
    %assign/vec4 v000002b892073620_0, 0;
T_42.1 ;
    %jmp T_42;
    .thread T_42;
    .scope S_000002b892166e10;
T_43 ;
    %wait E_000002b89208b550;
    %load/vec4 v000002b89226ffc0_0;
    %nor/r;
    %flag_set/vec4 8;
    %jmp/0xz  T_43.0, 8;
    %pushi/vec4 0, 0, 384;
    %assign/vec4 v000002b892073800_0, 0;
    %jmp T_43.1;
T_43.0 ;
    %load/vec4 v000002b892073800_0;
    %parti/s 352, 0, 2;
    %load/vec4 v000002b892270ba0_0;
    %parti/s 32, 96, 8;
    %concat/vec4; draw_concat_vec4
    %assign/vec4 v000002b892073800_0, 0;
T_43.1 ;
    %jmp T_43;
    .thread T_43;
    .scope S_000002b892165ce0;
T_44 ;
    %wait E_000002b89208b550;
    %load/vec4 v000002b89226ffc0_0;
    %nor/r;
    %flag_set/vec4 8;
    %jmp/0xz  T_44.0, 8;
    %pushi/vec4 0, 0, 352;
    %assign/vec4 v000002b892077c20_0, 0;
    %jmp T_44.1;
T_44.0 ;
    %load/vec4 v000002b892077c20_0;
    %parti/s 320, 0, 2;
    %load/vec4 v000002b892270ba0_0;
    %parti/s 32, 128, 9;
    %concat/vec4; draw_concat_vec4
    %assign/vec4 v000002b892077c20_0, 0;
T_44.1 ;
    %jmp T_44;
    .thread T_44;
    .scope S_000002b892166960;
T_45 ;
    %wait E_000002b89208b550;
    %load/vec4 v000002b89226ffc0_0;
    %nor/r;
    %flag_set/vec4 8;
    %jmp/0xz  T_45.0, 8;
    %pushi/vec4 0, 0, 320;
    %assign/vec4 v000002b892076640_0, 0;
    %jmp T_45.1;
T_45.0 ;
    %load/vec4 v000002b892076640_0;
    %parti/s 288, 0, 2;
    %load/vec4 v000002b892270ba0_0;
    %parti/s 32, 160, 9;
    %concat/vec4; draw_concat_vec4
    %assign/vec4 v000002b892076640_0, 0;
T_45.1 ;
    %jmp T_45;
    .thread T_45;
    .scope S_000002b892166c80;
T_46 ;
    %wait E_000002b89208b550;
    %load/vec4 v000002b89226ffc0_0;
    %nor/r;
    %flag_set/vec4 8;
    %jmp/0xz  T_46.0, 8;
    %pushi/vec4 0, 0, 288;
    %assign/vec4 v000002b892075ba0_0, 0;
    %jmp T_46.1;
T_46.0 ;
    %load/vec4 v000002b892075ba0_0;
    %parti/s 256, 0, 2;
    %load/vec4 v000002b892270ba0_0;
    %parti/s 32, 192, 9;
    %concat/vec4; draw_concat_vec4
    %assign/vec4 v000002b892075ba0_0, 0;
T_46.1 ;
    %jmp T_46;
    .thread T_46;
    .scope S_000002b8921651f0;
T_47 ;
    %wait E_000002b89208b550;
    %load/vec4 v000002b89226ffc0_0;
    %nor/r;
    %flag_set/vec4 8;
    %jmp/0xz  T_47.0, 8;
    %pushi/vec4 0, 0, 256;
    %assign/vec4 v000002b8920779a0_0, 0;
    %jmp T_47.1;
T_47.0 ;
    %load/vec4 v000002b8920779a0_0;
    %parti/s 224, 0, 2;
    %load/vec4 v000002b892270ba0_0;
    %parti/s 32, 224, 9;
    %concat/vec4; draw_concat_vec4
    %assign/vec4 v000002b8920779a0_0, 0;
T_47.1 ;
    %jmp T_47;
    .thread T_47;
    .scope S_000002b892165380;
T_48 ;
    %wait E_000002b89208b550;
    %load/vec4 v000002b89226ffc0_0;
    %nor/r;
    %flag_set/vec4 8;
    %jmp/0xz  T_48.0, 8;
    %pushi/vec4 0, 0, 224;
    %assign/vec4 v000002b892077cc0_0, 0;
    %jmp T_48.1;
T_48.0 ;
    %load/vec4 v000002b892077cc0_0;
    %parti/s 192, 0, 2;
    %load/vec4 v000002b892270ba0_0;
    %parti/s 32, 256, 10;
    %concat/vec4; draw_concat_vec4
    %assign/vec4 v000002b892077cc0_0, 0;
T_48.1 ;
    %jmp T_48;
    .thread T_48;
    .scope S_000002b892165510;
T_49 ;
    %wait E_000002b89208b550;
    %load/vec4 v000002b89226ffc0_0;
    %nor/r;
    %flag_set/vec4 8;
    %jmp/0xz  T_49.0, 8;
    %pushi/vec4 0, 0, 192;
    %assign/vec4 v000002b892077ae0_0, 0;
    %jmp T_49.1;
T_49.0 ;
    %load/vec4 v000002b892077ae0_0;
    %parti/s 160, 0, 2;
    %load/vec4 v000002b892270ba0_0;
    %parti/s 32, 288, 10;
    %concat/vec4; draw_concat_vec4
    %assign/vec4 v000002b892077ae0_0, 0;
T_49.1 ;
    %jmp T_49;
    .thread T_49;
    .scope S_000002b892168b00;
T_50 ;
    %wait E_000002b89208b550;
    %load/vec4 v000002b89226ffc0_0;
    %nor/r;
    %flag_set/vec4 8;
    %jmp/0xz  T_50.0, 8;
    %pushi/vec4 0, 0, 160;
    %assign/vec4 v000002b8920765a0_0, 0;
    %jmp T_50.1;
T_50.0 ;
    %load/vec4 v000002b8920765a0_0;
    %parti/s 128, 0, 2;
    %load/vec4 v000002b892270ba0_0;
    %parti/s 32, 320, 10;
    %concat/vec4; draw_concat_vec4
    %assign/vec4 v000002b8920765a0_0, 0;
T_50.1 ;
    %jmp T_50;
    .thread T_50;
    .scope S_000002b892167840;
T_51 ;
    %wait E_000002b89208b550;
    %load/vec4 v000002b89226ffc0_0;
    %nor/r;
    %flag_set/vec4 8;
    %jmp/0xz  T_51.0, 8;
    %pushi/vec4 0, 0, 128;
    %assign/vec4 v000002b8920774a0_0, 0;
    %jmp T_51.1;
T_51.0 ;
    %load/vec4 v000002b8920774a0_0;
    %parti/s 96, 0, 2;
    %load/vec4 v000002b892270ba0_0;
    %parti/s 32, 352, 10;
    %concat/vec4; draw_concat_vec4
    %assign/vec4 v000002b8920774a0_0, 0;
T_51.1 ;
    %jmp T_51;
    .thread T_51;
    .scope S_000002b892168e20;
T_52 ;
    %wait E_000002b89208b550;
    %load/vec4 v000002b89226ffc0_0;
    %nor/r;
    %flag_set/vec4 8;
    %jmp/0xz  T_52.0, 8;
    %pushi/vec4 0, 0, 96;
    %assign/vec4 v000002b892076dc0_0, 0;
    %jmp T_52.1;
T_52.0 ;
    %load/vec4 v000002b892076dc0_0;
    %parti/s 64, 0, 2;
    %load/vec4 v000002b892270ba0_0;
    %parti/s 32, 384, 10;
    %concat/vec4; draw_concat_vec4
    %assign/vec4 v000002b892076dc0_0, 0;
T_52.1 ;
    %jmp T_52;
    .thread T_52;
    .scope S_000002b892168650;
T_53 ;
    %wait E_000002b89208b550;
    %load/vec4 v000002b89226ffc0_0;
    %nor/r;
    %flag_set/vec4 8;
    %jmp/0xz  T_53.0, 8;
    %pushi/vec4 0, 0, 64;
    %assign/vec4 v000002b8920761e0_0, 0;
    %jmp T_53.1;
T_53.0 ;
    %load/vec4 v000002b8920761e0_0;
    %parti/s 32, 0, 2;
    %load/vec4 v000002b892270ba0_0;
    %parti/s 32, 416, 10;
    %concat/vec4; draw_concat_vec4
    %assign/vec4 v000002b8920761e0_0, 0;
T_53.1 ;
    %jmp T_53;
    .thread T_53;
    .scope S_000002b892167b60;
T_54 ;
    %wait E_000002b89208b550;
    %load/vec4 v000002b89226ffc0_0;
    %nor/r;
    %flag_set/vec4 8;
    %jmp/0xz  T_54.0, 8;
    %pushi/vec4 0, 0, 32;
    %assign/vec4 v000002b8920781c0_0, 0;
    %jmp T_54.1;
T_54.0 ;
    %load/vec4 v000002b892270ba0_0;
    %parti/s 32, 448, 10;
    %assign/vec4 v000002b8920781c0_0, 0;
T_54.1 ;
    %jmp T_54;
    .thread T_54;
    .scope S_000002b89225cea0;
T_55 ;
    %wait E_000002b89208b550;
    %load/vec4 v000002b89226c820_0;
    %nor/r;
    %flag_set/vec4 8;
    %jmp/0xz  T_55.0, 8;
    %pushi/vec4 0, 0, 3;
    %assign/vec4 v000002b89226c8c0_0, 0;
    %jmp T_55.1;
T_55.0 ;
    %load/vec4 v000002b89226c6e0_0;
    %assign/vec4 v000002b89226c8c0_0, 0;
T_55.1 ;
    %jmp T_55;
    .thread T_55;
    .scope S_000002b89225cea0;
T_56 ;
    %wait E_000002b89208c290;
    %load/vec4 v000002b89226c8c0_0;
    %store/vec4 v000002b89226c6e0_0, 0, 3;
    %load/vec4 v000002b89226c8c0_0;
    %dup/vec4;
    %pushi/vec4 0, 0, 3;
    %cmp/u;
    %jmp/1 T_56.0, 6;
    %dup/vec4;
    %pushi/vec4 1, 0, 3;
    %cmp/u;
    %jmp/1 T_56.1, 6;
    %dup/vec4;
    %pushi/vec4 2, 0, 3;
    %cmp/u;
    %jmp/1 T_56.2, 6;
    %dup/vec4;
    %pushi/vec4 3, 0, 3;
    %cmp/u;
    %jmp/1 T_56.3, 6;
    %dup/vec4;
    %pushi/vec4 4, 0, 3;
    %cmp/u;
    %jmp/1 T_56.4, 6;
    %pushi/vec4 0, 0, 3;
    %store/vec4 v000002b89226c6e0_0, 0, 3;
    %jmp T_56.6;
T_56.0 ;
    %load/vec4 v000002b89226ce60_0;
    %flag_set/vec4 8;
    %jmp/0xz  T_56.7, 8;
    %pushi/vec4 1, 0, 3;
    %store/vec4 v000002b89226c6e0_0, 0, 3;
T_56.7 ;
    %jmp T_56.6;
T_56.1 ;
    %load/vec4 v000002b89226c1e0_0;
    %cmpi/u 12, 0, 32;
    %flag_inv 5; GE is !LT
    %jmp/0xz  T_56.9, 5;
    %pushi/vec4 2, 0, 3;
    %store/vec4 v000002b89226c6e0_0, 0, 3;
T_56.9 ;
    %jmp T_56.6;
T_56.2 ;
    %load/vec4 v000002b89226e440_0;
    %subi 1, 0, 32;
    %load/vec4 v000002b89226da40_0;
    %cmp/u;
    %flag_or 5, 4;
    %jmp/0xz  T_56.11, 5;
    %pushi/vec4 3, 0, 3;
    %store/vec4 v000002b89226c6e0_0, 0, 3;
T_56.11 ;
    %jmp T_56.6;
T_56.3 ;
    %load/vec4 v000002b89226d9a0_0;
    %pad/u 33;
    %cmpi/u 27, 0, 33;
    %flag_inv 5; GE is !LT
    %jmp/0xz  T_56.13, 5;
    %pushi/vec4 4, 0, 3;
    %store/vec4 v000002b89226c6e0_0, 0, 3;
T_56.13 ;
    %jmp T_56.6;
T_56.4 ;
    %pushi/vec4 0, 0, 3;
    %store/vec4 v000002b89226c6e0_0, 0, 3;
    %jmp T_56.6;
T_56.6 ;
    %pop/vec4 1;
    %jmp T_56;
    .thread T_56, $push;
    .scope S_000002b89225cea0;
T_57 ;
    %wait E_000002b89208b550;
    %load/vec4 v000002b89226c820_0;
    %nor/r;
    %flag_set/vec4 8;
    %jmp/0xz  T_57.0, 8;
    %pushi/vec4 0, 0, 1;
    %assign/vec4 v000002b89226c320_0, 0;
    %pushi/vec4 0, 0, 1;
    %assign/vec4 v000002b89226d040_0, 0;
    %pushi/vec4 0, 0, 1;
    %assign/vec4 v000002b89226d0e0_0, 0;
    %pushi/vec4 0, 0, 1;
    %assign/vec4 v000002b89226c460_0, 0;
    %pushi/vec4 0, 0, 1;
    %assign/vec4 v000002b89226c5a0_0, 0;
    %pushi/vec4 1, 0, 1;
    %assign/vec4 v000002b89226e3a0_0, 0;
    %pushi/vec4 0, 0, 32;
    %assign/vec4 v000002b89226e760_0, 0;
    %pushi/vec4 0, 0, 32;
    %assign/vec4 v000002b89226da40_0, 0;
    %pushi/vec4 0, 0, 32;
    %assign/vec4 v000002b89226d9a0_0, 0;
    %pushi/vec4 0, 0, 32;
    %assign/vec4 v000002b89226c960_0, 0;
    %pushi/vec4 0, 0, 32;
    %assign/vec4 v000002b89226c1e0_0, 0;
    %pushi/vec4 0, 0, 32;
    %assign/vec4 v000002b89226dae0_0, 0;
    %jmp T_57.1;
T_57.0 ;
    %load/vec4 v000002b89226dcc0_0;
    %flag_set/vec4 8;
    %jmp/0xz  T_57.2, 8;
    %pushi/vec4 0, 0, 32;
    %assign/vec4 v000002b89226e760_0, 0;
    %pushi/vec4 0, 0, 32;
    %assign/vec4 v000002b89226da40_0, 0;
    %pushi/vec4 0, 0, 32;
    %assign/vec4 v000002b89226d9a0_0, 0;
    %pushi/vec4 0, 0, 32;
    %assign/vec4 v000002b89226c960_0, 0;
    %pushi/vec4 0, 0, 32;
    %assign/vec4 v000002b89226c1e0_0, 0;
    %pushi/vec4 0, 0, 32;
    %assign/vec4 v000002b89226dae0_0, 0;
T_57.2 ;
    %pushi/vec4 0, 0, 1;
    %assign/vec4 v000002b89226c320_0, 0;
    %pushi/vec4 0, 0, 1;
    %assign/vec4 v000002b89226d040_0, 0;
    %pushi/vec4 0, 0, 1;
    %assign/vec4 v000002b89226d0e0_0, 0;
    %pushi/vec4 0, 0, 1;
    %assign/vec4 v000002b89226c460_0, 0;
    %pushi/vec4 0, 0, 1;
    %assign/vec4 v000002b89226c5a0_0, 0;
    %pushi/vec4 0, 0, 1;
    %assign/vec4 v000002b89226e3a0_0, 0;
    %load/vec4 v000002b89226c8c0_0;
    %dup/vec4;
    %pushi/vec4 0, 0, 3;
    %cmp/u;
    %jmp/1 T_57.4, 6;
    %dup/vec4;
    %pushi/vec4 1, 0, 3;
    %cmp/u;
    %jmp/1 T_57.5, 6;
    %dup/vec4;
    %pushi/vec4 2, 0, 3;
    %cmp/u;
    %jmp/1 T_57.6, 6;
    %dup/vec4;
    %pushi/vec4 3, 0, 3;
    %cmp/u;
    %jmp/1 T_57.7, 6;
    %dup/vec4;
    %pushi/vec4 4, 0, 3;
    %cmp/u;
    %jmp/1 T_57.8, 6;
    %jmp T_57.9;
T_57.4 ;
    %pushi/vec4 1, 0, 1;
    %assign/vec4 v000002b89226e3a0_0, 0;
    %pushi/vec4 0, 0, 32;
    %assign/vec4 v000002b89226e760_0, 0;
    %pushi/vec4 0, 0, 32;
    %assign/vec4 v000002b89226da40_0, 0;
    %pushi/vec4 0, 0, 32;
    %assign/vec4 v000002b89226d9a0_0, 0;
    %pushi/vec4 0, 0, 32;
    %assign/vec4 v000002b89226c960_0, 0;
    %pushi/vec4 0, 0, 32;
    %assign/vec4 v000002b89226c1e0_0, 0;
    %pushi/vec4 0, 0, 32;
    %assign/vec4 v000002b89226dae0_0, 0;
    %jmp T_57.9;
T_57.5 ;
    %load/vec4 v000002b89226c960_0;
    %cmpi/u 24, 0, 32;
    %jmp/0xz  T_57.10, 5;
    %pushi/vec4 1, 0, 1;
    %assign/vec4 v000002b89226c320_0, 0;
    %load/vec4 v000002b89226de00_0;
    %flag_set/vec4 8;
    %jmp/0xz  T_57.12, 8;
    %load/vec4 v000002b89226c960_0;
    %addi 1, 0, 32;
    %assign/vec4 v000002b89226c960_0, 0;
    %load/vec4 v000002b89226e760_0;
    %addi 1, 0, 32;
    %assign/vec4 v000002b89226e760_0, 0;
T_57.12 ;
    %jmp T_57.11;
T_57.10 ;
    %load/vec4 v000002b89226dae0_0;
    %cmpi/u 2, 0, 32;
    %jmp/0xz  T_57.14, 5;
    %load/vec4 v000002b89226dae0_0;
    %addi 1, 0, 32;
    %assign/vec4 v000002b89226dae0_0, 0;
    %load/vec4 v000002b89226e760_0;
    %addi 1, 0, 32;
    %assign/vec4 v000002b89226e760_0, 0;
    %jmp T_57.15;
T_57.14 ;
    %pushi/vec4 1, 0, 1;
    %assign/vec4 v000002b89226d040_0, 0;
    %load/vec4 v000002b89226dea0_0;
    %flag_set/vec4 9;
    %flag_get/vec4 9;
    %jmp/0 T_57.18, 9;
    %load/vec4 v000002b89226c1e0_0;
    %cmpi/u 12, 0, 32;
    %flag_get/vec4 5;
    %and;
T_57.18;
    %flag_set/vec4 8;
    %jmp/0xz  T_57.16, 8;
    %load/vec4 v000002b89226c1e0_0;
    %addi 1, 0, 32;
    %assign/vec4 v000002b89226c1e0_0, 0;
    %load/vec4 v000002b89226e760_0;
    %addi 1, 0, 32;
    %assign/vec4 v000002b89226e760_0, 0;
T_57.16 ;
T_57.15 ;
T_57.11 ;
    %jmp T_57.9;
T_57.6 ;
    %pushi/vec4 1, 0, 1;
    %assign/vec4 v000002b89226d0e0_0, 0;
    %load/vec4 v000002b89226c500_0;
    %flag_set/vec4 8;
    %jmp/0xz  T_57.19, 8;
    %load/vec4 v000002b89226da40_0;
    %addi 1, 0, 32;
    %assign/vec4 v000002b89226da40_0, 0;
T_57.19 ;
    %jmp T_57.9;
T_57.7 ;
    %pushi/vec4 1, 0, 1;
    %assign/vec4 v000002b89226c460_0, 0;
    %load/vec4 v000002b89226d9a0_0;
    %addi 1, 0, 32;
    %assign/vec4 v000002b89226d9a0_0, 0;
    %jmp T_57.9;
T_57.8 ;
    %pushi/vec4 1, 0, 1;
    %assign/vec4 v000002b89226c5a0_0, 0;
    %jmp T_57.9;
T_57.9 ;
    %pop/vec4 1;
T_57.1 ;
    %jmp T_57;
    .thread T_57;
    .scope S_000002b89217e9b0;
T_58 ;
    %wait E_000002b89208b550;
    %load/vec4 v000002b891ee4fb0_0;
    %nor/r;
    %flag_set/vec4 8;
    %jmp/0xz  T_58.0, 8;
    %pushi/vec4 0, 0, 8;
    %assign/vec4 v000002b891ee6450_0, 0;
    %pushi/vec4 0, 0, 8;
    %assign/vec4 v000002b891ee5e10_0, 0;
    %pushi/vec4 0, 0, 32;
    %assign/vec4 v000002b891ee5af0_0, 0;
    %jmp T_58.1;
T_58.0 ;
    %load/vec4 v000002b891ee4f10_0;
    %flag_set/vec4 8;
    %jmp/0xz  T_58.2, 8;
    %load/vec4 v000002b891ee59b0_0;
    %assign/vec4 v000002b891ee6450_0, 0;
T_58.2 ;
    %load/vec4 v000002b891ee63b0_0;
    %flag_set/vec4 8;
    %jmp/0xz  T_58.4, 8;
    %load/vec4 v000002b891ee57d0_0;
    %assign/vec4 v000002b891ee5e10_0, 0;
    %load/vec4 v000002b891ee5410_0;
    %load/vec4 v000002b891ee57d0_0;
    %pad/s 32;
    %load/vec4 v000002b891ee6450_0;
    %pad/s 32;
    %mul;
    %add;
    %assign/vec4 v000002b891ee5af0_0, 0;
T_58.4 ;
T_58.1 ;
    %jmp T_58;
    .thread T_58;
    .scope S_000002b89217e370;
T_59 ;
    %wait E_000002b89208b550;
    %load/vec4 v000002b891ee4650_0;
    %nor/r;
    %flag_set/vec4 8;
    %jmp/0xz  T_59.0, 8;
    %pushi/vec4 0, 0, 8;
    %assign/vec4 v000002b891ee4330_0, 0;
    %pushi/vec4 0, 0, 8;
    %assign/vec4 v000002b891ee66d0_0, 0;
    %pushi/vec4 0, 0, 32;
    %assign/vec4 v000002b891ee6770_0, 0;
    %jmp T_59.1;
T_59.0 ;
    %load/vec4 v000002b891ee4470_0;
    %flag_set/vec4 8;
    %jmp/0xz  T_59.2, 8;
    %load/vec4 v000002b891ee4150_0;
    %assign/vec4 v000002b891ee4330_0, 0;
T_59.2 ;
    %load/vec4 v000002b891ee6130_0;
    %flag_set/vec4 8;
    %jmp/0xz  T_59.4, 8;
    %load/vec4 v000002b891ee5b90_0;
    %assign/vec4 v000002b891ee66d0_0, 0;
    %load/vec4 v000002b891ee46f0_0;
    %load/vec4 v000002b891ee5b90_0;
    %pad/s 32;
    %load/vec4 v000002b891ee4330_0;
    %pad/s 32;
    %mul;
    %add;
    %assign/vec4 v000002b891ee6770_0, 0;
T_59.4 ;
T_59.1 ;
    %jmp T_59;
    .thread T_59;
    .scope S_000002b89217e690;
T_60 ;
    %wait E_000002b89208b550;
    %load/vec4 v000002b891f11160_0;
    %nor/r;
    %flag_set/vec4 8;
    %jmp/0xz  T_60.0, 8;
    %pushi/vec4 0, 0, 8;
    %assign/vec4 v000002b891f11020_0, 0;
    %pushi/vec4 0, 0, 8;
    %assign/vec4 v000002b891f10c60_0, 0;
    %pushi/vec4 0, 0, 32;
    %assign/vec4 v000002b891f10e40_0, 0;
    %jmp T_60.1;
T_60.0 ;
    %load/vec4 v000002b891f11ca0_0;
    %flag_set/vec4 8;
    %jmp/0xz  T_60.2, 8;
    %load/vec4 v000002b891f11d40_0;
    %assign/vec4 v000002b891f11020_0, 0;
T_60.2 ;
    %load/vec4 v000002b891f118e0_0;
    %flag_set/vec4 8;
    %jmp/0xz  T_60.4, 8;
    %load/vec4 v000002b891f11c00_0;
    %assign/vec4 v000002b891f10c60_0, 0;
    %load/vec4 v000002b891f10bc0_0;
    %load/vec4 v000002b891f11c00_0;
    %pad/s 32;
    %load/vec4 v000002b891f11020_0;
    %pad/s 32;
    %mul;
    %add;
    %assign/vec4 v000002b891f10e40_0, 0;
T_60.4 ;
T_60.1 ;
    %jmp T_60;
    .thread T_60;
    .scope S_000002b892182520;
T_61 ;
    %wait E_000002b89208b550;
    %load/vec4 v000002b891f0ea00_0;
    %nor/r;
    %flag_set/vec4 8;
    %jmp/0xz  T_61.0, 8;
    %pushi/vec4 0, 0, 8;
    %assign/vec4 v000002b891f10580_0, 0;
    %pushi/vec4 0, 0, 8;
    %assign/vec4 v000002b891f104e0_0, 0;
    %pushi/vec4 0, 0, 32;
    %assign/vec4 v000002b891f10800_0, 0;
    %jmp T_61.1;
T_61.0 ;
    %load/vec4 v000002b891f0e3c0_0;
    %flag_set/vec4 8;
    %jmp/0xz  T_61.2, 8;
    %load/vec4 v000002b891f10440_0;
    %assign/vec4 v000002b891f10580_0, 0;
T_61.2 ;
    %load/vec4 v000002b891f10260_0;
    %flag_set/vec4 8;
    %jmp/0xz  T_61.4, 8;
    %load/vec4 v000002b891f0e8c0_0;
    %assign/vec4 v000002b891f104e0_0, 0;
    %load/vec4 v000002b891f0f680_0;
    %load/vec4 v000002b891f0e8c0_0;
    %pad/s 32;
    %load/vec4 v000002b891f10580_0;
    %pad/s 32;
    %mul;
    %add;
    %assign/vec4 v000002b891f10800_0, 0;
T_61.4 ;
T_61.1 ;
    %jmp T_61;
    .thread T_61;
    .scope S_000002b892182b60;
T_62 ;
    %wait E_000002b89208b550;
    %load/vec4 v000002b891f67fb0_0;
    %nor/r;
    %flag_set/vec4 8;
    %jmp/0xz  T_62.0, 8;
    %pushi/vec4 0, 0, 8;
    %assign/vec4 v000002b891f671f0_0, 0;
    %pushi/vec4 0, 0, 8;
    %assign/vec4 v000002b891f0f360_0, 0;
    %pushi/vec4 0, 0, 32;
    %assign/vec4 v000002b891f66d90_0, 0;
    %jmp T_62.1;
T_62.0 ;
    %load/vec4 v000002b891f0f4a0_0;
    %flag_set/vec4 8;
    %jmp/0xz  T_62.2, 8;
    %load/vec4 v000002b891f0f2c0_0;
    %assign/vec4 v000002b891f671f0_0, 0;
T_62.2 ;
    %load/vec4 v000002b891f0edc0_0;
    %flag_set/vec4 8;
    %jmp/0xz  T_62.4, 8;
    %load/vec4 v000002b891f0ee60_0;
    %assign/vec4 v000002b891f0f360_0, 0;
    %load/vec4 v000002b891f0f180_0;
    %load/vec4 v000002b891f0ee60_0;
    %pad/s 32;
    %load/vec4 v000002b891f671f0_0;
    %pad/s 32;
    %mul;
    %add;
    %assign/vec4 v000002b891f66d90_0, 0;
T_62.4 ;
T_62.1 ;
    %jmp T_62;
    .thread T_62;
    .scope S_000002b8921813f0;
T_63 ;
    %wait E_000002b89208b550;
    %load/vec4 v000002b891f66110_0;
    %nor/r;
    %flag_set/vec4 8;
    %jmp/0xz  T_63.0, 8;
    %pushi/vec4 0, 0, 8;
    %assign/vec4 v000002b891f67790_0, 0;
    %pushi/vec4 0, 0, 8;
    %assign/vec4 v000002b891f68550_0, 0;
    %pushi/vec4 0, 0, 32;
    %assign/vec4 v000002b891f670b0_0, 0;
    %jmp T_63.1;
T_63.0 ;
    %load/vec4 v000002b891f676f0_0;
    %flag_set/vec4 8;
    %jmp/0xz  T_63.2, 8;
    %load/vec4 v000002b891f68410_0;
    %assign/vec4 v000002b891f67790_0, 0;
T_63.2 ;
    %load/vec4 v000002b891f682d0_0;
    %flag_set/vec4 8;
    %jmp/0xz  T_63.4, 8;
    %load/vec4 v000002b891f67650_0;
    %assign/vec4 v000002b891f68550_0, 0;
    %load/vec4 v000002b891f66b10_0;
    %load/vec4 v000002b891f67650_0;
    %pad/s 32;
    %load/vec4 v000002b891f67790_0;
    %pad/s 32;
    %mul;
    %add;
    %assign/vec4 v000002b891f670b0_0, 0;
T_63.4 ;
T_63.1 ;
    %jmp T_63;
    .thread T_63;
    .scope S_000002b892182070;
T_64 ;
    %wait E_000002b89208b550;
    %load/vec4 v000002b891f69090_0;
    %nor/r;
    %flag_set/vec4 8;
    %jmp/0xz  T_64.0, 8;
    %pushi/vec4 0, 0, 8;
    %assign/vec4 v000002b891f69e50_0, 0;
    %pushi/vec4 0, 0, 8;
    %assign/vec4 v000002b891f699f0_0, 0;
    %pushi/vec4 0, 0, 32;
    %assign/vec4 v000002b891f68c30_0, 0;
    %jmp T_64.1;
T_64.0 ;
    %load/vec4 v000002b891f68d70_0;
    %flag_set/vec4 8;
    %jmp/0xz  T_64.2, 8;
    %load/vec4 v000002b891f691d0_0;
    %assign/vec4 v000002b891f69e50_0, 0;
T_64.2 ;
    %load/vec4 v000002b891f66930_0;
    %flag_set/vec4 8;
    %jmp/0xz  T_64.4, 8;
    %load/vec4 v000002b891f689b0_0;
    %assign/vec4 v000002b891f699f0_0, 0;
    %load/vec4 v000002b891f696d0_0;
    %load/vec4 v000002b891f689b0_0;
    %pad/s 32;
    %load/vec4 v000002b891f69e50_0;
    %pad/s 32;
    %mul;
    %add;
    %assign/vec4 v000002b891f68c30_0, 0;
T_64.4 ;
T_64.1 ;
    %jmp T_64;
    .thread T_64;
    .scope S_000002b8921818a0;
T_65 ;
    %wait E_000002b89208b550;
    %load/vec4 v000002b891dcdfa0_0;
    %nor/r;
    %flag_set/vec4 8;
    %jmp/0xz  T_65.0, 8;
    %pushi/vec4 0, 0, 8;
    %assign/vec4 v000002b891dcde60_0, 0;
    %pushi/vec4 0, 0, 8;
    %assign/vec4 v000002b891dcecc0_0, 0;
    %pushi/vec4 0, 0, 32;
    %assign/vec4 v000002b891dcd820_0, 0;
    %jmp T_65.1;
T_65.0 ;
    %load/vec4 v000002b891dcef40_0;
    %flag_set/vec4 8;
    %jmp/0xz  T_65.2, 8;
    %load/vec4 v000002b891dcda00_0;
    %assign/vec4 v000002b891dcde60_0, 0;
T_65.2 ;
    %load/vec4 v000002b891f69b30_0;
    %flag_set/vec4 8;
    %jmp/0xz  T_65.4, 8;
    %load/vec4 v000002b891dcd960_0;
    %assign/vec4 v000002b891dcecc0_0, 0;
    %load/vec4 v000002b891dce720_0;
    %load/vec4 v000002b891dcd960_0;
    %pad/s 32;
    %load/vec4 v000002b891dcde60_0;
    %pad/s 32;
    %mul;
    %add;
    %assign/vec4 v000002b891dcd820_0, 0;
T_65.4 ;
T_65.1 ;
    %jmp T_65;
    .thread T_65;
    .scope S_000002b892184850;
T_66 ;
    %wait E_000002b89208b550;
    %load/vec4 v000002b891dced60_0;
    %nor/r;
    %flag_set/vec4 8;
    %jmp/0xz  T_66.0, 8;
    %pushi/vec4 0, 0, 8;
    %assign/vec4 v000002b891dce220_0, 0;
    %pushi/vec4 0, 0, 8;
    %assign/vec4 v000002b891dcf1c0_0, 0;
    %pushi/vec4 0, 0, 32;
    %assign/vec4 v000002b891dce0e0_0, 0;
    %jmp T_66.1;
T_66.0 ;
    %load/vec4 v000002b891dce180_0;
    %flag_set/vec4 8;
    %jmp/0xz  T_66.2, 8;
    %load/vec4 v000002b891dce540_0;
    %assign/vec4 v000002b891dce220_0, 0;
T_66.2 ;
    %load/vec4 v000002b891dce400_0;
    %flag_set/vec4 8;
    %jmp/0xz  T_66.4, 8;
    %load/vec4 v000002b891dce9a0_0;
    %assign/vec4 v000002b891dcf1c0_0, 0;
    %load/vec4 v000002b891dcf080_0;
    %load/vec4 v000002b891dce9a0_0;
    %pad/s 32;
    %load/vec4 v000002b891dce220_0;
    %pad/s 32;
    %mul;
    %add;
    %assign/vec4 v000002b891dce0e0_0, 0;
T_66.4 ;
T_66.1 ;
    %jmp T_66;
    .thread T_66;
    .scope S_000002b8921843a0;
T_67 ;
    %wait E_000002b89208b550;
    %load/vec4 v000002b891dbdde0_0;
    %nor/r;
    %flag_set/vec4 8;
    %jmp/0xz  T_67.0, 8;
    %pushi/vec4 0, 0, 8;
    %assign/vec4 v000002b891dbd980_0, 0;
    %pushi/vec4 0, 0, 8;
    %assign/vec4 v000002b891dbc8a0_0, 0;
    %pushi/vec4 0, 0, 32;
    %assign/vec4 v000002b891dbc4e0_0, 0;
    %jmp T_67.1;
T_67.0 ;
    %load/vec4 v000002b891dbd2a0_0;
    %flag_set/vec4 8;
    %jmp/0xz  T_67.2, 8;
    %load/vec4 v000002b891dbcda0_0;
    %assign/vec4 v000002b891dbd980_0, 0;
T_67.2 ;
    %load/vec4 v000002b891dcd5a0_0;
    %flag_set/vec4 8;
    %jmp/0xz  T_67.4, 8;
    %load/vec4 v000002b891dcd6e0_0;
    %assign/vec4 v000002b891dbc8a0_0, 0;
    %load/vec4 v000002b891dcd780_0;
    %load/vec4 v000002b891dcd6e0_0;
    %pad/s 32;
    %load/vec4 v000002b891dbd980_0;
    %pad/s 32;
    %mul;
    %add;
    %assign/vec4 v000002b891dbc4e0_0, 0;
T_67.4 ;
T_67.1 ;
    %jmp T_67;
    .thread T_67;
    .scope S_000002b892183bd0;
T_68 ;
    %wait E_000002b89208b550;
    %load/vec4 v000002b891dbd0c0_0;
    %nor/r;
    %flag_set/vec4 8;
    %jmp/0xz  T_68.0, 8;
    %pushi/vec4 0, 0, 8;
    %assign/vec4 v000002b891dbcf80_0, 0;
    %pushi/vec4 0, 0, 8;
    %assign/vec4 v000002b891dbdfc0_0, 0;
    %pushi/vec4 0, 0, 32;
    %assign/vec4 v000002b891dbdc00_0, 0;
    %jmp T_68.1;
T_68.0 ;
    %load/vec4 v000002b891dbd660_0;
    %flag_set/vec4 8;
    %jmp/0xz  T_68.2, 8;
    %load/vec4 v000002b891dbdac0_0;
    %assign/vec4 v000002b891dbcf80_0, 0;
T_68.2 ;
    %load/vec4 v000002b891dbdf20_0;
    %flag_set/vec4 8;
    %jmp/0xz  T_68.4, 8;
    %load/vec4 v000002b891dbd520_0;
    %assign/vec4 v000002b891dbdfc0_0, 0;
    %load/vec4 v000002b891dbcee0_0;
    %load/vec4 v000002b891dbd520_0;
    %pad/s 32;
    %load/vec4 v000002b891dbcf80_0;
    %pad/s 32;
    %mul;
    %add;
    %assign/vec4 v000002b891dbdc00_0, 0;
T_68.4 ;
T_68.1 ;
    %jmp T_68;
    .thread T_68;
    .scope S_000002b8921846c0;
T_69 ;
    %wait E_000002b89208b550;
    %load/vec4 v000002b891ddd850_0;
    %nor/r;
    %flag_set/vec4 8;
    %jmp/0xz  T_69.0, 8;
    %pushi/vec4 0, 0, 8;
    %assign/vec4 v000002b891dde110_0, 0;
    %pushi/vec4 0, 0, 8;
    %assign/vec4 v000002b891dddcb0_0, 0;
    %pushi/vec4 0, 0, 32;
    %assign/vec4 v000002b891ddd170_0, 0;
    %jmp T_69.1;
T_69.0 ;
    %load/vec4 v000002b891ddd710_0;
    %flag_set/vec4 8;
    %jmp/0xz  T_69.2, 8;
    %load/vec4 v000002b891dbc9e0_0;
    %assign/vec4 v000002b891dde110_0, 0;
T_69.2 ;
    %load/vec4 v000002b891dbcbc0_0;
    %flag_set/vec4 8;
    %jmp/0xz  T_69.4, 8;
    %load/vec4 v000002b891dbc760_0;
    %assign/vec4 v000002b891dddcb0_0, 0;
    %load/vec4 v000002b891dbcc60_0;
    %load/vec4 v000002b891dbc760_0;
    %pad/s 32;
    %load/vec4 v000002b891dde110_0;
    %pad/s 32;
    %mul;
    %add;
    %assign/vec4 v000002b891ddd170_0, 0;
T_69.4 ;
T_69.1 ;
    %jmp T_69;
    .thread T_69;
    .scope S_000002b892184d00;
T_70 ;
    %wait E_000002b89208b550;
    %load/vec4 v000002b891ddd7b0_0;
    %nor/r;
    %flag_set/vec4 8;
    %jmp/0xz  T_70.0, 8;
    %pushi/vec4 0, 0, 8;
    %assign/vec4 v000002b891dde9d0_0, 0;
    %pushi/vec4 0, 0, 8;
    %assign/vec4 v000002b891dde6b0_0, 0;
    %pushi/vec4 0, 0, 32;
    %assign/vec4 v000002b891dde930_0, 0;
    %jmp T_70.1;
T_70.0 ;
    %load/vec4 v000002b891ddd210_0;
    %flag_set/vec4 8;
    %jmp/0xz  T_70.2, 8;
    %load/vec4 v000002b891ddd670_0;
    %assign/vec4 v000002b891dde9d0_0, 0;
T_70.2 ;
    %load/vec4 v000002b891dddd50_0;
    %flag_set/vec4 8;
    %jmp/0xz  T_70.4, 8;
    %load/vec4 v000002b891dde4d0_0;
    %assign/vec4 v000002b891dde6b0_0, 0;
    %load/vec4 v000002b891dde610_0;
    %load/vec4 v000002b891dde4d0_0;
    %pad/s 32;
    %load/vec4 v000002b891dde9d0_0;
    %pad/s 32;
    %mul;
    %add;
    %assign/vec4 v000002b891dde930_0, 0;
T_70.4 ;
T_70.1 ;
    %jmp T_70;
    .thread T_70;
    .scope S_000002b8921858c0;
T_71 ;
    %wait E_000002b89208b550;
    %load/vec4 v000002b891e39b80_0;
    %nor/r;
    %flag_set/vec4 8;
    %jmp/0xz  T_71.0, 8;
    %pushi/vec4 0, 0, 8;
    %assign/vec4 v000002b891e383c0_0, 0;
    %pushi/vec4 0, 0, 8;
    %assign/vec4 v000002b891e38280_0, 0;
    %pushi/vec4 0, 0, 32;
    %assign/vec4 v000002b891e39680_0, 0;
    %jmp T_71.1;
T_71.0 ;
    %load/vec4 v000002b891e38780_0;
    %flag_set/vec4 8;
    %jmp/0xz  T_71.2, 8;
    %load/vec4 v000002b891e39ae0_0;
    %assign/vec4 v000002b891e383c0_0, 0;
T_71.2 ;
    %load/vec4 v000002b891e39a40_0;
    %flag_set/vec4 8;
    %jmp/0xz  T_71.4, 8;
    %load/vec4 v000002b891e381e0_0;
    %assign/vec4 v000002b891e38280_0, 0;
    %load/vec4 v000002b891e388c0_0;
    %load/vec4 v000002b891e381e0_0;
    %pad/s 32;
    %load/vec4 v000002b891e383c0_0;
    %pad/s 32;
    %mul;
    %add;
    %assign/vec4 v000002b891e39680_0, 0;
T_71.4 ;
T_71.1 ;
    %jmp T_71;
    .thread T_71;
    .scope S_000002b892186220;
T_72 ;
    %wait E_000002b89208b550;
    %load/vec4 v000002b891e518a0_0;
    %nor/r;
    %flag_set/vec4 8;
    %jmp/0xz  T_72.0, 8;
    %pushi/vec4 0, 0, 8;
    %assign/vec4 v000002b891e500e0_0, 0;
    %pushi/vec4 0, 0, 8;
    %assign/vec4 v000002b891e505e0_0, 0;
    %pushi/vec4 0, 0, 32;
    %assign/vec4 v000002b891e50b80_0, 0;
    %jmp T_72.1;
T_72.0 ;
    %load/vec4 v000002b891e50400_0;
    %flag_set/vec4 8;
    %jmp/0xz  T_72.2, 8;
    %load/vec4 v000002b891e50ae0_0;
    %assign/vec4 v000002b891e500e0_0, 0;
T_72.2 ;
    %load/vec4 v000002b891e39540_0;
    %flag_set/vec4 8;
    %jmp/0xz  T_72.4, 8;
    %load/vec4 v000002b891e39860_0;
    %assign/vec4 v000002b891e505e0_0, 0;
    %load/vec4 v000002b891e51f80_0;
    %load/vec4 v000002b891e39860_0;
    %pad/s 32;
    %load/vec4 v000002b891e500e0_0;
    %pad/s 32;
    %mul;
    %add;
    %assign/vec4 v000002b891e50b80_0, 0;
T_72.4 ;
T_72.1 ;
    %jmp T_72;
    .thread T_72;
    .scope S_000002b892186540;
T_73 ;
    %wait E_000002b89208b550;
    %load/vec4 v000002b891e3b9b0_0;
    %nor/r;
    %flag_set/vec4 8;
    %jmp/0xz  T_73.0, 8;
    %pushi/vec4 0, 0, 8;
    %assign/vec4 v000002b891e3aab0_0, 0;
    %pushi/vec4 0, 0, 8;
    %assign/vec4 v000002b891e51440_0, 0;
    %pushi/vec4 0, 0, 32;
    %assign/vec4 v000002b891e51940_0, 0;
    %jmp T_73.1;
T_73.0 ;
    %load/vec4 v000002b891e51300_0;
    %flag_set/vec4 8;
    %jmp/0xz  T_73.2, 8;
    %load/vec4 v000002b891e511c0_0;
    %assign/vec4 v000002b891e3aab0_0, 0;
T_73.2 ;
    %load/vec4 v000002b891e50720_0;
    %flag_set/vec4 8;
    %jmp/0xz  T_73.4, 8;
    %load/vec4 v000002b891e51120_0;
    %assign/vec4 v000002b891e51440_0, 0;
    %load/vec4 v000002b891e509a0_0;
    %load/vec4 v000002b891e51120_0;
    %pad/s 32;
    %load/vec4 v000002b891e3aab0_0;
    %pad/s 32;
    %mul;
    %add;
    %assign/vec4 v000002b891e51940_0, 0;
T_73.4 ;
T_73.1 ;
    %jmp T_73;
    .thread T_73;
    .scope S_000002b892186b80;
T_74 ;
    %wait E_000002b89208b550;
    %load/vec4 v000002b891e3b0f0_0;
    %nor/r;
    %flag_set/vec4 8;
    %jmp/0xz  T_74.0, 8;
    %pushi/vec4 0, 0, 8;
    %assign/vec4 v000002b891e3add0_0, 0;
    %pushi/vec4 0, 0, 8;
    %assign/vec4 v000002b891e3b230_0, 0;
    %pushi/vec4 0, 0, 32;
    %assign/vec4 v000002b891e3a6f0_0, 0;
    %jmp T_74.1;
T_74.0 ;
    %load/vec4 v000002b891e3a510_0;
    %flag_set/vec4 8;
    %jmp/0xz  T_74.2, 8;
    %load/vec4 v000002b891e3beb0_0;
    %assign/vec4 v000002b891e3add0_0, 0;
T_74.2 ;
    %load/vec4 v000002b891e3aa10_0;
    %flag_set/vec4 8;
    %jmp/0xz  T_74.4, 8;
    %load/vec4 v000002b891e3a470_0;
    %assign/vec4 v000002b891e3b230_0, 0;
    %load/vec4 v000002b891e3abf0_0;
    %load/vec4 v000002b891e3a470_0;
    %pad/s 32;
    %load/vec4 v000002b891e3add0_0;
    %pad/s 32;
    %mul;
    %add;
    %assign/vec4 v000002b891e3a6f0_0, 0;
T_74.4 ;
T_74.1 ;
    %jmp T_74;
    .thread T_74;
    .scope S_000002b8921863b0;
T_75 ;
    %wait E_000002b89208b550;
    %load/vec4 v000002b891e62800_0;
    %nor/r;
    %flag_set/vec4 8;
    %jmp/0xz  T_75.0, 8;
    %pushi/vec4 0, 0, 8;
    %assign/vec4 v000002b891e62da0_0, 0;
    %pushi/vec4 0, 0, 8;
    %assign/vec4 v000002b891e62760_0, 0;
    %pushi/vec4 0, 0, 32;
    %assign/vec4 v000002b891e635c0_0, 0;
    %jmp T_75.1;
T_75.0 ;
    %load/vec4 v000002b891e62120_0;
    %flag_set/vec4 8;
    %jmp/0xz  T_75.2, 8;
    %load/vec4 v000002b891e62580_0;
    %assign/vec4 v000002b891e62da0_0, 0;
T_75.2 ;
    %load/vec4 v000002b891e63020_0;
    %flag_set/vec4 8;
    %jmp/0xz  T_75.4, 8;
    %load/vec4 v000002b891e63ca0_0;
    %assign/vec4 v000002b891e62760_0, 0;
    %load/vec4 v000002b891e62b20_0;
    %load/vec4 v000002b891e63ca0_0;
    %pad/s 32;
    %load/vec4 v000002b891e62da0_0;
    %pad/s 32;
    %mul;
    %add;
    %assign/vec4 v000002b891e635c0_0, 0;
T_75.4 ;
T_75.1 ;
    %jmp T_75;
    .thread T_75;
    .scope S_000002b892189e50;
T_76 ;
    %wait E_000002b89208b550;
    %load/vec4 v000002b891e22930_0;
    %nor/r;
    %flag_set/vec4 8;
    %jmp/0xz  T_76.0, 8;
    %pushi/vec4 0, 0, 8;
    %assign/vec4 v000002b891e22890_0, 0;
    %pushi/vec4 0, 0, 8;
    %assign/vec4 v000002b891e226b0_0, 0;
    %pushi/vec4 0, 0, 32;
    %assign/vec4 v000002b891e227f0_0, 0;
    %jmp T_76.1;
T_76.0 ;
    %load/vec4 v000002b891e23bf0_0;
    %flag_set/vec4 8;
    %jmp/0xz  T_76.2, 8;
    %load/vec4 v000002b891e22e30_0;
    %assign/vec4 v000002b891e22890_0, 0;
T_76.2 ;
    %load/vec4 v000002b891e22430_0;
    %flag_set/vec4 8;
    %jmp/0xz  T_76.4, 8;
    %load/vec4 v000002b891e23150_0;
    %assign/vec4 v000002b891e226b0_0, 0;
    %load/vec4 v000002b891e231f0_0;
    %load/vec4 v000002b891e23150_0;
    %pad/s 32;
    %load/vec4 v000002b891e22890_0;
    %pad/s 32;
    %mul;
    %add;
    %assign/vec4 v000002b891e227f0_0, 0;
T_76.4 ;
T_76.1 ;
    %jmp T_76;
    .thread T_76;
    .scope S_000002b89218a490;
T_77 ;
    %wait E_000002b89208b550;
    %load/vec4 v000002b8921941a0_0;
    %nor/r;
    %flag_set/vec4 8;
    %jmp/0xz  T_77.0, 8;
    %pushi/vec4 0, 0, 8;
    %assign/vec4 v000002b892194c40_0, 0;
    %pushi/vec4 0, 0, 8;
    %assign/vec4 v000002b892193ca0_0, 0;
    %pushi/vec4 0, 0, 32;
    %assign/vec4 v000002b8921935c0_0, 0;
    %jmp T_77.1;
T_77.0 ;
    %load/vec4 v000002b891d93230_0;
    %flag_set/vec4 8;
    %jmp/0xz  T_77.2, 8;
    %load/vec4 v000002b891d93b90_0;
    %assign/vec4 v000002b892194c40_0, 0;
T_77.2 ;
    %load/vec4 v000002b891e238d0_0;
    %flag_set/vec4 8;
    %jmp/0xz  T_77.4, 8;
    %load/vec4 v000002b891d93eb0_0;
    %assign/vec4 v000002b892193ca0_0, 0;
    %load/vec4 v000002b891d935f0_0;
    %load/vec4 v000002b891d93eb0_0;
    %pad/s 32;
    %load/vec4 v000002b892194c40_0;
    %pad/s 32;
    %mul;
    %add;
    %assign/vec4 v000002b8921935c0_0, 0;
T_77.4 ;
T_77.1 ;
    %jmp T_77;
    .thread T_77;
    .scope S_000002b892187420;
T_78 ;
    %wait E_000002b89208b550;
    %load/vec4 v000002b892193c00_0;
    %nor/r;
    %flag_set/vec4 8;
    %jmp/0xz  T_78.0, 8;
    %pushi/vec4 0, 0, 8;
    %assign/vec4 v000002b892192b20_0, 0;
    %pushi/vec4 0, 0, 8;
    %assign/vec4 v000002b8921933e0_0, 0;
    %pushi/vec4 0, 0, 32;
    %assign/vec4 v000002b8921929e0_0, 0;
    %jmp T_78.1;
T_78.0 ;
    %load/vec4 v000002b892192e40_0;
    %flag_set/vec4 8;
    %jmp/0xz  T_78.2, 8;
    %load/vec4 v000002b892193b60_0;
    %assign/vec4 v000002b892192b20_0, 0;
T_78.2 ;
    %load/vec4 v000002b892194ba0_0;
    %flag_set/vec4 8;
    %jmp/0xz  T_78.4, 8;
    %load/vec4 v000002b892193f20_0;
    %assign/vec4 v000002b8921933e0_0, 0;
    %load/vec4 v000002b892193660_0;
    %load/vec4 v000002b892193f20_0;
    %pad/s 32;
    %load/vec4 v000002b892192b20_0;
    %pad/s 32;
    %mul;
    %add;
    %assign/vec4 v000002b8921929e0_0, 0;
T_78.4 ;
T_78.1 ;
    %jmp T_78;
    .thread T_78;
    .scope S_000002b89218a7b0;
T_79 ;
    %wait E_000002b89208b550;
    %load/vec4 v000002b8921937a0_0;
    %nor/r;
    %flag_set/vec4 8;
    %jmp/0xz  T_79.0, 8;
    %pushi/vec4 0, 0, 8;
    %assign/vec4 v000002b892193a20_0, 0;
    %pushi/vec4 0, 0, 8;
    %assign/vec4 v000002b892193340_0, 0;
    %pushi/vec4 0, 0, 32;
    %assign/vec4 v000002b8921946a0_0, 0;
    %jmp T_79.1;
T_79.0 ;
    %load/vec4 v000002b8921950a0_0;
    %flag_set/vec4 8;
    %jmp/0xz  T_79.2, 8;
    %load/vec4 v000002b892193fc0_0;
    %assign/vec4 v000002b892193a20_0, 0;
T_79.2 ;
    %load/vec4 v000002b892193020_0;
    %flag_set/vec4 8;
    %jmp/0xz  T_79.4, 8;
    %load/vec4 v000002b892193d40_0;
    %assign/vec4 v000002b892193340_0, 0;
    %load/vec4 v000002b892194420_0;
    %load/vec4 v000002b892193d40_0;
    %pad/s 32;
    %load/vec4 v000002b892193a20_0;
    %pad/s 32;
    %mul;
    %add;
    %assign/vec4 v000002b8921946a0_0, 0;
T_79.4 ;
T_79.1 ;
    %jmp T_79;
    .thread T_79;
    .scope S_000002b89218aad0;
T_80 ;
    %wait E_000002b89208b550;
    %load/vec4 v000002b892193200_0;
    %nor/r;
    %flag_set/vec4 8;
    %jmp/0xz  T_80.0, 8;
    %pushi/vec4 0, 0, 8;
    %assign/vec4 v000002b892194560_0, 0;
    %pushi/vec4 0, 0, 8;
    %assign/vec4 v000002b892193160_0, 0;
    %pushi/vec4 0, 0, 32;
    %assign/vec4 v000002b8921944c0_0, 0;
    %jmp T_80.1;
T_80.0 ;
    %load/vec4 v000002b8921942e0_0;
    %flag_set/vec4 8;
    %jmp/0xz  T_80.2, 8;
    %load/vec4 v000002b892194ce0_0;
    %assign/vec4 v000002b892194560_0, 0;
T_80.2 ;
    %load/vec4 v000002b892194d80_0;
    %flag_set/vec4 8;
    %jmp/0xz  T_80.4, 8;
    %load/vec4 v000002b892194b00_0;
    %assign/vec4 v000002b892193160_0, 0;
    %load/vec4 v000002b892193980_0;
    %load/vec4 v000002b892194b00_0;
    %pad/s 32;
    %load/vec4 v000002b892194560_0;
    %pad/s 32;
    %mul;
    %add;
    %assign/vec4 v000002b8921944c0_0, 0;
T_80.4 ;
T_80.1 ;
    %jmp T_80;
    .thread T_80;
    .scope S_000002b892187bf0;
T_81 ;
    %wait E_000002b89208b550;
    %load/vec4 v000002b892192d00_0;
    %nor/r;
    %flag_set/vec4 8;
    %jmp/0xz  T_81.0, 8;
    %pushi/vec4 0, 0, 8;
    %assign/vec4 v000002b892192c60_0, 0;
    %pushi/vec4 0, 0, 8;
    %assign/vec4 v000002b892192a80_0, 0;
    %pushi/vec4 0, 0, 32;
    %assign/vec4 v000002b892192bc0_0, 0;
    %jmp T_81.1;
T_81.0 ;
    %load/vec4 v000002b892192940_0;
    %flag_set/vec4 8;
    %jmp/0xz  T_81.2, 8;
    %load/vec4 v000002b892195000_0;
    %assign/vec4 v000002b892192c60_0, 0;
T_81.2 ;
    %load/vec4 v000002b892194ec0_0;
    %flag_set/vec4 8;
    %jmp/0xz  T_81.4, 8;
    %load/vec4 v000002b892194920_0;
    %assign/vec4 v000002b892192a80_0, 0;
    %load/vec4 v000002b892194f60_0;
    %load/vec4 v000002b892194920_0;
    %pad/s 32;
    %load/vec4 v000002b892192c60_0;
    %pad/s 32;
    %mul;
    %add;
    %assign/vec4 v000002b892192bc0_0, 0;
T_81.4 ;
T_81.1 ;
    %jmp T_81;
    .thread T_81;
    .scope S_000002b892187a60;
T_82 ;
    %wait E_000002b89208b550;
    %load/vec4 v000002b8921973a0_0;
    %nor/r;
    %flag_set/vec4 8;
    %jmp/0xz  T_82.0, 8;
    %pushi/vec4 0, 0, 8;
    %assign/vec4 v000002b8921962c0_0, 0;
    %pushi/vec4 0, 0, 8;
    %assign/vec4 v000002b892197300_0, 0;
    %pushi/vec4 0, 0, 32;
    %assign/vec4 v000002b8921978a0_0, 0;
    %jmp T_82.1;
T_82.0 ;
    %load/vec4 v000002b892197120_0;
    %flag_set/vec4 8;
    %jmp/0xz  T_82.2, 8;
    %load/vec4 v000002b892195780_0;
    %assign/vec4 v000002b8921962c0_0, 0;
T_82.2 ;
    %load/vec4 v000002b892197080_0;
    %flag_set/vec4 8;
    %jmp/0xz  T_82.4, 8;
    %load/vec4 v000002b892196220_0;
    %assign/vec4 v000002b892197300_0, 0;
    %load/vec4 v000002b8921964a0_0;
    %load/vec4 v000002b892196220_0;
    %pad/s 32;
    %load/vec4 v000002b8921962c0_0;
    %pad/s 32;
    %mul;
    %add;
    %assign/vec4 v000002b8921978a0_0, 0;
T_82.4 ;
T_82.1 ;
    %jmp T_82;
    .thread T_82;
    .scope S_000002b89218ac60;
T_83 ;
    %wait E_000002b89208b550;
    %load/vec4 v000002b892196a40_0;
    %nor/r;
    %flag_set/vec4 8;
    %jmp/0xz  T_83.0, 8;
    %pushi/vec4 0, 0, 8;
    %assign/vec4 v000002b8921971c0_0, 0;
    %pushi/vec4 0, 0, 8;
    %assign/vec4 v000002b892195280_0, 0;
    %pushi/vec4 0, 0, 32;
    %assign/vec4 v000002b8921974e0_0, 0;
    %jmp T_83.1;
T_83.0 ;
    %load/vec4 v000002b892196b80_0;
    %flag_set/vec4 8;
    %jmp/0xz  T_83.2, 8;
    %load/vec4 v000002b8921958c0_0;
    %assign/vec4 v000002b8921971c0_0, 0;
T_83.2 ;
    %load/vec4 v000002b8921951e0_0;
    %flag_set/vec4 8;
    %jmp/0xz  T_83.4, 8;
    %load/vec4 v000002b892195c80_0;
    %assign/vec4 v000002b892195280_0, 0;
    %load/vec4 v000002b892195dc0_0;
    %load/vec4 v000002b892195c80_0;
    %pad/s 32;
    %load/vec4 v000002b8921971c0_0;
    %pad/s 32;
    %mul;
    %add;
    %assign/vec4 v000002b8921974e0_0, 0;
T_83.4 ;
T_83.1 ;
    %jmp T_83;
    .thread T_83;
    .scope S_000002b892188870;
T_84 ;
    %wait E_000002b89208b550;
    %load/vec4 v000002b892195a00_0;
    %nor/r;
    %flag_set/vec4 8;
    %jmp/0xz  T_84.0, 8;
    %pushi/vec4 0, 0, 8;
    %assign/vec4 v000002b892195fa0_0, 0;
    %pushi/vec4 0, 0, 8;
    %assign/vec4 v000002b892196f40_0, 0;
    %pushi/vec4 0, 0, 32;
    %assign/vec4 v000002b892196720_0, 0;
    %jmp T_84.1;
T_84.0 ;
    %load/vec4 v000002b8921955a0_0;
    %flag_set/vec4 8;
    %jmp/0xz  T_84.2, 8;
    %load/vec4 v000002b8921956e0_0;
    %assign/vec4 v000002b892195fa0_0, 0;
T_84.2 ;
    %load/vec4 v000002b8921976c0_0;
    %flag_set/vec4 8;
    %jmp/0xz  T_84.4, 8;
    %load/vec4 v000002b892197760_0;
    %assign/vec4 v000002b892196f40_0, 0;
    %load/vec4 v000002b892195640_0;
    %load/vec4 v000002b892197760_0;
    %pad/s 32;
    %load/vec4 v000002b892195fa0_0;
    %pad/s 32;
    %mul;
    %add;
    %assign/vec4 v000002b892196720_0, 0;
T_84.4 ;
T_84.1 ;
    %jmp T_84;
    .thread T_84;
    .scope S_000002b892189cc0;
T_85 ;
    %wait E_000002b89208b550;
    %load/vec4 v000002b892196180_0;
    %nor/r;
    %flag_set/vec4 8;
    %jmp/0xz  T_85.0, 8;
    %pushi/vec4 0, 0, 8;
    %assign/vec4 v000002b892196ae0_0, 0;
    %pushi/vec4 0, 0, 8;
    %assign/vec4 v000002b892196040_0, 0;
    %pushi/vec4 0, 0, 32;
    %assign/vec4 v000002b892195460_0, 0;
    %jmp T_85.1;
T_85.0 ;
    %load/vec4 v000002b892196900_0;
    %flag_set/vec4 8;
    %jmp/0xz  T_85.2, 8;
    %load/vec4 v000002b892196cc0_0;
    %assign/vec4 v000002b892196ae0_0, 0;
T_85.2 ;
    %load/vec4 v000002b892196c20_0;
    %flag_set/vec4 8;
    %jmp/0xz  T_85.4, 8;
    %load/vec4 v000002b892195e60_0;
    %assign/vec4 v000002b892196040_0, 0;
    %load/vec4 v000002b892195960_0;
    %load/vec4 v000002b892195e60_0;
    %pad/s 32;
    %load/vec4 v000002b892196ae0_0;
    %pad/s 32;
    %mul;
    %add;
    %assign/vec4 v000002b892195460_0, 0;
T_85.4 ;
T_85.1 ;
    %jmp T_85;
    .thread T_85;
    .scope S_000002b89219bda0;
T_86 ;
    %wait E_000002b89208b550;
    %load/vec4 v000002b892197a80_0;
    %nor/r;
    %flag_set/vec4 8;
    %jmp/0xz  T_86.0, 8;
    %pushi/vec4 0, 0, 8;
    %assign/vec4 v000002b892199240_0, 0;
    %pushi/vec4 0, 0, 8;
    %assign/vec4 v000002b892198660_0, 0;
    %pushi/vec4 0, 0, 32;
    %assign/vec4 v000002b8921982a0_0, 0;
    %jmp T_86.1;
T_86.0 ;
    %load/vec4 v000002b892199100_0;
    %flag_set/vec4 8;
    %jmp/0xz  T_86.2, 8;
    %load/vec4 v000002b892198de0_0;
    %assign/vec4 v000002b892199240_0, 0;
T_86.2 ;
    %load/vec4 v000002b892197b20_0;
    %flag_set/vec4 8;
    %jmp/0xz  T_86.4, 8;
    %load/vec4 v000002b892199ec0_0;
    %assign/vec4 v000002b892198660_0, 0;
    %load/vec4 v000002b892199880_0;
    %load/vec4 v000002b892199ec0_0;
    %pad/s 32;
    %load/vec4 v000002b892199240_0;
    %pad/s 32;
    %mul;
    %add;
    %assign/vec4 v000002b8921982a0_0, 0;
T_86.4 ;
T_86.1 ;
    %jmp T_86;
    .thread T_86;
    .scope S_000002b89219dce0;
T_87 ;
    %wait E_000002b89208b550;
    %load/vec4 v000002b8921997e0_0;
    %nor/r;
    %flag_set/vec4 8;
    %jmp/0xz  T_87.0, 8;
    %pushi/vec4 0, 0, 8;
    %assign/vec4 v000002b892198b60_0, 0;
    %pushi/vec4 0, 0, 8;
    %assign/vec4 v000002b892198d40_0, 0;
    %pushi/vec4 0, 0, 32;
    %assign/vec4 v000002b892199c40_0, 0;
    %jmp T_87.1;
T_87.0 ;
    %load/vec4 v000002b892199740_0;
    %flag_set/vec4 8;
    %jmp/0xz  T_87.2, 8;
    %load/vec4 v000002b892198020_0;
    %assign/vec4 v000002b892198b60_0, 0;
T_87.2 ;
    %load/vec4 v000002b892198a20_0;
    %flag_set/vec4 8;
    %jmp/0xz  T_87.4, 8;
    %load/vec4 v000002b892197d00_0;
    %assign/vec4 v000002b892198d40_0, 0;
    %load/vec4 v000002b892199b00_0;
    %load/vec4 v000002b892197d00_0;
    %pad/s 32;
    %load/vec4 v000002b892198b60_0;
    %pad/s 32;
    %mul;
    %add;
    %assign/vec4 v000002b892199c40_0, 0;
T_87.4 ;
T_87.1 ;
    %jmp T_87;
    .thread T_87;
    .scope S_000002b89219c0c0;
T_88 ;
    %wait E_000002b89208b550;
    %load/vec4 v000002b8921983e0_0;
    %nor/r;
    %flag_set/vec4 8;
    %jmp/0xz  T_88.0, 8;
    %pushi/vec4 0, 0, 8;
    %assign/vec4 v000002b892198520_0, 0;
    %pushi/vec4 0, 0, 8;
    %assign/vec4 v000002b892198ac0_0, 0;
    %pushi/vec4 0, 0, 32;
    %assign/vec4 v000002b892197e40_0, 0;
    %jmp T_88.1;
T_88.0 ;
    %load/vec4 v000002b8921994c0_0;
    %flag_set/vec4 8;
    %jmp/0xz  T_88.2, 8;
    %load/vec4 v000002b892199e20_0;
    %assign/vec4 v000002b892198520_0, 0;
T_88.2 ;
    %load/vec4 v000002b892198980_0;
    %flag_set/vec4 8;
    %jmp/0xz  T_88.4, 8;
    %load/vec4 v000002b892199920_0;
    %assign/vec4 v000002b892198ac0_0, 0;
    %load/vec4 v000002b8921999c0_0;
    %load/vec4 v000002b892199920_0;
    %pad/s 32;
    %load/vec4 v000002b892198520_0;
    %pad/s 32;
    %mul;
    %add;
    %assign/vec4 v000002b892197e40_0, 0;
T_88.4 ;
T_88.1 ;
    %jmp T_88;
    .thread T_88;
    .scope S_000002b89219b120;
T_89 ;
    %wait E_000002b89208b550;
    %load/vec4 v000002b8921985c0_0;
    %nor/r;
    %flag_set/vec4 8;
    %jmp/0xz  T_89.0, 8;
    %pushi/vec4 0, 0, 8;
    %assign/vec4 v000002b8921980c0_0, 0;
    %pushi/vec4 0, 0, 8;
    %assign/vec4 v000002b892198fc0_0, 0;
    %pushi/vec4 0, 0, 32;
    %assign/vec4 v000002b892198160_0, 0;
    %jmp T_89.1;
T_89.0 ;
    %load/vec4 v000002b892197ee0_0;
    %flag_set/vec4 8;
    %jmp/0xz  T_89.2, 8;
    %load/vec4 v000002b892197da0_0;
    %assign/vec4 v000002b8921980c0_0, 0;
T_89.2 ;
    %load/vec4 v000002b892198700_0;
    %flag_set/vec4 8;
    %jmp/0xz  T_89.4, 8;
    %load/vec4 v000002b892198f20_0;
    %assign/vec4 v000002b892198fc0_0, 0;
    %load/vec4 v000002b892199380_0;
    %load/vec4 v000002b892198f20_0;
    %pad/s 32;
    %load/vec4 v000002b8921980c0_0;
    %pad/s 32;
    %mul;
    %add;
    %assign/vec4 v000002b892198160_0, 0;
T_89.4 ;
T_89.1 ;
    %jmp T_89;
    .thread T_89;
    .scope S_000002b89219bc10;
T_90 ;
    %wait E_000002b89208b550;
    %load/vec4 v000002b89219ae60_0;
    %nor/r;
    %flag_set/vec4 8;
    %jmp/0xz  T_90.0, 8;
    %pushi/vec4 0, 0, 8;
    %assign/vec4 v000002b89219a960_0, 0;
    %pushi/vec4 0, 0, 8;
    %assign/vec4 v000002b89219a500_0, 0;
    %pushi/vec4 0, 0, 32;
    %assign/vec4 v000002b89219ad20_0, 0;
    %jmp T_90.1;
T_90.0 ;
    %load/vec4 v000002b89219a820_0;
    %flag_set/vec4 8;
    %jmp/0xz  T_90.2, 8;
    %load/vec4 v000002b89219a8c0_0;
    %assign/vec4 v000002b89219a960_0, 0;
T_90.2 ;
    %load/vec4 v000002b892199560_0;
    %flag_set/vec4 8;
    %jmp/0xz  T_90.4, 8;
    %load/vec4 v000002b8921987a0_0;
    %assign/vec4 v000002b89219a500_0, 0;
    %load/vec4 v000002b89219ab40_0;
    %load/vec4 v000002b8921987a0_0;
    %pad/s 32;
    %load/vec4 v000002b89219a960_0;
    %pad/s 32;
    %mul;
    %add;
    %assign/vec4 v000002b89219ad20_0, 0;
T_90.4 ;
T_90.1 ;
    %jmp T_90;
    .thread T_90;
    .scope S_000002b89219ba80;
T_91 ;
    %wait E_000002b89208b550;
    %load/vec4 v000002b89219adc0_0;
    %nor/r;
    %flag_set/vec4 8;
    %jmp/0xz  T_91.0, 8;
    %pushi/vec4 0, 0, 8;
    %assign/vec4 v000002b89219a640_0, 0;
    %pushi/vec4 0, 0, 8;
    %assign/vec4 v000002b89219a3c0_0, 0;
    %pushi/vec4 0, 0, 32;
    %assign/vec4 v000002b89219abe0_0, 0;
    %jmp T_91.1;
T_91.0 ;
    %load/vec4 v000002b89219a780_0;
    %flag_set/vec4 8;
    %jmp/0xz  T_91.2, 8;
    %load/vec4 v000002b89219a1e0_0;
    %assign/vec4 v000002b89219a640_0, 0;
T_91.2 ;
    %load/vec4 v000002b89219a5a0_0;
    %flag_set/vec4 8;
    %jmp/0xz  T_91.4, 8;
    %load/vec4 v000002b89219aaa0_0;
    %assign/vec4 v000002b89219a3c0_0, 0;
    %load/vec4 v000002b89219a6e0_0;
    %load/vec4 v000002b89219aaa0_0;
    %pad/s 32;
    %load/vec4 v000002b89219a640_0;
    %pad/s 32;
    %mul;
    %add;
    %assign/vec4 v000002b89219abe0_0, 0;
T_91.4 ;
T_91.1 ;
    %jmp T_91;
    .thread T_91;
    .scope S_000002b89219de70;
T_92 ;
    %wait E_000002b89208b550;
    %load/vec4 v000002b89218c5e0_0;
    %nor/r;
    %flag_set/vec4 8;
    %jmp/0xz  T_92.0, 8;
    %pushi/vec4 0, 0, 8;
    %assign/vec4 v000002b89218be60_0, 0;
    %pushi/vec4 0, 0, 8;
    %assign/vec4 v000002b89218c7c0_0, 0;
    %pushi/vec4 0, 0, 32;
    %assign/vec4 v000002b89218b140_0, 0;
    %jmp T_92.1;
T_92.0 ;
    %load/vec4 v000002b89218b960_0;
    %flag_set/vec4 8;
    %jmp/0xz  T_92.2, 8;
    %load/vec4 v000002b89218d760_0;
    %assign/vec4 v000002b89218be60_0, 0;
T_92.2 ;
    %load/vec4 v000002b89218cfe0_0;
    %flag_set/vec4 8;
    %jmp/0xz  T_92.4, 8;
    %load/vec4 v000002b89218ce00_0;
    %assign/vec4 v000002b89218c7c0_0, 0;
    %load/vec4 v000002b89218d580_0;
    %load/vec4 v000002b89218ce00_0;
    %pad/s 32;
    %load/vec4 v000002b89218be60_0;
    %pad/s 32;
    %mul;
    %add;
    %assign/vec4 v000002b89218b140_0, 0;
T_92.4 ;
T_92.1 ;
    %jmp T_92;
    .thread T_92;
    .scope S_000002b89219b440;
T_93 ;
    %wait E_000002b89208b550;
    %load/vec4 v000002b89218d120_0;
    %nor/r;
    %flag_set/vec4 8;
    %jmp/0xz  T_93.0, 8;
    %pushi/vec4 0, 0, 8;
    %assign/vec4 v000002b89218b820_0, 0;
    %pushi/vec4 0, 0, 8;
    %assign/vec4 v000002b89218cc20_0, 0;
    %pushi/vec4 0, 0, 32;
    %assign/vec4 v000002b89218c4a0_0, 0;
    %jmp T_93.1;
T_93.0 ;
    %load/vec4 v000002b89218b500_0;
    %flag_set/vec4 8;
    %jmp/0xz  T_93.2, 8;
    %load/vec4 v000002b89218b320_0;
    %assign/vec4 v000002b89218b820_0, 0;
T_93.2 ;
    %load/vec4 v000002b89218d800_0;
    %flag_set/vec4 8;
    %jmp/0xz  T_93.4, 8;
    %load/vec4 v000002b89218b6e0_0;
    %assign/vec4 v000002b89218cc20_0, 0;
    %load/vec4 v000002b89218c9a0_0;
    %load/vec4 v000002b89218b6e0_0;
    %pad/s 32;
    %load/vec4 v000002b89218b820_0;
    %pad/s 32;
    %mul;
    %add;
    %assign/vec4 v000002b89218c4a0_0, 0;
T_93.4 ;
T_93.1 ;
    %jmp T_93;
    .thread T_93;
    .scope S_000002b89219e640;
T_94 ;
    %wait E_000002b89208b550;
    %load/vec4 v000002b89218b460_0;
    %nor/r;
    %flag_set/vec4 8;
    %jmp/0xz  T_94.0, 8;
    %pushi/vec4 0, 0, 8;
    %assign/vec4 v000002b89218b5a0_0, 0;
    %pushi/vec4 0, 0, 8;
    %assign/vec4 v000002b89218baa0_0, 0;
    %pushi/vec4 0, 0, 32;
    %assign/vec4 v000002b89218c900_0, 0;
    %jmp T_94.1;
T_94.0 ;
    %load/vec4 v000002b89218bbe0_0;
    %flag_set/vec4 8;
    %jmp/0xz  T_94.2, 8;
    %load/vec4 v000002b89218d8a0_0;
    %assign/vec4 v000002b89218b5a0_0, 0;
T_94.2 ;
    %load/vec4 v000002b89218c220_0;
    %flag_set/vec4 8;
    %jmp/0xz  T_94.4, 8;
    %load/vec4 v000002b89218d620_0;
    %assign/vec4 v000002b89218baa0_0, 0;
    %load/vec4 v000002b89218c860_0;
    %load/vec4 v000002b89218d620_0;
    %pad/s 32;
    %load/vec4 v000002b89218b5a0_0;
    %pad/s 32;
    %mul;
    %add;
    %assign/vec4 v000002b89218c900_0, 0;
T_94.4 ;
T_94.1 ;
    %jmp T_94;
    .thread T_94;
    .scope S_000002b89219e960;
T_95 ;
    %wait E_000002b89208b550;
    %load/vec4 v000002b89218cf40_0;
    %nor/r;
    %flag_set/vec4 8;
    %jmp/0xz  T_95.0, 8;
    %pushi/vec4 0, 0, 8;
    %assign/vec4 v000002b89218c180_0, 0;
    %pushi/vec4 0, 0, 8;
    %assign/vec4 v000002b89218c040_0, 0;
    %pushi/vec4 0, 0, 32;
    %assign/vec4 v000002b89218c0e0_0, 0;
    %jmp T_95.1;
T_95.0 ;
    %load/vec4 v000002b89218d1c0_0;
    %flag_set/vec4 8;
    %jmp/0xz  T_95.2, 8;
    %load/vec4 v000002b89218cd60_0;
    %assign/vec4 v000002b89218c180_0, 0;
T_95.2 ;
    %load/vec4 v000002b89218bf00_0;
    %flag_set/vec4 8;
    %jmp/0xz  T_95.4, 8;
    %load/vec4 v000002b89218ccc0_0;
    %assign/vec4 v000002b89218c040_0, 0;
    %load/vec4 v000002b89218bfa0_0;
    %load/vec4 v000002b89218ccc0_0;
    %pad/s 32;
    %load/vec4 v000002b89218c180_0;
    %pad/s 32;
    %mul;
    %add;
    %assign/vec4 v000002b89218c0e0_0, 0;
T_95.4 ;
T_95.1 ;
    %jmp T_95;
    .thread T_95;
    .scope S_000002b8921a0260;
T_96 ;
    %wait E_000002b89208b550;
    %load/vec4 v000002b89218fe20_0;
    %nor/r;
    %flag_set/vec4 8;
    %jmp/0xz  T_96.0, 8;
    %pushi/vec4 0, 0, 8;
    %assign/vec4 v000002b89218fba0_0, 0;
    %pushi/vec4 0, 0, 8;
    %assign/vec4 v000002b89218fd80_0, 0;
    %pushi/vec4 0, 0, 32;
    %assign/vec4 v000002b89218ec00_0, 0;
    %jmp T_96.1;
T_96.0 ;
    %load/vec4 v000002b89218fc40_0;
    %flag_set/vec4 8;
    %jmp/0xz  T_96.2, 8;
    %load/vec4 v000002b89218ef20_0;
    %assign/vec4 v000002b89218fba0_0, 0;
T_96.2 ;
    %load/vec4 v000002b89218dee0_0;
    %flag_set/vec4 8;
    %jmp/0xz  T_96.4, 8;
    %load/vec4 v000002b89218eb60_0;
    %assign/vec4 v000002b89218fd80_0, 0;
    %load/vec4 v000002b89218f740_0;
    %load/vec4 v000002b89218eb60_0;
    %pad/s 32;
    %load/vec4 v000002b89218fba0_0;
    %pad/s 32;
    %mul;
    %add;
    %assign/vec4 v000002b89218ec00_0, 0;
T_96.4 ;
T_96.1 ;
    %jmp T_96;
    .thread T_96;
    .scope S_000002b8921a0580;
T_97 ;
    %wait E_000002b89208b550;
    %load/vec4 v000002b8921900a0_0;
    %nor/r;
    %flag_set/vec4 8;
    %jmp/0xz  T_97.0, 8;
    %pushi/vec4 0, 0, 8;
    %assign/vec4 v000002b89218ff60_0, 0;
    %pushi/vec4 0, 0, 8;
    %assign/vec4 v000002b89218fec0_0, 0;
    %pushi/vec4 0, 0, 32;
    %assign/vec4 v000002b892190000_0, 0;
    %jmp T_97.1;
T_97.0 ;
    %load/vec4 v000002b89218e5c0_0;
    %flag_set/vec4 8;
    %jmp/0xz  T_97.2, 8;
    %load/vec4 v000002b89218f6a0_0;
    %assign/vec4 v000002b89218ff60_0, 0;
T_97.2 ;
    %load/vec4 v000002b89218f420_0;
    %flag_set/vec4 8;
    %jmp/0xz  T_97.4, 8;
    %load/vec4 v000002b89218e520_0;
    %assign/vec4 v000002b89218fec0_0, 0;
    %load/vec4 v000002b89218e3e0_0;
    %load/vec4 v000002b89218e520_0;
    %pad/s 32;
    %load/vec4 v000002b89218ff60_0;
    %pad/s 32;
    %mul;
    %add;
    %assign/vec4 v000002b892190000_0, 0;
T_97.4 ;
T_97.1 ;
    %jmp T_97;
    .thread T_97;
    .scope S_000002b8921a0ee0;
T_98 ;
    %wait E_000002b89208b550;
    %load/vec4 v000002b89218ea20_0;
    %nor/r;
    %flag_set/vec4 8;
    %jmp/0xz  T_98.0, 8;
    %pushi/vec4 0, 0, 8;
    %assign/vec4 v000002b89218efc0_0, 0;
    %pushi/vec4 0, 0, 8;
    %assign/vec4 v000002b89218db20_0, 0;
    %pushi/vec4 0, 0, 32;
    %assign/vec4 v000002b89218df80_0, 0;
    %jmp T_98.1;
T_98.0 ;
    %load/vec4 v000002b89218e480_0;
    %flag_set/vec4 8;
    %jmp/0xz  T_98.2, 8;
    %load/vec4 v000002b89218e7a0_0;
    %assign/vec4 v000002b89218efc0_0, 0;
T_98.2 ;
    %load/vec4 v000002b89218dbc0_0;
    %flag_set/vec4 8;
    %jmp/0xz  T_98.4, 8;
    %load/vec4 v000002b89218ede0_0;
    %assign/vec4 v000002b89218db20_0, 0;
    %load/vec4 v000002b89218f880_0;
    %load/vec4 v000002b89218ede0_0;
    %pad/s 32;
    %load/vec4 v000002b89218efc0_0;
    %pad/s 32;
    %mul;
    %add;
    %assign/vec4 v000002b89218df80_0, 0;
T_98.4 ;
T_98.1 ;
    %jmp T_98;
    .thread T_98;
    .scope S_000002b8921a19d0;
T_99 ;
    %wait E_000002b89208b550;
    %load/vec4 v000002b89218ee80_0;
    %nor/r;
    %flag_set/vec4 8;
    %jmp/0xz  T_99.0, 8;
    %pushi/vec4 0, 0, 8;
    %assign/vec4 v000002b89218ed40_0, 0;
    %pushi/vec4 0, 0, 8;
    %assign/vec4 v000002b89218fb00_0, 0;
    %pushi/vec4 0, 0, 32;
    %assign/vec4 v000002b89218e020_0, 0;
    %jmp T_99.1;
T_99.0 ;
    %load/vec4 v000002b89218f100_0;
    %flag_set/vec4 8;
    %jmp/0xz  T_99.2, 8;
    %load/vec4 v000002b89218fa60_0;
    %assign/vec4 v000002b89218ed40_0, 0;
T_99.2 ;
    %load/vec4 v000002b89218de40_0;
    %flag_set/vec4 8;
    %jmp/0xz  T_99.4, 8;
    %load/vec4 v000002b89218f9c0_0;
    %assign/vec4 v000002b89218fb00_0, 0;
    %load/vec4 v000002b89218f060_0;
    %load/vec4 v000002b89218f9c0_0;
    %pad/s 32;
    %load/vec4 v000002b89218ed40_0;
    %pad/s 32;
    %mul;
    %add;
    %assign/vec4 v000002b89218e020_0, 0;
T_99.4 ;
T_99.1 ;
    %jmp T_99;
    .thread T_99;
    .scope S_000002b89219f450;
T_100 ;
    %wait E_000002b89208b550;
    %load/vec4 v000002b892191040_0;
    %nor/r;
    %flag_set/vec4 8;
    %jmp/0xz  T_100.0, 8;
    %pushi/vec4 0, 0, 8;
    %assign/vec4 v000002b892192580_0, 0;
    %pushi/vec4 0, 0, 8;
    %assign/vec4 v000002b892191fe0_0, 0;
    %pushi/vec4 0, 0, 32;
    %assign/vec4 v000002b892190dc0_0, 0;
    %jmp T_100.1;
T_100.0 ;
    %load/vec4 v000002b892190b40_0;
    %flag_set/vec4 8;
    %jmp/0xz  T_100.2, 8;
    %load/vec4 v000002b89218f600_0;
    %assign/vec4 v000002b892192580_0, 0;
T_100.2 ;
    %load/vec4 v000002b89218e200_0;
    %flag_set/vec4 8;
    %jmp/0xz  T_100.4, 8;
    %load/vec4 v000002b89218f2e0_0;
    %assign/vec4 v000002b892191fe0_0, 0;
    %load/vec4 v000002b89218f380_0;
    %load/vec4 v000002b89218f2e0_0;
    %pad/s 32;
    %load/vec4 v000002b892192580_0;
    %pad/s 32;
    %mul;
    %add;
    %assign/vec4 v000002b892190dc0_0, 0;
T_100.4 ;
T_100.1 ;
    %jmp T_100;
    .thread T_100;
    .scope S_000002b89219f770;
T_101 ;
    %wait E_000002b89208b550;
    %load/vec4 v000002b8921928a0_0;
    %nor/r;
    %flag_set/vec4 8;
    %jmp/0xz  T_101.0, 8;
    %pushi/vec4 0, 0, 8;
    %assign/vec4 v000002b892191180_0, 0;
    %pushi/vec4 0, 0, 8;
    %assign/vec4 v000002b892191860_0, 0;
    %pushi/vec4 0, 0, 32;
    %assign/vec4 v000002b892192120_0, 0;
    %jmp T_101.1;
T_101.0 ;
    %load/vec4 v000002b892192760_0;
    %flag_set/vec4 8;
    %jmp/0xz  T_101.2, 8;
    %load/vec4 v000002b8921926c0_0;
    %assign/vec4 v000002b892191180_0, 0;
T_101.2 ;
    %load/vec4 v000002b892191a40_0;
    %flag_set/vec4 8;
    %jmp/0xz  T_101.4, 8;
    %load/vec4 v000002b8921919a0_0;
    %assign/vec4 v000002b892191860_0, 0;
    %load/vec4 v000002b892190460_0;
    %load/vec4 v000002b8921919a0_0;
    %pad/s 32;
    %load/vec4 v000002b892191180_0;
    %pad/s 32;
    %mul;
    %add;
    %assign/vec4 v000002b892192120_0, 0;
T_101.4 ;
T_101.1 ;
    %jmp T_101;
    .thread T_101;
    .scope S_000002b8921a1cf0;
T_102 ;
    %wait E_000002b89208b550;
    %load/vec4 v000002b8921903c0_0;
    %nor/r;
    %flag_set/vec4 8;
    %jmp/0xz  T_102.0, 8;
    %pushi/vec4 0, 0, 8;
    %assign/vec4 v000002b892192260_0, 0;
    %pushi/vec4 0, 0, 8;
    %assign/vec4 v000002b892190320_0, 0;
    %pushi/vec4 0, 0, 32;
    %assign/vec4 v000002b892190500_0, 0;
    %jmp T_102.1;
T_102.0 ;
    %load/vec4 v000002b892190280_0;
    %flag_set/vec4 8;
    %jmp/0xz  T_102.2, 8;
    %load/vec4 v000002b8921901e0_0;
    %assign/vec4 v000002b892192260_0, 0;
T_102.2 ;
    %load/vec4 v000002b892190a00_0;
    %flag_set/vec4 8;
    %jmp/0xz  T_102.4, 8;
    %load/vec4 v000002b892191400_0;
    %assign/vec4 v000002b892190320_0, 0;
    %load/vec4 v000002b892192800_0;
    %load/vec4 v000002b892191400_0;
    %pad/s 32;
    %load/vec4 v000002b892192260_0;
    %pad/s 32;
    %mul;
    %add;
    %assign/vec4 v000002b892190500_0, 0;
T_102.4 ;
T_102.1 ;
    %jmp T_102;
    .thread T_102;
    .scope S_000002b89219fc20;
T_103 ;
    %wait E_000002b89208b550;
    %load/vec4 v000002b8921910e0_0;
    %nor/r;
    %flag_set/vec4 8;
    %jmp/0xz  T_103.0, 8;
    %pushi/vec4 0, 0, 8;
    %assign/vec4 v000002b892190e60_0, 0;
    %pushi/vec4 0, 0, 8;
    %assign/vec4 v000002b8921908c0_0, 0;
    %pushi/vec4 0, 0, 32;
    %assign/vec4 v000002b892190f00_0, 0;
    %jmp T_103.1;
T_103.0 ;
    %load/vec4 v000002b892190780_0;
    %flag_set/vec4 8;
    %jmp/0xz  T_103.2, 8;
    %load/vec4 v000002b8921906e0_0;
    %assign/vec4 v000002b892190e60_0, 0;
T_103.2 ;
    %load/vec4 v000002b892191720_0;
    %flag_set/vec4 8;
    %jmp/0xz  T_103.4, 8;
    %load/vec4 v000002b892190640_0;
    %assign/vec4 v000002b8921908c0_0, 0;
    %load/vec4 v000002b892191c20_0;
    %load/vec4 v000002b892190640_0;
    %pad/s 32;
    %load/vec4 v000002b892190e60_0;
    %pad/s 32;
    %mul;
    %add;
    %assign/vec4 v000002b892190f00_0, 0;
T_103.4 ;
T_103.1 ;
    %jmp T_103;
    .thread T_103;
    .scope S_000002b8921a00d0;
T_104 ;
    %wait E_000002b89208b550;
    %load/vec4 v000002b8921a69b0_0;
    %nor/r;
    %flag_set/vec4 8;
    %jmp/0xz  T_104.0, 8;
    %pushi/vec4 0, 0, 8;
    %assign/vec4 v000002b8921924e0_0, 0;
    %pushi/vec4 0, 0, 8;
    %assign/vec4 v000002b8921921c0_0, 0;
    %pushi/vec4 0, 0, 32;
    %assign/vec4 v000002b892191360_0, 0;
    %jmp T_104.1;
T_104.0 ;
    %load/vec4 v000002b892190c80_0;
    %flag_set/vec4 8;
    %jmp/0xz  T_104.2, 8;
    %load/vec4 v000002b892190be0_0;
    %assign/vec4 v000002b8921924e0_0, 0;
T_104.2 ;
    %load/vec4 v000002b8921923a0_0;
    %flag_set/vec4 8;
    %jmp/0xz  T_104.4, 8;
    %load/vec4 v000002b892191ea0_0;
    %assign/vec4 v000002b8921921c0_0, 0;
    %load/vec4 v000002b8921912c0_0;
    %load/vec4 v000002b892191ea0_0;
    %pad/s 32;
    %load/vec4 v000002b8921924e0_0;
    %pad/s 32;
    %mul;
    %add;
    %assign/vec4 v000002b892191360_0, 0;
T_104.4 ;
T_104.1 ;
    %jmp T_104;
    .thread T_104;
    .scope S_000002b8921a2650;
T_105 ;
    %wait E_000002b89208b550;
    %load/vec4 v000002b8921a7db0_0;
    %nor/r;
    %flag_set/vec4 8;
    %jmp/0xz  T_105.0, 8;
    %pushi/vec4 0, 0, 8;
    %assign/vec4 v000002b8921a6ff0_0, 0;
    %pushi/vec4 0, 0, 8;
    %assign/vec4 v000002b8921a6cd0_0, 0;
    %pushi/vec4 0, 0, 32;
    %assign/vec4 v000002b8921a5ab0_0, 0;
    %jmp T_105.1;
T_105.0 ;
    %load/vec4 v000002b8921a6050_0;
    %flag_set/vec4 8;
    %jmp/0xz  T_105.2, 8;
    %load/vec4 v000002b8921a7f90_0;
    %assign/vec4 v000002b8921a6ff0_0, 0;
T_105.2 ;
    %load/vec4 v000002b8921a5fb0_0;
    %flag_set/vec4 8;
    %jmp/0xz  T_105.4, 8;
    %load/vec4 v000002b8921a5970_0;
    %assign/vec4 v000002b8921a6cd0_0, 0;
    %load/vec4 v000002b8921a7770_0;
    %load/vec4 v000002b8921a5970_0;
    %pad/s 32;
    %load/vec4 v000002b8921a6ff0_0;
    %pad/s 32;
    %mul;
    %add;
    %assign/vec4 v000002b8921a5ab0_0, 0;
T_105.4 ;
T_105.1 ;
    %jmp T_105;
    .thread T_105;
    .scope S_000002b8921b4900;
T_106 ;
    %wait E_000002b89208b550;
    %load/vec4 v000002b8921a6c30_0;
    %nor/r;
    %flag_set/vec4 8;
    %jmp/0xz  T_106.0, 8;
    %pushi/vec4 0, 0, 8;
    %assign/vec4 v000002b8921a7090_0, 0;
    %pushi/vec4 0, 0, 8;
    %assign/vec4 v000002b8921a80d0_0, 0;
    %pushi/vec4 0, 0, 32;
    %assign/vec4 v000002b8921a6370_0, 0;
    %jmp T_106.1;
T_106.0 ;
    %load/vec4 v000002b8921a7bd0_0;
    %flag_set/vec4 8;
    %jmp/0xz  T_106.2, 8;
    %load/vec4 v000002b8921a6b90_0;
    %assign/vec4 v000002b8921a7090_0, 0;
T_106.2 ;
    %load/vec4 v000002b8921a6a50_0;
    %flag_set/vec4 8;
    %jmp/0xz  T_106.4, 8;
    %load/vec4 v000002b8921a6af0_0;
    %assign/vec4 v000002b8921a80d0_0, 0;
    %load/vec4 v000002b8921a67d0_0;
    %load/vec4 v000002b8921a6af0_0;
    %pad/s 32;
    %load/vec4 v000002b8921a7090_0;
    %pad/s 32;
    %mul;
    %add;
    %assign/vec4 v000002b8921a6370_0, 0;
T_106.4 ;
T_106.1 ;
    %jmp T_106;
    .thread T_106;
    .scope S_000002b8921b3c80;
T_107 ;
    %wait E_000002b89208b550;
    %load/vec4 v000002b8921a79f0_0;
    %nor/r;
    %flag_set/vec4 8;
    %jmp/0xz  T_107.0, 8;
    %pushi/vec4 0, 0, 8;
    %assign/vec4 v000002b8921a5b50_0, 0;
    %pushi/vec4 0, 0, 8;
    %assign/vec4 v000002b8921a6690_0, 0;
    %pushi/vec4 0, 0, 32;
    %assign/vec4 v000002b8921a6e10_0, 0;
    %jmp T_107.1;
T_107.0 ;
    %load/vec4 v000002b8921a6550_0;
    %flag_set/vec4 8;
    %jmp/0xz  T_107.2, 8;
    %load/vec4 v000002b8921a64b0_0;
    %assign/vec4 v000002b8921a5b50_0, 0;
T_107.2 ;
    %load/vec4 v000002b8921a7130_0;
    %flag_set/vec4 8;
    %jmp/0xz  T_107.4, 8;
    %load/vec4 v000002b8921a65f0_0;
    %assign/vec4 v000002b8921a6690_0, 0;
    %load/vec4 v000002b8921a5dd0_0;
    %load/vec4 v000002b8921a65f0_0;
    %pad/s 32;
    %load/vec4 v000002b8921a5b50_0;
    %pad/s 32;
    %mul;
    %add;
    %assign/vec4 v000002b8921a6e10_0, 0;
T_107.4 ;
T_107.1 ;
    %jmp T_107;
    .thread T_107;
    .scope S_000002b8921b7650;
T_108 ;
    %wait E_000002b89208b550;
    %load/vec4 v000002b8921a7d10_0;
    %nor/r;
    %flag_set/vec4 8;
    %jmp/0xz  T_108.0, 8;
    %pushi/vec4 0, 0, 8;
    %assign/vec4 v000002b8921a7a90_0, 0;
    %pushi/vec4 0, 0, 8;
    %assign/vec4 v000002b8921a7810_0, 0;
    %pushi/vec4 0, 0, 32;
    %assign/vec4 v000002b8921a73b0_0, 0;
    %jmp T_108.1;
T_108.0 ;
    %load/vec4 v000002b8921a6910_0;
    %flag_set/vec4 8;
    %jmp/0xz  T_108.2, 8;
    %load/vec4 v000002b8921a5f10_0;
    %assign/vec4 v000002b8921a7a90_0, 0;
T_108.2 ;
    %load/vec4 v000002b8921a6870_0;
    %flag_set/vec4 8;
    %jmp/0xz  T_108.4, 8;
    %load/vec4 v000002b8921a5e70_0;
    %assign/vec4 v000002b8921a7810_0, 0;
    %load/vec4 v000002b8921a7310_0;
    %load/vec4 v000002b8921a5e70_0;
    %pad/s 32;
    %load/vec4 v000002b8921a7a90_0;
    %pad/s 32;
    %mul;
    %add;
    %assign/vec4 v000002b8921a73b0_0, 0;
T_108.4 ;
T_108.1 ;
    %jmp T_108;
    .thread T_108;
    .scope S_000002b8921b53f0;
T_109 ;
    %wait E_000002b89208b550;
    %load/vec4 v000002b8921a9570_0;
    %nor/r;
    %flag_set/vec4 8;
    %jmp/0xz  T_109.0, 8;
    %pushi/vec4 0, 0, 8;
    %assign/vec4 v000002b8921aa470_0, 0;
    %pushi/vec4 0, 0, 8;
    %assign/vec4 v000002b8921a9430_0, 0;
    %pushi/vec4 0, 0, 32;
    %assign/vec4 v000002b8921a9250_0, 0;
    %jmp T_109.1;
T_109.0 ;
    %load/vec4 v000002b8921a8e90_0;
    %flag_set/vec4 8;
    %jmp/0xz  T_109.2, 8;
    %load/vec4 v000002b8921a8df0_0;
    %assign/vec4 v000002b8921aa470_0, 0;
T_109.2 ;
    %load/vec4 v000002b8921a91b0_0;
    %flag_set/vec4 8;
    %jmp/0xz  T_109.4, 8;
    %load/vec4 v000002b8921a92f0_0;
    %assign/vec4 v000002b8921a9430_0, 0;
    %load/vec4 v000002b8921aa3d0_0;
    %load/vec4 v000002b8921a92f0_0;
    %pad/s 32;
    %load/vec4 v000002b8921aa470_0;
    %pad/s 32;
    %mul;
    %add;
    %assign/vec4 v000002b8921a9250_0, 0;
T_109.4 ;
T_109.1 ;
    %jmp T_109;
    .thread T_109;
    .scope S_000002b8921b45e0;
T_110 ;
    %wait E_000002b89208b550;
    %load/vec4 v000002b8921a8210_0;
    %nor/r;
    %flag_set/vec4 8;
    %jmp/0xz  T_110.0, 8;
    %pushi/vec4 0, 0, 8;
    %assign/vec4 v000002b8921aa8d0_0, 0;
    %pushi/vec4 0, 0, 8;
    %assign/vec4 v000002b8921a88f0_0, 0;
    %pushi/vec4 0, 0, 32;
    %assign/vec4 v000002b8921aa330_0, 0;
    %jmp T_110.1;
T_110.0 ;
    %load/vec4 v000002b8921a96b0_0;
    %flag_set/vec4 8;
    %jmp/0xz  T_110.2, 8;
    %load/vec4 v000002b8921a94d0_0;
    %assign/vec4 v000002b8921aa8d0_0, 0;
T_110.2 ;
    %load/vec4 v000002b8921a8350_0;
    %flag_set/vec4 8;
    %jmp/0xz  T_110.4, 8;
    %load/vec4 v000002b8921a8fd0_0;
    %assign/vec4 v000002b8921a88f0_0, 0;
    %load/vec4 v000002b8921a9cf0_0;
    %load/vec4 v000002b8921a8fd0_0;
    %pad/s 32;
    %load/vec4 v000002b8921aa8d0_0;
    %pad/s 32;
    %mul;
    %add;
    %assign/vec4 v000002b8921aa330_0, 0;
T_110.4 ;
T_110.1 ;
    %jmp T_110;
    .thread T_110;
    .scope S_000002b8921b5580;
T_111 ;
    %wait E_000002b89208b550;
    %load/vec4 v000002b8921a9890_0;
    %nor/r;
    %flag_set/vec4 8;
    %jmp/0xz  T_111.0, 8;
    %pushi/vec4 0, 0, 8;
    %assign/vec4 v000002b8921a8b70_0, 0;
    %pushi/vec4 0, 0, 8;
    %assign/vec4 v000002b8921a97f0_0, 0;
    %pushi/vec4 0, 0, 32;
    %assign/vec4 v000002b8921aa5b0_0, 0;
    %jmp T_111.1;
T_111.0 ;
    %load/vec4 v000002b8921a9390_0;
    %flag_set/vec4 8;
    %jmp/0xz  T_111.2, 8;
    %load/vec4 v000002b8921a9070_0;
    %assign/vec4 v000002b8921a8b70_0, 0;
T_111.2 ;
    %load/vec4 v000002b8921a8530_0;
    %flag_set/vec4 8;
    %jmp/0xz  T_111.4, 8;
    %load/vec4 v000002b8921aa790_0;
    %assign/vec4 v000002b8921a97f0_0, 0;
    %load/vec4 v000002b8921a8990_0;
    %load/vec4 v000002b8921aa790_0;
    %pad/s 32;
    %load/vec4 v000002b8921a8b70_0;
    %pad/s 32;
    %mul;
    %add;
    %assign/vec4 v000002b8921aa5b0_0, 0;
T_111.4 ;
T_111.1 ;
    %jmp T_111;
    .thread T_111;
    .scope S_000002b8921b6390;
T_112 ;
    %wait E_000002b89208b550;
    %load/vec4 v000002b8921a83f0_0;
    %nor/r;
    %flag_set/vec4 8;
    %jmp/0xz  T_112.0, 8;
    %pushi/vec4 0, 0, 8;
    %assign/vec4 v000002b8921a85d0_0, 0;
    %pushi/vec4 0, 0, 8;
    %assign/vec4 v000002b8921a82b0_0, 0;
    %pushi/vec4 0, 0, 32;
    %assign/vec4 v000002b8921a9110_0, 0;
    %jmp T_112.1;
T_112.0 ;
    %load/vec4 v000002b8921aa290_0;
    %flag_set/vec4 8;
    %jmp/0xz  T_112.2, 8;
    %load/vec4 v000002b8921a9e30_0;
    %assign/vec4 v000002b8921a85d0_0, 0;
T_112.2 ;
    %load/vec4 v000002b8921a9bb0_0;
    %flag_set/vec4 8;
    %jmp/0xz  T_112.4, 8;
    %load/vec4 v000002b8921a9d90_0;
    %assign/vec4 v000002b8921a82b0_0, 0;
    %load/vec4 v000002b8921a8c10_0;
    %load/vec4 v000002b8921a9d90_0;
    %pad/s 32;
    %load/vec4 v000002b8921a85d0_0;
    %pad/s 32;
    %mul;
    %add;
    %assign/vec4 v000002b8921a9110_0, 0;
T_112.4 ;
T_112.1 ;
    %jmp T_112;
    .thread T_112;
    .scope S_000002b8921b5a30;
T_113 ;
    %wait E_000002b89208b550;
    %load/vec4 v000002b8921ab0f0_0;
    %nor/r;
    %flag_set/vec4 8;
    %jmp/0xz  T_113.0, 8;
    %pushi/vec4 0, 0, 8;
    %assign/vec4 v000002b8921aca90_0, 0;
    %pushi/vec4 0, 0, 8;
    %assign/vec4 v000002b8921aba50_0, 0;
    %pushi/vec4 0, 0, 32;
    %assign/vec4 v000002b8921ac4f0_0, 0;
    %jmp T_113.1;
T_113.0 ;
    %load/vec4 v000002b8921ac8b0_0;
    %flag_set/vec4 8;
    %jmp/0xz  T_113.2, 8;
    %load/vec4 v000002b8921aac90_0;
    %assign/vec4 v000002b8921aca90_0, 0;
T_113.2 ;
    %load/vec4 v000002b8921aa1f0_0;
    %flag_set/vec4 8;
    %jmp/0xz  T_113.4, 8;
    %load/vec4 v000002b8921ab4b0_0;
    %assign/vec4 v000002b8921aba50_0, 0;
    %load/vec4 v000002b8921acdb0_0;
    %load/vec4 v000002b8921ab4b0_0;
    %pad/s 32;
    %load/vec4 v000002b8921aca90_0;
    %pad/s 32;
    %mul;
    %add;
    %assign/vec4 v000002b8921ac4f0_0, 0;
T_113.4 ;
T_113.1 ;
    %jmp T_113;
    .thread T_113;
    .scope S_000002b8921b6520;
T_114 ;
    %wait E_000002b89208b550;
    %load/vec4 v000002b8921ab2d0_0;
    %nor/r;
    %flag_set/vec4 8;
    %jmp/0xz  T_114.0, 8;
    %pushi/vec4 0, 0, 8;
    %assign/vec4 v000002b8921abeb0_0, 0;
    %pushi/vec4 0, 0, 8;
    %assign/vec4 v000002b8921ab7d0_0, 0;
    %pushi/vec4 0, 0, 32;
    %assign/vec4 v000002b8921aaa10_0, 0;
    %jmp T_114.1;
T_114.0 ;
    %load/vec4 v000002b8921abaf0_0;
    %flag_set/vec4 8;
    %jmp/0xz  T_114.2, 8;
    %load/vec4 v000002b8921abb90_0;
    %assign/vec4 v000002b8921abeb0_0, 0;
T_114.2 ;
    %load/vec4 v000002b8921ab550_0;
    %flag_set/vec4 8;
    %jmp/0xz  T_114.4, 8;
    %load/vec4 v000002b8921ab730_0;
    %assign/vec4 v000002b8921ab7d0_0, 0;
    %load/vec4 v000002b8921ac810_0;
    %load/vec4 v000002b8921ab730_0;
    %pad/s 32;
    %load/vec4 v000002b8921abeb0_0;
    %pad/s 32;
    %mul;
    %add;
    %assign/vec4 v000002b8921aaa10_0, 0;
T_114.4 ;
T_114.1 ;
    %jmp T_114;
    .thread T_114;
    .scope S_000002b8921bb7f0;
T_115 ;
    %wait E_000002b89208b550;
    %load/vec4 v000002b8921aabf0_0;
    %nor/r;
    %flag_set/vec4 8;
    %jmp/0xz  T_115.0, 8;
    %pushi/vec4 0, 0, 8;
    %assign/vec4 v000002b8921ac270_0, 0;
    %pushi/vec4 0, 0, 8;
    %assign/vec4 v000002b8921ab910_0, 0;
    %pushi/vec4 0, 0, 32;
    %assign/vec4 v000002b8921ab370_0, 0;
    %jmp T_115.1;
T_115.0 ;
    %load/vec4 v000002b8921ac130_0;
    %flag_set/vec4 8;
    %jmp/0xz  T_115.2, 8;
    %load/vec4 v000002b8921abe10_0;
    %assign/vec4 v000002b8921ac270_0, 0;
T_115.2 ;
    %load/vec4 v000002b8921aab50_0;
    %flag_set/vec4 8;
    %jmp/0xz  T_115.4, 8;
    %load/vec4 v000002b8921acef0_0;
    %assign/vec4 v000002b8921ab910_0, 0;
    %load/vec4 v000002b8921ac950_0;
    %load/vec4 v000002b8921acef0_0;
    %pad/s 32;
    %load/vec4 v000002b8921ac270_0;
    %pad/s 32;
    %mul;
    %add;
    %assign/vec4 v000002b8921ab370_0, 0;
T_115.4 ;
T_115.1 ;
    %jmp T_115;
    .thread T_115;
    .scope S_000002b8921ba850;
T_116 ;
    %wait E_000002b89208b550;
    %load/vec4 v000002b8921ac770_0;
    %nor/r;
    %flag_set/vec4 8;
    %jmp/0xz  T_116.0, 8;
    %pushi/vec4 0, 0, 8;
    %assign/vec4 v000002b8921abd70_0, 0;
    %pushi/vec4 0, 0, 8;
    %assign/vec4 v000002b8921ad0d0_0, 0;
    %pushi/vec4 0, 0, 32;
    %assign/vec4 v000002b8921ac310_0, 0;
    %jmp T_116.1;
T_116.0 ;
    %load/vec4 v000002b8921acc70_0;
    %flag_set/vec4 8;
    %jmp/0xz  T_116.2, 8;
    %load/vec4 v000002b8921ab050_0;
    %assign/vec4 v000002b8921abd70_0, 0;
T_116.2 ;
    %load/vec4 v000002b8921abcd0_0;
    %flag_set/vec4 8;
    %jmp/0xz  T_116.4, 8;
    %load/vec4 v000002b8921aad30_0;
    %assign/vec4 v000002b8921ad0d0_0, 0;
    %load/vec4 v000002b8921acbd0_0;
    %load/vec4 v000002b8921aad30_0;
    %pad/s 32;
    %load/vec4 v000002b8921abd70_0;
    %pad/s 32;
    %mul;
    %add;
    %assign/vec4 v000002b8921ac310_0, 0;
T_116.4 ;
T_116.1 ;
    %jmp T_116;
    .thread T_116;
    .scope S_000002b8921b8aa0;
T_117 ;
    %wait E_000002b89208b550;
    %load/vec4 v000002b8921adc10_0;
    %nor/r;
    %flag_set/vec4 8;
    %jmp/0xz  T_117.0, 8;
    %pushi/vec4 0, 0, 8;
    %assign/vec4 v000002b8921add50_0, 0;
    %pushi/vec4 0, 0, 8;
    %assign/vec4 v000002b8921ae2f0_0, 0;
    %pushi/vec4 0, 0, 32;
    %assign/vec4 v000002b8921ad670_0, 0;
    %jmp T_117.1;
T_117.0 ;
    %load/vec4 v000002b8921ac630_0;
    %flag_set/vec4 8;
    %jmp/0xz  T_117.2, 8;
    %load/vec4 v000002b8921ab230_0;
    %assign/vec4 v000002b8921add50_0, 0;
T_117.2 ;
    %load/vec4 v000002b8921ab9b0_0;
    %flag_set/vec4 8;
    %jmp/0xz  T_117.4, 8;
    %load/vec4 v000002b8921ac9f0_0;
    %assign/vec4 v000002b8921ae2f0_0, 0;
    %load/vec4 v000002b8921ab190_0;
    %load/vec4 v000002b8921ac9f0_0;
    %pad/s 32;
    %load/vec4 v000002b8921add50_0;
    %pad/s 32;
    %mul;
    %add;
    %assign/vec4 v000002b8921ad670_0, 0;
T_117.4 ;
T_117.1 ;
    %jmp T_117;
    .thread T_117;
    .scope S_000002b8921b98b0;
T_118 ;
    %wait E_000002b89208b550;
    %load/vec4 v000002b8921ae610_0;
    %nor/r;
    %flag_set/vec4 8;
    %jmp/0xz  T_118.0, 8;
    %pushi/vec4 0, 0, 8;
    %assign/vec4 v000002b8921ade90_0, 0;
    %pushi/vec4 0, 0, 8;
    %assign/vec4 v000002b8921ae070_0, 0;
    %pushi/vec4 0, 0, 32;
    %assign/vec4 v000002b8921ae4d0_0, 0;
    %jmp T_118.1;
T_118.0 ;
    %load/vec4 v000002b8921aef70_0;
    %flag_set/vec4 8;
    %jmp/0xz  T_118.2, 8;
    %load/vec4 v000002b8921ad490_0;
    %assign/vec4 v000002b8921ade90_0, 0;
T_118.2 ;
    %load/vec4 v000002b8921af650_0;
    %flag_set/vec4 8;
    %jmp/0xz  T_118.4, 8;
    %load/vec4 v000002b8921ae9d0_0;
    %assign/vec4 v000002b8921ae070_0, 0;
    %load/vec4 v000002b8921ad170_0;
    %load/vec4 v000002b8921ae9d0_0;
    %pad/s 32;
    %load/vec4 v000002b8921ade90_0;
    %pad/s 32;
    %mul;
    %add;
    %assign/vec4 v000002b8921ae4d0_0, 0;
T_118.4 ;
T_118.1 ;
    %jmp T_118;
    .thread T_118;
    .scope S_000002b8921bbca0;
T_119 ;
    %wait E_000002b89208b550;
    %load/vec4 v000002b8921af0b0_0;
    %nor/r;
    %flag_set/vec4 8;
    %jmp/0xz  T_119.0, 8;
    %pushi/vec4 0, 0, 8;
    %assign/vec4 v000002b8921ad8f0_0, 0;
    %pushi/vec4 0, 0, 8;
    %assign/vec4 v000002b8921aec50_0, 0;
    %pushi/vec4 0, 0, 32;
    %assign/vec4 v000002b8921ae750_0, 0;
    %jmp T_119.1;
T_119.0 ;
    %load/vec4 v000002b8921ad530_0;
    %flag_set/vec4 8;
    %jmp/0xz  T_119.2, 8;
    %load/vec4 v000002b8921ad350_0;
    %assign/vec4 v000002b8921ad8f0_0, 0;
T_119.2 ;
    %load/vec4 v000002b8921af830_0;
    %flag_set/vec4 8;
    %jmp/0xz  T_119.4, 8;
    %load/vec4 v000002b8921ad850_0;
    %assign/vec4 v000002b8921aec50_0, 0;
    %load/vec4 v000002b8921aea70_0;
    %load/vec4 v000002b8921ad850_0;
    %pad/s 32;
    %load/vec4 v000002b8921ad8f0_0;
    %pad/s 32;
    %mul;
    %add;
    %assign/vec4 v000002b8921ae750_0, 0;
T_119.4 ;
T_119.1 ;
    %jmp T_119;
    .thread T_119;
    .scope S_000002b8921bb020;
T_120 ;
    %wait E_000002b89208b550;
    %load/vec4 v000002b8921aecf0_0;
    %nor/r;
    %flag_set/vec4 8;
    %jmp/0xz  T_120.0, 8;
    %pushi/vec4 0, 0, 8;
    %assign/vec4 v000002b8921ada30_0, 0;
    %pushi/vec4 0, 0, 8;
    %assign/vec4 v000002b8921aeb10_0, 0;
    %pushi/vec4 0, 0, 32;
    %assign/vec4 v000002b8921adf30_0, 0;
    %jmp T_120.1;
T_120.0 ;
    %load/vec4 v000002b8921ad990_0;
    %flag_set/vec4 8;
    %jmp/0xz  T_120.2, 8;
    %load/vec4 v000002b8921adad0_0;
    %assign/vec4 v000002b8921ada30_0, 0;
T_120.2 ;
    %load/vec4 v000002b8921ad3f0_0;
    %flag_set/vec4 8;
    %jmp/0xz  T_120.4, 8;
    %load/vec4 v000002b8921ad5d0_0;
    %assign/vec4 v000002b8921aeb10_0, 0;
    %load/vec4 v000002b8921ae430_0;
    %load/vec4 v000002b8921ad5d0_0;
    %pad/s 32;
    %load/vec4 v000002b8921ada30_0;
    %pad/s 32;
    %mul;
    %add;
    %assign/vec4 v000002b8921adf30_0, 0;
T_120.4 ;
T_120.1 ;
    %jmp T_120;
    .thread T_120;
    .scope S_000002b8921bbe30;
T_121 ;
    %wait E_000002b89208b550;
    %load/vec4 v000002b8921af8d0_0;
    %nor/r;
    %flag_set/vec4 8;
    %jmp/0xz  T_121.0, 8;
    %pushi/vec4 0, 0, 8;
    %assign/vec4 v000002b8921af6f0_0, 0;
    %pushi/vec4 0, 0, 8;
    %assign/vec4 v000002b8921af470_0, 0;
    %pushi/vec4 0, 0, 32;
    %assign/vec4 v000002b8921af510_0, 0;
    %jmp T_121.1;
T_121.0 ;
    %load/vec4 v000002b8921aeed0_0;
    %flag_set/vec4 8;
    %jmp/0xz  T_121.2, 8;
    %load/vec4 v000002b8921af3d0_0;
    %assign/vec4 v000002b8921af6f0_0, 0;
T_121.2 ;
    %load/vec4 v000002b8921aed90_0;
    %flag_set/vec4 8;
    %jmp/0xz  T_121.4, 8;
    %load/vec4 v000002b8921ae250_0;
    %assign/vec4 v000002b8921af470_0, 0;
    %load/vec4 v000002b8921aee30_0;
    %load/vec4 v000002b8921ae250_0;
    %pad/s 32;
    %load/vec4 v000002b8921af6f0_0;
    %pad/s 32;
    %mul;
    %add;
    %assign/vec4 v000002b8921af510_0, 0;
T_121.4 ;
T_121.1 ;
    %jmp T_121;
    .thread T_121;
    .scope S_000002b8921bad00;
T_122 ;
    %wait E_000002b89208b550;
    %load/vec4 v000002b8921b0cd0_0;
    %nor/r;
    %flag_set/vec4 8;
    %jmp/0xz  T_122.0, 8;
    %pushi/vec4 0, 0, 8;
    %assign/vec4 v000002b8921b1e50_0, 0;
    %pushi/vec4 0, 0, 8;
    %assign/vec4 v000002b8921b0ff0_0, 0;
    %pushi/vec4 0, 0, 32;
    %assign/vec4 v000002b8921af970_0, 0;
    %jmp T_122.1;
T_122.0 ;
    %load/vec4 v000002b8921b1f90_0;
    %flag_set/vec4 8;
    %jmp/0xz  T_122.2, 8;
    %load/vec4 v000002b8921afe70_0;
    %assign/vec4 v000002b8921b1e50_0, 0;
T_122.2 ;
    %load/vec4 v000002b8921b1810_0;
    %flag_set/vec4 8;
    %jmp/0xz  T_122.4, 8;
    %load/vec4 v000002b8921b1630_0;
    %assign/vec4 v000002b8921b0ff0_0, 0;
    %load/vec4 v000002b8921afdd0_0;
    %load/vec4 v000002b8921b1630_0;
    %pad/s 32;
    %load/vec4 v000002b8921b1e50_0;
    %pad/s 32;
    %mul;
    %add;
    %assign/vec4 v000002b8921af970_0, 0;
T_122.4 ;
T_122.1 ;
    %jmp T_122;
    .thread T_122;
    .scope S_000002b8921bbfc0;
T_123 ;
    %wait E_000002b89208b550;
    %load/vec4 v000002b8921b1b30_0;
    %nor/r;
    %flag_set/vec4 8;
    %jmp/0xz  T_123.0, 8;
    %pushi/vec4 0, 0, 8;
    %assign/vec4 v000002b8921b00f0_0, 0;
    %pushi/vec4 0, 0, 8;
    %assign/vec4 v000002b8921b04b0_0, 0;
    %pushi/vec4 0, 0, 32;
    %assign/vec4 v000002b8921b02d0_0, 0;
    %jmp T_123.1;
T_123.0 ;
    %load/vec4 v000002b8921b0410_0;
    %flag_set/vec4 8;
    %jmp/0xz  T_123.2, 8;
    %load/vec4 v000002b8921afa10_0;
    %assign/vec4 v000002b8921b00f0_0, 0;
T_123.2 ;
    %load/vec4 v000002b8921b0d70_0;
    %flag_set/vec4 8;
    %jmp/0xz  T_123.4, 8;
    %load/vec4 v000002b8921b1950_0;
    %assign/vec4 v000002b8921b04b0_0, 0;
    %load/vec4 v000002b8921b1090_0;
    %load/vec4 v000002b8921b1950_0;
    %pad/s 32;
    %load/vec4 v000002b8921b00f0_0;
    %pad/s 32;
    %mul;
    %add;
    %assign/vec4 v000002b8921b02d0_0, 0;
T_123.4 ;
T_123.1 ;
    %jmp T_123;
    .thread T_123;
    .scope S_000002b8921ba530;
T_124 ;
    %wait E_000002b89208b550;
    %load/vec4 v000002b8921b0e10_0;
    %nor/r;
    %flag_set/vec4 8;
    %jmp/0xz  T_124.0, 8;
    %pushi/vec4 0, 0, 8;
    %assign/vec4 v000002b8921b1c70_0, 0;
    %pushi/vec4 0, 0, 8;
    %assign/vec4 v000002b8921b0c30_0, 0;
    %pushi/vec4 0, 0, 32;
    %assign/vec4 v000002b8921b0a50_0, 0;
    %jmp T_124.1;
T_124.0 ;
    %load/vec4 v000002b8921b0870_0;
    %flag_set/vec4 8;
    %jmp/0xz  T_124.2, 8;
    %load/vec4 v000002b8921b07d0_0;
    %assign/vec4 v000002b8921b1c70_0, 0;
T_124.2 ;
    %load/vec4 v000002b8921b09b0_0;
    %flag_set/vec4 8;
    %jmp/0xz  T_124.4, 8;
    %load/vec4 v000002b8921b0af0_0;
    %assign/vec4 v000002b8921b0c30_0, 0;
    %load/vec4 v000002b8921b1bd0_0;
    %load/vec4 v000002b8921b0af0_0;
    %pad/s 32;
    %load/vec4 v000002b8921b1c70_0;
    %pad/s 32;
    %mul;
    %add;
    %assign/vec4 v000002b8921b0a50_0, 0;
T_124.4 ;
T_124.1 ;
    %jmp T_124;
    .thread T_124;
    .scope S_000002b8921ba6c0;
T_125 ;
    %wait E_000002b89208b550;
    %load/vec4 v000002b8921b1450_0;
    %nor/r;
    %flag_set/vec4 8;
    %jmp/0xz  T_125.0, 8;
    %pushi/vec4 0, 0, 8;
    %assign/vec4 v000002b8921afbf0_0, 0;
    %pushi/vec4 0, 0, 8;
    %assign/vec4 v000002b8921b13b0_0, 0;
    %pushi/vec4 0, 0, 32;
    %assign/vec4 v000002b8921b18b0_0, 0;
    %jmp T_125.1;
T_125.0 ;
    %load/vec4 v000002b8921b1310_0;
    %flag_set/vec4 8;
    %jmp/0xz  T_125.2, 8;
    %load/vec4 v000002b8921b1270_0;
    %assign/vec4 v000002b8921afbf0_0, 0;
T_125.2 ;
    %load/vec4 v000002b8921b16d0_0;
    %flag_set/vec4 8;
    %jmp/0xz  T_125.4, 8;
    %load/vec4 v000002b8921b1db0_0;
    %assign/vec4 v000002b8921b13b0_0, 0;
    %load/vec4 v000002b8921b11d0_0;
    %load/vec4 v000002b8921b1db0_0;
    %pad/s 32;
    %load/vec4 v000002b8921afbf0_0;
    %pad/s 32;
    %mul;
    %add;
    %assign/vec4 v000002b8921b18b0_0, 0;
T_125.4 ;
T_125.1 ;
    %jmp T_125;
    .thread T_125;
    .scope S_000002b8921bc2e0;
T_126 ;
    %wait E_000002b89208b550;
    %load/vec4 v000002b8921b27b0_0;
    %nor/r;
    %flag_set/vec4 8;
    %jmp/0xz  T_126.0, 8;
    %pushi/vec4 0, 0, 8;
    %assign/vec4 v000002b8921b2c10_0, 0;
    %pushi/vec4 0, 0, 8;
    %assign/vec4 v000002b8921b2ad0_0, 0;
    %pushi/vec4 0, 0, 32;
    %assign/vec4 v000002b8921b2530_0, 0;
    %jmp T_126.1;
T_126.0 ;
    %load/vec4 v000002b8921b2e90_0;
    %flag_set/vec4 8;
    %jmp/0xz  T_126.2, 8;
    %load/vec4 v000002b8921b28f0_0;
    %assign/vec4 v000002b8921b2c10_0, 0;
T_126.2 ;
    %load/vec4 v000002b8921b2f30_0;
    %flag_set/vec4 8;
    %jmp/0xz  T_126.4, 8;
    %load/vec4 v000002b8921b2850_0;
    %assign/vec4 v000002b8921b2ad0_0, 0;
    %load/vec4 v000002b8921b2990_0;
    %load/vec4 v000002b8921b2850_0;
    %pad/s 32;
    %load/vec4 v000002b8921b2c10_0;
    %pad/s 32;
    %mul;
    %add;
    %assign/vec4 v000002b8921b2530_0, 0;
T_126.4 ;
T_126.1 ;
    %jmp T_126;
    .thread T_126;
    .scope S_000002b8921b8780;
T_127 ;
    %wait E_000002b89208b550;
    %load/vec4 v000002b8921a4890_0;
    %nor/r;
    %flag_set/vec4 8;
    %jmp/0xz  T_127.0, 8;
    %pushi/vec4 0, 0, 8;
    %assign/vec4 v000002b8921a5330_0, 0;
    %pushi/vec4 0, 0, 8;
    %assign/vec4 v000002b8921b2490_0, 0;
    %pushi/vec4 0, 0, 32;
    %assign/vec4 v000002b8921b23f0_0, 0;
    %jmp T_127.1;
T_127.0 ;
    %load/vec4 v000002b8921b22b0_0;
    %flag_set/vec4 8;
    %jmp/0xz  T_127.2, 8;
    %load/vec4 v000002b8921b2210_0;
    %assign/vec4 v000002b8921a5330_0, 0;
T_127.2 ;
    %load/vec4 v000002b8921b2710_0;
    %flag_set/vec4 8;
    %jmp/0xz  T_127.4, 8;
    %load/vec4 v000002b8921b2b70_0;
    %assign/vec4 v000002b8921b2490_0, 0;
    %load/vec4 v000002b8921b2d50_0;
    %load/vec4 v000002b8921b2b70_0;
    %pad/s 32;
    %load/vec4 v000002b8921a5330_0;
    %pad/s 32;
    %mul;
    %add;
    %assign/vec4 v000002b8921b23f0_0, 0;
T_127.4 ;
T_127.1 ;
    %jmp T_127;
    .thread T_127;
    .scope S_000002b8921bdbe0;
T_128 ;
    %wait E_000002b89208b550;
    %load/vec4 v000002b8921a3210_0;
    %nor/r;
    %flag_set/vec4 8;
    %jmp/0xz  T_128.0, 8;
    %pushi/vec4 0, 0, 8;
    %assign/vec4 v000002b8921a4a70_0, 0;
    %pushi/vec4 0, 0, 8;
    %assign/vec4 v000002b8921a4e30_0, 0;
    %pushi/vec4 0, 0, 32;
    %assign/vec4 v000002b8921a47f0_0, 0;
    %jmp T_128.1;
T_128.0 ;
    %load/vec4 v000002b8921a3b70_0;
    %flag_set/vec4 8;
    %jmp/0xz  T_128.2, 8;
    %load/vec4 v000002b8921a4bb0_0;
    %assign/vec4 v000002b8921a4a70_0, 0;
T_128.2 ;
    %load/vec4 v000002b8921a3ad0_0;
    %flag_set/vec4 8;
    %jmp/0xz  T_128.4, 8;
    %load/vec4 v000002b8921a3df0_0;
    %assign/vec4 v000002b8921a4e30_0, 0;
    %load/vec4 v000002b8921a3530_0;
    %load/vec4 v000002b8921a3df0_0;
    %pad/s 32;
    %load/vec4 v000002b8921a4a70_0;
    %pad/s 32;
    %mul;
    %add;
    %assign/vec4 v000002b8921a47f0_0, 0;
T_128.4 ;
T_128.1 ;
    %jmp T_128;
    .thread T_128;
    .scope S_000002b8921bd0f0;
T_129 ;
    %wait E_000002b89208b550;
    %load/vec4 v000002b8921a51f0_0;
    %nor/r;
    %flag_set/vec4 8;
    %jmp/0xz  T_129.0, 8;
    %pushi/vec4 0, 0, 8;
    %assign/vec4 v000002b8921a3cb0_0, 0;
    %pushi/vec4 0, 0, 8;
    %assign/vec4 v000002b8921a5470_0, 0;
    %pushi/vec4 0, 0, 32;
    %assign/vec4 v000002b8921a3a30_0, 0;
    %jmp T_129.1;
T_129.0 ;
    %load/vec4 v000002b8921a4c50_0;
    %flag_set/vec4 8;
    %jmp/0xz  T_129.2, 8;
    %load/vec4 v000002b8921a44d0_0;
    %assign/vec4 v000002b8921a3cb0_0, 0;
T_129.2 ;
    %load/vec4 v000002b8921a3d50_0;
    %flag_set/vec4 8;
    %jmp/0xz  T_129.4, 8;
    %load/vec4 v000002b8921a5510_0;
    %assign/vec4 v000002b8921a5470_0, 0;
    %load/vec4 v000002b8921a3670_0;
    %load/vec4 v000002b8921a5510_0;
    %pad/s 32;
    %load/vec4 v000002b8921a3cb0_0;
    %pad/s 32;
    %mul;
    %add;
    %assign/vec4 v000002b8921a3a30_0, 0;
T_129.4 ;
T_129.1 ;
    %jmp T_129;
    .thread T_129;
    .scope S_000002b8921bd730;
T_130 ;
    %wait E_000002b89208b550;
    %load/vec4 v000002b8921a4430_0;
    %nor/r;
    %flag_set/vec4 8;
    %jmp/0xz  T_130.0, 8;
    %pushi/vec4 0, 0, 8;
    %assign/vec4 v000002b8921a3170_0, 0;
    %pushi/vec4 0, 0, 8;
    %assign/vec4 v000002b8921a53d0_0, 0;
    %pushi/vec4 0, 0, 32;
    %assign/vec4 v000002b8921a41b0_0, 0;
    %jmp T_130.1;
T_130.0 ;
    %load/vec4 v000002b8921a4110_0;
    %flag_set/vec4 8;
    %jmp/0xz  T_130.2, 8;
    %load/vec4 v000002b8921a4b10_0;
    %assign/vec4 v000002b8921a3170_0, 0;
T_130.2 ;
    %load/vec4 v000002b8921a37b0_0;
    %flag_set/vec4 8;
    %jmp/0xz  T_130.4, 8;
    %load/vec4 v000002b8921a49d0_0;
    %assign/vec4 v000002b8921a53d0_0, 0;
    %load/vec4 v000002b8921a5290_0;
    %load/vec4 v000002b8921a49d0_0;
    %pad/s 32;
    %load/vec4 v000002b8921a3170_0;
    %pad/s 32;
    %mul;
    %add;
    %assign/vec4 v000002b8921a41b0_0, 0;
T_130.4 ;
T_130.1 ;
    %jmp T_130;
    .thread T_130;
    .scope S_000002b8921bf350;
T_131 ;
    %wait E_000002b89208b550;
    %load/vec4 v000002b8921a3350_0;
    %nor/r;
    %flag_set/vec4 8;
    %jmp/0xz  T_131.0, 8;
    %pushi/vec4 0, 0, 8;
    %assign/vec4 v000002b8921a5790_0, 0;
    %pushi/vec4 0, 0, 8;
    %assign/vec4 v000002b8921a50b0_0, 0;
    %pushi/vec4 0, 0, 32;
    %assign/vec4 v000002b8921a5830_0, 0;
    %jmp T_131.1;
T_131.0 ;
    %load/vec4 v000002b8921a4ed0_0;
    %flag_set/vec4 8;
    %jmp/0xz  T_131.2, 8;
    %load/vec4 v000002b8921a4d90_0;
    %assign/vec4 v000002b8921a5790_0, 0;
T_131.2 ;
    %load/vec4 v000002b8921a32b0_0;
    %flag_set/vec4 8;
    %jmp/0xz  T_131.4, 8;
    %load/vec4 v000002b8921a3850_0;
    %assign/vec4 v000002b8921a50b0_0, 0;
    %load/vec4 v000002b8921a4750_0;
    %load/vec4 v000002b8921a3850_0;
    %pad/s 32;
    %load/vec4 v000002b8921a5790_0;
    %pad/s 32;
    %mul;
    %add;
    %assign/vec4 v000002b8921a5830_0, 0;
T_131.4 ;
T_131.1 ;
    %jmp T_131;
    .thread T_131;
    .scope S_000002b8921be090;
T_132 ;
    %wait E_000002b89208b550;
    %load/vec4 v000002b8921c4d60_0;
    %nor/r;
    %flag_set/vec4 8;
    %jmp/0xz  T_132.0, 8;
    %pushi/vec4 0, 0, 8;
    %assign/vec4 v000002b8921c5120_0, 0;
    %pushi/vec4 0, 0, 8;
    %assign/vec4 v000002b8921c30a0_0, 0;
    %pushi/vec4 0, 0, 32;
    %assign/vec4 v000002b8921c2e20_0, 0;
    %jmp T_132.1;
T_132.0 ;
    %load/vec4 v000002b8921c49a0_0;
    %flag_set/vec4 8;
    %jmp/0xz  T_132.2, 8;
    %load/vec4 v000002b8921c4900_0;
    %assign/vec4 v000002b8921c5120_0, 0;
T_132.2 ;
    %load/vec4 v000002b8921c2d80_0;
    %flag_set/vec4 8;
    %jmp/0xz  T_132.4, 8;
    %load/vec4 v000002b8921c4fe0_0;
    %assign/vec4 v000002b8921c30a0_0, 0;
    %load/vec4 v000002b8921c3aa0_0;
    %load/vec4 v000002b8921c4fe0_0;
    %pad/s 32;
    %load/vec4 v000002b8921c5120_0;
    %pad/s 32;
    %mul;
    %add;
    %assign/vec4 v000002b8921c2e20_0, 0;
T_132.4 ;
T_132.1 ;
    %jmp T_132;
    .thread T_132;
    .scope S_000002b8921bf030;
T_133 ;
    %wait E_000002b89208b550;
    %load/vec4 v000002b8921c4540_0;
    %nor/r;
    %flag_set/vec4 8;
    %jmp/0xz  T_133.0, 8;
    %pushi/vec4 0, 0, 8;
    %assign/vec4 v000002b8921c3b40_0, 0;
    %pushi/vec4 0, 0, 8;
    %assign/vec4 v000002b8921c4ea0_0, 0;
    %pushi/vec4 0, 0, 32;
    %assign/vec4 v000002b8921c36e0_0, 0;
    %jmp T_133.1;
T_133.0 ;
    %load/vec4 v000002b8921c3dc0_0;
    %flag_set/vec4 8;
    %jmp/0xz  T_133.2, 8;
    %load/vec4 v000002b8921c4cc0_0;
    %assign/vec4 v000002b8921c3b40_0, 0;
T_133.2 ;
    %load/vec4 v000002b8921c2ec0_0;
    %flag_set/vec4 8;
    %jmp/0xz  T_133.4, 8;
    %load/vec4 v000002b8921c4040_0;
    %assign/vec4 v000002b8921c4ea0_0, 0;
    %load/vec4 v000002b8921c3a00_0;
    %load/vec4 v000002b8921c4040_0;
    %pad/s 32;
    %load/vec4 v000002b8921c3b40_0;
    %pad/s 32;
    %mul;
    %add;
    %assign/vec4 v000002b8921c36e0_0, 0;
T_133.4 ;
T_133.1 ;
    %jmp T_133;
    .thread T_133;
    .scope S_000002b8921bdf00;
T_134 ;
    %wait E_000002b89208b550;
    %load/vec4 v000002b8921c4720_0;
    %nor/r;
    %flag_set/vec4 8;
    %jmp/0xz  T_134.0, 8;
    %pushi/vec4 0, 0, 8;
    %assign/vec4 v000002b8921c40e0_0, 0;
    %pushi/vec4 0, 0, 8;
    %assign/vec4 v000002b8921c5080_0, 0;
    %pushi/vec4 0, 0, 32;
    %assign/vec4 v000002b8921c35a0_0, 0;
    %jmp T_134.1;
T_134.0 ;
    %load/vec4 v000002b8921c3be0_0;
    %flag_set/vec4 8;
    %jmp/0xz  T_134.2, 8;
    %load/vec4 v000002b8921c4c20_0;
    %assign/vec4 v000002b8921c40e0_0, 0;
T_134.2 ;
    %load/vec4 v000002b8921c4ae0_0;
    %flag_set/vec4 8;
    %jmp/0xz  T_134.4, 8;
    %load/vec4 v000002b8921c3f00_0;
    %assign/vec4 v000002b8921c5080_0, 0;
    %load/vec4 v000002b8921c3500_0;
    %load/vec4 v000002b8921c3f00_0;
    %pad/s 32;
    %load/vec4 v000002b8921c40e0_0;
    %pad/s 32;
    %mul;
    %add;
    %assign/vec4 v000002b8921c35a0_0, 0;
T_134.4 ;
T_134.1 ;
    %jmp T_134;
    .thread T_134;
    .scope S_000002b8921d6be0;
T_135 ;
    %wait E_000002b89208b550;
    %load/vec4 v000002b8921c31e0_0;
    %nor/r;
    %flag_set/vec4 8;
    %jmp/0xz  T_135.0, 8;
    %pushi/vec4 0, 0, 8;
    %assign/vec4 v000002b8921c38c0_0, 0;
    %pushi/vec4 0, 0, 8;
    %assign/vec4 v000002b8921c3000_0, 0;
    %pushi/vec4 0, 0, 32;
    %assign/vec4 v000002b8921c4220_0, 0;
    %jmp T_135.1;
T_135.0 ;
    %load/vec4 v000002b8921c4180_0;
    %flag_set/vec4 8;
    %jmp/0xz  T_135.2, 8;
    %load/vec4 v000002b8921c2ba0_0;
    %assign/vec4 v000002b8921c38c0_0, 0;
T_135.2 ;
    %load/vec4 v000002b8921c3140_0;
    %flag_set/vec4 8;
    %jmp/0xz  T_135.4, 8;
    %load/vec4 v000002b8921c4360_0;
    %assign/vec4 v000002b8921c3000_0, 0;
    %load/vec4 v000002b8921c2a60_0;
    %load/vec4 v000002b8921c4360_0;
    %pad/s 32;
    %load/vec4 v000002b8921c38c0_0;
    %pad/s 32;
    %mul;
    %add;
    %assign/vec4 v000002b8921c4220_0, 0;
T_135.4 ;
T_135.1 ;
    %jmp T_135;
    .thread T_135;
    .scope S_000002b8921d6d70;
T_136 ;
    %wait E_000002b89208b550;
    %load/vec4 v000002b8921c6520_0;
    %nor/r;
    %flag_set/vec4 8;
    %jmp/0xz  T_136.0, 8;
    %pushi/vec4 0, 0, 8;
    %assign/vec4 v000002b8921c7240_0, 0;
    %pushi/vec4 0, 0, 8;
    %assign/vec4 v000002b8921c5b20_0, 0;
    %pushi/vec4 0, 0, 32;
    %assign/vec4 v000002b8921c7560_0, 0;
    %jmp T_136.1;
T_136.0 ;
    %load/vec4 v000002b8921c6020_0;
    %flag_set/vec4 8;
    %jmp/0xz  T_136.2, 8;
    %load/vec4 v000002b8921c7740_0;
    %assign/vec4 v000002b8921c7240_0, 0;
T_136.2 ;
    %load/vec4 v000002b8921c6b60_0;
    %flag_set/vec4 8;
    %jmp/0xz  T_136.4, 8;
    %load/vec4 v000002b8921c7100_0;
    %assign/vec4 v000002b8921c5b20_0, 0;
    %load/vec4 v000002b8921c71a0_0;
    %load/vec4 v000002b8921c7100_0;
    %pad/s 32;
    %load/vec4 v000002b8921c7240_0;
    %pad/s 32;
    %mul;
    %add;
    %assign/vec4 v000002b8921c7560_0, 0;
T_136.4 ;
T_136.1 ;
    %jmp T_136;
    .thread T_136;
    .scope S_000002b8921d6730;
T_137 ;
    %wait E_000002b89208b550;
    %load/vec4 v000002b8921c77e0_0;
    %nor/r;
    %flag_set/vec4 8;
    %jmp/0xz  T_137.0, 8;
    %pushi/vec4 0, 0, 8;
    %assign/vec4 v000002b8921c58a0_0, 0;
    %pushi/vec4 0, 0, 8;
    %assign/vec4 v000002b8921c5620_0, 0;
    %pushi/vec4 0, 0, 32;
    %assign/vec4 v000002b8921c6ca0_0, 0;
    %jmp T_137.1;
T_137.0 ;
    %load/vec4 v000002b8921c6340_0;
    %flag_set/vec4 8;
    %jmp/0xz  T_137.2, 8;
    %load/vec4 v000002b8921c6c00_0;
    %assign/vec4 v000002b8921c58a0_0, 0;
T_137.2 ;
    %load/vec4 v000002b8921c65c0_0;
    %flag_set/vec4 8;
    %jmp/0xz  T_137.4, 8;
    %load/vec4 v000002b8921c74c0_0;
    %assign/vec4 v000002b8921c5620_0, 0;
    %load/vec4 v000002b8921c6700_0;
    %load/vec4 v000002b8921c74c0_0;
    %pad/s 32;
    %load/vec4 v000002b8921c58a0_0;
    %pad/s 32;
    %mul;
    %add;
    %assign/vec4 v000002b8921c6ca0_0, 0;
T_137.4 ;
T_137.1 ;
    %jmp T_137;
    .thread T_137;
    .scope S_000002b8921d7860;
T_138 ;
    %wait E_000002b89208b550;
    %load/vec4 v000002b8921c56c0_0;
    %nor/r;
    %flag_set/vec4 8;
    %jmp/0xz  T_138.0, 8;
    %pushi/vec4 0, 0, 8;
    %assign/vec4 v000002b8921c5300_0, 0;
    %pushi/vec4 0, 0, 8;
    %assign/vec4 v000002b8921c5bc0_0, 0;
    %pushi/vec4 0, 0, 32;
    %assign/vec4 v000002b8921c6a20_0, 0;
    %jmp T_138.1;
T_138.0 ;
    %load/vec4 v000002b8921c6840_0;
    %flag_set/vec4 8;
    %jmp/0xz  T_138.2, 8;
    %load/vec4 v000002b8921c5260_0;
    %assign/vec4 v000002b8921c5300_0, 0;
T_138.2 ;
    %load/vec4 v000002b8921c51c0_0;
    %flag_set/vec4 8;
    %jmp/0xz  T_138.4, 8;
    %load/vec4 v000002b8921c7380_0;
    %assign/vec4 v000002b8921c5bc0_0, 0;
    %load/vec4 v000002b8921c6980_0;
    %load/vec4 v000002b8921c7380_0;
    %pad/s 32;
    %load/vec4 v000002b8921c5300_0;
    %pad/s 32;
    %mul;
    %add;
    %assign/vec4 v000002b8921c6a20_0, 0;
T_138.4 ;
T_138.1 ;
    %jmp T_138;
    .thread T_138;
    .scope S_000002b8921d1140;
T_139 ;
    %wait E_000002b89208b550;
    %load/vec4 v000002b8921c5a80_0;
    %nor/r;
    %flag_set/vec4 8;
    %jmp/0xz  T_139.0, 8;
    %pushi/vec4 0, 0, 8;
    %assign/vec4 v000002b8921c5440_0, 0;
    %pushi/vec4 0, 0, 8;
    %assign/vec4 v000002b8921c59e0_0, 0;
    %pushi/vec4 0, 0, 32;
    %assign/vec4 v000002b8921c53a0_0, 0;
    %jmp T_139.1;
T_139.0 ;
    %load/vec4 v000002b8921c6d40_0;
    %flag_set/vec4 8;
    %jmp/0xz  T_139.2, 8;
    %load/vec4 v000002b8921c5580_0;
    %assign/vec4 v000002b8921c5440_0, 0;
T_139.2 ;
    %load/vec4 v000002b8921c54e0_0;
    %flag_set/vec4 8;
    %jmp/0xz  T_139.4, 8;
    %load/vec4 v000002b8921c5940_0;
    %assign/vec4 v000002b8921c59e0_0, 0;
    %load/vec4 v000002b8921c5da0_0;
    %load/vec4 v000002b8921c5940_0;
    %pad/s 32;
    %load/vec4 v000002b8921c5440_0;
    %pad/s 32;
    %mul;
    %add;
    %assign/vec4 v000002b8921c53a0_0, 0;
T_139.4 ;
T_139.1 ;
    %jmp T_139;
    .thread T_139;
    .scope S_000002b8921d2720;
T_140 ;
    %wait E_000002b89208b550;
    %load/vec4 v000002b8921c9ea0_0;
    %nor/r;
    %flag_set/vec4 8;
    %jmp/0xz  T_140.0, 8;
    %pushi/vec4 0, 0, 8;
    %assign/vec4 v000002b8921c7a60_0, 0;
    %pushi/vec4 0, 0, 8;
    %assign/vec4 v000002b8921c9900_0, 0;
    %pushi/vec4 0, 0, 32;
    %assign/vec4 v000002b8921c8460_0, 0;
    %jmp T_140.1;
T_140.0 ;
    %load/vec4 v000002b8921c7e20_0;
    %flag_set/vec4 8;
    %jmp/0xz  T_140.2, 8;
    %load/vec4 v000002b8921c6160_0;
    %assign/vec4 v000002b8921c7a60_0, 0;
T_140.2 ;
    %load/vec4 v000002b8921c6fc0_0;
    %flag_set/vec4 8;
    %jmp/0xz  T_140.4, 8;
    %load/vec4 v000002b8921c60c0_0;
    %assign/vec4 v000002b8921c9900_0, 0;
    %load/vec4 v000002b8921c7420_0;
    %load/vec4 v000002b8921c60c0_0;
    %pad/s 32;
    %load/vec4 v000002b8921c7a60_0;
    %pad/s 32;
    %mul;
    %add;
    %assign/vec4 v000002b8921c8460_0, 0;
T_140.4 ;
T_140.1 ;
    %jmp T_140;
    .thread T_140;
    .scope S_000002b8921d01a0;
T_141 ;
    %wait E_000002b89208b550;
    %load/vec4 v000002b8921c9360_0;
    %nor/r;
    %flag_set/vec4 8;
    %jmp/0xz  T_141.0, 8;
    %pushi/vec4 0, 0, 8;
    %assign/vec4 v000002b8921c97c0_0, 0;
    %pushi/vec4 0, 0, 8;
    %assign/vec4 v000002b8921c9fe0_0, 0;
    %pushi/vec4 0, 0, 32;
    %assign/vec4 v000002b8921c83c0_0, 0;
    %jmp T_141.1;
T_141.0 ;
    %load/vec4 v000002b8921c9720_0;
    %flag_set/vec4 8;
    %jmp/0xz  T_141.2, 8;
    %load/vec4 v000002b8921c94a0_0;
    %assign/vec4 v000002b8921c97c0_0, 0;
T_141.2 ;
    %load/vec4 v000002b8921c9a40_0;
    %flag_set/vec4 8;
    %jmp/0xz  T_141.4, 8;
    %load/vec4 v000002b8921c9f40_0;
    %assign/vec4 v000002b8921c9fe0_0, 0;
    %load/vec4 v000002b8921c8820_0;
    %load/vec4 v000002b8921c9f40_0;
    %pad/s 32;
    %load/vec4 v000002b8921c97c0_0;
    %pad/s 32;
    %mul;
    %add;
    %assign/vec4 v000002b8921c83c0_0, 0;
T_141.4 ;
T_141.1 ;
    %jmp T_141;
    .thread T_141;
    .scope S_000002b8921d3b70;
T_142 ;
    %wait E_000002b89208b550;
    %load/vec4 v000002b8921c9860_0;
    %nor/r;
    %flag_set/vec4 8;
    %jmp/0xz  T_142.0, 8;
    %pushi/vec4 0, 0, 8;
    %assign/vec4 v000002b8921c9d60_0, 0;
    %pushi/vec4 0, 0, 8;
    %assign/vec4 v000002b8921c8dc0_0, 0;
    %pushi/vec4 0, 0, 32;
    %assign/vec4 v000002b8921c86e0_0, 0;
    %jmp T_142.1;
T_142.0 ;
    %load/vec4 v000002b8921c79c0_0;
    %flag_set/vec4 8;
    %jmp/0xz  T_142.2, 8;
    %load/vec4 v000002b8921c9ae0_0;
    %assign/vec4 v000002b8921c9d60_0, 0;
T_142.2 ;
    %load/vec4 v000002b8921c8aa0_0;
    %flag_set/vec4 8;
    %jmp/0xz  T_142.4, 8;
    %load/vec4 v000002b8921c8000_0;
    %assign/vec4 v000002b8921c8dc0_0, 0;
    %load/vec4 v000002b8921c7ce0_0;
    %load/vec4 v000002b8921c8000_0;
    %pad/s 32;
    %load/vec4 v000002b8921c9d60_0;
    %pad/s 32;
    %mul;
    %add;
    %assign/vec4 v000002b8921c86e0_0, 0;
T_142.4 ;
T_142.1 ;
    %jmp T_142;
    .thread T_142;
    .scope S_000002b8921d2ef0;
T_143 ;
    %wait E_000002b89208b550;
    %load/vec4 v000002b8921c8fa0_0;
    %nor/r;
    %flag_set/vec4 8;
    %jmp/0xz  T_143.0, 8;
    %pushi/vec4 0, 0, 8;
    %assign/vec4 v000002b8921c88c0_0, 0;
    %pushi/vec4 0, 0, 8;
    %assign/vec4 v000002b8921c9c20_0, 0;
    %pushi/vec4 0, 0, 32;
    %assign/vec4 v000002b8921c9cc0_0, 0;
    %jmp T_143.1;
T_143.0 ;
    %load/vec4 v000002b8921c7c40_0;
    %flag_set/vec4 8;
    %jmp/0xz  T_143.2, 8;
    %load/vec4 v000002b8921c7ba0_0;
    %assign/vec4 v000002b8921c88c0_0, 0;
T_143.2 ;
    %load/vec4 v000002b8921c8f00_0;
    %flag_set/vec4 8;
    %jmp/0xz  T_143.4, 8;
    %load/vec4 v000002b8921c8140_0;
    %assign/vec4 v000002b8921c9c20_0, 0;
    %load/vec4 v000002b8921c8b40_0;
    %load/vec4 v000002b8921c8140_0;
    %pad/s 32;
    %load/vec4 v000002b8921c88c0_0;
    %pad/s 32;
    %mul;
    %add;
    %assign/vec4 v000002b8921c9cc0_0, 0;
T_143.4 ;
T_143.1 ;
    %jmp T_143;
    .thread T_143;
    .scope S_000002b8921d2d60;
T_144 ;
    %wait E_000002b89208b550;
    %load/vec4 v000002b8921cc7e0_0;
    %nor/r;
    %flag_set/vec4 8;
    %jmp/0xz  T_144.0, 8;
    %pushi/vec4 0, 0, 8;
    %assign/vec4 v000002b8921c95e0_0, 0;
    %pushi/vec4 0, 0, 8;
    %assign/vec4 v000002b8921c92c0_0, 0;
    %pushi/vec4 0, 0, 32;
    %assign/vec4 v000002b8921c9400_0, 0;
    %jmp T_144.1;
T_144.0 ;
    %load/vec4 v000002b8921c9220_0;
    %flag_set/vec4 8;
    %jmp/0xz  T_144.2, 8;
    %load/vec4 v000002b8921c9680_0;
    %assign/vec4 v000002b8921c95e0_0, 0;
T_144.2 ;
    %load/vec4 v000002b8921c9040_0;
    %flag_set/vec4 8;
    %jmp/0xz  T_144.4, 8;
    %load/vec4 v000002b8921c90e0_0;
    %assign/vec4 v000002b8921c92c0_0, 0;
    %load/vec4 v000002b8921c9180_0;
    %load/vec4 v000002b8921c90e0_0;
    %pad/s 32;
    %load/vec4 v000002b8921c95e0_0;
    %pad/s 32;
    %mul;
    %add;
    %assign/vec4 v000002b8921c9400_0, 0;
T_144.4 ;
T_144.1 ;
    %jmp T_144;
    .thread T_144;
    .scope S_000002b8921d39e0;
T_145 ;
    %wait E_000002b89208b550;
    %load/vec4 v000002b8921cb2a0_0;
    %nor/r;
    %flag_set/vec4 8;
    %jmp/0xz  T_145.0, 8;
    %pushi/vec4 0, 0, 8;
    %assign/vec4 v000002b8921cc600_0, 0;
    %pushi/vec4 0, 0, 8;
    %assign/vec4 v000002b8921caa80_0, 0;
    %pushi/vec4 0, 0, 32;
    %assign/vec4 v000002b8921cab20_0, 0;
    %jmp T_145.1;
T_145.0 ;
    %load/vec4 v000002b8921cb5c0_0;
    %flag_set/vec4 8;
    %jmp/0xz  T_145.2, 8;
    %load/vec4 v000002b8921cae40_0;
    %assign/vec4 v000002b8921cc600_0, 0;
T_145.2 ;
    %load/vec4 v000002b8921cac60_0;
    %flag_set/vec4 8;
    %jmp/0xz  T_145.4, 8;
    %load/vec4 v000002b8921cc1a0_0;
    %assign/vec4 v000002b8921caa80_0, 0;
    %load/vec4 v000002b8921cb520_0;
    %load/vec4 v000002b8921cc1a0_0;
    %pad/s 32;
    %load/vec4 v000002b8921cc600_0;
    %pad/s 32;
    %mul;
    %add;
    %assign/vec4 v000002b8921cab20_0, 0;
T_145.4 ;
T_145.1 ;
    %jmp T_145;
    .thread T_145;
    .scope S_000002b8921d2400;
T_146 ;
    %wait E_000002b89208b550;
    %load/vec4 v000002b8921ca760_0;
    %nor/r;
    %flag_set/vec4 8;
    %jmp/0xz  T_146.0, 8;
    %pushi/vec4 0, 0, 8;
    %assign/vec4 v000002b8921ca300_0, 0;
    %pushi/vec4 0, 0, 8;
    %assign/vec4 v000002b8921cb160_0, 0;
    %pushi/vec4 0, 0, 32;
    %assign/vec4 v000002b8921ca1c0_0, 0;
    %jmp T_146.1;
T_146.0 ;
    %load/vec4 v000002b8921cc740_0;
    %flag_set/vec4 8;
    %jmp/0xz  T_146.2, 8;
    %load/vec4 v000002b8921caf80_0;
    %assign/vec4 v000002b8921ca300_0, 0;
T_146.2 ;
    %load/vec4 v000002b8921caee0_0;
    %flag_set/vec4 8;
    %jmp/0xz  T_146.4, 8;
    %load/vec4 v000002b8921cc6a0_0;
    %assign/vec4 v000002b8921cb160_0, 0;
    %load/vec4 v000002b8921cb980_0;
    %load/vec4 v000002b8921cc6a0_0;
    %pad/s 32;
    %load/vec4 v000002b8921ca300_0;
    %pad/s 32;
    %mul;
    %add;
    %assign/vec4 v000002b8921ca1c0_0, 0;
T_146.4 ;
T_146.1 ;
    %jmp T_146;
    .thread T_146;
    .scope S_000002b8921d4340;
T_147 ;
    %wait E_000002b89208b550;
    %load/vec4 v000002b8921cb020_0;
    %nor/r;
    %flag_set/vec4 8;
    %jmp/0xz  T_147.0, 8;
    %pushi/vec4 0, 0, 8;
    %assign/vec4 v000002b8921ca440_0, 0;
    %pushi/vec4 0, 0, 8;
    %assign/vec4 v000002b8921cba20_0, 0;
    %pushi/vec4 0, 0, 32;
    %assign/vec4 v000002b8921ca3a0_0, 0;
    %jmp T_147.1;
T_147.0 ;
    %load/vec4 v000002b8921ca8a0_0;
    %flag_set/vec4 8;
    %jmp/0xz  T_147.2, 8;
    %load/vec4 v000002b8921cb3e0_0;
    %assign/vec4 v000002b8921ca440_0, 0;
T_147.2 ;
    %load/vec4 v000002b8921cbb60_0;
    %flag_set/vec4 8;
    %jmp/0xz  T_147.4, 8;
    %load/vec4 v000002b8921cb7a0_0;
    %assign/vec4 v000002b8921cba20_0, 0;
    %load/vec4 v000002b8921cbe80_0;
    %load/vec4 v000002b8921cb7a0_0;
    %pad/s 32;
    %load/vec4 v000002b8921ca440_0;
    %pad/s 32;
    %mul;
    %add;
    %assign/vec4 v000002b8921ca3a0_0, 0;
T_147.4 ;
T_147.1 ;
    %jmp T_147;
    .thread T_147;
    .scope S_000002b8921d3080;
T_148 ;
    %wait E_000002b89208b550;
    %load/vec4 v000002b8921cbde0_0;
    %nor/r;
    %flag_set/vec4 8;
    %jmp/0xz  T_148.0, 8;
    %pushi/vec4 0, 0, 8;
    %assign/vec4 v000002b8921cc060_0, 0;
    %pushi/vec4 0, 0, 8;
    %assign/vec4 v000002b8921cbc00_0, 0;
    %pushi/vec4 0, 0, 32;
    %assign/vec4 v000002b8921cbd40_0, 0;
    %jmp T_148.1;
T_148.0 ;
    %load/vec4 v000002b8921cbac0_0;
    %flag_set/vec4 8;
    %jmp/0xz  T_148.2, 8;
    %load/vec4 v000002b8921cb0c0_0;
    %assign/vec4 v000002b8921cc060_0, 0;
T_148.2 ;
    %load/vec4 v000002b8921ca9e0_0;
    %flag_set/vec4 8;
    %jmp/0xz  T_148.4, 8;
    %load/vec4 v000002b8921cb8e0_0;
    %assign/vec4 v000002b8921cbc00_0, 0;
    %load/vec4 v000002b8921cc380_0;
    %load/vec4 v000002b8921cb8e0_0;
    %pad/s 32;
    %load/vec4 v000002b8921cc060_0;
    %pad/s 32;
    %mul;
    %add;
    %assign/vec4 v000002b8921cbd40_0, 0;
T_148.4 ;
T_148.1 ;
    %jmp T_148;
    .thread T_148;
    .scope S_000002b8921d04c0;
T_149 ;
    %wait E_000002b89208b550;
    %load/vec4 v000002b8921cca60_0;
    %nor/r;
    %flag_set/vec4 8;
    %jmp/0xz  T_149.0, 8;
    %pushi/vec4 0, 0, 8;
    %assign/vec4 v000002b8921ce0e0_0, 0;
    %pushi/vec4 0, 0, 8;
    %assign/vec4 v000002b8921cee00_0, 0;
    %pushi/vec4 0, 0, 32;
    %assign/vec4 v000002b8921cde60_0, 0;
    %jmp T_149.1;
T_149.0 ;
    %load/vec4 v000002b8921ce7c0_0;
    %flag_set/vec4 8;
    %jmp/0xz  T_149.2, 8;
    %load/vec4 v000002b8921cc9c0_0;
    %assign/vec4 v000002b8921ce0e0_0, 0;
T_149.2 ;
    %load/vec4 v000002b8921ce680_0;
    %flag_set/vec4 8;
    %jmp/0xz  T_149.4, 8;
    %load/vec4 v000002b8921ce860_0;
    %assign/vec4 v000002b8921cee00_0, 0;
    %load/vec4 v000002b8921ce2c0_0;
    %load/vec4 v000002b8921ce860_0;
    %pad/s 32;
    %load/vec4 v000002b8921ce0e0_0;
    %pad/s 32;
    %mul;
    %add;
    %assign/vec4 v000002b8921cde60_0, 0;
T_149.4 ;
T_149.1 ;
    %jmp T_149;
    .thread T_149;
    .scope S_000002b8921d4980;
T_150 ;
    %wait E_000002b89208b550;
    %load/vec4 v000002b8921ccd80_0;
    %nor/r;
    %flag_set/vec4 8;
    %jmp/0xz  T_150.0, 8;
    %pushi/vec4 0, 0, 8;
    %assign/vec4 v000002b8921ccba0_0, 0;
    %pushi/vec4 0, 0, 8;
    %assign/vec4 v000002b8921cd780_0, 0;
    %pushi/vec4 0, 0, 32;
    %assign/vec4 v000002b8921ce220_0, 0;
    %jmp T_150.1;
T_150.0 ;
    %load/vec4 v000002b8921cd5a0_0;
    %flag_set/vec4 8;
    %jmp/0xz  T_150.2, 8;
    %load/vec4 v000002b8921cd500_0;
    %assign/vec4 v000002b8921ccba0_0, 0;
T_150.2 ;
    %load/vec4 v000002b8921cd640_0;
    %flag_set/vec4 8;
    %jmp/0xz  T_150.4, 8;
    %load/vec4 v000002b8921cd960_0;
    %assign/vec4 v000002b8921cd780_0, 0;
    %load/vec4 v000002b8921cd280_0;
    %load/vec4 v000002b8921cd960_0;
    %pad/s 32;
    %load/vec4 v000002b8921ccba0_0;
    %pad/s 32;
    %mul;
    %add;
    %assign/vec4 v000002b8921ce220_0, 0;
T_150.4 ;
T_150.1 ;
    %jmp T_150;
    .thread T_150;
    .scope S_000002b8921d4e30;
T_151 ;
    %wait E_000002b89208b550;
    %load/vec4 v000002b8921ccf60_0;
    %nor/r;
    %flag_set/vec4 8;
    %jmp/0xz  T_151.0, 8;
    %pushi/vec4 0, 0, 8;
    %assign/vec4 v000002b8921cdb40_0, 0;
    %pushi/vec4 0, 0, 8;
    %assign/vec4 v000002b8921cef40_0, 0;
    %pushi/vec4 0, 0, 32;
    %assign/vec4 v000002b8921cdc80_0, 0;
    %jmp T_151.1;
T_151.0 ;
    %load/vec4 v000002b8921cdaa0_0;
    %flag_set/vec4 8;
    %jmp/0xz  T_151.2, 8;
    %load/vec4 v000002b8921ce040_0;
    %assign/vec4 v000002b8921cdb40_0, 0;
T_151.2 ;
    %load/vec4 v000002b8921cce20_0;
    %flag_set/vec4 8;
    %jmp/0xz  T_151.4, 8;
    %load/vec4 v000002b8921ccec0_0;
    %assign/vec4 v000002b8921cef40_0, 0;
    %load/vec4 v000002b8921ccc40_0;
    %load/vec4 v000002b8921ccec0_0;
    %pad/s 32;
    %load/vec4 v000002b8921cdb40_0;
    %pad/s 32;
    %mul;
    %add;
    %assign/vec4 v000002b8921cdc80_0, 0;
T_151.4 ;
T_151.1 ;
    %jmp T_151;
    .thread T_151;
    .scope S_000002b8921d5c40;
T_152 ;
    %wait E_000002b89208b550;
    %load/vec4 v000002b8921cec20_0;
    %nor/r;
    %flag_set/vec4 8;
    %jmp/0xz  T_152.0, 8;
    %pushi/vec4 0, 0, 8;
    %assign/vec4 v000002b8921ceb80_0, 0;
    %pushi/vec4 0, 0, 8;
    %assign/vec4 v000002b8921ce720_0, 0;
    %pushi/vec4 0, 0, 32;
    %assign/vec4 v000002b8921ceae0_0, 0;
    %jmp T_152.1;
T_152.0 ;
    %load/vec4 v000002b8921ce5e0_0;
    %flag_set/vec4 8;
    %jmp/0xz  T_152.2, 8;
    %load/vec4 v000002b8921ce540_0;
    %assign/vec4 v000002b8921ceb80_0, 0;
T_152.2 ;
    %load/vec4 v000002b8921ce400_0;
    %flag_set/vec4 8;
    %jmp/0xz  T_152.4, 8;
    %load/vec4 v000002b8921ce4a0_0;
    %assign/vec4 v000002b8921ce720_0, 0;
    %load/vec4 v000002b8921cf120_0;
    %load/vec4 v000002b8921ce4a0_0;
    %pad/s 32;
    %load/vec4 v000002b8921ceb80_0;
    %pad/s 32;
    %mul;
    %add;
    %assign/vec4 v000002b8921ceae0_0, 0;
T_152.4 ;
T_152.1 ;
    %jmp T_152;
    .thread T_152;
    .scope S_000002b8921d60f0;
T_153 ;
    %wait E_000002b89208b550;
    %load/vec4 v000002b8921cfc60_0;
    %nor/r;
    %flag_set/vec4 8;
    %jmp/0xz  T_153.0, 8;
    %pushi/vec4 0, 0, 8;
    %assign/vec4 v000002b8921cfa80_0, 0;
    %pushi/vec4 0, 0, 8;
    %assign/vec4 v000002b8921cf9e0_0, 0;
    %pushi/vec4 0, 0, 32;
    %assign/vec4 v000002b8921cf3a0_0, 0;
    %jmp T_153.1;
T_153.0 ;
    %load/vec4 v000002b8921cf940_0;
    %flag_set/vec4 8;
    %jmp/0xz  T_153.2, 8;
    %load/vec4 v000002b8921cf620_0;
    %assign/vec4 v000002b8921cfa80_0, 0;
T_153.2 ;
    %load/vec4 v000002b8921cd1e0_0;
    %flag_set/vec4 8;
    %jmp/0xz  T_153.4, 8;
    %load/vec4 v000002b8921cfe40_0;
    %assign/vec4 v000002b8921cf9e0_0, 0;
    %load/vec4 v000002b8921cf8a0_0;
    %load/vec4 v000002b8921cfe40_0;
    %pad/s 32;
    %load/vec4 v000002b8921cfa80_0;
    %pad/s 32;
    %mul;
    %add;
    %assign/vec4 v000002b8921cf3a0_0, 0;
T_153.4 ;
T_153.1 ;
    %jmp T_153;
    .thread T_153;
    .scope S_000002b8921d5dd0;
T_154 ;
    %wait E_000002b89208b550;
    %load/vec4 v000002b8921cf800_0;
    %nor/r;
    %flag_set/vec4 8;
    %jmp/0xz  T_154.0, 8;
    %pushi/vec4 0, 0, 8;
    %assign/vec4 v000002b8921cf580_0, 0;
    %pushi/vec4 0, 0, 8;
    %assign/vec4 v000002b8921cf260_0, 0;
    %pushi/vec4 0, 0, 32;
    %assign/vec4 v000002b8921cf300_0, 0;
    %jmp T_154.1;
T_154.0 ;
    %load/vec4 v000002b8921cfbc0_0;
    %flag_set/vec4 8;
    %jmp/0xz  T_154.2, 8;
    %load/vec4 v000002b8921cfb20_0;
    %assign/vec4 v000002b8921cf580_0, 0;
T_154.2 ;
    %load/vec4 v000002b8921cfee0_0;
    %flag_set/vec4 8;
    %jmp/0xz  T_154.4, 8;
    %load/vec4 v000002b8921cf1c0_0;
    %assign/vec4 v000002b8921cf260_0, 0;
    %load/vec4 v000002b8921cf4e0_0;
    %load/vec4 v000002b8921cf1c0_0;
    %pad/s 32;
    %load/vec4 v000002b8921cf580_0;
    %pad/s 32;
    %mul;
    %add;
    %assign/vec4 v000002b8921cf300_0, 0;
T_154.4 ;
T_154.1 ;
    %jmp T_154;
    .thread T_154;
    .scope S_000002b8921de740;
T_155 ;
    %wait E_000002b89208b550;
    %load/vec4 v000002b8921c18e0_0;
    %nor/r;
    %flag_set/vec4 8;
    %jmp/0xz  T_155.0, 8;
    %pushi/vec4 0, 0, 8;
    %assign/vec4 v000002b8921c2380_0, 0;
    %pushi/vec4 0, 0, 8;
    %assign/vec4 v000002b8921c03a0_0, 0;
    %pushi/vec4 0, 0, 32;
    %assign/vec4 v000002b8921c15c0_0, 0;
    %jmp T_155.1;
T_155.0 ;
    %load/vec4 v000002b8921c2420_0;
    %flag_set/vec4 8;
    %jmp/0xz  T_155.2, 8;
    %load/vec4 v000002b8921c2100_0;
    %assign/vec4 v000002b8921c2380_0, 0;
T_155.2 ;
    %load/vec4 v000002b8921c0e40_0;
    %flag_set/vec4 8;
    %jmp/0xz  T_155.4, 8;
    %load/vec4 v000002b8921c1520_0;
    %assign/vec4 v000002b8921c03a0_0, 0;
    %load/vec4 v000002b8921c1700_0;
    %load/vec4 v000002b8921c1520_0;
    %pad/s 32;
    %load/vec4 v000002b8921c2380_0;
    %pad/s 32;
    %mul;
    %add;
    %assign/vec4 v000002b8921c15c0_0, 0;
T_155.4 ;
T_155.1 ;
    %jmp T_155;
    .thread T_155;
    .scope S_000002b8921dea60;
T_156 ;
    %wait E_000002b89208b550;
    %load/vec4 v000002b8921c0b20_0;
    %nor/r;
    %flag_set/vec4 8;
    %jmp/0xz  T_156.0, 8;
    %pushi/vec4 0, 0, 8;
    %assign/vec4 v000002b8921c0800_0, 0;
    %pushi/vec4 0, 0, 8;
    %assign/vec4 v000002b8921c17a0_0, 0;
    %pushi/vec4 0, 0, 32;
    %assign/vec4 v000002b8921c09e0_0, 0;
    %jmp T_156.1;
T_156.0 ;
    %load/vec4 v000002b8921c2560_0;
    %flag_set/vec4 8;
    %jmp/0xz  T_156.2, 8;
    %load/vec4 v000002b8921c2920_0;
    %assign/vec4 v000002b8921c0800_0, 0;
T_156.2 ;
    %load/vec4 v000002b8921c08a0_0;
    %flag_set/vec4 8;
    %jmp/0xz  T_156.4, 8;
    %load/vec4 v000002b8921c1200_0;
    %assign/vec4 v000002b8921c17a0_0, 0;
    %load/vec4 v000002b8921c1ac0_0;
    %load/vec4 v000002b8921c1200_0;
    %pad/s 32;
    %load/vec4 v000002b8921c0800_0;
    %pad/s 32;
    %mul;
    %add;
    %assign/vec4 v000002b8921c09e0_0, 0;
T_156.4 ;
T_156.1 ;
    %jmp T_156;
    .thread T_156;
    .scope S_000002b8921df0a0;
T_157 ;
    %wait E_000002b89208b550;
    %load/vec4 v000002b8921c0f80_0;
    %nor/r;
    %flag_set/vec4 8;
    %jmp/0xz  T_157.0, 8;
    %pushi/vec4 0, 0, 8;
    %assign/vec4 v000002b8921c1b60_0, 0;
    %pushi/vec4 0, 0, 8;
    %assign/vec4 v000002b8921c1d40_0, 0;
    %pushi/vec4 0, 0, 32;
    %assign/vec4 v000002b8921c1a20_0, 0;
    %jmp T_157.1;
T_157.0 ;
    %load/vec4 v000002b8921c1980_0;
    %flag_set/vec4 8;
    %jmp/0xz  T_157.2, 8;
    %load/vec4 v000002b8921c1840_0;
    %assign/vec4 v000002b8921c1b60_0, 0;
T_157.2 ;
    %load/vec4 v000002b8921c01c0_0;
    %flag_set/vec4 8;
    %jmp/0xz  T_157.4, 8;
    %load/vec4 v000002b8921c0ee0_0;
    %assign/vec4 v000002b8921c1d40_0, 0;
    %load/vec4 v000002b8921c13e0_0;
    %load/vec4 v000002b8921c0ee0_0;
    %pad/s 32;
    %load/vec4 v000002b8921c1b60_0;
    %pad/s 32;
    %mul;
    %add;
    %assign/vec4 v000002b8921c1a20_0, 0;
T_157.4 ;
T_157.1 ;
    %jmp T_157;
    .thread T_157;
    .scope S_000002b8921df230;
T_158 ;
    %wait E_000002b89208b550;
    %load/vec4 v000002b8921c1020_0;
    %nor/r;
    %flag_set/vec4 8;
    %jmp/0xz  T_158.0, 8;
    %pushi/vec4 0, 0, 8;
    %assign/vec4 v000002b8921c04e0_0, 0;
    %pushi/vec4 0, 0, 8;
    %assign/vec4 v000002b8921c2880_0, 0;
    %pushi/vec4 0, 0, 32;
    %assign/vec4 v000002b8921c0260_0, 0;
    %jmp T_158.1;
T_158.0 ;
    %load/vec4 v000002b8921c0760_0;
    %flag_set/vec4 8;
    %jmp/0xz  T_158.2, 8;
    %load/vec4 v000002b8921c1480_0;
    %assign/vec4 v000002b8921c04e0_0, 0;
T_158.2 ;
    %load/vec4 v000002b8921c1de0_0;
    %flag_set/vec4 8;
    %jmp/0xz  T_158.4, 8;
    %load/vec4 v000002b8921c2240_0;
    %assign/vec4 v000002b8921c2880_0, 0;
    %load/vec4 v000002b8921c22e0_0;
    %load/vec4 v000002b8921c2240_0;
    %pad/s 32;
    %load/vec4 v000002b8921c04e0_0;
    %pad/s 32;
    %mul;
    %add;
    %assign/vec4 v000002b8921c0260_0, 0;
T_158.4 ;
T_158.1 ;
    %jmp T_158;
    .thread T_158;
    .scope S_000002b8921d8e30;
T_159 ;
    %wait E_000002b89208b550;
    %load/vec4 v000002b8921e8670_0;
    %nor/r;
    %flag_set/vec4 8;
    %jmp/0xz  T_159.0, 8;
    %pushi/vec4 0, 0, 8;
    %assign/vec4 v000002b8921e9070_0, 0;
    %pushi/vec4 0, 0, 8;
    %assign/vec4 v000002b8921e8fd0_0, 0;
    %pushi/vec4 0, 0, 32;
    %assign/vec4 v000002b8921e83f0_0, 0;
    %jmp T_159.1;
T_159.0 ;
    %load/vec4 v000002b8921e9610_0;
    %flag_set/vec4 8;
    %jmp/0xz  T_159.2, 8;
    %load/vec4 v000002b8921e9110_0;
    %assign/vec4 v000002b8921e9070_0, 0;
T_159.2 ;
    %load/vec4 v000002b8921e9750_0;
    %flag_set/vec4 8;
    %jmp/0xz  T_159.4, 8;
    %load/vec4 v000002b8921e8df0_0;
    %assign/vec4 v000002b8921e8fd0_0, 0;
    %load/vec4 v000002b8921e8530_0;
    %load/vec4 v000002b8921e8df0_0;
    %pad/s 32;
    %load/vec4 v000002b8921e9070_0;
    %pad/s 32;
    %mul;
    %add;
    %assign/vec4 v000002b8921e83f0_0, 0;
T_159.4 ;
T_159.1 ;
    %jmp T_159;
    .thread T_159;
    .scope S_000002b8921dabe0;
T_160 ;
    %wait E_000002b89208b550;
    %load/vec4 v000002b8921e94d0_0;
    %nor/r;
    %flag_set/vec4 8;
    %jmp/0xz  T_160.0, 8;
    %pushi/vec4 0, 0, 8;
    %assign/vec4 v000002b8921e8d50_0, 0;
    %pushi/vec4 0, 0, 8;
    %assign/vec4 v000002b8921ea010_0, 0;
    %pushi/vec4 0, 0, 32;
    %assign/vec4 v000002b8921e9f70_0, 0;
    %jmp T_160.1;
T_160.0 ;
    %load/vec4 v000002b8921e7db0_0;
    %flag_set/vec4 8;
    %jmp/0xz  T_160.2, 8;
    %load/vec4 v000002b8921e7a90_0;
    %assign/vec4 v000002b8921e8d50_0, 0;
T_160.2 ;
    %load/vec4 v000002b8921e91b0_0;
    %flag_set/vec4 8;
    %jmp/0xz  T_160.4, 8;
    %load/vec4 v000002b8921e9250_0;
    %assign/vec4 v000002b8921ea010_0, 0;
    %load/vec4 v000002b8921e8030_0;
    %load/vec4 v000002b8921e9250_0;
    %pad/s 32;
    %load/vec4 v000002b8921e8d50_0;
    %pad/s 32;
    %mul;
    %add;
    %assign/vec4 v000002b8921e9f70_0, 0;
T_160.4 ;
T_160.1 ;
    %jmp T_160;
    .thread T_160;
    .scope S_000002b8921d8980;
T_161 ;
    %wait E_000002b89208b550;
    %load/vec4 v000002b8921e9ed0_0;
    %nor/r;
    %flag_set/vec4 8;
    %jmp/0xz  T_161.0, 8;
    %pushi/vec4 0, 0, 8;
    %assign/vec4 v000002b8921e97f0_0, 0;
    %pushi/vec4 0, 0, 8;
    %assign/vec4 v000002b8921e9570_0, 0;
    %pushi/vec4 0, 0, 32;
    %assign/vec4 v000002b8921e7e50_0, 0;
    %jmp T_161.1;
T_161.0 ;
    %load/vec4 v000002b8921e96b0_0;
    %flag_set/vec4 8;
    %jmp/0xz  T_161.2, 8;
    %load/vec4 v000002b8921e8e90_0;
    %assign/vec4 v000002b8921e97f0_0, 0;
T_161.2 ;
    %load/vec4 v000002b8921e9e30_0;
    %flag_set/vec4 8;
    %jmp/0xz  T_161.4, 8;
    %load/vec4 v000002b8921e8a30_0;
    %assign/vec4 v000002b8921e9570_0, 0;
    %load/vec4 v000002b8921e7f90_0;
    %load/vec4 v000002b8921e8a30_0;
    %pad/s 32;
    %load/vec4 v000002b8921e97f0_0;
    %pad/s 32;
    %mul;
    %add;
    %assign/vec4 v000002b8921e7e50_0, 0;
T_161.4 ;
T_161.1 ;
    %jmp T_161;
    .thread T_161;
    .scope S_000002b8921da0f0;
T_162 ;
    %wait E_000002b89208b550;
    %load/vec4 v000002b8921e8b70_0;
    %nor/r;
    %flag_set/vec4 8;
    %jmp/0xz  T_162.0, 8;
    %pushi/vec4 0, 0, 8;
    %assign/vec4 v000002b8921e7c70_0, 0;
    %pushi/vec4 0, 0, 8;
    %assign/vec4 v000002b8921e9b10_0, 0;
    %pushi/vec4 0, 0, 32;
    %assign/vec4 v000002b8921e8990_0, 0;
    %jmp T_162.1;
T_162.0 ;
    %load/vec4 v000002b8921e88f0_0;
    %flag_set/vec4 8;
    %jmp/0xz  T_162.2, 8;
    %load/vec4 v000002b8921e9a70_0;
    %assign/vec4 v000002b8921e7c70_0, 0;
T_162.2 ;
    %load/vec4 v000002b8921e9930_0;
    %flag_set/vec4 8;
    %jmp/0xz  T_162.4, 8;
    %load/vec4 v000002b8921e9c50_0;
    %assign/vec4 v000002b8921e9b10_0, 0;
    %load/vec4 v000002b8921e99d0_0;
    %load/vec4 v000002b8921e9c50_0;
    %pad/s 32;
    %load/vec4 v000002b8921e7c70_0;
    %pad/s 32;
    %mul;
    %add;
    %assign/vec4 v000002b8921e8990_0, 0;
T_162.4 ;
T_162.1 ;
    %jmp T_162;
    .thread T_162;
    .scope S_000002b8921d9f60;
T_163 ;
    %wait E_000002b89208b550;
    %load/vec4 v000002b8921ec770_0;
    %nor/r;
    %flag_set/vec4 8;
    %jmp/0xz  T_163.0, 8;
    %pushi/vec4 0, 0, 8;
    %assign/vec4 v000002b8921ec630_0, 0;
    %pushi/vec4 0, 0, 8;
    %assign/vec4 v000002b8921ea1f0_0, 0;
    %pushi/vec4 0, 0, 32;
    %assign/vec4 v000002b8921ea510_0, 0;
    %jmp T_163.1;
T_163.0 ;
    %load/vec4 v000002b8921ea830_0;
    %flag_set/vec4 8;
    %jmp/0xz  T_163.2, 8;
    %load/vec4 v000002b8921eb870_0;
    %assign/vec4 v000002b8921ec630_0, 0;
T_163.2 ;
    %load/vec4 v000002b8921e9cf0_0;
    %flag_set/vec4 8;
    %jmp/0xz  T_163.4, 8;
    %load/vec4 v000002b8921e82b0_0;
    %assign/vec4 v000002b8921ea1f0_0, 0;
    %load/vec4 v000002b8921e8cb0_0;
    %load/vec4 v000002b8921e82b0_0;
    %pad/s 32;
    %load/vec4 v000002b8921ec630_0;
    %pad/s 32;
    %mul;
    %add;
    %assign/vec4 v000002b8921ea510_0, 0;
T_163.4 ;
T_163.1 ;
    %jmp T_163;
    .thread T_163;
    .scope S_000002b8921d92e0;
T_164 ;
    %wait E_000002b89208b550;
    %load/vec4 v000002b8921ea330_0;
    %nor/r;
    %flag_set/vec4 8;
    %jmp/0xz  T_164.0, 8;
    %pushi/vec4 0, 0, 8;
    %assign/vec4 v000002b8921ec810_0, 0;
    %pushi/vec4 0, 0, 8;
    %assign/vec4 v000002b8921eab50_0, 0;
    %pushi/vec4 0, 0, 32;
    %assign/vec4 v000002b8921ec6d0_0, 0;
    %jmp T_164.1;
T_164.0 ;
    %load/vec4 v000002b8921eba50_0;
    %flag_set/vec4 8;
    %jmp/0xz  T_164.2, 8;
    %load/vec4 v000002b8921ec4f0_0;
    %assign/vec4 v000002b8921ec810_0, 0;
T_164.2 ;
    %load/vec4 v000002b8921ea650_0;
    %flag_set/vec4 8;
    %jmp/0xz  T_164.4, 8;
    %load/vec4 v000002b8921ec090_0;
    %assign/vec4 v000002b8921eab50_0, 0;
    %load/vec4 v000002b8921eae70_0;
    %load/vec4 v000002b8921ec090_0;
    %pad/s 32;
    %load/vec4 v000002b8921ec810_0;
    %pad/s 32;
    %mul;
    %add;
    %assign/vec4 v000002b8921ec6d0_0, 0;
T_164.4 ;
T_164.1 ;
    %jmp T_164;
    .thread T_164;
    .scope S_000002b8921d9ab0;
T_165 ;
    %wait E_000002b89208b550;
    %load/vec4 v000002b8921ec130_0;
    %nor/r;
    %flag_set/vec4 8;
    %jmp/0xz  T_165.0, 8;
    %pushi/vec4 0, 0, 8;
    %assign/vec4 v000002b8921ebd70_0, 0;
    %pushi/vec4 0, 0, 8;
    %assign/vec4 v000002b8921eb690_0, 0;
    %pushi/vec4 0, 0, 32;
    %assign/vec4 v000002b8921ebcd0_0, 0;
    %jmp T_165.1;
T_165.0 ;
    %load/vec4 v000002b8921ebc30_0;
    %flag_set/vec4 8;
    %jmp/0xz  T_165.2, 8;
    %load/vec4 v000002b8921eb5f0_0;
    %assign/vec4 v000002b8921ebd70_0, 0;
T_165.2 ;
    %load/vec4 v000002b8921eb550_0;
    %flag_set/vec4 8;
    %jmp/0xz  T_165.4, 8;
    %load/vec4 v000002b8921ea6f0_0;
    %assign/vec4 v000002b8921eb690_0, 0;
    %load/vec4 v000002b8921ec590_0;
    %load/vec4 v000002b8921ea6f0_0;
    %pad/s 32;
    %load/vec4 v000002b8921ebd70_0;
    %pad/s 32;
    %mul;
    %add;
    %assign/vec4 v000002b8921ebcd0_0, 0;
T_165.4 ;
T_165.1 ;
    %jmp T_165;
    .thread T_165;
    .scope S_000002b8921db9f0;
T_166 ;
    %wait E_000002b89208b550;
    %load/vec4 v000002b8921ea5b0_0;
    %nor/r;
    %flag_set/vec4 8;
    %jmp/0xz  T_166.0, 8;
    %pushi/vec4 0, 0, 8;
    %assign/vec4 v000002b8921ea470_0, 0;
    %pushi/vec4 0, 0, 8;
    %assign/vec4 v000002b8921eb730_0, 0;
    %pushi/vec4 0, 0, 32;
    %assign/vec4 v000002b8921ea3d0_0, 0;
    %jmp T_166.1;
T_166.0 ;
    %load/vec4 v000002b8921ec3b0_0;
    %flag_set/vec4 8;
    %jmp/0xz  T_166.2, 8;
    %load/vec4 v000002b8921ec310_0;
    %assign/vec4 v000002b8921ea470_0, 0;
T_166.2 ;
    %load/vec4 v000002b8921ea290_0;
    %flag_set/vec4 8;
    %jmp/0xz  T_166.4, 8;
    %load/vec4 v000002b8921ea8d0_0;
    %assign/vec4 v000002b8921eb730_0, 0;
    %load/vec4 v000002b8921ec270_0;
    %load/vec4 v000002b8921ea8d0_0;
    %pad/s 32;
    %load/vec4 v000002b8921ea470_0;
    %pad/s 32;
    %mul;
    %add;
    %assign/vec4 v000002b8921ea3d0_0, 0;
T_166.4 ;
T_166.1 ;
    %jmp T_166;
    .thread T_166;
    .scope S_000002b8921da8c0;
T_167 ;
    %wait E_000002b89208b550;
    %load/vec4 v000002b8921ee7f0_0;
    %nor/r;
    %flag_set/vec4 8;
    %jmp/0xz  T_167.0, 8;
    %pushi/vec4 0, 0, 8;
    %assign/vec4 v000002b8921ec9f0_0, 0;
    %pushi/vec4 0, 0, 8;
    %assign/vec4 v000002b8921eb9b0_0, 0;
    %pushi/vec4 0, 0, 32;
    %assign/vec4 v000002b8921eb370_0, 0;
    %jmp T_167.1;
T_167.0 ;
    %load/vec4 v000002b8921eb7d0_0;
    %flag_set/vec4 8;
    %jmp/0xz  T_167.2, 8;
    %load/vec4 v000002b8921eb050_0;
    %assign/vec4 v000002b8921ec9f0_0, 0;
T_167.2 ;
    %load/vec4 v000002b8921eb2d0_0;
    %flag_set/vec4 8;
    %jmp/0xz  T_167.4, 8;
    %load/vec4 v000002b8921eaab0_0;
    %assign/vec4 v000002b8921eb9b0_0, 0;
    %load/vec4 v000002b8921ead30_0;
    %load/vec4 v000002b8921eaab0_0;
    %pad/s 32;
    %load/vec4 v000002b8921ec9f0_0;
    %pad/s 32;
    %mul;
    %add;
    %assign/vec4 v000002b8921eb370_0, 0;
T_167.4 ;
T_167.1 ;
    %jmp T_167;
    .thread T_167;
    .scope S_000002b8921dbd10;
T_168 ;
    %wait E_000002b89208b550;
    %load/vec4 v000002b8921ede90_0;
    %nor/r;
    %flag_set/vec4 8;
    %jmp/0xz  T_168.0, 8;
    %pushi/vec4 0, 0, 8;
    %assign/vec4 v000002b8921ed5d0_0, 0;
    %pushi/vec4 0, 0, 8;
    %assign/vec4 v000002b8921edfd0_0, 0;
    %pushi/vec4 0, 0, 32;
    %assign/vec4 v000002b8921ed8f0_0, 0;
    %jmp T_168.1;
T_168.0 ;
    %load/vec4 v000002b8921ed850_0;
    %flag_set/vec4 8;
    %jmp/0xz  T_168.2, 8;
    %load/vec4 v000002b8921edc10_0;
    %assign/vec4 v000002b8921ed5d0_0, 0;
T_168.2 ;
    %load/vec4 v000002b8921edf30_0;
    %flag_set/vec4 8;
    %jmp/0xz  T_168.4, 8;
    %load/vec4 v000002b8921ed3f0_0;
    %assign/vec4 v000002b8921edfd0_0, 0;
    %load/vec4 v000002b8921edd50_0;
    %load/vec4 v000002b8921ed3f0_0;
    %pad/s 32;
    %load/vec4 v000002b8921ed5d0_0;
    %pad/s 32;
    %mul;
    %add;
    %assign/vec4 v000002b8921ed8f0_0, 0;
T_168.4 ;
T_168.1 ;
    %jmp T_168;
    .thread T_168;
    .scope S_000002b8921dc4e0;
T_169 ;
    %wait E_000002b89208b550;
    %load/vec4 v000002b8921ed670_0;
    %nor/r;
    %flag_set/vec4 8;
    %jmp/0xz  T_169.0, 8;
    %pushi/vec4 0, 0, 8;
    %assign/vec4 v000002b8921ee930_0, 0;
    %pushi/vec4 0, 0, 8;
    %assign/vec4 v000002b8921ee6b0_0, 0;
    %pushi/vec4 0, 0, 32;
    %assign/vec4 v000002b8921edb70_0, 0;
    %jmp T_169.1;
T_169.0 ;
    %load/vec4 v000002b8921eeed0_0;
    %flag_set/vec4 8;
    %jmp/0xz  T_169.2, 8;
    %load/vec4 v000002b8921ee390_0;
    %assign/vec4 v000002b8921ee930_0, 0;
T_169.2 ;
    %load/vec4 v000002b8921ee070_0;
    %flag_set/vec4 8;
    %jmp/0xz  T_169.4, 8;
    %load/vec4 v000002b8921eed90_0;
    %assign/vec4 v000002b8921ee6b0_0, 0;
    %load/vec4 v000002b8921ee890_0;
    %load/vec4 v000002b8921eed90_0;
    %pad/s 32;
    %load/vec4 v000002b8921ee930_0;
    %pad/s 32;
    %mul;
    %add;
    %assign/vec4 v000002b8921edb70_0, 0;
T_169.4 ;
T_169.1 ;
    %jmp T_169;
    .thread T_169;
    .scope S_000002b8921dcfd0;
T_170 ;
    %wait E_000002b89208b550;
    %load/vec4 v000002b8921eda30_0;
    %nor/r;
    %flag_set/vec4 8;
    %jmp/0xz  T_170.0, 8;
    %pushi/vec4 0, 0, 8;
    %assign/vec4 v000002b8921ecb30_0, 0;
    %pushi/vec4 0, 0, 8;
    %assign/vec4 v000002b8921ee610_0, 0;
    %pushi/vec4 0, 0, 32;
    %assign/vec4 v000002b8921ee2f0_0, 0;
    %jmp T_170.1;
T_170.0 ;
    %load/vec4 v000002b8921ed7b0_0;
    %flag_set/vec4 8;
    %jmp/0xz  T_170.2, 8;
    %load/vec4 v000002b8921ee1b0_0;
    %assign/vec4 v000002b8921ecb30_0, 0;
T_170.2 ;
    %load/vec4 v000002b8921ee430_0;
    %flag_set/vec4 8;
    %jmp/0xz  T_170.4, 8;
    %load/vec4 v000002b8921ee750_0;
    %assign/vec4 v000002b8921ee610_0, 0;
    %load/vec4 v000002b8921ee110_0;
    %load/vec4 v000002b8921ee750_0;
    %pad/s 32;
    %load/vec4 v000002b8921ecb30_0;
    %pad/s 32;
    %mul;
    %add;
    %assign/vec4 v000002b8921ee2f0_0, 0;
T_170.4 ;
T_170.1 ;
    %jmp T_170;
    .thread T_170;
    .scope S_000002b8921d8fc0;
T_171 ;
    %wait E_000002b89208b550;
    %load/vec4 v000002b8921ed170_0;
    %nor/r;
    %flag_set/vec4 8;
    %jmp/0xz  T_171.0, 8;
    %pushi/vec4 0, 0, 8;
    %assign/vec4 v000002b8921ed0d0_0, 0;
    %pushi/vec4 0, 0, 8;
    %assign/vec4 v000002b8921ecf90_0, 0;
    %pushi/vec4 0, 0, 32;
    %assign/vec4 v000002b8921ed030_0, 0;
    %jmp T_171.1;
T_171.0 ;
    %load/vec4 v000002b8921ecef0_0;
    %flag_set/vec4 8;
    %jmp/0xz  T_171.2, 8;
    %load/vec4 v000002b8921ecdb0_0;
    %assign/vec4 v000002b8921ed0d0_0, 0;
T_171.2 ;
    %load/vec4 v000002b8921eeb10_0;
    %flag_set/vec4 8;
    %jmp/0xz  T_171.4, 8;
    %load/vec4 v000002b8921eebb0_0;
    %assign/vec4 v000002b8921ecf90_0, 0;
    %load/vec4 v000002b8921ecd10_0;
    %load/vec4 v000002b8921eebb0_0;
    %pad/s 32;
    %load/vec4 v000002b8921ed0d0_0;
    %pad/s 32;
    %mul;
    %add;
    %assign/vec4 v000002b8921ed030_0, 0;
T_171.4 ;
T_171.1 ;
    %jmp T_171;
    .thread T_171;
    .scope S_000002b8921dd610;
T_172 ;
    %wait E_000002b89208b550;
    %load/vec4 v000002b8921ef6f0_0;
    %nor/r;
    %flag_set/vec4 8;
    %jmp/0xz  T_172.0, 8;
    %pushi/vec4 0, 0, 8;
    %assign/vec4 v000002b8921ef5b0_0, 0;
    %pushi/vec4 0, 0, 8;
    %assign/vec4 v000002b8921effb0_0, 0;
    %pushi/vec4 0, 0, 32;
    %assign/vec4 v000002b8921ef470_0, 0;
    %jmp T_172.1;
T_172.0 ;
    %load/vec4 v000002b8921eff10_0;
    %flag_set/vec4 8;
    %jmp/0xz  T_172.2, 8;
    %load/vec4 v000002b8921efbf0_0;
    %assign/vec4 v000002b8921ef5b0_0, 0;
T_172.2 ;
    %load/vec4 v000002b8921ef3d0_0;
    %flag_set/vec4 8;
    %jmp/0xz  T_172.4, 8;
    %load/vec4 v000002b8921efc90_0;
    %assign/vec4 v000002b8921effb0_0, 0;
    %load/vec4 v000002b8921efb50_0;
    %load/vec4 v000002b8921efc90_0;
    %pad/s 32;
    %load/vec4 v000002b8921ef5b0_0;
    %pad/s 32;
    %mul;
    %add;
    %assign/vec4 v000002b8921ef470_0, 0;
T_172.4 ;
T_172.1 ;
    %jmp T_172;
    .thread T_172;
    .scope S_000002b8921ddac0;
T_173 ;
    %wait E_000002b89208b550;
    %load/vec4 v000002b8921e0e70_0;
    %nor/r;
    %flag_set/vec4 8;
    %jmp/0xz  T_173.0, 8;
    %pushi/vec4 0, 0, 8;
    %assign/vec4 v000002b8921e2450_0, 0;
    %pushi/vec4 0, 0, 8;
    %assign/vec4 v000002b8921e1e10_0, 0;
    %pushi/vec4 0, 0, 32;
    %assign/vec4 v000002b8921e1690_0, 0;
    %jmp T_173.1;
T_173.0 ;
    %load/vec4 v000002b8921efa10_0;
    %flag_set/vec4 8;
    %jmp/0xz  T_173.2, 8;
    %load/vec4 v000002b8921ef8d0_0;
    %assign/vec4 v000002b8921e2450_0, 0;
T_173.2 ;
    %load/vec4 v000002b8921ef650_0;
    %flag_set/vec4 8;
    %jmp/0xz  T_173.4, 8;
    %load/vec4 v000002b8921ef790_0;
    %assign/vec4 v000002b8921e1e10_0, 0;
    %load/vec4 v000002b8921ef830_0;
    %load/vec4 v000002b8921ef790_0;
    %pad/s 32;
    %load/vec4 v000002b8921e2450_0;
    %pad/s 32;
    %mul;
    %add;
    %assign/vec4 v000002b8921e1690_0, 0;
T_173.4 ;
T_173.1 ;
    %jmp T_173;
    .thread T_173;
    .scope S_000002b8921de100;
T_174 ;
    %wait E_000002b89208b550;
    %load/vec4 v000002b8921e15f0_0;
    %nor/r;
    %flag_set/vec4 8;
    %jmp/0xz  T_174.0, 8;
    %pushi/vec4 0, 0, 8;
    %assign/vec4 v000002b8921e17d0_0, 0;
    %pushi/vec4 0, 0, 8;
    %assign/vec4 v000002b8921e2630_0, 0;
    %pushi/vec4 0, 0, 32;
    %assign/vec4 v000002b8921e1730_0, 0;
    %jmp T_174.1;
T_174.0 ;
    %load/vec4 v000002b8921e1ff0_0;
    %flag_set/vec4 8;
    %jmp/0xz  T_174.2, 8;
    %load/vec4 v000002b8921e0290_0;
    %assign/vec4 v000002b8921e17d0_0, 0;
T_174.2 ;
    %load/vec4 v000002b8921e1eb0_0;
    %flag_set/vec4 8;
    %jmp/0xz  T_174.4, 8;
    %load/vec4 v000002b8921e2090_0;
    %assign/vec4 v000002b8921e2630_0, 0;
    %load/vec4 v000002b8921e1af0_0;
    %load/vec4 v000002b8921e2090_0;
    %pad/s 32;
    %load/vec4 v000002b8921e17d0_0;
    %pad/s 32;
    %mul;
    %add;
    %assign/vec4 v000002b8921e1730_0, 0;
T_174.4 ;
T_174.1 ;
    %jmp T_174;
    .thread T_174;
    .scope S_000002b89222c7b0;
T_175 ;
    %wait E_000002b89208b550;
    %load/vec4 v000002b8921e2810_0;
    %nor/r;
    %flag_set/vec4 8;
    %jmp/0xz  T_175.0, 8;
    %pushi/vec4 0, 0, 8;
    %assign/vec4 v000002b8921e1190_0, 0;
    %pushi/vec4 0, 0, 8;
    %assign/vec4 v000002b8921e1230_0, 0;
    %pushi/vec4 0, 0, 32;
    %assign/vec4 v000002b8921e03d0_0, 0;
    %jmp T_175.1;
T_175.0 ;
    %load/vec4 v000002b8921e1910_0;
    %flag_set/vec4 8;
    %jmp/0xz  T_175.2, 8;
    %load/vec4 v000002b8921e0d30_0;
    %assign/vec4 v000002b8921e1190_0, 0;
T_175.2 ;
    %load/vec4 v000002b8921e1cd0_0;
    %flag_set/vec4 8;
    %jmp/0xz  T_175.4, 8;
    %load/vec4 v000002b8921e24f0_0;
    %assign/vec4 v000002b8921e1230_0, 0;
    %load/vec4 v000002b8921e1a50_0;
    %load/vec4 v000002b8921e24f0_0;
    %pad/s 32;
    %load/vec4 v000002b8921e1190_0;
    %pad/s 32;
    %mul;
    %add;
    %assign/vec4 v000002b8921e03d0_0, 0;
T_175.4 ;
T_175.1 ;
    %jmp T_175;
    .thread T_175;
    .scope S_000002b89222cc60;
T_176 ;
    %wait E_000002b89208b550;
    %load/vec4 v000002b8921e2590_0;
    %nor/r;
    %flag_set/vec4 8;
    %jmp/0xz  T_176.0, 8;
    %pushi/vec4 0, 0, 8;
    %assign/vec4 v000002b8921e1f50_0, 0;
    %pushi/vec4 0, 0, 8;
    %assign/vec4 v000002b8921e23b0_0, 0;
    %pushi/vec4 0, 0, 32;
    %assign/vec4 v000002b8921e12d0_0, 0;
    %jmp T_176.1;
T_176.0 ;
    %load/vec4 v000002b8921e2310_0;
    %flag_set/vec4 8;
    %jmp/0xz  T_176.2, 8;
    %load/vec4 v000002b8921e19b0_0;
    %assign/vec4 v000002b8921e1f50_0, 0;
T_176.2 ;
    %load/vec4 v000002b8921e0470_0;
    %flag_set/vec4 8;
    %jmp/0xz  T_176.4, 8;
    %load/vec4 v000002b8921e0f10_0;
    %assign/vec4 v000002b8921e23b0_0, 0;
    %load/vec4 v000002b8921e26d0_0;
    %load/vec4 v000002b8921e0f10_0;
    %pad/s 32;
    %load/vec4 v000002b8921e1f50_0;
    %pad/s 32;
    %mul;
    %add;
    %assign/vec4 v000002b8921e12d0_0, 0;
T_176.4 ;
T_176.1 ;
    %jmp T_176;
    .thread T_176;
    .scope S_000002b89222d8e0;
T_177 ;
    %wait E_000002b89208b550;
    %load/vec4 v000002b8921e0a10_0;
    %nor/r;
    %flag_set/vec4 8;
    %jmp/0xz  T_177.0, 8;
    %pushi/vec4 0, 0, 8;
    %assign/vec4 v000002b8921e0970_0, 0;
    %pushi/vec4 0, 0, 8;
    %assign/vec4 v000002b8921e0790_0, 0;
    %pushi/vec4 0, 0, 32;
    %assign/vec4 v000002b8921e08d0_0, 0;
    %jmp T_177.1;
T_177.0 ;
    %load/vec4 v000002b8921e06f0_0;
    %flag_set/vec4 8;
    %jmp/0xz  T_177.2, 8;
    %load/vec4 v000002b8921e0650_0;
    %assign/vec4 v000002b8921e0970_0, 0;
T_177.2 ;
    %load/vec4 v000002b8921e1550_0;
    %flag_set/vec4 8;
    %jmp/0xz  T_177.4, 8;
    %load/vec4 v000002b8921e2950_0;
    %assign/vec4 v000002b8921e0790_0, 0;
    %load/vec4 v000002b8921e0510_0;
    %load/vec4 v000002b8921e2950_0;
    %pad/s 32;
    %load/vec4 v000002b8921e0970_0;
    %pad/s 32;
    %mul;
    %add;
    %assign/vec4 v000002b8921e08d0_0, 0;
T_177.4 ;
T_177.1 ;
    %jmp T_177;
    .thread T_177;
    .scope S_000002b89222d110;
T_178 ;
    %wait E_000002b89208b550;
    %load/vec4 v000002b8921e4b10_0;
    %nor/r;
    %flag_set/vec4 8;
    %jmp/0xz  T_178.0, 8;
    %pushi/vec4 0, 0, 8;
    %assign/vec4 v000002b8921e3710_0, 0;
    %pushi/vec4 0, 0, 8;
    %assign/vec4 v000002b8921e3c10_0, 0;
    %pushi/vec4 0, 0, 32;
    %assign/vec4 v000002b8921e2db0_0, 0;
    %jmp T_178.1;
T_178.0 ;
    %load/vec4 v000002b8921e3e90_0;
    %flag_set/vec4 8;
    %jmp/0xz  T_178.2, 8;
    %load/vec4 v000002b8921e4570_0;
    %assign/vec4 v000002b8921e3710_0, 0;
T_178.2 ;
    %load/vec4 v000002b8921e5150_0;
    %flag_set/vec4 8;
    %jmp/0xz  T_178.4, 8;
    %load/vec4 v000002b8921e3df0_0;
    %assign/vec4 v000002b8921e3c10_0, 0;
    %load/vec4 v000002b8921e3530_0;
    %load/vec4 v000002b8921e3df0_0;
    %pad/s 32;
    %load/vec4 v000002b8921e3710_0;
    %pad/s 32;
    %mul;
    %add;
    %assign/vec4 v000002b8921e2db0_0, 0;
T_178.4 ;
T_178.1 ;
    %jmp T_178;
    .thread T_178;
    .scope S_000002b892226860;
T_179 ;
    %wait E_000002b89208b550;
    %load/vec4 v000002b8921e4750_0;
    %nor/r;
    %flag_set/vec4 8;
    %jmp/0xz  T_179.0, 8;
    %pushi/vec4 0, 0, 8;
    %assign/vec4 v000002b8921e46b0_0, 0;
    %pushi/vec4 0, 0, 8;
    %assign/vec4 v000002b8921e5010_0, 0;
    %pushi/vec4 0, 0, 32;
    %assign/vec4 v000002b8921e2a90_0, 0;
    %jmp T_179.1;
T_179.0 ;
    %load/vec4 v000002b8921e3d50_0;
    %flag_set/vec4 8;
    %jmp/0xz  T_179.2, 8;
    %load/vec4 v000002b8921e4a70_0;
    %assign/vec4 v000002b8921e46b0_0, 0;
T_179.2 ;
    %load/vec4 v000002b8921e47f0_0;
    %flag_set/vec4 8;
    %jmp/0xz  T_179.4, 8;
    %load/vec4 v000002b8921e4e30_0;
    %assign/vec4 v000002b8921e5010_0, 0;
    %load/vec4 v000002b8921e4f70_0;
    %load/vec4 v000002b8921e4e30_0;
    %pad/s 32;
    %load/vec4 v000002b8921e46b0_0;
    %pad/s 32;
    %mul;
    %add;
    %assign/vec4 v000002b8921e2a90_0, 0;
T_179.4 ;
T_179.1 ;
    %jmp T_179;
    .thread T_179;
    .scope S_000002b892226ea0;
T_180 ;
    %wait E_000002b89208b550;
    %load/vec4 v000002b8921e3f30_0;
    %nor/r;
    %flag_set/vec4 8;
    %jmp/0xz  T_180.0, 8;
    %pushi/vec4 0, 0, 8;
    %assign/vec4 v000002b8921e3490_0, 0;
    %pushi/vec4 0, 0, 8;
    %assign/vec4 v000002b8921e4890_0, 0;
    %pushi/vec4 0, 0, 32;
    %assign/vec4 v000002b8921e2c70_0, 0;
    %jmp T_180.1;
T_180.0 ;
    %load/vec4 v000002b8921e3a30_0;
    %flag_set/vec4 8;
    %jmp/0xz  T_180.2, 8;
    %load/vec4 v000002b8921e3850_0;
    %assign/vec4 v000002b8921e3490_0, 0;
T_180.2 ;
    %load/vec4 v000002b8921e4bb0_0;
    %flag_set/vec4 8;
    %jmp/0xz  T_180.4, 8;
    %load/vec4 v000002b8921e2b30_0;
    %assign/vec4 v000002b8921e4890_0, 0;
    %load/vec4 v000002b8921e2bd0_0;
    %load/vec4 v000002b8921e2b30_0;
    %pad/s 32;
    %load/vec4 v000002b8921e3490_0;
    %pad/s 32;
    %mul;
    %add;
    %assign/vec4 v000002b8921e2c70_0, 0;
T_180.4 ;
T_180.1 ;
    %jmp T_180;
    .thread T_180;
    .scope S_000002b8922282f0;
T_181 ;
    %wait E_000002b89208b550;
    %load/vec4 v000002b8921e4390_0;
    %nor/r;
    %flag_set/vec4 8;
    %jmp/0xz  T_181.0, 8;
    %pushi/vec4 0, 0, 8;
    %assign/vec4 v000002b8921e42f0_0, 0;
    %pushi/vec4 0, 0, 8;
    %assign/vec4 v000002b8921e4070_0, 0;
    %pushi/vec4 0, 0, 32;
    %assign/vec4 v000002b8921e4110_0, 0;
    %jmp T_181.1;
T_181.0 ;
    %load/vec4 v000002b8921e3fd0_0;
    %flag_set/vec4 8;
    %jmp/0xz  T_181.2, 8;
    %load/vec4 v000002b8921e3b70_0;
    %assign/vec4 v000002b8921e42f0_0, 0;
T_181.2 ;
    %load/vec4 v000002b8921e3210_0;
    %flag_set/vec4 8;
    %jmp/0xz  T_181.4, 8;
    %load/vec4 v000002b8921e32b0_0;
    %assign/vec4 v000002b8921e4070_0, 0;
    %load/vec4 v000002b8921e4610_0;
    %load/vec4 v000002b8921e32b0_0;
    %pad/s 32;
    %load/vec4 v000002b8921e42f0_0;
    %pad/s 32;
    %mul;
    %add;
    %assign/vec4 v000002b8921e4110_0, 0;
T_181.4 ;
T_181.1 ;
    %jmp T_181;
    .thread T_181;
    .scope S_000002b8922266d0;
T_182 ;
    %wait E_000002b89208b550;
    %load/vec4 v000002b8921e6af0_0;
    %nor/r;
    %flag_set/vec4 8;
    %jmp/0xz  T_182.0, 8;
    %pushi/vec4 0, 0, 8;
    %assign/vec4 v000002b8921e6230_0, 0;
    %pushi/vec4 0, 0, 8;
    %assign/vec4 v000002b8921e56f0_0, 0;
    %pushi/vec4 0, 0, 32;
    %assign/vec4 v000002b8921e6410_0, 0;
    %jmp T_182.1;
T_182.0 ;
    %load/vec4 v000002b8921e6690_0;
    %flag_set/vec4 8;
    %jmp/0xz  T_182.2, 8;
    %load/vec4 v000002b8921e6550_0;
    %assign/vec4 v000002b8921e6230_0, 0;
T_182.2 ;
    %load/vec4 v000002b8921e5e70_0;
    %flag_set/vec4 8;
    %jmp/0xz  T_182.4, 8;
    %load/vec4 v000002b8921e51f0_0;
    %assign/vec4 v000002b8921e56f0_0, 0;
    %load/vec4 v000002b8921e7770_0;
    %load/vec4 v000002b8921e51f0_0;
    %pad/s 32;
    %load/vec4 v000002b8921e6230_0;
    %pad/s 32;
    %mul;
    %add;
    %assign/vec4 v000002b8921e6410_0, 0;
T_182.4 ;
T_182.1 ;
    %jmp T_182;
    .thread T_182;
    .scope S_000002b892229100;
T_183 ;
    %wait E_000002b89208b550;
    %load/vec4 v000002b8921e5f10_0;
    %nor/r;
    %flag_set/vec4 8;
    %jmp/0xz  T_183.0, 8;
    %pushi/vec4 0, 0, 8;
    %assign/vec4 v000002b8921e7130_0, 0;
    %pushi/vec4 0, 0, 8;
    %assign/vec4 v000002b8921e6190_0, 0;
    %pushi/vec4 0, 0, 32;
    %assign/vec4 v000002b8921e74f0_0, 0;
    %jmp T_183.1;
T_183.0 ;
    %load/vec4 v000002b8921e6e10_0;
    %flag_set/vec4 8;
    %jmp/0xz  T_183.2, 8;
    %load/vec4 v000002b8921e7950_0;
    %assign/vec4 v000002b8921e7130_0, 0;
T_183.2 ;
    %load/vec4 v000002b8921e6730_0;
    %flag_set/vec4 8;
    %jmp/0xz  T_183.4, 8;
    %load/vec4 v000002b8921e78b0_0;
    %assign/vec4 v000002b8921e6190_0, 0;
    %load/vec4 v000002b8921e65f0_0;
    %load/vec4 v000002b8921e78b0_0;
    %pad/s 32;
    %load/vec4 v000002b8921e7130_0;
    %pad/s 32;
    %mul;
    %add;
    %assign/vec4 v000002b8921e74f0_0, 0;
T_183.4 ;
T_183.1 ;
    %jmp T_183;
    .thread T_183;
    .scope S_000002b892228f70;
T_184 ;
    %wait E_000002b89208b550;
    %load/vec4 v000002b8921e6a50_0;
    %nor/r;
    %flag_set/vec4 8;
    %jmp/0xz  T_184.0, 8;
    %pushi/vec4 0, 0, 8;
    %assign/vec4 v000002b8921e69b0_0, 0;
    %pushi/vec4 0, 0, 8;
    %assign/vec4 v000002b8921e67d0_0, 0;
    %pushi/vec4 0, 0, 32;
    %assign/vec4 v000002b8921e5bf0_0, 0;
    %jmp T_184.1;
T_184.0 ;
    %load/vec4 v000002b8921e5330_0;
    %flag_set/vec4 8;
    %jmp/0xz  T_184.2, 8;
    %load/vec4 v000002b8921e5290_0;
    %assign/vec4 v000002b8921e69b0_0, 0;
T_184.2 ;
    %load/vec4 v000002b8921e5790_0;
    %flag_set/vec4 8;
    %jmp/0xz  T_184.4, 8;
    %load/vec4 v000002b8921e7270_0;
    %assign/vec4 v000002b8921e67d0_0, 0;
    %load/vec4 v000002b8921e6910_0;
    %load/vec4 v000002b8921e7270_0;
    %pad/s 32;
    %load/vec4 v000002b8921e69b0_0;
    %pad/s 32;
    %mul;
    %add;
    %assign/vec4 v000002b8921e5bf0_0, 0;
T_184.4 ;
T_184.1 ;
    %jmp T_184;
    .thread T_184;
    .scope S_000002b892229bf0;
T_185 ;
    %wait E_000002b89208b550;
    %load/vec4 v000002b8921e6050_0;
    %nor/r;
    %flag_set/vec4 8;
    %jmp/0xz  T_185.0, 8;
    %pushi/vec4 0, 0, 8;
    %assign/vec4 v000002b8921e5510_0, 0;
    %pushi/vec4 0, 0, 8;
    %assign/vec4 v000002b8921e5fb0_0, 0;
    %pushi/vec4 0, 0, 32;
    %assign/vec4 v000002b8921e73b0_0, 0;
    %jmp T_185.1;
T_185.0 ;
    %load/vec4 v000002b8921e55b0_0;
    %flag_set/vec4 8;
    %jmp/0xz  T_185.2, 8;
    %load/vec4 v000002b8921e6cd0_0;
    %assign/vec4 v000002b8921e5510_0, 0;
T_185.2 ;
    %load/vec4 v000002b8921e6f50_0;
    %flag_set/vec4 8;
    %jmp/0xz  T_185.4, 8;
    %load/vec4 v000002b8921e7630_0;
    %assign/vec4 v000002b8921e5fb0_0, 0;
    %load/vec4 v000002b8921e60f0_0;
    %load/vec4 v000002b8921e7630_0;
    %pad/s 32;
    %load/vec4 v000002b8921e5510_0;
    %pad/s 32;
    %mul;
    %add;
    %assign/vec4 v000002b8921e73b0_0, 0;
T_185.4 ;
T_185.1 ;
    %jmp T_185;
    .thread T_185;
    .scope S_000002b892227fd0;
T_186 ;
    %wait E_000002b89208b550;
    %load/vec4 v000002b89222f9d0_0;
    %nor/r;
    %flag_set/vec4 8;
    %jmp/0xz  T_186.0, 8;
    %pushi/vec4 0, 0, 8;
    %assign/vec4 v000002b89222ff70_0, 0;
    %pushi/vec4 0, 0, 8;
    %assign/vec4 v000002b892231690_0, 0;
    %pushi/vec4 0, 0, 32;
    %assign/vec4 v000002b8922306f0_0, 0;
    %jmp T_186.1;
T_186.0 ;
    %load/vec4 v000002b89222f570_0;
    %flag_set/vec4 8;
    %jmp/0xz  T_186.2, 8;
    %load/vec4 v000002b89222fb10_0;
    %assign/vec4 v000002b89222ff70_0, 0;
T_186.2 ;
    %load/vec4 v000002b8921e5ab0_0;
    %flag_set/vec4 8;
    %jmp/0xz  T_186.4, 8;
    %load/vec4 v000002b8921e5d30_0;
    %assign/vec4 v000002b892231690_0, 0;
    %load/vec4 v000002b89222f750_0;
    %load/vec4 v000002b8921e5d30_0;
    %pad/s 32;
    %load/vec4 v000002b89222ff70_0;
    %pad/s 32;
    %mul;
    %add;
    %assign/vec4 v000002b8922306f0_0, 0;
T_186.4 ;
T_186.1 ;
    %jmp T_186;
    .thread T_186;
    .scope S_000002b892228ac0;
T_187 ;
    %wait E_000002b89208b550;
    %load/vec4 v000002b8922300b0_0;
    %nor/r;
    %flag_set/vec4 8;
    %jmp/0xz  T_187.0, 8;
    %pushi/vec4 0, 0, 8;
    %assign/vec4 v000002b89222fcf0_0, 0;
    %pushi/vec4 0, 0, 8;
    %assign/vec4 v000002b892231730_0, 0;
    %pushi/vec4 0, 0, 32;
    %assign/vec4 v000002b89222fed0_0, 0;
    %jmp T_187.1;
T_187.0 ;
    %load/vec4 v000002b8922310f0_0;
    %flag_set/vec4 8;
    %jmp/0xz  T_187.2, 8;
    %load/vec4 v000002b8922308d0_0;
    %assign/vec4 v000002b89222fcf0_0, 0;
T_187.2 ;
    %load/vec4 v000002b892230dd0_0;
    %flag_set/vec4 8;
    %jmp/0xz  T_187.4, 8;
    %load/vec4 v000002b892230c90_0;
    %assign/vec4 v000002b892231730_0, 0;
    %load/vec4 v000002b892230f10_0;
    %load/vec4 v000002b892230c90_0;
    %pad/s 32;
    %load/vec4 v000002b89222fcf0_0;
    %pad/s 32;
    %mul;
    %add;
    %assign/vec4 v000002b89222fed0_0, 0;
T_187.4 ;
T_187.1 ;
    %jmp T_187;
    .thread T_187;
    .scope S_000002b892229f10;
T_188 ;
    %wait E_000002b89208b550;
    %load/vec4 v000002b892231050_0;
    %nor/r;
    %flag_set/vec4 8;
    %jmp/0xz  T_188.0, 8;
    %pushi/vec4 0, 0, 8;
    %assign/vec4 v000002b892230b50_0, 0;
    %pushi/vec4 0, 0, 8;
    %assign/vec4 v000002b892230830_0, 0;
    %pushi/vec4 0, 0, 32;
    %assign/vec4 v000002b89222f250_0, 0;
    %jmp T_188.1;
T_188.0 ;
    %load/vec4 v000002b892231410_0;
    %flag_set/vec4 8;
    %jmp/0xz  T_188.2, 8;
    %load/vec4 v000002b892230790_0;
    %assign/vec4 v000002b892230b50_0, 0;
T_188.2 ;
    %load/vec4 v000002b89222fc50_0;
    %flag_set/vec4 8;
    %jmp/0xz  T_188.4, 8;
    %load/vec4 v000002b892231230_0;
    %assign/vec4 v000002b892230830_0, 0;
    %load/vec4 v000002b89222f1b0_0;
    %load/vec4 v000002b892231230_0;
    %pad/s 32;
    %load/vec4 v000002b892230b50_0;
    %pad/s 32;
    %mul;
    %add;
    %assign/vec4 v000002b89222f250_0, 0;
T_188.4 ;
T_188.1 ;
    %jmp T_188;
    .thread T_188;
    .scope S_000002b892226220;
T_189 ;
    %wait E_000002b89208b550;
    %load/vec4 v000002b892231550_0;
    %nor/r;
    %flag_set/vec4 8;
    %jmp/0xz  T_189.0, 8;
    %pushi/vec4 0, 0, 8;
    %assign/vec4 v000002b89222f610_0, 0;
    %pushi/vec4 0, 0, 8;
    %assign/vec4 v000002b8922312d0_0, 0;
    %pushi/vec4 0, 0, 32;
    %assign/vec4 v000002b892230510_0, 0;
    %jmp T_189.1;
T_189.0 ;
    %load/vec4 v000002b89222f890_0;
    %flag_set/vec4 8;
    %jmp/0xz  T_189.2, 8;
    %load/vec4 v000002b89222f4d0_0;
    %assign/vec4 v000002b89222f610_0, 0;
T_189.2 ;
    %load/vec4 v000002b89222f7f0_0;
    %flag_set/vec4 8;
    %jmp/0xz  T_189.4, 8;
    %load/vec4 v000002b89222f390_0;
    %assign/vec4 v000002b8922312d0_0, 0;
    %load/vec4 v000002b892230fb0_0;
    %load/vec4 v000002b89222f390_0;
    %pad/s 32;
    %load/vec4 v000002b89222f610_0;
    %pad/s 32;
    %mul;
    %add;
    %assign/vec4 v000002b892230510_0, 0;
T_189.4 ;
T_189.1 ;
    %jmp T_189;
    .thread T_189;
    .scope S_000002b89222a6e0;
T_190 ;
    %wait E_000002b89208b550;
    %load/vec4 v000002b8922337b0_0;
    %nor/r;
    %flag_set/vec4 8;
    %jmp/0xz  T_190.0, 8;
    %pushi/vec4 0, 0, 8;
    %assign/vec4 v000002b892232db0_0, 0;
    %pushi/vec4 0, 0, 8;
    %assign/vec4 v000002b892230e70_0, 0;
    %pushi/vec4 0, 0, 32;
    %assign/vec4 v000002b892233530_0, 0;
    %jmp T_190.1;
T_190.0 ;
    %load/vec4 v000002b892230d30_0;
    %flag_set/vec4 8;
    %jmp/0xz  T_190.2, 8;
    %load/vec4 v000002b892230ab0_0;
    %assign/vec4 v000002b892232db0_0, 0;
T_190.2 ;
    %load/vec4 v000002b8922301f0_0;
    %flag_set/vec4 8;
    %jmp/0xz  T_190.4, 8;
    %load/vec4 v000002b8922305b0_0;
    %assign/vec4 v000002b892230e70_0, 0;
    %load/vec4 v000002b892230650_0;
    %load/vec4 v000002b8922305b0_0;
    %pad/s 32;
    %load/vec4 v000002b892232db0_0;
    %pad/s 32;
    %mul;
    %add;
    %assign/vec4 v000002b892233530_0, 0;
T_190.4 ;
T_190.1 ;
    %jmp T_190;
    .thread T_190;
    .scope S_000002b89222b9a0;
T_191 ;
    %wait E_000002b89208b550;
    %load/vec4 v000002b892232e50_0;
    %nor/r;
    %flag_set/vec4 8;
    %jmp/0xz  T_191.0, 8;
    %pushi/vec4 0, 0, 8;
    %assign/vec4 v000002b892233990_0, 0;
    %pushi/vec4 0, 0, 8;
    %assign/vec4 v000002b8922323b0_0, 0;
    %pushi/vec4 0, 0, 32;
    %assign/vec4 v000002b892231cd0_0, 0;
    %jmp T_191.1;
T_191.0 ;
    %load/vec4 v000002b892231910_0;
    %flag_set/vec4 8;
    %jmp/0xz  T_191.2, 8;
    %load/vec4 v000002b892231c30_0;
    %assign/vec4 v000002b892233990_0, 0;
T_191.2 ;
    %load/vec4 v000002b8922319b0_0;
    %flag_set/vec4 8;
    %jmp/0xz  T_191.4, 8;
    %load/vec4 v000002b892232270_0;
    %assign/vec4 v000002b8922323b0_0, 0;
    %load/vec4 v000002b8922338f0_0;
    %load/vec4 v000002b892232270_0;
    %pad/s 32;
    %load/vec4 v000002b892233990_0;
    %pad/s 32;
    %mul;
    %add;
    %assign/vec4 v000002b892231cd0_0, 0;
T_191.4 ;
T_191.1 ;
    %jmp T_191;
    .thread T_191;
    .scope S_000002b89222ad20;
T_192 ;
    %wait E_000002b89208b550;
    %load/vec4 v000002b892231af0_0;
    %nor/r;
    %flag_set/vec4 8;
    %jmp/0xz  T_192.0, 8;
    %pushi/vec4 0, 0, 8;
    %assign/vec4 v000002b892233170_0, 0;
    %pushi/vec4 0, 0, 8;
    %assign/vec4 v000002b892233b70_0, 0;
    %pushi/vec4 0, 0, 32;
    %assign/vec4 v000002b892232ef0_0, 0;
    %jmp T_192.1;
T_192.0 ;
    %load/vec4 v000002b8922324f0_0;
    %flag_set/vec4 8;
    %jmp/0xz  T_192.2, 8;
    %load/vec4 v000002b892233df0_0;
    %assign/vec4 v000002b892233170_0, 0;
T_192.2 ;
    %load/vec4 v000002b892233e90_0;
    %flag_set/vec4 8;
    %jmp/0xz  T_192.4, 8;
    %load/vec4 v000002b892231a50_0;
    %assign/vec4 v000002b892233b70_0, 0;
    %load/vec4 v000002b892232770_0;
    %load/vec4 v000002b892231a50_0;
    %pad/s 32;
    %load/vec4 v000002b892233170_0;
    %pad/s 32;
    %mul;
    %add;
    %assign/vec4 v000002b892232ef0_0, 0;
T_192.4 ;
T_192.1 ;
    %jmp T_192;
    .thread T_192;
    .scope S_000002b89222bb30;
T_193 ;
    %wait E_000002b89208b550;
    %load/vec4 v000002b892232a90_0;
    %nor/r;
    %flag_set/vec4 8;
    %jmp/0xz  T_193.0, 8;
    %pushi/vec4 0, 0, 8;
    %assign/vec4 v000002b892233ad0_0, 0;
    %pushi/vec4 0, 0, 8;
    %assign/vec4 v000002b892234070_0, 0;
    %pushi/vec4 0, 0, 32;
    %assign/vec4 v000002b892232bd0_0, 0;
    %jmp T_193.1;
T_193.0 ;
    %load/vec4 v000002b892232950_0;
    %flag_set/vec4 8;
    %jmp/0xz  T_193.2, 8;
    %load/vec4 v000002b892233fd0_0;
    %assign/vec4 v000002b892233ad0_0, 0;
T_193.2 ;
    %load/vec4 v000002b8922326d0_0;
    %flag_set/vec4 8;
    %jmp/0xz  T_193.4, 8;
    %load/vec4 v000002b8922330d0_0;
    %assign/vec4 v000002b892234070_0, 0;
    %load/vec4 v000002b8922328b0_0;
    %load/vec4 v000002b8922330d0_0;
    %pad/s 32;
    %load/vec4 v000002b892233ad0_0;
    %pad/s 32;
    %mul;
    %add;
    %assign/vec4 v000002b892232bd0_0, 0;
T_193.4 ;
T_193.1 ;
    %jmp T_193;
    .thread T_193;
    .scope S_000002b89222b680;
T_194 ;
    %wait E_000002b89208b550;
    %load/vec4 v000002b892232130_0;
    %nor/r;
    %flag_set/vec4 8;
    %jmp/0xz  T_194.0, 8;
    %pushi/vec4 0, 0, 8;
    %assign/vec4 v000002b892232090_0, 0;
    %pushi/vec4 0, 0, 8;
    %assign/vec4 v000002b892233cb0_0, 0;
    %pushi/vec4 0, 0, 32;
    %assign/vec4 v000002b892231ff0_0, 0;
    %jmp T_194.1;
T_194.0 ;
    %load/vec4 v000002b892231eb0_0;
    %flag_set/vec4 8;
    %jmp/0xz  T_194.2, 8;
    %load/vec4 v000002b892233710_0;
    %assign/vec4 v000002b892232090_0, 0;
T_194.2 ;
    %load/vec4 v000002b892232d10_0;
    %flag_set/vec4 8;
    %jmp/0xz  T_194.4, 8;
    %load/vec4 v000002b8922333f0_0;
    %assign/vec4 v000002b892233cb0_0, 0;
    %load/vec4 v000002b892233490_0;
    %load/vec4 v000002b8922333f0_0;
    %pad/s 32;
    %load/vec4 v000002b892232090_0;
    %pad/s 32;
    %mul;
    %add;
    %assign/vec4 v000002b892231ff0_0, 0;
T_194.4 ;
T_194.1 ;
    %jmp T_194;
    .thread T_194;
    .scope S_000002b892250060;
T_195 ;
    %wait E_000002b89208b550;
    %load/vec4 v000002b892235510_0;
    %nor/r;
    %flag_set/vec4 8;
    %jmp/0xz  T_195.0, 8;
    %pushi/vec4 0, 0, 8;
    %assign/vec4 v000002b892234d90_0, 0;
    %pushi/vec4 0, 0, 8;
    %assign/vec4 v000002b892234570_0, 0;
    %pushi/vec4 0, 0, 32;
    %assign/vec4 v000002b892235fb0_0, 0;
    %jmp T_195.1;
T_195.0 ;
    %load/vec4 v000002b892235150_0;
    %flag_set/vec4 8;
    %jmp/0xz  T_195.2, 8;
    %load/vec4 v000002b892234cf0_0;
    %assign/vec4 v000002b892234d90_0, 0;
T_195.2 ;
    %load/vec4 v000002b892235970_0;
    %flag_set/vec4 8;
    %jmp/0xz  T_195.4, 8;
    %load/vec4 v000002b892236690_0;
    %assign/vec4 v000002b892234570_0, 0;
    %load/vec4 v000002b892234f70_0;
    %load/vec4 v000002b892236690_0;
    %pad/s 32;
    %load/vec4 v000002b892234d90_0;
    %pad/s 32;
    %mul;
    %add;
    %assign/vec4 v000002b892235fb0_0, 0;
T_195.4 ;
T_195.1 ;
    %jmp T_195;
    .thread T_195;
    .scope S_000002b892251190;
T_196 ;
    %wait E_000002b89208b550;
    %load/vec4 v000002b892236370_0;
    %nor/r;
    %flag_set/vec4 8;
    %jmp/0xz  T_196.0, 8;
    %pushi/vec4 0, 0, 8;
    %assign/vec4 v000002b892234ed0_0, 0;
    %pushi/vec4 0, 0, 8;
    %assign/vec4 v000002b8922365f0_0, 0;
    %pushi/vec4 0, 0, 32;
    %assign/vec4 v000002b892236730_0, 0;
    %jmp T_196.1;
T_196.0 ;
    %load/vec4 v000002b892234e30_0;
    %flag_set/vec4 8;
    %jmp/0xz  T_196.2, 8;
    %load/vec4 v000002b892235f10_0;
    %assign/vec4 v000002b892234ed0_0, 0;
T_196.2 ;
    %load/vec4 v000002b892234b10_0;
    %flag_set/vec4 8;
    %jmp/0xz  T_196.4, 8;
    %load/vec4 v000002b892235b50_0;
    %assign/vec4 v000002b8922365f0_0, 0;
    %load/vec4 v000002b892235290_0;
    %load/vec4 v000002b892235b50_0;
    %pad/s 32;
    %load/vec4 v000002b892234ed0_0;
    %pad/s 32;
    %mul;
    %add;
    %assign/vec4 v000002b892236730_0, 0;
T_196.4 ;
T_196.1 ;
    %jmp T_196;
    .thread T_196;
    .scope S_000002b892252a90;
T_197 ;
    %wait E_000002b89208b550;
    %load/vec4 v000002b892235830_0;
    %nor/r;
    %flag_set/vec4 8;
    %jmp/0xz  T_197.0, 8;
    %pushi/vec4 0, 0, 8;
    %assign/vec4 v000002b892235d30_0, 0;
    %pushi/vec4 0, 0, 8;
    %assign/vec4 v000002b8922353d0_0, 0;
    %pushi/vec4 0, 0, 32;
    %assign/vec4 v000002b892235330_0, 0;
    %jmp T_197.1;
T_197.0 ;
    %load/vec4 v000002b8922350b0_0;
    %flag_set/vec4 8;
    %jmp/0xz  T_197.2, 8;
    %load/vec4 v000002b892235010_0;
    %assign/vec4 v000002b892235d30_0, 0;
T_197.2 ;
    %load/vec4 v000002b8922356f0_0;
    %flag_set/vec4 8;
    %jmp/0xz  T_197.4, 8;
    %load/vec4 v000002b892235790_0;
    %assign/vec4 v000002b8922353d0_0, 0;
    %load/vec4 v000002b8922364b0_0;
    %load/vec4 v000002b892235790_0;
    %pad/s 32;
    %load/vec4 v000002b892235d30_0;
    %pad/s 32;
    %mul;
    %add;
    %assign/vec4 v000002b892235330_0, 0;
T_197.4 ;
T_197.1 ;
    %jmp T_197;
    .thread T_197;
    .scope S_000002b8922501f0;
T_198 ;
    %wait E_000002b89208b550;
    %load/vec4 v000002b8922346b0_0;
    %nor/r;
    %flag_set/vec4 8;
    %jmp/0xz  T_198.0, 8;
    %pushi/vec4 0, 0, 8;
    %assign/vec4 v000002b8922344d0_0, 0;
    %pushi/vec4 0, 0, 8;
    %assign/vec4 v000002b892234390_0, 0;
    %pushi/vec4 0, 0, 32;
    %assign/vec4 v000002b892234430_0, 0;
    %jmp T_198.1;
T_198.0 ;
    %load/vec4 v000002b892234890_0;
    %flag_set/vec4 8;
    %jmp/0xz  T_198.2, 8;
    %load/vec4 v000002b8922342f0_0;
    %assign/vec4 v000002b8922344d0_0, 0;
T_198.2 ;
    %load/vec4 v000002b892235bf0_0;
    %flag_set/vec4 8;
    %jmp/0xz  T_198.4, 8;
    %load/vec4 v000002b892235dd0_0;
    %assign/vec4 v000002b892234390_0, 0;
    %load/vec4 v000002b8922341b0_0;
    %load/vec4 v000002b892235dd0_0;
    %pad/s 32;
    %load/vec4 v000002b8922344d0_0;
    %pad/s 32;
    %mul;
    %add;
    %assign/vec4 v000002b892234430_0, 0;
T_198.4 ;
T_198.1 ;
    %jmp T_198;
    .thread T_198;
    .scope S_000002b892250b50;
T_199 ;
    %wait E_000002b89208b550;
    %load/vec4 v000002b8922387b0_0;
    %nor/r;
    %flag_set/vec4 8;
    %jmp/0xz  T_199.0, 8;
    %pushi/vec4 0, 0, 8;
    %assign/vec4 v000002b892237270_0, 0;
    %pushi/vec4 0, 0, 8;
    %assign/vec4 v000002b892238210_0, 0;
    %pushi/vec4 0, 0, 32;
    %assign/vec4 v000002b892239070_0, 0;
    %jmp T_199.1;
T_199.0 ;
    %load/vec4 v000002b892237090_0;
    %flag_set/vec4 8;
    %jmp/0xz  T_199.2, 8;
    %load/vec4 v000002b892236ff0_0;
    %assign/vec4 v000002b892237270_0, 0;
T_199.2 ;
    %load/vec4 v000002b892238850_0;
    %flag_set/vec4 8;
    %jmp/0xz  T_199.4, 8;
    %load/vec4 v000002b892238fd0_0;
    %assign/vec4 v000002b892238210_0, 0;
    %load/vec4 v000002b892237450_0;
    %load/vec4 v000002b892238fd0_0;
    %pad/s 32;
    %load/vec4 v000002b892237270_0;
    %pad/s 32;
    %mul;
    %add;
    %assign/vec4 v000002b892239070_0, 0;
T_199.4 ;
T_199.1 ;
    %jmp T_199;
    .thread T_199;
    .scope S_000002b892252130;
T_200 ;
    %wait E_000002b89208b550;
    %load/vec4 v000002b892237770_0;
    %nor/r;
    %flag_set/vec4 8;
    %jmp/0xz  T_200.0, 8;
    %pushi/vec4 0, 0, 8;
    %assign/vec4 v000002b8922369b0_0, 0;
    %pushi/vec4 0, 0, 8;
    %assign/vec4 v000002b892237950_0, 0;
    %pushi/vec4 0, 0, 32;
    %assign/vec4 v000002b892236f50_0, 0;
    %jmp T_200.1;
T_200.0 ;
    %load/vec4 v000002b892238cb0_0;
    %flag_set/vec4 8;
    %jmp/0xz  T_200.2, 8;
    %load/vec4 v000002b892236910_0;
    %assign/vec4 v000002b8922369b0_0, 0;
T_200.2 ;
    %load/vec4 v000002b892238ad0_0;
    %flag_set/vec4 8;
    %jmp/0xz  T_200.4, 8;
    %load/vec4 v000002b892238170_0;
    %assign/vec4 v000002b892237950_0, 0;
    %load/vec4 v000002b892236cd0_0;
    %load/vec4 v000002b892238170_0;
    %pad/s 32;
    %load/vec4 v000002b8922369b0_0;
    %pad/s 32;
    %mul;
    %add;
    %assign/vec4 v000002b892236f50_0, 0;
T_200.4 ;
T_200.1 ;
    %jmp T_200;
    .thread T_200;
    .scope S_000002b8922509c0;
T_201 ;
    %wait E_000002b89208b550;
    %load/vec4 v000002b892238490_0;
    %nor/r;
    %flag_set/vec4 8;
    %jmp/0xz  T_201.0, 8;
    %pushi/vec4 0, 0, 8;
    %assign/vec4 v000002b892238a30_0, 0;
    %pushi/vec4 0, 0, 8;
    %assign/vec4 v000002b892238350_0, 0;
    %pushi/vec4 0, 0, 32;
    %assign/vec4 v000002b8922374f0_0, 0;
    %jmp T_201.1;
T_201.0 ;
    %load/vec4 v000002b892238df0_0;
    %flag_set/vec4 8;
    %jmp/0xz  T_201.2, 8;
    %load/vec4 v000002b8922383f0_0;
    %assign/vec4 v000002b892238a30_0, 0;
T_201.2 ;
    %load/vec4 v000002b8922379f0_0;
    %flag_set/vec4 8;
    %jmp/0xz  T_201.4, 8;
    %load/vec4 v000002b892236d70_0;
    %assign/vec4 v000002b892238350_0, 0;
    %load/vec4 v000002b892236af0_0;
    %load/vec4 v000002b892236d70_0;
    %pad/s 32;
    %load/vec4 v000002b892238a30_0;
    %pad/s 32;
    %mul;
    %add;
    %assign/vec4 v000002b8922374f0_0, 0;
T_201.4 ;
T_201.1 ;
    %jmp T_201;
    .thread T_201;
    .scope S_000002b89224fbb0;
T_202 ;
    %wait E_000002b89208b550;
    %load/vec4 v000002b892238030_0;
    %nor/r;
    %flag_set/vec4 8;
    %jmp/0xz  T_202.0, 8;
    %pushi/vec4 0, 0, 8;
    %assign/vec4 v000002b892237f90_0, 0;
    %pushi/vec4 0, 0, 8;
    %assign/vec4 v000002b892236c30_0, 0;
    %pushi/vec4 0, 0, 32;
    %assign/vec4 v000002b892237c70_0, 0;
    %jmp T_202.1;
T_202.0 ;
    %load/vec4 v000002b892236b90_0;
    %flag_set/vec4 8;
    %jmp/0xz  T_202.2, 8;
    %load/vec4 v000002b892237310_0;
    %assign/vec4 v000002b892237f90_0, 0;
T_202.2 ;
    %load/vec4 v000002b892237810_0;
    %flag_set/vec4 8;
    %jmp/0xz  T_202.4, 8;
    %load/vec4 v000002b8922378b0_0;
    %assign/vec4 v000002b892236c30_0, 0;
    %load/vec4 v000002b892237ef0_0;
    %load/vec4 v000002b8922378b0_0;
    %pad/s 32;
    %load/vec4 v000002b892237f90_0;
    %pad/s 32;
    %mul;
    %add;
    %assign/vec4 v000002b892237c70_0, 0;
T_202.4 ;
T_202.1 ;
    %jmp T_202;
    .thread T_202;
    .scope S_000002b8922517d0;
T_203 ;
    %wait E_000002b89208b550;
    %load/vec4 v000002b89223a5b0_0;
    %nor/r;
    %flag_set/vec4 8;
    %jmp/0xz  T_203.0, 8;
    %pushi/vec4 0, 0, 8;
    %assign/vec4 v000002b89223a470_0, 0;
    %pushi/vec4 0, 0, 8;
    %assign/vec4 v000002b89223a1f0_0, 0;
    %pushi/vec4 0, 0, 32;
    %assign/vec4 v000002b89223b690_0, 0;
    %jmp T_203.1;
T_203.0 ;
    %load/vec4 v000002b8922391b0_0;
    %flag_set/vec4 8;
    %jmp/0xz  T_203.2, 8;
    %load/vec4 v000002b89223b730_0;
    %assign/vec4 v000002b89223a470_0, 0;
T_203.2 ;
    %load/vec4 v000002b892236eb0_0;
    %flag_set/vec4 8;
    %jmp/0xz  T_203.4, 8;
    %load/vec4 v000002b8922371d0_0;
    %assign/vec4 v000002b89223a1f0_0, 0;
    %load/vec4 v000002b8922373b0_0;
    %load/vec4 v000002b8922371d0_0;
    %pad/s 32;
    %load/vec4 v000002b89223a470_0;
    %pad/s 32;
    %mul;
    %add;
    %assign/vec4 v000002b89223b690_0, 0;
T_203.4 ;
T_203.1 ;
    %jmp T_203;
    .thread T_203;
    .scope S_000002b892251af0;
T_204 ;
    %wait E_000002b89208b550;
    %load/vec4 v000002b89223ad30_0;
    %nor/r;
    %flag_set/vec4 8;
    %jmp/0xz  T_204.0, 8;
    %pushi/vec4 0, 0, 8;
    %assign/vec4 v000002b89223aab0_0, 0;
    %pushi/vec4 0, 0, 8;
    %assign/vec4 v000002b89223a0b0_0, 0;
    %pushi/vec4 0, 0, 32;
    %assign/vec4 v000002b89223a830_0, 0;
    %jmp T_204.1;
T_204.0 ;
    %load/vec4 v000002b89223abf0_0;
    %flag_set/vec4 8;
    %jmp/0xz  T_204.2, 8;
    %load/vec4 v000002b892239b10_0;
    %assign/vec4 v000002b89223aab0_0, 0;
T_204.2 ;
    %load/vec4 v000002b89223a510_0;
    %flag_set/vec4 8;
    %jmp/0xz  T_204.4, 8;
    %load/vec4 v000002b89223b7d0_0;
    %assign/vec4 v000002b89223a0b0_0, 0;
    %load/vec4 v000002b89223b550_0;
    %load/vec4 v000002b89223b7d0_0;
    %pad/s 32;
    %load/vec4 v000002b89223aab0_0;
    %pad/s 32;
    %mul;
    %add;
    %assign/vec4 v000002b89223a830_0, 0;
T_204.4 ;
T_204.1 ;
    %jmp T_204;
    .thread T_204;
    .scope S_000002b892254840;
T_205 ;
    %wait E_000002b89208b550;
    %load/vec4 v000002b89223a3d0_0;
    %nor/r;
    %flag_set/vec4 8;
    %jmp/0xz  T_205.0, 8;
    %pushi/vec4 0, 0, 8;
    %assign/vec4 v000002b89223b050_0, 0;
    %pushi/vec4 0, 0, 8;
    %assign/vec4 v000002b892239250_0, 0;
    %pushi/vec4 0, 0, 32;
    %assign/vec4 v000002b89223a650_0, 0;
    %jmp T_205.1;
T_205.0 ;
    %load/vec4 v000002b89223add0_0;
    %flag_set/vec4 8;
    %jmp/0xz  T_205.2, 8;
    %load/vec4 v000002b892239570_0;
    %assign/vec4 v000002b89223b050_0, 0;
T_205.2 ;
    %load/vec4 v000002b89223ac90_0;
    %flag_set/vec4 8;
    %jmp/0xz  T_205.4, 8;
    %load/vec4 v000002b89223a150_0;
    %assign/vec4 v000002b892239250_0, 0;
    %load/vec4 v000002b89223a330_0;
    %load/vec4 v000002b89223a150_0;
    %pad/s 32;
    %load/vec4 v000002b89223b050_0;
    %pad/s 32;
    %mul;
    %add;
    %assign/vec4 v000002b89223a650_0, 0;
T_205.4 ;
T_205.1 ;
    %jmp T_205;
    .thread T_205;
    .scope S_000002b892254b60;
T_206 ;
    %wait E_000002b89208b550;
    %load/vec4 v000002b8922396b0_0;
    %nor/r;
    %flag_set/vec4 8;
    %jmp/0xz  T_206.0, 8;
    %pushi/vec4 0, 0, 8;
    %assign/vec4 v000002b892239430_0, 0;
    %pushi/vec4 0, 0, 8;
    %assign/vec4 v000002b892239a70_0, 0;
    %pushi/vec4 0, 0, 32;
    %assign/vec4 v000002b89223ab50_0, 0;
    %jmp T_206.1;
T_206.0 ;
    %load/vec4 v000002b89223aa10_0;
    %flag_set/vec4 8;
    %jmp/0xz  T_206.2, 8;
    %load/vec4 v000002b892239cf0_0;
    %assign/vec4 v000002b892239430_0, 0;
T_206.2 ;
    %load/vec4 v000002b89223ae70_0;
    %flag_set/vec4 8;
    %jmp/0xz  T_206.4, 8;
    %load/vec4 v000002b89223a8d0_0;
    %assign/vec4 v000002b892239a70_0, 0;
    %load/vec4 v000002b89223a970_0;
    %load/vec4 v000002b89223a8d0_0;
    %pad/s 32;
    %load/vec4 v000002b892239430_0;
    %pad/s 32;
    %mul;
    %add;
    %assign/vec4 v000002b89223ab50_0, 0;
T_206.4 ;
T_206.1 ;
    %jmp T_206;
    .thread T_206;
    .scope S_000002b892254cf0;
T_207 ;
    %wait E_000002b89208b550;
    %load/vec4 v000002b89223cef0_0;
    %nor/r;
    %flag_set/vec4 8;
    %jmp/0xz  T_207.0, 8;
    %pushi/vec4 0, 0, 8;
    %assign/vec4 v000002b89223bf50_0, 0;
    %pushi/vec4 0, 0, 8;
    %assign/vec4 v000002b892239f70_0, 0;
    %pushi/vec4 0, 0, 32;
    %assign/vec4 v000002b89223a010_0, 0;
    %jmp T_207.1;
T_207.0 ;
    %load/vec4 v000002b892239ed0_0;
    %flag_set/vec4 8;
    %jmp/0xz  T_207.2, 8;
    %load/vec4 v000002b892239e30_0;
    %assign/vec4 v000002b89223bf50_0, 0;
T_207.2 ;
    %load/vec4 v000002b892239930_0;
    %flag_set/vec4 8;
    %jmp/0xz  T_207.4, 8;
    %load/vec4 v000002b8922399d0_0;
    %assign/vec4 v000002b892239f70_0, 0;
    %load/vec4 v000002b892239d90_0;
    %load/vec4 v000002b8922399d0_0;
    %pad/s 32;
    %load/vec4 v000002b89223bf50_0;
    %pad/s 32;
    %mul;
    %add;
    %assign/vec4 v000002b89223a010_0, 0;
T_207.4 ;
T_207.1 ;
    %jmp T_207;
    .thread T_207;
    .scope S_000002b892255010;
T_208 ;
    %wait E_000002b89208b550;
    %load/vec4 v000002b89223b910_0;
    %nor/r;
    %flag_set/vec4 8;
    %jmp/0xz  T_208.0, 8;
    %pushi/vec4 0, 0, 8;
    %assign/vec4 v000002b89223c3b0_0, 0;
    %pushi/vec4 0, 0, 8;
    %assign/vec4 v000002b89223be10_0, 0;
    %pushi/vec4 0, 0, 32;
    %assign/vec4 v000002b89223d850_0, 0;
    %jmp T_208.1;
T_208.0 ;
    %load/vec4 v000002b89223bd70_0;
    %flag_set/vec4 8;
    %jmp/0xz  T_208.2, 8;
    %load/vec4 v000002b89223d5d0_0;
    %assign/vec4 v000002b89223c3b0_0, 0;
T_208.2 ;
    %load/vec4 v000002b89223d530_0;
    %flag_set/vec4 8;
    %jmp/0xz  T_208.4, 8;
    %load/vec4 v000002b89223d030_0;
    %assign/vec4 v000002b89223be10_0, 0;
    %load/vec4 v000002b89223db70_0;
    %load/vec4 v000002b89223d030_0;
    %pad/s 32;
    %load/vec4 v000002b89223c3b0_0;
    %pad/s 32;
    %mul;
    %add;
    %assign/vec4 v000002b89223d850_0, 0;
T_208.4 ;
T_208.1 ;
    %jmp T_208;
    .thread T_208;
    .scope S_000002b892255330;
T_209 ;
    %wait E_000002b89208b550;
    %load/vec4 v000002b89223d3f0_0;
    %nor/r;
    %flag_set/vec4 8;
    %jmp/0xz  T_209.0, 8;
    %pushi/vec4 0, 0, 8;
    %assign/vec4 v000002b89223c4f0_0, 0;
    %pushi/vec4 0, 0, 8;
    %assign/vec4 v000002b89223cbd0_0, 0;
    %pushi/vec4 0, 0, 32;
    %assign/vec4 v000002b89223dd50_0, 0;
    %jmp T_209.1;
T_209.0 ;
    %load/vec4 v000002b89223ca90_0;
    %flag_set/vec4 8;
    %jmp/0xz  T_209.2, 8;
    %load/vec4 v000002b89223dc10_0;
    %assign/vec4 v000002b89223c4f0_0, 0;
T_209.2 ;
    %load/vec4 v000002b89223bcd0_0;
    %flag_set/vec4 8;
    %jmp/0xz  T_209.4, 8;
    %load/vec4 v000002b89223df30_0;
    %assign/vec4 v000002b89223cbd0_0, 0;
    %load/vec4 v000002b89223bff0_0;
    %load/vec4 v000002b89223df30_0;
    %pad/s 32;
    %load/vec4 v000002b89223c4f0_0;
    %pad/s 32;
    %mul;
    %add;
    %assign/vec4 v000002b89223dd50_0, 0;
T_209.4 ;
T_209.1 ;
    %jmp T_209;
    .thread T_209;
    .scope S_000002b892254390;
T_210 ;
    %wait E_000002b89208b550;
    %load/vec4 v000002b89223d2b0_0;
    %nor/r;
    %flag_set/vec4 8;
    %jmp/0xz  T_210.0, 8;
    %pushi/vec4 0, 0, 8;
    %assign/vec4 v000002b89223c6d0_0, 0;
    %pushi/vec4 0, 0, 8;
    %assign/vec4 v000002b89223c810_0, 0;
    %pushi/vec4 0, 0, 32;
    %assign/vec4 v000002b89223cc70_0, 0;
    %jmp T_210.1;
T_210.0 ;
    %load/vec4 v000002b89223d710_0;
    %flag_set/vec4 8;
    %jmp/0xz  T_210.2, 8;
    %load/vec4 v000002b89223beb0_0;
    %assign/vec4 v000002b89223c6d0_0, 0;
T_210.2 ;
    %load/vec4 v000002b89223de90_0;
    %flag_set/vec4 8;
    %jmp/0xz  T_210.4, 8;
    %load/vec4 v000002b89223d170_0;
    %assign/vec4 v000002b89223c810_0, 0;
    %load/vec4 v000002b89223b9b0_0;
    %load/vec4 v000002b89223d170_0;
    %pad/s 32;
    %load/vec4 v000002b89223c6d0_0;
    %pad/s 32;
    %mul;
    %add;
    %assign/vec4 v000002b89223cc70_0, 0;
T_210.4 ;
T_210.1 ;
    %jmp T_210;
    .thread T_210;
    .scope S_000002b892256dc0;
T_211 ;
    %wait E_000002b89208b550;
    %load/vec4 v000002b89223e070_0;
    %nor/r;
    %flag_set/vec4 8;
    %jmp/0xz  T_211.0, 8;
    %pushi/vec4 0, 0, 8;
    %assign/vec4 v000002b89223d990_0, 0;
    %pushi/vec4 0, 0, 8;
    %assign/vec4 v000002b89223d670_0, 0;
    %pushi/vec4 0, 0, 32;
    %assign/vec4 v000002b89223d7b0_0, 0;
    %jmp T_211.1;
T_211.0 ;
    %load/vec4 v000002b89223d0d0_0;
    %flag_set/vec4 8;
    %jmp/0xz  T_211.2, 8;
    %load/vec4 v000002b89223dcb0_0;
    %assign/vec4 v000002b89223d990_0, 0;
T_211.2 ;
    %load/vec4 v000002b89223dfd0_0;
    %flag_set/vec4 8;
    %jmp/0xz  T_211.4, 8;
    %load/vec4 v000002b89223da30_0;
    %assign/vec4 v000002b89223d670_0, 0;
    %load/vec4 v000002b89223c8b0_0;
    %load/vec4 v000002b89223da30_0;
    %pad/s 32;
    %load/vec4 v000002b89223d990_0;
    %pad/s 32;
    %mul;
    %add;
    %assign/vec4 v000002b89223d7b0_0, 0;
T_211.4 ;
T_211.1 ;
    %jmp T_211;
    .thread T_211;
    .scope S_000002b892255c90;
T_212 ;
    %wait E_000002b89208b550;
    %load/vec4 v000002b89223f6f0_0;
    %nor/r;
    %flag_set/vec4 8;
    %jmp/0xz  T_212.0, 8;
    %pushi/vec4 0, 0, 8;
    %assign/vec4 v000002b89223e750_0, 0;
    %pushi/vec4 0, 0, 8;
    %assign/vec4 v000002b89223f650_0, 0;
    %pushi/vec4 0, 0, 32;
    %assign/vec4 v000002b89223f150_0, 0;
    %jmp T_212.1;
T_212.0 ;
    %load/vec4 v000002b89223ea70_0;
    %flag_set/vec4 8;
    %jmp/0xz  T_212.2, 8;
    %load/vec4 v000002b89223e4d0_0;
    %assign/vec4 v000002b89223e750_0, 0;
T_212.2 ;
    %load/vec4 v000002b89223f330_0;
    %flag_set/vec4 8;
    %jmp/0xz  T_212.4, 8;
    %load/vec4 v000002b89223e110_0;
    %assign/vec4 v000002b89223f650_0, 0;
    %load/vec4 v000002b89223e7f0_0;
    %load/vec4 v000002b89223e110_0;
    %pad/s 32;
    %load/vec4 v000002b89223e750_0;
    %pad/s 32;
    %mul;
    %add;
    %assign/vec4 v000002b89223f150_0, 0;
T_212.4 ;
T_212.1 ;
    %jmp T_212;
    .thread T_212;
    .scope S_000002b892256780;
T_213 ;
    %wait E_000002b89208b550;
    %load/vec4 v000002b89223fe70_0;
    %nor/r;
    %flag_set/vec4 8;
    %jmp/0xz  T_213.0, 8;
    %pushi/vec4 0, 0, 8;
    %assign/vec4 v000002b8922400f0_0, 0;
    %pushi/vec4 0, 0, 8;
    %assign/vec4 v000002b89223e610_0, 0;
    %pushi/vec4 0, 0, 32;
    %assign/vec4 v000002b89223ecf0_0, 0;
    %jmp T_213.1;
T_213.0 ;
    %load/vec4 v000002b89223e570_0;
    %flag_set/vec4 8;
    %jmp/0xz  T_213.2, 8;
    %load/vec4 v000002b89223ed90_0;
    %assign/vec4 v000002b8922400f0_0, 0;
T_213.2 ;
    %load/vec4 v000002b89223fd30_0;
    %flag_set/vec4 8;
    %jmp/0xz  T_213.4, 8;
    %load/vec4 v000002b89223e890_0;
    %assign/vec4 v000002b89223e610_0, 0;
    %load/vec4 v000002b8922405f0_0;
    %load/vec4 v000002b89223e890_0;
    %pad/s 32;
    %load/vec4 v000002b8922400f0_0;
    %pad/s 32;
    %mul;
    %add;
    %assign/vec4 v000002b89223ecf0_0, 0;
T_213.4 ;
T_213.1 ;
    %jmp T_213;
    .thread T_213;
    .scope S_000002b892256140;
T_214 ;
    %wait E_000002b89208b550;
    %load/vec4 v000002b89223fdd0_0;
    %nor/r;
    %flag_set/vec4 8;
    %jmp/0xz  T_214.0, 8;
    %pushi/vec4 0, 0, 8;
    %assign/vec4 v000002b89223eed0_0, 0;
    %pushi/vec4 0, 0, 8;
    %assign/vec4 v000002b89223e1b0_0, 0;
    %pushi/vec4 0, 0, 32;
    %assign/vec4 v000002b89223f8d0_0, 0;
    %jmp T_214.1;
T_214.0 ;
    %load/vec4 v000002b89223ebb0_0;
    %flag_set/vec4 8;
    %jmp/0xz  T_214.2, 8;
    %load/vec4 v000002b89223ee30_0;
    %assign/vec4 v000002b89223eed0_0, 0;
T_214.2 ;
    %load/vec4 v000002b89223f510_0;
    %flag_set/vec4 8;
    %jmp/0xz  T_214.4, 8;
    %load/vec4 v000002b892240230_0;
    %assign/vec4 v000002b89223e1b0_0, 0;
    %load/vec4 v000002b892240690_0;
    %load/vec4 v000002b892240230_0;
    %pad/s 32;
    %load/vec4 v000002b89223eed0_0;
    %pad/s 32;
    %mul;
    %add;
    %assign/vec4 v000002b89223f8d0_0, 0;
T_214.4 ;
T_214.1 ;
    %jmp T_214;
    .thread T_214;
    .scope S_000002b89225d4e0;
T_215 ;
    %wait E_000002b89208b550;
    %load/vec4 v000002b89223e930_0;
    %nor/r;
    %flag_set/vec4 8;
    %jmp/0xz  T_215.0, 8;
    %pushi/vec4 0, 0, 8;
    %assign/vec4 v000002b89223fc90_0, 0;
    %pushi/vec4 0, 0, 8;
    %assign/vec4 v000002b89223fbf0_0, 0;
    %pushi/vec4 0, 0, 32;
    %assign/vec4 v000002b89223ffb0_0, 0;
    %jmp T_215.1;
T_215.0 ;
    %load/vec4 v000002b89223e6b0_0;
    %flag_set/vec4 8;
    %jmp/0xz  T_215.2, 8;
    %load/vec4 v000002b89223fb50_0;
    %assign/vec4 v000002b89223fc90_0, 0;
T_215.2 ;
    %load/vec4 v000002b8922404b0_0;
    %flag_set/vec4 8;
    %jmp/0xz  T_215.4, 8;
    %load/vec4 v000002b89223fab0_0;
    %assign/vec4 v000002b89223fbf0_0, 0;
    %load/vec4 v000002b89223e430_0;
    %load/vec4 v000002b89223fab0_0;
    %pad/s 32;
    %load/vec4 v000002b89223fc90_0;
    %pad/s 32;
    %mul;
    %add;
    %assign/vec4 v000002b89223ffb0_0, 0;
T_215.4 ;
T_215.1 ;
    %jmp T_215;
    .thread T_215;
    .scope S_000002b89225f8d0;
T_216 ;
    %wait E_000002b89208b550;
    %load/vec4 v000002b892242f30_0;
    %nor/r;
    %flag_set/vec4 8;
    %jmp/0xz  T_216.0, 8;
    %pushi/vec4 0, 0, 8;
    %assign/vec4 v000002b892242a30_0, 0;
    %pushi/vec4 0, 0, 8;
    %assign/vec4 v000002b892240910_0, 0;
    %pushi/vec4 0, 0, 32;
    %assign/vec4 v000002b892240c30_0, 0;
    %jmp T_216.1;
T_216.0 ;
    %load/vec4 v000002b892240a50_0;
    %flag_set/vec4 8;
    %jmp/0xz  T_216.2, 8;
    %load/vec4 v000002b892242df0_0;
    %assign/vec4 v000002b892242a30_0, 0;
T_216.2 ;
    %load/vec4 v000002b8922411d0_0;
    %flag_set/vec4 8;
    %jmp/0xz  T_216.4, 8;
    %load/vec4 v000002b892241bd0_0;
    %assign/vec4 v000002b892240910_0, 0;
    %load/vec4 v000002b892242d50_0;
    %load/vec4 v000002b892241bd0_0;
    %pad/s 32;
    %load/vec4 v000002b892242a30_0;
    %pad/s 32;
    %mul;
    %add;
    %assign/vec4 v000002b892240c30_0, 0;
T_216.4 ;
T_216.1 ;
    %jmp T_216;
    .thread T_216;
    .scope S_000002b8922606e0;
T_217 ;
    %wait E_000002b89208b550;
    %load/vec4 v000002b892241590_0;
    %nor/r;
    %flag_set/vec4 8;
    %jmp/0xz  T_217.0, 8;
    %pushi/vec4 0, 0, 8;
    %assign/vec4 v000002b892242850_0, 0;
    %pushi/vec4 0, 0, 8;
    %assign/vec4 v000002b8922418b0_0, 0;
    %pushi/vec4 0, 0, 32;
    %assign/vec4 v000002b892242c10_0, 0;
    %jmp T_217.1;
T_217.0 ;
    %load/vec4 v000002b892242530_0;
    %flag_set/vec4 8;
    %jmp/0xz  T_217.2, 8;
    %load/vec4 v000002b892243070_0;
    %assign/vec4 v000002b892242850_0, 0;
T_217.2 ;
    %load/vec4 v000002b892241e50_0;
    %flag_set/vec4 8;
    %jmp/0xz  T_217.4, 8;
    %load/vec4 v000002b892242fd0_0;
    %assign/vec4 v000002b8922418b0_0, 0;
    %load/vec4 v000002b892241d10_0;
    %load/vec4 v000002b892242fd0_0;
    %pad/s 32;
    %load/vec4 v000002b892242850_0;
    %pad/s 32;
    %mul;
    %add;
    %assign/vec4 v000002b892242c10_0, 0;
T_217.4 ;
T_217.1 ;
    %jmp T_217;
    .thread T_217;
    .scope S_000002b8922614f0;
T_218 ;
    %wait E_000002b89208b550;
    %load/vec4 v000002b892240b90_0;
    %nor/r;
    %flag_set/vec4 8;
    %jmp/0xz  T_218.0, 8;
    %pushi/vec4 0, 0, 8;
    %assign/vec4 v000002b892242cb0_0, 0;
    %pushi/vec4 0, 0, 8;
    %assign/vec4 v000002b892241450_0, 0;
    %pushi/vec4 0, 0, 32;
    %assign/vec4 v000002b892240ff0_0, 0;
    %jmp T_218.1;
T_218.0 ;
    %load/vec4 v000002b892241ef0_0;
    %flag_set/vec4 8;
    %jmp/0xz  T_218.2, 8;
    %load/vec4 v000002b892242990_0;
    %assign/vec4 v000002b892242cb0_0, 0;
T_218.2 ;
    %load/vec4 v000002b892240af0_0;
    %flag_set/vec4 8;
    %jmp/0xz  T_218.4, 8;
    %load/vec4 v000002b8922419f0_0;
    %assign/vec4 v000002b892241450_0, 0;
    %load/vec4 v000002b8922425d0_0;
    %load/vec4 v000002b8922419f0_0;
    %pad/s 32;
    %load/vec4 v000002b892242cb0_0;
    %pad/s 32;
    %mul;
    %add;
    %assign/vec4 v000002b892240ff0_0, 0;
T_218.4 ;
T_218.1 ;
    %jmp T_218;
    .thread T_218;
    .scope S_000002b89225ec50;
T_219 ;
    %wait E_000002b89208b550;
    %load/vec4 v000002b8922416d0_0;
    %nor/r;
    %flag_set/vec4 8;
    %jmp/0xz  T_219.0, 8;
    %pushi/vec4 0, 0, 8;
    %assign/vec4 v000002b892242210_0, 0;
    %pushi/vec4 0, 0, 8;
    %assign/vec4 v000002b892241310_0, 0;
    %pushi/vec4 0, 0, 32;
    %assign/vec4 v000002b892242170_0, 0;
    %jmp T_219.1;
T_219.0 ;
    %load/vec4 v000002b892241270_0;
    %flag_set/vec4 8;
    %jmp/0xz  T_219.2, 8;
    %load/vec4 v000002b892240eb0_0;
    %assign/vec4 v000002b892242210_0, 0;
T_219.2 ;
    %load/vec4 v000002b892242030_0;
    %flag_set/vec4 8;
    %jmp/0xz  T_219.4, 8;
    %load/vec4 v000002b892240e10_0;
    %assign/vec4 v000002b892241310_0, 0;
    %load/vec4 v000002b892241090_0;
    %load/vec4 v000002b892240e10_0;
    %pad/s 32;
    %load/vec4 v000002b892242210_0;
    %pad/s 32;
    %mul;
    %add;
    %assign/vec4 v000002b892242170_0, 0;
T_219.4 ;
T_219.1 ;
    %jmp T_219;
    .thread T_219;
    .scope S_000002b8922603c0;
T_220 ;
    %wait E_000002b89208b550;
    %load/vec4 v000002b892244f10_0;
    %nor/r;
    %flag_set/vec4 8;
    %jmp/0xz  T_220.0, 8;
    %pushi/vec4 0, 0, 8;
    %assign/vec4 v000002b892243110_0, 0;
    %pushi/vec4 0, 0, 8;
    %assign/vec4 v000002b892244790_0, 0;
    %pushi/vec4 0, 0, 32;
    %assign/vec4 v000002b892244a10_0, 0;
    %jmp T_220.1;
T_220.0 ;
    %load/vec4 v000002b8922446f0_0;
    %flag_set/vec4 8;
    %jmp/0xz  T_220.2, 8;
    %load/vec4 v000002b8922427b0_0;
    %assign/vec4 v000002b892243110_0, 0;
T_220.2 ;
    %load/vec4 v000002b8922422b0_0;
    %flag_set/vec4 8;
    %jmp/0xz  T_220.4, 8;
    %load/vec4 v000002b892242350_0;
    %assign/vec4 v000002b892244790_0, 0;
    %load/vec4 v000002b892242710_0;
    %load/vec4 v000002b892242350_0;
    %pad/s 32;
    %load/vec4 v000002b892243110_0;
    %pad/s 32;
    %mul;
    %add;
    %assign/vec4 v000002b892244a10_0, 0;
T_220.4 ;
T_220.1 ;
    %jmp T_220;
    .thread T_220;
    .scope S_000002b89225d670;
T_221 ;
    %wait E_000002b89208b550;
    %load/vec4 v000002b8922450f0_0;
    %nor/r;
    %flag_set/vec4 8;
    %jmp/0xz  T_221.0, 8;
    %pushi/vec4 0, 0, 8;
    %assign/vec4 v000002b892243a70_0, 0;
    %pushi/vec4 0, 0, 8;
    %assign/vec4 v000002b892245410_0, 0;
    %pushi/vec4 0, 0, 32;
    %assign/vec4 v000002b8922439d0_0, 0;
    %jmp T_221.1;
T_221.0 ;
    %load/vec4 v000002b892244bf0_0;
    %flag_set/vec4 8;
    %jmp/0xz  T_221.2, 8;
    %load/vec4 v000002b892245050_0;
    %assign/vec4 v000002b892243a70_0, 0;
T_221.2 ;
    %load/vec4 v000002b892243cf0_0;
    %flag_set/vec4 8;
    %jmp/0xz  T_221.4, 8;
    %load/vec4 v000002b8922454b0_0;
    %assign/vec4 v000002b892245410_0, 0;
    %load/vec4 v000002b892243570_0;
    %load/vec4 v000002b8922454b0_0;
    %pad/s 32;
    %load/vec4 v000002b892243a70_0;
    %pad/s 32;
    %mul;
    %add;
    %assign/vec4 v000002b8922439d0_0, 0;
T_221.4 ;
T_221.1 ;
    %jmp T_221;
    .thread T_221;
    .scope S_000002b892260d20;
T_222 ;
    %wait E_000002b89208b550;
    %load/vec4 v000002b892244330_0;
    %nor/r;
    %flag_set/vec4 8;
    %jmp/0xz  T_222.0, 8;
    %pushi/vec4 0, 0, 8;
    %assign/vec4 v000002b8922431b0_0, 0;
    %pushi/vec4 0, 0, 8;
    %assign/vec4 v000002b8922452d0_0, 0;
    %pushi/vec4 0, 0, 32;
    %assign/vec4 v000002b892244150_0, 0;
    %jmp T_222.1;
T_222.0 ;
    %load/vec4 v000002b8922440b0_0;
    %flag_set/vec4 8;
    %jmp/0xz  T_222.2, 8;
    %load/vec4 v000002b892244970_0;
    %assign/vec4 v000002b8922431b0_0, 0;
T_222.2 ;
    %load/vec4 v000002b8922436b0_0;
    %flag_set/vec4 8;
    %jmp/0xz  T_222.4, 8;
    %load/vec4 v000002b8922448d0_0;
    %assign/vec4 v000002b8922452d0_0, 0;
    %load/vec4 v000002b892245230_0;
    %load/vec4 v000002b8922448d0_0;
    %pad/s 32;
    %load/vec4 v000002b8922431b0_0;
    %pad/s 32;
    %mul;
    %add;
    %assign/vec4 v000002b892244150_0, 0;
T_222.4 ;
T_222.1 ;
    %jmp T_222;
    .thread T_222;
    .scope S_000002b892261040;
T_223 ;
    %wait E_000002b89208b550;
    %load/vec4 v000002b892243b10_0;
    %nor/r;
    %flag_set/vec4 8;
    %jmp/0xz  T_223.0, 8;
    %pushi/vec4 0, 0, 8;
    %assign/vec4 v000002b892243890_0, 0;
    %pushi/vec4 0, 0, 8;
    %assign/vec4 v000002b892244470_0, 0;
    %pushi/vec4 0, 0, 32;
    %assign/vec4 v000002b892243390_0, 0;
    %jmp T_223.1;
T_223.0 ;
    %load/vec4 v000002b8922437f0_0;
    %flag_set/vec4 8;
    %jmp/0xz  T_223.2, 8;
    %load/vec4 v000002b892243750_0;
    %assign/vec4 v000002b892243890_0, 0;
T_223.2 ;
    %load/vec4 v000002b892245690_0;
    %flag_set/vec4 8;
    %jmp/0xz  T_223.4, 8;
    %load/vec4 v000002b8922443d0_0;
    %assign/vec4 v000002b892244470_0, 0;
    %load/vec4 v000002b8922457d0_0;
    %load/vec4 v000002b8922443d0_0;
    %pad/s 32;
    %load/vec4 v000002b892243890_0;
    %pad/s 32;
    %mul;
    %add;
    %assign/vec4 v000002b892243390_0, 0;
T_223.4 ;
T_223.1 ;
    %jmp T_223;
    .thread T_223;
    .scope S_000002b89225f5b0;
T_224 ;
    %wait E_000002b89208b550;
    %load/vec4 v000002b892245910_0;
    %nor/r;
    %flag_set/vec4 8;
    %jmp/0xz  T_224.0, 8;
    %pushi/vec4 0, 0, 8;
    %assign/vec4 v000002b892244e70_0, 0;
    %pushi/vec4 0, 0, 8;
    %assign/vec4 v000002b892244d30_0, 0;
    %pushi/vec4 0, 0, 32;
    %assign/vec4 v000002b892244dd0_0, 0;
    %jmp T_224.1;
T_224.0 ;
    %load/vec4 v000002b892244c90_0;
    %flag_set/vec4 8;
    %jmp/0xz  T_224.2, 8;
    %load/vec4 v000002b892244b50_0;
    %assign/vec4 v000002b892244e70_0, 0;
T_224.2 ;
    %load/vec4 v000002b892243ed0_0;
    %flag_set/vec4 8;
    %jmp/0xz  T_224.4, 8;
    %load/vec4 v000002b892244830_0;
    %assign/vec4 v000002b892244d30_0, 0;
    %load/vec4 v000002b892244ab0_0;
    %load/vec4 v000002b892244830_0;
    %pad/s 32;
    %load/vec4 v000002b892244e70_0;
    %pad/s 32;
    %mul;
    %add;
    %assign/vec4 v000002b892244dd0_0, 0;
T_224.4 ;
T_224.1 ;
    %jmp T_224;
    .thread T_224;
    .scope S_000002b89225f100;
T_225 ;
    %wait E_000002b89208b550;
    %load/vec4 v000002b892247210_0;
    %nor/r;
    %flag_set/vec4 8;
    %jmp/0xz  T_225.0, 8;
    %pushi/vec4 0, 0, 8;
    %assign/vec4 v000002b892247d50_0, 0;
    %pushi/vec4 0, 0, 8;
    %assign/vec4 v000002b892247710_0, 0;
    %pushi/vec4 0, 0, 32;
    %assign/vec4 v000002b8922470d0_0, 0;
    %jmp T_225.1;
T_225.0 ;
    %load/vec4 v000002b892246a90_0;
    %flag_set/vec4 8;
    %jmp/0xz  T_225.2, 8;
    %load/vec4 v000002b8922475d0_0;
    %assign/vec4 v000002b892247d50_0, 0;
T_225.2 ;
    %load/vec4 v000002b892245a50_0;
    %flag_set/vec4 8;
    %jmp/0xz  T_225.4, 8;
    %load/vec4 v000002b892246310_0;
    %assign/vec4 v000002b892247710_0, 0;
    %load/vec4 v000002b8922463b0_0;
    %load/vec4 v000002b892246310_0;
    %pad/s 32;
    %load/vec4 v000002b892247d50_0;
    %pad/s 32;
    %mul;
    %add;
    %assign/vec4 v000002b8922470d0_0, 0;
T_225.4 ;
T_225.1 ;
    %jmp T_225;
    .thread T_225;
    .scope S_000002b892261fe0;
T_226 ;
    %wait E_000002b89208b550;
    %load/vec4 v000002b8922469f0_0;
    %nor/r;
    %flag_set/vec4 8;
    %jmp/0xz  T_226.0, 8;
    %pushi/vec4 0, 0, 8;
    %assign/vec4 v000002b892247b70_0, 0;
    %pushi/vec4 0, 0, 8;
    %assign/vec4 v000002b892247990_0, 0;
    %pushi/vec4 0, 0, 32;
    %assign/vec4 v000002b892245ff0_0, 0;
    %jmp T_226.1;
T_226.0 ;
    %load/vec4 v000002b892247df0_0;
    %flag_set/vec4 8;
    %jmp/0xz  T_226.2, 8;
    %load/vec4 v000002b8922464f0_0;
    %assign/vec4 v000002b892247b70_0, 0;
T_226.2 ;
    %load/vec4 v000002b8922477b0_0;
    %flag_set/vec4 8;
    %jmp/0xz  T_226.4, 8;
    %load/vec4 v000002b892246130_0;
    %assign/vec4 v000002b892247990_0, 0;
    %load/vec4 v000002b892247350_0;
    %load/vec4 v000002b892246130_0;
    %pad/s 32;
    %load/vec4 v000002b892247b70_0;
    %pad/s 32;
    %mul;
    %add;
    %assign/vec4 v000002b892245ff0_0, 0;
T_226.4 ;
T_226.1 ;
    %jmp T_226;
    .thread T_226;
    .scope S_000002b892262490;
T_227 ;
    %wait E_000002b89208b550;
    %load/vec4 v000002b892247ad0_0;
    %nor/r;
    %flag_set/vec4 8;
    %jmp/0xz  T_227.0, 8;
    %pushi/vec4 0, 0, 8;
    %assign/vec4 v000002b892246950_0, 0;
    %pushi/vec4 0, 0, 8;
    %assign/vec4 v000002b8922473f0_0, 0;
    %pushi/vec4 0, 0, 32;
    %assign/vec4 v000002b892245f50_0, 0;
    %jmp T_227.1;
T_227.0 ;
    %load/vec4 v000002b892247e90_0;
    %flag_set/vec4 8;
    %jmp/0xz  T_227.2, 8;
    %load/vec4 v000002b892247c10_0;
    %assign/vec4 v000002b892246950_0, 0;
T_227.2 ;
    %load/vec4 v000002b892246770_0;
    %flag_set/vec4 8;
    %jmp/0xz  T_227.4, 8;
    %load/vec4 v000002b892246d10_0;
    %assign/vec4 v000002b8922473f0_0, 0;
    %load/vec4 v000002b892246bd0_0;
    %load/vec4 v000002b892246d10_0;
    %pad/s 32;
    %load/vec4 v000002b892246950_0;
    %pad/s 32;
    %mul;
    %add;
    %assign/vec4 v000002b892245f50_0, 0;
T_227.4 ;
T_227.1 ;
    %jmp T_227;
    .thread T_227;
    .scope S_000002b892262ad0;
T_228 ;
    %wait E_000002b89208b550;
    %load/vec4 v000002b892245eb0_0;
    %nor/r;
    %flag_set/vec4 8;
    %jmp/0xz  T_228.0, 8;
    %pushi/vec4 0, 0, 8;
    %assign/vec4 v000002b892246e50_0, 0;
    %pushi/vec4 0, 0, 8;
    %assign/vec4 v000002b892245e10_0, 0;
    %pushi/vec4 0, 0, 32;
    %assign/vec4 v000002b892246f90_0, 0;
    %jmp T_228.1;
T_228.0 ;
    %load/vec4 v000002b892245d70_0;
    %flag_set/vec4 8;
    %jmp/0xz  T_228.2, 8;
    %load/vec4 v000002b892245cd0_0;
    %assign/vec4 v000002b892246e50_0, 0;
T_228.2 ;
    %load/vec4 v000002b892246810_0;
    %flag_set/vec4 8;
    %jmp/0xz  T_228.4, 8;
    %load/vec4 v000002b892247fd0_0;
    %assign/vec4 v000002b892245e10_0, 0;
    %load/vec4 v000002b892248070_0;
    %load/vec4 v000002b892247fd0_0;
    %pad/s 32;
    %load/vec4 v000002b892246e50_0;
    %pad/s 32;
    %mul;
    %add;
    %assign/vec4 v000002b892246f90_0, 0;
T_228.4 ;
T_228.1 ;
    %jmp T_228;
    .thread T_228;
    .scope S_000002b892262f80;
T_229 ;
    %wait E_000002b89208b550;
    %load/vec4 v000002b8922496f0_0;
    %nor/r;
    %flag_set/vec4 8;
    %jmp/0xz  T_229.0, 8;
    %pushi/vec4 0, 0, 8;
    %assign/vec4 v000002b89224a0f0_0, 0;
    %pushi/vec4 0, 0, 8;
    %assign/vec4 v000002b8922482f0_0, 0;
    %pushi/vec4 0, 0, 32;
    %assign/vec4 v000002b892249d30_0, 0;
    %jmp T_229.1;
T_229.0 ;
    %load/vec4 v000002b892248110_0;
    %flag_set/vec4 8;
    %jmp/0xz  T_229.2, 8;
    %load/vec4 v000002b892248bb0_0;
    %assign/vec4 v000002b89224a0f0_0, 0;
T_229.2 ;
    %load/vec4 v000002b892248e30_0;
    %flag_set/vec4 8;
    %jmp/0xz  T_229.4, 8;
    %load/vec4 v000002b892249b50_0;
    %assign/vec4 v000002b8922482f0_0, 0;
    %load/vec4 v000002b89224a050_0;
    %load/vec4 v000002b892249b50_0;
    %pad/s 32;
    %load/vec4 v000002b89224a0f0_0;
    %pad/s 32;
    %mul;
    %add;
    %assign/vec4 v000002b892249d30_0, 0;
T_229.4 ;
T_229.1 ;
    %jmp T_229;
    .thread T_229;
    .scope S_000002b8922635c0;
T_230 ;
    %wait E_000002b89208b550;
    %load/vec4 v000002b892249010_0;
    %nor/r;
    %flag_set/vec4 8;
    %jmp/0xz  T_230.0, 8;
    %pushi/vec4 0, 0, 8;
    %assign/vec4 v000002b89224a550_0, 0;
    %pushi/vec4 0, 0, 8;
    %assign/vec4 v000002b892249470_0, 0;
    %pushi/vec4 0, 0, 32;
    %assign/vec4 v000002b8922493d0_0, 0;
    %jmp T_230.1;
T_230.0 ;
    %load/vec4 v000002b892249fb0_0;
    %flag_set/vec4 8;
    %jmp/0xz  T_230.2, 8;
    %load/vec4 v000002b8922487f0_0;
    %assign/vec4 v000002b89224a550_0, 0;
T_230.2 ;
    %load/vec4 v000002b892248a70_0;
    %flag_set/vec4 8;
    %jmp/0xz  T_230.4, 8;
    %load/vec4 v000002b892249f10_0;
    %assign/vec4 v000002b892249470_0, 0;
    %load/vec4 v000002b89224a230_0;
    %load/vec4 v000002b892249f10_0;
    %pad/s 32;
    %load/vec4 v000002b89224a550_0;
    %pad/s 32;
    %mul;
    %add;
    %assign/vec4 v000002b8922493d0_0, 0;
T_230.4 ;
T_230.1 ;
    %jmp T_230;
    .thread T_230;
    .scope S_000002b892265500;
T_231 ;
    %wait E_000002b89208b550;
    %load/vec4 v000002b892249150_0;
    %nor/r;
    %flag_set/vec4 8;
    %jmp/0xz  T_231.0, 8;
    %pushi/vec4 0, 0, 8;
    %assign/vec4 v000002b892248ed0_0, 0;
    %pushi/vec4 0, 0, 8;
    %assign/vec4 v000002b8922490b0_0, 0;
    %pushi/vec4 0, 0, 32;
    %assign/vec4 v000002b89224a4b0_0, 0;
    %jmp T_231.1;
T_231.0 ;
    %load/vec4 v000002b892248430_0;
    %flag_set/vec4 8;
    %jmp/0xz  T_231.2, 8;
    %load/vec4 v000002b892248750_0;
    %assign/vec4 v000002b892248ed0_0, 0;
T_231.2 ;
    %load/vec4 v000002b89224a370_0;
    %flag_set/vec4 8;
    %jmp/0xz  T_231.4, 8;
    %load/vec4 v000002b89224a410_0;
    %assign/vec4 v000002b8922490b0_0, 0;
    %load/vec4 v000002b892249970_0;
    %load/vec4 v000002b89224a410_0;
    %pad/s 32;
    %load/vec4 v000002b892248ed0_0;
    %pad/s 32;
    %mul;
    %add;
    %assign/vec4 v000002b89224a4b0_0, 0;
T_231.4 ;
T_231.1 ;
    %jmp T_231;
    .thread T_231;
    .scope S_000002b8922667c0;
T_232 ;
    %wait E_000002b89208b550;
    %load/vec4 v000002b892248890_0;
    %nor/r;
    %flag_set/vec4 8;
    %jmp/0xz  T_232.0, 8;
    %pushi/vec4 0, 0, 8;
    %assign/vec4 v000002b892249c90_0, 0;
    %pushi/vec4 0, 0, 8;
    %assign/vec4 v000002b8922491f0_0, 0;
    %pushi/vec4 0, 0, 32;
    %assign/vec4 v000002b8922495b0_0, 0;
    %jmp T_232.1;
T_232.0 ;
    %load/vec4 v000002b8922484d0_0;
    %flag_set/vec4 8;
    %jmp/0xz  T_232.2, 8;
    %load/vec4 v000002b892249790_0;
    %assign/vec4 v000002b892249c90_0, 0;
T_232.2 ;
    %load/vec4 v000002b89224a730_0;
    %flag_set/vec4 8;
    %jmp/0xz  T_232.4, 8;
    %load/vec4 v000002b892248390_0;
    %assign/vec4 v000002b8922491f0_0, 0;
    %load/vec4 v000002b89224a870_0;
    %load/vec4 v000002b892248390_0;
    %pad/s 32;
    %load/vec4 v000002b892249c90_0;
    %pad/s 32;
    %mul;
    %add;
    %assign/vec4 v000002b8922495b0_0, 0;
T_232.4 ;
T_232.1 ;
    %jmp T_232;
    .thread T_232;
    .scope S_000002b892265ff0;
T_233 ;
    %wait E_000002b89208b550;
    %load/vec4 v000002b89224b4f0_0;
    %nor/r;
    %flag_set/vec4 8;
    %jmp/0xz  T_233.0, 8;
    %pushi/vec4 0, 0, 8;
    %assign/vec4 v000002b89224bd10_0, 0;
    %pushi/vec4 0, 0, 8;
    %assign/vec4 v000002b89224bdb0_0, 0;
    %pushi/vec4 0, 0, 32;
    %assign/vec4 v000002b89224b450_0, 0;
    %jmp T_233.1;
T_233.0 ;
    %load/vec4 v000002b89224b270_0;
    %flag_set/vec4 8;
    %jmp/0xz  T_233.2, 8;
    %load/vec4 v000002b89224c530_0;
    %assign/vec4 v000002b89224bd10_0, 0;
T_233.2 ;
    %load/vec4 v000002b892249ab0_0;
    %flag_set/vec4 8;
    %jmp/0xz  T_233.4, 8;
    %load/vec4 v000002b89224b590_0;
    %assign/vec4 v000002b89224bdb0_0, 0;
    %load/vec4 v000002b89224aaf0_0;
    %load/vec4 v000002b89224b590_0;
    %pad/s 32;
    %load/vec4 v000002b89224bd10_0;
    %pad/s 32;
    %mul;
    %add;
    %assign/vec4 v000002b89224b450_0, 0;
T_233.4 ;
T_233.1 ;
    %jmp T_233;
    .thread T_233;
    .scope S_000002b892266950;
T_234 ;
    %wait E_000002b89208b550;
    %load/vec4 v000002b89224c350_0;
    %nor/r;
    %flag_set/vec4 8;
    %jmp/0xz  T_234.0, 8;
    %pushi/vec4 0, 0, 8;
    %assign/vec4 v000002b89224be50_0, 0;
    %pushi/vec4 0, 0, 8;
    %assign/vec4 v000002b89224c5d0_0, 0;
    %pushi/vec4 0, 0, 32;
    %assign/vec4 v000002b89224c8f0_0, 0;
    %jmp T_234.1;
T_234.0 ;
    %load/vec4 v000002b89224cdf0_0;
    %flag_set/vec4 8;
    %jmp/0xz  T_234.2, 8;
    %load/vec4 v000002b89224a9b0_0;
    %assign/vec4 v000002b89224be50_0, 0;
T_234.2 ;
    %load/vec4 v000002b89224ae10_0;
    %flag_set/vec4 8;
    %jmp/0xz  T_234.4, 8;
    %load/vec4 v000002b89224cfd0_0;
    %assign/vec4 v000002b89224c5d0_0, 0;
    %load/vec4 v000002b89224b3b0_0;
    %load/vec4 v000002b89224cfd0_0;
    %pad/s 32;
    %load/vec4 v000002b89224be50_0;
    %pad/s 32;
    %mul;
    %add;
    %assign/vec4 v000002b89224c8f0_0, 0;
T_234.4 ;
T_234.1 ;
    %jmp T_234;
    .thread T_234;
    .scope S_000002b892266ae0;
T_235 ;
    %wait E_000002b89208b550;
    %load/vec4 v000002b89224acd0_0;
    %nor/r;
    %flag_set/vec4 8;
    %jmp/0xz  T_235.0, 8;
    %pushi/vec4 0, 0, 8;
    %assign/vec4 v000002b89224b950_0, 0;
    %pushi/vec4 0, 0, 8;
    %assign/vec4 v000002b89224ce90_0, 0;
    %pushi/vec4 0, 0, 32;
    %assign/vec4 v000002b89224cad0_0, 0;
    %jmp T_235.1;
T_235.0 ;
    %load/vec4 v000002b89224c170_0;
    %flag_set/vec4 8;
    %jmp/0xz  T_235.2, 8;
    %load/vec4 v000002b89224b8b0_0;
    %assign/vec4 v000002b89224b950_0, 0;
T_235.2 ;
    %load/vec4 v000002b89224b810_0;
    %flag_set/vec4 8;
    %jmp/0xz  T_235.4, 8;
    %load/vec4 v000002b89224c710_0;
    %assign/vec4 v000002b89224ce90_0, 0;
    %load/vec4 v000002b89224b770_0;
    %load/vec4 v000002b89224c710_0;
    %pad/s 32;
    %load/vec4 v000002b89224b950_0;
    %pad/s 32;
    %mul;
    %add;
    %assign/vec4 v000002b89224cad0_0, 0;
T_235.4 ;
T_235.1 ;
    %jmp T_235;
    .thread T_235;
    .scope S_000002b892266630;
T_236 ;
    %wait E_000002b89208b550;
    %load/vec4 v000002b89224cb70_0;
    %nor/r;
    %flag_set/vec4 8;
    %jmp/0xz  T_236.0, 8;
    %pushi/vec4 0, 0, 8;
    %assign/vec4 v000002b89224cd50_0, 0;
    %pushi/vec4 0, 0, 8;
    %assign/vec4 v000002b89224c990_0, 0;
    %pushi/vec4 0, 0, 32;
    %assign/vec4 v000002b89224c490_0, 0;
    %jmp T_236.1;
T_236.0 ;
    %load/vec4 v000002b89224c210_0;
    %flag_set/vec4 8;
    %jmp/0xz  T_236.2, 8;
    %load/vec4 v000002b89224c7b0_0;
    %assign/vec4 v000002b89224cd50_0, 0;
T_236.2 ;
    %load/vec4 v000002b89224a910_0;
    %flag_set/vec4 8;
    %jmp/0xz  T_236.4, 8;
    %load/vec4 v000002b89224bbd0_0;
    %assign/vec4 v000002b89224c990_0, 0;
    %load/vec4 v000002b89224c0d0_0;
    %load/vec4 v000002b89224bbd0_0;
    %pad/s 32;
    %load/vec4 v000002b89224cd50_0;
    %pad/s 32;
    %mul;
    %add;
    %assign/vec4 v000002b89224c490_0, 0;
T_236.4 ;
T_236.1 ;
    %jmp T_236;
    .thread T_236;
    .scope S_000002b892264ec0;
T_237 ;
    %wait E_000002b89208b550;
    %load/vec4 v000002b89224e8d0_0;
    %nor/r;
    %flag_set/vec4 8;
    %jmp/0xz  T_237.0, 8;
    %pushi/vec4 0, 0, 8;
    %assign/vec4 v000002b89224d110_0, 0;
    %pushi/vec4 0, 0, 8;
    %assign/vec4 v000002b89224e290_0, 0;
    %pushi/vec4 0, 0, 32;
    %assign/vec4 v000002b89224e510_0, 0;
    %jmp T_237.1;
T_237.0 ;
    %load/vec4 v000002b89224d430_0;
    %flag_set/vec4 8;
    %jmp/0xz  T_237.2, 8;
    %load/vec4 v000002b89224ee70_0;
    %assign/vec4 v000002b89224d110_0, 0;
T_237.2 ;
    %load/vec4 v000002b89224b130_0;
    %flag_set/vec4 8;
    %jmp/0xz  T_237.4, 8;
    %load/vec4 v000002b89224d2f0_0;
    %assign/vec4 v000002b89224e290_0, 0;
    %load/vec4 v000002b89224e830_0;
    %load/vec4 v000002b89224d2f0_0;
    %pad/s 32;
    %load/vec4 v000002b89224d110_0;
    %pad/s 32;
    %mul;
    %add;
    %assign/vec4 v000002b89224e510_0, 0;
T_237.4 ;
T_237.1 ;
    %jmp T_237;
    .thread T_237;
    .scope S_000002b8922591b0;
T_238 ;
    %wait E_000002b89208b550;
    %load/vec4 v000002b89224e150_0;
    %nor/r;
    %flag_set/vec4 8;
    %jmp/0xz  T_238.0, 8;
    %pushi/vec4 0, 0, 8;
    %assign/vec4 v000002b89224ef10_0, 0;
    %pushi/vec4 0, 0, 8;
    %assign/vec4 v000002b89224e0b0_0, 0;
    %pushi/vec4 0, 0, 32;
    %assign/vec4 v000002b89224eab0_0, 0;
    %jmp T_238.1;
T_238.0 ;
    %load/vec4 v000002b89224ed30_0;
    %flag_set/vec4 8;
    %jmp/0xz  T_238.2, 8;
    %load/vec4 v000002b89224d1b0_0;
    %assign/vec4 v000002b89224ef10_0, 0;
T_238.2 ;
    %load/vec4 v000002b89224ded0_0;
    %flag_set/vec4 8;
    %jmp/0xz  T_238.4, 8;
    %load/vec4 v000002b89224dbb0_0;
    %assign/vec4 v000002b89224e0b0_0, 0;
    %load/vec4 v000002b89224eb50_0;
    %load/vec4 v000002b89224dbb0_0;
    %pad/s 32;
    %load/vec4 v000002b89224ef10_0;
    %pad/s 32;
    %mul;
    %add;
    %assign/vec4 v000002b89224eab0_0, 0;
T_238.4 ;
T_238.1 ;
    %jmp T_238;
    .thread T_238;
    .scope S_000002b8922583a0;
T_239 ;
    %wait E_000002b89208b550;
    %load/vec4 v000002b89224e1f0_0;
    %nor/r;
    %flag_set/vec4 8;
    %jmp/0xz  T_239.0, 8;
    %pushi/vec4 0, 0, 8;
    %assign/vec4 v000002b89224d570_0, 0;
    %pushi/vec4 0, 0, 8;
    %assign/vec4 v000002b89224df70_0, 0;
    %pushi/vec4 0, 0, 32;
    %assign/vec4 v000002b89224e010_0, 0;
    %jmp T_239.1;
T_239.0 ;
    %load/vec4 v000002b89224d4d0_0;
    %flag_set/vec4 8;
    %jmp/0xz  T_239.2, 8;
    %load/vec4 v000002b89224de30_0;
    %assign/vec4 v000002b89224d570_0, 0;
T_239.2 ;
    %load/vec4 v000002b89224edd0_0;
    %flag_set/vec4 8;
    %jmp/0xz  T_239.4, 8;
    %load/vec4 v000002b89224efb0_0;
    %assign/vec4 v000002b89224df70_0, 0;
    %load/vec4 v000002b89224ec90_0;
    %load/vec4 v000002b89224efb0_0;
    %pad/s 32;
    %load/vec4 v000002b89224d570_0;
    %pad/s 32;
    %mul;
    %add;
    %assign/vec4 v000002b89224e010_0, 0;
T_239.4 ;
T_239.1 ;
    %jmp T_239;
    .thread T_239;
    .scope S_000002b892257270;
T_240 ;
    %wait E_000002b89208b550;
    %load/vec4 v000002b892268fe0_0;
    %nor/r;
    %flag_set/vec4 8;
    %jmp/0xz  T_240.0, 8;
    %pushi/vec4 0, 0, 8;
    %assign/vec4 v000002b892267820_0, 0;
    %pushi/vec4 0, 0, 8;
    %assign/vec4 v000002b892267500_0, 0;
    %pushi/vec4 0, 0, 32;
    %assign/vec4 v000002b8922691c0_0, 0;
    %jmp T_240.1;
T_240.0 ;
    %load/vec4 v000002b892268900_0;
    %flag_set/vec4 8;
    %jmp/0xz  T_240.2, 8;
    %load/vec4 v000002b892267140_0;
    %assign/vec4 v000002b892267820_0, 0;
T_240.2 ;
    %load/vec4 v000002b89224d7f0_0;
    %flag_set/vec4 8;
    %jmp/0xz  T_240.4, 8;
    %load/vec4 v000002b89224d890_0;
    %assign/vec4 v000002b892267500_0, 0;
    %load/vec4 v000002b89224d930_0;
    %load/vec4 v000002b89224d890_0;
    %pad/s 32;
    %load/vec4 v000002b892267820_0;
    %pad/s 32;
    %mul;
    %add;
    %assign/vec4 v000002b8922691c0_0, 0;
T_240.4 ;
T_240.1 ;
    %jmp T_240;
    .thread T_240;
    .scope S_000002b892259980;
T_241 ;
    %wait E_000002b89208b550;
    %load/vec4 v000002b892268040_0;
    %nor/r;
    %flag_set/vec4 8;
    %jmp/0xz  T_241.0, 8;
    %pushi/vec4 0, 0, 8;
    %assign/vec4 v000002b8922680e0_0, 0;
    %pushi/vec4 0, 0, 8;
    %assign/vec4 v000002b8922678c0_0, 0;
    %pushi/vec4 0, 0, 32;
    %assign/vec4 v000002b892268220_0, 0;
    %jmp T_241.1;
T_241.0 ;
    %load/vec4 v000002b892268180_0;
    %flag_set/vec4 8;
    %jmp/0xz  T_241.2, 8;
    %load/vec4 v000002b892268720_0;
    %assign/vec4 v000002b8922680e0_0, 0;
T_241.2 ;
    %load/vec4 v000002b892269580_0;
    %flag_set/vec4 8;
    %jmp/0xz  T_241.4, 8;
    %load/vec4 v000002b8922689a0_0;
    %assign/vec4 v000002b8922678c0_0, 0;
    %load/vec4 v000002b8922693a0_0;
    %load/vec4 v000002b8922689a0_0;
    %pad/s 32;
    %load/vec4 v000002b8922680e0_0;
    %pad/s 32;
    %mul;
    %add;
    %assign/vec4 v000002b892268220_0, 0;
T_241.4 ;
T_241.1 ;
    %jmp T_241;
    .thread T_241;
    .scope S_000002b892259fc0;
T_242 ;
    %wait E_000002b89208b550;
    %load/vec4 v000002b892268860_0;
    %nor/r;
    %flag_set/vec4 8;
    %jmp/0xz  T_242.0, 8;
    %pushi/vec4 0, 0, 8;
    %assign/vec4 v000002b8922687c0_0, 0;
    %pushi/vec4 0, 0, 8;
    %assign/vec4 v000002b892269080_0, 0;
    %pushi/vec4 0, 0, 32;
    %assign/vec4 v000002b892268cc0_0, 0;
    %jmp T_242.1;
T_242.0 ;
    %load/vec4 v000002b892268680_0;
    %flag_set/vec4 8;
    %jmp/0xz  T_242.2, 8;
    %load/vec4 v000002b8922685e0_0;
    %assign/vec4 v000002b8922687c0_0, 0;
T_242.2 ;
    %load/vec4 v000002b892268540_0;
    %flag_set/vec4 8;
    %jmp/0xz  T_242.4, 8;
    %load/vec4 v000002b892268400_0;
    %assign/vec4 v000002b892269080_0, 0;
    %load/vec4 v000002b8922684a0_0;
    %load/vec4 v000002b892268400_0;
    %pad/s 32;
    %load/vec4 v000002b8922687c0_0;
    %pad/s 32;
    %mul;
    %add;
    %assign/vec4 v000002b892268cc0_0, 0;
T_242.4 ;
T_242.1 ;
    %jmp T_242;
    .thread T_242;
    .scope S_000002b89225a2e0;
T_243 ;
    %wait E_000002b89208b550;
    %load/vec4 v000002b892269260_0;
    %nor/r;
    %flag_set/vec4 8;
    %jmp/0xz  T_243.0, 8;
    %pushi/vec4 0, 0, 8;
    %assign/vec4 v000002b892268f40_0, 0;
    %pushi/vec4 0, 0, 8;
    %assign/vec4 v000002b892269760_0, 0;
    %pushi/vec4 0, 0, 32;
    %assign/vec4 v000002b892267280_0, 0;
    %jmp T_243.1;
T_243.0 ;
    %load/vec4 v000002b892268ea0_0;
    %flag_set/vec4 8;
    %jmp/0xz  T_243.2, 8;
    %load/vec4 v000002b892268b80_0;
    %assign/vec4 v000002b892268f40_0, 0;
T_243.2 ;
    %load/vec4 v000002b892269620_0;
    %flag_set/vec4 8;
    %jmp/0xz  T_243.4, 8;
    %load/vec4 v000002b892268e00_0;
    %assign/vec4 v000002b892269760_0, 0;
    %load/vec4 v000002b892267e60_0;
    %load/vec4 v000002b892268e00_0;
    %pad/s 32;
    %load/vec4 v000002b892268f40_0;
    %pad/s 32;
    %mul;
    %add;
    %assign/vec4 v000002b892267280_0, 0;
T_243.4 ;
T_243.1 ;
    %jmp T_243;
    .thread T_243;
    .scope S_000002b89225a920;
T_244 ;
    %wait E_000002b89208b550;
    %load/vec4 v000002b89226b560_0;
    %nor/r;
    %flag_set/vec4 8;
    %jmp/0xz  T_244.0, 8;
    %pushi/vec4 0, 0, 8;
    %assign/vec4 v000002b89226b2e0_0, 0;
    %pushi/vec4 0, 0, 8;
    %assign/vec4 v000002b89226a340_0, 0;
    %pushi/vec4 0, 0, 32;
    %assign/vec4 v000002b89226afc0_0, 0;
    %jmp T_244.1;
T_244.0 ;
    %load/vec4 v000002b89226a5c0_0;
    %flag_set/vec4 8;
    %jmp/0xz  T_244.2, 8;
    %load/vec4 v000002b89226b740_0;
    %assign/vec4 v000002b89226b2e0_0, 0;
T_244.2 ;
    %load/vec4 v000002b8922676e0_0;
    %flag_set/vec4 8;
    %jmp/0xz  T_244.4, 8;
    %load/vec4 v000002b892267960_0;
    %assign/vec4 v000002b89226a340_0, 0;
    %load/vec4 v000002b892267a00_0;
    %load/vec4 v000002b892267960_0;
    %pad/s 32;
    %load/vec4 v000002b89226b2e0_0;
    %pad/s 32;
    %mul;
    %add;
    %assign/vec4 v000002b89226afc0_0, 0;
T_244.4 ;
T_244.1 ;
    %jmp T_244;
    .thread T_244;
    .scope S_000002b89225b280;
T_245 ;
    %wait E_000002b89208b550;
    %load/vec4 v000002b89226bec0_0;
    %nor/r;
    %flag_set/vec4 8;
    %jmp/0xz  T_245.0, 8;
    %pushi/vec4 0, 0, 8;
    %assign/vec4 v000002b89226b9c0_0, 0;
    %pushi/vec4 0, 0, 8;
    %assign/vec4 v000002b89226b920_0, 0;
    %pushi/vec4 0, 0, 32;
    %assign/vec4 v000002b89226b7e0_0, 0;
    %jmp T_245.1;
T_245.0 ;
    %load/vec4 v000002b89226c0a0_0;
    %flag_set/vec4 8;
    %jmp/0xz  T_245.2, 8;
    %load/vec4 v000002b8922699e0_0;
    %assign/vec4 v000002b89226b9c0_0, 0;
T_245.2 ;
    %load/vec4 v000002b89226ab60_0;
    %flag_set/vec4 8;
    %jmp/0xz  T_245.4, 8;
    %load/vec4 v000002b89226b880_0;
    %assign/vec4 v000002b89226b920_0, 0;
    %load/vec4 v000002b89226a660_0;
    %load/vec4 v000002b89226b880_0;
    %pad/s 32;
    %load/vec4 v000002b89226b9c0_0;
    %pad/s 32;
    %mul;
    %add;
    %assign/vec4 v000002b89226b7e0_0, 0;
T_245.4 ;
T_245.1 ;
    %jmp T_245;
    .thread T_245;
    .scope S_000002b892257720;
T_246 ;
    %wait E_000002b89208b550;
    %load/vec4 v000002b892269940_0;
    %nor/r;
    %flag_set/vec4 8;
    %jmp/0xz  T_246.0, 8;
    %pushi/vec4 0, 0, 8;
    %assign/vec4 v000002b89226a700_0, 0;
    %pushi/vec4 0, 0, 8;
    %assign/vec4 v000002b89226b6a0_0, 0;
    %pushi/vec4 0, 0, 32;
    %assign/vec4 v000002b89226b060_0, 0;
    %jmp T_246.1;
T_246.0 ;
    %load/vec4 v000002b89226a2a0_0;
    %flag_set/vec4 8;
    %jmp/0xz  T_246.2, 8;
    %load/vec4 v000002b89226a020_0;
    %assign/vec4 v000002b89226a700_0, 0;
T_246.2 ;
    %load/vec4 v000002b89226aca0_0;
    %flag_set/vec4 8;
    %jmp/0xz  T_246.4, 8;
    %load/vec4 v000002b89226ad40_0;
    %assign/vec4 v000002b89226b6a0_0, 0;
    %load/vec4 v000002b89226ba60_0;
    %load/vec4 v000002b89226ad40_0;
    %pad/s 32;
    %load/vec4 v000002b89226a700_0;
    %pad/s 32;
    %mul;
    %add;
    %assign/vec4 v000002b89226b060_0, 0;
T_246.4 ;
T_246.1 ;
    %jmp T_246;
    .thread T_246;
    .scope S_000002b89225bf00;
T_247 ;
    %wait E_000002b89208b550;
    %load/vec4 v000002b89226b240_0;
    %nor/r;
    %flag_set/vec4 8;
    %jmp/0xz  T_247.0, 8;
    %pushi/vec4 0, 0, 8;
    %assign/vec4 v000002b89226a8e0_0, 0;
    %pushi/vec4 0, 0, 8;
    %assign/vec4 v000002b89226b1a0_0, 0;
    %pushi/vec4 0, 0, 32;
    %assign/vec4 v000002b89226b100_0, 0;
    %jmp T_247.1;
T_247.0 ;
    %load/vec4 v000002b892269b20_0;
    %flag_set/vec4 8;
    %jmp/0xz  T_247.2, 8;
    %load/vec4 v000002b89226a520_0;
    %assign/vec4 v000002b89226a8e0_0, 0;
T_247.2 ;
    %load/vec4 v000002b89226bc40_0;
    %flag_set/vec4 8;
    %jmp/0xz  T_247.4, 8;
    %load/vec4 v000002b89226a840_0;
    %assign/vec4 v000002b89226b1a0_0, 0;
    %load/vec4 v000002b89226bce0_0;
    %load/vec4 v000002b89226a840_0;
    %pad/s 32;
    %load/vec4 v000002b89226a8e0_0;
    %pad/s 32;
    %mul;
    %add;
    %assign/vec4 v000002b89226b100_0, 0;
T_247.4 ;
T_247.1 ;
    %jmp T_247;
    .thread T_247;
    .scope S_000002b89225c090;
T_248 ;
    %wait E_000002b89208b550;
    %load/vec4 v000002b89226e120_0;
    %nor/r;
    %flag_set/vec4 8;
    %jmp/0xz  T_248.0, 8;
    %pushi/vec4 0, 0, 8;
    %assign/vec4 v000002b89226d900_0, 0;
    %pushi/vec4 0, 0, 8;
    %assign/vec4 v000002b89226d2c0_0, 0;
    %pushi/vec4 0, 0, 32;
    %assign/vec4 v000002b89226df40_0, 0;
    %jmp T_248.1;
T_248.0 ;
    %load/vec4 v000002b89226cdc0_0;
    %flag_set/vec4 8;
    %jmp/0xz  T_248.2, 8;
    %load/vec4 v000002b89226cb40_0;
    %assign/vec4 v000002b89226d900_0, 0;
T_248.2 ;
    %load/vec4 v000002b89226a0c0_0;
    %flag_set/vec4 8;
    %jmp/0xz  T_248.4, 8;
    %load/vec4 v000002b89226a160_0;
    %assign/vec4 v000002b89226d2c0_0, 0;
    %load/vec4 v000002b89226a200_0;
    %load/vec4 v000002b89226a160_0;
    %pad/s 32;
    %load/vec4 v000002b89226d900_0;
    %pad/s 32;
    %mul;
    %add;
    %assign/vec4 v000002b89226df40_0, 0;
T_248.4 ;
T_248.1 ;
    %jmp T_248;
    .thread T_248;
    .scope S_000002b89225c9f0;
T_249 ;
    %wait E_000002b89208b550;
    %load/vec4 v000002b89226e620_0;
    %nor/r;
    %flag_set/vec4 8;
    %jmp/0xz  T_249.0, 8;
    %pushi/vec4 0, 0, 8;
    %assign/vec4 v000002b89226e080_0, 0;
    %pushi/vec4 0, 0, 8;
    %assign/vec4 v000002b89226c3c0_0, 0;
    %pushi/vec4 0, 0, 32;
    %assign/vec4 v000002b89226cd20_0, 0;
    %jmp T_249.1;
T_249.0 ;
    %load/vec4 v000002b89226c140_0;
    %flag_set/vec4 8;
    %jmp/0xz  T_249.2, 8;
    %load/vec4 v000002b89226e260_0;
    %assign/vec4 v000002b89226e080_0, 0;
T_249.2 ;
    %load/vec4 v000002b89226e1c0_0;
    %flag_set/vec4 8;
    %jmp/0xz  T_249.4, 8;
    %load/vec4 v000002b89226e800_0;
    %assign/vec4 v000002b89226c3c0_0, 0;
    %load/vec4 v000002b89226e300_0;
    %load/vec4 v000002b89226e800_0;
    %pad/s 32;
    %load/vec4 v000002b89226e080_0;
    %pad/s 32;
    %mul;
    %add;
    %assign/vec4 v000002b89226cd20_0, 0;
T_249.4 ;
T_249.1 ;
    %jmp T_249;
    .thread T_249;
    .scope S_000002b8921687e0;
T_250 ;
    %wait E_000002b89208c590;
    %load/vec4 v000002b892076320_0;
    %flag_set/vec4 8;
    %jmp/0xz  T_250.0, 8;
    %load/vec4 v000002b892077360_0;
    %load/vec4 v000002b892077f40_0;
    %add;
    %store/vec4 v000002b892077d60_0, 0, 32;
    %jmp T_250.1;
T_250.0 ;
    %load/vec4 v000002b892077f40_0;
    %store/vec4 v000002b892077d60_0, 0, 32;
T_250.1 ;
    %jmp T_250;
    .thread T_250, $push;
    .scope S_000002b8921687e0;
T_251 ;
    %wait E_000002b892089ad0;
    %load/vec4 v000002b892075ce0_0;
    %flag_set/vec4 8;
    %jmp/0xz  T_251.0, 8;
    %load/vec4 v000002b892077d60_0;
    %load/vec4 v000002b892076280_0;
    %pad/u 10;
    %ix/vec4 3;
    %ix/load 4, 0, 0; Constant delay
    %assign/vec4/a/d v000002b892076fa0, 0, 4;
T_251.0 ;
    %jmp T_251;
    .thread T_251;
    .scope S_000002b8921687e0;
T_252 ;
    %pushi/vec4 0, 0, 32;
    %store/vec4 v000002b892077180_0, 0, 32;
T_252.0 ;
    %load/vec4 v000002b892077180_0;
    %cmpi/s 256, 0, 32;
    %jmp/0xz T_252.1, 5;
    %pushi/vec4 0, 0, 32;
    %ix/getv/s 4, v000002b892077180_0;
    %store/vec4a v000002b892076fa0, 4, 0;
    %load/vec4 v000002b892077180_0;
    %addi 1, 0, 32;
    %store/vec4 v000002b892077180_0, 0, 32;
    %jmp T_252.0;
T_252.1 ;
    %end;
    .thread T_252;
    .scope S_000002b892168970;
T_253 ;
    %wait E_000002b89208c550;
    %load/vec4 v000002b8920775e0_0;
    %flag_set/vec4 8;
    %jmp/0xz  T_253.0, 8;
    %load/vec4 v000002b892077900_0;
    %load/vec4 v000002b8920768c0_0;
    %add;
    %store/vec4 v000002b892077220_0, 0, 32;
    %jmp T_253.1;
T_253.0 ;
    %load/vec4 v000002b8920768c0_0;
    %store/vec4 v000002b892077220_0, 0, 32;
T_253.1 ;
    %jmp T_253;
    .thread T_253, $push;
    .scope S_000002b892168970;
T_254 ;
    %wait E_000002b892089ad0;
    %load/vec4 v000002b892077720_0;
    %flag_set/vec4 8;
    %jmp/0xz  T_254.0, 8;
    %load/vec4 v000002b892077220_0;
    %load/vec4 v000002b892076c80_0;
    %pad/u 10;
    %ix/vec4 3;
    %ix/load 4, 0, 0; Constant delay
    %assign/vec4/a/d v000002b892075f60, 0, 4;
T_254.0 ;
    %jmp T_254;
    .thread T_254;
    .scope S_000002b892168970;
T_255 ;
    %pushi/vec4 0, 0, 32;
    %store/vec4 v000002b892075b00_0, 0, 32;
T_255.0 ;
    %load/vec4 v000002b892075b00_0;
    %cmpi/s 256, 0, 32;
    %jmp/0xz T_255.1, 5;
    %pushi/vec4 0, 0, 32;
    %ix/getv/s 4, v000002b892075b00_0;
    %store/vec4a v000002b892075f60, 4, 0;
    %load/vec4 v000002b892075b00_0;
    %addi 1, 0, 32;
    %store/vec4 v000002b892075b00_0, 0, 32;
    %jmp T_255.0;
T_255.1 ;
    %end;
    .thread T_255;
    .scope S_000002b892167070;
T_256 ;
    %wait E_000002b89208c310;
    %load/vec4 v000002b8920763c0_0;
    %flag_set/vec4 8;
    %jmp/0xz  T_256.0, 8;
    %load/vec4 v000002b891f8d670_0;
    %load/vec4 v000002b891f8dfd0_0;
    %add;
    %store/vec4 v000002b891f8ecf0_0, 0, 32;
    %jmp T_256.1;
T_256.0 ;
    %load/vec4 v000002b891f8dfd0_0;
    %store/vec4 v000002b891f8ecf0_0, 0, 32;
T_256.1 ;
    %jmp T_256;
    .thread T_256, $push;
    .scope S_000002b892167070;
T_257 ;
    %wait E_000002b892089ad0;
    %load/vec4 v000002b891f8eed0_0;
    %flag_set/vec4 8;
    %jmp/0xz  T_257.0, 8;
    %load/vec4 v000002b891f8ecf0_0;
    %load/vec4 v000002b892076aa0_0;
    %pad/u 10;
    %ix/vec4 3;
    %ix/load 4, 0, 0; Constant delay
    %assign/vec4/a/d v000002b891f8ed90, 0, 4;
T_257.0 ;
    %jmp T_257;
    .thread T_257;
    .scope S_000002b892167070;
T_258 ;
    %pushi/vec4 0, 0, 32;
    %store/vec4 v000002b8920772c0_0, 0, 32;
T_258.0 ;
    %load/vec4 v000002b8920772c0_0;
    %cmpi/s 256, 0, 32;
    %jmp/0xz T_258.1, 5;
    %pushi/vec4 0, 0, 32;
    %ix/getv/s 4, v000002b8920772c0_0;
    %store/vec4a v000002b891f8ed90, 4, 0;
    %load/vec4 v000002b8920772c0_0;
    %addi 1, 0, 32;
    %store/vec4 v000002b8920772c0_0, 0, 32;
    %jmp T_258.0;
T_258.1 ;
    %end;
    .thread T_258;
    .scope S_000002b8921676b0;
T_259 ;
    %wait E_000002b89208c490;
    %load/vec4 v000002b891f8d0d0_0;
    %flag_set/vec4 8;
    %jmp/0xz  T_259.0, 8;
    %load/vec4 v000002b891f8e6b0_0;
    %load/vec4 v000002b891f8e4d0_0;
    %add;
    %store/vec4 v000002b891f8e750_0, 0, 32;
    %jmp T_259.1;
T_259.0 ;
    %load/vec4 v000002b891f8e4d0_0;
    %store/vec4 v000002b891f8e750_0, 0, 32;
T_259.1 ;
    %jmp T_259;
    .thread T_259, $push;
    .scope S_000002b8921676b0;
T_260 ;
    %wait E_000002b892089ad0;
    %load/vec4 v000002b891f8cc70_0;
    %flag_set/vec4 8;
    %jmp/0xz  T_260.0, 8;
    %load/vec4 v000002b891f8e750_0;
    %load/vec4 v000002b891f8df30_0;
    %pad/u 10;
    %ix/vec4 3;
    %ix/load 4, 0, 0; Constant delay
    %assign/vec4/a/d v000002b891f8f010, 0, 4;
T_260.0 ;
    %jmp T_260;
    .thread T_260;
    .scope S_000002b8921676b0;
T_261 ;
    %pushi/vec4 0, 0, 32;
    %store/vec4 v000002b891f8e390_0, 0, 32;
T_261.0 ;
    %load/vec4 v000002b891f8e390_0;
    %cmpi/s 256, 0, 32;
    %jmp/0xz T_261.1, 5;
    %pushi/vec4 0, 0, 32;
    %ix/getv/s 4, v000002b891f8e390_0;
    %store/vec4a v000002b891f8f010, 4, 0;
    %load/vec4 v000002b891f8e390_0;
    %addi 1, 0, 32;
    %store/vec4 v000002b891f8e390_0, 0, 32;
    %jmp T_261.0;
T_261.1 ;
    %end;
    .thread T_261;
    .scope S_000002b892179d10;
T_262 ;
    %wait E_000002b89208c390;
    %load/vec4 v000002b891f916d0_0;
    %flag_set/vec4 8;
    %jmp/0xz  T_262.0, 8;
    %load/vec4 v000002b891f8fe70_0;
    %load/vec4 v000002b891f8f8d0_0;
    %add;
    %store/vec4 v000002b891f91770_0, 0, 32;
    %jmp T_262.1;
T_262.0 ;
    %load/vec4 v000002b891f8f8d0_0;
    %store/vec4 v000002b891f91770_0, 0, 32;
T_262.1 ;
    %jmp T_262;
    .thread T_262, $push;
    .scope S_000002b892179d10;
T_263 ;
    %wait E_000002b892089ad0;
    %load/vec4 v000002b891f8f290_0;
    %flag_set/vec4 8;
    %jmp/0xz  T_263.0, 8;
    %load/vec4 v000002b891f91770_0;
    %load/vec4 v000002b891f90cd0_0;
    %pad/u 10;
    %ix/vec4 3;
    %ix/load 4, 0, 0; Constant delay
    %assign/vec4/a/d v000002b891f90d70, 0, 4;
T_263.0 ;
    %jmp T_263;
    .thread T_263;
    .scope S_000002b892179d10;
T_264 ;
    %pushi/vec4 0, 0, 32;
    %store/vec4 v000002b891f8fdd0_0, 0, 32;
T_264.0 ;
    %load/vec4 v000002b891f8fdd0_0;
    %cmpi/s 256, 0, 32;
    %jmp/0xz T_264.1, 5;
    %pushi/vec4 0, 0, 32;
    %ix/getv/s 4, v000002b891f8fdd0_0;
    %store/vec4a v000002b891f90d70, 4, 0;
    %load/vec4 v000002b891f8fdd0_0;
    %addi 1, 0, 32;
    %store/vec4 v000002b891f8fdd0_0, 0, 32;
    %jmp T_264.0;
T_264.1 ;
    %end;
    .thread T_264;
    .scope S_000002b89217a030;
T_265 ;
    %wait E_000002b89208ca10;
    %load/vec4 v000002b891f902d0_0;
    %flag_set/vec4 8;
    %jmp/0xz  T_265.0, 8;
    %load/vec4 v000002b891f91950_0;
    %load/vec4 v000002b891f91bd0_0;
    %add;
    %store/vec4 v000002b891f91ef0_0, 0, 32;
    %jmp T_265.1;
T_265.0 ;
    %load/vec4 v000002b891f91bd0_0;
    %store/vec4 v000002b891f91ef0_0, 0, 32;
T_265.1 ;
    %jmp T_265;
    .thread T_265, $push;
    .scope S_000002b89217a030;
T_266 ;
    %wait E_000002b892089ad0;
    %load/vec4 v000002b891f8bf50_0;
    %flag_set/vec4 8;
    %jmp/0xz  T_266.0, 8;
    %load/vec4 v000002b891f91ef0_0;
    %load/vec4 v000002b891f8f3d0_0;
    %pad/u 10;
    %ix/vec4 3;
    %ix/load 4, 0, 0; Constant delay
    %assign/vec4/a/d v000002b891f91d10, 0, 4;
T_266.0 ;
    %jmp T_266;
    .thread T_266;
    .scope S_000002b89217a030;
T_267 ;
    %pushi/vec4 0, 0, 32;
    %store/vec4 v000002b891f8f6f0_0, 0, 32;
T_267.0 ;
    %load/vec4 v000002b891f8f6f0_0;
    %cmpi/s 256, 0, 32;
    %jmp/0xz T_267.1, 5;
    %pushi/vec4 0, 0, 32;
    %ix/getv/s 4, v000002b891f8f6f0_0;
    %store/vec4a v000002b891f91d10, 4, 0;
    %load/vec4 v000002b891f8f6f0_0;
    %addi 1, 0, 32;
    %store/vec4 v000002b891f8f6f0_0, 0, 32;
    %jmp T_267.0;
T_267.1 ;
    %end;
    .thread T_267;
    .scope S_000002b89217a1c0;
T_268 ;
    %wait E_000002b89208d110;
    %load/vec4 v000002b891f8ae70_0;
    %flag_set/vec4 8;
    %jmp/0xz  T_268.0, 8;
    %load/vec4 v000002b891f8a3d0_0;
    %load/vec4 v000002b891f8b4b0_0;
    %add;
    %store/vec4 v000002b891f8a290_0, 0, 32;
    %jmp T_268.1;
T_268.0 ;
    %load/vec4 v000002b891f8b4b0_0;
    %store/vec4 v000002b891f8a290_0, 0, 32;
T_268.1 ;
    %jmp T_268;
    .thread T_268, $push;
    .scope S_000002b89217a1c0;
T_269 ;
    %wait E_000002b892089ad0;
    %load/vec4 v000002b891f8c130_0;
    %flag_set/vec4 8;
    %jmp/0xz  T_269.0, 8;
    %load/vec4 v000002b891f8a290_0;
    %load/vec4 v000002b891f8a0b0_0;
    %pad/u 10;
    %ix/vec4 3;
    %ix/load 4, 0, 0; Constant delay
    %assign/vec4/a/d v000002b891f8b910, 0, 4;
T_269.0 ;
    %jmp T_269;
    .thread T_269;
    .scope S_000002b89217a1c0;
T_270 ;
    %pushi/vec4 0, 0, 32;
    %store/vec4 v000002b891f8bc30_0, 0, 32;
T_270.0 ;
    %load/vec4 v000002b891f8bc30_0;
    %cmpi/s 256, 0, 32;
    %jmp/0xz T_270.1, 5;
    %pushi/vec4 0, 0, 32;
    %ix/getv/s 4, v000002b891f8bc30_0;
    %store/vec4a v000002b891f8b910, 4, 0;
    %load/vec4 v000002b891f8bc30_0;
    %addi 1, 0, 32;
    %store/vec4 v000002b891f8bc30_0, 0, 32;
    %jmp T_270.0;
T_270.1 ;
    %end;
    .thread T_270;
    .scope S_000002b89217acb0;
T_271 ;
    %wait E_000002b89208cb90;
    %load/vec4 v000002b892013200_0;
    %flag_set/vec4 8;
    %jmp/0xz  T_271.0, 8;
    %load/vec4 v000002b892012b20_0;
    %load/vec4 v000002b892012a80_0;
    %add;
    %store/vec4 v000002b892013340_0, 0, 32;
    %jmp T_271.1;
T_271.0 ;
    %load/vec4 v000002b892012a80_0;
    %store/vec4 v000002b892013340_0, 0, 32;
T_271.1 ;
    %jmp T_271;
    .thread T_271, $push;
    .scope S_000002b89217acb0;
T_272 ;
    %wait E_000002b892089ad0;
    %load/vec4 v000002b892014240_0;
    %flag_set/vec4 8;
    %jmp/0xz  T_272.0, 8;
    %load/vec4 v000002b892013340_0;
    %load/vec4 v000002b892012580_0;
    %pad/u 10;
    %ix/vec4 3;
    %ix/load 4, 0, 0; Constant delay
    %assign/vec4/a/d v000002b8920146a0, 0, 4;
T_272.0 ;
    %jmp T_272;
    .thread T_272;
    .scope S_000002b89217acb0;
T_273 ;
    %pushi/vec4 0, 0, 32;
    %store/vec4 v000002b892012da0_0, 0, 32;
T_273.0 ;
    %load/vec4 v000002b892012da0_0;
    %cmpi/s 256, 0, 32;
    %jmp/0xz T_273.1, 5;
    %pushi/vec4 0, 0, 32;
    %ix/getv/s 4, v000002b892012da0_0;
    %store/vec4a v000002b8920146a0, 4, 0;
    %load/vec4 v000002b892012da0_0;
    %addi 1, 0, 32;
    %store/vec4 v000002b892012da0_0, 0, 32;
    %jmp T_273.0;
T_273.1 ;
    %end;
    .thread T_273;
    .scope S_000002b892179860;
T_274 ;
    %wait E_000002b89208c710;
    %load/vec4 v000002b892013b60_0;
    %flag_set/vec4 8;
    %jmp/0xz  T_274.0, 8;
    %load/vec4 v000002b892014b00_0;
    %load/vec4 v000002b8920164a0_0;
    %add;
    %store/vec4 v000002b8920169a0_0, 0, 32;
    %jmp T_274.1;
T_274.0 ;
    %load/vec4 v000002b8920164a0_0;
    %store/vec4 v000002b8920169a0_0, 0, 32;
T_274.1 ;
    %jmp T_274;
    .thread T_274, $push;
    .scope S_000002b892179860;
T_275 ;
    %wait E_000002b892089ad0;
    %load/vec4 v000002b892016b80_0;
    %flag_set/vec4 8;
    %jmp/0xz  T_275.0, 8;
    %load/vec4 v000002b8920169a0_0;
    %load/vec4 v000002b892015d20_0;
    %pad/u 10;
    %ix/vec4 3;
    %ix/load 4, 0, 0; Constant delay
    %assign/vec4/a/d v000002b892015aa0, 0, 4;
T_275.0 ;
    %jmp T_275;
    .thread T_275;
    .scope S_000002b892179860;
T_276 ;
    %pushi/vec4 0, 0, 32;
    %store/vec4 v000002b892014a60_0, 0, 32;
T_276.0 ;
    %load/vec4 v000002b892014a60_0;
    %cmpi/s 256, 0, 32;
    %jmp/0xz T_276.1, 5;
    %pushi/vec4 0, 0, 32;
    %ix/getv/s 4, v000002b892014a60_0;
    %store/vec4a v000002b892015aa0, 4, 0;
    %load/vec4 v000002b892014a60_0;
    %addi 1, 0, 32;
    %store/vec4 v000002b892014a60_0, 0, 32;
    %jmp T_276.0;
T_276.1 ;
    %end;
    .thread T_276;
    .scope S_000002b892179b80;
T_277 ;
    %wait E_000002b89208cb10;
    %load/vec4 v000002b892014c40_0;
    %flag_set/vec4 8;
    %jmp/0xz  T_277.0, 8;
    %load/vec4 v000002b892018660_0;
    %load/vec4 v000002b892019060_0;
    %add;
    %store/vec4 v000002b892018020_0, 0, 32;
    %jmp T_277.1;
T_277.0 ;
    %load/vec4 v000002b892019060_0;
    %store/vec4 v000002b892018020_0, 0, 32;
T_277.1 ;
    %jmp T_277;
    .thread T_277, $push;
    .scope S_000002b892179b80;
T_278 ;
    %wait E_000002b892089ad0;
    %load/vec4 v000002b892019560_0;
    %flag_set/vec4 8;
    %jmp/0xz  T_278.0, 8;
    %load/vec4 v000002b892018020_0;
    %load/vec4 v000002b892015000_0;
    %pad/u 10;
    %ix/vec4 3;
    %ix/load 4, 0, 0; Constant delay
    %assign/vec4/a/d v000002b892018e80, 0, 4;
T_278.0 ;
    %jmp T_278;
    .thread T_278;
    .scope S_000002b892179b80;
T_279 ;
    %pushi/vec4 0, 0, 32;
    %store/vec4 v000002b892018ca0_0, 0, 32;
T_279.0 ;
    %load/vec4 v000002b892018ca0_0;
    %cmpi/s 256, 0, 32;
    %jmp/0xz T_279.1, 5;
    %pushi/vec4 0, 0, 32;
    %ix/getv/s 4, v000002b892018ca0_0;
    %store/vec4a v000002b892018e80, 4, 0;
    %load/vec4 v000002b892018ca0_0;
    %addi 1, 0, 32;
    %store/vec4 v000002b892018ca0_0, 0, 32;
    %jmp T_279.0;
T_279.1 ;
    %end;
    .thread T_279;
    .scope S_000002b8921799f0;
T_280 ;
    %wait E_000002b89208c790;
    %load/vec4 v000002b892017260_0;
    %flag_set/vec4 8;
    %jmp/0xz  T_280.0, 8;
    %load/vec4 v000002b892017b20_0;
    %load/vec4 v000002b892017bc0_0;
    %add;
    %store/vec4 v000002b892017a80_0, 0, 32;
    %jmp T_280.1;
T_280.0 ;
    %load/vec4 v000002b892017bc0_0;
    %store/vec4 v000002b892017a80_0, 0, 32;
T_280.1 ;
    %jmp T_280;
    .thread T_280, $push;
    .scope S_000002b8921799f0;
T_281 ;
    %wait E_000002b892089ad0;
    %load/vec4 v000002b892019e20_0;
    %flag_set/vec4 8;
    %jmp/0xz  T_281.0, 8;
    %load/vec4 v000002b892017a80_0;
    %load/vec4 v000002b892017440_0;
    %pad/u 10;
    %ix/vec4 3;
    %ix/load 4, 0, 0; Constant delay
    %assign/vec4/a/d v000002b8920179e0, 0, 4;
T_281.0 ;
    %jmp T_281;
    .thread T_281;
    .scope S_000002b8921799f0;
T_282 ;
    %pushi/vec4 0, 0, 32;
    %store/vec4 v000002b8920178a0_0, 0, 32;
T_282.0 ;
    %load/vec4 v000002b8920178a0_0;
    %cmpi/s 256, 0, 32;
    %jmp/0xz T_282.1, 5;
    %pushi/vec4 0, 0, 32;
    %ix/getv/s 4, v000002b8920178a0_0;
    %store/vec4a v000002b8920179e0, 4, 0;
    %load/vec4 v000002b8920178a0_0;
    %addi 1, 0, 32;
    %store/vec4 v000002b8920178a0_0, 0, 32;
    %jmp T_282.0;
T_282.1 ;
    %end;
    .thread T_282;
    .scope S_000002b89217a670;
T_283 ;
    %wait E_000002b89208cb50;
    %load/vec4 v000002b89205dc90_0;
    %flag_set/vec4 8;
    %jmp/0xz  T_283.0, 8;
    %load/vec4 v000002b89205e4b0_0;
    %load/vec4 v000002b89205f090_0;
    %add;
    %store/vec4 v000002b89205f310_0, 0, 32;
    %jmp T_283.1;
T_283.0 ;
    %load/vec4 v000002b89205f090_0;
    %store/vec4 v000002b89205f310_0, 0, 32;
T_283.1 ;
    %jmp T_283;
    .thread T_283, $push;
    .scope S_000002b89217a670;
T_284 ;
    %wait E_000002b892089ad0;
    %load/vec4 v000002b892060490_0;
    %flag_set/vec4 8;
    %jmp/0xz  T_284.0, 8;
    %load/vec4 v000002b89205f310_0;
    %load/vec4 v000002b89205e050_0;
    %pad/u 10;
    %ix/vec4 3;
    %ix/load 4, 0, 0; Constant delay
    %assign/vec4/a/d v000002b89205e190, 0, 4;
T_284.0 ;
    %jmp T_284;
    .thread T_284;
    .scope S_000002b89217a670;
T_285 ;
    %pushi/vec4 0, 0, 32;
    %store/vec4 v000002b89205fbd0_0, 0, 32;
T_285.0 ;
    %load/vec4 v000002b89205fbd0_0;
    %cmpi/s 256, 0, 32;
    %jmp/0xz T_285.1, 5;
    %pushi/vec4 0, 0, 32;
    %ix/getv/s 4, v000002b89205fbd0_0;
    %store/vec4a v000002b89205e190, 4, 0;
    %load/vec4 v000002b89205fbd0_0;
    %addi 1, 0, 32;
    %store/vec4 v000002b89205fbd0_0, 0, 32;
    %jmp T_285.0;
T_285.1 ;
    %end;
    .thread T_285;
    .scope S_000002b8921796d0;
T_286 ;
    %wait E_000002b89208ccd0;
    %load/vec4 v000002b892060710_0;
    %flag_set/vec4 8;
    %jmp/0xz  T_286.0, 8;
    %load/vec4 v000002b89205bc10_0;
    %load/vec4 v000002b892062ab0_0;
    %add;
    %store/vec4 v000002b89205c4d0_0, 0, 32;
    %jmp T_286.1;
T_286.0 ;
    %load/vec4 v000002b892062ab0_0;
    %store/vec4 v000002b89205c4d0_0, 0, 32;
T_286.1 ;
    %jmp T_286;
    .thread T_286, $push;
    .scope S_000002b8921796d0;
T_287 ;
    %wait E_000002b892089ad0;
    %load/vec4 v000002b89205d510_0;
    %flag_set/vec4 8;
    %jmp/0xz  T_287.0, 8;
    %load/vec4 v000002b89205c4d0_0;
    %load/vec4 v000002b892061a70_0;
    %pad/u 10;
    %ix/vec4 3;
    %ix/load 4, 0, 0; Constant delay
    %assign/vec4/a/d v000002b892062b50, 0, 4;
T_287.0 ;
    %jmp T_287;
    .thread T_287;
    .scope S_000002b8921796d0;
T_288 ;
    %pushi/vec4 0, 0, 32;
    %store/vec4 v000002b892062fb0_0, 0, 32;
T_288.0 ;
    %load/vec4 v000002b892062fb0_0;
    %cmpi/s 256, 0, 32;
    %jmp/0xz T_288.1, 5;
    %pushi/vec4 0, 0, 32;
    %ix/getv/s 4, v000002b892062fb0_0;
    %store/vec4a v000002b892062b50, 4, 0;
    %load/vec4 v000002b892062fb0_0;
    %addi 1, 0, 32;
    %store/vec4 v000002b892062fb0_0, 0, 32;
    %jmp T_288.0;
T_288.1 ;
    %end;
    .thread T_288;
    .scope S_000002b892179540;
T_289 ;
    %wait E_000002b89208c8d0;
    %load/vec4 v000002b89205cbb0_0;
    %flag_set/vec4 8;
    %jmp/0xz  T_289.0, 8;
    %load/vec4 v000002b891ecbd20_0;
    %load/vec4 v000002b891ecb640_0;
    %add;
    %store/vec4 v000002b891ecb3c0_0, 0, 32;
    %jmp T_289.1;
T_289.0 ;
    %load/vec4 v000002b891ecb640_0;
    %store/vec4 v000002b891ecb3c0_0, 0, 32;
T_289.1 ;
    %jmp T_289;
    .thread T_289, $push;
    .scope S_000002b892179540;
T_290 ;
    %wait E_000002b892089ad0;
    %load/vec4 v000002b891eca920_0;
    %flag_set/vec4 8;
    %jmp/0xz  T_290.0, 8;
    %load/vec4 v000002b891ecb3c0_0;
    %load/vec4 v000002b89205d010_0;
    %pad/u 10;
    %ix/vec4 3;
    %ix/load 4, 0, 0; Constant delay
    %assign/vec4/a/d v000002b891ecbb40, 0, 4;
T_290.0 ;
    %jmp T_290;
    .thread T_290;
    .scope S_000002b892179540;
T_291 ;
    %pushi/vec4 0, 0, 32;
    %store/vec4 v000002b891ecb5a0_0, 0, 32;
T_291.0 ;
    %load/vec4 v000002b891ecb5a0_0;
    %cmpi/s 256, 0, 32;
    %jmp/0xz T_291.1, 5;
    %pushi/vec4 0, 0, 32;
    %ix/getv/s 4, v000002b891ecb5a0_0;
    %store/vec4a v000002b891ecbb40, 4, 0;
    %load/vec4 v000002b891ecb5a0_0;
    %addi 1, 0, 32;
    %store/vec4 v000002b891ecb5a0_0, 0, 32;
    %jmp T_291.0;
T_291.1 ;
    %end;
    .thread T_291;
    .scope S_000002b89217d3d0;
T_292 ;
    %wait E_000002b89208cd90;
    %load/vec4 v000002b891eca380_0;
    %flag_set/vec4 8;
    %jmp/0xz  T_292.0, 8;
    %load/vec4 v000002b891ec9700_0;
    %load/vec4 v000002b891eca240_0;
    %add;
    %store/vec4 v000002b891ec9ca0_0, 0, 32;
    %jmp T_292.1;
T_292.0 ;
    %load/vec4 v000002b891eca240_0;
    %store/vec4 v000002b891ec9ca0_0, 0, 32;
T_292.1 ;
    %jmp T_292;
    .thread T_292, $push;
    .scope S_000002b89217d3d0;
T_293 ;
    %wait E_000002b892089ad0;
    %load/vec4 v000002b891ec8da0_0;
    %flag_set/vec4 8;
    %jmp/0xz  T_293.0, 8;
    %load/vec4 v000002b891ec9ca0_0;
    %load/vec4 v000002b891eca7e0_0;
    %pad/u 10;
    %ix/vec4 3;
    %ix/load 4, 0, 0; Constant delay
    %assign/vec4/a/d v000002b891eca740, 0, 4;
T_293.0 ;
    %jmp T_293;
    .thread T_293;
    .scope S_000002b89217d3d0;
T_294 ;
    %pushi/vec4 0, 0, 32;
    %store/vec4 v000002b891ec9520_0, 0, 32;
T_294.0 ;
    %load/vec4 v000002b891ec9520_0;
    %cmpi/s 256, 0, 32;
    %jmp/0xz T_294.1, 5;
    %pushi/vec4 0, 0, 32;
    %ix/getv/s 4, v000002b891ec9520_0;
    %store/vec4a v000002b891eca740, 4, 0;
    %load/vec4 v000002b891ec9520_0;
    %addi 1, 0, 32;
    %store/vec4 v000002b891ec9520_0, 0, 32;
    %jmp T_294.0;
T_294.1 ;
    %end;
    .thread T_294;
    .scope S_000002b89217d6f0;
T_295 ;
    %wait E_000002b89208cf10;
    %load/vec4 v000002b891ec8a80_0;
    %flag_set/vec4 8;
    %jmp/0xz  T_295.0, 8;
    %load/vec4 v000002b891ec84e0_0;
    %load/vec4 v000002b891ec9840_0;
    %add;
    %store/vec4 v000002b891eca100_0, 0, 32;
    %jmp T_295.1;
T_295.0 ;
    %load/vec4 v000002b891ec9840_0;
    %store/vec4 v000002b891eca100_0, 0, 32;
T_295.1 ;
    %jmp T_295;
    .thread T_295, $push;
    .scope S_000002b89217d6f0;
T_296 ;
    %wait E_000002b892089ad0;
    %load/vec4 v000002b891ee70d0_0;
    %flag_set/vec4 8;
    %jmp/0xz  T_296.0, 8;
    %load/vec4 v000002b891eca100_0;
    %load/vec4 v000002b891ec9980_0;
    %pad/u 10;
    %ix/vec4 3;
    %ix/load 4, 0, 0; Constant delay
    %assign/vec4/a/d v000002b891ec86c0, 0, 4;
T_296.0 ;
    %jmp T_296;
    .thread T_296;
    .scope S_000002b89217d6f0;
T_297 ;
    %pushi/vec4 0, 0, 32;
    %store/vec4 v000002b891ec8260_0, 0, 32;
T_297.0 ;
    %load/vec4 v000002b891ec8260_0;
    %cmpi/s 256, 0, 32;
    %jmp/0xz T_297.1, 5;
    %pushi/vec4 0, 0, 32;
    %ix/getv/s 4, v000002b891ec8260_0;
    %store/vec4a v000002b891ec86c0, 4, 0;
    %load/vec4 v000002b891ec8260_0;
    %addi 1, 0, 32;
    %store/vec4 v000002b891ec8260_0, 0, 32;
    %jmp T_297.0;
T_297.1 ;
    %end;
    .thread T_297;
    .scope S_000002b89207c3f0;
T_298 ;
    %wait E_000002b89208b550;
    %load/vec4 v000002b89226ffc0_0;
    %nor/r;
    %flag_set/vec4 8;
    %jmp/0xz  T_298.0, 8;
    %pushi/vec4 0, 0, 128;
    %assign/vec4 v000002b8922709c0_0, 0;
    %pushi/vec4 0, 0, 1;
    %assign/vec4 v000002b89226ee40_0, 0;
    %pushi/vec4 0, 0, 1;
    %assign/vec4 v000002b89226e940_0, 0;
    %jmp T_298.1;
T_298.0 ;
    %load/vec4 v000002b89226f980_0;
    %assign/vec4 v000002b8922709c0_0, 0;
    %load/vec4 v000002b89226fde0_0;
    %assign/vec4 v000002b89226ee40_0, 0;
    %load/vec4 v000002b892270060_0;
    %assign/vec4 v000002b89226e940_0, 0;
T_298.1 ;
    %jmp T_298;
    .thread T_298;
    .scope S_000002b89207c3f0;
T_299 ;
    %wait E_000002b89208b550;
    %load/vec4 v000002b89226ffc0_0;
    %nor/r;
    %flag_set/vec4 8;
    %jmp/0xz  T_299.0, 8;
    %pushi/vec4 0, 0, 12;
    %assign/vec4 v000002b8922706a0_0, 0;
    %pushi/vec4 0, 0, 5;
    %assign/vec4 v000002b89226f7a0_0, 0;
    %jmp T_299.1;
T_299.0 ;
    %load/vec4 v000002b892270060_0;
    %flag_set/vec4 8;
    %jmp/0xz  T_299.2, 8;
    %load/vec4 v000002b89226fde0_0;
    %flag_set/vec4 9;
    %flag_get/vec4 9;
    %jmp/0 T_299.6, 9;
    %load/vec4 v000002b89226f7a0_0;
    %pad/u 32;
    %cmpi/u 12, 0, 32;
    %flag_get/vec4 5;
    %and;
T_299.6;
    %flag_set/vec4 8;
    %jmp/0xz  T_299.4, 8;
    %load/vec4 v000002b89226f7a0_0;
    %addi 1, 0, 5;
    %assign/vec4 v000002b89226f7a0_0, 0;
    %load/vec4 v000002b8922706a0_0;
    %pad/u 32;
    %cmpi/e 0, 0, 32;
    %jmp/0xz  T_299.7, 4;
    %pushi/vec4 1, 0, 12;
    %assign/vec4 v000002b8922706a0_0, 0;
    %jmp T_299.8;
T_299.7 ;
    %load/vec4 v000002b8922706a0_0;
    %ix/load 4, 1, 0;
    %flag_set/imm 4, 0;
    %shiftl 4;
    %assign/vec4 v000002b8922706a0_0, 0;
T_299.8 ;
    %jmp T_299.5;
T_299.4 ;
    %load/vec4 v000002b89226f7a0_0;
    %pad/u 32;
    %cmpi/u 12, 0, 32;
    %flag_inv 5; GE is !LT
    %jmp/0xz  T_299.9, 5;
    %pushi/vec4 0, 0, 12;
    %assign/vec4 v000002b8922706a0_0, 0;
T_299.9 ;
T_299.5 ;
    %jmp T_299.3;
T_299.2 ;
    %pushi/vec4 0, 0, 12;
    %assign/vec4 v000002b8922706a0_0, 0;
    %pushi/vec4 0, 0, 5;
    %assign/vec4 v000002b89226f7a0_0, 0;
T_299.3 ;
T_299.1 ;
    %jmp T_299;
    .thread T_299;
    .scope S_000002b89207c3f0;
T_300 ;
    %wait E_000002b89208b550;
    %load/vec4 v000002b89226ffc0_0;
    %nor/r;
    %flag_set/vec4 8;
    %jmp/0xz  T_300.0, 8;
    %pushi/vec4 0, 0, 27;
    %assign/vec4 v000002b89226ea80_0, 0;
    %jmp T_300.1;
T_300.0 ;
    %load/vec4 v000002b89226ea80_0;
    %parti/s 26, 0, 2;
    %load/vec4 v000002b892270b00_0;
    %load/vec4 v000002b89226fca0_0;
    %and;
    %concat/vec4; draw_concat_vec4
    %assign/vec4 v000002b89226ea80_0, 0;
T_300.1 ;
    %jmp T_300;
    .thread T_300;
    .scope S_000002b89207c3f0;
T_301 ;
    %wait E_000002b89208b550;
    %load/vec4 v000002b89226ffc0_0;
    %nor/r;
    %flag_set/vec4 8;
    %jmp/0xz  T_301.0, 8;
    %pushi/vec4 0, 0, 32;
    %assign/vec4 v000002b892270c40_0, 0;
    %jmp T_301.1;
T_301.0 ;
    %load/vec4 v000002b892270b00_0;
    %nor/r;
    %flag_set/vec4 9;
    %flag_get/vec4 9;
    %jmp/0 T_301.4, 9;
    %load/vec4 v000002b89226fa20_0;
    %nor/r;
    %and;
T_301.4;
    %flag_set/vec4 8;
    %jmp/0xz  T_301.2, 8;
    %pushi/vec4 0, 0, 32;
    %assign/vec4 v000002b892270c40_0, 0;
    %jmp T_301.3;
T_301.2 ;
    %load/vec4 v000002b89226fa20_0;
    %flag_set/vec4 9;
    %flag_get/vec4 9;
    %jmp/0 T_301.7, 9;
    %load/vec4 v000002b892270c40_0;
    %load/vec4 v000002b892270920_0;
    %cmp/u;
    %flag_get/vec4 5;
    %and;
T_301.7;
    %flag_set/vec4 8;
    %jmp/0xz  T_301.5, 8;
    %load/vec4 v000002b892270c40_0;
    %addi 1, 0, 32;
    %assign/vec4 v000002b892270c40_0, 0;
T_301.5 ;
T_301.3 ;
T_301.1 ;
    %jmp T_301;
    .thread T_301;
    .scope S_000002b89207c3f0;
T_302 ;
    %wait E_000002b89208b550;
    %load/vec4 v000002b89226ffc0_0;
    %nor/r;
    %flag_set/vec4 8;
    %jmp/0xz  T_302.0, 8;
    %pushi/vec4 0, 0, 8;
    %assign/vec4 v000002b89226f8e0_0, 0;
    %jmp T_302.1;
T_302.0 ;
    %load/vec4 v000002b89226ed00_0;
    %flag_set/vec4 8;
    %jmp/0xz  T_302.2, 8;
    %load/vec4 v000002b89226f8e0_0;
    %addi 1, 0, 8;
    %assign/vec4 v000002b89226f8e0_0, 0;
    %jmp T_302.3;
T_302.2 ;
    %pushi/vec4 0, 0, 8;
    %assign/vec4 v000002b89226f8e0_0, 0;
T_302.3 ;
T_302.1 ;
    %jmp T_302;
    .thread T_302;
    .scope S_000002b89225d030;
T_303 ;
    %wait E_000002b89208b550;
    %load/vec4 v000002b89227e660_0;
    %nor/r;
    %flag_set/vec4 8;
    %jmp/0xz  T_303.0, 8;
    %pushi/vec4 0, 0, 8;
    %assign/vec4 v000002b892272220_0, 0;
    %jmp T_303.1;
T_303.0 ;
    %load/vec4 v000002b89227f2e0_0;
    %flag_set/vec4 8;
    %jmp/0xz  T_303.2, 8;
    %load/vec4 v000002b892273760_0;
    %assign/vec4 v000002b892272220_0, 0;
T_303.2 ;
T_303.1 ;
    %jmp T_303;
    .thread T_303;
    .scope S_000002b89225d1c0;
T_304 ;
    %wait E_000002b89208b550;
    %load/vec4 v000002b89227e660_0;
    %nor/r;
    %flag_set/vec4 8;
    %jmp/0xz  T_304.0, 8;
    %pushi/vec4 0, 0, 8;
    %assign/vec4 v000002b892274020_0, 0;
    %jmp T_304.1;
T_304.0 ;
    %load/vec4 v000002b89227f2e0_0;
    %flag_set/vec4 8;
    %jmp/0xz  T_304.2, 8;
    %load/vec4 v000002b892274b60_0;
    %assign/vec4 v000002b892274020_0, 0;
T_304.2 ;
T_304.1 ;
    %jmp T_304;
    .thread T_304;
    .scope S_000002b89225d350;
T_305 ;
    %wait E_000002b89208b550;
    %load/vec4 v000002b89227e660_0;
    %nor/r;
    %flag_set/vec4 8;
    %jmp/0xz  T_305.0, 8;
    %pushi/vec4 0, 0, 8;
    %assign/vec4 v000002b8922760a0_0, 0;
    %jmp T_305.1;
T_305.0 ;
    %load/vec4 v000002b89227f2e0_0;
    %flag_set/vec4 8;
    %jmp/0xz  T_305.2, 8;
    %load/vec4 v000002b892274a20_0;
    %assign/vec4 v000002b8922760a0_0, 0;
T_305.2 ;
T_305.1 ;
    %jmp T_305;
    .thread T_305;
    .scope S_000002b892296e20;
T_306 ;
    %wait E_000002b89208b550;
    %load/vec4 v000002b89227e660_0;
    %nor/r;
    %flag_set/vec4 8;
    %jmp/0xz  T_306.0, 8;
    %pushi/vec4 0, 0, 8;
    %assign/vec4 v000002b892273ee0_0, 0;
    %jmp T_306.1;
T_306.0 ;
    %load/vec4 v000002b89227f2e0_0;
    %flag_set/vec4 8;
    %jmp/0xz  T_306.2, 8;
    %load/vec4 v000002b892275ba0_0;
    %assign/vec4 v000002b892273ee0_0, 0;
T_306.2 ;
T_306.1 ;
    %jmp T_306;
    .thread T_306;
    .scope S_000002b892295cf0;
T_307 ;
    %wait E_000002b89208b550;
    %load/vec4 v000002b89227e660_0;
    %nor/r;
    %flag_set/vec4 8;
    %jmp/0xz  T_307.0, 8;
    %pushi/vec4 0, 0, 8;
    %assign/vec4 v000002b892277680_0, 0;
    %jmp T_307.1;
T_307.0 ;
    %load/vec4 v000002b89227f2e0_0;
    %flag_set/vec4 8;
    %jmp/0xz  T_307.2, 8;
    %load/vec4 v000002b892276dc0_0;
    %assign/vec4 v000002b892277680_0, 0;
T_307.2 ;
T_307.1 ;
    %jmp T_307;
    .thread T_307;
    .scope S_000002b892294710;
T_308 ;
    %wait E_000002b89208b550;
    %load/vec4 v000002b89227e660_0;
    %nor/r;
    %flag_set/vec4 8;
    %jmp/0xz  T_308.0, 8;
    %pushi/vec4 0, 0, 8;
    %assign/vec4 v000002b892276aa0_0, 0;
    %jmp T_308.1;
T_308.0 ;
    %load/vec4 v000002b89227f2e0_0;
    %flag_set/vec4 8;
    %jmp/0xz  T_308.2, 8;
    %load/vec4 v000002b892276140_0;
    %assign/vec4 v000002b892276aa0_0, 0;
T_308.2 ;
T_308.1 ;
    %jmp T_308;
    .thread T_308;
    .scope S_000002b892293db0;
T_309 ;
    %wait E_000002b89208b550;
    %load/vec4 v000002b89227e660_0;
    %nor/r;
    %flag_set/vec4 8;
    %jmp/0xz  T_309.0, 8;
    %pushi/vec4 0, 0, 8;
    %assign/vec4 v000002b8922779a0_0, 0;
    %jmp T_309.1;
T_309.0 ;
    %load/vec4 v000002b89227f2e0_0;
    %flag_set/vec4 8;
    %jmp/0xz  T_309.2, 8;
    %load/vec4 v000002b892277900_0;
    %assign/vec4 v000002b8922779a0_0, 0;
T_309.2 ;
T_309.1 ;
    %jmp T_309;
    .thread T_309;
    .scope S_000002b892296970;
T_310 ;
    %wait E_000002b89208b550;
    %load/vec4 v000002b89227e660_0;
    %nor/r;
    %flag_set/vec4 8;
    %jmp/0xz  T_310.0, 8;
    %pushi/vec4 0, 0, 8;
    %assign/vec4 v000002b892279700_0, 0;
    %jmp T_310.1;
T_310.0 ;
    %load/vec4 v000002b89227f2e0_0;
    %flag_set/vec4 8;
    %jmp/0xz  T_310.2, 8;
    %load/vec4 v000002b8922768c0_0;
    %assign/vec4 v000002b892279700_0, 0;
T_310.2 ;
T_310.1 ;
    %jmp T_310;
    .thread T_310;
    .scope S_000002b8922948a0;
T_311 ;
    %wait E_000002b89208b550;
    %load/vec4 v000002b89227e660_0;
    %nor/r;
    %flag_set/vec4 8;
    %jmp/0xz  T_311.0, 8;
    %pushi/vec4 0, 0, 8;
    %assign/vec4 v000002b8922795c0_0, 0;
    %jmp T_311.1;
T_311.0 ;
    %load/vec4 v000002b89227f2e0_0;
    %flag_set/vec4 8;
    %jmp/0xz  T_311.2, 8;
    %load/vec4 v000002b89227ace0_0;
    %assign/vec4 v000002b8922795c0_0, 0;
T_311.2 ;
T_311.1 ;
    %jmp T_311;
    .thread T_311;
    .scope S_000002b892296b00;
T_312 ;
    %wait E_000002b89208b550;
    %load/vec4 v000002b89227e660_0;
    %nor/r;
    %flag_set/vec4 8;
    %jmp/0xz  T_312.0, 8;
    %pushi/vec4 0, 0, 8;
    %assign/vec4 v000002b89227af60_0, 0;
    %jmp T_312.1;
T_312.0 ;
    %load/vec4 v000002b89227f2e0_0;
    %flag_set/vec4 8;
    %jmp/0xz  T_312.2, 8;
    %load/vec4 v000002b892279ac0_0;
    %assign/vec4 v000002b89227af60_0, 0;
T_312.2 ;
T_312.1 ;
    %jmp T_312;
    .thread T_312;
    .scope S_000002b892296330;
T_313 ;
    %wait E_000002b89208b550;
    %load/vec4 v000002b89227e660_0;
    %nor/r;
    %flag_set/vec4 8;
    %jmp/0xz  T_313.0, 8;
    %pushi/vec4 0, 0, 8;
    %assign/vec4 v000002b89227a1a0_0, 0;
    %jmp T_313.1;
T_313.0 ;
    %load/vec4 v000002b89227f2e0_0;
    %flag_set/vec4 8;
    %jmp/0xz  T_313.2, 8;
    %load/vec4 v000002b892279200_0;
    %assign/vec4 v000002b89227a1a0_0, 0;
T_313.2 ;
T_313.1 ;
    %jmp T_313;
    .thread T_313;
    .scope S_000002b892295b60;
T_314 ;
    %wait E_000002b89208b550;
    %load/vec4 v000002b89227e660_0;
    %nor/r;
    %flag_set/vec4 8;
    %jmp/0xz  T_314.0, 8;
    %pushi/vec4 0, 0, 8;
    %assign/vec4 v000002b89227d8a0_0, 0;
    %jmp T_314.1;
T_314.0 ;
    %load/vec4 v000002b89227f2e0_0;
    %flag_set/vec4 8;
    %jmp/0xz  T_314.2, 8;
    %load/vec4 v000002b89227c360_0;
    %assign/vec4 v000002b89227d8a0_0, 0;
T_314.2 ;
T_314.1 ;
    %jmp T_314;
    .thread T_314;
    .scope S_000002b892296c90;
T_315 ;
    %wait E_000002b89208b550;
    %load/vec4 v000002b89227e660_0;
    %nor/r;
    %flag_set/vec4 8;
    %jmp/0xz  T_315.0, 8;
    %pushi/vec4 0, 0, 8;
    %assign/vec4 v000002b89227cb80_0, 0;
    %jmp T_315.1;
T_315.0 ;
    %load/vec4 v000002b89227f2e0_0;
    %flag_set/vec4 8;
    %jmp/0xz  T_315.2, 8;
    %load/vec4 v000002b89227bbe0_0;
    %assign/vec4 v000002b89227cb80_0, 0;
T_315.2 ;
T_315.1 ;
    %jmp T_315;
    .thread T_315;
    .scope S_000002b8922956b0;
T_316 ;
    %wait E_000002b89208b550;
    %load/vec4 v000002b89227e660_0;
    %nor/r;
    %flag_set/vec4 8;
    %jmp/0xz  T_316.0, 8;
    %pushi/vec4 0, 0, 8;
    %assign/vec4 v000002b89227cc20_0, 0;
    %jmp T_316.1;
T_316.0 ;
    %load/vec4 v000002b89227f2e0_0;
    %flag_set/vec4 8;
    %jmp/0xz  T_316.2, 8;
    %load/vec4 v000002b89227c900_0;
    %assign/vec4 v000002b89227cc20_0, 0;
T_316.2 ;
T_316.1 ;
    %jmp T_316;
    .thread T_316;
    .scope S_000002b8922967e0;
T_317 ;
    %wait E_000002b89208b550;
    %load/vec4 v000002b89227e660_0;
    %nor/r;
    %flag_set/vec4 8;
    %jmp/0xz  T_317.0, 8;
    %pushi/vec4 0, 0, 8;
    %assign/vec4 v000002b89227ec00_0, 0;
    %jmp T_317.1;
T_317.0 ;
    %load/vec4 v000002b89227f2e0_0;
    %flag_set/vec4 8;
    %jmp/0xz  T_317.2, 8;
    %load/vec4 v000002b89227e7a0_0;
    %assign/vec4 v000002b89227ec00_0, 0;
T_317.2 ;
T_317.1 ;
    %jmp T_317;
    .thread T_317;
    .scope S_000002b892293c20;
T_318 ;
    %wait E_000002b89208b550;
    %load/vec4 v000002b89227e660_0;
    %nor/r;
    %flag_set/vec4 8;
    %jmp/0xz  T_318.0, 8;
    %pushi/vec4 0, 0, 8;
    %assign/vec4 v000002b89227e480_0, 0;
    %jmp T_318.1;
T_318.0 ;
    %load/vec4 v000002b89227f2e0_0;
    %flag_set/vec4 8;
    %jmp/0xz  T_318.2, 8;
    %load/vec4 v000002b89227e520_0;
    %assign/vec4 v000002b89227e480_0, 0;
T_318.2 ;
T_318.1 ;
    %jmp T_318;
    .thread T_318;
    .scope S_000002b892258e90;
T_319 ;
    %wait E_000002b89208b550;
    %load/vec4 v000002b89227e660_0;
    %nor/r;
    %flag_set/vec4 8;
    %jmp/0xz  T_319.0, 8;
    %pushi/vec4 0, 0, 1;
    %assign/vec4 v000002b89227dc60_0, 0;
    %jmp T_319.1;
T_319.0 ;
    %load/vec4 v000002b89227f2e0_0;
    %assign/vec4 v000002b89227dc60_0, 0;
T_319.1 ;
    %jmp T_319;
    .thread T_319;
    .scope S_000002b89225cd10;
T_320 ;
    %wait E_000002b89208b550;
    %load/vec4 v000002b892271c80_0;
    %nor/r;
    %flag_set/vec4 8;
    %jmp/0xz  T_320.0, 8;
    %pushi/vec4 0, 0, 9;
    %assign/vec4 v000002b892271d20_0, 0;
    %jmp T_320.1;
T_320.0 ;
    %load/vec4 v000002b892271f00_0;
    %flag_set/vec4 9;
    %flag_get/vec4 9;
    %jmp/0 T_320.4, 9;
    %load/vec4 v000002b8922718c0_0;
    %nor/r;
    %and;
T_320.4;
    %flag_set/vec4 8;
    %jmp/0xz  T_320.2, 8;
    %load/vec4 v000002b892273620_0;
    %load/vec4 v000002b892271d20_0;
    %parti/s 8, 0, 2;
    %pad/u 10;
    %ix/vec4 3;
    %ix/load 4, 0, 0; Constant delay
    %assign/vec4/a/d v000002b892271fa0, 0, 4;
    %load/vec4 v000002b892271d20_0;
    %addi 1, 0, 9;
    %assign/vec4 v000002b892271d20_0, 0;
T_320.2 ;
T_320.1 ;
    %jmp T_320;
    .thread T_320;
    .scope S_000002b89225cd10;
T_321 ;
    %wait E_000002b89208b550;
    %load/vec4 v000002b892271c80_0;
    %nor/r;
    %flag_set/vec4 8;
    %jmp/0xz  T_321.0, 8;
    %pushi/vec4 0, 0, 9;
    %assign/vec4 v000002b892272680_0, 0;
    %pushi/vec4 0, 0, 2;
    %assign/vec4 v000002b8922738a0_0, 0;
    %pushi/vec4 0, 0, 128;
    %assign/vec4 v000002b892271280_0, 0;
    %pushi/vec4 0, 0, 1;
    %assign/vec4 v000002b892272360_0, 0;
    %pushi/vec4 0, 0, 64;
    %assign/vec4 v000002b8922724a0_0, 0;
    %pushi/vec4 0, 0, 1;
    %assign/vec4 v000002b892271e60_0, 0;
    %pushi/vec4 0, 0, 1;
    %assign/vec4 v000002b8922715a0_0, 0;
    %pushi/vec4 0, 0, 32;
    %assign/vec4 v000002b892271140_0, 0;
    %pushi/vec4 0, 0, 32;
    %assign/vec4 v000002b892272c20_0, 0;
    %jmp T_321.1;
T_321.0 ;
    %load/vec4 v000002b8922738a0_0;
    %dup/vec4;
    %pushi/vec4 0, 0, 2;
    %cmp/u;
    %jmp/1 T_321.2, 6;
    %dup/vec4;
    %pushi/vec4 1, 0, 2;
    %cmp/u;
    %jmp/1 T_321.3, 6;
    %dup/vec4;
    %pushi/vec4 2, 0, 2;
    %cmp/u;
    %jmp/1 T_321.4, 6;
    %pushi/vec4 0, 0, 2;
    %assign/vec4 v000002b8922738a0_0, 0;
    %pushi/vec4 0, 0, 1;
    %assign/vec4 v000002b892272360_0, 0;
    %pushi/vec4 0, 0, 1;
    %assign/vec4 v000002b892271e60_0, 0;
    %jmp T_321.6;
T_321.2 ;
    %pushi/vec4 0, 0, 1;
    %assign/vec4 v000002b892272360_0, 0;
    %pushi/vec4 0, 0, 1;
    %assign/vec4 v000002b892271e60_0, 0;
    %load/vec4 v000002b892272540_0;
    %nor/r;
    %flag_set/vec4 8;
    %jmp/0xz  T_321.7, 8;
    %load/vec4 v000002b8922715a0_0;
    %nor/r;
    %flag_set/vec4 8;
    %jmp/0xz  T_321.9, 8;
    %pushi/vec4 1, 0, 1;
    %assign/vec4 v000002b8922715a0_0, 0;
    %pushi/vec4 0, 0, 32;
    %assign/vec4 v000002b892271140_0, 0;
    %load/vec4 v000002b8922731c0_0;
    %ix/load 4, 1, 0;
    %flag_set/imm 4, 0;
    %shiftl 4;
    %assign/vec4 v000002b892272c20_0, 0;
T_321.9 ;
    %load/vec4 v000002b892272680_0;
    %parti/s 8, 0, 2;
    %pad/u 10;
    %ix/vec4 4;
    %load/vec4a v000002b892271fa0, 4;
    %assign/vec4 v000002b892271280_0, 0;
    %load/vec4 v000002b892272680_0;
    %parti/s 8, 0, 2;
    %pad/u 10;
    %ix/vec4 4;
    %load/vec4a v000002b892271fa0, 4;
    %parti/s 64, 0, 2;
    %assign/vec4 v000002b8922724a0_0, 0;
    %pushi/vec4 1, 0, 1;
    %assign/vec4 v000002b892272360_0, 0;
    %load/vec4 v000002b8922715a0_0;
    %flag_set/vec4 8;
    %flag_get/vec4 8;
    %jmp/0 T_321.11, 8;
    %load/vec4 v000002b892271140_0;
    %load/vec4 v000002b892272c20_0;
    %subi 1, 0, 32;
    %cmp/e;
    %flag_get/vec4 4;
    %and;
T_321.11;
    %assign/vec4 v000002b892271e60_0, 0;
    %pushi/vec4 1, 0, 2;
    %assign/vec4 v000002b8922738a0_0, 0;
T_321.7 ;
    %jmp T_321.6;
T_321.3 ;
    %load/vec4 v000002b892272360_0;
    %flag_set/vec4 9;
    %flag_get/vec4 9;
    %jmp/0 T_321.14, 9;
    %load/vec4 v000002b892272400_0;
    %and;
T_321.14;
    %flag_set/vec4 8;
    %jmp/0xz  T_321.12, 8;
    %load/vec4 v000002b892271140_0;
    %addi 1, 0, 32;
    %assign/vec4 v000002b892271140_0, 0;
    %load/vec4 v000002b892271280_0;
    %parti/s 64, 64, 8;
    %assign/vec4 v000002b8922724a0_0, 0;
    %pushi/vec4 1, 0, 1;
    %assign/vec4 v000002b892272360_0, 0;
    %load/vec4 v000002b892271140_0;
    %addi 1, 0, 32;
    %load/vec4 v000002b892272c20_0;
    %subi 1, 0, 32;
    %cmp/e;
    %flag_get/vec4 4;
    %assign/vec4 v000002b892271e60_0, 0;
    %pushi/vec4 2, 0, 2;
    %assign/vec4 v000002b8922738a0_0, 0;
T_321.12 ;
    %jmp T_321.6;
T_321.4 ;
    %load/vec4 v000002b892272360_0;
    %flag_set/vec4 9;
    %flag_get/vec4 9;
    %jmp/0 T_321.17, 9;
    %load/vec4 v000002b892272400_0;
    %and;
T_321.17;
    %flag_set/vec4 8;
    %jmp/0xz  T_321.15, 8;
    %load/vec4 v000002b892272c20_0;
    %load/vec4 v000002b892271140_0;
    %addi 1, 0, 32;
    %cmp/u;
    %flag_or 5, 4;
    %jmp/0xz  T_321.18, 5;
    %pushi/vec4 0, 0, 1;
    %assign/vec4 v000002b8922715a0_0, 0;
    %pushi/vec4 0, 0, 32;
    %assign/vec4 v000002b892271140_0, 0;
    %jmp T_321.19;
T_321.18 ;
    %load/vec4 v000002b892271140_0;
    %addi 1, 0, 32;
    %assign/vec4 v000002b892271140_0, 0;
T_321.19 ;
    %load/vec4 v000002b892272680_0;
    %addi 1, 0, 9;
    %assign/vec4 v000002b892272680_0, 0;
    %pushi/vec4 0, 0, 1;
    %assign/vec4 v000002b892272360_0, 0;
    %pushi/vec4 0, 0, 1;
    %assign/vec4 v000002b892271e60_0, 0;
    %pushi/vec4 0, 0, 2;
    %assign/vec4 v000002b8922738a0_0, 0;
T_321.15 ;
    %jmp T_321.6;
T_321.6 ;
    %pop/vec4 1;
T_321.1 ;
    %jmp T_321;
    .thread T_321;
    .scope S_000002b89207c0d0;
T_322 ;
    %wait E_000002b89208b550;
    %load/vec4 v000002b8922850a0_0;
    %nor/r;
    %flag_set/vec4 8;
    %jmp/0xz  T_322.0, 8;
    %pushi/vec4 0, 0, 1;
    %assign/vec4 v000002b8922819a0_0, 0;
    %jmp T_322.1;
T_322.0 ;
    %load/vec4 v000002b8922803c0_0;
    %assign/vec4 v000002b8922819a0_0, 0;
T_322.1 ;
    %jmp T_322;
    .thread T_322;
    .scope S_000002b89207c0d0;
T_323 ;
    %wait E_000002b89208b550;
    %load/vec4 v000002b8922850a0_0;
    %nor/r;
    %flag_set/vec4 8;
    %jmp/0xz  T_323.0, 8;
    %pushi/vec4 0, 0, 1;
    %assign/vec4 v000002b892280e60_0, 0;
    %jmp T_323.1;
T_323.0 ;
    %load/vec4 v000002b892282300_0;
    %assign/vec4 v000002b892280e60_0, 0;
T_323.1 ;
    %jmp T_323;
    .thread T_323;
    .scope S_000002b891dc27d0;
T_324 ;
    %pushi/vec4 0, 0, 32;
    %store/vec4 v000002b8922869a0_0, 0, 32;
    %end;
    .thread T_324, $init;
    .scope S_000002b891dc27d0;
T_325 ;
    %delay 5000, 0;
    %load/vec4 v000002b8922856e0_0;
    %inv;
    %store/vec4 v000002b8922856e0_0, 0, 1;
    %jmp T_325;
    .thread T_325;
    .scope S_000002b891dc27d0;
T_326 ;
    %vpi_call/w 3 97 "$readmemh", "src/data/test_data_top/axis_input.mem", v000002b892286540 {0 0 0};
    %vpi_call/w 3 98 "$readmemh", "src/data/test_data_top/axis_weight.mem", v000002b892286900 {0 0 0};
    %vpi_call/w 3 99 "$readmemh", "src/data/test_data_top/axis_golden.mem", v000002b892286860 {0 0 0};
    %vpi_call/w 3 100 "$readmemh", "src/data/test_data_top/ram_golden_c01.mem", v000002b892286180 {0 0 0};
    %vpi_call/w 3 101 "$readmemh", "src/data/test_data_top/config.mem", v000002b8922860e0 {0 0 0};
    %ix/load 4, 4, 0;
    %flag_set/imm 4, 0;
    %load/vec4a v000002b8922860e0, 4;
    %store/vec4 v000002b892284240_0, 0, 32;
    %ix/load 4, 5, 0;
    %flag_set/imm 4, 0;
    %load/vec4a v000002b8922860e0, 4;
    %store/vec4 v000002b892283ac0_0, 0, 32;
    %ix/load 4, 6, 0;
    %flag_set/imm 4, 0;
    %load/vec4a v000002b8922860e0, 4;
    %store/vec4 v000002b892283520_0, 0, 32;
    %ix/load 4, 7, 0;
    %flag_set/imm 4, 0;
    %load/vec4a v000002b8922860e0, 4;
    %store/vec4 v000002b892284560_0, 0, 32;
    %ix/load 4, 8, 0;
    %flag_set/imm 4, 0;
    %load/vec4a v000002b8922860e0, 4;
    %store/vec4 v000002b892282ee0_0, 0, 32;
    %ix/load 4, 9, 0;
    %flag_set/imm 4, 0;
    %load/vec4a v000002b8922860e0, 4;
    %store/vec4 v000002b892283f20_0, 0, 32;
    %load/vec4 v000002b892282ee0_0;
    %pushi/vec4 12, 0, 32;
    %div/s;
    %store/vec4 v000002b892284600_0, 0, 32;
    %load/vec4 v000002b892283f20_0;
    %pushi/vec4 16, 0, 32;
    %div/s;
    %store/vec4 v000002b8922833e0_0, 0, 32;
    %load/vec4 v000002b892284560_0;
    %muli 3, 0, 32;
    %pushi/vec4 2, 0, 32;
    %div/s;
    %store/vec4 v000002b8922844c0_0, 0, 32;
    %pushi/vec4 24, 0, 32;
    %store/vec4 v000002b8922835c0_0, 0, 32;
    %load/vec4 v000002b892284560_0;
    %muli 2, 0, 32;
    %store/vec4 v000002b892282f80_0, 0, 32;
    %vpi_call/w 3 116 "$display", "[CFG] M=%0d K=%0d N=%0d", v000002b892284240_0, v000002b892283ac0_0, v000002b892283520_0 {0 0 0};
    %vpi_call/w 3 117 "$display", "[CFG] M_PAD=%0d K_PAD=%0d N_PAD=%0d", v000002b892284560_0, v000002b892282ee0_0, v000002b892283f20_0 {0 0 0};
    %vpi_call/w 3 118 "$display", "[CFG] K_TILES=%0d N_TILES=%0d", v000002b892284600_0, v000002b8922833e0_0 {0 0 0};
    %vpi_call/w 3 119 "$display", "[CFG] INPUT_WORDS_PER_TILE=%0d", v000002b8922844c0_0 {0 0 0};
    %vpi_call/w 3 120 "$display", "[CFG] OUTPUT_WORDS_PER_TILE=%0d", v000002b892282f80_0 {0 0 0};
    %end;
    .thread T_326;
    .scope S_000002b891dc27d0;
T_327 ;
    %vpi_call/w 3 390 "$dumpfile", "src/sim/top_verify.vcd" {0 0 0};
    %vpi_call/w 3 391 "$dumpvars", 32'sb00000000000000000000000000000000, S_000002b891dc27d0 {0 0 0};
    %pushi/vec4 0, 0, 1;
    %store/vec4 v000002b8922856e0_0, 0, 1;
    %pushi/vec4 0, 0, 1;
    %store/vec4 v000002b8922853c0_0, 0, 1;
    %pushi/vec4 0, 0, 1;
    %store/vec4 v000002b892285fa0_0, 0, 1;
    %pushi/vec4 0, 0, 1;
    %store/vec4 v000002b892285960_0, 0, 1;
    %pushi/vec4 0, 0, 1;
    %store/vec4 v000002b892285780_0, 0, 1;
    %pushi/vec4 0, 0, 1;
    %store/vec4 v000002b892286a40_0, 0, 1;
    %pushi/vec4 0, 0, 1;
    %store/vec4 v000002b892285dc0_0, 0, 1;
    %pushi/vec4 0, 0, 1;
    %store/vec4 v000002b892283700_0, 0, 1;
    %pushi/vec4 0, 0, 1;
    %store/vec4 v000002b892283200_0, 0, 1;
    %pushi/vec4 0, 0, 1;
    %store/vec4 v000002b892286ae0_0, 0, 1;
    %pushi/vec4 0, 0, 6;
    %store/vec4 v000002b892286ea0_0, 0, 6;
    %pushi/vec4 0, 0, 6;
    %store/vec4 v000002b892286360_0, 0, 6;
    %delay 20000, 0;
    %pushi/vec4 1, 0, 1;
    %store/vec4 v000002b8922853c0_0, 0, 1;
    %delay 50000, 0;
    %vpi_call/w 3 401 "$display", "=== START SYSTEM TOP VERIFICATION ===" {0 0 0};
    %pushi/vec4 0, 0, 6;
    %store/vec4 v000002b892079f20_0, 0, 6;
    %pushi/vec4 2, 0, 32;
    %store/vec4 v000002b892079ca0_0, 0, 32;
    %fork TD_deit_accelerator_top_tb.axi_lite_write, S_000002b89205aa70;
    %join;
    %pushi/vec4 8, 0, 6;
    %store/vec4 v000002b892079f20_0, 0, 6;
    %load/vec4 v000002b892284560_0;
    %store/vec4 v000002b892079ca0_0, 0, 32;
    %fork TD_deit_accelerator_top_tb.axi_lite_write, S_000002b89205aa70;
    %join;
    %pushi/vec4 20, 0, 6;
    %store/vec4 v000002b892079f20_0, 0, 6;
    %ix/load 4, 0, 0;
    %flag_set/imm 4, 0;
    %load/vec4a v000002b8922860e0, 4;
    %store/vec4 v000002b892079ca0_0, 0, 32;
    %fork TD_deit_accelerator_top_tb.axi_lite_write, S_000002b89205aa70;
    %join;
    %pushi/vec4 24, 0, 6;
    %store/vec4 v000002b892079f20_0, 0, 6;
    %ix/load 4, 1, 0;
    %flag_set/imm 4, 0;
    %load/vec4a v000002b8922860e0, 4;
    %store/vec4 v000002b892079ca0_0, 0, 32;
    %fork TD_deit_accelerator_top_tb.axi_lite_write, S_000002b89205aa70;
    %join;
    %pushi/vec4 28, 0, 6;
    %store/vec4 v000002b892079f20_0, 0, 6;
    %ix/load 4, 2, 0;
    %flag_set/imm 4, 0;
    %load/vec4a v000002b8922860e0, 4;
    %store/vec4 v000002b892079ca0_0, 0, 32;
    %fork TD_deit_accelerator_top_tb.axi_lite_write, S_000002b89205aa70;
    %join;
    %pushi/vec4 32, 0, 6;
    %store/vec4 v000002b892079f20_0, 0, 6;
    %ix/load 4, 3, 0;
    %flag_set/imm 4, 0;
    %load/vec4a v000002b8922860e0, 4;
    %store/vec4 v000002b892079ca0_0, 0, 32;
    %fork TD_deit_accelerator_top_tb.axi_lite_write, S_000002b89205aa70;
    %join;
    %pushi/vec4 0, 0, 32;
    %store/vec4 v000002b8922862c0_0, 0, 32;
T_327.0 ;
    %load/vec4 v000002b8922862c0_0;
    %load/vec4 v000002b8922833e0_0;
    %cmp/s;
    %jmp/0xz T_327.1, 5;
    %vpi_call/w 3 412 "$display", "\012[TILE] === N=%0d ===", v000002b8922862c0_0 {0 0 0};
    %pushi/vec4 0, 0, 32;
    %store/vec4 v000002b892285a00_0, 0, 32;
T_327.2 ;
    %load/vec4 v000002b892285a00_0;
    %load/vec4 v000002b892284600_0;
    %cmp/s;
    %jmp/0xz T_327.3, 5;
    %vpi_call/w 3 414 "$display", "[TILE] -> K=%0d", v000002b892285a00_0 {0 0 0};
    %load/vec4 v000002b892285a00_0;
    %cmpi/e 0, 0, 32;
    %flag_mov 8, 4;
    %jmp/0 T_327.4, 8;
    %pushi/vec4 0, 0, 2;
    %jmp/1 T_327.5, 8;
T_327.4 ; End of true expr.
    %pushi/vec4 1, 0, 2;
    %jmp/0 T_327.5, 8;
 ; End of false expr.
    %blend;
T_327.5;
    %pad/s 1;
    %store/vec4 v000002b892284740_0, 0, 1;
    %load/vec4 v000002b892285a00_0;
    %load/vec4 v000002b892284600_0;
    %subi 1, 0, 32;
    %cmp/e;
    %flag_mov 8, 4;
    %jmp/0 T_327.6, 8;
    %pushi/vec4 1, 0, 2;
    %jmp/1 T_327.7, 8;
T_327.6 ; End of true expr.
    %pushi/vec4 0, 0, 2;
    %jmp/0 T_327.7, 8;
 ; End of false expr.
    %blend;
T_327.7;
    %pad/s 1;
    %store/vec4 v000002b892285140_0, 0, 1;
    %pushi/vec4 36, 0, 6;
    %store/vec4 v000002b892079f20_0, 0, 6;
    %load/vec4 v000002b892285140_0;
    %pad/u 32;
    %store/vec4 v000002b892079ca0_0, 0, 32;
    %fork TD_deit_accelerator_top_tb.axi_lite_write, S_000002b89205aa70;
    %join;
    %pushi/vec4 12, 0, 6;
    %store/vec4 v000002b892079f20_0, 0, 6;
    %load/vec4 v000002b892284740_0;
    %pad/u 32;
    %store/vec4 v000002b892079ca0_0, 0, 32;
    %fork TD_deit_accelerator_top_tb.axi_lite_write, S_000002b89205aa70;
    %join;
    %fork TD_deit_accelerator_top_tb.wait_idle, S_000002b892296010;
    %join;
    %load/vec4 v000002b892285a00_0;
    %store/vec4 v000002b892284920_0, 0, 32;
    %fork TD_deit_accelerator_top_tb.send_input_tile, S_000002b892293a90;
    %join;
    %fork t_17, S_000002b891dc27d0;
    %fork t_18, S_000002b891dc27d0;
    %join;
    %join;
    %jmp t_16;
t_17 ;
    %pushi/vec4 0, 0, 6;
    %store/vec4 v000002b892079f20_0, 0, 6;
    %pushi/vec4 3, 0, 32;
    %store/vec4 v000002b892079ca0_0, 0, 32;
    %fork TD_deit_accelerator_top_tb.axi_lite_write, S_000002b89205aa70;
    %join;
    %end;
t_18 ;
    %load/vec4 v000002b8922862c0_0;
    %store/vec4 v000002b892282e40_0, 0, 32;
    %load/vec4 v000002b892285a00_0;
    %store/vec4 v000002b892282c60_0, 0, 32;
    %fork TD_deit_accelerator_top_tb.send_weight_tile, S_000002b8922964c0;
    %join;
    %end;
    .scope S_000002b891dc27d0;
t_16 ;
    %load/vec4 v000002b8922862c0_0;
    %store/vec4 v000002b892079b60_0, 0, 32;
    %load/vec4 v000002b892285a00_0;
    %store/vec4 v000002b89207a560_0, 0, 32;
    %pushi/vec4 0, 0, 32; draw_string_vec4
    %pushi/vec4 4277844, 0, 32; draw_string_vec4
    %concat/vec4; draw_string_vec4
    %pushi/vec4 1163026259, 0, 32; draw_string_vec4
    %concat/vec4; draw_string_vec4
    %pushi/vec4 1413567060, 0, 32; draw_string_vec4
    %concat/vec4; draw_string_vec4
    %store/vec4 v000002b892078e40_0, 0, 128;
    %fork TD_deit_accelerator_top_tb.ckpt_a, S_000002b8916f3eb0;
    %join;
    %load/vec4 v000002b8922862c0_0;
    %store/vec4 v000002b892079840_0, 0, 32;
    %load/vec4 v000002b892285a00_0;
    %store/vec4 v000002b892078ee0_0, 0, 32;
    %fork TD_deit_accelerator_top_tb.count_activity, S_000002b89207c580;
    %join;
    %fork TD_deit_accelerator_top_tb.wait_for_done, S_000002b892295e80;
    %join;
    %load/vec4 v000002b8922862c0_0;
    %store/vec4 v000002b892079b60_0, 0, 32;
    %load/vec4 v000002b892285a00_0;
    %store/vec4 v000002b89207a560_0, 0, 32;
    %pushi/vec4 0, 0, 32; draw_string_vec4
    %pushi/vec4 16710, 0, 32; draw_string_vec4
    %concat/vec4; draw_string_vec4
    %pushi/vec4 1413829215, 0, 32; draw_string_vec4
    %concat/vec4; draw_string_vec4
    %pushi/vec4 1146048069, 0, 32; draw_string_vec4
    %concat/vec4; draw_string_vec4
    %store/vec4 v000002b892078e40_0, 0, 128;
    %fork TD_deit_accelerator_top_tb.ckpt_a, S_000002b8916f3eb0;
    %join;
    %load/vec4 v000002b8922862c0_0;
    %store/vec4 v000002b892078bc0_0, 0, 32;
    %load/vec4 v000002b892285a00_0;
    %store/vec4 v000002b8920797a0_0, 0, 32;
    %fork TD_deit_accelerator_top_tb.check_acc_ckpt, S_000002b891663dd0;
    %join;
    %load/vec4 v000002b892285140_0;
    %flag_set/vec4 8;
    %jmp/0xz  T_327.8, 8;
    %load/vec4 v000002b8922862c0_0;
    %store/vec4 v000002b892079fc0_0, 0, 32;
    %fork TD_deit_accelerator_top_tb.check_outbuf_mem, S_000002b891663f60;
    %join;
    %load/vec4 v000002b8922862c0_0;
    %store/vec4 v000002b892079160_0, 0, 32;
    %pushi/vec4 0, 0, 32;
    %store/vec4 v000002b8920784e0_0, 0, 32;
    %fork TD_deit_accelerator_top_tb.ckpt_outbuf_state, S_000002b89166f580;
    %join;
    %load/vec4 v000002b8922862c0_0;
    %store/vec4 v000002b892078d00_0, 0, 32;
    %fork TD_deit_accelerator_top_tb.check_output_stream, S_000002b8916582d0;
    %join;
    %load/vec4 v000002b8922862c0_0;
    %store/vec4 v000002b892079160_0, 0, 32;
    %pushi/vec4 1, 0, 32;
    %store/vec4 v000002b8920784e0_0, 0, 32;
    %fork TD_deit_accelerator_top_tb.ckpt_outbuf_state, S_000002b89166f580;
    %join;
T_327.8 ;
    %load/vec4 v000002b892285a00_0;
    %addi 1, 0, 32;
    %store/vec4 v000002b892285a00_0, 0, 32;
    %jmp T_327.2;
T_327.3 ;
    %load/vec4 v000002b8922862c0_0;
    %addi 1, 0, 32;
    %store/vec4 v000002b8922862c0_0, 0, 32;
    %jmp T_327.0;
T_327.1 ;
    %load/vec4 v000002b8922869a0_0;
    %cmpi/e 0, 0, 32;
    %jmp/0xz  T_327.10, 4;
    %vpi_call/w 3 452 "$display", "\012=== SUCCESS: Full System Verified ===\012" {0 0 0};
    %jmp T_327.11;
T_327.10 ;
    %vpi_call/w 3 453 "$display", "\012=== FAILURE: Found %0d Errors ===\012", v000002b8922869a0_0 {0 0 0};
T_327.11 ;
    %vpi_call/w 3 455 "$finish" {0 0 0};
    %end;
    .thread T_327;
# The file index is used to find the file name in the following table.
:file_names 16;
    "N/A";
    "<interactive>";
    "-";
    "src\tb\deit_accelerator_top_tb.v";
    "src\rtl\deit_accelerator_top.v";
    "src\rtl\axi_lite_control.v";
    "src\rtl\deit_core.v";
    "src\rtl\accumulator_bank.v";
    "src\rtl\single_column_bank.v";
    "src\rtl\systolic_array.v";
    "src\rtl\pe.v";
    "src\rtl\global_controller.v";
    "src\rtl\input_buffer_ctrl.v";
    "src\rtl\output_buffer_ctrl.v";
    "src\rtl\ppu.v";
    "src\rtl\weight_buffer_ctrl.v";
