#! /c/Source/iverilog-install/bin/vvp
:ivl_version "12.0 (devel)" "(s20150603-1539-g2693dd32b)";
:ivl_delay_selection "TYPICAL";
:vpi_time_precision - 12;
:vpi_module "G:\iverilog\lib\ivl\system.vpi";
:vpi_module "G:\iverilog\lib\ivl\vhdl_sys.vpi";
:vpi_module "G:\iverilog\lib\ivl\vhdl_textio.vpi";
:vpi_module "G:\iverilog\lib\ivl\v2005_math.vpi";
:vpi_module "G:\iverilog\lib\ivl\va_math.vpi";
:vpi_module "G:\iverilog\lib\ivl\v2009.vpi";
S_00000140569a8750 .scope package, "$unit" "$unit" 2 1;
 .timescale 0 0;
S_0000014056cf21e0 .scope module, "deit_accelerator_top_tb_dual" "deit_accelerator_top_tb_dual" 3 7;
 .timescale -9 -12;
P_00000140562f6db0 .param/l "ARRAY_COL" 1 3 13, +C4<00000000000000000000000000010000>;
P_00000140562f6de8 .param/l "ARRAY_ROW" 1 3 12, +C4<00000000000000000000000000001100>;
P_00000140562f6e20 .param/l "C_S_AXI_ADDR_WIDTH" 1 3 11, +C4<00000000000000000000000000000110>;
P_00000140562f6e58 .param/l "C_S_AXI_DATA_WIDTH" 1 3 10, +C4<00000000000000000000000000100000>;
P_00000140562f6e90 .param/l "MAX_INPUT_WORDS" 1 3 18, +C4<00000000000000000010011100010000>;
P_00000140562f6ec8 .param/l "MAX_OUTPUT_WORDS" 1 3 20, +C4<00000000000000000010011100010000>;
P_00000140562f6f00 .param/l "MAX_RAM_GOLDEN_WORDS" 1 3 21, +C4<00000000000000110000110101000000>;
P_00000140562f6f38 .param/l "MAX_WEIGHT_WORDS" 1 3 19, +C4<00000000000000000010011100010000>;
P_00000140562f6f70 .param/l "TIMEOUT_CYCLES" 1 3 15, +C4<00000000000000110000110101000000>;
v0000014056ea0260_0 .var/i "INPUT_WORDS_PER_TILE", 31 0;
v0000014056ea0440_0 .var/i "K_ORIG", 31 0;
v0000014056e81180_0 .var/i "K_PAD", 31 0;
v0000014056e835c0_0 .var/i "K_TILES", 31 0;
v0000014056e82c60_0 .var/i "M_ORIG", 31 0;
v0000014056e830c0_0 .var/i "M_PAD", 31 0;
v0000014056e81860_0 .var/i "N_ORIG", 31 0;
v0000014056e83700_0 .var/i "N_PAD", 31 0;
v0000014056e828a0_0 .var/i "N_TILES", 31 0;
v0000014056e823a0_0 .var/i "OUTPUT_WORDS_PER_TILE", 31 0;
v0000014056e83660_0 .var/i "WEIGHT_WORDS_PER_TILE", 31 0;
v0000014056e82800_0 .var "axis_in_tdata", 63 0;
v0000014056e81220_0 .var "axis_in_tlast", 0 0;
L_0000014056eb10e8 .functor BUFT 1, C4<1>, C4<0>, C4<0>, C4<0>;
v0000014056e82bc0_0 .net "axis_in_tready", 0 0, L_0000014056eb10e8;  1 drivers
v0000014056e824e0_0 .var "axis_in_tvalid", 0 0;
v0000014056e81a40_0 .net "axis_out_tdata", 63 0, v0000014056e8ef60_0;  1 drivers
L_0000014056eb3260 .functor BUFT 1, C4<0>, C4<0>, C4<0>, C4<0>;
v0000014056e81ea0_0 .net "axis_out_tlast", 0 0, L_0000014056eb3260;  1 drivers
v0000014056e814a0_0 .var "axis_out_tready", 0 0;
v0000014056e83840_0 .net "axis_out_tvalid", 0 0, v0000014056e8e100_0;  1 drivers
v0000014056e82620_0 .var "clk", 0 0;
v0000014056e81900_0 .var/i "err_cnt", 31 0;
v0000014056e81540 .array "file_axis_golden", 9999 0, 63 0;
v0000014056e81720 .array "file_axis_input", 9999 0, 63 0;
v0000014056e82a80 .array "file_axis_weight", 9999 0, 63 0;
v0000014056e817c0 .array "file_config", 9 0, 31 0;
v0000014056e837a0 .array "file_ram_golden", 199999 0, 63 0;
v0000014056e81b80_0 .var "rst_n", 0 0;
v0000014056e83160_0 .var "s_axi_araddr", 5 0;
v0000014056e83020_0 .net "s_axi_arready", 0 0, v0000014056cb6ae0_0;  1 drivers
v0000014056e82120_0 .var "s_axi_arvalid", 0 0;
v0000014056e821c0_0 .var "s_axi_awaddr", 5 0;
v0000014056e81cc0_0 .net "s_axi_awready", 0 0, v0000014056cb7ee0_0;  1 drivers
v0000014056e81360_0 .var "s_axi_awvalid", 0 0;
v0000014056e82d00_0 .var "s_axi_bready", 0 0;
L_0000014056eb1058 .functor BUFT 1, C4<00>, C4<0>, C4<0>, C4<0>;
v0000014056e81f40_0 .net "s_axi_bresp", 1 0, L_0000014056eb1058;  1 drivers
v0000014056e82b20_0 .net "s_axi_bvalid", 0 0, v0000014056cb5a00_0;  1 drivers
v0000014056e810e0_0 .net "s_axi_rdata", 31 0, v0000014056cb5aa0_0;  1 drivers
v0000014056e82440_0 .var "s_axi_rready", 0 0;
L_0000014056eb10a0 .functor BUFT 1, C4<00>, C4<0>, C4<0>, C4<0>;
v0000014056e81fe0_0 .net "s_axi_rresp", 1 0, L_0000014056eb10a0;  1 drivers
v0000014056e83520_0 .net "s_axi_rvalid", 0 0, v0000014056cb58c0_0;  1 drivers
v0000014056e82e40_0 .var "s_axi_wdata", 31 0;
v0000014056e82260_0 .net "s_axi_wready", 0 0, v0000014056cb7620_0;  1 drivers
v0000014056e82da0_0 .var "s_axi_wstrb", 3 0;
v0000014056e82300_0 .var "s_axi_wvalid", 0 0;
S_00000140562f6fb0 .scope task, "axi_lite_write" "axi_lite_write" 3 97, 3 97 0, S_0000014056cf21e0;
 .timescale -9 -12;
v0000014056cb35c0_0 .var "addr", 5 0;
v0000014056cb56e0_0 .var "data", 31 0;
E_0000014056cf5fe0 .event posedge, v0000014056cb38e0_0;
E_0000014056cf6460 .event anyedge, v0000014056cb5a00_0;
E_0000014056cf69e0 .event anyedge, v0000014056cb7ee0_0, v0000014056cb7620_0;
TD_deit_accelerator_top_tb_dual.axi_lite_write ;
    %wait E_0000014056cf5fe0;
    %load/vec4 v0000014056cb35c0_0;
    %assign/vec4 v0000014056e821c0_0, 0;
    %pushi/vec4 1, 0, 1;
    %assign/vec4 v0000014056e81360_0, 0;
    %load/vec4 v0000014056cb56e0_0;
    %assign/vec4 v0000014056e82e40_0, 0;
    %pushi/vec4 15, 0, 4;
    %assign/vec4 v0000014056e82da0_0, 0;
    %pushi/vec4 1, 0, 1;
    %assign/vec4 v0000014056e82300_0, 0;
    %pushi/vec4 1, 0, 1;
    %assign/vec4 v0000014056e82d00_0, 0;
T_0.0 ;
    %load/vec4 v0000014056e81cc0_0;
    %flag_set/vec4 8;
    %flag_get/vec4 8;
    %jmp/0 T_0.2, 8;
    %load/vec4 v0000014056e82260_0;
    %and;
T_0.2;
    %cmpi/ne 1, 0, 1;
    %jmp/0xz T_0.1, 6;
    %wait E_0000014056cf69e0;
    %jmp T_0.0;
T_0.1 ;
    %wait E_0000014056cf5fe0;
    %pushi/vec4 0, 0, 1;
    %assign/vec4 v0000014056e81360_0, 0;
    %pushi/vec4 0, 0, 1;
    %assign/vec4 v0000014056e82300_0, 0;
T_0.3 ;
    %load/vec4 v0000014056e82b20_0;
    %cmpi/ne 1, 0, 1;
    %jmp/0xz T_0.4, 6;
    %wait E_0000014056cf6460;
    %jmp T_0.3;
T_0.4 ;
    %wait E_0000014056cf5fe0;
    %pushi/vec4 0, 0, 1;
    %assign/vec4 v0000014056e82d00_0, 0;
    %end;
S_00000140562d3dd0 .scope task, "check_acc_ckpt" "check_acc_ckpt" 3 223, 3 223 0, S_0000014056cf21e0;
 .timescale -9 -12;
v0000014056cb3840_0 .var "act_c0", 31 0;
v0000014056cb42e0_0 .var "act_c1", 31 0;
v0000014056cb55a0_0 .var/i "base", 31 0;
v0000014056cb3e80_0 .var "expected", 63 0;
v0000014056cb3fc0_0 .var/i "k_idx", 31 0;
v0000014056cb5140_0 .var/i "n_idx", 31 0;
v0000014056cb32a0_0 .var/i "t", 31 0;
TD_deit_accelerator_top_tb_dual.check_acc_ckpt ;
    %load/vec4 v0000014056cb5140_0;
    %load/vec4 v0000014056e835c0_0;
    %mul;
    %load/vec4 v0000014056cb3fc0_0;
    %add;
    %load/vec4 v0000014056e830c0_0;
    %mul;
    %store/vec4 v0000014056cb55a0_0, 0, 32;
    %pushi/vec4 0, 0, 32;
    %store/vec4 v0000014056cb32a0_0, 0, 32;
T_1.5 ;
    %load/vec4 v0000014056cb32a0_0;
    %cmpi/s 4, 0, 32;
    %flag_get/vec4 5;
    %jmp/0 T_1.7, 5;
    %load/vec4 v0000014056cb32a0_0;
    %load/vec4 v0000014056e830c0_0;
    %cmp/s;
    %flag_get/vec4 5;
    %and;
T_1.7;
    %flag_set/vec4 8;
    %jmp/0xz T_1.6, 8;
    %load/vec4 v0000014056cb55a0_0;
    %load/vec4 v0000014056cb32a0_0;
    %add;
    %ix/vec4/s 4;
    %load/vec4a v0000014056e837a0, 4;
    %store/vec4 v0000014056cb3e80_0, 0, 64;
    %ix/getv/s 4, v0000014056cb32a0_0;
    %load/vec4a v0000014056cb8840, 4;
    %store/vec4 v0000014056cb3840_0, 0, 32;
    %ix/getv/s 4, v0000014056cb32a0_0;
    %load/vec4a v0000014056cb88e0, 4;
    %store/vec4 v0000014056cb42e0_0, 0, 32;
    %load/vec4 v0000014056cb42e0_0;
    %load/vec4 v0000014056cb3840_0;
    %concat/vec4; draw_concat_vec4
    %load/vec4 v0000014056cb3e80_0;
    %cmp/ne;
    %jmp/0xz  T_1.8, 6;
    %load/vec4 v0000014056cb42e0_0;
    %load/vec4 v0000014056cb3840_0;
    %concat/vec4; draw_concat_vec4
    %vpi_call/w 3 238 "$display", "[CKPT-B][FAIL] n=%0d k=%0d addr=%0d exp=%h got=%h", v0000014056cb5140_0, v0000014056cb3fc0_0, v0000014056cb32a0_0, v0000014056cb3e80_0, S<0,vec4,u64> {1 0 0};
    %load/vec4 v0000014056e81900_0;
    %addi 1, 0, 32;
    %store/vec4 v0000014056e81900_0, 0, 32;
    %jmp T_1.9;
T_1.8 ;
    %vpi_call/w 3 242 "$display", "[CKPT-B][PASS] n=%0d k=%0d addr=%0d val=%h", v0000014056cb5140_0, v0000014056cb3fc0_0, v0000014056cb32a0_0, v0000014056cb3e80_0 {0 0 0};
T_1.9 ;
    %load/vec4 v0000014056cb32a0_0;
    %addi 1, 0, 32;
    %store/vec4 v0000014056cb32a0_0, 0, 32;
    %jmp T_1.5;
T_1.6 ;
    %end;
S_00000140562d3f60 .scope task, "check_outbuf_mem" "check_outbuf_mem" 3 291, 3 291 0, S_0000014056cf21e0;
 .timescale -9 -12;
v0000014056cb4b00_0 .var "actual128", 127 0;
v0000014056cb51e0_0 .var/i "base", 31 0;
v0000014056cb5280_0 .var "expected128", 127 0;
v0000014056cb5780_0 .var/i "n_idx", 31 0;
v0000014056cb4f60_0 .var/i "start", 31 0;
v0000014056cb4920_0 .var/i "t", 31 0;
TD_deit_accelerator_top_tb_dual.check_outbuf_mem ;
    %fork t_1, S_00000140562c8140;
    %jmp t_0;
    .scope S_00000140562c8140;
t_1 ;
    %vpi_call/w 3 299 "$display", "[CKPT-D] Checking output buffer FIFO (n=%0d)", v0000014056cb5780_0 {0 0 0};
    %load/vec4 v0000014056cb5780_0;
    %load/vec4 v0000014056e823a0_0;
    %mul;
    %store/vec4 v0000014056cb51e0_0, 0, 32;
    %load/vec4 v0000014056e8da20_0;
    %parti/s 8, 0, 2;
    %pad/u 32;
    %store/vec4 v0000014056cb4f60_0, 0, 32;
    %pushi/vec4 0, 0, 32;
    %store/vec4 v0000014056cb4920_0, 0, 32;
T_2.10 ;
    %load/vec4 v0000014056cb4920_0;
    %cmpi/s 4, 0, 32;
    %jmp/0xz T_2.11, 5;
    %load/vec4 v0000014056cb51e0_0;
    %load/vec4 v0000014056cb4920_0;
    %muli 2, 0, 32;
    %add;
    %addi 1, 0, 32;
    %ix/vec4/s 4;
    %load/vec4a v0000014056e81540, 4;
    %load/vec4 v0000014056cb51e0_0;
    %load/vec4 v0000014056cb4920_0;
    %muli 2, 0, 32;
    %add;
    %ix/vec4/s 4;
    %load/vec4a v0000014056e81540, 4;
    %concat/vec4; draw_concat_vec4
    %store/vec4 v0000014056cb5280_0, 0, 128;
    %load/vec4 v0000014056cb4f60_0;
    %load/vec4 v0000014056cb4920_0;
    %add;
    %ix/vec4/s 4;
    %load/vec4a v0000014056e8e740, 4;
    %store/vec4 v0000014056cb4b00_0, 0, 128;
    %load/vec4 v0000014056cb4b00_0;
    %load/vec4 v0000014056cb5280_0;
    %cmp/ne;
    %jmp/0xz  T_2.12, 6;
    %vpi_call/w 3 306 "$display", "[CKPT-D][FAIL] n=%0d row=%0d exp=%h got=%h", v0000014056cb5780_0, v0000014056cb4920_0, v0000014056cb5280_0, v0000014056cb4b00_0 {0 0 0};
    %load/vec4 v0000014056e81900_0;
    %addi 1, 0, 32;
    %store/vec4 v0000014056e81900_0, 0, 32;
    %jmp T_2.13;
T_2.12 ;
    %vpi_call/w 3 309 "$display", "[CKPT-D][PASS] n=%0d row=%0d val=%h", v0000014056cb5780_0, v0000014056cb4920_0, v0000014056cb4b00_0 {0 0 0};
T_2.13 ;
    %load/vec4 v0000014056cb4920_0;
    %addi 1, 0, 32;
    %store/vec4 v0000014056cb4920_0, 0, 32;
    %jmp T_2.10;
T_2.11 ;
    %end;
    .scope S_00000140562d3f60;
t_0 %join;
    %end;
S_00000140562c8140 .scope begin, "CHECK_OBUF" "CHECK_OBUF" 3 298, 3 298 0, S_00000140562d3f60;
 .timescale -9 -12;
S_00000140562c82d0 .scope task, "check_output_stream" "check_output_stream" 3 249, 3 249 0, S_0000014056cf21e0;
 .timescale -9 -12;
v0000014056cb4c40_0 .var/i "base", 31 0;
v0000014056cb4560_0 .var/i "cycles", 31 0;
v0000014056cb5820_0 .var "expected", 63 0;
v0000014056cb30c0_0 .var/i "i", 31 0;
v0000014056cb3160_0 .var/i "n_idx", 31 0;
v0000014056cb4ce0_0 .var "sampled", 63 0;
TD_deit_accelerator_top_tb_dual.check_output_stream ;
    %fork t_3, S_0000014056330fa0;
    %jmp t_2;
    .scope S_0000014056330fa0;
t_3 ;
    %vpi_call/w 3 257 "$display", "[CKPT-C] Checking output stream for N tile %0d", v0000014056cb3160_0 {0 0 0};
    %pushi/vec4 1, 0, 1;
    %assign/vec4 v0000014056e814a0_0, 0;
    %load/vec4 v0000014056cb3160_0;
    %load/vec4 v0000014056e823a0_0;
    %mul;
    %store/vec4 v0000014056cb4c40_0, 0, 32;
    %pushi/vec4 0, 0, 32;
    %store/vec4 v0000014056cb30c0_0, 0, 32;
T_3.14 ;
    %load/vec4 v0000014056cb30c0_0;
    %load/vec4 v0000014056e823a0_0;
    %cmp/s;
    %jmp/0xz T_3.15, 5;
    %fork t_5, S_0000014056331130;
    %jmp t_4;
    .scope S_0000014056331130;
t_5 ;
    %pushi/vec4 0, 0, 32;
    %store/vec4 v0000014056cb4560_0, 0, 32;
    %fork t_7, S_00000140563564b0;
    %jmp t_6;
    .scope S_00000140563564b0;
t_7 ;
T_3.16 ;
    %pushi/vec4 1, 0, 32;
    %or/r;
    %flag_set/vec4 8;
    %jmp/0xz T_3.17, 8;
    %wait E_0000014056cf5fe0;
    %load/vec4 v0000014056cb4560_0;
    %addi 1, 0, 32;
    %store/vec4 v0000014056cb4560_0, 0, 32;
    %load/vec4 v0000014056e83840_0;
    %flag_set/vec4 9;
    %flag_get/vec4 9;
    %jmp/0 T_3.20, 9;
    %load/vec4 v0000014056e814a0_0;
    %and;
T_3.20;
    %flag_set/vec4 8;
    %jmp/0xz  T_3.18, 8;
    %load/vec4 v0000014056e81a40_0;
    %store/vec4 v0000014056cb4ce0_0, 0, 64;
    %load/vec4 v0000014056cb4c40_0;
    %load/vec4 v0000014056cb30c0_0;
    %add;
    %ix/vec4/s 4;
    %load/vec4a v0000014056e81540, 4;
    %store/vec4 v0000014056cb5820_0, 0, 64;
    %load/vec4 v0000014056cb4ce0_0;
    %load/vec4 v0000014056cb5820_0;
    %cmp/ne;
    %jmp/0xz  T_3.21, 6;
    %vpi_call/w 3 271 "$display", "[FAIL] OUT n=%0d word=%0d exp=%h got=%h", v0000014056cb3160_0, v0000014056cb30c0_0, v0000014056cb5820_0, v0000014056cb4ce0_0 {0 0 0};
    %load/vec4 v0000014056e81900_0;
    %addi 1, 0, 32;
    %store/vec4 v0000014056e81900_0, 0, 32;
    %jmp T_3.22;
T_3.21 ;
    %vpi_call/w 3 274 "$display", "[PASS] OUT n=%0d word=%0d val=%h", v0000014056cb3160_0, v0000014056cb30c0_0, v0000014056cb5820_0 {0 0 0};
T_3.22 ;
    %disable S_00000140563564b0;
T_3.18 ;
    %load/vec4 v0000014056cb4560_0;
    %cmpi/s 200000, 0, 32;
    %flag_or 5, 4; GT is !LE
    %flag_inv 5;
    %jmp/0xz  T_3.23, 5;
    %vpi_call/w 3 279 "$display", "[FAIL] Timeout waiting axis_out_tvalid (n=%0d word=%0d)", v0000014056cb3160_0, v0000014056cb30c0_0 {0 0 0};
    %load/vec4 v0000014056cb3160_0;
    %store/vec4 v0000014056cb4100_0, 0, 32;
    %pushi/vec4 0, 0, 32;
    %store/vec4 v0000014056cb3660_0, 0, 32;
    %pushi/vec4 0, 0, 32; draw_string_vec4
    %pushi/vec4 0, 0, 32; draw_string_vec4
    %concat/vec4; draw_string_vec4
    %pushi/vec4 1463896404, 0, 32; draw_string_vec4
    %concat/vec4; draw_string_vec4
    %pushi/vec4 1599034708, 0, 32; draw_string_vec4
    %concat/vec4; draw_string_vec4
    %store/vec4 v0000014056cb4740_0, 0, 128;
    %fork TD_deit_accelerator_top_tb_dual.ckpt_a, S_0000014056356640;
    %join;
    %load/vec4 v0000014056e81900_0;
    %addi 1, 0, 32;
    %store/vec4 v0000014056e81900_0, 0, 32;
    %disable S_0000014056330fa0;
T_3.23 ;
    %jmp T_3.16;
T_3.17 ;
    %end;
    .scope S_0000014056331130;
t_6 %join;
    %end;
    .scope S_0000014056330fa0;
t_4 %join;
    %load/vec4 v0000014056cb30c0_0;
    %addi 1, 0, 32;
    %store/vec4 v0000014056cb30c0_0, 0, 32;
    %jmp T_3.14;
T_3.15 ;
    %pushi/vec4 0, 0, 1;
    %assign/vec4 v0000014056e814a0_0, 0;
    %end;
    .scope S_00000140562c82d0;
t_2 %join;
    %end;
S_0000014056330fa0 .scope begin, "CHECK_OUT" "CHECK_OUT" 3 256, 3 256 0, S_00000140562c82d0;
 .timescale -9 -12;
S_0000014056331130 .scope begin, "OUT_LOOP" "OUT_LOOP" 3 261, 3 261 0, S_0000014056330fa0;
 .timescale -9 -12;
S_00000140563564b0 .scope begin, "WAIT_BEAT" "WAIT_BEAT" 3 263, 3 263 0, S_0000014056331130;
 .timescale -9 -12;
S_0000014056356640 .scope task, "ckpt_a" "ckpt_a" 3 114, 3 114 0, S_0000014056cf21e0;
 .timescale -9 -12;
v0000014056cb3660_0 .var/i "k_idx", 31 0;
v0000014056cb4100_0 .var/i "n_idx", 31 0;
v0000014056cb4740_0 .var "tag", 127 0;
TD_deit_accelerator_top_tb_dual.ckpt_a ;
    %vpi_call/w 3 119 "$display", "[CKPT-A][%s] n=%0d k=%0d state=%0d cnt_load=%0d cnt_seq=%0d cnt_drain=%0d acc_cnt=%0d wv=%b iv=%b dma_req=%b", v0000014056cb4740_0, v0000014056cb4100_0, v0000014056cb3660_0, v0000014056e8bcc0_0, v0000014056e8d480_0, v0000014056e8b5e0_0, v0000014056e8c580_0, v0000014056e8d020_0, v0000014056ea0bc0_0, v0000014056ea06c0_0, v0000014056e9d060_0 {0 0 0};
    %end;
S_00000140562df580 .scope task, "ckpt_outbuf_state" "ckpt_outbuf_state" 3 315, 3 315 0, S_0000014056cf21e0;
 .timescale -9 -12;
v0000014056cb3340_0 .var/i "n_idx", 31 0;
v0000014056cb4240_0 .var/i "stage", 31 0;
TD_deit_accelerator_top_tb_dual.ckpt_outbuf_state ;
    %load/vec4 v0000014056cb4240_0;
    %cmpi/e 0, 0, 32;
    %jmp/0xz  T_5.25, 4;
    %vpi_call/w 3 320 "$display", "[CKPT-OBUF][BEFORE] n=%0d state=%0d rd=%0d wr=%0d tvalid=%0d", v0000014056cb3340_0, v0000014056e8e9c0_0, v0000014056e8da20_0, v0000014056e8f0a0_0, v0000014056e8e100_0 {0 0 0};
    %jmp T_5.26;
T_5.25 ;
    %vpi_call/w 3 323 "$display", "[CKPT-OBUF][AFTER ] n=%0d state=%0d rd=%0d wr=%0d tvalid=%0d", v0000014056cb3340_0, v0000014056e8e9c0_0, v0000014056e8da20_0, v0000014056e8f0a0_0, v0000014056e8e100_0 {0 0 0};
T_5.26 ;
    %end;
S_0000014056cbb0c0 .scope task, "count_activity" "count_activity" 3 329, 3 329 0, S_0000014056cf21e0;
 .timescale -9 -12;
v0000014056cb3700_0 .var/i "in_valid_cnt", 31 0;
v0000014056cb4380_0 .var/i "k_idx", 31 0;
v0000014056cb33e0_0 .var/i "n_idx", 31 0;
v0000014056cb3b60_0 .var/i "ppu_cnt", 31 0;
TD_deit_accelerator_top_tb_dual.count_activity ;
    %fork t_9, S_0000014056cbbed0;
    %jmp t_8;
    .scope S_0000014056cbbed0;
t_9 ;
    %pushi/vec4 0, 0, 32;
    %store/vec4 v0000014056cb3700_0, 0, 32;
    %pushi/vec4 0, 0, 32;
    %store/vec4 v0000014056cb3b60_0, 0, 32;
T_6.27 ;
    %load/vec4 v0000014056e9e3c0_0;
    %nor/r;
    %flag_set/vec4 8;
    %jmp/0xz T_6.28, 8;
    %wait E_0000014056cf5fe0;
    %load/vec4 v0000014056e8b900_0;
    %flag_set/vec4 9;
    %flag_get/vec4 9;
    %jmp/0 T_6.31, 9;
    %load/vec4 v0000014056ea06c0_0;
    %and;
T_6.31;
    %flag_set/vec4 8;
    %jmp/0xz  T_6.29, 8;
    %load/vec4 v0000014056cb3700_0;
    %addi 1, 0, 32;
    %store/vec4 v0000014056cb3700_0, 0, 32;
T_6.29 ;
    %load/vec4 v0000014056e9fea0_0;
    %flag_set/vec4 8;
    %jmp/0xz  T_6.32, 8;
    %load/vec4 v0000014056cb3b60_0;
    %addi 1, 0, 32;
    %store/vec4 v0000014056cb3b60_0, 0, 32;
T_6.32 ;
    %jmp T_6.27;
T_6.28 ;
    %vpi_call/w 3 342 "$display", "[CKPT-COUNT] n=%0d k=%0d in_valid=%0d ppu_valid=%0d", v0000014056cb33e0_0, v0000014056cb4380_0, v0000014056cb3700_0, v0000014056cb3b60_0 {0 0 0};
    %end;
    .scope S_0000014056cbb0c0;
t_8 %join;
    %end;
S_0000014056cbbed0 .scope begin, "COUNT_ACT" "COUNT_ACT" 3 334, 3 334 0, S_0000014056cbb0c0;
 .timescale -9 -12;
S_0000014056cbb250 .scope module, "dut" "deit_accelerator_top" 3 62, 4 14 0, S_0000014056cf21e0;
 .timescale -9 -12;
    .port_info 0 /INPUT 1 "clk";
    .port_info 1 /INPUT 1 "rst_n";
    .port_info 2 /INPUT 6 "s_axi_awaddr";
    .port_info 3 /INPUT 1 "s_axi_awvalid";
    .port_info 4 /OUTPUT 1 "s_axi_awready";
    .port_info 5 /INPUT 32 "s_axi_wdata";
    .port_info 6 /INPUT 4 "s_axi_wstrb";
    .port_info 7 /INPUT 1 "s_axi_wvalid";
    .port_info 8 /OUTPUT 1 "s_axi_wready";
    .port_info 9 /OUTPUT 2 "s_axi_bresp";
    .port_info 10 /OUTPUT 1 "s_axi_bvalid";
    .port_info 11 /INPUT 1 "s_axi_bready";
    .port_info 12 /INPUT 6 "s_axi_araddr";
    .port_info 13 /INPUT 1 "s_axi_arvalid";
    .port_info 14 /OUTPUT 1 "s_axi_arready";
    .port_info 15 /OUTPUT 32 "s_axi_rdata";
    .port_info 16 /OUTPUT 2 "s_axi_rresp";
    .port_info 17 /OUTPUT 1 "s_axi_rvalid";
    .port_info 18 /INPUT 1 "s_axi_rready";
    .port_info 19 /INPUT 64 "axis_in_tdata";
    .port_info 20 /INPUT 1 "axis_in_tvalid";
    .port_info 21 /OUTPUT 1 "axis_in_tready";
    .port_info 22 /INPUT 1 "axis_in_tlast";
    .port_info 23 /OUTPUT 64 "axis_out_tdata";
    .port_info 24 /OUTPUT 1 "axis_out_tvalid";
    .port_info 25 /INPUT 1 "axis_out_tready";
    .port_info 26 /OUTPUT 1 "axis_out_tlast";
P_0000014056c84100 .param/l "C_S_AXI_ADDR_WIDTH" 0 4 16, +C4<00000000000000000000000000000110>;
P_0000014056c84138 .param/l "C_S_AXI_DATA_WIDTH" 0 4 15, +C4<00000000000000000000000000100000>;
L_0000014056b6afc0 .functor AND 1, v0000014056e81b80_0, L_0000014056e81d60, C4<1>, C4<1>;
L_0000014056b6bff0 .functor AND 1, v0000014056e824e0_0, v0000014056e8b220_0, C4<1>, C4<1>;
L_0000014056b6c300 .functor AND 1, v0000014056e824e0_0, L_0000014056e83200, C4<1>, C4<1>;
L_0000014056b6b9d0 .functor NOT 1, v0000014056e9c980_0, C4<0>, C4<0>, C4<0>;
L_0000014056b6bb20 .functor AND 1, v0000014056cb4e20_0, L_0000014056b6b9d0, C4<1>, C4<1>;
L_0000014056b6c450 .functor NOT 1, v0000014056e8b220_0, C4<0>, C4<0>, C4<0>;
L_0000014056b6bf80 .functor AND 1, L_0000014056b6c450, v0000014056e9ebe0_0, C4<1>, C4<1>;
L_0000014056f31bd0 .functor BUFZ 1, L_0000014056f312a0, C4<0>, C4<0>, C4<0>;
L_0000014056f32030 .functor AND 1, L_0000014056f31bd0, L_0000014056e826c0, C4<1>, C4<1>;
v0000014056e9d7e0_0 .net *"_ivl_10", 0 0, L_0000014056b6b9d0;  1 drivers
v0000014056e9d920_0 .net *"_ivl_14", 0 0, L_0000014056b6c450;  1 drivers
v0000014056e9edc0_0 .net *"_ivl_5", 0 0, L_0000014056e83200;  1 drivers
v0000014056e9e140_0 .net "axis_in_tdata", 63 0, v0000014056e82800_0;  1 drivers
v0000014056e9d9c0_0 .net "axis_in_tlast", 0 0, v0000014056e81220_0;  1 drivers
v0000014056e9c8e0_0 .net "axis_in_tready", 0 0, L_0000014056eb10e8;  alias, 1 drivers
v0000014056e9e640_0 .net "axis_in_tvalid", 0 0, v0000014056e824e0_0;  1 drivers
v0000014056e9de20_0 .net "axis_out_tdata", 63 0, v0000014056e8ef60_0;  alias, 1 drivers
v0000014056e9e6e0_0 .net "axis_out_tlast", 0 0, L_0000014056eb3260;  alias, 1 drivers
v0000014056e9df60_0 .net "axis_out_tready", 0 0, v0000014056e814a0_0;  1 drivers
v0000014056e9cd40_0 .net "axis_out_tvalid", 0 0, v0000014056e8e100_0;  alias, 1 drivers
v0000014056e9e0a0_0 .net "cfg_acc_mode", 0 0, L_0000014056e82580;  1 drivers
v0000014056e9d100_0 .net "cfg_output_en", 0 0, L_0000014056e826c0;  1 drivers
v0000014056e9cde0_0 .net "cfg_ppu_bias", 31 0, v0000014056cb7bc0_0;  1 drivers
v0000014056e9e1e0_0 .net "cfg_ppu_mult", 15 0, L_0000014056e83480;  1 drivers
v0000014056e9ce80_0 .net "cfg_ppu_shift", 4 0, L_0000014056e82ee0;  1 drivers
v0000014056e9e320_0 .net "cfg_ppu_zp", 7 0, L_0000014056e82f80;  1 drivers
v0000014056e9eaa0_0 .net "cfg_seq_len", 31 0, v0000014056cb65e0_0;  1 drivers
v0000014056e9e780_0 .net "clk", 0 0, v0000014056e82620_0;  1 drivers
v0000014056e9e3c0_0 .net "core_ap_done", 0 0, v0000014056e8cf80_0;  1 drivers
v0000014056e9cc00_0 .net "core_ap_idle", 0 0, v0000014056e8cbc0_0;  1 drivers
v0000014056e9e820_0 .net "core_input_read_en", 0 0, v0000014056e8ba40_0;  1 drivers
v0000014056e9ea00_0 .net "core_to_ppu_data", 511 0, L_0000014056f1b3c0;  1 drivers
v0000014056e9eb40_0 .net "core_valid_raw", 0 0, L_0000014056f31bd0;  1 drivers
v0000014056e9d060_0 .net "core_weight_dma_req", 0 0, v0000014056e8b220_0;  1 drivers
v0000014056e9ebe0_0 .var "core_weight_dma_req_d", 0 0;
v0000014056e9d1a0_0 .net "core_weight_load_en", 0 0, v0000014056e8ca80_0;  1 drivers
v0000014056e9ec80_0 .net "ctrl_ap_start", 0 0, v0000014056cb4e20_0;  1 drivers
v0000014056e9c980_0 .var "ctrl_ap_start_d", 0 0;
v0000014056e9ca20_0 .net "ctrl_soft_rst_n", 0 0, L_0000014056e81d60;  1 drivers
v0000014056e9cb60_0 .net "ibuf_in_valid", 0 0, L_0000014056b6c300;  1 drivers
v0000014056e9f360_0 .net "ibuf_to_core_data", 95 0, L_0000014056e82080;  1 drivers
v0000014056ea06c0_0 .net "ibuf_valid_out", 0 0, v0000014056e8f640_0;  1 drivers
v0000014056e9fd60_0 .net "ppu_input_valid", 0 0, L_0000014056f32030;  1 drivers
v0000014056e9f2c0_0 .net "ppu_to_obuf_data", 127 0, L_0000014056f23c00;  1 drivers
v0000014056e9fea0_0 .net "ppu_valid", 0 0, v0000014056e9ed20_0;  1 drivers
v0000014056e9f5e0_0 .net "rst_n", 0 0, v0000014056e81b80_0;  1 drivers
v0000014056e9f0e0_0 .net "s_axi_araddr", 5 0, v0000014056e83160_0;  1 drivers
v0000014056e9f400_0 .net "s_axi_arready", 0 0, v0000014056cb6ae0_0;  alias, 1 drivers
v0000014056ea0b20_0 .net "s_axi_arvalid", 0 0, v0000014056e82120_0;  1 drivers
v0000014056ea0940_0 .net "s_axi_awaddr", 5 0, v0000014056e821c0_0;  1 drivers
v0000014056ea0760_0 .net "s_axi_awready", 0 0, v0000014056cb7ee0_0;  alias, 1 drivers
v0000014056ea04e0_0 .net "s_axi_awvalid", 0 0, v0000014056e81360_0;  1 drivers
v0000014056e9fe00_0 .net "s_axi_bready", 0 0, v0000014056e82d00_0;  1 drivers
v0000014056e9fb80_0 .net "s_axi_bresp", 1 0, L_0000014056eb1058;  alias, 1 drivers
v0000014056e9f860_0 .net "s_axi_bvalid", 0 0, v0000014056cb5a00_0;  alias, 1 drivers
v0000014056ea0800_0 .net "s_axi_rdata", 31 0, v0000014056cb5aa0_0;  alias, 1 drivers
v0000014056ea0300_0 .net "s_axi_rready", 0 0, v0000014056e82440_0;  1 drivers
v0000014056e9f4a0_0 .net "s_axi_rresp", 1 0, L_0000014056eb10a0;  alias, 1 drivers
v0000014056ea0580_0 .net "s_axi_rvalid", 0 0, v0000014056cb58c0_0;  alias, 1 drivers
v0000014056e9f7c0_0 .net "s_axi_wdata", 31 0, v0000014056e82e40_0;  1 drivers
v0000014056e9ff40_0 .net "s_axi_wready", 0 0, v0000014056cb7620_0;  alias, 1 drivers
v0000014056ea0620_0 .net "s_axi_wstrb", 3 0, v0000014056e82da0_0;  1 drivers
v0000014056ea08a0_0 .net "s_axi_wvalid", 0 0, v0000014056e82300_0;  1 drivers
v0000014056ea0ee0_0 .net "start_rising_edge", 0 0, L_0000014056b6bb20;  1 drivers
v0000014056e9f900_0 .net "sys_rst_n", 0 0, L_0000014056b6afc0;  1 drivers
v0000014056ea09e0_0 .net "wbuf_in_valid", 0 0, L_0000014056b6bff0;  1 drivers
v0000014056ea0a80_0 .net "wbuf_to_core_data", 127 0, L_0000014056b6b420;  1 drivers
v0000014056ea0bc0_0 .net "wbuf_valid_out", 0 0, v0000014056e9ee60_0;  1 drivers
v0000014056ea03a0_0 .net "weight_dma_done_pulse", 0 0, L_0000014056b6bf80;  1 drivers
L_0000014056e83200 .reduce/nor v0000014056e8b220_0;
S_0000014056cbbd40 .scope module, "u_control" "axi_lite_control" 4 87, 5 11 0, S_0000014056cbb250;
 .timescale -9 -12;
    .port_info 0 /INPUT 1 "clk";
    .port_info 1 /INPUT 1 "rst_n";
    .port_info 2 /INPUT 6 "s_axi_awaddr";
    .port_info 3 /INPUT 1 "s_axi_awvalid";
    .port_info 4 /OUTPUT 1 "s_axi_awready";
    .port_info 5 /INPUT 32 "s_axi_wdata";
    .port_info 6 /INPUT 4 "s_axi_wstrb";
    .port_info 7 /INPUT 1 "s_axi_wvalid";
    .port_info 8 /OUTPUT 1 "s_axi_wready";
    .port_info 9 /OUTPUT 2 "s_axi_bresp";
    .port_info 10 /OUTPUT 1 "s_axi_bvalid";
    .port_info 11 /INPUT 1 "s_axi_bready";
    .port_info 12 /INPUT 6 "s_axi_araddr";
    .port_info 13 /INPUT 1 "s_axi_arvalid";
    .port_info 14 /OUTPUT 1 "s_axi_arready";
    .port_info 15 /OUTPUT 32 "s_axi_rdata";
    .port_info 16 /OUTPUT 2 "s_axi_rresp";
    .port_info 17 /OUTPUT 1 "s_axi_rvalid";
    .port_info 18 /INPUT 1 "s_axi_rready";
    .port_info 19 /OUTPUT 1 "o_ap_start";
    .port_info 20 /OUTPUT 1 "o_soft_rst_n";
    .port_info 21 /OUTPUT 32 "o_cfg_compute_cycles";
    .port_info 22 /OUTPUT 1 "o_cfg_acc_mode";
    .port_info 23 /INPUT 1 "i_ap_done";
    .port_info 24 /INPUT 1 "i_ap_idle";
    .port_info 25 /OUTPUT 16 "o_ppu_mult";
    .port_info 26 /OUTPUT 5 "o_ppu_shift";
    .port_info 27 /OUTPUT 8 "o_ppu_zp";
    .port_info 28 /OUTPUT 32 "o_ppu_bias";
    .port_info 29 /OUTPUT 1 "o_output_en";
P_0000014056308d70 .param/l "ADDR_CFG_ACC" 1 5 60, C4<01100>;
P_0000014056308da8 .param/l "ADDR_CFG_K" 1 5 59, C4<01000>;
P_0000014056308de0 .param/l "ADDR_CTRL_REG" 1 5 57, C4<00000>;
P_0000014056308e18 .param/l "ADDR_OUTPUT_EN" 1 5 69, C4<100100>;
P_0000014056308e50 .param/l "ADDR_PPU_BIAS" 1 5 68, C4<100000>;
P_0000014056308e88 .param/l "ADDR_PPU_MULT" 1 5 64, C4<10100>;
P_0000014056308ec0 .param/l "ADDR_PPU_SHIFT" 1 5 65, C4<11000>;
P_0000014056308ef8 .param/l "ADDR_PPU_ZP" 1 5 66, C4<11100>;
P_0000014056308f30 .param/l "ADDR_STATUS_REG" 1 5 58, C4<00100>;
P_0000014056308f68 .param/l "ADDR_VERSION" 1 5 61, C4<10000>;
P_0000014056308fa0 .param/l "C_S_AXI_ADDR_WIDTH" 0 5 13, +C4<00000000000000000000000000000110>;
P_0000014056308fd8 .param/l "C_S_AXI_DATA_WIDTH" 0 5 12, +C4<00000000000000000000000000100000>;
P_0000014056309010 .param/l "VERSION_ID" 1 5 70, C4<00100000001001100000000100010111>;
v0000014056cb38e0_0 .net "clk", 0 0, v0000014056e82620_0;  alias, 1 drivers
v0000014056cb4600_0 .net "i_ap_done", 0 0, v0000014056e8cf80_0;  alias, 1 drivers
v0000014056cb3980_0 .net "i_ap_idle", 0 0, v0000014056e8cbc0_0;  alias, 1 drivers
v0000014056cb4e20_0 .var "o_ap_start", 0 0;
v0000014056cb4420_0 .net "o_cfg_acc_mode", 0 0, L_0000014056e82580;  alias, 1 drivers
v0000014056cb44c0_0 .net "o_cfg_compute_cycles", 31 0, v0000014056cb65e0_0;  alias, 1 drivers
v0000014056cb3a20_0 .net "o_output_en", 0 0, L_0000014056e826c0;  alias, 1 drivers
v0000014056cb46a0_0 .net "o_ppu_bias", 31 0, v0000014056cb7bc0_0;  alias, 1 drivers
v0000014056cb47e0_0 .net "o_ppu_mult", 15 0, L_0000014056e83480;  alias, 1 drivers
v0000014056cb4880_0 .net "o_ppu_shift", 4 0, L_0000014056e82ee0;  alias, 1 drivers
v0000014056cb4ec0_0 .net "o_ppu_zp", 7 0, L_0000014056e82f80;  alias, 1 drivers
v0000014056cb7760_0 .net "o_soft_rst_n", 0 0, L_0000014056e81d60;  alias, 1 drivers
v0000014056cb6a40_0 .var "reg_cfg_acc", 31 0;
v0000014056cb65e0_0 .var "reg_cfg_k", 31 0;
v0000014056cb62c0_0 .var "reg_ctrl", 31 0;
v0000014056cb6e00_0 .var "reg_output_en", 31 0;
v0000014056cb7bc0_0 .var "reg_ppu_bias", 31 0;
v0000014056cb5960_0 .var "reg_ppu_mult", 31 0;
v0000014056cb76c0_0 .var "reg_ppu_shift", 31 0;
v0000014056cb6220_0 .var "reg_ppu_zp", 31 0;
v0000014056cb6860_0 .var "reg_status", 31 0;
v0000014056cb6b80_0 .net "rst_n", 0 0, v0000014056e81b80_0;  alias, 1 drivers
v0000014056cb7120_0 .net "s_axi_araddr", 5 0, v0000014056e83160_0;  alias, 1 drivers
v0000014056cb6ae0_0 .var "s_axi_arready", 0 0;
v0000014056cb6cc0_0 .net "s_axi_arvalid", 0 0, v0000014056e82120_0;  alias, 1 drivers
v0000014056cb71c0_0 .net "s_axi_awaddr", 5 0, v0000014056e821c0_0;  alias, 1 drivers
v0000014056cb7ee0_0 .var "s_axi_awready", 0 0;
v0000014056cb7260_0 .net "s_axi_awvalid", 0 0, v0000014056e81360_0;  alias, 1 drivers
v0000014056cb5c80_0 .net "s_axi_bready", 0 0, v0000014056e82d00_0;  alias, 1 drivers
v0000014056cb5d20_0 .net "s_axi_bresp", 1 0, L_0000014056eb1058;  alias, 1 drivers
v0000014056cb5a00_0 .var "s_axi_bvalid", 0 0;
v0000014056cb5aa0_0 .var "s_axi_rdata", 31 0;
v0000014056cb6680_0 .net "s_axi_rready", 0 0, v0000014056e82440_0;  alias, 1 drivers
v0000014056cb6900_0 .net "s_axi_rresp", 1 0, L_0000014056eb10a0;  alias, 1 drivers
v0000014056cb58c0_0 .var "s_axi_rvalid", 0 0;
v0000014056cb7300_0 .net "s_axi_wdata", 31 0, v0000014056e82e40_0;  alias, 1 drivers
v0000014056cb7620_0 .var "s_axi_wready", 0 0;
v0000014056cb7e40_0 .net "s_axi_wstrb", 3 0, v0000014056e82da0_0;  alias, 1 drivers
v0000014056cb5e60_0 .net "s_axi_wvalid", 0 0, v0000014056e82300_0;  alias, 1 drivers
E_0000014056cf5fa0/0 .event negedge, v0000014056cb6b80_0;
E_0000014056cf5fa0/1 .event posedge, v0000014056cb38e0_0;
E_0000014056cf5fa0 .event/or E_0000014056cf5fa0/0, E_0000014056cf5fa0/1;
L_0000014056e81d60 .part v0000014056cb62c0_0, 1, 1;
L_0000014056e82580 .part v0000014056cb6a40_0, 0, 1;
L_0000014056e83480 .part v0000014056cb5960_0, 0, 16;
L_0000014056e82ee0 .part v0000014056cb76c0_0, 0, 5;
L_0000014056e82f80 .part v0000014056cb6220_0, 0, 8;
L_0000014056e826c0 .part v0000014056cb6e00_0, 0, 1;
S_0000014056cbb3e0 .scope module, "u_core" "deit_core" 4 155, 6 10 0, S_0000014056cbb250;
 .timescale -9 -12;
    .port_info 0 /INPUT 1 "clk";
    .port_info 1 /INPUT 1 "rst_n";
    .port_info 2 /INPUT 1 "ap_start";
    .port_info 3 /INPUT 32 "cfg_compute_cycles";
    .port_info 4 /INPUT 1 "cfg_acc_mode";
    .port_info 5 /OUTPUT 1 "ap_done";
    .port_info 6 /OUTPUT 1 "ap_idle";
    .port_info 7 /INPUT 96 "in_act_vec";
    .port_info 8 /INPUT 128 "in_weight_vec";
    .port_info 9 /INPUT 1 "i_weight_valid";
    .port_info 10 /INPUT 1 "i_input_valid";
    .port_info 11 /OUTPUT 512 "out_acc_vec";
    .port_info 12 /OUTPUT 1 "ctrl_weight_load_en";
    .port_info 13 /OUTPUT 1 "ctrl_weight_dma_req";
    .port_info 14 /OUTPUT 1 "ctrl_input_stream_en";
    .port_info 15 /OUTPUT 1 "dbg_acc_wr_en";
    .port_info 16 /OUTPUT 8 "dbg_acc_addr";
    .port_info 17 /OUTPUT 32 "dbg_aligned_col0";
    .port_info 18 /OUTPUT 32 "dbg_aligned_col15";
    .port_info 19 /OUTPUT 32 "dbg_raw_col0";
P_0000014056c83c00 .param/l "ADDR_WIDTH" 0 6 12, +C4<00000000000000000000000000001000>;
P_0000014056c83c38 .param/l "LATENCY_CFG" 0 6 11, +C4<00000000000000000000000000011011>;
L_0000014056f342c0 .functor AND 1, L_0000014056f18d00, L_0000014056f1a880, C4<1>, C4<1>;
L_0000014056f312a0 .functor BUFZ 1, L_0000014056f342c0, C4<0>, C4<0>, C4<0>;
L_0000014056f32340 .functor BUFZ 8, v0000014056e8d5c0_0, C4<00000000>, C4<00000000>, C4<00000000>;
v0000014056e8d520_0 .net *"_ivl_64", 0 0, L_0000014056f1a880;  1 drivers
v0000014056e8d5c0_0 .var "acc_addr", 7 0;
v0000014056e8d020_0 .var "acc_cnt", 31 0;
v0000014056e8d660_0 .net "acc_wr_en", 0 0, L_0000014056f342c0;  1 drivers
v0000014056e8b680_0 .net "acc_wr_en_raw", 0 0, L_0000014056f18d00;  1 drivers
v0000014056e8b2c0_0 .net "aligned_out_vec", 511 0, L_0000014056e84e20;  1 drivers
v0000014056e8bae0_0 .net "ap_done", 0 0, v0000014056e8cf80_0;  alias, 1 drivers
v0000014056e8b360_0 .net "ap_idle", 0 0, v0000014056e8cbc0_0;  alias, 1 drivers
v0000014056e8d700_0 .net "ap_start", 0 0, v0000014056cb4e20_0;  alias, 1 drivers
v0000014056e8bf40_0 .net "array_raw_out", 511 0, L_0000014056f18800;  1 drivers
v0000014056e8b400_0 .net "cfg_acc_mode", 0 0, L_0000014056e82580;  alias, 1 drivers
v0000014056e8be00_0 .net "cfg_compute_cycles", 31 0, v0000014056cb65e0_0;  alias, 1 drivers
v0000014056e8b720_0 .net "clk", 0 0, v0000014056e82620_0;  alias, 1 drivers
v0000014056e8bc20_0 .net "ctrl_drain_en_unused", 0 0, v0000014056e8b0e0_0;  1 drivers
v0000014056e8b900_0 .net "ctrl_input_stream_en", 0 0, v0000014056e8ba40_0;  alias, 1 drivers
v0000014056e8c260_0 .net "ctrl_weight_dma_req", 0 0, v0000014056e8b220_0;  alias, 1 drivers
v0000014056e8b7c0_0 .net "ctrl_weight_load_en", 0 0, v0000014056e8ca80_0;  alias, 1 drivers
v0000014056e8bb80_0 .var "ctrl_weight_load_en_d", 0 0;
v0000014056e8bea0_0 .net "dbg_acc_addr", 7 0, L_0000014056f32340;  1 drivers
v0000014056e8bfe0_0 .net "dbg_acc_wr_en", 0 0, L_0000014056f312a0;  1 drivers
v0000014056e8c080_0 .net "dbg_aligned_col0", 31 0, L_0000014056f1b640;  1 drivers
v0000014056e8c120_0 .net "dbg_aligned_col15", 31 0, L_0000014056f1bd20;  1 drivers
v0000014056e8c6c0_0 .net "dbg_raw_col0", 31 0, L_0000014056f1c720;  1 drivers
v0000014056e8c1c0_0 .net "i_input_valid", 0 0, v0000014056e8f640_0;  alias, 1 drivers
v0000014056e8c300_0 .net "i_weight_valid", 0 0, v0000014056e9ee60_0;  alias, 1 drivers
v0000014056e8c3a0_0 .var "i_weight_valid_d", 0 0;
v0000014056e8c440_0 .net "in_act_vec", 95 0, L_0000014056e82080;  alias, 1 drivers
v0000014056e8c760_0 .net "in_weight_vec", 127 0, L_0000014056b6b420;  alias, 1 drivers
v0000014056e8eb00_0 .var "in_weight_vec_d", 127 0;
v0000014056e8f3c0_0 .net "out_acc_vec", 511 0, L_0000014056f1b3c0;  alias, 1 drivers
v0000014056e8f460_0 .var "row_load_en", 11 0;
v0000014056e8f320_0 .net "rst_n", 0 0, L_0000014056b6afc0;  alias, 1 drivers
L_0000014056eb1298 .functor BUFT 1, C4<1>, C4<0>, C4<0>, C4<0>;
v0000014056e8e240_0 .net "safe_compute_en", 0 0, L_0000014056eb1298;  1 drivers
v0000014056e8ec40_0 .net "skewed_in_act_vec", 95 0, L_0000014056e853c0;  1 drivers
v0000014056e8e2e0_0 .var "valid_delay_line", 26 0;
L_0000014056e82760 .part L_0000014056e82080, 0, 8;
LS_0000014056e853c0_0_0 .concat8 [ 8 8 8 8], L_0000014056e82760, L_0000014056e82940, L_0000014056e81e00, L_0000014056e829e0;
LS_0000014056e853c0_0_4 .concat8 [ 8 8 8 8], L_0000014056e81c20, L_0000014056e81680, L_0000014056e841a0, L_0000014056e85d20;
LS_0000014056e853c0_0_8 .concat8 [ 8 8 8 8], L_0000014056e842e0, L_0000014056e84d80, L_0000014056e83d40, L_0000014056e85460;
L_0000014056e853c0 .concat8 [ 32 32 32 0], LS_0000014056e853c0_0_0, LS_0000014056e853c0_0_4, LS_0000014056e853c0_0_8;
LS_0000014056e84e20_0_0 .concat8 [ 32 32 32 32], L_0000014056e84c40, L_0000014056e83ca0, L_0000014056e83fc0, L_0000014056e85e60;
LS_0000014056e84e20_0_4 .concat8 [ 32 32 32 32], L_0000014056e83de0, L_0000014056e85960, L_0000014056e847e0, L_0000014056e83f20;
LS_0000014056e84e20_0_8 .concat8 [ 32 32 32 32], L_0000014056e85a00, L_0000014056e85500, L_0000014056e855a0, L_0000014056e84880;
LS_0000014056e84e20_0_12 .concat8 [ 32 32 32 32], L_0000014056e858c0, L_0000014056e85820, L_0000014056e83c00, L_0000014056e85000;
L_0000014056e84e20 .concat8 [ 128 128 128 128], LS_0000014056e84e20_0_0, LS_0000014056e84e20_0_4, LS_0000014056e84e20_0_8, LS_0000014056e84e20_0_12;
L_0000014056e85000 .part L_0000014056f18800, 480, 32;
L_0000014056f18d00 .part v0000014056e8e2e0_0, 26, 1;
L_0000014056f1a880 .cmp/gt 32, v0000014056cb65e0_0, v0000014056e8d020_0;
L_0000014056f1b640 .part L_0000014056e84e20, 0, 32;
L_0000014056f1bd20 .part L_0000014056e84e20, 480, 32;
L_0000014056f1c720 .part L_0000014056f18800, 0, 32;
S_0000014056cbb570 .scope generate, "IN_SKEW[0]" "IN_SKEW[0]" 6 118, 6 118 0, S_0000014056cbb3e0;
 .timescale -9 -12;
P_0000014056cf6aa0 .param/l "r" 0 6 118, +C4<00>;
S_0000014056cbb700 .scope generate, "genblk1" "genblk1" 6 119, 6 119 0, S_0000014056cbb570;
 .timescale -9 -12;
v0000014056cb7a80_0 .net *"_ivl_0", 7 0, L_0000014056e82760;  1 drivers
S_0000014056cbb890 .scope generate, "IN_SKEW[1]" "IN_SKEW[1]" 6 118, 6 118 0, S_0000014056cbb3e0;
 .timescale -9 -12;
P_0000014056cf6ae0 .param/l "r" 0 6 118, +C4<01>;
S_0000014056cbba20 .scope generate, "genblk1" "genblk1" 6 119, 6 119 0, S_0000014056cbb890;
 .timescale -9 -12;
v0000014056cb7d00_0 .net *"_ivl_1", 7 0, L_0000014056e82940;  1 drivers
v0000014056cb7580_0 .var "delay_chain", 7 0;
E_0000014056cf68e0/0 .event negedge, v0000014056cb9060_0;
E_0000014056cf68e0/1 .event posedge, v0000014056cb38e0_0;
E_0000014056cf68e0 .event/or E_0000014056cf68e0/0, E_0000014056cf68e0/1;
L_0000014056e82940 .part v0000014056cb7580_0, 0, 8;
S_0000014056cbbbb0 .scope generate, "IN_SKEW[2]" "IN_SKEW[2]" 6 118, 6 118 0, S_0000014056cbb3e0;
 .timescale -9 -12;
P_0000014056cf5c60 .param/l "r" 0 6 118, +C4<010>;
S_0000014056a89510 .scope generate, "genblk1" "genblk1" 6 119, 6 119 0, S_0000014056cbbbb0;
 .timescale -9 -12;
v0000014056cb73a0_0 .net *"_ivl_1", 7 0, L_0000014056e81e00;  1 drivers
v0000014056cb7440_0 .var "delay_chain", 15 0;
L_0000014056e81e00 .part v0000014056cb7440_0, 8, 8;
S_0000014056a8a7d0 .scope generate, "IN_SKEW[3]" "IN_SKEW[3]" 6 118, 6 118 0, S_0000014056cbb3e0;
 .timescale -9 -12;
P_0000014056cf6560 .param/l "r" 0 6 118, +C4<011>;
S_0000014056a8a000 .scope generate, "genblk1" "genblk1" 6 119, 6 119 0, S_0000014056a8a7d0;
 .timescale -9 -12;
v0000014056cb6720_0 .net *"_ivl_1", 7 0, L_0000014056e829e0;  1 drivers
v0000014056cb7940_0 .var "delay_chain", 23 0;
L_0000014056e829e0 .part v0000014056cb7940_0, 16, 8;
S_0000014056a896a0 .scope generate, "IN_SKEW[4]" "IN_SKEW[4]" 6 118, 6 118 0, S_0000014056cbb3e0;
 .timescale -9 -12;
P_0000014056cf6b20 .param/l "r" 0 6 118, +C4<0100>;
S_0000014056a89e70 .scope generate, "genblk1" "genblk1" 6 119, 6 119 0, S_0000014056a896a0;
 .timescale -9 -12;
v0000014056cb69a0_0 .net *"_ivl_1", 7 0, L_0000014056e81c20;  1 drivers
v0000014056cb7da0_0 .var "delay_chain", 31 0;
L_0000014056e81c20 .part v0000014056cb7da0_0, 24, 8;
S_0000014056a89830 .scope generate, "IN_SKEW[5]" "IN_SKEW[5]" 6 118, 6 118 0, S_0000014056cbb3e0;
 .timescale -9 -12;
P_0000014056cf6b60 .param/l "r" 0 6 118, +C4<0101>;
S_0000014056a899c0 .scope generate, "genblk1" "genblk1" 6 119, 6 119 0, S_0000014056a89830;
 .timescale -9 -12;
v0000014056cb6c20_0 .net *"_ivl_1", 7 0, L_0000014056e81680;  1 drivers
v0000014056cb6180_0 .var "delay_chain", 39 0;
L_0000014056e81680 .part v0000014056cb6180_0, 32, 8;
S_0000014056a89b50 .scope generate, "IN_SKEW[6]" "IN_SKEW[6]" 6 118, 6 118 0, S_0000014056cbb3e0;
 .timescale -9 -12;
P_0000014056cf5f20 .param/l "r" 0 6 118, +C4<0110>;
S_0000014056a8a190 .scope generate, "genblk1" "genblk1" 6 119, 6 119 0, S_0000014056a89b50;
 .timescale -9 -12;
v0000014056cb6d60_0 .net *"_ivl_1", 7 0, L_0000014056e841a0;  1 drivers
v0000014056cb67c0_0 .var "delay_chain", 47 0;
L_0000014056e841a0 .part v0000014056cb67c0_0, 40, 8;
S_0000014056a8a640 .scope generate, "IN_SKEW[7]" "IN_SKEW[7]" 6 118, 6 118 0, S_0000014056cbb3e0;
 .timescale -9 -12;
P_0000014056cf6060 .param/l "r" 0 6 118, +C4<0111>;
S_0000014056a8ae10 .scope generate, "genblk1" "genblk1" 6 119, 6 119 0, S_0000014056a8a640;
 .timescale -9 -12;
v0000014056cb6ea0_0 .net *"_ivl_1", 7 0, L_0000014056e85d20;  1 drivers
v0000014056cb7c60_0 .var "delay_chain", 55 0;
L_0000014056e85d20 .part v0000014056cb7c60_0, 48, 8;
S_0000014056a8aaf0 .scope generate, "IN_SKEW[8]" "IN_SKEW[8]" 6 118, 6 118 0, S_0000014056cbb3e0;
 .timescale -9 -12;
P_0000014056cf5be0 .param/l "r" 0 6 118, +C4<01000>;
S_0000014056a8a320 .scope generate, "genblk1" "genblk1" 6 119, 6 119 0, S_0000014056a8aaf0;
 .timescale -9 -12;
v0000014056cb6360_0 .net *"_ivl_1", 7 0, L_0000014056e842e0;  1 drivers
v0000014056cb6540_0 .var "delay_chain", 63 0;
L_0000014056e842e0 .part v0000014056cb6540_0, 56, 8;
S_0000014056a8a4b0 .scope generate, "IN_SKEW[9]" "IN_SKEW[9]" 6 118, 6 118 0, S_0000014056cbb3e0;
 .timescale -9 -12;
P_0000014056cf5ca0 .param/l "r" 0 6 118, +C4<01001>;
S_0000014056a8ac80 .scope generate, "genblk1" "genblk1" 6 119, 6 119 0, S_0000014056a8a4b0;
 .timescale -9 -12;
v0000014056cb6f40_0 .net *"_ivl_1", 7 0, L_0000014056e84d80;  1 drivers
v0000014056cb60e0_0 .var "delay_chain", 71 0;
L_0000014056e84d80 .part v0000014056cb60e0_0, 64, 8;
S_0000014056a89ce0 .scope generate, "IN_SKEW[10]" "IN_SKEW[10]" 6 118, 6 118 0, S_0000014056cbb3e0;
 .timescale -9 -12;
P_0000014056cf68a0 .param/l "r" 0 6 118, +C4<01010>;
S_0000014056a8a960 .scope generate, "genblk1" "genblk1" 6 119, 6 119 0, S_0000014056a89ce0;
 .timescale -9 -12;
v0000014056cb6fe0_0 .net *"_ivl_1", 7 0, L_0000014056e83d40;  1 drivers
v0000014056cb7080_0 .var "delay_chain", 79 0;
L_0000014056e83d40 .part v0000014056cb7080_0, 72, 8;
S_0000014056a891f0 .scope generate, "IN_SKEW[11]" "IN_SKEW[11]" 6 118, 6 118 0, S_0000014056cbb3e0;
 .timescale -9 -12;
P_0000014056cf5ce0 .param/l "r" 0 6 118, +C4<01011>;
S_0000014056a89060 .scope generate, "genblk1" "genblk1" 6 119, 6 119 0, S_0000014056a891f0;
 .timescale -9 -12;
v0000014056cb7f80_0 .net *"_ivl_1", 7 0, L_0000014056e85460;  1 drivers
v0000014056cb8020_0 .var "delay_chain", 87 0;
L_0000014056e85460 .part v0000014056cb8020_0, 80, 8;
S_0000014056a89380 .scope generate, "OUT_DESKEW[0]" "OUT_DESKEW[0]" 6 158, 6 158 0, S_0000014056cbb3e0;
 .timescale -9 -12;
P_0000014056c83880 .param/l "DELAY_NEEDED" 1 6 159, +C4<00000000000000000000000000001111>;
P_0000014056c838b8 .param/l "c" 0 6 158, +C4<00>;
S_0000014056cbcd50 .scope generate, "genblk1" "genblk1" 6 161, 6 161 0, S_0000014056a89380;
 .timescale -9 -12;
v0000014056cb6400_0 .net *"_ivl_1", 31 0, L_0000014056e84c40;  1 drivers
v0000014056cb5b40_0 .var "out_delay_chain", 479 0;
L_0000014056e84c40 .part v0000014056cb5b40_0, 448, 32;
S_0000014056cbdcf0 .scope generate, "OUT_DESKEW[1]" "OUT_DESKEW[1]" 6 158, 6 158 0, S_0000014056cbb3e0;
 .timescale -9 -12;
P_0000014056c84600 .param/l "DELAY_NEEDED" 1 6 159, +C4<00000000000000000000000000001110>;
P_0000014056c84638 .param/l "c" 0 6 158, +C4<01>;
S_0000014056cbde80 .scope generate, "genblk1" "genblk1" 6 161, 6 161 0, S_0000014056cbdcf0;
 .timescale -9 -12;
v0000014056cb5be0_0 .net *"_ivl_1", 31 0, L_0000014056e83ca0;  1 drivers
v0000014056cb74e0_0 .var "out_delay_chain", 447 0;
L_0000014056e83ca0 .part v0000014056cb74e0_0, 416, 32;
S_0000014056cbc0d0 .scope generate, "OUT_DESKEW[2]" "OUT_DESKEW[2]" 6 158, 6 158 0, S_0000014056cbb3e0;
 .timescale -9 -12;
P_0000014056c84980 .param/l "DELAY_NEEDED" 1 6 159, +C4<00000000000000000000000000001101>;
P_0000014056c849b8 .param/l "c" 0 6 158, +C4<010>;
S_0000014056cbca30 .scope generate, "genblk1" "genblk1" 6 161, 6 161 0, S_0000014056cbc0d0;
 .timescale -9 -12;
v0000014056cb7800_0 .net *"_ivl_1", 31 0, L_0000014056e83fc0;  1 drivers
v0000014056cb79e0_0 .var "out_delay_chain", 415 0;
L_0000014056e83fc0 .part v0000014056cb79e0_0, 384, 32;
S_0000014056cbdb60 .scope generate, "OUT_DESKEW[3]" "OUT_DESKEW[3]" 6 158, 6 158 0, S_0000014056cbb3e0;
 .timescale -9 -12;
P_0000014056c84f80 .param/l "DELAY_NEEDED" 1 6 159, +C4<00000000000000000000000000001100>;
P_0000014056c84fb8 .param/l "c" 0 6 158, +C4<011>;
S_0000014056cbd6b0 .scope generate, "genblk1" "genblk1" 6 161, 6 161 0, S_0000014056cbdb60;
 .timescale -9 -12;
v0000014056cb5dc0_0 .net *"_ivl_1", 31 0, L_0000014056e85e60;  1 drivers
v0000014056cb78a0_0 .var "out_delay_chain", 383 0;
L_0000014056e85e60 .part v0000014056cb78a0_0, 352, 32;
S_0000014056cbd520 .scope generate, "OUT_DESKEW[4]" "OUT_DESKEW[4]" 6 158, 6 158 0, S_0000014056cbb3e0;
 .timescale -9 -12;
P_0000014056c84200 .param/l "DELAY_NEEDED" 1 6 159, +C4<00000000000000000000000000001011>;
P_0000014056c84238 .param/l "c" 0 6 158, +C4<0100>;
S_0000014056cbc260 .scope generate, "genblk1" "genblk1" 6 161, 6 161 0, S_0000014056cbd520;
 .timescale -9 -12;
v0000014056cb64a0_0 .net *"_ivl_1", 31 0, L_0000014056e83de0;  1 drivers
v0000014056cb7b20_0 .var "out_delay_chain", 351 0;
L_0000014056e83de0 .part v0000014056cb7b20_0, 320, 32;
S_0000014056cbc710 .scope generate, "OUT_DESKEW[5]" "OUT_DESKEW[5]" 6 158, 6 158 0, S_0000014056cbb3e0;
 .timescale -9 -12;
P_0000014056c84d00 .param/l "DELAY_NEEDED" 1 6 159, +C4<00000000000000000000000000001010>;
P_0000014056c84d38 .param/l "c" 0 6 158, +C4<0101>;
S_0000014056cbcee0 .scope generate, "genblk1" "genblk1" 6 161, 6 161 0, S_0000014056cbc710;
 .timescale -9 -12;
v0000014056cb5f00_0 .net *"_ivl_1", 31 0, L_0000014056e85960;  1 drivers
v0000014056cb5fa0_0 .var "out_delay_chain", 319 0;
L_0000014056e85960 .part v0000014056cb5fa0_0, 288, 32;
S_0000014056cbc580 .scope generate, "OUT_DESKEW[6]" "OUT_DESKEW[6]" 6 158, 6 158 0, S_0000014056cbb3e0;
 .timescale -9 -12;
P_0000014056c84a80 .param/l "DELAY_NEEDED" 1 6 159, +C4<00000000000000000000000000001001>;
P_0000014056c84ab8 .param/l "c" 0 6 158, +C4<0110>;
S_0000014056cbd070 .scope generate, "genblk1" "genblk1" 6 161, 6 161 0, S_0000014056cbc580;
 .timescale -9 -12;
v0000014056cb6040_0 .net *"_ivl_1", 31 0, L_0000014056e847e0;  1 drivers
v0000014056cb9100_0 .var "out_delay_chain", 287 0;
L_0000014056e847e0 .part v0000014056cb9100_0, 256, 32;
S_0000014056cbc8a0 .scope generate, "OUT_DESKEW[7]" "OUT_DESKEW[7]" 6 158, 6 158 0, S_0000014056cbb3e0;
 .timescale -9 -12;
P_0000014056c83280 .param/l "DELAY_NEEDED" 1 6 159, +C4<00000000000000000000000000001000>;
P_0000014056c832b8 .param/l "c" 0 6 158, +C4<0111>;
S_0000014056cbd200 .scope generate, "genblk1" "genblk1" 6 161, 6 161 0, S_0000014056cbc8a0;
 .timescale -9 -12;
v0000014056cba6e0_0 .net *"_ivl_1", 31 0, L_0000014056e83f20;  1 drivers
v0000014056cb8980_0 .var "out_delay_chain", 255 0;
L_0000014056e83f20 .part v0000014056cb8980_0, 224, 32;
S_0000014056cbc3f0 .scope generate, "OUT_DESKEW[8]" "OUT_DESKEW[8]" 6 158, 6 158 0, S_0000014056cbb3e0;
 .timescale -9 -12;
P_0000014056c84c80 .param/l "DELAY_NEEDED" 1 6 159, +C4<00000000000000000000000000000111>;
P_0000014056c84cb8 .param/l "c" 0 6 158, +C4<01000>;
S_0000014056cbcbc0 .scope generate, "genblk1" "genblk1" 6 161, 6 161 0, S_0000014056cbc3f0;
 .timescale -9 -12;
v0000014056cb8700_0 .net *"_ivl_1", 31 0, L_0000014056e85a00;  1 drivers
v0000014056cb8480_0 .var "out_delay_chain", 223 0;
L_0000014056e85a00 .part v0000014056cb8480_0, 192, 32;
S_0000014056cbd390 .scope generate, "OUT_DESKEW[9]" "OUT_DESKEW[9]" 6 158, 6 158 0, S_0000014056cbb3e0;
 .timescale -9 -12;
P_0000014056c83400 .param/l "DELAY_NEEDED" 1 6 159, +C4<00000000000000000000000000000110>;
P_0000014056c83438 .param/l "c" 0 6 158, +C4<01001>;
S_0000014056cbd840 .scope generate, "genblk1" "genblk1" 6 161, 6 161 0, S_0000014056cbd390;
 .timescale -9 -12;
v0000014056cba780_0 .net *"_ivl_1", 31 0, L_0000014056e85500;  1 drivers
v0000014056cb8660_0 .var "out_delay_chain", 191 0;
L_0000014056e85500 .part v0000014056cb8660_0, 160, 32;
S_0000014056cbd9d0 .scope generate, "OUT_DESKEW[10]" "OUT_DESKEW[10]" 6 158, 6 158 0, S_0000014056cbb3e0;
 .timescale -9 -12;
P_0000014056c84800 .param/l "DELAY_NEEDED" 1 6 159, +C4<00000000000000000000000000000101>;
P_0000014056c84838 .param/l "c" 0 6 158, +C4<01010>;
S_0000014056d727d0 .scope generate, "genblk1" "genblk1" 6 161, 6 161 0, S_0000014056cbd9d0;
 .timescale -9 -12;
v0000014056cb8fc0_0 .net *"_ivl_1", 31 0, L_0000014056e855a0;  1 drivers
v0000014056cb9ec0_0 .var "out_delay_chain", 159 0;
L_0000014056e855a0 .part v0000014056cb9ec0_0, 128, 32;
S_0000014056d716a0 .scope generate, "OUT_DESKEW[11]" "OUT_DESKEW[11]" 6 158, 6 158 0, S_0000014056cbb3e0;
 .timescale -9 -12;
P_0000014056c83480 .param/l "DELAY_NEEDED" 1 6 159, +C4<00000000000000000000000000000100>;
P_0000014056c834b8 .param/l "c" 0 6 158, +C4<01011>;
S_0000014056d71e70 .scope generate, "genblk1" "genblk1" 6 161, 6 161 0, S_0000014056d716a0;
 .timescale -9 -12;
v0000014056cb9b00_0 .net *"_ivl_1", 31 0, L_0000014056e84880;  1 drivers
v0000014056cba820_0 .var "out_delay_chain", 127 0;
L_0000014056e84880 .part v0000014056cba820_0, 96, 32;
S_0000014056d71ce0 .scope generate, "OUT_DESKEW[12]" "OUT_DESKEW[12]" 6 158, 6 158 0, S_0000014056cbb3e0;
 .timescale -9 -12;
P_0000014056c84880 .param/l "DELAY_NEEDED" 1 6 159, +C4<00000000000000000000000000000011>;
P_0000014056c848b8 .param/l "c" 0 6 158, +C4<01100>;
S_0000014056d719c0 .scope generate, "genblk1" "genblk1" 6 161, 6 161 0, S_0000014056d71ce0;
 .timescale -9 -12;
v0000014056cba500_0 .net *"_ivl_1", 31 0, L_0000014056e858c0;  1 drivers
v0000014056cb99c0_0 .var "out_delay_chain", 95 0;
L_0000014056e858c0 .part v0000014056cb99c0_0, 64, 32;
S_0000014056d72960 .scope generate, "OUT_DESKEW[13]" "OUT_DESKEW[13]" 6 158, 6 158 0, S_0000014056cbb3e0;
 .timescale -9 -12;
P_0000014056c84000 .param/l "DELAY_NEEDED" 1 6 159, +C4<00000000000000000000000000000010>;
P_0000014056c84038 .param/l "c" 0 6 158, +C4<01101>;
S_0000014056d72af0 .scope generate, "genblk1" "genblk1" 6 161, 6 161 0, S_0000014056d72960;
 .timescale -9 -12;
v0000014056cb92e0_0 .net *"_ivl_1", 31 0, L_0000014056e85820;  1 drivers
v0000014056cba3c0_0 .var "out_delay_chain", 63 0;
L_0000014056e85820 .part v0000014056cba3c0_0, 32, 32;
S_0000014056d71b50 .scope generate, "OUT_DESKEW[14]" "OUT_DESKEW[14]" 6 158, 6 158 0, S_0000014056cbb3e0;
 .timescale -9 -12;
P_0000014056c83900 .param/l "DELAY_NEEDED" 1 6 159, +C4<00000000000000000000000000000001>;
P_0000014056c83938 .param/l "c" 0 6 158, +C4<01110>;
S_0000014056d711f0 .scope generate, "genblk1" "genblk1" 6 161, 6 161 0, S_0000014056d71b50;
 .timescale -9 -12;
v0000014056cb87a0_0 .net *"_ivl_1", 31 0, L_0000014056e83c00;  1 drivers
v0000014056cb9a60_0 .var "out_delay_chain", 31 0;
L_0000014056e83c00 .part v0000014056cb9a60_0, 0, 32;
S_0000014056d72c80 .scope generate, "OUT_DESKEW[15]" "OUT_DESKEW[15]" 6 158, 6 158 0, S_0000014056cbb3e0;
 .timescale -9 -12;
P_0000014056c83c80 .param/l "DELAY_NEEDED" 1 6 159, +C4<00000000000000000000000000000000>;
P_0000014056c83cb8 .param/l "c" 0 6 158, +C4<01111>;
S_0000014056d72000 .scope generate, "genblk1" "genblk1" 6 161, 6 161 0, S_0000014056d72c80;
 .timescale -9 -12;
v0000014056cb9f60_0 .net *"_ivl_0", 31 0, L_0000014056e85000;  1 drivers
S_0000014056d71380 .scope module, "u_accum" "accumulator_bank" 6 233, 7 10 0, S_0000014056cbb3e0;
 .timescale -9 -12;
    .port_info 0 /INPUT 1 "clk";
    .port_info 1 /INPUT 1 "rst_n";
    .port_info 2 /INPUT 8 "addr";
    .port_info 3 /INPUT 1 "wr_en";
    .port_info 4 /INPUT 1 "acc_mode";
    .port_info 5 /INPUT 512 "in_psum_vec";
    .port_info 6 /OUTPUT 512 "out_acc_vec";
P_0000014056cf60a0 .param/l "ADDR_WIDTH" 0 7 11, +C4<00000000000000000000000000001000>;
v0000014056aae2d0_0 .net "acc_mode", 0 0, L_0000014056e82580;  alias, 1 drivers
v0000014056aae370_0 .net "addr", 7 0, v0000014056e8d5c0_0;  1 drivers
v0000014056aae4b0_0 .net "clk", 0 0, v0000014056e82620_0;  alias, 1 drivers
v0000014056aadab0_0 .net "in_psum_vec", 511 0, L_0000014056e84e20;  alias, 1 drivers
v0000014056aae550_0 .net "out_acc_vec", 511 0, L_0000014056f1b3c0;  alias, 1 drivers
v0000014056aae690_0 .net "rst_n", 0 0, L_0000014056b6afc0;  alias, 1 drivers
v0000014056aaed70_0 .net "wr_en", 0 0, L_0000014056f342c0;  alias, 1 drivers
L_0000014056f18120 .part L_0000014056e84e20, 0, 32;
L_0000014056f19e80 .part L_0000014056e84e20, 32, 32;
L_0000014056f19660 .part L_0000014056e84e20, 64, 32;
L_0000014056f1a060 .part L_0000014056e84e20, 96, 32;
L_0000014056f1a420 .part L_0000014056e84e20, 128, 32;
L_0000014056f184e0 .part L_0000014056e84e20, 160, 32;
L_0000014056f18760 .part L_0000014056e84e20, 192, 32;
L_0000014056f1b5a0 .part L_0000014056e84e20, 224, 32;
L_0000014056f1b1e0 .part L_0000014056e84e20, 256, 32;
L_0000014056f1c540 .part L_0000014056e84e20, 288, 32;
L_0000014056f1ace0 .part L_0000014056e84e20, 320, 32;
L_0000014056f1b8c0 .part L_0000014056e84e20, 352, 32;
L_0000014056f1b0a0 .part L_0000014056e84e20, 384, 32;
L_0000014056f1aec0 .part L_0000014056e84e20, 416, 32;
L_0000014056f1b280 .part L_0000014056e84e20, 448, 32;
L_0000014056f1c5e0 .part L_0000014056e84e20, 480, 32;
LS_0000014056f1b3c0_0_0 .concat8 [ 32 32 32 32], L_0000014056f34720, L_0000014056f345d0, L_0000014056f34410, L_0000014056f34480;
LS_0000014056f1b3c0_0_4 .concat8 [ 32 32 32 32], L_0000014056f34800, L_0000014056f34640, L_0000014056f34250, L_0000014056f31fc0;
LS_0000014056f1b3c0_0_8 .concat8 [ 32 32 32 32], L_0000014056f321f0, L_0000014056f311c0, L_0000014056f31d90, L_0000014056f31b60;
LS_0000014056f1b3c0_0_12 .concat8 [ 32 32 32 32], L_0000014056f30f90, L_0000014056f323b0, L_0000014056f30dd0, L_0000014056f317e0;
L_0000014056f1b3c0 .concat8 [ 128 128 128 128], LS_0000014056f1b3c0_0_0, LS_0000014056f1b3c0_0_4, LS_0000014056f1b3c0_0_8, LS_0000014056f1b3c0_0_12;
S_0000014056d72320 .scope generate, "COL_BANK[0]" "COL_BANK[0]" 7 30, 7 30 0, S_0000014056d71380;
 .timescale -9 -12;
P_0000014056cf63e0 .param/l "c" 0 7 30, +C4<00>;
L_0000014056f34720 .functor BUFZ 32, L_0000014056f1a6a0, C4<00000000000000000000000000000000>, C4<00000000000000000000000000000000>, C4<00000000000000000000000000000000>;
v0000014056cb9ba0_0 .net *"_ivl_2", 31 0, L_0000014056f34720;  1 drivers
v0000014056cb9920_0 .net "col_in", 31 0, L_0000014056f18120;  1 drivers
v0000014056cba000_0 .net "col_out", 31 0, L_0000014056f1a6a0;  1 drivers
S_0000014056d72e10 .scope module, "u_bank" "single_column_bank" 7 43, 8 11 0, S_0000014056d72320;
 .timescale -9 -12;
    .port_info 0 /INPUT 1 "clk";
    .port_info 1 /INPUT 1 "rst_n";
    .port_info 2 /INPUT 8 "addr";
    .port_info 3 /INPUT 1 "wr_en";
    .port_info 4 /INPUT 1 "acc_mode";
    .port_info 5 /INPUT 32 "in_psum";
    .port_info 6 /OUTPUT 32 "out_acc";
P_0000014056c84a00 .param/l "BANK_ID" 0 8 12, +C4<00000000000000000000000000000000>;
P_0000014056c84a38 .param/l "DEPTH_LOG2" 0 8 13, +C4<00000000000000000000000000001000>;
L_0000014056f34170 .functor BUFZ 32, L_0000014056f188a0, C4<00000000000000000000000000000000>, C4<00000000000000000000000000000000>, C4<00000000000000000000000000000000>;
v0000014056cb9380_0 .net *"_ivl_0", 31 0, L_0000014056f188a0;  1 drivers
v0000014056cb94c0_0 .net *"_ivl_2", 9 0, L_0000014056f18940;  1 drivers
L_0000014056eb1760 .functor BUFT 1, C4<00>, C4<0>, C4<0>, C4<0>;
v0000014056cb9420_0 .net *"_ivl_5", 1 0, L_0000014056eb1760;  1 drivers
v0000014056cb8520_0 .net "acc_mode", 0 0, L_0000014056e82580;  alias, 1 drivers
v0000014056cb80c0_0 .net "addr", 7 0, v0000014056e8d5c0_0;  alias, 1 drivers
v0000014056cb8ac0_0 .net "clk", 0 0, v0000014056e82620_0;  alias, 1 drivers
v0000014056cb85c0_0 .var/i "i", 31 0;
v0000014056cba1e0_0 .net "in_psum", 31 0, L_0000014056f18120;  alias, 1 drivers
v0000014056cb8840 .array "mem", 255 0, 31 0;
v0000014056cb8de0_0 .var/s "next_val", 31 0;
v0000014056cba280_0 .net/s "old_val", 31 0, L_0000014056f34170;  1 drivers
v0000014056cb91a0_0 .net "out_acc", 31 0, L_0000014056f1a6a0;  alias, 1 drivers
v0000014056cb9060_0 .net "rst_n", 0 0, L_0000014056b6afc0;  alias, 1 drivers
v0000014056cb8ca0_0 .net "wr_en", 0 0, L_0000014056f342c0;  alias, 1 drivers
E_0000014056cf6620 .event anyedge, v0000014056cb4420_0, v0000014056cba280_0, v0000014056cba1e0_0;
L_0000014056f188a0 .array/port v0000014056cb8840, L_0000014056f18940;
L_0000014056f18940 .concat [ 8 2 0 0], v0000014056e8d5c0_0, L_0000014056eb1760;
L_0000014056f1a6a0 .functor MUXZ 32, L_0000014056f34170, v0000014056cb8de0_0, L_0000014056f342c0, C4<>;
S_0000014056d72640 .scope generate, "COL_BANK[1]" "COL_BANK[1]" 7 30, 7 30 0, S_0000014056d71380;
 .timescale -9 -12;
P_0000014056cf5da0 .param/l "c" 0 7 30, +C4<01>;
L_0000014056f345d0 .functor BUFZ 32, L_0000014056f18f80, C4<00000000000000000000000000000000>, C4<00000000000000000000000000000000>, C4<00000000000000000000000000000000>;
v0000014056cb9c40_0 .net *"_ivl_2", 31 0, L_0000014056f345d0;  1 drivers
v0000014056cb8200_0 .net "col_in", 31 0, L_0000014056f19e80;  1 drivers
v0000014056cb9600_0 .net "col_out", 31 0, L_0000014056f18f80;  1 drivers
S_0000014056d72190 .scope module, "u_bank" "single_column_bank" 7 43, 8 11 0, S_0000014056d72640;
 .timescale -9 -12;
    .port_info 0 /INPUT 1 "clk";
    .port_info 1 /INPUT 1 "rst_n";
    .port_info 2 /INPUT 8 "addr";
    .port_info 3 /INPUT 1 "wr_en";
    .port_info 4 /INPUT 1 "acc_mode";
    .port_info 5 /INPUT 32 "in_psum";
    .port_info 6 /OUTPUT 32 "out_acc";
P_0000014056c83580 .param/l "BANK_ID" 0 8 12, +C4<00000000000000000000000000000001>;
P_0000014056c835b8 .param/l "DEPTH_LOG2" 0 8 13, +C4<00000000000000000000000000001000>;
L_0000014056f344f0 .functor BUFZ 32, L_0000014056f18e40, C4<00000000000000000000000000000000>, C4<00000000000000000000000000000000>, C4<00000000000000000000000000000000>;
v0000014056cb82a0_0 .net *"_ivl_0", 31 0, L_0000014056f18e40;  1 drivers
v0000014056cba460_0 .net *"_ivl_2", 9 0, L_0000014056f18ee0;  1 drivers
L_0000014056eb17a8 .functor BUFT 1, C4<00>, C4<0>, C4<0>, C4<0>;
v0000014056cba0a0_0 .net *"_ivl_5", 1 0, L_0000014056eb17a8;  1 drivers
v0000014056cba320_0 .net "acc_mode", 0 0, L_0000014056e82580;  alias, 1 drivers
v0000014056cba140_0 .net "addr", 7 0, v0000014056e8d5c0_0;  alias, 1 drivers
v0000014056cba5a0_0 .net "clk", 0 0, v0000014056e82620_0;  alias, 1 drivers
v0000014056cba640_0 .var/i "i", 31 0;
v0000014056cb8160_0 .net "in_psum", 31 0, L_0000014056f19e80;  alias, 1 drivers
v0000014056cb88e0 .array "mem", 255 0, 31 0;
v0000014056cb9240_0 .var/s "next_val", 31 0;
v0000014056cb9560_0 .net/s "old_val", 31 0, L_0000014056f344f0;  1 drivers
v0000014056cb8a20_0 .net "out_acc", 31 0, L_0000014056f18f80;  alias, 1 drivers
v0000014056cb8b60_0 .net "rst_n", 0 0, L_0000014056b6afc0;  alias, 1 drivers
v0000014056cb8c00_0 .net "wr_en", 0 0, L_0000014056f342c0;  alias, 1 drivers
E_0000014056cf63a0 .event anyedge, v0000014056cb4420_0, v0000014056cb9560_0, v0000014056cb8160_0;
L_0000014056f18e40 .array/port v0000014056cb88e0, L_0000014056f18ee0;
L_0000014056f18ee0 .concat [ 8 2 0 0], v0000014056e8d5c0_0, L_0000014056eb17a8;
L_0000014056f18f80 .functor MUXZ 32, L_0000014056f344f0, v0000014056cb9240_0, L_0000014056f342c0, C4<>;
S_0000014056d724b0 .scope generate, "COL_BANK[2]" "COL_BANK[2]" 7 30, 7 30 0, S_0000014056d71380;
 .timescale -9 -12;
P_0000014056cf6660 .param/l "c" 0 7 30, +C4<010>;
L_0000014056f34410 .functor BUFZ 32, L_0000014056f198e0, C4<00000000000000000000000000000000>, C4<00000000000000000000000000000000>, C4<00000000000000000000000000000000>;
v0000014056cbab40_0 .net *"_ivl_2", 31 0, L_0000014056f34410;  1 drivers
v0000014056cbad20_0 .net "col_in", 31 0, L_0000014056f19660;  1 drivers
v0000014056cbaf00_0 .net "col_out", 31 0, L_0000014056f198e0;  1 drivers
S_0000014056d71060 .scope module, "u_bank" "single_column_bank" 7 43, 8 11 0, S_0000014056d724b0;
 .timescale -9 -12;
    .port_info 0 /INPUT 1 "clk";
    .port_info 1 /INPUT 1 "rst_n";
    .port_info 2 /INPUT 8 "addr";
    .port_info 3 /INPUT 1 "wr_en";
    .port_info 4 /INPUT 1 "acc_mode";
    .port_info 5 /INPUT 32 "in_psum";
    .port_info 6 /OUTPUT 32 "out_acc";
P_0000014056c83080 .param/l "BANK_ID" 0 8 12, +C4<00000000000000000000000000000010>;
P_0000014056c830b8 .param/l "DEPTH_LOG2" 0 8 13, +C4<00000000000000000000000000001000>;
L_0000014056f34330 .functor BUFZ 32, L_0000014056f19700, C4<00000000000000000000000000000000>, C4<00000000000000000000000000000000>, C4<00000000000000000000000000000000>;
v0000014056cb83e0_0 .net *"_ivl_0", 31 0, L_0000014056f19700;  1 drivers
v0000014056cb8340_0 .net *"_ivl_2", 9 0, L_0000014056f19840;  1 drivers
L_0000014056eb17f0 .functor BUFT 1, C4<00>, C4<0>, C4<0>, C4<0>;
v0000014056cb96a0_0 .net *"_ivl_5", 1 0, L_0000014056eb17f0;  1 drivers
v0000014056cb8d40_0 .net "acc_mode", 0 0, L_0000014056e82580;  alias, 1 drivers
v0000014056cb9740_0 .net "addr", 7 0, v0000014056e8d5c0_0;  alias, 1 drivers
v0000014056cb9ce0_0 .net "clk", 0 0, v0000014056e82620_0;  alias, 1 drivers
v0000014056cb9d80_0 .var/i "i", 31 0;
v0000014056cb97e0_0 .net "in_psum", 31 0, L_0000014056f19660;  alias, 1 drivers
v0000014056cb8e80 .array "mem", 255 0, 31 0;
v0000014056cb9880_0 .var/s "next_val", 31 0;
v0000014056cb8f20_0 .net/s "old_val", 31 0, L_0000014056f34330;  1 drivers
v0000014056cb9e20_0 .net "out_acc", 31 0, L_0000014056f198e0;  alias, 1 drivers
v0000014056cba8c0_0 .net "rst_n", 0 0, L_0000014056b6afc0;  alias, 1 drivers
v0000014056cbac80_0 .net "wr_en", 0 0, L_0000014056f342c0;  alias, 1 drivers
E_0000014056cf64e0 .event anyedge, v0000014056cb4420_0, v0000014056cb8f20_0, v0000014056cb97e0_0;
L_0000014056f19700 .array/port v0000014056cb8e80, L_0000014056f19840;
L_0000014056f19840 .concat [ 8 2 0 0], v0000014056e8d5c0_0, L_0000014056eb17f0;
L_0000014056f198e0 .functor MUXZ 32, L_0000014056f34330, v0000014056cb9880_0, L_0000014056f342c0, C4<>;
S_0000014056d71510 .scope generate, "COL_BANK[3]" "COL_BANK[3]" 7 30, 7 30 0, S_0000014056d71380;
 .timescale -9 -12;
P_0000014056cf6920 .param/l "c" 0 7 30, +C4<011>;
L_0000014056f34480 .functor BUFZ 32, L_0000014056f1a380, C4<00000000000000000000000000000000>, C4<00000000000000000000000000000000>, C4<00000000000000000000000000000000>;
v0000014056b98ca0_0 .net *"_ivl_2", 31 0, L_0000014056f34480;  1 drivers
v0000014056b98fc0_0 .net "col_in", 31 0, L_0000014056f1a060;  1 drivers
v0000014056b98480_0 .net "col_out", 31 0, L_0000014056f1a380;  1 drivers
S_0000014056d71830 .scope module, "u_bank" "single_column_bank" 7 43, 8 11 0, S_0000014056d71510;
 .timescale -9 -12;
    .port_info 0 /INPUT 1 "clk";
    .port_info 1 /INPUT 1 "rst_n";
    .port_info 2 /INPUT 8 "addr";
    .port_info 3 /INPUT 1 "wr_en";
    .port_info 4 /INPUT 1 "acc_mode";
    .port_info 5 /INPUT 32 "in_psum";
    .port_info 6 /OUTPUT 32 "out_acc";
P_0000014056c83e00 .param/l "BANK_ID" 0 8 12, +C4<00000000000000000000000000000011>;
P_0000014056c83e38 .param/l "DEPTH_LOG2" 0 8 13, +C4<00000000000000000000000000001000>;
L_0000014056f34870 .functor BUFZ 32, L_0000014056f19a20, C4<00000000000000000000000000000000>, C4<00000000000000000000000000000000>, C4<00000000000000000000000000000000>;
v0000014056cbadc0_0 .net *"_ivl_0", 31 0, L_0000014056f19a20;  1 drivers
v0000014056cbabe0_0 .net *"_ivl_2", 9 0, L_0000014056f1a2e0;  1 drivers
L_0000014056eb1838 .functor BUFT 1, C4<00>, C4<0>, C4<0>, C4<0>;
v0000014056cbafa0_0 .net *"_ivl_5", 1 0, L_0000014056eb1838;  1 drivers
v0000014056cbaaa0_0 .net "acc_mode", 0 0, L_0000014056e82580;  alias, 1 drivers
v0000014056cbae60_0 .net "addr", 7 0, v0000014056e8d5c0_0;  alias, 1 drivers
v0000014056cba960_0 .net "clk", 0 0, v0000014056e82620_0;  alias, 1 drivers
v0000014056cbaa00_0 .var/i "i", 31 0;
v0000014056b9eec0_0 .net "in_psum", 31 0, L_0000014056f1a060;  alias, 1 drivers
v0000014056b9e920 .array "mem", 255 0, 31 0;
v0000014056b9e9c0_0 .var/s "next_val", 31 0;
v0000014056b9ea60_0 .net/s "old_val", 31 0, L_0000014056f34870;  1 drivers
v0000014056b9eba0_0 .net "out_acc", 31 0, L_0000014056f1a380;  alias, 1 drivers
v0000014056b97440_0 .net "rst_n", 0 0, L_0000014056b6afc0;  alias, 1 drivers
v0000014056b97120_0 .net "wr_en", 0 0, L_0000014056f342c0;  alias, 1 drivers
E_0000014056cf62a0 .event anyedge, v0000014056cb4420_0, v0000014056b9ea60_0, v0000014056b9eec0_0;
L_0000014056f19a20 .array/port v0000014056b9e920, L_0000014056f1a2e0;
L_0000014056f1a2e0 .concat [ 8 2 0 0], v0000014056e8d5c0_0, L_0000014056eb1838;
L_0000014056f1a380 .functor MUXZ 32, L_0000014056f34870, v0000014056b9e9c0_0, L_0000014056f342c0, C4<>;
S_0000014056d83d00 .scope generate, "COL_BANK[4]" "COL_BANK[4]" 7 30, 7 30 0, S_0000014056d71380;
 .timescale -9 -12;
P_0000014056cf5de0 .param/l "c" 0 7 30, +C4<0100>;
L_0000014056f34800 .functor BUFZ 32, L_0000014056f18300, C4<00000000000000000000000000000000>, C4<00000000000000000000000000000000>, C4<00000000000000000000000000000000>;
v0000014056b973a0_0 .net *"_ivl_2", 31 0, L_0000014056f34800;  1 drivers
v0000014056b97800_0 .net "col_in", 31 0, L_0000014056f1a420;  1 drivers
v0000014056b987a0_0 .net "col_out", 31 0, L_0000014056f18300;  1 drivers
S_0000014056d84b10 .scope module, "u_bank" "single_column_bank" 7 43, 8 11 0, S_0000014056d83d00;
 .timescale -9 -12;
    .port_info 0 /INPUT 1 "clk";
    .port_info 1 /INPUT 1 "rst_n";
    .port_info 2 /INPUT 8 "addr";
    .port_info 3 /INPUT 1 "wr_en";
    .port_info 4 /INPUT 1 "acc_mode";
    .port_info 5 /INPUT 32 "in_psum";
    .port_info 6 /OUTPUT 32 "out_acc";
P_0000014056c83d00 .param/l "BANK_ID" 0 8 12, +C4<00000000000000000000000000000100>;
P_0000014056c83d38 .param/l "DEPTH_LOG2" 0 8 13, +C4<00000000000000000000000000001000>;
L_0000014056f341e0 .functor BUFZ 32, L_0000014056f1a560, C4<00000000000000000000000000000000>, C4<00000000000000000000000000000000>, C4<00000000000000000000000000000000>;
v0000014056b99240_0 .net *"_ivl_0", 31 0, L_0000014056f1a560;  1 drivers
v0000014056b994c0_0 .net *"_ivl_2", 9 0, L_0000014056f181c0;  1 drivers
L_0000014056eb1880 .functor BUFT 1, C4<00>, C4<0>, C4<0>, C4<0>;
v0000014056b97ee0_0 .net *"_ivl_5", 1 0, L_0000014056eb1880;  1 drivers
v0000014056b980c0_0 .net "acc_mode", 0 0, L_0000014056e82580;  alias, 1 drivers
v0000014056b99600_0 .net "addr", 7 0, v0000014056e8d5c0_0;  alias, 1 drivers
v0000014056b997e0_0 .net "clk", 0 0, v0000014056e82620_0;  alias, 1 drivers
v0000014056b97620_0 .var/i "i", 31 0;
v0000014056b97300_0 .net "in_psum", 31 0, L_0000014056f1a420;  alias, 1 drivers
v0000014056b97e40 .array "mem", 255 0, 31 0;
v0000014056b974e0_0 .var/s "next_val", 31 0;
v0000014056b979e0_0 .net/s "old_val", 31 0, L_0000014056f341e0;  1 drivers
v0000014056b98660_0 .net "out_acc", 31 0, L_0000014056f18300;  alias, 1 drivers
v0000014056b98700_0 .net "rst_n", 0 0, L_0000014056b6afc0;  alias, 1 drivers
v0000014056b98a20_0 .net "wr_en", 0 0, L_0000014056f342c0;  alias, 1 drivers
E_0000014056cf6120 .event anyedge, v0000014056cb4420_0, v0000014056b979e0_0, v0000014056b97300_0;
L_0000014056f1a560 .array/port v0000014056b97e40, L_0000014056f181c0;
L_0000014056f181c0 .concat [ 8 2 0 0], v0000014056e8d5c0_0, L_0000014056eb1880;
L_0000014056f18300 .functor MUXZ 32, L_0000014056f341e0, v0000014056b974e0_0, L_0000014056f342c0, C4<>;
S_0000014056d844d0 .scope generate, "COL_BANK[5]" "COL_BANK[5]" 7 30, 7 30 0, S_0000014056d71380;
 .timescale -9 -12;
P_0000014056cf65a0 .param/l "c" 0 7 30, +C4<0101>;
L_0000014056f34640 .functor BUFZ 32, L_0000014056f186c0, C4<00000000000000000000000000000000>, C4<00000000000000000000000000000000>, C4<00000000000000000000000000000000>;
v0000014056b9a320_0 .net *"_ivl_2", 31 0, L_0000014056f34640;  1 drivers
v0000014056b9abe0_0 .net "col_in", 31 0, L_0000014056f184e0;  1 drivers
v0000014056b9a1e0_0 .net "col_out", 31 0, L_0000014056f186c0;  1 drivers
S_0000014056d833a0 .scope module, "u_bank" "single_column_bank" 7 43, 8 11 0, S_0000014056d844d0;
 .timescale -9 -12;
    .port_info 0 /INPUT 1 "clk";
    .port_info 1 /INPUT 1 "rst_n";
    .port_info 2 /INPUT 8 "addr";
    .port_info 3 /INPUT 1 "wr_en";
    .port_info 4 /INPUT 1 "acc_mode";
    .port_info 5 /INPUT 32 "in_psum";
    .port_info 6 /OUTPUT 32 "out_acc";
P_0000014056c84280 .param/l "BANK_ID" 0 8 12, +C4<00000000000000000000000000000101>;
P_0000014056c842b8 .param/l "DEPTH_LOG2" 0 8 13, +C4<00000000000000000000000000001000>;
L_0000014056f34790 .functor BUFZ 32, L_0000014056f18580, C4<00000000000000000000000000000000>, C4<00000000000000000000000000000000>, C4<00000000000000000000000000000000>;
v0000014056b97a80_0 .net *"_ivl_0", 31 0, L_0000014056f18580;  1 drivers
v0000014056b97bc0_0 .net *"_ivl_2", 9 0, L_0000014056f18620;  1 drivers
L_0000014056eb18c8 .functor BUFT 1, C4<00>, C4<0>, C4<0>, C4<0>;
v0000014056b97c60_0 .net *"_ivl_5", 1 0, L_0000014056eb18c8;  1 drivers
v0000014056b98980_0 .net "acc_mode", 0 0, L_0000014056e82580;  alias, 1 drivers
v0000014056b9b180_0 .net "addr", 7 0, v0000014056e8d5c0_0;  alias, 1 drivers
v0000014056b9b220_0 .net "clk", 0 0, v0000014056e82620_0;  alias, 1 drivers
v0000014056b9ad20_0 .var/i "i", 31 0;
v0000014056b9a6e0_0 .net "in_psum", 31 0, L_0000014056f184e0;  alias, 1 drivers
v0000014056b9b5e0 .array "mem", 255 0, 31 0;
v0000014056b99f60_0 .var/s "next_val", 31 0;
v0000014056b9b360_0 .net/s "old_val", 31 0, L_0000014056f34790;  1 drivers
v0000014056b9bae0_0 .net "out_acc", 31 0, L_0000014056f186c0;  alias, 1 drivers
v0000014056b9a8c0_0 .net "rst_n", 0 0, L_0000014056b6afc0;  alias, 1 drivers
v0000014056b9bd60_0 .net "wr_en", 0 0, L_0000014056f342c0;  alias, 1 drivers
E_0000014056cf65e0 .event anyedge, v0000014056cb4420_0, v0000014056b9b360_0, v0000014056b9a6e0_0;
L_0000014056f18580 .array/port v0000014056b9b5e0, L_0000014056f18620;
L_0000014056f18620 .concat [ 8 2 0 0], v0000014056e8d5c0_0, L_0000014056eb18c8;
L_0000014056f186c0 .functor MUXZ 32, L_0000014056f34790, v0000014056b99f60_0, L_0000014056f342c0, C4<>;
S_0000014056d84980 .scope generate, "COL_BANK[6]" "COL_BANK[6]" 7 30, 7 30 0, S_0000014056d71380;
 .timescale -9 -12;
P_0000014056cf5e60 .param/l "c" 0 7 30, +C4<0110>;
L_0000014056f34250 .functor BUFZ 32, L_0000014056f1c2c0, C4<00000000000000000000000000000000>, C4<00000000000000000000000000000000>, C4<00000000000000000000000000000000>;
v0000014056b9c1c0_0 .net *"_ivl_2", 31 0, L_0000014056f34250;  1 drivers
v0000014056b9e6a0_0 .net "col_in", 31 0, L_0000014056f18760;  1 drivers
v0000014056b9c620_0 .net "col_out", 31 0, L_0000014056f1c2c0;  1 drivers
S_0000014056d83e90 .scope module, "u_bank" "single_column_bank" 7 43, 8 11 0, S_0000014056d84980;
 .timescale -9 -12;
    .port_info 0 /INPUT 1 "clk";
    .port_info 1 /INPUT 1 "rst_n";
    .port_info 2 /INPUT 8 "addr";
    .port_info 3 /INPUT 1 "wr_en";
    .port_info 4 /INPUT 1 "acc_mode";
    .port_info 5 /INPUT 32 "in_psum";
    .port_info 6 /OUTPUT 32 "out_acc";
P_0000014056c84d80 .param/l "BANK_ID" 0 8 12, +C4<00000000000000000000000000000110>;
P_0000014056c84db8 .param/l "DEPTH_LOG2" 0 8 13, +C4<00000000000000000000000000001000>;
L_0000014056f31000 .functor BUFZ 32, L_0000014056f1b6e0, C4<00000000000000000000000000000000>, C4<00000000000000000000000000000000>, C4<00000000000000000000000000000000>;
v0000014056b9a780_0 .net *"_ivl_0", 31 0, L_0000014056f1b6e0;  1 drivers
v0000014056b9a820_0 .net *"_ivl_2", 9 0, L_0000014056f1c7c0;  1 drivers
L_0000014056eb1910 .functor BUFT 1, C4<00>, C4<0>, C4<0>, C4<0>;
v0000014056b99a60_0 .net *"_ivl_5", 1 0, L_0000014056eb1910;  1 drivers
v0000014056b9adc0_0 .net "acc_mode", 0 0, L_0000014056e82580;  alias, 1 drivers
v0000014056b9a3c0_0 .net "addr", 7 0, v0000014056e8d5c0_0;  alias, 1 drivers
v0000014056b9bc20_0 .net "clk", 0 0, v0000014056e82620_0;  alias, 1 drivers
v0000014056b99c40_0 .var/i "i", 31 0;
v0000014056b99d80_0 .net "in_psum", 31 0, L_0000014056f18760;  alias, 1 drivers
v0000014056b99e20 .array "mem", 255 0, 31 0;
v0000014056b9b2c0_0 .var/s "next_val", 31 0;
v0000014056b9aa00_0 .net/s "old_val", 31 0, L_0000014056f31000;  1 drivers
v0000014056b9b9a0_0 .net "out_acc", 31 0, L_0000014056f1c2c0;  alias, 1 drivers
v0000014056b9d200_0 .net "rst_n", 0 0, L_0000014056b6afc0;  alias, 1 drivers
v0000014056b9d480_0 .net "wr_en", 0 0, L_0000014056f342c0;  alias, 1 drivers
E_0000014056cf6160 .event anyedge, v0000014056cb4420_0, v0000014056b9aa00_0, v0000014056b99d80_0;
L_0000014056f1b6e0 .array/port v0000014056b99e20, L_0000014056f1c7c0;
L_0000014056f1c7c0 .concat [ 8 2 0 0], v0000014056e8d5c0_0, L_0000014056eb1910;
L_0000014056f1c2c0 .functor MUXZ 32, L_0000014056f31000, v0000014056b9b2c0_0, L_0000014056f342c0, C4<>;
S_0000014056d83b70 .scope generate, "COL_BANK[7]" "COL_BANK[7]" 7 30, 7 30 0, S_0000014056d71380;
 .timescale -9 -12;
P_0000014056cf67a0 .param/l "c" 0 7 30, +C4<0111>;
L_0000014056f31fc0 .functor BUFZ 32, L_0000014056f1ce00, C4<00000000000000000000000000000000>, C4<00000000000000000000000000000000>, C4<00000000000000000000000000000000>;
v0000014056b9cbc0_0 .net *"_ivl_2", 31 0, L_0000014056f31fc0;  1 drivers
v0000014056b9df20_0 .net "col_in", 31 0, L_0000014056f1b5a0;  1 drivers
v0000014056b9c4e0_0 .net "col_out", 31 0, L_0000014056f1ce00;  1 drivers
S_0000014056d84020 .scope module, "u_bank" "single_column_bank" 7 43, 8 11 0, S_0000014056d83b70;
 .timescale -9 -12;
    .port_info 0 /INPUT 1 "clk";
    .port_info 1 /INPUT 1 "rst_n";
    .port_info 2 /INPUT 8 "addr";
    .port_info 3 /INPUT 1 "wr_en";
    .port_info 4 /INPUT 1 "acc_mode";
    .port_info 5 /INPUT 32 "in_psum";
    .port_info 6 /OUTPUT 32 "out_acc";
P_0000014056c84380 .param/l "BANK_ID" 0 8 12, +C4<00000000000000000000000000000111>;
P_0000014056c843b8 .param/l "DEPTH_LOG2" 0 8 13, +C4<00000000000000000000000000001000>;
L_0000014056f31d20 .functor BUFZ 32, L_0000014056f1b960, C4<00000000000000000000000000000000>, C4<00000000000000000000000000000000>, C4<00000000000000000000000000000000>;
v0000014056b9c940_0 .net *"_ivl_0", 31 0, L_0000014056f1b960;  1 drivers
v0000014056b9e740_0 .net *"_ivl_2", 9 0, L_0000014056f1ab00;  1 drivers
L_0000014056eb1958 .functor BUFT 1, C4<00>, C4<0>, C4<0>, C4<0>;
v0000014056b9e7e0_0 .net *"_ivl_5", 1 0, L_0000014056eb1958;  1 drivers
v0000014056b9d700_0 .net "acc_mode", 0 0, L_0000014056e82580;  alias, 1 drivers
v0000014056b9d980_0 .net "addr", 7 0, v0000014056e8d5c0_0;  alias, 1 drivers
v0000014056b9c120_0 .net "clk", 0 0, v0000014056e82620_0;  alias, 1 drivers
v0000014056b9dc00_0 .var/i "i", 31 0;
v0000014056b9c300_0 .net "in_psum", 31 0, L_0000014056f1b5a0;  alias, 1 drivers
v0000014056b9d340 .array "mem", 255 0, 31 0;
v0000014056b9e600_0 .var/s "next_val", 31 0;
v0000014056b9d840_0 .net/s "old_val", 31 0, L_0000014056f31d20;  1 drivers
v0000014056b9c3a0_0 .net "out_acc", 31 0, L_0000014056f1ce00;  alias, 1 drivers
v0000014056b9d8e0_0 .net "rst_n", 0 0, L_0000014056b6afc0;  alias, 1 drivers
v0000014056b9dca0_0 .net "wr_en", 0 0, L_0000014056f342c0;  alias, 1 drivers
E_0000014056cf61a0 .event anyedge, v0000014056cb4420_0, v0000014056b9d840_0, v0000014056b9c300_0;
L_0000014056f1b960 .array/port v0000014056b9d340, L_0000014056f1ab00;
L_0000014056f1ab00 .concat [ 8 2 0 0], v0000014056e8d5c0_0, L_0000014056eb1958;
L_0000014056f1ce00 .functor MUXZ 32, L_0000014056f31d20, v0000014056b9e600_0, L_0000014056f342c0, C4<>;
S_0000014056d839e0 .scope generate, "COL_BANK[8]" "COL_BANK[8]" 7 30, 7 30 0, S_0000014056d71380;
 .timescale -9 -12;
P_0000014056cf6720 .param/l "c" 0 7 30, +C4<01000>;
L_0000014056f321f0 .functor BUFZ 32, L_0000014056f1ba00, C4<00000000000000000000000000000000>, C4<00000000000000000000000000000000>, C4<00000000000000000000000000000000>;
v0000014056c158e0_0 .net *"_ivl_2", 31 0, L_0000014056f321f0;  1 drivers
v0000014056c164c0_0 .net "col_in", 31 0, L_0000014056f1b1e0;  1 drivers
v0000014056c14a80_0 .net "col_out", 31 0, L_0000014056f1ba00;  1 drivers
S_0000014056d841b0 .scope module, "u_bank" "single_column_bank" 7 43, 8 11 0, S_0000014056d839e0;
 .timescale -9 -12;
    .port_info 0 /INPUT 1 "clk";
    .port_info 1 /INPUT 1 "rst_n";
    .port_info 2 /INPUT 8 "addr";
    .port_info 3 /INPUT 1 "wr_en";
    .port_info 4 /INPUT 1 "acc_mode";
    .port_info 5 /INPUT 32 "in_psum";
    .port_info 6 /OUTPUT 32 "out_acc";
P_0000014056c83980 .param/l "BANK_ID" 0 8 12, +C4<00000000000000000000000000001000>;
P_0000014056c839b8 .param/l "DEPTH_LOG2" 0 8 13, +C4<00000000000000000000000000001000>;
L_0000014056f310e0 .functor BUFZ 32, L_0000014056f1b320, C4<00000000000000000000000000000000>, C4<00000000000000000000000000000000>, C4<00000000000000000000000000000000>;
v0000014056b9e100_0 .net *"_ivl_0", 31 0, L_0000014056f1b320;  1 drivers
v0000014056b9ca80_0 .net *"_ivl_2", 9 0, L_0000014056f1bdc0;  1 drivers
L_0000014056eb19a0 .functor BUFT 1, C4<00>, C4<0>, C4<0>, C4<0>;
v0000014056b9e240_0 .net *"_ivl_5", 1 0, L_0000014056eb19a0;  1 drivers
v0000014056c15e80_0 .net "acc_mode", 0 0, L_0000014056e82580;  alias, 1 drivers
v0000014056c15020_0 .net "addr", 7 0, v0000014056e8d5c0_0;  alias, 1 drivers
v0000014056c15160_0 .net "clk", 0 0, v0000014056e82620_0;  alias, 1 drivers
v0000014056c162e0_0 .var/i "i", 31 0;
v0000014056c15840_0 .net "in_psum", 31 0, L_0000014056f1b1e0;  alias, 1 drivers
v0000014056c14260 .array "mem", 255 0, 31 0;
v0000014056c14760_0 .var/s "next_val", 31 0;
v0000014056c15fc0_0 .net/s "old_val", 31 0, L_0000014056f310e0;  1 drivers
v0000014056c143a0_0 .net "out_acc", 31 0, L_0000014056f1ba00;  alias, 1 drivers
v0000014056c14800_0 .net "rst_n", 0 0, L_0000014056b6afc0;  alias, 1 drivers
v0000014056c16420_0 .net "wr_en", 0 0, L_0000014056f342c0;  alias, 1 drivers
E_0000014056cf6960 .event anyedge, v0000014056cb4420_0, v0000014056c15fc0_0, v0000014056c15840_0;
L_0000014056f1b320 .array/port v0000014056c14260, L_0000014056f1bdc0;
L_0000014056f1bdc0 .concat [ 8 2 0 0], v0000014056e8d5c0_0, L_0000014056eb19a0;
L_0000014056f1ba00 .functor MUXZ 32, L_0000014056f310e0, v0000014056c14760_0, L_0000014056f342c0, C4<>;
S_0000014056d84ca0 .scope generate, "COL_BANK[9]" "COL_BANK[9]" 7 30, 7 30 0, S_0000014056d71380;
 .timescale -9 -12;
P_0000014056cf6820 .param/l "c" 0 7 30, +C4<01001>;
L_0000014056f311c0 .functor BUFZ 32, L_0000014056f1c680, C4<00000000000000000000000000000000>, C4<00000000000000000000000000000000>, C4<00000000000000000000000000000000>;
v0000014056c114c0_0 .net *"_ivl_2", 31 0, L_0000014056f311c0;  1 drivers
v0000014056c117e0_0 .net "col_in", 31 0, L_0000014056f1c540;  1 drivers
v0000014056c10480_0 .net "col_out", 31 0, L_0000014056f1c680;  1 drivers
S_0000014056d84340 .scope module, "u_bank" "single_column_bank" 7 43, 8 11 0, S_0000014056d84ca0;
 .timescale -9 -12;
    .port_info 0 /INPUT 1 "clk";
    .port_info 1 /INPUT 1 "rst_n";
    .port_info 2 /INPUT 8 "addr";
    .port_info 3 /INPUT 1 "wr_en";
    .port_info 4 /INPUT 1 "acc_mode";
    .port_info 5 /INPUT 32 "in_psum";
    .port_info 6 /OUTPUT 32 "out_acc";
P_0000014056c83a80 .param/l "BANK_ID" 0 8 12, +C4<00000000000000000000000000001001>;
P_0000014056c83ab8 .param/l "DEPTH_LOG2" 0 8 13, +C4<00000000000000000000000000001000>;
L_0000014056f314d0 .functor BUFZ 32, L_0000014056f1c4a0, C4<00000000000000000000000000000000>, C4<00000000000000000000000000000000>, C4<00000000000000000000000000000000>;
v0000014056c15a20_0 .net *"_ivl_0", 31 0, L_0000014056f1c4a0;  1 drivers
v0000014056c167e0_0 .net *"_ivl_2", 9 0, L_0000014056f1bc80;  1 drivers
L_0000014056eb19e8 .functor BUFT 1, C4<00>, C4<0>, C4<0>, C4<0>;
v0000014056c14080_0 .net *"_ivl_5", 1 0, L_0000014056eb19e8;  1 drivers
v0000014056c16ce0_0 .net "acc_mode", 0 0, L_0000014056e82580;  alias, 1 drivers
v0000014056c16a60_0 .net "addr", 7 0, v0000014056e8d5c0_0;  alias, 1 drivers
v0000014056c16ec0_0 .net "clk", 0 0, v0000014056e82620_0;  alias, 1 drivers
v0000014056c16880_0 .var/i "i", 31 0;
v0000014056c10020_0 .net "in_psum", 31 0, L_0000014056f1c540;  alias, 1 drivers
v0000014056c0f3a0 .array "mem", 255 0, 31 0;
v0000014056c10340_0 .var/s "next_val", 31 0;
v0000014056c0ff80_0 .net/s "old_val", 31 0, L_0000014056f314d0;  1 drivers
v0000014056c10b60_0 .net "out_acc", 31 0, L_0000014056f1c680;  alias, 1 drivers
v0000014056c0f800_0 .net "rst_n", 0 0, L_0000014056b6afc0;  alias, 1 drivers
v0000014056c10c00_0 .net "wr_en", 0 0, L_0000014056f342c0;  alias, 1 drivers
E_0000014056cf7320 .event anyedge, v0000014056cb4420_0, v0000014056c0ff80_0, v0000014056c10020_0;
L_0000014056f1c4a0 .array/port v0000014056c0f3a0, L_0000014056f1bc80;
L_0000014056f1bc80 .concat [ 8 2 0 0], v0000014056e8d5c0_0, L_0000014056eb19e8;
L_0000014056f1c680 .functor MUXZ 32, L_0000014056f314d0, v0000014056c10340_0, L_0000014056f342c0, C4<>;
S_0000014056d836c0 .scope generate, "COL_BANK[10]" "COL_BANK[10]" 7 30, 7 30 0, S_0000014056d71380;
 .timescale -9 -12;
P_0000014056cf70a0 .param/l "c" 0 7 30, +C4<01010>;
L_0000014056f31d90 .functor BUFZ 32, L_0000014056f1baa0, C4<00000000000000000000000000000000>, C4<00000000000000000000000000000000>, C4<00000000000000000000000000000000>;
v0000014056c13a40_0 .net *"_ivl_2", 31 0, L_0000014056f31d90;  1 drivers
v0000014056c13720_0 .net "col_in", 31 0, L_0000014056f1ace0;  1 drivers
v0000014056c11880_0 .net "col_out", 31 0, L_0000014056f1baa0;  1 drivers
S_0000014056d84660 .scope module, "u_bank" "single_column_bank" 7 43, 8 11 0, S_0000014056d836c0;
 .timescale -9 -12;
    .port_info 0 /INPUT 1 "clk";
    .port_info 1 /INPUT 1 "rst_n";
    .port_info 2 /INPUT 8 "addr";
    .port_info 3 /INPUT 1 "wr_en";
    .port_info 4 /INPUT 1 "acc_mode";
    .port_info 5 /INPUT 32 "in_psum";
    .port_info 6 /OUTPUT 32 "out_acc";
P_0000014056c83380 .param/l "BANK_ID" 0 8 12, +C4<00000000000000000000000000001010>;
P_0000014056c833b8 .param/l "DEPTH_LOG2" 0 8 13, +C4<00000000000000000000000000001000>;
L_0000014056f32420 .functor BUFZ 32, L_0000014056f1b820, C4<00000000000000000000000000000000>, C4<00000000000000000000000000000000>, C4<00000000000000000000000000000000>;
v0000014056c0f440_0 .net *"_ivl_0", 31 0, L_0000014056f1b820;  1 drivers
v0000014056c10200_0 .net *"_ivl_2", 9 0, L_0000014056f1af60;  1 drivers
L_0000014056eb1a30 .functor BUFT 1, C4<00>, C4<0>, C4<0>, C4<0>;
v0000014056c10f20_0 .net *"_ivl_5", 1 0, L_0000014056eb1a30;  1 drivers
v0000014056c10840_0 .net "acc_mode", 0 0, L_0000014056e82580;  alias, 1 drivers
v0000014056c10fc0_0 .net "addr", 7 0, v0000014056e8d5c0_0;  alias, 1 drivers
v0000014056c11100_0 .net "clk", 0 0, v0000014056e82620_0;  alias, 1 drivers
v0000014056c0f760_0 .var/i "i", 31 0;
v0000014056c0f8a0_0 .net "in_psum", 31 0, L_0000014056f1ace0;  alias, 1 drivers
v0000014056c111a0 .array "mem", 255 0, 31 0;
v0000014056c0fb20_0 .var/s "next_val", 31 0;
v0000014056c0fbc0_0 .net/s "old_val", 31 0, L_0000014056f32420;  1 drivers
v0000014056c0fd00_0 .net "out_acc", 31 0, L_0000014056f1baa0;  alias, 1 drivers
v0000014056c0fda0_0 .net "rst_n", 0 0, L_0000014056b6afc0;  alias, 1 drivers
v0000014056c13040_0 .net "wr_en", 0 0, L_0000014056f342c0;  alias, 1 drivers
E_0000014056cf7ae0 .event anyedge, v0000014056cb4420_0, v0000014056c0fbc0_0, v0000014056c0f8a0_0;
L_0000014056f1b820 .array/port v0000014056c111a0, L_0000014056f1af60;
L_0000014056f1af60 .concat [ 8 2 0 0], v0000014056e8d5c0_0, L_0000014056eb1a30;
L_0000014056f1baa0 .functor MUXZ 32, L_0000014056f32420, v0000014056c0fb20_0, L_0000014056f342c0, C4<>;
S_0000014056d84e30 .scope generate, "COL_BANK[11]" "COL_BANK[11]" 7 30, 7 30 0, S_0000014056d71380;
 .timescale -9 -12;
P_0000014056cf7820 .param/l "c" 0 7 30, +C4<01011>;
L_0000014056f31b60 .functor BUFZ 32, L_0000014056f1c900, C4<00000000000000000000000000000000>, C4<00000000000000000000000000000000>, C4<00000000000000000000000000000000>;
v0000014056c137c0_0 .net *"_ivl_2", 31 0, L_0000014056f31b60;  1 drivers
v0000014056c91f50_0 .net "col_in", 31 0, L_0000014056f1b8c0;  1 drivers
v0000014056c91cd0_0 .net "col_out", 31 0, L_0000014056f1c900;  1 drivers
S_0000014056d847f0 .scope module, "u_bank" "single_column_bank" 7 43, 8 11 0, S_0000014056d84e30;
 .timescale -9 -12;
    .port_info 0 /INPUT 1 "clk";
    .port_info 1 /INPUT 1 "rst_n";
    .port_info 2 /INPUT 8 "addr";
    .port_info 3 /INPUT 1 "wr_en";
    .port_info 4 /INPUT 1 "acc_mode";
    .port_info 5 /INPUT 32 "in_psum";
    .port_info 6 /OUTPUT 32 "out_acc";
P_0000014056c84f00 .param/l "BANK_ID" 0 8 12, +C4<00000000000000000000000000001011>;
P_0000014056c84f38 .param/l "DEPTH_LOG2" 0 8 13, +C4<00000000000000000000000000001000>;
L_0000014056f319a0 .functor BUFZ 32, L_0000014056f1c860, C4<00000000000000000000000000000000>, C4<00000000000000000000000000000000>, C4<00000000000000000000000000000000>;
v0000014056c119c0_0 .net *"_ivl_0", 31 0, L_0000014056f1c860;  1 drivers
v0000014056c13d60_0 .net *"_ivl_2", 9 0, L_0000014056f1ac40;  1 drivers
L_0000014056eb1a78 .functor BUFT 1, C4<00>, C4<0>, C4<0>, C4<0>;
v0000014056c12a00_0 .net *"_ivl_5", 1 0, L_0000014056eb1a78;  1 drivers
v0000014056c11a60_0 .net "acc_mode", 0 0, L_0000014056e82580;  alias, 1 drivers
v0000014056c11c40_0 .net "addr", 7 0, v0000014056e8d5c0_0;  alias, 1 drivers
v0000014056c12500_0 .net "clk", 0 0, v0000014056e82620_0;  alias, 1 drivers
v0000014056c11d80_0 .var/i "i", 31 0;
v0000014056c11e20_0 .net "in_psum", 31 0, L_0000014056f1b8c0;  alias, 1 drivers
v0000014056c120a0 .array "mem", 255 0, 31 0;
v0000014056c13360_0 .var/s "next_val", 31 0;
v0000014056c125a0_0 .net/s "old_val", 31 0, L_0000014056f319a0;  1 drivers
v0000014056c12d20_0 .net "out_acc", 31 0, L_0000014056f1c900;  alias, 1 drivers
v0000014056c130e0_0 .net "rst_n", 0 0, L_0000014056b6afc0;  alias, 1 drivers
v0000014056c13400_0 .net "wr_en", 0 0, L_0000014056f342c0;  alias, 1 drivers
E_0000014056cf7960 .event anyedge, v0000014056cb4420_0, v0000014056c125a0_0, v0000014056c11e20_0;
L_0000014056f1c860 .array/port v0000014056c120a0, L_0000014056f1ac40;
L_0000014056f1ac40 .concat [ 8 2 0 0], v0000014056e8d5c0_0, L_0000014056eb1a78;
L_0000014056f1c900 .functor MUXZ 32, L_0000014056f319a0, v0000014056c13360_0, L_0000014056f342c0, C4<>;
S_0000014056d83530 .scope generate, "COL_BANK[12]" "COL_BANK[12]" 7 30, 7 30 0, S_0000014056d71380;
 .timescale -9 -12;
P_0000014056cf7020 .param/l "c" 0 7 30, +C4<01100>;
L_0000014056f30f90 .functor BUFZ 32, L_0000014056f1cd60, C4<00000000000000000000000000000000>, C4<00000000000000000000000000000000>, C4<00000000000000000000000000000000>;
v0000014056c8eb70_0 .net *"_ivl_2", 31 0, L_0000014056f30f90;  1 drivers
v0000014056c8edf0_0 .net "col_in", 31 0, L_0000014056f1b0a0;  1 drivers
v0000014056c8e030_0 .net "col_out", 31 0, L_0000014056f1cd60;  1 drivers
S_0000014056d83080 .scope module, "u_bank" "single_column_bank" 7 43, 8 11 0, S_0000014056d83530;
 .timescale -9 -12;
    .port_info 0 /INPUT 1 "clk";
    .port_info 1 /INPUT 1 "rst_n";
    .port_info 2 /INPUT 8 "addr";
    .port_info 3 /INPUT 1 "wr_en";
    .port_info 4 /INPUT 1 "acc_mode";
    .port_info 5 /INPUT 32 "in_psum";
    .port_info 6 /OUTPUT 32 "out_acc";
P_0000014056c84700 .param/l "BANK_ID" 0 8 12, +C4<00000000000000000000000000001100>;
P_0000014056c84738 .param/l "DEPTH_LOG2" 0 8 13, +C4<00000000000000000000000000001000>;
L_0000014056f31770 .functor BUFZ 32, L_0000014056f1c040, C4<00000000000000000000000000000000>, C4<00000000000000000000000000000000>, C4<00000000000000000000000000000000>;
v0000014056c91d70_0 .net *"_ivl_0", 31 0, L_0000014056f1c040;  1 drivers
v0000014056c8be70_0 .net *"_ivl_2", 9 0, L_0000014056f1bb40;  1 drivers
L_0000014056eb1ac0 .functor BUFT 1, C4<00>, C4<0>, C4<0>, C4<0>;
v0000014056c8bf10_0 .net *"_ivl_5", 1 0, L_0000014056eb1ac0;  1 drivers
v0000014056c8c7d0_0 .net "acc_mode", 0 0, L_0000014056e82580;  alias, 1 drivers
v0000014056c8a430_0 .net "addr", 7 0, v0000014056e8d5c0_0;  alias, 1 drivers
v0000014056c8a890_0 .net "clk", 0 0, v0000014056e82620_0;  alias, 1 drivers
v0000014056c8a930_0 .var/i "i", 31 0;
v0000014056c8ab10_0 .net "in_psum", 31 0, L_0000014056f1b0a0;  alias, 1 drivers
v0000014056c8ae30 .array "mem", 255 0, 31 0;
v0000014056c8b0b0_0 .var/s "next_val", 31 0;
v0000014056c8b1f0_0 .net/s "old_val", 31 0, L_0000014056f31770;  1 drivers
v0000014056c8b3d0_0 .net "out_acc", 31 0, L_0000014056f1cd60;  alias, 1 drivers
v0000014056c8b5b0_0 .net "rst_n", 0 0, L_0000014056b6afc0;  alias, 1 drivers
v0000014056c8cff0_0 .net "wr_en", 0 0, L_0000014056f342c0;  alias, 1 drivers
E_0000014056cf70e0 .event anyedge, v0000014056cb4420_0, v0000014056c8b1f0_0, v0000014056c8ab10_0;
L_0000014056f1c040 .array/port v0000014056c8ae30, L_0000014056f1bb40;
L_0000014056f1bb40 .concat [ 8 2 0 0], v0000014056e8d5c0_0, L_0000014056eb1ac0;
L_0000014056f1cd60 .functor MUXZ 32, L_0000014056f31770, v0000014056c8b0b0_0, L_0000014056f342c0, C4<>;
S_0000014056d83210 .scope generate, "COL_BANK[13]" "COL_BANK[13]" 7 30, 7 30 0, S_0000014056d71380;
 .timescale -9 -12;
P_0000014056cf7aa0 .param/l "c" 0 7 30, +C4<01101>;
L_0000014056f323b0 .functor BUFZ 32, L_0000014056f1b780, C4<00000000000000000000000000000000>, C4<00000000000000000000000000000000>, C4<00000000000000000000000000000000>;
v0000014056c91550_0 .net *"_ivl_2", 31 0, L_0000014056f323b0;  1 drivers
v0000014056c919b0_0 .net "col_in", 31 0, L_0000014056f1aec0;  1 drivers
v0000014056c91730_0 .net "col_out", 31 0, L_0000014056f1b780;  1 drivers
S_0000014056d83850 .scope module, "u_bank" "single_column_bank" 7 43, 8 11 0, S_0000014056d83210;
 .timescale -9 -12;
    .port_info 0 /INPUT 1 "clk";
    .port_info 1 /INPUT 1 "rst_n";
    .port_info 2 /INPUT 8 "addr";
    .port_info 3 /INPUT 1 "wr_en";
    .port_info 4 /INPUT 1 "acc_mode";
    .port_info 5 /INPUT 32 "in_psum";
    .port_info 6 /OUTPUT 32 "out_acc";
P_0000014056c83180 .param/l "BANK_ID" 0 8 12, +C4<00000000000000000000000000001101>;
P_0000014056c831b8 .param/l "DEPTH_LOG2" 0 8 13, +C4<00000000000000000000000000001000>;
L_0000014056f31310 .functor BUFZ 32, L_0000014056f1c400, C4<00000000000000000000000000000000>, C4<00000000000000000000000000000000>, C4<00000000000000000000000000000000>;
v0000014056c8cf50_0 .net *"_ivl_0", 31 0, L_0000014056f1c400;  1 drivers
v0000014056c8e710_0 .net *"_ivl_2", 9 0, L_0000014056f1bbe0;  1 drivers
L_0000014056eb1b08 .functor BUFT 1, C4<00>, C4<0>, C4<0>, C4<0>;
v0000014056c8e850_0 .net *"_ivl_5", 1 0, L_0000014056eb1b08;  1 drivers
v0000014056c8d6d0_0 .net "acc_mode", 0 0, L_0000014056e82580;  alias, 1 drivers
v0000014056c8ea30_0 .net "addr", 7 0, v0000014056e8d5c0_0;  alias, 1 drivers
v0000014056c8ef30_0 .net "clk", 0 0, v0000014056e82620_0;  alias, 1 drivers
v0000014056c8f250_0 .var/i "i", 31 0;
v0000014056c8cb90_0 .net "in_psum", 31 0, L_0000014056f1aec0;  alias, 1 drivers
v0000014056c8ceb0 .array "mem", 255 0, 31 0;
v0000014056c8d1d0_0 .var/s "next_val", 31 0;
v0000014056c8d310_0 .net/s "old_val", 31 0, L_0000014056f31310;  1 drivers
v0000014056c91050_0 .net "out_acc", 31 0, L_0000014056f1b780;  alias, 1 drivers
v0000014056c8fed0_0 .net "rst_n", 0 0, L_0000014056b6afc0;  alias, 1 drivers
v0000014056c910f0_0 .net "wr_en", 0 0, L_0000014056f342c0;  alias, 1 drivers
E_0000014056cf6ee0 .event anyedge, v0000014056cb4420_0, v0000014056c8d310_0, v0000014056c8cb90_0;
L_0000014056f1c400 .array/port v0000014056c8ceb0, L_0000014056f1bbe0;
L_0000014056f1bbe0 .concat [ 8 2 0 0], v0000014056e8d5c0_0, L_0000014056eb1b08;
L_0000014056f1b780 .functor MUXZ 32, L_0000014056f31310, v0000014056c8d1d0_0, L_0000014056f342c0, C4<>;
S_0000014056d86cb0 .scope generate, "COL_BANK[14]" "COL_BANK[14]" 7 30, 7 30 0, S_0000014056d71380;
 .timescale -9 -12;
P_0000014056cf6f20 .param/l "c" 0 7 30, +C4<01110>;
L_0000014056f30dd0 .functor BUFZ 32, L_0000014056f1b500, C4<00000000000000000000000000000000>, C4<00000000000000000000000000000000>, C4<00000000000000000000000000000000>;
v0000014056aac390_0 .net *"_ivl_2", 31 0, L_0000014056f30dd0;  1 drivers
v0000014056aacf70_0 .net "col_in", 31 0, L_0000014056f1b280;  1 drivers
v0000014056aac1b0_0 .net "col_out", 31 0, L_0000014056f1b500;  1 drivers
S_0000014056d85860 .scope module, "u_bank" "single_column_bank" 7 43, 8 11 0, S_0000014056d86cb0;
 .timescale -9 -12;
    .port_info 0 /INPUT 1 "clk";
    .port_info 1 /INPUT 1 "rst_n";
    .port_info 2 /INPUT 8 "addr";
    .port_info 3 /INPUT 1 "wr_en";
    .port_info 4 /INPUT 1 "acc_mode";
    .port_info 5 /INPUT 32 "in_psum";
    .port_info 6 /OUTPUT 32 "out_acc";
P_0000014056c83680 .param/l "BANK_ID" 0 8 12, +C4<00000000000000000000000000001110>;
P_0000014056c836b8 .param/l "DEPTH_LOG2" 0 8 13, +C4<00000000000000000000000000001000>;
L_0000014056f31540 .functor BUFZ 32, L_0000014056f1b140, C4<00000000000000000000000000000000>, C4<00000000000000000000000000000000>, C4<00000000000000000000000000000000>;
v0000014056c8f390_0 .net *"_ivl_0", 31 0, L_0000014056f1b140;  1 drivers
v0000014056c8f430_0 .net *"_ivl_2", 9 0, L_0000014056f1cc20;  1 drivers
L_0000014056eb1b50 .functor BUFT 1, C4<00>, C4<0>, C4<0>, C4<0>;
v0000014056c8f9d0_0 .net *"_ivl_5", 1 0, L_0000014056eb1b50;  1 drivers
v0000014056c8f6b0_0 .net "acc_mode", 0 0, L_0000014056e82580;  alias, 1 drivers
v0000014056c8f750_0 .net "addr", 7 0, v0000014056e8d5c0_0;  alias, 1 drivers
v0000014056c8fbb0_0 .net "clk", 0 0, v0000014056e82620_0;  alias, 1 drivers
v0000014056aab850_0 .var/i "i", 31 0;
v0000014056aab8f0_0 .net "in_psum", 31 0, L_0000014056f1b280;  alias, 1 drivers
v0000014056aac6b0 .array "mem", 255 0, 31 0;
v0000014056aaca70_0 .var/s "next_val", 31 0;
v0000014056aabcb0_0 .net/s "old_val", 31 0, L_0000014056f31540;  1 drivers
v0000014056aacb10_0 .net "out_acc", 31 0, L_0000014056f1b500;  alias, 1 drivers
v0000014056aac890_0 .net "rst_n", 0 0, L_0000014056b6afc0;  alias, 1 drivers
v0000014056aac930_0 .net "wr_en", 0 0, L_0000014056f342c0;  alias, 1 drivers
E_0000014056cf78a0 .event anyedge, v0000014056cb4420_0, v0000014056aabcb0_0, v0000014056aab8f0_0;
L_0000014056f1b140 .array/port v0000014056aac6b0, L_0000014056f1cc20;
L_0000014056f1cc20 .concat [ 8 2 0 0], v0000014056e8d5c0_0, L_0000014056eb1b50;
L_0000014056f1b500 .functor MUXZ 32, L_0000014056f31540, v0000014056aaca70_0, L_0000014056f342c0, C4<>;
S_0000014056d86800 .scope generate, "COL_BANK[15]" "COL_BANK[15]" 7 30, 7 30 0, S_0000014056d71380;
 .timescale -9 -12;
P_0000014056cf71a0 .param/l "c" 0 7 30, +C4<01111>;
L_0000014056f317e0 .functor BUFZ 32, L_0000014056f1b460, C4<00000000000000000000000000000000>, C4<00000000000000000000000000000000>, C4<00000000000000000000000000000000>;
v0000014056aaeeb0_0 .net *"_ivl_2", 31 0, L_0000014056f317e0;  1 drivers
v0000014056aade70_0 .net "col_in", 31 0, L_0000014056f1c5e0;  1 drivers
v0000014056aae050_0 .net "col_out", 31 0, L_0000014056f1b460;  1 drivers
S_0000014056d86990 .scope module, "u_bank" "single_column_bank" 7 43, 8 11 0, S_0000014056d86800;
 .timescale -9 -12;
    .port_info 0 /INPUT 1 "clk";
    .port_info 1 /INPUT 1 "rst_n";
    .port_info 2 /INPUT 8 "addr";
    .port_info 3 /INPUT 1 "wr_en";
    .port_info 4 /INPUT 1 "acc_mode";
    .port_info 5 /INPUT 32 "in_psum";
    .port_info 6 /OUTPUT 32 "out_acc";
P_0000014056c83e80 .param/l "BANK_ID" 0 8 12, +C4<00000000000000000000000000001111>;
P_0000014056c83eb8 .param/l "DEPTH_LOG2" 0 8 13, +C4<00000000000000000000000000001000>;
L_0000014056f30d60 .functor BUFZ 32, L_0000014056f1b000, C4<00000000000000000000000000000000>, C4<00000000000000000000000000000000>, C4<00000000000000000000000000000000>;
v0000014056aaccf0_0 .net *"_ivl_0", 31 0, L_0000014056f1b000;  1 drivers
v0000014056aabd50_0 .net *"_ivl_2", 9 0, L_0000014056f1ad80;  1 drivers
L_0000014056eb1b98 .functor BUFT 1, C4<00>, C4<0>, C4<0>, C4<0>;
v0000014056aad0b0_0 .net *"_ivl_5", 1 0, L_0000014056eb1b98;  1 drivers
v0000014056aad290_0 .net "acc_mode", 0 0, L_0000014056e82580;  alias, 1 drivers
v0000014056aad330_0 .net "addr", 7 0, v0000014056e8d5c0_0;  alias, 1 drivers
v0000014056aab990_0 .net "clk", 0 0, v0000014056e82620_0;  alias, 1 drivers
v0000014056aab210_0 .var/i "i", 31 0;
v0000014056aabf30_0 .net "in_psum", 31 0, L_0000014056f1c5e0;  alias, 1 drivers
v0000014056aad5b0 .array "mem", 255 0, 31 0;
v0000014056aad650_0 .var/s "next_val", 31 0;
v0000014056aad6f0_0 .net/s "old_val", 31 0, L_0000014056f30d60;  1 drivers
v0000014056aab350_0 .net "out_acc", 31 0, L_0000014056f1b460;  alias, 1 drivers
v0000014056aac070_0 .net "rst_n", 0 0, L_0000014056b6afc0;  alias, 1 drivers
v0000014056aae230_0 .net "wr_en", 0 0, L_0000014056f342c0;  alias, 1 drivers
E_0000014056cf7b20 .event anyedge, v0000014056cb4420_0, v0000014056aad6f0_0, v0000014056aabf30_0;
L_0000014056f1b000 .array/port v0000014056aad5b0, L_0000014056f1ad80;
L_0000014056f1ad80 .concat [ 8 2 0 0], v0000014056e8d5c0_0, L_0000014056eb1b98;
L_0000014056f1b460 .functor MUXZ 32, L_0000014056f30d60, v0000014056aad650_0, L_0000014056f342c0, C4<>;
S_0000014056d859f0 .scope module, "u_array" "systolic_array" 6 142, 9 14 0, S_0000014056cbb3e0;
 .timescale -9 -12;
    .port_info 0 /INPUT 1 "clk";
    .port_info 1 /INPUT 1 "rst_n";
    .port_info 2 /INPUT 1 "en_compute";
    .port_info 3 /INPUT 12 "row_load_en";
    .port_info 4 /INPUT 96 "in_act_vec";
    .port_info 5 /INPUT 128 "in_weight_vec";
    .port_info 6 /OUTPUT 512 "out_psum_vec";
v0000014056e8d160 .array "act_wires", 191 0;
v0000014056e8d160_0 .net v0000014056e8d160 0, 7 0, v0000014056b19d70_0; 1 drivers
v0000014056e8d160_1 .net v0000014056e8d160 1, 7 0, v0000014056b197d0_0; 1 drivers
v0000014056e8d160_2 .net v0000014056e8d160 2, 7 0, v0000014056b177f0_0; 1 drivers
v0000014056e8d160_3 .net v0000014056e8d160 3, 7 0, v0000014056b47f70_0; 1 drivers
v0000014056e8d160_4 .net v0000014056e8d160 4, 7 0, v0000014056b477f0_0; 1 drivers
v0000014056e8d160_5 .net v0000014056e8d160 5, 7 0, v0000014056b45130_0; 1 drivers
v0000014056e8d160_6 .net v0000014056e8d160 6, 7 0, v0000014056b74af0_0; 1 drivers
v0000014056e8d160_7 .net v0000014056e8d160 7, 7 0, v0000014056b717b0_0; 1 drivers
v0000014056e8d160_8 .net v0000014056e8d160 8, 7 0, v00000140569e60e0_0; 1 drivers
v0000014056e8d160_9 .net v0000014056e8d160 9, 7 0, v00000140569e5500_0; 1 drivers
v0000014056e8d160_10 .net v0000014056e8d160 10, 7 0, v00000140569d9350_0; 1 drivers
v0000014056e8d160_11 .net v0000014056e8d160 11, 7 0, v00000140569d7af0_0; 1 drivers
v0000014056e8d160_12 .net v0000014056e8d160 12, 7 0, v00000140569d8630_0; 1 drivers
v0000014056e8d160_13 .net v0000014056e8d160 13, 7 0, v00000140569f2c60_0; 1 drivers
v0000014056e8d160_14 .net v0000014056e8d160 14, 7 0, v0000014056a3d9f0_0; 1 drivers
v0000014056e8d160_15 .net v0000014056e8d160 15, 7 0, v0000014056a8c6f0_0; 1 drivers
v0000014056e8d160_16 .net v0000014056e8d160 16, 7 0, v0000014056a8ce70_0; 1 drivers
v0000014056e8d160_17 .net v0000014056e8d160 17, 7 0, v0000014056a44730_0; 1 drivers
v0000014056e8d160_18 .net v0000014056e8d160 18, 7 0, v0000014056a9d6d0_0; 1 drivers
v0000014056e8d160_19 .net v0000014056e8d160 19, 7 0, v0000014056a3bda0_0; 1 drivers
v0000014056e8d160_20 .net v0000014056e8d160 20, 7 0, v00000140569c70c0_0; 1 drivers
v0000014056e8d160_21 .net v0000014056e8d160 21, 7 0, v0000014056d98fb0_0; 1 drivers
v0000014056e8d160_22 .net v0000014056e8d160 22, 7 0, v0000014056d98330_0; 1 drivers
v0000014056e8d160_23 .net v0000014056e8d160 23, 7 0, v0000014056d98150_0; 1 drivers
v0000014056e8d160_24 .net v0000014056e8d160 24, 7 0, v0000014056d99690_0; 1 drivers
v0000014056e8d160_25 .net v0000014056e8d160 25, 7 0, v0000014056d9b5d0_0; 1 drivers
v0000014056e8d160_26 .net v0000014056e8d160 26, 7 0, v0000014056d9c250_0; 1 drivers
v0000014056e8d160_27 .net v0000014056e8d160 27, 7 0, v0000014056d9b2b0_0; 1 drivers
v0000014056e8d160_28 .net v0000014056e8d160 28, 7 0, v0000014056d9c4d0_0; 1 drivers
v0000014056e8d160_29 .net v0000014056e8d160 29, 7 0, v0000014056d9ddd0_0; 1 drivers
v0000014056e8d160_30 .net v0000014056e8d160 30, 7 0, v0000014056d9e550_0; 1 drivers
v0000014056e8d160_31 .net v0000014056e8d160 31, 7 0, v0000014056d9d830_0; 1 drivers
v0000014056e8d160_32 .net v0000014056e8d160 32, 7 0, v0000014056d9d3d0_0; 1 drivers
v0000014056e8d160_33 .net v0000014056e8d160 33, 7 0, v0000014056d9f4f0_0; 1 drivers
v0000014056e8d160_34 .net v0000014056e8d160 34, 7 0, v0000014056d9f270_0; 1 drivers
v0000014056e8d160_35 .net v0000014056e8d160 35, 7 0, v0000014056d9f130_0; 1 drivers
v0000014056e8d160_36 .net v0000014056e8d160 36, 7 0, v0000014056d9fdb0_0; 1 drivers
v0000014056e8d160_37 .net v0000014056e8d160 37, 7 0, v0000014056da0f30_0; 1 drivers
v0000014056e8d160_38 .net v0000014056e8d160 38, 7 0, v0000014056da2dd0_0; 1 drivers
v0000014056e8d160_39 .net v0000014056e8d160 39, 7 0, v0000014056da2a10_0; 1 drivers
v0000014056e8d160_40 .net v0000014056e8d160 40, 7 0, v0000014056da37d0_0; 1 drivers
v0000014056e8d160_41 .net v0000014056e8d160 41, 7 0, v0000014056da19d0_0; 1 drivers
v0000014056e8d160_42 .net v0000014056e8d160 42, 7 0, v0000014056da46d0_0; 1 drivers
v0000014056e8d160_43 .net v0000014056e8d160 43, 7 0, v0000014056da4bd0_0; 1 drivers
v0000014056e8d160_44 .net v0000014056e8d160 44, 7 0, v0000014056d968f0_0; 1 drivers
v0000014056e8d160_45 .net v0000014056e8d160 45, 7 0, v0000014056d96030_0; 1 drivers
v0000014056e8d160_46 .net v0000014056e8d160 46, 7 0, v0000014056d965d0_0; 1 drivers
v0000014056e8d160_47 .net v0000014056e8d160 47, 7 0, v0000014056d97570_0; 1 drivers
v0000014056e8d160_48 .net v0000014056e8d160 48, 7 0, v0000014056daea50_0; 1 drivers
v0000014056e8d160_49 .net v0000014056e8d160 49, 7 0, v0000014056dafa90_0; 1 drivers
v0000014056e8d160_50 .net v0000014056e8d160 50, 7 0, v0000014056dafbd0_0; 1 drivers
v0000014056e8d160_51 .net v0000014056e8d160 51, 7 0, v0000014056daf090_0; 1 drivers
v0000014056e8d160_52 .net v0000014056e8d160 52, 7 0, v0000014056db2330_0; 1 drivers
v0000014056e8d160_53 .net v0000014056e8d160 53, 7 0, v0000014056db23d0_0; 1 drivers
v0000014056e8d160_54 .net v0000014056e8d160 54, 7 0, v0000014056db0fd0_0; 1 drivers
v0000014056e8d160_55 .net v0000014056e8d160 55, 7 0, v0000014056db1e30_0; 1 drivers
v0000014056e8d160_56 .net v0000014056e8d160 56, 7 0, v0000014056db4950_0; 1 drivers
v0000014056e8d160_57 .net v0000014056e8d160 57, 7 0, v0000014056db32d0_0; 1 drivers
v0000014056e8d160_58 .net v0000014056e8d160 58, 7 0, v0000014056db5030_0; 1 drivers
v0000014056e8d160_59 .net v0000014056e8d160 59, 7 0, v0000014056db3690_0; 1 drivers
v0000014056e8d160_60 .net v0000014056e8d160 60, 7 0, v0000014056db2a10_0; 1 drivers
v0000014056e8d160_61 .net v0000014056e8d160 61, 7 0, v0000014056db5ad0_0; 1 drivers
v0000014056e8d160_62 .net v0000014056e8d160 62, 7 0, v0000014056db6ed0_0; 1 drivers
v0000014056e8d160_63 .net v0000014056e8d160 63, 7 0, v0000014056db5c10_0; 1 drivers
v0000014056e8d160_64 .net v0000014056e8d160 64, 7 0, v0000014056db5f30_0; 1 drivers
v0000014056e8d160_65 .net v0000014056e8d160 65, 7 0, v0000014056db7970_0; 1 drivers
v0000014056e8d160_66 .net v0000014056e8d160 66, 7 0, v0000014056db9d10_0; 1 drivers
v0000014056e8d160_67 .net v0000014056e8d160 67, 7 0, v0000014056db9e50_0; 1 drivers
v0000014056e8d160_68 .net v0000014056e8d160 68, 7 0, v0000014056db8af0_0; 1 drivers
v0000014056e8d160_69 .net v0000014056e8d160 69, 7 0, v0000014056dbb250_0; 1 drivers
v0000014056e8d160_70 .net v0000014056e8d160 70, 7 0, v0000014056dbb750_0; 1 drivers
v0000014056e8d160_71 .net v0000014056e8d160 71, 7 0, v0000014056dbadf0_0; 1 drivers
v0000014056e8d160_72 .net v0000014056e8d160 72, 7 0, v0000014056dbc3d0_0; 1 drivers
v0000014056e8d160_73 .net v0000014056e8d160 73, 7 0, v0000014056dbd4b0_0; 1 drivers
v0000014056e8d160_74 .net v0000014056e8d160 74, 7 0, v0000014056dbd730_0; 1 drivers
v0000014056e8d160_75 .net v0000014056e8d160 75, 7 0, v0000014056de2e60_0; 1 drivers
v0000014056e8d160_76 .net v0000014056e8d160 76, 7 0, v0000014056de3680_0; 1 drivers
v0000014056e8d160_77 .net v0000014056e8d160 77, 7 0, v0000014056de3180_0; 1 drivers
v0000014056e8d160_78 .net v0000014056e8d160 78, 7 0, v0000014056de1f60_0; 1 drivers
v0000014056e8d160_79 .net v0000014056e8d160 79, 7 0, v0000014056de5020_0; 1 drivers
v0000014056e8d160_80 .net v0000014056e8d160 80, 7 0, v0000014056de6420_0; 1 drivers
v0000014056e8d160_81 .net v0000014056e8d160 81, 7 0, v0000014056de4580_0; 1 drivers
v0000014056e8d160_82 .net v0000014056e8d160 82, 7 0, v0000014056de5f20_0; 1 drivers
v0000014056e8d160_83 .net v0000014056e8d160 83, 7 0, v0000014056de6100_0; 1 drivers
v0000014056e8d160_84 .net v0000014056e8d160 84, 7 0, v0000014056de7140_0; 1 drivers
v0000014056e8d160_85 .net v0000014056e8d160 85, 7 0, v0000014056de8360_0; 1 drivers
v0000014056e8d160_86 .net v0000014056e8d160 86, 7 0, v0000014056de7500_0; 1 drivers
v0000014056e8d160_87 .net v0000014056e8d160 87, 7 0, v0000014056de78c0_0; 1 drivers
v0000014056e8d160_88 .net v0000014056e8d160 88, 7 0, v0000014056de9260_0; 1 drivers
v0000014056e8d160_89 .net v0000014056e8d160 89, 7 0, v0000014056ddc740_0; 1 drivers
v0000014056e8d160_90 .net v0000014056e8d160 90, 7 0, v0000014056ddbf20_0; 1 drivers
v0000014056e8d160_91 .net v0000014056e8d160 91, 7 0, v0000014056ddbfc0_0; 1 drivers
v0000014056e8d160_92 .net v0000014056e8d160 92, 7 0, v0000014056ddc060_0; 1 drivers
v0000014056e8d160_93 .net v0000014056e8d160 93, 7 0, v0000014056dda760_0; 1 drivers
v0000014056e8d160_94 .net v0000014056e8d160 94, 7 0, v0000014056ddd780_0; 1 drivers
v0000014056e8d160_95 .net v0000014056e8d160 95, 7 0, v0000014056ddeae0_0; 1 drivers
v0000014056e8d160_96 .net v0000014056e8d160 96, 7 0, v0000014056ddd280_0; 1 drivers
v0000014056e8d160_97 .net v0000014056e8d160 97, 7 0, v0000014056ddd5a0_0; 1 drivers
v0000014056e8d160_98 .net v0000014056e8d160 98, 7 0, v0000014056de1060_0; 1 drivers
v0000014056e8d160_99 .net v0000014056e8d160 99, 7 0, v0000014056de0020_0; 1 drivers
v0000014056e8d160_100 .net v0000014056e8d160 100, 7 0, v0000014056ddf8a0_0; 1 drivers
v0000014056e8d160_101 .net v0000014056e8d160 101, 7 0, v0000014056ddf1c0_0; 1 drivers
v0000014056e8d160_102 .net v0000014056e8d160 102, 7 0, v0000014056dfbf50_0; 1 drivers
v0000014056e8d160_103 .net v0000014056e8d160 103, 7 0, v0000014056dfc1d0_0; 1 drivers
v0000014056e8d160_104 .net v0000014056e8d160 104, 7 0, v0000014056dfaab0_0; 1 drivers
v0000014056e8d160_105 .net v0000014056e8d160 105, 7 0, v0000014056dfbeb0_0; 1 drivers
v0000014056e8d160_106 .net v0000014056e8d160 106, 7 0, v0000014056dfec50_0; 1 drivers
v0000014056e8d160_107 .net v0000014056e8d160 107, 7 0, v0000014056dfd3f0_0; 1 drivers
v0000014056e8d160_108 .net v0000014056e8d160 108, 7 0, v0000014056dfdad0_0; 1 drivers
v0000014056e8d160_109 .net v0000014056e8d160 109, 7 0, v0000014056dfca90_0; 1 drivers
v0000014056e8d160_110 .net v0000014056e8d160 110, 7 0, v0000014056dfebb0_0; 1 drivers
v0000014056e8d160_111 .net v0000014056e8d160 111, 7 0, v0000014056dff650_0; 1 drivers
v0000014056e8d160_112 .net v0000014056e8d160 112, 7 0, v0000014056e013b0_0; 1 drivers
v0000014056e8d160_113 .net v0000014056e8d160 113, 7 0, v0000014056e00b90_0; 1 drivers
v0000014056e8d160_114 .net v0000014056e8d160 114, 7 0, v0000014056e000f0_0; 1 drivers
v0000014056e8d160_115 .net v0000014056e8d160 115, 7 0, v0000014056e02850_0; 1 drivers
v0000014056e8d160_116 .net v0000014056e8d160 116, 7 0, v0000014056e02fd0_0; 1 drivers
v0000014056e8d160_117 .net v0000014056e8d160 117, 7 0, v0000014056e03250_0; 1 drivers
v0000014056e8d160_118 .net v0000014056e8d160 118, 7 0, v0000014056e04150_0; 1 drivers
v0000014056e8d160_119 .net v0000014056e8d160 119, 7 0, v0000014056e04330_0; 1 drivers
v0000014056e8d160_120 .net v0000014056e8d160 120, 7 0, v0000014056e06130_0; 1 drivers
v0000014056e8d160_121 .net v0000014056e8d160 121, 7 0, v0000014056e04d30_0; 1 drivers
v0000014056e8d160_122 .net v0000014056e8d160 122, 7 0, v0000014056e05870_0; 1 drivers
v0000014056e8d160_123 .net v0000014056e8d160 123, 7 0, v0000014056e054b0_0; 1 drivers
v0000014056e8d160_124 .net v0000014056e8d160 124, 7 0, v0000014056e06db0_0; 1 drivers
v0000014056e8d160_125 .net v0000014056e8d160 125, 7 0, v0000014056e07c10_0; 1 drivers
v0000014056e8d160_126 .net v0000014056e8d160 126, 7 0, v0000014056e08070_0; 1 drivers
v0000014056e8d160_127 .net v0000014056e8d160 127, 7 0, v0000014056e082f0_0; 1 drivers
v0000014056e8d160_128 .net v0000014056e8d160 128, 7 0, v0000014056e09790_0; 1 drivers
v0000014056e8d160_129 .net v0000014056e8d160 129, 7 0, v0000014056e28e60_0; 1 drivers
v0000014056e8d160_130 .net v0000014056e8d160 130, 7 0, v0000014056e297c0_0; 1 drivers
v0000014056e8d160_131 .net v0000014056e8d160 131, 7 0, v0000014056e28b40_0; 1 drivers
v0000014056e8d160_132 .net v0000014056e8d160 132, 7 0, v0000014056e27600_0; 1 drivers
v0000014056e8d160_133 .net v0000014056e8d160 133, 7 0, v0000014056e27e20_0; 1 drivers
v0000014056e8d160_134 .net v0000014056e8d160 134, 7 0, v0000014056e2a6c0_0; 1 drivers
v0000014056e8d160_135 .net v0000014056e8d160 135, 7 0, v0000014056e2a9e0_0; 1 drivers
v0000014056e8d160_136 .net v0000014056e8d160 136, 7 0, v0000014056e2a760_0; 1 drivers
v0000014056e8d160_137 .net v0000014056e8d160 137, 7 0, v0000014056e299a0_0; 1 drivers
v0000014056e8d160_138 .net v0000014056e8d160 138, 7 0, v0000014056e2d0a0_0; 1 drivers
v0000014056e8d160_139 .net v0000014056e8d160 139, 7 0, v0000014056e2db40_0; 1 drivers
v0000014056e8d160_140 .net v0000014056e8d160 140, 7 0, v0000014056e2c1a0_0; 1 drivers
v0000014056e8d160_141 .net v0000014056e8d160 141, 7 0, v0000014056e2d8c0_0; 1 drivers
v0000014056e8d160_142 .net v0000014056e8d160 142, 7 0, v0000014056e30d40_0; 1 drivers
v0000014056e8d160_143 .net v0000014056e8d160 143, 7 0, v0000014056e30f20_0; 1 drivers
v0000014056e8d160_144 .net v0000014056e8d160 144, 7 0, v0000014056e30340_0; 1 drivers
v0000014056e8d160_145 .net v0000014056e8d160 145, 7 0, v0000014056e2f1c0_0; 1 drivers
v0000014056e8d160_146 .net v0000014056e8d160 146, 7 0, v0000014056e314c0_0; 1 drivers
v0000014056e8d160_147 .net v0000014056e8d160 147, 7 0, v0000014056e32460_0; 1 drivers
v0000014056e8d160_148 .net v0000014056e8d160 148, 7 0, v0000014056e31560_0; 1 drivers
v0000014056e8d160_149 .net v0000014056e8d160 149, 7 0, v0000014056e32fa0_0; 1 drivers
v0000014056e8d160_150 .net v0000014056e8d160 150, 7 0, v0000014056e32820_0; 1 drivers
v0000014056e8d160_151 .net v0000014056e8d160 151, 7 0, v0000014056e33cc0_0; 1 drivers
v0000014056e8d160_152 .net v0000014056e8d160 152, 7 0, v0000014056e34c60_0; 1 drivers
v0000014056e8d160_153 .net v0000014056e8d160 153, 7 0, v0000014056e35020_0; 1 drivers
v0000014056e8d160_154 .net v0000014056e8d160 154, 7 0, v0000014056e35840_0; 1 drivers
v0000014056e8d160_155 .net v0000014056e8d160 155, 7 0, v0000014056e37b40_0; 1 drivers
v0000014056e8d160_156 .net v0000014056e8d160 156, 7 0, v0000014056e37c80_0; 1 drivers
v0000014056e8d160_157 .net v0000014056e8d160 157, 7 0, v0000014056e37d20_0; 1 drivers
v0000014056e8d160_158 .net v0000014056e8d160 158, 7 0, v0000014056e38860_0; 1 drivers
v0000014056e8d160_159 .net v0000014056e8d160 159, 7 0, v0000014056e39080_0; 1 drivers
v0000014056e8d160_160 .net v0000014056e8d160 160, 7 0, v0000014056e39a80_0; 1 drivers
v0000014056e8d160_161 .net v0000014056e8d160 161, 7 0, v0000014056e39940_0; 1 drivers
v0000014056e8d160_162 .net v0000014056e8d160 162, 7 0, v0000014056e3a980_0; 1 drivers
v0000014056e8d160_163 .net v0000014056e8d160 163, 7 0, v0000014056e38e00_0; 1 drivers
v0000014056e8d160_164 .net v0000014056e8d160 164, 7 0, v0000014056e3cfa0_0; 1 drivers
v0000014056e8d160_165 .net v0000014056e8d160 165, 7 0, v0000014056e3b1a0_0; 1 drivers
v0000014056e8d160_166 .net v0000014056e8d160 166, 7 0, v0000014056e3bba0_0; 1 drivers
v0000014056e8d160_167 .net v0000014056e8d160 167, 7 0, v0000014056e3b2e0_0; 1 drivers
v0000014056e8d160_168 .net v0000014056e8d160 168, 7 0, v0000014056e3dae0_0; 1 drivers
v0000014056e8d160_169 .net v0000014056e8d160 169, 7 0, v0000014056e3e940_0; 1 drivers
v0000014056e8d160_170 .net v0000014056e8d160 170, 7 0, v0000014056e3de00_0; 1 drivers
v0000014056e8d160_171 .net v0000014056e8d160 171, 7 0, v0000014056e3fde0_0; 1 drivers
v0000014056e8d160_172 .net v0000014056e8d160 172, 7 0, v0000014056e415a0_0; 1 drivers
v0000014056e8d160_173 .net v0000014056e8d160 173, 7 0, v0000014056e411e0_0; 1 drivers
v0000014056e8d160_174 .net v0000014056e8d160 174, 7 0, v0000014056e40380_0; 1 drivers
v0000014056e8d160_175 .net v0000014056e8d160 175, 7 0, v0000014056e42040_0; 1 drivers
v0000014056e8d160_176 .net v0000014056e8d160 176, 7 0, v0000014056e43580_0; 1 drivers
v0000014056e8d160_177 .net v0000014056e8d160 177, 7 0, v0000014056e448e0_0; 1 drivers
v0000014056e8d160_178 .net v0000014056e8d160 178, 7 0, v0000014056e429a0_0; 1 drivers
v0000014056e8d160_179 .net v0000014056e8d160 179, 7 0, v0000014056e44340_0; 1 drivers
v0000014056e8d160_180 .net v0000014056e8d160 180, 7 0, v0000014056e45a60_0; 1 drivers
v0000014056e8d160_181 .net v0000014056e8d160 181, 7 0, v0000014056e45b00_0; 1 drivers
v0000014056e8d160_182 .net v0000014056e8d160 182, 7 0, v0000014056e46fa0_0; 1 drivers
v0000014056e8d160_183 .net v0000014056e8d160 183, 7 0, v0000014056e87d00_0; 1 drivers
v0000014056e8d160_184 .net v0000014056e8d160 184, 7 0, v0000014056e88700_0; 1 drivers
v0000014056e8d160_185 .net v0000014056e8d160 185, 7 0, v0000014056e880c0_0; 1 drivers
v0000014056e8d160_186 .net v0000014056e8d160 186, 7 0, v0000014056e867c0_0; 1 drivers
v0000014056e8d160_187 .net v0000014056e8d160 187, 7 0, v0000014056e894c0_0; 1 drivers
v0000014056e8d160_188 .net v0000014056e8d160 188, 7 0, v0000014056e8aa00_0; 1 drivers
v0000014056e8d160_189 .net v0000014056e8d160 189, 7 0, v0000014056e8a780_0; 1 drivers
v0000014056e8d160_190 .net v0000014056e8d160 190, 7 0, v0000014056e88fc0_0; 1 drivers
v0000014056e8d160_191 .net v0000014056e8d160 191, 7 0, v0000014056e8b4a0_0; 1 drivers
v0000014056e8cee0_0 .net "clk", 0 0, v0000014056e82620_0;  alias, 1 drivers
v0000014056e8b540_0 .net "en_compute", 0 0, L_0000014056eb1298;  alias, 1 drivers
v0000014056e8c800_0 .net "in_act_vec", 95 0, L_0000014056e853c0;  alias, 1 drivers
v0000014056e8c940_0 .net "in_weight_vec", 127 0, v0000014056e8eb00_0;  1 drivers
v0000014056e8d840_0 .net "out_psum_vec", 511 0, L_0000014056f18800;  alias, 1 drivers
v0000014056e8c4e0 .array "psum_wires", 191 0;
v0000014056e8c4e0_0 .net v0000014056e8c4e0 0, 31 0, v0000014056b19b90_0; 1 drivers
v0000014056e8c4e0_1 .net v0000014056e8c4e0 1, 31 0, v0000014056b18ab0_0; 1 drivers
v0000014056e8c4e0_2 .net v0000014056e8c4e0 2, 31 0, v0000014056b17930_0; 1 drivers
v0000014056e8c4e0_3 .net v0000014056e8c4e0 3, 31 0, v0000014056b47a70_0; 1 drivers
v0000014056e8c4e0_4 .net v0000014056e8c4e0 4, 31 0, v0000014056b453b0_0; 1 drivers
v0000014056e8c4e0_5 .net v0000014056e8c4e0 5, 31 0, v0000014056b45770_0; 1 drivers
v0000014056e8c4e0_6 .net v0000014056e8c4e0 6, 31 0, v0000014056b74cd0_0; 1 drivers
v0000014056e8c4e0_7 .net v0000014056e8c4e0 7, 31 0, v0000014056b721b0_0; 1 drivers
v0000014056e8c4e0_8 .net v0000014056e8c4e0 8, 31 0, v00000140569e5320_0; 1 drivers
v0000014056e8c4e0_9 .net v0000014056e8c4e0 9, 31 0, v00000140569e5820_0; 1 drivers
v0000014056e8c4e0_10 .net v0000014056e8c4e0 10, 31 0, v00000140569d86d0_0; 1 drivers
v0000014056e8c4e0_11 .net v0000014056e8c4e0 11, 31 0, v00000140569d8f90_0; 1 drivers
v0000014056e8c4e0_12 .net v0000014056e8c4e0 12, 31 0, v00000140569f3c00_0; 1 drivers
v0000014056e8c4e0_13 .net v0000014056e8c4e0 13, 31 0, v00000140569f3de0_0; 1 drivers
v0000014056e8c4e0_14 .net v0000014056e8c4e0 14, 31 0, v0000014056a3e670_0; 1 drivers
v0000014056e8c4e0_15 .net v0000014056e8c4e0 15, 31 0, v0000014056a8b890_0; 1 drivers
v0000014056e8c4e0_16 .net v0000014056e8c4e0 16, 31 0, v0000014056a8cf10_0; 1 drivers
v0000014056e8c4e0_17 .net v0000014056e8c4e0 17, 31 0, v0000014056a43b50_0; 1 drivers
v0000014056e8c4e0_18 .net v0000014056e8c4e0 18, 31 0, v0000014056a9e530_0; 1 drivers
v0000014056e8c4e0_19 .net v0000014056e8c4e0 19, 31 0, v0000014056a3c480_0; 1 drivers
v0000014056e8c4e0_20 .net v0000014056e8c4e0 20, 31 0, v00000140569c7480_0; 1 drivers
v0000014056e8c4e0_21 .net v0000014056e8c4e0 21, 31 0, v0000014056d992d0_0; 1 drivers
v0000014056e8c4e0_22 .net v0000014056e8c4e0 22, 31 0, v0000014056d99eb0_0; 1 drivers
v0000014056e8c4e0_23 .net v0000014056e8c4e0 23, 31 0, v0000014056d99a50_0; 1 drivers
v0000014056e8c4e0_24 .net v0000014056e8c4e0 24, 31 0, v0000014056d98f10_0; 1 drivers
v0000014056e8c4e0_25 .net v0000014056e8c4e0 25, 31 0, v0000014056d9c6b0_0; 1 drivers
v0000014056e8c4e0_26 .net v0000014056e8c4e0 26, 31 0, v0000014056d9a810_0; 1 drivers
v0000014056e8c4e0_27 .net v0000014056e8c4e0 27, 31 0, v0000014056d9a130_0; 1 drivers
v0000014056e8c4e0_28 .net v0000014056e8c4e0 28, 31 0, v0000014056d9a3b0_0; 1 drivers
v0000014056e8c4e0_29 .net v0000014056e8c4e0 29, 31 0, v0000014056d9da10_0; 1 drivers
v0000014056e8c4e0_30 .net v0000014056e8c4e0 30, 31 0, v0000014056d9d8d0_0; 1 drivers
v0000014056e8c4e0_31 .net v0000014056e8c4e0 31, 31 0, v0000014056d9e050_0; 1 drivers
v0000014056e8c4e0_32 .net v0000014056e8c4e0 32, 31 0, v0000014056d9e730_0; 1 drivers
v0000014056e8c4e0_33 .net v0000014056e8c4e0 33, 31 0, v0000014056da03f0_0; 1 drivers
v0000014056e8c4e0_34 .net v0000014056e8c4e0 34, 31 0, v0000014056da1110_0; 1 drivers
v0000014056e8c4e0_35 .net v0000014056e8c4e0 35, 31 0, v0000014056da07b0_0; 1 drivers
v0000014056e8c4e0_36 .net v0000014056e8c4e0 36, 31 0, v0000014056da0850_0; 1 drivers
v0000014056e8c4e0_37 .net v0000014056e8c4e0 37, 31 0, v0000014056da0fd0_0; 1 drivers
v0000014056e8c4e0_38 .net v0000014056e8c4e0 38, 31 0, v0000014056da2830_0; 1 drivers
v0000014056e8c4e0_39 .net v0000014056e8c4e0 39, 31 0, v0000014056da3f50_0; 1 drivers
v0000014056e8c4e0_40 .net v0000014056e8c4e0 40, 31 0, v0000014056da2d30_0; 1 drivers
v0000014056e8c4e0_41 .net v0000014056e8c4e0 41, 31 0, v0000014056da1a70_0; 1 drivers
v0000014056e8c4e0_42 .net v0000014056e8c4e0 42, 31 0, v0000014056da4c70_0; 1 drivers
v0000014056e8c4e0_43 .net v0000014056e8c4e0 43, 31 0, v0000014056d96b70_0; 1 drivers
v0000014056e8c4e0_44 .net v0000014056e8c4e0 44, 31 0, v0000014056d95770_0; 1 drivers
v0000014056e8c4e0_45 .net v0000014056e8c4e0 45, 31 0, v0000014056d96fd0_0; 1 drivers
v0000014056e8c4e0_46 .net v0000014056e8c4e0 46, 31 0, v0000014056d96ad0_0; 1 drivers
v0000014056e8c4e0_47 .net v0000014056e8c4e0 47, 31 0, v0000014056d97610_0; 1 drivers
v0000014056e8c4e0_48 .net v0000014056e8c4e0 48, 31 0, v0000014056daf270_0; 1 drivers
v0000014056e8c4e0_49 .net v0000014056e8c4e0 49, 31 0, v0000014056dae5f0_0; 1 drivers
v0000014056e8c4e0_50 .net v0000014056e8c4e0 50, 31 0, v0000014056dae050_0; 1 drivers
v0000014056e8c4e0_51 .net v0000014056e8c4e0 51, 31 0, v0000014056dae7d0_0; 1 drivers
v0000014056e8c4e0_52 .net v0000014056e8c4e0 52, 31 0, v0000014056db0f30_0; 1 drivers
v0000014056e8c4e0_53 .net v0000014056e8c4e0 53, 31 0, v0000014056db11b0_0; 1 drivers
v0000014056e8c4e0_54 .net v0000014056e8c4e0 54, 31 0, v0000014056db20b0_0; 1 drivers
v0000014056e8c4e0_55 .net v0000014056e8c4e0 55, 31 0, v0000014056db1390_0; 1 drivers
v0000014056e8c4e0_56 .net v0000014056e8c4e0 56, 31 0, v0000014056db3190_0; 1 drivers
v0000014056e8c4e0_57 .net v0000014056e8c4e0 57, 31 0, v0000014056db4e50_0; 1 drivers
v0000014056e8c4e0_58 .net v0000014056e8c4e0 58, 31 0, v0000014056db34b0_0; 1 drivers
v0000014056e8c4e0_59 .net v0000014056e8c4e0 59, 31 0, v0000014056db3ff0_0; 1 drivers
v0000014056e8c4e0_60 .net v0000014056e8c4e0 60, 31 0, v0000014056db2ab0_0; 1 drivers
v0000014056e8c4e0_61 .net v0000014056e8c4e0 61, 31 0, v0000014056db6c50_0; 1 drivers
v0000014056e8c4e0_62 .net v0000014056e8c4e0 62, 31 0, v0000014056db53f0_0; 1 drivers
v0000014056e8c4e0_63 .net v0000014056e8c4e0 63, 31 0, v0000014056db5df0_0; 1 drivers
v0000014056e8c4e0_64 .net v0000014056e8c4e0 64, 31 0, v0000014056db6570_0; 1 drivers
v0000014056e8c4e0_65 .net v0000014056e8c4e0 65, 31 0, v0000014056db8d70_0; 1 drivers
v0000014056e8c4e0_66 .net v0000014056e8c4e0 66, 31 0, v0000014056db7a10_0; 1 drivers
v0000014056e8c4e0_67 .net v0000014056e8c4e0 67, 31 0, v0000014056db7e70_0; 1 drivers
v0000014056e8c4e0_68 .net v0000014056e8c4e0 68, 31 0, v0000014056db9270_0; 1 drivers
v0000014056e8c4e0_69 .net v0000014056e8c4e0 69, 31 0, v0000014056dbba70_0; 1 drivers
v0000014056e8c4e0_70 .net v0000014056e8c4e0 70, 31 0, v0000014056dbc650_0; 1 drivers
v0000014056e8c4e0_71 .net v0000014056e8c4e0 71, 31 0, v0000014056dbb7f0_0; 1 drivers
v0000014056e8c4e0_72 .net v0000014056e8c4e0 72, 31 0, v0000014056dba210_0; 1 drivers
v0000014056e8c4e0_73 .net v0000014056e8c4e0 73, 31 0, v0000014056dbd370_0; 1 drivers
v0000014056e8c4e0_74 .net v0000014056e8c4e0 74, 31 0, v0000014056dbcc90_0; 1 drivers
v0000014056e8c4e0_75 .net v0000014056e8c4e0 75, 31 0, v0000014056de3400_0; 1 drivers
v0000014056e8c4e0_76 .net v0000014056e8c4e0 76, 31 0, v0000014056de2f00_0; 1 drivers
v0000014056e8c4e0_77 .net v0000014056e8c4e0 77, 31 0, v0000014056de4080_0; 1 drivers
v0000014056e8c4e0_78 .net v0000014056e8c4e0 78, 31 0, v0000014056de2460_0; 1 drivers
v0000014056e8c4e0_79 .net v0000014056e8c4e0 79, 31 0, v0000014056de5b60_0; 1 drivers
v0000014056e8c4e0_80 .net v0000014056e8c4e0 80, 31 0, v0000014056de5980_0; 1 drivers
v0000014056e8c4e0_81 .net v0000014056e8c4e0 81, 31 0, v0000014056de5e80_0; 1 drivers
v0000014056e8c4e0_82 .net v0000014056e8c4e0 82, 31 0, v0000014056de6880_0; 1 drivers
v0000014056e8c4e0_83 .net v0000014056e8c4e0 83, 31 0, v0000014056de7320_0; 1 drivers
v0000014056e8c4e0_84 .net v0000014056e8c4e0 84, 31 0, v0000014056de85e0_0; 1 drivers
v0000014056e8c4e0_85 .net v0000014056e8c4e0 85, 31 0, v0000014056de6c40_0; 1 drivers
v0000014056e8c4e0_86 .net v0000014056e8c4e0 86, 31 0, v0000014056de69c0_0; 1 drivers
v0000014056e8c4e0_87 .net v0000014056e8c4e0 87, 31 0, v0000014056de8ea0_0; 1 drivers
v0000014056e8c4e0_88 .net v0000014056e8c4e0 88, 31 0, v0000014056dea020_0; 1 drivers
v0000014056e8c4e0_89 .net v0000014056e8c4e0 89, 31 0, v0000014056dda940_0; 1 drivers
v0000014056e8c4e0_90 .net v0000014056e8c4e0 90, 31 0, v0000014056ddb2a0_0; 1 drivers
v0000014056e8c4e0_91 .net v0000014056e8c4e0 91, 31 0, v0000014056ddb340_0; 1 drivers
v0000014056e8c4e0_92 .net v0000014056e8c4e0 92, 31 0, v0000014056ddaf80_0; 1 drivers
v0000014056e8c4e0_93 .net v0000014056e8c4e0 93, 31 0, v0000014056dda800_0; 1 drivers
v0000014056e8c4e0_94 .net v0000014056e8c4e0 94, 31 0, v0000014056dde7c0_0; 1 drivers
v0000014056e8c4e0_95 .net v0000014056e8c4e0 95, 31 0, v0000014056ddd1e0_0; 1 drivers
v0000014056e8c4e0_96 .net v0000014056e8c4e0 96, 31 0, v0000014056ddcd80_0; 1 drivers
v0000014056e8c4e0_97 .net v0000014056e8c4e0 97, 31 0, v0000014056dddd20_0; 1 drivers
v0000014056e8c4e0_98 .net v0000014056e8c4e0 98, 31 0, v0000014056de0200_0; 1 drivers
v0000014056e8c4e0_99 .net v0000014056e8c4e0 99, 31 0, v0000014056ddf620_0; 1 drivers
v0000014056e8c4e0_100 .net v0000014056e8c4e0 100, 31 0, v0000014056de05c0_0; 1 drivers
v0000014056e8c4e0_101 .net v0000014056e8c4e0 101, 31 0, v0000014056de1740_0; 1 drivers
v0000014056e8c4e0_102 .net v0000014056e8c4e0 102, 31 0, v0000014056dfbc30_0; 1 drivers
v0000014056e8c4e0_103 .net v0000014056e8c4e0 103, 31 0, v0000014056dfb190_0; 1 drivers
v0000014056e8c4e0_104 .net v0000014056e8c4e0 104, 31 0, v0000014056dfafb0_0; 1 drivers
v0000014056e8c4e0_105 .net v0000014056e8c4e0 105, 31 0, v0000014056dfa470_0; 1 drivers
v0000014056e8c4e0_106 .net v0000014056e8c4e0 106, 31 0, v0000014056dfcbd0_0; 1 drivers
v0000014056e8c4e0_107 .net v0000014056e8c4e0 107, 31 0, v0000014056dff150_0; 1 drivers
v0000014056e8c4e0_108 .net v0000014056e8c4e0 108, 31 0, v0000014056dfdf30_0; 1 drivers
v0000014056e8c4e0_109 .net v0000014056e8c4e0 109, 31 0, v0000014056dfcef0_0; 1 drivers
v0000014056e8c4e0_110 .net v0000014056e8c4e0 110, 31 0, v0000014056dfee30_0; 1 drivers
v0000014056e8c4e0_111 .net v0000014056e8c4e0 111, 31 0, v0000014056e00a50_0; 1 drivers
v0000014056e8c4e0_112 .net v0000014056e8c4e0 112, 31 0, v0000014056dff6f0_0; 1 drivers
v0000014056e8c4e0_113 .net v0000014056e8c4e0 113, 31 0, v0000014056e01130_0; 1 drivers
v0000014056e8c4e0_114 .net v0000014056e8c4e0 114, 31 0, v0000014056e004b0_0; 1 drivers
v0000014056e8c4e0_115 .net v0000014056e8c4e0 115, 31 0, v0000014056e03390_0; 1 drivers
v0000014056e8c4e0_116 .net v0000014056e8c4e0 116, 31 0, v0000014056e02350_0; 1 drivers
v0000014056e8c4e0_117 .net v0000014056e8c4e0 117, 31 0, v0000014056e02cb0_0; 1 drivers
v0000014056e8c4e0_118 .net v0000014056e8c4e0 118, 31 0, v0000014056e019f0_0; 1 drivers
v0000014056e8c4e0_119 .net v0000014056e8c4e0 119, 31 0, v0000014056e05190_0; 1 drivers
v0000014056e8c4e0_120 .net v0000014056e8c4e0 120, 31 0, v0000014056e04650_0; 1 drivers
v0000014056e8c4e0_121 .net v0000014056e8c4e0 121, 31 0, v0000014056e06950_0; 1 drivers
v0000014056e8c4e0_122 .net v0000014056e8c4e0 122, 31 0, v0000014056e04f10_0; 1 drivers
v0000014056e8c4e0_123 .net v0000014056e8c4e0 123, 31 0, v0000014056e08e30_0; 1 drivers
v0000014056e8c4e0_124 .net v0000014056e8c4e0 124, 31 0, v0000014056e07cb0_0; 1 drivers
v0000014056e8c4e0_125 .net v0000014056e8c4e0 125, 31 0, v0000014056e08570_0; 1 drivers
v0000014056e8c4e0_126 .net v0000014056e8c4e0 126, 31 0, v0000014056e08b10_0; 1 drivers
v0000014056e8c4e0_127 .net v0000014056e8c4e0 127, 31 0, v0000014056e06b30_0; 1 drivers
v0000014056e8c4e0_128 .net v0000014056e8c4e0 128, 31 0, v0000014056e09830_0; 1 drivers
v0000014056e8c4e0_129 .net v0000014056e8c4e0 129, 31 0, v0000014056e286e0_0; 1 drivers
v0000014056e8c4e0_130 .net v0000014056e8c4e0 130, 31 0, v0000014056e29400_0; 1 drivers
v0000014056e8c4e0_131 .net v0000014056e8c4e0 131, 31 0, v0000014056e27b00_0; 1 drivers
v0000014056e8c4e0_132 .net v0000014056e8c4e0 132, 31 0, v0000014056e28960_0; 1 drivers
v0000014056e8c4e0_133 .net v0000014056e8c4e0 133, 31 0, v0000014056e27ec0_0; 1 drivers
v0000014056e8c4e0_134 .net v0000014056e8c4e0 134, 31 0, v0000014056e2a1c0_0; 1 drivers
v0000014056e8c4e0_135 .net v0000014056e8c4e0 135, 31 0, v0000014056e2ad00_0; 1 drivers
v0000014056e8c4e0_136 .net v0000014056e8c4e0 136, 31 0, v0000014056e2bc00_0; 1 drivers
v0000014056e8c4e0_137 .net v0000014056e8c4e0 137, 31 0, v0000014056e29a40_0; 1 drivers
v0000014056e8c4e0_138 .net v0000014056e8c4e0 138, 31 0, v0000014056e2c2e0_0; 1 drivers
v0000014056e8c4e0_139 .net v0000014056e8c4e0 139, 31 0, v0000014056e2e720_0; 1 drivers
v0000014056e8c4e0_140 .net v0000014056e8c4e0 140, 31 0, v0000014056e2d320_0; 1 drivers
v0000014056e8c4e0_141 .net v0000014056e8c4e0 141, 31 0, v0000014056e2cec0_0; 1 drivers
v0000014056e8c4e0_142 .net v0000014056e8c4e0 142, 31 0, v0000014056e30ca0_0; 1 drivers
v0000014056e8c4e0_143 .net v0000014056e8c4e0 143, 31 0, v0000014056e30840_0; 1 drivers
v0000014056e8c4e0_144 .net v0000014056e8c4e0 144, 31 0, v0000014056e2f120_0; 1 drivers
v0000014056e8c4e0_145 .net v0000014056e8c4e0 145, 31 0, v0000014056e2eb80_0; 1 drivers
v0000014056e8c4e0_146 .net v0000014056e8c4e0 146, 31 0, v0000014056e337c0_0; 1 drivers
v0000014056e8c4e0_147 .net v0000014056e8c4e0 147, 31 0, v0000014056e31b00_0; 1 drivers
v0000014056e8c4e0_148 .net v0000014056e8c4e0 148, 31 0, v0000014056e321e0_0; 1 drivers
v0000014056e8c4e0_149 .net v0000014056e8c4e0 149, 31 0, v0000014056e31600_0; 1 drivers
v0000014056e8c4e0_150 .net v0000014056e8c4e0 150, 31 0, v0000014056e32b40_0; 1 drivers
v0000014056e8c4e0_151 .net v0000014056e8c4e0 151, 31 0, v0000014056e34bc0_0; 1 drivers
v0000014056e8c4e0_152 .net v0000014056e8c4e0 152, 31 0, v0000014056e33e00_0; 1 drivers
v0000014056e8c4e0_153 .net v0000014056e8c4e0 153, 31 0, v0000014056e33fe0_0; 1 drivers
v0000014056e8c4e0_154 .net v0000014056e8c4e0 154, 31 0, v0000014056e33a40_0; 1 drivers
v0000014056e8c4e0_155 .net v0000014056e8c4e0 155, 31 0, v0000014056e36880_0; 1 drivers
v0000014056e8c4e0_156 .net v0000014056e8c4e0 156, 31 0, v0000014056e36920_0; 1 drivers
v0000014056e8c4e0_157 .net v0000014056e8c4e0 157, 31 0, v0000014056e37960_0; 1 drivers
v0000014056e8c4e0_158 .net v0000014056e8c4e0 158, 31 0, v0000014056e36100_0; 1 drivers
v0000014056e8c4e0_159 .net v0000014056e8c4e0 159, 31 0, v0000014056e38a40_0; 1 drivers
v0000014056e8c4e0_160 .net v0000014056e8c4e0 160, 31 0, v0000014056e394e0_0; 1 drivers
v0000014056e8c4e0_161 .net v0000014056e8c4e0 161, 31 0, v0000014056e399e0_0; 1 drivers
v0000014056e8c4e0_162 .net v0000014056e8c4e0 162, 31 0, v0000014056e3a480_0; 1 drivers
v0000014056e8c4e0_163 .net v0000014056e8c4e0 163, 31 0, v0000014056e3c820_0; 1 drivers
v0000014056e8c4e0_164 .net v0000014056e8c4e0 164, 31 0, v0000014056e3cdc0_0; 1 drivers
v0000014056e8c4e0_165 .net v0000014056e8c4e0 165, 31 0, v0000014056e3d2c0_0; 1 drivers
v0000014056e8c4e0_166 .net v0000014056e8c4e0 166, 31 0, v0000014056e3b7e0_0; 1 drivers
v0000014056e8c4e0_167 .net v0000014056e8c4e0 167, 31 0, v0000014056e3b420_0; 1 drivers
v0000014056e8c4e0_168 .net v0000014056e8c4e0 168, 31 0, v0000014056e3d900_0; 1 drivers
v0000014056e8c4e0_169 .net v0000014056e8c4e0 169, 31 0, v0000014056e3e8a0_0; 1 drivers
v0000014056e8c4e0_170 .net v0000014056e8c4e0 170, 31 0, v0000014056e3fe80_0; 1 drivers
v0000014056e8c4e0_171 .net v0000014056e8c4e0 171, 31 0, v0000014056e3e440_0; 1 drivers
v0000014056e8c4e0_172 .net v0000014056e8c4e0 172, 31 0, v0000014056e40ec0_0; 1 drivers
v0000014056e8c4e0_173 .net v0000014056e8c4e0 173, 31 0, v0000014056e42720_0; 1 drivers
v0000014056e8c4e0_174 .net v0000014056e8c4e0 174, 31 0, v0000014056e418c0_0; 1 drivers
v0000014056e8c4e0_175 .net v0000014056e8c4e0 175, 31 0, v0000014056e424a0_0; 1 drivers
v0000014056e8c4e0_176 .net v0000014056e8c4e0 176, 31 0, v0000014056e42cc0_0; 1 drivers
v0000014056e8c4e0_177 .net v0000014056e8c4e0 177, 31 0, v0000014056e44840_0; 1 drivers
v0000014056e8c4e0_178 .net v0000014056e8c4e0 178, 31 0, v0000014056e43e40_0; 1 drivers
v0000014056e8c4e0_179 .net v0000014056e8c4e0 179, 31 0, v0000014056e44b60_0; 1 drivers
v0000014056e8c4e0_180 .net v0000014056e8c4e0 180, 31 0, v0000014056e46e60_0; 1 drivers
v0000014056e8c4e0_181 .net v0000014056e8c4e0 181, 31 0, v0000014056e45920_0; 1 drivers
v0000014056e8c4e0_182 .net v0000014056e8c4e0 182, 31 0, v0000014056e460a0_0; 1 drivers
v0000014056e8c4e0_183 .net v0000014056e8c4e0 183, 31 0, v0000014056e87760_0; 1 drivers
v0000014056e8c4e0_184 .net v0000014056e8c4e0 184, 31 0, v0000014056e873a0_0; 1 drivers
v0000014056e8c4e0_185 .net v0000014056e8c4e0 185, 31 0, v0000014056e87ee0_0; 1 drivers
v0000014056e8c4e0_186 .net v0000014056e8c4e0 186, 31 0, v0000014056e86180_0; 1 drivers
v0000014056e8c4e0_187 .net v0000014056e8c4e0 187, 31 0, v0000014056e89560_0; 1 drivers
v0000014056e8c4e0_188 .net v0000014056e8c4e0 188, 31 0, v0000014056e8a960_0; 1 drivers
v0000014056e8c4e0_189 .net v0000014056e8c4e0 189, 31 0, v0000014056e89e20_0; 1 drivers
v0000014056e8c4e0_190 .net v0000014056e8c4e0 190, 31 0, v0000014056e89b00_0; 1 drivers
v0000014056e8c4e0_191 .net v0000014056e8c4e0 191, 31 0, v0000014056e8d0c0_0; 1 drivers
v0000014056e8d200_0 .net "row_load_en", 11 0, v0000014056e8f460_0;  1 drivers
v0000014056e8d2a0_0 .net "rst_n", 0 0, L_0000014056b6afc0;  alias, 1 drivers
L_0000014056e84ce0 .part v0000014056e8eb00_0, 0, 8;
L_0000014056e84420 .part v0000014056e8f460_0, 0, 1;
L_0000014056e85f00 .part L_0000014056e853c0, 0, 8;
L_0000014056e84240 .part v0000014056e8eb00_0, 8, 8;
L_0000014056e85be0 .part v0000014056e8f460_0, 0, 1;
L_0000014056e85fa0 .part v0000014056e8eb00_0, 16, 8;
L_0000014056e85dc0 .part v0000014056e8f460_0, 0, 1;
L_0000014056e84380 .part v0000014056e8eb00_0, 24, 8;
L_0000014056e84060 .part v0000014056e8f460_0, 0, 1;
L_0000014056e86040 .part v0000014056e8eb00_0, 32, 8;
L_0000014056e850a0 .part v0000014056e8f460_0, 0, 1;
L_0000014056e84100 .part v0000014056e8eb00_0, 40, 8;
L_0000014056e83a20 .part v0000014056e8f460_0, 0, 1;
L_0000014056e846a0 .part v0000014056e8eb00_0, 48, 8;
L_0000014056e838e0 .part v0000014056e8f460_0, 0, 1;
L_0000014056e85aa0 .part v0000014056e8eb00_0, 56, 8;
L_0000014056e844c0 .part v0000014056e8f460_0, 0, 1;
L_0000014056e84ec0 .part v0000014056e8eb00_0, 64, 8;
L_0000014056e849c0 .part v0000014056e8f460_0, 0, 1;
L_0000014056e85640 .part v0000014056e8eb00_0, 72, 8;
L_0000014056e84920 .part v0000014056e8f460_0, 0, 1;
L_0000014056e85780 .part v0000014056e8eb00_0, 80, 8;
L_0000014056e83980 .part v0000014056e8f460_0, 0, 1;
L_0000014056e84f60 .part v0000014056e8eb00_0, 88, 8;
L_0000014056e84b00 .part v0000014056e8f460_0, 0, 1;
L_0000014056e84560 .part v0000014056e8eb00_0, 96, 8;
L_0000014056e84a60 .part v0000014056e8f460_0, 0, 1;
L_0000014056e83e80 .part v0000014056e8eb00_0, 104, 8;
L_0000014056e85b40 .part v0000014056e8f460_0, 0, 1;
L_0000014056e85140 .part v0000014056e8eb00_0, 112, 8;
L_0000014056e84600 .part v0000014056e8f460_0, 0, 1;
L_0000014056e851e0 .part v0000014056e8eb00_0, 120, 8;
L_0000014056e84740 .part v0000014056e8f460_0, 0, 1;
L_0000014056e84ba0 .part v0000014056e8eb00_0, 0, 8;
L_0000014056e85280 .part v0000014056e8f460_0, 1, 1;
L_0000014056e85320 .part L_0000014056e853c0, 8, 8;
L_0000014056e856e0 .part v0000014056e8eb00_0, 8, 8;
L_0000014056e85c80 .part v0000014056e8f460_0, 1, 1;
L_0000014056e83ac0 .part v0000014056e8eb00_0, 16, 8;
L_0000014056e83b60 .part v0000014056e8f460_0, 1, 1;
L_0000014056f0dcc0 .part v0000014056e8eb00_0, 24, 8;
L_0000014056f0d900 .part v0000014056e8f460_0, 1, 1;
L_0000014056f0d360 .part v0000014056e8eb00_0, 32, 8;
L_0000014056f0cb40 .part v0000014056e8f460_0, 1, 1;
L_0000014056f0dae0 .part v0000014056e8eb00_0, 40, 8;
L_0000014056f0dd60 .part v0000014056e8f460_0, 1, 1;
L_0000014056f0dfe0 .part v0000014056e8eb00_0, 48, 8;
L_0000014056f0c780 .part v0000014056e8f460_0, 1, 1;
L_0000014056f0caa0 .part v0000014056e8eb00_0, 56, 8;
L_0000014056f0d680 .part v0000014056e8f460_0, 1, 1;
L_0000014056f0de00 .part v0000014056e8eb00_0, 64, 8;
L_0000014056f0df40 .part v0000014056e8f460_0, 1, 1;
L_0000014056f0cbe0 .part v0000014056e8eb00_0, 72, 8;
L_0000014056f0c0a0 .part v0000014056e8f460_0, 1, 1;
L_0000014056f0d0e0 .part v0000014056e8eb00_0, 80, 8;
L_0000014056f0c3c0 .part v0000014056e8f460_0, 1, 1;
L_0000014056f0d400 .part v0000014056e8eb00_0, 88, 8;
L_0000014056f0cd20 .part v0000014056e8f460_0, 1, 1;
L_0000014056f0ce60 .part v0000014056e8eb00_0, 96, 8;
L_0000014056f0c320 .part v0000014056e8f460_0, 1, 1;
L_0000014056f0c460 .part v0000014056e8eb00_0, 104, 8;
L_0000014056f0d9a0 .part v0000014056e8f460_0, 1, 1;
L_0000014056f0bba0 .part v0000014056e8eb00_0, 112, 8;
L_0000014056f0cc80 .part v0000014056e8f460_0, 1, 1;
L_0000014056f0c1e0 .part v0000014056e8eb00_0, 120, 8;
L_0000014056f0d7c0 .part v0000014056e8f460_0, 1, 1;
L_0000014056f0cdc0 .part v0000014056e8eb00_0, 0, 8;
L_0000014056f0bd80 .part v0000014056e8f460_0, 2, 1;
L_0000014056f0c500 .part L_0000014056e853c0, 16, 8;
L_0000014056f0cf00 .part v0000014056e8eb00_0, 8, 8;
L_0000014056f0bec0 .part v0000014056e8f460_0, 2, 1;
L_0000014056f0d720 .part v0000014056e8eb00_0, 16, 8;
L_0000014056f0dea0 .part v0000014056e8f460_0, 2, 1;
L_0000014056f0bf60 .part v0000014056e8eb00_0, 24, 8;
L_0000014056f0d4a0 .part v0000014056e8f460_0, 2, 1;
L_0000014056f0c5a0 .part v0000014056e8eb00_0, 32, 8;
L_0000014056f0d860 .part v0000014056e8f460_0, 2, 1;
L_0000014056f0d540 .part v0000014056e8eb00_0, 40, 8;
L_0000014056f0c280 .part v0000014056e8f460_0, 2, 1;
L_0000014056f0c640 .part v0000014056e8eb00_0, 48, 8;
L_0000014056f0cfa0 .part v0000014056e8f460_0, 2, 1;
L_0000014056f0da40 .part v0000014056e8eb00_0, 56, 8;
L_0000014056f0c000 .part v0000014056e8f460_0, 2, 1;
L_0000014056f0d180 .part v0000014056e8eb00_0, 64, 8;
L_0000014056f0dc20 .part v0000014056e8f460_0, 2, 1;
L_0000014056f0db80 .part v0000014056e8eb00_0, 72, 8;
L_0000014056f0e080 .part v0000014056e8f460_0, 2, 1;
L_0000014056f0c8c0 .part v0000014056e8eb00_0, 80, 8;
L_0000014056f0d5e0 .part v0000014056e8f460_0, 2, 1;
L_0000014056f0c140 .part v0000014056e8eb00_0, 88, 8;
L_0000014056f0c6e0 .part v0000014056e8f460_0, 2, 1;
L_0000014056f0b920 .part v0000014056e8eb00_0, 96, 8;
L_0000014056f0d040 .part v0000014056e8f460_0, 2, 1;
L_0000014056f0c820 .part v0000014056e8eb00_0, 104, 8;
L_0000014056f0b9c0 .part v0000014056e8f460_0, 2, 1;
L_0000014056f0c960 .part v0000014056e8eb00_0, 112, 8;
L_0000014056f0ba60 .part v0000014056e8f460_0, 2, 1;
L_0000014056f0ca00 .part v0000014056e8eb00_0, 120, 8;
L_0000014056f0d220 .part v0000014056e8f460_0, 2, 1;
L_0000014056f0d2c0 .part v0000014056e8eb00_0, 0, 8;
L_0000014056f0bb00 .part v0000014056e8f460_0, 3, 1;
L_0000014056f0bc40 .part L_0000014056e853c0, 24, 8;
L_0000014056f0bce0 .part v0000014056e8eb00_0, 8, 8;
L_0000014056f0be20 .part v0000014056e8f460_0, 3, 1;
L_0000014056f0f700 .part v0000014056e8eb00_0, 16, 8;
L_0000014056f0e4e0 .part v0000014056e8f460_0, 3, 1;
L_0000014056f0e760 .part v0000014056e8eb00_0, 24, 8;
L_0000014056f0e120 .part v0000014056e8f460_0, 3, 1;
L_0000014056f0fa20 .part v0000014056e8eb00_0, 32, 8;
L_0000014056f0f0c0 .part v0000014056e8f460_0, 3, 1;
L_0000014056f0e440 .part v0000014056e8eb00_0, 40, 8;
L_0000014056f0f7a0 .part v0000014056e8f460_0, 3, 1;
L_0000014056f0fe80 .part v0000014056e8eb00_0, 48, 8;
L_0000014056f0e8a0 .part v0000014056e8f460_0, 3, 1;
L_0000014056f104c0 .part v0000014056e8eb00_0, 56, 8;
L_0000014056f102e0 .part v0000014056e8f460_0, 3, 1;
L_0000014056f10740 .part v0000014056e8eb00_0, 64, 8;
L_0000014056f0e6c0 .part v0000014056e8f460_0, 3, 1;
L_0000014056f0fb60 .part v0000014056e8eb00_0, 72, 8;
L_0000014056f106a0 .part v0000014056e8f460_0, 3, 1;
L_0000014056f0e1c0 .part v0000014056e8eb00_0, 80, 8;
L_0000014056f0e260 .part v0000014056e8f460_0, 3, 1;
L_0000014056f0e940 .part v0000014056e8eb00_0, 88, 8;
L_0000014056f0eee0 .part v0000014056e8f460_0, 3, 1;
L_0000014056f0f340 .part v0000014056e8eb00_0, 96, 8;
L_0000014056f0f840 .part v0000014056e8f460_0, 3, 1;
L_0000014056f0e9e0 .part v0000014056e8eb00_0, 104, 8;
L_0000014056f0ea80 .part v0000014056e8f460_0, 3, 1;
L_0000014056f10420 .part v0000014056e8eb00_0, 112, 8;
L_0000014056f0f5c0 .part v0000014056e8f460_0, 3, 1;
L_0000014056f0ed00 .part v0000014056e8eb00_0, 120, 8;
L_0000014056f0fd40 .part v0000014056e8f460_0, 3, 1;
L_0000014056f0f020 .part v0000014056e8eb00_0, 0, 8;
L_0000014056f10560 .part v0000014056e8f460_0, 4, 1;
L_0000014056f0f160 .part L_0000014056e853c0, 32, 8;
L_0000014056f0f660 .part v0000014056e8eb00_0, 8, 8;
L_0000014056f0f3e0 .part v0000014056e8f460_0, 4, 1;
L_0000014056f0ff20 .part v0000014056e8eb00_0, 16, 8;
L_0000014056f0fde0 .part v0000014056e8f460_0, 4, 1;
L_0000014056f0f480 .part v0000014056e8eb00_0, 24, 8;
L_0000014056f0f8e0 .part v0000014056e8f460_0, 4, 1;
L_0000014056f0f980 .part v0000014056e8eb00_0, 32, 8;
L_0000014056f0e580 .part v0000014056e8f460_0, 4, 1;
L_0000014056f0e800 .part v0000014056e8eb00_0, 40, 8;
L_0000014056f0e300 .part v0000014056e8f460_0, 4, 1;
L_0000014056f0fac0 .part v0000014056e8eb00_0, 48, 8;
L_0000014056f0f200 .part v0000014056e8f460_0, 4, 1;
L_0000014056f0e620 .part v0000014056e8eb00_0, 56, 8;
L_0000014056f0fc00 .part v0000014056e8f460_0, 4, 1;
L_0000014056f0ffc0 .part v0000014056e8eb00_0, 64, 8;
L_0000014056f0eb20 .part v0000014056e8f460_0, 4, 1;
L_0000014056f10600 .part v0000014056e8eb00_0, 72, 8;
L_0000014056f10380 .part v0000014056e8f460_0, 4, 1;
L_0000014056f107e0 .part v0000014056e8eb00_0, 80, 8;
L_0000014056f0ebc0 .part v0000014056e8f460_0, 4, 1;
L_0000014056f0fca0 .part v0000014056e8eb00_0, 88, 8;
L_0000014056f10880 .part v0000014056e8f460_0, 4, 1;
L_0000014056f0e3a0 .part v0000014056e8eb00_0, 96, 8;
L_0000014056f0ec60 .part v0000014056e8f460_0, 4, 1;
L_0000014056f0eda0 .part v0000014056e8eb00_0, 104, 8;
L_0000014056f0ef80 .part v0000014056e8f460_0, 4, 1;
L_0000014056f0f520 .part v0000014056e8eb00_0, 112, 8;
L_0000014056f10060 .part v0000014056e8f460_0, 4, 1;
L_0000014056f10100 .part v0000014056e8eb00_0, 120, 8;
L_0000014056f0ee40 .part v0000014056e8f460_0, 4, 1;
L_0000014056f101a0 .part v0000014056e8eb00_0, 0, 8;
L_0000014056f10240 .part v0000014056e8f460_0, 5, 1;
L_0000014056f0f2a0 .part L_0000014056e853c0, 40, 8;
L_0000014056f111e0 .part v0000014056e8eb00_0, 8, 8;
L_0000014056f10920 .part v0000014056e8f460_0, 5, 1;
L_0000014056f10ce0 .part v0000014056e8eb00_0, 16, 8;
L_0000014056f12e00 .part v0000014056e8f460_0, 5, 1;
L_0000014056f12ea0 .part v0000014056e8eb00_0, 24, 8;
L_0000014056f11be0 .part v0000014056e8f460_0, 5, 1;
L_0000014056f113c0 .part v0000014056e8eb00_0, 32, 8;
L_0000014056f120e0 .part v0000014056e8f460_0, 5, 1;
L_0000014056f10a60 .part v0000014056e8eb00_0, 40, 8;
L_0000014056f12400 .part v0000014056e8f460_0, 5, 1;
L_0000014056f13080 .part v0000014056e8eb00_0, 48, 8;
L_0000014056f11e60 .part v0000014056e8f460_0, 5, 1;
L_0000014056f12f40 .part v0000014056e8eb00_0, 56, 8;
L_0000014056f11460 .part v0000014056e8f460_0, 5, 1;
L_0000014056f11500 .part v0000014056e8eb00_0, 64, 8;
L_0000014056f10ba0 .part v0000014056e8f460_0, 5, 1;
L_0000014056f12180 .part v0000014056e8eb00_0, 72, 8;
L_0000014056f11280 .part v0000014056e8f460_0, 5, 1;
L_0000014056f11dc0 .part v0000014056e8eb00_0, 80, 8;
L_0000014056f11b40 .part v0000014056e8f460_0, 5, 1;
L_0000014056f12680 .part v0000014056e8eb00_0, 88, 8;
L_0000014056f12540 .part v0000014056e8f460_0, 5, 1;
L_0000014056f11c80 .part v0000014056e8eb00_0, 96, 8;
L_0000014056f12220 .part v0000014056e8f460_0, 5, 1;
L_0000014056f11f00 .part v0000014056e8eb00_0, 104, 8;
L_0000014056f10d80 .part v0000014056e8f460_0, 5, 1;
L_0000014056f10f60 .part v0000014056e8eb00_0, 112, 8;
L_0000014056f109c0 .part v0000014056e8f460_0, 5, 1;
L_0000014056f122c0 .part v0000014056e8eb00_0, 120, 8;
L_0000014056f118c0 .part v0000014056e8f460_0, 5, 1;
L_0000014056f10c40 .part v0000014056e8eb00_0, 0, 8;
L_0000014056f11fa0 .part v0000014056e8f460_0, 6, 1;
L_0000014056f12040 .part L_0000014056e853c0, 48, 8;
L_0000014056f12900 .part v0000014056e8eb00_0, 8, 8;
L_0000014056f129a0 .part v0000014056e8f460_0, 6, 1;
L_0000014056f110a0 .part v0000014056e8eb00_0, 16, 8;
L_0000014056f12360 .part v0000014056e8f460_0, 6, 1;
L_0000014056f11960 .part v0000014056e8eb00_0, 24, 8;
L_0000014056f12720 .part v0000014056e8f460_0, 6, 1;
L_0000014056f10e20 .part v0000014056e8eb00_0, 32, 8;
L_0000014056f11d20 .part v0000014056e8f460_0, 6, 1;
L_0000014056f12fe0 .part v0000014056e8eb00_0, 40, 8;
L_0000014056f124a0 .part v0000014056e8f460_0, 6, 1;
L_0000014056f11aa0 .part v0000014056e8eb00_0, 48, 8;
L_0000014056f11000 .part v0000014056e8f460_0, 6, 1;
L_0000014056f125e0 .part v0000014056e8eb00_0, 56, 8;
L_0000014056f127c0 .part v0000014056e8f460_0, 6, 1;
L_0000014056f12860 .part v0000014056e8eb00_0, 64, 8;
L_0000014056f10ec0 .part v0000014056e8f460_0, 6, 1;
L_0000014056f10b00 .part v0000014056e8eb00_0, 72, 8;
L_0000014056f12a40 .part v0000014056e8f460_0, 6, 1;
L_0000014056f11140 .part v0000014056e8eb00_0, 80, 8;
L_0000014056f12cc0 .part v0000014056e8f460_0, 6, 1;
L_0000014056f11320 .part v0000014056e8eb00_0, 88, 8;
L_0000014056f115a0 .part v0000014056e8f460_0, 6, 1;
L_0000014056f12ae0 .part v0000014056e8eb00_0, 96, 8;
L_0000014056f12b80 .part v0000014056e8f460_0, 6, 1;
L_0000014056f11640 .part v0000014056e8eb00_0, 104, 8;
L_0000014056f116e0 .part v0000014056e8f460_0, 6, 1;
L_0000014056f12c20 .part v0000014056e8eb00_0, 112, 8;
L_0000014056f11780 .part v0000014056e8f460_0, 6, 1;
L_0000014056f11820 .part v0000014056e8eb00_0, 120, 8;
L_0000014056f12d60 .part v0000014056e8f460_0, 6, 1;
L_0000014056f11a00 .part v0000014056e8eb00_0, 0, 8;
L_0000014056f14700 .part v0000014056e8f460_0, 7, 1;
L_0000014056f134e0 .part L_0000014056e853c0, 56, 8;
L_0000014056f13a80 .part v0000014056e8eb00_0, 8, 8;
L_0000014056f14480 .part v0000014056e8f460_0, 7, 1;
L_0000014056f145c0 .part v0000014056e8eb00_0, 16, 8;
L_0000014056f15060 .part v0000014056e8f460_0, 7, 1;
L_0000014056f14d40 .part v0000014056e8eb00_0, 24, 8;
L_0000014056f13f80 .part v0000014056e8f460_0, 7, 1;
L_0000014056f13b20 .part v0000014056e8eb00_0, 32, 8;
L_0000014056f138a0 .part v0000014056e8f460_0, 7, 1;
L_0000014056f13da0 .part v0000014056e8eb00_0, 40, 8;
L_0000014056f14160 .part v0000014056e8f460_0, 7, 1;
L_0000014056f14ca0 .part v0000014056e8eb00_0, 48, 8;
L_0000014056f13440 .part v0000014056e8f460_0, 7, 1;
L_0000014056f14de0 .part v0000014056e8eb00_0, 56, 8;
L_0000014056f156a0 .part v0000014056e8f460_0, 7, 1;
L_0000014056f14020 .part v0000014056e8eb00_0, 64, 8;
L_0000014056f142a0 .part v0000014056e8f460_0, 7, 1;
L_0000014056f14660 .part v0000014056e8eb00_0, 72, 8;
L_0000014056f14e80 .part v0000014056e8f460_0, 7, 1;
L_0000014056f15100 .part v0000014056e8eb00_0, 80, 8;
L_0000014056f147a0 .part v0000014056e8f460_0, 7, 1;
L_0000014056f14f20 .part v0000014056e8eb00_0, 88, 8;
L_0000014056f131c0 .part v0000014056e8f460_0, 7, 1;
L_0000014056f14840 .part v0000014056e8eb00_0, 96, 8;
L_0000014056f157e0 .part v0000014056e8f460_0, 7, 1;
L_0000014056f15560 .part v0000014056e8eb00_0, 104, 8;
L_0000014056f14fc0 .part v0000014056e8f460_0, 7, 1;
L_0000014056f140c0 .part v0000014056e8eb00_0, 112, 8;
L_0000014056f148e0 .part v0000014056e8f460_0, 7, 1;
L_0000014056f151a0 .part v0000014056e8eb00_0, 120, 8;
L_0000014056f13300 .part v0000014056e8f460_0, 7, 1;
L_0000014056f15240 .part v0000014056e8eb00_0, 0, 8;
L_0000014056f14980 .part v0000014056e8f460_0, 8, 1;
L_0000014056f14ac0 .part L_0000014056e853c0, 64, 8;
L_0000014056f13bc0 .part v0000014056e8eb00_0, 8, 8;
L_0000014056f143e0 .part v0000014056e8f460_0, 8, 1;
L_0000014056f14520 .part v0000014056e8eb00_0, 16, 8;
L_0000014056f13c60 .part v0000014056e8f460_0, 8, 1;
L_0000014056f13d00 .part v0000014056e8eb00_0, 24, 8;
L_0000014056f13580 .part v0000014056e8f460_0, 8, 1;
L_0000014056f152e0 .part v0000014056e8eb00_0, 32, 8;
L_0000014056f14200 .part v0000014056e8f460_0, 8, 1;
L_0000014056f14340 .part v0000014056e8eb00_0, 40, 8;
L_0000014056f15380 .part v0000014056e8f460_0, 8, 1;
L_0000014056f15420 .part v0000014056e8eb00_0, 48, 8;
L_0000014056f15600 .part v0000014056e8f460_0, 8, 1;
L_0000014056f15740 .part v0000014056e8eb00_0, 56, 8;
L_0000014056f13940 .part v0000014056e8f460_0, 8, 1;
L_0000014056f14a20 .part v0000014056e8eb00_0, 64, 8;
L_0000014056f154c0 .part v0000014056e8f460_0, 8, 1;
L_0000014056f14b60 .part v0000014056e8eb00_0, 72, 8;
L_0000014056f14c00 .part v0000014056e8f460_0, 8, 1;
L_0000014056f13e40 .part v0000014056e8eb00_0, 80, 8;
L_0000014056f15880 .part v0000014056e8f460_0, 8, 1;
L_0000014056f13120 .part v0000014056e8eb00_0, 88, 8;
L_0000014056f136c0 .part v0000014056e8f460_0, 8, 1;
L_0000014056f13260 .part v0000014056e8eb00_0, 96, 8;
L_0000014056f13ee0 .part v0000014056e8f460_0, 8, 1;
L_0000014056f133a0 .part v0000014056e8eb00_0, 104, 8;
L_0000014056f13620 .part v0000014056e8f460_0, 8, 1;
L_0000014056f13760 .part v0000014056e8eb00_0, 112, 8;
L_0000014056f13800 .part v0000014056e8f460_0, 8, 1;
L_0000014056f139e0 .part v0000014056e8eb00_0, 120, 8;
L_0000014056f179a0 .part v0000014056e8f460_0, 8, 1;
L_0000014056f16d20 .part v0000014056e8eb00_0, 0, 8;
L_0000014056f15b00 .part v0000014056e8f460_0, 9, 1;
L_0000014056f174a0 .part L_0000014056e853c0, 72, 8;
L_0000014056f17540 .part v0000014056e8eb00_0, 8, 8;
L_0000014056f16460 .part v0000014056e8f460_0, 9, 1;
L_0000014056f172c0 .part v0000014056e8eb00_0, 16, 8;
L_0000014056f175e0 .part v0000014056e8f460_0, 9, 1;
L_0000014056f17f40 .part v0000014056e8eb00_0, 24, 8;
L_0000014056f17900 .part v0000014056e8f460_0, 9, 1;
L_0000014056f160a0 .part v0000014056e8eb00_0, 32, 8;
L_0000014056f17720 .part v0000014056e8f460_0, 9, 1;
L_0000014056f163c0 .part v0000014056e8eb00_0, 40, 8;
L_0000014056f16be0 .part v0000014056e8f460_0, 9, 1;
L_0000014056f16dc0 .part v0000014056e8eb00_0, 48, 8;
L_0000014056f16280 .part v0000014056e8f460_0, 9, 1;
L_0000014056f16320 .part v0000014056e8eb00_0, 56, 8;
L_0000014056f15ce0 .part v0000014056e8f460_0, 9, 1;
L_0000014056f17a40 .part v0000014056e8eb00_0, 64, 8;
L_0000014056f16960 .part v0000014056e8f460_0, 9, 1;
L_0000014056f17680 .part v0000014056e8eb00_0, 72, 8;
L_0000014056f16e60 .part v0000014056e8f460_0, 9, 1;
L_0000014056f17360 .part v0000014056e8eb00_0, 80, 8;
L_0000014056f17860 .part v0000014056e8f460_0, 9, 1;
L_0000014056f16aa0 .part v0000014056e8eb00_0, 88, 8;
L_0000014056f177c0 .part v0000014056e8f460_0, 9, 1;
L_0000014056f15d80 .part v0000014056e8eb00_0, 96, 8;
L_0000014056f17040 .part v0000014056e8f460_0, 9, 1;
L_0000014056f17ae0 .part v0000014056e8eb00_0, 104, 8;
L_0000014056f16500 .part v0000014056e8f460_0, 9, 1;
L_0000014056f17400 .part v0000014056e8eb00_0, 112, 8;
L_0000014056f17b80 .part v0000014056e8f460_0, 9, 1;
L_0000014056f17fe0 .part v0000014056e8eb00_0, 120, 8;
L_0000014056f17c20 .part v0000014056e8f460_0, 9, 1;
L_0000014056f16140 .part v0000014056e8eb00_0, 0, 8;
L_0000014056f17cc0 .part v0000014056e8f460_0, 10, 1;
L_0000014056f16fa0 .part L_0000014056e853c0, 80, 8;
L_0000014056f17d60 .part v0000014056e8eb00_0, 8, 8;
L_0000014056f161e0 .part v0000014056e8f460_0, 10, 1;
L_0000014056f16780 .part v0000014056e8eb00_0, 16, 8;
L_0000014056f168c0 .part v0000014056e8f460_0, 10, 1;
L_0000014056f16c80 .part v0000014056e8eb00_0, 24, 8;
L_0000014056f165a0 .part v0000014056e8f460_0, 10, 1;
L_0000014056f16640 .part v0000014056e8eb00_0, 32, 8;
L_0000014056f17e00 .part v0000014056e8f460_0, 10, 1;
L_0000014056f16820 .part v0000014056e8eb00_0, 40, 8;
L_0000014056f166e0 .part v0000014056e8f460_0, 10, 1;
L_0000014056f16f00 .part v0000014056e8eb00_0, 48, 8;
L_0000014056f16a00 .part v0000014056e8f460_0, 10, 1;
L_0000014056f17ea0 .part v0000014056e8eb00_0, 56, 8;
L_0000014056f16000 .part v0000014056e8f460_0, 10, 1;
L_0000014056f15ec0 .part v0000014056e8eb00_0, 64, 8;
L_0000014056f16b40 .part v0000014056e8f460_0, 10, 1;
L_0000014056f18080 .part v0000014056e8eb00_0, 72, 8;
L_0000014056f170e0 .part v0000014056e8f460_0, 10, 1;
L_0000014056f15920 .part v0000014056e8eb00_0, 80, 8;
L_0000014056f17180 .part v0000014056e8f460_0, 10, 1;
L_0000014056f159c0 .part v0000014056e8eb00_0, 88, 8;
L_0000014056f17220 .part v0000014056e8f460_0, 10, 1;
L_0000014056f15a60 .part v0000014056e8eb00_0, 96, 8;
L_0000014056f15ba0 .part v0000014056e8f460_0, 10, 1;
L_0000014056f15c40 .part v0000014056e8eb00_0, 104, 8;
L_0000014056f15e20 .part v0000014056e8f460_0, 10, 1;
L_0000014056f15f60 .part v0000014056e8eb00_0, 112, 8;
L_0000014056f19160 .part v0000014056e8f460_0, 10, 1;
L_0000014056f183a0 .part v0000014056e8eb00_0, 120, 8;
L_0000014056f1a1a0 .part v0000014056e8f460_0, 10, 1;
L_0000014056f19ac0 .part v0000014056e8eb00_0, 0, 8;
L_0000014056f189e0 .part v0000014056e8f460_0, 11, 1;
L_0000014056f19ca0 .part L_0000014056e853c0, 88, 8;
L_0000014056f18a80 .part v0000014056e8eb00_0, 8, 8;
L_0000014056f1a4c0 .part v0000014056e8f460_0, 11, 1;
L_0000014056f18b20 .part v0000014056e8eb00_0, 16, 8;
L_0000014056f19200 .part v0000014056e8f460_0, 11, 1;
L_0000014056f1a7e0 .part v0000014056e8eb00_0, 24, 8;
L_0000014056f19020 .part v0000014056e8f460_0, 11, 1;
L_0000014056f1a740 .part v0000014056e8eb00_0, 32, 8;
L_0000014056f1a100 .part v0000014056e8f460_0, 11, 1;
L_0000014056f195c0 .part v0000014056e8eb00_0, 40, 8;
L_0000014056f19b60 .part v0000014056e8f460_0, 11, 1;
L_0000014056f18260 .part v0000014056e8eb00_0, 48, 8;
L_0000014056f19c00 .part v0000014056e8f460_0, 11, 1;
L_0000014056f18bc0 .part v0000014056e8eb00_0, 56, 8;
L_0000014056f19480 .part v0000014056e8f460_0, 11, 1;
L_0000014056f190c0 .part v0000014056e8eb00_0, 64, 8;
L_0000014056f192a0 .part v0000014056e8f460_0, 11, 1;
L_0000014056f193e0 .part v0000014056e8eb00_0, 72, 8;
L_0000014056f19340 .part v0000014056e8f460_0, 11, 1;
L_0000014056f18c60 .part v0000014056e8eb00_0, 80, 8;
L_0000014056f19d40 .part v0000014056e8f460_0, 11, 1;
L_0000014056f19de0 .part v0000014056e8eb00_0, 88, 8;
L_0000014056f18da0 .part v0000014056e8f460_0, 11, 1;
L_0000014056f19f20 .part v0000014056e8eb00_0, 96, 8;
L_0000014056f1a600 .part v0000014056e8f460_0, 11, 1;
L_0000014056f19980 .part v0000014056e8eb00_0, 104, 8;
L_0000014056f1a240 .part v0000014056e8f460_0, 11, 1;
L_0000014056f19fc0 .part v0000014056e8eb00_0, 112, 8;
L_0000014056f19520 .part v0000014056e8f460_0, 11, 1;
L_0000014056f18440 .part v0000014056e8eb00_0, 120, 8;
L_0000014056f197a0 .part v0000014056e8f460_0, 11, 1;
LS_0000014056f18800_0_0 .concat8 [ 32 32 32 32], L_0000014056f2b0d0, L_0000014056f2a1f0, L_0000014056f2a420, L_0000014056f2a6c0;
LS_0000014056f18800_0_4 .concat8 [ 32 32 32 32], L_0000014056f2a7a0, L_0000014056f2bb50, L_0000014056f2a110, L_0000014056f2af80;
LS_0000014056f18800_0_8 .concat8 [ 32 32 32 32], L_0000014056f2b300, L_0000014056f2b8b0, L_0000014056f2ad50, L_0000014056f2b920;
LS_0000014056f18800_0_12 .concat8 [ 32 32 32 32], L_0000014056f2a500, L_0000014056f2bae0, L_0000014056f2a490, L_0000014056f343a0;
L_0000014056f18800 .concat8 [ 128 128 128 128], LS_0000014056f18800_0_0, LS_0000014056f18800_0_4, LS_0000014056f18800_0_8, LS_0000014056f18800_0_12;
S_0000014056d85b80 .scope generate, "ROW_LOOP[0]" "ROW_LOOP[0]" 9 54, 9 54 0, S_0000014056d859f0;
 .timescale -9 -12;
P_0000014056cf71e0 .param/l "r" 0 9 54, +C4<00>;
S_0000014056d861c0 .scope generate, "COL_LOOP[0]" "COL_LOOP[0]" 9 55, 9 55 0, S_0000014056d85b80;
 .timescale -9 -12;
P_0000014056cf7160 .param/l "c" 0 9 55, +C4<00>;
v0000014056b1a590_0 .net "pe_in_act", 7 0, L_0000014056e85f00;  1 drivers
L_0000014056eb12e0 .functor BUFT 1, C4<00000000000000000000000000000000>, C4<0>, C4<0>, C4<0>;
v0000014056b19ff0_0 .net "pe_in_psum", 31 0, L_0000014056eb12e0;  1 drivers
v0000014056b1a630_0 .net "pe_in_weight", 7 0, L_0000014056e84ce0;  1 drivers
v0000014056b1a950_0 .net "pe_load_en", 0 0, L_0000014056e84420;  1 drivers
S_0000014056d86b20 .scope generate, "genblk1" "genblk1" 9 61, 9 61 0, S_0000014056d861c0;
 .timescale -9 -12;
S_0000014056d856d0 .scope generate, "genblk2" "genblk2" 9 72, 9 72 0, S_0000014056d861c0;
 .timescale -9 -12;
S_0000014056d85090 .scope module, "pe_inst" "pe" 9 91, 10 12 0, S_0000014056d861c0;
 .timescale 0 0;
    .port_info 0 /INPUT 1 "clk";
    .port_info 1 /INPUT 1 "rst_n";
    .port_info 2 /INPUT 1 "en_compute";
    .port_info 3 /INPUT 1 "load_weight";
    .port_info 4 /INPUT 8 "in_act";
    .port_info 5 /INPUT 8 "in_weight";
    .port_info 6 /INPUT 32 "in_psum";
    .port_info 7 /OUTPUT 8 "out_act";
    .port_info 8 /OUTPUT 32 "out_psum";
v0000014056aaeb90_0 .net "clk", 0 0, v0000014056e82620_0;  alias, 1 drivers
v0000014056aae910_0 .net "en_compute", 0 0, L_0000014056eb1298;  alias, 1 drivers
v0000014056aaeaf0_0 .net "in_act", 7 0, L_0000014056e85f00;  alias, 1 drivers
v0000014056aaec30_0 .net "in_psum", 31 0, L_0000014056eb12e0;  alias, 1 drivers
v0000014056b19e10_0 .net "in_weight", 7 0, L_0000014056e84ce0;  alias, 1 drivers
v0000014056b1a310_0 .net "load_weight", 0 0, L_0000014056e84420;  alias, 1 drivers
v0000014056b19d70_0 .var "out_act", 7 0;
v0000014056b19b90_0 .var "out_psum", 31 0;
v0000014056b1ac70_0 .var/s "reg_weight", 7 0;
v0000014056b19eb0_0 .net "rst_n", 0 0, L_0000014056b6afc0;  alias, 1 drivers
S_0000014056d86670 .scope generate, "COL_LOOP[1]" "COL_LOOP[1]" 9 55, 9 55 0, S_0000014056d85b80;
 .timescale -9 -12;
P_0000014056cf7560 .param/l "c" 0 9 55, +C4<01>;
v0000014056b181f0_0 .net "pe_in_act", 7 0, L_0000014056b6c4c0;  1 drivers
L_0000014056eb1328 .functor BUFT 1, C4<00000000000000000000000000000000>, C4<0>, C4<0>, C4<0>;
v0000014056b18fb0_0 .net "pe_in_psum", 31 0, L_0000014056eb1328;  1 drivers
v0000014056b180b0_0 .net "pe_in_weight", 7 0, L_0000014056e84240;  1 drivers
v0000014056b19050_0 .net "pe_load_en", 0 0, L_0000014056e85be0;  1 drivers
S_0000014056d86e40 .scope generate, "genblk1" "genblk1" 9 61, 9 61 0, S_0000014056d86670;
 .timescale -9 -12;
L_0000014056b6c4c0 .functor BUFZ 8, v0000014056b19d70_0, C4<00000000>, C4<00000000>, C4<00000000>;
S_0000014056d85d10 .scope generate, "genblk2" "genblk2" 9 72, 9 72 0, S_0000014056d86670;
 .timescale -9 -12;
S_0000014056d85ea0 .scope module, "pe_inst" "pe" 9 91, 10 12 0, S_0000014056d86670;
 .timescale 0 0;
    .port_info 0 /INPUT 1 "clk";
    .port_info 1 /INPUT 1 "rst_n";
    .port_info 2 /INPUT 1 "en_compute";
    .port_info 3 /INPUT 1 "load_weight";
    .port_info 4 /INPUT 8 "in_act";
    .port_info 5 /INPUT 8 "in_weight";
    .port_info 6 /INPUT 32 "in_psum";
    .port_info 7 /OUTPUT 8 "out_act";
    .port_info 8 /OUTPUT 32 "out_psum";
v0000014056b1ae50_0 .net "clk", 0 0, v0000014056e82620_0;  alias, 1 drivers
v0000014056b19870_0 .net "en_compute", 0 0, L_0000014056eb1298;  alias, 1 drivers
v0000014056b199b0_0 .net "in_act", 7 0, L_0000014056b6c4c0;  alias, 1 drivers
v0000014056b17e30_0 .net "in_psum", 31 0, L_0000014056eb1328;  alias, 1 drivers
v0000014056b183d0_0 .net "in_weight", 7 0, L_0000014056e84240;  alias, 1 drivers
v0000014056b17250_0 .net "load_weight", 0 0, L_0000014056e85be0;  alias, 1 drivers
v0000014056b197d0_0 .var "out_act", 7 0;
v0000014056b18ab0_0 .var "out_psum", 31 0;
v0000014056b18330_0 .var/s "reg_weight", 7 0;
v0000014056b18bf0_0 .net "rst_n", 0 0, L_0000014056b6afc0;  alias, 1 drivers
S_0000014056d86350 .scope generate, "COL_LOOP[2]" "COL_LOOP[2]" 9 55, 9 55 0, S_0000014056d85b80;
 .timescale -9 -12;
P_0000014056cf7b60 .param/l "c" 0 9 55, +C4<010>;
v0000014056b18150_0 .net "pe_in_act", 7 0, L_0000014056b6c530;  1 drivers
L_0000014056eb1370 .functor BUFT 1, C4<00000000000000000000000000000000>, C4<0>, C4<0>, C4<0>;
v0000014056b18470_0 .net "pe_in_psum", 31 0, L_0000014056eb1370;  1 drivers
v0000014056b18510_0 .net "pe_in_weight", 7 0, L_0000014056e85fa0;  1 drivers
v0000014056b18650_0 .net "pe_load_en", 0 0, L_0000014056e85dc0;  1 drivers
S_0000014056d853b0 .scope generate, "genblk1" "genblk1" 9 61, 9 61 0, S_0000014056d86350;
 .timescale -9 -12;
L_0000014056b6c530 .functor BUFZ 8, v0000014056b197d0_0, C4<00000000>, C4<00000000>, C4<00000000>;
S_0000014056d86030 .scope generate, "genblk2" "genblk2" 9 72, 9 72 0, S_0000014056d86350;
 .timescale -9 -12;
S_0000014056d864e0 .scope module, "pe_inst" "pe" 9 91, 10 12 0, S_0000014056d86350;
 .timescale 0 0;
    .port_info 0 /INPUT 1 "clk";
    .port_info 1 /INPUT 1 "rst_n";
    .port_info 2 /INPUT 1 "en_compute";
    .port_info 3 /INPUT 1 "load_weight";
    .port_info 4 /INPUT 8 "in_act";
    .port_info 5 /INPUT 8 "in_weight";
    .port_info 6 /INPUT 32 "in_psum";
    .port_info 7 /OUTPUT 8 "out_act";
    .port_info 8 /OUTPUT 32 "out_psum";
v0000014056b194b0_0 .net "clk", 0 0, v0000014056e82620_0;  alias, 1 drivers
v0000014056b195f0_0 .net "en_compute", 0 0, L_0000014056eb1298;  alias, 1 drivers
v0000014056b17110_0 .net "in_act", 7 0, L_0000014056b6c530;  alias, 1 drivers
v0000014056b174d0_0 .net "in_psum", 31 0, L_0000014056eb1370;  alias, 1 drivers
v0000014056b18010_0 .net "in_weight", 7 0, L_0000014056e85fa0;  alias, 1 drivers
v0000014056b176b0_0 .net "load_weight", 0 0, L_0000014056e85dc0;  alias, 1 drivers
v0000014056b177f0_0 .var "out_act", 7 0;
v0000014056b17930_0 .var "out_psum", 31 0;
v0000014056b190f0_0 .var/s "reg_weight", 7 0;
v0000014056b17a70_0 .net "rst_n", 0 0, L_0000014056b6afc0;  alias, 1 drivers
S_0000014056d85220 .scope generate, "COL_LOOP[3]" "COL_LOOP[3]" 9 55, 9 55 0, S_0000014056d85b80;
 .timescale -9 -12;
P_0000014056cf7220 .param/l "c" 0 9 55, +C4<011>;
v0000014056b48dd0_0 .net "pe_in_act", 7 0, L_0000014056b6c760;  1 drivers
L_0000014056eb13b8 .functor BUFT 1, C4<00000000000000000000000000000000>, C4<0>, C4<0>, C4<0>;
v0000014056b47890_0 .net "pe_in_psum", 31 0, L_0000014056eb13b8;  1 drivers
v0000014056b47c50_0 .net "pe_in_weight", 7 0, L_0000014056e84380;  1 drivers
v0000014056b45c70_0 .net "pe_load_en", 0 0, L_0000014056e84060;  1 drivers
S_0000014056d85540 .scope generate, "genblk1" "genblk1" 9 61, 9 61 0, S_0000014056d85220;
 .timescale -9 -12;
L_0000014056b6c760 .functor BUFZ 8, v0000014056b177f0_0, C4<00000000>, C4<00000000>, C4<00000000>;
S_0000014056d8bed0 .scope generate, "genblk2" "genblk2" 9 72, 9 72 0, S_0000014056d85220;
 .timescale -9 -12;
S_0000014056d8c510 .scope module, "pe_inst" "pe" 9 91, 10 12 0, S_0000014056d85220;
 .timescale 0 0;
    .port_info 0 /INPUT 1 "clk";
    .port_info 1 /INPUT 1 "rst_n";
    .port_info 2 /INPUT 1 "en_compute";
    .port_info 3 /INPUT 1 "load_weight";
    .port_info 4 /INPUT 8 "in_act";
    .port_info 5 /INPUT 8 "in_weight";
    .port_info 6 /INPUT 32 "in_psum";
    .port_info 7 /OUTPUT 8 "out_act";
    .port_info 8 /OUTPUT 32 "out_psum";
v0000014056b48790_0 .net "clk", 0 0, v0000014056e82620_0;  alias, 1 drivers
v0000014056b48d30_0 .net "en_compute", 0 0, L_0000014056eb1298;  alias, 1 drivers
v0000014056b488d0_0 .net "in_act", 7 0, L_0000014056b6c760;  alias, 1 drivers
v0000014056b48970_0 .net "in_psum", 31 0, L_0000014056eb13b8;  alias, 1 drivers
v0000014056b47ed0_0 .net "in_weight", 7 0, L_0000014056e84380;  alias, 1 drivers
v0000014056b48a10_0 .net "load_weight", 0 0, L_0000014056e84060;  alias, 1 drivers
v0000014056b47f70_0 .var "out_act", 7 0;
v0000014056b47a70_0 .var "out_psum", 31 0;
v0000014056b48b50_0 .var/s "reg_weight", 7 0;
v0000014056b48150_0 .net "rst_n", 0 0, L_0000014056b6afc0;  alias, 1 drivers
S_0000014056d8c6a0 .scope generate, "COL_LOOP[4]" "COL_LOOP[4]" 9 55, 9 55 0, S_0000014056d85b80;
 .timescale -9 -12;
P_0000014056cf75a0 .param/l "c" 0 9 55, +C4<0100>;
v0000014056b476b0_0 .net "pe_in_act", 7 0, L_0000014056b6b1f0;  1 drivers
L_0000014056eb1400 .functor BUFT 1, C4<00000000000000000000000000000000>, C4<0>, C4<0>, C4<0>;
v0000014056b46990_0 .net "pe_in_psum", 31 0, L_0000014056eb1400;  1 drivers
v0000014056b45f90_0 .net "pe_in_weight", 7 0, L_0000014056e86040;  1 drivers
v0000014056b46f30_0 .net "pe_load_en", 0 0, L_0000014056e850a0;  1 drivers
S_0000014056d8c830 .scope generate, "genblk1" "genblk1" 9 61, 9 61 0, S_0000014056d8c6a0;
 .timescale -9 -12;
L_0000014056b6b1f0 .functor BUFZ 8, v0000014056b47f70_0, C4<00000000>, C4<00000000>, C4<00000000>;
S_0000014056d8bbb0 .scope generate, "genblk2" "genblk2" 9 72, 9 72 0, S_0000014056d8c6a0;
 .timescale -9 -12;
S_0000014056d8b890 .scope module, "pe_inst" "pe" 9 91, 10 12 0, S_0000014056d8c6a0;
 .timescale 0 0;
    .port_info 0 /INPUT 1 "clk";
    .port_info 1 /INPUT 1 "rst_n";
    .port_info 2 /INPUT 1 "en_compute";
    .port_info 3 /INPUT 1 "load_weight";
    .port_info 4 /INPUT 8 "in_act";
    .port_info 5 /INPUT 8 "in_weight";
    .port_info 6 /INPUT 32 "in_psum";
    .port_info 7 /OUTPUT 8 "out_act";
    .port_info 8 /OUTPUT 32 "out_psum";
v0000014056b46b70_0 .net "clk", 0 0, v0000014056e82620_0;  alias, 1 drivers
v0000014056b46670_0 .net "en_compute", 0 0, L_0000014056eb1298;  alias, 1 drivers
v0000014056b45db0_0 .net "in_act", 7 0, L_0000014056b6b1f0;  alias, 1 drivers
v0000014056b45e50_0 .net "in_psum", 31 0, L_0000014056eb1400;  alias, 1 drivers
v0000014056b467b0_0 .net "in_weight", 7 0, L_0000014056e86040;  alias, 1 drivers
v0000014056b45310_0 .net "load_weight", 0 0, L_0000014056e850a0;  alias, 1 drivers
v0000014056b477f0_0 .var "out_act", 7 0;
v0000014056b453b0_0 .var "out_psum", 31 0;
v0000014056b472f0_0 .var/s "reg_weight", 7 0;
v0000014056b47610_0 .net "rst_n", 0 0, L_0000014056b6afc0;  alias, 1 drivers
S_0000014056d8b700 .scope generate, "COL_LOOP[5]" "COL_LOOP[5]" 9 55, 9 55 0, S_0000014056d85b80;
 .timescale -9 -12;
P_0000014056cf6fa0 .param/l "c" 0 9 55, +C4<0101>;
v0000014056b74a50_0 .net "pe_in_act", 7 0, L_0000014056b6b7a0;  1 drivers
L_0000014056eb1448 .functor BUFT 1, C4<00000000000000000000000000000000>, C4<0>, C4<0>, C4<0>;
v0000014056b74b90_0 .net "pe_in_psum", 31 0, L_0000014056eb1448;  1 drivers
v0000014056b74690_0 .net "pe_in_weight", 7 0, L_0000014056e84100;  1 drivers
v0000014056b742d0_0 .net "pe_load_en", 0 0, L_0000014056e83a20;  1 drivers
S_0000014056d8c060 .scope generate, "genblk1" "genblk1" 9 61, 9 61 0, S_0000014056d8b700;
 .timescale -9 -12;
L_0000014056b6b7a0 .functor BUFZ 8, v0000014056b477f0_0, C4<00000000>, C4<00000000>, C4<00000000>;
S_0000014056d8cce0 .scope generate, "genblk2" "genblk2" 9 72, 9 72 0, S_0000014056d8b700;
 .timescale -9 -12;
S_0000014056d8c9c0 .scope module, "pe_inst" "pe" 9 91, 10 12 0, S_0000014056d8b700;
 .timescale 0 0;
    .port_info 0 /INPUT 1 "clk";
    .port_info 1 /INPUT 1 "rst_n";
    .port_info 2 /INPUT 1 "en_compute";
    .port_info 3 /INPUT 1 "load_weight";
    .port_info 4 /INPUT 8 "in_act";
    .port_info 5 /INPUT 8 "in_weight";
    .port_info 6 /INPUT 32 "in_psum";
    .port_info 7 /OUTPUT 8 "out_act";
    .port_info 8 /OUTPUT 32 "out_psum";
v0000014056b46030_0 .net "clk", 0 0, v0000014056e82620_0;  alias, 1 drivers
v0000014056b46210_0 .net "en_compute", 0 0, L_0000014056eb1298;  alias, 1 drivers
v0000014056b45590_0 .net "in_act", 7 0, L_0000014056b6b7a0;  alias, 1 drivers
v0000014056b46a30_0 .net "in_psum", 31 0, L_0000014056eb1448;  alias, 1 drivers
v0000014056b46fd0_0 .net "in_weight", 7 0, L_0000014056e84100;  alias, 1 drivers
v0000014056b45090_0 .net "load_weight", 0 0, L_0000014056e83a20;  alias, 1 drivers
v0000014056b45130_0 .var "out_act", 7 0;
v0000014056b45770_0 .var "out_psum", 31 0;
v0000014056b45810_0 .var/s "reg_weight", 7 0;
v0000014056b740f0_0 .net "rst_n", 0 0, L_0000014056b6afc0;  alias, 1 drivers
S_0000014056d8cb50 .scope generate, "COL_LOOP[6]" "COL_LOOP[6]" 9 55, 9 55 0, S_0000014056d85b80;
 .timescale -9 -12;
P_0000014056cf6ba0 .param/l "c" 0 9 55, +C4<0110>;
v0000014056b71a30_0 .net "pe_in_act", 7 0, L_0000014056b6b260;  1 drivers
L_0000014056eb1490 .functor BUFT 1, C4<00000000000000000000000000000000>, C4<0>, C4<0>, C4<0>;
v0000014056b72570_0 .net "pe_in_psum", 31 0, L_0000014056eb1490;  1 drivers
v0000014056b73830_0 .net "pe_in_weight", 7 0, L_0000014056e846a0;  1 drivers
v0000014056b71c10_0 .net "pe_load_en", 0 0, L_0000014056e838e0;  1 drivers
S_0000014056d8ce70 .scope generate, "genblk1" "genblk1" 9 61, 9 61 0, S_0000014056d8cb50;
 .timescale -9 -12;
L_0000014056b6b260 .functor BUFZ 8, v0000014056b45130_0, C4<00000000>, C4<00000000>, C4<00000000>;
S_0000014056d8ba20 .scope generate, "genblk2" "genblk2" 9 72, 9 72 0, S_0000014056d8cb50;
 .timescale -9 -12;
S_0000014056d8b0c0 .scope module, "pe_inst" "pe" 9 91, 10 12 0, S_0000014056d8cb50;
 .timescale 0 0;
    .port_info 0 /INPUT 1 "clk";
    .port_info 1 /INPUT 1 "rst_n";
    .port_info 2 /INPUT 1 "en_compute";
    .port_info 3 /INPUT 1 "load_weight";
    .port_info 4 /INPUT 8 "in_act";
    .port_info 5 /INPUT 8 "in_weight";
    .port_info 6 /INPUT 32 "in_psum";
    .port_info 7 /OUTPUT 8 "out_act";
    .port_info 8 /OUTPUT 32 "out_psum";
v0000014056b749b0_0 .net "clk", 0 0, v0000014056e82620_0;  alias, 1 drivers
v0000014056b73d30_0 .net "en_compute", 0 0, L_0000014056eb1298;  alias, 1 drivers
v0000014056b73bf0_0 .net "in_act", 7 0, L_0000014056b6b260;  alias, 1 drivers
v0000014056b73e70_0 .net "in_psum", 31 0, L_0000014056eb1490;  alias, 1 drivers
v0000014056b73fb0_0 .net "in_weight", 7 0, L_0000014056e846a0;  alias, 1 drivers
v0000014056b747d0_0 .net "load_weight", 0 0, L_0000014056e838e0;  alias, 1 drivers
v0000014056b74af0_0 .var "out_act", 7 0;
v0000014056b74cd0_0 .var "out_psum", 31 0;
v0000014056b736f0_0 .var/s "reg_weight", 7 0;
v0000014056b72bb0_0 .net "rst_n", 0 0, L_0000014056b6afc0;  alias, 1 drivers
S_0000014056d8bd40 .scope generate, "COL_LOOP[7]" "COL_LOOP[7]" 9 55, 9 55 0, S_0000014056d85b80;
 .timescale -9 -12;
P_0000014056cf6be0 .param/l "c" 0 9 55, +C4<0111>;
v0000014056b72ed0_0 .net "pe_in_act", 7 0, L_0000014056b6b570;  1 drivers
L_0000014056eb14d8 .functor BUFT 1, C4<00000000000000000000000000000000>, C4<0>, C4<0>, C4<0>;
v0000014056b72750_0 .net "pe_in_psum", 31 0, L_0000014056eb14d8;  1 drivers
v0000014056b727f0_0 .net "pe_in_weight", 7 0, L_0000014056e85aa0;  1 drivers
v0000014056b72890_0 .net "pe_load_en", 0 0, L_0000014056e844c0;  1 drivers
S_0000014056d8b250 .scope generate, "genblk1" "genblk1" 9 61, 9 61 0, S_0000014056d8bd40;
 .timescale -9 -12;
L_0000014056b6b570 .functor BUFZ 8, v0000014056b74af0_0, C4<00000000>, C4<00000000>, C4<00000000>;
S_0000014056d8c1f0 .scope generate, "genblk2" "genblk2" 9 72, 9 72 0, S_0000014056d8bd40;
 .timescale -9 -12;
S_0000014056d8c380 .scope module, "pe_inst" "pe" 9 91, 10 12 0, S_0000014056d8bd40;
 .timescale 0 0;
    .port_info 0 /INPUT 1 "clk";
    .port_info 1 /INPUT 1 "rst_n";
    .port_info 2 /INPUT 1 "en_compute";
    .port_info 3 /INPUT 1 "load_weight";
    .port_info 4 /INPUT 8 "in_act";
    .port_info 5 /INPUT 8 "in_weight";
    .port_info 6 /INPUT 32 "in_psum";
    .port_info 7 /OUTPUT 8 "out_act";
    .port_info 8 /OUTPUT 32 "out_psum";
v0000014056b71fd0_0 .net "clk", 0 0, v0000014056e82620_0;  alias, 1 drivers
v0000014056b71cb0_0 .net "en_compute", 0 0, L_0000014056eb1298;  alias, 1 drivers
v0000014056b735b0_0 .net "in_act", 7 0, L_0000014056b6b570;  alias, 1 drivers
v0000014056b71d50_0 .net "in_psum", 31 0, L_0000014056eb14d8;  alias, 1 drivers
v0000014056b71530_0 .net "in_weight", 7 0, L_0000014056e85aa0;  alias, 1 drivers
v0000014056b72b10_0 .net "load_weight", 0 0, L_0000014056e844c0;  alias, 1 drivers
v0000014056b717b0_0 .var "out_act", 7 0;
v0000014056b721b0_0 .var "out_psum", 31 0;
v0000014056b72610_0 .var/s "reg_weight", 7 0;
v0000014056b726b0_0 .net "rst_n", 0 0, L_0000014056b6afc0;  alias, 1 drivers
S_0000014056d8b3e0 .scope generate, "COL_LOOP[8]" "COL_LOOP[8]" 9 55, 9 55 0, S_0000014056d85b80;
 .timescale -9 -12;
P_0000014056cf79e0 .param/l "c" 0 9 55, +C4<01000>;
v00000140569e4740_0 .net "pe_in_act", 7 0, L_0000014056b6b5e0;  1 drivers
L_0000014056eb1520 .functor BUFT 1, C4<00000000000000000000000000000000>, C4<0>, C4<0>, C4<0>;
v00000140569e4e20_0 .net "pe_in_psum", 31 0, L_0000014056eb1520;  1 drivers
v00000140569e6400_0 .net "pe_in_weight", 7 0, L_0000014056e84ec0;  1 drivers
v00000140569e5640_0 .net "pe_load_en", 0 0, L_0000014056e849c0;  1 drivers
S_0000014056d8b570 .scope generate, "genblk1" "genblk1" 9 61, 9 61 0, S_0000014056d8b3e0;
 .timescale -9 -12;
L_0000014056b6b5e0 .functor BUFZ 8, v0000014056b717b0_0, C4<00000000>, C4<00000000>, C4<00000000>;
S_0000014056d8d580 .scope generate, "genblk2" "genblk2" 9 72, 9 72 0, S_0000014056d8b3e0;
 .timescale -9 -12;
S_0000014056d8d8a0 .scope module, "pe_inst" "pe" 9 91, 10 12 0, S_0000014056d8b3e0;
 .timescale 0 0;
    .port_info 0 /INPUT 1 "clk";
    .port_info 1 /INPUT 1 "rst_n";
    .port_info 2 /INPUT 1 "en_compute";
    .port_info 3 /INPUT 1 "load_weight";
    .port_info 4 /INPUT 8 "in_act";
    .port_info 5 /INPUT 8 "in_weight";
    .port_info 6 /INPUT 32 "in_psum";
    .port_info 7 /OUTPUT 8 "out_act";
    .port_info 8 /OUTPUT 32 "out_psum";
v0000014056b730b0_0 .net "clk", 0 0, v0000014056e82620_0;  alias, 1 drivers
v0000014056b73470_0 .net "en_compute", 0 0, L_0000014056eb1298;  alias, 1 drivers
v0000014056b71710_0 .net "in_act", 7 0, L_0000014056b6b5e0;  alias, 1 drivers
v0000014056b710d0_0 .net "in_psum", 31 0, L_0000014056eb1520;  alias, 1 drivers
v00000140569e5780_0 .net "in_weight", 7 0, L_0000014056e84ec0;  alias, 1 drivers
v00000140569e58c0_0 .net "load_weight", 0 0, L_0000014056e849c0;  alias, 1 drivers
v00000140569e60e0_0 .var "out_act", 7 0;
v00000140569e5320_0 .var "out_psum", 31 0;
v00000140569e5f00_0 .var/s "reg_weight", 7 0;
v00000140569e4d80_0 .net "rst_n", 0 0, L_0000014056b6afc0;  alias, 1 drivers
S_0000014056d8da30 .scope generate, "COL_LOOP[9]" "COL_LOOP[9]" 9 55, 9 55 0, S_0000014056d85b80;
 .timescale -9 -12;
P_0000014056cf6d20 .param/l "c" 0 9 55, +C4<01001>;
v00000140569e5b40_0 .net "pe_in_act", 7 0, L_0000014056b6ad20;  1 drivers
L_0000014056eb1568 .functor BUFT 1, C4<00000000000000000000000000000000>, C4<0>, C4<0>, C4<0>;
v00000140569e5be0_0 .net "pe_in_psum", 31 0, L_0000014056eb1568;  1 drivers
v00000140569e5dc0_0 .net "pe_in_weight", 7 0, L_0000014056e85640;  1 drivers
v00000140569e6040_0 .net "pe_load_en", 0 0, L_0000014056e84920;  1 drivers
S_0000014056d8ee80 .scope generate, "genblk1" "genblk1" 9 61, 9 61 0, S_0000014056d8da30;
 .timescale -9 -12;
L_0000014056b6ad20 .functor BUFZ 8, v00000140569e60e0_0, C4<00000000>, C4<00000000>, C4<00000000>;
S_0000014056d8e840 .scope generate, "genblk2" "genblk2" 9 72, 9 72 0, S_0000014056d8da30;
 .timescale -9 -12;
S_0000014056d8e520 .scope module, "pe_inst" "pe" 9 91, 10 12 0, S_0000014056d8da30;
 .timescale 0 0;
    .port_info 0 /INPUT 1 "clk";
    .port_info 1 /INPUT 1 "rst_n";
    .port_info 2 /INPUT 1 "en_compute";
    .port_info 3 /INPUT 1 "load_weight";
    .port_info 4 /INPUT 8 "in_act";
    .port_info 5 /INPUT 8 "in_weight";
    .port_info 6 /INPUT 32 "in_psum";
    .port_info 7 /OUTPUT 8 "out_act";
    .port_info 8 /OUTPUT 32 "out_psum";
v00000140569e5c80_0 .net "clk", 0 0, v0000014056e82620_0;  alias, 1 drivers
v00000140569e4ec0_0 .net "en_compute", 0 0, L_0000014056eb1298;  alias, 1 drivers
v00000140569e4ba0_0 .net "in_act", 7 0, L_0000014056b6ad20;  alias, 1 drivers
v00000140569e56e0_0 .net "in_psum", 31 0, L_0000014056eb1568;  alias, 1 drivers
v00000140569e5460_0 .net "in_weight", 7 0, L_0000014056e85640;  alias, 1 drivers
v00000140569e5a00_0 .net "load_weight", 0 0, L_0000014056e84920;  alias, 1 drivers
v00000140569e5500_0 .var "out_act", 7 0;
v00000140569e5820_0 .var "out_psum", 31 0;
v00000140569e6180_0 .var/s "reg_weight", 7 0;
v00000140569e5aa0_0 .net "rst_n", 0 0, L_0000014056b6afc0;  alias, 1 drivers
S_0000014056d8d710 .scope generate, "COL_LOOP[10]" "COL_LOOP[10]" 9 55, 9 55 0, S_0000014056d85b80;
 .timescale -9 -12;
P_0000014056cf72a0 .param/l "c" 0 9 55, +C4<01010>;
v00000140569d8770_0 .net "pe_in_act", 7 0, L_0000014056b6ad90;  1 drivers
L_0000014056eb15b0 .functor BUFT 1, C4<00000000000000000000000000000000>, C4<0>, C4<0>, C4<0>;
v00000140569d9170_0 .net "pe_in_psum", 31 0, L_0000014056eb15b0;  1 drivers
v00000140569d9990_0 .net "pe_in_weight", 7 0, L_0000014056e85780;  1 drivers
v00000140569d8db0_0 .net "pe_load_en", 0 0, L_0000014056e83980;  1 drivers
S_0000014056d8dbc0 .scope generate, "genblk1" "genblk1" 9 61, 9 61 0, S_0000014056d8d710;
 .timescale -9 -12;
L_0000014056b6ad90 .functor BUFZ 8, v00000140569e5500_0, C4<00000000>, C4<00000000>, C4<00000000>;
S_0000014056d8e9d0 .scope generate, "genblk2" "genblk2" 9 72, 9 72 0, S_0000014056d8d710;
 .timescale -9 -12;
S_0000014056d8dd50 .scope module, "pe_inst" "pe" 9 91, 10 12 0, S_0000014056d8d710;
 .timescale 0 0;
    .port_info 0 /INPUT 1 "clk";
    .port_info 1 /INPUT 1 "rst_n";
    .port_info 2 /INPUT 1 "en_compute";
    .port_info 3 /INPUT 1 "load_weight";
    .port_info 4 /INPUT 8 "in_act";
    .port_info 5 /INPUT 8 "in_weight";
    .port_info 6 /INPUT 32 "in_psum";
    .port_info 7 /OUTPUT 8 "out_act";
    .port_info 8 /OUTPUT 32 "out_psum";
v00000140569e64a0_0 .net "clk", 0 0, v0000014056e82620_0;  alias, 1 drivers
v00000140569e4600_0 .net "en_compute", 0 0, L_0000014056eb1298;  alias, 1 drivers
v00000140569e4880_0 .net "in_act", 7 0, L_0000014056b6ad90;  alias, 1 drivers
v00000140569e4920_0 .net "in_psum", 31 0, L_0000014056eb15b0;  alias, 1 drivers
v00000140569e49c0_0 .net "in_weight", 7 0, L_0000014056e85780;  alias, 1 drivers
v00000140569e4c40_0 .net "load_weight", 0 0, L_0000014056e83980;  alias, 1 drivers
v00000140569d9350_0 .var "out_act", 7 0;
v00000140569d86d0_0 .var "out_psum", 31 0;
v00000140569d8270_0 .var/s "reg_weight", 7 0;
v00000140569d8c70_0 .net "rst_n", 0 0, L_0000014056b6afc0;  alias, 1 drivers
S_0000014056d8eb60 .scope generate, "COL_LOOP[11]" "COL_LOOP[11]" 9 55, 9 55 0, S_0000014056d85b80;
 .timescale -9 -12;
P_0000014056cf6fe0 .param/l "c" 0 9 55, +C4<01011>;
v00000140569d8950_0 .net "pe_in_act", 7 0, L_0000014056b6b0a0;  1 drivers
L_0000014056eb15f8 .functor BUFT 1, C4<00000000000000000000000000000000>, C4<0>, C4<0>, C4<0>;
v00000140569d9530_0 .net "pe_in_psum", 31 0, L_0000014056eb15f8;  1 drivers
v00000140569d95d0_0 .net "pe_in_weight", 7 0, L_0000014056e84f60;  1 drivers
v00000140569d9710_0 .net "pe_load_en", 0 0, L_0000014056e84b00;  1 drivers
S_0000014056d8dee0 .scope generate, "genblk1" "genblk1" 9 61, 9 61 0, S_0000014056d8eb60;
 .timescale -9 -12;
L_0000014056b6b0a0 .functor BUFZ 8, v00000140569d9350_0, C4<00000000>, C4<00000000>, C4<00000000>;
S_0000014056d8ecf0 .scope generate, "genblk2" "genblk2" 9 72, 9 72 0, S_0000014056d8eb60;
 .timescale -9 -12;
S_0000014056d8e6b0 .scope module, "pe_inst" "pe" 9 91, 10 12 0, S_0000014056d8eb60;
 .timescale 0 0;
    .port_info 0 /INPUT 1 "clk";
    .port_info 1 /INPUT 1 "rst_n";
    .port_info 2 /INPUT 1 "en_compute";
    .port_info 3 /INPUT 1 "load_weight";
    .port_info 4 /INPUT 8 "in_act";
    .port_info 5 /INPUT 8 "in_weight";
    .port_info 6 /INPUT 32 "in_psum";
    .port_info 7 /OUTPUT 8 "out_act";
    .port_info 8 /OUTPUT 32 "out_psum";
v00000140569d7e10_0 .net "clk", 0 0, v0000014056e82620_0;  alias, 1 drivers
v00000140569d93f0_0 .net "en_compute", 0 0, L_0000014056eb1298;  alias, 1 drivers
v00000140569d9850_0 .net "in_act", 7 0, L_0000014056b6b0a0;  alias, 1 drivers
v00000140569d8810_0 .net "in_psum", 31 0, L_0000014056eb15f8;  alias, 1 drivers
v00000140569d81d0_0 .net "in_weight", 7 0, L_0000014056e84f60;  alias, 1 drivers
v00000140569d88b0_0 .net "load_weight", 0 0, L_0000014056e84b00;  alias, 1 drivers
v00000140569d7af0_0 .var "out_act", 7 0;
v00000140569d8f90_0 .var "out_psum", 31 0;
v00000140569d9210_0 .var/s "reg_weight", 7 0;
v00000140569d9490_0 .net "rst_n", 0 0, L_0000014056b6afc0;  alias, 1 drivers
S_0000014056d8e200 .scope generate, "COL_LOOP[12]" "COL_LOOP[12]" 9 55, 9 55 0, S_0000014056d85b80;
 .timescale -9 -12;
P_0000014056cf7920 .param/l "c" 0 9 55, +C4<01100>;
v00000140569f26c0_0 .net "pe_in_act", 7 0, L_0000014056b6aee0;  1 drivers
L_0000014056eb1640 .functor BUFT 1, C4<00000000000000000000000000000000>, C4<0>, C4<0>, C4<0>;
v00000140569f3f20_0 .net "pe_in_psum", 31 0, L_0000014056eb1640;  1 drivers
v00000140569f30c0_0 .net "pe_in_weight", 7 0, L_0000014056e84560;  1 drivers
v00000140569f2940_0 .net "pe_load_en", 0 0, L_0000014056e84a60;  1 drivers
S_0000014056d8d0d0 .scope generate, "genblk1" "genblk1" 9 61, 9 61 0, S_0000014056d8e200;
 .timescale -9 -12;
L_0000014056b6aee0 .functor BUFZ 8, v00000140569d7af0_0, C4<00000000>, C4<00000000>, C4<00000000>;
S_0000014056d8e070 .scope generate, "genblk2" "genblk2" 9 72, 9 72 0, S_0000014056d8e200;
 .timescale -9 -12;
S_0000014056d8e390 .scope module, "pe_inst" "pe" 9 91, 10 12 0, S_0000014056d8e200;
 .timescale 0 0;
    .port_info 0 /INPUT 1 "clk";
    .port_info 1 /INPUT 1 "rst_n";
    .port_info 2 /INPUT 1 "en_compute";
    .port_info 3 /INPUT 1 "load_weight";
    .port_info 4 /INPUT 8 "in_act";
    .port_info 5 /INPUT 8 "in_weight";
    .port_info 6 /INPUT 32 "in_psum";
    .port_info 7 /OUTPUT 8 "out_act";
    .port_info 8 /OUTPUT 32 "out_psum";
v00000140569d7c30_0 .net "clk", 0 0, v0000014056e82620_0;  alias, 1 drivers
v00000140569d7ff0_0 .net "en_compute", 0 0, L_0000014056eb1298;  alias, 1 drivers
v00000140569d8310_0 .net "in_act", 7 0, L_0000014056b6aee0;  alias, 1 drivers
v00000140569d83b0_0 .net "in_psum", 31 0, L_0000014056eb1640;  alias, 1 drivers
v00000140569d8450_0 .net "in_weight", 7 0, L_0000014056e84560;  alias, 1 drivers
v00000140569d84f0_0 .net "load_weight", 0 0, L_0000014056e84a60;  alias, 1 drivers
v00000140569d8630_0 .var "out_act", 7 0;
v00000140569f3c00_0 .var "out_psum", 31 0;
v00000140569f28a0_0 .var/s "reg_weight", 7 0;
v00000140569f2f80_0 .net "rst_n", 0 0, L_0000014056b6afc0;  alias, 1 drivers
S_0000014056d8d260 .scope generate, "COL_LOOP[13]" "COL_LOOP[13]" 9 55, 9 55 0, S_0000014056d85b80;
 .timescale -9 -12;
P_0000014056cf6c20 .param/l "c" 0 9 55, +C4<01101>;
v00000140569f32a0_0 .net "pe_in_act", 7 0, L_0000014056b6b2d0;  1 drivers
L_0000014056eb1688 .functor BUFT 1, C4<00000000000000000000000000000000>, C4<0>, C4<0>, C4<0>;
v00000140569f3e80_0 .net "pe_in_psum", 31 0, L_0000014056eb1688;  1 drivers
v00000140569f3fc0_0 .net "pe_in_weight", 7 0, L_0000014056e83e80;  1 drivers
v00000140569f4060_0 .net "pe_load_en", 0 0, L_0000014056e85b40;  1 drivers
S_0000014056d8d3f0 .scope generate, "genblk1" "genblk1" 9 61, 9 61 0, S_0000014056d8d260;
 .timescale -9 -12;
L_0000014056b6b2d0 .functor BUFZ 8, v00000140569d8630_0, C4<00000000>, C4<00000000>, C4<00000000>;
S_0000014056d906c0 .scope generate, "genblk2" "genblk2" 9 72, 9 72 0, S_0000014056d8d260;
 .timescale -9 -12;
S_0000014056d8f720 .scope module, "pe_inst" "pe" 9 91, 10 12 0, S_0000014056d8d260;
 .timescale 0 0;
    .port_info 0 /INPUT 1 "clk";
    .port_info 1 /INPUT 1 "rst_n";
    .port_info 2 /INPUT 1 "en_compute";
    .port_info 3 /INPUT 1 "load_weight";
    .port_info 4 /INPUT 8 "in_act";
    .port_info 5 /INPUT 8 "in_weight";
    .port_info 6 /INPUT 32 "in_psum";
    .port_info 7 /OUTPUT 8 "out_act";
    .port_info 8 /OUTPUT 32 "out_psum";
v00000140569f3ca0_0 .net "clk", 0 0, v0000014056e82620_0;  alias, 1 drivers
v00000140569f2440_0 .net "en_compute", 0 0, L_0000014056eb1298;  alias, 1 drivers
v00000140569f3d40_0 .net "in_act", 7 0, L_0000014056b6b2d0;  alias, 1 drivers
v00000140569f2260_0 .net "in_psum", 31 0, L_0000014056eb1688;  alias, 1 drivers
v00000140569f3980_0 .net "in_weight", 7 0, L_0000014056e83e80;  alias, 1 drivers
v00000140569f2a80_0 .net "load_weight", 0 0, L_0000014056e85b40;  alias, 1 drivers
v00000140569f2c60_0 .var "out_act", 7 0;
v00000140569f3de0_0 .var "out_psum", 31 0;
v00000140569f2e40_0 .var/s "reg_weight", 7 0;
v00000140569f33e0_0 .net "rst_n", 0 0, L_0000014056b6afc0;  alias, 1 drivers
S_0000014056d8f8b0 .scope generate, "COL_LOOP[14]" "COL_LOOP[14]" 9 55, 9 55 0, S_0000014056d85b80;
 .timescale -9 -12;
P_0000014056cf72e0 .param/l "c" 0 9 55, +C4<01110>;
v0000014056a3d4f0_0 .net "pe_in_act", 7 0, L_0000014056b6b3b0;  1 drivers
L_0000014056eb16d0 .functor BUFT 1, C4<00000000000000000000000000000000>, C4<0>, C4<0>, C4<0>;
v0000014056a3d6d0_0 .net "pe_in_psum", 31 0, L_0000014056eb16d0;  1 drivers
v0000014056a3e030_0 .net "pe_in_weight", 7 0, L_0000014056e85140;  1 drivers
v0000014056a3ecb0_0 .net "pe_load_en", 0 0, L_0000014056e84600;  1 drivers
S_0000014056d90e90 .scope generate, "genblk1" "genblk1" 9 61, 9 61 0, S_0000014056d8f8b0;
 .timescale -9 -12;
L_0000014056b6b3b0 .functor BUFZ 8, v00000140569f2c60_0, C4<00000000>, C4<00000000>, C4<00000000>;
S_0000014056d909e0 .scope generate, "genblk2" "genblk2" 9 72, 9 72 0, S_0000014056d8f8b0;
 .timescale -9 -12;
S_0000014056d8fa40 .scope module, "pe_inst" "pe" 9 91, 10 12 0, S_0000014056d8f8b0;
 .timescale 0 0;
    .port_info 0 /INPUT 1 "clk";
    .port_info 1 /INPUT 1 "rst_n";
    .port_info 2 /INPUT 1 "en_compute";
    .port_info 3 /INPUT 1 "load_weight";
    .port_info 4 /INPUT 8 "in_act";
    .port_info 5 /INPUT 8 "in_weight";
    .port_info 6 /INPUT 32 "in_psum";
    .port_info 7 /OUTPUT 8 "out_act";
    .port_info 8 /OUTPUT 32 "out_psum";
v0000014056a3d1d0_0 .net "clk", 0 0, v0000014056e82620_0;  alias, 1 drivers
v0000014056a3d270_0 .net "en_compute", 0 0, L_0000014056eb1298;  alias, 1 drivers
v0000014056a3ead0_0 .net "in_act", 7 0, L_0000014056b6b3b0;  alias, 1 drivers
v0000014056a3eb70_0 .net "in_psum", 31 0, L_0000014056eb16d0;  alias, 1 drivers
v0000014056a3d3b0_0 .net "in_weight", 7 0, L_0000014056e85140;  alias, 1 drivers
v0000014056a3def0_0 .net "load_weight", 0 0, L_0000014056e84600;  alias, 1 drivers
v0000014056a3d9f0_0 .var "out_act", 7 0;
v0000014056a3e670_0 .var "out_psum", 31 0;
v0000014056a3ec10_0 .var/s "reg_weight", 7 0;
v0000014056a3d450_0 .net "rst_n", 0 0, L_0000014056b6afc0;  alias, 1 drivers
S_0000014056d8f400 .scope generate, "COL_LOOP[15]" "COL_LOOP[15]" 9 55, 9 55 0, S_0000014056d85b80;
 .timescale -9 -12;
P_0000014056cf73e0 .param/l "c" 0 9 55, +C4<01111>;
v0000014056a8b610_0 .net "pe_in_act", 7 0, L_0000014056b6b650;  1 drivers
L_0000014056eb1718 .functor BUFT 1, C4<00000000000000000000000000000000>, C4<0>, C4<0>, C4<0>;
v0000014056a8c290_0 .net "pe_in_psum", 31 0, L_0000014056eb1718;  1 drivers
v0000014056a8b930_0 .net "pe_in_weight", 7 0, L_0000014056e851e0;  1 drivers
v0000014056a8bbb0_0 .net "pe_load_en", 0 0, L_0000014056e84740;  1 drivers
S_0000014056d8fbd0 .scope generate, "genblk1" "genblk1" 9 61, 9 61 0, S_0000014056d8f400;
 .timescale -9 -12;
L_0000014056b6b650 .functor BUFZ 8, v0000014056a3d9f0_0, C4<00000000>, C4<00000000>, C4<00000000>;
S_0000014056d8f590 .scope generate, "genblk2" "genblk2" 9 72, 9 72 0, S_0000014056d8f400;
 .timescale -9 -12;
S_0000014056d8fd60 .scope module, "pe_inst" "pe" 9 91, 10 12 0, S_0000014056d8f400;
 .timescale 0 0;
    .port_info 0 /INPUT 1 "clk";
    .port_info 1 /INPUT 1 "rst_n";
    .port_info 2 /INPUT 1 "en_compute";
    .port_info 3 /INPUT 1 "load_weight";
    .port_info 4 /INPUT 8 "in_act";
    .port_info 5 /INPUT 8 "in_weight";
    .port_info 6 /INPUT 32 "in_psum";
    .port_info 7 /OUTPUT 8 "out_act";
    .port_info 8 /OUTPUT 32 "out_psum";
v0000014056a3e7b0_0 .net "clk", 0 0, v0000014056e82620_0;  alias, 1 drivers
v0000014056a3ed50_0 .net "en_compute", 0 0, L_0000014056eb1298;  alias, 1 drivers
v0000014056a3d810_0 .net "in_act", 7 0, L_0000014056b6b650;  alias, 1 drivers
v0000014056a3edf0_0 .net "in_psum", 31 0, L_0000014056eb1718;  alias, 1 drivers
v0000014056a3d8b0_0 .net "in_weight", 7 0, L_0000014056e851e0;  alias, 1 drivers
v0000014056a8ba70_0 .net "load_weight", 0 0, L_0000014056e84740;  alias, 1 drivers
v0000014056a8c6f0_0 .var "out_act", 7 0;
v0000014056a8b890_0 .var "out_psum", 31 0;
v0000014056a8cd30_0 .var/s "reg_weight", 7 0;
v0000014056a8c0b0_0 .net "rst_n", 0 0, L_0000014056b6afc0;  alias, 1 drivers
S_0000014056d8fef0 .scope generate, "ROW_LOOP[1]" "ROW_LOOP[1]" 9 54, 9 54 0, S_0000014056d859f0;
 .timescale -9 -12;
P_0000014056cf7420 .param/l "r" 0 9 54, +C4<01>;
S_0000014056d90080 .scope generate, "COL_LOOP[0]" "COL_LOOP[0]" 9 55, 9 55 0, S_0000014056d8fef0;
 .timescale -9 -12;
P_0000014056cf7a60 .param/l "c" 0 9 55, +C4<00>;
v0000014056a44cd0_0 .net "pe_in_act", 7 0, L_0000014056e85320;  1 drivers
v0000014056a440f0_0 .net "pe_in_psum", 31 0, L_0000014056b6bc00;  1 drivers
v0000014056a433d0_0 .net "pe_in_weight", 7 0, L_0000014056e84ba0;  1 drivers
v0000014056a43510_0 .net "pe_load_en", 0 0, L_0000014056e85280;  1 drivers
S_0000014056d90210 .scope generate, "genblk1" "genblk1" 9 61, 9 61 0, S_0000014056d90080;
 .timescale -9 -12;
S_0000014056d90850 .scope generate, "genblk2" "genblk2" 9 72, 9 72 0, S_0000014056d90080;
 .timescale -9 -12;
L_0000014056b6bc00 .functor BUFZ 32, v0000014056b19b90_0, C4<00000000000000000000000000000000>, C4<00000000000000000000000000000000>, C4<00000000000000000000000000000000>;
S_0000014056d903a0 .scope module, "pe_inst" "pe" 9 91, 10 12 0, S_0000014056d90080;
 .timescale 0 0;
    .port_info 0 /INPUT 1 "clk";
    .port_info 1 /INPUT 1 "rst_n";
    .port_info 2 /INPUT 1 "en_compute";
    .port_info 3 /INPUT 1 "load_weight";
    .port_info 4 /INPUT 8 "in_act";
    .port_info 5 /INPUT 8 "in_weight";
    .port_info 6 /INPUT 32 "in_psum";
    .port_info 7 /OUTPUT 8 "out_act";
    .port_info 8 /OUTPUT 32 "out_psum";
v0000014056a8bc50_0 .net "clk", 0 0, v0000014056e82620_0;  alias, 1 drivers
v0000014056a8c3d0_0 .net "en_compute", 0 0, L_0000014056eb1298;  alias, 1 drivers
v0000014056a8c5b0_0 .net "in_act", 7 0, L_0000014056e85320;  alias, 1 drivers
v0000014056a8cbf0_0 .net "in_psum", 31 0, L_0000014056b6bc00;  alias, 1 drivers
v0000014056a8cc90_0 .net "in_weight", 7 0, L_0000014056e84ba0;  alias, 1 drivers
v0000014056a8cdd0_0 .net "load_weight", 0 0, L_0000014056e85280;  alias, 1 drivers
v0000014056a8ce70_0 .var "out_act", 7 0;
v0000014056a8cf10_0 .var "out_psum", 31 0;
v0000014056a8b250_0 .var/s "reg_weight", 7 0;
v0000014056a8b070_0 .net "rst_n", 0 0, L_0000014056b6afc0;  alias, 1 drivers
S_0000014056d90530 .scope generate, "COL_LOOP[1]" "COL_LOOP[1]" 9 55, 9 55 0, S_0000014056d8fef0;
 .timescale -9 -12;
P_0000014056cf7460 .param/l "c" 0 9 55, +C4<01>;
v0000014056a44870_0 .net "pe_in_act", 7 0, L_0000014056b6b730;  1 drivers
v0000014056a44050_0 .net "pe_in_psum", 31 0, L_0000014056b6b880;  1 drivers
v0000014056a44190_0 .net "pe_in_weight", 7 0, L_0000014056e856e0;  1 drivers
v0000014056a44910_0 .net "pe_load_en", 0 0, L_0000014056e85c80;  1 drivers
S_0000014056d90b70 .scope generate, "genblk1" "genblk1" 9 61, 9 61 0, S_0000014056d90530;
 .timescale -9 -12;
L_0000014056b6b730 .functor BUFZ 8, v0000014056a8ce70_0, C4<00000000>, C4<00000000>, C4<00000000>;
S_0000014056d8f0e0 .scope generate, "genblk2" "genblk2" 9 72, 9 72 0, S_0000014056d90530;
 .timescale -9 -12;
L_0000014056b6b880 .functor BUFZ 32, v0000014056b18ab0_0, C4<00000000000000000000000000000000>, C4<00000000000000000000000000000000>, C4<00000000000000000000000000000000>;
S_0000014056d90d00 .scope module, "pe_inst" "pe" 9 91, 10 12 0, S_0000014056d90530;
 .timescale 0 0;
    .port_info 0 /INPUT 1 "clk";
    .port_info 1 /INPUT 1 "rst_n";
    .port_info 2 /INPUT 1 "en_compute";
    .port_info 3 /INPUT 1 "load_weight";
    .port_info 4 /INPUT 8 "in_act";
    .port_info 5 /INPUT 8 "in_weight";
    .port_info 6 /INPUT 32 "in_psum";
    .port_info 7 /OUTPUT 8 "out_act";
    .port_info 8 /OUTPUT 32 "out_psum";
v0000014056a43790_0 .net "clk", 0 0, v0000014056e82620_0;  alias, 1 drivers
v0000014056a444b0_0 .net "en_compute", 0 0, L_0000014056eb1298;  alias, 1 drivers
v0000014056a44230_0 .net "in_act", 7 0, L_0000014056b6b730;  alias, 1 drivers
v0000014056a43970_0 .net "in_psum", 31 0, L_0000014056b6b880;  alias, 1 drivers
v0000014056a44550_0 .net "in_weight", 7 0, L_0000014056e856e0;  alias, 1 drivers
v0000014056a43830_0 .net "load_weight", 0 0, L_0000014056e85c80;  alias, 1 drivers
v0000014056a44730_0 .var "out_act", 7 0;
v0000014056a43b50_0 .var "out_psum", 31 0;
v0000014056a43d30_0 .var/s "reg_weight", 7 0;
v0000014056a43fb0_0 .net "rst_n", 0 0, L_0000014056b6afc0;  alias, 1 drivers
S_0000014056d8f270 .scope generate, "COL_LOOP[2]" "COL_LOOP[2]" 9 55, 9 55 0, S_0000014056d8fef0;
 .timescale -9 -12;
P_0000014056cf74a0 .param/l "c" 0 9 55, +C4<010>;
v0000014056a9def0_0 .net "pe_in_act", 7 0, L_0000014056b6cdf0;  1 drivers
v0000014056a9e0d0_0 .net "pe_in_psum", 31 0, L_0000014056b6cfb0;  1 drivers
v0000014056a9e350_0 .net "pe_in_weight", 7 0, L_0000014056e83ac0;  1 drivers
v0000014056a9e5d0_0 .net "pe_load_en", 0 0, L_0000014056e83b60;  1 drivers
S_0000014056d93fd0 .scope generate, "genblk1" "genblk1" 9 61, 9 61 0, S_0000014056d8f270;
 .timescale -9 -12;
L_0000014056b6cdf0 .functor BUFZ 8, v0000014056a44730_0, C4<00000000>, C4<00000000>, C4<00000000>;
S_0000014056d93800 .scope generate, "genblk2" "genblk2" 9 72, 9 72 0, S_0000014056d8f270;
 .timescale -9 -12;
L_0000014056b6cfb0 .functor BUFZ 32, v0000014056b17930_0, C4<00000000000000000000000000000000>, C4<00000000000000000000000000000000>, C4<00000000000000000000000000000000>;
S_0000014056d926d0 .scope module, "pe_inst" "pe" 9 91, 10 12 0, S_0000014056d8f270;
 .timescale 0 0;
    .port_info 0 /INPUT 1 "clk";
    .port_info 1 /INPUT 1 "rst_n";
    .port_info 2 /INPUT 1 "en_compute";
    .port_info 3 /INPUT 1 "load_weight";
    .port_info 4 /INPUT 8 "in_act";
    .port_info 5 /INPUT 8 "in_weight";
    .port_info 6 /INPUT 32 "in_psum";
    .port_info 7 /OUTPUT 8 "out_act";
    .port_info 8 /OUTPUT 32 "out_psum";
v0000014056a9ee90_0 .net "clk", 0 0, v0000014056e82620_0;  alias, 1 drivers
v0000014056a9d4f0_0 .net "en_compute", 0 0, L_0000014056eb1298;  alias, 1 drivers
v0000014056a9ef30_0 .net "in_act", 7 0, L_0000014056b6cdf0;  alias, 1 drivers
v0000014056a9e670_0 .net "in_psum", 31 0, L_0000014056b6cfb0;  alias, 1 drivers
v0000014056a9da90_0 .net "in_weight", 7 0, L_0000014056e83ac0;  alias, 1 drivers
v0000014056a9d130_0 .net "load_weight", 0 0, L_0000014056e83b60;  alias, 1 drivers
v0000014056a9d6d0_0 .var "out_act", 7 0;
v0000014056a9e530_0 .var "out_psum", 31 0;
v0000014056a9d810_0 .var/s "reg_weight", 7 0;
v0000014056a9d9f0_0 .net "rst_n", 0 0, L_0000014056b6afc0;  alias, 1 drivers
S_0000014056d92ea0 .scope generate, "COL_LOOP[3]" "COL_LOOP[3]" 9 55, 9 55 0, S_0000014056d8fef0;
 .timescale -9 -12;
P_0000014056cf74e0 .param/l "c" 0 9 55, +C4<011>;
v0000014056a3cca0_0 .net "pe_in_act", 7 0, L_0000014056b6ca00;  1 drivers
v0000014056a3b1c0_0 .net "pe_in_psum", 31 0, L_0000014056b6ca70;  1 drivers
v0000014056a3b260_0 .net "pe_in_weight", 7 0, L_0000014056f0dcc0;  1 drivers
v0000014056a3c660_0 .net "pe_load_en", 0 0, L_0000014056f0d900;  1 drivers
S_0000014056d93030 .scope generate, "genblk1" "genblk1" 9 61, 9 61 0, S_0000014056d92ea0;
 .timescale -9 -12;
L_0000014056b6ca00 .functor BUFZ 8, v0000014056a9d6d0_0, C4<00000000>, C4<00000000>, C4<00000000>;
S_0000014056d92090 .scope generate, "genblk2" "genblk2" 9 72, 9 72 0, S_0000014056d92ea0;
 .timescale -9 -12;
L_0000014056b6ca70 .functor BUFZ 32, v0000014056b47a70_0, C4<00000000000000000000000000000000>, C4<00000000000000000000000000000000>, C4<00000000000000000000000000000000>;
S_0000014056d931c0 .scope module, "pe_inst" "pe" 9 91, 10 12 0, S_0000014056d92ea0;
 .timescale 0 0;
    .port_info 0 /INPUT 1 "clk";
    .port_info 1 /INPUT 1 "rst_n";
    .port_info 2 /INPUT 1 "en_compute";
    .port_info 3 /INPUT 1 "load_weight";
    .port_info 4 /INPUT 8 "in_act";
    .port_info 5 /INPUT 8 "in_weight";
    .port_info 6 /INPUT 32 "in_psum";
    .port_info 7 /OUTPUT 8 "out_act";
    .port_info 8 /OUTPUT 32 "out_psum";
v0000014056a9ea30_0 .net "clk", 0 0, v0000014056e82620_0;  alias, 1 drivers
v0000014056a9ead0_0 .net "en_compute", 0 0, L_0000014056eb1298;  alias, 1 drivers
v0000014056a9ec10_0 .net "in_act", 7 0, L_0000014056b6ca00;  alias, 1 drivers
v0000014056a3cb60_0 .net "in_psum", 31 0, L_0000014056b6ca70;  alias, 1 drivers
v0000014056a3c160_0 .net "in_weight", 7 0, L_0000014056f0dcc0;  alias, 1 drivers
v0000014056a3b300_0 .net "load_weight", 0 0, L_0000014056f0d900;  alias, 1 drivers
v0000014056a3bda0_0 .var "out_act", 7 0;
v0000014056a3c480_0 .var "out_psum", 31 0;
v0000014056a3b760_0 .var/s "reg_weight", 7 0;
v0000014056a3c2a0_0 .net "rst_n", 0 0, L_0000014056b6afc0;  alias, 1 drivers
S_0000014056d91730 .scope generate, "COL_LOOP[4]" "COL_LOOP[4]" 9 55, 9 55 0, S_0000014056d8fef0;
 .timescale -9 -12;
P_0000014056cf79a0 .param/l "c" 0 9 55, +C4<0100>;
v0000014056d985b0_0 .net "pe_in_act", 7 0, L_0000014056b6a150;  1 drivers
v0000014056d98290_0 .net "pe_in_psum", 31 0, L_0000014056b6a8c0;  1 drivers
v0000014056d99c30_0 .net "pe_in_weight", 7 0, L_0000014056f0d360;  1 drivers
v0000014056d98e70_0 .net "pe_load_en", 0 0, L_0000014056f0cb40;  1 drivers
S_0000014056d92b80 .scope generate, "genblk1" "genblk1" 9 61, 9 61 0, S_0000014056d91730;
 .timescale -9 -12;
L_0000014056b6a150 .functor BUFZ 8, v0000014056a3bda0_0, C4<00000000>, C4<00000000>, C4<00000000>;
S_0000014056d93990 .scope generate, "genblk2" "genblk2" 9 72, 9 72 0, S_0000014056d91730;
 .timescale -9 -12;
L_0000014056b6a8c0 .functor BUFZ 32, v0000014056b453b0_0, C4<00000000000000000000000000000000>, C4<00000000000000000000000000000000>, C4<00000000000000000000000000000000>;
S_0000014056d94c50 .scope module, "pe_inst" "pe" 9 91, 10 12 0, S_0000014056d91730;
 .timescale 0 0;
    .port_info 0 /INPUT 1 "clk";
    .port_info 1 /INPUT 1 "rst_n";
    .port_info 2 /INPUT 1 "en_compute";
    .port_info 3 /INPUT 1 "load_weight";
    .port_info 4 /INPUT 8 "in_act";
    .port_info 5 /INPUT 8 "in_weight";
    .port_info 6 /INPUT 32 "in_psum";
    .port_info 7 /OUTPUT 8 "out_act";
    .port_info 8 /OUTPUT 32 "out_psum";
v0000014056a3ba80_0 .net "clk", 0 0, v0000014056e82620_0;  alias, 1 drivers
v0000014056a3cde0_0 .net "en_compute", 0 0, L_0000014056eb1298;  alias, 1 drivers
v0000014056a3b580_0 .net "in_act", 7 0, L_0000014056b6a150;  alias, 1 drivers
v0000014056a3bb20_0 .net "in_psum", 31 0, L_0000014056b6a8c0;  alias, 1 drivers
v00000140569c73e0_0 .net "in_weight", 7 0, L_0000014056f0d360;  alias, 1 drivers
v00000140569c6c60_0 .net "load_weight", 0 0, L_0000014056f0cb40;  alias, 1 drivers
v00000140569c70c0_0 .var "out_act", 7 0;
v00000140569c7480_0 .var "out_psum", 31 0;
v0000014056d99550_0 .var/s "reg_weight", 7 0;
v0000014056d97cf0_0 .net "rst_n", 0 0, L_0000014056b6afc0;  alias, 1 drivers
S_0000014056d94160 .scope generate, "COL_LOOP[5]" "COL_LOOP[5]" 9 55, 9 55 0, S_0000014056d8fef0;
 .timescale -9 -12;
P_0000014056cf75e0 .param/l "c" 0 9 55, +C4<0101>;
v0000014056d98970_0 .net "pe_in_act", 7 0, L_0000014056b6a5b0;  1 drivers
v0000014056d99410_0 .net "pe_in_psum", 31 0, L_0000014056b696d0;  1 drivers
v0000014056d986f0_0 .net "pe_in_weight", 7 0, L_0000014056f0dae0;  1 drivers
v0000014056d99e10_0 .net "pe_load_en", 0 0, L_0000014056f0dd60;  1 drivers
S_0000014056d942f0 .scope generate, "genblk1" "genblk1" 9 61, 9 61 0, S_0000014056d94160;
 .timescale -9 -12;
L_0000014056b6a5b0 .functor BUFZ 8, v00000140569c70c0_0, C4<00000000>, C4<00000000>, C4<00000000>;
S_0000014056d923b0 .scope generate, "genblk2" "genblk2" 9 72, 9 72 0, S_0000014056d94160;
 .timescale -9 -12;
L_0000014056b696d0 .functor BUFZ 32, v0000014056b45770_0, C4<00000000000000000000000000000000>, C4<00000000000000000000000000000000>, C4<00000000000000000000000000000000>;
S_0000014056d915a0 .scope module, "pe_inst" "pe" 9 91, 10 12 0, S_0000014056d94160;
 .timescale 0 0;
    .port_info 0 /INPUT 1 "clk";
    .port_info 1 /INPUT 1 "rst_n";
    .port_info 2 /INPUT 1 "en_compute";
    .port_info 3 /INPUT 1 "load_weight";
    .port_info 4 /INPUT 8 "in_act";
    .port_info 5 /INPUT 8 "in_weight";
    .port_info 6 /INPUT 32 "in_psum";
    .port_info 7 /OUTPUT 8 "out_act";
    .port_info 8 /OUTPUT 32 "out_psum";
v0000014056d97f70_0 .net "clk", 0 0, v0000014056e82620_0;  alias, 1 drivers
v0000014056d997d0_0 .net "en_compute", 0 0, L_0000014056eb1298;  alias, 1 drivers
v0000014056d98650_0 .net "in_act", 7 0, L_0000014056b6a5b0;  alias, 1 drivers
v0000014056d9a090_0 .net "in_psum", 31 0, L_0000014056b696d0;  alias, 1 drivers
v0000014056d98d30_0 .net "in_weight", 7 0, L_0000014056f0dae0;  alias, 1 drivers
v0000014056d99370_0 .net "load_weight", 0 0, L_0000014056f0dd60;  alias, 1 drivers
v0000014056d98fb0_0 .var "out_act", 7 0;
v0000014056d992d0_0 .var "out_psum", 31 0;
v0000014056d983d0_0 .var/s "reg_weight", 7 0;
v0000014056d98470_0 .net "rst_n", 0 0, L_0000014056b6afc0;  alias, 1 drivers
S_0000014056d93350 .scope generate, "COL_LOOP[6]" "COL_LOOP[6]" 9 55, 9 55 0, S_0000014056d8fef0;
 .timescale -9 -12;
P_0000014056cf7520 .param/l "c" 0 9 55, +C4<0110>;
v0000014056d999b0_0 .net "pe_in_act", 7 0, L_0000014056b69f20;  1 drivers
v0000014056d98010_0 .net "pe_in_psum", 31 0, L_0000014056b69350;  1 drivers
v0000014056d97d90_0 .net "pe_in_weight", 7 0, L_0000014056f0dfe0;  1 drivers
v0000014056d98c90_0 .net "pe_load_en", 0 0, L_0000014056f0c780;  1 drivers
S_0000014056d91a50 .scope generate, "genblk1" "genblk1" 9 61, 9 61 0, S_0000014056d93350;
 .timescale -9 -12;
L_0000014056b69f20 .functor BUFZ 8, v0000014056d98fb0_0, C4<00000000>, C4<00000000>, C4<00000000>;
S_0000014056d91f00 .scope generate, "genblk2" "genblk2" 9 72, 9 72 0, S_0000014056d93350;
 .timescale -9 -12;
L_0000014056b69350 .functor BUFZ 32, v0000014056b74cd0_0, C4<00000000000000000000000000000000>, C4<00000000000000000000000000000000>, C4<00000000000000000000000000000000>;
S_0000014056d92860 .scope module, "pe_inst" "pe" 9 91, 10 12 0, S_0000014056d93350;
 .timescale 0 0;
    .port_info 0 /INPUT 1 "clk";
    .port_info 1 /INPUT 1 "rst_n";
    .port_info 2 /INPUT 1 "en_compute";
    .port_info 3 /INPUT 1 "load_weight";
    .port_info 4 /INPUT 8 "in_act";
    .port_info 5 /INPUT 8 "in_weight";
    .port_info 6 /INPUT 32 "in_psum";
    .port_info 7 /OUTPUT 8 "out_act";
    .port_info 8 /OUTPUT 32 "out_psum";
v0000014056d99d70_0 .net "clk", 0 0, v0000014056e82620_0;  alias, 1 drivers
v0000014056d99870_0 .net "en_compute", 0 0, L_0000014056eb1298;  alias, 1 drivers
v0000014056d98a10_0 .net "in_act", 7 0, L_0000014056b69f20;  alias, 1 drivers
v0000014056d97b10_0 .net "in_psum", 31 0, L_0000014056b69350;  alias, 1 drivers
v0000014056d97bb0_0 .net "in_weight", 7 0, L_0000014056f0dfe0;  alias, 1 drivers
v0000014056d995f0_0 .net "load_weight", 0 0, L_0000014056f0c780;  alias, 1 drivers
v0000014056d98330_0 .var "out_act", 7 0;
v0000014056d99eb0_0 .var "out_psum", 31 0;
v0000014056d99190_0 .var/s "reg_weight", 7 0;
v0000014056d99910_0 .net "rst_n", 0 0, L_0000014056b6afc0;  alias, 1 drivers
S_0000014056d93b20 .scope generate, "COL_LOOP[7]" "COL_LOOP[7]" 9 55, 9 55 0, S_0000014056d8fef0;
 .timescale -9 -12;
P_0000014056cf7a20 .param/l "c" 0 9 55, +C4<0111>;
v0000014056d979d0_0 .net "pe_in_act", 7 0, L_0000014056b69200;  1 drivers
v0000014056d99050_0 .net "pe_in_psum", 31 0, L_0000014056b69970;  1 drivers
v0000014056d990f0_0 .net "pe_in_weight", 7 0, L_0000014056f0caa0;  1 drivers
v0000014056d99af0_0 .net "pe_load_en", 0 0, L_0000014056f0d680;  1 drivers
S_0000014056d91280 .scope generate, "genblk1" "genblk1" 9 61, 9 61 0, S_0000014056d93b20;
 .timescale -9 -12;
L_0000014056b69200 .functor BUFZ 8, v0000014056d98330_0, C4<00000000>, C4<00000000>, C4<00000000>;
S_0000014056d929f0 .scope generate, "genblk2" "genblk2" 9 72, 9 72 0, S_0000014056d93b20;
 .timescale -9 -12;
L_0000014056b69970 .functor BUFZ 32, v0000014056b721b0_0, C4<00000000000000000000000000000000>, C4<00000000000000000000000000000000>, C4<00000000000000000000000000000000>;
S_0000014056d92d10 .scope module, "pe_inst" "pe" 9 91, 10 12 0, S_0000014056d93b20;
 .timescale 0 0;
    .port_info 0 /INPUT 1 "clk";
    .port_info 1 /INPUT 1 "rst_n";
    .port_info 2 /INPUT 1 "en_compute";
    .port_info 3 /INPUT 1 "load_weight";
    .port_info 4 /INPUT 8 "in_act";
    .port_info 5 /INPUT 8 "in_weight";
    .port_info 6 /INPUT 32 "in_psum";
    .port_info 7 /OUTPUT 8 "out_act";
    .port_info 8 /OUTPUT 32 "out_psum";
v0000014056d988d0_0 .net "clk", 0 0, v0000014056e82620_0;  alias, 1 drivers
v0000014056d99ff0_0 .net "en_compute", 0 0, L_0000014056eb1298;  alias, 1 drivers
v0000014056d980b0_0 .net "in_act", 7 0, L_0000014056b69200;  alias, 1 drivers
v0000014056d98830_0 .net "in_psum", 31 0, L_0000014056b69970;  alias, 1 drivers
v0000014056d97930_0 .net "in_weight", 7 0, L_0000014056f0caa0;  alias, 1 drivers
v0000014056d98790_0 .net "load_weight", 0 0, L_0000014056f0d680;  alias, 1 drivers
v0000014056d98150_0 .var "out_act", 7 0;
v0000014056d99a50_0 .var "out_psum", 31 0;
v0000014056d97e30_0 .var/s "reg_weight", 7 0;
v0000014056d994b0_0 .net "rst_n", 0 0, L_0000014056b6afc0;  alias, 1 drivers
S_0000014056d934e0 .scope generate, "COL_LOOP[8]" "COL_LOOP[8]" 9 55, 9 55 0, S_0000014056d8fef0;
 .timescale -9 -12;
P_0000014056cf77a0 .param/l "c" 0 9 55, +C4<01000>;
v0000014056d97c50_0 .net "pe_in_act", 7 0, L_0000014056b6a700;  1 drivers
v0000014056d97ed0_0 .net "pe_in_psum", 31 0, L_0000014056b69120;  1 drivers
v0000014056d9c070_0 .net "pe_in_weight", 7 0, L_0000014056f0de00;  1 drivers
v0000014056d9bd50_0 .net "pe_load_en", 0 0, L_0000014056f0df40;  1 drivers
S_0000014056d93670 .scope generate, "genblk1" "genblk1" 9 61, 9 61 0, S_0000014056d934e0;
 .timescale -9 -12;
L_0000014056b6a700 .functor BUFZ 8, v0000014056d98150_0, C4<00000000>, C4<00000000>, C4<00000000>;
S_0000014056d93cb0 .scope generate, "genblk2" "genblk2" 9 72, 9 72 0, S_0000014056d934e0;
 .timescale -9 -12;
L_0000014056b69120 .functor BUFZ 32, v00000140569e5320_0, C4<00000000000000000000000000000000>, C4<00000000000000000000000000000000>, C4<00000000000000000000000000000000>;
S_0000014056d94ac0 .scope module, "pe_inst" "pe" 9 91, 10 12 0, S_0000014056d934e0;
 .timescale 0 0;
    .port_info 0 /INPUT 1 "clk";
    .port_info 1 /INPUT 1 "rst_n";
    .port_info 2 /INPUT 1 "en_compute";
    .port_info 3 /INPUT 1 "load_weight";
    .port_info 4 /INPUT 8 "in_act";
    .port_info 5 /INPUT 8 "in_weight";
    .port_info 6 /INPUT 32 "in_psum";
    .port_info 7 /OUTPUT 8 "out_act";
    .port_info 8 /OUTPUT 32 "out_psum";
v0000014056d99730_0 .net "clk", 0 0, v0000014056e82620_0;  alias, 1 drivers
v0000014056d98b50_0 .net "en_compute", 0 0, L_0000014056eb1298;  alias, 1 drivers
v0000014056d98bf0_0 .net "in_act", 7 0, L_0000014056b6a700;  alias, 1 drivers
v0000014056d97a70_0 .net "in_psum", 31 0, L_0000014056b69120;  alias, 1 drivers
v0000014056d99b90_0 .net "in_weight", 7 0, L_0000014056f0de00;  alias, 1 drivers
v0000014056d98dd0_0 .net "load_weight", 0 0, L_0000014056f0df40;  alias, 1 drivers
v0000014056d99690_0 .var "out_act", 7 0;
v0000014056d98f10_0 .var "out_psum", 31 0;
v0000014056d99cd0_0 .var/s "reg_weight", 7 0;
v0000014056d99230_0 .net "rst_n", 0 0, L_0000014056b6afc0;  alias, 1 drivers
S_0000014056d93e40 .scope generate, "COL_LOOP[9]" "COL_LOOP[9]" 9 55, 9 55 0, S_0000014056d8fef0;
 .timescale -9 -12;
P_0000014056cf7620 .param/l "c" 0 9 55, +C4<01001>;
v0000014056d9b530_0 .net "pe_in_act", 7 0, L_0000014056b6a620;  1 drivers
v0000014056d9bb70_0 .net "pe_in_psum", 31 0, L_0000014056b6a2a0;  1 drivers
v0000014056d9a8b0_0 .net "pe_in_weight", 7 0, L_0000014056f0cbe0;  1 drivers
v0000014056d9abd0_0 .net "pe_load_en", 0 0, L_0000014056f0c0a0;  1 drivers
S_0000014056d94480 .scope generate, "genblk1" "genblk1" 9 61, 9 61 0, S_0000014056d93e40;
 .timescale -9 -12;
L_0000014056b6a620 .functor BUFZ 8, v0000014056d99690_0, C4<00000000>, C4<00000000>, C4<00000000>;
S_0000014056d94610 .scope generate, "genblk2" "genblk2" 9 72, 9 72 0, S_0000014056d93e40;
 .timescale -9 -12;
L_0000014056b6a2a0 .functor BUFZ 32, v00000140569e5820_0, C4<00000000000000000000000000000000>, C4<00000000000000000000000000000000>, C4<00000000000000000000000000000000>;
S_0000014056d92540 .scope module, "pe_inst" "pe" 9 91, 10 12 0, S_0000014056d93e40;
 .timescale 0 0;
    .port_info 0 /INPUT 1 "clk";
    .port_info 1 /INPUT 1 "rst_n";
    .port_info 2 /INPUT 1 "en_compute";
    .port_info 3 /INPUT 1 "load_weight";
    .port_info 4 /INPUT 8 "in_act";
    .port_info 5 /INPUT 8 "in_weight";
    .port_info 6 /INPUT 32 "in_psum";
    .port_info 7 /OUTPUT 8 "out_act";
    .port_info 8 /OUTPUT 32 "out_psum";
v0000014056d9a950_0 .net "clk", 0 0, v0000014056e82620_0;  alias, 1 drivers
v0000014056d9c750_0 .net "en_compute", 0 0, L_0000014056eb1298;  alias, 1 drivers
v0000014056d9a9f0_0 .net "in_act", 7 0, L_0000014056b6a620;  alias, 1 drivers
v0000014056d9bcb0_0 .net "in_psum", 31 0, L_0000014056b6a2a0;  alias, 1 drivers
v0000014056d9c430_0 .net "in_weight", 7 0, L_0000014056f0cbe0;  alias, 1 drivers
v0000014056d9af90_0 .net "load_weight", 0 0, L_0000014056f0c0a0;  alias, 1 drivers
v0000014056d9b5d0_0 .var "out_act", 7 0;
v0000014056d9c6b0_0 .var "out_psum", 31 0;
v0000014056d9ac70_0 .var/s "reg_weight", 7 0;
v0000014056d9a770_0 .net "rst_n", 0 0, L_0000014056b6afc0;  alias, 1 drivers
S_0000014056d947a0 .scope generate, "COL_LOOP[10]" "COL_LOOP[10]" 9 55, 9 55 0, S_0000014056d8fef0;
 .timescale -9 -12;
P_0000014056cf6e20 .param/l "c" 0 9 55, +C4<01010>;
v0000014056d9b210_0 .net "pe_in_act", 7 0, L_0000014056b69dd0;  1 drivers
v0000014056d9ae50_0 .net "pe_in_psum", 31 0, L_0000014056b695f0;  1 drivers
v0000014056d9c7f0_0 .net "pe_in_weight", 7 0, L_0000014056f0d0e0;  1 drivers
v0000014056d9b850_0 .net "pe_load_en", 0 0, L_0000014056f0c3c0;  1 drivers
S_0000014056d94930 .scope generate, "genblk1" "genblk1" 9 61, 9 61 0, S_0000014056d947a0;
 .timescale -9 -12;
L_0000014056b69dd0 .functor BUFZ 8, v0000014056d9b5d0_0, C4<00000000>, C4<00000000>, C4<00000000>;
S_0000014056d94de0 .scope generate, "genblk2" "genblk2" 9 72, 9 72 0, S_0000014056d947a0;
 .timescale -9 -12;
L_0000014056b695f0 .functor BUFZ 32, v00000140569d86d0_0, C4<00000000000000000000000000000000>, C4<00000000000000000000000000000000>, C4<00000000000000000000000000000000>;
S_0000014056d910f0 .scope module, "pe_inst" "pe" 9 91, 10 12 0, S_0000014056d947a0;
 .timescale 0 0;
    .port_info 0 /INPUT 1 "clk";
    .port_info 1 /INPUT 1 "rst_n";
    .port_info 2 /INPUT 1 "en_compute";
    .port_info 3 /INPUT 1 "load_weight";
    .port_info 4 /INPUT 8 "in_act";
    .port_info 5 /INPUT 8 "in_weight";
    .port_info 6 /INPUT 32 "in_psum";
    .port_info 7 /OUTPUT 8 "out_act";
    .port_info 8 /OUTPUT 32 "out_psum";
v0000014056d9ab30_0 .net "clk", 0 0, v0000014056e82620_0;  alias, 1 drivers
v0000014056d9b490_0 .net "en_compute", 0 0, L_0000014056eb1298;  alias, 1 drivers
v0000014056d9b710_0 .net "in_act", 7 0, L_0000014056b69dd0;  alias, 1 drivers
v0000014056d9c890_0 .net "in_psum", 31 0, L_0000014056b695f0;  alias, 1 drivers
v0000014056d9ad10_0 .net "in_weight", 7 0, L_0000014056f0d0e0;  alias, 1 drivers
v0000014056d9b670_0 .net "load_weight", 0 0, L_0000014056f0c3c0;  alias, 1 drivers
v0000014056d9c250_0 .var "out_act", 7 0;
v0000014056d9a810_0 .var "out_psum", 31 0;
v0000014056d9adb0_0 .var/s "reg_weight", 7 0;
v0000014056d9c570_0 .net "rst_n", 0 0, L_0000014056b6afc0;  alias, 1 drivers
S_0000014056d918c0 .scope generate, "COL_LOOP[11]" "COL_LOOP[11]" 9 55, 9 55 0, S_0000014056d8fef0;
 .timescale -9 -12;
P_0000014056cf6ca0 .param/l "c" 0 9 55, +C4<01011>;
v0000014056d9bf30_0 .net "pe_in_act", 7 0, L_0000014056b69740;  1 drivers
v0000014056d9a4f0_0 .net "pe_in_psum", 31 0, L_0000014056b697b0;  1 drivers
v0000014056d9a1d0_0 .net "pe_in_weight", 7 0, L_0000014056f0d400;  1 drivers
v0000014056d9c2f0_0 .net "pe_load_en", 0 0, L_0000014056f0cd20;  1 drivers
S_0000014056d91410 .scope generate, "genblk1" "genblk1" 9 61, 9 61 0, S_0000014056d918c0;
 .timescale -9 -12;
L_0000014056b69740 .functor BUFZ 8, v0000014056d9c250_0, C4<00000000>, C4<00000000>, C4<00000000>;
S_0000014056d91be0 .scope generate, "genblk2" "genblk2" 9 72, 9 72 0, S_0000014056d918c0;
 .timescale -9 -12;
L_0000014056b697b0 .functor BUFZ 32, v00000140569d8f90_0, C4<00000000000000000000000000000000>, C4<00000000000000000000000000000000>, C4<00000000000000000000000000000000>;
S_0000014056d91d70 .scope module, "pe_inst" "pe" 9 91, 10 12 0, S_0000014056d918c0;
 .timescale 0 0;
    .port_info 0 /INPUT 1 "clk";
    .port_info 1 /INPUT 1 "rst_n";
    .port_info 2 /INPUT 1 "en_compute";
    .port_info 3 /INPUT 1 "load_weight";
    .port_info 4 /INPUT 8 "in_act";
    .port_info 5 /INPUT 8 "in_weight";
    .port_info 6 /INPUT 32 "in_psum";
    .port_info 7 /OUTPUT 8 "out_act";
    .port_info 8 /OUTPUT 32 "out_psum";
v0000014056d9bdf0_0 .net "clk", 0 0, v0000014056e82620_0;  alias, 1 drivers
v0000014056d9b7b0_0 .net "en_compute", 0 0, L_0000014056eb1298;  alias, 1 drivers
v0000014056d9be90_0 .net "in_act", 7 0, L_0000014056b69740;  alias, 1 drivers
v0000014056d9b0d0_0 .net "in_psum", 31 0, L_0000014056b697b0;  alias, 1 drivers
v0000014056d9bad0_0 .net "in_weight", 7 0, L_0000014056f0d400;  alias, 1 drivers
v0000014056d9b170_0 .net "load_weight", 0 0, L_0000014056f0cd20;  alias, 1 drivers
v0000014056d9b2b0_0 .var "out_act", 7 0;
v0000014056d9a130_0 .var "out_psum", 31 0;
v0000014056d9aef0_0 .var/s "reg_weight", 7 0;
v0000014056d9c110_0 .net "rst_n", 0 0, L_0000014056b6afc0;  alias, 1 drivers
S_0000014056d92220 .scope generate, "COL_LOOP[12]" "COL_LOOP[12]" 9 55, 9 55 0, S_0000014056d8fef0;
 .timescale -9 -12;
P_0000014056cf6ce0 .param/l "c" 0 9 55, +C4<01100>;
v0000014056d9a310_0 .net "pe_in_act", 7 0, L_0000014056b693c0;  1 drivers
v0000014056d9ba30_0 .net "pe_in_psum", 31 0, L_0000014056b69820;  1 drivers
v0000014056d9a450_0 .net "pe_in_weight", 7 0, L_0000014056f0ce60;  1 drivers
v0000014056d9a630_0 .net "pe_load_en", 0 0, L_0000014056f0c320;  1 drivers
S_0000014056da55c0 .scope generate, "genblk1" "genblk1" 9 61, 9 61 0, S_0000014056d92220;
 .timescale -9 -12;
L_0000014056b693c0 .functor BUFZ 8, v0000014056d9b2b0_0, C4<00000000>, C4<00000000>, C4<00000000>;
S_0000014056da5c00 .scope generate, "genblk2" "genblk2" 9 72, 9 72 0, S_0000014056d92220;
 .timescale -9 -12;
L_0000014056b69820 .functor BUFZ 32, v00000140569f3c00_0, C4<00000000000000000000000000000000>, C4<00000000000000000000000000000000>, C4<00000000000000000000000000000000>;
S_0000014056da7b40 .scope module, "pe_inst" "pe" 9 91, 10 12 0, S_0000014056d92220;
 .timescale 0 0;
    .port_info 0 /INPUT 1 "clk";
    .port_info 1 /INPUT 1 "rst_n";
    .port_info 2 /INPUT 1 "en_compute";
    .port_info 3 /INPUT 1 "load_weight";
    .port_info 4 /INPUT 8 "in_act";
    .port_info 5 /INPUT 8 "in_weight";
    .port_info 6 /INPUT 32 "in_psum";
    .port_info 7 /OUTPUT 8 "out_act";
    .port_info 8 /OUTPUT 32 "out_psum";
v0000014056d9a270_0 .net "clk", 0 0, v0000014056e82620_0;  alias, 1 drivers
v0000014056d9b030_0 .net "en_compute", 0 0, L_0000014056eb1298;  alias, 1 drivers
v0000014056d9b8f0_0 .net "in_act", 7 0, L_0000014056b693c0;  alias, 1 drivers
v0000014056d9b350_0 .net "in_psum", 31 0, L_0000014056b69820;  alias, 1 drivers
v0000014056d9c610_0 .net "in_weight", 7 0, L_0000014056f0ce60;  alias, 1 drivers
v0000014056d9c390_0 .net "load_weight", 0 0, L_0000014056f0c320;  alias, 1 drivers
v0000014056d9c4d0_0 .var "out_act", 7 0;
v0000014056d9a3b0_0 .var "out_psum", 31 0;
v0000014056d9b3f0_0 .var/s "reg_weight", 7 0;
v0000014056d9b990_0 .net "rst_n", 0 0, L_0000014056b6afc0;  alias, 1 drivers
S_0000014056da6a10 .scope generate, "COL_LOOP[13]" "COL_LOOP[13]" 9 55, 9 55 0, S_0000014056d8fef0;
 .timescale -9 -12;
P_0000014056cf7660 .param/l "c" 0 9 55, +C4<01101>;
v0000014056d9dbf0_0 .net "pe_in_act", 7 0, L_0000014056b69c10;  1 drivers
v0000014056d9ec30_0 .net "pe_in_psum", 31 0, L_0000014056b69c80;  1 drivers
v0000014056d9ecd0_0 .net "pe_in_weight", 7 0, L_0000014056f0c460;  1 drivers
v0000014056d9e5f0_0 .net "pe_load_en", 0 0, L_0000014056f0d9a0;  1 drivers
S_0000014056da6ec0 .scope generate, "genblk1" "genblk1" 9 61, 9 61 0, S_0000014056da6a10;
 .timescale -9 -12;
L_0000014056b69c10 .functor BUFZ 8, v0000014056d9c4d0_0, C4<00000000>, C4<00000000>, C4<00000000>;
S_0000014056da60b0 .scope generate, "genblk2" "genblk2" 9 72, 9 72 0, S_0000014056da6a10;
 .timescale -9 -12;
L_0000014056b69c80 .functor BUFZ 32, v00000140569f3de0_0, C4<00000000000000000000000000000000>, C4<00000000000000000000000000000000>, C4<00000000000000000000000000000000>;
S_0000014056da8e00 .scope module, "pe_inst" "pe" 9 91, 10 12 0, S_0000014056da6a10;
 .timescale 0 0;
    .port_info 0 /INPUT 1 "clk";
    .port_info 1 /INPUT 1 "rst_n";
    .port_info 2 /INPUT 1 "en_compute";
    .port_info 3 /INPUT 1 "load_weight";
    .port_info 4 /INPUT 8 "in_act";
    .port_info 5 /INPUT 8 "in_weight";
    .port_info 6 /INPUT 32 "in_psum";
    .port_info 7 /OUTPUT 8 "out_act";
    .port_info 8 /OUTPUT 32 "out_psum";
v0000014056d9a6d0_0 .net "clk", 0 0, v0000014056e82620_0;  alias, 1 drivers
v0000014056d9dc90_0 .net "en_compute", 0 0, L_0000014056eb1298;  alias, 1 drivers
v0000014056d9ea50_0 .net "in_act", 7 0, L_0000014056b69c10;  alias, 1 drivers
v0000014056d9d0b0_0 .net "in_psum", 31 0, L_0000014056b69c80;  alias, 1 drivers
v0000014056d9d970_0 .net "in_weight", 7 0, L_0000014056f0c460;  alias, 1 drivers
v0000014056d9eaf0_0 .net "load_weight", 0 0, L_0000014056f0d9a0;  alias, 1 drivers
v0000014056d9ddd0_0 .var "out_act", 7 0;
v0000014056d9da10_0 .var "out_psum", 31 0;
v0000014056d9d510_0 .var/s "reg_weight", 7 0;
v0000014056d9db50_0 .net "rst_n", 0 0, L_0000014056b6afc0;  alias, 1 drivers
S_0000014056da8180 .scope generate, "COL_LOOP[14]" "COL_LOOP[14]" 9 55, 9 55 0, S_0000014056d8fef0;
 .timescale -9 -12;
P_0000014056cf6d60 .param/l "c" 0 9 55, +C4<01110>;
v0000014056d9e690_0 .net "pe_in_act", 7 0, L_0000014056b6a460;  1 drivers
v0000014056d9d010_0 .net "pe_in_psum", 31 0, L_0000014056b6aa80;  1 drivers
v0000014056d9d150_0 .net "pe_in_weight", 7 0, L_0000014056f0bba0;  1 drivers
v0000014056d9dab0_0 .net "pe_load_en", 0 0, L_0000014056f0cc80;  1 drivers
S_0000014056da7cd0 .scope generate, "genblk1" "genblk1" 9 61, 9 61 0, S_0000014056da8180;
 .timescale -9 -12;
L_0000014056b6a460 .functor BUFZ 8, v0000014056d9ddd0_0, C4<00000000>, C4<00000000>, C4<00000000>;
S_0000014056da6ba0 .scope generate, "genblk2" "genblk2" 9 72, 9 72 0, S_0000014056da8180;
 .timescale -9 -12;
L_0000014056b6aa80 .functor BUFZ 32, v0000014056a3e670_0, C4<00000000000000000000000000000000>, C4<00000000000000000000000000000000>, C4<00000000000000000000000000000000>;
S_0000014056da7050 .scope module, "pe_inst" "pe" 9 91, 10 12 0, S_0000014056da8180;
 .timescale 0 0;
    .port_info 0 /INPUT 1 "clk";
    .port_info 1 /INPUT 1 "rst_n";
    .port_info 2 /INPUT 1 "en_compute";
    .port_info 3 /INPUT 1 "load_weight";
    .port_info 4 /INPUT 8 "in_act";
    .port_info 5 /INPUT 8 "in_weight";
    .port_info 6 /INPUT 32 "in_psum";
    .port_info 7 /OUTPUT 8 "out_act";
    .port_info 8 /OUTPUT 32 "out_psum";
v0000014056d9f090_0 .net "clk", 0 0, v0000014056e82620_0;  alias, 1 drivers
v0000014056d9ed70_0 .net "en_compute", 0 0, L_0000014056eb1298;  alias, 1 drivers
v0000014056d9dfb0_0 .net "in_act", 7 0, L_0000014056b6a460;  alias, 1 drivers
v0000014056d9e0f0_0 .net "in_psum", 31 0, L_0000014056b6aa80;  alias, 1 drivers
v0000014056d9ced0_0 .net "in_weight", 7 0, L_0000014056f0bba0;  alias, 1 drivers
v0000014056d9dd30_0 .net "load_weight", 0 0, L_0000014056f0cc80;  alias, 1 drivers
v0000014056d9e550_0 .var "out_act", 7 0;
v0000014056d9d8d0_0 .var "out_psum", 31 0;
v0000014056d9ef50_0 .var/s "reg_weight", 7 0;
v0000014056d9d1f0_0 .net "rst_n", 0 0, L_0000014056b6afc0;  alias, 1 drivers
S_0000014056da71e0 .scope generate, "COL_LOOP[15]" "COL_LOOP[15]" 9 55, 9 55 0, S_0000014056d8fef0;
 .timescale -9 -12;
P_0000014056cf6da0 .param/l "c" 0 9 55, +C4<01111>;
v0000014056d9e370_0 .net "pe_in_act", 7 0, L_0000014056b6aa10;  1 drivers
v0000014056d9eff0_0 .net "pe_in_psum", 31 0, L_0000014056b69cf0;  1 drivers
v0000014056d9e230_0 .net "pe_in_weight", 7 0, L_0000014056f0c1e0;  1 drivers
v0000014056d9e2d0_0 .net "pe_load_en", 0 0, L_0000014056f0d7c0;  1 drivers
S_0000014056da79b0 .scope generate, "genblk1" "genblk1" 9 61, 9 61 0, S_0000014056da71e0;
 .timescale -9 -12;
L_0000014056b6aa10 .functor BUFZ 8, v0000014056d9e550_0, C4<00000000>, C4<00000000>, C4<00000000>;
S_0000014056da7370 .scope generate, "genblk2" "genblk2" 9 72, 9 72 0, S_0000014056da71e0;
 .timescale -9 -12;
L_0000014056b69cf0 .functor BUFZ 32, v0000014056a8b890_0, C4<00000000000000000000000000000000>, C4<00000000000000000000000000000000>, C4<00000000000000000000000000000000>;
S_0000014056da8c70 .scope module, "pe_inst" "pe" 9 91, 10 12 0, S_0000014056da71e0;
 .timescale 0 0;
    .port_info 0 /INPUT 1 "clk";
    .port_info 1 /INPUT 1 "rst_n";
    .port_info 2 /INPUT 1 "en_compute";
    .port_info 3 /INPUT 1 "load_weight";
    .port_info 4 /INPUT 8 "in_act";
    .port_info 5 /INPUT 8 "in_weight";
    .port_info 6 /INPUT 32 "in_psum";
    .port_info 7 /OUTPUT 8 "out_act";
    .port_info 8 /OUTPUT 32 "out_psum";
v0000014056d9e7d0_0 .net "clk", 0 0, v0000014056e82620_0;  alias, 1 drivers
v0000014056d9de70_0 .net "en_compute", 0 0, L_0000014056eb1298;  alias, 1 drivers
v0000014056d9e9b0_0 .net "in_act", 7 0, L_0000014056b6aa10;  alias, 1 drivers
v0000014056d9d330_0 .net "in_psum", 31 0, L_0000014056b69cf0;  alias, 1 drivers
v0000014056d9df10_0 .net "in_weight", 7 0, L_0000014056f0c1e0;  alias, 1 drivers
v0000014056d9cbb0_0 .net "load_weight", 0 0, L_0000014056f0d7c0;  alias, 1 drivers
v0000014056d9d830_0 .var "out_act", 7 0;
v0000014056d9e050_0 .var "out_psum", 31 0;
v0000014056d9d290_0 .var/s "reg_weight", 7 0;
v0000014056d9e190_0 .net "rst_n", 0 0, L_0000014056b6afc0;  alias, 1 drivers
S_0000014056da5750 .scope generate, "ROW_LOOP[2]" "ROW_LOOP[2]" 9 54, 9 54 0, S_0000014056d859f0;
 .timescale -9 -12;
P_0000014056cf76a0 .param/l "r" 0 9 54, +C4<010>;
S_0000014056da8310 .scope generate, "COL_LOOP[0]" "COL_LOOP[0]" 9 55, 9 55 0, S_0000014056da5750;
 .timescale -9 -12;
P_0000014056cf76e0 .param/l "c" 0 9 55, +C4<00>;
v0000014056d9cb10_0 .net "pe_in_act", 7 0, L_0000014056f0c500;  1 drivers
v0000014056d9e910_0 .net "pe_in_psum", 31 0, L_0000014056b6a380;  1 drivers
v0000014056d9cc50_0 .net "pe_in_weight", 7 0, L_0000014056f0cdc0;  1 drivers
v0000014056d9ccf0_0 .net "pe_load_en", 0 0, L_0000014056f0bd80;  1 drivers
S_0000014056da8ae0 .scope generate, "genblk1" "genblk1" 9 61, 9 61 0, S_0000014056da8310;
 .timescale -9 -12;
S_0000014056da7e60 .scope generate, "genblk2" "genblk2" 9 72, 9 72 0, S_0000014056da8310;
 .timescale -9 -12;
L_0000014056b6a380 .functor BUFZ 32, v0000014056a8cf10_0, C4<00000000000000000000000000000000>, C4<00000000000000000000000000000000>, C4<00000000000000000000000000000000>;
S_0000014056da52a0 .scope module, "pe_inst" "pe" 9 91, 10 12 0, S_0000014056da8310;
 .timescale 0 0;
    .port_info 0 /INPUT 1 "clk";
    .port_info 1 /INPUT 1 "rst_n";
    .port_info 2 /INPUT 1 "en_compute";
    .port_info 3 /INPUT 1 "load_weight";
    .port_info 4 /INPUT 8 "in_act";
    .port_info 5 /INPUT 8 "in_weight";
    .port_info 6 /INPUT 32 "in_psum";
    .port_info 7 /OUTPUT 8 "out_act";
    .port_info 8 /OUTPUT 32 "out_psum";
v0000014056d9c930_0 .net "clk", 0 0, v0000014056e82620_0;  alias, 1 drivers
v0000014056d9ee10_0 .net "en_compute", 0 0, L_0000014056eb1298;  alias, 1 drivers
v0000014056d9eb90_0 .net "in_act", 7 0, L_0000014056f0c500;  alias, 1 drivers
v0000014056d9e4b0_0 .net "in_psum", 31 0, L_0000014056b6a380;  alias, 1 drivers
v0000014056d9eeb0_0 .net "in_weight", 7 0, L_0000014056f0cdc0;  alias, 1 drivers
v0000014056d9c9d0_0 .net "load_weight", 0 0, L_0000014056f0bd80;  alias, 1 drivers
v0000014056d9d3d0_0 .var "out_act", 7 0;
v0000014056d9e730_0 .var "out_psum", 31 0;
v0000014056d9ca70_0 .var/s "reg_weight", 7 0;
v0000014056d9d790_0 .net "rst_n", 0 0, L_0000014056b6afc0;  alias, 1 drivers
S_0000014056da6880 .scope generate, "COL_LOOP[1]" "COL_LOOP[1]" 9 55, 9 55 0, S_0000014056da5750;
 .timescale -9 -12;
P_0000014056cf7720 .param/l "c" 0 9 55, +C4<01>;
v0000014056da1570_0 .net "pe_in_act", 7 0, L_0000014056b699e0;  1 drivers
v0000014056da0170_0 .net "pe_in_psum", 31 0, L_0000014056b6a850;  1 drivers
v0000014056d9f310_0 .net "pe_in_weight", 7 0, L_0000014056f0cf00;  1 drivers
v0000014056da1750_0 .net "pe_load_en", 0 0, L_0000014056f0bec0;  1 drivers
S_0000014056da66f0 .scope generate, "genblk1" "genblk1" 9 61, 9 61 0, S_0000014056da6880;
 .timescale -9 -12;
L_0000014056b699e0 .functor BUFZ 8, v0000014056d9d3d0_0, C4<00000000>, C4<00000000>, C4<00000000>;
S_0000014056da84a0 .scope generate, "genblk2" "genblk2" 9 72, 9 72 0, S_0000014056da6880;
 .timescale -9 -12;
L_0000014056b6a850 .functor BUFZ 32, v0000014056a43b50_0, C4<00000000000000000000000000000000>, C4<00000000000000000000000000000000>, C4<00000000000000000000000000000000>;
S_0000014056da6240 .scope module, "pe_inst" "pe" 9 91, 10 12 0, S_0000014056da6880;
 .timescale 0 0;
    .port_info 0 /INPUT 1 "clk";
    .port_info 1 /INPUT 1 "rst_n";
    .port_info 2 /INPUT 1 "en_compute";
    .port_info 3 /INPUT 1 "load_weight";
    .port_info 4 /INPUT 8 "in_act";
    .port_info 5 /INPUT 8 "in_weight";
    .port_info 6 /INPUT 32 "in_psum";
    .port_info 7 /OUTPUT 8 "out_act";
    .port_info 8 /OUTPUT 32 "out_psum";
v0000014056d9ce30_0 .net "clk", 0 0, v0000014056e82620_0;  alias, 1 drivers
v0000014056d9d470_0 .net "en_compute", 0 0, L_0000014056eb1298;  alias, 1 drivers
v0000014056d9d5b0_0 .net "in_act", 7 0, L_0000014056b699e0;  alias, 1 drivers
v0000014056d9d650_0 .net "in_psum", 31 0, L_0000014056b6a850;  alias, 1 drivers
v0000014056d9d6f0_0 .net "in_weight", 7 0, L_0000014056f0cf00;  alias, 1 drivers
v0000014056da0710_0 .net "load_weight", 0 0, L_0000014056f0bec0;  alias, 1 drivers
v0000014056d9f4f0_0 .var "out_act", 7 0;
v0000014056da03f0_0 .var "out_psum", 31 0;
v0000014056d9fb30_0 .var/s "reg_weight", 7 0;
v0000014056d9f770_0 .net "rst_n", 0 0, L_0000014056b6afc0;  alias, 1 drivers
S_0000014056da7690 .scope generate, "COL_LOOP[2]" "COL_LOOP[2]" 9 55, 9 55 0, S_0000014056da5750;
 .timescale -9 -12;
P_0000014056cf77e0 .param/l "c" 0 9 55, +C4<010>;
v0000014056d9f8b0_0 .net "pe_in_act", 7 0, L_0000014056b69580;  1 drivers
v0000014056da1610_0 .net "pe_in_psum", 31 0, L_0000014056b69660;  1 drivers
v0000014056da02b0_0 .net "pe_in_weight", 7 0, L_0000014056f0d720;  1 drivers
v0000014056d9fa90_0 .net "pe_load_en", 0 0, L_0000014056f0dea0;  1 drivers
S_0000014056da7ff0 .scope generate, "genblk1" "genblk1" 9 61, 9 61 0, S_0000014056da7690;
 .timescale -9 -12;
L_0000014056b69580 .functor BUFZ 8, v0000014056d9f4f0_0, C4<00000000>, C4<00000000>, C4<00000000>;
S_0000014056da6d30 .scope generate, "genblk2" "genblk2" 9 72, 9 72 0, S_0000014056da7690;
 .timescale -9 -12;
L_0000014056b69660 .functor BUFZ 32, v0000014056a9e530_0, C4<00000000000000000000000000000000>, C4<00000000000000000000000000000000>, C4<00000000000000000000000000000000>;
S_0000014056da7500 .scope module, "pe_inst" "pe" 9 91, 10 12 0, S_0000014056da7690;
 .timescale 0 0;
    .port_info 0 /INPUT 1 "clk";
    .port_info 1 /INPUT 1 "rst_n";
    .port_info 2 /INPUT 1 "en_compute";
    .port_info 3 /INPUT 1 "load_weight";
    .port_info 4 /INPUT 8 "in_act";
    .port_info 5 /INPUT 8 "in_weight";
    .port_info 6 /INPUT 32 "in_psum";
    .port_info 7 /OUTPUT 8 "out_act";
    .port_info 8 /OUTPUT 32 "out_psum";
v0000014056d9f810_0 .net "clk", 0 0, v0000014056e82620_0;  alias, 1 drivers
v0000014056d9f950_0 .net "en_compute", 0 0, L_0000014056eb1298;  alias, 1 drivers
v0000014056d9f630_0 .net "in_act", 7 0, L_0000014056b69580;  alias, 1 drivers
v0000014056da0490_0 .net "in_psum", 31 0, L_0000014056b69660;  alias, 1 drivers
v0000014056d9f6d0_0 .net "in_weight", 7 0, L_0000014056f0d720;  alias, 1 drivers
v0000014056da0b70_0 .net "load_weight", 0 0, L_0000014056f0dea0;  alias, 1 drivers
v0000014056d9f270_0 .var "out_act", 7 0;
v0000014056da1110_0 .var "out_psum", 31 0;
v0000014056d9f9f0_0 .var/s "reg_weight", 7 0;
v0000014056da0210_0 .net "rst_n", 0 0, L_0000014056b6afc0;  alias, 1 drivers
S_0000014056da5d90 .scope generate, "COL_LOOP[3]" "COL_LOOP[3]" 9 55, 9 55 0, S_0000014056da5750;
 .timescale -9 -12;
P_0000014056cf6de0 .param/l "c" 0 9 55, +C4<011>;
v0000014056da14d0_0 .net "pe_in_act", 7 0, L_0000014056b69a50;  1 drivers
v0000014056d9fef0_0 .net "pe_in_psum", 31 0, L_0000014056b6a000;  1 drivers
v0000014056da12f0_0 .net "pe_in_weight", 7 0, L_0000014056f0bf60;  1 drivers
v0000014056da17f0_0 .net "pe_load_en", 0 0, L_0000014056f0d4a0;  1 drivers
S_0000014056da8630 .scope generate, "genblk1" "genblk1" 9 61, 9 61 0, S_0000014056da5d90;
 .timescale -9 -12;
L_0000014056b69a50 .functor BUFZ 8, v0000014056d9f270_0, C4<00000000>, C4<00000000>, C4<00000000>;
S_0000014056da7820 .scope generate, "genblk2" "genblk2" 9 72, 9 72 0, S_0000014056da5d90;
 .timescale -9 -12;
L_0000014056b6a000 .functor BUFZ 32, v0000014056a3c480_0, C4<00000000000000000000000000000000>, C4<00000000000000000000000000000000>, C4<00000000000000000000000000000000>;
S_0000014056da87c0 .scope module, "pe_inst" "pe" 9 91, 10 12 0, S_0000014056da5d90;
 .timescale 0 0;
    .port_info 0 /INPUT 1 "clk";
    .port_info 1 /INPUT 1 "rst_n";
    .port_info 2 /INPUT 1 "en_compute";
    .port_info 3 /INPUT 1 "load_weight";
    .port_info 4 /INPUT 8 "in_act";
    .port_info 5 /INPUT 8 "in_weight";
    .port_info 6 /INPUT 32 "in_psum";
    .port_info 7 /OUTPUT 8 "out_act";
    .port_info 8 /OUTPUT 32 "out_psum";
v0000014056da0ad0_0 .net "clk", 0 0, v0000014056e82620_0;  alias, 1 drivers
v0000014056da0350_0 .net "en_compute", 0 0, L_0000014056eb1298;  alias, 1 drivers
v0000014056da0530_0 .net "in_act", 7 0, L_0000014056b69a50;  alias, 1 drivers
v0000014056d9fbd0_0 .net "in_psum", 31 0, L_0000014056b6a000;  alias, 1 drivers
v0000014056da1430_0 .net "in_weight", 7 0, L_0000014056f0bf60;  alias, 1 drivers
v0000014056da16b0_0 .net "load_weight", 0 0, L_0000014056f0d4a0;  alias, 1 drivers
v0000014056d9f130_0 .var "out_act", 7 0;
v0000014056da07b0_0 .var "out_psum", 31 0;
v0000014056da1070_0 .var/s "reg_weight", 7 0;
v0000014056da0d50_0 .net "rst_n", 0 0, L_0000014056b6afc0;  alias, 1 drivers
S_0000014056da5f20 .scope generate, "COL_LOOP[4]" "COL_LOOP[4]" 9 55, 9 55 0, S_0000014056da5750;
 .timescale -9 -12;
P_0000014056cf6e60 .param/l "c" 0 9 55, +C4<0100>;
v0000014056d9f450_0 .net "pe_in_act", 7 0, L_0000014056b69d60;  1 drivers
v0000014056d9ff90_0 .net "pe_in_psum", 31 0, L_0000014056b6a4d0;  1 drivers
v0000014056da0030_0 .net "pe_in_weight", 7 0, L_0000014056f0c5a0;  1 drivers
v0000014056da08f0_0 .net "pe_load_en", 0 0, L_0000014056f0d860;  1 drivers
S_0000014056da5110 .scope generate, "genblk1" "genblk1" 9 61, 9 61 0, S_0000014056da5f20;
 .timescale -9 -12;
L_0000014056b69d60 .functor BUFZ 8, v0000014056d9f130_0, C4<00000000>, C4<00000000>, C4<00000000>;
S_0000014056da8950 .scope generate, "genblk2" "genblk2" 9 72, 9 72 0, S_0000014056da5f20;
 .timescale -9 -12;
L_0000014056b6a4d0 .functor BUFZ 32, v00000140569c7480_0, C4<00000000000000000000000000000000>, C4<00000000000000000000000000000000>, C4<00000000000000000000000000000000>;
S_0000014056da5430 .scope module, "pe_inst" "pe" 9 91, 10 12 0, S_0000014056da5f20;
 .timescale 0 0;
    .port_info 0 /INPUT 1 "clk";
    .port_info 1 /INPUT 1 "rst_n";
    .port_info 2 /INPUT 1 "en_compute";
    .port_info 3 /INPUT 1 "load_weight";
    .port_info 4 /INPUT 8 "in_act";
    .port_info 5 /INPUT 8 "in_weight";
    .port_info 6 /INPUT 32 "in_psum";
    .port_info 7 /OUTPUT 8 "out_act";
    .port_info 8 /OUTPUT 32 "out_psum";
v0000014056da1890_0 .net "clk", 0 0, v0000014056e82620_0;  alias, 1 drivers
v0000014056d9f1d0_0 .net "en_compute", 0 0, L_0000014056eb1298;  alias, 1 drivers
v0000014056da0c10_0 .net "in_act", 7 0, L_0000014056b69d60;  alias, 1 drivers
v0000014056da0cb0_0 .net "in_psum", 31 0, L_0000014056b6a4d0;  alias, 1 drivers
v0000014056d9f3b0_0 .net "in_weight", 7 0, L_0000014056f0c5a0;  alias, 1 drivers
v0000014056d9fd10_0 .net "load_weight", 0 0, L_0000014056f0d860;  alias, 1 drivers
v0000014056d9fdb0_0 .var "out_act", 7 0;
v0000014056da0850_0 .var "out_psum", 31 0;
v0000014056da0df0_0 .var/s "reg_weight", 7 0;
v0000014056da1390_0 .net "rst_n", 0 0, L_0000014056b6afc0;  alias, 1 drivers
S_0000014056da63d0 .scope generate, "COL_LOOP[5]" "COL_LOOP[5]" 9 55, 9 55 0, S_0000014056da5750;
 .timescale -9 -12;
P_0000014056cf7760 .param/l "c" 0 9 55, +C4<0101>;
v0000014056da26f0_0 .net "pe_in_act", 7 0, L_0000014056b6ab60;  1 drivers
v0000014056da3af0_0 .net "pe_in_psum", 31 0, L_0000014056b6a310;  1 drivers
v0000014056da3c30_0 .net "pe_in_weight", 7 0, L_0000014056f0d540;  1 drivers
v0000014056da2e70_0 .net "pe_load_en", 0 0, L_0000014056f0c280;  1 drivers
S_0000014056da58e0 .scope generate, "genblk1" "genblk1" 9 61, 9 61 0, S_0000014056da63d0;
 .timescale -9 -12;
L_0000014056b6ab60 .functor BUFZ 8, v0000014056d9fdb0_0, C4<00000000>, C4<00000000>, C4<00000000>;
S_0000014056da6560 .scope generate, "genblk2" "genblk2" 9 72, 9 72 0, S_0000014056da63d0;
 .timescale -9 -12;
L_0000014056b6a310 .functor BUFZ 32, v0000014056d992d0_0, C4<00000000000000000000000000000000>, C4<00000000000000000000000000000000>, C4<00000000000000000000000000000000>;
S_0000014056da5a70 .scope module, "pe_inst" "pe" 9 91, 10 12 0, S_0000014056da63d0;
 .timescale 0 0;
    .port_info 0 /INPUT 1 "clk";
    .port_info 1 /INPUT 1 "rst_n";
    .port_info 2 /INPUT 1 "en_compute";
    .port_info 3 /INPUT 1 "load_weight";
    .port_info 4 /INPUT 8 "in_act";
    .port_info 5 /INPUT 8 "in_weight";
    .port_info 6 /INPUT 32 "in_psum";
    .port_info 7 /OUTPUT 8 "out_act";
    .port_info 8 /OUTPUT 32 "out_psum";
v0000014056da05d0_0 .net "clk", 0 0, v0000014056e82620_0;  alias, 1 drivers
v0000014056da0670_0 .net "en_compute", 0 0, L_0000014056eb1298;  alias, 1 drivers
v0000014056da1250_0 .net "in_act", 7 0, L_0000014056b6ab60;  alias, 1 drivers
v0000014056da0990_0 .net "in_psum", 31 0, L_0000014056b6a310;  alias, 1 drivers
v0000014056da0a30_0 .net "in_weight", 7 0, L_0000014056f0d540;  alias, 1 drivers
v0000014056da0e90_0 .net "load_weight", 0 0, L_0000014056f0c280;  alias, 1 drivers
v0000014056da0f30_0 .var "out_act", 7 0;
v0000014056da0fd0_0 .var "out_psum", 31 0;
v0000014056da11b0_0 .var/s "reg_weight", 7 0;
v0000014056da1cf0_0 .net "rst_n", 0 0, L_0000014056b6afc0;  alias, 1 drivers
S_0000014056dab380 .scope generate, "COL_LOOP[6]" "COL_LOOP[6]" 9 55, 9 55 0, S_0000014056da5750;
 .timescale -9 -12;
P_0000014056cf6ea0 .param/l "c" 0 9 55, +C4<0110>;
v0000014056da3d70_0 .net "pe_in_act", 7 0, L_0000014056b6a230;  1 drivers
v0000014056da2290_0 .net "pe_in_psum", 31 0, L_0000014056b69e40;  1 drivers
v0000014056da2f10_0 .net "pe_in_weight", 7 0, L_0000014056f0c640;  1 drivers
v0000014056da4090_0 .net "pe_load_en", 0 0, L_0000014056f0cfa0;  1 drivers
S_0000014056dab060 .scope generate, "genblk1" "genblk1" 9 61, 9 61 0, S_0000014056dab380;
 .timescale -9 -12;
L_0000014056b6a230 .functor BUFZ 8, v0000014056da0f30_0, C4<00000000>, C4<00000000>, C4<00000000>;
S_0000014056dacaf0 .scope generate, "genblk2" "genblk2" 9 72, 9 72 0, S_0000014056dab380;
 .timescale -9 -12;
L_0000014056b69e40 .functor BUFZ 32, v0000014056d99eb0_0, C4<00000000000000000000000000000000>, C4<00000000000000000000000000000000>, C4<00000000000000000000000000000000>;
S_0000014056daa250 .scope module, "pe_inst" "pe" 9 91, 10 12 0, S_0000014056dab380;
 .timescale 0 0;
    .port_info 0 /INPUT 1 "clk";
    .port_info 1 /INPUT 1 "rst_n";
    .port_info 2 /INPUT 1 "en_compute";
    .port_info 3 /INPUT 1 "load_weight";
    .port_info 4 /INPUT 8 "in_act";
    .port_info 5 /INPUT 8 "in_weight";
    .port_info 6 /INPUT 32 "in_psum";
    .port_info 7 /OUTPUT 8 "out_act";
    .port_info 8 /OUTPUT 32 "out_psum";
v0000014056da3410_0 .net "clk", 0 0, v0000014056e82620_0;  alias, 1 drivers
v0000014056da34b0_0 .net "en_compute", 0 0, L_0000014056eb1298;  alias, 1 drivers
v0000014056da3550_0 .net "in_act", 7 0, L_0000014056b6a230;  alias, 1 drivers
v0000014056da2790_0 .net "in_psum", 31 0, L_0000014056b69e40;  alias, 1 drivers
v0000014056da2470_0 .net "in_weight", 7 0, L_0000014056f0c640;  alias, 1 drivers
v0000014056da3910_0 .net "load_weight", 0 0, L_0000014056f0cfa0;  alias, 1 drivers
v0000014056da2dd0_0 .var "out_act", 7 0;
v0000014056da2830_0 .var "out_psum", 31 0;
v0000014056da3b90_0 .var/s "reg_weight", 7 0;
v0000014056da2010_0 .net "rst_n", 0 0, L_0000014056b6afc0;  alias, 1 drivers
S_0000014056dab1f0 .scope generate, "COL_LOOP[7]" "COL_LOOP[7]" 9 55, 9 55 0, S_0000014056da5750;
 .timescale -9 -12;
P_0000014056cf7f60 .param/l "c" 0 9 55, +C4<0111>;
v0000014056da2b50_0 .net "pe_in_act", 7 0, L_0000014056b69890;  1 drivers
v0000014056da23d0_0 .net "pe_in_psum", 31 0, L_0000014056b69430;  1 drivers
v0000014056da2650_0 .net "pe_in_weight", 7 0, L_0000014056f0da40;  1 drivers
v0000014056da2c90_0 .net "pe_load_en", 0 0, L_0000014056f0c000;  1 drivers
S_0000014056dac4b0 .scope generate, "genblk1" "genblk1" 9 61, 9 61 0, S_0000014056dab1f0;
 .timescale -9 -12;
L_0000014056b69890 .functor BUFZ 8, v0000014056da2dd0_0, C4<00000000>, C4<00000000>, C4<00000000>;
S_0000014056da9c10 .scope generate, "genblk2" "genblk2" 9 72, 9 72 0, S_0000014056dab1f0;
 .timescale -9 -12;
L_0000014056b69430 .functor BUFZ 32, v0000014056d99a50_0, C4<00000000000000000000000000000000>, C4<00000000000000000000000000000000>, C4<00000000000000000000000000000000>;
S_0000014056daa3e0 .scope module, "pe_inst" "pe" 9 91, 10 12 0, S_0000014056dab1f0;
 .timescale 0 0;
    .port_info 0 /INPUT 1 "clk";
    .port_info 1 /INPUT 1 "rst_n";
    .port_info 2 /INPUT 1 "en_compute";
    .port_info 3 /INPUT 1 "load_weight";
    .port_info 4 /INPUT 8 "in_act";
    .port_info 5 /INPUT 8 "in_weight";
    .port_info 6 /INPUT 32 "in_psum";
    .port_info 7 /OUTPUT 8 "out_act";
    .port_info 8 /OUTPUT 32 "out_psum";
v0000014056da3a50_0 .net "clk", 0 0, v0000014056e82620_0;  alias, 1 drivers
v0000014056da2fb0_0 .net "en_compute", 0 0, L_0000014056eb1298;  alias, 1 drivers
v0000014056da28d0_0 .net "in_act", 7 0, L_0000014056b69890;  alias, 1 drivers
v0000014056da2510_0 .net "in_psum", 31 0, L_0000014056b69430;  alias, 1 drivers
v0000014056da25b0_0 .net "in_weight", 7 0, L_0000014056f0da40;  alias, 1 drivers
v0000014056da2970_0 .net "load_weight", 0 0, L_0000014056f0c000;  alias, 1 drivers
v0000014056da2a10_0 .var "out_act", 7 0;
v0000014056da3f50_0 .var "out_psum", 31 0;
v0000014056da2bf0_0 .var/s "reg_weight", 7 0;
v0000014056da3cd0_0 .net "rst_n", 0 0, L_0000014056b6afc0;  alias, 1 drivers
S_0000014056da98f0 .scope generate, "COL_LOOP[8]" "COL_LOOP[8]" 9 55, 9 55 0, S_0000014056da5750;
 .timescale -9 -12;
P_0000014056cf8620 .param/l "c" 0 9 55, +C4<01000>;
v0000014056da1930_0 .net "pe_in_act", 7 0, L_0000014056b6ac40;  1 drivers
v0000014056da30f0_0 .net "pe_in_psum", 31 0, L_0000014056b6a540;  1 drivers
v0000014056da3190_0 .net "pe_in_weight", 7 0, L_0000014056f0d180;  1 drivers
v0000014056da3370_0 .net "pe_load_en", 0 0, L_0000014056f0dc20;  1 drivers
S_0000014056dab510 .scope generate, "genblk1" "genblk1" 9 61, 9 61 0, S_0000014056da98f0;
 .timescale -9 -12;
L_0000014056b6ac40 .functor BUFZ 8, v0000014056da2a10_0, C4<00000000>, C4<00000000>, C4<00000000>;
S_0000014056dab6a0 .scope generate, "genblk2" "genblk2" 9 72, 9 72 0, S_0000014056da98f0;
 .timescale -9 -12;
L_0000014056b6a540 .functor BUFZ 32, v0000014056d98f10_0, C4<00000000000000000000000000000000>, C4<00000000000000000000000000000000>, C4<00000000000000000000000000000000>;
S_0000014056da9a80 .scope module, "pe_inst" "pe" 9 91, 10 12 0, S_0000014056da98f0;
 .timescale 0 0;
    .port_info 0 /INPUT 1 "clk";
    .port_info 1 /INPUT 1 "rst_n";
    .port_info 2 /INPUT 1 "en_compute";
    .port_info 3 /INPUT 1 "load_weight";
    .port_info 4 /INPUT 8 "in_act";
    .port_info 5 /INPUT 8 "in_weight";
    .port_info 6 /INPUT 32 "in_psum";
    .port_info 7 /OUTPUT 8 "out_act";
    .port_info 8 /OUTPUT 32 "out_psum";
v0000014056da39b0_0 .net "clk", 0 0, v0000014056e82620_0;  alias, 1 drivers
v0000014056da3730_0 .net "en_compute", 0 0, L_0000014056eb1298;  alias, 1 drivers
v0000014056da2330_0 .net "in_act", 7 0, L_0000014056b6ac40;  alias, 1 drivers
v0000014056da1d90_0 .net "in_psum", 31 0, L_0000014056b6a540;  alias, 1 drivers
v0000014056da1bb0_0 .net "in_weight", 7 0, L_0000014056f0d180;  alias, 1 drivers
v0000014056da35f0_0 .net "load_weight", 0 0, L_0000014056f0dc20;  alias, 1 drivers
v0000014056da37d0_0 .var "out_act", 7 0;
v0000014056da2d30_0 .var "out_psum", 31 0;
v0000014056da3050_0 .var/s "reg_weight", 7 0;
v0000014056da3ff0_0 .net "rst_n", 0 0, L_0000014056b6afc0;  alias, 1 drivers
S_0000014056daa570 .scope generate, "COL_LOOP[9]" "COL_LOOP[9]" 9 55, 9 55 0, S_0000014056da5750;
 .timescale -9 -12;
P_0000014056cf8a20 .param/l "c" 0 9 55, +C4<01001>;
v0000014056da2150_0 .net "pe_in_act", 7 0, L_0000014056b6abd0;  1 drivers
v0000014056da1e30_0 .net "pe_in_psum", 31 0, L_0000014056b6a3f0;  1 drivers
v0000014056da1ed0_0 .net "pe_in_weight", 7 0, L_0000014056f0db80;  1 drivers
v0000014056da4770_0 .net "pe_load_en", 0 0, L_0000014056f0e080;  1 drivers
S_0000014056dab830 .scope generate, "genblk1" "genblk1" 9 61, 9 61 0, S_0000014056daa570;
 .timescale -9 -12;
L_0000014056b6abd0 .functor BUFZ 8, v0000014056da37d0_0, C4<00000000>, C4<00000000>, C4<00000000>;
S_0000014056dabe70 .scope generate, "genblk2" "genblk2" 9 72, 9 72 0, S_0000014056daa570;
 .timescale -9 -12;
L_0000014056b6a3f0 .functor BUFZ 32, v0000014056d9c6b0_0, C4<00000000000000000000000000000000>, C4<00000000000000000000000000000000>, C4<00000000000000000000000000000000>;
S_0000014056dab9c0 .scope module, "pe_inst" "pe" 9 91, 10 12 0, S_0000014056daa570;
 .timescale 0 0;
    .port_info 0 /INPUT 1 "clk";
    .port_info 1 /INPUT 1 "rst_n";
    .port_info 2 /INPUT 1 "en_compute";
    .port_info 3 /INPUT 1 "load_weight";
    .port_info 4 /INPUT 8 "in_act";
    .port_info 5 /INPUT 8 "in_weight";
    .port_info 6 /INPUT 32 "in_psum";
    .port_info 7 /OUTPUT 8 "out_act";
    .port_info 8 /OUTPUT 32 "out_psum";
v0000014056da20b0_0 .net "clk", 0 0, v0000014056e82620_0;  alias, 1 drivers
v0000014056da32d0_0 .net "en_compute", 0 0, L_0000014056eb1298;  alias, 1 drivers
v0000014056da3690_0 .net "in_act", 7 0, L_0000014056b6abd0;  alias, 1 drivers
v0000014056da21f0_0 .net "in_psum", 31 0, L_0000014056b6a3f0;  alias, 1 drivers
v0000014056da3870_0 .net "in_weight", 7 0, L_0000014056f0db80;  alias, 1 drivers
v0000014056da3eb0_0 .net "load_weight", 0 0, L_0000014056f0e080;  alias, 1 drivers
v0000014056da19d0_0 .var "out_act", 7 0;
v0000014056da1a70_0 .var "out_psum", 31 0;
v0000014056da1b10_0 .var/s "reg_weight", 7 0;
v0000014056da1c50_0 .net "rst_n", 0 0, L_0000014056b6afc0;  alias, 1 drivers
S_0000014056dac000 .scope generate, "COL_LOOP[10]" "COL_LOOP[10]" 9 55, 9 55 0, S_0000014056da5750;
 .timescale -9 -12;
P_0000014056cf82e0 .param/l "c" 0 9 55, +C4<01010>;
v0000014056da44f0_0 .net "pe_in_act", 7 0, L_0000014056b6aaf0;  1 drivers
v0000014056da4270_0 .net "pe_in_psum", 31 0, L_0000014056b694a0;  1 drivers
v0000014056da4db0_0 .net "pe_in_weight", 7 0, L_0000014056f0c8c0;  1 drivers
v0000014056da48b0_0 .net "pe_load_en", 0 0, L_0000014056f0d5e0;  1 drivers
S_0000014056daa0c0 .scope generate, "genblk1" "genblk1" 9 61, 9 61 0, S_0000014056dac000;
 .timescale -9 -12;
L_0000014056b6aaf0 .functor BUFZ 8, v0000014056da19d0_0, C4<00000000>, C4<00000000>, C4<00000000>;
S_0000014056da95d0 .scope generate, "genblk2" "genblk2" 9 72, 9 72 0, S_0000014056dac000;
 .timescale -9 -12;
L_0000014056b694a0 .functor BUFZ 32, v0000014056d9a810_0, C4<00000000000000000000000000000000>, C4<00000000000000000000000000000000>, C4<00000000000000000000000000000000>;
S_0000014056daaa20 .scope module, "pe_inst" "pe" 9 91, 10 12 0, S_0000014056dac000;
 .timescale 0 0;
    .port_info 0 /INPUT 1 "clk";
    .port_info 1 /INPUT 1 "rst_n";
    .port_info 2 /INPUT 1 "en_compute";
    .port_info 3 /INPUT 1 "load_weight";
    .port_info 4 /INPUT 8 "in_act";
    .port_info 5 /INPUT 8 "in_weight";
    .port_info 6 /INPUT 32 "in_psum";
    .port_info 7 /OUTPUT 8 "out_act";
    .port_info 8 /OUTPUT 32 "out_psum";
v0000014056da41d0_0 .net "clk", 0 0, v0000014056e82620_0;  alias, 1 drivers
v0000014056da4f90_0 .net "en_compute", 0 0, L_0000014056eb1298;  alias, 1 drivers
v0000014056da4e50_0 .net "in_act", 7 0, L_0000014056b6aaf0;  alias, 1 drivers
v0000014056da4d10_0 .net "in_psum", 31 0, L_0000014056b694a0;  alias, 1 drivers
v0000014056da4450_0 .net "in_weight", 7 0, L_0000014056f0c8c0;  alias, 1 drivers
v0000014056da4810_0 .net "load_weight", 0 0, L_0000014056f0d5e0;  alias, 1 drivers
v0000014056da46d0_0 .var "out_act", 7 0;
v0000014056da4c70_0 .var "out_psum", 31 0;
v0000014056da4ef0_0 .var/s "reg_weight", 7 0;
v0000014056da49f0_0 .net "rst_n", 0 0, L_0000014056b6afc0;  alias, 1 drivers
S_0000014056dabb50 .scope generate, "COL_LOOP[11]" "COL_LOOP[11]" 9 55, 9 55 0, S_0000014056da5750;
 .timescale -9 -12;
P_0000014056cf81e0 .param/l "c" 0 9 55, +C4<01011>;
v0000014056d951d0_0 .net "pe_in_act", 7 0, L_0000014056b69eb0;  1 drivers
v0000014056d971b0_0 .net "pe_in_psum", 31 0, L_0000014056b69900;  1 drivers
v0000014056d97430_0 .net "pe_in_weight", 7 0, L_0000014056f0c140;  1 drivers
v0000014056d95f90_0 .net "pe_load_en", 0 0, L_0000014056f0c6e0;  1 drivers
S_0000014056dac320 .scope generate, "genblk1" "genblk1" 9 61, 9 61 0, S_0000014056dabb50;
 .timescale -9 -12;
L_0000014056b69eb0 .functor BUFZ 8, v0000014056da46d0_0, C4<00000000>, C4<00000000>, C4<00000000>;
S_0000014056daabb0 .scope generate, "genblk2" "genblk2" 9 72, 9 72 0, S_0000014056dabb50;
 .timescale -9 -12;
L_0000014056b69900 .functor BUFZ 32, v0000014056d9a130_0, C4<00000000000000000000000000000000>, C4<00000000000000000000000000000000>, C4<00000000000000000000000000000000>;
S_0000014056da9f30 .scope module, "pe_inst" "pe" 9 91, 10 12 0, S_0000014056dabb50;
 .timescale 0 0;
    .port_info 0 /INPUT 1 "clk";
    .port_info 1 /INPUT 1 "rst_n";
    .port_info 2 /INPUT 1 "en_compute";
    .port_info 3 /INPUT 1 "load_weight";
    .port_info 4 /INPUT 8 "in_act";
    .port_info 5 /INPUT 8 "in_weight";
    .port_info 6 /INPUT 32 "in_psum";
    .port_info 7 /OUTPUT 8 "out_act";
    .port_info 8 /OUTPUT 32 "out_psum";
v0000014056da4950_0 .net "clk", 0 0, v0000014056e82620_0;  alias, 1 drivers
v0000014056da4a90_0 .net "en_compute", 0 0, L_0000014056eb1298;  alias, 1 drivers
v0000014056da43b0_0 .net "in_act", 7 0, L_0000014056b69eb0;  alias, 1 drivers
v0000014056da4590_0 .net "in_psum", 31 0, L_0000014056b69900;  alias, 1 drivers
v0000014056da4630_0 .net "in_weight", 7 0, L_0000014056f0c140;  alias, 1 drivers
v0000014056da4b30_0 .net "load_weight", 0 0, L_0000014056f0c6e0;  alias, 1 drivers
v0000014056da4bd0_0 .var "out_act", 7 0;
v0000014056d96b70_0 .var "out_psum", 31 0;
v0000014056d977f0_0 .var/s "reg_weight", 7 0;
v0000014056d972f0_0 .net "rst_n", 0 0, L_0000014056b6afc0;  alias, 1 drivers
S_0000014056dabce0 .scope generate, "COL_LOOP[12]" "COL_LOOP[12]" 9 55, 9 55 0, S_0000014056da5750;
 .timescale -9 -12;
P_0000014056cf8aa0 .param/l "c" 0 9 55, +C4<01100>;
v0000014056d95ef0_0 .net "pe_in_act", 7 0, L_0000014056b6a690;  1 drivers
v0000014056d95130_0 .net "pe_in_psum", 31 0, L_0000014056b69ba0;  1 drivers
v0000014056d95d10_0 .net "pe_in_weight", 7 0, L_0000014056f0b920;  1 drivers
v0000014056d96c10_0 .net "pe_load_en", 0 0, L_0000014056f0d040;  1 drivers
S_0000014056dacc80 .scope generate, "genblk1" "genblk1" 9 61, 9 61 0, S_0000014056dabce0;
 .timescale -9 -12;
L_0000014056b6a690 .functor BUFZ 8, v0000014056da4bd0_0, C4<00000000>, C4<00000000>, C4<00000000>;
S_0000014056da9da0 .scope generate, "genblk2" "genblk2" 9 72, 9 72 0, S_0000014056dabce0;
 .timescale -9 -12;
L_0000014056b69ba0 .functor BUFZ 32, v0000014056d9a3b0_0, C4<00000000000000000000000000000000>, C4<00000000000000000000000000000000>, C4<00000000000000000000000000000000>;
S_0000014056dac190 .scope module, "pe_inst" "pe" 9 91, 10 12 0, S_0000014056dabce0;
 .timescale 0 0;
    .port_info 0 /INPUT 1 "clk";
    .port_info 1 /INPUT 1 "rst_n";
    .port_info 2 /INPUT 1 "en_compute";
    .port_info 3 /INPUT 1 "load_weight";
    .port_info 4 /INPUT 8 "in_act";
    .port_info 5 /INPUT 8 "in_weight";
    .port_info 6 /INPUT 32 "in_psum";
    .port_info 7 /OUTPUT 8 "out_act";
    .port_info 8 /OUTPUT 32 "out_psum";
v0000014056d97890_0 .net "clk", 0 0, v0000014056e82620_0;  alias, 1 drivers
v0000014056d96df0_0 .net "en_compute", 0 0, L_0000014056eb1298;  alias, 1 drivers
v0000014056d95c70_0 .net "in_act", 7 0, L_0000014056b6a690;  alias, 1 drivers
v0000014056d97110_0 .net "in_psum", 31 0, L_0000014056b69ba0;  alias, 1 drivers
v0000014056d958b0_0 .net "in_weight", 7 0, L_0000014056f0b920;  alias, 1 drivers
v0000014056d95bd0_0 .net "load_weight", 0 0, L_0000014056f0d040;  alias, 1 drivers
v0000014056d968f0_0 .var "out_act", 7 0;
v0000014056d95770_0 .var "out_psum", 31 0;
v0000014056d976b0_0 .var/s "reg_weight", 7 0;
v0000014056d97390_0 .net "rst_n", 0 0, L_0000014056b6afc0;  alias, 1 drivers
S_0000014056dac640 .scope generate, "COL_LOOP[13]" "COL_LOOP[13]" 9 55, 9 55 0, S_0000014056da5750;
 .timescale -9 -12;
P_0000014056cf7c20 .param/l "c" 0 9 55, +C4<01101>;
v0000014056d960d0_0 .net "pe_in_act", 7 0, L_0000014056b69ac0;  1 drivers
v0000014056d96170_0 .net "pe_in_psum", 31 0, L_0000014056b690b0;  1 drivers
v0000014056d967b0_0 .net "pe_in_weight", 7 0, L_0000014056f0c820;  1 drivers
v0000014056d96210_0 .net "pe_load_en", 0 0, L_0000014056f0b9c0;  1 drivers
S_0000014056daad40 .scope generate, "genblk1" "genblk1" 9 61, 9 61 0, S_0000014056dac640;
 .timescale -9 -12;
L_0000014056b69ac0 .functor BUFZ 8, v0000014056d968f0_0, C4<00000000>, C4<00000000>, C4<00000000>;
S_0000014056dac7d0 .scope generate, "genblk2" "genblk2" 9 72, 9 72 0, S_0000014056dac640;
 .timescale -9 -12;
L_0000014056b690b0 .functor BUFZ 32, v0000014056d9da10_0, C4<00000000000000000000000000000000>, C4<00000000000000000000000000000000>, C4<00000000000000000000000000000000>;
S_0000014056dace10 .scope module, "pe_inst" "pe" 9 91, 10 12 0, S_0000014056dac640;
 .timescale 0 0;
    .port_info 0 /INPUT 1 "clk";
    .port_info 1 /INPUT 1 "rst_n";
    .port_info 2 /INPUT 1 "en_compute";
    .port_info 3 /INPUT 1 "load_weight";
    .port_info 4 /INPUT 8 "in_act";
    .port_info 5 /INPUT 8 "in_weight";
    .port_info 6 /INPUT 32 "in_psum";
    .port_info 7 /OUTPUT 8 "out_act";
    .port_info 8 /OUTPUT 32 "out_psum";
v0000014056d96e90_0 .net "clk", 0 0, v0000014056e82620_0;  alias, 1 drivers
v0000014056d95db0_0 .net "en_compute", 0 0, L_0000014056eb1298;  alias, 1 drivers
v0000014056d954f0_0 .net "in_act", 7 0, L_0000014056b69ac0;  alias, 1 drivers
v0000014056d95e50_0 .net "in_psum", 31 0, L_0000014056b690b0;  alias, 1 drivers
v0000014056d96f30_0 .net "in_weight", 7 0, L_0000014056f0c820;  alias, 1 drivers
v0000014056d95270_0 .net "load_weight", 0 0, L_0000014056f0b9c0;  alias, 1 drivers
v0000014056d96030_0 .var "out_act", 7 0;
v0000014056d96fd0_0 .var "out_psum", 31 0;
v0000014056d95950_0 .var/s "reg_weight", 7 0;
v0000014056d959f0_0 .net "rst_n", 0 0, L_0000014056b6afc0;  alias, 1 drivers
S_0000014056daa700 .scope generate, "COL_LOOP[14]" "COL_LOOP[14]" 9 55, 9 55 0, S_0000014056da5750;
 .timescale -9 -12;
P_0000014056cf7ea0 .param/l "c" 0 9 55, +C4<01110>;
v0000014056d96710_0 .net "pe_in_act", 7 0, L_0000014056b69b30;  1 drivers
v0000014056d96850_0 .net "pe_in_psum", 31 0, L_0000014056b69f90;  1 drivers
v0000014056d96990_0 .net "pe_in_weight", 7 0, L_0000014056f0c960;  1 drivers
v0000014056d97750_0 .net "pe_load_en", 0 0, L_0000014056f0ba60;  1 drivers
S_0000014056daa890 .scope generate, "genblk1" "genblk1" 9 61, 9 61 0, S_0000014056daa700;
 .timescale -9 -12;
L_0000014056b69b30 .functor BUFZ 8, v0000014056d96030_0, C4<00000000>, C4<00000000>, C4<00000000>;
S_0000014056dac960 .scope generate, "genblk2" "genblk2" 9 72, 9 72 0, S_0000014056daa700;
 .timescale -9 -12;
L_0000014056b69f90 .functor BUFZ 32, v0000014056d9d8d0_0, C4<00000000000000000000000000000000>, C4<00000000000000000000000000000000>, C4<00000000000000000000000000000000>;
S_0000014056daaed0 .scope module, "pe_inst" "pe" 9 91, 10 12 0, S_0000014056daa700;
 .timescale 0 0;
    .port_info 0 /INPUT 1 "clk";
    .port_info 1 /INPUT 1 "rst_n";
    .port_info 2 /INPUT 1 "en_compute";
    .port_info 3 /INPUT 1 "load_weight";
    .port_info 4 /INPUT 8 "in_act";
    .port_info 5 /INPUT 8 "in_weight";
    .port_info 6 /INPUT 32 "in_psum";
    .port_info 7 /OUTPUT 8 "out_act";
    .port_info 8 /OUTPUT 32 "out_psum";
v0000014056d96530_0 .net "clk", 0 0, v0000014056e82620_0;  alias, 1 drivers
v0000014056d95a90_0 .net "en_compute", 0 0, L_0000014056eb1298;  alias, 1 drivers
v0000014056d96490_0 .net "in_act", 7 0, L_0000014056b69b30;  alias, 1 drivers
v0000014056d95590_0 .net "in_psum", 31 0, L_0000014056b69f90;  alias, 1 drivers
v0000014056d963f0_0 .net "in_weight", 7 0, L_0000014056f0c960;  alias, 1 drivers
v0000014056d95b30_0 .net "load_weight", 0 0, L_0000014056f0ba60;  alias, 1 drivers
v0000014056d965d0_0 .var "out_act", 7 0;
v0000014056d96ad0_0 .var "out_psum", 31 0;
v0000014056d96350_0 .var/s "reg_weight", 7 0;
v0000014056d96670_0 .net "rst_n", 0 0, L_0000014056b6afc0;  alias, 1 drivers
S_0000014056da9120 .scope generate, "COL_LOOP[15]" "COL_LOOP[15]" 9 55, 9 55 0, S_0000014056da5750;
 .timescale -9 -12;
P_0000014056cf81a0 .param/l "c" 0 9 55, +C4<01111>;
v0000014056d956d0_0 .net "pe_in_act", 7 0, L_0000014056b6a070;  1 drivers
v0000014056daff90_0 .net "pe_in_psum", 31 0, L_0000014056b6a0e0;  1 drivers
v0000014056daeaf0_0 .net "pe_in_weight", 7 0, L_0000014056f0ca00;  1 drivers
v0000014056dae2d0_0 .net "pe_load_en", 0 0, L_0000014056f0d220;  1 drivers
S_0000014056da92b0 .scope generate, "genblk1" "genblk1" 9 61, 9 61 0, S_0000014056da9120;
 .timescale -9 -12;
L_0000014056b6a070 .functor BUFZ 8, v0000014056d965d0_0, C4<00000000>, C4<00000000>, C4<00000000>;
S_0000014056da9440 .scope generate, "genblk2" "genblk2" 9 72, 9 72 0, S_0000014056da9120;
 .timescale -9 -12;
L_0000014056b6a0e0 .functor BUFZ 32, v0000014056d9e050_0, C4<00000000000000000000000000000000>, C4<00000000000000000000000000000000>, C4<00000000000000000000000000000000>;
S_0000014056da9760 .scope module, "pe_inst" "pe" 9 91, 10 12 0, S_0000014056da9120;
 .timescale 0 0;
    .port_info 0 /INPUT 1 "clk";
    .port_info 1 /INPUT 1 "rst_n";
    .port_info 2 /INPUT 1 "en_compute";
    .port_info 3 /INPUT 1 "load_weight";
    .port_info 4 /INPUT 8 "in_act";
    .port_info 5 /INPUT 8 "in_weight";
    .port_info 6 /INPUT 32 "in_psum";
    .port_info 7 /OUTPUT 8 "out_act";
    .port_info 8 /OUTPUT 32 "out_psum";
v0000014056d95630_0 .net "clk", 0 0, v0000014056e82620_0;  alias, 1 drivers
v0000014056d96a30_0 .net "en_compute", 0 0, L_0000014056eb1298;  alias, 1 drivers
v0000014056d97070_0 .net "in_act", 7 0, L_0000014056b6a070;  alias, 1 drivers
v0000014056d97250_0 .net "in_psum", 31 0, L_0000014056b6a0e0;  alias, 1 drivers
v0000014056d974d0_0 .net "in_weight", 7 0, L_0000014056f0ca00;  alias, 1 drivers
v0000014056d95310_0 .net "load_weight", 0 0, L_0000014056f0d220;  alias, 1 drivers
v0000014056d97570_0 .var "out_act", 7 0;
v0000014056d97610_0 .var "out_psum", 31 0;
v0000014056d953b0_0 .var/s "reg_weight", 7 0;
v0000014056d95450_0 .net "rst_n", 0 0, L_0000014056b6afc0;  alias, 1 drivers
S_0000014056dbdae0 .scope generate, "ROW_LOOP[3]" "ROW_LOOP[3]" 9 54, 9 54 0, S_0000014056d859f0;
 .timescale -9 -12;
P_0000014056cf7ca0 .param/l "r" 0 9 54, +C4<011>;
S_0000014056dc0830 .scope generate, "COL_LOOP[0]" "COL_LOOP[0]" 9 55, 9 55 0, S_0000014056dbdae0;
 .timescale -9 -12;
P_0000014056cf8660 .param/l "c" 0 9 55, +C4<00>;
v0000014056db00d0_0 .net "pe_in_act", 7 0, L_0000014056f0bc40;  1 drivers
v0000014056dada10_0 .net "pe_in_psum", 31 0, L_0000014056b69190;  1 drivers
v0000014056dae550_0 .net "pe_in_weight", 7 0, L_0000014056f0d2c0;  1 drivers
v0000014056daf3b0_0 .net "pe_load_en", 0 0, L_0000014056f0bb00;  1 drivers
S_0000014056dc14b0 .scope generate, "genblk1" "genblk1" 9 61, 9 61 0, S_0000014056dc0830;
 .timescale -9 -12;
S_0000014056dc0b50 .scope generate, "genblk2" "genblk2" 9 72, 9 72 0, S_0000014056dc0830;
 .timescale -9 -12;
L_0000014056b69190 .functor BUFZ 32, v0000014056d9e730_0, C4<00000000000000000000000000000000>, C4<00000000000000000000000000000000>, C4<00000000000000000000000000000000>;
S_0000014056dbf250 .scope module, "pe_inst" "pe" 9 91, 10 12 0, S_0000014056dc0830;
 .timescale 0 0;
    .port_info 0 /INPUT 1 "clk";
    .port_info 1 /INPUT 1 "rst_n";
    .port_info 2 /INPUT 1 "en_compute";
    .port_info 3 /INPUT 1 "load_weight";
    .port_info 4 /INPUT 8 "in_act";
    .port_info 5 /INPUT 8 "in_weight";
    .port_info 6 /INPUT 32 "in_psum";
    .port_info 7 /OUTPUT 8 "out_act";
    .port_info 8 /OUTPUT 32 "out_psum";
v0000014056dad970_0 .net "clk", 0 0, v0000014056e82620_0;  alias, 1 drivers
v0000014056dafc70_0 .net "en_compute", 0 0, L_0000014056eb1298;  alias, 1 drivers
v0000014056dafef0_0 .net "in_act", 7 0, L_0000014056f0bc40;  alias, 1 drivers
v0000014056dadab0_0 .net "in_psum", 31 0, L_0000014056b69190;  alias, 1 drivers
v0000014056dadbf0_0 .net "in_weight", 7 0, L_0000014056f0d2c0;  alias, 1 drivers
v0000014056daf810_0 .net "load_weight", 0 0, L_0000014056f0bb00;  alias, 1 drivers
v0000014056daea50_0 .var "out_act", 7 0;
v0000014056daf270_0 .var "out_psum", 31 0;
v0000014056db0030_0 .var/s "reg_weight", 7 0;
v0000014056daeb90_0 .net "rst_n", 0 0, L_0000014056b6afc0;  alias, 1 drivers
S_0000014056dc0510 .scope generate, "COL_LOOP[1]" "COL_LOOP[1]" 9 55, 9 55 0, S_0000014056dbdae0;
 .timescale -9 -12;
P_0000014056cf7d20 .param/l "c" 0 9 55, +C4<01>;
v0000014056daf6d0_0 .net "pe_in_act", 7 0, L_0000014056b69510;  1 drivers
v0000014056dae0f0_0 .net "pe_in_psum", 31 0, L_0000014056b6a1c0;  1 drivers
v0000014056daee10_0 .net "pe_in_weight", 7 0, L_0000014056f0bce0;  1 drivers
v0000014056dade70_0 .net "pe_load_en", 0 0, L_0000014056f0be20;  1 drivers
S_0000014056dc1640 .scope generate, "genblk1" "genblk1" 9 61, 9 61 0, S_0000014056dc0510;
 .timescale -9 -12;
L_0000014056b69510 .functor BUFZ 8, v0000014056daea50_0, C4<00000000>, C4<00000000>, C4<00000000>;
S_0000014056dc1000 .scope generate, "genblk2" "genblk2" 9 72, 9 72 0, S_0000014056dc0510;
 .timescale -9 -12;
L_0000014056b6a1c0 .functor BUFZ 32, v0000014056da03f0_0, C4<00000000000000000000000000000000>, C4<00000000000000000000000000000000>, C4<00000000000000000000000000000000>;
S_0000014056dc0e70 .scope module, "pe_inst" "pe" 9 91, 10 12 0, S_0000014056dc0510;
 .timescale 0 0;
    .port_info 0 /INPUT 1 "clk";
    .port_info 1 /INPUT 1 "rst_n";
    .port_info 2 /INPUT 1 "en_compute";
    .port_info 3 /INPUT 1 "load_weight";
    .port_info 4 /INPUT 8 "in_act";
    .port_info 5 /INPUT 8 "in_weight";
    .port_info 6 /INPUT 32 "in_psum";
    .port_info 7 /OUTPUT 8 "out_act";
    .port_info 8 /OUTPUT 32 "out_psum";
v0000014056dafb30_0 .net "clk", 0 0, v0000014056e82620_0;  alias, 1 drivers
v0000014056dafdb0_0 .net "en_compute", 0 0, L_0000014056eb1298;  alias, 1 drivers
v0000014056dadb50_0 .net "in_act", 7 0, L_0000014056b69510;  alias, 1 drivers
v0000014056daf9f0_0 .net "in_psum", 31 0, L_0000014056b6a1c0;  alias, 1 drivers
v0000014056daeff0_0 .net "in_weight", 7 0, L_0000014056f0bce0;  alias, 1 drivers
v0000014056daf630_0 .net "load_weight", 0 0, L_0000014056f0be20;  alias, 1 drivers
v0000014056dafa90_0 .var "out_act", 7 0;
v0000014056dae5f0_0 .var "out_psum", 31 0;
v0000014056daddd0_0 .var/s "reg_weight", 7 0;
v0000014056dadc90_0 .net "rst_n", 0 0, L_0000014056b6afc0;  alias, 1 drivers
S_0000014056dc0ce0 .scope generate, "COL_LOOP[2]" "COL_LOOP[2]" 9 55, 9 55 0, S_0000014056dbdae0;
 .timescale -9 -12;
P_0000014056cf7e20 .param/l "c" 0 9 55, +C4<010>;
v0000014056dadfb0_0 .net "pe_in_act", 7 0, L_0000014056b6a770;  1 drivers
v0000014056daf770_0 .net "pe_in_psum", 31 0, L_0000014056b69270;  1 drivers
v0000014056daf310_0 .net "pe_in_weight", 7 0, L_0000014056f0f700;  1 drivers
v0000014056daf1d0_0 .net "pe_load_en", 0 0, L_0000014056f0e4e0;  1 drivers
S_0000014056dc0380 .scope generate, "genblk1" "genblk1" 9 61, 9 61 0, S_0000014056dc0ce0;
 .timescale -9 -12;
L_0000014056b6a770 .functor BUFZ 8, v0000014056dafa90_0, C4<00000000>, C4<00000000>, C4<00000000>;
S_0000014056dc1190 .scope generate, "genblk2" "genblk2" 9 72, 9 72 0, S_0000014056dc0ce0;
 .timescale -9 -12;
L_0000014056b69270 .functor BUFZ 32, v0000014056da1110_0, C4<00000000000000000000000000000000>, C4<00000000000000000000000000000000>, C4<00000000000000000000000000000000>;
S_0000014056dbf3e0 .scope module, "pe_inst" "pe" 9 91, 10 12 0, S_0000014056dc0ce0;
 .timescale 0 0;
    .port_info 0 /INPUT 1 "clk";
    .port_info 1 /INPUT 1 "rst_n";
    .port_info 2 /INPUT 1 "en_compute";
    .port_info 3 /INPUT 1 "load_weight";
    .port_info 4 /INPUT 8 "in_act";
    .port_info 5 /INPUT 8 "in_weight";
    .port_info 6 /INPUT 32 "in_psum";
    .port_info 7 /OUTPUT 8 "out_act";
    .port_info 8 /OUTPUT 32 "out_psum";
v0000014056dae370_0 .net "clk", 0 0, v0000014056e82620_0;  alias, 1 drivers
v0000014056daecd0_0 .net "en_compute", 0 0, L_0000014056eb1298;  alias, 1 drivers
v0000014056daef50_0 .net "in_act", 7 0, L_0000014056b6a770;  alias, 1 drivers
v0000014056dadf10_0 .net "in_psum", 31 0, L_0000014056b69270;  alias, 1 drivers
v0000014056dae190_0 .net "in_weight", 7 0, L_0000014056f0f700;  alias, 1 drivers
v0000014056daed70_0 .net "load_weight", 0 0, L_0000014056f0e4e0;  alias, 1 drivers
v0000014056dafbd0_0 .var "out_act", 7 0;
v0000014056dae050_0 .var "out_psum", 31 0;
v0000014056dae4b0_0 .var/s "reg_weight", 7 0;
v0000014056dafe50_0 .net "rst_n", 0 0, L_0000014056b6afc0;  alias, 1 drivers
S_0000014056dbe760 .scope generate, "COL_LOOP[3]" "COL_LOOP[3]" 9 55, 9 55 0, S_0000014056dbdae0;
 .timescale -9 -12;
P_0000014056cf89a0 .param/l "c" 0 9 55, +C4<011>;
v0000014056daf130_0 .net "pe_in_act", 7 0, L_0000014056b6a7e0;  1 drivers
v0000014056daec30_0 .net "pe_in_psum", 31 0, L_0000014056b6a930;  1 drivers
v0000014056dae910_0 .net "pe_in_weight", 7 0, L_0000014056f0e760;  1 drivers
v0000014056daf8b0_0 .net "pe_load_en", 0 0, L_0000014056f0e120;  1 drivers
S_0000014056dc1320 .scope generate, "genblk1" "genblk1" 9 61, 9 61 0, S_0000014056dbe760;
 .timescale -9 -12;
L_0000014056b6a7e0 .functor BUFZ 8, v0000014056dafbd0_0, C4<00000000>, C4<00000000>, C4<00000000>;
S_0000014056dbe440 .scope generate, "genblk2" "genblk2" 9 72, 9 72 0, S_0000014056dbe760;
 .timescale -9 -12;
L_0000014056b6a930 .functor BUFZ 32, v0000014056da07b0_0, C4<00000000000000000000000000000000>, C4<00000000000000000000000000000000>, C4<00000000000000000000000000000000>;
S_0000014056dc09c0 .scope module, "pe_inst" "pe" 9 91, 10 12 0, S_0000014056dbe760;
 .timescale 0 0;
    .port_info 0 /INPUT 1 "clk";
    .port_info 1 /INPUT 1 "rst_n";
    .port_info 2 /INPUT 1 "en_compute";
    .port_info 3 /INPUT 1 "load_weight";
    .port_info 4 /INPUT 8 "in_act";
    .port_info 5 /INPUT 8 "in_weight";
    .port_info 6 /INPUT 32 "in_psum";
    .port_info 7 /OUTPUT 8 "out_act";
    .port_info 8 /OUTPUT 32 "out_psum";
v0000014056dae410_0 .net "clk", 0 0, v0000014056e82620_0;  alias, 1 drivers
v0000014056daf4f0_0 .net "en_compute", 0 0, L_0000014056eb1298;  alias, 1 drivers
v0000014056dae690_0 .net "in_act", 7 0, L_0000014056b6a7e0;  alias, 1 drivers
v0000014056daeeb0_0 .net "in_psum", 31 0, L_0000014056b6a930;  alias, 1 drivers
v0000014056dae730_0 .net "in_weight", 7 0, L_0000014056f0e760;  alias, 1 drivers
v0000014056dafd10_0 .net "load_weight", 0 0, L_0000014056f0e120;  alias, 1 drivers
v0000014056daf090_0 .var "out_act", 7 0;
v0000014056dae7d0_0 .var "out_psum", 31 0;
v0000014056dae870_0 .var/s "reg_weight", 7 0;
v0000014056dae9b0_0 .net "rst_n", 0 0, L_0000014056b6afc0;  alias, 1 drivers
S_0000014056dbdc70 .scope generate, "COL_LOOP[4]" "COL_LOOP[4]" 9 55, 9 55 0, S_0000014056dbdae0;
 .timescale -9 -12;
P_0000014056cf7fa0 .param/l "c" 0 9 55, +C4<0100>;
v0000014056db2830_0 .net "pe_in_act", 7 0, L_0000014056b6a9a0;  1 drivers
v0000014056db1610_0 .net "pe_in_psum", 31 0, L_0000014056b692e0;  1 drivers
v0000014056db08f0_0 .net "pe_in_weight", 7 0, L_0000014056f0fa20;  1 drivers
v0000014056db0990_0 .net "pe_load_en", 0 0, L_0000014056f0f0c0;  1 drivers
S_0000014056dbd950 .scope generate, "genblk1" "genblk1" 9 61, 9 61 0, S_0000014056dbdc70;
 .timescale -9 -12;
L_0000014056b6a9a0 .functor BUFZ 8, v0000014056daf090_0, C4<00000000>, C4<00000000>, C4<00000000>;
S_0000014056dbf700 .scope generate, "genblk2" "genblk2" 9 72, 9 72 0, S_0000014056dbdc70;
 .timescale -9 -12;
L_0000014056b692e0 .functor BUFZ 32, v0000014056da0850_0, C4<00000000000000000000000000000000>, C4<00000000000000000000000000000000>, C4<00000000000000000000000000000000>;
S_0000014056dbde00 .scope module, "pe_inst" "pe" 9 91, 10 12 0, S_0000014056dbdc70;
 .timescale 0 0;
    .port_info 0 /INPUT 1 "clk";
    .port_info 1 /INPUT 1 "rst_n";
    .port_info 2 /INPUT 1 "en_compute";
    .port_info 3 /INPUT 1 "load_weight";
    .port_info 4 /INPUT 8 "in_act";
    .port_info 5 /INPUT 8 "in_weight";
    .port_info 6 /INPUT 32 "in_psum";
    .port_info 7 /OUTPUT 8 "out_act";
    .port_info 8 /OUTPUT 32 "out_psum";
v0000014056db1ed0_0 .net "clk", 0 0, v0000014056e82620_0;  alias, 1 drivers
v0000014056db26f0_0 .net "en_compute", 0 0, L_0000014056eb1298;  alias, 1 drivers
v0000014056db0ad0_0 .net "in_act", 7 0, L_0000014056b6a9a0;  alias, 1 drivers
v0000014056db02b0_0 .net "in_psum", 31 0, L_0000014056b692e0;  alias, 1 drivers
v0000014056db1890_0 .net "in_weight", 7 0, L_0000014056f0fa20;  alias, 1 drivers
v0000014056db2510_0 .net "load_weight", 0 0, L_0000014056f0f0c0;  alias, 1 drivers
v0000014056db2330_0 .var "out_act", 7 0;
v0000014056db0f30_0 .var "out_psum", 31 0;
v0000014056db1d90_0 .var/s "reg_weight", 7 0;
v0000014056db0530_0 .net "rst_n", 0 0, L_0000014056b6afc0;  alias, 1 drivers
S_0000014056dbe8f0 .scope generate, "COL_LOOP[5]" "COL_LOOP[5]" 9 55, 9 55 0, S_0000014056dbdae0;
 .timescale -9 -12;
P_0000014056cf86a0 .param/l "c" 0 9 55, +C4<0101>;
v0000014056db0b70_0 .net "pe_in_act", 7 0, L_00000140569e2ea0;  1 drivers
v0000014056db2290_0 .net "pe_in_psum", 31 0, L_00000140569e3990;  1 drivers
v0000014056db0c10_0 .net "pe_in_weight", 7 0, L_0000014056f0e440;  1 drivers
v0000014056db0e90_0 .net "pe_load_en", 0 0, L_0000014056f0f7a0;  1 drivers
S_0000014056dbdf90 .scope generate, "genblk1" "genblk1" 9 61, 9 61 0, S_0000014056dbe8f0;
 .timescale -9 -12;
L_00000140569e2ea0 .functor BUFZ 8, v0000014056db2330_0, C4<00000000>, C4<00000000>, C4<00000000>;
S_0000014056dbe120 .scope generate, "genblk2" "genblk2" 9 72, 9 72 0, S_0000014056dbe8f0;
 .timescale -9 -12;
L_00000140569e3990 .functor BUFZ 32, v0000014056da0fd0_0, C4<00000000000000000000000000000000>, C4<00000000000000000000000000000000>, C4<00000000000000000000000000000000>;
S_0000014056dbfa20 .scope module, "pe_inst" "pe" 9 91, 10 12 0, S_0000014056dbe8f0;
 .timescale 0 0;
    .port_info 0 /INPUT 1 "clk";
    .port_info 1 /INPUT 1 "rst_n";
    .port_info 2 /INPUT 1 "en_compute";
    .port_info 3 /INPUT 1 "load_weight";
    .port_info 4 /INPUT 8 "in_act";
    .port_info 5 /INPUT 8 "in_weight";
    .port_info 6 /INPUT 32 "in_psum";
    .port_info 7 /OUTPUT 8 "out_act";
    .port_info 8 /OUTPUT 32 "out_psum";
v0000014056db16b0_0 .net "clk", 0 0, v0000014056e82620_0;  alias, 1 drivers
v0000014056db1b10_0 .net "en_compute", 0 0, L_0000014056eb1298;  alias, 1 drivers
v0000014056db2790_0 .net "in_act", 7 0, L_00000140569e2ea0;  alias, 1 drivers
v0000014056db0a30_0 .net "in_psum", 31 0, L_00000140569e3990;  alias, 1 drivers
v0000014056db1430_0 .net "in_weight", 7 0, L_0000014056f0e440;  alias, 1 drivers
v0000014056db2470_0 .net "load_weight", 0 0, L_0000014056f0f7a0;  alias, 1 drivers
v0000014056db23d0_0 .var "out_act", 7 0;
v0000014056db11b0_0 .var "out_psum", 31 0;
v0000014056db1570_0 .var/s "reg_weight", 7 0;
v0000014056db14d0_0 .net "rst_n", 0 0, L_0000014056b6afc0;  alias, 1 drivers
S_0000014056dbe2b0 .scope generate, "COL_LOOP[6]" "COL_LOOP[6]" 9 55, 9 55 0, S_0000014056dbdae0;
 .timescale -9 -12;
P_0000014056cf83e0 .param/l "c" 0 9 55, +C4<0110>;
v0000014056db28d0_0 .net "pe_in_act", 7 0, L_00000140569e3370;  1 drivers
v0000014056db1930_0 .net "pe_in_psum", 31 0, L_00000140569e3300;  1 drivers
v0000014056db19d0_0 .net "pe_in_weight", 7 0, L_0000014056f0fe80;  1 drivers
v0000014056db0850_0 .net "pe_load_en", 0 0, L_0000014056f0e8a0;  1 drivers
S_0000014056dbfd40 .scope generate, "genblk1" "genblk1" 9 61, 9 61 0, S_0000014056dbe2b0;
 .timescale -9 -12;
L_00000140569e3370 .functor BUFZ 8, v0000014056db23d0_0, C4<00000000>, C4<00000000>, C4<00000000>;
S_0000014056dbfed0 .scope generate, "genblk2" "genblk2" 9 72, 9 72 0, S_0000014056dbe2b0;
 .timescale -9 -12;
L_00000140569e3300 .functor BUFZ 32, v0000014056da2830_0, C4<00000000000000000000000000000000>, C4<00000000000000000000000000000000>, C4<00000000000000000000000000000000>;
S_0000014056dc01f0 .scope module, "pe_inst" "pe" 9 91, 10 12 0, S_0000014056dbe2b0;
 .timescale 0 0;
    .port_info 0 /INPUT 1 "clk";
    .port_info 1 /INPUT 1 "rst_n";
    .port_info 2 /INPUT 1 "en_compute";
    .port_info 3 /INPUT 1 "load_weight";
    .port_info 4 /INPUT 8 "in_act";
    .port_info 5 /INPUT 8 "in_weight";
    .port_info 6 /INPUT 32 "in_psum";
    .port_info 7 /OUTPUT 8 "out_act";
    .port_info 8 /OUTPUT 32 "out_psum";
v0000014056db1110_0 .net "clk", 0 0, v0000014056e82620_0;  alias, 1 drivers
v0000014056db2650_0 .net "en_compute", 0 0, L_0000014056eb1298;  alias, 1 drivers
v0000014056db0d50_0 .net "in_act", 7 0, L_00000140569e3370;  alias, 1 drivers
v0000014056db1070_0 .net "in_psum", 31 0, L_00000140569e3300;  alias, 1 drivers
v0000014056db25b0_0 .net "in_weight", 7 0, L_0000014056f0fe80;  alias, 1 drivers
v0000014056db0df0_0 .net "load_weight", 0 0, L_0000014056f0e8a0;  alias, 1 drivers
v0000014056db0fd0_0 .var "out_act", 7 0;
v0000014056db20b0_0 .var "out_psum", 31 0;
v0000014056db05d0_0 .var/s "reg_weight", 7 0;
v0000014056db1c50_0 .net "rst_n", 0 0, L_0000014056b6afc0;  alias, 1 drivers
S_0000014056dbf570 .scope generate, "COL_LOOP[7]" "COL_LOOP[7]" 9 55, 9 55 0, S_0000014056dbdae0;
 .timescale -9 -12;
P_0000014056cf7e60 .param/l "c" 0 9 55, +C4<0111>;
v0000014056db0490_0 .net "pe_in_act", 7 0, L_00000140569e37d0;  1 drivers
v0000014056db1cf0_0 .net "pe_in_psum", 31 0, L_00000140569e3760;  1 drivers
v0000014056db0670_0 .net "pe_in_weight", 7 0, L_0000014056f104c0;  1 drivers
v0000014056db0710_0 .net "pe_load_en", 0 0, L_0000014056f102e0;  1 drivers
S_0000014056dbe5d0 .scope generate, "genblk1" "genblk1" 9 61, 9 61 0, S_0000014056dbf570;
 .timescale -9 -12;
L_00000140569e37d0 .functor BUFZ 8, v0000014056db0fd0_0, C4<00000000>, C4<00000000>, C4<00000000>;
S_0000014056dbf0c0 .scope generate, "genblk2" "genblk2" 9 72, 9 72 0, S_0000014056dbf570;
 .timescale -9 -12;
L_00000140569e3760 .functor BUFZ 32, v0000014056da3f50_0, C4<00000000000000000000000000000000>, C4<00000000000000000000000000000000>, C4<00000000000000000000000000000000>;
S_0000014056dbea80 .scope module, "pe_inst" "pe" 9 91, 10 12 0, S_0000014056dbf570;
 .timescale 0 0;
    .port_info 0 /INPUT 1 "clk";
    .port_info 1 /INPUT 1 "rst_n";
    .port_info 2 /INPUT 1 "en_compute";
    .port_info 3 /INPUT 1 "load_weight";
    .port_info 4 /INPUT 8 "in_act";
    .port_info 5 /INPUT 8 "in_weight";
    .port_info 6 /INPUT 32 "in_psum";
    .port_info 7 /OUTPUT 8 "out_act";
    .port_info 8 /OUTPUT 32 "out_psum";
v0000014056db12f0_0 .net "clk", 0 0, v0000014056e82620_0;  alias, 1 drivers
v0000014056db1250_0 .net "en_compute", 0 0, L_0000014056eb1298;  alias, 1 drivers
v0000014056db0350_0 .net "in_act", 7 0, L_00000140569e37d0;  alias, 1 drivers
v0000014056db0210_0 .net "in_psum", 31 0, L_00000140569e3760;  alias, 1 drivers
v0000014056db03f0_0 .net "in_weight", 7 0, L_0000014056f104c0;  alias, 1 drivers
v0000014056db1750_0 .net "load_weight", 0 0, L_0000014056f102e0;  alias, 1 drivers
v0000014056db1e30_0 .var "out_act", 7 0;
v0000014056db1390_0 .var "out_psum", 31 0;
v0000014056db1a70_0 .var/s "reg_weight", 7 0;
v0000014056db1f70_0 .net "rst_n", 0 0, L_0000014056b6afc0;  alias, 1 drivers
S_0000014056dbec10 .scope generate, "COL_LOOP[8]" "COL_LOOP[8]" 9 55, 9 55 0, S_0000014056dbdae0;
 .timescale -9 -12;
P_0000014056cf89e0 .param/l "c" 0 9 55, +C4<01000>;
v0000014056db3c30_0 .net "pe_in_act", 7 0, L_00000140569e25e0;  1 drivers
v0000014056db3d70_0 .net "pe_in_psum", 31 0, L_00000140569e3ae0;  1 drivers
v0000014056db3cd0_0 .net "pe_in_weight", 7 0, L_0000014056f10740;  1 drivers
v0000014056db2d30_0 .net "pe_load_en", 0 0, L_0000014056f0e6c0;  1 drivers
S_0000014056dc06a0 .scope generate, "genblk1" "genblk1" 9 61, 9 61 0, S_0000014056dbec10;
 .timescale -9 -12;
L_00000140569e25e0 .functor BUFZ 8, v0000014056db1e30_0, C4<00000000>, C4<00000000>, C4<00000000>;
S_0000014056dbeda0 .scope generate, "genblk2" "genblk2" 9 72, 9 72 0, S_0000014056dbec10;
 .timescale -9 -12;
L_00000140569e3ae0 .functor BUFZ 32, v0000014056da2d30_0, C4<00000000000000000000000000000000>, C4<00000000000000000000000000000000>, C4<00000000000000000000000000000000>;
S_0000014056dbfbb0 .scope module, "pe_inst" "pe" 9 91, 10 12 0, S_0000014056dbec10;
 .timescale 0 0;
    .port_info 0 /INPUT 1 "clk";
    .port_info 1 /INPUT 1 "rst_n";
    .port_info 2 /INPUT 1 "en_compute";
    .port_info 3 /INPUT 1 "load_weight";
    .port_info 4 /INPUT 8 "in_act";
    .port_info 5 /INPUT 8 "in_weight";
    .port_info 6 /INPUT 32 "in_psum";
    .port_info 7 /OUTPUT 8 "out_act";
    .port_info 8 /OUTPUT 32 "out_psum";
v0000014056db07b0_0 .net "clk", 0 0, v0000014056e82620_0;  alias, 1 drivers
v0000014056db2010_0 .net "en_compute", 0 0, L_0000014056eb1298;  alias, 1 drivers
v0000014056db2150_0 .net "in_act", 7 0, L_00000140569e25e0;  alias, 1 drivers
v0000014056db21f0_0 .net "in_psum", 31 0, L_00000140569e3ae0;  alias, 1 drivers
v0000014056db4630_0 .net "in_weight", 7 0, L_0000014056f10740;  alias, 1 drivers
v0000014056db30f0_0 .net "load_weight", 0 0, L_0000014056f0e6c0;  alias, 1 drivers
v0000014056db4950_0 .var "out_act", 7 0;
v0000014056db3190_0 .var "out_psum", 31 0;
v0000014056db4f90_0 .var/s "reg_weight", 7 0;
v0000014056db3230_0 .net "rst_n", 0 0, L_0000014056b6afc0;  alias, 1 drivers
S_0000014056dbef30 .scope generate, "COL_LOOP[9]" "COL_LOOP[9]" 9 55, 9 55 0, S_0000014056dbdae0;
 .timescale -9 -12;
P_0000014056cf7ee0 .param/l "c" 0 9 55, +C4<01001>;
v0000014056db4a90_0 .net "pe_in_act", 7 0, L_00000140569e2260;  1 drivers
v0000014056db2fb0_0 .net "pe_in_psum", 31 0, L_00000140569e2c00;  1 drivers
v0000014056db2dd0_0 .net "pe_in_weight", 7 0, L_0000014056f0fb60;  1 drivers
v0000014056db3eb0_0 .net "pe_load_en", 0 0, L_0000014056f106a0;  1 drivers
S_0000014056dbf890 .scope generate, "genblk1" "genblk1" 9 61, 9 61 0, S_0000014056dbef30;
 .timescale -9 -12;
L_00000140569e2260 .functor BUFZ 8, v0000014056db4950_0, C4<00000000>, C4<00000000>, C4<00000000>;
S_0000014056dc0060 .scope generate, "genblk2" "genblk2" 9 72, 9 72 0, S_0000014056dbef30;
 .timescale -9 -12;
L_00000140569e2c00 .functor BUFZ 32, v0000014056da1a70_0, C4<00000000000000000000000000000000>, C4<00000000000000000000000000000000>, C4<00000000000000000000000000000000>;
S_0000014056dd57f0 .scope module, "pe_inst" "pe" 9 91, 10 12 0, S_0000014056dbef30;
 .timescale 0 0;
    .port_info 0 /INPUT 1 "clk";
    .port_info 1 /INPUT 1 "rst_n";
    .port_info 2 /INPUT 1 "en_compute";
    .port_info 3 /INPUT 1 "load_weight";
    .port_info 4 /INPUT 8 "in_act";
    .port_info 5 /INPUT 8 "in_weight";
    .port_info 6 /INPUT 32 "in_psum";
    .port_info 7 /OUTPUT 8 "out_act";
    .port_info 8 /OUTPUT 32 "out_psum";
v0000014056db3e10_0 .net "clk", 0 0, v0000014056e82620_0;  alias, 1 drivers
v0000014056db48b0_0 .net "en_compute", 0 0, L_0000014056eb1298;  alias, 1 drivers
v0000014056db39b0_0 .net "in_act", 7 0, L_00000140569e2260;  alias, 1 drivers
v0000014056db2b50_0 .net "in_psum", 31 0, L_00000140569e2c00;  alias, 1 drivers
v0000014056db2bf0_0 .net "in_weight", 7 0, L_0000014056f0fb60;  alias, 1 drivers
v0000014056db4590_0 .net "load_weight", 0 0, L_0000014056f106a0;  alias, 1 drivers
v0000014056db32d0_0 .var "out_act", 7 0;
v0000014056db4e50_0 .var "out_psum", 31 0;
v0000014056db41d0_0 .var/s "reg_weight", 7 0;
v0000014056db4810_0 .net "rst_n", 0 0, L_0000014056b6afc0;  alias, 1 drivers
S_0000014056dd46c0 .scope generate, "COL_LOOP[10]" "COL_LOOP[10]" 9 55, 9 55 0, S_0000014056dbdae0;
 .timescale -9 -12;
P_0000014056cf8820 .param/l "c" 0 9 55, +C4<01010>;
v0000014056db3550_0 .net "pe_in_act", 7 0, L_00000140569e3a00;  1 drivers
v0000014056db4310_0 .net "pe_in_psum", 31 0, L_00000140569e33e0;  1 drivers
v0000014056db3af0_0 .net "pe_in_weight", 7 0, L_0000014056f0e1c0;  1 drivers
v0000014056db2f10_0 .net "pe_load_en", 0 0, L_0000014056f0e260;  1 drivers
S_0000014056dd1b00 .scope generate, "genblk1" "genblk1" 9 61, 9 61 0, S_0000014056dd46c0;
 .timescale -9 -12;
L_00000140569e3a00 .functor BUFZ 8, v0000014056db32d0_0, C4<00000000>, C4<00000000>, C4<00000000>;
S_0000014056dd4d00 .scope generate, "genblk2" "genblk2" 9 72, 9 72 0, S_0000014056dd46c0;
 .timescale -9 -12;
L_00000140569e33e0 .functor BUFZ 32, v0000014056da4c70_0, C4<00000000000000000000000000000000>, C4<00000000000000000000000000000000>, C4<00000000000000000000000000000000>;
S_0000014056dd2780 .scope module, "pe_inst" "pe" 9 91, 10 12 0, S_0000014056dd46c0;
 .timescale 0 0;
    .port_info 0 /INPUT 1 "clk";
    .port_info 1 /INPUT 1 "rst_n";
    .port_info 2 /INPUT 1 "en_compute";
    .port_info 3 /INPUT 1 "load_weight";
    .port_info 4 /INPUT 8 "in_act";
    .port_info 5 /INPUT 8 "in_weight";
    .port_info 6 /INPUT 32 "in_psum";
    .port_info 7 /OUTPUT 8 "out_act";
    .port_info 8 /OUTPUT 32 "out_psum";
v0000014056db3370_0 .net "clk", 0 0, v0000014056e82620_0;  alias, 1 drivers
v0000014056db4b30_0 .net "en_compute", 0 0, L_0000014056eb1298;  alias, 1 drivers
v0000014056db4770_0 .net "in_act", 7 0, L_00000140569e3a00;  alias, 1 drivers
v0000014056db3a50_0 .net "in_psum", 31 0, L_00000140569e33e0;  alias, 1 drivers
v0000014056db4090_0 .net "in_weight", 7 0, L_0000014056f0e1c0;  alias, 1 drivers
v0000014056db3410_0 .net "load_weight", 0 0, L_0000014056f0e260;  alias, 1 drivers
v0000014056db5030_0 .var "out_act", 7 0;
v0000014056db34b0_0 .var "out_psum", 31 0;
v0000014056db4450_0 .var/s "reg_weight", 7 0;
v0000014056db4130_0 .net "rst_n", 0 0, L_0000014056b6afc0;  alias, 1 drivers
S_0000014056dd43a0 .scope generate, "COL_LOOP[11]" "COL_LOOP[11]" 9 55, 9 55 0, S_0000014056dbdae0;
 .timescale -9 -12;
P_0000014056cf8ae0 .param/l "c" 0 9 55, +C4<01011>;
v0000014056db4270_0 .net "pe_in_act", 7 0, L_00000140569e2730;  1 drivers
v0000014056db3b90_0 .net "pe_in_psum", 31 0, L_00000140569e2420;  1 drivers
v0000014056db2c90_0 .net "pe_in_weight", 7 0, L_0000014056f0e940;  1 drivers
v0000014056db3870_0 .net "pe_load_en", 0 0, L_0000014056f0eee0;  1 drivers
S_0000014056dd1970 .scope generate, "genblk1" "genblk1" 9 61, 9 61 0, S_0000014056dd43a0;
 .timescale -9 -12;
L_00000140569e2730 .functor BUFZ 8, v0000014056db5030_0, C4<00000000>, C4<00000000>, C4<00000000>;
S_0000014056dd4080 .scope generate, "genblk2" "genblk2" 9 72, 9 72 0, S_0000014056dd43a0;
 .timescale -9 -12;
L_00000140569e2420 .functor BUFZ 32, v0000014056d96b70_0, C4<00000000000000000000000000000000>, C4<00000000000000000000000000000000>, C4<00000000000000000000000000000000>;
S_0000014056dd4e90 .scope module, "pe_inst" "pe" 9 91, 10 12 0, S_0000014056dd43a0;
 .timescale 0 0;
    .port_info 0 /INPUT 1 "clk";
    .port_info 1 /INPUT 1 "rst_n";
    .port_info 2 /INPUT 1 "en_compute";
    .port_info 3 /INPUT 1 "load_weight";
    .port_info 4 /INPUT 8 "in_act";
    .port_info 5 /INPUT 8 "in_weight";
    .port_info 6 /INPUT 32 "in_psum";
    .port_info 7 /OUTPUT 8 "out_act";
    .port_info 8 /OUTPUT 32 "out_psum";
v0000014056db44f0_0 .net "clk", 0 0, v0000014056e82620_0;  alias, 1 drivers
v0000014056db43b0_0 .net "en_compute", 0 0, L_0000014056eb1298;  alias, 1 drivers
v0000014056db3050_0 .net "in_act", 7 0, L_00000140569e2730;  alias, 1 drivers
v0000014056db3910_0 .net "in_psum", 31 0, L_00000140569e2420;  alias, 1 drivers
v0000014056db35f0_0 .net "in_weight", 7 0, L_0000014056f0e940;  alias, 1 drivers
v0000014056db3f50_0 .net "load_weight", 0 0, L_0000014056f0eee0;  alias, 1 drivers
v0000014056db3690_0 .var "out_act", 7 0;
v0000014056db3ff0_0 .var "out_psum", 31 0;
v0000014056db3730_0 .var/s "reg_weight", 7 0;
v0000014056db37d0_0 .net "rst_n", 0 0, L_0000014056b6afc0;  alias, 1 drivers
S_0000014056dd4b70 .scope generate, "COL_LOOP[12]" "COL_LOOP[12]" 9 55, 9 55 0, S_0000014056dbdae0;
 .timescale -9 -12;
P_0000014056cf7fe0 .param/l "c" 0 9 55, +C4<01100>;
v0000014056db5b70_0 .net "pe_in_act", 7 0, L_00000140569e20a0;  1 drivers
v0000014056db6f70_0 .net "pe_in_psum", 31 0, L_00000140569e22d0;  1 drivers
v0000014056db6250_0 .net "pe_in_weight", 7 0, L_0000014056f0f340;  1 drivers
v0000014056db6610_0 .net "pe_load_en", 0 0, L_0000014056f0f840;  1 drivers
S_0000014056dd5b10 .scope generate, "genblk1" "genblk1" 9 61, 9 61 0, S_0000014056dd4b70;
 .timescale -9 -12;
L_00000140569e20a0 .functor BUFZ 8, v0000014056db3690_0, C4<00000000>, C4<00000000>, C4<00000000>;
S_0000014056dd3bd0 .scope generate, "genblk2" "genblk2" 9 72, 9 72 0, S_0000014056dd4b70;
 .timescale -9 -12;
L_00000140569e22d0 .functor BUFZ 32, v0000014056d95770_0, C4<00000000000000000000000000000000>, C4<00000000000000000000000000000000>, C4<00000000000000000000000000000000>;
S_0000014056dd5020 .scope module, "pe_inst" "pe" 9 91, 10 12 0, S_0000014056dd4b70;
 .timescale 0 0;
    .port_info 0 /INPUT 1 "clk";
    .port_info 1 /INPUT 1 "rst_n";
    .port_info 2 /INPUT 1 "en_compute";
    .port_info 3 /INPUT 1 "load_weight";
    .port_info 4 /INPUT 8 "in_act";
    .port_info 5 /INPUT 8 "in_weight";
    .port_info 6 /INPUT 32 "in_psum";
    .port_info 7 /OUTPUT 8 "out_act";
    .port_info 8 /OUTPUT 32 "out_psum";
v0000014056db4d10_0 .net "clk", 0 0, v0000014056e82620_0;  alias, 1 drivers
v0000014056db4c70_0 .net "en_compute", 0 0, L_0000014056eb1298;  alias, 1 drivers
v0000014056db4db0_0 .net "in_act", 7 0, L_00000140569e20a0;  alias, 1 drivers
v0000014056db4ef0_0 .net "in_psum", 31 0, L_00000140569e22d0;  alias, 1 drivers
v0000014056db50d0_0 .net "in_weight", 7 0, L_0000014056f0f340;  alias, 1 drivers
v0000014056db2970_0 .net "load_weight", 0 0, L_0000014056f0f840;  alias, 1 drivers
v0000014056db2a10_0 .var "out_act", 7 0;
v0000014056db2ab0_0 .var "out_psum", 31 0;
v0000014056db70b0_0 .var/s "reg_weight", 7 0;
v0000014056db52b0_0 .net "rst_n", 0 0, L_0000014056b6afc0;  alias, 1 drivers
S_0000014056dd5ca0 .scope generate, "COL_LOOP[13]" "COL_LOOP[13]" 9 55, 9 55 0, S_0000014056dbdae0;
 .timescale -9 -12;
P_0000014056cf8b20 .param/l "c" 0 9 55, +C4<01101>;
v0000014056db5a30_0 .net "pe_in_act", 7 0, L_00000140569e2d50;  1 drivers
v0000014056db6cf0_0 .net "pe_in_psum", 31 0, L_00000140569e2490;  1 drivers
v0000014056db6930_0 .net "pe_in_weight", 7 0, L_0000014056f0e9e0;  1 drivers
v0000014056db78d0_0 .net "pe_load_en", 0 0, L_0000014056f0ea80;  1 drivers
S_0000014056dd4210 .scope generate, "genblk1" "genblk1" 9 61, 9 61 0, S_0000014056dd5ca0;
 .timescale -9 -12;
L_00000140569e2d50 .functor BUFZ 8, v0000014056db2a10_0, C4<00000000>, C4<00000000>, C4<00000000>;
S_0000014056dd54d0 .scope generate, "genblk2" "genblk2" 9 72, 9 72 0, S_0000014056dd5ca0;
 .timescale -9 -12;
L_00000140569e2490 .functor BUFZ 32, v0000014056d96fd0_0, C4<00000000000000000000000000000000>, C4<00000000000000000000000000000000>, C4<00000000000000000000000000000000>;
S_0000014056dd4530 .scope module, "pe_inst" "pe" 9 91, 10 12 0, S_0000014056dd5ca0;
 .timescale 0 0;
    .port_info 0 /INPUT 1 "clk";
    .port_info 1 /INPUT 1 "rst_n";
    .port_info 2 /INPUT 1 "en_compute";
    .port_info 3 /INPUT 1 "load_weight";
    .port_info 4 /INPUT 8 "in_act";
    .port_info 5 /INPUT 8 "in_weight";
    .port_info 6 /INPUT 32 "in_psum";
    .port_info 7 /OUTPUT 8 "out_act";
    .port_info 8 /OUTPUT 32 "out_psum";
v0000014056db7010_0 .net "clk", 0 0, v0000014056e82620_0;  alias, 1 drivers
v0000014056db62f0_0 .net "en_compute", 0 0, L_0000014056eb1298;  alias, 1 drivers
v0000014056db6bb0_0 .net "in_act", 7 0, L_00000140569e2d50;  alias, 1 drivers
v0000014056db7790_0 .net "in_psum", 31 0, L_00000140569e2490;  alias, 1 drivers
v0000014056db7150_0 .net "in_weight", 7 0, L_0000014056f0e9e0;  alias, 1 drivers
v0000014056db71f0_0 .net "load_weight", 0 0, L_0000014056f0ea80;  alias, 1 drivers
v0000014056db5ad0_0 .var "out_act", 7 0;
v0000014056db6c50_0 .var "out_psum", 31 0;
v0000014056db76f0_0 .var/s "reg_weight", 7 0;
v0000014056db5170_0 .net "rst_n", 0 0, L_0000014056b6afc0;  alias, 1 drivers
S_0000014056dd3270 .scope generate, "COL_LOOP[14]" "COL_LOOP[14]" 9 55, 9 55 0, S_0000014056dbdae0;
 .timescale -9 -12;
P_0000014056cf86e0 .param/l "c" 0 9 55, +C4<01110>;
v0000014056db7330_0 .net "pe_in_act", 7 0, L_00000140569e35a0;  1 drivers
v0000014056db57b0_0 .net "pe_in_psum", 31 0, L_00000140569e2ab0;  1 drivers
v0000014056db6750_0 .net "pe_in_weight", 7 0, L_0000014056f10420;  1 drivers
v0000014056db61b0_0 .net "pe_load_en", 0 0, L_0000014056f0f5c0;  1 drivers
S_0000014056dd22d0 .scope generate, "genblk1" "genblk1" 9 61, 9 61 0, S_0000014056dd3270;
 .timescale -9 -12;
L_00000140569e35a0 .functor BUFZ 8, v0000014056db5ad0_0, C4<00000000>, C4<00000000>, C4<00000000>;
S_0000014056dd5660 .scope generate, "genblk2" "genblk2" 9 72, 9 72 0, S_0000014056dd3270;
 .timescale -9 -12;
L_00000140569e2ab0 .functor BUFZ 32, v0000014056d96ad0_0, C4<00000000000000000000000000000000>, C4<00000000000000000000000000000000>, C4<00000000000000000000000000000000>;
S_0000014056dd1fb0 .scope module, "pe_inst" "pe" 9 91, 10 12 0, S_0000014056dd3270;
 .timescale 0 0;
    .port_info 0 /INPUT 1 "clk";
    .port_info 1 /INPUT 1 "rst_n";
    .port_info 2 /INPUT 1 "en_compute";
    .port_info 3 /INPUT 1 "load_weight";
    .port_info 4 /INPUT 8 "in_act";
    .port_info 5 /INPUT 8 "in_weight";
    .port_info 6 /INPUT 32 "in_psum";
    .port_info 7 /OUTPUT 8 "out_act";
    .port_info 8 /OUTPUT 32 "out_psum";
v0000014056db7830_0 .net "clk", 0 0, v0000014056e82620_0;  alias, 1 drivers
v0000014056db5fd0_0 .net "en_compute", 0 0, L_0000014056eb1298;  alias, 1 drivers
v0000014056db66b0_0 .net "in_act", 7 0, L_00000140569e35a0;  alias, 1 drivers
v0000014056db58f0_0 .net "in_psum", 31 0, L_00000140569e2ab0;  alias, 1 drivers
v0000014056db7650_0 .net "in_weight", 7 0, L_0000014056f10420;  alias, 1 drivers
v0000014056db6e30_0 .net "load_weight", 0 0, L_0000014056f0f5c0;  alias, 1 drivers
v0000014056db6ed0_0 .var "out_act", 7 0;
v0000014056db53f0_0 .var "out_psum", 31 0;
v0000014056db6070_0 .var/s "reg_weight", 7 0;
v0000014056db6110_0 .net "rst_n", 0 0, L_0000014056b6afc0;  alias, 1 drivers
S_0000014056dd2f50 .scope generate, "COL_LOOP[15]" "COL_LOOP[15]" 9 55, 9 55 0, S_0000014056dbdae0;
 .timescale -9 -12;
P_0000014056cf8060 .param/l "c" 0 9 55, +C4<01111>;
v0000014056db5cb0_0 .net "pe_in_act", 7 0, L_00000140569e29d0;  1 drivers
v0000014056db5530_0 .net "pe_in_psum", 31 0, L_00000140569e3a70;  1 drivers
v0000014056db5d50_0 .net "pe_in_weight", 7 0, L_0000014056f0ed00;  1 drivers
v0000014056db5210_0 .net "pe_load_en", 0 0, L_0000014056f0fd40;  1 drivers
S_0000014056dd3400 .scope generate, "genblk1" "genblk1" 9 61, 9 61 0, S_0000014056dd2f50;
 .timescale -9 -12;
L_00000140569e29d0 .functor BUFZ 8, v0000014056db6ed0_0, C4<00000000>, C4<00000000>, C4<00000000>;
S_0000014056dd4850 .scope generate, "genblk2" "genblk2" 9 72, 9 72 0, S_0000014056dd2f50;
 .timescale -9 -12;
L_00000140569e3a70 .functor BUFZ 32, v0000014056d97610_0, C4<00000000000000000000000000000000>, C4<00000000000000000000000000000000>, C4<00000000000000000000000000000000>;
S_0000014056dd2910 .scope module, "pe_inst" "pe" 9 91, 10 12 0, S_0000014056dd2f50;
 .timescale 0 0;
    .port_info 0 /INPUT 1 "clk";
    .port_info 1 /INPUT 1 "rst_n";
    .port_info 2 /INPUT 1 "en_compute";
    .port_info 3 /INPUT 1 "load_weight";
    .port_info 4 /INPUT 8 "in_act";
    .port_info 5 /INPUT 8 "in_weight";
    .port_info 6 /INPUT 32 "in_psum";
    .port_info 7 /OUTPUT 8 "out_act";
    .port_info 8 /OUTPUT 32 "out_psum";
v0000014056db7290_0 .net "clk", 0 0, v0000014056e82620_0;  alias, 1 drivers
v0000014056db75b0_0 .net "en_compute", 0 0, L_0000014056eb1298;  alias, 1 drivers
v0000014056db73d0_0 .net "in_act", 7 0, L_00000140569e29d0;  alias, 1 drivers
v0000014056db5990_0 .net "in_psum", 31 0, L_00000140569e3a70;  alias, 1 drivers
v0000014056db7470_0 .net "in_weight", 7 0, L_0000014056f0ed00;  alias, 1 drivers
v0000014056db5850_0 .net "load_weight", 0 0, L_0000014056f0fd40;  alias, 1 drivers
v0000014056db5c10_0 .var "out_act", 7 0;
v0000014056db5df0_0 .var "out_psum", 31 0;
v0000014056db64d0_0 .var/s "reg_weight", 7 0;
v0000014056db5350_0 .net "rst_n", 0 0, L_0000014056b6afc0;  alias, 1 drivers
S_0000014056dd3ef0 .scope generate, "ROW_LOOP[4]" "ROW_LOOP[4]" 9 54, 9 54 0, S_0000014056d859f0;
 .timescale -9 -12;
P_0000014056cf8760 .param/l "r" 0 9 54, +C4<0100>;
S_0000014056dd1c90 .scope generate, "COL_LOOP[0]" "COL_LOOP[0]" 9 55, 9 55 0, S_0000014056dd3ef0;
 .timescale -9 -12;
P_0000014056cf84e0 .param/l "c" 0 9 55, +C4<00>;
v0000014056db69d0_0 .net "pe_in_act", 7 0, L_0000014056f0f160;  1 drivers
v0000014056db6a70_0 .net "pe_in_psum", 31 0, L_00000140569e3b50;  1 drivers
v0000014056dba0d0_0 .net "pe_in_weight", 7 0, L_0000014056f0f020;  1 drivers
v0000014056db9450_0 .net "pe_load_en", 0 0, L_0000014056f10560;  1 drivers
S_0000014056dd2140 .scope generate, "genblk1" "genblk1" 9 61, 9 61 0, S_0000014056dd1c90;
 .timescale -9 -12;
S_0000014056dd2460 .scope generate, "genblk2" "genblk2" 9 72, 9 72 0, S_0000014056dd1c90;
 .timescale -9 -12;
L_00000140569e3b50 .functor BUFZ 32, v0000014056daf270_0, C4<00000000000000000000000000000000>, C4<00000000000000000000000000000000>, C4<00000000000000000000000000000000>;
S_0000014056dd51b0 .scope module, "pe_inst" "pe" 9 91, 10 12 0, S_0000014056dd1c90;
 .timescale 0 0;
    .port_info 0 /INPUT 1 "clk";
    .port_info 1 /INPUT 1 "rst_n";
    .port_info 2 /INPUT 1 "en_compute";
    .port_info 3 /INPUT 1 "load_weight";
    .port_info 4 /INPUT 8 "in_act";
    .port_info 5 /INPUT 8 "in_weight";
    .port_info 6 /INPUT 32 "in_psum";
    .port_info 7 /OUTPUT 8 "out_act";
    .port_info 8 /OUTPUT 32 "out_psum";
v0000014056db5490_0 .net "clk", 0 0, v0000014056e82620_0;  alias, 1 drivers
v0000014056db5e90_0 .net "en_compute", 0 0, L_0000014056eb1298;  alias, 1 drivers
v0000014056db55d0_0 .net "in_act", 7 0, L_0000014056f0f160;  alias, 1 drivers
v0000014056db6430_0 .net "in_psum", 31 0, L_00000140569e3b50;  alias, 1 drivers
v0000014056db5670_0 .net "in_weight", 7 0, L_0000014056f0f020;  alias, 1 drivers
v0000014056db5710_0 .net "load_weight", 0 0, L_0000014056f10560;  alias, 1 drivers
v0000014056db5f30_0 .var "out_act", 7 0;
v0000014056db6570_0 .var "out_psum", 31 0;
v0000014056db67f0_0 .var/s "reg_weight", 7 0;
v0000014056db6890_0 .net "rst_n", 0 0, L_0000014056b6afc0;  alias, 1 drivers
S_0000014056dd5980 .scope generate, "COL_LOOP[1]" "COL_LOOP[1]" 9 55, 9 55 0, S_0000014056dd3ef0;
 .timescale -9 -12;
P_0000014056cf7be0 .param/l "c" 0 9 55, +C4<01>;
v0000014056db8c30_0 .net "pe_in_act", 7 0, L_00000140569e2340;  1 drivers
v0000014056db9c70_0 .net "pe_in_psum", 31 0, L_00000140569e23b0;  1 drivers
v0000014056db8cd0_0 .net "pe_in_weight", 7 0, L_0000014056f0f660;  1 drivers
v0000014056db8f50_0 .net "pe_load_en", 0 0, L_0000014056f0f3e0;  1 drivers
S_0000014056dd5340 .scope generate, "genblk1" "genblk1" 9 61, 9 61 0, S_0000014056dd5980;
 .timescale -9 -12;
L_00000140569e2340 .functor BUFZ 8, v0000014056db5f30_0, C4<00000000>, C4<00000000>, C4<00000000>;
S_0000014056dd49e0 .scope generate, "genblk2" "genblk2" 9 72, 9 72 0, S_0000014056dd5980;
 .timescale -9 -12;
L_00000140569e23b0 .functor BUFZ 32, v0000014056dae5f0_0, C4<00000000000000000000000000000000>, C4<00000000000000000000000000000000>, C4<00000000000000000000000000000000>;
S_0000014056dd5e30 .scope module, "pe_inst" "pe" 9 91, 10 12 0, S_0000014056dd5980;
 .timescale 0 0;
    .port_info 0 /INPUT 1 "clk";
    .port_info 1 /INPUT 1 "rst_n";
    .port_info 2 /INPUT 1 "en_compute";
    .port_info 3 /INPUT 1 "load_weight";
    .port_info 4 /INPUT 8 "in_act";
    .port_info 5 /INPUT 8 "in_weight";
    .port_info 6 /INPUT 32 "in_psum";
    .port_info 7 /OUTPUT 8 "out_act";
    .port_info 8 /OUTPUT 32 "out_psum";
v0000014056db93b0_0 .net "clk", 0 0, v0000014056e82620_0;  alias, 1 drivers
v0000014056db9ef0_0 .net "en_compute", 0 0, L_0000014056eb1298;  alias, 1 drivers
v0000014056db7d30_0 .net "in_act", 7 0, L_00000140569e2340;  alias, 1 drivers
v0000014056db9f90_0 .net "in_psum", 31 0, L_00000140569e23b0;  alias, 1 drivers
v0000014056db9810_0 .net "in_weight", 7 0, L_0000014056f0f660;  alias, 1 drivers
v0000014056db7bf0_0 .net "load_weight", 0 0, L_0000014056f0f3e0;  alias, 1 drivers
v0000014056db7970_0 .var "out_act", 7 0;
v0000014056db8d70_0 .var "out_psum", 31 0;
v0000014056db80f0_0 .var/s "reg_weight", 7 0;
v0000014056db8eb0_0 .net "rst_n", 0 0, L_0000014056b6afc0;  alias, 1 drivers
S_0000014056dd2dc0 .scope generate, "COL_LOOP[2]" "COL_LOOP[2]" 9 55, 9 55 0, S_0000014056dd3ef0;
 .timescale -9 -12;
P_0000014056cf8460 .param/l "c" 0 9 55, +C4<010>;
v0000014056db9db0_0 .net "pe_in_act", 7 0, L_00000140569e2dc0;  1 drivers
v0000014056db87d0_0 .net "pe_in_psum", 31 0, L_00000140569e1fc0;  1 drivers
v0000014056db8690_0 .net "pe_in_weight", 7 0, L_0000014056f0ff20;  1 drivers
v0000014056db8550_0 .net "pe_load_en", 0 0, L_0000014056f0fde0;  1 drivers
S_0000014056dd1e20 .scope generate, "genblk1" "genblk1" 9 61, 9 61 0, S_0000014056dd2dc0;
 .timescale -9 -12;
L_00000140569e2dc0 .functor BUFZ 8, v0000014056db7970_0, C4<00000000>, C4<00000000>, C4<00000000>;
S_0000014056dd3590 .scope generate, "genblk2" "genblk2" 9 72, 9 72 0, S_0000014056dd2dc0;
 .timescale -9 -12;
L_00000140569e1fc0 .functor BUFZ 32, v0000014056dae050_0, C4<00000000000000000000000000000000>, C4<00000000000000000000000000000000>, C4<00000000000000000000000000000000>;
S_0000014056dd2c30 .scope module, "pe_inst" "pe" 9 91, 10 12 0, S_0000014056dd2dc0;
 .timescale 0 0;
    .port_info 0 /INPUT 1 "clk";
    .port_info 1 /INPUT 1 "rst_n";
    .port_info 2 /INPUT 1 "en_compute";
    .port_info 3 /INPUT 1 "load_weight";
    .port_info 4 /INPUT 8 "in_act";
    .port_info 5 /INPUT 8 "in_weight";
    .port_info 6 /INPUT 32 "in_psum";
    .port_info 7 /OUTPUT 8 "out_act";
    .port_info 8 /OUTPUT 32 "out_psum";
v0000014056db8230_0 .net "clk", 0 0, v0000014056e82620_0;  alias, 1 drivers
v0000014056db8190_0 .net "en_compute", 0 0, L_0000014056eb1298;  alias, 1 drivers
v0000014056db85f0_0 .net "in_act", 7 0, L_00000140569e2dc0;  alias, 1 drivers
v0000014056db8ff0_0 .net "in_psum", 31 0, L_00000140569e1fc0;  alias, 1 drivers
v0000014056db7dd0_0 .net "in_weight", 7 0, L_0000014056f0ff20;  alias, 1 drivers
v0000014056dba030_0 .net "load_weight", 0 0, L_0000014056f0fde0;  alias, 1 drivers
v0000014056db9d10_0 .var "out_act", 7 0;
v0000014056db7a10_0 .var "out_psum", 31 0;
v0000014056db9090_0 .var/s "reg_weight", 7 0;
v0000014056db84b0_0 .net "rst_n", 0 0, L_0000014056b6afc0;  alias, 1 drivers
S_0000014056dd3720 .scope generate, "COL_LOOP[3]" "COL_LOOP[3]" 9 55, 9 55 0, S_0000014056dd3ef0;
 .timescale -9 -12;
P_0000014056cf8720 .param/l "c" 0 9 55, +C4<011>;
v0000014056db8370_0 .net "pe_in_act", 7 0, L_00000140569e2500;  1 drivers
v0000014056db91d0_0 .net "pe_in_psum", 31 0, L_00000140569e2570;  1 drivers
v0000014056db8730_0 .net "pe_in_weight", 7 0, L_0000014056f0f480;  1 drivers
v0000014056db8870_0 .net "pe_load_en", 0 0, L_0000014056f0f8e0;  1 drivers
S_0000014056dd5fc0 .scope generate, "genblk1" "genblk1" 9 61, 9 61 0, S_0000014056dd3720;
 .timescale -9 -12;
L_00000140569e2500 .functor BUFZ 8, v0000014056db9d10_0, C4<00000000>, C4<00000000>, C4<00000000>;
S_0000014056dd6600 .scope generate, "genblk2" "genblk2" 9 72, 9 72 0, S_0000014056dd3720;
 .timescale -9 -12;
L_00000140569e2570 .functor BUFZ 32, v0000014056dae7d0_0, C4<00000000000000000000000000000000>, C4<00000000000000000000000000000000>, C4<00000000000000000000000000000000>;
S_0000014056dd6150 .scope module, "pe_inst" "pe" 9 91, 10 12 0, S_0000014056dd3720;
 .timescale 0 0;
    .port_info 0 /INPUT 1 "clk";
    .port_info 1 /INPUT 1 "rst_n";
    .port_info 2 /INPUT 1 "en_compute";
    .port_info 3 /INPUT 1 "load_weight";
    .port_info 4 /INPUT 8 "in_act";
    .port_info 5 /INPUT 8 "in_weight";
    .port_info 6 /INPUT 32 "in_psum";
    .port_info 7 /OUTPUT 8 "out_act";
    .port_info 8 /OUTPUT 32 "out_psum";
v0000014056db9950_0 .net "clk", 0 0, v0000014056e82620_0;  alias, 1 drivers
v0000014056db9130_0 .net "en_compute", 0 0, L_0000014056eb1298;  alias, 1 drivers
v0000014056db9590_0 .net "in_act", 7 0, L_00000140569e2500;  alias, 1 drivers
v0000014056db9b30_0 .net "in_psum", 31 0, L_00000140569e2570;  alias, 1 drivers
v0000014056db8410_0 .net "in_weight", 7 0, L_0000014056f0f480;  alias, 1 drivers
v0000014056db7ab0_0 .net "load_weight", 0 0, L_0000014056f0f8e0;  alias, 1 drivers
v0000014056db9e50_0 .var "out_act", 7 0;
v0000014056db7e70_0 .var "out_psum", 31 0;
v0000014056db7b50_0 .var/s "reg_weight", 7 0;
v0000014056db82d0_0 .net "rst_n", 0 0, L_0000014056b6afc0;  alias, 1 drivers
S_0000014056dd62e0 .scope generate, "COL_LOOP[4]" "COL_LOOP[4]" 9 55, 9 55 0, S_0000014056dd3ef0;
 .timescale -9 -12;
P_0000014056cf8860 .param/l "c" 0 9 55, +C4<0100>;
v0000014056db98b0_0 .net "pe_in_act", 7 0, L_00000140569e30d0;  1 drivers
v0000014056db96d0_0 .net "pe_in_psum", 31 0, L_00000140569e2180;  1 drivers
v0000014056db9770_0 .net "pe_in_weight", 7 0, L_0000014056f0f980;  1 drivers
v0000014056db99f0_0 .net "pe_load_en", 0 0, L_0000014056f0e580;  1 drivers
S_0000014056dd6470 .scope generate, "genblk1" "genblk1" 9 61, 9 61 0, S_0000014056dd62e0;
 .timescale -9 -12;
L_00000140569e30d0 .functor BUFZ 8, v0000014056db9e50_0, C4<00000000>, C4<00000000>, C4<00000000>;
S_0000014056dd38b0 .scope generate, "genblk2" "genblk2" 9 72, 9 72 0, S_0000014056dd62e0;
 .timescale -9 -12;
L_00000140569e2180 .functor BUFZ 32, v0000014056db0f30_0, C4<00000000000000000000000000000000>, C4<00000000000000000000000000000000>, C4<00000000000000000000000000000000>;
S_0000014056dd3a40 .scope module, "pe_inst" "pe" 9 91, 10 12 0, S_0000014056dd62e0;
 .timescale 0 0;
    .port_info 0 /INPUT 1 "clk";
    .port_info 1 /INPUT 1 "rst_n";
    .port_info 2 /INPUT 1 "en_compute";
    .port_info 3 /INPUT 1 "load_weight";
    .port_info 4 /INPUT 8 "in_act";
    .port_info 5 /INPUT 8 "in_weight";
    .port_info 6 /INPUT 32 "in_psum";
    .port_info 7 /OUTPUT 8 "out_act";
    .port_info 8 /OUTPUT 32 "out_psum";
v0000014056db89b0_0 .net "clk", 0 0, v0000014056e82620_0;  alias, 1 drivers
v0000014056db9630_0 .net "en_compute", 0 0, L_0000014056eb1298;  alias, 1 drivers
v0000014056db7c90_0 .net "in_act", 7 0, L_00000140569e30d0;  alias, 1 drivers
v0000014056db8a50_0 .net "in_psum", 31 0, L_00000140569e2180;  alias, 1 drivers
v0000014056db7f10_0 .net "in_weight", 7 0, L_0000014056f0f980;  alias, 1 drivers
v0000014056db7fb0_0 .net "load_weight", 0 0, L_0000014056f0e580;  alias, 1 drivers
v0000014056db8af0_0 .var "out_act", 7 0;
v0000014056db9270_0 .var "out_psum", 31 0;
v0000014056db8050_0 .var/s "reg_weight", 7 0;
v0000014056db8b90_0 .net "rst_n", 0 0, L_0000014056b6afc0;  alias, 1 drivers
S_0000014056dd30e0 .scope generate, "COL_LOOP[5]" "COL_LOOP[5]" 9 55, 9 55 0, S_0000014056dd3ef0;
 .timescale -9 -12;
P_0000014056cf88a0 .param/l "c" 0 9 55, +C4<0101>;
v0000014056dbc6f0_0 .net "pe_in_act", 7 0, L_00000140569e36f0;  1 drivers
v0000014056dba170_0 .net "pe_in_psum", 31 0, L_00000140569e3530;  1 drivers
v0000014056dbad50_0 .net "pe_in_weight", 7 0, L_0000014056f0e800;  1 drivers
v0000014056dbbbb0_0 .net "pe_load_en", 0 0, L_0000014056f0e300;  1 drivers
S_0000014056dd3d60 .scope generate, "genblk1" "genblk1" 9 61, 9 61 0, S_0000014056dd30e0;
 .timescale -9 -12;
L_00000140569e36f0 .functor BUFZ 8, v0000014056db8af0_0, C4<00000000>, C4<00000000>, C4<00000000>;
S_0000014056dd25f0 .scope generate, "genblk2" "genblk2" 9 72, 9 72 0, S_0000014056dd30e0;
 .timescale -9 -12;
L_00000140569e3530 .functor BUFZ 32, v0000014056db11b0_0, C4<00000000000000000000000000000000>, C4<00000000000000000000000000000000>, C4<00000000000000000000000000000000>;
S_0000014056dd6790 .scope module, "pe_inst" "pe" 9 91, 10 12 0, S_0000014056dd30e0;
 .timescale 0 0;
    .port_info 0 /INPUT 1 "clk";
    .port_info 1 /INPUT 1 "rst_n";
    .port_info 2 /INPUT 1 "en_compute";
    .port_info 3 /INPUT 1 "load_weight";
    .port_info 4 /INPUT 8 "in_act";
    .port_info 5 /INPUT 8 "in_weight";
    .port_info 6 /INPUT 32 "in_psum";
    .port_info 7 /OUTPUT 8 "out_act";
    .port_info 8 /OUTPUT 32 "out_psum";
v0000014056db9bd0_0 .net "clk", 0 0, v0000014056e82620_0;  alias, 1 drivers
v0000014056dba530_0 .net "en_compute", 0 0, L_0000014056eb1298;  alias, 1 drivers
v0000014056dbb890_0 .net "in_act", 7 0, L_00000140569e36f0;  alias, 1 drivers
v0000014056dba2b0_0 .net "in_psum", 31 0, L_00000140569e3530;  alias, 1 drivers
v0000014056dba3f0_0 .net "in_weight", 7 0, L_0000014056f0e800;  alias, 1 drivers
v0000014056dbc010_0 .net "load_weight", 0 0, L_0000014056f0e300;  alias, 1 drivers
v0000014056dbb250_0 .var "out_act", 7 0;
v0000014056dbba70_0 .var "out_psum", 31 0;
v0000014056dbc790_0 .var/s "reg_weight", 7 0;
v0000014056dbb2f0_0 .net "rst_n", 0 0, L_0000014056b6afc0;  alias, 1 drivers
S_0000014056dd6920 .scope generate, "COL_LOOP[6]" "COL_LOOP[6]" 9 55, 9 55 0, S_0000014056dd3ef0;
 .timescale -9 -12;
P_0000014056cf7c60 .param/l "c" 0 9 55, +C4<0110>;
v0000014056dbc470_0 .net "pe_in_act", 7 0, L_00000140569e28f0;  1 drivers
v0000014056dbc0b0_0 .net "pe_in_psum", 31 0, L_00000140569e3450;  1 drivers
v0000014056dbb390_0 .net "pe_in_weight", 7 0, L_0000014056f0fac0;  1 drivers
v0000014056dbb070_0 .net "pe_load_en", 0 0, L_0000014056f0f200;  1 drivers
S_0000014056dd6ab0 .scope generate, "genblk1" "genblk1" 9 61, 9 61 0, S_0000014056dd6920;
 .timescale -9 -12;
L_00000140569e28f0 .functor BUFZ 8, v0000014056dbb250_0, C4<00000000>, C4<00000000>, C4<00000000>;
S_0000014056dd2aa0 .scope generate, "genblk2" "genblk2" 9 72, 9 72 0, S_0000014056dd6920;
 .timescale -9 -12;
L_00000140569e3450 .functor BUFZ 32, v0000014056db20b0_0, C4<00000000000000000000000000000000>, C4<00000000000000000000000000000000>, C4<00000000000000000000000000000000>;
S_0000014056dd6c40 .scope module, "pe_inst" "pe" 9 91, 10 12 0, S_0000014056dd6920;
 .timescale 0 0;
    .port_info 0 /INPUT 1 "clk";
    .port_info 1 /INPUT 1 "rst_n";
    .port_info 2 /INPUT 1 "en_compute";
    .port_info 3 /INPUT 1 "load_weight";
    .port_info 4 /INPUT 8 "in_act";
    .port_info 5 /INPUT 8 "in_weight";
    .port_info 6 /INPUT 32 "in_psum";
    .port_info 7 /OUTPUT 8 "out_act";
    .port_info 8 /OUTPUT 32 "out_psum";
v0000014056dbafd0_0 .net "clk", 0 0, v0000014056e82620_0;  alias, 1 drivers
v0000014056dbbc50_0 .net "en_compute", 0 0, L_0000014056eb1298;  alias, 1 drivers
v0000014056dbbcf0_0 .net "in_act", 7 0, L_00000140569e28f0;  alias, 1 drivers
v0000014056dbb1b0_0 .net "in_psum", 31 0, L_00000140569e3450;  alias, 1 drivers
v0000014056dbb570_0 .net "in_weight", 7 0, L_0000014056f0fac0;  alias, 1 drivers
v0000014056dbb4d0_0 .net "load_weight", 0 0, L_0000014056f0f200;  alias, 1 drivers
v0000014056dbb750_0 .var "out_act", 7 0;
v0000014056dbc650_0 .var "out_psum", 31 0;
v0000014056dbb6b0_0 .var/s "reg_weight", 7 0;
v0000014056dba5d0_0 .net "rst_n", 0 0, L_0000014056b6afc0;  alias, 1 drivers
S_0000014056dd6dd0 .scope generate, "COL_LOOP[7]" "COL_LOOP[7]" 9 55, 9 55 0, S_0000014056dd3ef0;
 .timescale -9 -12;
P_0000014056cf87a0 .param/l "c" 0 9 55, +C4<0111>;
v0000014056dba850_0 .net "pe_in_act", 7 0, L_00000140569e2f10;  1 drivers
v0000014056dbc1f0_0 .net "pe_in_psum", 31 0, L_00000140569e2030;  1 drivers
v0000014056dbab70_0 .net "pe_in_weight", 7 0, L_0000014056f0e620;  1 drivers
v0000014056dba7b0_0 .net "pe_load_en", 0 0, L_0000014056f0fc00;  1 drivers
S_0000014056dd6f60 .scope generate, "genblk1" "genblk1" 9 61, 9 61 0, S_0000014056dd6dd0;
 .timescale -9 -12;
L_00000140569e2f10 .functor BUFZ 8, v0000014056dbb750_0, C4<00000000>, C4<00000000>, C4<00000000>;
S_0000014056dd7be0 .scope generate, "genblk2" "genblk2" 9 72, 9 72 0, S_0000014056dd6dd0;
 .timescale -9 -12;
L_00000140569e2030 .functor BUFZ 32, v0000014056db1390_0, C4<00000000000000000000000000000000>, C4<00000000000000000000000000000000>, C4<00000000000000000000000000000000>;
S_0000014056dd70f0 .scope module, "pe_inst" "pe" 9 91, 10 12 0, S_0000014056dd6dd0;
 .timescale 0 0;
    .port_info 0 /INPUT 1 "clk";
    .port_info 1 /INPUT 1 "rst_n";
    .port_info 2 /INPUT 1 "en_compute";
    .port_info 3 /INPUT 1 "load_weight";
    .port_info 4 /INPUT 8 "in_act";
    .port_info 5 /INPUT 8 "in_weight";
    .port_info 6 /INPUT 32 "in_psum";
    .port_info 7 /OUTPUT 8 "out_act";
    .port_info 8 /OUTPUT 32 "out_psum";
v0000014056dbb110_0 .net "clk", 0 0, v0000014056e82620_0;  alias, 1 drivers
v0000014056dbc510_0 .net "en_compute", 0 0, L_0000014056eb1298;  alias, 1 drivers
v0000014056dbb610_0 .net "in_act", 7 0, L_00000140569e2f10;  alias, 1 drivers
v0000014056dbc150_0 .net "in_psum", 31 0, L_00000140569e2030;  alias, 1 drivers
v0000014056dba670_0 .net "in_weight", 7 0, L_0000014056f0e620;  alias, 1 drivers
v0000014056dbbd90_0 .net "load_weight", 0 0, L_0000014056f0fc00;  alias, 1 drivers
v0000014056dbadf0_0 .var "out_act", 7 0;
v0000014056dbb7f0_0 .var "out_psum", 31 0;
v0000014056dba710_0 .var/s "reg_weight", 7 0;
v0000014056dbbe30_0 .net "rst_n", 0 0, L_0000014056b6afc0;  alias, 1 drivers
S_0000014056dd7280 .scope generate, "COL_LOOP[8]" "COL_LOOP[8]" 9 55, 9 55 0, S_0000014056dd3ef0;
 .timescale -9 -12;
P_0000014056cf8320 .param/l "c" 0 9 55, +C4<01000>;
v0000014056dbc8d0_0 .net "pe_in_act", 7 0, L_00000140569e34c0;  1 drivers
v0000014056dba8f0_0 .net "pe_in_psum", 31 0, L_00000140569e3610;  1 drivers
v0000014056dba350_0 .net "pe_in_weight", 7 0, L_0000014056f0ffc0;  1 drivers
v0000014056dba490_0 .net "pe_load_en", 0 0, L_0000014056f0eb20;  1 drivers
S_0000014056dd7410 .scope generate, "genblk1" "genblk1" 9 61, 9 61 0, S_0000014056dd7280;
 .timescale -9 -12;
L_00000140569e34c0 .functor BUFZ 8, v0000014056dbadf0_0, C4<00000000>, C4<00000000>, C4<00000000>;
S_0000014056dd75a0 .scope generate, "genblk2" "genblk2" 9 72, 9 72 0, S_0000014056dd7280;
 .timescale -9 -12;
L_00000140569e3610 .functor BUFZ 32, v0000014056db3190_0, C4<00000000000000000000000000000000>, C4<00000000000000000000000000000000>, C4<00000000000000000000000000000000>;
S_0000014056dd7730 .scope module, "pe_inst" "pe" 9 91, 10 12 0, S_0000014056dd7280;
 .timescale 0 0;
    .port_info 0 /INPUT 1 "clk";
    .port_info 1 /INPUT 1 "rst_n";
    .port_info 2 /INPUT 1 "en_compute";
    .port_info 3 /INPUT 1 "load_weight";
    .port_info 4 /INPUT 8 "in_act";
    .port_info 5 /INPUT 8 "in_weight";
    .port_info 6 /INPUT 32 "in_psum";
    .port_info 7 /OUTPUT 8 "out_act";
    .port_info 8 /OUTPUT 32 "out_psum";
v0000014056dbbed0_0 .net "clk", 0 0, v0000014056e82620_0;  alias, 1 drivers
v0000014056dbb930_0 .net "en_compute", 0 0, L_0000014056eb1298;  alias, 1 drivers
v0000014056dbbf70_0 .net "in_act", 7 0, L_00000140569e34c0;  alias, 1 drivers
v0000014056dbb9d0_0 .net "in_psum", 31 0, L_00000140569e3610;  alias, 1 drivers
v0000014056dbbb10_0 .net "in_weight", 7 0, L_0000014056f0ffc0;  alias, 1 drivers
v0000014056dbc330_0 .net "load_weight", 0 0, L_0000014056f0eb20;  alias, 1 drivers
v0000014056dbc3d0_0 .var "out_act", 7 0;
v0000014056dba210_0 .var "out_psum", 31 0;
v0000014056dbaf30_0 .var/s "reg_weight", 7 0;
v0000014056dbc830_0 .net "rst_n", 0 0, L_0000014056b6afc0;  alias, 1 drivers
S_0000014056dd78c0 .scope generate, "COL_LOOP[9]" "COL_LOOP[9]" 9 55, 9 55 0, S_0000014056dd3ef0;
 .timescale -9 -12;
P_0000014056cf87e0 .param/l "c" 0 9 55, +C4<01001>;
v0000014056dbd0f0_0 .net "pe_in_act", 7 0, L_00000140569e3840;  1 drivers
v0000014056dbcab0_0 .net "pe_in_psum", 31 0, L_00000140569e2110;  1 drivers
v0000014056dbd2d0_0 .net "pe_in_weight", 7 0, L_0000014056f10600;  1 drivers
v0000014056dbc970_0 .net "pe_load_en", 0 0, L_0000014056f10380;  1 drivers
S_0000014056dd7a50 .scope generate, "genblk1" "genblk1" 9 61, 9 61 0, S_0000014056dd78c0;
 .timescale -9 -12;
L_00000140569e3840 .functor BUFZ 8, v0000014056dbc3d0_0, C4<00000000>, C4<00000000>, C4<00000000>;
S_0000014056dd8540 .scope generate, "genblk2" "genblk2" 9 72, 9 72 0, S_0000014056dd78c0;
 .timescale -9 -12;
L_00000140569e2110 .functor BUFZ 32, v0000014056db4e50_0, C4<00000000000000000000000000000000>, C4<00000000000000000000000000000000>, C4<00000000000000000000000000000000>;
S_0000014056dd91c0 .scope module, "pe_inst" "pe" 9 91, 10 12 0, S_0000014056dd78c0;
 .timescale 0 0;
    .port_info 0 /INPUT 1 "clk";
    .port_info 1 /INPUT 1 "rst_n";
    .port_info 2 /INPUT 1 "en_compute";
    .port_info 3 /INPUT 1 "load_weight";
    .port_info 4 /INPUT 8 "in_act";
    .port_info 5 /INPUT 8 "in_weight";
    .port_info 6 /INPUT 32 "in_psum";
    .port_info 7 /OUTPUT 8 "out_act";
    .port_info 8 /OUTPUT 32 "out_psum";
v0000014056dbaa30_0 .net "clk", 0 0, v0000014056e82620_0;  alias, 1 drivers
v0000014056dbaad0_0 .net "en_compute", 0 0, L_0000014056eb1298;  alias, 1 drivers
v0000014056dbac10_0 .net "in_act", 7 0, L_00000140569e3840;  alias, 1 drivers
v0000014056dbacb0_0 .net "in_psum", 31 0, L_00000140569e2110;  alias, 1 drivers
v0000014056dbae90_0 .net "in_weight", 7 0, L_0000014056f10600;  alias, 1 drivers
v0000014056dbcb50_0 .net "load_weight", 0 0, L_0000014056f10380;  alias, 1 drivers
v0000014056dbd4b0_0 .var "out_act", 7 0;
v0000014056dbd370_0 .var "out_psum", 31 0;
v0000014056dbd7d0_0 .var/s "reg_weight", 7 0;
v0000014056dbcdd0_0 .net "rst_n", 0 0, L_0000014056b6afc0;  alias, 1 drivers
S_0000014056dd83b0 .scope generate, "COL_LOOP[10]" "COL_LOOP[10]" 9 55, 9 55 0, S_0000014056dd3ef0;
 .timescale -9 -12;
P_0000014056cf8420 .param/l "c" 0 9 55, +C4<01010>;
v0000014056dbcf10_0 .net "pe_in_act", 7 0, L_00000140569e2650;  1 drivers
v0000014056dbcbf0_0 .net "pe_in_psum", 31 0, L_00000140569e26c0;  1 drivers
v0000014056dbd190_0 .net "pe_in_weight", 7 0, L_0000014056f107e0;  1 drivers
v0000014056dbd230_0 .net "pe_load_en", 0 0, L_0000014056f0ebc0;  1 drivers
S_0000014056dd86d0 .scope generate, "genblk1" "genblk1" 9 61, 9 61 0, S_0000014056dd83b0;
 .timescale -9 -12;
L_00000140569e2650 .functor BUFZ 8, v0000014056dbd4b0_0, C4<00000000>, C4<00000000>, C4<00000000>;
S_0000014056dd8860 .scope generate, "genblk2" "genblk2" 9 72, 9 72 0, S_0000014056dd83b0;
 .timescale -9 -12;
L_00000140569e26c0 .functor BUFZ 32, v0000014056db34b0_0, C4<00000000000000000000000000000000>, C4<00000000000000000000000000000000>, C4<00000000000000000000000000000000>;
S_0000014056dd89f0 .scope module, "pe_inst" "pe" 9 91, 10 12 0, S_0000014056dd83b0;
 .timescale 0 0;
    .port_info 0 /INPUT 1 "clk";
    .port_info 1 /INPUT 1 "rst_n";
    .port_info 2 /INPUT 1 "en_compute";
    .port_info 3 /INPUT 1 "load_weight";
    .port_info 4 /INPUT 8 "in_act";
    .port_info 5 /INPUT 8 "in_weight";
    .port_info 6 /INPUT 32 "in_psum";
    .port_info 7 /OUTPUT 8 "out_act";
    .port_info 8 /OUTPUT 32 "out_psum";
v0000014056dbd410_0 .net "clk", 0 0, v0000014056e82620_0;  alias, 1 drivers
v0000014056dbcd30_0 .net "en_compute", 0 0, L_0000014056eb1298;  alias, 1 drivers
v0000014056dbd5f0_0 .net "in_act", 7 0, L_00000140569e2650;  alias, 1 drivers
v0000014056dbd690_0 .net "in_psum", 31 0, L_00000140569e26c0;  alias, 1 drivers
v0000014056dbcfb0_0 .net "in_weight", 7 0, L_0000014056f107e0;  alias, 1 drivers
v0000014056dbd050_0 .net "load_weight", 0 0, L_0000014056f0ebc0;  alias, 1 drivers
v0000014056dbd730_0 .var "out_act", 7 0;
v0000014056dbcc90_0 .var "out_psum", 31 0;
v0000014056dbca10_0 .var/s "reg_weight", 7 0;
v0000014056dbce70_0 .net "rst_n", 0 0, L_0000014056b6afc0;  alias, 1 drivers
S_0000014056dd8d10 .scope generate, "COL_LOOP[11]" "COL_LOOP[11]" 9 55, 9 55 0, S_0000014056dd3ef0;
 .timescale -9 -12;
P_0000014056cf8020 .param/l "c" 0 9 55, +C4<01011>;
v0000014056de2780_0 .net "pe_in_act", 7 0, L_00000140569e27a0;  1 drivers
v0000014056de3900_0 .net "pe_in_psum", 31 0, L_00000140569e2c70;  1 drivers
v0000014056de2fa0_0 .net "pe_in_weight", 7 0, L_0000014056f0fca0;  1 drivers
v0000014056de3f40_0 .net "pe_load_en", 0 0, L_0000014056f10880;  1 drivers
S_0000014056dd9030 .scope generate, "genblk1" "genblk1" 9 61, 9 61 0, S_0000014056dd8d10;
 .timescale -9 -12;
L_00000140569e27a0 .functor BUFZ 8, v0000014056dbd730_0, C4<00000000>, C4<00000000>, C4<00000000>;
S_0000014056dd9670 .scope generate, "genblk2" "genblk2" 9 72, 9 72 0, S_0000014056dd8d10;
 .timescale -9 -12;
L_00000140569e2c70 .functor BUFZ 32, v0000014056db3ff0_0, C4<00000000000000000000000000000000>, C4<00000000000000000000000000000000>, C4<00000000000000000000000000000000>;
S_0000014056dd7f00 .scope module, "pe_inst" "pe" 9 91, 10 12 0, S_0000014056dd8d10;
 .timescale 0 0;
    .port_info 0 /INPUT 1 "clk";
    .port_info 1 /INPUT 1 "rst_n";
    .port_info 2 /INPUT 1 "en_compute";
    .port_info 3 /INPUT 1 "load_weight";
    .port_info 4 /INPUT 8 "in_act";
    .port_info 5 /INPUT 8 "in_weight";
    .port_info 6 /INPUT 32 "in_psum";
    .port_info 7 /OUTPUT 8 "out_act";
    .port_info 8 /OUTPUT 32 "out_psum";
v0000014056de2a00_0 .net "clk", 0 0, v0000014056e82620_0;  alias, 1 drivers
v0000014056de1c40_0 .net "en_compute", 0 0, L_0000014056eb1298;  alias, 1 drivers
v0000014056de21e0_0 .net "in_act", 7 0, L_00000140569e27a0;  alias, 1 drivers
v0000014056de3c20_0 .net "in_psum", 31 0, L_00000140569e2c70;  alias, 1 drivers
v0000014056de30e0_0 .net "in_weight", 7 0, L_0000014056f0fca0;  alias, 1 drivers
v0000014056de35e0_0 .net "load_weight", 0 0, L_0000014056f10880;  alias, 1 drivers
v0000014056de2e60_0 .var "out_act", 7 0;
v0000014056de3400_0 .var "out_psum", 31 0;
v0000014056de2960_0 .var/s "reg_weight", 7 0;
v0000014056de39a0_0 .net "rst_n", 0 0, L_0000014056b6afc0;  alias, 1 drivers
S_0000014056dd8b80 .scope generate, "COL_LOOP[12]" "COL_LOOP[12]" 9 55, 9 55 0, S_0000014056dd3ef0;
 .timescale -9 -12;
P_0000014056cf88e0 .param/l "c" 0 9 55, +C4<01100>;
v0000014056de4120_0 .net "pe_in_act", 7 0, L_00000140569e2810;  1 drivers
v0000014056de2500_0 .net "pe_in_psum", 31 0, L_00000140569e3680;  1 drivers
v0000014056de3ae0_0 .net "pe_in_weight", 7 0, L_0000014056f0e3a0;  1 drivers
v0000014056de3540_0 .net "pe_load_en", 0 0, L_0000014056f0ec60;  1 drivers
S_0000014056dd8ea0 .scope generate, "genblk1" "genblk1" 9 61, 9 61 0, S_0000014056dd8b80;
 .timescale -9 -12;
L_00000140569e2810 .functor BUFZ 8, v0000014056de2e60_0, C4<00000000>, C4<00000000>, C4<00000000>;
S_0000014056dd9350 .scope generate, "genblk2" "genblk2" 9 72, 9 72 0, S_0000014056dd8b80;
 .timescale -9 -12;
L_00000140569e3680 .functor BUFZ 32, v0000014056db2ab0_0, C4<00000000000000000000000000000000>, C4<00000000000000000000000000000000>, C4<00000000000000000000000000000000>;
S_0000014056dd94e0 .scope module, "pe_inst" "pe" 9 91, 10 12 0, S_0000014056dd8b80;
 .timescale 0 0;
    .port_info 0 /INPUT 1 "clk";
    .port_info 1 /INPUT 1 "rst_n";
    .port_info 2 /INPUT 1 "en_compute";
    .port_info 3 /INPUT 1 "load_weight";
    .port_info 4 /INPUT 8 "in_act";
    .port_info 5 /INPUT 8 "in_weight";
    .port_info 6 /INPUT 32 "in_psum";
    .port_info 7 /OUTPUT 8 "out_act";
    .port_info 8 /OUTPUT 32 "out_psum";
v0000014056de34a0_0 .net "clk", 0 0, v0000014056e82620_0;  alias, 1 drivers
v0000014056de3b80_0 .net "en_compute", 0 0, L_0000014056eb1298;  alias, 1 drivers
v0000014056de3e00_0 .net "in_act", 7 0, L_00000140569e2810;  alias, 1 drivers
v0000014056de3cc0_0 .net "in_psum", 31 0, L_00000140569e3680;  alias, 1 drivers
v0000014056de1ba0_0 .net "in_weight", 7 0, L_0000014056f0e3a0;  alias, 1 drivers
v0000014056de3360_0 .net "load_weight", 0 0, L_0000014056f0ec60;  alias, 1 drivers
v0000014056de3680_0 .var "out_act", 7 0;
v0000014056de2f00_0 .var "out_psum", 31 0;
v0000014056de3fe0_0 .var/s "reg_weight", 7 0;
v0000014056de3ea0_0 .net "rst_n", 0 0, L_0000014056b6afc0;  alias, 1 drivers
S_0000014056dd7d70 .scope generate, "COL_LOOP[13]" "COL_LOOP[13]" 9 55, 9 55 0, S_0000014056dd3ef0;
 .timescale -9 -12;
P_0000014056cf8520 .param/l "c" 0 9 55, +C4<01101>;
v0000014056de19c0_0 .net "pe_in_act", 7 0, L_00000140569e2880;  1 drivers
v0000014056de37c0_0 .net "pe_in_psum", 31 0, L_00000140569e2960;  1 drivers
v0000014056de1d80_0 .net "pe_in_weight", 7 0, L_0000014056f0eda0;  1 drivers
v0000014056de26e0_0 .net "pe_load_en", 0 0, L_0000014056f0ef80;  1 drivers
S_0000014056dd8090 .scope generate, "genblk1" "genblk1" 9 61, 9 61 0, S_0000014056dd7d70;
 .timescale -9 -12;
L_00000140569e2880 .functor BUFZ 8, v0000014056de3680_0, C4<00000000>, C4<00000000>, C4<00000000>;
S_0000014056dd8220 .scope generate, "genblk2" "genblk2" 9 72, 9 72 0, S_0000014056dd7d70;
 .timescale -9 -12;
L_00000140569e2960 .functor BUFZ 32, v0000014056db6c50_0, C4<00000000000000000000000000000000>, C4<00000000000000000000000000000000>, C4<00000000000000000000000000000000>;
S_0000014056decd60 .scope module, "pe_inst" "pe" 9 91, 10 12 0, S_0000014056dd7d70;
 .timescale 0 0;
    .port_info 0 /INPUT 1 "clk";
    .port_info 1 /INPUT 1 "rst_n";
    .port_info 2 /INPUT 1 "en_compute";
    .port_info 3 /INPUT 1 "load_weight";
    .port_info 4 /INPUT 8 "in_act";
    .port_info 5 /INPUT 8 "in_weight";
    .port_info 6 /INPUT 32 "in_psum";
    .port_info 7 /OUTPUT 8 "out_act";
    .port_info 8 /OUTPUT 32 "out_psum";
v0000014056de3040_0 .net "clk", 0 0, v0000014056e82620_0;  alias, 1 drivers
v0000014056de2320_0 .net "en_compute", 0 0, L_0000014056eb1298;  alias, 1 drivers
v0000014056de2d20_0 .net "in_act", 7 0, L_00000140569e2880;  alias, 1 drivers
v0000014056de3d60_0 .net "in_psum", 31 0, L_00000140569e2960;  alias, 1 drivers
v0000014056de2b40_0 .net "in_weight", 7 0, L_0000014056f0eda0;  alias, 1 drivers
v0000014056de3720_0 .net "load_weight", 0 0, L_0000014056f0ef80;  alias, 1 drivers
v0000014056de3180_0 .var "out_act", 7 0;
v0000014056de4080_0 .var "out_psum", 31 0;
v0000014056de23c0_0 .var/s "reg_weight", 7 0;
v0000014056de1b00_0 .net "rst_n", 0 0, L_0000014056b6afc0;  alias, 1 drivers
S_0000014056dea4c0 .scope generate, "COL_LOOP[14]" "COL_LOOP[14]" 9 55, 9 55 0, S_0000014056dd3ef0;
 .timescale -9 -12;
P_0000014056cf8a60 .param/l "c" 0 9 55, +C4<01110>;
v0000014056de20a0_0 .net "pe_in_act", 7 0, L_00000140569e2b20;  1 drivers
v0000014056de3220_0 .net "pe_in_psum", 31 0, L_00000140569e2b90;  1 drivers
v0000014056de32c0_0 .net "pe_in_weight", 7 0, L_0000014056f0f520;  1 drivers
v0000014056de2640_0 .net "pe_load_en", 0 0, L_0000014056f10060;  1 drivers
S_0000014056deb910 .scope generate, "genblk1" "genblk1" 9 61, 9 61 0, S_0000014056dea4c0;
 .timescale -9 -12;
L_00000140569e2b20 .functor BUFZ 8, v0000014056de3180_0, C4<00000000>, C4<00000000>, C4<00000000>;
S_0000014056decef0 .scope generate, "genblk2" "genblk2" 9 72, 9 72 0, S_0000014056dea4c0;
 .timescale -9 -12;
L_00000140569e2b90 .functor BUFZ 32, v0000014056db53f0_0, C4<00000000000000000000000000000000>, C4<00000000000000000000000000000000>, C4<00000000000000000000000000000000>;
S_0000014056deae20 .scope module, "pe_inst" "pe" 9 91, 10 12 0, S_0000014056dea4c0;
 .timescale 0 0;
    .port_info 0 /INPUT 1 "clk";
    .port_info 1 /INPUT 1 "rst_n";
    .port_info 2 /INPUT 1 "en_compute";
    .port_info 3 /INPUT 1 "load_weight";
    .port_info 4 /INPUT 8 "in_act";
    .port_info 5 /INPUT 8 "in_weight";
    .port_info 6 /INPUT 32 "in_psum";
    .port_info 7 /OUTPUT 8 "out_act";
    .port_info 8 /OUTPUT 32 "out_psum";
v0000014056de1a60_0 .net "clk", 0 0, v0000014056e82620_0;  alias, 1 drivers
v0000014056de3860_0 .net "en_compute", 0 0, L_0000014056eb1298;  alias, 1 drivers
v0000014056de1ce0_0 .net "in_act", 7 0, L_00000140569e2b20;  alias, 1 drivers
v0000014056de1e20_0 .net "in_psum", 31 0, L_00000140569e2b90;  alias, 1 drivers
v0000014056de1ec0_0 .net "in_weight", 7 0, L_0000014056f0f520;  alias, 1 drivers
v0000014056de2280_0 .net "load_weight", 0 0, L_0000014056f10060;  alias, 1 drivers
v0000014056de1f60_0 .var "out_act", 7 0;
v0000014056de2460_0 .var "out_psum", 31 0;
v0000014056de2000_0 .var/s "reg_weight", 7 0;
v0000014056de25a0_0 .net "rst_n", 0 0, L_0000014056b6afc0;  alias, 1 drivers
S_0000014056dee1b0 .scope generate, "COL_LOOP[15]" "COL_LOOP[15]" 9 55, 9 55 0, S_0000014056dd3ef0;
 .timescale -9 -12;
P_0000014056cf7f20 .param/l "c" 0 9 55, +C4<01111>;
v0000014056de5660_0 .net "pe_in_act", 7 0, L_00000140569e3060;  1 drivers
v0000014056de4620_0 .net "pe_in_psum", 31 0, L_00000140569e2ce0;  1 drivers
v0000014056de5ca0_0 .net "pe_in_weight", 7 0, L_0000014056f10100;  1 drivers
v0000014056de52a0_0 .net "pe_load_en", 0 0, L_0000014056f0ee40;  1 drivers
S_0000014056dec0e0 .scope generate, "genblk1" "genblk1" 9 61, 9 61 0, S_0000014056dee1b0;
 .timescale -9 -12;
L_00000140569e3060 .functor BUFZ 8, v0000014056de1f60_0, C4<00000000>, C4<00000000>, C4<00000000>;
S_0000014056decbd0 .scope generate, "genblk2" "genblk2" 9 72, 9 72 0, S_0000014056dee1b0;
 .timescale -9 -12;
L_00000140569e2ce0 .functor BUFZ 32, v0000014056db5df0_0, C4<00000000000000000000000000000000>, C4<00000000000000000000000000000000>, C4<00000000000000000000000000000000>;
S_0000014056deafb0 .scope module, "pe_inst" "pe" 9 91, 10 12 0, S_0000014056dee1b0;
 .timescale 0 0;
    .port_info 0 /INPUT 1 "clk";
    .port_info 1 /INPUT 1 "rst_n";
    .port_info 2 /INPUT 1 "en_compute";
    .port_info 3 /INPUT 1 "load_weight";
    .port_info 4 /INPUT 8 "in_act";
    .port_info 5 /INPUT 8 "in_weight";
    .port_info 6 /INPUT 32 "in_psum";
    .port_info 7 /OUTPUT 8 "out_act";
    .port_info 8 /OUTPUT 32 "out_psum";
v0000014056de28c0_0 .net "clk", 0 0, v0000014056e82620_0;  alias, 1 drivers
v0000014056de2be0_0 .net "en_compute", 0 0, L_0000014056eb1298;  alias, 1 drivers
v0000014056de2c80_0 .net "in_act", 7 0, L_00000140569e3060;  alias, 1 drivers
v0000014056de5160_0 .net "in_psum", 31 0, L_00000140569e2ce0;  alias, 1 drivers
v0000014056de50c0_0 .net "in_weight", 7 0, L_0000014056f10100;  alias, 1 drivers
v0000014056de5de0_0 .net "load_weight", 0 0, L_0000014056f0ee40;  alias, 1 drivers
v0000014056de5020_0 .var "out_act", 7 0;
v0000014056de5b60_0 .var "out_psum", 31 0;
v0000014056de4940_0 .var/s "reg_weight", 7 0;
v0000014056de5200_0 .net "rst_n", 0 0, L_0000014056b6afc0;  alias, 1 drivers
S_0000014056dec270 .scope generate, "ROW_LOOP[5]" "ROW_LOOP[5]" 9 54, 9 54 0, S_0000014056d859f0;
 .timescale -9 -12;
P_0000014056cf7ce0 .param/l "r" 0 9 54, +C4<0101>;
S_0000014056dedb70 .scope generate, "COL_LOOP[0]" "COL_LOOP[0]" 9 55, 9 55 0, S_0000014056dec270;
 .timescale -9 -12;
P_0000014056cf8920 .param/l "c" 0 9 55, +C4<00>;
v0000014056de43a0_0 .net "pe_in_act", 7 0, L_0000014056f0f2a0;  1 drivers
v0000014056de4b20_0 .net "pe_in_psum", 31 0, L_00000140569e2e30;  1 drivers
v0000014056de6920_0 .net "pe_in_weight", 7 0, L_0000014056f101a0;  1 drivers
v0000014056de5840_0 .net "pe_load_en", 0 0, L_0000014056f10240;  1 drivers
S_0000014056dede90 .scope generate, "genblk1" "genblk1" 9 61, 9 61 0, S_0000014056dedb70;
 .timescale -9 -12;
S_0000014056dea7e0 .scope generate, "genblk2" "genblk2" 9 72, 9 72 0, S_0000014056dedb70;
 .timescale -9 -12;
L_00000140569e2e30 .functor BUFZ 32, v0000014056db6570_0, C4<00000000000000000000000000000000>, C4<00000000000000000000000000000000>, C4<00000000000000000000000000000000>;
S_0000014056ded530 .scope module, "pe_inst" "pe" 9 91, 10 12 0, S_0000014056dedb70;
 .timescale 0 0;
    .port_info 0 /INPUT 1 "clk";
    .port_info 1 /INPUT 1 "rst_n";
    .port_info 2 /INPUT 1 "en_compute";
    .port_info 3 /INPUT 1 "load_weight";
    .port_info 4 /INPUT 8 "in_act";
    .port_info 5 /INPUT 8 "in_weight";
    .port_info 6 /INPUT 32 "in_psum";
    .port_info 7 /OUTPUT 8 "out_act";
    .port_info 8 /OUTPUT 32 "out_psum";
v0000014056de6740_0 .net "clk", 0 0, v0000014056e82620_0;  alias, 1 drivers
v0000014056de5700_0 .net "en_compute", 0 0, L_0000014056eb1298;  alias, 1 drivers
v0000014056de58e0_0 .net "in_act", 7 0, L_0000014056f0f2a0;  alias, 1 drivers
v0000014056de6240_0 .net "in_psum", 31 0, L_00000140569e2e30;  alias, 1 drivers
v0000014056de4440_0 .net "in_weight", 7 0, L_0000014056f101a0;  alias, 1 drivers
v0000014056de4300_0 .net "load_weight", 0 0, L_0000014056f10240;  alias, 1 drivers
v0000014056de6420_0 .var "out_act", 7 0;
v0000014056de5980_0 .var "out_psum", 31 0;
v0000014056de62e0_0 .var/s "reg_weight", 7 0;
v0000014056de5340_0 .net "rst_n", 0 0, L_0000014056b6afc0;  alias, 1 drivers
S_0000014056ded6c0 .scope generate, "COL_LOOP[1]" "COL_LOOP[1]" 9 55, 9 55 0, S_0000014056dec270;
 .timescale -9 -12;
P_0000014056cf8b60 .param/l "c" 0 9 55, +C4<01>;
v0000014056de4d00_0 .net "pe_in_act", 7 0, L_00000140569e31b0;  1 drivers
v0000014056de6560_0 .net "pe_in_psum", 31 0, L_00000140569e2f80;  1 drivers
v0000014056de6600_0 .net "pe_in_weight", 7 0, L_0000014056f111e0;  1 drivers
v0000014056de5c00_0 .net "pe_load_en", 0 0, L_0000014056f10920;  1 drivers
S_0000014056deb140 .scope generate, "genblk1" "genblk1" 9 61, 9 61 0, S_0000014056ded6c0;
 .timescale -9 -12;
L_00000140569e31b0 .functor BUFZ 8, v0000014056de6420_0, C4<00000000>, C4<00000000>, C4<00000000>;
S_0000014056deac90 .scope generate, "genblk2" "genblk2" 9 72, 9 72 0, S_0000014056ded6c0;
 .timescale -9 -12;
L_00000140569e2f80 .functor BUFZ 32, v0000014056db8d70_0, C4<00000000000000000000000000000000>, C4<00000000000000000000000000000000>, C4<00000000000000000000000000000000>;
S_0000014056deb2d0 .scope module, "pe_inst" "pe" 9 91, 10 12 0, S_0000014056ded6c0;
 .timescale 0 0;
    .port_info 0 /INPUT 1 "clk";
    .port_info 1 /INPUT 1 "rst_n";
    .port_info 2 /INPUT 1 "en_compute";
    .port_info 3 /INPUT 1 "load_weight";
    .port_info 4 /INPUT 8 "in_act";
    .port_info 5 /INPUT 8 "in_weight";
    .port_info 6 /INPUT 32 "in_psum";
    .port_info 7 /OUTPUT 8 "out_act";
    .port_info 8 /OUTPUT 32 "out_psum";
v0000014056de5a20_0 .net "clk", 0 0, v0000014056e82620_0;  alias, 1 drivers
v0000014056de5ac0_0 .net "en_compute", 0 0, L_0000014056eb1298;  alias, 1 drivers
v0000014056de6380_0 .net "in_act", 7 0, L_00000140569e31b0;  alias, 1 drivers
v0000014056de53e0_0 .net "in_psum", 31 0, L_00000140569e2f80;  alias, 1 drivers
v0000014056de44e0_0 .net "in_weight", 7 0, L_0000014056f111e0;  alias, 1 drivers
v0000014056de64c0_0 .net "load_weight", 0 0, L_0000014056f10920;  alias, 1 drivers
v0000014056de4580_0 .var "out_act", 7 0;
v0000014056de5e80_0 .var "out_psum", 31 0;
v0000014056de5480_0 .var/s "reg_weight", 7 0;
v0000014056de4c60_0 .net "rst_n", 0 0, L_0000014056b6afc0;  alias, 1 drivers
S_0000014056deb460 .scope generate, "COL_LOOP[2]" "COL_LOOP[2]" 9 55, 9 55 0, S_0000014056dec270;
 .timescale -9 -12;
P_0000014056cf8960 .param/l "c" 0 9 55, +C4<010>;
v0000014056de4e40_0 .net "pe_in_act", 7 0, L_00000140569e3140;  1 drivers
v0000014056de48a0_0 .net "pe_in_psum", 31 0, L_00000140569e3bc0;  1 drivers
v0000014056de4da0_0 .net "pe_in_weight", 7 0, L_0000014056f10ce0;  1 drivers
v0000014056de61a0_0 .net "pe_load_en", 0 0, L_0000014056f12e00;  1 drivers
S_0000014056ded080 .scope generate, "genblk1" "genblk1" 9 61, 9 61 0, S_0000014056deb460;
 .timescale -9 -12;
L_00000140569e3140 .functor BUFZ 8, v0000014056de4580_0, C4<00000000>, C4<00000000>, C4<00000000>;
S_0000014056ded210 .scope generate, "genblk2" "genblk2" 9 72, 9 72 0, S_0000014056deb460;
 .timescale -9 -12;
L_00000140569e3bc0 .functor BUFZ 32, v0000014056db7a10_0, C4<00000000000000000000000000000000>, C4<00000000000000000000000000000000>, C4<00000000000000000000000000000000>;
S_0000014056dee020 .scope module, "pe_inst" "pe" 9 91, 10 12 0, S_0000014056deb460;
 .timescale 0 0;
    .port_info 0 /INPUT 1 "clk";
    .port_info 1 /INPUT 1 "rst_n";
    .port_info 2 /INPUT 1 "en_compute";
    .port_info 3 /INPUT 1 "load_weight";
    .port_info 4 /INPUT 8 "in_act";
    .port_info 5 /INPUT 8 "in_weight";
    .port_info 6 /INPUT 32 "in_psum";
    .port_info 7 /OUTPUT 8 "out_act";
    .port_info 8 /OUTPUT 32 "out_psum";
v0000014056de41c0_0 .net "clk", 0 0, v0000014056e82620_0;  alias, 1 drivers
v0000014056de4f80_0 .net "en_compute", 0 0, L_0000014056eb1298;  alias, 1 drivers
v0000014056de5d40_0 .net "in_act", 7 0, L_00000140569e3140;  alias, 1 drivers
v0000014056de67e0_0 .net "in_psum", 31 0, L_00000140569e3bc0;  alias, 1 drivers
v0000014056de4ee0_0 .net "in_weight", 7 0, L_0000014056f10ce0;  alias, 1 drivers
v0000014056de4760_0 .net "load_weight", 0 0, L_0000014056f12e00;  alias, 1 drivers
v0000014056de5f20_0 .var "out_act", 7 0;
v0000014056de6880_0 .var "out_psum", 31 0;
v0000014056de4260_0 .var/s "reg_weight", 7 0;
v0000014056de4800_0 .net "rst_n", 0 0, L_0000014056b6afc0;  alias, 1 drivers
S_0000014056dec400 .scope generate, "COL_LOOP[3]" "COL_LOOP[3]" 9 55, 9 55 0, S_0000014056dec270;
 .timescale -9 -12;
P_0000014056cf8120 .param/l "c" 0 9 55, +C4<011>;
v0000014056de7a00_0 .net "pe_in_act", 7 0, L_00000140569e3ca0;  1 drivers
v0000014056de6ba0_0 .net "pe_in_psum", 31 0, L_00000140569e3df0;  1 drivers
v0000014056de75a0_0 .net "pe_in_weight", 7 0, L_0000014056f12ea0;  1 drivers
v0000014056de7820_0 .net "pe_load_en", 0 0, L_0000014056f11be0;  1 drivers
S_0000014056dec8b0 .scope generate, "genblk1" "genblk1" 9 61, 9 61 0, S_0000014056dec400;
 .timescale -9 -12;
L_00000140569e3ca0 .functor BUFZ 8, v0000014056de5f20_0, C4<00000000>, C4<00000000>, C4<00000000>;
S_0000014056deab00 .scope generate, "genblk2" "genblk2" 9 72, 9 72 0, S_0000014056dec400;
 .timescale -9 -12;
L_00000140569e3df0 .functor BUFZ 32, v0000014056db7e70_0, C4<00000000000000000000000000000000>, C4<00000000000000000000000000000000>, C4<00000000000000000000000000000000>;
S_0000014056dea1a0 .scope module, "pe_inst" "pe" 9 91, 10 12 0, S_0000014056dec400;
 .timescale 0 0;
    .port_info 0 /INPUT 1 "clk";
    .port_info 1 /INPUT 1 "rst_n";
    .port_info 2 /INPUT 1 "en_compute";
    .port_info 3 /INPUT 1 "load_weight";
    .port_info 4 /INPUT 8 "in_act";
    .port_info 5 /INPUT 8 "in_weight";
    .port_info 6 /INPUT 32 "in_psum";
    .port_info 7 /OUTPUT 8 "out_act";
    .port_info 8 /OUTPUT 32 "out_psum";
v0000014056de6060_0 .net "clk", 0 0, v0000014056e82620_0;  alias, 1 drivers
v0000014056de5520_0 .net "en_compute", 0 0, L_0000014056eb1298;  alias, 1 drivers
v0000014056de55c0_0 .net "in_act", 7 0, L_00000140569e3ca0;  alias, 1 drivers
v0000014056de49e0_0 .net "in_psum", 31 0, L_00000140569e3df0;  alias, 1 drivers
v0000014056de57a0_0 .net "in_weight", 7 0, L_0000014056f12ea0;  alias, 1 drivers
v0000014056de4a80_0 .net "load_weight", 0 0, L_0000014056f11be0;  alias, 1 drivers
v0000014056de6100_0 .var "out_act", 7 0;
v0000014056de7320_0 .var "out_psum", 31 0;
v0000014056de7000_0 .var/s "reg_weight", 7 0;
v0000014056de70a0_0 .net "rst_n", 0 0, L_0000014056b6afc0;  alias, 1 drivers
S_0000014056debc30 .scope generate, "COL_LOOP[4]" "COL_LOOP[4]" 9 55, 9 55 0, S_0000014056dec270;
 .timescale -9 -12;
P_0000014056cf80a0 .param/l "c" 0 9 55, +C4<0100>;
v0000014056de8fe0_0 .net "pe_in_act", 7 0, L_00000140569e3d10;  1 drivers
v0000014056de8180_0 .net "pe_in_psum", 31 0, L_00000140569e3c30;  1 drivers
v0000014056de7c80_0 .net "pe_in_weight", 7 0, L_0000014056f113c0;  1 drivers
v0000014056de87c0_0 .net "pe_load_en", 0 0, L_0000014056f120e0;  1 drivers
S_0000014056debdc0 .scope generate, "genblk1" "genblk1" 9 61, 9 61 0, S_0000014056debc30;
 .timescale -9 -12;
L_00000140569e3d10 .functor BUFZ 8, v0000014056de6100_0, C4<00000000>, C4<00000000>, C4<00000000>;
S_0000014056dee340 .scope generate, "genblk2" "genblk2" 9 72, 9 72 0, S_0000014056debc30;
 .timescale -9 -12;
L_00000140569e3c30 .functor BUFZ 32, v0000014056db9270_0, C4<00000000000000000000000000000000>, C4<00000000000000000000000000000000>, C4<00000000000000000000000000000000>;
S_0000014056dedd00 .scope module, "pe_inst" "pe" 9 91, 10 12 0, S_0000014056debc30;
 .timescale 0 0;
    .port_info 0 /INPUT 1 "clk";
    .port_info 1 /INPUT 1 "rst_n";
    .port_info 2 /INPUT 1 "en_compute";
    .port_info 3 /INPUT 1 "load_weight";
    .port_info 4 /INPUT 8 "in_act";
    .port_info 5 /INPUT 8 "in_weight";
    .port_info 6 /INPUT 32 "in_psum";
    .port_info 7 /OUTPUT 8 "out_act";
    .port_info 8 /OUTPUT 32 "out_psum";
v0000014056de7e60_0 .net "clk", 0 0, v0000014056e82620_0;  alias, 1 drivers
v0000014056de7be0_0 .net "en_compute", 0 0, L_0000014056eb1298;  alias, 1 drivers
v0000014056de6e20_0 .net "in_act", 7 0, L_00000140569e3d10;  alias, 1 drivers
v0000014056de84a0_0 .net "in_psum", 31 0, L_00000140569e3c30;  alias, 1 drivers
v0000014056de7aa0_0 .net "in_weight", 7 0, L_0000014056f113c0;  alias, 1 drivers
v0000014056de8540_0 .net "load_weight", 0 0, L_0000014056f120e0;  alias, 1 drivers
v0000014056de7140_0 .var "out_act", 7 0;
v0000014056de85e0_0 .var "out_psum", 31 0;
v0000014056de7b40_0 .var/s "reg_weight", 7 0;
v0000014056de8720_0 .net "rst_n", 0 0, L_0000014056b6afc0;  alias, 1 drivers
S_0000014056dea330 .scope generate, "COL_LOOP[5]" "COL_LOOP[5]" 9 55, 9 55 0, S_0000014056dec270;
 .timescale -9 -12;
P_0000014056cf7d60 .param/l "c" 0 9 55, +C4<0101>;
v0000014056de7640_0 .net "pe_in_act", 7 0, L_00000140569e3d80;  1 drivers
v0000014056de8900_0 .net "pe_in_psum", 31 0, L_00000140569e3e60;  1 drivers
v0000014056de89a0_0 .net "pe_in_weight", 7 0, L_0000014056f10a60;  1 drivers
v0000014056de8220_0 .net "pe_load_en", 0 0, L_0000014056f12400;  1 drivers
S_0000014056ded3a0 .scope generate, "genblk1" "genblk1" 9 61, 9 61 0, S_0000014056dea330;
 .timescale -9 -12;
L_00000140569e3d80 .functor BUFZ 8, v0000014056de7140_0, C4<00000000>, C4<00000000>, C4<00000000>;
S_0000014056deca40 .scope generate, "genblk2" "genblk2" 9 72, 9 72 0, S_0000014056dea330;
 .timescale -9 -12;
L_00000140569e3e60 .functor BUFZ 32, v0000014056dbba70_0, C4<00000000000000000000000000000000>, C4<00000000000000000000000000000000>, C4<00000000000000000000000000000000>;
S_0000014056deb5f0 .scope module, "pe_inst" "pe" 9 91, 10 12 0, S_0000014056dea330;
 .timescale 0 0;
    .port_info 0 /INPUT 1 "clk";
    .port_info 1 /INPUT 1 "rst_n";
    .port_info 2 /INPUT 1 "en_compute";
    .port_info 3 /INPUT 1 "load_weight";
    .port_info 4 /INPUT 8 "in_act";
    .port_info 5 /INPUT 8 "in_weight";
    .port_info 6 /INPUT 32 "in_psum";
    .port_info 7 /OUTPUT 8 "out_act";
    .port_info 8 /OUTPUT 32 "out_psum";
v0000014056de6b00_0 .net "clk", 0 0, v0000014056e82620_0;  alias, 1 drivers
v0000014056de80e0_0 .net "en_compute", 0 0, L_0000014056eb1298;  alias, 1 drivers
v0000014056de9080_0 .net "in_act", 7 0, L_00000140569e3d80;  alias, 1 drivers
v0000014056de7f00_0 .net "in_psum", 31 0, L_00000140569e3e60;  alias, 1 drivers
v0000014056de8400_0 .net "in_weight", 7 0, L_0000014056f10a60;  alias, 1 drivers
v0000014056de9120_0 .net "load_weight", 0 0, L_0000014056f12400;  alias, 1 drivers
v0000014056de8360_0 .var "out_act", 7 0;
v0000014056de6c40_0 .var "out_psum", 31 0;
v0000014056de7d20_0 .var/s "reg_weight", 7 0;
v0000014056de8860_0 .net "rst_n", 0 0, L_0000014056b6afc0;  alias, 1 drivers
S_0000014056dee4d0 .scope generate, "COL_LOOP[6]" "COL_LOOP[6]" 9 55, 9 55 0, S_0000014056dec270;
 .timescale -9 -12;
P_0000014056cf7ba0 .param/l "c" 0 9 55, +C4<0110>;
v0000014056de82c0_0 .net "pe_in_act", 7 0, L_00000140569e3ed0;  1 drivers
v0000014056de7780_0 .net "pe_in_psum", 31 0, L_0000014056c883d0;  1 drivers
v0000014056de8b80_0 .net "pe_in_weight", 7 0, L_0000014056f13080;  1 drivers
v0000014056de7dc0_0 .net "pe_load_en", 0 0, L_0000014056f11e60;  1 drivers
S_0000014056debf50 .scope generate, "genblk1" "genblk1" 9 61, 9 61 0, S_0000014056dee4d0;
 .timescale -9 -12;
L_00000140569e3ed0 .functor BUFZ 8, v0000014056de8360_0, C4<00000000>, C4<00000000>, C4<00000000>;
S_0000014056ded850 .scope generate, "genblk2" "genblk2" 9 72, 9 72 0, S_0000014056dee4d0;
 .timescale -9 -12;
L_0000014056c883d0 .functor BUFZ 32, v0000014056dbc650_0, C4<00000000000000000000000000000000>, C4<00000000000000000000000000000000>, C4<00000000000000000000000000000000>;
S_0000014056dee660 .scope module, "pe_inst" "pe" 9 91, 10 12 0, S_0000014056dee4d0;
 .timescale 0 0;
    .port_info 0 /INPUT 1 "clk";
    .port_info 1 /INPUT 1 "rst_n";
    .port_info 2 /INPUT 1 "en_compute";
    .port_info 3 /INPUT 1 "load_weight";
    .port_info 4 /INPUT 8 "in_act";
    .port_info 5 /INPUT 8 "in_weight";
    .port_info 6 /INPUT 32 "in_psum";
    .port_info 7 /OUTPUT 8 "out_act";
    .port_info 8 /OUTPUT 32 "out_psum";
v0000014056de76e0_0 .net "clk", 0 0, v0000014056e82620_0;  alias, 1 drivers
v0000014056de6ce0_0 .net "en_compute", 0 0, L_0000014056eb1298;  alias, 1 drivers
v0000014056de8040_0 .net "in_act", 7 0, L_00000140569e3ed0;  alias, 1 drivers
v0000014056de8a40_0 .net "in_psum", 31 0, L_0000014056c883d0;  alias, 1 drivers
v0000014056de7fa0_0 .net "in_weight", 7 0, L_0000014056f13080;  alias, 1 drivers
v0000014056de71e0_0 .net "load_weight", 0 0, L_0000014056f11e60;  alias, 1 drivers
v0000014056de7500_0 .var "out_act", 7 0;
v0000014056de69c0_0 .var "out_psum", 31 0;
v0000014056de8ae0_0 .var/s "reg_weight", 7 0;
v0000014056de6d80_0 .net "rst_n", 0 0, L_0000014056b6afc0;  alias, 1 drivers
S_0000014056dea650 .scope generate, "COL_LOOP[7]" "COL_LOOP[7]" 9 55, 9 55 0, S_0000014056dec270;
 .timescale -9 -12;
P_0000014056cf80e0 .param/l "c" 0 9 55, +C4<0111>;
v0000014056de7960_0 .net "pe_in_act", 7 0, L_0000014056c882f0;  1 drivers
v0000014056de9f80_0 .net "pe_in_psum", 31 0, L_0000014056c87800;  1 drivers
v0000014056de94e0_0 .net "pe_in_weight", 7 0, L_0000014056f12f40;  1 drivers
v0000014056de9ee0_0 .net "pe_load_en", 0 0, L_0000014056f11460;  1 drivers
S_0000014056dec590 .scope generate, "genblk1" "genblk1" 9 61, 9 61 0, S_0000014056dea650;
 .timescale -9 -12;
L_0000014056c882f0 .functor BUFZ 8, v0000014056de7500_0, C4<00000000>, C4<00000000>, C4<00000000>;
S_0000014056ded9e0 .scope generate, "genblk2" "genblk2" 9 72, 9 72 0, S_0000014056dea650;
 .timescale -9 -12;
L_0000014056c87800 .functor BUFZ 32, v0000014056dbb7f0_0, C4<00000000000000000000000000000000>, C4<00000000000000000000000000000000>, C4<00000000000000000000000000000000>;
S_0000014056dee7f0 .scope module, "pe_inst" "pe" 9 91, 10 12 0, S_0000014056dea650;
 .timescale 0 0;
    .port_info 0 /INPUT 1 "clk";
    .port_info 1 /INPUT 1 "rst_n";
    .port_info 2 /INPUT 1 "en_compute";
    .port_info 3 /INPUT 1 "load_weight";
    .port_info 4 /INPUT 8 "in_act";
    .port_info 5 /INPUT 8 "in_weight";
    .port_info 6 /INPUT 32 "in_psum";
    .port_info 7 /OUTPUT 8 "out_act";
    .port_info 8 /OUTPUT 32 "out_psum";
v0000014056de6ec0_0 .net "clk", 0 0, v0000014056e82620_0;  alias, 1 drivers
v0000014056de6a60_0 .net "en_compute", 0 0, L_0000014056eb1298;  alias, 1 drivers
v0000014056de8d60_0 .net "in_act", 7 0, L_0000014056c882f0;  alias, 1 drivers
v0000014056de6f60_0 .net "in_psum", 31 0, L_0000014056c87800;  alias, 1 drivers
v0000014056de8e00_0 .net "in_weight", 7 0, L_0000014056f12f40;  alias, 1 drivers
v0000014056de7280_0 .net "load_weight", 0 0, L_0000014056f11460;  alias, 1 drivers
v0000014056de78c0_0 .var "out_act", 7 0;
v0000014056de8ea0_0 .var "out_psum", 31 0;
v0000014056de8f40_0 .var/s "reg_weight", 7 0;
v0000014056de7460_0 .net "rst_n", 0 0, L_0000014056b6afc0;  alias, 1 drivers
S_0000014056dee980 .scope generate, "COL_LOOP[8]" "COL_LOOP[8]" 9 55, 9 55 0, S_0000014056dec270;
 .timescale -9 -12;
P_0000014056cf8160 .param/l "c" 0 9 55, +C4<01000>;
v0000014056de93a0_0 .net "pe_in_act", 7 0, L_0000014056c87b10;  1 drivers
v0000014056de9440_0 .net "pe_in_psum", 31 0, L_0000014056c87790;  1 drivers
v0000014056de9620_0 .net "pe_in_weight", 7 0, L_0000014056f11500;  1 drivers
v0000014056de9940_0 .net "pe_load_en", 0 0, L_0000014056f10ba0;  1 drivers
S_0000014056dec720 .scope generate, "genblk1" "genblk1" 9 61, 9 61 0, S_0000014056dee980;
 .timescale -9 -12;
L_0000014056c87b10 .functor BUFZ 8, v0000014056de78c0_0, C4<00000000>, C4<00000000>, C4<00000000>;
S_0000014056dea970 .scope generate, "genblk2" "genblk2" 9 72, 9 72 0, S_0000014056dee980;
 .timescale -9 -12;
L_0000014056c87790 .functor BUFZ 32, v0000014056dba210_0, C4<00000000000000000000000000000000>, C4<00000000000000000000000000000000>, C4<00000000000000000000000000000000>;
S_0000014056def470 .scope module, "pe_inst" "pe" 9 91, 10 12 0, S_0000014056dee980;
 .timescale 0 0;
    .port_info 0 /INPUT 1 "clk";
    .port_info 1 /INPUT 1 "rst_n";
    .port_info 2 /INPUT 1 "en_compute";
    .port_info 3 /INPUT 1 "load_weight";
    .port_info 4 /INPUT 8 "in_act";
    .port_info 5 /INPUT 8 "in_weight";
    .port_info 6 /INPUT 32 "in_psum";
    .port_info 7 /OUTPUT 8 "out_act";
    .port_info 8 /OUTPUT 32 "out_psum";
v0000014056de9c60_0 .net "clk", 0 0, v0000014056e82620_0;  alias, 1 drivers
v0000014056de9a80_0 .net "en_compute", 0 0, L_0000014056eb1298;  alias, 1 drivers
v0000014056de9d00_0 .net "in_act", 7 0, L_0000014056c87b10;  alias, 1 drivers
v0000014056de9580_0 .net "in_psum", 31 0, L_0000014056c87790;  alias, 1 drivers
v0000014056de9da0_0 .net "in_weight", 7 0, L_0000014056f11500;  alias, 1 drivers
v0000014056de9b20_0 .net "load_weight", 0 0, L_0000014056f10ba0;  alias, 1 drivers
v0000014056de9260_0 .var "out_act", 7 0;
v0000014056dea020_0 .var "out_psum", 31 0;
v0000014056de9300_0 .var/s "reg_weight", 7 0;
v0000014056de9e40_0 .net "rst_n", 0 0, L_0000014056b6afc0;  alias, 1 drivers
S_0000014056deeb10 .scope generate, "COL_LOOP[9]" "COL_LOOP[9]" 9 55, 9 55 0, S_0000014056dec270;
 .timescale -9 -12;
P_0000014056cf7da0 .param/l "c" 0 9 55, +C4<01001>;
v0000014056ddb520_0 .net "pe_in_act", 7 0, L_0000014056c88210;  1 drivers
v0000014056ddab20_0 .net "pe_in_psum", 31 0, L_0000014056c887c0;  1 drivers
v0000014056ddc2e0_0 .net "pe_in_weight", 7 0, L_0000014056f12180;  1 drivers
v0000014056dda9e0_0 .net "pe_load_en", 0 0, L_0000014056f11280;  1 drivers
S_0000014056deeca0 .scope generate, "genblk1" "genblk1" 9 61, 9 61 0, S_0000014056deeb10;
 .timescale -9 -12;
L_0000014056c88210 .functor BUFZ 8, v0000014056de9260_0, C4<00000000>, C4<00000000>, C4<00000000>;
S_0000014056debaa0 .scope generate, "genblk2" "genblk2" 9 72, 9 72 0, S_0000014056deeb10;
 .timescale -9 -12;
L_0000014056c887c0 .functor BUFZ 32, v0000014056dbd370_0, C4<00000000000000000000000000000000>, C4<00000000000000000000000000000000>, C4<00000000000000000000000000000000>;
S_0000014056deee30 .scope module, "pe_inst" "pe" 9 91, 10 12 0, S_0000014056deeb10;
 .timescale 0 0;
    .port_info 0 /INPUT 1 "clk";
    .port_info 1 /INPUT 1 "rst_n";
    .port_info 2 /INPUT 1 "en_compute";
    .port_info 3 /INPUT 1 "load_weight";
    .port_info 4 /INPUT 8 "in_act";
    .port_info 5 /INPUT 8 "in_weight";
    .port_info 6 /INPUT 32 "in_psum";
    .port_info 7 /OUTPUT 8 "out_act";
    .port_info 8 /OUTPUT 32 "out_psum";
v0000014056de99e0_0 .net "clk", 0 0, v0000014056e82620_0;  alias, 1 drivers
v0000014056de9760_0 .net "en_compute", 0 0, L_0000014056eb1298;  alias, 1 drivers
v0000014056de9800_0 .net "in_act", 7 0, L_0000014056c88210;  alias, 1 drivers
v0000014056de98a0_0 .net "in_psum", 31 0, L_0000014056c887c0;  alias, 1 drivers
v0000014056de9bc0_0 .net "in_weight", 7 0, L_0000014056f12180;  alias, 1 drivers
v0000014056ddb480_0 .net "load_weight", 0 0, L_0000014056f11280;  alias, 1 drivers
v0000014056ddc740_0 .var "out_act", 7 0;
v0000014056dda940_0 .var "out_psum", 31 0;
v0000014056dda300_0 .var/s "reg_weight", 7 0;
v0000014056ddb5c0_0 .net "rst_n", 0 0, L_0000014056b6afc0;  alias, 1 drivers
S_0000014056deefc0 .scope generate, "COL_LOOP[10]" "COL_LOOP[10]" 9 55, 9 55 0, S_0000014056dec270;
 .timescale -9 -12;
P_0000014056cf7de0 .param/l "c" 0 9 55, +C4<01010>;
v0000014056ddbd40_0 .net "pe_in_act", 7 0, L_0000014056c86fb0;  1 drivers
v0000014056ddc920_0 .net "pe_in_psum", 31 0, L_0000014056c86f40;  1 drivers
v0000014056ddb840_0 .net "pe_in_weight", 7 0, L_0000014056f11dc0;  1 drivers
v0000014056ddb980_0 .net "pe_load_en", 0 0, L_0000014056f11b40;  1 drivers
S_0000014056def150 .scope generate, "genblk1" "genblk1" 9 61, 9 61 0, S_0000014056deefc0;
 .timescale -9 -12;
L_0000014056c86fb0 .functor BUFZ 8, v0000014056ddc740_0, C4<00000000>, C4<00000000>, C4<00000000>;
S_0000014056def2e0 .scope generate, "genblk2" "genblk2" 9 72, 9 72 0, S_0000014056deefc0;
 .timescale -9 -12;
L_0000014056c86f40 .functor BUFZ 32, v0000014056dbcc90_0, C4<00000000000000000000000000000000>, C4<00000000000000000000000000000000>, C4<00000000000000000000000000000000>;
S_0000014056def600 .scope module, "pe_inst" "pe" 9 91, 10 12 0, S_0000014056deefc0;
 .timescale 0 0;
    .port_info 0 /INPUT 1 "clk";
    .port_info 1 /INPUT 1 "rst_n";
    .port_info 2 /INPUT 1 "en_compute";
    .port_info 3 /INPUT 1 "load_weight";
    .port_info 4 /INPUT 8 "in_act";
    .port_info 5 /INPUT 8 "in_weight";
    .port_info 6 /INPUT 32 "in_psum";
    .port_info 7 /OUTPUT 8 "out_act";
    .port_info 8 /OUTPUT 32 "out_psum";
v0000014056ddbde0_0 .net "clk", 0 0, v0000014056e82620_0;  alias, 1 drivers
v0000014056ddb020_0 .net "en_compute", 0 0, L_0000014056eb1298;  alias, 1 drivers
v0000014056ddb160_0 .net "in_act", 7 0, L_0000014056c86fb0;  alias, 1 drivers
v0000014056ddaa80_0 .net "in_psum", 31 0, L_0000014056c86f40;  alias, 1 drivers
v0000014056ddabc0_0 .net "in_weight", 7 0, L_0000014056f11dc0;  alias, 1 drivers
v0000014056ddc600_0 .net "load_weight", 0 0, L_0000014056f11b40;  alias, 1 drivers
v0000014056ddbf20_0 .var "out_act", 7 0;
v0000014056ddb2a0_0 .var "out_psum", 31 0;
v0000014056ddb660_0 .var/s "reg_weight", 7 0;
v0000014056dda620_0 .net "rst_n", 0 0, L_0000014056b6afc0;  alias, 1 drivers
S_0000014056def790 .scope generate, "COL_LOOP[11]" "COL_LOOP[11]" 9 55, 9 55 0, S_0000014056dec270;
 .timescale -9 -12;
P_0000014056cf8220 .param/l "c" 0 9 55, +C4<01011>;
v0000014056ddb8e0_0 .net "pe_in_act", 7 0, L_0000014056c87b80;  1 drivers
v0000014056ddbca0_0 .net "pe_in_psum", 31 0, L_0000014056c86df0;  1 drivers
v0000014056ddac60_0 .net "pe_in_weight", 7 0, L_0000014056f12680;  1 drivers
v0000014056ddb7a0_0 .net "pe_load_en", 0 0, L_0000014056f12540;  1 drivers
S_0000014056deb780 .scope generate, "genblk1" "genblk1" 9 61, 9 61 0, S_0000014056def790;
 .timescale -9 -12;
L_0000014056c87b80 .functor BUFZ 8, v0000014056ddbf20_0, C4<00000000>, C4<00000000>, C4<00000000>;
S_0000014056def920 .scope generate, "genblk2" "genblk2" 9 72, 9 72 0, S_0000014056def790;
 .timescale -9 -12;
L_0000014056c86df0 .functor BUFZ 32, v0000014056de3400_0, C4<00000000000000000000000000000000>, C4<00000000000000000000000000000000>, C4<00000000000000000000000000000000>;
S_0000014056defab0 .scope module, "pe_inst" "pe" 9 91, 10 12 0, S_0000014056def790;
 .timescale 0 0;
    .port_info 0 /INPUT 1 "clk";
    .port_info 1 /INPUT 1 "rst_n";
    .port_info 2 /INPUT 1 "en_compute";
    .port_info 3 /INPUT 1 "load_weight";
    .port_info 4 /INPUT 8 "in_act";
    .port_info 5 /INPUT 8 "in_weight";
    .port_info 6 /INPUT 32 "in_psum";
    .port_info 7 /OUTPUT 8 "out_act";
    .port_info 8 /OUTPUT 32 "out_psum";
v0000014056ddbe80_0 .net "clk", 0 0, v0000014056e82620_0;  alias, 1 drivers
v0000014056ddb200_0 .net "en_compute", 0 0, L_0000014056eb1298;  alias, 1 drivers
v0000014056dda440_0 .net "in_act", 7 0, L_0000014056c87b80;  alias, 1 drivers
v0000014056dda3a0_0 .net "in_psum", 31 0, L_0000014056c86df0;  alias, 1 drivers
v0000014056dda4e0_0 .net "in_weight", 7 0, L_0000014056f12680;  alias, 1 drivers
v0000014056ddc7e0_0 .net "load_weight", 0 0, L_0000014056f12540;  alias, 1 drivers
v0000014056ddbfc0_0 .var "out_act", 7 0;
v0000014056ddb340_0 .var "out_psum", 31 0;
v0000014056ddbac0_0 .var/s "reg_weight", 7 0;
v0000014056ddaee0_0 .net "rst_n", 0 0, L_0000014056b6afc0;  alias, 1 drivers
S_0000014056df0280 .scope generate, "COL_LOOP[12]" "COL_LOOP[12]" 9 55, 9 55 0, S_0000014056dec270;
 .timescale -9 -12;
P_0000014056cf8360 .param/l "c" 0 9 55, +C4<01100>;
v0000014056ddb0c0_0 .net "pe_in_act", 7 0, L_0000014056c87020;  1 drivers
v0000014056ddc100_0 .net "pe_in_psum", 31 0, L_0000014056c87090;  1 drivers
v0000014056ddc240_0 .net "pe_in_weight", 7 0, L_0000014056f11c80;  1 drivers
v0000014056ddc380_0 .net "pe_load_en", 0 0, L_0000014056f12220;  1 drivers
S_0000014056defc40 .scope generate, "genblk1" "genblk1" 9 61, 9 61 0, S_0000014056df0280;
 .timescale -9 -12;
L_0000014056c87020 .functor BUFZ 8, v0000014056ddbfc0_0, C4<00000000>, C4<00000000>, C4<00000000>;
S_0000014056defdd0 .scope generate, "genblk2" "genblk2" 9 72, 9 72 0, S_0000014056df0280;
 .timescale -9 -12;
L_0000014056c87090 .functor BUFZ 32, v0000014056de2f00_0, C4<00000000000000000000000000000000>, C4<00000000000000000000000000000000>, C4<00000000000000000000000000000000>;
S_0000014056deff60 .scope module, "pe_inst" "pe" 9 91, 10 12 0, S_0000014056df0280;
 .timescale 0 0;
    .port_info 0 /INPUT 1 "clk";
    .port_info 1 /INPUT 1 "rst_n";
    .port_info 2 /INPUT 1 "en_compute";
    .port_info 3 /INPUT 1 "load_weight";
    .port_info 4 /INPUT 8 "in_act";
    .port_info 5 /INPUT 8 "in_weight";
    .port_info 6 /INPUT 32 "in_psum";
    .port_info 7 /OUTPUT 8 "out_act";
    .port_info 8 /OUTPUT 32 "out_psum";
v0000014056ddad00_0 .net "clk", 0 0, v0000014056e82620_0;  alias, 1 drivers
v0000014056ddc1a0_0 .net "en_compute", 0 0, L_0000014056eb1298;  alias, 1 drivers
v0000014056ddb700_0 .net "in_act", 7 0, L_0000014056c87020;  alias, 1 drivers
v0000014056ddbb60_0 .net "in_psum", 31 0, L_0000014056c87090;  alias, 1 drivers
v0000014056dda580_0 .net "in_weight", 7 0, L_0000014056f11c80;  alias, 1 drivers
v0000014056ddada0_0 .net "load_weight", 0 0, L_0000014056f12220;  alias, 1 drivers
v0000014056ddc060_0 .var "out_act", 7 0;
v0000014056ddaf80_0 .var "out_psum", 31 0;
v0000014056ddc6a0_0 .var/s "reg_weight", 7 0;
v0000014056ddbc00_0 .net "rst_n", 0 0, L_0000014056b6afc0;  alias, 1 drivers
S_0000014056df00f0 .scope generate, "COL_LOOP[13]" "COL_LOOP[13]" 9 55, 9 55 0, S_0000014056dec270;
 .timescale -9 -12;
P_0000014056cf8260 .param/l "c" 0 9 55, +C4<01101>;
v0000014056dde5e0_0 .net "pe_in_act", 7 0, L_0000014056c87f70;  1 drivers
v0000014056ddd960_0 .net "pe_in_psum", 31 0, L_0000014056c86ed0;  1 drivers
v0000014056dde9a0_0 .net "pe_in_weight", 7 0, L_0000014056f11f00;  1 drivers
v0000014056dde860_0 .net "pe_load_en", 0 0, L_0000014056f10d80;  1 drivers
S_0000014056df0410 .scope generate, "genblk1" "genblk1" 9 61, 9 61 0, S_0000014056df00f0;
 .timescale -9 -12;
L_0000014056c87f70 .functor BUFZ 8, v0000014056ddc060_0, C4<00000000>, C4<00000000>, C4<00000000>;
S_0000014056df05a0 .scope generate, "genblk2" "genblk2" 9 72, 9 72 0, S_0000014056df00f0;
 .timescale -9 -12;
L_0000014056c86ed0 .functor BUFZ 32, v0000014056de4080_0, C4<00000000000000000000000000000000>, C4<00000000000000000000000000000000>, C4<00000000000000000000000000000000>;
S_0000014056df1b80 .scope module, "pe_inst" "pe" 9 91, 10 12 0, S_0000014056df00f0;
 .timescale 0 0;
    .port_info 0 /INPUT 1 "clk";
    .port_info 1 /INPUT 1 "rst_n";
    .port_info 2 /INPUT 1 "en_compute";
    .port_info 3 /INPUT 1 "load_weight";
    .port_info 4 /INPUT 8 "in_act";
    .port_info 5 /INPUT 8 "in_weight";
    .port_info 6 /INPUT 32 "in_psum";
    .port_info 7 /OUTPUT 8 "out_act";
    .port_info 8 /OUTPUT 32 "out_psum";
v0000014056ddc420_0 .net "clk", 0 0, v0000014056e82620_0;  alias, 1 drivers
v0000014056dda6c0_0 .net "en_compute", 0 0, L_0000014056eb1298;  alias, 1 drivers
v0000014056ddc4c0_0 .net "in_act", 7 0, L_0000014056c87f70;  alias, 1 drivers
v0000014056ddc560_0 .net "in_psum", 31 0, L_0000014056c86ed0;  alias, 1 drivers
v0000014056dda1c0_0 .net "in_weight", 7 0, L_0000014056f11f00;  alias, 1 drivers
v0000014056dda260_0 .net "load_weight", 0 0, L_0000014056f10d80;  alias, 1 drivers
v0000014056dda760_0 .var "out_act", 7 0;
v0000014056dda800_0 .var "out_psum", 31 0;
v0000014056dda8a0_0 .var/s "reg_weight", 7 0;
v0000014056ddec20_0 .net "rst_n", 0 0, L_0000014056b6afc0;  alias, 1 drivers
S_0000014056df0d70 .scope generate, "COL_LOOP[14]" "COL_LOOP[14]" 9 55, 9 55 0, S_0000014056dec270;
 .timescale -9 -12;
P_0000014056cf82a0 .param/l "c" 0 9 55, +C4<01110>;
v0000014056ddea40_0 .net "pe_in_act", 7 0, L_0000014056c87100;  1 drivers
v0000014056ddefe0_0 .net "pe_in_psum", 31 0, L_0000014056c87170;  1 drivers
v0000014056ddeea0_0 .net "pe_in_weight", 7 0, L_0000014056f10f60;  1 drivers
v0000014056dde4a0_0 .net "pe_load_en", 0 0, L_0000014056f109c0;  1 drivers
S_0000014056df1220 .scope generate, "genblk1" "genblk1" 9 61, 9 61 0, S_0000014056df0d70;
 .timescale -9 -12;
L_0000014056c87100 .functor BUFZ 8, v0000014056dda760_0, C4<00000000>, C4<00000000>, C4<00000000>;
S_0000014056df0730 .scope generate, "genblk2" "genblk2" 9 72, 9 72 0, S_0000014056df0d70;
 .timescale -9 -12;
L_0000014056c87170 .functor BUFZ 32, v0000014056de2460_0, C4<00000000000000000000000000000000>, C4<00000000000000000000000000000000>, C4<00000000000000000000000000000000>;
S_0000014056df16d0 .scope module, "pe_inst" "pe" 9 91, 10 12 0, S_0000014056df0d70;
 .timescale 0 0;
    .port_info 0 /INPUT 1 "clk";
    .port_info 1 /INPUT 1 "rst_n";
    .port_info 2 /INPUT 1 "en_compute";
    .port_info 3 /INPUT 1 "load_weight";
    .port_info 4 /INPUT 8 "in_act";
    .port_info 5 /INPUT 8 "in_weight";
    .port_info 6 /INPUT 32 "in_psum";
    .port_info 7 /OUTPUT 8 "out_act";
    .port_info 8 /OUTPUT 32 "out_psum";
v0000014056dde400_0 .net "clk", 0 0, v0000014056e82620_0;  alias, 1 drivers
v0000014056dde680_0 .net "en_compute", 0 0, L_0000014056eb1298;  alias, 1 drivers
v0000014056dde720_0 .net "in_act", 7 0, L_0000014056c87100;  alias, 1 drivers
v0000014056dde0e0_0 .net "in_psum", 31 0, L_0000014056c87170;  alias, 1 drivers
v0000014056dde180_0 .net "in_weight", 7 0, L_0000014056f10f60;  alias, 1 drivers
v0000014056ddf120_0 .net "load_weight", 0 0, L_0000014056f109c0;  alias, 1 drivers
v0000014056ddd780_0 .var "out_act", 7 0;
v0000014056dde7c0_0 .var "out_psum", 31 0;
v0000014056ddee00_0 .var/s "reg_weight", 7 0;
v0000014056ddecc0_0 .net "rst_n", 0 0, L_0000014056b6afc0;  alias, 1 drivers
S_0000014056df19f0 .scope generate, "COL_LOOP[15]" "COL_LOOP[15]" 9 55, 9 55 0, S_0000014056dec270;
 .timescale -9 -12;
P_0000014056cf83a0 .param/l "c" 0 9 55, +C4<01111>;
v0000014056dde2c0_0 .net "pe_in_act", 7 0, L_0000014056c878e0;  1 drivers
v0000014056dddfa0_0 .net "pe_in_psum", 31 0, L_0000014056c87fe0;  1 drivers
v0000014056dde540_0 .net "pe_in_weight", 7 0, L_0000014056f122c0;  1 drivers
v0000014056ddcb00_0 .net "pe_load_en", 0 0, L_0000014056f118c0;  1 drivers
S_0000014056df1d10 .scope generate, "genblk1" "genblk1" 9 61, 9 61 0, S_0000014056df19f0;
 .timescale -9 -12;
L_0000014056c878e0 .functor BUFZ 8, v0000014056ddd780_0, C4<00000000>, C4<00000000>, C4<00000000>;
S_0000014056df13b0 .scope generate, "genblk2" "genblk2" 9 72, 9 72 0, S_0000014056df19f0;
 .timescale -9 -12;
L_0000014056c87fe0 .functor BUFZ 32, v0000014056de5b60_0, C4<00000000000000000000000000000000>, C4<00000000000000000000000000000000>, C4<00000000000000000000000000000000>;
S_0000014056df1ea0 .scope module, "pe_inst" "pe" 9 91, 10 12 0, S_0000014056df19f0;
 .timescale 0 0;
    .port_info 0 /INPUT 1 "clk";
    .port_info 1 /INPUT 1 "rst_n";
    .port_info 2 /INPUT 1 "en_compute";
    .port_info 3 /INPUT 1 "load_weight";
    .port_info 4 /INPUT 8 "in_act";
    .port_info 5 /INPUT 8 "in_weight";
    .port_info 6 /INPUT 32 "in_psum";
    .port_info 7 /OUTPUT 8 "out_act";
    .port_info 8 /OUTPUT 32 "out_psum";
v0000014056ddd820_0 .net "clk", 0 0, v0000014056e82620_0;  alias, 1 drivers
v0000014056ddd460_0 .net "en_compute", 0 0, L_0000014056eb1298;  alias, 1 drivers
v0000014056dde220_0 .net "in_act", 7 0, L_0000014056c878e0;  alias, 1 drivers
v0000014056dddc80_0 .net "in_psum", 31 0, L_0000014056c87fe0;  alias, 1 drivers
v0000014056ddf080_0 .net "in_weight", 7 0, L_0000014056f122c0;  alias, 1 drivers
v0000014056dde040_0 .net "load_weight", 0 0, L_0000014056f118c0;  alias, 1 drivers
v0000014056ddeae0_0 .var "out_act", 7 0;
v0000014056ddd1e0_0 .var "out_psum", 31 0;
v0000014056ddd0a0_0 .var/s "reg_weight", 7 0;
v0000014056ddeb80_0 .net "rst_n", 0 0, L_0000014056b6afc0;  alias, 1 drivers
S_0000014056df1860 .scope generate, "ROW_LOOP[6]" "ROW_LOOP[6]" 9 54, 9 54 0, S_0000014056d859f0;
 .timescale -9 -12;
P_0000014056cf84a0 .param/l "r" 0 9 54, +C4<0110>;
S_0000014056df1540 .scope generate, "COL_LOOP[0]" "COL_LOOP[0]" 9 55, 9 55 0, S_0000014056df1860;
 .timescale -9 -12;
P_0000014056cf8560 .param/l "c" 0 9 55, +C4<00>;
v0000014056ddce20_0 .net "pe_in_act", 7 0, L_0000014056f12040;  1 drivers
v0000014056ddd6e0_0 .net "pe_in_psum", 31 0, L_0000014056c87cd0;  1 drivers
v0000014056ddcec0_0 .net "pe_in_weight", 7 0, L_0000014056f10c40;  1 drivers
v0000014056ddcf60_0 .net "pe_load_en", 0 0, L_0000014056f11fa0;  1 drivers
S_0000014056df08c0 .scope generate, "genblk1" "genblk1" 9 61, 9 61 0, S_0000014056df1540;
 .timescale -9 -12;
S_0000014056df0a50 .scope generate, "genblk2" "genblk2" 9 72, 9 72 0, S_0000014056df1540;
 .timescale -9 -12;
L_0000014056c87cd0 .functor BUFZ 32, v0000014056de5980_0, C4<00000000000000000000000000000000>, C4<00000000000000000000000000000000>, C4<00000000000000000000000000000000>;
S_0000014056df0be0 .scope module, "pe_inst" "pe" 9 91, 10 12 0, S_0000014056df1540;
 .timescale 0 0;
    .port_info 0 /INPUT 1 "clk";
    .port_info 1 /INPUT 1 "rst_n";
    .port_info 2 /INPUT 1 "en_compute";
    .port_info 3 /INPUT 1 "load_weight";
    .port_info 4 /INPUT 8 "in_act";
    .port_info 5 /INPUT 8 "in_weight";
    .port_info 6 /INPUT 32 "in_psum";
    .port_info 7 /OUTPUT 8 "out_act";
    .port_info 8 /OUTPUT 32 "out_psum";
v0000014056dded60_0 .net "clk", 0 0, v0000014056e82620_0;  alias, 1 drivers
v0000014056ddc9c0_0 .net "en_compute", 0 0, L_0000014056eb1298;  alias, 1 drivers
v0000014056ddca60_0 .net "in_act", 7 0, L_0000014056f12040;  alias, 1 drivers
v0000014056ddcba0_0 .net "in_psum", 31 0, L_0000014056c87cd0;  alias, 1 drivers
v0000014056ddcc40_0 .net "in_weight", 7 0, L_0000014056f10c40;  alias, 1 drivers
v0000014056ddd320_0 .net "load_weight", 0 0, L_0000014056f11fa0;  alias, 1 drivers
v0000014056ddd280_0 .var "out_act", 7 0;
v0000014056ddcd80_0 .var "out_psum", 31 0;
v0000014056dddbe0_0 .var/s "reg_weight", 7 0;
v0000014056ddcce0_0 .net "rst_n", 0 0, L_0000014056b6afc0;  alias, 1 drivers
S_0000014056df0f00 .scope generate, "COL_LOOP[1]" "COL_LOOP[1]" 9 55, 9 55 0, S_0000014056df1860;
 .timescale -9 -12;
P_0000014056cf85a0 .param/l "c" 0 9 55, +C4<01>;
v0000014056dddb40_0 .net "pe_in_act", 7 0, L_0000014056c880c0;  1 drivers
v0000014056ddde60_0 .net "pe_in_psum", 31 0, L_0000014056c88130;  1 drivers
v0000014056dddf00_0 .net "pe_in_weight", 7 0, L_0000014056f12900;  1 drivers
v0000014056ddf800_0 .net "pe_load_en", 0 0, L_0000014056f129a0;  1 drivers
S_0000014056df1090 .scope generate, "genblk1" "genblk1" 9 61, 9 61 0, S_0000014056df0f00;
 .timescale -9 -12;
L_0000014056c880c0 .functor BUFZ 8, v0000014056ddd280_0, C4<00000000>, C4<00000000>, C4<00000000>;
S_0000014056df5540 .scope generate, "genblk2" "genblk2" 9 72, 9 72 0, S_0000014056df0f00;
 .timescale -9 -12;
L_0000014056c88130 .functor BUFZ 32, v0000014056de5e80_0, C4<00000000000000000000000000000000>, C4<00000000000000000000000000000000>, C4<00000000000000000000000000000000>;
S_0000014056df2340 .scope module, "pe_inst" "pe" 9 91, 10 12 0, S_0000014056df0f00;
 .timescale 0 0;
    .port_info 0 /INPUT 1 "clk";
    .port_info 1 /INPUT 1 "rst_n";
    .port_info 2 /INPUT 1 "en_compute";
    .port_info 3 /INPUT 1 "load_weight";
    .port_info 4 /INPUT 8 "in_act";
    .port_info 5 /INPUT 8 "in_weight";
    .port_info 6 /INPUT 32 "in_psum";
    .port_info 7 /OUTPUT 8 "out_act";
    .port_info 8 /OUTPUT 32 "out_psum";
v0000014056ddd8c0_0 .net "clk", 0 0, v0000014056e82620_0;  alias, 1 drivers
v0000014056ddddc0_0 .net "en_compute", 0 0, L_0000014056eb1298;  alias, 1 drivers
v0000014056ddda00_0 .net "in_act", 7 0, L_0000014056c880c0;  alias, 1 drivers
v0000014056ddd140_0 .net "in_psum", 31 0, L_0000014056c88130;  alias, 1 drivers
v0000014056ddd3c0_0 .net "in_weight", 7 0, L_0000014056f12900;  alias, 1 drivers
v0000014056ddd500_0 .net "load_weight", 0 0, L_0000014056f129a0;  alias, 1 drivers
v0000014056ddd5a0_0 .var "out_act", 7 0;
v0000014056dddd20_0 .var "out_psum", 31 0;
v0000014056ddd640_0 .var/s "reg_weight", 7 0;
v0000014056dddaa0_0 .net "rst_n", 0 0, L_0000014056b6afc0;  alias, 1 drivers
S_0000014056df4be0 .scope generate, "COL_LOOP[2]" "COL_LOOP[2]" 9 55, 9 55 0, S_0000014056df1860;
 .timescale -9 -12;
P_0000014056cf85e0 .param/l "c" 0 9 55, +C4<010>;
v0000014056de02a0_0 .net "pe_in_act", 7 0, L_0000014056c881a0;  1 drivers
v0000014056de0d40_0 .net "pe_in_psum", 31 0, L_0000014056c889f0;  1 drivers
v0000014056de1920_0 .net "pe_in_weight", 7 0, L_0000014056f110a0;  1 drivers
v0000014056de0f20_0 .net "pe_load_en", 0 0, L_0000014056f12360;  1 drivers
S_0000014056df56d0 .scope generate, "genblk1" "genblk1" 9 61, 9 61 0, S_0000014056df4be0;
 .timescale -9 -12;
L_0000014056c881a0 .functor BUFZ 8, v0000014056ddd5a0_0, C4<00000000>, C4<00000000>, C4<00000000>;
S_0000014056df5860 .scope generate, "genblk2" "genblk2" 9 72, 9 72 0, S_0000014056df4be0;
 .timescale -9 -12;
L_0000014056c889f0 .functor BUFZ 32, v0000014056de6880_0, C4<00000000000000000000000000000000>, C4<00000000000000000000000000000000>, C4<00000000000000000000000000000000>;
S_0000014056df3ab0 .scope module, "pe_inst" "pe" 9 91, 10 12 0, S_0000014056df4be0;
 .timescale 0 0;
    .port_info 0 /INPUT 1 "clk";
    .port_info 1 /INPUT 1 "rst_n";
    .port_info 2 /INPUT 1 "en_compute";
    .port_info 3 /INPUT 1 "load_weight";
    .port_info 4 /INPUT 8 "in_act";
    .port_info 5 /INPUT 8 "in_weight";
    .port_info 6 /INPUT 32 "in_psum";
    .port_info 7 /OUTPUT 8 "out_act";
    .port_info 8 /OUTPUT 32 "out_psum";
v0000014056de00c0_0 .net "clk", 0 0, v0000014056e82620_0;  alias, 1 drivers
v0000014056ddfe40_0 .net "en_compute", 0 0, L_0000014056eb1298;  alias, 1 drivers
v0000014056de0de0_0 .net "in_act", 7 0, L_0000014056c881a0;  alias, 1 drivers
v0000014056de0160_0 .net "in_psum", 31 0, L_0000014056c889f0;  alias, 1 drivers
v0000014056de17e0_0 .net "in_weight", 7 0, L_0000014056f110a0;  alias, 1 drivers
v0000014056ddfa80_0 .net "load_weight", 0 0, L_0000014056f12360;  alias, 1 drivers
v0000014056de1060_0 .var "out_act", 7 0;
v0000014056de0200_0 .var "out_psum", 31 0;
v0000014056ddfbc0_0 .var/s "reg_weight", 7 0;
v0000014056de0660_0 .net "rst_n", 0 0, L_0000014056b6afc0;  alias, 1 drivers
S_0000014056df2660 .scope generate, "COL_LOOP[3]" "COL_LOOP[3]" 9 55, 9 55 0, S_0000014056df1860;
 .timescale -9 -12;
P_0000014056cf92e0 .param/l "c" 0 9 55, +C4<011>;
v0000014056de0340_0 .net "pe_in_act", 7 0, L_0000014056c88de0;  1 drivers
v0000014056de08e0_0 .net "pe_in_psum", 31 0, L_0000014056c88f30;  1 drivers
v0000014056de03e0_0 .net "pe_in_weight", 7 0, L_0000014056f11960;  1 drivers
v0000014056de0980_0 .net "pe_load_en", 0 0, L_0000014056f12720;  1 drivers
S_0000014056df5b80 .scope generate, "genblk1" "genblk1" 9 61, 9 61 0, S_0000014056df2660;
 .timescale -9 -12;
L_0000014056c88de0 .functor BUFZ 8, v0000014056de1060_0, C4<00000000>, C4<00000000>, C4<00000000>;
S_0000014056df59f0 .scope generate, "genblk2" "genblk2" 9 72, 9 72 0, S_0000014056df2660;
 .timescale -9 -12;
L_0000014056c88f30 .functor BUFZ 32, v0000014056de7320_0, C4<00000000000000000000000000000000>, C4<00000000000000000000000000000000>, C4<00000000000000000000000000000000>;
S_0000014056df4d70 .scope module, "pe_inst" "pe" 9 91, 10 12 0, S_0000014056df2660;
 .timescale 0 0;
    .port_info 0 /INPUT 1 "clk";
    .port_info 1 /INPUT 1 "rst_n";
    .port_info 2 /INPUT 1 "en_compute";
    .port_info 3 /INPUT 1 "load_weight";
    .port_info 4 /INPUT 8 "in_act";
    .port_info 5 /INPUT 8 "in_weight";
    .port_info 6 /INPUT 32 "in_psum";
    .port_info 7 /OUTPUT 8 "out_act";
    .port_info 8 /OUTPUT 32 "out_psum";
v0000014056ddf580_0 .net "clk", 0 0, v0000014056e82620_0;  alias, 1 drivers
v0000014056ddfee0_0 .net "en_compute", 0 0, L_0000014056eb1298;  alias, 1 drivers
v0000014056ddff80_0 .net "in_act", 7 0, L_0000014056c88de0;  alias, 1 drivers
v0000014056de0840_0 .net "in_psum", 31 0, L_0000014056c88f30;  alias, 1 drivers
v0000014056de1880_0 .net "in_weight", 7 0, L_0000014056f11960;  alias, 1 drivers
v0000014056de0700_0 .net "load_weight", 0 0, L_0000014056f12720;  alias, 1 drivers
v0000014056de0020_0 .var "out_act", 7 0;
v0000014056ddf620_0 .var "out_psum", 31 0;
v0000014056ddf940_0 .var/s "reg_weight", 7 0;
v0000014056de0fc0_0 .net "rst_n", 0 0, L_0000014056b6afc0;  alias, 1 drivers
S_0000014056df32e0 .scope generate, "COL_LOOP[4]" "COL_LOOP[4]" 9 55, 9 55 0, S_0000014056df1860;
 .timescale -9 -12;
P_0000014056cf9aa0 .param/l "c" 0 9 55, +C4<0100>;
v0000014056de0e80_0 .net "pe_in_act", 7 0, L_0000014056c88d00;  1 drivers
v0000014056de0a20_0 .net "pe_in_psum", 31 0, L_0000014056c88e50;  1 drivers
v0000014056ddfb20_0 .net "pe_in_weight", 7 0, L_0000014056f10e20;  1 drivers
v0000014056de0ac0_0 .net "pe_load_en", 0 0, L_0000014056f11d20;  1 drivers
S_0000014056df4730 .scope generate, "genblk1" "genblk1" 9 61, 9 61 0, S_0000014056df32e0;
 .timescale -9 -12;
L_0000014056c88d00 .functor BUFZ 8, v0000014056de0020_0, C4<00000000>, C4<00000000>, C4<00000000>;
S_0000014056df3920 .scope generate, "genblk2" "genblk2" 9 72, 9 72 0, S_0000014056df32e0;
 .timescale -9 -12;
L_0000014056c88e50 .functor BUFZ 32, v0000014056de85e0_0, C4<00000000000000000000000000000000>, C4<00000000000000000000000000000000>, C4<00000000000000000000000000000000>;
S_0000014056df4280 .scope module, "pe_inst" "pe" 9 91, 10 12 0, S_0000014056df32e0;
 .timescale 0 0;
    .port_info 0 /INPUT 1 "clk";
    .port_info 1 /INPUT 1 "rst_n";
    .port_info 2 /INPUT 1 "en_compute";
    .port_info 3 /INPUT 1 "load_weight";
    .port_info 4 /INPUT 8 "in_act";
    .port_info 5 /INPUT 8 "in_weight";
    .port_info 6 /INPUT 32 "in_psum";
    .port_info 7 /OUTPUT 8 "out_act";
    .port_info 8 /OUTPUT 32 "out_psum";
v0000014056de0480_0 .net "clk", 0 0, v0000014056e82620_0;  alias, 1 drivers
v0000014056ddfc60_0 .net "en_compute", 0 0, L_0000014056eb1298;  alias, 1 drivers
v0000014056de16a0_0 .net "in_act", 7 0, L_0000014056c88d00;  alias, 1 drivers
v0000014056ddf9e0_0 .net "in_psum", 31 0, L_0000014056c88e50;  alias, 1 drivers
v0000014056ddf6c0_0 .net "in_weight", 7 0, L_0000014056f10e20;  alias, 1 drivers
v0000014056de0b60_0 .net "load_weight", 0 0, L_0000014056f11d20;  alias, 1 drivers
v0000014056ddf8a0_0 .var "out_act", 7 0;
v0000014056de05c0_0 .var "out_psum", 31 0;
v0000014056de11a0_0 .var/s "reg_weight", 7 0;
v0000014056de07a0_0 .net "rst_n", 0 0, L_0000014056b6afc0;  alias, 1 drivers
S_0000014056df5d10 .scope generate, "COL_LOOP[5]" "COL_LOOP[5]" 9 55, 9 55 0, S_0000014056df1860;
 .timescale -9 -12;
P_0000014056cf9760 .param/l "c" 0 9 55, +C4<0101>;
v0000014056de1420_0 .net "pe_in_act", 7 0, L_0000014056c88910;  1 drivers
v0000014056ddf440_0 .net "pe_in_psum", 31 0, L_0000014056c88b40;  1 drivers
v0000014056ddf300_0 .net "pe_in_weight", 7 0, L_0000014056f12fe0;  1 drivers
v0000014056de14c0_0 .net "pe_load_en", 0 0, L_0000014056f124a0;  1 drivers
S_0000014056df2e30 .scope generate, "genblk1" "genblk1" 9 61, 9 61 0, S_0000014056df5d10;
 .timescale -9 -12;
L_0000014056c88910 .functor BUFZ 8, v0000014056ddf8a0_0, C4<00000000>, C4<00000000>, C4<00000000>;
S_0000014056df5ea0 .scope generate, "genblk2" "genblk2" 9 72, 9 72 0, S_0000014056df5d10;
 .timescale -9 -12;
L_0000014056c88b40 .functor BUFZ 32, v0000014056de6c40_0, C4<00000000000000000000000000000000>, C4<00000000000000000000000000000000>, C4<00000000000000000000000000000000>;
S_0000014056df27f0 .scope module, "pe_inst" "pe" 9 91, 10 12 0, S_0000014056df5d10;
 .timescale 0 0;
    .port_info 0 /INPUT 1 "clk";
    .port_info 1 /INPUT 1 "rst_n";
    .port_info 2 /INPUT 1 "en_compute";
    .port_info 3 /INPUT 1 "load_weight";
    .port_info 4 /INPUT 8 "in_act";
    .port_info 5 /INPUT 8 "in_weight";
    .port_info 6 /INPUT 32 "in_psum";
    .port_info 7 /OUTPUT 8 "out_act";
    .port_info 8 /OUTPUT 32 "out_psum";
v0000014056ddf760_0 .net "clk", 0 0, v0000014056e82620_0;  alias, 1 drivers
v0000014056de0c00_0 .net "en_compute", 0 0, L_0000014056eb1298;  alias, 1 drivers
v0000014056de1100_0 .net "in_act", 7 0, L_0000014056c88910;  alias, 1 drivers
v0000014056ddf3a0_0 .net "in_psum", 31 0, L_0000014056c88b40;  alias, 1 drivers
v0000014056de1240_0 .net "in_weight", 7 0, L_0000014056f12fe0;  alias, 1 drivers
v0000014056de12e0_0 .net "load_weight", 0 0, L_0000014056f124a0;  alias, 1 drivers
v0000014056ddf1c0_0 .var "out_act", 7 0;
v0000014056de1740_0 .var "out_psum", 31 0;
v0000014056ddfd00_0 .var/s "reg_weight", 7 0;
v0000014056de1380_0 .net "rst_n", 0 0, L_0000014056b6afc0;  alias, 1 drivers
S_0000014056df24d0 .scope generate, "COL_LOOP[6]" "COL_LOOP[6]" 9 55, 9 55 0, S_0000014056df1860;
 .timescale -9 -12;
P_0000014056cf96e0 .param/l "c" 0 9 55, +C4<0110>;
v0000014056dfac90_0 .net "pe_in_act", 7 0, L_0000014056c888a0;  1 drivers
v0000014056dfadd0_0 .net "pe_in_psum", 31 0, L_0000014056c88fa0;  1 drivers
v0000014056dfc810_0 .net "pe_in_weight", 7 0, L_0000014056f11aa0;  1 drivers
v0000014056dfb910_0 .net "pe_load_en", 0 0, L_0000014056f11000;  1 drivers
S_0000014056df5090 .scope generate, "genblk1" "genblk1" 9 61, 9 61 0, S_0000014056df24d0;
 .timescale -9 -12;
L_0000014056c888a0 .functor BUFZ 8, v0000014056ddf1c0_0, C4<00000000>, C4<00000000>, C4<00000000>;
S_0000014056df3150 .scope generate, "genblk2" "genblk2" 9 72, 9 72 0, S_0000014056df24d0;
 .timescale -9 -12;
L_0000014056c88fa0 .functor BUFZ 32, v0000014056de69c0_0, C4<00000000000000000000000000000000>, C4<00000000000000000000000000000000>, C4<00000000000000000000000000000000>;
S_0000014056df3790 .scope module, "pe_inst" "pe" 9 91, 10 12 0, S_0000014056df24d0;
 .timescale 0 0;
    .port_info 0 /INPUT 1 "clk";
    .port_info 1 /INPUT 1 "rst_n";
    .port_info 2 /INPUT 1 "en_compute";
    .port_info 3 /INPUT 1 "load_weight";
    .port_info 4 /INPUT 8 "in_act";
    .port_info 5 /INPUT 8 "in_weight";
    .port_info 6 /INPUT 32 "in_psum";
    .port_info 7 /OUTPUT 8 "out_act";
    .port_info 8 /OUTPUT 32 "out_psum";
v0000014056de1560_0 .net "clk", 0 0, v0000014056e82620_0;  alias, 1 drivers
v0000014056ddf260_0 .net "en_compute", 0 0, L_0000014056eb1298;  alias, 1 drivers
v0000014056dfa510_0 .net "in_act", 7 0, L_0000014056c888a0;  alias, 1 drivers
v0000014056dfc770_0 .net "in_psum", 31 0, L_0000014056c88fa0;  alias, 1 drivers
v0000014056dfc130_0 .net "in_weight", 7 0, L_0000014056f11aa0;  alias, 1 drivers
v0000014056dfb7d0_0 .net "load_weight", 0 0, L_0000014056f11000;  alias, 1 drivers
v0000014056dfbf50_0 .var "out_act", 7 0;
v0000014056dfbc30_0 .var "out_psum", 31 0;
v0000014056dfc950_0 .var/s "reg_weight", 7 0;
v0000014056dfad30_0 .net "rst_n", 0 0, L_0000014056b6afc0;  alias, 1 drivers
S_0000014056df2980 .scope generate, "COL_LOOP[7]" "COL_LOOP[7]" 9 55, 9 55 0, S_0000014056df1860;
 .timescale -9 -12;
P_0000014056cf91e0 .param/l "c" 0 9 55, +C4<0111>;
v0000014056dfba50_0 .net "pe_in_act", 7 0, L_0000014056c88c20;  1 drivers
v0000014056dfc090_0 .net "pe_in_psum", 31 0, L_0000014056c88ad0;  1 drivers
v0000014056dfbff0_0 .net "pe_in_weight", 7 0, L_0000014056f125e0;  1 drivers
v0000014056dfaa10_0 .net "pe_load_en", 0 0, L_0000014056f127c0;  1 drivers
S_0000014056df6030 .scope generate, "genblk1" "genblk1" 9 61, 9 61 0, S_0000014056df2980;
 .timescale -9 -12;
L_0000014056c88c20 .functor BUFZ 8, v0000014056dfbf50_0, C4<00000000>, C4<00000000>, C4<00000000>;
S_0000014056df45a0 .scope generate, "genblk2" "genblk2" 9 72, 9 72 0, S_0000014056df2980;
 .timescale -9 -12;
L_0000014056c88ad0 .functor BUFZ 32, v0000014056de8ea0_0, C4<00000000000000000000000000000000>, C4<00000000000000000000000000000000>, C4<00000000000000000000000000000000>;
S_0000014056df61c0 .scope module, "pe_inst" "pe" 9 91, 10 12 0, S_0000014056df2980;
 .timescale 0 0;
    .port_info 0 /INPUT 1 "clk";
    .port_info 1 /INPUT 1 "rst_n";
    .port_info 2 /INPUT 1 "en_compute";
    .port_info 3 /INPUT 1 "load_weight";
    .port_info 4 /INPUT 8 "in_act";
    .port_info 5 /INPUT 8 "in_weight";
    .port_info 6 /INPUT 32 "in_psum";
    .port_info 7 /OUTPUT 8 "out_act";
    .port_info 8 /OUTPUT 32 "out_psum";
v0000014056dfabf0_0 .net "clk", 0 0, v0000014056e82620_0;  alias, 1 drivers
v0000014056dfa5b0_0 .net "en_compute", 0 0, L_0000014056eb1298;  alias, 1 drivers
v0000014056dfa830_0 .net "in_act", 7 0, L_0000014056c88c20;  alias, 1 drivers
v0000014056dfa8d0_0 .net "in_psum", 31 0, L_0000014056c88ad0;  alias, 1 drivers
v0000014056dfae70_0 .net "in_weight", 7 0, L_0000014056f125e0;  alias, 1 drivers
v0000014056dfb690_0 .net "load_weight", 0 0, L_0000014056f127c0;  alias, 1 drivers
v0000014056dfc1d0_0 .var "out_act", 7 0;
v0000014056dfb190_0 .var "out_psum", 31 0;
v0000014056dfa3d0_0 .var/s "reg_weight", 7 0;
v0000014056dfaf10_0 .net "rst_n", 0 0, L_0000014056b6afc0;  alias, 1 drivers
S_0000014056df4410 .scope generate, "COL_LOOP[8]" "COL_LOOP[8]" 9 55, 9 55 0, S_0000014056df1860;
 .timescale -9 -12;
P_0000014056cf8d60 .param/l "c" 0 9 55, +C4<01000>;
v0000014056dfab50_0 .net "pe_in_act", 7 0, L_0000014056c88d70;  1 drivers
v0000014056dfc8b0_0 .net "pe_in_psum", 31 0, L_0000014056c88bb0;  1 drivers
v0000014056dfbcd0_0 .net "pe_in_weight", 7 0, L_0000014056f12860;  1 drivers
v0000014056dfbd70_0 .net "pe_load_en", 0 0, L_0000014056f10ec0;  1 drivers
S_0000014056df4f00 .scope generate, "genblk1" "genblk1" 9 61, 9 61 0, S_0000014056df4410;
 .timescale -9 -12;
L_0000014056c88d70 .functor BUFZ 8, v0000014056dfc1d0_0, C4<00000000>, C4<00000000>, C4<00000000>;
S_0000014056df3c40 .scope generate, "genblk2" "genblk2" 9 72, 9 72 0, S_0000014056df4410;
 .timescale -9 -12;
L_0000014056c88bb0 .functor BUFZ 32, v0000014056dea020_0, C4<00000000000000000000000000000000>, C4<00000000000000000000000000000000>, C4<00000000000000000000000000000000>;
S_0000014056df40f0 .scope module, "pe_inst" "pe" 9 91, 10 12 0, S_0000014056df4410;
 .timescale 0 0;
    .port_info 0 /INPUT 1 "clk";
    .port_info 1 /INPUT 1 "rst_n";
    .port_info 2 /INPUT 1 "en_compute";
    .port_info 3 /INPUT 1 "load_weight";
    .port_info 4 /INPUT 8 "in_act";
    .port_info 5 /INPUT 8 "in_weight";
    .port_info 6 /INPUT 32 "in_psum";
    .port_info 7 /OUTPUT 8 "out_act";
    .port_info 8 /OUTPUT 32 "out_psum";
v0000014056dfa1f0_0 .net "clk", 0 0, v0000014056e82620_0;  alias, 1 drivers
v0000014056dfc4f0_0 .net "en_compute", 0 0, L_0000014056eb1298;  alias, 1 drivers
v0000014056dfb870_0 .net "in_act", 7 0, L_0000014056c88d70;  alias, 1 drivers
v0000014056dfb9b0_0 .net "in_psum", 31 0, L_0000014056c88bb0;  alias, 1 drivers
v0000014056dfbaf0_0 .net "in_weight", 7 0, L_0000014056f12860;  alias, 1 drivers
v0000014056dfb230_0 .net "load_weight", 0 0, L_0000014056f10ec0;  alias, 1 drivers
v0000014056dfaab0_0 .var "out_act", 7 0;
v0000014056dfafb0_0 .var "out_psum", 31 0;
v0000014056dfb730_0 .var/s "reg_weight", 7 0;
v0000014056dfbb90_0 .net "rst_n", 0 0, L_0000014056b6afc0;  alias, 1 drivers
S_0000014056df3dd0 .scope generate, "COL_LOOP[9]" "COL_LOOP[9]" 9 55, 9 55 0, S_0000014056df1860;
 .timescale -9 -12;
P_0000014056cf95e0 .param/l "c" 0 9 55, +C4<01001>;
v0000014056dfb370_0 .net "pe_in_act", 7 0, L_0000014056c88c90;  1 drivers
v0000014056dfc3b0_0 .net "pe_in_psum", 31 0, L_0000014056c88980;  1 drivers
v0000014056dfc450_0 .net "pe_in_weight", 7 0, L_0000014056f10b00;  1 drivers
v0000014056dfc6d0_0 .net "pe_load_en", 0 0, L_0000014056f12a40;  1 drivers
S_0000014056df5220 .scope generate, "genblk1" "genblk1" 9 61, 9 61 0, S_0000014056df3dd0;
 .timescale -9 -12;
L_0000014056c88c90 .functor BUFZ 8, v0000014056dfaab0_0, C4<00000000>, C4<00000000>, C4<00000000>;
S_0000014056df48c0 .scope generate, "genblk2" "genblk2" 9 72, 9 72 0, S_0000014056df3dd0;
 .timescale -9 -12;
L_0000014056c88980 .functor BUFZ 32, v0000014056dda940_0, C4<00000000000000000000000000000000>, C4<00000000000000000000000000000000>, C4<00000000000000000000000000000000>;
S_0000014056df53b0 .scope module, "pe_inst" "pe" 9 91, 10 12 0, S_0000014056df3dd0;
 .timescale 0 0;
    .port_info 0 /INPUT 1 "clk";
    .port_info 1 /INPUT 1 "rst_n";
    .port_info 2 /INPUT 1 "en_compute";
    .port_info 3 /INPUT 1 "load_weight";
    .port_info 4 /INPUT 8 "in_act";
    .port_info 5 /INPUT 8 "in_weight";
    .port_info 6 /INPUT 32 "in_psum";
    .port_info 7 /OUTPUT 8 "out_act";
    .port_info 8 /OUTPUT 32 "out_psum";
v0000014056dfc630_0 .net "clk", 0 0, v0000014056e82620_0;  alias, 1 drivers
v0000014056dfa290_0 .net "en_compute", 0 0, L_0000014056eb1298;  alias, 1 drivers
v0000014056dfbe10_0 .net "in_act", 7 0, L_0000014056c88c90;  alias, 1 drivers
v0000014056dfc310_0 .net "in_psum", 31 0, L_0000014056c88980;  alias, 1 drivers
v0000014056dfb050_0 .net "in_weight", 7 0, L_0000014056f10b00;  alias, 1 drivers
v0000014056dfa330_0 .net "load_weight", 0 0, L_0000014056f12a40;  alias, 1 drivers
v0000014056dfbeb0_0 .var "out_act", 7 0;
v0000014056dfa470_0 .var "out_psum", 31 0;
v0000014056dfc590_0 .var/s "reg_weight", 7 0;
v0000014056dfb0f0_0 .net "rst_n", 0 0, L_0000014056b6afc0;  alias, 1 drivers
S_0000014056df21b0 .scope generate, "COL_LOOP[10]" "COL_LOOP[10]" 9 55, 9 55 0, S_0000014056df1860;
 .timescale -9 -12;
P_0000014056cf9020 .param/l "c" 0 9 55, +C4<01010>;
v0000014056dff010_0 .net "pe_in_act", 7 0, L_0000014056c88a60;  1 drivers
v0000014056dfd030_0 .net "pe_in_psum", 31 0, L_0000014056c88ec0;  1 drivers
v0000014056dfc9f0_0 .net "pe_in_weight", 7 0, L_0000014056f11140;  1 drivers
v0000014056dfddf0_0 .net "pe_load_en", 0 0, L_0000014056f12cc0;  1 drivers
S_0000014056df4a50 .scope generate, "genblk1" "genblk1" 9 61, 9 61 0, S_0000014056df21b0;
 .timescale -9 -12;
L_0000014056c88a60 .functor BUFZ 8, v0000014056dfbeb0_0, C4<00000000>, C4<00000000>, C4<00000000>;
S_0000014056df3470 .scope generate, "genblk2" "genblk2" 9 72, 9 72 0, S_0000014056df21b0;
 .timescale -9 -12;
L_0000014056c88ec0 .functor BUFZ 32, v0000014056ddb2a0_0, C4<00000000000000000000000000000000>, C4<00000000000000000000000000000000>, C4<00000000000000000000000000000000>;
S_0000014056df2b10 .scope module, "pe_inst" "pe" 9 91, 10 12 0, S_0000014056df21b0;
 .timescale 0 0;
    .port_info 0 /INPUT 1 "clk";
    .port_info 1 /INPUT 1 "rst_n";
    .port_info 2 /INPUT 1 "en_compute";
    .port_info 3 /INPUT 1 "load_weight";
    .port_info 4 /INPUT 8 "in_act";
    .port_info 5 /INPUT 8 "in_weight";
    .port_info 6 /INPUT 32 "in_psum";
    .port_info 7 /OUTPUT 8 "out_act";
    .port_info 8 /OUTPUT 32 "out_psum";
v0000014056dfa650_0 .net "clk", 0 0, v0000014056e82620_0;  alias, 1 drivers
v0000014056dfa6f0_0 .net "en_compute", 0 0, L_0000014056eb1298;  alias, 1 drivers
v0000014056dfa790_0 .net "in_act", 7 0, L_0000014056c88a60;  alias, 1 drivers
v0000014056dfb5f0_0 .net "in_psum", 31 0, L_0000014056c88ec0;  alias, 1 drivers
v0000014056dfb4b0_0 .net "in_weight", 7 0, L_0000014056f11140;  alias, 1 drivers
v0000014056dfb550_0 .net "load_weight", 0 0, L_0000014056f12cc0;  alias, 1 drivers
v0000014056dfec50_0 .var "out_act", 7 0;
v0000014056dfcbd0_0 .var "out_psum", 31 0;
v0000014056dfecf0_0 .var/s "reg_weight", 7 0;
v0000014056dfd850_0 .net "rst_n", 0 0, L_0000014056b6afc0;  alias, 1 drivers
S_0000014056df6350 .scope generate, "COL_LOOP[11]" "COL_LOOP[11]" 9 55, 9 55 0, S_0000014056df1860;
 .timescale -9 -12;
P_0000014056cf9860 .param/l "c" 0 9 55, +C4<01011>;
v0000014056dfe9d0_0 .net "pe_in_act", 7 0, L_0000014056c85490;  1 drivers
v0000014056dfde90_0 .net "pe_in_psum", 31 0, L_0000014056c86a70;  1 drivers
v0000014056dfd990_0 .net "pe_in_weight", 7 0, L_0000014056f11320;  1 drivers
v0000014056dfcc70_0 .net "pe_load_en", 0 0, L_0000014056f115a0;  1 drivers
S_0000014056df64e0 .scope generate, "genblk1" "genblk1" 9 61, 9 61 0, S_0000014056df6350;
 .timescale -9 -12;
L_0000014056c85490 .functor BUFZ 8, v0000014056dfec50_0, C4<00000000>, C4<00000000>, C4<00000000>;
S_0000014056df3f60 .scope generate, "genblk2" "genblk2" 9 72, 9 72 0, S_0000014056df6350;
 .timescale -9 -12;
L_0000014056c86a70 .functor BUFZ 32, v0000014056ddb340_0, C4<00000000000000000000000000000000>, C4<00000000000000000000000000000000>, C4<00000000000000000000000000000000>;
S_0000014056df6670 .scope module, "pe_inst" "pe" 9 91, 10 12 0, S_0000014056df6350;
 .timescale 0 0;
    .port_info 0 /INPUT 1 "clk";
    .port_info 1 /INPUT 1 "rst_n";
    .port_info 2 /INPUT 1 "en_compute";
    .port_info 3 /INPUT 1 "load_weight";
    .port_info 4 /INPUT 8 "in_act";
    .port_info 5 /INPUT 8 "in_weight";
    .port_info 6 /INPUT 32 "in_psum";
    .port_info 7 /OUTPUT 8 "out_act";
    .port_info 8 /OUTPUT 32 "out_psum";
v0000014056dfef70_0 .net "clk", 0 0, v0000014056e82620_0;  alias, 1 drivers
v0000014056dfdc10_0 .net "en_compute", 0 0, L_0000014056eb1298;  alias, 1 drivers
v0000014056dfe110_0 .net "in_act", 7 0, L_0000014056c85490;  alias, 1 drivers
v0000014056dfe4d0_0 .net "in_psum", 31 0, L_0000014056c86a70;  alias, 1 drivers
v0000014056dfe430_0 .net "in_weight", 7 0, L_0000014056f11320;  alias, 1 drivers
v0000014056dfd7b0_0 .net "load_weight", 0 0, L_0000014056f115a0;  alias, 1 drivers
v0000014056dfd3f0_0 .var "out_act", 7 0;
v0000014056dff150_0 .var "out_psum", 31 0;
v0000014056dfd170_0 .var/s "reg_weight", 7 0;
v0000014056dfdd50_0 .net "rst_n", 0 0, L_0000014056b6afc0;  alias, 1 drivers
S_0000014056df6800 .scope generate, "COL_LOOP[12]" "COL_LOOP[12]" 9 55, 9 55 0, S_0000014056df1860;
 .timescale -9 -12;
P_0000014056cf9160 .param/l "c" 0 9 55, +C4<01100>;
v0000014056dfce50_0 .net "pe_in_act", 7 0, L_0000014056c86ae0;  1 drivers
v0000014056dfd2b0_0 .net "pe_in_psum", 31 0, L_0000014056c85650;  1 drivers
v0000014056dff0b0_0 .net "pe_in_weight", 7 0, L_0000014056f12ae0;  1 drivers
v0000014056dfe1b0_0 .net "pe_load_en", 0 0, L_0000014056f12b80;  1 drivers
S_0000014056df6990 .scope generate, "genblk1" "genblk1" 9 61, 9 61 0, S_0000014056df6800;
 .timescale -9 -12;
L_0000014056c86ae0 .functor BUFZ 8, v0000014056dfd3f0_0, C4<00000000>, C4<00000000>, C4<00000000>;
S_0000014056df6b20 .scope generate, "genblk2" "genblk2" 9 72, 9 72 0, S_0000014056df6800;
 .timescale -9 -12;
L_0000014056c85650 .functor BUFZ 32, v0000014056ddaf80_0, C4<00000000000000000000000000000000>, C4<00000000000000000000000000000000>, C4<00000000000000000000000000000000>;
S_0000014056df6cb0 .scope module, "pe_inst" "pe" 9 91, 10 12 0, S_0000014056df6800;
 .timescale 0 0;
    .port_info 0 /INPUT 1 "clk";
    .port_info 1 /INPUT 1 "rst_n";
    .port_info 2 /INPUT 1 "en_compute";
    .port_info 3 /INPUT 1 "load_weight";
    .port_info 4 /INPUT 8 "in_act";
    .port_info 5 /INPUT 8 "in_weight";
    .port_info 6 /INPUT 32 "in_psum";
    .port_info 7 /OUTPUT 8 "out_act";
    .port_info 8 /OUTPUT 32 "out_psum";
v0000014056dfe750_0 .net "clk", 0 0, v0000014056e82620_0;  alias, 1 drivers
v0000014056dfd490_0 .net "en_compute", 0 0, L_0000014056eb1298;  alias, 1 drivers
v0000014056dfd210_0 .net "in_act", 7 0, L_0000014056c86ae0;  alias, 1 drivers
v0000014056dfdcb0_0 .net "in_psum", 31 0, L_0000014056c85650;  alias, 1 drivers
v0000014056dfd0d0_0 .net "in_weight", 7 0, L_0000014056f12ae0;  alias, 1 drivers
v0000014056dfcdb0_0 .net "load_weight", 0 0, L_0000014056f12b80;  alias, 1 drivers
v0000014056dfdad0_0 .var "out_act", 7 0;
v0000014056dfdf30_0 .var "out_psum", 31 0;
v0000014056dfcd10_0 .var/s "reg_weight", 7 0;
v0000014056dfed90_0 .net "rst_n", 0 0, L_0000014056b6afc0;  alias, 1 drivers
S_0000014056df2ca0 .scope generate, "COL_LOOP[13]" "COL_LOOP[13]" 9 55, 9 55 0, S_0000014056df1860;
 .timescale -9 -12;
P_0000014056cf9220 .param/l "c" 0 9 55, +C4<01101>;
v0000014056dfe7f0_0 .net "pe_in_act", 7 0, L_0000014056c85110;  1 drivers
v0000014056dfe250_0 .net "pe_in_psum", 31 0, L_0000014056c865a0;  1 drivers
v0000014056dfe890_0 .net "pe_in_weight", 7 0, L_0000014056f11640;  1 drivers
v0000014056dfd350_0 .net "pe_load_en", 0 0, L_0000014056f116e0;  1 drivers
S_0000014056df6e40 .scope generate, "genblk1" "genblk1" 9 61, 9 61 0, S_0000014056df2ca0;
 .timescale -9 -12;
L_0000014056c85110 .functor BUFZ 8, v0000014056dfdad0_0, C4<00000000>, C4<00000000>, C4<00000000>;
S_0000014056df6fd0 .scope generate, "genblk2" "genblk2" 9 72, 9 72 0, S_0000014056df2ca0;
 .timescale -9 -12;
L_0000014056c865a0 .functor BUFZ 32, v0000014056dda800_0, C4<00000000000000000000000000000000>, C4<00000000000000000000000000000000>, C4<00000000000000000000000000000000>;
S_0000014056df2fc0 .scope module, "pe_inst" "pe" 9 91, 10 12 0, S_0000014056df2ca0;
 .timescale 0 0;
    .port_info 0 /INPUT 1 "clk";
    .port_info 1 /INPUT 1 "rst_n";
    .port_info 2 /INPUT 1 "en_compute";
    .port_info 3 /INPUT 1 "load_weight";
    .port_info 4 /INPUT 8 "in_act";
    .port_info 5 /INPUT 8 "in_weight";
    .port_info 6 /INPUT 32 "in_psum";
    .port_info 7 /OUTPUT 8 "out_act";
    .port_info 8 /OUTPUT 32 "out_psum";
v0000014056dfe610_0 .net "clk", 0 0, v0000014056e82620_0;  alias, 1 drivers
v0000014056dfdfd0_0 .net "en_compute", 0 0, L_0000014056eb1298;  alias, 1 drivers
v0000014056dfe6b0_0 .net "in_act", 7 0, L_0000014056c85110;  alias, 1 drivers
v0000014056dfdb70_0 .net "in_psum", 31 0, L_0000014056c865a0;  alias, 1 drivers
v0000014056dfe390_0 .net "in_weight", 7 0, L_0000014056f11640;  alias, 1 drivers
v0000014056dfe570_0 .net "load_weight", 0 0, L_0000014056f116e0;  alias, 1 drivers
v0000014056dfca90_0 .var "out_act", 7 0;
v0000014056dfcef0_0 .var "out_psum", 31 0;
v0000014056dfe070_0 .var/s "reg_weight", 7 0;
v0000014056dfe930_0 .net "rst_n", 0 0, L_0000014056b6afc0;  alias, 1 drivers
S_0000014056df7160 .scope generate, "COL_LOOP[14]" "COL_LOOP[14]" 9 55, 9 55 0, S_0000014056df1860;
 .timescale -9 -12;
P_0000014056cf8fa0 .param/l "c" 0 9 55, +C4<01110>;
v0000014056e00f50_0 .net "pe_in_act", 7 0, L_0000014056c85dc0;  1 drivers
v0000014056dff970_0 .net "pe_in_psum", 31 0, L_0000014056c858f0;  1 drivers
v0000014056e00410_0 .net "pe_in_weight", 7 0, L_0000014056f12c20;  1 drivers
v0000014056dffc90_0 .net "pe_load_en", 0 0, L_0000014056f11780;  1 drivers
S_0000014056df72f0 .scope generate, "genblk1" "genblk1" 9 61, 9 61 0, S_0000014056df7160;
 .timescale -9 -12;
L_0000014056c85dc0 .functor BUFZ 8, v0000014056dfca90_0, C4<00000000>, C4<00000000>, C4<00000000>;
S_0000014056df7480 .scope generate, "genblk2" "genblk2" 9 72, 9 72 0, S_0000014056df7160;
 .timescale -9 -12;
L_0000014056c858f0 .functor BUFZ 32, v0000014056dde7c0_0, C4<00000000000000000000000000000000>, C4<00000000000000000000000000000000>, C4<00000000000000000000000000000000>;
S_0000014056df7610 .scope module, "pe_inst" "pe" 9 91, 10 12 0, S_0000014056df7160;
 .timescale 0 0;
    .port_info 0 /INPUT 1 "clk";
    .port_info 1 /INPUT 1 "rst_n";
    .port_info 2 /INPUT 1 "en_compute";
    .port_info 3 /INPUT 1 "load_weight";
    .port_info 4 /INPUT 8 "in_act";
    .port_info 5 /INPUT 8 "in_weight";
    .port_info 6 /INPUT 32 "in_psum";
    .port_info 7 /OUTPUT 8 "out_act";
    .port_info 8 /OUTPUT 32 "out_psum";
v0000014056dfd5d0_0 .net "clk", 0 0, v0000014056e82620_0;  alias, 1 drivers
v0000014056dfcb30_0 .net "en_compute", 0 0, L_0000014056eb1298;  alias, 1 drivers
v0000014056dfd670_0 .net "in_act", 7 0, L_0000014056c85dc0;  alias, 1 drivers
v0000014056dfe2f0_0 .net "in_psum", 31 0, L_0000014056c858f0;  alias, 1 drivers
v0000014056dfeb10_0 .net "in_weight", 7 0, L_0000014056f12c20;  alias, 1 drivers
v0000014056dfcf90_0 .net "load_weight", 0 0, L_0000014056f11780;  alias, 1 drivers
v0000014056dfebb0_0 .var "out_act", 7 0;
v0000014056dfee30_0 .var "out_psum", 31 0;
v0000014056dfeed0_0 .var/s "reg_weight", 7 0;
v0000014056dfd710_0 .net "rst_n", 0 0, L_0000014056b6afc0;  alias, 1 drivers
S_0000014056df3600 .scope generate, "COL_LOOP[15]" "COL_LOOP[15]" 9 55, 9 55 0, S_0000014056df1860;
 .timescale -9 -12;
P_0000014056cf9260 .param/l "c" 0 9 55, +C4<01111>;
v0000014056e00e10_0 .net "pe_in_act", 7 0, L_0000014056c860d0;  1 drivers
v0000014056e00eb0_0 .net "pe_in_psum", 31 0, L_0000014056c85e30;  1 drivers
v0000014056e00190_0 .net "pe_in_weight", 7 0, L_0000014056f11820;  1 drivers
v0000014056e01270_0 .net "pe_load_en", 0 0, L_0000014056f12d60;  1 drivers
S_0000014056df77a0 .scope generate, "genblk1" "genblk1" 9 61, 9 61 0, S_0000014056df3600;
 .timescale -9 -12;
L_0000014056c860d0 .functor BUFZ 8, v0000014056dfebb0_0, C4<00000000>, C4<00000000>, C4<00000000>;
S_0000014056df7930 .scope generate, "genblk2" "genblk2" 9 72, 9 72 0, S_0000014056df3600;
 .timescale -9 -12;
L_0000014056c85e30 .functor BUFZ 32, v0000014056ddd1e0_0, C4<00000000000000000000000000000000>, C4<00000000000000000000000000000000>, C4<00000000000000000000000000000000>;
S_0000014056df7ac0 .scope module, "pe_inst" "pe" 9 91, 10 12 0, S_0000014056df3600;
 .timescale 0 0;
    .port_info 0 /INPUT 1 "clk";
    .port_info 1 /INPUT 1 "rst_n";
    .port_info 2 /INPUT 1 "en_compute";
    .port_info 3 /INPUT 1 "load_weight";
    .port_info 4 /INPUT 8 "in_act";
    .port_info 5 /INPUT 8 "in_weight";
    .port_info 6 /INPUT 32 "in_psum";
    .port_info 7 /OUTPUT 8 "out_act";
    .port_info 8 /OUTPUT 32 "out_psum";
v0000014056e01810_0 .net "clk", 0 0, v0000014056e82620_0;  alias, 1 drivers
v0000014056dffa10_0 .net "en_compute", 0 0, L_0000014056eb1298;  alias, 1 drivers
v0000014056e009b0_0 .net "in_act", 7 0, L_0000014056c860d0;  alias, 1 drivers
v0000014056e00230_0 .net "in_psum", 31 0, L_0000014056c85e30;  alias, 1 drivers
v0000014056e00ff0_0 .net "in_weight", 7 0, L_0000014056f11820;  alias, 1 drivers
v0000014056e002d0_0 .net "load_weight", 0 0, L_0000014056f12d60;  alias, 1 drivers
v0000014056dff650_0 .var "out_act", 7 0;
v0000014056e00a50_0 .var "out_psum", 31 0;
v0000014056e00370_0 .var/s "reg_weight", 7 0;
v0000014056dffb50_0 .net "rst_n", 0 0, L_0000014056b6afc0;  alias, 1 drivers
S_0000014056df7c50 .scope generate, "ROW_LOOP[7]" "ROW_LOOP[7]" 9 54, 9 54 0, S_0000014056d859f0;
 .timescale -9 -12;
P_0000014056cf9b20 .param/l "r" 0 9 54, +C4<0111>;
S_0000014056df7de0 .scope generate, "COL_LOOP[0]" "COL_LOOP[0]" 9 55, 9 55 0, S_0000014056df7c50;
 .timescale -9 -12;
P_0000014056cf92a0 .param/l "c" 0 9 55, +C4<00>;
v0000014056e01770_0 .net "pe_in_act", 7 0, L_0000014056f134e0;  1 drivers
v0000014056e016d0_0 .net "pe_in_psum", 31 0, L_0000014056c851f0;  1 drivers
v0000014056e01310_0 .net "pe_in_weight", 7 0, L_0000014056f11a00;  1 drivers
v0000014056dff290_0 .net "pe_load_en", 0 0, L_0000014056f14700;  1 drivers
S_0000014056df7f70 .scope generate, "genblk1" "genblk1" 9 61, 9 61 0, S_0000014056df7de0;
 .timescale -9 -12;
S_0000014056df8100 .scope generate, "genblk2" "genblk2" 9 72, 9 72 0, S_0000014056df7de0;
 .timescale -9 -12;
L_0000014056c851f0 .functor BUFZ 32, v0000014056ddcd80_0, C4<00000000000000000000000000000000>, C4<00000000000000000000000000000000>, C4<00000000000000000000000000000000>;
S_0000014056df8290 .scope module, "pe_inst" "pe" 9 91, 10 12 0, S_0000014056df7de0;
 .timescale 0 0;
    .port_info 0 /INPUT 1 "clk";
    .port_info 1 /INPUT 1 "rst_n";
    .port_info 2 /INPUT 1 "en_compute";
    .port_info 3 /INPUT 1 "load_weight";
    .port_info 4 /INPUT 8 "in_act";
    .port_info 5 /INPUT 8 "in_weight";
    .port_info 6 /INPUT 32 "in_psum";
    .port_info 7 /OUTPUT 8 "out_act";
    .port_info 8 /OUTPUT 32 "out_psum";
v0000014056e01090_0 .net "clk", 0 0, v0000014056e82620_0;  alias, 1 drivers
v0000014056dff5b0_0 .net "en_compute", 0 0, L_0000014056eb1298;  alias, 1 drivers
v0000014056e00910_0 .net "in_act", 7 0, L_0000014056f134e0;  alias, 1 drivers
v0000014056e01590_0 .net "in_psum", 31 0, L_0000014056c851f0;  alias, 1 drivers
v0000014056e01950_0 .net "in_weight", 7 0, L_0000014056f11a00;  alias, 1 drivers
v0000014056e00cd0_0 .net "load_weight", 0 0, L_0000014056f14700;  alias, 1 drivers
v0000014056e013b0_0 .var "out_act", 7 0;
v0000014056dff6f0_0 .var "out_psum", 31 0;
v0000014056e01450_0 .var/s "reg_weight", 7 0;
v0000014056e00d70_0 .net "rst_n", 0 0, L_0000014056b6afc0;  alias, 1 drivers
S_0000014056df8420 .scope generate, "COL_LOOP[1]" "COL_LOOP[1]" 9 55, 9 55 0, S_0000014056df7c50;
 .timescale -9 -12;
P_0000014056cf93a0 .param/l "c" 0 9 55, +C4<01>;
v0000014056dff330_0 .net "pe_in_act", 7 0, L_0000014056c86b50;  1 drivers
v0000014056e01630_0 .net "pe_in_psum", 31 0, L_0000014056c86bc0;  1 drivers
v0000014056dff3d0_0 .net "pe_in_weight", 7 0, L_0000014056f13a80;  1 drivers
v0000014056dff470_0 .net "pe_load_en", 0 0, L_0000014056f14480;  1 drivers
S_0000014056df96e0 .scope generate, "genblk1" "genblk1" 9 61, 9 61 0, S_0000014056df8420;
 .timescale -9 -12;
L_0000014056c86b50 .functor BUFZ 8, v0000014056e013b0_0, C4<00000000>, C4<00000000>, C4<00000000>;
S_0000014056df9230 .scope generate, "genblk2" "genblk2" 9 72, 9 72 0, S_0000014056df8420;
 .timescale -9 -12;
L_0000014056c86bc0 .functor BUFZ 32, v0000014056dddd20_0, C4<00000000000000000000000000000000>, C4<00000000000000000000000000000000>, C4<00000000000000000000000000000000>;
S_0000014056df8f10 .scope module, "pe_inst" "pe" 9 91, 10 12 0, S_0000014056df8420;
 .timescale 0 0;
    .port_info 0 /INPUT 1 "clk";
    .port_info 1 /INPUT 1 "rst_n";
    .port_info 2 /INPUT 1 "en_compute";
    .port_info 3 /INPUT 1 "load_weight";
    .port_info 4 /INPUT 8 "in_act";
    .port_info 5 /INPUT 8 "in_weight";
    .port_info 6 /INPUT 32 "in_psum";
    .port_info 7 /OUTPUT 8 "out_act";
    .port_info 8 /OUTPUT 32 "out_psum";
v0000014056dffbf0_0 .net "clk", 0 0, v0000014056e82620_0;  alias, 1 drivers
v0000014056dff830_0 .net "en_compute", 0 0, L_0000014056eb1298;  alias, 1 drivers
v0000014056e00050_0 .net "in_act", 7 0, L_0000014056c86b50;  alias, 1 drivers
v0000014056dffd30_0 .net "in_psum", 31 0, L_0000014056c86bc0;  alias, 1 drivers
v0000014056e018b0_0 .net "in_weight", 7 0, L_0000014056f13a80;  alias, 1 drivers
v0000014056dff1f0_0 .net "load_weight", 0 0, L_0000014056f14480;  alias, 1 drivers
v0000014056e00b90_0 .var "out_act", 7 0;
v0000014056e01130_0 .var "out_psum", 31 0;
v0000014056e00c30_0 .var/s "reg_weight", 7 0;
v0000014056e014f0_0 .net "rst_n", 0 0, L_0000014056b6afc0;  alias, 1 drivers
S_0000014056df9a00 .scope generate, "COL_LOOP[2]" "COL_LOOP[2]" 9 55, 9 55 0, S_0000014056df7c50;
 .timescale -9 -12;
P_0000014056cf99a0 .param/l "c" 0 9 55, +C4<010>;
v0000014056e00690_0 .net "pe_in_act", 7 0, L_0000014056c86140;  1 drivers
v0000014056e00730_0 .net "pe_in_psum", 31 0, L_0000014056c86220;  1 drivers
v0000014056e007d0_0 .net "pe_in_weight", 7 0, L_0000014056f145c0;  1 drivers
v0000014056e00870_0 .net "pe_load_en", 0 0, L_0000014056f15060;  1 drivers
S_0000014056df90a0 .scope generate, "genblk1" "genblk1" 9 61, 9 61 0, S_0000014056df9a00;
 .timescale -9 -12;
L_0000014056c86140 .functor BUFZ 8, v0000014056e00b90_0, C4<00000000>, C4<00000000>, C4<00000000>;
S_0000014056df9870 .scope generate, "genblk2" "genblk2" 9 72, 9 72 0, S_0000014056df9a00;
 .timescale -9 -12;
L_0000014056c86220 .functor BUFZ 32, v0000014056de0200_0, C4<00000000000000000000000000000000>, C4<00000000000000000000000000000000>, C4<00000000000000000000000000000000>;
S_0000014056df8a60 .scope module, "pe_inst" "pe" 9 91, 10 12 0, S_0000014056df9a00;
 .timescale 0 0;
    .port_info 0 /INPUT 1 "clk";
    .port_info 1 /INPUT 1 "rst_n";
    .port_info 2 /INPUT 1 "en_compute";
    .port_info 3 /INPUT 1 "load_weight";
    .port_info 4 /INPUT 8 "in_act";
    .port_info 5 /INPUT 8 "in_weight";
    .port_info 6 /INPUT 32 "in_psum";
    .port_info 7 /OUTPUT 8 "out_act";
    .port_info 8 /OUTPUT 32 "out_psum";
v0000014056dff510_0 .net "clk", 0 0, v0000014056e82620_0;  alias, 1 drivers
v0000014056dff790_0 .net "en_compute", 0 0, L_0000014056eb1298;  alias, 1 drivers
v0000014056dff8d0_0 .net "in_act", 7 0, L_0000014056c86140;  alias, 1 drivers
v0000014056dffe70_0 .net "in_psum", 31 0, L_0000014056c86220;  alias, 1 drivers
v0000014056dfff10_0 .net "in_weight", 7 0, L_0000014056f145c0;  alias, 1 drivers
v0000014056dfffb0_0 .net "load_weight", 0 0, L_0000014056f15060;  alias, 1 drivers
v0000014056e000f0_0 .var "out_act", 7 0;
v0000014056e004b0_0 .var "out_psum", 31 0;
v0000014056e00550_0 .var/s "reg_weight", 7 0;
v0000014056e005f0_0 .net "rst_n", 0 0, L_0000014056b6afc0;  alias, 1 drivers
S_0000014056df9eb0 .scope generate, "COL_LOOP[3]" "COL_LOOP[3]" 9 55, 9 55 0, S_0000014056df7c50;
 .timescale -9 -12;
P_0000014056cf8ea0 .param/l "c" 0 9 55, +C4<011>;
v0000014056e02f30_0 .net "pe_in_act", 7 0, L_0000014056c86610;  1 drivers
v0000014056e01e50_0 .net "pe_in_psum", 31 0, L_00000140566dc8b0;  1 drivers
v0000014056e034d0_0 .net "pe_in_weight", 7 0, L_0000014056f14d40;  1 drivers
v0000014056e02b70_0 .net "pe_load_en", 0 0, L_0000014056f13f80;  1 drivers
S_0000014056df93c0 .scope generate, "genblk1" "genblk1" 9 61, 9 61 0, S_0000014056df9eb0;
 .timescale -9 -12;
L_0000014056c86610 .functor BUFZ 8, v0000014056e000f0_0, C4<00000000>, C4<00000000>, C4<00000000>;
S_0000014056df9550 .scope generate, "genblk2" "genblk2" 9 72, 9 72 0, S_0000014056df9eb0;
 .timescale -9 -12;
L_00000140566dc8b0 .functor BUFZ 32, v0000014056ddf620_0, C4<00000000000000000000000000000000>, C4<00000000000000000000000000000000>, C4<00000000000000000000000000000000>;
S_0000014056df8bf0 .scope module, "pe_inst" "pe" 9 91, 10 12 0, S_0000014056df9eb0;
 .timescale 0 0;
    .port_info 0 /INPUT 1 "clk";
    .port_info 1 /INPUT 1 "rst_n";
    .port_info 2 /INPUT 1 "en_compute";
    .port_info 3 /INPUT 1 "load_weight";
    .port_info 4 /INPUT 8 "in_act";
    .port_info 5 /INPUT 8 "in_weight";
    .port_info 6 /INPUT 32 "in_psum";
    .port_info 7 /OUTPUT 8 "out_act";
    .port_info 8 /OUTPUT 32 "out_psum";
v0000014056e039d0_0 .net "clk", 0 0, v0000014056e82620_0;  alias, 1 drivers
v0000014056e02a30_0 .net "en_compute", 0 0, L_0000014056eb1298;  alias, 1 drivers
v0000014056e02e90_0 .net "in_act", 7 0, L_0000014056c86610;  alias, 1 drivers
v0000014056e02990_0 .net "in_psum", 31 0, L_00000140566dc8b0;  alias, 1 drivers
v0000014056e028f0_0 .net "in_weight", 7 0, L_0000014056f14d40;  alias, 1 drivers
v0000014056e03610_0 .net "load_weight", 0 0, L_0000014056f13f80;  alias, 1 drivers
v0000014056e02850_0 .var "out_act", 7 0;
v0000014056e03390_0 .var "out_psum", 31 0;
v0000014056e02170_0 .var/s "reg_weight", 7 0;
v0000014056e02ad0_0 .net "rst_n", 0 0, L_0000014056b6afc0;  alias, 1 drivers
S_0000014056df9b90 .scope generate, "COL_LOOP[4]" "COL_LOOP[4]" 9 55, 9 55 0, S_0000014056df7c50;
 .timescale -9 -12;
P_0000014056cf9820 .param/l "c" 0 9 55, +C4<0100>;
v0000014056e02490_0 .net "pe_in_act", 7 0, L_00000140566dc840;  1 drivers
v0000014056e03430_0 .net "pe_in_psum", 31 0, L_00000140566dbc00;  1 drivers
v0000014056e03570_0 .net "pe_in_weight", 7 0, L_0000014056f13b20;  1 drivers
v0000014056e02710_0 .net "pe_load_en", 0 0, L_0000014056f138a0;  1 drivers
S_0000014056df85b0 .scope generate, "genblk1" "genblk1" 9 61, 9 61 0, S_0000014056df9b90;
 .timescale -9 -12;
L_00000140566dc840 .functor BUFZ 8, v0000014056e02850_0, C4<00000000>, C4<00000000>, C4<00000000>;
S_0000014056df9d20 .scope generate, "genblk2" "genblk2" 9 72, 9 72 0, S_0000014056df9b90;
 .timescale -9 -12;
L_00000140566dbc00 .functor BUFZ 32, v0000014056de05c0_0, C4<00000000000000000000000000000000>, C4<00000000000000000000000000000000>, C4<00000000000000000000000000000000>;
S_0000014056df8d80 .scope module, "pe_inst" "pe" 9 91, 10 12 0, S_0000014056df9b90;
 .timescale 0 0;
    .port_info 0 /INPUT 1 "clk";
    .port_info 1 /INPUT 1 "rst_n";
    .port_info 2 /INPUT 1 "en_compute";
    .port_info 3 /INPUT 1 "load_weight";
    .port_info 4 /INPUT 8 "in_act";
    .port_info 5 /INPUT 8 "in_weight";
    .port_info 6 /INPUT 32 "in_psum";
    .port_info 7 /OUTPUT 8 "out_act";
    .port_info 8 /OUTPUT 32 "out_psum";
v0000014056e023f0_0 .net "clk", 0 0, v0000014056e82620_0;  alias, 1 drivers
v0000014056e03a70_0 .net "en_compute", 0 0, L_0000014056eb1298;  alias, 1 drivers
v0000014056e037f0_0 .net "in_act", 7 0, L_00000140566dc840;  alias, 1 drivers
v0000014056e02c10_0 .net "in_psum", 31 0, L_00000140566dbc00;  alias, 1 drivers
v0000014056e03110_0 .net "in_weight", 7 0, L_0000014056f13b20;  alias, 1 drivers
v0000014056e03b10_0 .net "load_weight", 0 0, L_0000014056f138a0;  alias, 1 drivers
v0000014056e02fd0_0 .var "out_act", 7 0;
v0000014056e02350_0 .var "out_psum", 31 0;
v0000014056e036b0_0 .var/s "reg_weight", 7 0;
v0000014056e02210_0 .net "rst_n", 0 0, L_0000014056b6afc0;  alias, 1 drivers
S_0000014056df8740 .scope generate, "COL_LOOP[5]" "COL_LOOP[5]" 9 55, 9 55 0, S_0000014056df7c50;
 .timescale -9 -12;
P_0000014056cf9360 .param/l "c" 0 9 55, +C4<0101>;
v0000014056e03070_0 .net "pe_in_act", 7 0, L_00000140566dcc30;  1 drivers
v0000014056e025d0_0 .net "pe_in_psum", 31 0, L_00000140566dc290;  1 drivers
v0000014056e03930_0 .net "pe_in_weight", 7 0, L_0000014056f13da0;  1 drivers
v0000014056e03bb0_0 .net "pe_load_en", 0 0, L_0000014056f14160;  1 drivers
S_0000014056df88d0 .scope generate, "genblk1" "genblk1" 9 61, 9 61 0, S_0000014056df8740;
 .timescale -9 -12;
L_00000140566dcc30 .functor BUFZ 8, v0000014056e02fd0_0, C4<00000000>, C4<00000000>, C4<00000000>;
S_0000014056e21a50 .scope generate, "genblk2" "genblk2" 9 72, 9 72 0, S_0000014056df8740;
 .timescale -9 -12;
L_00000140566dc290 .functor BUFZ 32, v0000014056de1740_0, C4<00000000000000000000000000000000>, C4<00000000000000000000000000000000>, C4<00000000000000000000000000000000>;
S_0000014056e20c40 .scope module, "pe_inst" "pe" 9 91, 10 12 0, S_0000014056df8740;
 .timescale 0 0;
    .port_info 0 /INPUT 1 "clk";
    .port_info 1 /INPUT 1 "rst_n";
    .port_info 2 /INPUT 1 "en_compute";
    .port_info 3 /INPUT 1 "load_weight";
    .port_info 4 /INPUT 8 "in_act";
    .port_info 5 /INPUT 8 "in_weight";
    .port_info 6 /INPUT 32 "in_psum";
    .port_info 7 /OUTPUT 8 "out_act";
    .port_info 8 /OUTPUT 32 "out_psum";
v0000014056e03ed0_0 .net "clk", 0 0, v0000014056e82620_0;  alias, 1 drivers
v0000014056e020d0_0 .net "en_compute", 0 0, L_0000014056eb1298;  alias, 1 drivers
v0000014056e02530_0 .net "in_act", 7 0, L_00000140566dcc30;  alias, 1 drivers
v0000014056e03890_0 .net "in_psum", 31 0, L_00000140566dc290;  alias, 1 drivers
v0000014056e03f70_0 .net "in_weight", 7 0, L_0000014056f13da0;  alias, 1 drivers
v0000014056e031b0_0 .net "load_weight", 0 0, L_0000014056f14160;  alias, 1 drivers
v0000014056e03250_0 .var "out_act", 7 0;
v0000014056e02cb0_0 .var "out_psum", 31 0;
v0000014056e02df0_0 .var/s "reg_weight", 7 0;
v0000014056e03750_0 .net "rst_n", 0 0, L_0000014056b6afc0;  alias, 1 drivers
S_0000014056e22090 .scope generate, "COL_LOOP[6]" "COL_LOOP[6]" 9 55, 9 55 0, S_0000014056df7c50;
 .timescale -9 -12;
P_0000014056cf8ce0 .param/l "c" 0 9 55, +C4<0110>;
v0000014056e01a90_0 .net "pe_in_act", 7 0, L_00000140566dc530;  1 drivers
v0000014056e01b30_0 .net "pe_in_psum", 31 0, L_00000140566dc920;  1 drivers
v0000014056e01bd0_0 .net "pe_in_weight", 7 0, L_0000014056f14ca0;  1 drivers
v0000014056e01c70_0 .net "pe_load_en", 0 0, L_0000014056f13440;  1 drivers
S_0000014056e21d70 .scope generate, "genblk1" "genblk1" 9 61, 9 61 0, S_0000014056e22090;
 .timescale -9 -12;
L_00000140566dc530 .functor BUFZ 8, v0000014056e03250_0, C4<00000000>, C4<00000000>, C4<00000000>;
S_0000014056e21410 .scope generate, "genblk2" "genblk2" 9 72, 9 72 0, S_0000014056e22090;
 .timescale -9 -12;
L_00000140566dc920 .functor BUFZ 32, v0000014056dfbc30_0, C4<00000000000000000000000000000000>, C4<00000000000000000000000000000000>, C4<00000000000000000000000000000000>;
S_0000014056e20920 .scope module, "pe_inst" "pe" 9 91, 10 12 0, S_0000014056e22090;
 .timescale 0 0;
    .port_info 0 /INPUT 1 "clk";
    .port_info 1 /INPUT 1 "rst_n";
    .port_info 2 /INPUT 1 "en_compute";
    .port_info 3 /INPUT 1 "load_weight";
    .port_info 4 /INPUT 8 "in_act";
    .port_info 5 /INPUT 8 "in_weight";
    .port_info 6 /INPUT 32 "in_psum";
    .port_info 7 /OUTPUT 8 "out_act";
    .port_info 8 /OUTPUT 32 "out_psum";
v0000014056e04010_0 .net "clk", 0 0, v0000014056e82620_0;  alias, 1 drivers
v0000014056e02670_0 .net "en_compute", 0 0, L_0000014056eb1298;  alias, 1 drivers
v0000014056e022b0_0 .net "in_act", 7 0, L_00000140566dc530;  alias, 1 drivers
v0000014056e03d90_0 .net "in_psum", 31 0, L_00000140566dc920;  alias, 1 drivers
v0000014056e040b0_0 .net "in_weight", 7 0, L_0000014056f14ca0;  alias, 1 drivers
v0000014056e03e30_0 .net "load_weight", 0 0, L_0000014056f13440;  alias, 1 drivers
v0000014056e04150_0 .var "out_act", 7 0;
v0000014056e019f0_0 .var "out_psum", 31 0;
v0000014056e027b0_0 .var/s "reg_weight", 7 0;
v0000014056e032f0_0 .net "rst_n", 0 0, L_0000014056b6afc0;  alias, 1 drivers
S_0000014056e210f0 .scope generate, "COL_LOOP[7]" "COL_LOOP[7]" 9 55, 9 55 0, S_0000014056df7c50;
 .timescale -9 -12;
P_0000014056cf8be0 .param/l "c" 0 9 55, +C4<0111>;
v0000014056e05550_0 .net "pe_in_act", 7 0, L_00000140566dcae0;  1 drivers
v0000014056e04ab0_0 .net "pe_in_psum", 31 0, L_00000140566dced0;  1 drivers
v0000014056e04e70_0 .net "pe_in_weight", 7 0, L_0000014056f14de0;  1 drivers
v0000014056e05690_0 .net "pe_load_en", 0 0, L_0000014056f156a0;  1 drivers
S_0000014056e1f7f0 .scope generate, "genblk1" "genblk1" 9 61, 9 61 0, S_0000014056e210f0;
 .timescale -9 -12;
L_00000140566dcae0 .functor BUFZ 8, v0000014056e04150_0, C4<00000000>, C4<00000000>, C4<00000000>;
S_0000014056e1f340 .scope generate, "genblk2" "genblk2" 9 72, 9 72 0, S_0000014056e210f0;
 .timescale -9 -12;
L_00000140566dced0 .functor BUFZ 32, v0000014056dfb190_0, C4<00000000000000000000000000000000>, C4<00000000000000000000000000000000>, C4<00000000000000000000000000000000>;
S_0000014056e20ab0 .scope module, "pe_inst" "pe" 9 91, 10 12 0, S_0000014056e210f0;
 .timescale 0 0;
    .port_info 0 /INPUT 1 "clk";
    .port_info 1 /INPUT 1 "rst_n";
    .port_info 2 /INPUT 1 "en_compute";
    .port_info 3 /INPUT 1 "load_weight";
    .port_info 4 /INPUT 8 "in_act";
    .port_info 5 /INPUT 8 "in_weight";
    .port_info 6 /INPUT 32 "in_psum";
    .port_info 7 /OUTPUT 8 "out_act";
    .port_info 8 /OUTPUT 32 "out_psum";
v0000014056e01ef0_0 .net "clk", 0 0, v0000014056e82620_0;  alias, 1 drivers
v0000014056e01f90_0 .net "en_compute", 0 0, L_0000014056eb1298;  alias, 1 drivers
v0000014056e02030_0 .net "in_act", 7 0, L_00000140566dcae0;  alias, 1 drivers
v0000014056e04830_0 .net "in_psum", 31 0, L_00000140566dced0;  alias, 1 drivers
v0000014056e06770_0 .net "in_weight", 7 0, L_0000014056f14de0;  alias, 1 drivers
v0000014056e05910_0 .net "load_weight", 0 0, L_0000014056f156a0;  alias, 1 drivers
v0000014056e04330_0 .var "out_act", 7 0;
v0000014056e05190_0 .var "out_psum", 31 0;
v0000014056e04b50_0 .var/s "reg_weight", 7 0;
v0000014056e057d0_0 .net "rst_n", 0 0, L_0000014056b6afc0;  alias, 1 drivers
S_0000014056e215a0 .scope generate, "COL_LOOP[8]" "COL_LOOP[8]" 9 55, 9 55 0, S_0000014056df7c50;
 .timescale -9 -12;
P_0000014056cf9320 .param/l "c" 0 9 55, +C4<01000>;
v0000014056e05050_0 .net "pe_in_act", 7 0, L_00000140566dcfb0;  1 drivers
v0000014056e05c30_0 .net "pe_in_psum", 31 0, L_00000140566db9d0;  1 drivers
v0000014056e04fb0_0 .net "pe_in_weight", 7 0, L_0000014056f14020;  1 drivers
v0000014056e068b0_0 .net "pe_load_en", 0 0, L_0000014056f142a0;  1 drivers
S_0000014056e1f980 .scope generate, "genblk1" "genblk1" 9 61, 9 61 0, S_0000014056e215a0;
 .timescale -9 -12;
L_00000140566dcfb0 .functor BUFZ 8, v0000014056e04330_0, C4<00000000>, C4<00000000>, C4<00000000>;
S_0000014056e1fe30 .scope generate, "genblk2" "genblk2" 9 72, 9 72 0, S_0000014056e215a0;
 .timescale -9 -12;
L_00000140566db9d0 .functor BUFZ 32, v0000014056dfafb0_0, C4<00000000000000000000000000000000>, C4<00000000000000000000000000000000>, C4<00000000000000000000000000000000>;
S_0000014056e1fb10 .scope module, "pe_inst" "pe" 9 91, 10 12 0, S_0000014056e215a0;
 .timescale 0 0;
    .port_info 0 /INPUT 1 "clk";
    .port_info 1 /INPUT 1 "rst_n";
    .port_info 2 /INPUT 1 "en_compute";
    .port_info 3 /INPUT 1 "load_weight";
    .port_info 4 /INPUT 8 "in_act";
    .port_info 5 /INPUT 8 "in_weight";
    .port_info 6 /INPUT 32 "in_psum";
    .port_info 7 /OUTPUT 8 "out_act";
    .port_info 8 /OUTPUT 32 "out_psum";
v0000014056e06810_0 .net "clk", 0 0, v0000014056e82620_0;  alias, 1 drivers
v0000014056e05a50_0 .net "en_compute", 0 0, L_0000014056eb1298;  alias, 1 drivers
v0000014056e04bf0_0 .net "in_act", 7 0, L_00000140566dcfb0;  alias, 1 drivers
v0000014056e06630_0 .net "in_psum", 31 0, L_00000140566db9d0;  alias, 1 drivers
v0000014056e06590_0 .net "in_weight", 7 0, L_0000014056f14020;  alias, 1 drivers
v0000014056e05eb0_0 .net "load_weight", 0 0, L_0000014056f142a0;  alias, 1 drivers
v0000014056e06130_0 .var "out_act", 7 0;
v0000014056e04650_0 .var "out_psum", 31 0;
v0000014056e04a10_0 .var/s "reg_weight", 7 0;
v0000014056e04c90_0 .net "rst_n", 0 0, L_0000014056b6afc0;  alias, 1 drivers
S_0000014056e1ffc0 .scope generate, "COL_LOOP[9]" "COL_LOOP[9]" 9 55, 9 55 0, S_0000014056df7c50;
 .timescale -9 -12;
P_0000014056cf8fe0 .param/l "c" 0 9 55, +C4<01001>;
v0000014056e06310_0 .net "pe_in_act", 7 0, L_00000140566dd020;  1 drivers
v0000014056e048d0_0 .net "pe_in_psum", 31 0, L_00000140566dd170;  1 drivers
v0000014056e045b0_0 .net "pe_in_weight", 7 0, L_0000014056f14660;  1 drivers
v0000014056e055f0_0 .net "pe_load_en", 0 0, L_0000014056f14e80;  1 drivers
S_0000014056e1eb70 .scope generate, "genblk1" "genblk1" 9 61, 9 61 0, S_0000014056e1ffc0;
 .timescale -9 -12;
L_00000140566dd020 .functor BUFZ 8, v0000014056e06130_0, C4<00000000>, C4<00000000>, C4<00000000>;
S_0000014056e1ee90 .scope generate, "genblk2" "genblk2" 9 72, 9 72 0, S_0000014056e1ffc0;
 .timescale -9 -12;
L_00000140566dd170 .functor BUFZ 32, v0000014056dfa470_0, C4<00000000000000000000000000000000>, C4<00000000000000000000000000000000>, C4<00000000000000000000000000000000>;
S_0000014056e21f00 .scope module, "pe_inst" "pe" 9 91, 10 12 0, S_0000014056e1ffc0;
 .timescale 0 0;
    .port_info 0 /INPUT 1 "clk";
    .port_info 1 /INPUT 1 "rst_n";
    .port_info 2 /INPUT 1 "en_compute";
    .port_info 3 /INPUT 1 "load_weight";
    .port_info 4 /INPUT 8 "in_act";
    .port_info 5 /INPUT 8 "in_weight";
    .port_info 6 /INPUT 32 "in_psum";
    .port_info 7 /OUTPUT 8 "out_act";
    .port_info 8 /OUTPUT 32 "out_psum";
v0000014056e05730_0 .net "clk", 0 0, v0000014056e82620_0;  alias, 1 drivers
v0000014056e06270_0 .net "en_compute", 0 0, L_0000014056eb1298;  alias, 1 drivers
v0000014056e05230_0 .net "in_act", 7 0, L_00000140566dd020;  alias, 1 drivers
v0000014056e043d0_0 .net "in_psum", 31 0, L_00000140566dd170;  alias, 1 drivers
v0000014056e04470_0 .net "in_weight", 7 0, L_0000014056f14660;  alias, 1 drivers
v0000014056e05e10_0 .net "load_weight", 0 0, L_0000014056f14e80;  alias, 1 drivers
v0000014056e04d30_0 .var "out_act", 7 0;
v0000014056e06950_0 .var "out_psum", 31 0;
v0000014056e05af0_0 .var/s "reg_weight", 7 0;
v0000014056e06090_0 .net "rst_n", 0 0, L_0000014056b6afc0;  alias, 1 drivers
S_0000014056e20dd0 .scope generate, "COL_LOOP[10]" "COL_LOOP[10]" 9 55, 9 55 0, S_0000014056df7c50;
 .timescale -9 -12;
P_0000014056cf98a0 .param/l "c" 0 9 55, +C4<01010>;
v0000014056e050f0_0 .net "pe_in_act", 7 0, L_00000140566dbb90;  1 drivers
v0000014056e05b90_0 .net "pe_in_psum", 31 0, L_00000140566dd2c0;  1 drivers
v0000014056e05d70_0 .net "pe_in_weight", 7 0, L_0000014056f15100;  1 drivers
v0000014056e05370_0 .net "pe_load_en", 0 0, L_0000014056f147a0;  1 drivers
S_0000014056e21730 .scope generate, "genblk1" "genblk1" 9 61, 9 61 0, S_0000014056e20dd0;
 .timescale -9 -12;
L_00000140566dbb90 .functor BUFZ 8, v0000014056e04d30_0, C4<00000000>, C4<00000000>, C4<00000000>;
S_0000014056e1f4d0 .scope generate, "genblk2" "genblk2" 9 72, 9 72 0, S_0000014056e20dd0;
 .timescale -9 -12;
L_00000140566dd2c0 .functor BUFZ 32, v0000014056dfcbd0_0, C4<00000000000000000000000000000000>, C4<00000000000000000000000000000000>, C4<00000000000000000000000000000000>;
S_0000014056e20150 .scope module, "pe_inst" "pe" 9 91, 10 12 0, S_0000014056e20dd0;
 .timescale 0 0;
    .port_info 0 /INPUT 1 "clk";
    .port_info 1 /INPUT 1 "rst_n";
    .port_info 2 /INPUT 1 "en_compute";
    .port_info 3 /INPUT 1 "load_weight";
    .port_info 4 /INPUT 8 "in_act";
    .port_info 5 /INPUT 8 "in_weight";
    .port_info 6 /INPUT 32 "in_psum";
    .port_info 7 /OUTPUT 8 "out_act";
    .port_info 8 /OUTPUT 32 "out_psum";
v0000014056e04dd0_0 .net "clk", 0 0, v0000014056e82620_0;  alias, 1 drivers
v0000014056e063b0_0 .net "en_compute", 0 0, L_0000014056eb1298;  alias, 1 drivers
v0000014056e05ff0_0 .net "in_act", 7 0, L_00000140566dbb90;  alias, 1 drivers
v0000014056e052d0_0 .net "in_psum", 31 0, L_00000140566dd2c0;  alias, 1 drivers
v0000014056e059b0_0 .net "in_weight", 7 0, L_0000014056f15100;  alias, 1 drivers
v0000014056e06450_0 .net "load_weight", 0 0, L_0000014056f147a0;  alias, 1 drivers
v0000014056e05870_0 .var "out_act", 7 0;
v0000014056e04f10_0 .var "out_psum", 31 0;
v0000014056e05f50_0 .var/s "reg_weight", 7 0;
v0000014056e04970_0 .net "rst_n", 0 0, L_0000014056b6afc0;  alias, 1 drivers
S_0000014056e20f60 .scope generate, "COL_LOOP[11]" "COL_LOOP[11]" 9 55, 9 55 0, S_0000014056df7c50;
 .timescale -9 -12;
P_0000014056cf9ae0 .param/l "c" 0 9 55, +C4<01011>;
v0000014056e07670_0 .net "pe_in_act", 7 0, L_00000140566dd330;  1 drivers
v0000014056e07530_0 .net "pe_in_psum", 31 0, L_0000014056309550;  1 drivers
v0000014056e07b70_0 .net "pe_in_weight", 7 0, L_0000014056f14f20;  1 drivers
v0000014056e06c70_0 .net "pe_load_en", 0 0, L_0000014056f131c0;  1 drivers
S_0000014056e1e080 .scope generate, "genblk1" "genblk1" 9 61, 9 61 0, S_0000014056e20f60;
 .timescale -9 -12;
L_00000140566dd330 .functor BUFZ 8, v0000014056e05870_0, C4<00000000>, C4<00000000>, C4<00000000>;
S_0000014056e20600 .scope generate, "genblk2" "genblk2" 9 72, 9 72 0, S_0000014056e20f60;
 .timescale -9 -12;
L_0000014056309550 .functor BUFZ 32, v0000014056dff150_0, C4<00000000000000000000000000000000>, C4<00000000000000000000000000000000>, C4<00000000000000000000000000000000>;
S_0000014056e218c0 .scope module, "pe_inst" "pe" 9 91, 10 12 0, S_0000014056e20f60;
 .timescale 0 0;
    .port_info 0 /INPUT 1 "clk";
    .port_info 1 /INPUT 1 "rst_n";
    .port_info 2 /INPUT 1 "en_compute";
    .port_info 3 /INPUT 1 "load_weight";
    .port_info 4 /INPUT 8 "in_act";
    .port_info 5 /INPUT 8 "in_weight";
    .port_info 6 /INPUT 32 "in_psum";
    .port_info 7 /OUTPUT 8 "out_act";
    .port_info 8 /OUTPUT 32 "out_psum";
v0000014056e05410_0 .net "clk", 0 0, v0000014056e82620_0;  alias, 1 drivers
v0000014056e04510_0 .net "en_compute", 0 0, L_0000014056eb1298;  alias, 1 drivers
v0000014056e05cd0_0 .net "in_act", 7 0, L_00000140566dd330;  alias, 1 drivers
v0000014056e041f0_0 .net "in_psum", 31 0, L_0000014056309550;  alias, 1 drivers
v0000014056e04290_0 .net "in_weight", 7 0, L_0000014056f14f20;  alias, 1 drivers
v0000014056e04790_0 .net "load_weight", 0 0, L_0000014056f131c0;  alias, 1 drivers
v0000014056e054b0_0 .var "out_act", 7 0;
v0000014056e08e30_0 .var "out_psum", 31 0;
v0000014056e07710_0 .var/s "reg_weight", 7 0;
v0000014056e06bd0_0 .net "rst_n", 0 0, L_0000014056b6afc0;  alias, 1 drivers
S_0000014056e1e210 .scope generate, "COL_LOOP[12]" "COL_LOOP[12]" 9 55, 9 55 0, S_0000014056df7c50;
 .timescale -9 -12;
P_0000014056cf91a0 .param/l "c" 0 9 55, +C4<01100>;
v0000014056e07e90_0 .net "pe_in_act", 7 0, L_0000014056f2d050;  1 drivers
v0000014056e07a30_0 .net "pe_in_psum", 31 0, L_0000014056f2cb10;  1 drivers
v0000014056e06d10_0 .net "pe_in_weight", 7 0, L_0000014056f14840;  1 drivers
v0000014056e075d0_0 .net "pe_load_en", 0 0, L_0000014056f157e0;  1 drivers
S_0000014056e1fca0 .scope generate, "genblk1" "genblk1" 9 61, 9 61 0, S_0000014056e1e210;
 .timescale -9 -12;
L_0000014056f2d050 .functor BUFZ 8, v0000014056e054b0_0, C4<00000000>, C4<00000000>, C4<00000000>;
S_0000014056e21be0 .scope generate, "genblk2" "genblk2" 9 72, 9 72 0, S_0000014056e1e210;
 .timescale -9 -12;
L_0000014056f2cb10 .functor BUFZ 32, v0000014056dfdf30_0, C4<00000000000000000000000000000000>, C4<00000000000000000000000000000000>, C4<00000000000000000000000000000000>;
S_0000014056e1f020 .scope module, "pe_inst" "pe" 9 91, 10 12 0, S_0000014056e1e210;
 .timescale 0 0;
    .port_info 0 /INPUT 1 "clk";
    .port_info 1 /INPUT 1 "rst_n";
    .port_info 2 /INPUT 1 "en_compute";
    .port_info 3 /INPUT 1 "load_weight";
    .port_info 4 /INPUT 8 "in_act";
    .port_info 5 /INPUT 8 "in_weight";
    .port_info 6 /INPUT 32 "in_psum";
    .port_info 7 /OUTPUT 8 "out_act";
    .port_info 8 /OUTPUT 32 "out_psum";
v0000014056e08bb0_0 .net "clk", 0 0, v0000014056e82620_0;  alias, 1 drivers
v0000014056e07170_0 .net "en_compute", 0 0, L_0000014056eb1298;  alias, 1 drivers
v0000014056e084d0_0 .net "in_act", 7 0, L_0000014056f2d050;  alias, 1 drivers
v0000014056e07990_0 .net "in_psum", 31 0, L_0000014056f2cb10;  alias, 1 drivers
v0000014056e07350_0 .net "in_weight", 7 0, L_0000014056f14840;  alias, 1 drivers
v0000014056e07fd0_0 .net "load_weight", 0 0, L_0000014056f157e0;  alias, 1 drivers
v0000014056e06db0_0 .var "out_act", 7 0;
v0000014056e07cb0_0 .var "out_psum", 31 0;
v0000014056e073f0_0 .var/s "reg_weight", 7 0;
v0000014056e07030_0 .net "rst_n", 0 0, L_0000014056b6afc0;  alias, 1 drivers
S_0000014056e21280 .scope generate, "COL_LOOP[13]" "COL_LOOP[13]" 9 55, 9 55 0, S_0000014056df7c50;
 .timescale -9 -12;
P_0000014056cf8f60 .param/l "c" 0 9 55, +C4<01101>;
v0000014056e078f0_0 .net "pe_in_act", 7 0, L_0000014056f2d830;  1 drivers
v0000014056e087f0_0 .net "pe_in_psum", 31 0, L_0000014056f2bd10;  1 drivers
v0000014056e07d50_0 .net "pe_in_weight", 7 0, L_0000014056f15560;  1 drivers
v0000014056e07df0_0 .net "pe_load_en", 0 0, L_0000014056f14fc0;  1 drivers
S_0000014056e22220 .scope generate, "genblk1" "genblk1" 9 61, 9 61 0, S_0000014056e21280;
 .timescale -9 -12;
L_0000014056f2d830 .functor BUFZ 8, v0000014056e06db0_0, C4<00000000>, C4<00000000>, C4<00000000>;
S_0000014056e202e0 .scope generate, "genblk2" "genblk2" 9 72, 9 72 0, S_0000014056e21280;
 .timescale -9 -12;
L_0000014056f2bd10 .functor BUFZ 32, v0000014056dfcef0_0, C4<00000000000000000000000000000000>, C4<00000000000000000000000000000000>, C4<00000000000000000000000000000000>;
S_0000014056e223b0 .scope module, "pe_inst" "pe" 9 91, 10 12 0, S_0000014056e21280;
 .timescale 0 0;
    .port_info 0 /INPUT 1 "clk";
    .port_info 1 /INPUT 1 "rst_n";
    .port_info 2 /INPUT 1 "en_compute";
    .port_info 3 /INPUT 1 "load_weight";
    .port_info 4 /INPUT 8 "in_act";
    .port_info 5 /INPUT 8 "in_weight";
    .port_info 6 /INPUT 32 "in_psum";
    .port_info 7 /OUTPUT 8 "out_act";
    .port_info 8 /OUTPUT 32 "out_psum";
v0000014056e08d90_0 .net "clk", 0 0, v0000014056e82620_0;  alias, 1 drivers
v0000014056e07ad0_0 .net "en_compute", 0 0, L_0000014056eb1298;  alias, 1 drivers
v0000014056e086b0_0 .net "in_act", 7 0, L_0000014056f2d830;  alias, 1 drivers
v0000014056e070d0_0 .net "in_psum", 31 0, L_0000014056f2bd10;  alias, 1 drivers
v0000014056e077b0_0 .net "in_weight", 7 0, L_0000014056f15560;  alias, 1 drivers
v0000014056e07850_0 .net "load_weight", 0 0, L_0000014056f14fc0;  alias, 1 drivers
v0000014056e07c10_0 .var "out_act", 7 0;
v0000014056e08570_0 .var "out_psum", 31 0;
v0000014056e08930_0 .var/s "reg_weight", 7 0;
v0000014056e08c50_0 .net "rst_n", 0 0, L_0000014056b6afc0;  alias, 1 drivers
S_0000014056e1e3a0 .scope generate, "COL_LOOP[14]" "COL_LOOP[14]" 9 55, 9 55 0, S_0000014056df7c50;
 .timescale -9 -12;
P_0000014056cf9460 .param/l "c" 0 9 55, +C4<01110>;
v0000014056e072b0_0 .net "pe_in_act", 7 0, L_0000014056f2c5d0;  1 drivers
v0000014056e08cf0_0 .net "pe_in_psum", 31 0, L_0000014056f2d6e0;  1 drivers
v0000014056e081b0_0 .net "pe_in_weight", 7 0, L_0000014056f140c0;  1 drivers
v0000014056e09150_0 .net "pe_load_en", 0 0, L_0000014056f148e0;  1 drivers
S_0000014056e1ed00 .scope generate, "genblk1" "genblk1" 9 61, 9 61 0, S_0000014056e1e3a0;
 .timescale -9 -12;
L_0000014056f2c5d0 .functor BUFZ 8, v0000014056e07c10_0, C4<00000000>, C4<00000000>, C4<00000000>;
S_0000014056e22540 .scope generate, "genblk2" "genblk2" 9 72, 9 72 0, S_0000014056e1e3a0;
 .timescale -9 -12;
L_0000014056f2d6e0 .functor BUFZ 32, v0000014056dfee30_0, C4<00000000000000000000000000000000>, C4<00000000000000000000000000000000>, C4<00000000000000000000000000000000>;
S_0000014056e1f1b0 .scope module, "pe_inst" "pe" 9 91, 10 12 0, S_0000014056e1e3a0;
 .timescale 0 0;
    .port_info 0 /INPUT 1 "clk";
    .port_info 1 /INPUT 1 "rst_n";
    .port_info 2 /INPUT 1 "en_compute";
    .port_info 3 /INPUT 1 "load_weight";
    .port_info 4 /INPUT 8 "in_act";
    .port_info 5 /INPUT 8 "in_weight";
    .port_info 6 /INPUT 32 "in_psum";
    .port_info 7 /OUTPUT 8 "out_act";
    .port_info 8 /OUTPUT 32 "out_psum";
v0000014056e08890_0 .net "clk", 0 0, v0000014056e82620_0;  alias, 1 drivers
v0000014056e07f30_0 .net "en_compute", 0 0, L_0000014056eb1298;  alias, 1 drivers
v0000014056e08430_0 .net "in_act", 7 0, L_0000014056f2c5d0;  alias, 1 drivers
v0000014056e09010_0 .net "in_psum", 31 0, L_0000014056f2d6e0;  alias, 1 drivers
v0000014056e089d0_0 .net "in_weight", 7 0, L_0000014056f140c0;  alias, 1 drivers
v0000014056e08a70_0 .net "load_weight", 0 0, L_0000014056f148e0;  alias, 1 drivers
v0000014056e08070_0 .var "out_act", 7 0;
v0000014056e08b10_0 .var "out_psum", 31 0;
v0000014056e08f70_0 .var/s "reg_weight", 7 0;
v0000014056e069f0_0 .net "rst_n", 0 0, L_0000014056b6afc0;  alias, 1 drivers
S_0000014056e20470 .scope generate, "COL_LOOP[15]" "COL_LOOP[15]" 9 55, 9 55 0, S_0000014056df7c50;
 .timescale -9 -12;
P_0000014056cf9720 .param/l "c" 0 9 55, +C4<01111>;
v0000014056e06f90_0 .net "pe_in_act", 7 0, L_0000014056f2bd80;  1 drivers
v0000014056e093d0_0 .net "pe_in_psum", 31 0, L_0000014056f2ca30;  1 drivers
v0000014056e09fb0_0 .net "pe_in_weight", 7 0, L_0000014056f151a0;  1 drivers
v0000014056e09470_0 .net "pe_load_en", 0 0, L_0000014056f13300;  1 drivers
S_0000014056e1f660 .scope generate, "genblk1" "genblk1" 9 61, 9 61 0, S_0000014056e20470;
 .timescale -9 -12;
L_0000014056f2bd80 .functor BUFZ 8, v0000014056e08070_0, C4<00000000>, C4<00000000>, C4<00000000>;
S_0000014056e1e530 .scope generate, "genblk2" "genblk2" 9 72, 9 72 0, S_0000014056e20470;
 .timescale -9 -12;
L_0000014056f2ca30 .functor BUFZ 32, v0000014056e00a50_0, C4<00000000000000000000000000000000>, C4<00000000000000000000000000000000>, C4<00000000000000000000000000000000>;
S_0000014056e1e9e0 .scope module, "pe_inst" "pe" 9 91, 10 12 0, S_0000014056e20470;
 .timescale 0 0;
    .port_info 0 /INPUT 1 "clk";
    .port_info 1 /INPUT 1 "rst_n";
    .port_info 2 /INPUT 1 "en_compute";
    .port_info 3 /INPUT 1 "load_weight";
    .port_info 4 /INPUT 8 "in_act";
    .port_info 5 /INPUT 8 "in_weight";
    .port_info 6 /INPUT 32 "in_psum";
    .port_info 7 /OUTPUT 8 "out_act";
    .port_info 8 /OUTPUT 32 "out_psum";
v0000014056e090b0_0 .net "clk", 0 0, v0000014056e82620_0;  alias, 1 drivers
v0000014056e08110_0 .net "en_compute", 0 0, L_0000014056eb1298;  alias, 1 drivers
v0000014056e08250_0 .net "in_act", 7 0, L_0000014056f2bd80;  alias, 1 drivers
v0000014056e07210_0 .net "in_psum", 31 0, L_0000014056f2ca30;  alias, 1 drivers
v0000014056e08ed0_0 .net "in_weight", 7 0, L_0000014056f151a0;  alias, 1 drivers
v0000014056e06a90_0 .net "load_weight", 0 0, L_0000014056f13300;  alias, 1 drivers
v0000014056e082f0_0 .var "out_act", 7 0;
v0000014056e06b30_0 .var "out_psum", 31 0;
v0000014056e06e50_0 .var/s "reg_weight", 7 0;
v0000014056e06ef0_0 .net "rst_n", 0 0, L_0000014056b6afc0;  alias, 1 drivers
S_0000014056e20790 .scope generate, "ROW_LOOP[8]" "ROW_LOOP[8]" 9 54, 9 54 0, S_0000014056d859f0;
 .timescale -9 -12;
P_0000014056cf8ee0 .param/l "r" 0 9 54, +C4<01000>;
S_0000014056e226d0 .scope generate, "COL_LOOP[0]" "COL_LOOP[0]" 9 55, 9 55 0, S_0000014056e20790;
 .timescale -9 -12;
P_0000014056cf9620 .param/l "c" 0 9 55, +C4<00>;
v0000014056e09650_0 .net "pe_in_act", 7 0, L_0000014056f14ac0;  1 drivers
v0000014056e091f0_0 .net "pe_in_psum", 31 0, L_0000014056f2d7c0;  1 drivers
v0000014056e096f0_0 .net "pe_in_weight", 7 0, L_0000014056f15240;  1 drivers
v0000014056e09a10_0 .net "pe_load_en", 0 0, L_0000014056f14980;  1 drivers
S_0000014056e1e6c0 .scope generate, "genblk1" "genblk1" 9 61, 9 61 0, S_0000014056e226d0;
 .timescale -9 -12;
S_0000014056e22860 .scope generate, "genblk2" "genblk2" 9 72, 9 72 0, S_0000014056e226d0;
 .timescale -9 -12;
L_0000014056f2d7c0 .functor BUFZ 32, v0000014056dff6f0_0, C4<00000000000000000000000000000000>, C4<00000000000000000000000000000000>, C4<00000000000000000000000000000000>;
S_0000014056e1e850 .scope module, "pe_inst" "pe" 9 91, 10 12 0, S_0000014056e226d0;
 .timescale 0 0;
    .port_info 0 /INPUT 1 "clk";
    .port_info 1 /INPUT 1 "rst_n";
    .port_info 2 /INPUT 1 "en_compute";
    .port_info 3 /INPUT 1 "load_weight";
    .port_info 4 /INPUT 8 "in_act";
    .port_info 5 /INPUT 8 "in_weight";
    .port_info 6 /INPUT 32 "in_psum";
    .port_info 7 /OUTPUT 8 "out_act";
    .port_info 8 /OUTPUT 32 "out_psum";
v0000014056e09330_0 .net "clk", 0 0, v0000014056e82620_0;  alias, 1 drivers
v0000014056e095b0_0 .net "en_compute", 0 0, L_0000014056eb1298;  alias, 1 drivers
v0000014056e09b50_0 .net "in_act", 7 0, L_0000014056f14ac0;  alias, 1 drivers
v0000014056e0a050_0 .net "in_psum", 31 0, L_0000014056f2d7c0;  alias, 1 drivers
v0000014056e09f10_0 .net "in_weight", 7 0, L_0000014056f15240;  alias, 1 drivers
v0000014056e09d30_0 .net "load_weight", 0 0, L_0000014056f14980;  alias, 1 drivers
v0000014056e09790_0 .var "out_act", 7 0;
v0000014056e09830_0 .var "out_psum", 31 0;
v0000014056e098d0_0 .var/s "reg_weight", 7 0;
v0000014056e09c90_0 .net "rst_n", 0 0, L_0000014056b6afc0;  alias, 1 drivers
S_0000014056e229f0 .scope generate, "COL_LOOP[1]" "COL_LOOP[1]" 9 55, 9 55 0, S_0000014056e20790;
 .timescale -9 -12;
P_0000014056cf9060 .param/l "c" 0 9 55, +C4<01>;
v0000014056e27880_0 .net "pe_in_act", 7 0, L_0000014056f2d750;  1 drivers
v0000014056e28d20_0 .net "pe_in_psum", 31 0, L_0000014056f2cfe0;  1 drivers
v0000014056e28dc0_0 .net "pe_in_weight", 7 0, L_0000014056f13bc0;  1 drivers
v0000014056e280a0_0 .net "pe_load_en", 0 0, L_0000014056f143e0;  1 drivers
S_0000014056e23fd0 .scope generate, "genblk1" "genblk1" 9 61, 9 61 0, S_0000014056e229f0;
 .timescale -9 -12;
L_0000014056f2d750 .functor BUFZ 8, v0000014056e09790_0, C4<00000000>, C4<00000000>, C4<00000000>;
S_0000014056e22b80 .scope generate, "genblk2" "genblk2" 9 72, 9 72 0, S_0000014056e229f0;
 .timescale -9 -12;
L_0000014056f2cfe0 .functor BUFZ 32, v0000014056e01130_0, C4<00000000000000000000000000000000>, C4<00000000000000000000000000000000>, C4<00000000000000000000000000000000>;
S_0000014056e234e0 .scope module, "pe_inst" "pe" 9 91, 10 12 0, S_0000014056e229f0;
 .timescale 0 0;
    .port_info 0 /INPUT 1 "clk";
    .port_info 1 /INPUT 1 "rst_n";
    .port_info 2 /INPUT 1 "en_compute";
    .port_info 3 /INPUT 1 "load_weight";
    .port_info 4 /INPUT 8 "in_act";
    .port_info 5 /INPUT 8 "in_weight";
    .port_info 6 /INPUT 32 "in_psum";
    .port_info 7 /OUTPUT 8 "out_act";
    .port_info 8 /OUTPUT 32 "out_psum";
v0000014056e09290_0 .net "clk", 0 0, v0000014056e82620_0;  alias, 1 drivers
v0000014056e09970_0 .net "en_compute", 0 0, L_0000014056eb1298;  alias, 1 drivers
v0000014056e09ab0_0 .net "in_act", 7 0, L_0000014056f2d750;  alias, 1 drivers
v0000014056e09dd0_0 .net "in_psum", 31 0, L_0000014056f2cfe0;  alias, 1 drivers
v0000014056e09e70_0 .net "in_weight", 7 0, L_0000014056f13bc0;  alias, 1 drivers
v0000014056e274c0_0 .net "load_weight", 0 0, L_0000014056f143e0;  alias, 1 drivers
v0000014056e28e60_0 .var "out_act", 7 0;
v0000014056e286e0_0 .var "out_psum", 31 0;
v0000014056e27d80_0 .var/s "reg_weight", 7 0;
v0000014056e28140_0 .net "rst_n", 0 0, L_0000014056b6afc0;  alias, 1 drivers
S_0000014056e242f0 .scope generate, "COL_LOOP[2]" "COL_LOOP[2]" 9 55, 9 55 0, S_0000014056e20790;
 .timescale -9 -12;
P_0000014056cf9660 .param/l "c" 0 9 55, +C4<010>;
v0000014056e28c80_0 .net "pe_in_act", 7 0, L_0000014056f2caa0;  1 drivers
v0000014056e29860_0 .net "pe_in_psum", 31 0, L_0000014056f2d8a0;  1 drivers
v0000014056e285a0_0 .net "pe_in_weight", 7 0, L_0000014056f14520;  1 drivers
v0000014056e27920_0 .net "pe_load_en", 0 0, L_0000014056f13c60;  1 drivers
S_0000014056e22d10 .scope generate, "genblk1" "genblk1" 9 61, 9 61 0, S_0000014056e242f0;
 .timescale -9 -12;
L_0000014056f2caa0 .functor BUFZ 8, v0000014056e28e60_0, C4<00000000>, C4<00000000>, C4<00000000>;
S_0000014056e22ea0 .scope generate, "genblk2" "genblk2" 9 72, 9 72 0, S_0000014056e242f0;
 .timescale -9 -12;
L_0000014056f2d8a0 .functor BUFZ 32, v0000014056e004b0_0, C4<00000000000000000000000000000000>, C4<00000000000000000000000000000000>, C4<00000000000000000000000000000000>;
S_0000014056e23030 .scope module, "pe_inst" "pe" 9 91, 10 12 0, S_0000014056e242f0;
 .timescale 0 0;
    .port_info 0 /INPUT 1 "clk";
    .port_info 1 /INPUT 1 "rst_n";
    .port_info 2 /INPUT 1 "en_compute";
    .port_info 3 /INPUT 1 "load_weight";
    .port_info 4 /INPUT 8 "in_act";
    .port_info 5 /INPUT 8 "in_weight";
    .port_info 6 /INPUT 32 "in_psum";
    .port_info 7 /OUTPUT 8 "out_act";
    .port_info 8 /OUTPUT 32 "out_psum";
v0000014056e28be0_0 .net "clk", 0 0, v0000014056e82620_0;  alias, 1 drivers
v0000014056e28780_0 .net "en_compute", 0 0, L_0000014056eb1298;  alias, 1 drivers
v0000014056e28f00_0 .net "in_act", 7 0, L_0000014056f2caa0;  alias, 1 drivers
v0000014056e27a60_0 .net "in_psum", 31 0, L_0000014056f2d8a0;  alias, 1 drivers
v0000014056e28fa0_0 .net "in_weight", 7 0, L_0000014056f14520;  alias, 1 drivers
v0000014056e28820_0 .net "load_weight", 0 0, L_0000014056f13c60;  alias, 1 drivers
v0000014056e297c0_0 .var "out_act", 7 0;
v0000014056e29400_0 .var "out_psum", 31 0;
v0000014056e29360_0 .var/s "reg_weight", 7 0;
v0000014056e29040_0 .net "rst_n", 0 0, L_0000014056b6afc0;  alias, 1 drivers
S_0000014056e231c0 .scope generate, "COL_LOOP[3]" "COL_LOOP[3]" 9 55, 9 55 0, S_0000014056e20790;
 .timescale -9 -12;
P_0000014056cf9b60 .param/l "c" 0 9 55, +C4<011>;
v0000014056e292c0_0 .net "pe_in_act", 7 0, L_0000014056f2c170;  1 drivers
v0000014056e27240_0 .net "pe_in_psum", 31 0, L_0000014056f2c2c0;  1 drivers
v0000014056e29220_0 .net "pe_in_weight", 7 0, L_0000014056f13d00;  1 drivers
v0000014056e294a0_0 .net "pe_load_en", 0 0, L_0000014056f13580;  1 drivers
S_0000014056e23cb0 .scope generate, "genblk1" "genblk1" 9 61, 9 61 0, S_0000014056e231c0;
 .timescale -9 -12;
L_0000014056f2c170 .functor BUFZ 8, v0000014056e297c0_0, C4<00000000>, C4<00000000>, C4<00000000>;
S_0000014056e23350 .scope generate, "genblk2" "genblk2" 9 72, 9 72 0, S_0000014056e231c0;
 .timescale -9 -12;
L_0000014056f2c2c0 .functor BUFZ 32, v0000014056e03390_0, C4<00000000000000000000000000000000>, C4<00000000000000000000000000000000>, C4<00000000000000000000000000000000>;
S_0000014056e23670 .scope module, "pe_inst" "pe" 9 91, 10 12 0, S_0000014056e231c0;
 .timescale 0 0;
    .port_info 0 /INPUT 1 "clk";
    .port_info 1 /INPUT 1 "rst_n";
    .port_info 2 /INPUT 1 "en_compute";
    .port_info 3 /INPUT 1 "load_weight";
    .port_info 4 /INPUT 8 "in_act";
    .port_info 5 /INPUT 8 "in_weight";
    .port_info 6 /INPUT 32 "in_psum";
    .port_info 7 /OUTPUT 8 "out_act";
    .port_info 8 /OUTPUT 32 "out_psum";
v0000014056e279c0_0 .net "clk", 0 0, v0000014056e82620_0;  alias, 1 drivers
v0000014056e290e0_0 .net "en_compute", 0 0, L_0000014056eb1298;  alias, 1 drivers
v0000014056e28640_0 .net "in_act", 7 0, L_0000014056f2c170;  alias, 1 drivers
v0000014056e29720_0 .net "in_psum", 31 0, L_0000014056f2c2c0;  alias, 1 drivers
v0000014056e288c0_0 .net "in_weight", 7 0, L_0000014056f13d00;  alias, 1 drivers
v0000014056e29180_0 .net "load_weight", 0 0, L_0000014056f13580;  alias, 1 drivers
v0000014056e28b40_0 .var "out_act", 7 0;
v0000014056e27b00_0 .var "out_psum", 31 0;
v0000014056e27560_0 .var/s "reg_weight", 7 0;
v0000014056e271a0_0 .net "rst_n", 0 0, L_0000014056b6afc0;  alias, 1 drivers
S_0000014056e23800 .scope generate, "COL_LOOP[4]" "COL_LOOP[4]" 9 55, 9 55 0, S_0000014056e20790;
 .timescale -9 -12;
P_0000014056cf93e0 .param/l "c" 0 9 55, +C4<0100>;
v0000014056e27ba0_0 .net "pe_in_act", 7 0, L_0000014056f2cb80;  1 drivers
v0000014056e28a00_0 .net "pe_in_psum", 31 0, L_0000014056f2be60;  1 drivers
v0000014056e276a0_0 .net "pe_in_weight", 7 0, L_0000014056f152e0;  1 drivers
v0000014056e27c40_0 .net "pe_load_en", 0 0, L_0000014056f14200;  1 drivers
S_0000014056e23990 .scope generate, "genblk1" "genblk1" 9 61, 9 61 0, S_0000014056e23800;
 .timescale -9 -12;
L_0000014056f2cb80 .functor BUFZ 8, v0000014056e28b40_0, C4<00000000>, C4<00000000>, C4<00000000>;
S_0000014056e23b20 .scope generate, "genblk2" "genblk2" 9 72, 9 72 0, S_0000014056e23800;
 .timescale -9 -12;
L_0000014056f2be60 .functor BUFZ 32, v0000014056e02350_0, C4<00000000000000000000000000000000>, C4<00000000000000000000000000000000>, C4<00000000000000000000000000000000>;
S_0000014056e23e40 .scope module, "pe_inst" "pe" 9 91, 10 12 0, S_0000014056e23800;
 .timescale 0 0;
    .port_info 0 /INPUT 1 "clk";
    .port_info 1 /INPUT 1 "rst_n";
    .port_info 2 /INPUT 1 "en_compute";
    .port_info 3 /INPUT 1 "load_weight";
    .port_info 4 /INPUT 8 "in_act";
    .port_info 5 /INPUT 8 "in_weight";
    .port_info 6 /INPUT 32 "in_psum";
    .port_info 7 /OUTPUT 8 "out_act";
    .port_info 8 /OUTPUT 32 "out_psum";
v0000014056e27380_0 .net "clk", 0 0, v0000014056e82620_0;  alias, 1 drivers
v0000014056e27420_0 .net "en_compute", 0 0, L_0000014056eb1298;  alias, 1 drivers
v0000014056e27f60_0 .net "in_act", 7 0, L_0000014056f2cb80;  alias, 1 drivers
v0000014056e28280_0 .net "in_psum", 31 0, L_0000014056f2be60;  alias, 1 drivers
v0000014056e29540_0 .net "in_weight", 7 0, L_0000014056f152e0;  alias, 1 drivers
v0000014056e28aa0_0 .net "load_weight", 0 0, L_0000014056f14200;  alias, 1 drivers
v0000014056e27600_0 .var "out_act", 7 0;
v0000014056e28960_0 .var "out_psum", 31 0;
v0000014056e27740_0 .var/s "reg_weight", 7 0;
v0000014056e29680_0 .net "rst_n", 0 0, L_0000014056b6afc0;  alias, 1 drivers
S_0000014056e24160 .scope generate, "COL_LOOP[5]" "COL_LOOP[5]" 9 55, 9 55 0, S_0000014056e20790;
 .timescale -9 -12;
P_0000014056cf98e0 .param/l "c" 0 9 55, +C4<0101>;
v0000014056e2a3a0_0 .net "pe_in_act", 7 0, L_0000014056f2c3a0;  1 drivers
v0000014056e2a580_0 .net "pe_in_psum", 31 0, L_0000014056f2c250;  1 drivers
v0000014056e2ac60_0 .net "pe_in_weight", 7 0, L_0000014056f14340;  1 drivers
v0000014056e2b840_0 .net "pe_load_en", 0 0, L_0000014056f15380;  1 drivers
S_0000014056e24930 .scope generate, "genblk1" "genblk1" 9 61, 9 61 0, S_0000014056e24160;
 .timescale -9 -12;
L_0000014056f2c3a0 .functor BUFZ 8, v0000014056e27600_0, C4<00000000>, C4<00000000>, C4<00000000>;
S_0000014056e24ac0 .scope generate, "genblk2" "genblk2" 9 72, 9 72 0, S_0000014056e24160;
 .timescale -9 -12;
L_0000014056f2c250 .functor BUFZ 32, v0000014056e02cb0_0, C4<00000000000000000000000000000000>, C4<00000000000000000000000000000000>, C4<00000000000000000000000000000000>;
S_0000014056e25100 .scope module, "pe_inst" "pe" 9 91, 10 12 0, S_0000014056e24160;
 .timescale 0 0;
    .port_info 0 /INPUT 1 "clk";
    .port_info 1 /INPUT 1 "rst_n";
    .port_info 2 /INPUT 1 "en_compute";
    .port_info 3 /INPUT 1 "load_weight";
    .port_info 4 /INPUT 8 "in_act";
    .port_info 5 /INPUT 8 "in_weight";
    .port_info 6 /INPUT 32 "in_psum";
    .port_info 7 /OUTPUT 8 "out_act";
    .port_info 8 /OUTPUT 32 "out_psum";
v0000014056e283c0_0 .net "clk", 0 0, v0000014056e82620_0;  alias, 1 drivers
v0000014056e28460_0 .net "en_compute", 0 0, L_0000014056eb1298;  alias, 1 drivers
v0000014056e27ce0_0 .net "in_act", 7 0, L_0000014056f2c3a0;  alias, 1 drivers
v0000014056e28500_0 .net "in_psum", 31 0, L_0000014056f2c250;  alias, 1 drivers
v0000014056e28000_0 .net "in_weight", 7 0, L_0000014056f14340;  alias, 1 drivers
v0000014056e295e0_0 .net "load_weight", 0 0, L_0000014056f15380;  alias, 1 drivers
v0000014056e27e20_0 .var "out_act", 7 0;
v0000014056e27ec0_0 .var "out_psum", 31 0;
v0000014056e277e0_0 .var/s "reg_weight", 7 0;
v0000014056e2bca0_0 .net "rst_n", 0 0, L_0000014056b6afc0;  alias, 1 drivers
S_0000014056e255b0 .scope generate, "COL_LOOP[6]" "COL_LOOP[6]" 9 55, 9 55 0, S_0000014056e20790;
 .timescale -9 -12;
P_0000014056cf8ba0 .param/l "c" 0 9 55, +C4<0110>;
v0000014056e2b8e0_0 .net "pe_in_act", 7 0, L_0000014056f2d1a0;  1 drivers
v0000014056e2b980_0 .net "pe_in_psum", 31 0, L_0000014056f2d0c0;  1 drivers
v0000014056e29c20_0 .net "pe_in_weight", 7 0, L_0000014056f15420;  1 drivers
v0000014056e2bf20_0 .net "pe_load_en", 0 0, L_0000014056f15600;  1 drivers
S_0000014056e25740 .scope generate, "genblk1" "genblk1" 9 61, 9 61 0, S_0000014056e255b0;
 .timescale -9 -12;
L_0000014056f2d1a0 .functor BUFZ 8, v0000014056e27e20_0, C4<00000000>, C4<00000000>, C4<00000000>;
S_0000014056e25420 .scope generate, "genblk2" "genblk2" 9 72, 9 72 0, S_0000014056e255b0;
 .timescale -9 -12;
L_0000014056f2d0c0 .functor BUFZ 32, v0000014056e019f0_0, C4<00000000000000000000000000000000>, C4<00000000000000000000000000000000>, C4<00000000000000000000000000000000>;
S_0000014056e24c50 .scope module, "pe_inst" "pe" 9 91, 10 12 0, S_0000014056e255b0;
 .timescale 0 0;
    .port_info 0 /INPUT 1 "clk";
    .port_info 1 /INPUT 1 "rst_n";
    .port_info 2 /INPUT 1 "en_compute";
    .port_info 3 /INPUT 1 "load_weight";
    .port_info 4 /INPUT 8 "in_act";
    .port_info 5 /INPUT 8 "in_weight";
    .port_info 6 /INPUT 32 "in_psum";
    .port_info 7 /OUTPUT 8 "out_act";
    .port_info 8 /OUTPUT 32 "out_psum";
v0000014056e2b480_0 .net "clk", 0 0, v0000014056e82620_0;  alias, 1 drivers
v0000014056e2be80_0 .net "en_compute", 0 0, L_0000014056eb1298;  alias, 1 drivers
v0000014056e2aee0_0 .net "in_act", 7 0, L_0000014056f2d1a0;  alias, 1 drivers
v0000014056e2b160_0 .net "in_psum", 31 0, L_0000014056f2d0c0;  alias, 1 drivers
v0000014056e2a940_0 .net "in_weight", 7 0, L_0000014056f15420;  alias, 1 drivers
v0000014056e2a260_0 .net "load_weight", 0 0, L_0000014056f15600;  alias, 1 drivers
v0000014056e2a6c0_0 .var "out_act", 7 0;
v0000014056e2a1c0_0 .var "out_psum", 31 0;
v0000014056e29b80_0 .var/s "reg_weight", 7 0;
v0000014056e2b7a0_0 .net "rst_n", 0 0, L_0000014056b6afc0;  alias, 1 drivers
S_0000014056e25bf0 .scope generate, "COL_LOOP[7]" "COL_LOOP[7]" 9 55, 9 55 0, S_0000014056e20790;
 .timescale -9 -12;
P_0000014056cf96a0 .param/l "c" 0 9 55, +C4<0111>;
v0000014056e29e00_0 .net "pe_in_act", 7 0, L_0000014056f2cbf0;  1 drivers
v0000014056e29fe0_0 .net "pe_in_psum", 31 0, L_0000014056f2d670;  1 drivers
v0000014056e2bfc0_0 .net "pe_in_weight", 7 0, L_0000014056f15740;  1 drivers
v0000014056e29ea0_0 .net "pe_load_en", 0 0, L_0000014056f13940;  1 drivers
S_0000014056e25d80 .scope generate, "genblk1" "genblk1" 9 61, 9 61 0, S_0000014056e25bf0;
 .timescale -9 -12;
L_0000014056f2cbf0 .functor BUFZ 8, v0000014056e2a6c0_0, C4<00000000>, C4<00000000>, C4<00000000>;
S_0000014056e258d0 .scope generate, "genblk2" "genblk2" 9 72, 9 72 0, S_0000014056e25bf0;
 .timescale -9 -12;
L_0000014056f2d670 .functor BUFZ 32, v0000014056e05190_0, C4<00000000000000000000000000000000>, C4<00000000000000000000000000000000>, C4<00000000000000000000000000000000>;
S_0000014056e24de0 .scope module, "pe_inst" "pe" 9 91, 10 12 0, S_0000014056e25bf0;
 .timescale 0 0;
    .port_info 0 /INPUT 1 "clk";
    .port_info 1 /INPUT 1 "rst_n";
    .port_info 2 /INPUT 1 "en_compute";
    .port_info 3 /INPUT 1 "load_weight";
    .port_info 4 /INPUT 8 "in_act";
    .port_info 5 /INPUT 8 "in_weight";
    .port_info 6 /INPUT 32 "in_psum";
    .port_info 7 /OUTPUT 8 "out_act";
    .port_info 8 /OUTPUT 32 "out_psum";
v0000014056e2b660_0 .net "clk", 0 0, v0000014056e82620_0;  alias, 1 drivers
v0000014056e2a300_0 .net "en_compute", 0 0, L_0000014056eb1298;  alias, 1 drivers
v0000014056e2a080_0 .net "in_act", 7 0, L_0000014056f2cbf0;  alias, 1 drivers
v0000014056e2ab20_0 .net "in_psum", 31 0, L_0000014056f2d670;  alias, 1 drivers
v0000014056e29f40_0 .net "in_weight", 7 0, L_0000014056f15740;  alias, 1 drivers
v0000014056e29d60_0 .net "load_weight", 0 0, L_0000014056f13940;  alias, 1 drivers
v0000014056e2a9e0_0 .var "out_act", 7 0;
v0000014056e2ad00_0 .var "out_psum", 31 0;
v0000014056e29ae0_0 .var/s "reg_weight", 7 0;
v0000014056e2bd40_0 .net "rst_n", 0 0, L_0000014056b6afc0;  alias, 1 drivers
S_0000014056e25a60 .scope generate, "COL_LOOP[8]" "COL_LOOP[8]" 9 55, 9 55 0, S_0000014056e20790;
 .timescale -9 -12;
P_0000014056cf94a0 .param/l "c" 0 9 55, +C4<01000>;
v0000014056e2b700_0 .net "pe_in_act", 7 0, L_0000014056f2d2f0;  1 drivers
v0000014056e2b020_0 .net "pe_in_psum", 31 0, L_0000014056f2c480;  1 drivers
v0000014056e2bde0_0 .net "pe_in_weight", 7 0, L_0000014056f14a20;  1 drivers
v0000014056e2bb60_0 .net "pe_load_en", 0 0, L_0000014056f154c0;  1 drivers
S_0000014056e24610 .scope generate, "genblk1" "genblk1" 9 61, 9 61 0, S_0000014056e25a60;
 .timescale -9 -12;
L_0000014056f2d2f0 .functor BUFZ 8, v0000014056e2a9e0_0, C4<00000000>, C4<00000000>, C4<00000000>;
S_0000014056e24480 .scope generate, "genblk2" "genblk2" 9 72, 9 72 0, S_0000014056e25a60;
 .timescale -9 -12;
L_0000014056f2c480 .functor BUFZ 32, v0000014056e04650_0, C4<00000000000000000000000000000000>, C4<00000000000000000000000000000000>, C4<00000000000000000000000000000000>;
S_0000014056e24f70 .scope module, "pe_inst" "pe" 9 91, 10 12 0, S_0000014056e25a60;
 .timescale 0 0;
    .port_info 0 /INPUT 1 "clk";
    .port_info 1 /INPUT 1 "rst_n";
    .port_info 2 /INPUT 1 "en_compute";
    .port_info 3 /INPUT 1 "load_weight";
    .port_info 4 /INPUT 8 "in_act";
    .port_info 5 /INPUT 8 "in_weight";
    .port_info 6 /INPUT 32 "in_psum";
    .port_info 7 /OUTPUT 8 "out_act";
    .port_info 8 /OUTPUT 32 "out_psum";
v0000014056e2ada0_0 .net "clk", 0 0, v0000014056e82620_0;  alias, 1 drivers
v0000014056e2b520_0 .net "en_compute", 0 0, L_0000014056eb1298;  alias, 1 drivers
v0000014056e2b200_0 .net "in_act", 7 0, L_0000014056f2d2f0;  alias, 1 drivers
v0000014056e2a620_0 .net "in_psum", 31 0, L_0000014056f2c480;  alias, 1 drivers
v0000014056e2a440_0 .net "in_weight", 7 0, L_0000014056f14a20;  alias, 1 drivers
v0000014056e2c060_0 .net "load_weight", 0 0, L_0000014056f154c0;  alias, 1 drivers
v0000014056e2a760_0 .var "out_act", 7 0;
v0000014056e2bc00_0 .var "out_psum", 31 0;
v0000014056e2aa80_0 .var/s "reg_weight", 7 0;
v0000014056e2b3e0_0 .net "rst_n", 0 0, L_0000014056b6afc0;  alias, 1 drivers
S_0000014056e247a0 .scope generate, "COL_LOOP[9]" "COL_LOOP[9]" 9 55, 9 55 0, S_0000014056e20790;
 .timescale -9 -12;
P_0000014056cf9920 .param/l "c" 0 9 55, +C4<01001>;
v0000014056e2b0c0_0 .net "pe_in_act", 7 0, L_0000014056f2c100;  1 drivers
v0000014056e2b2a0_0 .net "pe_in_psum", 31 0, L_0000014056f2c1e0;  1 drivers
v0000014056e2bac0_0 .net "pe_in_weight", 7 0, L_0000014056f14b60;  1 drivers
v0000014056e2cf60_0 .net "pe_load_en", 0 0, L_0000014056f14c00;  1 drivers
S_0000014056e25290 .scope generate, "genblk1" "genblk1" 9 61, 9 61 0, S_0000014056e247a0;
 .timescale -9 -12;
L_0000014056f2c100 .functor BUFZ 8, v0000014056e2a760_0, C4<00000000>, C4<00000000>, C4<00000000>;
S_0000014056e6cee0 .scope generate, "genblk2" "genblk2" 9 72, 9 72 0, S_0000014056e247a0;
 .timescale -9 -12;
L_0000014056f2c1e0 .functor BUFZ 32, v0000014056e06950_0, C4<00000000000000000000000000000000>, C4<00000000000000000000000000000000>, C4<00000000000000000000000000000000>;
S_0000014056e69060 .scope module, "pe_inst" "pe" 9 91, 10 12 0, S_0000014056e247a0;
 .timescale 0 0;
    .port_info 0 /INPUT 1 "clk";
    .port_info 1 /INPUT 1 "rst_n";
    .port_info 2 /INPUT 1 "en_compute";
    .port_info 3 /INPUT 1 "load_weight";
    .port_info 4 /INPUT 8 "in_act";
    .port_info 5 /INPUT 8 "in_weight";
    .port_info 6 /INPUT 32 "in_psum";
    .port_info 7 /OUTPUT 8 "out_act";
    .port_info 8 /OUTPUT 32 "out_psum";
v0000014056e2a8a0_0 .net "clk", 0 0, v0000014056e82620_0;  alias, 1 drivers
v0000014056e2ae40_0 .net "en_compute", 0 0, L_0000014056eb1298;  alias, 1 drivers
v0000014056e2abc0_0 .net "in_act", 7 0, L_0000014056f2c100;  alias, 1 drivers
v0000014056e2a4e0_0 .net "in_psum", 31 0, L_0000014056f2c1e0;  alias, 1 drivers
v0000014056e29900_0 .net "in_weight", 7 0, L_0000014056f14b60;  alias, 1 drivers
v0000014056e2a120_0 .net "load_weight", 0 0, L_0000014056f14c00;  alias, 1 drivers
v0000014056e299a0_0 .var "out_act", 7 0;
v0000014056e29a40_0 .var "out_psum", 31 0;
v0000014056e2af80_0 .var/s "reg_weight", 7 0;
v0000014056e2b340_0 .net "rst_n", 0 0, L_0000014056b6afc0;  alias, 1 drivers
S_0000014056e6aaf0 .scope generate, "COL_LOOP[10]" "COL_LOOP[10]" 9 55, 9 55 0, S_0000014056e20790;
 .timescale -9 -12;
P_0000014056cf90a0 .param/l "c" 0 9 55, +C4<01010>;
v0000014056e2c7e0_0 .net "pe_in_act", 7 0, L_0000014056f2bdf0;  1 drivers
v0000014056e2e680_0 .net "pe_in_psum", 31 0, L_0000014056f2c870;  1 drivers
v0000014056e2c560_0 .net "pe_in_weight", 7 0, L_0000014056f13e40;  1 drivers
v0000014056e2e180_0 .net "pe_load_en", 0 0, L_0000014056f15880;  1 drivers
S_0000014056e6b5e0 .scope generate, "genblk1" "genblk1" 9 61, 9 61 0, S_0000014056e6aaf0;
 .timescale -9 -12;
L_0000014056f2bdf0 .functor BUFZ 8, v0000014056e299a0_0, C4<00000000>, C4<00000000>, C4<00000000>;
S_0000014056e6d070 .scope generate, "genblk2" "genblk2" 9 72, 9 72 0, S_0000014056e6aaf0;
 .timescale -9 -12;
L_0000014056f2c870 .functor BUFZ 32, v0000014056e04f10_0, C4<00000000000000000000000000000000>, C4<00000000000000000000000000000000>, C4<00000000000000000000000000000000>;
S_0000014056e6b450 .scope module, "pe_inst" "pe" 9 91, 10 12 0, S_0000014056e6aaf0;
 .timescale 0 0;
    .port_info 0 /INPUT 1 "clk";
    .port_info 1 /INPUT 1 "rst_n";
    .port_info 2 /INPUT 1 "en_compute";
    .port_info 3 /INPUT 1 "load_weight";
    .port_info 4 /INPUT 8 "in_act";
    .port_info 5 /INPUT 8 "in_weight";
    .port_info 6 /INPUT 32 "in_psum";
    .port_info 7 /OUTPUT 8 "out_act";
    .port_info 8 /OUTPUT 32 "out_psum";
v0000014056e2d460_0 .net "clk", 0 0, v0000014056e82620_0;  alias, 1 drivers
v0000014056e2e220_0 .net "en_compute", 0 0, L_0000014056eb1298;  alias, 1 drivers
v0000014056e2c9c0_0 .net "in_act", 7 0, L_0000014056f2bdf0;  alias, 1 drivers
v0000014056e2cd80_0 .net "in_psum", 31 0, L_0000014056f2c870;  alias, 1 drivers
v0000014056e2e0e0_0 .net "in_weight", 7 0, L_0000014056f13e40;  alias, 1 drivers
v0000014056e2d5a0_0 .net "load_weight", 0 0, L_0000014056f15880;  alias, 1 drivers
v0000014056e2d0a0_0 .var "out_act", 7 0;
v0000014056e2c2e0_0 .var "out_psum", 31 0;
v0000014056e2c380_0 .var/s "reg_weight", 7 0;
v0000014056e2dd20_0 .net "rst_n", 0 0, L_0000014056b6afc0;  alias, 1 drivers
S_0000014056e6b770 .scope generate, "COL_LOOP[11]" "COL_LOOP[11]" 9 55, 9 55 0, S_0000014056e20790;
 .timescale -9 -12;
P_0000014056cf9420 .param/l "c" 0 9 55, +C4<01011>;
v0000014056e2c600_0 .net "pe_in_act", 7 0, L_0000014056f2cf70;  1 drivers
v0000014056e2e7c0_0 .net "pe_in_psum", 31 0, L_0000014056f2d3d0;  1 drivers
v0000014056e2e360_0 .net "pe_in_weight", 7 0, L_0000014056f13120;  1 drivers
v0000014056e2d500_0 .net "pe_load_en", 0 0, L_0000014056f136c0;  1 drivers
S_0000014056e6c260 .scope generate, "genblk1" "genblk1" 9 61, 9 61 0, S_0000014056e6b770;
 .timescale -9 -12;
L_0000014056f2cf70 .functor BUFZ 8, v0000014056e2d0a0_0, C4<00000000>, C4<00000000>, C4<00000000>;
S_0000014056e6c710 .scope generate, "genblk2" "genblk2" 9 72, 9 72 0, S_0000014056e6b770;
 .timescale -9 -12;
L_0000014056f2d3d0 .functor BUFZ 32, v0000014056e08e30_0, C4<00000000000000000000000000000000>, C4<00000000000000000000000000000000>, C4<00000000000000000000000000000000>;
S_0000014056e6c8a0 .scope module, "pe_inst" "pe" 9 91, 10 12 0, S_0000014056e6b770;
 .timescale 0 0;
    .port_info 0 /INPUT 1 "clk";
    .port_info 1 /INPUT 1 "rst_n";
    .port_info 2 /INPUT 1 "en_compute";
    .port_info 3 /INPUT 1 "load_weight";
    .port_info 4 /INPUT 8 "in_act";
    .port_info 5 /INPUT 8 "in_weight";
    .port_info 6 /INPUT 32 "in_psum";
    .port_info 7 /OUTPUT 8 "out_act";
    .port_info 8 /OUTPUT 32 "out_psum";
v0000014056e2ddc0_0 .net "clk", 0 0, v0000014056e82620_0;  alias, 1 drivers
v0000014056e2da00_0 .net "en_compute", 0 0, L_0000014056eb1298;  alias, 1 drivers
v0000014056e2d140_0 .net "in_act", 7 0, L_0000014056f2cf70;  alias, 1 drivers
v0000014056e2e2c0_0 .net "in_psum", 31 0, L_0000014056f2d3d0;  alias, 1 drivers
v0000014056e2dc80_0 .net "in_weight", 7 0, L_0000014056f13120;  alias, 1 drivers
v0000014056e2ce20_0 .net "load_weight", 0 0, L_0000014056f136c0;  alias, 1 drivers
v0000014056e2db40_0 .var "out_act", 7 0;
v0000014056e2e720_0 .var "out_psum", 31 0;
v0000014056e2e040_0 .var/s "reg_weight", 7 0;
v0000014056e2d6e0_0 .net "rst_n", 0 0, L_0000014056b6afc0;  alias, 1 drivers
S_0000014056e6c0d0 .scope generate, "COL_LOOP[12]" "COL_LOOP[12]" 9 55, 9 55 0, S_0000014056e20790;
 .timescale -9 -12;
P_0000014056cf9a20 .param/l "c" 0 9 55, +C4<01100>;
v0000014056e2cba0_0 .net "pe_in_act", 7 0, L_0000014056f2d210;  1 drivers
v0000014056e2c100_0 .net "pe_in_psum", 31 0, L_0000014056f2bed0;  1 drivers
v0000014056e2d820_0 .net "pe_in_weight", 7 0, L_0000014056f13260;  1 drivers
v0000014056e2de60_0 .net "pe_load_en", 0 0, L_0000014056f13ee0;  1 drivers
S_0000014056e6d200 .scope generate, "genblk1" "genblk1" 9 61, 9 61 0, S_0000014056e6c0d0;
 .timescale -9 -12;
L_0000014056f2d210 .functor BUFZ 8, v0000014056e2db40_0, C4<00000000>, C4<00000000>, C4<00000000>;
S_0000014056e6a000 .scope generate, "genblk2" "genblk2" 9 72, 9 72 0, S_0000014056e6c0d0;
 .timescale -9 -12;
L_0000014056f2bed0 .functor BUFZ 32, v0000014056e07cb0_0, C4<00000000000000000000000000000000>, C4<00000000000000000000000000000000>, C4<00000000000000000000000000000000>;
S_0000014056e6ca30 .scope module, "pe_inst" "pe" 9 91, 10 12 0, S_0000014056e6c0d0;
 .timescale 0 0;
    .port_info 0 /INPUT 1 "clk";
    .port_info 1 /INPUT 1 "rst_n";
    .port_info 2 /INPUT 1 "en_compute";
    .port_info 3 /INPUT 1 "load_weight";
    .port_info 4 /INPUT 8 "in_act";
    .port_info 5 /INPUT 8 "in_weight";
    .port_info 6 /INPUT 32 "in_psum";
    .port_info 7 /OUTPUT 8 "out_act";
    .port_info 8 /OUTPUT 32 "out_psum";
v0000014056e2e400_0 .net "clk", 0 0, v0000014056e82620_0;  alias, 1 drivers
v0000014056e2dbe0_0 .net "en_compute", 0 0, L_0000014056eb1298;  alias, 1 drivers
v0000014056e2e860_0 .net "in_act", 7 0, L_0000014056f2d210;  alias, 1 drivers
v0000014056e2e5e0_0 .net "in_psum", 31 0, L_0000014056f2bed0;  alias, 1 drivers
v0000014056e2d280_0 .net "in_weight", 7 0, L_0000014056f13260;  alias, 1 drivers
v0000014056e2c420_0 .net "load_weight", 0 0, L_0000014056f13ee0;  alias, 1 drivers
v0000014056e2c1a0_0 .var "out_act", 7 0;
v0000014056e2d320_0 .var "out_psum", 31 0;
v0000014056e2cc40_0 .var/s "reg_weight", 7 0;
v0000014056e2e4a0_0 .net "rst_n", 0 0, L_0000014056b6afc0;  alias, 1 drivers
S_0000014056e6b2c0 .scope generate, "COL_LOOP[13]" "COL_LOOP[13]" 9 55, 9 55 0, S_0000014056e20790;
 .timescale -9 -12;
P_0000014056cf9a60 .param/l "c" 0 9 55, +C4<01101>;
v0000014056e2dfa0_0 .net "pe_in_act", 7 0, L_0000014056f2c410;  1 drivers
v0000014056e2e540_0 .net "pe_in_psum", 31 0, L_0000014056f2d360;  1 drivers
v0000014056e2c920_0 .net "pe_in_weight", 7 0, L_0000014056f133a0;  1 drivers
v0000014056e2c240_0 .net "pe_load_en", 0 0, L_0000014056f13620;  1 drivers
S_0000014056e6a190 .scope generate, "genblk1" "genblk1" 9 61, 9 61 0, S_0000014056e6b2c0;
 .timescale -9 -12;
L_0000014056f2c410 .functor BUFZ 8, v0000014056e2c1a0_0, C4<00000000>, C4<00000000>, C4<00000000>;
S_0000014056e691f0 .scope generate, "genblk2" "genblk2" 9 72, 9 72 0, S_0000014056e6b2c0;
 .timescale -9 -12;
L_0000014056f2d360 .functor BUFZ 32, v0000014056e08570_0, C4<00000000000000000000000000000000>, C4<00000000000000000000000000000000>, C4<00000000000000000000000000000000>;
S_0000014056e6a320 .scope module, "pe_inst" "pe" 9 91, 10 12 0, S_0000014056e6b2c0;
 .timescale 0 0;
    .port_info 0 /INPUT 1 "clk";
    .port_info 1 /INPUT 1 "rst_n";
    .port_info 2 /INPUT 1 "en_compute";
    .port_info 3 /INPUT 1 "load_weight";
    .port_info 4 /INPUT 8 "in_act";
    .port_info 5 /INPUT 8 "in_weight";
    .port_info 6 /INPUT 32 "in_psum";
    .port_info 7 /OUTPUT 8 "out_act";
    .port_info 8 /OUTPUT 32 "out_psum";
v0000014056e2c740_0 .net "clk", 0 0, v0000014056e82620_0;  alias, 1 drivers
v0000014056e2daa0_0 .net "en_compute", 0 0, L_0000014056eb1298;  alias, 1 drivers
v0000014056e2c880_0 .net "in_act", 7 0, L_0000014056f2c410;  alias, 1 drivers
v0000014056e2cce0_0 .net "in_psum", 31 0, L_0000014056f2d360;  alias, 1 drivers
v0000014056e2d780_0 .net "in_weight", 7 0, L_0000014056f133a0;  alias, 1 drivers
v0000014056e2d3c0_0 .net "load_weight", 0 0, L_0000014056f13620;  alias, 1 drivers
v0000014056e2d8c0_0 .var "out_act", 7 0;
v0000014056e2cec0_0 .var "out_psum", 31 0;
v0000014056e2d960_0 .var/s "reg_weight", 7 0;
v0000014056e2df00_0 .net "rst_n", 0 0, L_0000014056b6afc0;  alias, 1 drivers
S_0000014056e699c0 .scope generate, "COL_LOOP[14]" "COL_LOOP[14]" 9 55, 9 55 0, S_0000014056e20790;
 .timescale -9 -12;
P_0000014056cf8f20 .param/l "c" 0 9 55, +C4<01110>;
v0000014056e2fc60_0 .net "pe_in_act", 7 0, L_0000014056f2c9c0;  1 drivers
v0000014056e2eae0_0 .net "pe_in_psum", 31 0, L_0000014056f2d4b0;  1 drivers
v0000014056e30e80_0 .net "pe_in_weight", 7 0, L_0000014056f13760;  1 drivers
v0000014056e2f620_0 .net "pe_load_en", 0 0, L_0000014056f13800;  1 drivers
S_0000014056e6ae10 .scope generate, "genblk1" "genblk1" 9 61, 9 61 0, S_0000014056e699c0;
 .timescale -9 -12;
L_0000014056f2c9c0 .functor BUFZ 8, v0000014056e2d8c0_0, C4<00000000>, C4<00000000>, C4<00000000>;
S_0000014056e6b900 .scope generate, "genblk2" "genblk2" 9 72, 9 72 0, S_0000014056e699c0;
 .timescale -9 -12;
L_0000014056f2d4b0 .functor BUFZ 32, v0000014056e08b10_0, C4<00000000000000000000000000000000>, C4<00000000000000000000000000000000>, C4<00000000000000000000000000000000>;
S_0000014056e696a0 .scope module, "pe_inst" "pe" 9 91, 10 12 0, S_0000014056e699c0;
 .timescale 0 0;
    .port_info 0 /INPUT 1 "clk";
    .port_info 1 /INPUT 1 "rst_n";
    .port_info 2 /INPUT 1 "en_compute";
    .port_info 3 /INPUT 1 "load_weight";
    .port_info 4 /INPUT 8 "in_act";
    .port_info 5 /INPUT 8 "in_weight";
    .port_info 6 /INPUT 32 "in_psum";
    .port_info 7 /OUTPUT 8 "out_act";
    .port_info 8 /OUTPUT 32 "out_psum";
v0000014056e2ca60_0 .net "clk", 0 0, v0000014056e82620_0;  alias, 1 drivers
v0000014056e2cb00_0 .net "en_compute", 0 0, L_0000014056eb1298;  alias, 1 drivers
v0000014056e2ec20_0 .net "in_act", 7 0, L_0000014056f2c9c0;  alias, 1 drivers
v0000014056e30de0_0 .net "in_psum", 31 0, L_0000014056f2d4b0;  alias, 1 drivers
v0000014056e30160_0 .net "in_weight", 7 0, L_0000014056f13760;  alias, 1 drivers
v0000014056e307a0_0 .net "load_weight", 0 0, L_0000014056f13800;  alias, 1 drivers
v0000014056e30d40_0 .var "out_act", 7 0;
v0000014056e30ca0_0 .var "out_psum", 31 0;
v0000014056e2f080_0 .var/s "reg_weight", 7 0;
v0000014056e2fb20_0 .net "rst_n", 0 0, L_0000014056b6afc0;  alias, 1 drivers
S_0000014056e6c3f0 .scope generate, "COL_LOOP[15]" "COL_LOOP[15]" 9 55, 9 55 0, S_0000014056e20790;
 .timescale -9 -12;
P_0000014056cf9520 .param/l "c" 0 9 55, +C4<01111>;
v0000014056e2f6c0_0 .net "pe_in_act", 7 0, L_0000014056f2c330;  1 drivers
v0000014056e2f760_0 .net "pe_in_psum", 31 0, L_0000014056f2d280;  1 drivers
v0000014056e308e0_0 .net "pe_in_weight", 7 0, L_0000014056f139e0;  1 drivers
v0000014056e2fee0_0 .net "pe_load_en", 0 0, L_0000014056f179a0;  1 drivers
S_0000014056e6afa0 .scope generate, "genblk1" "genblk1" 9 61, 9 61 0, S_0000014056e6c3f0;
 .timescale -9 -12;
L_0000014056f2c330 .functor BUFZ 8, v0000014056e30d40_0, C4<00000000>, C4<00000000>, C4<00000000>;
S_0000014056e69b50 .scope generate, "genblk2" "genblk2" 9 72, 9 72 0, S_0000014056e6c3f0;
 .timescale -9 -12;
L_0000014056f2d280 .functor BUFZ 32, v0000014056e06b30_0, C4<00000000000000000000000000000000>, C4<00000000000000000000000000000000>, C4<00000000000000000000000000000000>;
S_0000014056e6d390 .scope module, "pe_inst" "pe" 9 91, 10 12 0, S_0000014056e6c3f0;
 .timescale 0 0;
    .port_info 0 /INPUT 1 "clk";
    .port_info 1 /INPUT 1 "rst_n";
    .port_info 2 /INPUT 1 "en_compute";
    .port_info 3 /INPUT 1 "load_weight";
    .port_info 4 /INPUT 8 "in_act";
    .port_info 5 /INPUT 8 "in_weight";
    .port_info 6 /INPUT 32 "in_psum";
    .port_info 7 /OUTPUT 8 "out_act";
    .port_info 8 /OUTPUT 32 "out_psum";
v0000014056e2f580_0 .net "clk", 0 0, v0000014056e82620_0;  alias, 1 drivers
v0000014056e30520_0 .net "en_compute", 0 0, L_0000014056eb1298;  alias, 1 drivers
v0000014056e2f940_0 .net "in_act", 7 0, L_0000014056f2c330;  alias, 1 drivers
v0000014056e2fbc0_0 .net "in_psum", 31 0, L_0000014056f2d280;  alias, 1 drivers
v0000014056e2ef40_0 .net "in_weight", 7 0, L_0000014056f139e0;  alias, 1 drivers
v0000014056e30a20_0 .net "load_weight", 0 0, L_0000014056f179a0;  alias, 1 drivers
v0000014056e30f20_0 .var "out_act", 7 0;
v0000014056e30840_0 .var "out_psum", 31 0;
v0000014056e305c0_0 .var/s "reg_weight", 7 0;
v0000014056e2f8a0_0 .net "rst_n", 0 0, L_0000014056b6afc0;  alias, 1 drivers
S_0000014056e6c580 .scope generate, "ROW_LOOP[9]" "ROW_LOOP[9]" 9 54, 9 54 0, S_0000014056d859f0;
 .timescale -9 -12;
P_0000014056cf97a0 .param/l "r" 0 9 54, +C4<01001>;
S_0000014056e6cbc0 .scope generate, "COL_LOOP[0]" "COL_LOOP[0]" 9 55, 9 55 0, S_0000014056e6c580;
 .timescale -9 -12;
P_0000014056cf94e0 .param/l "c" 0 9 55, +C4<00>;
v0000014056e2f4e0_0 .net "pe_in_act", 7 0, L_0000014056f174a0;  1 drivers
v0000014056e30b60_0 .net "pe_in_psum", 31 0, L_0000014056f2c4f0;  1 drivers
v0000014056e303e0_0 .net "pe_in_weight", 7 0, L_0000014056f16d20;  1 drivers
v0000014056e30c00_0 .net "pe_load_en", 0 0, L_0000014056f15b00;  1 drivers
S_0000014056e6cd50 .scope generate, "genblk1" "genblk1" 9 61, 9 61 0, S_0000014056e6cbc0;
 .timescale -9 -12;
S_0000014056e69380 .scope generate, "genblk2" "genblk2" 9 72, 9 72 0, S_0000014056e6cbc0;
 .timescale -9 -12;
L_0000014056f2c4f0 .functor BUFZ 32, v0000014056e09830_0, C4<00000000000000000000000000000000>, C4<00000000000000000000000000000000>, C4<00000000000000000000000000000000>;
S_0000014056e6ba90 .scope module, "pe_inst" "pe" 9 91, 10 12 0, S_0000014056e6cbc0;
 .timescale 0 0;
    .port_info 0 /INPUT 1 "clk";
    .port_info 1 /INPUT 1 "rst_n";
    .port_info 2 /INPUT 1 "en_compute";
    .port_info 3 /INPUT 1 "load_weight";
    .port_info 4 /INPUT 8 "in_act";
    .port_info 5 /INPUT 8 "in_weight";
    .port_info 6 /INPUT 32 "in_psum";
    .port_info 7 /OUTPUT 8 "out_act";
    .port_info 8 /OUTPUT 32 "out_psum";
v0000014056e30fc0_0 .net "clk", 0 0, v0000014056e82620_0;  alias, 1 drivers
v0000014056e30700_0 .net "en_compute", 0 0, L_0000014056eb1298;  alias, 1 drivers
v0000014056e31060_0 .net "in_act", 7 0, L_0000014056f174a0;  alias, 1 drivers
v0000014056e2f800_0 .net "in_psum", 31 0, L_0000014056f2c4f0;  alias, 1 drivers
v0000014056e302a0_0 .net "in_weight", 7 0, L_0000014056f16d20;  alias, 1 drivers
v0000014056e30980_0 .net "load_weight", 0 0, L_0000014056f15b00;  alias, 1 drivers
v0000014056e30340_0 .var "out_act", 7 0;
v0000014056e2f120_0 .var "out_psum", 31 0;
v0000014056e2e900_0 .var/s "reg_weight", 7 0;
v0000014056e30ac0_0 .net "rst_n", 0 0, L_0000014056b6afc0;  alias, 1 drivers
S_0000014056e6a4b0 .scope generate, "COL_LOOP[1]" "COL_LOOP[1]" 9 55, 9 55 0, S_0000014056e6c580;
 .timescale -9 -12;
P_0000014056cf9560 .param/l "c" 0 9 55, +C4<01>;
v0000014056e2fda0_0 .net "pe_in_act", 7 0, L_0000014056f2bfb0;  1 drivers
v0000014056e2f300_0 .net "pe_in_psum", 31 0, L_0000014056f2bf40;  1 drivers
v0000014056e30020_0 .net "pe_in_weight", 7 0, L_0000014056f17540;  1 drivers
v0000014056e2efe0_0 .net "pe_load_en", 0 0, L_0000014056f16460;  1 drivers
S_0000014056e6a640 .scope generate, "genblk1" "genblk1" 9 61, 9 61 0, S_0000014056e6a4b0;
 .timescale -9 -12;
L_0000014056f2bfb0 .functor BUFZ 8, v0000014056e30340_0, C4<00000000>, C4<00000000>, C4<00000000>;
S_0000014056e69830 .scope generate, "genblk2" "genblk2" 9 72, 9 72 0, S_0000014056e6a4b0;
 .timescale -9 -12;
L_0000014056f2bf40 .functor BUFZ 32, v0000014056e286e0_0, C4<00000000000000000000000000000000>, C4<00000000000000000000000000000000>, C4<00000000000000000000000000000000>;
S_0000014056e6b130 .scope module, "pe_inst" "pe" 9 91, 10 12 0, S_0000014056e6a4b0;
 .timescale 0 0;
    .port_info 0 /INPUT 1 "clk";
    .port_info 1 /INPUT 1 "rst_n";
    .port_info 2 /INPUT 1 "en_compute";
    .port_info 3 /INPUT 1 "load_weight";
    .port_info 4 /INPUT 8 "in_act";
    .port_info 5 /INPUT 8 "in_weight";
    .port_info 6 /INPUT 32 "in_psum";
    .port_info 7 /OUTPUT 8 "out_act";
    .port_info 8 /OUTPUT 32 "out_psum";
v0000014056e2fd00_0 .net "clk", 0 0, v0000014056e82620_0;  alias, 1 drivers
v0000014056e2ff80_0 .net "en_compute", 0 0, L_0000014056eb1298;  alias, 1 drivers
v0000014056e2ed60_0 .net "in_act", 7 0, L_0000014056f2bfb0;  alias, 1 drivers
v0000014056e2fe40_0 .net "in_psum", 31 0, L_0000014056f2bf40;  alias, 1 drivers
v0000014056e2f260_0 .net "in_weight", 7 0, L_0000014056f17540;  alias, 1 drivers
v0000014056e2ea40_0 .net "load_weight", 0 0, L_0000014056f16460;  alias, 1 drivers
v0000014056e2f1c0_0 .var "out_act", 7 0;
v0000014056e2eb80_0 .var "out_psum", 31 0;
v0000014056e2ee00_0 .var/s "reg_weight", 7 0;
v0000014056e2eea0_0 .net "rst_n", 0 0, L_0000014056b6afc0;  alias, 1 drivers
S_0000014056e6d520 .scope generate, "COL_LOOP[2]" "COL_LOOP[2]" 9 55, 9 55 0, S_0000014056e6c580;
 .timescale -9 -12;
P_0000014056cf8c20 .param/l "c" 0 9 55, +C4<010>;
v0000014056e31c40_0 .net "pe_in_act", 7 0, L_0000014056f2d440;  1 drivers
v0000014056e32280_0 .net "pe_in_psum", 31 0, L_0000014056f2c560;  1 drivers
v0000014056e312e0_0 .net "pe_in_weight", 7 0, L_0000014056f172c0;  1 drivers
v0000014056e33860_0 .net "pe_load_en", 0 0, L_0000014056f175e0;  1 drivers
S_0000014056e6a7d0 .scope generate, "genblk1" "genblk1" 9 61, 9 61 0, S_0000014056e6d520;
 .timescale -9 -12;
L_0000014056f2d440 .functor BUFZ 8, v0000014056e2f1c0_0, C4<00000000>, C4<00000000>, C4<00000000>;
S_0000014056e69510 .scope generate, "genblk2" "genblk2" 9 72, 9 72 0, S_0000014056e6d520;
 .timescale -9 -12;
L_0000014056f2c560 .functor BUFZ 32, v0000014056e29400_0, C4<00000000000000000000000000000000>, C4<00000000000000000000000000000000>, C4<00000000000000000000000000000000>;
S_0000014056e6d6b0 .scope module, "pe_inst" "pe" 9 91, 10 12 0, S_0000014056e6d520;
 .timescale 0 0;
    .port_info 0 /INPUT 1 "clk";
    .port_info 1 /INPUT 1 "rst_n";
    .port_info 2 /INPUT 1 "en_compute";
    .port_info 3 /INPUT 1 "load_weight";
    .port_info 4 /INPUT 8 "in_act";
    .port_info 5 /INPUT 8 "in_weight";
    .port_info 6 /INPUT 32 "in_psum";
    .port_info 7 /OUTPUT 8 "out_act";
    .port_info 8 /OUTPUT 32 "out_psum";
v0000014056e30480_0 .net "clk", 0 0, v0000014056e82620_0;  alias, 1 drivers
v0000014056e300c0_0 .net "en_compute", 0 0, L_0000014056eb1298;  alias, 1 drivers
v0000014056e30200_0 .net "in_act", 7 0, L_0000014056f2d440;  alias, 1 drivers
v0000014056e2f9e0_0 .net "in_psum", 31 0, L_0000014056f2c560;  alias, 1 drivers
v0000014056e30660_0 .net "in_weight", 7 0, L_0000014056f172c0;  alias, 1 drivers
v0000014056e2fa80_0 .net "load_weight", 0 0, L_0000014056f175e0;  alias, 1 drivers
v0000014056e314c0_0 .var "out_act", 7 0;
v0000014056e337c0_0 .var "out_psum", 31 0;
v0000014056e319c0_0 .var/s "reg_weight", 7 0;
v0000014056e32aa0_0 .net "rst_n", 0 0, L_0000014056b6afc0;  alias, 1 drivers
S_0000014056e6d840 .scope generate, "COL_LOOP[3]" "COL_LOOP[3]" 9 55, 9 55 0, S_0000014056e6c580;
 .timescale -9 -12;
P_0000014056cf95a0 .param/l "c" 0 9 55, +C4<011>;
v0000014056e31d80_0 .net "pe_in_act", 7 0, L_0000014056f2c640;  1 drivers
v0000014056e325a0_0 .net "pe_in_psum", 31 0, L_0000014056f2c6b0;  1 drivers
v0000014056e32140_0 .net "pe_in_weight", 7 0, L_0000014056f17f40;  1 drivers
v0000014056e31380_0 .net "pe_load_en", 0 0, L_0000014056f17900;  1 drivers
S_0000014056e6d9d0 .scope generate, "genblk1" "genblk1" 9 61, 9 61 0, S_0000014056e6d840;
 .timescale -9 -12;
L_0000014056f2c640 .functor BUFZ 8, v0000014056e314c0_0, C4<00000000>, C4<00000000>, C4<00000000>;
S_0000014056e6db60 .scope generate, "genblk2" "genblk2" 9 72, 9 72 0, S_0000014056e6d840;
 .timescale -9 -12;
L_0000014056f2c6b0 .functor BUFZ 32, v0000014056e27b00_0, C4<00000000000000000000000000000000>, C4<00000000000000000000000000000000>, C4<00000000000000000000000000000000>;
S_0000014056e6bc20 .scope module, "pe_inst" "pe" 9 91, 10 12 0, S_0000014056e6d840;
 .timescale 0 0;
    .port_info 0 /INPUT 1 "clk";
    .port_info 1 /INPUT 1 "rst_n";
    .port_info 2 /INPUT 1 "en_compute";
    .port_info 3 /INPUT 1 "load_weight";
    .port_info 4 /INPUT 8 "in_act";
    .port_info 5 /INPUT 8 "in_weight";
    .port_info 6 /INPUT 32 "in_psum";
    .port_info 7 /OUTPUT 8 "out_act";
    .port_info 8 /OUTPUT 32 "out_psum";
v0000014056e31740_0 .net "clk", 0 0, v0000014056e82620_0;  alias, 1 drivers
v0000014056e31f60_0 .net "en_compute", 0 0, L_0000014056eb1298;  alias, 1 drivers
v0000014056e33680_0 .net "in_act", 7 0, L_0000014056f2c640;  alias, 1 drivers
v0000014056e32be0_0 .net "in_psum", 31 0, L_0000014056f2c6b0;  alias, 1 drivers
v0000014056e32c80_0 .net "in_weight", 7 0, L_0000014056f17f40;  alias, 1 drivers
v0000014056e31a60_0 .net "load_weight", 0 0, L_0000014056f17900;  alias, 1 drivers
v0000014056e32460_0 .var "out_act", 7 0;
v0000014056e31b00_0 .var "out_psum", 31 0;
v0000014056e31100_0 .var/s "reg_weight", 7 0;
v0000014056e31ce0_0 .net "rst_n", 0 0, L_0000014056b6afc0;  alias, 1 drivers
S_0000014056e6bdb0 .scope generate, "COL_LOOP[4]" "COL_LOOP[4]" 9 55, 9 55 0, S_0000014056e6c580;
 .timescale -9 -12;
P_0000014056cf97e0 .param/l "c" 0 9 55, +C4<0100>;
v0000014056e328c0_0 .net "pe_in_act", 7 0, L_0000014056f2ccd0;  1 drivers
v0000014056e32320_0 .net "pe_in_psum", 31 0, L_0000014056f2c020;  1 drivers
v0000014056e32dc0_0 .net "pe_in_weight", 7 0, L_0000014056f160a0;  1 drivers
v0000014056e326e0_0 .net "pe_load_en", 0 0, L_0000014056f17720;  1 drivers
S_0000014056e6bf40 .scope generate, "genblk1" "genblk1" 9 61, 9 61 0, S_0000014056e6bdb0;
 .timescale -9 -12;
L_0000014056f2ccd0 .functor BUFZ 8, v0000014056e32460_0, C4<00000000>, C4<00000000>, C4<00000000>;
S_0000014056e6dcf0 .scope generate, "genblk2" "genblk2" 9 72, 9 72 0, S_0000014056e6bdb0;
 .timescale -9 -12;
L_0000014056f2c020 .functor BUFZ 32, v0000014056e28960_0, C4<00000000000000000000000000000000>, C4<00000000000000000000000000000000>, C4<00000000000000000000000000000000>;
S_0000014056e69ce0 .scope module, "pe_inst" "pe" 9 91, 10 12 0, S_0000014056e6bdb0;
 .timescale 0 0;
    .port_info 0 /INPUT 1 "clk";
    .port_info 1 /INPUT 1 "rst_n";
    .port_info 2 /INPUT 1 "en_compute";
    .port_info 3 /INPUT 1 "load_weight";
    .port_info 4 /INPUT 8 "in_act";
    .port_info 5 /INPUT 8 "in_weight";
    .port_info 6 /INPUT 32 "in_psum";
    .port_info 7 /OUTPUT 8 "out_act";
    .port_info 8 /OUTPUT 32 "out_psum";
v0000014056e33540_0 .net "clk", 0 0, v0000014056e82620_0;  alias, 1 drivers
v0000014056e32e60_0 .net "en_compute", 0 0, L_0000014056eb1298;  alias, 1 drivers
v0000014056e31e20_0 .net "in_act", 7 0, L_0000014056f2ccd0;  alias, 1 drivers
v0000014056e32640_0 .net "in_psum", 31 0, L_0000014056f2c020;  alias, 1 drivers
v0000014056e317e0_0 .net "in_weight", 7 0, L_0000014056f160a0;  alias, 1 drivers
v0000014056e31920_0 .net "load_weight", 0 0, L_0000014056f17720;  alias, 1 drivers
v0000014056e31560_0 .var "out_act", 7 0;
v0000014056e321e0_0 .var "out_psum", 31 0;
v0000014056e32d20_0 .var/s "reg_weight", 7 0;
v0000014056e311a0_0 .net "rst_n", 0 0, L_0000014056b6afc0;  alias, 1 drivers
S_0000014056e6a960 .scope generate, "COL_LOOP[5]" "COL_LOOP[5]" 9 55, 9 55 0, S_0000014056e6c580;
 .timescale -9 -12;
P_0000014056cf9960 .param/l "c" 0 9 55, +C4<0101>;
v0000014056e33180_0 .net "pe_in_act", 7 0, L_0000014056f2c090;  1 drivers
v0000014056e32000_0 .net "pe_in_psum", 31 0, L_0000014056f2d130;  1 drivers
v0000014056e320a0_0 .net "pe_in_weight", 7 0, L_0000014056f163c0;  1 drivers
v0000014056e33220_0 .net "pe_load_en", 0 0, L_0000014056f16be0;  1 drivers
S_0000014056e6ac80 .scope generate, "genblk1" "genblk1" 9 61, 9 61 0, S_0000014056e6a960;
 .timescale -9 -12;
L_0000014056f2c090 .functor BUFZ 8, v0000014056e31560_0, C4<00000000>, C4<00000000>, C4<00000000>;
S_0000014056e6de80 .scope generate, "genblk2" "genblk2" 9 72, 9 72 0, S_0000014056e6a960;
 .timescale -9 -12;
L_0000014056f2d130 .functor BUFZ 32, v0000014056e27ec0_0, C4<00000000000000000000000000000000>, C4<00000000000000000000000000000000>, C4<00000000000000000000000000000000>;
S_0000014056e69e70 .scope module, "pe_inst" "pe" 9 91, 10 12 0, S_0000014056e6a960;
 .timescale 0 0;
    .port_info 0 /INPUT 1 "clk";
    .port_info 1 /INPUT 1 "rst_n";
    .port_info 2 /INPUT 1 "en_compute";
    .port_info 3 /INPUT 1 "load_weight";
    .port_info 4 /INPUT 8 "in_act";
    .port_info 5 /INPUT 8 "in_weight";
    .port_info 6 /INPUT 32 "in_psum";
    .port_info 7 /OUTPUT 8 "out_act";
    .port_info 8 /OUTPUT 32 "out_psum";
v0000014056e33720_0 .net "clk", 0 0, v0000014056e82620_0;  alias, 1 drivers
v0000014056e32f00_0 .net "en_compute", 0 0, L_0000014056eb1298;  alias, 1 drivers
v0000014056e32780_0 .net "in_act", 7 0, L_0000014056f2c090;  alias, 1 drivers
v0000014056e32a00_0 .net "in_psum", 31 0, L_0000014056f2d130;  alias, 1 drivers
v0000014056e31240_0 .net "in_weight", 7 0, L_0000014056f163c0;  alias, 1 drivers
v0000014056e31ec0_0 .net "load_weight", 0 0, L_0000014056f16be0;  alias, 1 drivers
v0000014056e32fa0_0 .var "out_act", 7 0;
v0000014056e31600_0 .var "out_psum", 31 0;
v0000014056e33040_0 .var/s "reg_weight", 7 0;
v0000014056e330e0_0 .net "rst_n", 0 0, L_0000014056b6afc0;  alias, 1 drivers
S_0000014056e6e010 .scope generate, "COL_LOOP[6]" "COL_LOOP[6]" 9 55, 9 55 0, S_0000014056e6c580;
 .timescale -9 -12;
P_0000014056cf90e0 .param/l "c" 0 9 55, +C4<0110>;
v0000014056e34a80_0 .net "pe_in_act", 7 0, L_0000014056f2cc60;  1 drivers
v0000014056e33ae0_0 .net "pe_in_psum", 31 0, L_0000014056f2c720;  1 drivers
v0000014056e36060_0 .net "pe_in_weight", 7 0, L_0000014056f16dc0;  1 drivers
v0000014056e34440_0 .net "pe_load_en", 0 0, L_0000014056f16280;  1 drivers
S_0000014056e6e1a0 .scope generate, "genblk1" "genblk1" 9 61, 9 61 0, S_0000014056e6e010;
 .timescale -9 -12;
L_0000014056f2cc60 .functor BUFZ 8, v0000014056e32fa0_0, C4<00000000>, C4<00000000>, C4<00000000>;
S_0000014056e6f140 .scope generate, "genblk2" "genblk2" 9 72, 9 72 0, S_0000014056e6e010;
 .timescale -9 -12;
L_0000014056f2c720 .functor BUFZ 32, v0000014056e2a1c0_0, C4<00000000000000000000000000000000>, C4<00000000000000000000000000000000>, C4<00000000000000000000000000000000>;
S_0000014056e6e7e0 .scope module, "pe_inst" "pe" 9 91, 10 12 0, S_0000014056e6e010;
 .timescale 0 0;
    .port_info 0 /INPUT 1 "clk";
    .port_info 1 /INPUT 1 "rst_n";
    .port_info 2 /INPUT 1 "en_compute";
    .port_info 3 /INPUT 1 "load_weight";
    .port_info 4 /INPUT 8 "in_act";
    .port_info 5 /INPUT 8 "in_weight";
    .port_info 6 /INPUT 32 "in_psum";
    .port_info 7 /OUTPUT 8 "out_act";
    .port_info 8 /OUTPUT 32 "out_psum";
v0000014056e32960_0 .net "clk", 0 0, v0000014056e82620_0;  alias, 1 drivers
v0000014056e334a0_0 .net "en_compute", 0 0, L_0000014056eb1298;  alias, 1 drivers
v0000014056e31880_0 .net "in_act", 7 0, L_0000014056f2cc60;  alias, 1 drivers
v0000014056e332c0_0 .net "in_psum", 31 0, L_0000014056f2c720;  alias, 1 drivers
v0000014056e323c0_0 .net "in_weight", 7 0, L_0000014056f16dc0;  alias, 1 drivers
v0000014056e32500_0 .net "load_weight", 0 0, L_0000014056f16280;  alias, 1 drivers
v0000014056e32820_0 .var "out_act", 7 0;
v0000014056e32b40_0 .var "out_psum", 31 0;
v0000014056e33360_0 .var/s "reg_weight", 7 0;
v0000014056e335e0_0 .net "rst_n", 0 0, L_0000014056b6afc0;  alias, 1 drivers
S_0000014056e6efb0 .scope generate, "COL_LOOP[7]" "COL_LOOP[7]" 9 55, 9 55 0, S_0000014056e6c580;
 .timescale -9 -12;
P_0000014056cf99e0 .param/l "c" 0 9 55, +C4<0111>;
v0000014056e34da0_0 .net "pe_in_act", 7 0, L_0000014056f2c790;  1 drivers
v0000014056e34940_0 .net "pe_in_psum", 31 0, L_0000014056f2c800;  1 drivers
v0000014056e33b80_0 .net "pe_in_weight", 7 0, L_0000014056f16320;  1 drivers
v0000014056e344e0_0 .net "pe_load_en", 0 0, L_0000014056f15ce0;  1 drivers
S_0000014056e6e330 .scope generate, "genblk1" "genblk1" 9 61, 9 61 0, S_0000014056e6efb0;
 .timescale -9 -12;
L_0000014056f2c790 .functor BUFZ 8, v0000014056e32820_0, C4<00000000>, C4<00000000>, C4<00000000>;
S_0000014056e6e4c0 .scope generate, "genblk2" "genblk2" 9 72, 9 72 0, S_0000014056e6efb0;
 .timescale -9 -12;
L_0000014056f2c800 .functor BUFZ 32, v0000014056e2ad00_0, C4<00000000000000000000000000000000>, C4<00000000000000000000000000000000>, C4<00000000000000000000000000000000>;
S_0000014056e6e650 .scope module, "pe_inst" "pe" 9 91, 10 12 0, S_0000014056e6efb0;
 .timescale 0 0;
    .port_info 0 /INPUT 1 "clk";
    .port_info 1 /INPUT 1 "rst_n";
    .port_info 2 /INPUT 1 "en_compute";
    .port_info 3 /INPUT 1 "load_weight";
    .port_info 4 /INPUT 8 "in_act";
    .port_info 5 /INPUT 8 "in_weight";
    .port_info 6 /INPUT 32 "in_psum";
    .port_info 7 /OUTPUT 8 "out_act";
    .port_info 8 /OUTPUT 32 "out_psum";
v0000014056e35f20_0 .net "clk", 0 0, v0000014056e82620_0;  alias, 1 drivers
v0000014056e34080_0 .net "en_compute", 0 0, L_0000014056eb1298;  alias, 1 drivers
v0000014056e353e0_0 .net "in_act", 7 0, L_0000014056f2c790;  alias, 1 drivers
v0000014056e348a0_0 .net "in_psum", 31 0, L_0000014056f2c800;  alias, 1 drivers
v0000014056e34260_0 .net "in_weight", 7 0, L_0000014056f16320;  alias, 1 drivers
v0000014056e34ee0_0 .net "load_weight", 0 0, L_0000014056f15ce0;  alias, 1 drivers
v0000014056e33cc0_0 .var "out_act", 7 0;
v0000014056e34bc0_0 .var "out_psum", 31 0;
v0000014056e34300_0 .var/s "reg_weight", 7 0;
v0000014056e33f40_0 .net "rst_n", 0 0, L_0000014056b6afc0;  alias, 1 drivers
S_0000014056e6e970 .scope generate, "COL_LOOP[8]" "COL_LOOP[8]" 9 55, 9 55 0, S_0000014056e6c580;
 .timescale -9 -12;
P_0000014056cf8c60 .param/l "c" 0 9 55, +C4<01000>;
v0000014056e34b20_0 .net "pe_in_act", 7 0, L_0000014056f2cd40;  1 drivers
v0000014056e35480_0 .net "pe_in_psum", 31 0, L_0000014056f2c8e0;  1 drivers
v0000014056e34f80_0 .net "pe_in_weight", 7 0, L_0000014056f17a40;  1 drivers
v0000014056e35160_0 .net "pe_load_en", 0 0, L_0000014056f16960;  1 drivers
S_0000014056e6eb00 .scope generate, "genblk1" "genblk1" 9 61, 9 61 0, S_0000014056e6e970;
 .timescale -9 -12;
L_0000014056f2cd40 .functor BUFZ 8, v0000014056e33cc0_0, C4<00000000>, C4<00000000>, C4<00000000>;
S_0000014056e6ec90 .scope generate, "genblk2" "genblk2" 9 72, 9 72 0, S_0000014056e6e970;
 .timescale -9 -12;
L_0000014056f2c8e0 .functor BUFZ 32, v0000014056e2bc00_0, C4<00000000000000000000000000000000>, C4<00000000000000000000000000000000>, C4<00000000000000000000000000000000>;
S_0000014056e6ee20 .scope module, "pe_inst" "pe" 9 91, 10 12 0, S_0000014056e6e970;
 .timescale 0 0;
    .port_info 0 /INPUT 1 "clk";
    .port_info 1 /INPUT 1 "rst_n";
    .port_info 2 /INPUT 1 "en_compute";
    .port_info 3 /INPUT 1 "load_weight";
    .port_info 4 /INPUT 8 "in_act";
    .port_info 5 /INPUT 8 "in_weight";
    .port_info 6 /INPUT 32 "in_psum";
    .port_info 7 /OUTPUT 8 "out_act";
    .port_info 8 /OUTPUT 32 "out_psum";
v0000014056e343a0_0 .net "clk", 0 0, v0000014056e82620_0;  alias, 1 drivers
v0000014056e34120_0 .net "en_compute", 0 0, L_0000014056eb1298;  alias, 1 drivers
v0000014056e34e40_0 .net "in_act", 7 0, L_0000014056f2cd40;  alias, 1 drivers
v0000014056e33d60_0 .net "in_psum", 31 0, L_0000014056f2c8e0;  alias, 1 drivers
v0000014056e341c0_0 .net "in_weight", 7 0, L_0000014056f17a40;  alias, 1 drivers
v0000014056e349e0_0 .net "load_weight", 0 0, L_0000014056f16960;  alias, 1 drivers
v0000014056e34c60_0 .var "out_act", 7 0;
v0000014056e33e00_0 .var "out_psum", 31 0;
v0000014056e33900_0 .var/s "reg_weight", 7 0;
v0000014056e35fc0_0 .net "rst_n", 0 0, L_0000014056b6afc0;  alias, 1 drivers
S_0000014056e6f2d0 .scope generate, "COL_LOOP[9]" "COL_LOOP[9]" 9 55, 9 55 0, S_0000014056e6c580;
 .timescale -9 -12;
P_0000014056cf8ca0 .param/l "c" 0 9 55, +C4<01001>;
v0000014056e35d40_0 .net "pe_in_act", 7 0, L_0000014056f2d520;  1 drivers
v0000014056e34800_0 .net "pe_in_psum", 31 0, L_0000014056f2c950;  1 drivers
v0000014056e339a0_0 .net "pe_in_weight", 7 0, L_0000014056f17680;  1 drivers
v0000014056e350c0_0 .net "pe_load_en", 0 0, L_0000014056f16e60;  1 drivers
S_0000014056e6fc30 .scope generate, "genblk1" "genblk1" 9 61, 9 61 0, S_0000014056e6f2d0;
 .timescale -9 -12;
L_0000014056f2d520 .functor BUFZ 8, v0000014056e34c60_0, C4<00000000>, C4<00000000>, C4<00000000>;
S_0000014056e6f460 .scope generate, "genblk2" "genblk2" 9 72, 9 72 0, S_0000014056e6f2d0;
 .timescale -9 -12;
L_0000014056f2c950 .functor BUFZ 32, v0000014056e29a40_0, C4<00000000000000000000000000000000>, C4<00000000000000000000000000000000>, C4<00000000000000000000000000000000>;
S_0000014056e70720 .scope module, "pe_inst" "pe" 9 91, 10 12 0, S_0000014056e6f2d0;
 .timescale 0 0;
    .port_info 0 /INPUT 1 "clk";
    .port_info 1 /INPUT 1 "rst_n";
    .port_info 2 /INPUT 1 "en_compute";
    .port_info 3 /INPUT 1 "load_weight";
    .port_info 4 /INPUT 8 "in_act";
    .port_info 5 /INPUT 8 "in_weight";
    .port_info 6 /INPUT 32 "in_psum";
    .port_info 7 /OUTPUT 8 "out_act";
    .port_info 8 /OUTPUT 32 "out_psum";
v0000014056e35de0_0 .net "clk", 0 0, v0000014056e82620_0;  alias, 1 drivers
v0000014056e34580_0 .net "en_compute", 0 0, L_0000014056eb1298;  alias, 1 drivers
v0000014056e34d00_0 .net "in_act", 7 0, L_0000014056f2d520;  alias, 1 drivers
v0000014056e35c00_0 .net "in_psum", 31 0, L_0000014056f2c950;  alias, 1 drivers
v0000014056e35660_0 .net "in_weight", 7 0, L_0000014056f17680;  alias, 1 drivers
v0000014056e34620_0 .net "load_weight", 0 0, L_0000014056f16e60;  alias, 1 drivers
v0000014056e35020_0 .var "out_act", 7 0;
v0000014056e33fe0_0 .var "out_psum", 31 0;
v0000014056e346c0_0 .var/s "reg_weight", 7 0;
v0000014056e34760_0 .net "rst_n", 0 0, L_0000014056b6afc0;  alias, 1 drivers
S_0000014056e70a40 .scope generate, "COL_LOOP[10]" "COL_LOOP[10]" 9 55, 9 55 0, S_0000014056e6c580;
 .timescale -9 -12;
P_0000014056cf8d20 .param/l "c" 0 9 55, +C4<01010>;
v0000014056e35a20_0 .net "pe_in_act", 7 0, L_0000014056f2cdb0;  1 drivers
v0000014056e35ac0_0 .net "pe_in_psum", 31 0, L_0000014056f2ce90;  1 drivers
v0000014056e33ea0_0 .net "pe_in_weight", 7 0, L_0000014056f17360;  1 drivers
v0000014056e35b60_0 .net "pe_load_en", 0 0, L_0000014056f17860;  1 drivers
S_0000014056e70400 .scope generate, "genblk1" "genblk1" 9 61, 9 61 0, S_0000014056e70a40;
 .timescale -9 -12;
L_0000014056f2cdb0 .functor BUFZ 8, v0000014056e35020_0, C4<00000000>, C4<00000000>, C4<00000000>;
S_0000014056e6fdc0 .scope generate, "genblk2" "genblk2" 9 72, 9 72 0, S_0000014056e70a40;
 .timescale -9 -12;
L_0000014056f2ce90 .functor BUFZ 32, v0000014056e2c2e0_0, C4<00000000000000000000000000000000>, C4<00000000000000000000000000000000>, C4<00000000000000000000000000000000>;
S_0000014056e70bd0 .scope module, "pe_inst" "pe" 9 91, 10 12 0, S_0000014056e70a40;
 .timescale 0 0;
    .port_info 0 /INPUT 1 "clk";
    .port_info 1 /INPUT 1 "rst_n";
    .port_info 2 /INPUT 1 "en_compute";
    .port_info 3 /INPUT 1 "load_weight";
    .port_info 4 /INPUT 8 "in_act";
    .port_info 5 /INPUT 8 "in_weight";
    .port_info 6 /INPUT 32 "in_psum";
    .port_info 7 /OUTPUT 8 "out_act";
    .port_info 8 /OUTPUT 32 "out_psum";
v0000014056e35340_0 .net "clk", 0 0, v0000014056e82620_0;  alias, 1 drivers
v0000014056e35520_0 .net "en_compute", 0 0, L_0000014056eb1298;  alias, 1 drivers
v0000014056e35700_0 .net "in_act", 7 0, L_0000014056f2cdb0;  alias, 1 drivers
v0000014056e33c20_0 .net "in_psum", 31 0, L_0000014056f2ce90;  alias, 1 drivers
v0000014056e355c0_0 .net "in_weight", 7 0, L_0000014056f17360;  alias, 1 drivers
v0000014056e357a0_0 .net "load_weight", 0 0, L_0000014056f17860;  alias, 1 drivers
v0000014056e35840_0 .var "out_act", 7 0;
v0000014056e33a40_0 .var "out_psum", 31 0;
v0000014056e358e0_0 .var/s "reg_weight", 7 0;
v0000014056e35980_0 .net "rst_n", 0 0, L_0000014056b6afc0;  alias, 1 drivers
S_0000014056e6f5f0 .scope generate, "COL_LOOP[11]" "COL_LOOP[11]" 9 55, 9 55 0, S_0000014056e6c580;
 .timescale -9 -12;
P_0000014056cf8da0 .param/l "c" 0 9 55, +C4<01011>;
v0000014056e36ce0_0 .net "pe_in_act", 7 0, L_0000014056f2ce20;  1 drivers
v0000014056e38220_0 .net "pe_in_psum", 31 0, L_0000014056f2cf00;  1 drivers
v0000014056e37be0_0 .net "pe_in_weight", 7 0, L_0000014056f16aa0;  1 drivers
v0000014056e382c0_0 .net "pe_load_en", 0 0, L_0000014056f177c0;  1 drivers
S_0000014056e6f780 .scope generate, "genblk1" "genblk1" 9 61, 9 61 0, S_0000014056e6f5f0;
 .timescale -9 -12;
L_0000014056f2ce20 .functor BUFZ 8, v0000014056e35840_0, C4<00000000>, C4<00000000>, C4<00000000>;
S_0000014056e6f910 .scope generate, "genblk2" "genblk2" 9 72, 9 72 0, S_0000014056e6f5f0;
 .timescale -9 -12;
L_0000014056f2cf00 .functor BUFZ 32, v0000014056e2e720_0, C4<00000000000000000000000000000000>, C4<00000000000000000000000000000000>, C4<00000000000000000000000000000000>;
S_0000014056e708b0 .scope module, "pe_inst" "pe" 9 91, 10 12 0, S_0000014056e6f5f0;
 .timescale 0 0;
    .port_info 0 /INPUT 1 "clk";
    .port_info 1 /INPUT 1 "rst_n";
    .port_info 2 /INPUT 1 "en_compute";
    .port_info 3 /INPUT 1 "load_weight";
    .port_info 4 /INPUT 8 "in_act";
    .port_info 5 /INPUT 8 "in_weight";
    .port_info 6 /INPUT 32 "in_psum";
    .port_info 7 /OUTPUT 8 "out_act";
    .port_info 8 /OUTPUT 32 "out_psum";
v0000014056e38540_0 .net "clk", 0 0, v0000014056e82620_0;  alias, 1 drivers
v0000014056e37f00_0 .net "en_compute", 0 0, L_0000014056eb1298;  alias, 1 drivers
v0000014056e387c0_0 .net "in_act", 7 0, L_0000014056f2ce20;  alias, 1 drivers
v0000014056e37000_0 .net "in_psum", 31 0, L_0000014056f2cf00;  alias, 1 drivers
v0000014056e37aa0_0 .net "in_weight", 7 0, L_0000014056f16aa0;  alias, 1 drivers
v0000014056e38180_0 .net "load_weight", 0 0, L_0000014056f177c0;  alias, 1 drivers
v0000014056e37b40_0 .var "out_act", 7 0;
v0000014056e36880_0 .var "out_psum", 31 0;
v0000014056e385e0_0 .var/s "reg_weight", 7 0;
v0000014056e380e0_0 .net "rst_n", 0 0, L_0000014056b6afc0;  alias, 1 drivers
S_0000014056e6ff50 .scope generate, "COL_LOOP[12]" "COL_LOOP[12]" 9 55, 9 55 0, S_0000014056e6c580;
 .timescale -9 -12;
P_0000014056cf8de0 .param/l "c" 0 9 55, +C4<01100>;
v0000014056e36e20_0 .net "pe_in_act", 7 0, L_0000014056f2d590;  1 drivers
v0000014056e371e0_0 .net "pe_in_psum", 31 0, L_0000014056f2d600;  1 drivers
v0000014056e38040_0 .net "pe_in_weight", 7 0, L_0000014056f15d80;  1 drivers
v0000014056e367e0_0 .net "pe_load_en", 0 0, L_0000014056f17040;  1 drivers
S_0000014056e70590 .scope generate, "genblk1" "genblk1" 9 61, 9 61 0, S_0000014056e6ff50;
 .timescale -9 -12;
L_0000014056f2d590 .functor BUFZ 8, v0000014056e37b40_0, C4<00000000>, C4<00000000>, C4<00000000>;
S_0000014056e70d60 .scope generate, "genblk2" "genblk2" 9 72, 9 72 0, S_0000014056e6ff50;
 .timescale -9 -12;
L_0000014056f2d600 .functor BUFZ 32, v0000014056e2d320_0, C4<00000000000000000000000000000000>, C4<00000000000000000000000000000000>, C4<00000000000000000000000000000000>;
S_0000014056e6faa0 .scope module, "pe_inst" "pe" 9 91, 10 12 0, S_0000014056e6ff50;
 .timescale 0 0;
    .port_info 0 /INPUT 1 "clk";
    .port_info 1 /INPUT 1 "rst_n";
    .port_info 2 /INPUT 1 "en_compute";
    .port_info 3 /INPUT 1 "load_weight";
    .port_info 4 /INPUT 8 "in_act";
    .port_info 5 /INPUT 8 "in_weight";
    .port_info 6 /INPUT 32 "in_psum";
    .port_info 7 /OUTPUT 8 "out_act";
    .port_info 8 /OUTPUT 32 "out_psum";
v0000014056e38680_0 .net "clk", 0 0, v0000014056e82620_0;  alias, 1 drivers
v0000014056e36ec0_0 .net "en_compute", 0 0, L_0000014056eb1298;  alias, 1 drivers
v0000014056e36b00_0 .net "in_act", 7 0, L_0000014056f2d590;  alias, 1 drivers
v0000014056e373c0_0 .net "in_psum", 31 0, L_0000014056f2d600;  alias, 1 drivers
v0000014056e36ba0_0 .net "in_weight", 7 0, L_0000014056f15d80;  alias, 1 drivers
v0000014056e36740_0 .net "load_weight", 0 0, L_0000014056f17040;  alias, 1 drivers
v0000014056e37c80_0 .var "out_act", 7 0;
v0000014056e36920_0 .var "out_psum", 31 0;
v0000014056e36d80_0 .var/s "reg_weight", 7 0;
v0000014056e37140_0 .net "rst_n", 0 0, L_0000014056b6afc0;  alias, 1 drivers
S_0000014056e700e0 .scope generate, "COL_LOOP[13]" "COL_LOOP[13]" 9 55, 9 55 0, S_0000014056e6c580;
 .timescale -9 -12;
P_0000014056cf9120 .param/l "c" 0 9 55, +C4<01101>;
v0000014056e37dc0_0 .net "pe_in_act", 7 0, L_0000014056f2d980;  1 drivers
v0000014056e37e60_0 .net "pe_in_psum", 31 0, L_0000014056f2e010;  1 drivers
v0000014056e370a0_0 .net "pe_in_weight", 7 0, L_0000014056f17ae0;  1 drivers
v0000014056e38360_0 .net "pe_load_en", 0 0, L_0000014056f16500;  1 drivers
S_0000014056e70270 .scope generate, "genblk1" "genblk1" 9 61, 9 61 0, S_0000014056e700e0;
 .timescale -9 -12;
L_0000014056f2d980 .functor BUFZ 8, v0000014056e37c80_0, C4<00000000>, C4<00000000>, C4<00000000>;
S_0000014056e72fc0 .scope generate, "genblk2" "genblk2" 9 72, 9 72 0, S_0000014056e700e0;
 .timescale -9 -12;
L_0000014056f2e010 .functor BUFZ 32, v0000014056e2cec0_0, C4<00000000000000000000000000000000>, C4<00000000000000000000000000000000>, C4<00000000000000000000000000000000>;
S_0000014056e74a50 .scope module, "pe_inst" "pe" 9 91, 10 12 0, S_0000014056e700e0;
 .timescale 0 0;
    .port_info 0 /INPUT 1 "clk";
    .port_info 1 /INPUT 1 "rst_n";
    .port_info 2 /INPUT 1 "en_compute";
    .port_info 3 /INPUT 1 "load_weight";
    .port_info 4 /INPUT 8 "in_act";
    .port_info 5 /INPUT 8 "in_weight";
    .port_info 6 /INPUT 32 "in_psum";
    .port_info 7 /OUTPUT 8 "out_act";
    .port_info 8 /OUTPUT 32 "out_psum";
v0000014056e36420_0 .net "clk", 0 0, v0000014056e82620_0;  alias, 1 drivers
v0000014056e37460_0 .net "en_compute", 0 0, L_0000014056eb1298;  alias, 1 drivers
v0000014056e378c0_0 .net "in_act", 7 0, L_0000014056f2d980;  alias, 1 drivers
v0000014056e37280_0 .net "in_psum", 31 0, L_0000014056f2e010;  alias, 1 drivers
v0000014056e364c0_0 .net "in_weight", 7 0, L_0000014056f17ae0;  alias, 1 drivers
v0000014056e366a0_0 .net "load_weight", 0 0, L_0000014056f16500;  alias, 1 drivers
v0000014056e37d20_0 .var "out_act", 7 0;
v0000014056e37960_0 .var "out_psum", 31 0;
v0000014056e37320_0 .var/s "reg_weight", 7 0;
v0000014056e37500_0 .net "rst_n", 0 0, L_0000014056b6afc0;  alias, 1 drivers
S_0000014056e73920 .scope generate, "COL_LOOP[14]" "COL_LOOP[14]" 9 55, 9 55 0, S_0000014056e6c580;
 .timescale -9 -12;
P_0000014056cf8e20 .param/l "c" 0 9 55, +C4<01110>;
v0000014056e362e0_0 .net "pe_in_act", 7 0, L_0000014056f2dec0;  1 drivers
v0000014056e36380_0 .net "pe_in_psum", 31 0, L_0000014056f2da60;  1 drivers
v0000014056e36560_0 .net "pe_in_weight", 7 0, L_0000014056f17400;  1 drivers
v0000014056e36600_0 .net "pe_load_en", 0 0, L_0000014056f17b80;  1 drivers
S_0000014056e73ab0 .scope generate, "genblk1" "genblk1" 9 61, 9 61 0, S_0000014056e73920;
 .timescale -9 -12;
L_0000014056f2dec0 .functor BUFZ 8, v0000014056e37d20_0, C4<00000000>, C4<00000000>, C4<00000000>;
S_0000014056e74d70 .scope generate, "genblk2" "genblk2" 9 72, 9 72 0, S_0000014056e73920;
 .timescale -9 -12;
L_0000014056f2da60 .functor BUFZ 32, v0000014056e30ca0_0, C4<00000000000000000000000000000000>, C4<00000000000000000000000000000000>, C4<00000000000000000000000000000000>;
S_0000014056e74410 .scope module, "pe_inst" "pe" 9 91, 10 12 0, S_0000014056e73920;
 .timescale 0 0;
    .port_info 0 /INPUT 1 "clk";
    .port_info 1 /INPUT 1 "rst_n";
    .port_info 2 /INPUT 1 "en_compute";
    .port_info 3 /INPUT 1 "load_weight";
    .port_info 4 /INPUT 8 "in_act";
    .port_info 5 /INPUT 8 "in_weight";
    .port_info 6 /INPUT 32 "in_psum";
    .port_info 7 /OUTPUT 8 "out_act";
    .port_info 8 /OUTPUT 32 "out_psum";
v0000014056e375a0_0 .net "clk", 0 0, v0000014056e82620_0;  alias, 1 drivers
v0000014056e38400_0 .net "en_compute", 0 0, L_0000014056eb1298;  alias, 1 drivers
v0000014056e37fa0_0 .net "in_act", 7 0, L_0000014056f2dec0;  alias, 1 drivers
v0000014056e384a0_0 .net "in_psum", 31 0, L_0000014056f2da60;  alias, 1 drivers
v0000014056e38720_0 .net "in_weight", 7 0, L_0000014056f17400;  alias, 1 drivers
v0000014056e37a00_0 .net "load_weight", 0 0, L_0000014056f17b80;  alias, 1 drivers
v0000014056e38860_0 .var "out_act", 7 0;
v0000014056e36100_0 .var "out_psum", 31 0;
v0000014056e361a0_0 .var/s "reg_weight", 7 0;
v0000014056e36240_0 .net "rst_n", 0 0, L_0000014056b6afc0;  alias, 1 drivers
S_0000014056e74f00 .scope generate, "COL_LOOP[15]" "COL_LOOP[15]" 9 55, 9 55 0, S_0000014056e6c580;
 .timescale -9 -12;
P_0000014056cf8e60 .param/l "c" 0 9 55, +C4<01111>;
v0000014056e39300_0 .net "pe_in_act", 7 0, L_0000014056f2d9f0;  1 drivers
v0000014056e38fe0_0 .net "pe_in_psum", 31 0, L_0000014056f2dad0;  1 drivers
v0000014056e39120_0 .net "pe_in_weight", 7 0, L_0000014056f17fe0;  1 drivers
v0000014056e393a0_0 .net "pe_load_en", 0 0, L_0000014056f17c20;  1 drivers
S_0000014056e71080 .scope generate, "genblk1" "genblk1" 9 61, 9 61 0, S_0000014056e74f00;
 .timescale -9 -12;
L_0000014056f2d9f0 .functor BUFZ 8, v0000014056e38860_0, C4<00000000>, C4<00000000>, C4<00000000>;
S_0000014056e72980 .scope generate, "genblk2" "genblk2" 9 72, 9 72 0, S_0000014056e74f00;
 .timescale -9 -12;
L_0000014056f2dad0 .functor BUFZ 32, v0000014056e30840_0, C4<00000000000000000000000000000000>, C4<00000000000000000000000000000000>, C4<00000000000000000000000000000000>;
S_0000014056e724d0 .scope module, "pe_inst" "pe" 9 91, 10 12 0, S_0000014056e74f00;
 .timescale 0 0;
    .port_info 0 /INPUT 1 "clk";
    .port_info 1 /INPUT 1 "rst_n";
    .port_info 2 /INPUT 1 "en_compute";
    .port_info 3 /INPUT 1 "load_weight";
    .port_info 4 /INPUT 8 "in_act";
    .port_info 5 /INPUT 8 "in_weight";
    .port_info 6 /INPUT 32 "in_psum";
    .port_info 7 /OUTPUT 8 "out_act";
    .port_info 8 /OUTPUT 32 "out_psum";
v0000014056e37780_0 .net "clk", 0 0, v0000014056e82620_0;  alias, 1 drivers
v0000014056e37640_0 .net "en_compute", 0 0, L_0000014056eb1298;  alias, 1 drivers
v0000014056e37820_0 .net "in_act", 7 0, L_0000014056f2d9f0;  alias, 1 drivers
v0000014056e3a0c0_0 .net "in_psum", 31 0, L_0000014056f2dad0;  alias, 1 drivers
v0000014056e38f40_0 .net "in_weight", 7 0, L_0000014056f17fe0;  alias, 1 drivers
v0000014056e3ae80_0 .net "load_weight", 0 0, L_0000014056f17c20;  alias, 1 drivers
v0000014056e39080_0 .var "out_act", 7 0;
v0000014056e38a40_0 .var "out_psum", 31 0;
v0000014056e398a0_0 .var/s "reg_weight", 7 0;
v0000014056e3ad40_0 .net "rst_n", 0 0, L_0000014056b6afc0;  alias, 1 drivers
S_0000014056e745a0 .scope generate, "ROW_LOOP[10]" "ROW_LOOP[10]" 9 54, 9 54 0, S_0000014056d859f0;
 .timescale -9 -12;
P_0000014056cfa820 .param/l "r" 0 9 54, +C4<01010>;
S_0000014056e72ca0 .scope generate, "COL_LOOP[0]" "COL_LOOP[0]" 9 55, 9 55 0, S_0000014056e745a0;
 .timescale -9 -12;
P_0000014056cfa1a0 .param/l "c" 0 9 55, +C4<00>;
v0000014056e396c0_0 .net "pe_in_act", 7 0, L_0000014056f16fa0;  1 drivers
v0000014056e3a160_0 .net "pe_in_psum", 31 0, L_0000014056f2db40;  1 drivers
v0000014056e39c60_0 .net "pe_in_weight", 7 0, L_0000014056f16140;  1 drivers
v0000014056e39b20_0 .net "pe_load_en", 0 0, L_0000014056f17cc0;  1 drivers
S_0000014056e740f0 .scope generate, "genblk1" "genblk1" 9 61, 9 61 0, S_0000014056e72ca0;
 .timescale -9 -12;
S_0000014056e721b0 .scope generate, "genblk2" "genblk2" 9 72, 9 72 0, S_0000014056e72ca0;
 .timescale -9 -12;
L_0000014056f2db40 .functor BUFZ 32, v0000014056e2f120_0, C4<00000000000000000000000000000000>, C4<00000000000000000000000000000000>, C4<00000000000000000000000000000000>;
S_0000014056e75090 .scope module, "pe_inst" "pe" 9 91, 10 12 0, S_0000014056e72ca0;
 .timescale 0 0;
    .port_info 0 /INPUT 1 "clk";
    .port_info 1 /INPUT 1 "rst_n";
    .port_info 2 /INPUT 1 "en_compute";
    .port_info 3 /INPUT 1 "load_weight";
    .port_info 4 /INPUT 8 "in_act";
    .port_info 5 /INPUT 8 "in_weight";
    .port_info 6 /INPUT 32 "in_psum";
    .port_info 7 /OUTPUT 8 "out_act";
    .port_info 8 /OUTPUT 32 "out_psum";
v0000014056e391c0_0 .net "clk", 0 0, v0000014056e82620_0;  alias, 1 drivers
v0000014056e3a7a0_0 .net "en_compute", 0 0, L_0000014056eb1298;  alias, 1 drivers
v0000014056e3ade0_0 .net "in_act", 7 0, L_0000014056f16fa0;  alias, 1 drivers
v0000014056e3a340_0 .net "in_psum", 31 0, L_0000014056f2db40;  alias, 1 drivers
v0000014056e39260_0 .net "in_weight", 7 0, L_0000014056f16140;  alias, 1 drivers
v0000014056e39440_0 .net "load_weight", 0 0, L_0000014056f17cc0;  alias, 1 drivers
v0000014056e39a80_0 .var "out_act", 7 0;
v0000014056e394e0_0 .var "out_psum", 31 0;
v0000014056e389a0_0 .var/s "reg_weight", 7 0;
v0000014056e3a5c0_0 .net "rst_n", 0 0, L_0000014056b6afc0;  alias, 1 drivers
S_0000014056e73790 .scope generate, "COL_LOOP[1]" "COL_LOOP[1]" 9 55, 9 55 0, S_0000014056e745a0;
 .timescale -9 -12;
P_0000014056cfa660 .param/l "c" 0 9 55, +C4<01>;
v0000014056e39800_0 .net "pe_in_act", 7 0, L_0000014056f2dbb0;  1 drivers
v0000014056e39ee0_0 .net "pe_in_psum", 31 0, L_0000014056f2dc20;  1 drivers
v0000014056e39f80_0 .net "pe_in_weight", 7 0, L_0000014056f17d60;  1 drivers
v0000014056e3a020_0 .net "pe_load_en", 0 0, L_0000014056f161e0;  1 drivers
S_0000014056e72340 .scope generate, "genblk1" "genblk1" 9 61, 9 61 0, S_0000014056e73790;
 .timescale -9 -12;
L_0000014056f2dbb0 .functor BUFZ 8, v0000014056e39a80_0, C4<00000000>, C4<00000000>, C4<00000000>;
S_0000014056e727f0 .scope generate, "genblk2" "genblk2" 9 72, 9 72 0, S_0000014056e73790;
 .timescale -9 -12;
L_0000014056f2dc20 .functor BUFZ 32, v0000014056e2eb80_0, C4<00000000000000000000000000000000>, C4<00000000000000000000000000000000>, C4<00000000000000000000000000000000>;
S_0000014056e71850 .scope module, "pe_inst" "pe" 9 91, 10 12 0, S_0000014056e73790;
 .timescale 0 0;
    .port_info 0 /INPUT 1 "clk";
    .port_info 1 /INPUT 1 "rst_n";
    .port_info 2 /INPUT 1 "en_compute";
    .port_info 3 /INPUT 1 "load_weight";
    .port_info 4 /INPUT 8 "in_act";
    .port_info 5 /INPUT 8 "in_weight";
    .port_info 6 /INPUT 32 "in_psum";
    .port_info 7 /OUTPUT 8 "out_act";
    .port_info 8 /OUTPUT 32 "out_psum";
v0000014056e39580_0 .net "clk", 0 0, v0000014056e82620_0;  alias, 1 drivers
v0000014056e39620_0 .net "en_compute", 0 0, L_0000014056eb1298;  alias, 1 drivers
v0000014056e39d00_0 .net "in_act", 7 0, L_0000014056f2dbb0;  alias, 1 drivers
v0000014056e39760_0 .net "in_psum", 31 0, L_0000014056f2dc20;  alias, 1 drivers
v0000014056e3af20_0 .net "in_weight", 7 0, L_0000014056f17d60;  alias, 1 drivers
v0000014056e3a8e0_0 .net "load_weight", 0 0, L_0000014056f161e0;  alias, 1 drivers
v0000014056e39940_0 .var "out_act", 7 0;
v0000014056e399e0_0 .var "out_psum", 31 0;
v0000014056e39da0_0 .var/s "reg_weight", 7 0;
v0000014056e38b80_0 .net "rst_n", 0 0, L_0000014056b6afc0;  alias, 1 drivers
S_0000014056e74280 .scope generate, "COL_LOOP[2]" "COL_LOOP[2]" 9 55, 9 55 0, S_0000014056e745a0;
 .timescale -9 -12;
P_0000014056cf9e60 .param/l "c" 0 9 55, +C4<010>;
v0000014056e3a700_0 .net "pe_in_act", 7 0, L_0000014056f2dde0;  1 drivers
v0000014056e3aa20_0 .net "pe_in_psum", 31 0, L_0000014056f2dd00;  1 drivers
v0000014056e3a840_0 .net "pe_in_weight", 7 0, L_0000014056f16780;  1 drivers
v0000014056e3ab60_0 .net "pe_load_en", 0 0, L_0000014056f168c0;  1 drivers
S_0000014056e72020 .scope generate, "genblk1" "genblk1" 9 61, 9 61 0, S_0000014056e74280;
 .timescale -9 -12;
L_0000014056f2dde0 .functor BUFZ 8, v0000014056e39940_0, C4<00000000>, C4<00000000>, C4<00000000>;
S_0000014056e72660 .scope generate, "genblk2" "genblk2" 9 72, 9 72 0, S_0000014056e74280;
 .timescale -9 -12;
L_0000014056f2dd00 .functor BUFZ 32, v0000014056e337c0_0, C4<00000000000000000000000000000000>, C4<00000000000000000000000000000000>, C4<00000000000000000000000000000000>;
S_0000014056e73150 .scope module, "pe_inst" "pe" 9 91, 10 12 0, S_0000014056e74280;
 .timescale 0 0;
    .port_info 0 /INPUT 1 "clk";
    .port_info 1 /INPUT 1 "rst_n";
    .port_info 2 /INPUT 1 "en_compute";
    .port_info 3 /INPUT 1 "load_weight";
    .port_info 4 /INPUT 8 "in_act";
    .port_info 5 /INPUT 8 "in_weight";
    .port_info 6 /INPUT 32 "in_psum";
    .port_info 7 /OUTPUT 8 "out_act";
    .port_info 8 /OUTPUT 32 "out_psum";
v0000014056e3a2a0_0 .net "clk", 0 0, v0000014056e82620_0;  alias, 1 drivers
v0000014056e38ea0_0 .net "en_compute", 0 0, L_0000014056eb1298;  alias, 1 drivers
v0000014056e3aac0_0 .net "in_act", 7 0, L_0000014056f2dde0;  alias, 1 drivers
v0000014056e38c20_0 .net "in_psum", 31 0, L_0000014056f2dd00;  alias, 1 drivers
v0000014056e3afc0_0 .net "in_weight", 7 0, L_0000014056f16780;  alias, 1 drivers
v0000014056e3a3e0_0 .net "load_weight", 0 0, L_0000014056f168c0;  alias, 1 drivers
v0000014056e3a980_0 .var "out_act", 7 0;
v0000014056e3a480_0 .var "out_psum", 31 0;
v0000014056e3a520_0 .var/s "reg_weight", 7 0;
v0000014056e3a660_0 .net "rst_n", 0 0, L_0000014056b6afc0;  alias, 1 drivers
S_0000014056e73c40 .scope generate, "COL_LOOP[3]" "COL_LOOP[3]" 9 55, 9 55 0, S_0000014056e745a0;
 .timescale -9 -12;
P_0000014056cfaae0 .param/l "c" 0 9 55, +C4<011>;
v0000014056e3d720_0 .net "pe_in_act", 7 0, L_0000014056f2dc90;  1 drivers
v0000014056e3b9c0_0 .net "pe_in_psum", 31 0, L_0000014056f2dd70;  1 drivers
v0000014056e3caa0_0 .net "pe_in_weight", 7 0, L_0000014056f16c80;  1 drivers
v0000014056e3cf00_0 .net "pe_load_en", 0 0, L_0000014056f165a0;  1 drivers
S_0000014056e72b10 .scope generate, "genblk1" "genblk1" 9 61, 9 61 0, S_0000014056e73c40;
 .timescale -9 -12;
L_0000014056f2dc90 .functor BUFZ 8, v0000014056e3a980_0, C4<00000000>, C4<00000000>, C4<00000000>;
S_0000014056e74730 .scope generate, "genblk2" "genblk2" 9 72, 9 72 0, S_0000014056e73c40;
 .timescale -9 -12;
L_0000014056f2dd70 .functor BUFZ 32, v0000014056e31b00_0, C4<00000000000000000000000000000000>, C4<00000000000000000000000000000000>, C4<00000000000000000000000000000000>;
S_0000014056e72e30 .scope module, "pe_inst" "pe" 9 91, 10 12 0, S_0000014056e73c40;
 .timescale 0 0;
    .port_info 0 /INPUT 1 "clk";
    .port_info 1 /INPUT 1 "rst_n";
    .port_info 2 /INPUT 1 "en_compute";
    .port_info 3 /INPUT 1 "load_weight";
    .port_info 4 /INPUT 8 "in_act";
    .port_info 5 /INPUT 8 "in_weight";
    .port_info 6 /INPUT 32 "in_psum";
    .port_info 7 /OUTPUT 8 "out_act";
    .port_info 8 /OUTPUT 32 "out_psum";
v0000014056e3b060_0 .net "clk", 0 0, v0000014056e82620_0;  alias, 1 drivers
v0000014056e38900_0 .net "en_compute", 0 0, L_0000014056eb1298;  alias, 1 drivers
v0000014056e38ae0_0 .net "in_act", 7 0, L_0000014056f2dc90;  alias, 1 drivers
v0000014056e3aca0_0 .net "in_psum", 31 0, L_0000014056f2dd70;  alias, 1 drivers
v0000014056e38cc0_0 .net "in_weight", 7 0, L_0000014056f16c80;  alias, 1 drivers
v0000014056e38d60_0 .net "load_weight", 0 0, L_0000014056f165a0;  alias, 1 drivers
v0000014056e38e00_0 .var "out_act", 7 0;
v0000014056e3c820_0 .var "out_psum", 31 0;
v0000014056e3c8c0_0 .var/s "reg_weight", 7 0;
v0000014056e3d860_0 .net "rst_n", 0 0, L_0000014056b6afc0;  alias, 1 drivers
S_0000014056e75220 .scope generate, "COL_LOOP[4]" "COL_LOOP[4]" 9 55, 9 55 0, S_0000014056e745a0;
 .timescale -9 -12;
P_0000014056cf9fa0 .param/l "c" 0 9 55, +C4<0100>;
v0000014056e3d400_0 .net "pe_in_act", 7 0, L_0000014056f2de50;  1 drivers
v0000014056e3d540_0 .net "pe_in_psum", 31 0, L_0000014056f2df30;  1 drivers
v0000014056e3ca00_0 .net "pe_in_weight", 7 0, L_0000014056f16640;  1 drivers
v0000014056e3d040_0 .net "pe_load_en", 0 0, L_0000014056f17e00;  1 drivers
S_0000014056e719e0 .scope generate, "genblk1" "genblk1" 9 61, 9 61 0, S_0000014056e75220;
 .timescale -9 -12;
L_0000014056f2de50 .functor BUFZ 8, v0000014056e38e00_0, C4<00000000>, C4<00000000>, C4<00000000>;
S_0000014056e71210 .scope generate, "genblk2" "genblk2" 9 72, 9 72 0, S_0000014056e75220;
 .timescale -9 -12;
L_0000014056f2df30 .functor BUFZ 32, v0000014056e321e0_0, C4<00000000000000000000000000000000>, C4<00000000000000000000000000000000>, C4<00000000000000000000000000000000>;
S_0000014056e73dd0 .scope module, "pe_inst" "pe" 9 91, 10 12 0, S_0000014056e75220;
 .timescale 0 0;
    .port_info 0 /INPUT 1 "clk";
    .port_info 1 /INPUT 1 "rst_n";
    .port_info 2 /INPUT 1 "en_compute";
    .port_info 3 /INPUT 1 "load_weight";
    .port_info 4 /INPUT 8 "in_act";
    .port_info 5 /INPUT 8 "in_weight";
    .port_info 6 /INPUT 32 "in_psum";
    .port_info 7 /OUTPUT 8 "out_act";
    .port_info 8 /OUTPUT 32 "out_psum";
v0000014056e3d180_0 .net "clk", 0 0, v0000014056e82620_0;  alias, 1 drivers
v0000014056e3c6e0_0 .net "en_compute", 0 0, L_0000014056eb1298;  alias, 1 drivers
v0000014056e3c000_0 .net "in_act", 7 0, L_0000014056f2de50;  alias, 1 drivers
v0000014056e3b740_0 .net "in_psum", 31 0, L_0000014056f2df30;  alias, 1 drivers
v0000014056e3c320_0 .net "in_weight", 7 0, L_0000014056f16640;  alias, 1 drivers
v0000014056e3d220_0 .net "load_weight", 0 0, L_0000014056f17e00;  alias, 1 drivers
v0000014056e3cfa0_0 .var "out_act", 7 0;
v0000014056e3cdc0_0 .var "out_psum", 31 0;
v0000014056e3ba60_0 .var/s "reg_weight", 7 0;
v0000014056e3cb40_0 .net "rst_n", 0 0, L_0000014056b6afc0;  alias, 1 drivers
S_0000014056e73f60 .scope generate, "COL_LOOP[5]" "COL_LOOP[5]" 9 55, 9 55 0, S_0000014056e745a0;
 .timescale -9 -12;
P_0000014056cf9f20 .param/l "c" 0 9 55, +C4<0101>;
v0000014056e3b240_0 .net "pe_in_act", 7 0, L_0000014056f2dfa0;  1 drivers
v0000014056e3c5a0_0 .net "pe_in_psum", 31 0, L_0000014056f2d910;  1 drivers
v0000014056e3cbe0_0 .net "pe_in_weight", 7 0, L_0000014056f16820;  1 drivers
v0000014056e3b880_0 .net "pe_load_en", 0 0, L_0000014056f166e0;  1 drivers
S_0000014056e748c0 .scope generate, "genblk1" "genblk1" 9 61, 9 61 0, S_0000014056e73f60;
 .timescale -9 -12;
L_0000014056f2dfa0 .functor BUFZ 8, v0000014056e3cfa0_0, C4<00000000>, C4<00000000>, C4<00000000>;
S_0000014056e753b0 .scope generate, "genblk2" "genblk2" 9 72, 9 72 0, S_0000014056e73f60;
 .timescale -9 -12;
L_0000014056f2d910 .functor BUFZ 32, v0000014056e31600_0, C4<00000000000000000000000000000000>, C4<00000000000000000000000000000000>, C4<00000000000000000000000000000000>;
S_0000014056e713a0 .scope module, "pe_inst" "pe" 9 91, 10 12 0, S_0000014056e73f60;
 .timescale 0 0;
    .port_info 0 /INPUT 1 "clk";
    .port_info 1 /INPUT 1 "rst_n";
    .port_info 2 /INPUT 1 "en_compute";
    .port_info 3 /INPUT 1 "load_weight";
    .port_info 4 /INPUT 8 "in_act";
    .port_info 5 /INPUT 8 "in_weight";
    .port_info 6 /INPUT 32 "in_psum";
    .port_info 7 /OUTPUT 8 "out_act";
    .port_info 8 /OUTPUT 32 "out_psum";
v0000014056e3c500_0 .net "clk", 0 0, v0000014056e82620_0;  alias, 1 drivers
v0000014056e3ce60_0 .net "en_compute", 0 0, L_0000014056eb1298;  alias, 1 drivers
v0000014056e3bc40_0 .net "in_act", 7 0, L_0000014056f2dfa0;  alias, 1 drivers
v0000014056e3d7c0_0 .net "in_psum", 31 0, L_0000014056f2d910;  alias, 1 drivers
v0000014056e3b100_0 .net "in_weight", 7 0, L_0000014056f16820;  alias, 1 drivers
v0000014056e3d4a0_0 .net "load_weight", 0 0, L_0000014056f166e0;  alias, 1 drivers
v0000014056e3b1a0_0 .var "out_act", 7 0;
v0000014056e3d2c0_0 .var "out_psum", 31 0;
v0000014056e3bd80_0 .var/s "reg_weight", 7 0;
v0000014056e3bce0_0 .net "rst_n", 0 0, L_0000014056b6afc0;  alias, 1 drivers
S_0000014056e732e0 .scope generate, "COL_LOOP[6]" "COL_LOOP[6]" 9 55, 9 55 0, S_0000014056e745a0;
 .timescale -9 -12;
P_0000014056cfa920 .param/l "c" 0 9 55, +C4<0110>;
v0000014056e3c140_0 .net "pe_in_act", 7 0, L_0000014056f2b990;  1 drivers
v0000014056e3b380_0 .net "pe_in_psum", 31 0, L_0000014056f2a810;  1 drivers
v0000014056e3d0e0_0 .net "pe_in_weight", 7 0, L_0000014056f16f00;  1 drivers
v0000014056e3d360_0 .net "pe_load_en", 0 0, L_0000014056f16a00;  1 drivers
S_0000014056e71e90 .scope generate, "genblk1" "genblk1" 9 61, 9 61 0, S_0000014056e732e0;
 .timescale -9 -12;
L_0000014056f2b990 .functor BUFZ 8, v0000014056e3b1a0_0, C4<00000000>, C4<00000000>, C4<00000000>;
S_0000014056e75540 .scope generate, "genblk2" "genblk2" 9 72, 9 72 0, S_0000014056e732e0;
 .timescale -9 -12;
L_0000014056f2a810 .functor BUFZ 32, v0000014056e32b40_0, C4<00000000000000000000000000000000>, C4<00000000000000000000000000000000>, C4<00000000000000000000000000000000>;
S_0000014056e73470 .scope module, "pe_inst" "pe" 9 91, 10 12 0, S_0000014056e732e0;
 .timescale 0 0;
    .port_info 0 /INPUT 1 "clk";
    .port_info 1 /INPUT 1 "rst_n";
    .port_info 2 /INPUT 1 "en_compute";
    .port_info 3 /INPUT 1 "load_weight";
    .port_info 4 /INPUT 8 "in_act";
    .port_info 5 /INPUT 8 "in_weight";
    .port_info 6 /INPUT 32 "in_psum";
    .port_info 7 /OUTPUT 8 "out_act";
    .port_info 8 /OUTPUT 32 "out_psum";
v0000014056e3cc80_0 .net "clk", 0 0, v0000014056e82620_0;  alias, 1 drivers
v0000014056e3c640_0 .net "en_compute", 0 0, L_0000014056eb1298;  alias, 1 drivers
v0000014056e3bb00_0 .net "in_act", 7 0, L_0000014056f2b990;  alias, 1 drivers
v0000014056e3c780_0 .net "in_psum", 31 0, L_0000014056f2a810;  alias, 1 drivers
v0000014056e3d5e0_0 .net "in_weight", 7 0, L_0000014056f16f00;  alias, 1 drivers
v0000014056e3b920_0 .net "load_weight", 0 0, L_0000014056f16a00;  alias, 1 drivers
v0000014056e3bba0_0 .var "out_act", 7 0;
v0000014056e3b7e0_0 .var "out_psum", 31 0;
v0000014056e3be20_0 .var/s "reg_weight", 7 0;
v0000014056e3c0a0_0 .net "rst_n", 0 0, L_0000014056b6afc0;  alias, 1 drivers
S_0000014056e71530 .scope generate, "COL_LOOP[7]" "COL_LOOP[7]" 9 55, 9 55 0, S_0000014056e745a0;
 .timescale -9 -12;
P_0000014056cfa320 .param/l "c" 0 9 55, +C4<0111>;
v0000014056e3b6a0_0 .net "pe_in_act", 7 0, L_0000014056f2a570;  1 drivers
v0000014056e3f340_0 .net "pe_in_psum", 31 0, L_0000014056f2a9d0;  1 drivers
v0000014056e3f0c0_0 .net "pe_in_weight", 7 0, L_0000014056f17ea0;  1 drivers
v0000014056e40060_0 .net "pe_load_en", 0 0, L_0000014056f16000;  1 drivers
S_0000014056e756d0 .scope generate, "genblk1" "genblk1" 9 61, 9 61 0, S_0000014056e71530;
 .timescale -9 -12;
L_0000014056f2a570 .functor BUFZ 8, v0000014056e3bba0_0, C4<00000000>, C4<00000000>, C4<00000000>;
S_0000014056e74be0 .scope generate, "genblk2" "genblk2" 9 72, 9 72 0, S_0000014056e71530;
 .timescale -9 -12;
L_0000014056f2a9d0 .functor BUFZ 32, v0000014056e34bc0_0, C4<00000000000000000000000000000000>, C4<00000000000000000000000000000000>, C4<00000000000000000000000000000000>;
S_0000014056e73600 .scope module, "pe_inst" "pe" 9 91, 10 12 0, S_0000014056e71530;
 .timescale 0 0;
    .port_info 0 /INPUT 1 "clk";
    .port_info 1 /INPUT 1 "rst_n";
    .port_info 2 /INPUT 1 "en_compute";
    .port_info 3 /INPUT 1 "load_weight";
    .port_info 4 /INPUT 8 "in_act";
    .port_info 5 /INPUT 8 "in_weight";
    .port_info 6 /INPUT 32 "in_psum";
    .port_info 7 /OUTPUT 8 "out_act";
    .port_info 8 /OUTPUT 32 "out_psum";
v0000014056e3c3c0_0 .net "clk", 0 0, v0000014056e82620_0;  alias, 1 drivers
v0000014056e3b560_0 .net "en_compute", 0 0, L_0000014056eb1298;  alias, 1 drivers
v0000014056e3c1e0_0 .net "in_act", 7 0, L_0000014056f2a570;  alias, 1 drivers
v0000014056e3c280_0 .net "in_psum", 31 0, L_0000014056f2a9d0;  alias, 1 drivers
v0000014056e3c460_0 .net "in_weight", 7 0, L_0000014056f17ea0;  alias, 1 drivers
v0000014056e3c960_0 .net "load_weight", 0 0, L_0000014056f16000;  alias, 1 drivers
v0000014056e3b2e0_0 .var "out_act", 7 0;
v0000014056e3b420_0 .var "out_psum", 31 0;
v0000014056e3b4c0_0 .var/s "reg_weight", 7 0;
v0000014056e3b600_0 .net "rst_n", 0 0, L_0000014056b6afc0;  alias, 1 drivers
S_0000014056e716c0 .scope generate, "COL_LOOP[8]" "COL_LOOP[8]" 9 55, 9 55 0, S_0000014056e745a0;
 .timescale -9 -12;
P_0000014056cfa960 .param/l "c" 0 9 55, +C4<01000>;
v0000014056e3f160_0 .net "pe_in_act", 7 0, L_0000014056f2a960;  1 drivers
v0000014056e3ebc0_0 .net "pe_in_psum", 31 0, L_0000014056f2b450;  1 drivers
v0000014056e3eb20_0 .net "pe_in_weight", 7 0, L_0000014056f15ec0;  1 drivers
v0000014056e3da40_0 .net "pe_load_en", 0 0, L_0000014056f16b40;  1 drivers
S_0000014056e75860 .scope generate, "genblk1" "genblk1" 9 61, 9 61 0, S_0000014056e716c0;
 .timescale -9 -12;
L_0000014056f2a960 .functor BUFZ 8, v0000014056e3b2e0_0, C4<00000000>, C4<00000000>, C4<00000000>;
S_0000014056e759f0 .scope generate, "genblk2" "genblk2" 9 72, 9 72 0, S_0000014056e716c0;
 .timescale -9 -12;
L_0000014056f2b450 .functor BUFZ 32, v0000014056e33e00_0, C4<00000000000000000000000000000000>, C4<00000000000000000000000000000000>, C4<00000000000000000000000000000000>;
S_0000014056e75b80 .scope module, "pe_inst" "pe" 9 91, 10 12 0, S_0000014056e716c0;
 .timescale 0 0;
    .port_info 0 /INPUT 1 "clk";
    .port_info 1 /INPUT 1 "rst_n";
    .port_info 2 /INPUT 1 "en_compute";
    .port_info 3 /INPUT 1 "load_weight";
    .port_info 4 /INPUT 8 "in_act";
    .port_info 5 /INPUT 8 "in_weight";
    .port_info 6 /INPUT 32 "in_psum";
    .port_info 7 /OUTPUT 8 "out_act";
    .port_info 8 /OUTPUT 32 "out_psum";
v0000014056e3f5c0_0 .net "clk", 0 0, v0000014056e82620_0;  alias, 1 drivers
v0000014056e3f980_0 .net "en_compute", 0 0, L_0000014056eb1298;  alias, 1 drivers
v0000014056e3f3e0_0 .net "in_act", 7 0, L_0000014056f2a960;  alias, 1 drivers
v0000014056e3dcc0_0 .net "in_psum", 31 0, L_0000014056f2b450;  alias, 1 drivers
v0000014056e3e080_0 .net "in_weight", 7 0, L_0000014056f15ec0;  alias, 1 drivers
v0000014056e3f660_0 .net "load_weight", 0 0, L_0000014056f16b40;  alias, 1 drivers
v0000014056e3dae0_0 .var "out_act", 7 0;
v0000014056e3d900_0 .var "out_psum", 31 0;
v0000014056e3f700_0 .var/s "reg_weight", 7 0;
v0000014056e3e120_0 .net "rst_n", 0 0, L_0000014056b6afc0;  alias, 1 drivers
S_0000014056e71b70 .scope generate, "COL_LOOP[9]" "COL_LOOP[9]" 9 55, 9 55 0, S_0000014056e745a0;
 .timescale -9 -12;
P_0000014056cfa620 .param/l "c" 0 9 55, +C4<01001>;
v0000014056e3e1c0_0 .net "pe_in_act", 7 0, L_0000014056f2a880;  1 drivers
v0000014056e3fd40_0 .net "pe_in_psum", 31 0, L_0000014056f2b4c0;  1 drivers
v0000014056e3e300_0 .net "pe_in_weight", 7 0, L_0000014056f18080;  1 drivers
v0000014056e3eda0_0 .net "pe_load_en", 0 0, L_0000014056f170e0;  1 drivers
S_0000014056e75d10 .scope generate, "genblk1" "genblk1" 9 61, 9 61 0, S_0000014056e71b70;
 .timescale -9 -12;
L_0000014056f2a880 .functor BUFZ 8, v0000014056e3dae0_0, C4<00000000>, C4<00000000>, C4<00000000>;
S_0000014056e71d00 .scope generate, "genblk2" "genblk2" 9 72, 9 72 0, S_0000014056e71b70;
 .timescale -9 -12;
L_0000014056f2b4c0 .functor BUFZ 32, v0000014056e33fe0_0, C4<00000000000000000000000000000000>, C4<00000000000000000000000000000000>, C4<00000000000000000000000000000000>;
S_0000014056e75ea0 .scope module, "pe_inst" "pe" 9 91, 10 12 0, S_0000014056e71b70;
 .timescale 0 0;
    .port_info 0 /INPUT 1 "clk";
    .port_info 1 /INPUT 1 "rst_n";
    .port_info 2 /INPUT 1 "en_compute";
    .port_info 3 /INPUT 1 "load_weight";
    .port_info 4 /INPUT 8 "in_act";
    .port_info 5 /INPUT 8 "in_weight";
    .port_info 6 /INPUT 32 "in_psum";
    .port_info 7 /OUTPUT 8 "out_act";
    .port_info 8 /OUTPUT 32 "out_psum";
v0000014056e3dd60_0 .net "clk", 0 0, v0000014056e82620_0;  alias, 1 drivers
v0000014056e3df40_0 .net "en_compute", 0 0, L_0000014056eb1298;  alias, 1 drivers
v0000014056e3f2a0_0 .net "in_act", 7 0, L_0000014056f2a880;  alias, 1 drivers
v0000014056e3ff20_0 .net "in_psum", 31 0, L_0000014056f2b4c0;  alias, 1 drivers
v0000014056e3fc00_0 .net "in_weight", 7 0, L_0000014056f18080;  alias, 1 drivers
v0000014056e3f840_0 .net "load_weight", 0 0, L_0000014056f170e0;  alias, 1 drivers
v0000014056e3e940_0 .var "out_act", 7 0;
v0000014056e3e8a0_0 .var "out_psum", 31 0;
v0000014056e3e800_0 .var/s "reg_weight", 7 0;
v0000014056e3f520_0 .net "rst_n", 0 0, L_0000014056b6afc0;  alias, 1 drivers
S_0000014056e76030 .scope generate, "COL_LOOP[10]" "COL_LOOP[10]" 9 55, 9 55 0, S_0000014056e745a0;
 .timescale -9 -12;
P_0000014056cf9e20 .param/l "c" 0 9 55, +C4<01010>;
v0000014056e3d9a0_0 .net "pe_in_act", 7 0, L_0000014056f2b530;  1 drivers
v0000014056e3db80_0 .net "pe_in_psum", 31 0, L_0000014056f2ab90;  1 drivers
v0000014056e3ee40_0 .net "pe_in_weight", 7 0, L_0000014056f15920;  1 drivers
v0000014056e3f200_0 .net "pe_load_en", 0 0, L_0000014056f17180;  1 drivers
S_0000014056e76670 .scope generate, "genblk1" "genblk1" 9 61, 9 61 0, S_0000014056e76030;
 .timescale -9 -12;
L_0000014056f2b530 .functor BUFZ 8, v0000014056e3e940_0, C4<00000000>, C4<00000000>, C4<00000000>;
S_0000014056e761c0 .scope generate, "genblk2" "genblk2" 9 72, 9 72 0, S_0000014056e76030;
 .timescale -9 -12;
L_0000014056f2ab90 .functor BUFZ 32, v0000014056e33a40_0, C4<00000000000000000000000000000000>, C4<00000000000000000000000000000000>, C4<00000000000000000000000000000000>;
S_0000014056e76b20 .scope module, "pe_inst" "pe" 9 91, 10 12 0, S_0000014056e76030;
 .timescale 0 0;
    .port_info 0 /INPUT 1 "clk";
    .port_info 1 /INPUT 1 "rst_n";
    .port_info 2 /INPUT 1 "en_compute";
    .port_info 3 /INPUT 1 "load_weight";
    .port_info 4 /INPUT 8 "in_act";
    .port_info 5 /INPUT 8 "in_weight";
    .port_info 6 /INPUT 32 "in_psum";
    .port_info 7 /OUTPUT 8 "out_act";
    .port_info 8 /OUTPUT 32 "out_psum";
v0000014056e3dea0_0 .net "clk", 0 0, v0000014056e82620_0;  alias, 1 drivers
v0000014056e3fac0_0 .net "en_compute", 0 0, L_0000014056eb1298;  alias, 1 drivers
v0000014056e3f480_0 .net "in_act", 7 0, L_0000014056f2b530;  alias, 1 drivers
v0000014056e3ec60_0 .net "in_psum", 31 0, L_0000014056f2ab90;  alias, 1 drivers
v0000014056e3dfe0_0 .net "in_weight", 7 0, L_0000014056f15920;  alias, 1 drivers
v0000014056e3f8e0_0 .net "load_weight", 0 0, L_0000014056f17180;  alias, 1 drivers
v0000014056e3de00_0 .var "out_act", 7 0;
v0000014056e3fe80_0 .var "out_psum", 31 0;
v0000014056e3f7a0_0 .var/s "reg_weight", 7 0;
v0000014056e3fa20_0 .net "rst_n", 0 0, L_0000014056b6afc0;  alias, 1 drivers
S_0000014056e76350 .scope generate, "COL_LOOP[11]" "COL_LOOP[11]" 9 55, 9 55 0, S_0000014056e745a0;
 .timescale -9 -12;
P_0000014056cfa5e0 .param/l "c" 0 9 55, +C4<01011>;
v0000014056e3ed00_0 .net "pe_in_act", 7 0, L_0000014056f2a2d0;  1 drivers
v0000014056e3e6c0_0 .net "pe_in_psum", 31 0, L_0000014056f2b5a0;  1 drivers
v0000014056e3e760_0 .net "pe_in_weight", 7 0, L_0000014056f159c0;  1 drivers
v0000014056e3ea80_0 .net "pe_load_en", 0 0, L_0000014056f17220;  1 drivers
S_0000014056e764e0 .scope generate, "genblk1" "genblk1" 9 61, 9 61 0, S_0000014056e76350;
 .timescale -9 -12;
L_0000014056f2a2d0 .functor BUFZ 8, v0000014056e3de00_0, C4<00000000>, C4<00000000>, C4<00000000>;
S_0000014056e76800 .scope generate, "genblk2" "genblk2" 9 72, 9 72 0, S_0000014056e76350;
 .timescale -9 -12;
L_0000014056f2b5a0 .functor BUFZ 32, v0000014056e36880_0, C4<00000000000000000000000000000000>, C4<00000000000000000000000000000000>, C4<00000000000000000000000000000000>;
S_0000014056e76990 .scope module, "pe_inst" "pe" 9 91, 10 12 0, S_0000014056e76350;
 .timescale 0 0;
    .port_info 0 /INPUT 1 "clk";
    .port_info 1 /INPUT 1 "rst_n";
    .port_info 2 /INPUT 1 "en_compute";
    .port_info 3 /INPUT 1 "load_weight";
    .port_info 4 /INPUT 8 "in_act";
    .port_info 5 /INPUT 8 "in_weight";
    .port_info 6 /INPUT 32 "in_psum";
    .port_info 7 /OUTPUT 8 "out_act";
    .port_info 8 /OUTPUT 32 "out_psum";
v0000014056e3fb60_0 .net "clk", 0 0, v0000014056e82620_0;  alias, 1 drivers
v0000014056e3ef80_0 .net "en_compute", 0 0, L_0000014056eb1298;  alias, 1 drivers
v0000014056e3dc20_0 .net "in_act", 7 0, L_0000014056f2a2d0;  alias, 1 drivers
v0000014056e3e3a0_0 .net "in_psum", 31 0, L_0000014056f2b5a0;  alias, 1 drivers
v0000014056e3fca0_0 .net "in_weight", 7 0, L_0000014056f159c0;  alias, 1 drivers
v0000014056e3eee0_0 .net "load_weight", 0 0, L_0000014056f17220;  alias, 1 drivers
v0000014056e3fde0_0 .var "out_act", 7 0;
v0000014056e3e440_0 .var "out_psum", 31 0;
v0000014056e3e580_0 .var/s "reg_weight", 7 0;
v0000014056e3e620_0 .net "rst_n", 0 0, L_0000014056b6afc0;  alias, 1 drivers
S_0000014056e76cb0 .scope generate, "COL_LOOP[12]" "COL_LOOP[12]" 9 55, 9 55 0, S_0000014056e745a0;
 .timescale -9 -12;
P_0000014056cfab20 .param/l "c" 0 9 55, +C4<01100>;
v0000014056e41be0_0 .net "pe_in_act", 7 0, L_0000014056f2bbc0;  1 drivers
v0000014056e40a60_0 .net "pe_in_psum", 31 0, L_0000014056f2aea0;  1 drivers
v0000014056e416e0_0 .net "pe_in_weight", 7 0, L_0000014056f15a60;  1 drivers
v0000014056e42860_0 .net "pe_load_en", 0 0, L_0000014056f15ba0;  1 drivers
S_0000014056e76e40 .scope generate, "genblk1" "genblk1" 9 61, 9 61 0, S_0000014056e76cb0;
 .timescale -9 -12;
L_0000014056f2bbc0 .functor BUFZ 8, v0000014056e3fde0_0, C4<00000000>, C4<00000000>, C4<00000000>;
S_0000014056e76fd0 .scope generate, "genblk2" "genblk2" 9 72, 9 72 0, S_0000014056e76cb0;
 .timescale -9 -12;
L_0000014056f2aea0 .functor BUFZ 32, v0000014056e36920_0, C4<00000000000000000000000000000000>, C4<00000000000000000000000000000000>, C4<00000000000000000000000000000000>;
S_0000014056e77160 .scope module, "pe_inst" "pe" 9 91, 10 12 0, S_0000014056e76cb0;
 .timescale 0 0;
    .port_info 0 /INPUT 1 "clk";
    .port_info 1 /INPUT 1 "rst_n";
    .port_info 2 /INPUT 1 "en_compute";
    .port_info 3 /INPUT 1 "load_weight";
    .port_info 4 /INPUT 8 "in_act";
    .port_info 5 /INPUT 8 "in_weight";
    .port_info 6 /INPUT 32 "in_psum";
    .port_info 7 /OUTPUT 8 "out_act";
    .port_info 8 /OUTPUT 32 "out_psum";
v0000014056e420e0_0 .net "clk", 0 0, v0000014056e82620_0;  alias, 1 drivers
v0000014056e40740_0 .net "en_compute", 0 0, L_0000014056eb1298;  alias, 1 drivers
v0000014056e401a0_0 .net "in_act", 7 0, L_0000014056f2bbc0;  alias, 1 drivers
v0000014056e40f60_0 .net "in_psum", 31 0, L_0000014056f2aea0;  alias, 1 drivers
v0000014056e40c40_0 .net "in_weight", 7 0, L_0000014056f15a60;  alias, 1 drivers
v0000014056e42180_0 .net "load_weight", 0 0, L_0000014056f15ba0;  alias, 1 drivers
v0000014056e415a0_0 .var "out_act", 7 0;
v0000014056e40ec0_0 .var "out_psum", 31 0;
v0000014056e422c0_0 .var/s "reg_weight", 7 0;
v0000014056e407e0_0 .net "rst_n", 0 0, L_0000014056b6afc0;  alias, 1 drivers
S_0000014056e772f0 .scope generate, "COL_LOOP[13]" "COL_LOOP[13]" 9 55, 9 55 0, S_0000014056e745a0;
 .timescale -9 -12;
P_0000014056cf9f60 .param/l "c" 0 9 55, +C4<01101>;
v0000014056e41320_0 .net "pe_in_act", 7 0, L_0000014056f2a3b0;  1 drivers
v0000014056e40ba0_0 .net "pe_in_psum", 31 0, L_0000014056f2b060;  1 drivers
v0000014056e40e20_0 .net "pe_in_weight", 7 0, L_0000014056f15c40;  1 drivers
v0000014056e41e60_0 .net "pe_load_en", 0 0, L_0000014056f15e20;  1 drivers
S_0000014056e7a9a0 .scope generate, "genblk1" "genblk1" 9 61, 9 61 0, S_0000014056e772f0;
 .timescale -9 -12;
L_0000014056f2a3b0 .functor BUFZ 8, v0000014056e415a0_0, C4<00000000>, C4<00000000>, C4<00000000>;
S_0000014056e77f70 .scope generate, "genblk2" "genblk2" 9 72, 9 72 0, S_0000014056e772f0;
 .timescale -9 -12;
L_0000014056f2b060 .functor BUFZ 32, v0000014056e37960_0, C4<00000000000000000000000000000000>, C4<00000000000000000000000000000000>, C4<00000000000000000000000000000000>;
S_0000014056e788d0 .scope module, "pe_inst" "pe" 9 91, 10 12 0, S_0000014056e772f0;
 .timescale 0 0;
    .port_info 0 /INPUT 1 "clk";
    .port_info 1 /INPUT 1 "rst_n";
    .port_info 2 /INPUT 1 "en_compute";
    .port_info 3 /INPUT 1 "load_weight";
    .port_info 4 /INPUT 8 "in_act";
    .port_info 5 /INPUT 8 "in_weight";
    .port_info 6 /INPUT 32 "in_psum";
    .port_info 7 /OUTPUT 8 "out_act";
    .port_info 8 /OUTPUT 32 "out_psum";
v0000014056e41140_0 .net "clk", 0 0, v0000014056e82620_0;  alias, 1 drivers
v0000014056e41780_0 .net "en_compute", 0 0, L_0000014056eb1298;  alias, 1 drivers
v0000014056e410a0_0 .net "in_act", 7 0, L_0000014056f2a3b0;  alias, 1 drivers
v0000014056e40ce0_0 .net "in_psum", 31 0, L_0000014056f2b060;  alias, 1 drivers
v0000014056e40d80_0 .net "in_weight", 7 0, L_0000014056f15c40;  alias, 1 drivers
v0000014056e41000_0 .net "load_weight", 0 0, L_0000014056f15e20;  alias, 1 drivers
v0000014056e411e0_0 .var "out_act", 7 0;
v0000014056e42720_0 .var "out_psum", 31 0;
v0000014056e413c0_0 .var/s "reg_weight", 7 0;
v0000014056e42400_0 .net "rst_n", 0 0, L_0000014056b6afc0;  alias, 1 drivers
S_0000014056e7a1d0 .scope generate, "COL_LOOP[14]" "COL_LOOP[14]" 9 55, 9 55 0, S_0000014056e745a0;
 .timescale -9 -12;
P_0000014056cfa060 .param/l "c" 0 9 55, +C4<01110>;
v0000014056e41960_0 .net "pe_in_act", 7 0, L_0000014056f2a340;  1 drivers
v0000014056e42220_0 .net "pe_in_psum", 31 0, L_0000014056f2a5e0;  1 drivers
v0000014056e41d20_0 .net "pe_in_weight", 7 0, L_0000014056f15f60;  1 drivers
v0000014056e406a0_0 .net "pe_load_en", 0 0, L_0000014056f19160;  1 drivers
S_0000014056e7b300 .scope generate, "genblk1" "genblk1" 9 61, 9 61 0, S_0000014056e7a1d0;
 .timescale -9 -12;
L_0000014056f2a340 .functor BUFZ 8, v0000014056e411e0_0, C4<00000000>, C4<00000000>, C4<00000000>;
S_0000014056e77930 .scope generate, "genblk2" "genblk2" 9 72, 9 72 0, S_0000014056e7a1d0;
 .timescale -9 -12;
L_0000014056f2a5e0 .functor BUFZ 32, v0000014056e36100_0, C4<00000000000000000000000000000000>, C4<00000000000000000000000000000000>, C4<00000000000000000000000000000000>;
S_0000014056e7b170 .scope module, "pe_inst" "pe" 9 91, 10 12 0, S_0000014056e7a1d0;
 .timescale 0 0;
    .port_info 0 /INPUT 1 "clk";
    .port_info 1 /INPUT 1 "rst_n";
    .port_info 2 /INPUT 1 "en_compute";
    .port_info 3 /INPUT 1 "load_weight";
    .port_info 4 /INPUT 8 "in_act";
    .port_info 5 /INPUT 8 "in_weight";
    .port_info 6 /INPUT 32 "in_psum";
    .port_info 7 /OUTPUT 8 "out_act";
    .port_info 8 /OUTPUT 32 "out_psum";
v0000014056e41280_0 .net "clk", 0 0, v0000014056e82620_0;  alias, 1 drivers
v0000014056e40880_0 .net "en_compute", 0 0, L_0000014056eb1298;  alias, 1 drivers
v0000014056e41c80_0 .net "in_act", 7 0, L_0000014056f2a340;  alias, 1 drivers
v0000014056e41820_0 .net "in_psum", 31 0, L_0000014056f2a5e0;  alias, 1 drivers
v0000014056e41460_0 .net "in_weight", 7 0, L_0000014056f15f60;  alias, 1 drivers
v0000014056e41500_0 .net "load_weight", 0 0, L_0000014056f19160;  alias, 1 drivers
v0000014056e40380_0 .var "out_act", 7 0;
v0000014056e418c0_0 .var "out_psum", 31 0;
v0000014056e41f00_0 .var/s "reg_weight", 7 0;
v0000014056e40420_0 .net "rst_n", 0 0, L_0000014056b6afc0;  alias, 1 drivers
S_0000014056e7ab30 .scope generate, "COL_LOOP[15]" "COL_LOOP[15]" 9 55, 9 55 0, S_0000014056e745a0;
 .timescale -9 -12;
P_0000014056cfa0e0 .param/l "c" 0 9 55, +C4<01111>;
v0000014056e41dc0_0 .net "pe_in_act", 7 0, L_0000014056f2b680;  1 drivers
v0000014056e425e0_0 .net "pe_in_psum", 31 0, L_0000014056f2b290;  1 drivers
v0000014056e427c0_0 .net "pe_in_weight", 7 0, L_0000014056f183a0;  1 drivers
v0000014056e40100_0 .net "pe_load_en", 0 0, L_0000014056f1a1a0;  1 drivers
S_0000014056e7b490 .scope generate, "genblk1" "genblk1" 9 61, 9 61 0, S_0000014056e7ab30;
 .timescale -9 -12;
L_0000014056f2b680 .functor BUFZ 8, v0000014056e40380_0, C4<00000000>, C4<00000000>, C4<00000000>;
S_0000014056e77ac0 .scope generate, "genblk2" "genblk2" 9 72, 9 72 0, S_0000014056e7ab30;
 .timescale -9 -12;
L_0000014056f2b290 .functor BUFZ 32, v0000014056e38a40_0, C4<00000000000000000000000000000000>, C4<00000000000000000000000000000000>, C4<00000000000000000000000000000000>;
S_0000014056e7a810 .scope module, "pe_inst" "pe" 9 91, 10 12 0, S_0000014056e7ab30;
 .timescale 0 0;
    .port_info 0 /INPUT 1 "clk";
    .port_info 1 /INPUT 1 "rst_n";
    .port_info 2 /INPUT 1 "en_compute";
    .port_info 3 /INPUT 1 "load_weight";
    .port_info 4 /INPUT 8 "in_act";
    .port_info 5 /INPUT 8 "in_weight";
    .port_info 6 /INPUT 32 "in_psum";
    .port_info 7 /OUTPUT 8 "out_act";
    .port_info 8 /OUTPUT 32 "out_psum";
v0000014056e42680_0 .net "clk", 0 0, v0000014056e82620_0;  alias, 1 drivers
v0000014056e41a00_0 .net "en_compute", 0 0, L_0000014056eb1298;  alias, 1 drivers
v0000014056e404c0_0 .net "in_act", 7 0, L_0000014056f2b680;  alias, 1 drivers
v0000014056e42360_0 .net "in_psum", 31 0, L_0000014056f2b290;  alias, 1 drivers
v0000014056e40560_0 .net "in_weight", 7 0, L_0000014056f183a0;  alias, 1 drivers
v0000014056e41aa0_0 .net "load_weight", 0 0, L_0000014056f1a1a0;  alias, 1 drivers
v0000014056e42040_0 .var "out_act", 7 0;
v0000014056e424a0_0 .var "out_psum", 31 0;
v0000014056e42540_0 .var/s "reg_weight", 7 0;
v0000014056e41b40_0 .net "rst_n", 0 0, L_0000014056b6afc0;  alias, 1 drivers
S_0000014056e77480 .scope generate, "ROW_LOOP[11]" "ROW_LOOP[11]" 9 54, 9 54 0, S_0000014056d859f0;
 .timescale -9 -12;
P_0000014056cfa460 .param/l "r" 0 9 54, +C4<01011>;
S_0000014056e7b620 .scope generate, "COL_LOOP[0]" "COL_LOOP[0]" 9 55, 9 55 0, S_0000014056e77480;
 .timescale -9 -12;
P_0000014056cf9fe0 .param/l "c" 0 9 55, +C4<00>;
v0000014056e438a0_0 .net "pe_in_act", 7 0, L_0000014056f19ca0;  1 drivers
v0000014056e43f80_0 .net "pe_in_psum", 31 0, L_0000014056f2bc30;  1 drivers
v0000014056e436c0_0 .net "pe_in_weight", 7 0, L_0000014056f19ac0;  1 drivers
v0000014056e440c0_0 .net "pe_load_en", 0 0, L_0000014056f189e0;  1 drivers
S_0000014056e7a040 .scope generate, "genblk1" "genblk1" 9 61, 9 61 0, S_0000014056e7b620;
 .timescale -9 -12;
S_0000014056e77610 .scope generate, "genblk2" "genblk2" 9 72, 9 72 0, S_0000014056e7b620;
 .timescale -9 -12;
L_0000014056f2bc30 .functor BUFZ 32, v0000014056e394e0_0, C4<00000000000000000000000000000000>, C4<00000000000000000000000000000000>, C4<00000000000000000000000000000000>;
S_0000014056e7b7b0 .scope generate, "genblk3" "genblk3" 9 106, 9 106 0, S_0000014056e7b620;
 .timescale -9 -12;
L_0000014056f2b0d0 .functor BUFZ 32, v0000014056e42cc0_0, C4<00000000000000000000000000000000>, C4<00000000000000000000000000000000>, C4<00000000000000000000000000000000>;
v0000014056e40240_0 .net *"_ivl_2", 31 0, L_0000014056f2b0d0;  1 drivers
S_0000014056e7a680 .scope module, "pe_inst" "pe" 9 91, 10 12 0, S_0000014056e7b620;
 .timescale 0 0;
    .port_info 0 /INPUT 1 "clk";
    .port_info 1 /INPUT 1 "rst_n";
    .port_info 2 /INPUT 1 "en_compute";
    .port_info 3 /INPUT 1 "load_weight";
    .port_info 4 /INPUT 8 "in_act";
    .port_info 5 /INPUT 8 "in_weight";
    .port_info 6 /INPUT 32 "in_psum";
    .port_info 7 /OUTPUT 8 "out_act";
    .port_info 8 /OUTPUT 32 "out_psum";
v0000014056e40600_0 .net "clk", 0 0, v0000014056e82620_0;  alias, 1 drivers
v0000014056e40920_0 .net "en_compute", 0 0, L_0000014056eb1298;  alias, 1 drivers
v0000014056e409c0_0 .net "in_act", 7 0, L_0000014056f19ca0;  alias, 1 drivers
v0000014056e42900_0 .net "in_psum", 31 0, L_0000014056f2bc30;  alias, 1 drivers
v0000014056e44fc0_0 .net "in_weight", 7 0, L_0000014056f19ac0;  alias, 1 drivers
v0000014056e43da0_0 .net "load_weight", 0 0, L_0000014056f189e0;  alias, 1 drivers
v0000014056e43580_0 .var "out_act", 7 0;
v0000014056e42cc0_0 .var "out_psum", 31 0;
v0000014056e43080_0 .var/s "reg_weight", 7 0;
v0000014056e44660_0 .net "rst_n", 0 0, L_0000014056b6afc0;  alias, 1 drivers
S_0000014056e78a60 .scope generate, "COL_LOOP[1]" "COL_LOOP[1]" 9 55, 9 55 0, S_0000014056e77480;
 .timescale -9 -12;
P_0000014056cfaaa0 .param/l "c" 0 9 55, +C4<01>;
v0000014056e44de0_0 .net "pe_in_act", 7 0, L_0000014056f2b760;  1 drivers
v0000014056e43c60_0 .net "pe_in_psum", 31 0, L_0000014056f2a650;  1 drivers
v0000014056e44c00_0 .net "pe_in_weight", 7 0, L_0000014056f18a80;  1 drivers
v0000014056e44ca0_0 .net "pe_load_en", 0 0, L_0000014056f1a4c0;  1 drivers
S_0000014056e79d20 .scope generate, "genblk1" "genblk1" 9 61, 9 61 0, S_0000014056e78a60;
 .timescale -9 -12;
L_0000014056f2b760 .functor BUFZ 8, v0000014056e43580_0, C4<00000000>, C4<00000000>, C4<00000000>;
S_0000014056e78f10 .scope generate, "genblk2" "genblk2" 9 72, 9 72 0, S_0000014056e78a60;
 .timescale -9 -12;
L_0000014056f2a650 .functor BUFZ 32, v0000014056e399e0_0, C4<00000000000000000000000000000000>, C4<00000000000000000000000000000000>, C4<00000000000000000000000000000000>;
S_0000014056e79870 .scope generate, "genblk3" "genblk3" 9 106, 9 106 0, S_0000014056e78a60;
 .timescale -9 -12;
L_0000014056f2a1f0 .functor BUFZ 32, v0000014056e44840_0, C4<00000000000000000000000000000000>, C4<00000000000000000000000000000000>, C4<00000000000000000000000000000000>;
v0000014056e44d40_0 .net *"_ivl_2", 31 0, L_0000014056f2a1f0;  1 drivers
S_0000014056e78740 .scope module, "pe_inst" "pe" 9 91, 10 12 0, S_0000014056e78a60;
 .timescale 0 0;
    .port_info 0 /INPUT 1 "clk";
    .port_info 1 /INPUT 1 "rst_n";
    .port_info 2 /INPUT 1 "en_compute";
    .port_info 3 /INPUT 1 "load_weight";
    .port_info 4 /INPUT 8 "in_act";
    .port_info 5 /INPUT 8 "in_weight";
    .port_info 6 /INPUT 32 "in_psum";
    .port_info 7 /OUTPUT 8 "out_act";
    .port_info 8 /OUTPUT 32 "out_psum";
v0000014056e43bc0_0 .net "clk", 0 0, v0000014056e82620_0;  alias, 1 drivers
v0000014056e43120_0 .net "en_compute", 0 0, L_0000014056eb1298;  alias, 1 drivers
v0000014056e43260_0 .net "in_act", 7 0, L_0000014056f2b760;  alias, 1 drivers
v0000014056e44a20_0 .net "in_psum", 31 0, L_0000014056f2a650;  alias, 1 drivers
v0000014056e42fe0_0 .net "in_weight", 7 0, L_0000014056f18a80;  alias, 1 drivers
v0000014056e433a0_0 .net "load_weight", 0 0, L_0000014056f1a4c0;  alias, 1 drivers
v0000014056e448e0_0 .var "out_act", 7 0;
v0000014056e44840_0 .var "out_psum", 31 0;
v0000014056e43940_0 .var/s "reg_weight", 7 0;
v0000014056e434e0_0 .net "rst_n", 0 0, L_0000014056b6afc0;  alias, 1 drivers
S_0000014056e793c0 .scope generate, "COL_LOOP[2]" "COL_LOOP[2]" 9 55, 9 55 0, S_0000014056e77480;
 .timescale -9 -12;
P_0000014056cfa860 .param/l "c" 0 9 55, +C4<010>;
v0000014056e439e0_0 .net "pe_in_act", 7 0, L_0000014056f2b610;  1 drivers
v0000014056e43a80_0 .net "pe_in_psum", 31 0, L_0000014056f2b3e0;  1 drivers
v0000014056e43620_0 .net "pe_in_weight", 7 0, L_0000014056f18b20;  1 drivers
v0000014056e43ee0_0 .net "pe_load_en", 0 0, L_0000014056f19200;  1 drivers
S_0000014056e78100 .scope generate, "genblk1" "genblk1" 9 61, 9 61 0, S_0000014056e793c0;
 .timescale -9 -12;
L_0000014056f2b610 .functor BUFZ 8, v0000014056e448e0_0, C4<00000000>, C4<00000000>, C4<00000000>;
S_0000014056e7a360 .scope generate, "genblk2" "genblk2" 9 72, 9 72 0, S_0000014056e793c0;
 .timescale -9 -12;
L_0000014056f2b3e0 .functor BUFZ 32, v0000014056e3a480_0, C4<00000000000000000000000000000000>, C4<00000000000000000000000000000000>, C4<00000000000000000000000000000000>;
S_0000014056e79230 .scope generate, "genblk3" "genblk3" 9 106, 9 106 0, S_0000014056e793c0;
 .timescale -9 -12;
L_0000014056f2a420 .functor BUFZ 32, v0000014056e43e40_0, C4<00000000000000000000000000000000>, C4<00000000000000000000000000000000>, C4<00000000000000000000000000000000>;
v0000014056e44700_0 .net *"_ivl_2", 31 0, L_0000014056f2a420;  1 drivers
S_0000014056e79550 .scope module, "pe_inst" "pe" 9 91, 10 12 0, S_0000014056e793c0;
 .timescale 0 0;
    .port_info 0 /INPUT 1 "clk";
    .port_info 1 /INPUT 1 "rst_n";
    .port_info 2 /INPUT 1 "en_compute";
    .port_info 3 /INPUT 1 "load_weight";
    .port_info 4 /INPUT 8 "in_act";
    .port_info 5 /INPUT 8 "in_weight";
    .port_info 6 /INPUT 32 "in_psum";
    .port_info 7 /OUTPUT 8 "out_act";
    .port_info 8 /OUTPUT 32 "out_psum";
v0000014056e43b20_0 .net "clk", 0 0, v0000014056e82620_0;  alias, 1 drivers
v0000014056e44020_0 .net "en_compute", 0 0, L_0000014056eb1298;  alias, 1 drivers
v0000014056e42a40_0 .net "in_act", 7 0, L_0000014056f2b610;  alias, 1 drivers
v0000014056e43d00_0 .net "in_psum", 31 0, L_0000014056f2b3e0;  alias, 1 drivers
v0000014056e44f20_0 .net "in_weight", 7 0, L_0000014056f18b20;  alias, 1 drivers
v0000014056e43300_0 .net "load_weight", 0 0, L_0000014056f19200;  alias, 1 drivers
v0000014056e429a0_0 .var "out_act", 7 0;
v0000014056e43e40_0 .var "out_psum", 31 0;
v0000014056e43440_0 .var/s "reg_weight", 7 0;
v0000014056e44ac0_0 .net "rst_n", 0 0, L_0000014056b6afc0;  alias, 1 drivers
S_0000014056e7a4f0 .scope generate, "COL_LOOP[3]" "COL_LOOP[3]" 9 55, 9 55 0, S_0000014056e77480;
 .timescale -9 -12;
P_0000014056cfa1e0 .param/l "c" 0 9 55, +C4<011>;
v0000014056e42b80_0 .net "pe_in_act", 7 0, L_0000014056f2ba00;  1 drivers
v0000014056e42e00_0 .net "pe_in_psum", 31 0, L_0000014056f2b7d0;  1 drivers
v0000014056e42c20_0 .net "pe_in_weight", 7 0, L_0000014056f1a7e0;  1 drivers
v0000014056e44480_0 .net "pe_load_en", 0 0, L_0000014056f19020;  1 drivers
S_0000014056e78290 .scope generate, "genblk1" "genblk1" 9 61, 9 61 0, S_0000014056e7a4f0;
 .timescale -9 -12;
L_0000014056f2ba00 .functor BUFZ 8, v0000014056e429a0_0, C4<00000000>, C4<00000000>, C4<00000000>;
S_0000014056e785b0 .scope generate, "genblk2" "genblk2" 9 72, 9 72 0, S_0000014056e7a4f0;
 .timescale -9 -12;
L_0000014056f2b7d0 .functor BUFZ 32, v0000014056e3c820_0, C4<00000000000000000000000000000000>, C4<00000000000000000000000000000000>, C4<00000000000000000000000000000000>;
S_0000014056e7afe0 .scope generate, "genblk3" "genblk3" 9 106, 9 106 0, S_0000014056e7a4f0;
 .timescale -9 -12;
L_0000014056f2a6c0 .functor BUFZ 32, v0000014056e44b60_0, C4<00000000000000000000000000000000>, C4<00000000000000000000000000000000>, C4<00000000000000000000000000000000>;
v0000014056e447a0_0 .net *"_ivl_2", 31 0, L_0000014056f2a6c0;  1 drivers
S_0000014056e78420 .scope module, "pe_inst" "pe" 9 91, 10 12 0, S_0000014056e7a4f0;
 .timescale 0 0;
    .port_info 0 /INPUT 1 "clk";
    .port_info 1 /INPUT 1 "rst_n";
    .port_info 2 /INPUT 1 "en_compute";
    .port_info 3 /INPUT 1 "load_weight";
    .port_info 4 /INPUT 8 "in_act";
    .port_info 5 /INPUT 8 "in_weight";
    .port_info 6 /INPUT 32 "in_psum";
    .port_info 7 /OUTPUT 8 "out_act";
    .port_info 8 /OUTPUT 32 "out_psum";
v0000014056e44160_0 .net "clk", 0 0, v0000014056e82620_0;  alias, 1 drivers
v0000014056e42d60_0 .net "en_compute", 0 0, L_0000014056eb1298;  alias, 1 drivers
v0000014056e43760_0 .net "in_act", 7 0, L_0000014056f2ba00;  alias, 1 drivers
v0000014056e43800_0 .net "in_psum", 31 0, L_0000014056f2b7d0;  alias, 1 drivers
v0000014056e44200_0 .net "in_weight", 7 0, L_0000014056f1a7e0;  alias, 1 drivers
v0000014056e442a0_0 .net "load_weight", 0 0, L_0000014056f19020;  alias, 1 drivers
v0000014056e44340_0 .var "out_act", 7 0;
v0000014056e44b60_0 .var "out_psum", 31 0;
v0000014056e443e0_0 .var/s "reg_weight", 7 0;
v0000014056e42ae0_0 .net "rst_n", 0 0, L_0000014056b6afc0;  alias, 1 drivers
S_0000014056e796e0 .scope generate, "COL_LOOP[4]" "COL_LOOP[4]" 9 55, 9 55 0, S_0000014056e77480;
 .timescale -9 -12;
P_0000014056cf9ba0 .param/l "c" 0 9 55, +C4<0100>;
v0000014056e45c40_0 .net "pe_in_act", 7 0, L_0000014056f2a730;  1 drivers
v0000014056e46b40_0 .net "pe_in_psum", 31 0, L_0000014056f2a8f0;  1 drivers
v0000014056e468c0_0 .net "pe_in_weight", 7 0, L_0000014056f1a740;  1 drivers
v0000014056e46f00_0 .net "pe_load_en", 0 0, L_0000014056f1a100;  1 drivers
S_0000014056e777a0 .scope generate, "genblk1" "genblk1" 9 61, 9 61 0, S_0000014056e796e0;
 .timescale -9 -12;
L_0000014056f2a730 .functor BUFZ 8, v0000014056e44340_0, C4<00000000>, C4<00000000>, C4<00000000>;
S_0000014056e7ae50 .scope generate, "genblk2" "genblk2" 9 72, 9 72 0, S_0000014056e796e0;
 .timescale -9 -12;
L_0000014056f2a8f0 .functor BUFZ 32, v0000014056e3cdc0_0, C4<00000000000000000000000000000000>, C4<00000000000000000000000000000000>, C4<00000000000000000000000000000000>;
S_0000014056e7acc0 .scope generate, "genblk3" "genblk3" 9 106, 9 106 0, S_0000014056e796e0;
 .timescale -9 -12;
L_0000014056f2a7a0 .functor BUFZ 32, v0000014056e46e60_0, C4<00000000000000000000000000000000>, C4<00000000000000000000000000000000>, C4<00000000000000000000000000000000>;
v0000014056e44520_0 .net *"_ivl_2", 31 0, L_0000014056f2a7a0;  1 drivers
S_0000014056e7b940 .scope module, "pe_inst" "pe" 9 91, 10 12 0, S_0000014056e796e0;
 .timescale 0 0;
    .port_info 0 /INPUT 1 "clk";
    .port_info 1 /INPUT 1 "rst_n";
    .port_info 2 /INPUT 1 "en_compute";
    .port_info 3 /INPUT 1 "load_weight";
    .port_info 4 /INPUT 8 "in_act";
    .port_info 5 /INPUT 8 "in_weight";
    .port_info 6 /INPUT 32 "in_psum";
    .port_info 7 /OUTPUT 8 "out_act";
    .port_info 8 /OUTPUT 32 "out_psum";
v0000014056e42ea0_0 .net "clk", 0 0, v0000014056e82620_0;  alias, 1 drivers
v0000014056e42f40_0 .net "en_compute", 0 0, L_0000014056eb1298;  alias, 1 drivers
v0000014056e431c0_0 .net "in_act", 7 0, L_0000014056f2a730;  alias, 1 drivers
v0000014056e45ba0_0 .net "in_psum", 31 0, L_0000014056f2a8f0;  alias, 1 drivers
v0000014056e46d20_0 .net "in_weight", 7 0, L_0000014056f1a740;  alias, 1 drivers
v0000014056e46460_0 .net "load_weight", 0 0, L_0000014056f1a100;  alias, 1 drivers
v0000014056e45a60_0 .var "out_act", 7 0;
v0000014056e46e60_0 .var "out_psum", 31 0;
v0000014056e466e0_0 .var/s "reg_weight", 7 0;
v0000014056e45380_0 .net "rst_n", 0 0, L_0000014056b6afc0;  alias, 1 drivers
S_0000014056e79a00 .scope generate, "COL_LOOP[5]" "COL_LOOP[5]" 9 55, 9 55 0, S_0000014056e77480;
 .timescale -9 -12;
P_0000014056cfa6a0 .param/l "c" 0 9 55, +C4<0101>;
v0000014056e457e0_0 .net "pe_in_act", 7 0, L_0000014056f2bca0;  1 drivers
v0000014056e46be0_0 .net "pe_in_psum", 31 0, L_0000014056f2aa40;  1 drivers
v0000014056e46aa0_0 .net "pe_in_weight", 7 0, L_0000014056f195c0;  1 drivers
v0000014056e46780_0 .net "pe_load_en", 0 0, L_0000014056f19b60;  1 drivers
S_0000014056e7bad0 .scope generate, "genblk1" "genblk1" 9 61, 9 61 0, S_0000014056e79a00;
 .timescale -9 -12;
L_0000014056f2bca0 .functor BUFZ 8, v0000014056e45a60_0, C4<00000000>, C4<00000000>, C4<00000000>;
S_0000014056e790a0 .scope generate, "genblk2" "genblk2" 9 72, 9 72 0, S_0000014056e79a00;
 .timescale -9 -12;
L_0000014056f2aa40 .functor BUFZ 32, v0000014056e3d2c0_0, C4<00000000000000000000000000000000>, C4<00000000000000000000000000000000>, C4<00000000000000000000000000000000>;
S_0000014056e78bf0 .scope generate, "genblk3" "genblk3" 9 106, 9 106 0, S_0000014056e79a00;
 .timescale -9 -12;
L_0000014056f2bb50 .functor BUFZ 32, v0000014056e45920_0, C4<00000000000000000000000000000000>, C4<00000000000000000000000000000000>, C4<00000000000000000000000000000000>;
v0000014056e456a0_0 .net *"_ivl_2", 31 0, L_0000014056f2bb50;  1 drivers
S_0000014056e7bc60 .scope module, "pe_inst" "pe" 9 91, 10 12 0, S_0000014056e79a00;
 .timescale 0 0;
    .port_info 0 /INPUT 1 "clk";
    .port_info 1 /INPUT 1 "rst_n";
    .port_info 2 /INPUT 1 "en_compute";
    .port_info 3 /INPUT 1 "load_weight";
    .port_info 4 /INPUT 8 "in_act";
    .port_info 5 /INPUT 8 "in_weight";
    .port_info 6 /INPUT 32 "in_psum";
    .port_info 7 /OUTPUT 8 "out_act";
    .port_info 8 /OUTPUT 32 "out_psum";
v0000014056e451a0_0 .net "clk", 0 0, v0000014056e82620_0;  alias, 1 drivers
v0000014056e45240_0 .net "en_compute", 0 0, L_0000014056eb1298;  alias, 1 drivers
v0000014056e46960_0 .net "in_act", 7 0, L_0000014056f2bca0;  alias, 1 drivers
v0000014056e45880_0 .net "in_psum", 31 0, L_0000014056f2aa40;  alias, 1 drivers
v0000014056e46500_0 .net "in_weight", 7 0, L_0000014056f195c0;  alias, 1 drivers
v0000014056e45d80_0 .net "load_weight", 0 0, L_0000014056f19b60;  alias, 1 drivers
v0000014056e45b00_0 .var "out_act", 7 0;
v0000014056e45920_0 .var "out_psum", 31 0;
v0000014056e46a00_0 .var/s "reg_weight", 7 0;
v0000014056e45740_0 .net "rst_n", 0 0, L_0000014056b6afc0;  alias, 1 drivers
S_0000014056e79b90 .scope generate, "COL_LOOP[6]" "COL_LOOP[6]" 9 55, 9 55 0, S_0000014056e77480;
 .timescale -9 -12;
P_0000014056cfa8a0 .param/l "c" 0 9 55, +C4<0110>;
v0000014056e45560_0 .net "pe_in_act", 7 0, L_0000014056f2af10;  1 drivers
v0000014056e45600_0 .net "pe_in_psum", 31 0, L_0000014056f2aab0;  1 drivers
v0000014056e45f60_0 .net "pe_in_weight", 7 0, L_0000014056f18260;  1 drivers
v0000014056e46000_0 .net "pe_load_en", 0 0, L_0000014056f19c00;  1 drivers
S_0000014056e79eb0 .scope generate, "genblk1" "genblk1" 9 61, 9 61 0, S_0000014056e79b90;
 .timescale -9 -12;
L_0000014056f2af10 .functor BUFZ 8, v0000014056e45b00_0, C4<00000000>, C4<00000000>, C4<00000000>;
S_0000014056e77c50 .scope generate, "genblk2" "genblk2" 9 72, 9 72 0, S_0000014056e79b90;
 .timescale -9 -12;
L_0000014056f2aab0 .functor BUFZ 32, v0000014056e3b7e0_0, C4<00000000000000000000000000000000>, C4<00000000000000000000000000000000>, C4<00000000000000000000000000000000>;
S_0000014056e77de0 .scope generate, "genblk3" "genblk3" 9 106, 9 106 0, S_0000014056e79b90;
 .timescale -9 -12;
L_0000014056f2a110 .functor BUFZ 32, v0000014056e460a0_0, C4<00000000000000000000000000000000>, C4<00000000000000000000000000000000>, C4<00000000000000000000000000000000>;
v0000014056e454c0_0 .net *"_ivl_2", 31 0, L_0000014056f2a110;  1 drivers
S_0000014056e7bf80 .scope module, "pe_inst" "pe" 9 91, 10 12 0, S_0000014056e79b90;
 .timescale 0 0;
    .port_info 0 /INPUT 1 "clk";
    .port_info 1 /INPUT 1 "rst_n";
    .port_info 2 /INPUT 1 "en_compute";
    .port_info 3 /INPUT 1 "load_weight";
    .port_info 4 /INPUT 8 "in_act";
    .port_info 5 /INPUT 8 "in_weight";
    .port_info 6 /INPUT 32 "in_psum";
    .port_info 7 /OUTPUT 8 "out_act";
    .port_info 8 /OUTPUT 32 "out_psum";
v0000014056e46820_0 .net "clk", 0 0, v0000014056e82620_0;  alias, 1 drivers
v0000014056e459c0_0 .net "en_compute", 0 0, L_0000014056eb1298;  alias, 1 drivers
v0000014056e452e0_0 .net "in_act", 7 0, L_0000014056f2af10;  alias, 1 drivers
v0000014056e45ce0_0 .net "in_psum", 31 0, L_0000014056f2aab0;  alias, 1 drivers
v0000014056e46dc0_0 .net "in_weight", 7 0, L_0000014056f18260;  alias, 1 drivers
v0000014056e45e20_0 .net "load_weight", 0 0, L_0000014056f19c00;  alias, 1 drivers
v0000014056e46fa0_0 .var "out_act", 7 0;
v0000014056e460a0_0 .var "out_psum", 31 0;
v0000014056e45420_0 .var/s "reg_weight", 7 0;
v0000014056e45ec0_0 .net "rst_n", 0 0, L_0000014056b6afc0;  alias, 1 drivers
S_0000014056e7c430 .scope generate, "COL_LOOP[7]" "COL_LOOP[7]" 9 55, 9 55 0, S_0000014056e77480;
 .timescale -9 -12;
P_0000014056cf9d20 .param/l "c" 0 9 55, +C4<0111>;
v0000014056e87800_0 .net "pe_in_act", 7 0, L_0000014056f2b840;  1 drivers
v0000014056e87bc0_0 .net "pe_in_psum", 31 0, L_0000014056f2a180;  1 drivers
v0000014056e86a40_0 .net "pe_in_weight", 7 0, L_0000014056f18bc0;  1 drivers
v0000014056e876c0_0 .net "pe_load_en", 0 0, L_0000014056f19480;  1 drivers
S_0000014056e7bdf0 .scope generate, "genblk1" "genblk1" 9 61, 9 61 0, S_0000014056e7c430;
 .timescale -9 -12;
L_0000014056f2b840 .functor BUFZ 8, v0000014056e46fa0_0, C4<00000000>, C4<00000000>, C4<00000000>;
S_0000014056e7c110 .scope generate, "genblk2" "genblk2" 9 72, 9 72 0, S_0000014056e7c430;
 .timescale -9 -12;
L_0000014056f2a180 .functor BUFZ 32, v0000014056e3b420_0, C4<00000000000000000000000000000000>, C4<00000000000000000000000000000000>, C4<00000000000000000000000000000000>;
S_0000014056e7c2a0 .scope generate, "genblk3" "genblk3" 9 106, 9 106 0, S_0000014056e7c430;
 .timescale -9 -12;
L_0000014056f2af80 .functor BUFZ 32, v0000014056e87760_0, C4<00000000000000000000000000000000>, C4<00000000000000000000000000000000>, C4<00000000000000000000000000000000>;
v0000014056e46140_0 .net *"_ivl_2", 31 0, L_0000014056f2af80;  1 drivers
S_0000014056e7c5c0 .scope module, "pe_inst" "pe" 9 91, 10 12 0, S_0000014056e7c430;
 .timescale 0 0;
    .port_info 0 /INPUT 1 "clk";
    .port_info 1 /INPUT 1 "rst_n";
    .port_info 2 /INPUT 1 "en_compute";
    .port_info 3 /INPUT 1 "load_weight";
    .port_info 4 /INPUT 8 "in_act";
    .port_info 5 /INPUT 8 "in_weight";
    .port_info 6 /INPUT 32 "in_psum";
    .port_info 7 /OUTPUT 8 "out_act";
    .port_info 8 /OUTPUT 32 "out_psum";
v0000014056e461e0_0 .net "clk", 0 0, v0000014056e82620_0;  alias, 1 drivers
v0000014056e46280_0 .net "en_compute", 0 0, L_0000014056eb1298;  alias, 1 drivers
v0000014056e46320_0 .net "in_act", 7 0, L_0000014056f2b840;  alias, 1 drivers
v0000014056e46640_0 .net "in_psum", 31 0, L_0000014056f2a180;  alias, 1 drivers
v0000014056e463c0_0 .net "in_weight", 7 0, L_0000014056f18bc0;  alias, 1 drivers
v0000014056e87c60_0 .net "load_weight", 0 0, L_0000014056f19480;  alias, 1 drivers
v0000014056e87d00_0 .var "out_act", 7 0;
v0000014056e87760_0 .var "out_psum", 31 0;
v0000014056e87a80_0 .var/s "reg_weight", 7 0;
v0000014056e882a0_0 .net "rst_n", 0 0, L_0000014056b6afc0;  alias, 1 drivers
S_0000014056e7c750 .scope generate, "COL_LOOP[8]" "COL_LOOP[8]" 9 55, 9 55 0, S_0000014056e77480;
 .timescale -9 -12;
P_0000014056cfa420 .param/l "c" 0 9 55, +C4<01000>;
v0000014056e86720_0 .net "pe_in_act", 7 0, L_0000014056f2ab20;  1 drivers
v0000014056e864a0_0 .net "pe_in_psum", 31 0, L_0000014056f2b6f0;  1 drivers
v0000014056e87440_0 .net "pe_in_weight", 7 0, L_0000014056f190c0;  1 drivers
v0000014056e86ae0_0 .net "pe_load_en", 0 0, L_0000014056f192a0;  1 drivers
S_0000014056e7c8e0 .scope generate, "genblk1" "genblk1" 9 61, 9 61 0, S_0000014056e7c750;
 .timescale -9 -12;
L_0000014056f2ab20 .functor BUFZ 8, v0000014056e87d00_0, C4<00000000>, C4<00000000>, C4<00000000>;
S_0000014056e7ca70 .scope generate, "genblk2" "genblk2" 9 72, 9 72 0, S_0000014056e7c750;
 .timescale -9 -12;
L_0000014056f2b6f0 .functor BUFZ 32, v0000014056e3d900_0, C4<00000000000000000000000000000000>, C4<00000000000000000000000000000000>, C4<00000000000000000000000000000000>;
S_0000014056e7cc00 .scope generate, "genblk3" "genblk3" 9 106, 9 106 0, S_0000014056e7c750;
 .timescale -9 -12;
L_0000014056f2b300 .functor BUFZ 32, v0000014056e873a0_0, C4<00000000000000000000000000000000>, C4<00000000000000000000000000000000>, C4<00000000000000000000000000000000>;
v0000014056e86d60_0 .net *"_ivl_2", 31 0, L_0000014056f2b300;  1 drivers
S_0000014056e7cd90 .scope module, "pe_inst" "pe" 9 91, 10 12 0, S_0000014056e7c750;
 .timescale 0 0;
    .port_info 0 /INPUT 1 "clk";
    .port_info 1 /INPUT 1 "rst_n";
    .port_info 2 /INPUT 1 "en_compute";
    .port_info 3 /INPUT 1 "load_weight";
    .port_info 4 /INPUT 8 "in_act";
    .port_info 5 /INPUT 8 "in_weight";
    .port_info 6 /INPUT 32 "in_psum";
    .port_info 7 /OUTPUT 8 "out_act";
    .port_info 8 /OUTPUT 32 "out_psum";
v0000014056e87120_0 .net "clk", 0 0, v0000014056e82620_0;  alias, 1 drivers
v0000014056e871c0_0 .net "en_compute", 0 0, L_0000014056eb1298;  alias, 1 drivers
v0000014056e862c0_0 .net "in_act", 7 0, L_0000014056f2ab20;  alias, 1 drivers
v0000014056e86cc0_0 .net "in_psum", 31 0, L_0000014056f2b6f0;  alias, 1 drivers
v0000014056e87da0_0 .net "in_weight", 7 0, L_0000014056f190c0;  alias, 1 drivers
v0000014056e87b20_0 .net "load_weight", 0 0, L_0000014056f192a0;  alias, 1 drivers
v0000014056e88700_0 .var "out_act", 7 0;
v0000014056e873a0_0 .var "out_psum", 31 0;
v0000014056e87f80_0 .var/s "reg_weight", 7 0;
v0000014056e87e40_0 .net "rst_n", 0 0, L_0000014056b6afc0;  alias, 1 drivers
S_0000014056e78d80 .scope generate, "COL_LOOP[9]" "COL_LOOP[9]" 9 55, 9 55 0, S_0000014056e77480;
 .timescale -9 -12;
P_0000014056cfa6e0 .param/l "c" 0 9 55, +C4<01001>;
v0000014056e88020_0 .net "pe_in_act", 7 0, L_0000014056f2ba70;  1 drivers
v0000014056e86b80_0 .net "pe_in_psum", 31 0, L_0000014056f2ac00;  1 drivers
v0000014056e86220_0 .net "pe_in_weight", 7 0, L_0000014056f193e0;  1 drivers
v0000014056e874e0_0 .net "pe_load_en", 0 0, L_0000014056f19340;  1 drivers
S_0000014056e7cf20 .scope generate, "genblk1" "genblk1" 9 61, 9 61 0, S_0000014056e78d80;
 .timescale -9 -12;
L_0000014056f2ba70 .functor BUFZ 8, v0000014056e88700_0, C4<00000000>, C4<00000000>, C4<00000000>;
S_0000014056e7d0b0 .scope generate, "genblk2" "genblk2" 9 72, 9 72 0, S_0000014056e78d80;
 .timescale -9 -12;
L_0000014056f2ac00 .functor BUFZ 32, v0000014056e3e8a0_0, C4<00000000000000000000000000000000>, C4<00000000000000000000000000000000>, C4<00000000000000000000000000000000>;
S_0000014056e7d240 .scope generate, "genblk3" "genblk3" 9 106, 9 106 0, S_0000014056e78d80;
 .timescale -9 -12;
L_0000014056f2b8b0 .functor BUFZ 32, v0000014056e87ee0_0, C4<00000000000000000000000000000000>, C4<00000000000000000000000000000000>, C4<00000000000000000000000000000000>;
v0000014056e86360_0 .net *"_ivl_2", 31 0, L_0000014056f2b8b0;  1 drivers
S_0000014056e7d3d0 .scope module, "pe_inst" "pe" 9 91, 10 12 0, S_0000014056e78d80;
 .timescale 0 0;
    .port_info 0 /INPUT 1 "clk";
    .port_info 1 /INPUT 1 "rst_n";
    .port_info 2 /INPUT 1 "en_compute";
    .port_info 3 /INPUT 1 "load_weight";
    .port_info 4 /INPUT 8 "in_act";
    .port_info 5 /INPUT 8 "in_weight";
    .port_info 6 /INPUT 32 "in_psum";
    .port_info 7 /OUTPUT 8 "out_act";
    .port_info 8 /OUTPUT 32 "out_psum";
v0000014056e87300_0 .net "clk", 0 0, v0000014056e82620_0;  alias, 1 drivers
v0000014056e86400_0 .net "en_compute", 0 0, L_0000014056eb1298;  alias, 1 drivers
v0000014056e88160_0 .net "in_act", 7 0, L_0000014056f2ba70;  alias, 1 drivers
v0000014056e87260_0 .net "in_psum", 31 0, L_0000014056f2ac00;  alias, 1 drivers
v0000014056e879e0_0 .net "in_weight", 7 0, L_0000014056f193e0;  alias, 1 drivers
v0000014056e86e00_0 .net "load_weight", 0 0, L_0000014056f19340;  alias, 1 drivers
v0000014056e880c0_0 .var "out_act", 7 0;
v0000014056e87ee0_0 .var "out_psum", 31 0;
v0000014056e878a0_0 .var/s "reg_weight", 7 0;
v0000014056e883e0_0 .net "rst_n", 0 0, L_0000014056b6afc0;  alias, 1 drivers
S_0000014056e7d560 .scope generate, "COL_LOOP[10]" "COL_LOOP[10]" 9 55, 9 55 0, S_0000014056e77480;
 .timescale -9 -12;
P_0000014056cfa9a0 .param/l "c" 0 9 55, +C4<01010>;
v0000014056e88480_0 .net "pe_in_act", 7 0, L_0000014056f2ac70;  1 drivers
v0000014056e869a0_0 .net "pe_in_psum", 31 0, L_0000014056f2ace0;  1 drivers
v0000014056e86540_0 .net "pe_in_weight", 7 0, L_0000014056f18c60;  1 drivers
v0000014056e88520_0 .net "pe_load_en", 0 0, L_0000014056f19d40;  1 drivers
S_0000014056e7d6f0 .scope generate, "genblk1" "genblk1" 9 61, 9 61 0, S_0000014056e7d560;
 .timescale -9 -12;
L_0000014056f2ac70 .functor BUFZ 8, v0000014056e880c0_0, C4<00000000>, C4<00000000>, C4<00000000>;
S_0000014056e805d0 .scope generate, "genblk2" "genblk2" 9 72, 9 72 0, S_0000014056e7d560;
 .timescale -9 -12;
L_0000014056f2ace0 .functor BUFZ 32, v0000014056e3fe80_0, C4<00000000000000000000000000000000>, C4<00000000000000000000000000000000>, C4<00000000000000000000000000000000>;
S_0000014056e7dd30 .scope generate, "genblk3" "genblk3" 9 106, 9 106 0, S_0000014056e7d560;
 .timescale -9 -12;
L_0000014056f2ad50 .functor BUFZ 32, v0000014056e86180_0, C4<00000000000000000000000000000000>, C4<00000000000000000000000000000000>, C4<00000000000000000000000000000000>;
v0000014056e887a0_0 .net *"_ivl_2", 31 0, L_0000014056f2ad50;  1 drivers
S_0000014056e7ecd0 .scope module, "pe_inst" "pe" 9 91, 10 12 0, S_0000014056e7d560;
 .timescale 0 0;
    .port_info 0 /INPUT 1 "clk";
    .port_info 1 /INPUT 1 "rst_n";
    .port_info 2 /INPUT 1 "en_compute";
    .port_info 3 /INPUT 1 "load_weight";
    .port_info 4 /INPUT 8 "in_act";
    .port_info 5 /INPUT 8 "in_weight";
    .port_info 6 /INPUT 32 "in_psum";
    .port_info 7 /OUTPUT 8 "out_act";
    .port_info 8 /OUTPUT 32 "out_psum";
v0000014056e88840_0 .net "clk", 0 0, v0000014056e82620_0;  alias, 1 drivers
v0000014056e86f40_0 .net "en_compute", 0 0, L_0000014056eb1298;  alias, 1 drivers
v0000014056e87620_0 .net "in_act", 7 0, L_0000014056f2ac70;  alias, 1 drivers
v0000014056e86860_0 .net "in_psum", 31 0, L_0000014056f2ace0;  alias, 1 drivers
v0000014056e885c0_0 .net "in_weight", 7 0, L_0000014056f18c60;  alias, 1 drivers
v0000014056e88340_0 .net "load_weight", 0 0, L_0000014056f19d40;  alias, 1 drivers
v0000014056e867c0_0 .var "out_act", 7 0;
v0000014056e86180_0 .var "out_psum", 31 0;
v0000014056e88660_0 .var/s "reg_weight", 7 0;
v0000014056e86900_0 .net "rst_n", 0 0, L_0000014056b6afc0;  alias, 1 drivers
S_0000014056e7eb40 .scope generate, "COL_LOOP[11]" "COL_LOOP[11]" 9 55, 9 55 0, S_0000014056e77480;
 .timescale -9 -12;
P_0000014056cfa3a0 .param/l "c" 0 9 55, +C4<01011>;
v0000014056e897e0_0 .net "pe_in_act", 7 0, L_0000014056f2adc0;  1 drivers
v0000014056e899c0_0 .net "pe_in_psum", 31 0, L_0000014056f2ae30;  1 drivers
v0000014056e8a820_0 .net "pe_in_weight", 7 0, L_0000014056f19de0;  1 drivers
v0000014056e88f20_0 .net "pe_load_en", 0 0, L_0000014056f18da0;  1 drivers
S_0000014056e7f310 .scope generate, "genblk1" "genblk1" 9 61, 9 61 0, S_0000014056e7eb40;
 .timescale -9 -12;
L_0000014056f2adc0 .functor BUFZ 8, v0000014056e867c0_0, C4<00000000>, C4<00000000>, C4<00000000>;
S_0000014056e7e690 .scope generate, "genblk2" "genblk2" 9 72, 9 72 0, S_0000014056e7eb40;
 .timescale -9 -12;
L_0000014056f2ae30 .functor BUFZ 32, v0000014056e3e440_0, C4<00000000000000000000000000000000>, C4<00000000000000000000000000000000>, C4<00000000000000000000000000000000>;
S_0000014056e80da0 .scope generate, "genblk3" "genblk3" 9 106, 9 106 0, S_0000014056e7eb40;
 .timescale -9 -12;
L_0000014056f2b920 .functor BUFZ 32, v0000014056e89560_0, C4<00000000000000000000000000000000>, C4<00000000000000000000000000000000>, C4<00000000000000000000000000000000>;
v0000014056e86c20_0 .net *"_ivl_2", 31 0, L_0000014056f2b920;  1 drivers
S_0000014056e7f4a0 .scope module, "pe_inst" "pe" 9 91, 10 12 0, S_0000014056e7eb40;
 .timescale 0 0;
    .port_info 0 /INPUT 1 "clk";
    .port_info 1 /INPUT 1 "rst_n";
    .port_info 2 /INPUT 1 "en_compute";
    .port_info 3 /INPUT 1 "load_weight";
    .port_info 4 /INPUT 8 "in_act";
    .port_info 5 /INPUT 8 "in_weight";
    .port_info 6 /INPUT 32 "in_psum";
    .port_info 7 /OUTPUT 8 "out_act";
    .port_info 8 /OUTPUT 32 "out_psum";
v0000014056e86ea0_0 .net "clk", 0 0, v0000014056e82620_0;  alias, 1 drivers
v0000014056e86fe0_0 .net "en_compute", 0 0, L_0000014056eb1298;  alias, 1 drivers
v0000014056e87080_0 .net "in_act", 7 0, L_0000014056f2adc0;  alias, 1 drivers
v0000014056e87940_0 .net "in_psum", 31 0, L_0000014056f2ae30;  alias, 1 drivers
v0000014056e86680_0 .net "in_weight", 7 0, L_0000014056f19de0;  alias, 1 drivers
v0000014056e89880_0 .net "load_weight", 0 0, L_0000014056f18da0;  alias, 1 drivers
v0000014056e894c0_0 .var "out_act", 7 0;
v0000014056e89560_0 .var "out_psum", 31 0;
v0000014056e8a500_0 .var/s "reg_weight", 7 0;
v0000014056e8a280_0 .net "rst_n", 0 0, L_0000014056b6afc0;  alias, 1 drivers
S_0000014056e7e370 .scope generate, "COL_LOOP[12]" "COL_LOOP[12]" 9 55, 9 55 0, S_0000014056e77480;
 .timescale -9 -12;
P_0000014056cfa0a0 .param/l "c" 0 9 55, +C4<01100>;
v0000014056e8afa0_0 .net "pe_in_act", 7 0, L_0000014056f2aff0;  1 drivers
v0000014056e8a3c0_0 .net "pe_in_psum", 31 0, L_0000014056f2b140;  1 drivers
v0000014056e89920_0 .net "pe_in_weight", 7 0, L_0000014056f19f20;  1 drivers
v0000014056e8a460_0 .net "pe_load_en", 0 0, L_0000014056f1a600;  1 drivers
S_0000014056e7ff90 .scope generate, "genblk1" "genblk1" 9 61, 9 61 0, S_0000014056e7e370;
 .timescale -9 -12;
L_0000014056f2aff0 .functor BUFZ 8, v0000014056e894c0_0, C4<00000000>, C4<00000000>, C4<00000000>;
S_0000014056e7e9b0 .scope generate, "genblk2" "genblk2" 9 72, 9 72 0, S_0000014056e7e370;
 .timescale -9 -12;
L_0000014056f2b140 .functor BUFZ 32, v0000014056e40ec0_0, C4<00000000000000000000000000000000>, C4<00000000000000000000000000000000>, C4<00000000000000000000000000000000>;
S_0000014056e7e050 .scope generate, "genblk3" "genblk3" 9 106, 9 106 0, S_0000014056e7e370;
 .timescale -9 -12;
L_0000014056f2a500 .functor BUFZ 32, v0000014056e8a960_0, C4<00000000000000000000000000000000>, C4<00000000000000000000000000000000>, C4<00000000000000000000000000000000>;
v0000014056e8af00_0 .net *"_ivl_2", 31 0, L_0000014056f2a500;  1 drivers
S_0000014056e80120 .scope module, "pe_inst" "pe" 9 91, 10 12 0, S_0000014056e7e370;
 .timescale 0 0;
    .port_info 0 /INPUT 1 "clk";
    .port_info 1 /INPUT 1 "rst_n";
    .port_info 2 /INPUT 1 "en_compute";
    .port_info 3 /INPUT 1 "load_weight";
    .port_info 4 /INPUT 8 "in_act";
    .port_info 5 /INPUT 8 "in_weight";
    .port_info 6 /INPUT 32 "in_psum";
    .port_info 7 /OUTPUT 8 "out_act";
    .port_info 8 /OUTPUT 32 "out_psum";
v0000014056e8a320_0 .net "clk", 0 0, v0000014056e82620_0;  alias, 1 drivers
v0000014056e89600_0 .net "en_compute", 0 0, L_0000014056eb1298;  alias, 1 drivers
v0000014056e8a5a0_0 .net "in_act", 7 0, L_0000014056f2aff0;  alias, 1 drivers
v0000014056e88b60_0 .net "in_psum", 31 0, L_0000014056f2b140;  alias, 1 drivers
v0000014056e89a60_0 .net "in_weight", 7 0, L_0000014056f19f20;  alias, 1 drivers
v0000014056e888e0_0 .net "load_weight", 0 0, L_0000014056f1a600;  alias, 1 drivers
v0000014056e8aa00_0 .var "out_act", 7 0;
v0000014056e8a960_0 .var "out_psum", 31 0;
v0000014056e89d80_0 .var/s "reg_weight", 7 0;
v0000014056e8a1e0_0 .net "rst_n", 0 0, L_0000014056b6afc0;  alias, 1 drivers
S_0000014056e7f630 .scope generate, "COL_LOOP[13]" "COL_LOOP[13]" 9 55, 9 55 0, S_0000014056e77480;
 .timescale -9 -12;
P_0000014056cfa8e0 .param/l "c" 0 9 55, +C4<01101>;
v0000014056e89420_0 .net "pe_in_act", 7 0, L_0000014056f2b1b0;  1 drivers
v0000014056e8a8c0_0 .net "pe_in_psum", 31 0, L_0000014056f2b220;  1 drivers
v0000014056e8ab40_0 .net "pe_in_weight", 7 0, L_0000014056f19980;  1 drivers
v0000014056e8abe0_0 .net "pe_load_en", 0 0, L_0000014056f1a240;  1 drivers
S_0000014056e7fe00 .scope generate, "genblk1" "genblk1" 9 61, 9 61 0, S_0000014056e7f630;
 .timescale -9 -12;
L_0000014056f2b1b0 .functor BUFZ 8, v0000014056e8aa00_0, C4<00000000>, C4<00000000>, C4<00000000>;
S_0000014056e7da10 .scope generate, "genblk2" "genblk2" 9 72, 9 72 0, S_0000014056e7f630;
 .timescale -9 -12;
L_0000014056f2b220 .functor BUFZ 32, v0000014056e42720_0, C4<00000000000000000000000000000000>, C4<00000000000000000000000000000000>, C4<00000000000000000000000000000000>;
S_0000014056e7f7c0 .scope generate, "genblk3" "genblk3" 9 106, 9 106 0, S_0000014056e7f630;
 .timescale -9 -12;
L_0000014056f2bae0 .functor BUFZ 32, v0000014056e89e20_0, C4<00000000000000000000000000000000>, C4<00000000000000000000000000000000>, C4<00000000000000000000000000000000>;
v0000014056e8a0a0_0 .net *"_ivl_2", 31 0, L_0000014056f2bae0;  1 drivers
S_0000014056e7d880 .scope module, "pe_inst" "pe" 9 91, 10 12 0, S_0000014056e7f630;
 .timescale 0 0;
    .port_info 0 /INPUT 1 "clk";
    .port_info 1 /INPUT 1 "rst_n";
    .port_info 2 /INPUT 1 "en_compute";
    .port_info 3 /INPUT 1 "load_weight";
    .port_info 4 /INPUT 8 "in_act";
    .port_info 5 /INPUT 8 "in_weight";
    .port_info 6 /INPUT 32 "in_psum";
    .port_info 7 /OUTPUT 8 "out_act";
    .port_info 8 /OUTPUT 32 "out_psum";
v0000014056e8a640_0 .net "clk", 0 0, v0000014056e82620_0;  alias, 1 drivers
v0000014056e8aaa0_0 .net "en_compute", 0 0, L_0000014056eb1298;  alias, 1 drivers
v0000014056e8ad20_0 .net "in_act", 7 0, L_0000014056f2b1b0;  alias, 1 drivers
v0000014056e8b040_0 .net "in_psum", 31 0, L_0000014056f2b220;  alias, 1 drivers
v0000014056e891a0_0 .net "in_weight", 7 0, L_0000014056f19980;  alias, 1 drivers
v0000014056e8a6e0_0 .net "load_weight", 0 0, L_0000014056f1a240;  alias, 1 drivers
v0000014056e8a780_0 .var "out_act", 7 0;
v0000014056e89e20_0 .var "out_psum", 31 0;
v0000014056e8ae60_0 .var/s "reg_weight", 7 0;
v0000014056e8adc0_0 .net "rst_n", 0 0, L_0000014056b6afc0;  alias, 1 drivers
S_0000014056e7dba0 .scope generate, "COL_LOOP[14]" "COL_LOOP[14]" 9 55, 9 55 0, S_0000014056e77480;
 .timescale -9 -12;
P_0000014056cfa520 .param/l "c" 0 9 55, +C4<01110>;
v0000014056e88ac0_0 .net "pe_in_act", 7 0, L_0000014056f2b370;  1 drivers
v0000014056e89ba0_0 .net "pe_in_psum", 31 0, L_0000014056f2a260;  1 drivers
v0000014056e89100_0 .net "pe_in_weight", 7 0, L_0000014056f19fc0;  1 drivers
v0000014056e8a000_0 .net "pe_load_en", 0 0, L_0000014056f19520;  1 drivers
S_0000014056e7f950 .scope generate, "genblk1" "genblk1" 9 61, 9 61 0, S_0000014056e7dba0;
 .timescale -9 -12;
L_0000014056f2b370 .functor BUFZ 8, v0000014056e8a780_0, C4<00000000>, C4<00000000>, C4<00000000>;
S_0000014056e7dec0 .scope generate, "genblk2" "genblk2" 9 72, 9 72 0, S_0000014056e7dba0;
 .timescale -9 -12;
L_0000014056f2a260 .functor BUFZ 32, v0000014056e418c0_0, C4<00000000000000000000000000000000>, C4<00000000000000000000000000000000>, C4<00000000000000000000000000000000>;
S_0000014056e802b0 .scope generate, "genblk3" "genblk3" 9 106, 9 106 0, S_0000014056e7dba0;
 .timescale -9 -12;
L_0000014056f2a490 .functor BUFZ 32, v0000014056e89b00_0, C4<00000000000000000000000000000000>, C4<00000000000000000000000000000000>, C4<00000000000000000000000000000000>;
v0000014056e89740_0 .net *"_ivl_2", 31 0, L_0000014056f2a490;  1 drivers
S_0000014056e80760 .scope module, "pe_inst" "pe" 9 91, 10 12 0, S_0000014056e7dba0;
 .timescale 0 0;
    .port_info 0 /INPUT 1 "clk";
    .port_info 1 /INPUT 1 "rst_n";
    .port_info 2 /INPUT 1 "en_compute";
    .port_info 3 /INPUT 1 "load_weight";
    .port_info 4 /INPUT 8 "in_act";
    .port_info 5 /INPUT 8 "in_weight";
    .port_info 6 /INPUT 32 "in_psum";
    .port_info 7 /OUTPUT 8 "out_act";
    .port_info 8 /OUTPUT 32 "out_psum";
v0000014056e896a0_0 .net "clk", 0 0, v0000014056e82620_0;  alias, 1 drivers
v0000014056e892e0_0 .net "en_compute", 0 0, L_0000014056eb1298;  alias, 1 drivers
v0000014056e88980_0 .net "in_act", 7 0, L_0000014056f2b370;  alias, 1 drivers
v0000014056e89060_0 .net "in_psum", 31 0, L_0000014056f2a260;  alias, 1 drivers
v0000014056e88ca0_0 .net "in_weight", 7 0, L_0000014056f19fc0;  alias, 1 drivers
v0000014056e8ac80_0 .net "load_weight", 0 0, L_0000014056f19520;  alias, 1 drivers
v0000014056e88fc0_0 .var "out_act", 7 0;
v0000014056e89b00_0 .var "out_psum", 31 0;
v0000014056e88a20_0 .var/s "reg_weight", 7 0;
v0000014056e89f60_0 .net "rst_n", 0 0, L_0000014056b6afc0;  alias, 1 drivers
S_0000014056e7e1e0 .scope generate, "COL_LOOP[15]" "COL_LOOP[15]" 9 55, 9 55 0, S_0000014056e77480;
 .timescale -9 -12;
P_0000014056cfa760 .param/l "c" 0 9 55, +C4<01111>;
v0000014056e8ce40_0 .net "pe_in_act", 7 0, L_0000014056f34560;  1 drivers
v0000014056e8b180_0 .net "pe_in_psum", 31 0, L_0000014056f346b0;  1 drivers
v0000014056e8b9a0_0 .net "pe_in_weight", 7 0, L_0000014056f18440;  1 drivers
v0000014056e8cd00_0 .net "pe_load_en", 0 0, L_0000014056f197a0;  1 drivers
S_0000014056e7ee60 .scope generate, "genblk1" "genblk1" 9 61, 9 61 0, S_0000014056e7e1e0;
 .timescale -9 -12;
L_0000014056f34560 .functor BUFZ 8, v0000014056e88fc0_0, C4<00000000>, C4<00000000>, C4<00000000>;
S_0000014056e7e500 .scope generate, "genblk2" "genblk2" 9 72, 9 72 0, S_0000014056e7e1e0;
 .timescale -9 -12;
L_0000014056f346b0 .functor BUFZ 32, v0000014056e424a0_0, C4<00000000000000000000000000000000>, C4<00000000000000000000000000000000>, C4<00000000000000000000000000000000>;
S_0000014056e7eff0 .scope generate, "genblk3" "genblk3" 9 106, 9 106 0, S_0000014056e7e1e0;
 .timescale -9 -12;
L_0000014056f343a0 .functor BUFZ 32, v0000014056e8d0c0_0, C4<00000000000000000000000000000000>, C4<00000000000000000000000000000000>, C4<00000000000000000000000000000000>;
v0000014056e89240_0 .net *"_ivl_2", 31 0, L_0000014056f343a0;  1 drivers
S_0000014056e80440 .scope module, "pe_inst" "pe" 9 91, 10 12 0, S_0000014056e7e1e0;
 .timescale 0 0;
    .port_info 0 /INPUT 1 "clk";
    .port_info 1 /INPUT 1 "rst_n";
    .port_info 2 /INPUT 1 "en_compute";
    .port_info 3 /INPUT 1 "load_weight";
    .port_info 4 /INPUT 8 "in_act";
    .port_info 5 /INPUT 8 "in_weight";
    .port_info 6 /INPUT 32 "in_psum";
    .port_info 7 /OUTPUT 8 "out_act";
    .port_info 8 /OUTPUT 32 "out_psum";
v0000014056e88e80_0 .net "clk", 0 0, v0000014056e82620_0;  alias, 1 drivers
v0000014056e8a140_0 .net "en_compute", 0 0, L_0000014056eb1298;  alias, 1 drivers
v0000014056e88d40_0 .net "in_act", 7 0, L_0000014056f34560;  alias, 1 drivers
v0000014056e88de0_0 .net "in_psum", 31 0, L_0000014056f346b0;  alias, 1 drivers
v0000014056e89380_0 .net "in_weight", 7 0, L_0000014056f18440;  alias, 1 drivers
v0000014056e8c8a0_0 .net "load_weight", 0 0, L_0000014056f197a0;  alias, 1 drivers
v0000014056e8b4a0_0 .var "out_act", 7 0;
v0000014056e8d0c0_0 .var "out_psum", 31 0;
v0000014056e8cc60_0 .var/s "reg_weight", 7 0;
v0000014056e8cb20_0 .net "rst_n", 0 0, L_0000014056b6afc0;  alias, 1 drivers
S_0000014056e7e820 .scope module, "u_controller" "global_controller" 6 53, 11 6 0, S_0000014056cbb3e0;
 .timescale -9 -12;
    .port_info 0 /INPUT 1 "clk";
    .port_info 1 /INPUT 1 "rst_n";
    .port_info 2 /INPUT 1 "ap_start";
    .port_info 3 /INPUT 32 "cfg_seq_len";
    .port_info 4 /OUTPUT 1 "ap_done";
    .port_info 5 /OUTPUT 1 "ap_idle";
    .port_info 6 /OUTPUT 3 "current_state_dbg";
    .port_info 7 /OUTPUT 1 "ctrl_weight_dma_req";
    .port_info 8 /INPUT 1 "i_weight_valid";
    .port_info 9 /OUTPUT 1 "ctrl_weight_load_en";
    .port_info 10 /INPUT 1 "i_input_valid";
    .port_info 11 /OUTPUT 1 "ctrl_input_stream_en";
    .port_info 12 /OUTPUT 1 "ctrl_drain_en";
P_0000014056dad6f0 .param/l "CNT_LOAD_TOTAL" 1 11 49, +C4<00000000000000000000000000100111>;
P_0000014056dad728 .param/l "CNT_PHASE1_END" 1 11 48, +C4<00000000000000000000000000011011>;
P_0000014056dad760 .param/l "LATENCY" 0 11 7, +C4<000000000000000000000000000011100>;
P_0000014056dad798 .param/l "S_COMPUTE" 1 11 37, C4<010>;
P_0000014056dad7d0 .param/l "S_DONE" 1 11 39, C4<100>;
P_0000014056dad808 .param/l "S_DRAIN" 1 11 38, C4<011>;
P_0000014056dad840 .param/l "S_IDLE" 1 11 35, C4<000>;
P_0000014056dad878 .param/l "S_LOAD_W" 1 11 36, C4<001>;
L_0000014056b6c5a0 .functor BUFZ 3, v0000014056e8bcc0_0, C4<000>, C4<000>, C4<000>;
v0000014056e8cf80_0 .var "ap_done", 0 0;
v0000014056e8cbc0_0 .var "ap_idle", 0 0;
v0000014056e8d7a0_0 .net "ap_start", 0 0, v0000014056cb4e20_0;  alias, 1 drivers
v0000014056e8d3e0_0 .net "cfg_seq_len", 31 0, v0000014056cb65e0_0;  alias, 1 drivers
v0000014056e8d340_0 .net "clk", 0 0, v0000014056e82620_0;  alias, 1 drivers
v0000014056e8c580_0 .var "cnt_drain", 31 0;
v0000014056e8d480_0 .var "cnt_load", 31 0;
v0000014056e8b5e0_0 .var "cnt_seq", 31 0;
v0000014056e8b0e0_0 .var "ctrl_drain_en", 0 0;
v0000014056e8ba40_0 .var "ctrl_input_stream_en", 0 0;
v0000014056e8b220_0 .var "ctrl_weight_dma_req", 0 0;
v0000014056e8ca80_0 .var "ctrl_weight_load_en", 0 0;
v0000014056e8cda0_0 .net "current_state_dbg", 2 0, L_0000014056b6c5a0;  1 drivers
v0000014056e8c620_0 .net "i_input_valid", 0 0, v0000014056e8f640_0;  alias, 1 drivers
v0000014056e8bd60_0 .net "i_weight_valid", 0 0, v0000014056e9ee60_0;  alias, 1 drivers
v0000014056e8b860_0 .var "next_state", 2 0;
v0000014056e8c9e0_0 .net "rst_n", 0 0, L_0000014056b6afc0;  alias, 1 drivers
v0000014056e8bcc0_0 .var "state", 2 0;
E_0000014056cf60e0/0 .event anyedge, v0000014056e8bcc0_0, v0000014056cb4e20_0, v0000014056e8d480_0, v0000014056e8b5e0_0;
E_0000014056cf60e0/1 .event anyedge, v0000014056cb44c0_0, v0000014056e8c580_0;
E_0000014056cf60e0 .event/or E_0000014056cf60e0/0, E_0000014056cf60e0/1;
S_0000014056e7f180 .scope module, "u_input_buf" "input_buffer_ctrl" 4 128, 12 9 0, S_0000014056cbb250;
 .timescale -9 -12;
    .port_info 0 /INPUT 1 "clk";
    .port_info 1 /INPUT 1 "rst_n";
    .port_info 2 /INPUT 64 "s_axis_tdata";
    .port_info 3 /INPUT 1 "s_axis_tvalid";
    .port_info 4 /OUTPUT 1 "s_axis_tready";
    .port_info 5 /INPUT 1 "s_axis_tlast";
    .port_info 6 /INPUT 1 "i_rd_en";
    .port_info 7 /OUTPUT 96 "o_array_vec";
    .port_info 8 /OUTPUT 1 "o_dat_valid";
    .port_info 9 /INPUT 1 "i_bank_swap";
P_0000014056d89cb0 .param/l "DATA_WIDTH" 0 12 11, +C4<00000000000000000000000001000000>;
P_0000014056d89ce8 .param/l "DEPTH_LOG2" 0 12 10, +C4<00000000000000000000000000001000>;
L_0000014056b6bce0 .functor NOT 1, v0000014056e8fd20_0, C4<0>, C4<0>, C4<0>;
v0000014056e8f500_0 .net *"_ivl_10", 0 0, L_0000014056b6bce0;  1 drivers
L_0000014056eb11c0 .functor BUFT 1, C4<000000000000000000000000000000000000000000000000000000000000000000000000000000000000000000000000>, C4<0>, C4<0>, C4<0>;
v0000014056e8e880_0 .net/2u *"_ivl_14", 95 0, L_0000014056eb11c0;  1 drivers
L_0000014056eb1178 .functor BUFT 1, C4<00000001>, C4<0>, C4<0>, C4<0>;
v0000014056e8e060_0 .net/2u *"_ivl_4", 7 0, L_0000014056eb1178;  1 drivers
v0000014056e8e7e0_0 .net *"_ivl_6", 7 0, L_0000014056e812c0;  1 drivers
v0000014056e8fd20_0 .var "bank_sel", 0 0;
v0000014056e8fc80_0 .net "clk", 0 0, v0000014056e82620_0;  alias, 1 drivers
v0000014056e8e380_0 .net "final_rd_addr", 8 0, L_0000014056e81400;  1 drivers
v0000014056e8f5a0_0 .net "final_wr_addr", 8 0, L_0000014056e832a0;  1 drivers
v0000014056e8eba0_0 .var "gb_state", 1 0;
v0000014056e8e420_0 .var/i "i", 31 0;
v0000014056e8dca0_0 .net "i_bank_swap", 0 0, L_0000014056b6bb20;  alias, 1 drivers
v0000014056e8e920_0 .net "i_rd_en", 0 0, v0000014056e8ba40_0;  alias, 1 drivers
v0000014056e8ece0_0 .net "o_array_vec", 95 0, L_0000014056e82080;  alias, 1 drivers
v0000014056e8f640_0 .var "o_dat_valid", 0 0;
v0000014056e8ed80 .array "ram", 511 0, 95 0;
v0000014056e8de80_0 .var "ram_out_reg", 95 0;
v0000014056e8ff00_0 .var "ram_wdata", 95 0;
v0000014056e8f6e0_0 .var "ram_wen", 0 0;
v0000014056e8fdc0_0 .var "rd_ptr", 7 0;
v0000014056e8dd40_0 .net "rd_ptr_lookahead", 7 0, L_0000014056e819a0;  1 drivers
v0000014056e8f8c0_0 .net "rst_n", 0 0, L_0000014056b6afc0;  alias, 1 drivers
v0000014056e8dfc0_0 .net "s_axis_tdata", 63 0, v0000014056e82800_0;  alias, 1 drivers
v0000014056e8f780_0 .net "s_axis_tlast", 0 0, v0000014056e81220_0;  alias, 1 drivers
L_0000014056eb1130 .functor BUFT 1, C4<1>, C4<0>, C4<0>, C4<0>;
v0000014056e8df20_0 .net "s_axis_tready", 0 0, L_0000014056eb1130;  1 drivers
v0000014056e8f820_0 .net "s_axis_tvalid", 0 0, L_0000014056b6c300;  alias, 1 drivers
v0000014056e8e560_0 .var "temp_reg", 63 0;
v0000014056e8f960_0 .var "valid_sr", 0 0;
v0000014056e8eec0_0 .var "wr_addr_pipe", 7 0;
v0000014056e8ee20_0 .var "wr_ptr", 7 0;
L_0000014056e832a0 .concat [ 8 1 0 0], v0000014056e8eec0_0, v0000014056e8fd20_0;
L_0000014056e812c0 .arith/sum 8, v0000014056e8fdc0_0, L_0000014056eb1178;
L_0000014056e819a0 .functor MUXZ 8, v0000014056e8fdc0_0, L_0000014056e812c0, v0000014056e8f640_0, C4<>;
L_0000014056e81400 .concat [ 8 1 0 0], L_0000014056e819a0, L_0000014056b6bce0;
L_0000014056e82080 .functor MUXZ 96, L_0000014056eb11c0, v0000014056e8de80_0, v0000014056e8f640_0, C4<>;
S_0000014056e7fae0 .scope module, "u_out_buf" "output_buffer_ctrl" 4 188, 13 8 0, S_0000014056cbb250;
 .timescale -9 -12;
    .port_info 0 /INPUT 1 "clk";
    .port_info 1 /INPUT 1 "rst_n";
    .port_info 2 /INPUT 128 "i_data";
    .port_info 3 /INPUT 1 "i_valid";
    .port_info 4 /OUTPUT 1 "o_full";
    .port_info 5 /OUTPUT 64 "axis_tdata";
    .port_info 6 /OUTPUT 1 "axis_tvalid";
    .port_info 7 /INPUT 1 "axis_tready";
    .port_info 8 /OUTPUT 1 "axis_tlast";
P_0000014056c2c030 .param/l "DEPTH" 1 13 29, +C4<0000000000000000000000000000000100000000>;
P_0000014056c2c068 .param/l "DEPTH_LOG2" 0 13 9, +C4<00000000000000000000000000001000>;
P_0000014056c2c0a0 .param/l "ST_HALF0" 1 13 54, C4<01>;
P_0000014056c2c0d8 .param/l "ST_HALF1" 1 13 55, C4<10>;
P_0000014056c2c110 .param/l "ST_IDLE" 1 13 53, C4<00>;
L_0000014056f31af0 .functor XOR 1, L_0000014056f24420, L_0000014056f244c0, C4<0>, C4<0>;
L_0000014056f32490 .functor AND 1, L_0000014056f31af0, L_0000014056f24a60, C4<1>, C4<1>;
L_0000014056f31230 .functor BUFZ 1, L_0000014056f32490, C4<0>, C4<0>, C4<0>;
v0000014056e8e6a0_0 .net *"_ivl_11", 7 0, L_0000014056f250a0;  1 drivers
v0000014056e8fa00_0 .net *"_ivl_12", 0 0, L_0000014056f24a60;  1 drivers
v0000014056e8ffa0_0 .net *"_ivl_3", 0 0, L_0000014056f24420;  1 drivers
v0000014056e8e1a0_0 .net *"_ivl_5", 0 0, L_0000014056f244c0;  1 drivers
v0000014056e8fe60_0 .net *"_ivl_6", 0 0, L_0000014056f31af0;  1 drivers
v0000014056e8faa0_0 .net *"_ivl_9", 7 0, L_0000014056f24560;  1 drivers
v0000014056e8ef60_0 .var "axis_tdata", 63 0;
v0000014056e90040_0 .net "axis_tlast", 0 0, L_0000014056eb3260;  alias, 1 drivers
v0000014056e8dde0_0 .net "axis_tready", 0 0, v0000014056e814a0_0;  alias, 1 drivers
v0000014056e8e100_0 .var "axis_tvalid", 0 0;
v0000014056e8ea60_0 .net "clk", 0 0, v0000014056e82620_0;  alias, 1 drivers
v0000014056e8fb40_0 .net "empty", 0 0, L_0000014056f241a0;  1 drivers
v0000014056e8e4c0_0 .net "full", 0 0, L_0000014056f32490;  1 drivers
v0000014056e8d980_0 .net "i_data", 127 0, L_0000014056f23c00;  alias, 1 drivers
v0000014056e8e600_0 .net "i_valid", 0 0, v0000014056e9ed20_0;  alias, 1 drivers
v0000014056e8e740 .array "mem", 255 0, 127 0;
v0000014056e8d8e0_0 .net "o_full", 0 0, L_0000014056f31230;  1 drivers
v0000014056e8da20_0 .var "rd_ptr", 8 0;
v0000014056e8f000_0 .net "rst_n", 0 0, L_0000014056b6afc0;  alias, 1 drivers
v0000014056e8e9c0_0 .var "state", 1 0;
v0000014056e8dac0_0 .var "word_buf", 127 0;
v0000014056e8f0a0_0 .var "wr_ptr", 8 0;
L_0000014056f241a0 .cmp/eq 9, v0000014056e8f0a0_0, v0000014056e8da20_0;
L_0000014056f24420 .part v0000014056e8f0a0_0, 8, 1;
L_0000014056f244c0 .part v0000014056e8da20_0, 8, 1;
L_0000014056f24560 .part v0000014056e8f0a0_0, 0, 8;
L_0000014056f250a0 .part v0000014056e8da20_0, 0, 8;
L_0000014056f24a60 .cmp/eq 8, L_0000014056f24560, L_0000014056f250a0;
S_0000014056e7fc70 .scope module, "u_ppu" "ppu" 4 177, 14 11 0, S_0000014056cbb250;
 .timescale -9 -12;
    .port_info 0 /INPUT 1 "clk";
    .port_info 1 /INPUT 1 "rst_n";
    .port_info 2 /INPUT 1 "i_valid";
    .port_info 3 /INPUT 512 "i_data_vec";
    .port_info 4 /OUTPUT 1 "o_valid";
    .port_info 5 /OUTPUT 128 "o_data_vec";
    .port_info 6 /INPUT 16 "cfg_mult";
    .port_info 7 /INPUT 5 "cfg_shift";
    .port_info 8 /INPUT 8 "cfg_zp";
    .port_info 9 /INPUT 32 "cfg_bias";
v0000014056e9a7c0_0 .net "cfg_bias", 31 0, v0000014056cb7bc0_0;  alias, 1 drivers
v0000014056e9ab80_0 .net "cfg_mult", 15 0, L_0000014056e83480;  alias, 1 drivers
v0000014056e9ac20_0 .net "cfg_shift", 4 0, L_0000014056e82ee0;  alias, 1 drivers
v0000014056e9ae00_0 .net "cfg_zp", 7 0, L_0000014056e82f80;  alias, 1 drivers
v0000014056e9aea0_0 .net "clk", 0 0, v0000014056e82620_0;  alias, 1 drivers
v0000014056e9f040_0 .net "i_data_vec", 511 0, L_0000014056f1b3c0;  alias, 1 drivers
v0000014056e9dce0_0 .net "i_valid", 0 0, L_0000014056f32030;  alias, 1 drivers
v0000014056e9e500_0 .net "o_data_vec", 127 0, L_0000014056f23c00;  alias, 1 drivers
v0000014056e9ed20_0 .var "o_valid", 0 0;
v0000014056e9ef00_0 .net "rst_n", 0 0, L_0000014056b6afc0;  alias, 1 drivers
L_0000014056f1be60 .part L_0000014056f1b3c0, 0, 32;
L_0000014056f1d080 .part L_0000014056f1b3c0, 32, 32;
L_0000014056f1eb60 .part L_0000014056f1b3c0, 64, 32;
L_0000014056f1e020 .part L_0000014056f1b3c0, 96, 32;
L_0000014056f1dda0 .part L_0000014056f1b3c0, 128, 32;
L_0000014056f1e340 .part L_0000014056f1b3c0, 160, 32;
L_0000014056f1d300 .part L_0000014056f1b3c0, 192, 32;
L_0000014056f1fb00 .part L_0000014056f1b3c0, 224, 32;
L_0000014056f21360 .part L_0000014056f1b3c0, 256, 32;
L_0000014056f201e0 .part L_0000014056f1b3c0, 288, 32;
L_0000014056f20960 .part L_0000014056f1b3c0, 320, 32;
L_0000014056f21fe0 .part L_0000014056f1b3c0, 352, 32;
L_0000014056f23d40 .part L_0000014056f1b3c0, 384, 32;
L_0000014056f230c0 .part L_0000014056f1b3c0, 416, 32;
L_0000014056f224e0 .part L_0000014056f1b3c0, 448, 32;
L_0000014056f23700 .part L_0000014056f1b3c0, 480, 32;
LS_0000014056f23c00_0_0 .concat8 [ 8 8 8 8], v0000014056e92520_0, v0000014056e91f80_0, v0000014056e92700_0, v0000014056e93420_0;
LS_0000014056f23c00_0_4 .concat8 [ 8 8 8 8], v0000014056e94c80_0, v0000014056e93c40_0, v0000014056e95ae0_0, v0000014056e95e00_0;
LS_0000014056f23c00_0_8 .concat8 [ 8 8 8 8], v0000014056e95a40_0, v0000014056e96940_0, v0000014056e989c0_0, v0000014056e99960_0;
LS_0000014056f23c00_0_12 .concat8 [ 8 8 8 8], v0000014056e97e80_0, v0000014056e9b6c0_0, v0000014056e9b260_0, v0000014056e9a400_0;
L_0000014056f23c00 .concat8 [ 32 32 32 32], LS_0000014056f23c00_0_0, LS_0000014056f23c00_0_4, LS_0000014056f23c00_0_8, LS_0000014056f23c00_0_12;
S_0000014056e808f0 .scope generate, "PPU_LANE[0]" "PPU_LANE[0]" 14 31, 14 31 0, S_0000014056e7fc70;
 .timescale -9 -12;
P_0000014056cfa4a0 .param/l "i" 0 14 31, +C4<00>;
L_0000014056eb1be0 .functor BUFT 1, C4<0000000000000000000000000000000000000000>, C4<0>, C4<0>, C4<0>;
v0000014056e8db60_0 .net/2u *"_ivl_11", 39 0, L_0000014056eb1be0;  1 drivers
v0000014056e8f140_0 .net *"_ivl_13", 47 0, L_0000014056f1cfe0;  1 drivers
L_0000014056eb1c28 .functor BUFT 1, C4<000000000000000000000000000000000000000001111111>, C4<0>, C4<0>, C4<0>;
v0000014056e8f1e0_0 .net/2s *"_ivl_17", 47 0, L_0000014056eb1c28;  1 drivers
v0000014056e8f280_0 .net *"_ivl_19", 0 0, L_0000014056f1c9a0;  1 drivers
L_0000014056eb1c70 .functor BUFT 1, C4<01111111>, C4<0>, C4<0>, C4<0>;
v0000014056e8dc00_0 .net/2u *"_ivl_21", 7 0, L_0000014056eb1c70;  1 drivers
L_0000014056eb1cb8 .functor BUFT 1, C4<111111111111111111111111111111111111111110000000>, C4<0>, C4<0>, C4<0>;
v0000014056e920c0_0 .net/2s *"_ivl_23", 47 0, L_0000014056eb1cb8;  1 drivers
v0000014056e92020_0 .net *"_ivl_25", 0 0, L_0000014056f1c180;  1 drivers
L_0000014056eb1d00 .functor BUFT 1, C4<10000000>, C4<0>, C4<0>, C4<0>;
v0000014056e91120_0 .net/2u *"_ivl_27", 7 0, L_0000014056eb1d00;  1 drivers
v0000014056e91080_0 .net/s *"_ivl_3", 47 0, L_0000014056f1cf40;  1 drivers
v0000014056e90360_0 .net *"_ivl_30", 7 0, L_0000014056f1ae20;  1 drivers
v0000014056e91d00_0 .net *"_ivl_31", 7 0, L_0000014056f1ca40;  1 drivers
v0000014056e90a40_0 .net *"_ivl_36", 7 0, v0000014056e92520_0;  1 drivers
v0000014056e925c0_0 .net/s *"_ivl_5", 47 0, L_0000014056f1bfa0;  1 drivers
v0000014056e91940_0 .net/s "clamped_val", 7 0, L_0000014056f1cae0;  1 drivers
v0000014056e90fe0_0 .net/s "in_val", 31 0, L_0000014056f1be60;  1 drivers
v0000014056e92520_0 .var/s "out_reg", 7 0;
v0000014056e92480_0 .net/s "product", 47 0, L_0000014056f1c220;  1 drivers
v0000014056e91da0_0 .net/s "shifted", 47 0, L_0000014056f1c360;  1 drivers
v0000014056e91300_0 .net/s "val_biased", 31 0, L_0000014056f1bf00;  1 drivers
v0000014056e90720_0 .net/s "with_zp", 47 0, L_0000014056f1c0e0;  1 drivers
L_0000014056f1bf00 .arith/sum 32, L_0000014056f1be60, v0000014056cb7bc0_0;
L_0000014056f1cf40 .extend/s 48, L_0000014056f1bf00;
L_0000014056f1bfa0 .extend/s 48, L_0000014056e83480;
L_0000014056f1c220 .arith/mult 48, L_0000014056f1cf40, L_0000014056f1bfa0;
L_0000014056f1c360 .shift/rs 48, L_0000014056f1c220, L_0000014056e82ee0;
L_0000014056f1cfe0 .concat [ 8 40 0 0], L_0000014056e82f80, L_0000014056eb1be0;
L_0000014056f1c0e0 .arith/sum 48, L_0000014056f1c360, L_0000014056f1cfe0;
L_0000014056f1c9a0 .cmp/gt.s 48, L_0000014056f1c0e0, L_0000014056eb1c28;
L_0000014056f1c180 .cmp/gt.s 48, L_0000014056eb1cb8, L_0000014056f1c0e0;
L_0000014056f1ae20 .part L_0000014056f1c0e0, 0, 8;
L_0000014056f1ca40 .functor MUXZ 8, L_0000014056f1ae20, L_0000014056eb1d00, L_0000014056f1c180, C4<>;
L_0000014056f1cae0 .functor MUXZ 8, L_0000014056f1ca40, L_0000014056eb1c70, L_0000014056f1c9a0, C4<>;
S_0000014056e80a80 .scope generate, "PPU_LANE[1]" "PPU_LANE[1]" 14 31, 14 31 0, S_0000014056e7fc70;
 .timescale -9 -12;
P_0000014056cfa220 .param/l "i" 0 14 31, +C4<01>;
L_0000014056eb1d48 .functor BUFT 1, C4<0000000000000000000000000000000000000000>, C4<0>, C4<0>, C4<0>;
v0000014056e91e40_0 .net/2u *"_ivl_11", 39 0, L_0000014056eb1d48;  1 drivers
v0000014056e90680_0 .net *"_ivl_13", 47 0, L_0000014056f1aa60;  1 drivers
L_0000014056eb1d90 .functor BUFT 1, C4<000000000000000000000000000000000000000001111111>, C4<0>, C4<0>, C4<0>;
v0000014056e91c60_0 .net/2s *"_ivl_17", 47 0, L_0000014056eb1d90;  1 drivers
v0000014056e91440_0 .net *"_ivl_19", 0 0, L_0000014056f1e7a0;  1 drivers
L_0000014056eb1dd8 .functor BUFT 1, C4<01111111>, C4<0>, C4<0>, C4<0>;
v0000014056e918a0_0 .net/2u *"_ivl_21", 7 0, L_0000014056eb1dd8;  1 drivers
L_0000014056eb1e20 .functor BUFT 1, C4<111111111111111111111111111111111111111110000000>, C4<0>, C4<0>, C4<0>;
v0000014056e911c0_0 .net/2s *"_ivl_23", 47 0, L_0000014056eb1e20;  1 drivers
v0000014056e904a0_0 .net *"_ivl_25", 0 0, L_0000014056f1f2e0;  1 drivers
L_0000014056eb1e68 .functor BUFT 1, C4<10000000>, C4<0>, C4<0>, C4<0>;
v0000014056e91ee0_0 .net/2u *"_ivl_27", 7 0, L_0000014056eb1e68;  1 drivers
v0000014056e916c0_0 .net/s *"_ivl_3", 47 0, L_0000014056f1cb80;  1 drivers
v0000014056e919e0_0 .net *"_ivl_30", 7 0, L_0000014056f1e3e0;  1 drivers
v0000014056e91260_0 .net *"_ivl_31", 7 0, L_0000014056f1f4c0;  1 drivers
v0000014056e913a0_0 .net *"_ivl_36", 7 0, v0000014056e91f80_0;  1 drivers
v0000014056e90cc0_0 .net/s *"_ivl_5", 47 0, L_0000014056f1ccc0;  1 drivers
v0000014056e900e0_0 .net/s "clamped_val", 7 0, L_0000014056f1f100;  1 drivers
v0000014056e90400_0 .net/s "in_val", 31 0, L_0000014056f1d080;  1 drivers
v0000014056e91f80_0 .var/s "out_reg", 7 0;
v0000014056e914e0_0 .net/s "product", 47 0, L_0000014056f1cea0;  1 drivers
v0000014056e90ae0_0 .net/s "shifted", 47 0, L_0000014056f1a9c0;  1 drivers
v0000014056e90e00_0 .net/s "val_biased", 31 0, L_0000014056f1a920;  1 drivers
v0000014056e909a0_0 .net/s "with_zp", 47 0, L_0000014056f1aba0;  1 drivers
L_0000014056f1a920 .arith/sum 32, L_0000014056f1d080, v0000014056cb7bc0_0;
L_0000014056f1cb80 .extend/s 48, L_0000014056f1a920;
L_0000014056f1ccc0 .extend/s 48, L_0000014056e83480;
L_0000014056f1cea0 .arith/mult 48, L_0000014056f1cb80, L_0000014056f1ccc0;
L_0000014056f1a9c0 .shift/rs 48, L_0000014056f1cea0, L_0000014056e82ee0;
L_0000014056f1aa60 .concat [ 8 40 0 0], L_0000014056e82f80, L_0000014056eb1d48;
L_0000014056f1aba0 .arith/sum 48, L_0000014056f1a9c0, L_0000014056f1aa60;
L_0000014056f1e7a0 .cmp/gt.s 48, L_0000014056f1aba0, L_0000014056eb1d90;
L_0000014056f1f2e0 .cmp/gt.s 48, L_0000014056eb1e20, L_0000014056f1aba0;
L_0000014056f1e3e0 .part L_0000014056f1aba0, 0, 8;
L_0000014056f1f4c0 .functor MUXZ 8, L_0000014056f1e3e0, L_0000014056eb1e68, L_0000014056f1f2e0, C4<>;
L_0000014056f1f100 .functor MUXZ 8, L_0000014056f1f4c0, L_0000014056eb1dd8, L_0000014056f1e7a0, C4<>;
S_0000014056e80c10 .scope generate, "PPU_LANE[2]" "PPU_LANE[2]" 14 31, 14 31 0, S_0000014056e7fc70;
 .timescale -9 -12;
P_0000014056cf9ce0 .param/l "i" 0 14 31, +C4<010>;
L_0000014056eb1eb0 .functor BUFT 1, C4<0000000000000000000000000000000000000000>, C4<0>, C4<0>, C4<0>;
v0000014056e92660_0 .net/2u *"_ivl_11", 39 0, L_0000014056eb1eb0;  1 drivers
v0000014056e90180_0 .net *"_ivl_13", 47 0, L_0000014056f1d120;  1 drivers
L_0000014056eb1ef8 .functor BUFT 1, C4<000000000000000000000000000000000000000001111111>, C4<0>, C4<0>, C4<0>;
v0000014056e90d60_0 .net/2s *"_ivl_17", 47 0, L_0000014056eb1ef8;  1 drivers
v0000014056e91b20_0 .net *"_ivl_19", 0 0, L_0000014056f1d4e0;  1 drivers
L_0000014056eb1f40 .functor BUFT 1, C4<01111111>, C4<0>, C4<0>, C4<0>;
v0000014056e92160_0 .net/2u *"_ivl_21", 7 0, L_0000014056eb1f40;  1 drivers
L_0000014056eb1f88 .functor BUFT 1, C4<111111111111111111111111111111111111111110000000>, C4<0>, C4<0>, C4<0>;
v0000014056e90540_0 .net/2s *"_ivl_23", 47 0, L_0000014056eb1f88;  1 drivers
v0000014056e91580_0 .net *"_ivl_25", 0 0, L_0000014056f1ee80;  1 drivers
L_0000014056eb1fd0 .functor BUFT 1, C4<10000000>, C4<0>, C4<0>, C4<0>;
v0000014056e91a80_0 .net/2u *"_ivl_27", 7 0, L_0000014056eb1fd0;  1 drivers
v0000014056e922a0_0 .net/s *"_ivl_3", 47 0, L_0000014056f1dbc0;  1 drivers
v0000014056e91620_0 .net *"_ivl_30", 7 0, L_0000014056f1d1c0;  1 drivers
v0000014056e92340_0 .net *"_ivl_31", 7 0, L_0000014056f1e480;  1 drivers
v0000014056e905e0_0 .net *"_ivl_36", 7 0, v0000014056e92700_0;  1 drivers
v0000014056e92200_0 .net/s *"_ivl_5", 47 0, L_0000014056f1ec00;  1 drivers
v0000014056e91760_0 .net/s "clamped_val", 7 0, L_0000014056f1e5c0;  1 drivers
v0000014056e91bc0_0 .net/s "in_val", 31 0, L_0000014056f1eb60;  1 drivers
v0000014056e92700_0 .var/s "out_reg", 7 0;
v0000014056e923e0_0 .net/s "product", 47 0, L_0000014056f1dc60;  1 drivers
v0000014056e927a0_0 .net/s "shifted", 47 0, L_0000014056f1f7e0;  1 drivers
v0000014056e90ea0_0 .net/s "val_biased", 31 0, L_0000014056f1db20;  1 drivers
v0000014056e92840_0 .net/s "with_zp", 47 0, L_0000014056f1df80;  1 drivers
L_0000014056f1db20 .arith/sum 32, L_0000014056f1eb60, v0000014056cb7bc0_0;
L_0000014056f1dbc0 .extend/s 48, L_0000014056f1db20;
L_0000014056f1ec00 .extend/s 48, L_0000014056e83480;
L_0000014056f1dc60 .arith/mult 48, L_0000014056f1dbc0, L_0000014056f1ec00;
L_0000014056f1f7e0 .shift/rs 48, L_0000014056f1dc60, L_0000014056e82ee0;
L_0000014056f1d120 .concat [ 8 40 0 0], L_0000014056e82f80, L_0000014056eb1eb0;
L_0000014056f1df80 .arith/sum 48, L_0000014056f1f7e0, L_0000014056f1d120;
L_0000014056f1d4e0 .cmp/gt.s 48, L_0000014056f1df80, L_0000014056eb1ef8;
L_0000014056f1ee80 .cmp/gt.s 48, L_0000014056eb1f88, L_0000014056f1df80;
L_0000014056f1d1c0 .part L_0000014056f1df80, 0, 8;
L_0000014056f1e480 .functor MUXZ 8, L_0000014056f1d1c0, L_0000014056eb1fd0, L_0000014056f1ee80, C4<>;
L_0000014056f1e5c0 .functor MUXZ 8, L_0000014056f1e480, L_0000014056eb1f40, L_0000014056f1d4e0, C4<>;
S_0000014056eaab50 .scope generate, "PPU_LANE[3]" "PPU_LANE[3]" 14 31, 14 31 0, S_0000014056e7fc70;
 .timescale -9 -12;
P_0000014056cfa720 .param/l "i" 0 14 31, +C4<011>;
L_0000014056eb2018 .functor BUFT 1, C4<0000000000000000000000000000000000000000>, C4<0>, C4<0>, C4<0>;
v0000014056e90220_0 .net/2u *"_ivl_11", 39 0, L_0000014056eb2018;  1 drivers
v0000014056e90b80_0 .net *"_ivl_13", 47 0, L_0000014056f1dd00;  1 drivers
L_0000014056eb2060 .functor BUFT 1, C4<000000000000000000000000000000000000000001111111>, C4<0>, C4<0>, C4<0>;
v0000014056e902c0_0 .net/2s *"_ivl_17", 47 0, L_0000014056eb2060;  1 drivers
v0000014056e91800_0 .net *"_ivl_19", 0 0, L_0000014056f1f420;  1 drivers
L_0000014056eb20a8 .functor BUFT 1, C4<01111111>, C4<0>, C4<0>, C4<0>;
v0000014056e907c0_0 .net/2u *"_ivl_21", 7 0, L_0000014056eb20a8;  1 drivers
L_0000014056eb20f0 .functor BUFT 1, C4<111111111111111111111111111111111111111110000000>, C4<0>, C4<0>, C4<0>;
v0000014056e90860_0 .net/2s *"_ivl_23", 47 0, L_0000014056eb20f0;  1 drivers
v0000014056e90900_0 .net *"_ivl_25", 0 0, L_0000014056f1e160;  1 drivers
L_0000014056eb2138 .functor BUFT 1, C4<10000000>, C4<0>, C4<0>, C4<0>;
v0000014056e90c20_0 .net/2u *"_ivl_27", 7 0, L_0000014056eb2138;  1 drivers
v0000014056e90f40_0 .net/s *"_ivl_3", 47 0, L_0000014056f1eca0;  1 drivers
v0000014056e94fa0_0 .net *"_ivl_30", 7 0, L_0000014056f1e200;  1 drivers
v0000014056e931a0_0 .net *"_ivl_31", 7 0, L_0000014056f1ed40;  1 drivers
v0000014056e94be0_0 .net *"_ivl_36", 7 0, v0000014056e93420_0;  1 drivers
v0000014056e945a0_0 .net/s *"_ivl_5", 47 0, L_0000014056f1da80;  1 drivers
v0000014056e93d80_0 .net/s "clamped_val", 7 0, L_0000014056f1f740;  1 drivers
v0000014056e94e60_0 .net/s "in_val", 31 0, L_0000014056f1e020;  1 drivers
v0000014056e93420_0 .var/s "out_reg", 7 0;
v0000014056e94f00_0 .net/s "product", 47 0, L_0000014056f1dee0;  1 drivers
v0000014056e92f20_0 .net/s "shifted", 47 0, L_0000014056f1e0c0;  1 drivers
v0000014056e92980_0 .net/s "val_biased", 31 0, L_0000014056f1d8a0;  1 drivers
v0000014056e94dc0_0 .net/s "with_zp", 47 0, L_0000014056f1eac0;  1 drivers
L_0000014056f1d8a0 .arith/sum 32, L_0000014056f1e020, v0000014056cb7bc0_0;
L_0000014056f1eca0 .extend/s 48, L_0000014056f1d8a0;
L_0000014056f1da80 .extend/s 48, L_0000014056e83480;
L_0000014056f1dee0 .arith/mult 48, L_0000014056f1eca0, L_0000014056f1da80;
L_0000014056f1e0c0 .shift/rs 48, L_0000014056f1dee0, L_0000014056e82ee0;
L_0000014056f1dd00 .concat [ 8 40 0 0], L_0000014056e82f80, L_0000014056eb2018;
L_0000014056f1eac0 .arith/sum 48, L_0000014056f1e0c0, L_0000014056f1dd00;
L_0000014056f1f420 .cmp/gt.s 48, L_0000014056f1eac0, L_0000014056eb2060;
L_0000014056f1e160 .cmp/gt.s 48, L_0000014056eb20f0, L_0000014056f1eac0;
L_0000014056f1e200 .part L_0000014056f1eac0, 0, 8;
L_0000014056f1ed40 .functor MUXZ 8, L_0000014056f1e200, L_0000014056eb2138, L_0000014056f1e160, C4<>;
L_0000014056f1f740 .functor MUXZ 8, L_0000014056f1ed40, L_0000014056eb20a8, L_0000014056f1f420, C4<>;
S_0000014056eaa1f0 .scope generate, "PPU_LANE[4]" "PPU_LANE[4]" 14 31, 14 31 0, S_0000014056e7fc70;
 .timescale -9 -12;
P_0000014056cfa9e0 .param/l "i" 0 14 31, +C4<0100>;
L_0000014056eb2180 .functor BUFT 1, C4<0000000000000000000000000000000000000000>, C4<0>, C4<0>, C4<0>;
v0000014056e94280_0 .net/2u *"_ivl_11", 39 0, L_0000014056eb2180;  1 drivers
v0000014056e94aa0_0 .net *"_ivl_13", 47 0, L_0000014056f1ef20;  1 drivers
L_0000014056eb21c8 .functor BUFT 1, C4<000000000000000000000000000000000000000001111111>, C4<0>, C4<0>, C4<0>;
v0000014056e92fc0_0 .net/2s *"_ivl_17", 47 0, L_0000014056eb21c8;  1 drivers
v0000014056e95040_0 .net *"_ivl_19", 0 0, L_0000014056f1d620;  1 drivers
L_0000014056eb2210 .functor BUFT 1, C4<01111111>, C4<0>, C4<0>, C4<0>;
v0000014056e93060_0 .net/2u *"_ivl_21", 7 0, L_0000014056eb2210;  1 drivers
L_0000014056eb2258 .functor BUFT 1, C4<111111111111111111111111111111111111111110000000>, C4<0>, C4<0>, C4<0>;
v0000014056e93740_0 .net/2s *"_ivl_23", 47 0, L_0000014056eb2258;  1 drivers
v0000014056e93ce0_0 .net *"_ivl_25", 0 0, L_0000014056f1d6c0;  1 drivers
L_0000014056eb22a0 .functor BUFT 1, C4<10000000>, C4<0>, C4<0>, C4<0>;
v0000014056e93240_0 .net/2u *"_ivl_27", 7 0, L_0000014056eb22a0;  1 drivers
v0000014056e936a0_0 .net/s *"_ivl_3", 47 0, L_0000014056f1d760;  1 drivers
v0000014056e928e0_0 .net *"_ivl_30", 7 0, L_0000014056f1e2a0;  1 drivers
v0000014056e93e20_0 .net *"_ivl_31", 7 0, L_0000014056f1e700;  1 drivers
v0000014056e932e0_0 .net *"_ivl_36", 7 0, v0000014056e94c80_0;  1 drivers
v0000014056e93100_0 .net/s *"_ivl_5", 47 0, L_0000014056f1d580;  1 drivers
v0000014056e93380_0 .net/s "clamped_val", 7 0, L_0000014056f1f240;  1 drivers
v0000014056e92a20_0 .net/s "in_val", 31 0, L_0000014056f1dda0;  1 drivers
v0000014056e94c80_0 .var/s "out_reg", 7 0;
v0000014056e93920_0 .net/s "product", 47 0, L_0000014056f1e520;  1 drivers
v0000014056e93880_0 .net/s "shifted", 47 0, L_0000014056f1e660;  1 drivers
v0000014056e92ac0_0 .net/s "val_biased", 31 0, L_0000014056f1ede0;  1 drivers
v0000014056e92b60_0 .net/s "with_zp", 47 0, L_0000014056f1e8e0;  1 drivers
L_0000014056f1ede0 .arith/sum 32, L_0000014056f1dda0, v0000014056cb7bc0_0;
L_0000014056f1d760 .extend/s 48, L_0000014056f1ede0;
L_0000014056f1d580 .extend/s 48, L_0000014056e83480;
L_0000014056f1e520 .arith/mult 48, L_0000014056f1d760, L_0000014056f1d580;
L_0000014056f1e660 .shift/rs 48, L_0000014056f1e520, L_0000014056e82ee0;
L_0000014056f1ef20 .concat [ 8 40 0 0], L_0000014056e82f80, L_0000014056eb2180;
L_0000014056f1e8e0 .arith/sum 48, L_0000014056f1e660, L_0000014056f1ef20;
L_0000014056f1d620 .cmp/gt.s 48, L_0000014056f1e8e0, L_0000014056eb21c8;
L_0000014056f1d6c0 .cmp/gt.s 48, L_0000014056eb2258, L_0000014056f1e8e0;
L_0000014056f1e2a0 .part L_0000014056f1e8e0, 0, 8;
L_0000014056f1e700 .functor MUXZ 8, L_0000014056f1e2a0, L_0000014056eb22a0, L_0000014056f1d6c0, C4<>;
L_0000014056f1f240 .functor MUXZ 8, L_0000014056f1e700, L_0000014056eb2210, L_0000014056f1d620, C4<>;
S_0000014056eaa380 .scope generate, "PPU_LANE[5]" "PPU_LANE[5]" 14 31, 14 31 0, S_0000014056e7fc70;
 .timescale -9 -12;
P_0000014056cfa120 .param/l "i" 0 14 31, +C4<0101>;
L_0000014056eb22e8 .functor BUFT 1, C4<0000000000000000000000000000000000000000>, C4<0>, C4<0>, C4<0>;
v0000014056e92c00_0 .net/2u *"_ivl_11", 39 0, L_0000014056eb22e8;  1 drivers
v0000014056e934c0_0 .net *"_ivl_13", 47 0, L_0000014056f1e840;  1 drivers
L_0000014056eb2330 .functor BUFT 1, C4<000000000000000000000000000000000000000001111111>, C4<0>, C4<0>, C4<0>;
v0000014056e94d20_0 .net/2s *"_ivl_17", 47 0, L_0000014056eb2330;  1 drivers
v0000014056e93560_0 .net *"_ivl_19", 0 0, L_0000014056f1f560;  1 drivers
L_0000014056eb2378 .functor BUFT 1, C4<01111111>, C4<0>, C4<0>, C4<0>;
v0000014056e93600_0 .net/2u *"_ivl_21", 7 0, L_0000014056eb2378;  1 drivers
L_0000014056eb23c0 .functor BUFT 1, C4<111111111111111111111111111111111111111110000000>, C4<0>, C4<0>, C4<0>;
v0000014056e93b00_0 .net/2s *"_ivl_23", 47 0, L_0000014056eb23c0;  1 drivers
v0000014056e937e0_0 .net *"_ivl_25", 0 0, L_0000014056f1f880;  1 drivers
L_0000014056eb2408 .functor BUFT 1, C4<10000000>, C4<0>, C4<0>, C4<0>;
v0000014056e939c0_0 .net/2u *"_ivl_27", 7 0, L_0000014056eb2408;  1 drivers
v0000014056e93a60_0 .net/s *"_ivl_3", 47 0, L_0000014056f1f060;  1 drivers
v0000014056e94640_0 .net *"_ivl_30", 7 0, L_0000014056f1d260;  1 drivers
v0000014056e93ba0_0 .net *"_ivl_31", 7 0, L_0000014056f1f600;  1 drivers
v0000014056e92e80_0 .net *"_ivl_36", 7 0, v0000014056e93c40_0;  1 drivers
v0000014056e92ca0_0 .net/s *"_ivl_5", 47 0, L_0000014056f1d440;  1 drivers
v0000014056e92d40_0 .net/s "clamped_val", 7 0, L_0000014056f1d940;  1 drivers
v0000014056e92de0_0 .net/s "in_val", 31 0, L_0000014056f1e340;  1 drivers
v0000014056e93c40_0 .var/s "out_reg", 7 0;
v0000014056e948c0_0 .net/s "product", 47 0, L_0000014056f1f1a0;  1 drivers
v0000014056e946e0_0 .net/s "shifted", 47 0, L_0000014056f1d9e0;  1 drivers
v0000014056e93ec0_0 .net/s "val_biased", 31 0, L_0000014056f1efc0;  1 drivers
v0000014056e93f60_0 .net/s "with_zp", 47 0, L_0000014056f1f380;  1 drivers
L_0000014056f1efc0 .arith/sum 32, L_0000014056f1e340, v0000014056cb7bc0_0;
L_0000014056f1f060 .extend/s 48, L_0000014056f1efc0;
L_0000014056f1d440 .extend/s 48, L_0000014056e83480;
L_0000014056f1f1a0 .arith/mult 48, L_0000014056f1f060, L_0000014056f1d440;
L_0000014056f1d9e0 .shift/rs 48, L_0000014056f1f1a0, L_0000014056e82ee0;
L_0000014056f1e840 .concat [ 8 40 0 0], L_0000014056e82f80, L_0000014056eb22e8;
L_0000014056f1f380 .arith/sum 48, L_0000014056f1d9e0, L_0000014056f1e840;
L_0000014056f1f560 .cmp/gt.s 48, L_0000014056f1f380, L_0000014056eb2330;
L_0000014056f1f880 .cmp/gt.s 48, L_0000014056eb23c0, L_0000014056f1f380;
L_0000014056f1d260 .part L_0000014056f1f380, 0, 8;
L_0000014056f1f600 .functor MUXZ 8, L_0000014056f1d260, L_0000014056eb2408, L_0000014056f1f880, C4<>;
L_0000014056f1d940 .functor MUXZ 8, L_0000014056f1f600, L_0000014056eb2378, L_0000014056f1f560, C4<>;
S_0000014056eaa9c0 .scope generate, "PPU_LANE[6]" "PPU_LANE[6]" 14 31, 14 31 0, S_0000014056e7fc70;
 .timescale -9 -12;
P_0000014056cf9ca0 .param/l "i" 0 14 31, +C4<0110>;
L_0000014056eb2450 .functor BUFT 1, C4<0000000000000000000000000000000000000000>, C4<0>, C4<0>, C4<0>;
v0000014056e94000_0 .net/2u *"_ivl_11", 39 0, L_0000014056eb2450;  1 drivers
v0000014056e940a0_0 .net *"_ivl_13", 47 0, L_0000014056f1d800;  1 drivers
L_0000014056eb2498 .functor BUFT 1, C4<000000000000000000000000000000000000000001111111>, C4<0>, C4<0>, C4<0>;
v0000014056e94780_0 .net/2s *"_ivl_17", 47 0, L_0000014056eb2498;  1 drivers
v0000014056e94140_0 .net *"_ivl_19", 0 0, L_0000014056f20280;  1 drivers
L_0000014056eb24e0 .functor BUFT 1, C4<01111111>, C4<0>, C4<0>, C4<0>;
v0000014056e941e0_0 .net/2u *"_ivl_21", 7 0, L_0000014056eb24e0;  1 drivers
L_0000014056eb2528 .functor BUFT 1, C4<111111111111111111111111111111111111111110000000>, C4<0>, C4<0>, C4<0>;
v0000014056e94320_0 .net/2s *"_ivl_23", 47 0, L_0000014056eb2528;  1 drivers
v0000014056e943c0_0 .net *"_ivl_25", 0 0, L_0000014056f217c0;  1 drivers
L_0000014056eb2570 .functor BUFT 1, C4<10000000>, C4<0>, C4<0>, C4<0>;
v0000014056e94460_0 .net/2u *"_ivl_27", 7 0, L_0000014056eb2570;  1 drivers
v0000014056e94500_0 .net/s *"_ivl_3", 47 0, L_0000014056f1d3a0;  1 drivers
v0000014056e94820_0 .net *"_ivl_30", 7 0, L_0000014056f200a0;  1 drivers
v0000014056e94960_0 .net *"_ivl_31", 7 0, L_0000014056f1ff60;  1 drivers
v0000014056e94a00_0 .net *"_ivl_36", 7 0, v0000014056e95ae0_0;  1 drivers
v0000014056e94b40_0 .net/s *"_ivl_5", 47 0, L_0000014056f1e980;  1 drivers
v0000014056e954a0_0 .net/s "clamped_val", 7 0, L_0000014056f205a0;  1 drivers
v0000014056e963a0_0 .net/s "in_val", 31 0, L_0000014056f1d300;  1 drivers
v0000014056e95ae0_0 .var/s "out_reg", 7 0;
v0000014056e96440_0 .net/s "product", 47 0, L_0000014056f1ea20;  1 drivers
v0000014056e959a0_0 .net/s "shifted", 47 0, L_0000014056f1de40;  1 drivers
v0000014056e97700_0 .net/s "val_biased", 31 0, L_0000014056f1f6a0;  1 drivers
v0000014056e973e0_0 .net/s "with_zp", 47 0, L_0000014056f21400;  1 drivers
L_0000014056f1f6a0 .arith/sum 32, L_0000014056f1d300, v0000014056cb7bc0_0;
L_0000014056f1d3a0 .extend/s 48, L_0000014056f1f6a0;
L_0000014056f1e980 .extend/s 48, L_0000014056e83480;
L_0000014056f1ea20 .arith/mult 48, L_0000014056f1d3a0, L_0000014056f1e980;
L_0000014056f1de40 .shift/rs 48, L_0000014056f1ea20, L_0000014056e82ee0;
L_0000014056f1d800 .concat [ 8 40 0 0], L_0000014056e82f80, L_0000014056eb2450;
L_0000014056f21400 .arith/sum 48, L_0000014056f1de40, L_0000014056f1d800;
L_0000014056f20280 .cmp/gt.s 48, L_0000014056f21400, L_0000014056eb2498;
L_0000014056f217c0 .cmp/gt.s 48, L_0000014056eb2528, L_0000014056f21400;
L_0000014056f200a0 .part L_0000014056f21400, 0, 8;
L_0000014056f1ff60 .functor MUXZ 8, L_0000014056f200a0, L_0000014056eb2570, L_0000014056f217c0, C4<>;
L_0000014056f205a0 .functor MUXZ 8, L_0000014056f1ff60, L_0000014056eb24e0, L_0000014056f20280, C4<>;
S_0000014056ea8f30 .scope generate, "PPU_LANE[7]" "PPU_LANE[7]" 14 31, 14 31 0, S_0000014056e7fc70;
 .timescale -9 -12;
P_0000014056cfa260 .param/l "i" 0 14 31, +C4<0111>;
L_0000014056eb25b8 .functor BUFT 1, C4<0000000000000000000000000000000000000000>, C4<0>, C4<0>, C4<0>;
v0000014056e952c0_0 .net/2u *"_ivl_11", 39 0, L_0000014056eb25b8;  1 drivers
v0000014056e95cc0_0 .net *"_ivl_13", 47 0, L_0000014056f20320;  1 drivers
L_0000014056eb2600 .functor BUFT 1, C4<000000000000000000000000000000000000000001111111>, C4<0>, C4<0>, C4<0>;
v0000014056e95f40_0 .net/2s *"_ivl_17", 47 0, L_0000014056eb2600;  1 drivers
v0000014056e975c0_0 .net *"_ivl_19", 0 0, L_0000014056f214a0;  1 drivers
L_0000014056eb2648 .functor BUFT 1, C4<01111111>, C4<0>, C4<0>, C4<0>;
v0000014056e95860_0 .net/2u *"_ivl_21", 7 0, L_0000014056eb2648;  1 drivers
L_0000014056eb2690 .functor BUFT 1, C4<111111111111111111111111111111111111111110000000>, C4<0>, C4<0>, C4<0>;
v0000014056e95fe0_0 .net/2s *"_ivl_23", 47 0, L_0000014056eb2690;  1 drivers
v0000014056e97520_0 .net *"_ivl_25", 0 0, L_0000014056f1fec0;  1 drivers
L_0000014056eb26d8 .functor BUFT 1, C4<10000000>, C4<0>, C4<0>, C4<0>;
v0000014056e96e40_0 .net/2u *"_ivl_27", 7 0, L_0000014056eb26d8;  1 drivers
v0000014056e961c0_0 .net/s *"_ivl_3", 47 0, L_0000014056f20780;  1 drivers
v0000014056e97020_0 .net *"_ivl_30", 7 0, L_0000014056f20000;  1 drivers
v0000014056e95540_0 .net *"_ivl_31", 7 0, L_0000014056f21540;  1 drivers
v0000014056e95900_0 .net *"_ivl_36", 7 0, v0000014056e95e00_0;  1 drivers
v0000014056e95d60_0 .net/s *"_ivl_5", 47 0, L_0000014056f21e00;  1 drivers
v0000014056e964e0_0 .net/s "clamped_val", 7 0, L_0000014056f20140;  1 drivers
v0000014056e96d00_0 .net/s "in_val", 31 0, L_0000014056f1fb00;  1 drivers
v0000014056e95e00_0 .var/s "out_reg", 7 0;
v0000014056e972a0_0 .net/s "product", 47 0, L_0000014056f21180;  1 drivers
v0000014056e95400_0 .net/s "shifted", 47 0, L_0000014056f21c20;  1 drivers
v0000014056e97660_0 .net/s "val_biased", 31 0, L_0000014056f1fba0;  1 drivers
v0000014056e955e0_0 .net/s "with_zp", 47 0, L_0000014056f21860;  1 drivers
L_0000014056f1fba0 .arith/sum 32, L_0000014056f1fb00, v0000014056cb7bc0_0;
L_0000014056f20780 .extend/s 48, L_0000014056f1fba0;
L_0000014056f21e00 .extend/s 48, L_0000014056e83480;
L_0000014056f21180 .arith/mult 48, L_0000014056f20780, L_0000014056f21e00;
L_0000014056f21c20 .shift/rs 48, L_0000014056f21180, L_0000014056e82ee0;
L_0000014056f20320 .concat [ 8 40 0 0], L_0000014056e82f80, L_0000014056eb25b8;
L_0000014056f21860 .arith/sum 48, L_0000014056f21c20, L_0000014056f20320;
L_0000014056f214a0 .cmp/gt.s 48, L_0000014056f21860, L_0000014056eb2600;
L_0000014056f1fec0 .cmp/gt.s 48, L_0000014056eb2690, L_0000014056f21860;
L_0000014056f20000 .part L_0000014056f21860, 0, 8;
L_0000014056f21540 .functor MUXZ 8, L_0000014056f20000, L_0000014056eb26d8, L_0000014056f1fec0, C4<>;
L_0000014056f20140 .functor MUXZ 8, L_0000014056f21540, L_0000014056eb2648, L_0000014056f214a0, C4<>;
S_0000014056eaa830 .scope generate, "PPU_LANE[8]" "PPU_LANE[8]" 14 31, 14 31 0, S_0000014056e7fc70;
 .timescale -9 -12;
P_0000014056cfa7a0 .param/l "i" 0 14 31, +C4<01000>;
L_0000014056eb2720 .functor BUFT 1, C4<0000000000000000000000000000000000000000>, C4<0>, C4<0>, C4<0>;
v0000014056e96b20_0 .net/2u *"_ivl_11", 39 0, L_0000014056eb2720;  1 drivers
v0000014056e96da0_0 .net *"_ivl_13", 47 0, L_0000014056f215e0;  1 drivers
L_0000014056eb2768 .functor BUFT 1, C4<000000000000000000000000000000000000000001111111>, C4<0>, C4<0>, C4<0>;
v0000014056e95360_0 .net/2s *"_ivl_17", 47 0, L_0000014056eb2768;  1 drivers
v0000014056e95ea0_0 .net *"_ivl_19", 0 0, L_0000014056f21900;  1 drivers
L_0000014056eb27b0 .functor BUFT 1, C4<01111111>, C4<0>, C4<0>, C4<0>;
v0000014056e96ee0_0 .net/2u *"_ivl_21", 7 0, L_0000014056eb27b0;  1 drivers
L_0000014056eb27f8 .functor BUFT 1, C4<111111111111111111111111111111111111111110000000>, C4<0>, C4<0>, C4<0>;
v0000014056e95680_0 .net/2s *"_ivl_23", 47 0, L_0000014056eb27f8;  1 drivers
v0000014056e96f80_0 .net *"_ivl_25", 0 0, L_0000014056f20460;  1 drivers
L_0000014056eb2840 .functor BUFT 1, C4<10000000>, C4<0>, C4<0>, C4<0>;
v0000014056e96580_0 .net/2u *"_ivl_27", 7 0, L_0000014056eb2840;  1 drivers
v0000014056e96bc0_0 .net/s *"_ivl_3", 47 0, L_0000014056f1fc40;  1 drivers
v0000014056e977a0_0 .net *"_ivl_30", 7 0, L_0000014056f1fce0;  1 drivers
v0000014056e970c0_0 .net *"_ivl_31", 7 0, L_0000014056f1fd80;  1 drivers
v0000014056e96c60_0 .net *"_ivl_36", 7 0, v0000014056e95a40_0;  1 drivers
v0000014056e96760_0 .net/s *"_ivl_5", 47 0, L_0000014056f20500;  1 drivers
v0000014056e96300_0 .net/s "clamped_val", 7 0, L_0000014056f21d60;  1 drivers
v0000014056e96620_0 .net/s "in_val", 31 0, L_0000014056f21360;  1 drivers
v0000014056e95a40_0 .var/s "out_reg", 7 0;
v0000014056e969e0_0 .net/s "product", 47 0, L_0000014056f1f920;  1 drivers
v0000014056e97160_0 .net/s "shifted", 47 0, L_0000014056f219a0;  1 drivers
v0000014056e95b80_0 .net/s "val_biased", 31 0, L_0000014056f21220;  1 drivers
v0000014056e97200_0 .net/s "with_zp", 47 0, L_0000014056f21f40;  1 drivers
L_0000014056f21220 .arith/sum 32, L_0000014056f21360, v0000014056cb7bc0_0;
L_0000014056f1fc40 .extend/s 48, L_0000014056f21220;
L_0000014056f20500 .extend/s 48, L_0000014056e83480;
L_0000014056f1f920 .arith/mult 48, L_0000014056f1fc40, L_0000014056f20500;
L_0000014056f219a0 .shift/rs 48, L_0000014056f1f920, L_0000014056e82ee0;
L_0000014056f215e0 .concat [ 8 40 0 0], L_0000014056e82f80, L_0000014056eb2720;
L_0000014056f21f40 .arith/sum 48, L_0000014056f219a0, L_0000014056f215e0;
L_0000014056f21900 .cmp/gt.s 48, L_0000014056f21f40, L_0000014056eb2768;
L_0000014056f20460 .cmp/gt.s 48, L_0000014056eb27f8, L_0000014056f21f40;
L_0000014056f1fce0 .part L_0000014056f21f40, 0, 8;
L_0000014056f1fd80 .functor MUXZ 8, L_0000014056f1fce0, L_0000014056eb2840, L_0000014056f20460, C4<>;
L_0000014056f21d60 .functor MUXZ 8, L_0000014056f1fd80, L_0000014056eb27b0, L_0000014056f21900, C4<>;
S_0000014056ea9ed0 .scope generate, "PPU_LANE[9]" "PPU_LANE[9]" 14 31, 14 31 0, S_0000014056e7fc70;
 .timescale -9 -12;
P_0000014056cfab60 .param/l "i" 0 14 31, +C4<01001>;
L_0000014056eb2888 .functor BUFT 1, C4<0000000000000000000000000000000000000000>, C4<0>, C4<0>, C4<0>;
v0000014056e97340_0 .net/2u *"_ivl_11", 39 0, L_0000014056eb2888;  1 drivers
v0000014056e966c0_0 .net *"_ivl_13", 47 0, L_0000014056f206e0;  1 drivers
L_0000014056eb28d0 .functor BUFT 1, C4<000000000000000000000000000000000000000001111111>, C4<0>, C4<0>, C4<0>;
v0000014056e95c20_0 .net/2s *"_ivl_17", 47 0, L_0000014056eb28d0;  1 drivers
v0000014056e97840_0 .net *"_ivl_19", 0 0, L_0000014056f21680;  1 drivers
L_0000014056eb2918 .functor BUFT 1, C4<01111111>, C4<0>, C4<0>, C4<0>;
v0000014056e95720_0 .net/2u *"_ivl_21", 7 0, L_0000014056eb2918;  1 drivers
L_0000014056eb2960 .functor BUFT 1, C4<111111111111111111111111111111111111111110000000>, C4<0>, C4<0>, C4<0>;
v0000014056e950e0_0 .net/2s *"_ivl_23", 47 0, L_0000014056eb2960;  1 drivers
v0000014056e95180_0 .net *"_ivl_25", 0 0, L_0000014056f20820;  1 drivers
L_0000014056eb29a8 .functor BUFT 1, C4<10000000>, C4<0>, C4<0>, C4<0>;
v0000014056e96080_0 .net/2u *"_ivl_27", 7 0, L_0000014056eb29a8;  1 drivers
v0000014056e97480_0 .net/s *"_ivl_3", 47 0, L_0000014056f203c0;  1 drivers
v0000014056e957c0_0 .net *"_ivl_30", 7 0, L_0000014056f208c0;  1 drivers
v0000014056e96120_0 .net *"_ivl_31", 7 0, L_0000014056f1f9c0;  1 drivers
v0000014056e95220_0 .net *"_ivl_36", 7 0, v0000014056e96940_0;  1 drivers
v0000014056e96260_0 .net/s *"_ivl_5", 47 0, L_0000014056f20640;  1 drivers
v0000014056e96800_0 .net/s "clamped_val", 7 0, L_0000014056f21720;  1 drivers
v0000014056e968a0_0 .net/s "in_val", 31 0, L_0000014056f201e0;  1 drivers
v0000014056e96940_0 .var/s "out_reg", 7 0;
v0000014056e96a80_0 .net/s "product", 47 0, L_0000014056f20d20;  1 drivers
v0000014056e97fc0_0 .net/s "shifted", 47 0, L_0000014056f21ea0;  1 drivers
v0000014056e98380_0 .net/s "val_biased", 31 0, L_0000014056f1fe20;  1 drivers
v0000014056e97ca0_0 .net/s "with_zp", 47 0, L_0000014056f21cc0;  1 drivers
L_0000014056f1fe20 .arith/sum 32, L_0000014056f201e0, v0000014056cb7bc0_0;
L_0000014056f203c0 .extend/s 48, L_0000014056f1fe20;
L_0000014056f20640 .extend/s 48, L_0000014056e83480;
L_0000014056f20d20 .arith/mult 48, L_0000014056f203c0, L_0000014056f20640;
L_0000014056f21ea0 .shift/rs 48, L_0000014056f20d20, L_0000014056e82ee0;
L_0000014056f206e0 .concat [ 8 40 0 0], L_0000014056e82f80, L_0000014056eb2888;
L_0000014056f21cc0 .arith/sum 48, L_0000014056f21ea0, L_0000014056f206e0;
L_0000014056f21680 .cmp/gt.s 48, L_0000014056f21cc0, L_0000014056eb28d0;
L_0000014056f20820 .cmp/gt.s 48, L_0000014056eb2960, L_0000014056f21cc0;
L_0000014056f208c0 .part L_0000014056f21cc0, 0, 8;
L_0000014056f1f9c0 .functor MUXZ 8, L_0000014056f208c0, L_0000014056eb29a8, L_0000014056f20820, C4<>;
L_0000014056f21720 .functor MUXZ 8, L_0000014056f1f9c0, L_0000014056eb2918, L_0000014056f21680, C4<>;
S_0000014056ea90c0 .scope generate, "PPU_LANE[10]" "PPU_LANE[10]" 14 31, 14 31 0, S_0000014056e7fc70;
 .timescale -9 -12;
P_0000014056cf9de0 .param/l "i" 0 14 31, +C4<01010>;
L_0000014056eb29f0 .functor BUFT 1, C4<0000000000000000000000000000000000000000>, C4<0>, C4<0>, C4<0>;
v0000014056e984c0_0 .net/2u *"_ivl_11", 39 0, L_0000014056eb29f0;  1 drivers
v0000014056e99f00_0 .net *"_ivl_13", 47 0, L_0000014056f20c80;  1 drivers
L_0000014056eb2a38 .functor BUFT 1, C4<000000000000000000000000000000000000000001111111>, C4<0>, C4<0>, C4<0>;
v0000014056e996e0_0 .net/2s *"_ivl_17", 47 0, L_0000014056eb2a38;  1 drivers
v0000014056e98060_0 .net *"_ivl_19", 0 0, L_0000014056f20f00;  1 drivers
L_0000014056eb2a80 .functor BUFT 1, C4<01111111>, C4<0>, C4<0>, C4<0>;
v0000014056e982e0_0 .net/2u *"_ivl_21", 7 0, L_0000014056eb2a80;  1 drivers
L_0000014056eb2ac8 .functor BUFT 1, C4<111111111111111111111111111111111111111110000000>, C4<0>, C4<0>, C4<0>;
v0000014056e97d40_0 .net/2s *"_ivl_23", 47 0, L_0000014056eb2ac8;  1 drivers
v0000014056e99e60_0 .net *"_ivl_25", 0 0, L_0000014056f20fa0;  1 drivers
L_0000014056eb2b10 .functor BUFT 1, C4<10000000>, C4<0>, C4<0>, C4<0>;
v0000014056e98ec0_0 .net/2u *"_ivl_27", 7 0, L_0000014056eb2b10;  1 drivers
v0000014056e98560_0 .net/s *"_ivl_3", 47 0, L_0000014056f20a00;  1 drivers
v0000014056e98920_0 .net *"_ivl_30", 7 0, L_0000014056f21040;  1 drivers
v0000014056e987e0_0 .net *"_ivl_31", 7 0, L_0000014056f210e0;  1 drivers
v0000014056e98600_0 .net *"_ivl_36", 7 0, v0000014056e989c0_0;  1 drivers
v0000014056e978e0_0 .net/s *"_ivl_5", 47 0, L_0000014056f20aa0;  1 drivers
v0000014056e97b60_0 .net/s "clamped_val", 7 0, L_0000014056f212c0;  1 drivers
v0000014056e99500_0 .net/s "in_val", 31 0, L_0000014056f20960;  1 drivers
v0000014056e989c0_0 .var/s "out_reg", 7 0;
v0000014056e991e0_0 .net/s "product", 47 0, L_0000014056f20dc0;  1 drivers
v0000014056e986a0_0 .net/s "shifted", 47 0, L_0000014056f20b40;  1 drivers
v0000014056e981a0_0 .net/s "val_biased", 31 0, L_0000014056f20be0;  1 drivers
v0000014056e99820_0 .net/s "with_zp", 47 0, L_0000014056f20e60;  1 drivers
L_0000014056f20be0 .arith/sum 32, L_0000014056f20960, v0000014056cb7bc0_0;
L_0000014056f20a00 .extend/s 48, L_0000014056f20be0;
L_0000014056f20aa0 .extend/s 48, L_0000014056e83480;
L_0000014056f20dc0 .arith/mult 48, L_0000014056f20a00, L_0000014056f20aa0;
L_0000014056f20b40 .shift/rs 48, L_0000014056f20dc0, L_0000014056e82ee0;
L_0000014056f20c80 .concat [ 8 40 0 0], L_0000014056e82f80, L_0000014056eb29f0;
L_0000014056f20e60 .arith/sum 48, L_0000014056f20b40, L_0000014056f20c80;
L_0000014056f20f00 .cmp/gt.s 48, L_0000014056f20e60, L_0000014056eb2a38;
L_0000014056f20fa0 .cmp/gt.s 48, L_0000014056eb2ac8, L_0000014056f20e60;
L_0000014056f21040 .part L_0000014056f20e60, 0, 8;
L_0000014056f210e0 .functor MUXZ 8, L_0000014056f21040, L_0000014056eb2b10, L_0000014056f20fa0, C4<>;
L_0000014056f212c0 .functor MUXZ 8, L_0000014056f210e0, L_0000014056eb2a80, L_0000014056f20f00, C4<>;
S_0000014056ea88f0 .scope generate, "PPU_LANE[11]" "PPU_LANE[11]" 14 31, 14 31 0, S_0000014056e7fc70;
 .timescale -9 -12;
P_0000014056cfa4e0 .param/l "i" 0 14 31, +C4<01011>;
L_0000014056eb2b58 .functor BUFT 1, C4<0000000000000000000000000000000000000000>, C4<0>, C4<0>, C4<0>;
v0000014056e99aa0_0 .net/2u *"_ivl_11", 39 0, L_0000014056eb2b58;  1 drivers
v0000014056e99280_0 .net *"_ivl_13", 47 0, L_0000014056f22da0;  1 drivers
L_0000014056eb2ba0 .functor BUFT 1, C4<000000000000000000000000000000000000000001111111>, C4<0>, C4<0>, C4<0>;
v0000014056e998c0_0 .net/2s *"_ivl_17", 47 0, L_0000014056eb2ba0;  1 drivers
v0000014056e995a0_0 .net *"_ivl_19", 0 0, L_0000014056f24600;  1 drivers
L_0000014056eb2be8 .functor BUFT 1, C4<01111111>, C4<0>, C4<0>, C4<0>;
v0000014056e99640_0 .net/2u *"_ivl_21", 7 0, L_0000014056eb2be8;  1 drivers
L_0000014056eb2c30 .functor BUFT 1, C4<111111111111111111111111111111111111111110000000>, C4<0>, C4<0>, C4<0>;
v0000014056e99000_0 .net/2s *"_ivl_23", 47 0, L_0000014056eb2c30;  1 drivers
v0000014056e990a0_0 .net *"_ivl_25", 0 0, L_0000014056f22800;  1 drivers
L_0000014056eb2c78 .functor BUFT 1, C4<10000000>, C4<0>, C4<0>, C4<0>;
v0000014056e99be0_0 .net/2u *"_ivl_27", 7 0, L_0000014056eb2c78;  1 drivers
v0000014056e99b40_0 .net/s *"_ivl_3", 47 0, L_0000014056f21a40;  1 drivers
v0000014056e99780_0 .net *"_ivl_30", 7 0, L_0000014056f226c0;  1 drivers
v0000014056e99d20_0 .net *"_ivl_31", 7 0, L_0000014056f22e40;  1 drivers
v0000014056e99fa0_0 .net *"_ivl_36", 7 0, v0000014056e99960_0;  1 drivers
v0000014056e9a040_0 .net/s *"_ivl_5", 47 0, L_0000014056f21ae0;  1 drivers
v0000014056e97980_0 .net/s "clamped_val", 7 0, L_0000014056f23020;  1 drivers
v0000014056e97a20_0 .net/s "in_val", 31 0, L_0000014056f21fe0;  1 drivers
v0000014056e99960_0 .var/s "out_reg", 7 0;
v0000014056e98740_0 .net/s "product", 47 0, L_0000014056f21b80;  1 drivers
v0000014056e98420_0 .net/s "shifted", 47 0, L_0000014056f1fa60;  1 drivers
v0000014056e97ac0_0 .net/s "val_biased", 31 0, L_0000014056f22080;  1 drivers
v0000014056e99a00_0 .net/s "with_zp", 47 0, L_0000014056f242e0;  1 drivers
L_0000014056f22080 .arith/sum 32, L_0000014056f21fe0, v0000014056cb7bc0_0;
L_0000014056f21a40 .extend/s 48, L_0000014056f22080;
L_0000014056f21ae0 .extend/s 48, L_0000014056e83480;
L_0000014056f21b80 .arith/mult 48, L_0000014056f21a40, L_0000014056f21ae0;
L_0000014056f1fa60 .shift/rs 48, L_0000014056f21b80, L_0000014056e82ee0;
L_0000014056f22da0 .concat [ 8 40 0 0], L_0000014056e82f80, L_0000014056eb2b58;
L_0000014056f242e0 .arith/sum 48, L_0000014056f1fa60, L_0000014056f22da0;
L_0000014056f24600 .cmp/gt.s 48, L_0000014056f242e0, L_0000014056eb2ba0;
L_0000014056f22800 .cmp/gt.s 48, L_0000014056eb2c30, L_0000014056f242e0;
L_0000014056f226c0 .part L_0000014056f242e0, 0, 8;
L_0000014056f22e40 .functor MUXZ 8, L_0000014056f226c0, L_0000014056eb2c78, L_0000014056f22800, C4<>;
L_0000014056f23020 .functor MUXZ 8, L_0000014056f22e40, L_0000014056eb2be8, L_0000014056f24600, C4<>;
S_0000014056ea74a0 .scope generate, "PPU_LANE[12]" "PPU_LANE[12]" 14 31, 14 31 0, S_0000014056e7fc70;
 .timescale -9 -12;
P_0000014056cfa160 .param/l "i" 0 14 31, +C4<01100>;
L_0000014056eb2cc0 .functor BUFT 1, C4<0000000000000000000000000000000000000000>, C4<0>, C4<0>, C4<0>;
v0000014056e99460_0 .net/2u *"_ivl_11", 39 0, L_0000014056eb2cc0;  1 drivers
v0000014056e99c80_0 .net *"_ivl_13", 47 0, L_0000014056f22580;  1 drivers
L_0000014056eb2d08 .functor BUFT 1, C4<000000000000000000000000000000000000000001111111>, C4<0>, C4<0>, C4<0>;
v0000014056e99320_0 .net/2s *"_ivl_17", 47 0, L_0000014056eb2d08;  1 drivers
v0000014056e99dc0_0 .net *"_ivl_19", 0 0, L_0000014056f22f80;  1 drivers
L_0000014056eb2d50 .functor BUFT 1, C4<01111111>, C4<0>, C4<0>, C4<0>;
v0000014056e98100_0 .net/2u *"_ivl_21", 7 0, L_0000014056eb2d50;  1 drivers
L_0000014056eb2d98 .functor BUFT 1, C4<111111111111111111111111111111111111111110000000>, C4<0>, C4<0>, C4<0>;
v0000014056e98880_0 .net/2s *"_ivl_23", 47 0, L_0000014056eb2d98;  1 drivers
v0000014056e98b00_0 .net *"_ivl_25", 0 0, L_0000014056f23ca0;  1 drivers
L_0000014056eb2de0 .functor BUFT 1, C4<10000000>, C4<0>, C4<0>, C4<0>;
v0000014056e99140_0 .net/2u *"_ivl_27", 7 0, L_0000014056eb2de0;  1 drivers
v0000014056e98a60_0 .net/s *"_ivl_3", 47 0, L_0000014056f24740;  1 drivers
v0000014056e993c0_0 .net *"_ivl_30", 7 0, L_0000014056f246a0;  1 drivers
v0000014056e98c40_0 .net *"_ivl_31", 7 0, L_0000014056f22b20;  1 drivers
v0000014056e98ba0_0 .net *"_ivl_36", 7 0, v0000014056e97e80_0;  1 drivers
v0000014056e97c00_0 .net/s *"_ivl_5", 47 0, L_0000014056f229e0;  1 drivers
v0000014056e98240_0 .net/s "clamped_val", 7 0, L_0000014056f24880;  1 drivers
v0000014056e97de0_0 .net/s "in_val", 31 0, L_0000014056f23d40;  1 drivers
v0000014056e97e80_0 .var/s "out_reg", 7 0;
v0000014056e98ce0_0 .net/s "product", 47 0, L_0000014056f247e0;  1 drivers
v0000014056e98d80_0 .net/s "shifted", 47 0, L_0000014056f228a0;  1 drivers
v0000014056e98e20_0 .net/s "val_biased", 31 0, L_0000014056f23200;  1 drivers
v0000014056e98f60_0 .net/s "with_zp", 47 0, L_0000014056f22ee0;  1 drivers
L_0000014056f23200 .arith/sum 32, L_0000014056f23d40, v0000014056cb7bc0_0;
L_0000014056f24740 .extend/s 48, L_0000014056f23200;
L_0000014056f229e0 .extend/s 48, L_0000014056e83480;
L_0000014056f247e0 .arith/mult 48, L_0000014056f24740, L_0000014056f229e0;
L_0000014056f228a0 .shift/rs 48, L_0000014056f247e0, L_0000014056e82ee0;
L_0000014056f22580 .concat [ 8 40 0 0], L_0000014056e82f80, L_0000014056eb2cc0;
L_0000014056f22ee0 .arith/sum 48, L_0000014056f228a0, L_0000014056f22580;
L_0000014056f22f80 .cmp/gt.s 48, L_0000014056f22ee0, L_0000014056eb2d08;
L_0000014056f23ca0 .cmp/gt.s 48, L_0000014056eb2d98, L_0000014056f22ee0;
L_0000014056f246a0 .part L_0000014056f22ee0, 0, 8;
L_0000014056f22b20 .functor MUXZ 8, L_0000014056f246a0, L_0000014056eb2de0, L_0000014056f23ca0, C4<>;
L_0000014056f24880 .functor MUXZ 8, L_0000014056f22b20, L_0000014056eb2d50, L_0000014056f22f80, C4<>;
S_0000014056ea9250 .scope generate, "PPU_LANE[13]" "PPU_LANE[13]" 14 31, 14 31 0, S_0000014056e7fc70;
 .timescale -9 -12;
P_0000014056cfa2a0 .param/l "i" 0 14 31, +C4<01101>;
L_0000014056eb2e28 .functor BUFT 1, C4<0000000000000000000000000000000000000000>, C4<0>, C4<0>, C4<0>;
v0000014056e97f20_0 .net/2u *"_ivl_11", 39 0, L_0000014056eb2e28;  1 drivers
v0000014056e9aa40_0 .net *"_ivl_13", 47 0, L_0000014056f22a80;  1 drivers
L_0000014056eb2e70 .functor BUFT 1, C4<000000000000000000000000000000000000000001111111>, C4<0>, C4<0>, C4<0>;
v0000014056e9c700_0 .net/2s *"_ivl_17", 47 0, L_0000014056eb2e70;  1 drivers
v0000014056e9a9a0_0 .net *"_ivl_19", 0 0, L_0000014056f23840;  1 drivers
L_0000014056eb2eb8 .functor BUFT 1, C4<01111111>, C4<0>, C4<0>, C4<0>;
v0000014056e9bf80_0 .net/2u *"_ivl_21", 7 0, L_0000014056eb2eb8;  1 drivers
L_0000014056eb2f00 .functor BUFT 1, C4<111111111111111111111111111111111111111110000000>, C4<0>, C4<0>, C4<0>;
v0000014056e9be40_0 .net/2s *"_ivl_23", 47 0, L_0000014056eb2f00;  1 drivers
v0000014056e9ba80_0 .net *"_ivl_25", 0 0, L_0000014056f221c0;  1 drivers
L_0000014056eb2f48 .functor BUFT 1, C4<10000000>, C4<0>, C4<0>, C4<0>;
v0000014056e9c7a0_0 .net/2u *"_ivl_27", 7 0, L_0000014056eb2f48;  1 drivers
v0000014056e9b8a0_0 .net/s *"_ivl_3", 47 0, L_0000014056f24240;  1 drivers
v0000014056e9b3a0_0 .net *"_ivl_30", 7 0, L_0000014056f22bc0;  1 drivers
v0000014056e9c660_0 .net *"_ivl_31", 7 0, L_0000014056f22260;  1 drivers
v0000014056e9b800_0 .net *"_ivl_36", 7 0, v0000014056e9b6c0_0;  1 drivers
v0000014056e9af40_0 .net/s *"_ivl_5", 47 0, L_0000014056f23de0;  1 drivers
v0000014056e9b4e0_0 .net/s "clamped_val", 7 0, L_0000014056f23340;  1 drivers
v0000014056e9c520_0 .net/s "in_val", 31 0, L_0000014056f230c0;  1 drivers
v0000014056e9b6c0_0 .var/s "out_reg", 7 0;
v0000014056e9c5c0_0 .net/s "product", 47 0, L_0000014056f232a0;  1 drivers
v0000014056e9a860_0 .net/s "shifted", 47 0, L_0000014056f23160;  1 drivers
v0000014056e9a4a0_0 .net/s "val_biased", 31 0, L_0000014056f22d00;  1 drivers
v0000014056e9c200_0 .net/s "with_zp", 47 0, L_0000014056f237a0;  1 drivers
L_0000014056f22d00 .arith/sum 32, L_0000014056f230c0, v0000014056cb7bc0_0;
L_0000014056f24240 .extend/s 48, L_0000014056f22d00;
L_0000014056f23de0 .extend/s 48, L_0000014056e83480;
L_0000014056f232a0 .arith/mult 48, L_0000014056f24240, L_0000014056f23de0;
L_0000014056f23160 .shift/rs 48, L_0000014056f232a0, L_0000014056e82ee0;
L_0000014056f22a80 .concat [ 8 40 0 0], L_0000014056e82f80, L_0000014056eb2e28;
L_0000014056f237a0 .arith/sum 48, L_0000014056f23160, L_0000014056f22a80;
L_0000014056f23840 .cmp/gt.s 48, L_0000014056f237a0, L_0000014056eb2e70;
L_0000014056f221c0 .cmp/gt.s 48, L_0000014056eb2f00, L_0000014056f237a0;
L_0000014056f22bc0 .part L_0000014056f237a0, 0, 8;
L_0000014056f22260 .functor MUXZ 8, L_0000014056f22bc0, L_0000014056eb2f48, L_0000014056f221c0, C4<>;
L_0000014056f23340 .functor MUXZ 8, L_0000014056f22260, L_0000014056eb2eb8, L_0000014056f23840, C4<>;
S_0000014056ea8120 .scope generate, "PPU_LANE[14]" "PPU_LANE[14]" 14 31, 14 31 0, S_0000014056e7fc70;
 .timescale -9 -12;
P_0000014056cfa2e0 .param/l "i" 0 14 31, +C4<01110>;
L_0000014056eb2f90 .functor BUFT 1, C4<0000000000000000000000000000000000000000>, C4<0>, C4<0>, C4<0>;
v0000014056e9b580_0 .net/2u *"_ivl_11", 39 0, L_0000014056eb2f90;  1 drivers
v0000014056e9b120_0 .net *"_ivl_13", 47 0, L_0000014056f233e0;  1 drivers
L_0000014056eb2fd8 .functor BUFT 1, C4<000000000000000000000000000000000000000001111111>, C4<0>, C4<0>, C4<0>;
v0000014056e9a2c0_0 .net/2s *"_ivl_17", 47 0, L_0000014056eb2fd8;  1 drivers
v0000014056e9acc0_0 .net *"_ivl_19", 0 0, L_0000014056f23f20;  1 drivers
L_0000014056eb3020 .functor BUFT 1, C4<01111111>, C4<0>, C4<0>, C4<0>;
v0000014056e9bd00_0 .net/2u *"_ivl_21", 7 0, L_0000014056eb3020;  1 drivers
L_0000014056eb3068 .functor BUFT 1, C4<111111111111111111111111111111111111111110000000>, C4<0>, C4<0>, C4<0>;
v0000014056e9b080_0 .net/2s *"_ivl_23", 47 0, L_0000014056eb3068;  1 drivers
v0000014056e9c840_0 .net *"_ivl_25", 0 0, L_0000014056f22940;  1 drivers
L_0000014056eb30b0 .functor BUFT 1, C4<10000000>, C4<0>, C4<0>, C4<0>;
v0000014056e9b940_0 .net/2u *"_ivl_27", 7 0, L_0000014056eb30b0;  1 drivers
v0000014056e9afe0_0 .net/s *"_ivl_3", 47 0, L_0000014056f22300;  1 drivers
v0000014056e9b1c0_0 .net *"_ivl_30", 7 0, L_0000014056f24380;  1 drivers
v0000014056e9aae0_0 .net *"_ivl_31", 7 0, L_0000014056f22760;  1 drivers
v0000014056e9bda0_0 .net *"_ivl_36", 7 0, v0000014056e9b260_0;  1 drivers
v0000014056e9b300_0 .net/s *"_ivl_5", 47 0, L_0000014056f23e80;  1 drivers
v0000014056e9a720_0 .net/s "clamped_val", 7 0, L_0000014056f238e0;  1 drivers
v0000014056e9bbc0_0 .net/s "in_val", 31 0, L_0000014056f224e0;  1 drivers
v0000014056e9b260_0 .var/s "out_reg", 7 0;
v0000014056e9bee0_0 .net/s "product", 47 0, L_0000014056f235c0;  1 drivers
v0000014056e9b440_0 .net/s "shifted", 47 0, L_0000014056f22620;  1 drivers
v0000014056e9c480_0 .net/s "val_biased", 31 0, L_0000014056f22120;  1 drivers
v0000014056e9bc60_0 .net/s "with_zp", 47 0, L_0000014056f223a0;  1 drivers
L_0000014056f22120 .arith/sum 32, L_0000014056f224e0, v0000014056cb7bc0_0;
L_0000014056f22300 .extend/s 48, L_0000014056f22120;
L_0000014056f23e80 .extend/s 48, L_0000014056e83480;
L_0000014056f235c0 .arith/mult 48, L_0000014056f22300, L_0000014056f23e80;
L_0000014056f22620 .shift/rs 48, L_0000014056f235c0, L_0000014056e82ee0;
L_0000014056f233e0 .concat [ 8 40 0 0], L_0000014056e82f80, L_0000014056eb2f90;
L_0000014056f223a0 .arith/sum 48, L_0000014056f22620, L_0000014056f233e0;
L_0000014056f23f20 .cmp/gt.s 48, L_0000014056f223a0, L_0000014056eb2fd8;
L_0000014056f22940 .cmp/gt.s 48, L_0000014056eb3068, L_0000014056f223a0;
L_0000014056f24380 .part L_0000014056f223a0, 0, 8;
L_0000014056f22760 .functor MUXZ 8, L_0000014056f24380, L_0000014056eb30b0, L_0000014056f22940, C4<>;
L_0000014056f238e0 .functor MUXZ 8, L_0000014056f22760, L_0000014056eb3020, L_0000014056f23f20, C4<>;
S_0000014056eaa6a0 .scope generate, "PPU_LANE[15]" "PPU_LANE[15]" 14 31, 14 31 0, S_0000014056e7fc70;
 .timescale -9 -12;
P_0000014056cfa560 .param/l "i" 0 14 31, +C4<01111>;
L_0000014056eb30f8 .functor BUFT 1, C4<0000000000000000000000000000000000000000>, C4<0>, C4<0>, C4<0>;
v0000014056e9b620_0 .net/2u *"_ivl_11", 39 0, L_0000014056eb30f8;  1 drivers
v0000014056e9c020_0 .net *"_ivl_13", 47 0, L_0000014056f24060;  1 drivers
L_0000014056eb3140 .functor BUFT 1, C4<000000000000000000000000000000000000000001111111>, C4<0>, C4<0>, C4<0>;
v0000014056e9b760_0 .net/2s *"_ivl_17", 47 0, L_0000014056eb3140;  1 drivers
v0000014056e9b9e0_0 .net *"_ivl_19", 0 0, L_0000014056f24100;  1 drivers
L_0000014056eb3188 .functor BUFT 1, C4<01111111>, C4<0>, C4<0>, C4<0>;
v0000014056e9c160_0 .net/2u *"_ivl_21", 7 0, L_0000014056eb3188;  1 drivers
L_0000014056eb31d0 .functor BUFT 1, C4<111111111111111111111111111111111111111110000000>, C4<0>, C4<0>, C4<0>;
v0000014056e9bb20_0 .net/2s *"_ivl_23", 47 0, L_0000014056eb31d0;  1 drivers
v0000014056e9ad60_0 .net *"_ivl_25", 0 0, L_0000014056f22440;  1 drivers
L_0000014056eb3218 .functor BUFT 1, C4<10000000>, C4<0>, C4<0>, C4<0>;
v0000014056e9c0c0_0 .net/2u *"_ivl_27", 7 0, L_0000014056eb3218;  1 drivers
v0000014056e9c2a0_0 .net/s *"_ivl_3", 47 0, L_0000014056f22c60;  1 drivers
v0000014056e9c340_0 .net *"_ivl_30", 7 0, L_0000014056f23a20;  1 drivers
v0000014056e9c3e0_0 .net *"_ivl_31", 7 0, L_0000014056f23ac0;  1 drivers
v0000014056e9a0e0_0 .net *"_ivl_36", 7 0, v0000014056e9a400_0;  1 drivers
v0000014056e9a180_0 .net/s *"_ivl_5", 47 0, L_0000014056f23480;  1 drivers
v0000014056e9a220_0 .net/s "clamped_val", 7 0, L_0000014056f23b60;  1 drivers
v0000014056e9a360_0 .net/s "in_val", 31 0, L_0000014056f23700;  1 drivers
v0000014056e9a400_0 .var/s "out_reg", 7 0;
v0000014056e9a540_0 .net/s "product", 47 0, L_0000014056f23520;  1 drivers
v0000014056e9a900_0 .net/s "shifted", 47 0, L_0000014056f23660;  1 drivers
v0000014056e9a5e0_0 .net/s "val_biased", 31 0, L_0000014056f23fc0;  1 drivers
v0000014056e9a680_0 .net/s "with_zp", 47 0, L_0000014056f23980;  1 drivers
L_0000014056f23fc0 .arith/sum 32, L_0000014056f23700, v0000014056cb7bc0_0;
L_0000014056f22c60 .extend/s 48, L_0000014056f23fc0;
L_0000014056f23480 .extend/s 48, L_0000014056e83480;
L_0000014056f23520 .arith/mult 48, L_0000014056f22c60, L_0000014056f23480;
L_0000014056f23660 .shift/rs 48, L_0000014056f23520, L_0000014056e82ee0;
L_0000014056f24060 .concat [ 8 40 0 0], L_0000014056e82f80, L_0000014056eb30f8;
L_0000014056f23980 .arith/sum 48, L_0000014056f23660, L_0000014056f24060;
L_0000014056f24100 .cmp/gt.s 48, L_0000014056f23980, L_0000014056eb3140;
L_0000014056f22440 .cmp/gt.s 48, L_0000014056eb31d0, L_0000014056f23980;
L_0000014056f23a20 .part L_0000014056f23980, 0, 8;
L_0000014056f23ac0 .functor MUXZ 8, L_0000014056f23a20, L_0000014056eb3218, L_0000014056f22440, C4<>;
L_0000014056f23b60 .functor MUXZ 8, L_0000014056f23ac0, L_0000014056eb3188, L_0000014056f24100, C4<>;
S_0000014056eaace0 .scope module, "u_weight_buf" "weight_buffer_ctrl" 4 140, 15 9 0, S_0000014056cbb250;
 .timescale -9 -12;
    .port_info 0 /INPUT 1 "clk";
    .port_info 1 /INPUT 1 "rst_n";
    .port_info 2 /INPUT 64 "s_axis_tdata";
    .port_info 3 /INPUT 1 "s_axis_tvalid";
    .port_info 4 /OUTPUT 1 "s_axis_tready";
    .port_info 5 /INPUT 1 "i_weight_load_en";
    .port_info 6 /OUTPUT 128 "o_weight_vec";
    .port_info 7 /OUTPUT 1 "o_dat_valid";
    .port_info 8 /INPUT 1 "i_bank_swap";
P_0000014056d8a5b0 .param/l "DEPTH_LOG2" 1 15 32, +C4<00000000000000000000000000000100>;
P_0000014056d8a5e8 .param/l "OUT_WIDTH" 1 15 33, +C4<0000000000000000000000000000000000000000000000000000000010000000>;
L_0000014056b6b340 .functor NOT 1, v0000014056e9e460_0, C4<0>, C4<0>, C4<0>;
L_0000014056b6b420 .functor BUFZ 128, v0000014056e9d880_0, C4<00000000000000000000000000000000000000000000000000000000000000000000000000000000000000000000000000000000000000000000000000000000>, C4<00000000000000000000000000000000000000000000000000000000000000000000000000000000000000000000000000000000000000000000000000000000>, C4<00000000000000000000000000000000000000000000000000000000000000000000000000000000000000000000000000000000000000000000000000000000>;
v0000014056e9da60_0 .net *"_ivl_10", 0 0, L_0000014056b6b340;  1 drivers
L_0000014056eb1250 .functor BUFT 1, C4<0001>, C4<0>, C4<0>, C4<0>;
v0000014056e9cac0_0 .net/2u *"_ivl_4", 3 0, L_0000014056eb1250;  1 drivers
v0000014056e9d420_0 .net *"_ivl_6", 3 0, L_0000014056e81ae0;  1 drivers
v0000014056e9e460_0 .var "bank_sel", 0 0;
v0000014056e9e5a0_0 .net "clk", 0 0, v0000014056e82620_0;  alias, 1 drivers
v0000014056e9e8c0_0 .net "final_rd_addr", 4 0, L_0000014056e833e0;  1 drivers
v0000014056e9dd80_0 .net "final_wr_addr", 4 0, L_0000014056e83340;  1 drivers
v0000014056e9d6a0_0 .var "gb_cnt", 0 0;
v0000014056e9d380_0 .var/i "i", 31 0;
v0000014056e9d4c0_0 .net "i_bank_swap", 0 0, L_0000014056b6bf80;  alias, 1 drivers
v0000014056e9dba0_0 .net "i_weight_load_en", 0 0, v0000014056e8ca80_0;  alias, 1 drivers
v0000014056e9ee60_0 .var "o_dat_valid", 0 0;
v0000014056e9db00_0 .var "o_dat_valid_temp", 0 0;
v0000014056e9e000_0 .net "o_weight_vec", 127 0, L_0000014056b6b420;  alias, 1 drivers
v0000014056e9d740 .array "ram", 31 0, 127 0;
v0000014056e9d880_0 .var "ram_out_reg", 127 0;
v0000014056e9d240_0 .var "ram_wdata", 127 0;
v0000014056e9dec0_0 .var "ram_wen", 0 0;
v0000014056e9cca0_0 .var "rd_ptr", 3 0;
v0000014056e9dc40_0 .net "rd_ptr_lookahead", 3 0, L_0000014056e815e0;  1 drivers
v0000014056e9d2e0_0 .net "rst_n", 0 0, L_0000014056b6afc0;  alias, 1 drivers
v0000014056e9d560_0 .net "s_axis_tdata", 63 0, v0000014056e82800_0;  alias, 1 drivers
L_0000014056eb1208 .functor BUFT 1, C4<1>, C4<0>, C4<0>, C4<0>;
v0000014056e9cf20_0 .net "s_axis_tready", 0 0, L_0000014056eb1208;  1 drivers
v0000014056e9e280_0 .net "s_axis_tvalid", 0 0, L_0000014056b6bff0;  alias, 1 drivers
v0000014056e9cfc0_0 .var "temp_low", 63 0;
v0000014056e9d600_0 .var "wr_addr_pipe", 3 0;
v0000014056e9e960_0 .var "wr_ptr", 3 0;
L_0000014056e83340 .concat [ 4 1 0 0], v0000014056e9d600_0, v0000014056e9e460_0;
L_0000014056e81ae0 .arith/sum 4, v0000014056e9cca0_0, L_0000014056eb1250;
L_0000014056e815e0 .functor MUXZ 4, v0000014056e9cca0_0, L_0000014056e81ae0, v0000014056e9ee60_0, C4<>;
L_0000014056e833e0 .concat [ 4 1 0 0], L_0000014056e815e0, L_0000014056b6b340;
S_0000014056eaae70 .scope task, "load_case" "load_case" 3 346, 3 346 0, S_0000014056cf21e0;
 .timescale -9 -12;
v0000014056e9fc20_0 .var/i "case_id", 31 0;
v0000014056e9fa40_0 .var/str "path";
TD_deit_accelerator_top_tb_dual.load_case ;
    %vpi_call/w 3 350 "$sformat", v0000014056e9fa40_0, "src/test_data_top/case%0d/axis_input.mem", v0000014056e9fc20_0 {0 0 0};
    %vpi_call/w 3 351 "$readmemh", v0000014056e9fa40_0, v0000014056e81720 {0 0 0};
    %vpi_call/w 3 352 "$sformat", v0000014056e9fa40_0, "src/test_data_top/case%0d/axis_weight.mem", v0000014056e9fc20_0 {0 0 0};
    %vpi_call/w 3 353 "$readmemh", v0000014056e9fa40_0, v0000014056e82a80 {0 0 0};
    %vpi_call/w 3 354 "$sformat", v0000014056e9fa40_0, "src/test_data_top/case%0d/axis_golden.mem", v0000014056e9fc20_0 {0 0 0};
    %vpi_call/w 3 355 "$readmemh", v0000014056e9fa40_0, v0000014056e81540 {0 0 0};
    %vpi_call/w 3 356 "$sformat", v0000014056e9fa40_0, "src/test_data_top/case%0d/ram_golden_c01.mem", v0000014056e9fc20_0 {0 0 0};
    %vpi_call/w 3 357 "$readmemh", v0000014056e9fa40_0, v0000014056e837a0 {0 0 0};
    %vpi_call/w 3 358 "$sformat", v0000014056e9fa40_0, "src/test_data_top/case%0d/config.mem", v0000014056e9fc20_0 {0 0 0};
    %vpi_call/w 3 359 "$readmemh", v0000014056e9fa40_0, v0000014056e817c0 {0 0 0};
    %ix/load 4, 4, 0;
    %flag_set/imm 4, 0;
    %load/vec4a v0000014056e817c0, 4;
    %store/vec4 v0000014056e82c60_0, 0, 32;
    %ix/load 4, 5, 0;
    %flag_set/imm 4, 0;
    %load/vec4a v0000014056e817c0, 4;
    %store/vec4 v0000014056ea0440_0, 0, 32;
    %ix/load 4, 6, 0;
    %flag_set/imm 4, 0;
    %load/vec4a v0000014056e817c0, 4;
    %store/vec4 v0000014056e81860_0, 0, 32;
    %ix/load 4, 7, 0;
    %flag_set/imm 4, 0;
    %load/vec4a v0000014056e817c0, 4;
    %store/vec4 v0000014056e830c0_0, 0, 32;
    %ix/load 4, 8, 0;
    %flag_set/imm 4, 0;
    %load/vec4a v0000014056e817c0, 4;
    %store/vec4 v0000014056e81180_0, 0, 32;
    %ix/load 4, 9, 0;
    %flag_set/imm 4, 0;
    %load/vec4a v0000014056e817c0, 4;
    %store/vec4 v0000014056e83700_0, 0, 32;
    %load/vec4 v0000014056e81180_0;
    %pushi/vec4 12, 0, 32;
    %div/s;
    %store/vec4 v0000014056e835c0_0, 0, 32;
    %load/vec4 v0000014056e83700_0;
    %pushi/vec4 16, 0, 32;
    %div/s;
    %store/vec4 v0000014056e828a0_0, 0, 32;
    %load/vec4 v0000014056e830c0_0;
    %muli 3, 0, 32;
    %pushi/vec4 2, 0, 32;
    %div/s;
    %store/vec4 v0000014056ea0260_0, 0, 32;
    %pushi/vec4 24, 0, 32;
    %store/vec4 v0000014056e83660_0, 0, 32;
    %load/vec4 v0000014056e830c0_0;
    %muli 2, 0, 32;
    %store/vec4 v0000014056e823a0_0, 0, 32;
    %vpi_call/w 3 374 "$display", "[CFG] Case%0d M=%0d K=%0d N=%0d", v0000014056e9fc20_0, v0000014056e82c60_0, v0000014056ea0440_0, v0000014056e81860_0 {0 0 0};
    %vpi_call/w 3 375 "$display", "[CFG] Case%0d M_PAD=%0d K_PAD=%0d N_PAD=%0d", v0000014056e9fc20_0, v0000014056e830c0_0, v0000014056e81180_0, v0000014056e83700_0 {0 0 0};
    %vpi_call/w 3 376 "$display", "[CFG] Case%0d K_TILES=%0d N_TILES=%0d", v0000014056e9fc20_0, v0000014056e835c0_0, v0000014056e828a0_0 {0 0 0};
    %vpi_call/w 3 377 "$display", "[CFG] Case%0d INPUT_WORDS_PER_TILE=%0d", v0000014056e9fc20_0, v0000014056ea0260_0 {0 0 0};
    %vpi_call/w 3 378 "$display", "[CFG] Case%0d OUTPUT_WORDS_PER_TILE=%0d", v0000014056e9fc20_0, v0000014056e823a0_0 {0 0 0};
    %end;
S_0000014056eab4b0 .scope task, "run_case" "run_case" 3 382, 3 382 0, S_0000014056cf21e0;
 .timescale -9 -12;
v0000014056ea0c60_0 .var "acc_mode", 0 0;
v0000014056e9f540_0 .var/i "case_id", 31 0;
v0000014056e9fae0_0 .var/i "k_idx", 31 0;
v0000014056ea0d00_0 .var/i "n_idx", 31 0;
v0000014056ea0da0_0 .var "output_en", 0 0;
TD_deit_accelerator_top_tb_dual.run_case ;
    %vpi_call/w 3 389 "$display", "\012=== START CASE %0d ===", v0000014056e9f540_0 {0 0 0};
    %load/vec4 v0000014056e9f540_0;
    %store/vec4 v0000014056e9fc20_0, 0, 32;
    %fork TD_deit_accelerator_top_tb_dual.load_case, S_0000014056eaae70;
    %join;
    %pushi/vec4 0, 0, 6;
    %store/vec4 v0000014056cb35c0_0, 0, 6;
    %pushi/vec4 2, 0, 32;
    %store/vec4 v0000014056cb56e0_0, 0, 32;
    %fork TD_deit_accelerator_top_tb_dual.axi_lite_write, S_00000140562f6fb0;
    %join;
    %fork TD_deit_accelerator_top_tb_dual.wait_idle, S_0000014056ea8da0;
    %join;
    %pushi/vec4 0, 0, 1;
    %store/vec4 v0000014056e824e0_0, 0, 1;
    %pushi/vec4 0, 0, 1;
    %store/vec4 v0000014056e81220_0, 0, 1;
    %pushi/vec4 0, 0, 1;
    %store/vec4 v0000014056e814a0_0, 0, 1;
    %pushi/vec4 8, 0, 6;
    %store/vec4 v0000014056cb35c0_0, 0, 6;
    %load/vec4 v0000014056e830c0_0;
    %subi 1, 0, 32;
    %store/vec4 v0000014056cb56e0_0, 0, 32;
    %fork TD_deit_accelerator_top_tb_dual.axi_lite_write, S_00000140562f6fb0;
    %join;
    %pushi/vec4 20, 0, 6;
    %store/vec4 v0000014056cb35c0_0, 0, 6;
    %ix/load 4, 0, 0;
    %flag_set/imm 4, 0;
    %load/vec4a v0000014056e817c0, 4;
    %store/vec4 v0000014056cb56e0_0, 0, 32;
    %fork TD_deit_accelerator_top_tb_dual.axi_lite_write, S_00000140562f6fb0;
    %join;
    %pushi/vec4 24, 0, 6;
    %store/vec4 v0000014056cb35c0_0, 0, 6;
    %ix/load 4, 1, 0;
    %flag_set/imm 4, 0;
    %load/vec4a v0000014056e817c0, 4;
    %store/vec4 v0000014056cb56e0_0, 0, 32;
    %fork TD_deit_accelerator_top_tb_dual.axi_lite_write, S_00000140562f6fb0;
    %join;
    %pushi/vec4 28, 0, 6;
    %store/vec4 v0000014056cb35c0_0, 0, 6;
    %ix/load 4, 2, 0;
    %flag_set/imm 4, 0;
    %load/vec4a v0000014056e817c0, 4;
    %store/vec4 v0000014056cb56e0_0, 0, 32;
    %fork TD_deit_accelerator_top_tb_dual.axi_lite_write, S_00000140562f6fb0;
    %join;
    %pushi/vec4 32, 0, 6;
    %store/vec4 v0000014056cb35c0_0, 0, 6;
    %ix/load 4, 3, 0;
    %flag_set/imm 4, 0;
    %load/vec4a v0000014056e817c0, 4;
    %store/vec4 v0000014056cb56e0_0, 0, 32;
    %fork TD_deit_accelerator_top_tb_dual.axi_lite_write, S_00000140562f6fb0;
    %join;
    %pushi/vec4 0, 0, 32;
    %store/vec4 v0000014056ea0d00_0, 0, 32;
T_8.34 ;
    %load/vec4 v0000014056ea0d00_0;
    %load/vec4 v0000014056e828a0_0;
    %cmp/s;
    %jmp/0xz T_8.35, 5;
    %vpi_call/w 3 405 "$display", "\012[TILE] === Case%0d N=%0d ===", v0000014056e9f540_0, v0000014056ea0d00_0 {0 0 0};
    %pushi/vec4 0, 0, 32;
    %store/vec4 v0000014056e9fae0_0, 0, 32;
T_8.36 ;
    %load/vec4 v0000014056e9fae0_0;
    %load/vec4 v0000014056e835c0_0;
    %cmp/s;
    %jmp/0xz T_8.37, 5;
    %vpi_call/w 3 407 "$display", "[TILE] -> K=%0d", v0000014056e9fae0_0 {0 0 0};
    %load/vec4 v0000014056e9fae0_0;
    %cmpi/e 0, 0, 32;
    %flag_mov 8, 4;
    %jmp/0 T_8.38, 8;
    %pushi/vec4 0, 0, 2;
    %jmp/1 T_8.39, 8;
T_8.38 ; End of true expr.
    %pushi/vec4 1, 0, 2;
    %jmp/0 T_8.39, 8;
 ; End of false expr.
    %blend;
T_8.39;
    %pad/s 1;
    %store/vec4 v0000014056ea0c60_0, 0, 1;
    %load/vec4 v0000014056e9fae0_0;
    %load/vec4 v0000014056e835c0_0;
    %subi 1, 0, 32;
    %cmp/e;
    %flag_mov 8, 4;
    %jmp/0 T_8.40, 8;
    %pushi/vec4 1, 0, 2;
    %jmp/1 T_8.41, 8;
T_8.40 ; End of true expr.
    %pushi/vec4 0, 0, 2;
    %jmp/0 T_8.41, 8;
 ; End of false expr.
    %blend;
T_8.41;
    %pad/s 1;
    %store/vec4 v0000014056ea0da0_0, 0, 1;
    %pushi/vec4 36, 0, 6;
    %store/vec4 v0000014056cb35c0_0, 0, 6;
    %load/vec4 v0000014056ea0da0_0;
    %pad/u 32;
    %store/vec4 v0000014056cb56e0_0, 0, 32;
    %fork TD_deit_accelerator_top_tb_dual.axi_lite_write, S_00000140562f6fb0;
    %join;
    %pushi/vec4 12, 0, 6;
    %store/vec4 v0000014056cb35c0_0, 0, 6;
    %load/vec4 v0000014056ea0c60_0;
    %pad/u 32;
    %store/vec4 v0000014056cb56e0_0, 0, 32;
    %fork TD_deit_accelerator_top_tb_dual.axi_lite_write, S_00000140562f6fb0;
    %join;
    %fork TD_deit_accelerator_top_tb_dual.wait_idle, S_0000014056ea8da0;
    %join;
    %load/vec4 v0000014056e9fae0_0;
    %store/vec4 v0000014056e9ffe0_0, 0, 32;
    %fork TD_deit_accelerator_top_tb_dual.send_input_tile, S_0000014056ea9a20;
    %join;
    %fork t_11, S_0000014056eab4b0;
    %fork t_12, S_0000014056eab4b0;
    %join;
    %join;
    %jmp t_10;
t_11 ;
    %pushi/vec4 0, 0, 6;
    %store/vec4 v0000014056cb35c0_0, 0, 6;
    %pushi/vec4 3, 0, 32;
    %store/vec4 v0000014056cb56e0_0, 0, 32;
    %fork TD_deit_accelerator_top_tb_dual.axi_lite_write, S_00000140562f6fb0;
    %join;
    %end;
t_12 ;
    %load/vec4 v0000014056ea0d00_0;
    %store/vec4 v0000014056e9f180_0, 0, 32;
    %load/vec4 v0000014056e9fae0_0;
    %store/vec4 v0000014056e9f720_0, 0, 32;
    %fork TD_deit_accelerator_top_tb_dual.send_weight_tile, S_0000014056ea8a80;
    %join;
    %end;
    .scope S_0000014056eab4b0;
t_10 ;
    %load/vec4 v0000014056ea0d00_0;
    %store/vec4 v0000014056cb4100_0, 0, 32;
    %load/vec4 v0000014056e9fae0_0;
    %store/vec4 v0000014056cb3660_0, 0, 32;
    %pushi/vec4 0, 0, 32; draw_string_vec4
    %pushi/vec4 4277844, 0, 32; draw_string_vec4
    %concat/vec4; draw_string_vec4
    %pushi/vec4 1163026259, 0, 32; draw_string_vec4
    %concat/vec4; draw_string_vec4
    %pushi/vec4 1413567060, 0, 32; draw_string_vec4
    %concat/vec4; draw_string_vec4
    %store/vec4 v0000014056cb4740_0, 0, 128;
    %fork TD_deit_accelerator_top_tb_dual.ckpt_a, S_0000014056356640;
    %join;
    %load/vec4 v0000014056ea0d00_0;
    %store/vec4 v0000014056cb33e0_0, 0, 32;
    %load/vec4 v0000014056e9fae0_0;
    %store/vec4 v0000014056cb4380_0, 0, 32;
    %fork TD_deit_accelerator_top_tb_dual.count_activity, S_0000014056cbb0c0;
    %join;
    %fork TD_deit_accelerator_top_tb_dual.wait_for_done, S_0000014056ea7f90;
    %join;
    %load/vec4 v0000014056ea0d00_0;
    %store/vec4 v0000014056cb4100_0, 0, 32;
    %load/vec4 v0000014056e9fae0_0;
    %store/vec4 v0000014056cb3660_0, 0, 32;
    %pushi/vec4 0, 0, 32; draw_string_vec4
    %pushi/vec4 16710, 0, 32; draw_string_vec4
    %concat/vec4; draw_string_vec4
    %pushi/vec4 1413829215, 0, 32; draw_string_vec4
    %concat/vec4; draw_string_vec4
    %pushi/vec4 1146048069, 0, 32; draw_string_vec4
    %concat/vec4; draw_string_vec4
    %store/vec4 v0000014056cb4740_0, 0, 128;
    %fork TD_deit_accelerator_top_tb_dual.ckpt_a, S_0000014056356640;
    %join;
    %load/vec4 v0000014056ea0d00_0;
    %store/vec4 v0000014056cb5140_0, 0, 32;
    %load/vec4 v0000014056e9fae0_0;
    %store/vec4 v0000014056cb3fc0_0, 0, 32;
    %fork TD_deit_accelerator_top_tb_dual.check_acc_ckpt, S_00000140562d3dd0;
    %join;
    %load/vec4 v0000014056ea0da0_0;
    %flag_set/vec4 8;
    %jmp/0xz  T_8.42, 8;
    %load/vec4 v0000014056ea0d00_0;
    %store/vec4 v0000014056cb5780_0, 0, 32;
    %fork TD_deit_accelerator_top_tb_dual.check_outbuf_mem, S_00000140562d3f60;
    %join;
    %load/vec4 v0000014056ea0d00_0;
    %store/vec4 v0000014056cb3340_0, 0, 32;
    %pushi/vec4 0, 0, 32;
    %store/vec4 v0000014056cb4240_0, 0, 32;
    %fork TD_deit_accelerator_top_tb_dual.ckpt_outbuf_state, S_00000140562df580;
    %join;
    %load/vec4 v0000014056ea0d00_0;
    %store/vec4 v0000014056cb3160_0, 0, 32;
    %fork TD_deit_accelerator_top_tb_dual.check_output_stream, S_00000140562c82d0;
    %join;
    %load/vec4 v0000014056ea0d00_0;
    %store/vec4 v0000014056cb3340_0, 0, 32;
    %pushi/vec4 1, 0, 32;
    %store/vec4 v0000014056cb4240_0, 0, 32;
    %fork TD_deit_accelerator_top_tb_dual.ckpt_outbuf_state, S_00000140562df580;
    %join;
T_8.42 ;
    %load/vec4 v0000014056e9fae0_0;
    %addi 1, 0, 32;
    %store/vec4 v0000014056e9fae0_0, 0, 32;
    %jmp T_8.36;
T_8.37 ;
    %load/vec4 v0000014056ea0d00_0;
    %addi 1, 0, 32;
    %store/vec4 v0000014056ea0d00_0, 0, 32;
    %jmp T_8.34;
T_8.35 ;
    %vpi_call/w 3 444 "$display", "=== END CASE %0d ===\012", v0000014056e9f540_0 {0 0 0};
    %end;
S_0000014056ea9a20 .scope task, "send_input_tile" "send_input_tile" 3 184, 3 184 0, S_0000014056cf21e0;
 .timescale -9 -12;
v0000014056e9f680_0 .var/i "base", 31 0;
v0000014056ea01c0_0 .var/i "i", 31 0;
v0000014056e9ffe0_0 .var/i "k_idx", 31 0;
TD_deit_accelerator_top_tb_dual.send_input_tile ;
    %load/vec4 v0000014056e9ffe0_0;
    %load/vec4 v0000014056ea0260_0;
    %mul;
    %store/vec4 v0000014056e9f680_0, 0, 32;
    %pushi/vec4 0, 0, 32;
    %store/vec4 v0000014056ea01c0_0, 0, 32;
T_9.44 ;
    %load/vec4 v0000014056ea01c0_0;
    %load/vec4 v0000014056ea0260_0;
    %cmp/s;
    %jmp/0xz T_9.45, 5;
    %pushi/vec4 1, 0, 1;
    %assign/vec4 v0000014056e824e0_0, 0;
    %load/vec4 v0000014056e9f680_0;
    %load/vec4 v0000014056ea01c0_0;
    %add;
    %ix/vec4/s 4;
    %load/vec4a v0000014056e81720, 4;
    %assign/vec4 v0000014056e82800_0, 0;
    %load/vec4 v0000014056ea01c0_0;
    %load/vec4 v0000014056ea0260_0;
    %subi 1, 0, 32;
    %cmp/e;
    %flag_get/vec4 4;
    %assign/vec4 v0000014056e81220_0, 0;
    %wait E_0000014056cf5fe0;
    %load/vec4 v0000014056ea01c0_0;
    %addi 1, 0, 32;
    %store/vec4 v0000014056ea01c0_0, 0, 32;
    %jmp T_9.44;
T_9.45 ;
    %pushi/vec4 0, 0, 1;
    %assign/vec4 v0000014056e824e0_0, 0;
    %pushi/vec4 0, 0, 1;
    %assign/vec4 v0000014056e81220_0, 0;
    %end;
S_0000014056ea8a80 .scope task, "send_weight_tile" "send_weight_tile" 3 201, 3 201 0, S_0000014056cf21e0;
 .timescale -9 -12;
v0000014056ea0e40_0 .var/i "base", 31 0;
v0000014056ea0f80_0 .var/i "i", 31 0;
v0000014056e9f720_0 .var/i "k_idx", 31 0;
v0000014056e9f180_0 .var/i "n_idx", 31 0;
v0000014056e9f220_0 .var "ok_dma", 0 0;
TD_deit_accelerator_top_tb_dual.send_weight_tile ;
    %load/vec4 v0000014056e9f180_0;
    %load/vec4 v0000014056e835c0_0;
    %mul;
    %load/vec4 v0000014056e9f720_0;
    %add;
    %load/vec4 v0000014056e83660_0;
    %mul;
    %store/vec4 v0000014056ea0e40_0, 0, 32;
    %fork TD_deit_accelerator_top_tb_dual.wait_for_dma_req, S_0000014056eab000;
    %join;
    %load/vec4 v0000014056e9fcc0_0;
    %store/vec4 v0000014056e9f220_0, 0, 1;
    %load/vec4 v0000014056e9f220_0;
    %flag_set/vec4 8;
    %jmp/0xz  T_10.46, 8;
    %pushi/vec4 0, 0, 32;
    %store/vec4 v0000014056ea0f80_0, 0, 32;
T_10.48 ;
    %load/vec4 v0000014056ea0f80_0;
    %load/vec4 v0000014056e83660_0;
    %cmp/s;
    %jmp/0xz T_10.49, 5;
    %pushi/vec4 1, 0, 1;
    %assign/vec4 v0000014056e824e0_0, 0;
    %load/vec4 v0000014056ea0e40_0;
    %load/vec4 v0000014056ea0f80_0;
    %add;
    %ix/vec4/s 4;
    %load/vec4a v0000014056e82a80, 4;
    %assign/vec4 v0000014056e82800_0, 0;
    %load/vec4 v0000014056ea0f80_0;
    %load/vec4 v0000014056e83660_0;
    %subi 1, 0, 32;
    %cmp/e;
    %flag_get/vec4 4;
    %assign/vec4 v0000014056e81220_0, 0;
    %wait E_0000014056cf5fe0;
    %load/vec4 v0000014056ea0f80_0;
    %addi 1, 0, 32;
    %store/vec4 v0000014056ea0f80_0, 0, 32;
    %jmp T_10.48;
T_10.49 ;
    %pushi/vec4 0, 0, 1;
    %assign/vec4 v0000014056e824e0_0, 0;
    %pushi/vec4 0, 0, 1;
    %assign/vec4 v0000014056e81220_0, 0;
T_10.46 ;
    %end;
S_0000014056eab000 .scope task, "wait_for_dma_req" "wait_for_dma_req" 3 148, 3 148 0, S_0000014056cf21e0;
 .timescale -9 -12;
v0000014056e9f9a0_0 .var/i "cycles", 31 0;
v0000014056e9fcc0_0 .var "ok", 0 0;
TD_deit_accelerator_top_tb_dual.wait_for_dma_req ;
    %fork t_14, S_0000014056ea9700;
    %jmp t_13;
    .scope S_0000014056ea9700;
t_14 ;
    %pushi/vec4 0, 0, 1;
    %store/vec4 v0000014056e9fcc0_0, 0, 1;
    %pushi/vec4 0, 0, 32;
    %store/vec4 v0000014056e9f9a0_0, 0, 32;
T_11.50 ;
    %load/vec4 v0000014056e9d060_0;
    %pad/u 32;
    %cmpi/e 0, 0, 32;
    %jmp/0xz T_11.51, 4;
    %wait E_0000014056cf5fe0;
    %load/vec4 v0000014056e9f9a0_0;
    %addi 1, 0, 32;
    %store/vec4 v0000014056e9f9a0_0, 0, 32;
    %load/vec4 v0000014056e9f9a0_0;
    %cmpi/s 200000, 0, 32;
    %flag_or 5, 4; GT is !LE
    %flag_inv 5;
    %jmp/0xz  T_11.52, 5;
    %vpi_call/w 3 158 "$display", "[FAIL] Timeout waiting DMA_REQ" {0 0 0};
    %pushi/vec4 0, 0, 32;
    %store/vec4 v0000014056cb4100_0, 0, 32;
    %pushi/vec4 0, 0, 32;
    %store/vec4 v0000014056cb3660_0, 0, 32;
    %pushi/vec4 0, 0, 32; draw_string_vec4
    %pushi/vec4 0, 0, 32; draw_string_vec4
    %concat/vec4; draw_string_vec4
    %pushi/vec4 1463896404, 0, 32; draw_string_vec4
    %concat/vec4; draw_string_vec4
    %pushi/vec4 1598311745, 0, 32; draw_string_vec4
    %concat/vec4; draw_string_vec4
    %store/vec4 v0000014056cb4740_0, 0, 128;
    %fork TD_deit_accelerator_top_tb_dual.ckpt_a, S_0000014056356640;
    %join;
    %pushi/vec4 0, 0, 1;
    %store/vec4 v0000014056e9fcc0_0, 0, 1;
    %disable S_0000014056ea9700;
T_11.52 ;
    %jmp T_11.50;
T_11.51 ;
    %pushi/vec4 1, 0, 1;
    %store/vec4 v0000014056e9fcc0_0, 0, 1;
    %end;
    .scope S_0000014056eab000;
t_13 %join;
    %end;
S_0000014056ea9700 .scope begin, "WAIT_DMA" "WAIT_DMA" 3 151, 3 151 0, S_0000014056eab000;
 .timescale -9 -12;
S_0000014056ea7f90 .scope task, "wait_for_done" "wait_for_done" 3 168, 3 168 0, S_0000014056cf21e0;
 .timescale -9 -12;
v0000014056ea0080_0 .var/i "cycles", 31 0;
TD_deit_accelerator_top_tb_dual.wait_for_done ;
    %fork t_16, S_0000014056ea8440;
    %jmp t_15;
    .scope S_0000014056ea8440;
t_16 ;
    %pushi/vec4 0, 0, 32;
    %store/vec4 v0000014056ea0080_0, 0, 32;
T_12.54 ;
    %load/vec4 v0000014056e9e3c0_0;
    %pad/u 32;
    %cmpi/e 0, 0, 32;
    %jmp/0xz T_12.55, 4;
    %wait E_0000014056cf5fe0;
    %load/vec4 v0000014056ea0080_0;
    %addi 1, 0, 32;
    %store/vec4 v0000014056ea0080_0, 0, 32;
    %load/vec4 v0000014056ea0080_0;
    %cmpi/s 200000, 0, 32;
    %flag_or 5, 4; GT is !LE
    %flag_inv 5;
    %jmp/0xz  T_12.56, 5;
    %vpi_call/w 3 176 "$display", "[FAIL] Timeout waiting ap_done" {0 0 0};
    %pushi/vec4 0, 0, 32;
    %store/vec4 v0000014056cb4100_0, 0, 32;
    %pushi/vec4 0, 0, 32;
    %store/vec4 v0000014056cb3660_0, 0, 32;
    %pushi/vec4 0, 0, 32; draw_string_vec4
    %pushi/vec4 87, 0, 32; draw_string_vec4
    %concat/vec4; draw_string_vec4
    %pushi/vec4 1095324767, 0, 32; draw_string_vec4
    %concat/vec4; draw_string_vec4
    %pushi/vec4 1146048069, 0, 32; draw_string_vec4
    %concat/vec4; draw_string_vec4
    %store/vec4 v0000014056cb4740_0, 0, 128;
    %fork TD_deit_accelerator_top_tb_dual.ckpt_a, S_0000014056356640;
    %join;
    %disable S_0000014056ea8440;
T_12.56 ;
    %jmp T_12.54;
T_12.55 ;
    %end;
    .scope S_0000014056ea7f90;
t_15 %join;
    %end;
S_0000014056ea8440 .scope begin, "WAIT_DONE" "WAIT_DONE" 3 170, 3 170 0, S_0000014056ea7f90;
 .timescale -9 -12;
S_0000014056ea8da0 .scope task, "wait_idle" "wait_idle" 3 132, 3 132 0, S_0000014056cf21e0;
 .timescale -9 -12;
v0000014056ea0120_0 .var/i "cycles", 31 0;
TD_deit_accelerator_top_tb_dual.wait_idle ;
    %fork t_18, S_0000014056ea9890;
    %jmp t_17;
    .scope S_0000014056ea9890;
t_18 ;
    %pushi/vec4 0, 0, 32;
    %store/vec4 v0000014056ea0120_0, 0, 32;
T_13.58 ;
    %load/vec4 v0000014056e8bcc0_0;
    %pad/u 32;
    %cmpi/ne 0, 0, 32;
    %jmp/0xz T_13.59, 4;
    %wait E_0000014056cf5fe0;
    %load/vec4 v0000014056ea0120_0;
    %addi 1, 0, 32;
    %store/vec4 v0000014056ea0120_0, 0, 32;
    %load/vec4 v0000014056ea0120_0;
    %cmpi/s 200000, 0, 32;
    %flag_or 5, 4; GT is !LE
    %flag_inv 5;
    %jmp/0xz  T_13.60, 5;
    %vpi_call/w 3 140 "$display", "[FAIL] Timeout waiting IDLE" {0 0 0};
    %pushi/vec4 0, 0, 32;
    %store/vec4 v0000014056cb4100_0, 0, 32;
    %pushi/vec4 0, 0, 32;
    %store/vec4 v0000014056cb3660_0, 0, 32;
    %pushi/vec4 0, 0, 32; draw_string_vec4
    %pushi/vec4 87, 0, 32; draw_string_vec4
    %concat/vec4; draw_string_vec4
    %pushi/vec4 1095324767, 0, 32; draw_string_vec4
    %concat/vec4; draw_string_vec4
    %pushi/vec4 1229212741, 0, 32; draw_string_vec4
    %concat/vec4; draw_string_vec4
    %store/vec4 v0000014056cb4740_0, 0, 128;
    %fork TD_deit_accelerator_top_tb_dual.ckpt_a, S_0000014056356640;
    %join;
    %disable S_0000014056ea9890;
T_13.60 ;
    %jmp T_13.58;
T_13.59 ;
    %end;
    .scope S_0000014056ea8da0;
t_17 %join;
    %end;
S_0000014056ea9890 .scope begin, "WAIT_IDLE" "WAIT_IDLE" 3 134, 3 134 0, S_0000014056ea8da0;
 .timescale -9 -12;
    .scope S_0000014056cbbd40;
T_14 ;
    %wait E_0000014056cf5fa0;
    %load/vec4 v0000014056cb6b80_0;
    %nor/r;
    %flag_set/vec4 8;
    %jmp/0xz  T_14.0, 8;
    %pushi/vec4 0, 0, 1;
    %assign/vec4 v0000014056cb7ee0_0, 0;
    %pushi/vec4 0, 0, 1;
    %assign/vec4 v0000014056cb7620_0, 0;
    %pushi/vec4 0, 0, 1;
    %assign/vec4 v0000014056cb5a00_0, 0;
    %pushi/vec4 0, 0, 32;
    %assign/vec4 v0000014056cb62c0_0, 0;
    %pushi/vec4 0, 0, 32;
    %assign/vec4 v0000014056cb65e0_0, 0;
    %pushi/vec4 0, 0, 32;
    %assign/vec4 v0000014056cb6a40_0, 0;
    %pushi/vec4 0, 0, 32;
    %assign/vec4 v0000014056cb5960_0, 0;
    %pushi/vec4 0, 0, 32;
    %assign/vec4 v0000014056cb76c0_0, 0;
    %pushi/vec4 0, 0, 32;
    %assign/vec4 v0000014056cb6220_0, 0;
    %pushi/vec4 0, 0, 1;
    %assign/vec4 v0000014056cb4e20_0, 0;
    %pushi/vec4 0, 0, 32;
    %assign/vec4 v0000014056cb7bc0_0, 0;
    %pushi/vec4 0, 0, 32;
    %assign/vec4 v0000014056cb6e00_0, 0;
    %jmp T_14.1;
T_14.0 ;
    %load/vec4 v0000014056cb4e20_0;
    %flag_set/vec4 8;
    %jmp/0xz  T_14.2, 8;
    %pushi/vec4 0, 0, 1;
    %assign/vec4 v0000014056cb4e20_0, 0;
T_14.2 ;
    %pushi/vec4 0, 0, 1;
    %assign/vec4 v0000014056cb7ee0_0, 0;
    %pushi/vec4 0, 0, 1;
    %assign/vec4 v0000014056cb7620_0, 0;
    %load/vec4 v0000014056cb7ee0_0;
    %nor/r;
    %flag_set/vec4 11;
    %flag_get/vec4 11;
    %jmp/0 T_14.8, 11;
    %load/vec4 v0000014056cb7620_0;
    %nor/r;
    %and;
T_14.8;
    %flag_set/vec4 10;
    %flag_get/vec4 10;
    %jmp/0 T_14.7, 10;
    %load/vec4 v0000014056cb7260_0;
    %and;
T_14.7;
    %flag_set/vec4 9;
    %flag_get/vec4 9;
    %jmp/0 T_14.6, 9;
    %load/vec4 v0000014056cb5e60_0;
    %and;
T_14.6;
    %flag_set/vec4 8;
    %jmp/0xz  T_14.4, 8;
    %pushi/vec4 1, 0, 1;
    %assign/vec4 v0000014056cb7ee0_0, 0;
    %pushi/vec4 1, 0, 1;
    %assign/vec4 v0000014056cb7620_0, 0;
    %load/vec4 v0000014056cb71c0_0;
    %parti/s 4, 2, 3;
    %dup/vec4;
    %pushi/vec4 0, 0, 4;
    %cmp/u;
    %jmp/1 T_14.9, 6;
    %dup/vec4;
    %pushi/vec4 1, 0, 4;
    %cmp/u;
    %jmp/1 T_14.10, 6;
    %dup/vec4;
    %pushi/vec4 2, 0, 4;
    %cmp/u;
    %jmp/1 T_14.11, 6;
    %dup/vec4;
    %pushi/vec4 3, 0, 4;
    %cmp/u;
    %jmp/1 T_14.12, 6;
    %dup/vec4;
    %pushi/vec4 5, 0, 4;
    %cmp/u;
    %jmp/1 T_14.13, 6;
    %dup/vec4;
    %pushi/vec4 6, 0, 4;
    %cmp/u;
    %jmp/1 T_14.14, 6;
    %dup/vec4;
    %pushi/vec4 7, 0, 4;
    %cmp/u;
    %jmp/1 T_14.15, 6;
    %dup/vec4;
    %pushi/vec4 8, 0, 4;
    %cmp/u;
    %jmp/1 T_14.16, 6;
    %dup/vec4;
    %pushi/vec4 9, 0, 4;
    %cmp/u;
    %jmp/1 T_14.17, 6;
    %jmp T_14.18;
T_14.9 ;
    %load/vec4 v0000014056cb7e40_0;
    %parti/s 1, 0, 2;
    %flag_set/vec4 8;
    %jmp/0xz  T_14.19, 8;
    %load/vec4 v0000014056cb7300_0;
    %parti/s 1, 0, 2;
    %flag_set/vec4 8;
    %jmp/0xz  T_14.21, 8;
    %pushi/vec4 1, 0, 1;
    %assign/vec4 v0000014056cb4e20_0, 0;
T_14.21 ;
    %load/vec4 v0000014056cb7300_0;
    %parti/s 1, 1, 2;
    %ix/load 4, 1, 0;
    %ix/load 5, 0, 0;
    %flag_set/imm 4, 0;
    %assign/vec4/off/d v0000014056cb62c0_0, 4, 5;
T_14.19 ;
    %jmp T_14.18;
T_14.10 ;
    %load/vec4 v0000014056cb7e40_0;
    %parti/s 1, 0, 2;
    %flag_set/vec4 9;
    %flag_get/vec4 9;
    %jmp/0 T_14.25, 9;
    %load/vec4 v0000014056cb7300_0;
    %parti/s 1, 0, 2;
    %and;
T_14.25;
    %flag_set/vec4 8;
    %jmp/0xz  T_14.23, 8;
    %pushi/vec4 0, 0, 1;
    %ix/load 4, 0, 0;
    %ix/load 5, 0, 0;
    %flag_set/imm 4, 0;
    %assign/vec4/off/d v0000014056cb6860_0, 4, 5;
T_14.23 ;
    %jmp T_14.18;
T_14.11 ;
    %load/vec4 v0000014056cb7e40_0;
    %parti/s 1, 0, 2;
    %flag_set/vec4 8;
    %jmp/0xz  T_14.26, 8;
    %load/vec4 v0000014056cb7300_0;
    %assign/vec4 v0000014056cb65e0_0, 0;
T_14.26 ;
    %jmp T_14.18;
T_14.12 ;
    %load/vec4 v0000014056cb7e40_0;
    %parti/s 1, 0, 2;
    %flag_set/vec4 8;
    %jmp/0xz  T_14.28, 8;
    %load/vec4 v0000014056cb7300_0;
    %assign/vec4 v0000014056cb6a40_0, 0;
T_14.28 ;
    %jmp T_14.18;
T_14.13 ;
    %load/vec4 v0000014056cb7e40_0;
    %parti/s 1, 0, 2;
    %flag_set/vec4 8;
    %jmp/0xz  T_14.30, 8;
    %load/vec4 v0000014056cb7300_0;
    %assign/vec4 v0000014056cb5960_0, 0;
T_14.30 ;
    %jmp T_14.18;
T_14.14 ;
    %load/vec4 v0000014056cb7e40_0;
    %parti/s 1, 0, 2;
    %flag_set/vec4 8;
    %jmp/0xz  T_14.32, 8;
    %load/vec4 v0000014056cb7300_0;
    %assign/vec4 v0000014056cb76c0_0, 0;
T_14.32 ;
    %jmp T_14.18;
T_14.15 ;
    %load/vec4 v0000014056cb7e40_0;
    %parti/s 1, 0, 2;
    %flag_set/vec4 8;
    %jmp/0xz  T_14.34, 8;
    %load/vec4 v0000014056cb7300_0;
    %assign/vec4 v0000014056cb6220_0, 0;
T_14.34 ;
    %jmp T_14.18;
T_14.16 ;
    %load/vec4 v0000014056cb7e40_0;
    %parti/s 1, 0, 2;
    %flag_set/vec4 8;
    %jmp/0xz  T_14.36, 8;
    %load/vec4 v0000014056cb7300_0;
    %assign/vec4 v0000014056cb7bc0_0, 0;
T_14.36 ;
    %jmp T_14.18;
T_14.17 ;
    %load/vec4 v0000014056cb7e40_0;
    %parti/s 1, 0, 2;
    %flag_set/vec4 8;
    %jmp/0xz  T_14.38, 8;
    %load/vec4 v0000014056cb7300_0;
    %assign/vec4 v0000014056cb6e00_0, 0;
T_14.38 ;
    %jmp T_14.18;
T_14.18 ;
    %pop/vec4 1;
T_14.4 ;
    %load/vec4 v0000014056cb7ee0_0;
    %flag_set/vec4 9;
    %flag_get/vec4 9;
    %jmp/0 T_14.42, 9;
    %load/vec4 v0000014056cb7620_0;
    %and;
T_14.42;
    %flag_set/vec4 8;
    %jmp/0xz  T_14.40, 8;
    %pushi/vec4 1, 0, 1;
    %assign/vec4 v0000014056cb5a00_0, 0;
    %jmp T_14.41;
T_14.40 ;
    %load/vec4 v0000014056cb5c80_0;
    %flag_set/vec4 9;
    %flag_get/vec4 9;
    %jmp/0 T_14.45, 9;
    %load/vec4 v0000014056cb5a00_0;
    %and;
T_14.45;
    %flag_set/vec4 8;
    %jmp/0xz  T_14.43, 8;
    %pushi/vec4 0, 0, 1;
    %assign/vec4 v0000014056cb5a00_0, 0;
T_14.43 ;
T_14.41 ;
T_14.1 ;
    %jmp T_14;
    .thread T_14;
    .scope S_0000014056cbbd40;
T_15 ;
    %wait E_0000014056cf5fa0;
    %load/vec4 v0000014056cb6b80_0;
    %nor/r;
    %flag_set/vec4 8;
    %jmp/0xz  T_15.0, 8;
    %pushi/vec4 0, 0, 32;
    %assign/vec4 v0000014056cb6860_0, 0;
    %jmp T_15.1;
T_15.0 ;
    %load/vec4 v0000014056cb3980_0;
    %ix/load 4, 1, 0;
    %ix/load 5, 0, 0;
    %flag_set/imm 4, 0;
    %assign/vec4/off/d v0000014056cb6860_0, 4, 5;
    %load/vec4 v0000014056cb4600_0;
    %flag_set/vec4 8;
    %jmp/0xz  T_15.2, 8;
    %pushi/vec4 1, 0, 1;
    %ix/load 4, 0, 0;
    %ix/load 5, 0, 0;
    %flag_set/imm 4, 0;
    %assign/vec4/off/d v0000014056cb6860_0, 4, 5;
    %jmp T_15.3;
T_15.2 ;
    %load/vec4 v0000014056cb7ee0_0;
    %flag_set/vec4 11;
    %flag_get/vec4 11;
    %jmp/0 T_15.8, 11;
    %load/vec4 v0000014056cb5e60_0;
    %and;
T_15.8;
    %flag_set/vec4 10;
    %flag_get/vec4 10;
    %jmp/0 T_15.7, 10;
    %load/vec4 v0000014056cb71c0_0;
    %parti/s 3, 2, 3;
    %pushi/vec4 1, 0, 3;
    %cmp/e;
    %flag_get/vec4 4;
    %and;
T_15.7;
    %flag_set/vec4 9;
    %flag_get/vec4 9;
    %jmp/0 T_15.6, 9;
    %load/vec4 v0000014056cb7300_0;
    %parti/s 1, 0, 2;
    %and;
T_15.6;
    %flag_set/vec4 8;
    %jmp/0xz  T_15.4, 8;
    %pushi/vec4 0, 0, 1;
    %ix/load 4, 0, 0;
    %ix/load 5, 0, 0;
    %flag_set/imm 4, 0;
    %assign/vec4/off/d v0000014056cb6860_0, 4, 5;
T_15.4 ;
T_15.3 ;
T_15.1 ;
    %jmp T_15;
    .thread T_15;
    .scope S_0000014056cbbd40;
T_16 ;
    %wait E_0000014056cf5fa0;
    %load/vec4 v0000014056cb6b80_0;
    %nor/r;
    %flag_set/vec4 8;
    %jmp/0xz  T_16.0, 8;
    %pushi/vec4 0, 0, 1;
    %assign/vec4 v0000014056cb6ae0_0, 0;
    %pushi/vec4 0, 0, 1;
    %assign/vec4 v0000014056cb58c0_0, 0;
    %pushi/vec4 0, 0, 32;
    %assign/vec4 v0000014056cb5aa0_0, 0;
    %jmp T_16.1;
T_16.0 ;
    %load/vec4 v0000014056cb6ae0_0;
    %nor/r;
    %flag_set/vec4 9;
    %flag_get/vec4 9;
    %jmp/0 T_16.4, 9;
    %load/vec4 v0000014056cb6cc0_0;
    %and;
T_16.4;
    %flag_set/vec4 8;
    %jmp/0xz  T_16.2, 8;
    %pushi/vec4 1, 0, 1;
    %assign/vec4 v0000014056cb6ae0_0, 0;
    %load/vec4 v0000014056cb7120_0;
    %parti/s 4, 2, 3;
    %dup/vec4;
    %pushi/vec4 0, 0, 4;
    %cmp/u;
    %jmp/1 T_16.5, 6;
    %dup/vec4;
    %pushi/vec4 1, 0, 4;
    %cmp/u;
    %jmp/1 T_16.6, 6;
    %dup/vec4;
    %pushi/vec4 2, 0, 4;
    %cmp/u;
    %jmp/1 T_16.7, 6;
    %dup/vec4;
    %pushi/vec4 3, 0, 4;
    %cmp/u;
    %jmp/1 T_16.8, 6;
    %dup/vec4;
    %pushi/vec4 4, 0, 4;
    %cmp/u;
    %jmp/1 T_16.9, 6;
    %dup/vec4;
    %pushi/vec4 5, 0, 4;
    %cmp/u;
    %jmp/1 T_16.10, 6;
    %dup/vec4;
    %pushi/vec4 6, 0, 4;
    %cmp/u;
    %jmp/1 T_16.11, 6;
    %dup/vec4;
    %pushi/vec4 7, 0, 4;
    %cmp/u;
    %jmp/1 T_16.12, 6;
    %dup/vec4;
    %pushi/vec4 8, 0, 4;
    %cmp/u;
    %jmp/1 T_16.13, 6;
    %dup/vec4;
    %pushi/vec4 9, 0, 4;
    %cmp/u;
    %jmp/1 T_16.14, 6;
    %pushi/vec4 0, 0, 32;
    %assign/vec4 v0000014056cb5aa0_0, 0;
    %jmp T_16.16;
T_16.5 ;
    %load/vec4 v0000014056cb62c0_0;
    %assign/vec4 v0000014056cb5aa0_0, 0;
    %jmp T_16.16;
T_16.6 ;
    %load/vec4 v0000014056cb6860_0;
    %assign/vec4 v0000014056cb5aa0_0, 0;
    %jmp T_16.16;
T_16.7 ;
    %load/vec4 v0000014056cb65e0_0;
    %assign/vec4 v0000014056cb5aa0_0, 0;
    %jmp T_16.16;
T_16.8 ;
    %load/vec4 v0000014056cb6a40_0;
    %assign/vec4 v0000014056cb5aa0_0, 0;
    %jmp T_16.16;
T_16.9 ;
    %pushi/vec4 539361559, 0, 32;
    %assign/vec4 v0000014056cb5aa0_0, 0;
    %jmp T_16.16;
T_16.10 ;
    %load/vec4 v0000014056cb5960_0;
    %assign/vec4 v0000014056cb5aa0_0, 0;
    %jmp T_16.16;
T_16.11 ;
    %load/vec4 v0000014056cb76c0_0;
    %assign/vec4 v0000014056cb5aa0_0, 0;
    %jmp T_16.16;
T_16.12 ;
    %load/vec4 v0000014056cb6220_0;
    %assign/vec4 v0000014056cb5aa0_0, 0;
    %jmp T_16.16;
T_16.13 ;
    %load/vec4 v0000014056cb7bc0_0;
    %assign/vec4 v0000014056cb5aa0_0, 0;
    %jmp T_16.16;
T_16.14 ;
    %load/vec4 v0000014056cb6e00_0;
    %assign/vec4 v0000014056cb5aa0_0, 0;
    %jmp T_16.16;
T_16.16 ;
    %pop/vec4 1;
    %jmp T_16.3;
T_16.2 ;
    %pushi/vec4 0, 0, 1;
    %assign/vec4 v0000014056cb6ae0_0, 0;
T_16.3 ;
    %load/vec4 v0000014056cb6ae0_0;
    %flag_set/vec4 9;
    %flag_get/vec4 9;
    %jmp/0 T_16.19, 9;
    %load/vec4 v0000014056cb6cc0_0;
    %and;
T_16.19;
    %flag_set/vec4 8;
    %jmp/0xz  T_16.17, 8;
    %pushi/vec4 1, 0, 1;
    %assign/vec4 v0000014056cb58c0_0, 0;
    %jmp T_16.18;
T_16.17 ;
    %load/vec4 v0000014056cb6680_0;
    %flag_set/vec4 9;
    %flag_get/vec4 9;
    %jmp/0 T_16.22, 9;
    %load/vec4 v0000014056cb58c0_0;
    %and;
T_16.22;
    %flag_set/vec4 8;
    %jmp/0xz  T_16.20, 8;
    %pushi/vec4 0, 0, 1;
    %assign/vec4 v0000014056cb58c0_0, 0;
T_16.20 ;
T_16.18 ;
T_16.1 ;
    %jmp T_16;
    .thread T_16;
    .scope S_0000014056e7f180;
T_17 ;
    %wait E_0000014056cf68e0;
    %load/vec4 v0000014056e8f8c0_0;
    %nor/r;
    %flag_set/vec4 8;
    %jmp/0xz  T_17.0, 8;
    %pushi/vec4 0, 0, 1;
    %assign/vec4 v0000014056e8fd20_0, 0;
    %jmp T_17.1;
T_17.0 ;
    %load/vec4 v0000014056e8dca0_0;
    %flag_set/vec4 8;
    %jmp/0xz  T_17.2, 8;
    %load/vec4 v0000014056e8fd20_0;
    %inv;
    %assign/vec4 v0000014056e8fd20_0, 0;
T_17.2 ;
T_17.1 ;
    %jmp T_17;
    .thread T_17;
    .scope S_0000014056e7f180;
T_18 ;
    %wait E_0000014056cf68e0;
    %load/vec4 v0000014056e8f8c0_0;
    %nor/r;
    %flag_set/vec4 8;
    %jmp/0xz  T_18.0, 8;
    %pushi/vec4 0, 0, 2;
    %assign/vec4 v0000014056e8eba0_0, 0;
    %pushi/vec4 0, 0, 8;
    %assign/vec4 v0000014056e8ee20_0, 0;
    %pushi/vec4 0, 0, 8;
    %assign/vec4 v0000014056e8eec0_0, 0;
    %pushi/vec4 0, 0, 1;
    %assign/vec4 v0000014056e8f6e0_0, 0;
    %pushi/vec4 0, 0, 96;
    %assign/vec4 v0000014056e8ff00_0, 0;
    %pushi/vec4 0, 0, 64;
    %assign/vec4 v0000014056e8e560_0, 0;
    %jmp T_18.1;
T_18.0 ;
    %pushi/vec4 0, 0, 1;
    %assign/vec4 v0000014056e8f6e0_0, 0;
    %load/vec4 v0000014056e8dca0_0;
    %flag_set/vec4 8;
    %jmp/0xz  T_18.2, 8;
    %pushi/vec4 0, 0, 8;
    %assign/vec4 v0000014056e8ee20_0, 0;
    %pushi/vec4 0, 0, 2;
    %assign/vec4 v0000014056e8eba0_0, 0;
    %jmp T_18.3;
T_18.2 ;
    %load/vec4 v0000014056e8f820_0;
    %flag_set/vec4 8;
    %jmp/0xz  T_18.4, 8;
    %load/vec4 v0000014056e8eba0_0;
    %dup/vec4;
    %pushi/vec4 0, 0, 2;
    %cmp/u;
    %jmp/1 T_18.6, 6;
    %dup/vec4;
    %pushi/vec4 1, 0, 2;
    %cmp/u;
    %jmp/1 T_18.7, 6;
    %dup/vec4;
    %pushi/vec4 2, 0, 2;
    %cmp/u;
    %jmp/1 T_18.8, 6;
    %jmp T_18.9;
T_18.6 ;
    %load/vec4 v0000014056e8dfc0_0;
    %assign/vec4 v0000014056e8e560_0, 0;
    %pushi/vec4 1, 0, 2;
    %assign/vec4 v0000014056e8eba0_0, 0;
    %jmp T_18.9;
T_18.7 ;
    %load/vec4 v0000014056e8dfc0_0;
    %parti/s 32, 0, 2;
    %load/vec4 v0000014056e8e560_0;
    %concat/vec4; draw_concat_vec4
    %assign/vec4 v0000014056e8ff00_0, 0;
    %pushi/vec4 1, 0, 1;
    %assign/vec4 v0000014056e8f6e0_0, 0;
    %load/vec4 v0000014056e8ee20_0;
    %assign/vec4 v0000014056e8eec0_0, 0;
    %load/vec4 v0000014056e8ee20_0;
    %addi 1, 0, 8;
    %assign/vec4 v0000014056e8ee20_0, 0;
    %load/vec4 v0000014056e8dfc0_0;
    %parti/s 32, 32, 7;
    %ix/load 4, 0, 0;
    %ix/load 5, 0, 0;
    %flag_set/imm 4, 0;
    %assign/vec4/off/d v0000014056e8e560_0, 4, 5;
    %pushi/vec4 2, 0, 2;
    %assign/vec4 v0000014056e8eba0_0, 0;
    %jmp T_18.9;
T_18.8 ;
    %load/vec4 v0000014056e8dfc0_0;
    %load/vec4 v0000014056e8e560_0;
    %parti/s 32, 0, 2;
    %concat/vec4; draw_concat_vec4
    %assign/vec4 v0000014056e8ff00_0, 0;
    %pushi/vec4 1, 0, 1;
    %assign/vec4 v0000014056e8f6e0_0, 0;
    %load/vec4 v0000014056e8ee20_0;
    %assign/vec4 v0000014056e8eec0_0, 0;
    %load/vec4 v0000014056e8ee20_0;
    %addi 1, 0, 8;
    %assign/vec4 v0000014056e8ee20_0, 0;
    %pushi/vec4 0, 0, 2;
    %assign/vec4 v0000014056e8eba0_0, 0;
    %jmp T_18.9;
T_18.9 ;
    %pop/vec4 1;
T_18.4 ;
T_18.3 ;
T_18.1 ;
    %jmp T_18;
    .thread T_18;
    .scope S_0000014056e7f180;
T_19 ;
    %pushi/vec4 0, 0, 32;
    %store/vec4 v0000014056e8e420_0, 0, 32;
T_19.0 ;
    %load/vec4 v0000014056e8e420_0;
    %cmpi/s 512, 0, 32;
    %jmp/0xz T_19.1, 5;
    %pushi/vec4 0, 0, 96;
    %ix/getv/s 4, v0000014056e8e420_0;
    %store/vec4a v0000014056e8ed80, 4, 0;
    %load/vec4 v0000014056e8e420_0;
    %addi 1, 0, 32;
    %store/vec4 v0000014056e8e420_0, 0, 32;
    %jmp T_19.0;
T_19.1 ;
    %end;
    .thread T_19;
    .scope S_0000014056e7f180;
T_20 ;
    %wait E_0000014056cf5fe0;
    %load/vec4 v0000014056e8f6e0_0;
    %flag_set/vec4 8;
    %jmp/0xz  T_20.0, 8;
    %load/vec4 v0000014056e8ff00_0;
    %load/vec4 v0000014056e8f5a0_0;
    %pad/u 11;
    %ix/vec4 3;
    %ix/load 4, 0, 0; Constant delay
    %assign/vec4/a/d v0000014056e8ed80, 0, 4;
T_20.0 ;
    %jmp T_20;
    .thread T_20;
    .scope S_0000014056e7f180;
T_21 ;
    %wait E_0000014056cf68e0;
    %load/vec4 v0000014056e8f8c0_0;
    %nor/r;
    %flag_set/vec4 8;
    %jmp/0xz  T_21.0, 8;
    %pushi/vec4 0, 0, 8;
    %assign/vec4 v0000014056e8fdc0_0, 0;
    %jmp T_21.1;
T_21.0 ;
    %load/vec4 v0000014056e8dca0_0;
    %flag_set/vec4 8;
    %jmp/0xz  T_21.2, 8;
    %pushi/vec4 0, 0, 8;
    %assign/vec4 v0000014056e8fdc0_0, 0;
    %jmp T_21.3;
T_21.2 ;
    %load/vec4 v0000014056e8f640_0;
    %flag_set/vec4 8;
    %jmp/0xz  T_21.4, 8;
    %load/vec4 v0000014056e8fdc0_0;
    %addi 1, 0, 8;
    %assign/vec4 v0000014056e8fdc0_0, 0;
    %jmp T_21.5;
T_21.4 ;
    %load/vec4 v0000014056e8e920_0;
    %nor/r;
    %flag_set/vec4 8;
    %jmp/0xz  T_21.6, 8;
    %pushi/vec4 0, 0, 8;
    %assign/vec4 v0000014056e8fdc0_0, 0;
T_21.6 ;
T_21.5 ;
T_21.3 ;
T_21.1 ;
    %jmp T_21;
    .thread T_21;
    .scope S_0000014056e7f180;
T_22 ;
    %wait E_0000014056cf5fe0;
    %load/vec4 v0000014056e8e380_0;
    %pad/u 11;
    %ix/vec4 4;
    %load/vec4a v0000014056e8ed80, 4;
    %assign/vec4 v0000014056e8de80_0, 0;
    %jmp T_22;
    .thread T_22;
    .scope S_0000014056e7f180;
T_23 ;
    %wait E_0000014056cf68e0;
    %load/vec4 v0000014056e8f8c0_0;
    %nor/r;
    %flag_set/vec4 8;
    %jmp/0xz  T_23.0, 8;
    %pushi/vec4 0, 0, 1;
    %assign/vec4 v0000014056e8f960_0, 0;
    %pushi/vec4 0, 0, 1;
    %assign/vec4 v0000014056e8f640_0, 0;
    %jmp T_23.1;
T_23.0 ;
    %load/vec4 v0000014056e8dca0_0;
    %flag_set/vec4 8;
    %jmp/0xz  T_23.2, 8;
    %pushi/vec4 0, 0, 1;
    %assign/vec4 v0000014056e8f960_0, 0;
    %pushi/vec4 0, 0, 1;
    %assign/vec4 v0000014056e8f640_0, 0;
    %jmp T_23.3;
T_23.2 ;
    %load/vec4 v0000014056e8e920_0;
    %assign/vec4 v0000014056e8f960_0, 0;
    %load/vec4 v0000014056e8f960_0;
    %assign/vec4 v0000014056e8f640_0, 0;
T_23.3 ;
T_23.1 ;
    %jmp T_23;
    .thread T_23;
    .scope S_0000014056eaace0;
T_24 ;
    %wait E_0000014056cf68e0;
    %load/vec4 v0000014056e9d2e0_0;
    %nor/r;
    %flag_set/vec4 8;
    %jmp/0xz  T_24.0, 8;
    %pushi/vec4 0, 0, 1;
    %assign/vec4 v0000014056e9e460_0, 0;
    %jmp T_24.1;
T_24.0 ;
    %load/vec4 v0000014056e9d4c0_0;
    %flag_set/vec4 8;
    %jmp/0xz  T_24.2, 8;
    %load/vec4 v0000014056e9e460_0;
    %inv;
    %assign/vec4 v0000014056e9e460_0, 0;
T_24.2 ;
T_24.1 ;
    %jmp T_24;
    .thread T_24;
    .scope S_0000014056eaace0;
T_25 ;
    %wait E_0000014056cf68e0;
    %load/vec4 v0000014056e9d2e0_0;
    %nor/r;
    %flag_set/vec4 8;
    %jmp/0xz  T_25.0, 8;
    %pushi/vec4 0, 0, 1;
    %assign/vec4 v0000014056e9d6a0_0, 0;
    %pushi/vec4 0, 0, 64;
    %assign/vec4 v0000014056e9cfc0_0, 0;
    %pushi/vec4 0, 0, 1;
    %assign/vec4 v0000014056e9dec0_0, 0;
    %pushi/vec4 0, 0, 128;
    %assign/vec4 v0000014056e9d240_0, 0;
    %pushi/vec4 0, 0, 4;
    %assign/vec4 v0000014056e9e960_0, 0;
    %pushi/vec4 0, 0, 4;
    %assign/vec4 v0000014056e9d600_0, 0;
    %jmp T_25.1;
T_25.0 ;
    %pushi/vec4 0, 0, 1;
    %assign/vec4 v0000014056e9dec0_0, 0;
    %load/vec4 v0000014056e9d4c0_0;
    %flag_set/vec4 8;
    %jmp/0xz  T_25.2, 8;
    %pushi/vec4 0, 0, 4;
    %assign/vec4 v0000014056e9e960_0, 0;
    %pushi/vec4 0, 0, 1;
    %assign/vec4 v0000014056e9d6a0_0, 0;
    %jmp T_25.3;
T_25.2 ;
    %load/vec4 v0000014056e9e280_0;
    %flag_set/vec4 8;
    %jmp/0xz  T_25.4, 8;
    %load/vec4 v0000014056e9d6a0_0;
    %pad/u 32;
    %cmpi/e 0, 0, 32;
    %jmp/0xz  T_25.6, 4;
    %load/vec4 v0000014056e9d560_0;
    %assign/vec4 v0000014056e9cfc0_0, 0;
    %pushi/vec4 1, 0, 1;
    %assign/vec4 v0000014056e9d6a0_0, 0;
    %jmp T_25.7;
T_25.6 ;
    %load/vec4 v0000014056e9d560_0;
    %load/vec4 v0000014056e9cfc0_0;
    %concat/vec4; draw_concat_vec4
    %assign/vec4 v0000014056e9d240_0, 0;
    %pushi/vec4 1, 0, 1;
    %assign/vec4 v0000014056e9dec0_0, 0;
    %load/vec4 v0000014056e9e960_0;
    %assign/vec4 v0000014056e9d600_0, 0;
    %load/vec4 v0000014056e9e960_0;
    %addi 1, 0, 4;
    %assign/vec4 v0000014056e9e960_0, 0;
    %pushi/vec4 0, 0, 1;
    %assign/vec4 v0000014056e9d6a0_0, 0;
T_25.7 ;
T_25.4 ;
T_25.3 ;
T_25.1 ;
    %jmp T_25;
    .thread T_25;
    .scope S_0000014056eaace0;
T_26 ;
    %pushi/vec4 0, 0, 32;
    %store/vec4 v0000014056e9d380_0, 0, 32;
T_26.0 ;
    %load/vec4 v0000014056e9d380_0;
    %cmpi/s 32, 0, 32;
    %jmp/0xz T_26.1, 5;
    %pushi/vec4 0, 0, 128;
    %ix/getv/s 4, v0000014056e9d380_0;
    %store/vec4a v0000014056e9d740, 4, 0;
    %load/vec4 v0000014056e9d380_0;
    %addi 1, 0, 32;
    %store/vec4 v0000014056e9d380_0, 0, 32;
    %jmp T_26.0;
T_26.1 ;
    %end;
    .thread T_26;
    .scope S_0000014056eaace0;
T_27 ;
    %wait E_0000014056cf5fe0;
    %load/vec4 v0000014056e9dec0_0;
    %flag_set/vec4 8;
    %jmp/0xz  T_27.0, 8;
    %load/vec4 v0000014056e9d240_0;
    %load/vec4 v0000014056e9dd80_0;
    %pad/u 7;
    %ix/vec4 3;
    %ix/load 4, 0, 0; Constant delay
    %assign/vec4/a/d v0000014056e9d740, 0, 4;
T_27.0 ;
    %jmp T_27;
    .thread T_27;
    .scope S_0000014056eaace0;
T_28 ;
    %wait E_0000014056cf68e0;
    %load/vec4 v0000014056e9d2e0_0;
    %nor/r;
    %flag_set/vec4 8;
    %jmp/0xz  T_28.0, 8;
    %pushi/vec4 0, 0, 4;
    %assign/vec4 v0000014056e9cca0_0, 0;
    %jmp T_28.1;
T_28.0 ;
    %load/vec4 v0000014056e9ee60_0;
    %flag_set/vec4 8;
    %jmp/0xz  T_28.2, 8;
    %load/vec4 v0000014056e9cca0_0;
    %addi 1, 0, 4;
    %assign/vec4 v0000014056e9cca0_0, 0;
    %jmp T_28.3;
T_28.2 ;
    %load/vec4 v0000014056e9dba0_0;
    %nor/r;
    %flag_set/vec4 8;
    %jmp/0xz  T_28.4, 8;
    %pushi/vec4 0, 0, 4;
    %assign/vec4 v0000014056e9cca0_0, 0;
T_28.4 ;
T_28.3 ;
T_28.1 ;
    %jmp T_28;
    .thread T_28;
    .scope S_0000014056eaace0;
T_29 ;
    %wait E_0000014056cf5fe0;
    %load/vec4 v0000014056e9e8c0_0;
    %pad/u 7;
    %ix/vec4 4;
    %load/vec4a v0000014056e9d740, 4;
    %assign/vec4 v0000014056e9d880_0, 0;
    %jmp T_29;
    .thread T_29;
    .scope S_0000014056eaace0;
T_30 ;
    %wait E_0000014056cf68e0;
    %load/vec4 v0000014056e9d2e0_0;
    %nor/r;
    %flag_set/vec4 8;
    %jmp/0xz  T_30.0, 8;
    %pushi/vec4 0, 0, 1;
    %assign/vec4 v0000014056e9ee60_0, 0;
    %pushi/vec4 0, 0, 1;
    %assign/vec4 v0000014056e9db00_0, 0;
    %jmp T_30.1;
T_30.0 ;
    %load/vec4 v0000014056e9dba0_0;
    %assign/vec4 v0000014056e9db00_0, 0;
    %load/vec4 v0000014056e9db00_0;
    %assign/vec4 v0000014056e9ee60_0, 0;
T_30.1 ;
    %jmp T_30;
    .thread T_30;
    .scope S_0000014056cbba20;
T_31 ;
    %wait E_0000014056cf68e0;
    %load/vec4 v0000014056e8f320_0;
    %nor/r;
    %flag_set/vec4 8;
    %jmp/0xz  T_31.0, 8;
    %pushi/vec4 0, 0, 8;
    %assign/vec4 v0000014056cb7580_0, 0;
    %jmp T_31.1;
T_31.0 ;
    %load/vec4 v0000014056e8c440_0;
    %parti/s 8, 8, 5;
    %assign/vec4 v0000014056cb7580_0, 0;
T_31.1 ;
    %jmp T_31;
    .thread T_31;
    .scope S_0000014056a89510;
T_32 ;
    %wait E_0000014056cf68e0;
    %load/vec4 v0000014056e8f320_0;
    %nor/r;
    %flag_set/vec4 8;
    %jmp/0xz  T_32.0, 8;
    %pushi/vec4 0, 0, 16;
    %assign/vec4 v0000014056cb7440_0, 0;
    %jmp T_32.1;
T_32.0 ;
    %load/vec4 v0000014056cb7440_0;
    %parti/s 8, 0, 2;
    %load/vec4 v0000014056e8c440_0;
    %parti/s 8, 16, 6;
    %concat/vec4; draw_concat_vec4
    %assign/vec4 v0000014056cb7440_0, 0;
T_32.1 ;
    %jmp T_32;
    .thread T_32;
    .scope S_0000014056a8a000;
T_33 ;
    %wait E_0000014056cf68e0;
    %load/vec4 v0000014056e8f320_0;
    %nor/r;
    %flag_set/vec4 8;
    %jmp/0xz  T_33.0, 8;
    %pushi/vec4 0, 0, 24;
    %assign/vec4 v0000014056cb7940_0, 0;
    %jmp T_33.1;
T_33.0 ;
    %load/vec4 v0000014056cb7940_0;
    %parti/s 16, 0, 2;
    %load/vec4 v0000014056e8c440_0;
    %parti/s 8, 24, 6;
    %concat/vec4; draw_concat_vec4
    %assign/vec4 v0000014056cb7940_0, 0;
T_33.1 ;
    %jmp T_33;
    .thread T_33;
    .scope S_0000014056a89e70;
T_34 ;
    %wait E_0000014056cf68e0;
    %load/vec4 v0000014056e8f320_0;
    %nor/r;
    %flag_set/vec4 8;
    %jmp/0xz  T_34.0, 8;
    %pushi/vec4 0, 0, 32;
    %assign/vec4 v0000014056cb7da0_0, 0;
    %jmp T_34.1;
T_34.0 ;
    %load/vec4 v0000014056cb7da0_0;
    %parti/s 24, 0, 2;
    %load/vec4 v0000014056e8c440_0;
    %parti/s 8, 32, 7;
    %concat/vec4; draw_concat_vec4
    %assign/vec4 v0000014056cb7da0_0, 0;
T_34.1 ;
    %jmp T_34;
    .thread T_34;
    .scope S_0000014056a899c0;
T_35 ;
    %wait E_0000014056cf68e0;
    %load/vec4 v0000014056e8f320_0;
    %nor/r;
    %flag_set/vec4 8;
    %jmp/0xz  T_35.0, 8;
    %pushi/vec4 0, 0, 40;
    %assign/vec4 v0000014056cb6180_0, 0;
    %jmp T_35.1;
T_35.0 ;
    %load/vec4 v0000014056cb6180_0;
    %parti/s 32, 0, 2;
    %load/vec4 v0000014056e8c440_0;
    %parti/s 8, 40, 7;
    %concat/vec4; draw_concat_vec4
    %assign/vec4 v0000014056cb6180_0, 0;
T_35.1 ;
    %jmp T_35;
    .thread T_35;
    .scope S_0000014056a8a190;
T_36 ;
    %wait E_0000014056cf68e0;
    %load/vec4 v0000014056e8f320_0;
    %nor/r;
    %flag_set/vec4 8;
    %jmp/0xz  T_36.0, 8;
    %pushi/vec4 0, 0, 48;
    %assign/vec4 v0000014056cb67c0_0, 0;
    %jmp T_36.1;
T_36.0 ;
    %load/vec4 v0000014056cb67c0_0;
    %parti/s 40, 0, 2;
    %load/vec4 v0000014056e8c440_0;
    %parti/s 8, 48, 7;
    %concat/vec4; draw_concat_vec4
    %assign/vec4 v0000014056cb67c0_0, 0;
T_36.1 ;
    %jmp T_36;
    .thread T_36;
    .scope S_0000014056a8ae10;
T_37 ;
    %wait E_0000014056cf68e0;
    %load/vec4 v0000014056e8f320_0;
    %nor/r;
    %flag_set/vec4 8;
    %jmp/0xz  T_37.0, 8;
    %pushi/vec4 0, 0, 56;
    %assign/vec4 v0000014056cb7c60_0, 0;
    %jmp T_37.1;
T_37.0 ;
    %load/vec4 v0000014056cb7c60_0;
    %parti/s 48, 0, 2;
    %load/vec4 v0000014056e8c440_0;
    %parti/s 8, 56, 7;
    %concat/vec4; draw_concat_vec4
    %assign/vec4 v0000014056cb7c60_0, 0;
T_37.1 ;
    %jmp T_37;
    .thread T_37;
    .scope S_0000014056a8a320;
T_38 ;
    %wait E_0000014056cf68e0;
    %load/vec4 v0000014056e8f320_0;
    %nor/r;
    %flag_set/vec4 8;
    %jmp/0xz  T_38.0, 8;
    %pushi/vec4 0, 0, 64;
    %assign/vec4 v0000014056cb6540_0, 0;
    %jmp T_38.1;
T_38.0 ;
    %load/vec4 v0000014056cb6540_0;
    %parti/s 56, 0, 2;
    %load/vec4 v0000014056e8c440_0;
    %parti/s 8, 64, 8;
    %concat/vec4; draw_concat_vec4
    %assign/vec4 v0000014056cb6540_0, 0;
T_38.1 ;
    %jmp T_38;
    .thread T_38;
    .scope S_0000014056a8ac80;
T_39 ;
    %wait E_0000014056cf68e0;
    %load/vec4 v0000014056e8f320_0;
    %nor/r;
    %flag_set/vec4 8;
    %jmp/0xz  T_39.0, 8;
    %pushi/vec4 0, 0, 72;
    %assign/vec4 v0000014056cb60e0_0, 0;
    %jmp T_39.1;
T_39.0 ;
    %load/vec4 v0000014056cb60e0_0;
    %parti/s 64, 0, 2;
    %load/vec4 v0000014056e8c440_0;
    %parti/s 8, 72, 8;
    %concat/vec4; draw_concat_vec4
    %assign/vec4 v0000014056cb60e0_0, 0;
T_39.1 ;
    %jmp T_39;
    .thread T_39;
    .scope S_0000014056a8a960;
T_40 ;
    %wait E_0000014056cf68e0;
    %load/vec4 v0000014056e8f320_0;
    %nor/r;
    %flag_set/vec4 8;
    %jmp/0xz  T_40.0, 8;
    %pushi/vec4 0, 0, 80;
    %assign/vec4 v0000014056cb7080_0, 0;
    %jmp T_40.1;
T_40.0 ;
    %load/vec4 v0000014056cb7080_0;
    %parti/s 72, 0, 2;
    %load/vec4 v0000014056e8c440_0;
    %parti/s 8, 80, 8;
    %concat/vec4; draw_concat_vec4
    %assign/vec4 v0000014056cb7080_0, 0;
T_40.1 ;
    %jmp T_40;
    .thread T_40;
    .scope S_0000014056a89060;
T_41 ;
    %wait E_0000014056cf68e0;
    %load/vec4 v0000014056e8f320_0;
    %nor/r;
    %flag_set/vec4 8;
    %jmp/0xz  T_41.0, 8;
    %pushi/vec4 0, 0, 88;
    %assign/vec4 v0000014056cb8020_0, 0;
    %jmp T_41.1;
T_41.0 ;
    %load/vec4 v0000014056cb8020_0;
    %parti/s 80, 0, 2;
    %load/vec4 v0000014056e8c440_0;
    %parti/s 8, 88, 8;
    %concat/vec4; draw_concat_vec4
    %assign/vec4 v0000014056cb8020_0, 0;
T_41.1 ;
    %jmp T_41;
    .thread T_41;
    .scope S_0000014056cbcd50;
T_42 ;
    %wait E_0000014056cf68e0;
    %load/vec4 v0000014056e8f320_0;
    %nor/r;
    %flag_set/vec4 8;
    %jmp/0xz  T_42.0, 8;
    %pushi/vec4 0, 0, 480;
    %assign/vec4 v0000014056cb5b40_0, 0;
    %jmp T_42.1;
T_42.0 ;
    %load/vec4 v0000014056cb5b40_0;
    %parti/s 448, 0, 2;
    %load/vec4 v0000014056e8bf40_0;
    %parti/s 32, 0, 2;
    %concat/vec4; draw_concat_vec4
    %assign/vec4 v0000014056cb5b40_0, 0;
T_42.1 ;
    %jmp T_42;
    .thread T_42;
    .scope S_0000014056cbde80;
T_43 ;
    %wait E_0000014056cf68e0;
    %load/vec4 v0000014056e8f320_0;
    %nor/r;
    %flag_set/vec4 8;
    %jmp/0xz  T_43.0, 8;
    %pushi/vec4 0, 0, 448;
    %assign/vec4 v0000014056cb74e0_0, 0;
    %jmp T_43.1;
T_43.0 ;
    %load/vec4 v0000014056cb74e0_0;
    %parti/s 416, 0, 2;
    %load/vec4 v0000014056e8bf40_0;
    %parti/s 32, 32, 7;
    %concat/vec4; draw_concat_vec4
    %assign/vec4 v0000014056cb74e0_0, 0;
T_43.1 ;
    %jmp T_43;
    .thread T_43;
    .scope S_0000014056cbca30;
T_44 ;
    %wait E_0000014056cf68e0;
    %load/vec4 v0000014056e8f320_0;
    %nor/r;
    %flag_set/vec4 8;
    %jmp/0xz  T_44.0, 8;
    %pushi/vec4 0, 0, 416;
    %assign/vec4 v0000014056cb79e0_0, 0;
    %jmp T_44.1;
T_44.0 ;
    %load/vec4 v0000014056cb79e0_0;
    %parti/s 384, 0, 2;
    %load/vec4 v0000014056e8bf40_0;
    %parti/s 32, 64, 8;
    %concat/vec4; draw_concat_vec4
    %assign/vec4 v0000014056cb79e0_0, 0;
T_44.1 ;
    %jmp T_44;
    .thread T_44;
    .scope S_0000014056cbd6b0;
T_45 ;
    %wait E_0000014056cf68e0;
    %load/vec4 v0000014056e8f320_0;
    %nor/r;
    %flag_set/vec4 8;
    %jmp/0xz  T_45.0, 8;
    %pushi/vec4 0, 0, 384;
    %assign/vec4 v0000014056cb78a0_0, 0;
    %jmp T_45.1;
T_45.0 ;
    %load/vec4 v0000014056cb78a0_0;
    %parti/s 352, 0, 2;
    %load/vec4 v0000014056e8bf40_0;
    %parti/s 32, 96, 8;
    %concat/vec4; draw_concat_vec4
    %assign/vec4 v0000014056cb78a0_0, 0;
T_45.1 ;
    %jmp T_45;
    .thread T_45;
    .scope S_0000014056cbc260;
T_46 ;
    %wait E_0000014056cf68e0;
    %load/vec4 v0000014056e8f320_0;
    %nor/r;
    %flag_set/vec4 8;
    %jmp/0xz  T_46.0, 8;
    %pushi/vec4 0, 0, 352;
    %assign/vec4 v0000014056cb7b20_0, 0;
    %jmp T_46.1;
T_46.0 ;
    %load/vec4 v0000014056cb7b20_0;
    %parti/s 320, 0, 2;
    %load/vec4 v0000014056e8bf40_0;
    %parti/s 32, 128, 9;
    %concat/vec4; draw_concat_vec4
    %assign/vec4 v0000014056cb7b20_0, 0;
T_46.1 ;
    %jmp T_46;
    .thread T_46;
    .scope S_0000014056cbcee0;
T_47 ;
    %wait E_0000014056cf68e0;
    %load/vec4 v0000014056e8f320_0;
    %nor/r;
    %flag_set/vec4 8;
    %jmp/0xz  T_47.0, 8;
    %pushi/vec4 0, 0, 320;
    %assign/vec4 v0000014056cb5fa0_0, 0;
    %jmp T_47.1;
T_47.0 ;
    %load/vec4 v0000014056cb5fa0_0;
    %parti/s 288, 0, 2;
    %load/vec4 v0000014056e8bf40_0;
    %parti/s 32, 160, 9;
    %concat/vec4; draw_concat_vec4
    %assign/vec4 v0000014056cb5fa0_0, 0;
T_47.1 ;
    %jmp T_47;
    .thread T_47;
    .scope S_0000014056cbd070;
T_48 ;
    %wait E_0000014056cf68e0;
    %load/vec4 v0000014056e8f320_0;
    %nor/r;
    %flag_set/vec4 8;
    %jmp/0xz  T_48.0, 8;
    %pushi/vec4 0, 0, 288;
    %assign/vec4 v0000014056cb9100_0, 0;
    %jmp T_48.1;
T_48.0 ;
    %load/vec4 v0000014056cb9100_0;
    %parti/s 256, 0, 2;
    %load/vec4 v0000014056e8bf40_0;
    %parti/s 32, 192, 9;
    %concat/vec4; draw_concat_vec4
    %assign/vec4 v0000014056cb9100_0, 0;
T_48.1 ;
    %jmp T_48;
    .thread T_48;
    .scope S_0000014056cbd200;
T_49 ;
    %wait E_0000014056cf68e0;
    %load/vec4 v0000014056e8f320_0;
    %nor/r;
    %flag_set/vec4 8;
    %jmp/0xz  T_49.0, 8;
    %pushi/vec4 0, 0, 256;
    %assign/vec4 v0000014056cb8980_0, 0;
    %jmp T_49.1;
T_49.0 ;
    %load/vec4 v0000014056cb8980_0;
    %parti/s 224, 0, 2;
    %load/vec4 v0000014056e8bf40_0;
    %parti/s 32, 224, 9;
    %concat/vec4; draw_concat_vec4
    %assign/vec4 v0000014056cb8980_0, 0;
T_49.1 ;
    %jmp T_49;
    .thread T_49;
    .scope S_0000014056cbcbc0;
T_50 ;
    %wait E_0000014056cf68e0;
    %load/vec4 v0000014056e8f320_0;
    %nor/r;
    %flag_set/vec4 8;
    %jmp/0xz  T_50.0, 8;
    %pushi/vec4 0, 0, 224;
    %assign/vec4 v0000014056cb8480_0, 0;
    %jmp T_50.1;
T_50.0 ;
    %load/vec4 v0000014056cb8480_0;
    %parti/s 192, 0, 2;
    %load/vec4 v0000014056e8bf40_0;
    %parti/s 32, 256, 10;
    %concat/vec4; draw_concat_vec4
    %assign/vec4 v0000014056cb8480_0, 0;
T_50.1 ;
    %jmp T_50;
    .thread T_50;
    .scope S_0000014056cbd840;
T_51 ;
    %wait E_0000014056cf68e0;
    %load/vec4 v0000014056e8f320_0;
    %nor/r;
    %flag_set/vec4 8;
    %jmp/0xz  T_51.0, 8;
    %pushi/vec4 0, 0, 192;
    %assign/vec4 v0000014056cb8660_0, 0;
    %jmp T_51.1;
T_51.0 ;
    %load/vec4 v0000014056cb8660_0;
    %parti/s 160, 0, 2;
    %load/vec4 v0000014056e8bf40_0;
    %parti/s 32, 288, 10;
    %concat/vec4; draw_concat_vec4
    %assign/vec4 v0000014056cb8660_0, 0;
T_51.1 ;
    %jmp T_51;
    .thread T_51;
    .scope S_0000014056d727d0;
T_52 ;
    %wait E_0000014056cf68e0;
    %load/vec4 v0000014056e8f320_0;
    %nor/r;
    %flag_set/vec4 8;
    %jmp/0xz  T_52.0, 8;
    %pushi/vec4 0, 0, 160;
    %assign/vec4 v0000014056cb9ec0_0, 0;
    %jmp T_52.1;
T_52.0 ;
    %load/vec4 v0000014056cb9ec0_0;
    %parti/s 128, 0, 2;
    %load/vec4 v0000014056e8bf40_0;
    %parti/s 32, 320, 10;
    %concat/vec4; draw_concat_vec4
    %assign/vec4 v0000014056cb9ec0_0, 0;
T_52.1 ;
    %jmp T_52;
    .thread T_52;
    .scope S_0000014056d71e70;
T_53 ;
    %wait E_0000014056cf68e0;
    %load/vec4 v0000014056e8f320_0;
    %nor/r;
    %flag_set/vec4 8;
    %jmp/0xz  T_53.0, 8;
    %pushi/vec4 0, 0, 128;
    %assign/vec4 v0000014056cba820_0, 0;
    %jmp T_53.1;
T_53.0 ;
    %load/vec4 v0000014056cba820_0;
    %parti/s 96, 0, 2;
    %load/vec4 v0000014056e8bf40_0;
    %parti/s 32, 352, 10;
    %concat/vec4; draw_concat_vec4
    %assign/vec4 v0000014056cba820_0, 0;
T_53.1 ;
    %jmp T_53;
    .thread T_53;
    .scope S_0000014056d719c0;
T_54 ;
    %wait E_0000014056cf68e0;
    %load/vec4 v0000014056e8f320_0;
    %nor/r;
    %flag_set/vec4 8;
    %jmp/0xz  T_54.0, 8;
    %pushi/vec4 0, 0, 96;
    %assign/vec4 v0000014056cb99c0_0, 0;
    %jmp T_54.1;
T_54.0 ;
    %load/vec4 v0000014056cb99c0_0;
    %parti/s 64, 0, 2;
    %load/vec4 v0000014056e8bf40_0;
    %parti/s 32, 384, 10;
    %concat/vec4; draw_concat_vec4
    %assign/vec4 v0000014056cb99c0_0, 0;
T_54.1 ;
    %jmp T_54;
    .thread T_54;
    .scope S_0000014056d72af0;
T_55 ;
    %wait E_0000014056cf68e0;
    %load/vec4 v0000014056e8f320_0;
    %nor/r;
    %flag_set/vec4 8;
    %jmp/0xz  T_55.0, 8;
    %pushi/vec4 0, 0, 64;
    %assign/vec4 v0000014056cba3c0_0, 0;
    %jmp T_55.1;
T_55.0 ;
    %load/vec4 v0000014056cba3c0_0;
    %parti/s 32, 0, 2;
    %load/vec4 v0000014056e8bf40_0;
    %parti/s 32, 416, 10;
    %concat/vec4; draw_concat_vec4
    %assign/vec4 v0000014056cba3c0_0, 0;
T_55.1 ;
    %jmp T_55;
    .thread T_55;
    .scope S_0000014056d711f0;
T_56 ;
    %wait E_0000014056cf68e0;
    %load/vec4 v0000014056e8f320_0;
    %nor/r;
    %flag_set/vec4 8;
    %jmp/0xz  T_56.0, 8;
    %pushi/vec4 0, 0, 32;
    %assign/vec4 v0000014056cb9a60_0, 0;
    %jmp T_56.1;
T_56.0 ;
    %load/vec4 v0000014056e8bf40_0;
    %parti/s 32, 448, 10;
    %assign/vec4 v0000014056cb9a60_0, 0;
T_56.1 ;
    %jmp T_56;
    .thread T_56;
    .scope S_0000014056e7e820;
T_57 ;
    %wait E_0000014056cf68e0;
    %load/vec4 v0000014056e8c9e0_0;
    %nor/r;
    %flag_set/vec4 8;
    %jmp/0xz  T_57.0, 8;
    %pushi/vec4 0, 0, 3;
    %assign/vec4 v0000014056e8bcc0_0, 0;
    %jmp T_57.1;
T_57.0 ;
    %load/vec4 v0000014056e8b860_0;
    %assign/vec4 v0000014056e8bcc0_0, 0;
T_57.1 ;
    %jmp T_57;
    .thread T_57;
    .scope S_0000014056e7e820;
T_58 ;
    %wait E_0000014056cf60e0;
    %load/vec4 v0000014056e8bcc0_0;
    %store/vec4 v0000014056e8b860_0, 0, 3;
    %load/vec4 v0000014056e8bcc0_0;
    %dup/vec4;
    %pushi/vec4 0, 0, 3;
    %cmp/u;
    %jmp/1 T_58.0, 6;
    %dup/vec4;
    %pushi/vec4 1, 0, 3;
    %cmp/u;
    %jmp/1 T_58.1, 6;
    %dup/vec4;
    %pushi/vec4 2, 0, 3;
    %cmp/u;
    %jmp/1 T_58.2, 6;
    %dup/vec4;
    %pushi/vec4 3, 0, 3;
    %cmp/u;
    %jmp/1 T_58.3, 6;
    %dup/vec4;
    %pushi/vec4 4, 0, 3;
    %cmp/u;
    %jmp/1 T_58.4, 6;
    %pushi/vec4 0, 0, 3;
    %store/vec4 v0000014056e8b860_0, 0, 3;
    %jmp T_58.6;
T_58.0 ;
    %load/vec4 v0000014056e8d7a0_0;
    %flag_set/vec4 8;
    %jmp/0xz  T_58.7, 8;
    %pushi/vec4 1, 0, 3;
    %store/vec4 v0000014056e8b860_0, 0, 3;
T_58.7 ;
    %jmp T_58.6;
T_58.1 ;
    %load/vec4 v0000014056e8d480_0;
    %cmpi/u 38, 0, 32;
    %flag_inv 5; GE is !LT
    %jmp/0xz  T_58.9, 5;
    %pushi/vec4 2, 0, 3;
    %store/vec4 v0000014056e8b860_0, 0, 3;
T_58.9 ;
    %jmp T_58.6;
T_58.2 ;
    %load/vec4 v0000014056e8d3e0_0;
    %subi 1, 0, 32;
    %load/vec4 v0000014056e8b5e0_0;
    %cmp/u;
    %flag_or 5, 4;
    %jmp/0xz  T_58.11, 5;
    %pushi/vec4 3, 0, 3;
    %store/vec4 v0000014056e8b860_0, 0, 3;
T_58.11 ;
    %jmp T_58.6;
T_58.3 ;
    %load/vec4 v0000014056e8c580_0;
    %pad/u 33;
    %cmpi/u 27, 0, 33;
    %flag_inv 5; GE is !LT
    %jmp/0xz  T_58.13, 5;
    %pushi/vec4 4, 0, 3;
    %store/vec4 v0000014056e8b860_0, 0, 3;
T_58.13 ;
    %jmp T_58.6;
T_58.4 ;
    %pushi/vec4 0, 0, 3;
    %store/vec4 v0000014056e8b860_0, 0, 3;
    %jmp T_58.6;
T_58.6 ;
    %pop/vec4 1;
    %jmp T_58;
    .thread T_58, $push;
    .scope S_0000014056e7e820;
T_59 ;
    %wait E_0000014056cf68e0;
    %load/vec4 v0000014056e8c9e0_0;
    %nor/r;
    %flag_set/vec4 8;
    %jmp/0xz  T_59.0, 8;
    %pushi/vec4 0, 0, 1;
    %assign/vec4 v0000014056e8b220_0, 0;
    %pushi/vec4 0, 0, 1;
    %assign/vec4 v0000014056e8ca80_0, 0;
    %pushi/vec4 0, 0, 1;
    %assign/vec4 v0000014056e8ba40_0, 0;
    %pushi/vec4 0, 0, 1;
    %assign/vec4 v0000014056e8b0e0_0, 0;
    %pushi/vec4 0, 0, 1;
    %assign/vec4 v0000014056e8cf80_0, 0;
    %pushi/vec4 1, 0, 1;
    %assign/vec4 v0000014056e8cbc0_0, 0;
    %pushi/vec4 0, 0, 32;
    %assign/vec4 v0000014056e8d480_0, 0;
    %pushi/vec4 0, 0, 32;
    %assign/vec4 v0000014056e8b5e0_0, 0;
    %pushi/vec4 0, 0, 32;
    %assign/vec4 v0000014056e8c580_0, 0;
    %jmp T_59.1;
T_59.0 ;
    %pushi/vec4 0, 0, 1;
    %assign/vec4 v0000014056e8b220_0, 0;
    %pushi/vec4 0, 0, 1;
    %assign/vec4 v0000014056e8ca80_0, 0;
    %pushi/vec4 0, 0, 1;
    %assign/vec4 v0000014056e8ba40_0, 0;
    %pushi/vec4 0, 0, 1;
    %assign/vec4 v0000014056e8b0e0_0, 0;
    %pushi/vec4 0, 0, 1;
    %assign/vec4 v0000014056e8cf80_0, 0;
    %pushi/vec4 0, 0, 1;
    %assign/vec4 v0000014056e8cbc0_0, 0;
    %load/vec4 v0000014056e8bcc0_0;
    %dup/vec4;
    %pushi/vec4 0, 0, 3;
    %cmp/u;
    %jmp/1 T_59.2, 6;
    %dup/vec4;
    %pushi/vec4 1, 0, 3;
    %cmp/u;
    %jmp/1 T_59.3, 6;
    %dup/vec4;
    %pushi/vec4 2, 0, 3;
    %cmp/u;
    %jmp/1 T_59.4, 6;
    %dup/vec4;
    %pushi/vec4 3, 0, 3;
    %cmp/u;
    %jmp/1 T_59.5, 6;
    %dup/vec4;
    %pushi/vec4 4, 0, 3;
    %cmp/u;
    %jmp/1 T_59.6, 6;
    %jmp T_59.7;
T_59.2 ;
    %pushi/vec4 1, 0, 1;
    %assign/vec4 v0000014056e8cbc0_0, 0;
    %pushi/vec4 0, 0, 32;
    %assign/vec4 v0000014056e8d480_0, 0;
    %pushi/vec4 0, 0, 32;
    %assign/vec4 v0000014056e8b5e0_0, 0;
    %pushi/vec4 0, 0, 32;
    %assign/vec4 v0000014056e8c580_0, 0;
    %jmp T_59.7;
T_59.3 ;
    %load/vec4 v0000014056e8d480_0;
    %cmpi/u 27, 0, 32;
    %jmp/0xz  T_59.8, 5;
    %pushi/vec4 1, 0, 1;
    %assign/vec4 v0000014056e8b220_0, 0;
    %load/vec4 v0000014056e8d480_0;
    %addi 1, 0, 32;
    %assign/vec4 v0000014056e8d480_0, 0;
    %jmp T_59.9;
T_59.8 ;
    %pushi/vec4 1, 0, 1;
    %assign/vec4 v0000014056e8ca80_0, 0;
    %load/vec4 v0000014056e8bd60_0;
    %flag_set/vec4 8;
    %jmp/0xz  T_59.10, 8;
    %load/vec4 v0000014056e8d480_0;
    %addi 1, 0, 32;
    %assign/vec4 v0000014056e8d480_0, 0;
T_59.10 ;
T_59.9 ;
    %jmp T_59.7;
T_59.4 ;
    %pushi/vec4 1, 0, 1;
    %assign/vec4 v0000014056e8ba40_0, 0;
    %load/vec4 v0000014056e8c620_0;
    %flag_set/vec4 8;
    %jmp/0xz  T_59.12, 8;
    %load/vec4 v0000014056e8b5e0_0;
    %addi 1, 0, 32;
    %assign/vec4 v0000014056e8b5e0_0, 0;
T_59.12 ;
    %jmp T_59.7;
T_59.5 ;
    %pushi/vec4 1, 0, 1;
    %assign/vec4 v0000014056e8b0e0_0, 0;
    %load/vec4 v0000014056e8c580_0;
    %addi 1, 0, 32;
    %assign/vec4 v0000014056e8c580_0, 0;
    %jmp T_59.7;
T_59.6 ;
    %pushi/vec4 1, 0, 1;
    %assign/vec4 v0000014056e8cf80_0, 0;
    %jmp T_59.7;
T_59.7 ;
    %pop/vec4 1;
T_59.1 ;
    %jmp T_59;
    .thread T_59;
    .scope S_0000014056d85090;
T_60 ;
    %wait E_0000014056cf68e0;
    %load/vec4 v0000014056b19eb0_0;
    %nor/r;
    %flag_set/vec4 8;
    %jmp/0xz  T_60.0, 8;
    %pushi/vec4 0, 0, 8;
    %assign/vec4 v0000014056b1ac70_0, 0;
    %pushi/vec4 0, 0, 8;
    %assign/vec4 v0000014056b19d70_0, 0;
    %pushi/vec4 0, 0, 32;
    %assign/vec4 v0000014056b19b90_0, 0;
    %jmp T_60.1;
T_60.0 ;
    %load/vec4 v0000014056b1a310_0;
    %flag_set/vec4 8;
    %jmp/0xz  T_60.2, 8;
    %load/vec4 v0000014056b19e10_0;
    %assign/vec4 v0000014056b1ac70_0, 0;
T_60.2 ;
    %load/vec4 v0000014056aae910_0;
    %flag_set/vec4 8;
    %jmp/0xz  T_60.4, 8;
    %load/vec4 v0000014056aaeaf0_0;
    %assign/vec4 v0000014056b19d70_0, 0;
    %load/vec4 v0000014056aaec30_0;
    %load/vec4 v0000014056aaeaf0_0;
    %pad/s 32;
    %load/vec4 v0000014056b1ac70_0;
    %pad/s 32;
    %mul;
    %add;
    %assign/vec4 v0000014056b19b90_0, 0;
T_60.4 ;
T_60.1 ;
    %jmp T_60;
    .thread T_60;
    .scope S_0000014056d85ea0;
T_61 ;
    %wait E_0000014056cf68e0;
    %load/vec4 v0000014056b18bf0_0;
    %nor/r;
    %flag_set/vec4 8;
    %jmp/0xz  T_61.0, 8;
    %pushi/vec4 0, 0, 8;
    %assign/vec4 v0000014056b18330_0, 0;
    %pushi/vec4 0, 0, 8;
    %assign/vec4 v0000014056b197d0_0, 0;
    %pushi/vec4 0, 0, 32;
    %assign/vec4 v0000014056b18ab0_0, 0;
    %jmp T_61.1;
T_61.0 ;
    %load/vec4 v0000014056b17250_0;
    %flag_set/vec4 8;
    %jmp/0xz  T_61.2, 8;
    %load/vec4 v0000014056b183d0_0;
    %assign/vec4 v0000014056b18330_0, 0;
T_61.2 ;
    %load/vec4 v0000014056b19870_0;
    %flag_set/vec4 8;
    %jmp/0xz  T_61.4, 8;
    %load/vec4 v0000014056b199b0_0;
    %assign/vec4 v0000014056b197d0_0, 0;
    %load/vec4 v0000014056b17e30_0;
    %load/vec4 v0000014056b199b0_0;
    %pad/s 32;
    %load/vec4 v0000014056b18330_0;
    %pad/s 32;
    %mul;
    %add;
    %assign/vec4 v0000014056b18ab0_0, 0;
T_61.4 ;
T_61.1 ;
    %jmp T_61;
    .thread T_61;
    .scope S_0000014056d864e0;
T_62 ;
    %wait E_0000014056cf68e0;
    %load/vec4 v0000014056b17a70_0;
    %nor/r;
    %flag_set/vec4 8;
    %jmp/0xz  T_62.0, 8;
    %pushi/vec4 0, 0, 8;
    %assign/vec4 v0000014056b190f0_0, 0;
    %pushi/vec4 0, 0, 8;
    %assign/vec4 v0000014056b177f0_0, 0;
    %pushi/vec4 0, 0, 32;
    %assign/vec4 v0000014056b17930_0, 0;
    %jmp T_62.1;
T_62.0 ;
    %load/vec4 v0000014056b176b0_0;
    %flag_set/vec4 8;
    %jmp/0xz  T_62.2, 8;
    %load/vec4 v0000014056b18010_0;
    %assign/vec4 v0000014056b190f0_0, 0;
T_62.2 ;
    %load/vec4 v0000014056b195f0_0;
    %flag_set/vec4 8;
    %jmp/0xz  T_62.4, 8;
    %load/vec4 v0000014056b17110_0;
    %assign/vec4 v0000014056b177f0_0, 0;
    %load/vec4 v0000014056b174d0_0;
    %load/vec4 v0000014056b17110_0;
    %pad/s 32;
    %load/vec4 v0000014056b190f0_0;
    %pad/s 32;
    %mul;
    %add;
    %assign/vec4 v0000014056b17930_0, 0;
T_62.4 ;
T_62.1 ;
    %jmp T_62;
    .thread T_62;
    .scope S_0000014056d8c510;
T_63 ;
    %wait E_0000014056cf68e0;
    %load/vec4 v0000014056b48150_0;
    %nor/r;
    %flag_set/vec4 8;
    %jmp/0xz  T_63.0, 8;
    %pushi/vec4 0, 0, 8;
    %assign/vec4 v0000014056b48b50_0, 0;
    %pushi/vec4 0, 0, 8;
    %assign/vec4 v0000014056b47f70_0, 0;
    %pushi/vec4 0, 0, 32;
    %assign/vec4 v0000014056b47a70_0, 0;
    %jmp T_63.1;
T_63.0 ;
    %load/vec4 v0000014056b48a10_0;
    %flag_set/vec4 8;
    %jmp/0xz  T_63.2, 8;
    %load/vec4 v0000014056b47ed0_0;
    %assign/vec4 v0000014056b48b50_0, 0;
T_63.2 ;
    %load/vec4 v0000014056b48d30_0;
    %flag_set/vec4 8;
    %jmp/0xz  T_63.4, 8;
    %load/vec4 v0000014056b488d0_0;
    %assign/vec4 v0000014056b47f70_0, 0;
    %load/vec4 v0000014056b48970_0;
    %load/vec4 v0000014056b488d0_0;
    %pad/s 32;
    %load/vec4 v0000014056b48b50_0;
    %pad/s 32;
    %mul;
    %add;
    %assign/vec4 v0000014056b47a70_0, 0;
T_63.4 ;
T_63.1 ;
    %jmp T_63;
    .thread T_63;
    .scope S_0000014056d8b890;
T_64 ;
    %wait E_0000014056cf68e0;
    %load/vec4 v0000014056b47610_0;
    %nor/r;
    %flag_set/vec4 8;
    %jmp/0xz  T_64.0, 8;
    %pushi/vec4 0, 0, 8;
    %assign/vec4 v0000014056b472f0_0, 0;
    %pushi/vec4 0, 0, 8;
    %assign/vec4 v0000014056b477f0_0, 0;
    %pushi/vec4 0, 0, 32;
    %assign/vec4 v0000014056b453b0_0, 0;
    %jmp T_64.1;
T_64.0 ;
    %load/vec4 v0000014056b45310_0;
    %flag_set/vec4 8;
    %jmp/0xz  T_64.2, 8;
    %load/vec4 v0000014056b467b0_0;
    %assign/vec4 v0000014056b472f0_0, 0;
T_64.2 ;
    %load/vec4 v0000014056b46670_0;
    %flag_set/vec4 8;
    %jmp/0xz  T_64.4, 8;
    %load/vec4 v0000014056b45db0_0;
    %assign/vec4 v0000014056b477f0_0, 0;
    %load/vec4 v0000014056b45e50_0;
    %load/vec4 v0000014056b45db0_0;
    %pad/s 32;
    %load/vec4 v0000014056b472f0_0;
    %pad/s 32;
    %mul;
    %add;
    %assign/vec4 v0000014056b453b0_0, 0;
T_64.4 ;
T_64.1 ;
    %jmp T_64;
    .thread T_64;
    .scope S_0000014056d8c9c0;
T_65 ;
    %wait E_0000014056cf68e0;
    %load/vec4 v0000014056b740f0_0;
    %nor/r;
    %flag_set/vec4 8;
    %jmp/0xz  T_65.0, 8;
    %pushi/vec4 0, 0, 8;
    %assign/vec4 v0000014056b45810_0, 0;
    %pushi/vec4 0, 0, 8;
    %assign/vec4 v0000014056b45130_0, 0;
    %pushi/vec4 0, 0, 32;
    %assign/vec4 v0000014056b45770_0, 0;
    %jmp T_65.1;
T_65.0 ;
    %load/vec4 v0000014056b45090_0;
    %flag_set/vec4 8;
    %jmp/0xz  T_65.2, 8;
    %load/vec4 v0000014056b46fd0_0;
    %assign/vec4 v0000014056b45810_0, 0;
T_65.2 ;
    %load/vec4 v0000014056b46210_0;
    %flag_set/vec4 8;
    %jmp/0xz  T_65.4, 8;
    %load/vec4 v0000014056b45590_0;
    %assign/vec4 v0000014056b45130_0, 0;
    %load/vec4 v0000014056b46a30_0;
    %load/vec4 v0000014056b45590_0;
    %pad/s 32;
    %load/vec4 v0000014056b45810_0;
    %pad/s 32;
    %mul;
    %add;
    %assign/vec4 v0000014056b45770_0, 0;
T_65.4 ;
T_65.1 ;
    %jmp T_65;
    .thread T_65;
    .scope S_0000014056d8b0c0;
T_66 ;
    %wait E_0000014056cf68e0;
    %load/vec4 v0000014056b72bb0_0;
    %nor/r;
    %flag_set/vec4 8;
    %jmp/0xz  T_66.0, 8;
    %pushi/vec4 0, 0, 8;
    %assign/vec4 v0000014056b736f0_0, 0;
    %pushi/vec4 0, 0, 8;
    %assign/vec4 v0000014056b74af0_0, 0;
    %pushi/vec4 0, 0, 32;
    %assign/vec4 v0000014056b74cd0_0, 0;
    %jmp T_66.1;
T_66.0 ;
    %load/vec4 v0000014056b747d0_0;
    %flag_set/vec4 8;
    %jmp/0xz  T_66.2, 8;
    %load/vec4 v0000014056b73fb0_0;
    %assign/vec4 v0000014056b736f0_0, 0;
T_66.2 ;
    %load/vec4 v0000014056b73d30_0;
    %flag_set/vec4 8;
    %jmp/0xz  T_66.4, 8;
    %load/vec4 v0000014056b73bf0_0;
    %assign/vec4 v0000014056b74af0_0, 0;
    %load/vec4 v0000014056b73e70_0;
    %load/vec4 v0000014056b73bf0_0;
    %pad/s 32;
    %load/vec4 v0000014056b736f0_0;
    %pad/s 32;
    %mul;
    %add;
    %assign/vec4 v0000014056b74cd0_0, 0;
T_66.4 ;
T_66.1 ;
    %jmp T_66;
    .thread T_66;
    .scope S_0000014056d8c380;
T_67 ;
    %wait E_0000014056cf68e0;
    %load/vec4 v0000014056b726b0_0;
    %nor/r;
    %flag_set/vec4 8;
    %jmp/0xz  T_67.0, 8;
    %pushi/vec4 0, 0, 8;
    %assign/vec4 v0000014056b72610_0, 0;
    %pushi/vec4 0, 0, 8;
    %assign/vec4 v0000014056b717b0_0, 0;
    %pushi/vec4 0, 0, 32;
    %assign/vec4 v0000014056b721b0_0, 0;
    %jmp T_67.1;
T_67.0 ;
    %load/vec4 v0000014056b72b10_0;
    %flag_set/vec4 8;
    %jmp/0xz  T_67.2, 8;
    %load/vec4 v0000014056b71530_0;
    %assign/vec4 v0000014056b72610_0, 0;
T_67.2 ;
    %load/vec4 v0000014056b71cb0_0;
    %flag_set/vec4 8;
    %jmp/0xz  T_67.4, 8;
    %load/vec4 v0000014056b735b0_0;
    %assign/vec4 v0000014056b717b0_0, 0;
    %load/vec4 v0000014056b71d50_0;
    %load/vec4 v0000014056b735b0_0;
    %pad/s 32;
    %load/vec4 v0000014056b72610_0;
    %pad/s 32;
    %mul;
    %add;
    %assign/vec4 v0000014056b721b0_0, 0;
T_67.4 ;
T_67.1 ;
    %jmp T_67;
    .thread T_67;
    .scope S_0000014056d8d8a0;
T_68 ;
    %wait E_0000014056cf68e0;
    %load/vec4 v00000140569e4d80_0;
    %nor/r;
    %flag_set/vec4 8;
    %jmp/0xz  T_68.0, 8;
    %pushi/vec4 0, 0, 8;
    %assign/vec4 v00000140569e5f00_0, 0;
    %pushi/vec4 0, 0, 8;
    %assign/vec4 v00000140569e60e0_0, 0;
    %pushi/vec4 0, 0, 32;
    %assign/vec4 v00000140569e5320_0, 0;
    %jmp T_68.1;
T_68.0 ;
    %load/vec4 v00000140569e58c0_0;
    %flag_set/vec4 8;
    %jmp/0xz  T_68.2, 8;
    %load/vec4 v00000140569e5780_0;
    %assign/vec4 v00000140569e5f00_0, 0;
T_68.2 ;
    %load/vec4 v0000014056b73470_0;
    %flag_set/vec4 8;
    %jmp/0xz  T_68.4, 8;
    %load/vec4 v0000014056b71710_0;
    %assign/vec4 v00000140569e60e0_0, 0;
    %load/vec4 v0000014056b710d0_0;
    %load/vec4 v0000014056b71710_0;
    %pad/s 32;
    %load/vec4 v00000140569e5f00_0;
    %pad/s 32;
    %mul;
    %add;
    %assign/vec4 v00000140569e5320_0, 0;
T_68.4 ;
T_68.1 ;
    %jmp T_68;
    .thread T_68;
    .scope S_0000014056d8e520;
T_69 ;
    %wait E_0000014056cf68e0;
    %load/vec4 v00000140569e5aa0_0;
    %nor/r;
    %flag_set/vec4 8;
    %jmp/0xz  T_69.0, 8;
    %pushi/vec4 0, 0, 8;
    %assign/vec4 v00000140569e6180_0, 0;
    %pushi/vec4 0, 0, 8;
    %assign/vec4 v00000140569e5500_0, 0;
    %pushi/vec4 0, 0, 32;
    %assign/vec4 v00000140569e5820_0, 0;
    %jmp T_69.1;
T_69.0 ;
    %load/vec4 v00000140569e5a00_0;
    %flag_set/vec4 8;
    %jmp/0xz  T_69.2, 8;
    %load/vec4 v00000140569e5460_0;
    %assign/vec4 v00000140569e6180_0, 0;
T_69.2 ;
    %load/vec4 v00000140569e4ec0_0;
    %flag_set/vec4 8;
    %jmp/0xz  T_69.4, 8;
    %load/vec4 v00000140569e4ba0_0;
    %assign/vec4 v00000140569e5500_0, 0;
    %load/vec4 v00000140569e56e0_0;
    %load/vec4 v00000140569e4ba0_0;
    %pad/s 32;
    %load/vec4 v00000140569e6180_0;
    %pad/s 32;
    %mul;
    %add;
    %assign/vec4 v00000140569e5820_0, 0;
T_69.4 ;
T_69.1 ;
    %jmp T_69;
    .thread T_69;
    .scope S_0000014056d8dd50;
T_70 ;
    %wait E_0000014056cf68e0;
    %load/vec4 v00000140569d8c70_0;
    %nor/r;
    %flag_set/vec4 8;
    %jmp/0xz  T_70.0, 8;
    %pushi/vec4 0, 0, 8;
    %assign/vec4 v00000140569d8270_0, 0;
    %pushi/vec4 0, 0, 8;
    %assign/vec4 v00000140569d9350_0, 0;
    %pushi/vec4 0, 0, 32;
    %assign/vec4 v00000140569d86d0_0, 0;
    %jmp T_70.1;
T_70.0 ;
    %load/vec4 v00000140569e4c40_0;
    %flag_set/vec4 8;
    %jmp/0xz  T_70.2, 8;
    %load/vec4 v00000140569e49c0_0;
    %assign/vec4 v00000140569d8270_0, 0;
T_70.2 ;
    %load/vec4 v00000140569e4600_0;
    %flag_set/vec4 8;
    %jmp/0xz  T_70.4, 8;
    %load/vec4 v00000140569e4880_0;
    %assign/vec4 v00000140569d9350_0, 0;
    %load/vec4 v00000140569e4920_0;
    %load/vec4 v00000140569e4880_0;
    %pad/s 32;
    %load/vec4 v00000140569d8270_0;
    %pad/s 32;
    %mul;
    %add;
    %assign/vec4 v00000140569d86d0_0, 0;
T_70.4 ;
T_70.1 ;
    %jmp T_70;
    .thread T_70;
    .scope S_0000014056d8e6b0;
T_71 ;
    %wait E_0000014056cf68e0;
    %load/vec4 v00000140569d9490_0;
    %nor/r;
    %flag_set/vec4 8;
    %jmp/0xz  T_71.0, 8;
    %pushi/vec4 0, 0, 8;
    %assign/vec4 v00000140569d9210_0, 0;
    %pushi/vec4 0, 0, 8;
    %assign/vec4 v00000140569d7af0_0, 0;
    %pushi/vec4 0, 0, 32;
    %assign/vec4 v00000140569d8f90_0, 0;
    %jmp T_71.1;
T_71.0 ;
    %load/vec4 v00000140569d88b0_0;
    %flag_set/vec4 8;
    %jmp/0xz  T_71.2, 8;
    %load/vec4 v00000140569d81d0_0;
    %assign/vec4 v00000140569d9210_0, 0;
T_71.2 ;
    %load/vec4 v00000140569d93f0_0;
    %flag_set/vec4 8;
    %jmp/0xz  T_71.4, 8;
    %load/vec4 v00000140569d9850_0;
    %assign/vec4 v00000140569d7af0_0, 0;
    %load/vec4 v00000140569d8810_0;
    %load/vec4 v00000140569d9850_0;
    %pad/s 32;
    %load/vec4 v00000140569d9210_0;
    %pad/s 32;
    %mul;
    %add;
    %assign/vec4 v00000140569d8f90_0, 0;
T_71.4 ;
T_71.1 ;
    %jmp T_71;
    .thread T_71;
    .scope S_0000014056d8e390;
T_72 ;
    %wait E_0000014056cf68e0;
    %load/vec4 v00000140569f2f80_0;
    %nor/r;
    %flag_set/vec4 8;
    %jmp/0xz  T_72.0, 8;
    %pushi/vec4 0, 0, 8;
    %assign/vec4 v00000140569f28a0_0, 0;
    %pushi/vec4 0, 0, 8;
    %assign/vec4 v00000140569d8630_0, 0;
    %pushi/vec4 0, 0, 32;
    %assign/vec4 v00000140569f3c00_0, 0;
    %jmp T_72.1;
T_72.0 ;
    %load/vec4 v00000140569d84f0_0;
    %flag_set/vec4 8;
    %jmp/0xz  T_72.2, 8;
    %load/vec4 v00000140569d8450_0;
    %assign/vec4 v00000140569f28a0_0, 0;
T_72.2 ;
    %load/vec4 v00000140569d7ff0_0;
    %flag_set/vec4 8;
    %jmp/0xz  T_72.4, 8;
    %load/vec4 v00000140569d8310_0;
    %assign/vec4 v00000140569d8630_0, 0;
    %load/vec4 v00000140569d83b0_0;
    %load/vec4 v00000140569d8310_0;
    %pad/s 32;
    %load/vec4 v00000140569f28a0_0;
    %pad/s 32;
    %mul;
    %add;
    %assign/vec4 v00000140569f3c00_0, 0;
T_72.4 ;
T_72.1 ;
    %jmp T_72;
    .thread T_72;
    .scope S_0000014056d8f720;
T_73 ;
    %wait E_0000014056cf68e0;
    %load/vec4 v00000140569f33e0_0;
    %nor/r;
    %flag_set/vec4 8;
    %jmp/0xz  T_73.0, 8;
    %pushi/vec4 0, 0, 8;
    %assign/vec4 v00000140569f2e40_0, 0;
    %pushi/vec4 0, 0, 8;
    %assign/vec4 v00000140569f2c60_0, 0;
    %pushi/vec4 0, 0, 32;
    %assign/vec4 v00000140569f3de0_0, 0;
    %jmp T_73.1;
T_73.0 ;
    %load/vec4 v00000140569f2a80_0;
    %flag_set/vec4 8;
    %jmp/0xz  T_73.2, 8;
    %load/vec4 v00000140569f3980_0;
    %assign/vec4 v00000140569f2e40_0, 0;
T_73.2 ;
    %load/vec4 v00000140569f2440_0;
    %flag_set/vec4 8;
    %jmp/0xz  T_73.4, 8;
    %load/vec4 v00000140569f3d40_0;
    %assign/vec4 v00000140569f2c60_0, 0;
    %load/vec4 v00000140569f2260_0;
    %load/vec4 v00000140569f3d40_0;
    %pad/s 32;
    %load/vec4 v00000140569f2e40_0;
    %pad/s 32;
    %mul;
    %add;
    %assign/vec4 v00000140569f3de0_0, 0;
T_73.4 ;
T_73.1 ;
    %jmp T_73;
    .thread T_73;
    .scope S_0000014056d8fa40;
T_74 ;
    %wait E_0000014056cf68e0;
    %load/vec4 v0000014056a3d450_0;
    %nor/r;
    %flag_set/vec4 8;
    %jmp/0xz  T_74.0, 8;
    %pushi/vec4 0, 0, 8;
    %assign/vec4 v0000014056a3ec10_0, 0;
    %pushi/vec4 0, 0, 8;
    %assign/vec4 v0000014056a3d9f0_0, 0;
    %pushi/vec4 0, 0, 32;
    %assign/vec4 v0000014056a3e670_0, 0;
    %jmp T_74.1;
T_74.0 ;
    %load/vec4 v0000014056a3def0_0;
    %flag_set/vec4 8;
    %jmp/0xz  T_74.2, 8;
    %load/vec4 v0000014056a3d3b0_0;
    %assign/vec4 v0000014056a3ec10_0, 0;
T_74.2 ;
    %load/vec4 v0000014056a3d270_0;
    %flag_set/vec4 8;
    %jmp/0xz  T_74.4, 8;
    %load/vec4 v0000014056a3ead0_0;
    %assign/vec4 v0000014056a3d9f0_0, 0;
    %load/vec4 v0000014056a3eb70_0;
    %load/vec4 v0000014056a3ead0_0;
    %pad/s 32;
    %load/vec4 v0000014056a3ec10_0;
    %pad/s 32;
    %mul;
    %add;
    %assign/vec4 v0000014056a3e670_0, 0;
T_74.4 ;
T_74.1 ;
    %jmp T_74;
    .thread T_74;
    .scope S_0000014056d8fd60;
T_75 ;
    %wait E_0000014056cf68e0;
    %load/vec4 v0000014056a8c0b0_0;
    %nor/r;
    %flag_set/vec4 8;
    %jmp/0xz  T_75.0, 8;
    %pushi/vec4 0, 0, 8;
    %assign/vec4 v0000014056a8cd30_0, 0;
    %pushi/vec4 0, 0, 8;
    %assign/vec4 v0000014056a8c6f0_0, 0;
    %pushi/vec4 0, 0, 32;
    %assign/vec4 v0000014056a8b890_0, 0;
    %jmp T_75.1;
T_75.0 ;
    %load/vec4 v0000014056a8ba70_0;
    %flag_set/vec4 8;
    %jmp/0xz  T_75.2, 8;
    %load/vec4 v0000014056a3d8b0_0;
    %assign/vec4 v0000014056a8cd30_0, 0;
T_75.2 ;
    %load/vec4 v0000014056a3ed50_0;
    %flag_set/vec4 8;
    %jmp/0xz  T_75.4, 8;
    %load/vec4 v0000014056a3d810_0;
    %assign/vec4 v0000014056a8c6f0_0, 0;
    %load/vec4 v0000014056a3edf0_0;
    %load/vec4 v0000014056a3d810_0;
    %pad/s 32;
    %load/vec4 v0000014056a8cd30_0;
    %pad/s 32;
    %mul;
    %add;
    %assign/vec4 v0000014056a8b890_0, 0;
T_75.4 ;
T_75.1 ;
    %jmp T_75;
    .thread T_75;
    .scope S_0000014056d903a0;
T_76 ;
    %wait E_0000014056cf68e0;
    %load/vec4 v0000014056a8b070_0;
    %nor/r;
    %flag_set/vec4 8;
    %jmp/0xz  T_76.0, 8;
    %pushi/vec4 0, 0, 8;
    %assign/vec4 v0000014056a8b250_0, 0;
    %pushi/vec4 0, 0, 8;
    %assign/vec4 v0000014056a8ce70_0, 0;
    %pushi/vec4 0, 0, 32;
    %assign/vec4 v0000014056a8cf10_0, 0;
    %jmp T_76.1;
T_76.0 ;
    %load/vec4 v0000014056a8cdd0_0;
    %flag_set/vec4 8;
    %jmp/0xz  T_76.2, 8;
    %load/vec4 v0000014056a8cc90_0;
    %assign/vec4 v0000014056a8b250_0, 0;
T_76.2 ;
    %load/vec4 v0000014056a8c3d0_0;
    %flag_set/vec4 8;
    %jmp/0xz  T_76.4, 8;
    %load/vec4 v0000014056a8c5b0_0;
    %assign/vec4 v0000014056a8ce70_0, 0;
    %load/vec4 v0000014056a8cbf0_0;
    %load/vec4 v0000014056a8c5b0_0;
    %pad/s 32;
    %load/vec4 v0000014056a8b250_0;
    %pad/s 32;
    %mul;
    %add;
    %assign/vec4 v0000014056a8cf10_0, 0;
T_76.4 ;
T_76.1 ;
    %jmp T_76;
    .thread T_76;
    .scope S_0000014056d90d00;
T_77 ;
    %wait E_0000014056cf68e0;
    %load/vec4 v0000014056a43fb0_0;
    %nor/r;
    %flag_set/vec4 8;
    %jmp/0xz  T_77.0, 8;
    %pushi/vec4 0, 0, 8;
    %assign/vec4 v0000014056a43d30_0, 0;
    %pushi/vec4 0, 0, 8;
    %assign/vec4 v0000014056a44730_0, 0;
    %pushi/vec4 0, 0, 32;
    %assign/vec4 v0000014056a43b50_0, 0;
    %jmp T_77.1;
T_77.0 ;
    %load/vec4 v0000014056a43830_0;
    %flag_set/vec4 8;
    %jmp/0xz  T_77.2, 8;
    %load/vec4 v0000014056a44550_0;
    %assign/vec4 v0000014056a43d30_0, 0;
T_77.2 ;
    %load/vec4 v0000014056a444b0_0;
    %flag_set/vec4 8;
    %jmp/0xz  T_77.4, 8;
    %load/vec4 v0000014056a44230_0;
    %assign/vec4 v0000014056a44730_0, 0;
    %load/vec4 v0000014056a43970_0;
    %load/vec4 v0000014056a44230_0;
    %pad/s 32;
    %load/vec4 v0000014056a43d30_0;
    %pad/s 32;
    %mul;
    %add;
    %assign/vec4 v0000014056a43b50_0, 0;
T_77.4 ;
T_77.1 ;
    %jmp T_77;
    .thread T_77;
    .scope S_0000014056d926d0;
T_78 ;
    %wait E_0000014056cf68e0;
    %load/vec4 v0000014056a9d9f0_0;
    %nor/r;
    %flag_set/vec4 8;
    %jmp/0xz  T_78.0, 8;
    %pushi/vec4 0, 0, 8;
    %assign/vec4 v0000014056a9d810_0, 0;
    %pushi/vec4 0, 0, 8;
    %assign/vec4 v0000014056a9d6d0_0, 0;
    %pushi/vec4 0, 0, 32;
    %assign/vec4 v0000014056a9e530_0, 0;
    %jmp T_78.1;
T_78.0 ;
    %load/vec4 v0000014056a9d130_0;
    %flag_set/vec4 8;
    %jmp/0xz  T_78.2, 8;
    %load/vec4 v0000014056a9da90_0;
    %assign/vec4 v0000014056a9d810_0, 0;
T_78.2 ;
    %load/vec4 v0000014056a9d4f0_0;
    %flag_set/vec4 8;
    %jmp/0xz  T_78.4, 8;
    %load/vec4 v0000014056a9ef30_0;
    %assign/vec4 v0000014056a9d6d0_0, 0;
    %load/vec4 v0000014056a9e670_0;
    %load/vec4 v0000014056a9ef30_0;
    %pad/s 32;
    %load/vec4 v0000014056a9d810_0;
    %pad/s 32;
    %mul;
    %add;
    %assign/vec4 v0000014056a9e530_0, 0;
T_78.4 ;
T_78.1 ;
    %jmp T_78;
    .thread T_78;
    .scope S_0000014056d931c0;
T_79 ;
    %wait E_0000014056cf68e0;
    %load/vec4 v0000014056a3c2a0_0;
    %nor/r;
    %flag_set/vec4 8;
    %jmp/0xz  T_79.0, 8;
    %pushi/vec4 0, 0, 8;
    %assign/vec4 v0000014056a3b760_0, 0;
    %pushi/vec4 0, 0, 8;
    %assign/vec4 v0000014056a3bda0_0, 0;
    %pushi/vec4 0, 0, 32;
    %assign/vec4 v0000014056a3c480_0, 0;
    %jmp T_79.1;
T_79.0 ;
    %load/vec4 v0000014056a3b300_0;
    %flag_set/vec4 8;
    %jmp/0xz  T_79.2, 8;
    %load/vec4 v0000014056a3c160_0;
    %assign/vec4 v0000014056a3b760_0, 0;
T_79.2 ;
    %load/vec4 v0000014056a9ead0_0;
    %flag_set/vec4 8;
    %jmp/0xz  T_79.4, 8;
    %load/vec4 v0000014056a9ec10_0;
    %assign/vec4 v0000014056a3bda0_0, 0;
    %load/vec4 v0000014056a3cb60_0;
    %load/vec4 v0000014056a9ec10_0;
    %pad/s 32;
    %load/vec4 v0000014056a3b760_0;
    %pad/s 32;
    %mul;
    %add;
    %assign/vec4 v0000014056a3c480_0, 0;
T_79.4 ;
T_79.1 ;
    %jmp T_79;
    .thread T_79;
    .scope S_0000014056d94c50;
T_80 ;
    %wait E_0000014056cf68e0;
    %load/vec4 v0000014056d97cf0_0;
    %nor/r;
    %flag_set/vec4 8;
    %jmp/0xz  T_80.0, 8;
    %pushi/vec4 0, 0, 8;
    %assign/vec4 v0000014056d99550_0, 0;
    %pushi/vec4 0, 0, 8;
    %assign/vec4 v00000140569c70c0_0, 0;
    %pushi/vec4 0, 0, 32;
    %assign/vec4 v00000140569c7480_0, 0;
    %jmp T_80.1;
T_80.0 ;
    %load/vec4 v00000140569c6c60_0;
    %flag_set/vec4 8;
    %jmp/0xz  T_80.2, 8;
    %load/vec4 v00000140569c73e0_0;
    %assign/vec4 v0000014056d99550_0, 0;
T_80.2 ;
    %load/vec4 v0000014056a3cde0_0;
    %flag_set/vec4 8;
    %jmp/0xz  T_80.4, 8;
    %load/vec4 v0000014056a3b580_0;
    %assign/vec4 v00000140569c70c0_0, 0;
    %load/vec4 v0000014056a3bb20_0;
    %load/vec4 v0000014056a3b580_0;
    %pad/s 32;
    %load/vec4 v0000014056d99550_0;
    %pad/s 32;
    %mul;
    %add;
    %assign/vec4 v00000140569c7480_0, 0;
T_80.4 ;
T_80.1 ;
    %jmp T_80;
    .thread T_80;
    .scope S_0000014056d915a0;
T_81 ;
    %wait E_0000014056cf68e0;
    %load/vec4 v0000014056d98470_0;
    %nor/r;
    %flag_set/vec4 8;
    %jmp/0xz  T_81.0, 8;
    %pushi/vec4 0, 0, 8;
    %assign/vec4 v0000014056d983d0_0, 0;
    %pushi/vec4 0, 0, 8;
    %assign/vec4 v0000014056d98fb0_0, 0;
    %pushi/vec4 0, 0, 32;
    %assign/vec4 v0000014056d992d0_0, 0;
    %jmp T_81.1;
T_81.0 ;
    %load/vec4 v0000014056d99370_0;
    %flag_set/vec4 8;
    %jmp/0xz  T_81.2, 8;
    %load/vec4 v0000014056d98d30_0;
    %assign/vec4 v0000014056d983d0_0, 0;
T_81.2 ;
    %load/vec4 v0000014056d997d0_0;
    %flag_set/vec4 8;
    %jmp/0xz  T_81.4, 8;
    %load/vec4 v0000014056d98650_0;
    %assign/vec4 v0000014056d98fb0_0, 0;
    %load/vec4 v0000014056d9a090_0;
    %load/vec4 v0000014056d98650_0;
    %pad/s 32;
    %load/vec4 v0000014056d983d0_0;
    %pad/s 32;
    %mul;
    %add;
    %assign/vec4 v0000014056d992d0_0, 0;
T_81.4 ;
T_81.1 ;
    %jmp T_81;
    .thread T_81;
    .scope S_0000014056d92860;
T_82 ;
    %wait E_0000014056cf68e0;
    %load/vec4 v0000014056d99910_0;
    %nor/r;
    %flag_set/vec4 8;
    %jmp/0xz  T_82.0, 8;
    %pushi/vec4 0, 0, 8;
    %assign/vec4 v0000014056d99190_0, 0;
    %pushi/vec4 0, 0, 8;
    %assign/vec4 v0000014056d98330_0, 0;
    %pushi/vec4 0, 0, 32;
    %assign/vec4 v0000014056d99eb0_0, 0;
    %jmp T_82.1;
T_82.0 ;
    %load/vec4 v0000014056d995f0_0;
    %flag_set/vec4 8;
    %jmp/0xz  T_82.2, 8;
    %load/vec4 v0000014056d97bb0_0;
    %assign/vec4 v0000014056d99190_0, 0;
T_82.2 ;
    %load/vec4 v0000014056d99870_0;
    %flag_set/vec4 8;
    %jmp/0xz  T_82.4, 8;
    %load/vec4 v0000014056d98a10_0;
    %assign/vec4 v0000014056d98330_0, 0;
    %load/vec4 v0000014056d97b10_0;
    %load/vec4 v0000014056d98a10_0;
    %pad/s 32;
    %load/vec4 v0000014056d99190_0;
    %pad/s 32;
    %mul;
    %add;
    %assign/vec4 v0000014056d99eb0_0, 0;
T_82.4 ;
T_82.1 ;
    %jmp T_82;
    .thread T_82;
    .scope S_0000014056d92d10;
T_83 ;
    %wait E_0000014056cf68e0;
    %load/vec4 v0000014056d994b0_0;
    %nor/r;
    %flag_set/vec4 8;
    %jmp/0xz  T_83.0, 8;
    %pushi/vec4 0, 0, 8;
    %assign/vec4 v0000014056d97e30_0, 0;
    %pushi/vec4 0, 0, 8;
    %assign/vec4 v0000014056d98150_0, 0;
    %pushi/vec4 0, 0, 32;
    %assign/vec4 v0000014056d99a50_0, 0;
    %jmp T_83.1;
T_83.0 ;
    %load/vec4 v0000014056d98790_0;
    %flag_set/vec4 8;
    %jmp/0xz  T_83.2, 8;
    %load/vec4 v0000014056d97930_0;
    %assign/vec4 v0000014056d97e30_0, 0;
T_83.2 ;
    %load/vec4 v0000014056d99ff0_0;
    %flag_set/vec4 8;
    %jmp/0xz  T_83.4, 8;
    %load/vec4 v0000014056d980b0_0;
    %assign/vec4 v0000014056d98150_0, 0;
    %load/vec4 v0000014056d98830_0;
    %load/vec4 v0000014056d980b0_0;
    %pad/s 32;
    %load/vec4 v0000014056d97e30_0;
    %pad/s 32;
    %mul;
    %add;
    %assign/vec4 v0000014056d99a50_0, 0;
T_83.4 ;
T_83.1 ;
    %jmp T_83;
    .thread T_83;
    .scope S_0000014056d94ac0;
T_84 ;
    %wait E_0000014056cf68e0;
    %load/vec4 v0000014056d99230_0;
    %nor/r;
    %flag_set/vec4 8;
    %jmp/0xz  T_84.0, 8;
    %pushi/vec4 0, 0, 8;
    %assign/vec4 v0000014056d99cd0_0, 0;
    %pushi/vec4 0, 0, 8;
    %assign/vec4 v0000014056d99690_0, 0;
    %pushi/vec4 0, 0, 32;
    %assign/vec4 v0000014056d98f10_0, 0;
    %jmp T_84.1;
T_84.0 ;
    %load/vec4 v0000014056d98dd0_0;
    %flag_set/vec4 8;
    %jmp/0xz  T_84.2, 8;
    %load/vec4 v0000014056d99b90_0;
    %assign/vec4 v0000014056d99cd0_0, 0;
T_84.2 ;
    %load/vec4 v0000014056d98b50_0;
    %flag_set/vec4 8;
    %jmp/0xz  T_84.4, 8;
    %load/vec4 v0000014056d98bf0_0;
    %assign/vec4 v0000014056d99690_0, 0;
    %load/vec4 v0000014056d97a70_0;
    %load/vec4 v0000014056d98bf0_0;
    %pad/s 32;
    %load/vec4 v0000014056d99cd0_0;
    %pad/s 32;
    %mul;
    %add;
    %assign/vec4 v0000014056d98f10_0, 0;
T_84.4 ;
T_84.1 ;
    %jmp T_84;
    .thread T_84;
    .scope S_0000014056d92540;
T_85 ;
    %wait E_0000014056cf68e0;
    %load/vec4 v0000014056d9a770_0;
    %nor/r;
    %flag_set/vec4 8;
    %jmp/0xz  T_85.0, 8;
    %pushi/vec4 0, 0, 8;
    %assign/vec4 v0000014056d9ac70_0, 0;
    %pushi/vec4 0, 0, 8;
    %assign/vec4 v0000014056d9b5d0_0, 0;
    %pushi/vec4 0, 0, 32;
    %assign/vec4 v0000014056d9c6b0_0, 0;
    %jmp T_85.1;
T_85.0 ;
    %load/vec4 v0000014056d9af90_0;
    %flag_set/vec4 8;
    %jmp/0xz  T_85.2, 8;
    %load/vec4 v0000014056d9c430_0;
    %assign/vec4 v0000014056d9ac70_0, 0;
T_85.2 ;
    %load/vec4 v0000014056d9c750_0;
    %flag_set/vec4 8;
    %jmp/0xz  T_85.4, 8;
    %load/vec4 v0000014056d9a9f0_0;
    %assign/vec4 v0000014056d9b5d0_0, 0;
    %load/vec4 v0000014056d9bcb0_0;
    %load/vec4 v0000014056d9a9f0_0;
    %pad/s 32;
    %load/vec4 v0000014056d9ac70_0;
    %pad/s 32;
    %mul;
    %add;
    %assign/vec4 v0000014056d9c6b0_0, 0;
T_85.4 ;
T_85.1 ;
    %jmp T_85;
    .thread T_85;
    .scope S_0000014056d910f0;
T_86 ;
    %wait E_0000014056cf68e0;
    %load/vec4 v0000014056d9c570_0;
    %nor/r;
    %flag_set/vec4 8;
    %jmp/0xz  T_86.0, 8;
    %pushi/vec4 0, 0, 8;
    %assign/vec4 v0000014056d9adb0_0, 0;
    %pushi/vec4 0, 0, 8;
    %assign/vec4 v0000014056d9c250_0, 0;
    %pushi/vec4 0, 0, 32;
    %assign/vec4 v0000014056d9a810_0, 0;
    %jmp T_86.1;
T_86.0 ;
    %load/vec4 v0000014056d9b670_0;
    %flag_set/vec4 8;
    %jmp/0xz  T_86.2, 8;
    %load/vec4 v0000014056d9ad10_0;
    %assign/vec4 v0000014056d9adb0_0, 0;
T_86.2 ;
    %load/vec4 v0000014056d9b490_0;
    %flag_set/vec4 8;
    %jmp/0xz  T_86.4, 8;
    %load/vec4 v0000014056d9b710_0;
    %assign/vec4 v0000014056d9c250_0, 0;
    %load/vec4 v0000014056d9c890_0;
    %load/vec4 v0000014056d9b710_0;
    %pad/s 32;
    %load/vec4 v0000014056d9adb0_0;
    %pad/s 32;
    %mul;
    %add;
    %assign/vec4 v0000014056d9a810_0, 0;
T_86.4 ;
T_86.1 ;
    %jmp T_86;
    .thread T_86;
    .scope S_0000014056d91d70;
T_87 ;
    %wait E_0000014056cf68e0;
    %load/vec4 v0000014056d9c110_0;
    %nor/r;
    %flag_set/vec4 8;
    %jmp/0xz  T_87.0, 8;
    %pushi/vec4 0, 0, 8;
    %assign/vec4 v0000014056d9aef0_0, 0;
    %pushi/vec4 0, 0, 8;
    %assign/vec4 v0000014056d9b2b0_0, 0;
    %pushi/vec4 0, 0, 32;
    %assign/vec4 v0000014056d9a130_0, 0;
    %jmp T_87.1;
T_87.0 ;
    %load/vec4 v0000014056d9b170_0;
    %flag_set/vec4 8;
    %jmp/0xz  T_87.2, 8;
    %load/vec4 v0000014056d9bad0_0;
    %assign/vec4 v0000014056d9aef0_0, 0;
T_87.2 ;
    %load/vec4 v0000014056d9b7b0_0;
    %flag_set/vec4 8;
    %jmp/0xz  T_87.4, 8;
    %load/vec4 v0000014056d9be90_0;
    %assign/vec4 v0000014056d9b2b0_0, 0;
    %load/vec4 v0000014056d9b0d0_0;
    %load/vec4 v0000014056d9be90_0;
    %pad/s 32;
    %load/vec4 v0000014056d9aef0_0;
    %pad/s 32;
    %mul;
    %add;
    %assign/vec4 v0000014056d9a130_0, 0;
T_87.4 ;
T_87.1 ;
    %jmp T_87;
    .thread T_87;
    .scope S_0000014056da7b40;
T_88 ;
    %wait E_0000014056cf68e0;
    %load/vec4 v0000014056d9b990_0;
    %nor/r;
    %flag_set/vec4 8;
    %jmp/0xz  T_88.0, 8;
    %pushi/vec4 0, 0, 8;
    %assign/vec4 v0000014056d9b3f0_0, 0;
    %pushi/vec4 0, 0, 8;
    %assign/vec4 v0000014056d9c4d0_0, 0;
    %pushi/vec4 0, 0, 32;
    %assign/vec4 v0000014056d9a3b0_0, 0;
    %jmp T_88.1;
T_88.0 ;
    %load/vec4 v0000014056d9c390_0;
    %flag_set/vec4 8;
    %jmp/0xz  T_88.2, 8;
    %load/vec4 v0000014056d9c610_0;
    %assign/vec4 v0000014056d9b3f0_0, 0;
T_88.2 ;
    %load/vec4 v0000014056d9b030_0;
    %flag_set/vec4 8;
    %jmp/0xz  T_88.4, 8;
    %load/vec4 v0000014056d9b8f0_0;
    %assign/vec4 v0000014056d9c4d0_0, 0;
    %load/vec4 v0000014056d9b350_0;
    %load/vec4 v0000014056d9b8f0_0;
    %pad/s 32;
    %load/vec4 v0000014056d9b3f0_0;
    %pad/s 32;
    %mul;
    %add;
    %assign/vec4 v0000014056d9a3b0_0, 0;
T_88.4 ;
T_88.1 ;
    %jmp T_88;
    .thread T_88;
    .scope S_0000014056da8e00;
T_89 ;
    %wait E_0000014056cf68e0;
    %load/vec4 v0000014056d9db50_0;
    %nor/r;
    %flag_set/vec4 8;
    %jmp/0xz  T_89.0, 8;
    %pushi/vec4 0, 0, 8;
    %assign/vec4 v0000014056d9d510_0, 0;
    %pushi/vec4 0, 0, 8;
    %assign/vec4 v0000014056d9ddd0_0, 0;
    %pushi/vec4 0, 0, 32;
    %assign/vec4 v0000014056d9da10_0, 0;
    %jmp T_89.1;
T_89.0 ;
    %load/vec4 v0000014056d9eaf0_0;
    %flag_set/vec4 8;
    %jmp/0xz  T_89.2, 8;
    %load/vec4 v0000014056d9d970_0;
    %assign/vec4 v0000014056d9d510_0, 0;
T_89.2 ;
    %load/vec4 v0000014056d9dc90_0;
    %flag_set/vec4 8;
    %jmp/0xz  T_89.4, 8;
    %load/vec4 v0000014056d9ea50_0;
    %assign/vec4 v0000014056d9ddd0_0, 0;
    %load/vec4 v0000014056d9d0b0_0;
    %load/vec4 v0000014056d9ea50_0;
    %pad/s 32;
    %load/vec4 v0000014056d9d510_0;
    %pad/s 32;
    %mul;
    %add;
    %assign/vec4 v0000014056d9da10_0, 0;
T_89.4 ;
T_89.1 ;
    %jmp T_89;
    .thread T_89;
    .scope S_0000014056da7050;
T_90 ;
    %wait E_0000014056cf68e0;
    %load/vec4 v0000014056d9d1f0_0;
    %nor/r;
    %flag_set/vec4 8;
    %jmp/0xz  T_90.0, 8;
    %pushi/vec4 0, 0, 8;
    %assign/vec4 v0000014056d9ef50_0, 0;
    %pushi/vec4 0, 0, 8;
    %assign/vec4 v0000014056d9e550_0, 0;
    %pushi/vec4 0, 0, 32;
    %assign/vec4 v0000014056d9d8d0_0, 0;
    %jmp T_90.1;
T_90.0 ;
    %load/vec4 v0000014056d9dd30_0;
    %flag_set/vec4 8;
    %jmp/0xz  T_90.2, 8;
    %load/vec4 v0000014056d9ced0_0;
    %assign/vec4 v0000014056d9ef50_0, 0;
T_90.2 ;
    %load/vec4 v0000014056d9ed70_0;
    %flag_set/vec4 8;
    %jmp/0xz  T_90.4, 8;
    %load/vec4 v0000014056d9dfb0_0;
    %assign/vec4 v0000014056d9e550_0, 0;
    %load/vec4 v0000014056d9e0f0_0;
    %load/vec4 v0000014056d9dfb0_0;
    %pad/s 32;
    %load/vec4 v0000014056d9ef50_0;
    %pad/s 32;
    %mul;
    %add;
    %assign/vec4 v0000014056d9d8d0_0, 0;
T_90.4 ;
T_90.1 ;
    %jmp T_90;
    .thread T_90;
    .scope S_0000014056da8c70;
T_91 ;
    %wait E_0000014056cf68e0;
    %load/vec4 v0000014056d9e190_0;
    %nor/r;
    %flag_set/vec4 8;
    %jmp/0xz  T_91.0, 8;
    %pushi/vec4 0, 0, 8;
    %assign/vec4 v0000014056d9d290_0, 0;
    %pushi/vec4 0, 0, 8;
    %assign/vec4 v0000014056d9d830_0, 0;
    %pushi/vec4 0, 0, 32;
    %assign/vec4 v0000014056d9e050_0, 0;
    %jmp T_91.1;
T_91.0 ;
    %load/vec4 v0000014056d9cbb0_0;
    %flag_set/vec4 8;
    %jmp/0xz  T_91.2, 8;
    %load/vec4 v0000014056d9df10_0;
    %assign/vec4 v0000014056d9d290_0, 0;
T_91.2 ;
    %load/vec4 v0000014056d9de70_0;
    %flag_set/vec4 8;
    %jmp/0xz  T_91.4, 8;
    %load/vec4 v0000014056d9e9b0_0;
    %assign/vec4 v0000014056d9d830_0, 0;
    %load/vec4 v0000014056d9d330_0;
    %load/vec4 v0000014056d9e9b0_0;
    %pad/s 32;
    %load/vec4 v0000014056d9d290_0;
    %pad/s 32;
    %mul;
    %add;
    %assign/vec4 v0000014056d9e050_0, 0;
T_91.4 ;
T_91.1 ;
    %jmp T_91;
    .thread T_91;
    .scope S_0000014056da52a0;
T_92 ;
    %wait E_0000014056cf68e0;
    %load/vec4 v0000014056d9d790_0;
    %nor/r;
    %flag_set/vec4 8;
    %jmp/0xz  T_92.0, 8;
    %pushi/vec4 0, 0, 8;
    %assign/vec4 v0000014056d9ca70_0, 0;
    %pushi/vec4 0, 0, 8;
    %assign/vec4 v0000014056d9d3d0_0, 0;
    %pushi/vec4 0, 0, 32;
    %assign/vec4 v0000014056d9e730_0, 0;
    %jmp T_92.1;
T_92.0 ;
    %load/vec4 v0000014056d9c9d0_0;
    %flag_set/vec4 8;
    %jmp/0xz  T_92.2, 8;
    %load/vec4 v0000014056d9eeb0_0;
    %assign/vec4 v0000014056d9ca70_0, 0;
T_92.2 ;
    %load/vec4 v0000014056d9ee10_0;
    %flag_set/vec4 8;
    %jmp/0xz  T_92.4, 8;
    %load/vec4 v0000014056d9eb90_0;
    %assign/vec4 v0000014056d9d3d0_0, 0;
    %load/vec4 v0000014056d9e4b0_0;
    %load/vec4 v0000014056d9eb90_0;
    %pad/s 32;
    %load/vec4 v0000014056d9ca70_0;
    %pad/s 32;
    %mul;
    %add;
    %assign/vec4 v0000014056d9e730_0, 0;
T_92.4 ;
T_92.1 ;
    %jmp T_92;
    .thread T_92;
    .scope S_0000014056da6240;
T_93 ;
    %wait E_0000014056cf68e0;
    %load/vec4 v0000014056d9f770_0;
    %nor/r;
    %flag_set/vec4 8;
    %jmp/0xz  T_93.0, 8;
    %pushi/vec4 0, 0, 8;
    %assign/vec4 v0000014056d9fb30_0, 0;
    %pushi/vec4 0, 0, 8;
    %assign/vec4 v0000014056d9f4f0_0, 0;
    %pushi/vec4 0, 0, 32;
    %assign/vec4 v0000014056da03f0_0, 0;
    %jmp T_93.1;
T_93.0 ;
    %load/vec4 v0000014056da0710_0;
    %flag_set/vec4 8;
    %jmp/0xz  T_93.2, 8;
    %load/vec4 v0000014056d9d6f0_0;
    %assign/vec4 v0000014056d9fb30_0, 0;
T_93.2 ;
    %load/vec4 v0000014056d9d470_0;
    %flag_set/vec4 8;
    %jmp/0xz  T_93.4, 8;
    %load/vec4 v0000014056d9d5b0_0;
    %assign/vec4 v0000014056d9f4f0_0, 0;
    %load/vec4 v0000014056d9d650_0;
    %load/vec4 v0000014056d9d5b0_0;
    %pad/s 32;
    %load/vec4 v0000014056d9fb30_0;
    %pad/s 32;
    %mul;
    %add;
    %assign/vec4 v0000014056da03f0_0, 0;
T_93.4 ;
T_93.1 ;
    %jmp T_93;
    .thread T_93;
    .scope S_0000014056da7500;
T_94 ;
    %wait E_0000014056cf68e0;
    %load/vec4 v0000014056da0210_0;
    %nor/r;
    %flag_set/vec4 8;
    %jmp/0xz  T_94.0, 8;
    %pushi/vec4 0, 0, 8;
    %assign/vec4 v0000014056d9f9f0_0, 0;
    %pushi/vec4 0, 0, 8;
    %assign/vec4 v0000014056d9f270_0, 0;
    %pushi/vec4 0, 0, 32;
    %assign/vec4 v0000014056da1110_0, 0;
    %jmp T_94.1;
T_94.0 ;
    %load/vec4 v0000014056da0b70_0;
    %flag_set/vec4 8;
    %jmp/0xz  T_94.2, 8;
    %load/vec4 v0000014056d9f6d0_0;
    %assign/vec4 v0000014056d9f9f0_0, 0;
T_94.2 ;
    %load/vec4 v0000014056d9f950_0;
    %flag_set/vec4 8;
    %jmp/0xz  T_94.4, 8;
    %load/vec4 v0000014056d9f630_0;
    %assign/vec4 v0000014056d9f270_0, 0;
    %load/vec4 v0000014056da0490_0;
    %load/vec4 v0000014056d9f630_0;
    %pad/s 32;
    %load/vec4 v0000014056d9f9f0_0;
    %pad/s 32;
    %mul;
    %add;
    %assign/vec4 v0000014056da1110_0, 0;
T_94.4 ;
T_94.1 ;
    %jmp T_94;
    .thread T_94;
    .scope S_0000014056da87c0;
T_95 ;
    %wait E_0000014056cf68e0;
    %load/vec4 v0000014056da0d50_0;
    %nor/r;
    %flag_set/vec4 8;
    %jmp/0xz  T_95.0, 8;
    %pushi/vec4 0, 0, 8;
    %assign/vec4 v0000014056da1070_0, 0;
    %pushi/vec4 0, 0, 8;
    %assign/vec4 v0000014056d9f130_0, 0;
    %pushi/vec4 0, 0, 32;
    %assign/vec4 v0000014056da07b0_0, 0;
    %jmp T_95.1;
T_95.0 ;
    %load/vec4 v0000014056da16b0_0;
    %flag_set/vec4 8;
    %jmp/0xz  T_95.2, 8;
    %load/vec4 v0000014056da1430_0;
    %assign/vec4 v0000014056da1070_0, 0;
T_95.2 ;
    %load/vec4 v0000014056da0350_0;
    %flag_set/vec4 8;
    %jmp/0xz  T_95.4, 8;
    %load/vec4 v0000014056da0530_0;
    %assign/vec4 v0000014056d9f130_0, 0;
    %load/vec4 v0000014056d9fbd0_0;
    %load/vec4 v0000014056da0530_0;
    %pad/s 32;
    %load/vec4 v0000014056da1070_0;
    %pad/s 32;
    %mul;
    %add;
    %assign/vec4 v0000014056da07b0_0, 0;
T_95.4 ;
T_95.1 ;
    %jmp T_95;
    .thread T_95;
    .scope S_0000014056da5430;
T_96 ;
    %wait E_0000014056cf68e0;
    %load/vec4 v0000014056da1390_0;
    %nor/r;
    %flag_set/vec4 8;
    %jmp/0xz  T_96.0, 8;
    %pushi/vec4 0, 0, 8;
    %assign/vec4 v0000014056da0df0_0, 0;
    %pushi/vec4 0, 0, 8;
    %assign/vec4 v0000014056d9fdb0_0, 0;
    %pushi/vec4 0, 0, 32;
    %assign/vec4 v0000014056da0850_0, 0;
    %jmp T_96.1;
T_96.0 ;
    %load/vec4 v0000014056d9fd10_0;
    %flag_set/vec4 8;
    %jmp/0xz  T_96.2, 8;
    %load/vec4 v0000014056d9f3b0_0;
    %assign/vec4 v0000014056da0df0_0, 0;
T_96.2 ;
    %load/vec4 v0000014056d9f1d0_0;
    %flag_set/vec4 8;
    %jmp/0xz  T_96.4, 8;
    %load/vec4 v0000014056da0c10_0;
    %assign/vec4 v0000014056d9fdb0_0, 0;
    %load/vec4 v0000014056da0cb0_0;
    %load/vec4 v0000014056da0c10_0;
    %pad/s 32;
    %load/vec4 v0000014056da0df0_0;
    %pad/s 32;
    %mul;
    %add;
    %assign/vec4 v0000014056da0850_0, 0;
T_96.4 ;
T_96.1 ;
    %jmp T_96;
    .thread T_96;
    .scope S_0000014056da5a70;
T_97 ;
    %wait E_0000014056cf68e0;
    %load/vec4 v0000014056da1cf0_0;
    %nor/r;
    %flag_set/vec4 8;
    %jmp/0xz  T_97.0, 8;
    %pushi/vec4 0, 0, 8;
    %assign/vec4 v0000014056da11b0_0, 0;
    %pushi/vec4 0, 0, 8;
    %assign/vec4 v0000014056da0f30_0, 0;
    %pushi/vec4 0, 0, 32;
    %assign/vec4 v0000014056da0fd0_0, 0;
    %jmp T_97.1;
T_97.0 ;
    %load/vec4 v0000014056da0e90_0;
    %flag_set/vec4 8;
    %jmp/0xz  T_97.2, 8;
    %load/vec4 v0000014056da0a30_0;
    %assign/vec4 v0000014056da11b0_0, 0;
T_97.2 ;
    %load/vec4 v0000014056da0670_0;
    %flag_set/vec4 8;
    %jmp/0xz  T_97.4, 8;
    %load/vec4 v0000014056da1250_0;
    %assign/vec4 v0000014056da0f30_0, 0;
    %load/vec4 v0000014056da0990_0;
    %load/vec4 v0000014056da1250_0;
    %pad/s 32;
    %load/vec4 v0000014056da11b0_0;
    %pad/s 32;
    %mul;
    %add;
    %assign/vec4 v0000014056da0fd0_0, 0;
T_97.4 ;
T_97.1 ;
    %jmp T_97;
    .thread T_97;
    .scope S_0000014056daa250;
T_98 ;
    %wait E_0000014056cf68e0;
    %load/vec4 v0000014056da2010_0;
    %nor/r;
    %flag_set/vec4 8;
    %jmp/0xz  T_98.0, 8;
    %pushi/vec4 0, 0, 8;
    %assign/vec4 v0000014056da3b90_0, 0;
    %pushi/vec4 0, 0, 8;
    %assign/vec4 v0000014056da2dd0_0, 0;
    %pushi/vec4 0, 0, 32;
    %assign/vec4 v0000014056da2830_0, 0;
    %jmp T_98.1;
T_98.0 ;
    %load/vec4 v0000014056da3910_0;
    %flag_set/vec4 8;
    %jmp/0xz  T_98.2, 8;
    %load/vec4 v0000014056da2470_0;
    %assign/vec4 v0000014056da3b90_0, 0;
T_98.2 ;
    %load/vec4 v0000014056da34b0_0;
    %flag_set/vec4 8;
    %jmp/0xz  T_98.4, 8;
    %load/vec4 v0000014056da3550_0;
    %assign/vec4 v0000014056da2dd0_0, 0;
    %load/vec4 v0000014056da2790_0;
    %load/vec4 v0000014056da3550_0;
    %pad/s 32;
    %load/vec4 v0000014056da3b90_0;
    %pad/s 32;
    %mul;
    %add;
    %assign/vec4 v0000014056da2830_0, 0;
T_98.4 ;
T_98.1 ;
    %jmp T_98;
    .thread T_98;
    .scope S_0000014056daa3e0;
T_99 ;
    %wait E_0000014056cf68e0;
    %load/vec4 v0000014056da3cd0_0;
    %nor/r;
    %flag_set/vec4 8;
    %jmp/0xz  T_99.0, 8;
    %pushi/vec4 0, 0, 8;
    %assign/vec4 v0000014056da2bf0_0, 0;
    %pushi/vec4 0, 0, 8;
    %assign/vec4 v0000014056da2a10_0, 0;
    %pushi/vec4 0, 0, 32;
    %assign/vec4 v0000014056da3f50_0, 0;
    %jmp T_99.1;
T_99.0 ;
    %load/vec4 v0000014056da2970_0;
    %flag_set/vec4 8;
    %jmp/0xz  T_99.2, 8;
    %load/vec4 v0000014056da25b0_0;
    %assign/vec4 v0000014056da2bf0_0, 0;
T_99.2 ;
    %load/vec4 v0000014056da2fb0_0;
    %flag_set/vec4 8;
    %jmp/0xz  T_99.4, 8;
    %load/vec4 v0000014056da28d0_0;
    %assign/vec4 v0000014056da2a10_0, 0;
    %load/vec4 v0000014056da2510_0;
    %load/vec4 v0000014056da28d0_0;
    %pad/s 32;
    %load/vec4 v0000014056da2bf0_0;
    %pad/s 32;
    %mul;
    %add;
    %assign/vec4 v0000014056da3f50_0, 0;
T_99.4 ;
T_99.1 ;
    %jmp T_99;
    .thread T_99;
    .scope S_0000014056da9a80;
T_100 ;
    %wait E_0000014056cf68e0;
    %load/vec4 v0000014056da3ff0_0;
    %nor/r;
    %flag_set/vec4 8;
    %jmp/0xz  T_100.0, 8;
    %pushi/vec4 0, 0, 8;
    %assign/vec4 v0000014056da3050_0, 0;
    %pushi/vec4 0, 0, 8;
    %assign/vec4 v0000014056da37d0_0, 0;
    %pushi/vec4 0, 0, 32;
    %assign/vec4 v0000014056da2d30_0, 0;
    %jmp T_100.1;
T_100.0 ;
    %load/vec4 v0000014056da35f0_0;
    %flag_set/vec4 8;
    %jmp/0xz  T_100.2, 8;
    %load/vec4 v0000014056da1bb0_0;
    %assign/vec4 v0000014056da3050_0, 0;
T_100.2 ;
    %load/vec4 v0000014056da3730_0;
    %flag_set/vec4 8;
    %jmp/0xz  T_100.4, 8;
    %load/vec4 v0000014056da2330_0;
    %assign/vec4 v0000014056da37d0_0, 0;
    %load/vec4 v0000014056da1d90_0;
    %load/vec4 v0000014056da2330_0;
    %pad/s 32;
    %load/vec4 v0000014056da3050_0;
    %pad/s 32;
    %mul;
    %add;
    %assign/vec4 v0000014056da2d30_0, 0;
T_100.4 ;
T_100.1 ;
    %jmp T_100;
    .thread T_100;
    .scope S_0000014056dab9c0;
T_101 ;
    %wait E_0000014056cf68e0;
    %load/vec4 v0000014056da1c50_0;
    %nor/r;
    %flag_set/vec4 8;
    %jmp/0xz  T_101.0, 8;
    %pushi/vec4 0, 0, 8;
    %assign/vec4 v0000014056da1b10_0, 0;
    %pushi/vec4 0, 0, 8;
    %assign/vec4 v0000014056da19d0_0, 0;
    %pushi/vec4 0, 0, 32;
    %assign/vec4 v0000014056da1a70_0, 0;
    %jmp T_101.1;
T_101.0 ;
    %load/vec4 v0000014056da3eb0_0;
    %flag_set/vec4 8;
    %jmp/0xz  T_101.2, 8;
    %load/vec4 v0000014056da3870_0;
    %assign/vec4 v0000014056da1b10_0, 0;
T_101.2 ;
    %load/vec4 v0000014056da32d0_0;
    %flag_set/vec4 8;
    %jmp/0xz  T_101.4, 8;
    %load/vec4 v0000014056da3690_0;
    %assign/vec4 v0000014056da19d0_0, 0;
    %load/vec4 v0000014056da21f0_0;
    %load/vec4 v0000014056da3690_0;
    %pad/s 32;
    %load/vec4 v0000014056da1b10_0;
    %pad/s 32;
    %mul;
    %add;
    %assign/vec4 v0000014056da1a70_0, 0;
T_101.4 ;
T_101.1 ;
    %jmp T_101;
    .thread T_101;
    .scope S_0000014056daaa20;
T_102 ;
    %wait E_0000014056cf68e0;
    %load/vec4 v0000014056da49f0_0;
    %nor/r;
    %flag_set/vec4 8;
    %jmp/0xz  T_102.0, 8;
    %pushi/vec4 0, 0, 8;
    %assign/vec4 v0000014056da4ef0_0, 0;
    %pushi/vec4 0, 0, 8;
    %assign/vec4 v0000014056da46d0_0, 0;
    %pushi/vec4 0, 0, 32;
    %assign/vec4 v0000014056da4c70_0, 0;
    %jmp T_102.1;
T_102.0 ;
    %load/vec4 v0000014056da4810_0;
    %flag_set/vec4 8;
    %jmp/0xz  T_102.2, 8;
    %load/vec4 v0000014056da4450_0;
    %assign/vec4 v0000014056da4ef0_0, 0;
T_102.2 ;
    %load/vec4 v0000014056da4f90_0;
    %flag_set/vec4 8;
    %jmp/0xz  T_102.4, 8;
    %load/vec4 v0000014056da4e50_0;
    %assign/vec4 v0000014056da46d0_0, 0;
    %load/vec4 v0000014056da4d10_0;
    %load/vec4 v0000014056da4e50_0;
    %pad/s 32;
    %load/vec4 v0000014056da4ef0_0;
    %pad/s 32;
    %mul;
    %add;
    %assign/vec4 v0000014056da4c70_0, 0;
T_102.4 ;
T_102.1 ;
    %jmp T_102;
    .thread T_102;
    .scope S_0000014056da9f30;
T_103 ;
    %wait E_0000014056cf68e0;
    %load/vec4 v0000014056d972f0_0;
    %nor/r;
    %flag_set/vec4 8;
    %jmp/0xz  T_103.0, 8;
    %pushi/vec4 0, 0, 8;
    %assign/vec4 v0000014056d977f0_0, 0;
    %pushi/vec4 0, 0, 8;
    %assign/vec4 v0000014056da4bd0_0, 0;
    %pushi/vec4 0, 0, 32;
    %assign/vec4 v0000014056d96b70_0, 0;
    %jmp T_103.1;
T_103.0 ;
    %load/vec4 v0000014056da4b30_0;
    %flag_set/vec4 8;
    %jmp/0xz  T_103.2, 8;
    %load/vec4 v0000014056da4630_0;
    %assign/vec4 v0000014056d977f0_0, 0;
T_103.2 ;
    %load/vec4 v0000014056da4a90_0;
    %flag_set/vec4 8;
    %jmp/0xz  T_103.4, 8;
    %load/vec4 v0000014056da43b0_0;
    %assign/vec4 v0000014056da4bd0_0, 0;
    %load/vec4 v0000014056da4590_0;
    %load/vec4 v0000014056da43b0_0;
    %pad/s 32;
    %load/vec4 v0000014056d977f0_0;
    %pad/s 32;
    %mul;
    %add;
    %assign/vec4 v0000014056d96b70_0, 0;
T_103.4 ;
T_103.1 ;
    %jmp T_103;
    .thread T_103;
    .scope S_0000014056dac190;
T_104 ;
    %wait E_0000014056cf68e0;
    %load/vec4 v0000014056d97390_0;
    %nor/r;
    %flag_set/vec4 8;
    %jmp/0xz  T_104.0, 8;
    %pushi/vec4 0, 0, 8;
    %assign/vec4 v0000014056d976b0_0, 0;
    %pushi/vec4 0, 0, 8;
    %assign/vec4 v0000014056d968f0_0, 0;
    %pushi/vec4 0, 0, 32;
    %assign/vec4 v0000014056d95770_0, 0;
    %jmp T_104.1;
T_104.0 ;
    %load/vec4 v0000014056d95bd0_0;
    %flag_set/vec4 8;
    %jmp/0xz  T_104.2, 8;
    %load/vec4 v0000014056d958b0_0;
    %assign/vec4 v0000014056d976b0_0, 0;
T_104.2 ;
    %load/vec4 v0000014056d96df0_0;
    %flag_set/vec4 8;
    %jmp/0xz  T_104.4, 8;
    %load/vec4 v0000014056d95c70_0;
    %assign/vec4 v0000014056d968f0_0, 0;
    %load/vec4 v0000014056d97110_0;
    %load/vec4 v0000014056d95c70_0;
    %pad/s 32;
    %load/vec4 v0000014056d976b0_0;
    %pad/s 32;
    %mul;
    %add;
    %assign/vec4 v0000014056d95770_0, 0;
T_104.4 ;
T_104.1 ;
    %jmp T_104;
    .thread T_104;
    .scope S_0000014056dace10;
T_105 ;
    %wait E_0000014056cf68e0;
    %load/vec4 v0000014056d959f0_0;
    %nor/r;
    %flag_set/vec4 8;
    %jmp/0xz  T_105.0, 8;
    %pushi/vec4 0, 0, 8;
    %assign/vec4 v0000014056d95950_0, 0;
    %pushi/vec4 0, 0, 8;
    %assign/vec4 v0000014056d96030_0, 0;
    %pushi/vec4 0, 0, 32;
    %assign/vec4 v0000014056d96fd0_0, 0;
    %jmp T_105.1;
T_105.0 ;
    %load/vec4 v0000014056d95270_0;
    %flag_set/vec4 8;
    %jmp/0xz  T_105.2, 8;
    %load/vec4 v0000014056d96f30_0;
    %assign/vec4 v0000014056d95950_0, 0;
T_105.2 ;
    %load/vec4 v0000014056d95db0_0;
    %flag_set/vec4 8;
    %jmp/0xz  T_105.4, 8;
    %load/vec4 v0000014056d954f0_0;
    %assign/vec4 v0000014056d96030_0, 0;
    %load/vec4 v0000014056d95e50_0;
    %load/vec4 v0000014056d954f0_0;
    %pad/s 32;
    %load/vec4 v0000014056d95950_0;
    %pad/s 32;
    %mul;
    %add;
    %assign/vec4 v0000014056d96fd0_0, 0;
T_105.4 ;
T_105.1 ;
    %jmp T_105;
    .thread T_105;
    .scope S_0000014056daaed0;
T_106 ;
    %wait E_0000014056cf68e0;
    %load/vec4 v0000014056d96670_0;
    %nor/r;
    %flag_set/vec4 8;
    %jmp/0xz  T_106.0, 8;
    %pushi/vec4 0, 0, 8;
    %assign/vec4 v0000014056d96350_0, 0;
    %pushi/vec4 0, 0, 8;
    %assign/vec4 v0000014056d965d0_0, 0;
    %pushi/vec4 0, 0, 32;
    %assign/vec4 v0000014056d96ad0_0, 0;
    %jmp T_106.1;
T_106.0 ;
    %load/vec4 v0000014056d95b30_0;
    %flag_set/vec4 8;
    %jmp/0xz  T_106.2, 8;
    %load/vec4 v0000014056d963f0_0;
    %assign/vec4 v0000014056d96350_0, 0;
T_106.2 ;
    %load/vec4 v0000014056d95a90_0;
    %flag_set/vec4 8;
    %jmp/0xz  T_106.4, 8;
    %load/vec4 v0000014056d96490_0;
    %assign/vec4 v0000014056d965d0_0, 0;
    %load/vec4 v0000014056d95590_0;
    %load/vec4 v0000014056d96490_0;
    %pad/s 32;
    %load/vec4 v0000014056d96350_0;
    %pad/s 32;
    %mul;
    %add;
    %assign/vec4 v0000014056d96ad0_0, 0;
T_106.4 ;
T_106.1 ;
    %jmp T_106;
    .thread T_106;
    .scope S_0000014056da9760;
T_107 ;
    %wait E_0000014056cf68e0;
    %load/vec4 v0000014056d95450_0;
    %nor/r;
    %flag_set/vec4 8;
    %jmp/0xz  T_107.0, 8;
    %pushi/vec4 0, 0, 8;
    %assign/vec4 v0000014056d953b0_0, 0;
    %pushi/vec4 0, 0, 8;
    %assign/vec4 v0000014056d97570_0, 0;
    %pushi/vec4 0, 0, 32;
    %assign/vec4 v0000014056d97610_0, 0;
    %jmp T_107.1;
T_107.0 ;
    %load/vec4 v0000014056d95310_0;
    %flag_set/vec4 8;
    %jmp/0xz  T_107.2, 8;
    %load/vec4 v0000014056d974d0_0;
    %assign/vec4 v0000014056d953b0_0, 0;
T_107.2 ;
    %load/vec4 v0000014056d96a30_0;
    %flag_set/vec4 8;
    %jmp/0xz  T_107.4, 8;
    %load/vec4 v0000014056d97070_0;
    %assign/vec4 v0000014056d97570_0, 0;
    %load/vec4 v0000014056d97250_0;
    %load/vec4 v0000014056d97070_0;
    %pad/s 32;
    %load/vec4 v0000014056d953b0_0;
    %pad/s 32;
    %mul;
    %add;
    %assign/vec4 v0000014056d97610_0, 0;
T_107.4 ;
T_107.1 ;
    %jmp T_107;
    .thread T_107;
    .scope S_0000014056dbf250;
T_108 ;
    %wait E_0000014056cf68e0;
    %load/vec4 v0000014056daeb90_0;
    %nor/r;
    %flag_set/vec4 8;
    %jmp/0xz  T_108.0, 8;
    %pushi/vec4 0, 0, 8;
    %assign/vec4 v0000014056db0030_0, 0;
    %pushi/vec4 0, 0, 8;
    %assign/vec4 v0000014056daea50_0, 0;
    %pushi/vec4 0, 0, 32;
    %assign/vec4 v0000014056daf270_0, 0;
    %jmp T_108.1;
T_108.0 ;
    %load/vec4 v0000014056daf810_0;
    %flag_set/vec4 8;
    %jmp/0xz  T_108.2, 8;
    %load/vec4 v0000014056dadbf0_0;
    %assign/vec4 v0000014056db0030_0, 0;
T_108.2 ;
    %load/vec4 v0000014056dafc70_0;
    %flag_set/vec4 8;
    %jmp/0xz  T_108.4, 8;
    %load/vec4 v0000014056dafef0_0;
    %assign/vec4 v0000014056daea50_0, 0;
    %load/vec4 v0000014056dadab0_0;
    %load/vec4 v0000014056dafef0_0;
    %pad/s 32;
    %load/vec4 v0000014056db0030_0;
    %pad/s 32;
    %mul;
    %add;
    %assign/vec4 v0000014056daf270_0, 0;
T_108.4 ;
T_108.1 ;
    %jmp T_108;
    .thread T_108;
    .scope S_0000014056dc0e70;
T_109 ;
    %wait E_0000014056cf68e0;
    %load/vec4 v0000014056dadc90_0;
    %nor/r;
    %flag_set/vec4 8;
    %jmp/0xz  T_109.0, 8;
    %pushi/vec4 0, 0, 8;
    %assign/vec4 v0000014056daddd0_0, 0;
    %pushi/vec4 0, 0, 8;
    %assign/vec4 v0000014056dafa90_0, 0;
    %pushi/vec4 0, 0, 32;
    %assign/vec4 v0000014056dae5f0_0, 0;
    %jmp T_109.1;
T_109.0 ;
    %load/vec4 v0000014056daf630_0;
    %flag_set/vec4 8;
    %jmp/0xz  T_109.2, 8;
    %load/vec4 v0000014056daeff0_0;
    %assign/vec4 v0000014056daddd0_0, 0;
T_109.2 ;
    %load/vec4 v0000014056dafdb0_0;
    %flag_set/vec4 8;
    %jmp/0xz  T_109.4, 8;
    %load/vec4 v0000014056dadb50_0;
    %assign/vec4 v0000014056dafa90_0, 0;
    %load/vec4 v0000014056daf9f0_0;
    %load/vec4 v0000014056dadb50_0;
    %pad/s 32;
    %load/vec4 v0000014056daddd0_0;
    %pad/s 32;
    %mul;
    %add;
    %assign/vec4 v0000014056dae5f0_0, 0;
T_109.4 ;
T_109.1 ;
    %jmp T_109;
    .thread T_109;
    .scope S_0000014056dbf3e0;
T_110 ;
    %wait E_0000014056cf68e0;
    %load/vec4 v0000014056dafe50_0;
    %nor/r;
    %flag_set/vec4 8;
    %jmp/0xz  T_110.0, 8;
    %pushi/vec4 0, 0, 8;
    %assign/vec4 v0000014056dae4b0_0, 0;
    %pushi/vec4 0, 0, 8;
    %assign/vec4 v0000014056dafbd0_0, 0;
    %pushi/vec4 0, 0, 32;
    %assign/vec4 v0000014056dae050_0, 0;
    %jmp T_110.1;
T_110.0 ;
    %load/vec4 v0000014056daed70_0;
    %flag_set/vec4 8;
    %jmp/0xz  T_110.2, 8;
    %load/vec4 v0000014056dae190_0;
    %assign/vec4 v0000014056dae4b0_0, 0;
T_110.2 ;
    %load/vec4 v0000014056daecd0_0;
    %flag_set/vec4 8;
    %jmp/0xz  T_110.4, 8;
    %load/vec4 v0000014056daef50_0;
    %assign/vec4 v0000014056dafbd0_0, 0;
    %load/vec4 v0000014056dadf10_0;
    %load/vec4 v0000014056daef50_0;
    %pad/s 32;
    %load/vec4 v0000014056dae4b0_0;
    %pad/s 32;
    %mul;
    %add;
    %assign/vec4 v0000014056dae050_0, 0;
T_110.4 ;
T_110.1 ;
    %jmp T_110;
    .thread T_110;
    .scope S_0000014056dc09c0;
T_111 ;
    %wait E_0000014056cf68e0;
    %load/vec4 v0000014056dae9b0_0;
    %nor/r;
    %flag_set/vec4 8;
    %jmp/0xz  T_111.0, 8;
    %pushi/vec4 0, 0, 8;
    %assign/vec4 v0000014056dae870_0, 0;
    %pushi/vec4 0, 0, 8;
    %assign/vec4 v0000014056daf090_0, 0;
    %pushi/vec4 0, 0, 32;
    %assign/vec4 v0000014056dae7d0_0, 0;
    %jmp T_111.1;
T_111.0 ;
    %load/vec4 v0000014056dafd10_0;
    %flag_set/vec4 8;
    %jmp/0xz  T_111.2, 8;
    %load/vec4 v0000014056dae730_0;
    %assign/vec4 v0000014056dae870_0, 0;
T_111.2 ;
    %load/vec4 v0000014056daf4f0_0;
    %flag_set/vec4 8;
    %jmp/0xz  T_111.4, 8;
    %load/vec4 v0000014056dae690_0;
    %assign/vec4 v0000014056daf090_0, 0;
    %load/vec4 v0000014056daeeb0_0;
    %load/vec4 v0000014056dae690_0;
    %pad/s 32;
    %load/vec4 v0000014056dae870_0;
    %pad/s 32;
    %mul;
    %add;
    %assign/vec4 v0000014056dae7d0_0, 0;
T_111.4 ;
T_111.1 ;
    %jmp T_111;
    .thread T_111;
    .scope S_0000014056dbde00;
T_112 ;
    %wait E_0000014056cf68e0;
    %load/vec4 v0000014056db0530_0;
    %nor/r;
    %flag_set/vec4 8;
    %jmp/0xz  T_112.0, 8;
    %pushi/vec4 0, 0, 8;
    %assign/vec4 v0000014056db1d90_0, 0;
    %pushi/vec4 0, 0, 8;
    %assign/vec4 v0000014056db2330_0, 0;
    %pushi/vec4 0, 0, 32;
    %assign/vec4 v0000014056db0f30_0, 0;
    %jmp T_112.1;
T_112.0 ;
    %load/vec4 v0000014056db2510_0;
    %flag_set/vec4 8;
    %jmp/0xz  T_112.2, 8;
    %load/vec4 v0000014056db1890_0;
    %assign/vec4 v0000014056db1d90_0, 0;
T_112.2 ;
    %load/vec4 v0000014056db26f0_0;
    %flag_set/vec4 8;
    %jmp/0xz  T_112.4, 8;
    %load/vec4 v0000014056db0ad0_0;
    %assign/vec4 v0000014056db2330_0, 0;
    %load/vec4 v0000014056db02b0_0;
    %load/vec4 v0000014056db0ad0_0;
    %pad/s 32;
    %load/vec4 v0000014056db1d90_0;
    %pad/s 32;
    %mul;
    %add;
    %assign/vec4 v0000014056db0f30_0, 0;
T_112.4 ;
T_112.1 ;
    %jmp T_112;
    .thread T_112;
    .scope S_0000014056dbfa20;
T_113 ;
    %wait E_0000014056cf68e0;
    %load/vec4 v0000014056db14d0_0;
    %nor/r;
    %flag_set/vec4 8;
    %jmp/0xz  T_113.0, 8;
    %pushi/vec4 0, 0, 8;
    %assign/vec4 v0000014056db1570_0, 0;
    %pushi/vec4 0, 0, 8;
    %assign/vec4 v0000014056db23d0_0, 0;
    %pushi/vec4 0, 0, 32;
    %assign/vec4 v0000014056db11b0_0, 0;
    %jmp T_113.1;
T_113.0 ;
    %load/vec4 v0000014056db2470_0;
    %flag_set/vec4 8;
    %jmp/0xz  T_113.2, 8;
    %load/vec4 v0000014056db1430_0;
    %assign/vec4 v0000014056db1570_0, 0;
T_113.2 ;
    %load/vec4 v0000014056db1b10_0;
    %flag_set/vec4 8;
    %jmp/0xz  T_113.4, 8;
    %load/vec4 v0000014056db2790_0;
    %assign/vec4 v0000014056db23d0_0, 0;
    %load/vec4 v0000014056db0a30_0;
    %load/vec4 v0000014056db2790_0;
    %pad/s 32;
    %load/vec4 v0000014056db1570_0;
    %pad/s 32;
    %mul;
    %add;
    %assign/vec4 v0000014056db11b0_0, 0;
T_113.4 ;
T_113.1 ;
    %jmp T_113;
    .thread T_113;
    .scope S_0000014056dc01f0;
T_114 ;
    %wait E_0000014056cf68e0;
    %load/vec4 v0000014056db1c50_0;
    %nor/r;
    %flag_set/vec4 8;
    %jmp/0xz  T_114.0, 8;
    %pushi/vec4 0, 0, 8;
    %assign/vec4 v0000014056db05d0_0, 0;
    %pushi/vec4 0, 0, 8;
    %assign/vec4 v0000014056db0fd0_0, 0;
    %pushi/vec4 0, 0, 32;
    %assign/vec4 v0000014056db20b0_0, 0;
    %jmp T_114.1;
T_114.0 ;
    %load/vec4 v0000014056db0df0_0;
    %flag_set/vec4 8;
    %jmp/0xz  T_114.2, 8;
    %load/vec4 v0000014056db25b0_0;
    %assign/vec4 v0000014056db05d0_0, 0;
T_114.2 ;
    %load/vec4 v0000014056db2650_0;
    %flag_set/vec4 8;
    %jmp/0xz  T_114.4, 8;
    %load/vec4 v0000014056db0d50_0;
    %assign/vec4 v0000014056db0fd0_0, 0;
    %load/vec4 v0000014056db1070_0;
    %load/vec4 v0000014056db0d50_0;
    %pad/s 32;
    %load/vec4 v0000014056db05d0_0;
    %pad/s 32;
    %mul;
    %add;
    %assign/vec4 v0000014056db20b0_0, 0;
T_114.4 ;
T_114.1 ;
    %jmp T_114;
    .thread T_114;
    .scope S_0000014056dbea80;
T_115 ;
    %wait E_0000014056cf68e0;
    %load/vec4 v0000014056db1f70_0;
    %nor/r;
    %flag_set/vec4 8;
    %jmp/0xz  T_115.0, 8;
    %pushi/vec4 0, 0, 8;
    %assign/vec4 v0000014056db1a70_0, 0;
    %pushi/vec4 0, 0, 8;
    %assign/vec4 v0000014056db1e30_0, 0;
    %pushi/vec4 0, 0, 32;
    %assign/vec4 v0000014056db1390_0, 0;
    %jmp T_115.1;
T_115.0 ;
    %load/vec4 v0000014056db1750_0;
    %flag_set/vec4 8;
    %jmp/0xz  T_115.2, 8;
    %load/vec4 v0000014056db03f0_0;
    %assign/vec4 v0000014056db1a70_0, 0;
T_115.2 ;
    %load/vec4 v0000014056db1250_0;
    %flag_set/vec4 8;
    %jmp/0xz  T_115.4, 8;
    %load/vec4 v0000014056db0350_0;
    %assign/vec4 v0000014056db1e30_0, 0;
    %load/vec4 v0000014056db0210_0;
    %load/vec4 v0000014056db0350_0;
    %pad/s 32;
    %load/vec4 v0000014056db1a70_0;
    %pad/s 32;
    %mul;
    %add;
    %assign/vec4 v0000014056db1390_0, 0;
T_115.4 ;
T_115.1 ;
    %jmp T_115;
    .thread T_115;
    .scope S_0000014056dbfbb0;
T_116 ;
    %wait E_0000014056cf68e0;
    %load/vec4 v0000014056db3230_0;
    %nor/r;
    %flag_set/vec4 8;
    %jmp/0xz  T_116.0, 8;
    %pushi/vec4 0, 0, 8;
    %assign/vec4 v0000014056db4f90_0, 0;
    %pushi/vec4 0, 0, 8;
    %assign/vec4 v0000014056db4950_0, 0;
    %pushi/vec4 0, 0, 32;
    %assign/vec4 v0000014056db3190_0, 0;
    %jmp T_116.1;
T_116.0 ;
    %load/vec4 v0000014056db30f0_0;
    %flag_set/vec4 8;
    %jmp/0xz  T_116.2, 8;
    %load/vec4 v0000014056db4630_0;
    %assign/vec4 v0000014056db4f90_0, 0;
T_116.2 ;
    %load/vec4 v0000014056db2010_0;
    %flag_set/vec4 8;
    %jmp/0xz  T_116.4, 8;
    %load/vec4 v0000014056db2150_0;
    %assign/vec4 v0000014056db4950_0, 0;
    %load/vec4 v0000014056db21f0_0;
    %load/vec4 v0000014056db2150_0;
    %pad/s 32;
    %load/vec4 v0000014056db4f90_0;
    %pad/s 32;
    %mul;
    %add;
    %assign/vec4 v0000014056db3190_0, 0;
T_116.4 ;
T_116.1 ;
    %jmp T_116;
    .thread T_116;
    .scope S_0000014056dd57f0;
T_117 ;
    %wait E_0000014056cf68e0;
    %load/vec4 v0000014056db4810_0;
    %nor/r;
    %flag_set/vec4 8;
    %jmp/0xz  T_117.0, 8;
    %pushi/vec4 0, 0, 8;
    %assign/vec4 v0000014056db41d0_0, 0;
    %pushi/vec4 0, 0, 8;
    %assign/vec4 v0000014056db32d0_0, 0;
    %pushi/vec4 0, 0, 32;
    %assign/vec4 v0000014056db4e50_0, 0;
    %jmp T_117.1;
T_117.0 ;
    %load/vec4 v0000014056db4590_0;
    %flag_set/vec4 8;
    %jmp/0xz  T_117.2, 8;
    %load/vec4 v0000014056db2bf0_0;
    %assign/vec4 v0000014056db41d0_0, 0;
T_117.2 ;
    %load/vec4 v0000014056db48b0_0;
    %flag_set/vec4 8;
    %jmp/0xz  T_117.4, 8;
    %load/vec4 v0000014056db39b0_0;
    %assign/vec4 v0000014056db32d0_0, 0;
    %load/vec4 v0000014056db2b50_0;
    %load/vec4 v0000014056db39b0_0;
    %pad/s 32;
    %load/vec4 v0000014056db41d0_0;
    %pad/s 32;
    %mul;
    %add;
    %assign/vec4 v0000014056db4e50_0, 0;
T_117.4 ;
T_117.1 ;
    %jmp T_117;
    .thread T_117;
    .scope S_0000014056dd2780;
T_118 ;
    %wait E_0000014056cf68e0;
    %load/vec4 v0000014056db4130_0;
    %nor/r;
    %flag_set/vec4 8;
    %jmp/0xz  T_118.0, 8;
    %pushi/vec4 0, 0, 8;
    %assign/vec4 v0000014056db4450_0, 0;
    %pushi/vec4 0, 0, 8;
    %assign/vec4 v0000014056db5030_0, 0;
    %pushi/vec4 0, 0, 32;
    %assign/vec4 v0000014056db34b0_0, 0;
    %jmp T_118.1;
T_118.0 ;
    %load/vec4 v0000014056db3410_0;
    %flag_set/vec4 8;
    %jmp/0xz  T_118.2, 8;
    %load/vec4 v0000014056db4090_0;
    %assign/vec4 v0000014056db4450_0, 0;
T_118.2 ;
    %load/vec4 v0000014056db4b30_0;
    %flag_set/vec4 8;
    %jmp/0xz  T_118.4, 8;
    %load/vec4 v0000014056db4770_0;
    %assign/vec4 v0000014056db5030_0, 0;
    %load/vec4 v0000014056db3a50_0;
    %load/vec4 v0000014056db4770_0;
    %pad/s 32;
    %load/vec4 v0000014056db4450_0;
    %pad/s 32;
    %mul;
    %add;
    %assign/vec4 v0000014056db34b0_0, 0;
T_118.4 ;
T_118.1 ;
    %jmp T_118;
    .thread T_118;
    .scope S_0000014056dd4e90;
T_119 ;
    %wait E_0000014056cf68e0;
    %load/vec4 v0000014056db37d0_0;
    %nor/r;
    %flag_set/vec4 8;
    %jmp/0xz  T_119.0, 8;
    %pushi/vec4 0, 0, 8;
    %assign/vec4 v0000014056db3730_0, 0;
    %pushi/vec4 0, 0, 8;
    %assign/vec4 v0000014056db3690_0, 0;
    %pushi/vec4 0, 0, 32;
    %assign/vec4 v0000014056db3ff0_0, 0;
    %jmp T_119.1;
T_119.0 ;
    %load/vec4 v0000014056db3f50_0;
    %flag_set/vec4 8;
    %jmp/0xz  T_119.2, 8;
    %load/vec4 v0000014056db35f0_0;
    %assign/vec4 v0000014056db3730_0, 0;
T_119.2 ;
    %load/vec4 v0000014056db43b0_0;
    %flag_set/vec4 8;
    %jmp/0xz  T_119.4, 8;
    %load/vec4 v0000014056db3050_0;
    %assign/vec4 v0000014056db3690_0, 0;
    %load/vec4 v0000014056db3910_0;
    %load/vec4 v0000014056db3050_0;
    %pad/s 32;
    %load/vec4 v0000014056db3730_0;
    %pad/s 32;
    %mul;
    %add;
    %assign/vec4 v0000014056db3ff0_0, 0;
T_119.4 ;
T_119.1 ;
    %jmp T_119;
    .thread T_119;
    .scope S_0000014056dd5020;
T_120 ;
    %wait E_0000014056cf68e0;
    %load/vec4 v0000014056db52b0_0;
    %nor/r;
    %flag_set/vec4 8;
    %jmp/0xz  T_120.0, 8;
    %pushi/vec4 0, 0, 8;
    %assign/vec4 v0000014056db70b0_0, 0;
    %pushi/vec4 0, 0, 8;
    %assign/vec4 v0000014056db2a10_0, 0;
    %pushi/vec4 0, 0, 32;
    %assign/vec4 v0000014056db2ab0_0, 0;
    %jmp T_120.1;
T_120.0 ;
    %load/vec4 v0000014056db2970_0;
    %flag_set/vec4 8;
    %jmp/0xz  T_120.2, 8;
    %load/vec4 v0000014056db50d0_0;
    %assign/vec4 v0000014056db70b0_0, 0;
T_120.2 ;
    %load/vec4 v0000014056db4c70_0;
    %flag_set/vec4 8;
    %jmp/0xz  T_120.4, 8;
    %load/vec4 v0000014056db4db0_0;
    %assign/vec4 v0000014056db2a10_0, 0;
    %load/vec4 v0000014056db4ef0_0;
    %load/vec4 v0000014056db4db0_0;
    %pad/s 32;
    %load/vec4 v0000014056db70b0_0;
    %pad/s 32;
    %mul;
    %add;
    %assign/vec4 v0000014056db2ab0_0, 0;
T_120.4 ;
T_120.1 ;
    %jmp T_120;
    .thread T_120;
    .scope S_0000014056dd4530;
T_121 ;
    %wait E_0000014056cf68e0;
    %load/vec4 v0000014056db5170_0;
    %nor/r;
    %flag_set/vec4 8;
    %jmp/0xz  T_121.0, 8;
    %pushi/vec4 0, 0, 8;
    %assign/vec4 v0000014056db76f0_0, 0;
    %pushi/vec4 0, 0, 8;
    %assign/vec4 v0000014056db5ad0_0, 0;
    %pushi/vec4 0, 0, 32;
    %assign/vec4 v0000014056db6c50_0, 0;
    %jmp T_121.1;
T_121.0 ;
    %load/vec4 v0000014056db71f0_0;
    %flag_set/vec4 8;
    %jmp/0xz  T_121.2, 8;
    %load/vec4 v0000014056db7150_0;
    %assign/vec4 v0000014056db76f0_0, 0;
T_121.2 ;
    %load/vec4 v0000014056db62f0_0;
    %flag_set/vec4 8;
    %jmp/0xz  T_121.4, 8;
    %load/vec4 v0000014056db6bb0_0;
    %assign/vec4 v0000014056db5ad0_0, 0;
    %load/vec4 v0000014056db7790_0;
    %load/vec4 v0000014056db6bb0_0;
    %pad/s 32;
    %load/vec4 v0000014056db76f0_0;
    %pad/s 32;
    %mul;
    %add;
    %assign/vec4 v0000014056db6c50_0, 0;
T_121.4 ;
T_121.1 ;
    %jmp T_121;
    .thread T_121;
    .scope S_0000014056dd1fb0;
T_122 ;
    %wait E_0000014056cf68e0;
    %load/vec4 v0000014056db6110_0;
    %nor/r;
    %flag_set/vec4 8;
    %jmp/0xz  T_122.0, 8;
    %pushi/vec4 0, 0, 8;
    %assign/vec4 v0000014056db6070_0, 0;
    %pushi/vec4 0, 0, 8;
    %assign/vec4 v0000014056db6ed0_0, 0;
    %pushi/vec4 0, 0, 32;
    %assign/vec4 v0000014056db53f0_0, 0;
    %jmp T_122.1;
T_122.0 ;
    %load/vec4 v0000014056db6e30_0;
    %flag_set/vec4 8;
    %jmp/0xz  T_122.2, 8;
    %load/vec4 v0000014056db7650_0;
    %assign/vec4 v0000014056db6070_0, 0;
T_122.2 ;
    %load/vec4 v0000014056db5fd0_0;
    %flag_set/vec4 8;
    %jmp/0xz  T_122.4, 8;
    %load/vec4 v0000014056db66b0_0;
    %assign/vec4 v0000014056db6ed0_0, 0;
    %load/vec4 v0000014056db58f0_0;
    %load/vec4 v0000014056db66b0_0;
    %pad/s 32;
    %load/vec4 v0000014056db6070_0;
    %pad/s 32;
    %mul;
    %add;
    %assign/vec4 v0000014056db53f0_0, 0;
T_122.4 ;
T_122.1 ;
    %jmp T_122;
    .thread T_122;
    .scope S_0000014056dd2910;
T_123 ;
    %wait E_0000014056cf68e0;
    %load/vec4 v0000014056db5350_0;
    %nor/r;
    %flag_set/vec4 8;
    %jmp/0xz  T_123.0, 8;
    %pushi/vec4 0, 0, 8;
    %assign/vec4 v0000014056db64d0_0, 0;
    %pushi/vec4 0, 0, 8;
    %assign/vec4 v0000014056db5c10_0, 0;
    %pushi/vec4 0, 0, 32;
    %assign/vec4 v0000014056db5df0_0, 0;
    %jmp T_123.1;
T_123.0 ;
    %load/vec4 v0000014056db5850_0;
    %flag_set/vec4 8;
    %jmp/0xz  T_123.2, 8;
    %load/vec4 v0000014056db7470_0;
    %assign/vec4 v0000014056db64d0_0, 0;
T_123.2 ;
    %load/vec4 v0000014056db75b0_0;
    %flag_set/vec4 8;
    %jmp/0xz  T_123.4, 8;
    %load/vec4 v0000014056db73d0_0;
    %assign/vec4 v0000014056db5c10_0, 0;
    %load/vec4 v0000014056db5990_0;
    %load/vec4 v0000014056db73d0_0;
    %pad/s 32;
    %load/vec4 v0000014056db64d0_0;
    %pad/s 32;
    %mul;
    %add;
    %assign/vec4 v0000014056db5df0_0, 0;
T_123.4 ;
T_123.1 ;
    %jmp T_123;
    .thread T_123;
    .scope S_0000014056dd51b0;
T_124 ;
    %wait E_0000014056cf68e0;
    %load/vec4 v0000014056db6890_0;
    %nor/r;
    %flag_set/vec4 8;
    %jmp/0xz  T_124.0, 8;
    %pushi/vec4 0, 0, 8;
    %assign/vec4 v0000014056db67f0_0, 0;
    %pushi/vec4 0, 0, 8;
    %assign/vec4 v0000014056db5f30_0, 0;
    %pushi/vec4 0, 0, 32;
    %assign/vec4 v0000014056db6570_0, 0;
    %jmp T_124.1;
T_124.0 ;
    %load/vec4 v0000014056db5710_0;
    %flag_set/vec4 8;
    %jmp/0xz  T_124.2, 8;
    %load/vec4 v0000014056db5670_0;
    %assign/vec4 v0000014056db67f0_0, 0;
T_124.2 ;
    %load/vec4 v0000014056db5e90_0;
    %flag_set/vec4 8;
    %jmp/0xz  T_124.4, 8;
    %load/vec4 v0000014056db55d0_0;
    %assign/vec4 v0000014056db5f30_0, 0;
    %load/vec4 v0000014056db6430_0;
    %load/vec4 v0000014056db55d0_0;
    %pad/s 32;
    %load/vec4 v0000014056db67f0_0;
    %pad/s 32;
    %mul;
    %add;
    %assign/vec4 v0000014056db6570_0, 0;
T_124.4 ;
T_124.1 ;
    %jmp T_124;
    .thread T_124;
    .scope S_0000014056dd5e30;
T_125 ;
    %wait E_0000014056cf68e0;
    %load/vec4 v0000014056db8eb0_0;
    %nor/r;
    %flag_set/vec4 8;
    %jmp/0xz  T_125.0, 8;
    %pushi/vec4 0, 0, 8;
    %assign/vec4 v0000014056db80f0_0, 0;
    %pushi/vec4 0, 0, 8;
    %assign/vec4 v0000014056db7970_0, 0;
    %pushi/vec4 0, 0, 32;
    %assign/vec4 v0000014056db8d70_0, 0;
    %jmp T_125.1;
T_125.0 ;
    %load/vec4 v0000014056db7bf0_0;
    %flag_set/vec4 8;
    %jmp/0xz  T_125.2, 8;
    %load/vec4 v0000014056db9810_0;
    %assign/vec4 v0000014056db80f0_0, 0;
T_125.2 ;
    %load/vec4 v0000014056db9ef0_0;
    %flag_set/vec4 8;
    %jmp/0xz  T_125.4, 8;
    %load/vec4 v0000014056db7d30_0;
    %assign/vec4 v0000014056db7970_0, 0;
    %load/vec4 v0000014056db9f90_0;
    %load/vec4 v0000014056db7d30_0;
    %pad/s 32;
    %load/vec4 v0000014056db80f0_0;
    %pad/s 32;
    %mul;
    %add;
    %assign/vec4 v0000014056db8d70_0, 0;
T_125.4 ;
T_125.1 ;
    %jmp T_125;
    .thread T_125;
    .scope S_0000014056dd2c30;
T_126 ;
    %wait E_0000014056cf68e0;
    %load/vec4 v0000014056db84b0_0;
    %nor/r;
    %flag_set/vec4 8;
    %jmp/0xz  T_126.0, 8;
    %pushi/vec4 0, 0, 8;
    %assign/vec4 v0000014056db9090_0, 0;
    %pushi/vec4 0, 0, 8;
    %assign/vec4 v0000014056db9d10_0, 0;
    %pushi/vec4 0, 0, 32;
    %assign/vec4 v0000014056db7a10_0, 0;
    %jmp T_126.1;
T_126.0 ;
    %load/vec4 v0000014056dba030_0;
    %flag_set/vec4 8;
    %jmp/0xz  T_126.2, 8;
    %load/vec4 v0000014056db7dd0_0;
    %assign/vec4 v0000014056db9090_0, 0;
T_126.2 ;
    %load/vec4 v0000014056db8190_0;
    %flag_set/vec4 8;
    %jmp/0xz  T_126.4, 8;
    %load/vec4 v0000014056db85f0_0;
    %assign/vec4 v0000014056db9d10_0, 0;
    %load/vec4 v0000014056db8ff0_0;
    %load/vec4 v0000014056db85f0_0;
    %pad/s 32;
    %load/vec4 v0000014056db9090_0;
    %pad/s 32;
    %mul;
    %add;
    %assign/vec4 v0000014056db7a10_0, 0;
T_126.4 ;
T_126.1 ;
    %jmp T_126;
    .thread T_126;
    .scope S_0000014056dd6150;
T_127 ;
    %wait E_0000014056cf68e0;
    %load/vec4 v0000014056db82d0_0;
    %nor/r;
    %flag_set/vec4 8;
    %jmp/0xz  T_127.0, 8;
    %pushi/vec4 0, 0, 8;
    %assign/vec4 v0000014056db7b50_0, 0;
    %pushi/vec4 0, 0, 8;
    %assign/vec4 v0000014056db9e50_0, 0;
    %pushi/vec4 0, 0, 32;
    %assign/vec4 v0000014056db7e70_0, 0;
    %jmp T_127.1;
T_127.0 ;
    %load/vec4 v0000014056db7ab0_0;
    %flag_set/vec4 8;
    %jmp/0xz  T_127.2, 8;
    %load/vec4 v0000014056db8410_0;
    %assign/vec4 v0000014056db7b50_0, 0;
T_127.2 ;
    %load/vec4 v0000014056db9130_0;
    %flag_set/vec4 8;
    %jmp/0xz  T_127.4, 8;
    %load/vec4 v0000014056db9590_0;
    %assign/vec4 v0000014056db9e50_0, 0;
    %load/vec4 v0000014056db9b30_0;
    %load/vec4 v0000014056db9590_0;
    %pad/s 32;
    %load/vec4 v0000014056db7b50_0;
    %pad/s 32;
    %mul;
    %add;
    %assign/vec4 v0000014056db7e70_0, 0;
T_127.4 ;
T_127.1 ;
    %jmp T_127;
    .thread T_127;
    .scope S_0000014056dd3a40;
T_128 ;
    %wait E_0000014056cf68e0;
    %load/vec4 v0000014056db8b90_0;
    %nor/r;
    %flag_set/vec4 8;
    %jmp/0xz  T_128.0, 8;
    %pushi/vec4 0, 0, 8;
    %assign/vec4 v0000014056db8050_0, 0;
    %pushi/vec4 0, 0, 8;
    %assign/vec4 v0000014056db8af0_0, 0;
    %pushi/vec4 0, 0, 32;
    %assign/vec4 v0000014056db9270_0, 0;
    %jmp T_128.1;
T_128.0 ;
    %load/vec4 v0000014056db7fb0_0;
    %flag_set/vec4 8;
    %jmp/0xz  T_128.2, 8;
    %load/vec4 v0000014056db7f10_0;
    %assign/vec4 v0000014056db8050_0, 0;
T_128.2 ;
    %load/vec4 v0000014056db9630_0;
    %flag_set/vec4 8;
    %jmp/0xz  T_128.4, 8;
    %load/vec4 v0000014056db7c90_0;
    %assign/vec4 v0000014056db8af0_0, 0;
    %load/vec4 v0000014056db8a50_0;
    %load/vec4 v0000014056db7c90_0;
    %pad/s 32;
    %load/vec4 v0000014056db8050_0;
    %pad/s 32;
    %mul;
    %add;
    %assign/vec4 v0000014056db9270_0, 0;
T_128.4 ;
T_128.1 ;
    %jmp T_128;
    .thread T_128;
    .scope S_0000014056dd6790;
T_129 ;
    %wait E_0000014056cf68e0;
    %load/vec4 v0000014056dbb2f0_0;
    %nor/r;
    %flag_set/vec4 8;
    %jmp/0xz  T_129.0, 8;
    %pushi/vec4 0, 0, 8;
    %assign/vec4 v0000014056dbc790_0, 0;
    %pushi/vec4 0, 0, 8;
    %assign/vec4 v0000014056dbb250_0, 0;
    %pushi/vec4 0, 0, 32;
    %assign/vec4 v0000014056dbba70_0, 0;
    %jmp T_129.1;
T_129.0 ;
    %load/vec4 v0000014056dbc010_0;
    %flag_set/vec4 8;
    %jmp/0xz  T_129.2, 8;
    %load/vec4 v0000014056dba3f0_0;
    %assign/vec4 v0000014056dbc790_0, 0;
T_129.2 ;
    %load/vec4 v0000014056dba530_0;
    %flag_set/vec4 8;
    %jmp/0xz  T_129.4, 8;
    %load/vec4 v0000014056dbb890_0;
    %assign/vec4 v0000014056dbb250_0, 0;
    %load/vec4 v0000014056dba2b0_0;
    %load/vec4 v0000014056dbb890_0;
    %pad/s 32;
    %load/vec4 v0000014056dbc790_0;
    %pad/s 32;
    %mul;
    %add;
    %assign/vec4 v0000014056dbba70_0, 0;
T_129.4 ;
T_129.1 ;
    %jmp T_129;
    .thread T_129;
    .scope S_0000014056dd6c40;
T_130 ;
    %wait E_0000014056cf68e0;
    %load/vec4 v0000014056dba5d0_0;
    %nor/r;
    %flag_set/vec4 8;
    %jmp/0xz  T_130.0, 8;
    %pushi/vec4 0, 0, 8;
    %assign/vec4 v0000014056dbb6b0_0, 0;
    %pushi/vec4 0, 0, 8;
    %assign/vec4 v0000014056dbb750_0, 0;
    %pushi/vec4 0, 0, 32;
    %assign/vec4 v0000014056dbc650_0, 0;
    %jmp T_130.1;
T_130.0 ;
    %load/vec4 v0000014056dbb4d0_0;
    %flag_set/vec4 8;
    %jmp/0xz  T_130.2, 8;
    %load/vec4 v0000014056dbb570_0;
    %assign/vec4 v0000014056dbb6b0_0, 0;
T_130.2 ;
    %load/vec4 v0000014056dbbc50_0;
    %flag_set/vec4 8;
    %jmp/0xz  T_130.4, 8;
    %load/vec4 v0000014056dbbcf0_0;
    %assign/vec4 v0000014056dbb750_0, 0;
    %load/vec4 v0000014056dbb1b0_0;
    %load/vec4 v0000014056dbbcf0_0;
    %pad/s 32;
    %load/vec4 v0000014056dbb6b0_0;
    %pad/s 32;
    %mul;
    %add;
    %assign/vec4 v0000014056dbc650_0, 0;
T_130.4 ;
T_130.1 ;
    %jmp T_130;
    .thread T_130;
    .scope S_0000014056dd70f0;
T_131 ;
    %wait E_0000014056cf68e0;
    %load/vec4 v0000014056dbbe30_0;
    %nor/r;
    %flag_set/vec4 8;
    %jmp/0xz  T_131.0, 8;
    %pushi/vec4 0, 0, 8;
    %assign/vec4 v0000014056dba710_0, 0;
    %pushi/vec4 0, 0, 8;
    %assign/vec4 v0000014056dbadf0_0, 0;
    %pushi/vec4 0, 0, 32;
    %assign/vec4 v0000014056dbb7f0_0, 0;
    %jmp T_131.1;
T_131.0 ;
    %load/vec4 v0000014056dbbd90_0;
    %flag_set/vec4 8;
    %jmp/0xz  T_131.2, 8;
    %load/vec4 v0000014056dba670_0;
    %assign/vec4 v0000014056dba710_0, 0;
T_131.2 ;
    %load/vec4 v0000014056dbc510_0;
    %flag_set/vec4 8;
    %jmp/0xz  T_131.4, 8;
    %load/vec4 v0000014056dbb610_0;
    %assign/vec4 v0000014056dbadf0_0, 0;
    %load/vec4 v0000014056dbc150_0;
    %load/vec4 v0000014056dbb610_0;
    %pad/s 32;
    %load/vec4 v0000014056dba710_0;
    %pad/s 32;
    %mul;
    %add;
    %assign/vec4 v0000014056dbb7f0_0, 0;
T_131.4 ;
T_131.1 ;
    %jmp T_131;
    .thread T_131;
    .scope S_0000014056dd7730;
T_132 ;
    %wait E_0000014056cf68e0;
    %load/vec4 v0000014056dbc830_0;
    %nor/r;
    %flag_set/vec4 8;
    %jmp/0xz  T_132.0, 8;
    %pushi/vec4 0, 0, 8;
    %assign/vec4 v0000014056dbaf30_0, 0;
    %pushi/vec4 0, 0, 8;
    %assign/vec4 v0000014056dbc3d0_0, 0;
    %pushi/vec4 0, 0, 32;
    %assign/vec4 v0000014056dba210_0, 0;
    %jmp T_132.1;
T_132.0 ;
    %load/vec4 v0000014056dbc330_0;
    %flag_set/vec4 8;
    %jmp/0xz  T_132.2, 8;
    %load/vec4 v0000014056dbbb10_0;
    %assign/vec4 v0000014056dbaf30_0, 0;
T_132.2 ;
    %load/vec4 v0000014056dbb930_0;
    %flag_set/vec4 8;
    %jmp/0xz  T_132.4, 8;
    %load/vec4 v0000014056dbbf70_0;
    %assign/vec4 v0000014056dbc3d0_0, 0;
    %load/vec4 v0000014056dbb9d0_0;
    %load/vec4 v0000014056dbbf70_0;
    %pad/s 32;
    %load/vec4 v0000014056dbaf30_0;
    %pad/s 32;
    %mul;
    %add;
    %assign/vec4 v0000014056dba210_0, 0;
T_132.4 ;
T_132.1 ;
    %jmp T_132;
    .thread T_132;
    .scope S_0000014056dd91c0;
T_133 ;
    %wait E_0000014056cf68e0;
    %load/vec4 v0000014056dbcdd0_0;
    %nor/r;
    %flag_set/vec4 8;
    %jmp/0xz  T_133.0, 8;
    %pushi/vec4 0, 0, 8;
    %assign/vec4 v0000014056dbd7d0_0, 0;
    %pushi/vec4 0, 0, 8;
    %assign/vec4 v0000014056dbd4b0_0, 0;
    %pushi/vec4 0, 0, 32;
    %assign/vec4 v0000014056dbd370_0, 0;
    %jmp T_133.1;
T_133.0 ;
    %load/vec4 v0000014056dbcb50_0;
    %flag_set/vec4 8;
    %jmp/0xz  T_133.2, 8;
    %load/vec4 v0000014056dbae90_0;
    %assign/vec4 v0000014056dbd7d0_0, 0;
T_133.2 ;
    %load/vec4 v0000014056dbaad0_0;
    %flag_set/vec4 8;
    %jmp/0xz  T_133.4, 8;
    %load/vec4 v0000014056dbac10_0;
    %assign/vec4 v0000014056dbd4b0_0, 0;
    %load/vec4 v0000014056dbacb0_0;
    %load/vec4 v0000014056dbac10_0;
    %pad/s 32;
    %load/vec4 v0000014056dbd7d0_0;
    %pad/s 32;
    %mul;
    %add;
    %assign/vec4 v0000014056dbd370_0, 0;
T_133.4 ;
T_133.1 ;
    %jmp T_133;
    .thread T_133;
    .scope S_0000014056dd89f0;
T_134 ;
    %wait E_0000014056cf68e0;
    %load/vec4 v0000014056dbce70_0;
    %nor/r;
    %flag_set/vec4 8;
    %jmp/0xz  T_134.0, 8;
    %pushi/vec4 0, 0, 8;
    %assign/vec4 v0000014056dbca10_0, 0;
    %pushi/vec4 0, 0, 8;
    %assign/vec4 v0000014056dbd730_0, 0;
    %pushi/vec4 0, 0, 32;
    %assign/vec4 v0000014056dbcc90_0, 0;
    %jmp T_134.1;
T_134.0 ;
    %load/vec4 v0000014056dbd050_0;
    %flag_set/vec4 8;
    %jmp/0xz  T_134.2, 8;
    %load/vec4 v0000014056dbcfb0_0;
    %assign/vec4 v0000014056dbca10_0, 0;
T_134.2 ;
    %load/vec4 v0000014056dbcd30_0;
    %flag_set/vec4 8;
    %jmp/0xz  T_134.4, 8;
    %load/vec4 v0000014056dbd5f0_0;
    %assign/vec4 v0000014056dbd730_0, 0;
    %load/vec4 v0000014056dbd690_0;
    %load/vec4 v0000014056dbd5f0_0;
    %pad/s 32;
    %load/vec4 v0000014056dbca10_0;
    %pad/s 32;
    %mul;
    %add;
    %assign/vec4 v0000014056dbcc90_0, 0;
T_134.4 ;
T_134.1 ;
    %jmp T_134;
    .thread T_134;
    .scope S_0000014056dd7f00;
T_135 ;
    %wait E_0000014056cf68e0;
    %load/vec4 v0000014056de39a0_0;
    %nor/r;
    %flag_set/vec4 8;
    %jmp/0xz  T_135.0, 8;
    %pushi/vec4 0, 0, 8;
    %assign/vec4 v0000014056de2960_0, 0;
    %pushi/vec4 0, 0, 8;
    %assign/vec4 v0000014056de2e60_0, 0;
    %pushi/vec4 0, 0, 32;
    %assign/vec4 v0000014056de3400_0, 0;
    %jmp T_135.1;
T_135.0 ;
    %load/vec4 v0000014056de35e0_0;
    %flag_set/vec4 8;
    %jmp/0xz  T_135.2, 8;
    %load/vec4 v0000014056de30e0_0;
    %assign/vec4 v0000014056de2960_0, 0;
T_135.2 ;
    %load/vec4 v0000014056de1c40_0;
    %flag_set/vec4 8;
    %jmp/0xz  T_135.4, 8;
    %load/vec4 v0000014056de21e0_0;
    %assign/vec4 v0000014056de2e60_0, 0;
    %load/vec4 v0000014056de3c20_0;
    %load/vec4 v0000014056de21e0_0;
    %pad/s 32;
    %load/vec4 v0000014056de2960_0;
    %pad/s 32;
    %mul;
    %add;
    %assign/vec4 v0000014056de3400_0, 0;
T_135.4 ;
T_135.1 ;
    %jmp T_135;
    .thread T_135;
    .scope S_0000014056dd94e0;
T_136 ;
    %wait E_0000014056cf68e0;
    %load/vec4 v0000014056de3ea0_0;
    %nor/r;
    %flag_set/vec4 8;
    %jmp/0xz  T_136.0, 8;
    %pushi/vec4 0, 0, 8;
    %assign/vec4 v0000014056de3fe0_0, 0;
    %pushi/vec4 0, 0, 8;
    %assign/vec4 v0000014056de3680_0, 0;
    %pushi/vec4 0, 0, 32;
    %assign/vec4 v0000014056de2f00_0, 0;
    %jmp T_136.1;
T_136.0 ;
    %load/vec4 v0000014056de3360_0;
    %flag_set/vec4 8;
    %jmp/0xz  T_136.2, 8;
    %load/vec4 v0000014056de1ba0_0;
    %assign/vec4 v0000014056de3fe0_0, 0;
T_136.2 ;
    %load/vec4 v0000014056de3b80_0;
    %flag_set/vec4 8;
    %jmp/0xz  T_136.4, 8;
    %load/vec4 v0000014056de3e00_0;
    %assign/vec4 v0000014056de3680_0, 0;
    %load/vec4 v0000014056de3cc0_0;
    %load/vec4 v0000014056de3e00_0;
    %pad/s 32;
    %load/vec4 v0000014056de3fe0_0;
    %pad/s 32;
    %mul;
    %add;
    %assign/vec4 v0000014056de2f00_0, 0;
T_136.4 ;
T_136.1 ;
    %jmp T_136;
    .thread T_136;
    .scope S_0000014056decd60;
T_137 ;
    %wait E_0000014056cf68e0;
    %load/vec4 v0000014056de1b00_0;
    %nor/r;
    %flag_set/vec4 8;
    %jmp/0xz  T_137.0, 8;
    %pushi/vec4 0, 0, 8;
    %assign/vec4 v0000014056de23c0_0, 0;
    %pushi/vec4 0, 0, 8;
    %assign/vec4 v0000014056de3180_0, 0;
    %pushi/vec4 0, 0, 32;
    %assign/vec4 v0000014056de4080_0, 0;
    %jmp T_137.1;
T_137.0 ;
    %load/vec4 v0000014056de3720_0;
    %flag_set/vec4 8;
    %jmp/0xz  T_137.2, 8;
    %load/vec4 v0000014056de2b40_0;
    %assign/vec4 v0000014056de23c0_0, 0;
T_137.2 ;
    %load/vec4 v0000014056de2320_0;
    %flag_set/vec4 8;
    %jmp/0xz  T_137.4, 8;
    %load/vec4 v0000014056de2d20_0;
    %assign/vec4 v0000014056de3180_0, 0;
    %load/vec4 v0000014056de3d60_0;
    %load/vec4 v0000014056de2d20_0;
    %pad/s 32;
    %load/vec4 v0000014056de23c0_0;
    %pad/s 32;
    %mul;
    %add;
    %assign/vec4 v0000014056de4080_0, 0;
T_137.4 ;
T_137.1 ;
    %jmp T_137;
    .thread T_137;
    .scope S_0000014056deae20;
T_138 ;
    %wait E_0000014056cf68e0;
    %load/vec4 v0000014056de25a0_0;
    %nor/r;
    %flag_set/vec4 8;
    %jmp/0xz  T_138.0, 8;
    %pushi/vec4 0, 0, 8;
    %assign/vec4 v0000014056de2000_0, 0;
    %pushi/vec4 0, 0, 8;
    %assign/vec4 v0000014056de1f60_0, 0;
    %pushi/vec4 0, 0, 32;
    %assign/vec4 v0000014056de2460_0, 0;
    %jmp T_138.1;
T_138.0 ;
    %load/vec4 v0000014056de2280_0;
    %flag_set/vec4 8;
    %jmp/0xz  T_138.2, 8;
    %load/vec4 v0000014056de1ec0_0;
    %assign/vec4 v0000014056de2000_0, 0;
T_138.2 ;
    %load/vec4 v0000014056de3860_0;
    %flag_set/vec4 8;
    %jmp/0xz  T_138.4, 8;
    %load/vec4 v0000014056de1ce0_0;
    %assign/vec4 v0000014056de1f60_0, 0;
    %load/vec4 v0000014056de1e20_0;
    %load/vec4 v0000014056de1ce0_0;
    %pad/s 32;
    %load/vec4 v0000014056de2000_0;
    %pad/s 32;
    %mul;
    %add;
    %assign/vec4 v0000014056de2460_0, 0;
T_138.4 ;
T_138.1 ;
    %jmp T_138;
    .thread T_138;
    .scope S_0000014056deafb0;
T_139 ;
    %wait E_0000014056cf68e0;
    %load/vec4 v0000014056de5200_0;
    %nor/r;
    %flag_set/vec4 8;
    %jmp/0xz  T_139.0, 8;
    %pushi/vec4 0, 0, 8;
    %assign/vec4 v0000014056de4940_0, 0;
    %pushi/vec4 0, 0, 8;
    %assign/vec4 v0000014056de5020_0, 0;
    %pushi/vec4 0, 0, 32;
    %assign/vec4 v0000014056de5b60_0, 0;
    %jmp T_139.1;
T_139.0 ;
    %load/vec4 v0000014056de5de0_0;
    %flag_set/vec4 8;
    %jmp/0xz  T_139.2, 8;
    %load/vec4 v0000014056de50c0_0;
    %assign/vec4 v0000014056de4940_0, 0;
T_139.2 ;
    %load/vec4 v0000014056de2be0_0;
    %flag_set/vec4 8;
    %jmp/0xz  T_139.4, 8;
    %load/vec4 v0000014056de2c80_0;
    %assign/vec4 v0000014056de5020_0, 0;
    %load/vec4 v0000014056de5160_0;
    %load/vec4 v0000014056de2c80_0;
    %pad/s 32;
    %load/vec4 v0000014056de4940_0;
    %pad/s 32;
    %mul;
    %add;
    %assign/vec4 v0000014056de5b60_0, 0;
T_139.4 ;
T_139.1 ;
    %jmp T_139;
    .thread T_139;
    .scope S_0000014056ded530;
T_140 ;
    %wait E_0000014056cf68e0;
    %load/vec4 v0000014056de5340_0;
    %nor/r;
    %flag_set/vec4 8;
    %jmp/0xz  T_140.0, 8;
    %pushi/vec4 0, 0, 8;
    %assign/vec4 v0000014056de62e0_0, 0;
    %pushi/vec4 0, 0, 8;
    %assign/vec4 v0000014056de6420_0, 0;
    %pushi/vec4 0, 0, 32;
    %assign/vec4 v0000014056de5980_0, 0;
    %jmp T_140.1;
T_140.0 ;
    %load/vec4 v0000014056de4300_0;
    %flag_set/vec4 8;
    %jmp/0xz  T_140.2, 8;
    %load/vec4 v0000014056de4440_0;
    %assign/vec4 v0000014056de62e0_0, 0;
T_140.2 ;
    %load/vec4 v0000014056de5700_0;
    %flag_set/vec4 8;
    %jmp/0xz  T_140.4, 8;
    %load/vec4 v0000014056de58e0_0;
    %assign/vec4 v0000014056de6420_0, 0;
    %load/vec4 v0000014056de6240_0;
    %load/vec4 v0000014056de58e0_0;
    %pad/s 32;
    %load/vec4 v0000014056de62e0_0;
    %pad/s 32;
    %mul;
    %add;
    %assign/vec4 v0000014056de5980_0, 0;
T_140.4 ;
T_140.1 ;
    %jmp T_140;
    .thread T_140;
    .scope S_0000014056deb2d0;
T_141 ;
    %wait E_0000014056cf68e0;
    %load/vec4 v0000014056de4c60_0;
    %nor/r;
    %flag_set/vec4 8;
    %jmp/0xz  T_141.0, 8;
    %pushi/vec4 0, 0, 8;
    %assign/vec4 v0000014056de5480_0, 0;
    %pushi/vec4 0, 0, 8;
    %assign/vec4 v0000014056de4580_0, 0;
    %pushi/vec4 0, 0, 32;
    %assign/vec4 v0000014056de5e80_0, 0;
    %jmp T_141.1;
T_141.0 ;
    %load/vec4 v0000014056de64c0_0;
    %flag_set/vec4 8;
    %jmp/0xz  T_141.2, 8;
    %load/vec4 v0000014056de44e0_0;
    %assign/vec4 v0000014056de5480_0, 0;
T_141.2 ;
    %load/vec4 v0000014056de5ac0_0;
    %flag_set/vec4 8;
    %jmp/0xz  T_141.4, 8;
    %load/vec4 v0000014056de6380_0;
    %assign/vec4 v0000014056de4580_0, 0;
    %load/vec4 v0000014056de53e0_0;
    %load/vec4 v0000014056de6380_0;
    %pad/s 32;
    %load/vec4 v0000014056de5480_0;
    %pad/s 32;
    %mul;
    %add;
    %assign/vec4 v0000014056de5e80_0, 0;
T_141.4 ;
T_141.1 ;
    %jmp T_141;
    .thread T_141;
    .scope S_0000014056dee020;
T_142 ;
    %wait E_0000014056cf68e0;
    %load/vec4 v0000014056de4800_0;
    %nor/r;
    %flag_set/vec4 8;
    %jmp/0xz  T_142.0, 8;
    %pushi/vec4 0, 0, 8;
    %assign/vec4 v0000014056de4260_0, 0;
    %pushi/vec4 0, 0, 8;
    %assign/vec4 v0000014056de5f20_0, 0;
    %pushi/vec4 0, 0, 32;
    %assign/vec4 v0000014056de6880_0, 0;
    %jmp T_142.1;
T_142.0 ;
    %load/vec4 v0000014056de4760_0;
    %flag_set/vec4 8;
    %jmp/0xz  T_142.2, 8;
    %load/vec4 v0000014056de4ee0_0;
    %assign/vec4 v0000014056de4260_0, 0;
T_142.2 ;
    %load/vec4 v0000014056de4f80_0;
    %flag_set/vec4 8;
    %jmp/0xz  T_142.4, 8;
    %load/vec4 v0000014056de5d40_0;
    %assign/vec4 v0000014056de5f20_0, 0;
    %load/vec4 v0000014056de67e0_0;
    %load/vec4 v0000014056de5d40_0;
    %pad/s 32;
    %load/vec4 v0000014056de4260_0;
    %pad/s 32;
    %mul;
    %add;
    %assign/vec4 v0000014056de6880_0, 0;
T_142.4 ;
T_142.1 ;
    %jmp T_142;
    .thread T_142;
    .scope S_0000014056dea1a0;
T_143 ;
    %wait E_0000014056cf68e0;
    %load/vec4 v0000014056de70a0_0;
    %nor/r;
    %flag_set/vec4 8;
    %jmp/0xz  T_143.0, 8;
    %pushi/vec4 0, 0, 8;
    %assign/vec4 v0000014056de7000_0, 0;
    %pushi/vec4 0, 0, 8;
    %assign/vec4 v0000014056de6100_0, 0;
    %pushi/vec4 0, 0, 32;
    %assign/vec4 v0000014056de7320_0, 0;
    %jmp T_143.1;
T_143.0 ;
    %load/vec4 v0000014056de4a80_0;
    %flag_set/vec4 8;
    %jmp/0xz  T_143.2, 8;
    %load/vec4 v0000014056de57a0_0;
    %assign/vec4 v0000014056de7000_0, 0;
T_143.2 ;
    %load/vec4 v0000014056de5520_0;
    %flag_set/vec4 8;
    %jmp/0xz  T_143.4, 8;
    %load/vec4 v0000014056de55c0_0;
    %assign/vec4 v0000014056de6100_0, 0;
    %load/vec4 v0000014056de49e0_0;
    %load/vec4 v0000014056de55c0_0;
    %pad/s 32;
    %load/vec4 v0000014056de7000_0;
    %pad/s 32;
    %mul;
    %add;
    %assign/vec4 v0000014056de7320_0, 0;
T_143.4 ;
T_143.1 ;
    %jmp T_143;
    .thread T_143;
    .scope S_0000014056dedd00;
T_144 ;
    %wait E_0000014056cf68e0;
    %load/vec4 v0000014056de8720_0;
    %nor/r;
    %flag_set/vec4 8;
    %jmp/0xz  T_144.0, 8;
    %pushi/vec4 0, 0, 8;
    %assign/vec4 v0000014056de7b40_0, 0;
    %pushi/vec4 0, 0, 8;
    %assign/vec4 v0000014056de7140_0, 0;
    %pushi/vec4 0, 0, 32;
    %assign/vec4 v0000014056de85e0_0, 0;
    %jmp T_144.1;
T_144.0 ;
    %load/vec4 v0000014056de8540_0;
    %flag_set/vec4 8;
    %jmp/0xz  T_144.2, 8;
    %load/vec4 v0000014056de7aa0_0;
    %assign/vec4 v0000014056de7b40_0, 0;
T_144.2 ;
    %load/vec4 v0000014056de7be0_0;
    %flag_set/vec4 8;
    %jmp/0xz  T_144.4, 8;
    %load/vec4 v0000014056de6e20_0;
    %assign/vec4 v0000014056de7140_0, 0;
    %load/vec4 v0000014056de84a0_0;
    %load/vec4 v0000014056de6e20_0;
    %pad/s 32;
    %load/vec4 v0000014056de7b40_0;
    %pad/s 32;
    %mul;
    %add;
    %assign/vec4 v0000014056de85e0_0, 0;
T_144.4 ;
T_144.1 ;
    %jmp T_144;
    .thread T_144;
    .scope S_0000014056deb5f0;
T_145 ;
    %wait E_0000014056cf68e0;
    %load/vec4 v0000014056de8860_0;
    %nor/r;
    %flag_set/vec4 8;
    %jmp/0xz  T_145.0, 8;
    %pushi/vec4 0, 0, 8;
    %assign/vec4 v0000014056de7d20_0, 0;
    %pushi/vec4 0, 0, 8;
    %assign/vec4 v0000014056de8360_0, 0;
    %pushi/vec4 0, 0, 32;
    %assign/vec4 v0000014056de6c40_0, 0;
    %jmp T_145.1;
T_145.0 ;
    %load/vec4 v0000014056de9120_0;
    %flag_set/vec4 8;
    %jmp/0xz  T_145.2, 8;
    %load/vec4 v0000014056de8400_0;
    %assign/vec4 v0000014056de7d20_0, 0;
T_145.2 ;
    %load/vec4 v0000014056de80e0_0;
    %flag_set/vec4 8;
    %jmp/0xz  T_145.4, 8;
    %load/vec4 v0000014056de9080_0;
    %assign/vec4 v0000014056de8360_0, 0;
    %load/vec4 v0000014056de7f00_0;
    %load/vec4 v0000014056de9080_0;
    %pad/s 32;
    %load/vec4 v0000014056de7d20_0;
    %pad/s 32;
    %mul;
    %add;
    %assign/vec4 v0000014056de6c40_0, 0;
T_145.4 ;
T_145.1 ;
    %jmp T_145;
    .thread T_145;
    .scope S_0000014056dee660;
T_146 ;
    %wait E_0000014056cf68e0;
    %load/vec4 v0000014056de6d80_0;
    %nor/r;
    %flag_set/vec4 8;
    %jmp/0xz  T_146.0, 8;
    %pushi/vec4 0, 0, 8;
    %assign/vec4 v0000014056de8ae0_0, 0;
    %pushi/vec4 0, 0, 8;
    %assign/vec4 v0000014056de7500_0, 0;
    %pushi/vec4 0, 0, 32;
    %assign/vec4 v0000014056de69c0_0, 0;
    %jmp T_146.1;
T_146.0 ;
    %load/vec4 v0000014056de71e0_0;
    %flag_set/vec4 8;
    %jmp/0xz  T_146.2, 8;
    %load/vec4 v0000014056de7fa0_0;
    %assign/vec4 v0000014056de8ae0_0, 0;
T_146.2 ;
    %load/vec4 v0000014056de6ce0_0;
    %flag_set/vec4 8;
    %jmp/0xz  T_146.4, 8;
    %load/vec4 v0000014056de8040_0;
    %assign/vec4 v0000014056de7500_0, 0;
    %load/vec4 v0000014056de8a40_0;
    %load/vec4 v0000014056de8040_0;
    %pad/s 32;
    %load/vec4 v0000014056de8ae0_0;
    %pad/s 32;
    %mul;
    %add;
    %assign/vec4 v0000014056de69c0_0, 0;
T_146.4 ;
T_146.1 ;
    %jmp T_146;
    .thread T_146;
    .scope S_0000014056dee7f0;
T_147 ;
    %wait E_0000014056cf68e0;
    %load/vec4 v0000014056de7460_0;
    %nor/r;
    %flag_set/vec4 8;
    %jmp/0xz  T_147.0, 8;
    %pushi/vec4 0, 0, 8;
    %assign/vec4 v0000014056de8f40_0, 0;
    %pushi/vec4 0, 0, 8;
    %assign/vec4 v0000014056de78c0_0, 0;
    %pushi/vec4 0, 0, 32;
    %assign/vec4 v0000014056de8ea0_0, 0;
    %jmp T_147.1;
T_147.0 ;
    %load/vec4 v0000014056de7280_0;
    %flag_set/vec4 8;
    %jmp/0xz  T_147.2, 8;
    %load/vec4 v0000014056de8e00_0;
    %assign/vec4 v0000014056de8f40_0, 0;
T_147.2 ;
    %load/vec4 v0000014056de6a60_0;
    %flag_set/vec4 8;
    %jmp/0xz  T_147.4, 8;
    %load/vec4 v0000014056de8d60_0;
    %assign/vec4 v0000014056de78c0_0, 0;
    %load/vec4 v0000014056de6f60_0;
    %load/vec4 v0000014056de8d60_0;
    %pad/s 32;
    %load/vec4 v0000014056de8f40_0;
    %pad/s 32;
    %mul;
    %add;
    %assign/vec4 v0000014056de8ea0_0, 0;
T_147.4 ;
T_147.1 ;
    %jmp T_147;
    .thread T_147;
    .scope S_0000014056def470;
T_148 ;
    %wait E_0000014056cf68e0;
    %load/vec4 v0000014056de9e40_0;
    %nor/r;
    %flag_set/vec4 8;
    %jmp/0xz  T_148.0, 8;
    %pushi/vec4 0, 0, 8;
    %assign/vec4 v0000014056de9300_0, 0;
    %pushi/vec4 0, 0, 8;
    %assign/vec4 v0000014056de9260_0, 0;
    %pushi/vec4 0, 0, 32;
    %assign/vec4 v0000014056dea020_0, 0;
    %jmp T_148.1;
T_148.0 ;
    %load/vec4 v0000014056de9b20_0;
    %flag_set/vec4 8;
    %jmp/0xz  T_148.2, 8;
    %load/vec4 v0000014056de9da0_0;
    %assign/vec4 v0000014056de9300_0, 0;
T_148.2 ;
    %load/vec4 v0000014056de9a80_0;
    %flag_set/vec4 8;
    %jmp/0xz  T_148.4, 8;
    %load/vec4 v0000014056de9d00_0;
    %assign/vec4 v0000014056de9260_0, 0;
    %load/vec4 v0000014056de9580_0;
    %load/vec4 v0000014056de9d00_0;
    %pad/s 32;
    %load/vec4 v0000014056de9300_0;
    %pad/s 32;
    %mul;
    %add;
    %assign/vec4 v0000014056dea020_0, 0;
T_148.4 ;
T_148.1 ;
    %jmp T_148;
    .thread T_148;
    .scope S_0000014056deee30;
T_149 ;
    %wait E_0000014056cf68e0;
    %load/vec4 v0000014056ddb5c0_0;
    %nor/r;
    %flag_set/vec4 8;
    %jmp/0xz  T_149.0, 8;
    %pushi/vec4 0, 0, 8;
    %assign/vec4 v0000014056dda300_0, 0;
    %pushi/vec4 0, 0, 8;
    %assign/vec4 v0000014056ddc740_0, 0;
    %pushi/vec4 0, 0, 32;
    %assign/vec4 v0000014056dda940_0, 0;
    %jmp T_149.1;
T_149.0 ;
    %load/vec4 v0000014056ddb480_0;
    %flag_set/vec4 8;
    %jmp/0xz  T_149.2, 8;
    %load/vec4 v0000014056de9bc0_0;
    %assign/vec4 v0000014056dda300_0, 0;
T_149.2 ;
    %load/vec4 v0000014056de9760_0;
    %flag_set/vec4 8;
    %jmp/0xz  T_149.4, 8;
    %load/vec4 v0000014056de9800_0;
    %assign/vec4 v0000014056ddc740_0, 0;
    %load/vec4 v0000014056de98a0_0;
    %load/vec4 v0000014056de9800_0;
    %pad/s 32;
    %load/vec4 v0000014056dda300_0;
    %pad/s 32;
    %mul;
    %add;
    %assign/vec4 v0000014056dda940_0, 0;
T_149.4 ;
T_149.1 ;
    %jmp T_149;
    .thread T_149;
    .scope S_0000014056def600;
T_150 ;
    %wait E_0000014056cf68e0;
    %load/vec4 v0000014056dda620_0;
    %nor/r;
    %flag_set/vec4 8;
    %jmp/0xz  T_150.0, 8;
    %pushi/vec4 0, 0, 8;
    %assign/vec4 v0000014056ddb660_0, 0;
    %pushi/vec4 0, 0, 8;
    %assign/vec4 v0000014056ddbf20_0, 0;
    %pushi/vec4 0, 0, 32;
    %assign/vec4 v0000014056ddb2a0_0, 0;
    %jmp T_150.1;
T_150.0 ;
    %load/vec4 v0000014056ddc600_0;
    %flag_set/vec4 8;
    %jmp/0xz  T_150.2, 8;
    %load/vec4 v0000014056ddabc0_0;
    %assign/vec4 v0000014056ddb660_0, 0;
T_150.2 ;
    %load/vec4 v0000014056ddb020_0;
    %flag_set/vec4 8;
    %jmp/0xz  T_150.4, 8;
    %load/vec4 v0000014056ddb160_0;
    %assign/vec4 v0000014056ddbf20_0, 0;
    %load/vec4 v0000014056ddaa80_0;
    %load/vec4 v0000014056ddb160_0;
    %pad/s 32;
    %load/vec4 v0000014056ddb660_0;
    %pad/s 32;
    %mul;
    %add;
    %assign/vec4 v0000014056ddb2a0_0, 0;
T_150.4 ;
T_150.1 ;
    %jmp T_150;
    .thread T_150;
    .scope S_0000014056defab0;
T_151 ;
    %wait E_0000014056cf68e0;
    %load/vec4 v0000014056ddaee0_0;
    %nor/r;
    %flag_set/vec4 8;
    %jmp/0xz  T_151.0, 8;
    %pushi/vec4 0, 0, 8;
    %assign/vec4 v0000014056ddbac0_0, 0;
    %pushi/vec4 0, 0, 8;
    %assign/vec4 v0000014056ddbfc0_0, 0;
    %pushi/vec4 0, 0, 32;
    %assign/vec4 v0000014056ddb340_0, 0;
    %jmp T_151.1;
T_151.0 ;
    %load/vec4 v0000014056ddc7e0_0;
    %flag_set/vec4 8;
    %jmp/0xz  T_151.2, 8;
    %load/vec4 v0000014056dda4e0_0;
    %assign/vec4 v0000014056ddbac0_0, 0;
T_151.2 ;
    %load/vec4 v0000014056ddb200_0;
    %flag_set/vec4 8;
    %jmp/0xz  T_151.4, 8;
    %load/vec4 v0000014056dda440_0;
    %assign/vec4 v0000014056ddbfc0_0, 0;
    %load/vec4 v0000014056dda3a0_0;
    %load/vec4 v0000014056dda440_0;
    %pad/s 32;
    %load/vec4 v0000014056ddbac0_0;
    %pad/s 32;
    %mul;
    %add;
    %assign/vec4 v0000014056ddb340_0, 0;
T_151.4 ;
T_151.1 ;
    %jmp T_151;
    .thread T_151;
    .scope S_0000014056deff60;
T_152 ;
    %wait E_0000014056cf68e0;
    %load/vec4 v0000014056ddbc00_0;
    %nor/r;
    %flag_set/vec4 8;
    %jmp/0xz  T_152.0, 8;
    %pushi/vec4 0, 0, 8;
    %assign/vec4 v0000014056ddc6a0_0, 0;
    %pushi/vec4 0, 0, 8;
    %assign/vec4 v0000014056ddc060_0, 0;
    %pushi/vec4 0, 0, 32;
    %assign/vec4 v0000014056ddaf80_0, 0;
    %jmp T_152.1;
T_152.0 ;
    %load/vec4 v0000014056ddada0_0;
    %flag_set/vec4 8;
    %jmp/0xz  T_152.2, 8;
    %load/vec4 v0000014056dda580_0;
    %assign/vec4 v0000014056ddc6a0_0, 0;
T_152.2 ;
    %load/vec4 v0000014056ddc1a0_0;
    %flag_set/vec4 8;
    %jmp/0xz  T_152.4, 8;
    %load/vec4 v0000014056ddb700_0;
    %assign/vec4 v0000014056ddc060_0, 0;
    %load/vec4 v0000014056ddbb60_0;
    %load/vec4 v0000014056ddb700_0;
    %pad/s 32;
    %load/vec4 v0000014056ddc6a0_0;
    %pad/s 32;
    %mul;
    %add;
    %assign/vec4 v0000014056ddaf80_0, 0;
T_152.4 ;
T_152.1 ;
    %jmp T_152;
    .thread T_152;
    .scope S_0000014056df1b80;
T_153 ;
    %wait E_0000014056cf68e0;
    %load/vec4 v0000014056ddec20_0;
    %nor/r;
    %flag_set/vec4 8;
    %jmp/0xz  T_153.0, 8;
    %pushi/vec4 0, 0, 8;
    %assign/vec4 v0000014056dda8a0_0, 0;
    %pushi/vec4 0, 0, 8;
    %assign/vec4 v0000014056dda760_0, 0;
    %pushi/vec4 0, 0, 32;
    %assign/vec4 v0000014056dda800_0, 0;
    %jmp T_153.1;
T_153.0 ;
    %load/vec4 v0000014056dda260_0;
    %flag_set/vec4 8;
    %jmp/0xz  T_153.2, 8;
    %load/vec4 v0000014056dda1c0_0;
    %assign/vec4 v0000014056dda8a0_0, 0;
T_153.2 ;
    %load/vec4 v0000014056dda6c0_0;
    %flag_set/vec4 8;
    %jmp/0xz  T_153.4, 8;
    %load/vec4 v0000014056ddc4c0_0;
    %assign/vec4 v0000014056dda760_0, 0;
    %load/vec4 v0000014056ddc560_0;
    %load/vec4 v0000014056ddc4c0_0;
    %pad/s 32;
    %load/vec4 v0000014056dda8a0_0;
    %pad/s 32;
    %mul;
    %add;
    %assign/vec4 v0000014056dda800_0, 0;
T_153.4 ;
T_153.1 ;
    %jmp T_153;
    .thread T_153;
    .scope S_0000014056df16d0;
T_154 ;
    %wait E_0000014056cf68e0;
    %load/vec4 v0000014056ddecc0_0;
    %nor/r;
    %flag_set/vec4 8;
    %jmp/0xz  T_154.0, 8;
    %pushi/vec4 0, 0, 8;
    %assign/vec4 v0000014056ddee00_0, 0;
    %pushi/vec4 0, 0, 8;
    %assign/vec4 v0000014056ddd780_0, 0;
    %pushi/vec4 0, 0, 32;
    %assign/vec4 v0000014056dde7c0_0, 0;
    %jmp T_154.1;
T_154.0 ;
    %load/vec4 v0000014056ddf120_0;
    %flag_set/vec4 8;
    %jmp/0xz  T_154.2, 8;
    %load/vec4 v0000014056dde180_0;
    %assign/vec4 v0000014056ddee00_0, 0;
T_154.2 ;
    %load/vec4 v0000014056dde680_0;
    %flag_set/vec4 8;
    %jmp/0xz  T_154.4, 8;
    %load/vec4 v0000014056dde720_0;
    %assign/vec4 v0000014056ddd780_0, 0;
    %load/vec4 v0000014056dde0e0_0;
    %load/vec4 v0000014056dde720_0;
    %pad/s 32;
    %load/vec4 v0000014056ddee00_0;
    %pad/s 32;
    %mul;
    %add;
    %assign/vec4 v0000014056dde7c0_0, 0;
T_154.4 ;
T_154.1 ;
    %jmp T_154;
    .thread T_154;
    .scope S_0000014056df1ea0;
T_155 ;
    %wait E_0000014056cf68e0;
    %load/vec4 v0000014056ddeb80_0;
    %nor/r;
    %flag_set/vec4 8;
    %jmp/0xz  T_155.0, 8;
    %pushi/vec4 0, 0, 8;
    %assign/vec4 v0000014056ddd0a0_0, 0;
    %pushi/vec4 0, 0, 8;
    %assign/vec4 v0000014056ddeae0_0, 0;
    %pushi/vec4 0, 0, 32;
    %assign/vec4 v0000014056ddd1e0_0, 0;
    %jmp T_155.1;
T_155.0 ;
    %load/vec4 v0000014056dde040_0;
    %flag_set/vec4 8;
    %jmp/0xz  T_155.2, 8;
    %load/vec4 v0000014056ddf080_0;
    %assign/vec4 v0000014056ddd0a0_0, 0;
T_155.2 ;
    %load/vec4 v0000014056ddd460_0;
    %flag_set/vec4 8;
    %jmp/0xz  T_155.4, 8;
    %load/vec4 v0000014056dde220_0;
    %assign/vec4 v0000014056ddeae0_0, 0;
    %load/vec4 v0000014056dddc80_0;
    %load/vec4 v0000014056dde220_0;
    %pad/s 32;
    %load/vec4 v0000014056ddd0a0_0;
    %pad/s 32;
    %mul;
    %add;
    %assign/vec4 v0000014056ddd1e0_0, 0;
T_155.4 ;
T_155.1 ;
    %jmp T_155;
    .thread T_155;
    .scope S_0000014056df0be0;
T_156 ;
    %wait E_0000014056cf68e0;
    %load/vec4 v0000014056ddcce0_0;
    %nor/r;
    %flag_set/vec4 8;
    %jmp/0xz  T_156.0, 8;
    %pushi/vec4 0, 0, 8;
    %assign/vec4 v0000014056dddbe0_0, 0;
    %pushi/vec4 0, 0, 8;
    %assign/vec4 v0000014056ddd280_0, 0;
    %pushi/vec4 0, 0, 32;
    %assign/vec4 v0000014056ddcd80_0, 0;
    %jmp T_156.1;
T_156.0 ;
    %load/vec4 v0000014056ddd320_0;
    %flag_set/vec4 8;
    %jmp/0xz  T_156.2, 8;
    %load/vec4 v0000014056ddcc40_0;
    %assign/vec4 v0000014056dddbe0_0, 0;
T_156.2 ;
    %load/vec4 v0000014056ddc9c0_0;
    %flag_set/vec4 8;
    %jmp/0xz  T_156.4, 8;
    %load/vec4 v0000014056ddca60_0;
    %assign/vec4 v0000014056ddd280_0, 0;
    %load/vec4 v0000014056ddcba0_0;
    %load/vec4 v0000014056ddca60_0;
    %pad/s 32;
    %load/vec4 v0000014056dddbe0_0;
    %pad/s 32;
    %mul;
    %add;
    %assign/vec4 v0000014056ddcd80_0, 0;
T_156.4 ;
T_156.1 ;
    %jmp T_156;
    .thread T_156;
    .scope S_0000014056df2340;
T_157 ;
    %wait E_0000014056cf68e0;
    %load/vec4 v0000014056dddaa0_0;
    %nor/r;
    %flag_set/vec4 8;
    %jmp/0xz  T_157.0, 8;
    %pushi/vec4 0, 0, 8;
    %assign/vec4 v0000014056ddd640_0, 0;
    %pushi/vec4 0, 0, 8;
    %assign/vec4 v0000014056ddd5a0_0, 0;
    %pushi/vec4 0, 0, 32;
    %assign/vec4 v0000014056dddd20_0, 0;
    %jmp T_157.1;
T_157.0 ;
    %load/vec4 v0000014056ddd500_0;
    %flag_set/vec4 8;
    %jmp/0xz  T_157.2, 8;
    %load/vec4 v0000014056ddd3c0_0;
    %assign/vec4 v0000014056ddd640_0, 0;
T_157.2 ;
    %load/vec4 v0000014056ddddc0_0;
    %flag_set/vec4 8;
    %jmp/0xz  T_157.4, 8;
    %load/vec4 v0000014056ddda00_0;
    %assign/vec4 v0000014056ddd5a0_0, 0;
    %load/vec4 v0000014056ddd140_0;
    %load/vec4 v0000014056ddda00_0;
    %pad/s 32;
    %load/vec4 v0000014056ddd640_0;
    %pad/s 32;
    %mul;
    %add;
    %assign/vec4 v0000014056dddd20_0, 0;
T_157.4 ;
T_157.1 ;
    %jmp T_157;
    .thread T_157;
    .scope S_0000014056df3ab0;
T_158 ;
    %wait E_0000014056cf68e0;
    %load/vec4 v0000014056de0660_0;
    %nor/r;
    %flag_set/vec4 8;
    %jmp/0xz  T_158.0, 8;
    %pushi/vec4 0, 0, 8;
    %assign/vec4 v0000014056ddfbc0_0, 0;
    %pushi/vec4 0, 0, 8;
    %assign/vec4 v0000014056de1060_0, 0;
    %pushi/vec4 0, 0, 32;
    %assign/vec4 v0000014056de0200_0, 0;
    %jmp T_158.1;
T_158.0 ;
    %load/vec4 v0000014056ddfa80_0;
    %flag_set/vec4 8;
    %jmp/0xz  T_158.2, 8;
    %load/vec4 v0000014056de17e0_0;
    %assign/vec4 v0000014056ddfbc0_0, 0;
T_158.2 ;
    %load/vec4 v0000014056ddfe40_0;
    %flag_set/vec4 8;
    %jmp/0xz  T_158.4, 8;
    %load/vec4 v0000014056de0de0_0;
    %assign/vec4 v0000014056de1060_0, 0;
    %load/vec4 v0000014056de0160_0;
    %load/vec4 v0000014056de0de0_0;
    %pad/s 32;
    %load/vec4 v0000014056ddfbc0_0;
    %pad/s 32;
    %mul;
    %add;
    %assign/vec4 v0000014056de0200_0, 0;
T_158.4 ;
T_158.1 ;
    %jmp T_158;
    .thread T_158;
    .scope S_0000014056df4d70;
T_159 ;
    %wait E_0000014056cf68e0;
    %load/vec4 v0000014056de0fc0_0;
    %nor/r;
    %flag_set/vec4 8;
    %jmp/0xz  T_159.0, 8;
    %pushi/vec4 0, 0, 8;
    %assign/vec4 v0000014056ddf940_0, 0;
    %pushi/vec4 0, 0, 8;
    %assign/vec4 v0000014056de0020_0, 0;
    %pushi/vec4 0, 0, 32;
    %assign/vec4 v0000014056ddf620_0, 0;
    %jmp T_159.1;
T_159.0 ;
    %load/vec4 v0000014056de0700_0;
    %flag_set/vec4 8;
    %jmp/0xz  T_159.2, 8;
    %load/vec4 v0000014056de1880_0;
    %assign/vec4 v0000014056ddf940_0, 0;
T_159.2 ;
    %load/vec4 v0000014056ddfee0_0;
    %flag_set/vec4 8;
    %jmp/0xz  T_159.4, 8;
    %load/vec4 v0000014056ddff80_0;
    %assign/vec4 v0000014056de0020_0, 0;
    %load/vec4 v0000014056de0840_0;
    %load/vec4 v0000014056ddff80_0;
    %pad/s 32;
    %load/vec4 v0000014056ddf940_0;
    %pad/s 32;
    %mul;
    %add;
    %assign/vec4 v0000014056ddf620_0, 0;
T_159.4 ;
T_159.1 ;
    %jmp T_159;
    .thread T_159;
    .scope S_0000014056df4280;
T_160 ;
    %wait E_0000014056cf68e0;
    %load/vec4 v0000014056de07a0_0;
    %nor/r;
    %flag_set/vec4 8;
    %jmp/0xz  T_160.0, 8;
    %pushi/vec4 0, 0, 8;
    %assign/vec4 v0000014056de11a0_0, 0;
    %pushi/vec4 0, 0, 8;
    %assign/vec4 v0000014056ddf8a0_0, 0;
    %pushi/vec4 0, 0, 32;
    %assign/vec4 v0000014056de05c0_0, 0;
    %jmp T_160.1;
T_160.0 ;
    %load/vec4 v0000014056de0b60_0;
    %flag_set/vec4 8;
    %jmp/0xz  T_160.2, 8;
    %load/vec4 v0000014056ddf6c0_0;
    %assign/vec4 v0000014056de11a0_0, 0;
T_160.2 ;
    %load/vec4 v0000014056ddfc60_0;
    %flag_set/vec4 8;
    %jmp/0xz  T_160.4, 8;
    %load/vec4 v0000014056de16a0_0;
    %assign/vec4 v0000014056ddf8a0_0, 0;
    %load/vec4 v0000014056ddf9e0_0;
    %load/vec4 v0000014056de16a0_0;
    %pad/s 32;
    %load/vec4 v0000014056de11a0_0;
    %pad/s 32;
    %mul;
    %add;
    %assign/vec4 v0000014056de05c0_0, 0;
T_160.4 ;
T_160.1 ;
    %jmp T_160;
    .thread T_160;
    .scope S_0000014056df27f0;
T_161 ;
    %wait E_0000014056cf68e0;
    %load/vec4 v0000014056de1380_0;
    %nor/r;
    %flag_set/vec4 8;
    %jmp/0xz  T_161.0, 8;
    %pushi/vec4 0, 0, 8;
    %assign/vec4 v0000014056ddfd00_0, 0;
    %pushi/vec4 0, 0, 8;
    %assign/vec4 v0000014056ddf1c0_0, 0;
    %pushi/vec4 0, 0, 32;
    %assign/vec4 v0000014056de1740_0, 0;
    %jmp T_161.1;
T_161.0 ;
    %load/vec4 v0000014056de12e0_0;
    %flag_set/vec4 8;
    %jmp/0xz  T_161.2, 8;
    %load/vec4 v0000014056de1240_0;
    %assign/vec4 v0000014056ddfd00_0, 0;
T_161.2 ;
    %load/vec4 v0000014056de0c00_0;
    %flag_set/vec4 8;
    %jmp/0xz  T_161.4, 8;
    %load/vec4 v0000014056de1100_0;
    %assign/vec4 v0000014056ddf1c0_0, 0;
    %load/vec4 v0000014056ddf3a0_0;
    %load/vec4 v0000014056de1100_0;
    %pad/s 32;
    %load/vec4 v0000014056ddfd00_0;
    %pad/s 32;
    %mul;
    %add;
    %assign/vec4 v0000014056de1740_0, 0;
T_161.4 ;
T_161.1 ;
    %jmp T_161;
    .thread T_161;
    .scope S_0000014056df3790;
T_162 ;
    %wait E_0000014056cf68e0;
    %load/vec4 v0000014056dfad30_0;
    %nor/r;
    %flag_set/vec4 8;
    %jmp/0xz  T_162.0, 8;
    %pushi/vec4 0, 0, 8;
    %assign/vec4 v0000014056dfc950_0, 0;
    %pushi/vec4 0, 0, 8;
    %assign/vec4 v0000014056dfbf50_0, 0;
    %pushi/vec4 0, 0, 32;
    %assign/vec4 v0000014056dfbc30_0, 0;
    %jmp T_162.1;
T_162.0 ;
    %load/vec4 v0000014056dfb7d0_0;
    %flag_set/vec4 8;
    %jmp/0xz  T_162.2, 8;
    %load/vec4 v0000014056dfc130_0;
    %assign/vec4 v0000014056dfc950_0, 0;
T_162.2 ;
    %load/vec4 v0000014056ddf260_0;
    %flag_set/vec4 8;
    %jmp/0xz  T_162.4, 8;
    %load/vec4 v0000014056dfa510_0;
    %assign/vec4 v0000014056dfbf50_0, 0;
    %load/vec4 v0000014056dfc770_0;
    %load/vec4 v0000014056dfa510_0;
    %pad/s 32;
    %load/vec4 v0000014056dfc950_0;
    %pad/s 32;
    %mul;
    %add;
    %assign/vec4 v0000014056dfbc30_0, 0;
T_162.4 ;
T_162.1 ;
    %jmp T_162;
    .thread T_162;
    .scope S_0000014056df61c0;
T_163 ;
    %wait E_0000014056cf68e0;
    %load/vec4 v0000014056dfaf10_0;
    %nor/r;
    %flag_set/vec4 8;
    %jmp/0xz  T_163.0, 8;
    %pushi/vec4 0, 0, 8;
    %assign/vec4 v0000014056dfa3d0_0, 0;
    %pushi/vec4 0, 0, 8;
    %assign/vec4 v0000014056dfc1d0_0, 0;
    %pushi/vec4 0, 0, 32;
    %assign/vec4 v0000014056dfb190_0, 0;
    %jmp T_163.1;
T_163.0 ;
    %load/vec4 v0000014056dfb690_0;
    %flag_set/vec4 8;
    %jmp/0xz  T_163.2, 8;
    %load/vec4 v0000014056dfae70_0;
    %assign/vec4 v0000014056dfa3d0_0, 0;
T_163.2 ;
    %load/vec4 v0000014056dfa5b0_0;
    %flag_set/vec4 8;
    %jmp/0xz  T_163.4, 8;
    %load/vec4 v0000014056dfa830_0;
    %assign/vec4 v0000014056dfc1d0_0, 0;
    %load/vec4 v0000014056dfa8d0_0;
    %load/vec4 v0000014056dfa830_0;
    %pad/s 32;
    %load/vec4 v0000014056dfa3d0_0;
    %pad/s 32;
    %mul;
    %add;
    %assign/vec4 v0000014056dfb190_0, 0;
T_163.4 ;
T_163.1 ;
    %jmp T_163;
    .thread T_163;
    .scope S_0000014056df40f0;
T_164 ;
    %wait E_0000014056cf68e0;
    %load/vec4 v0000014056dfbb90_0;
    %nor/r;
    %flag_set/vec4 8;
    %jmp/0xz  T_164.0, 8;
    %pushi/vec4 0, 0, 8;
    %assign/vec4 v0000014056dfb730_0, 0;
    %pushi/vec4 0, 0, 8;
    %assign/vec4 v0000014056dfaab0_0, 0;
    %pushi/vec4 0, 0, 32;
    %assign/vec4 v0000014056dfafb0_0, 0;
    %jmp T_164.1;
T_164.0 ;
    %load/vec4 v0000014056dfb230_0;
    %flag_set/vec4 8;
    %jmp/0xz  T_164.2, 8;
    %load/vec4 v0000014056dfbaf0_0;
    %assign/vec4 v0000014056dfb730_0, 0;
T_164.2 ;
    %load/vec4 v0000014056dfc4f0_0;
    %flag_set/vec4 8;
    %jmp/0xz  T_164.4, 8;
    %load/vec4 v0000014056dfb870_0;
    %assign/vec4 v0000014056dfaab0_0, 0;
    %load/vec4 v0000014056dfb9b0_0;
    %load/vec4 v0000014056dfb870_0;
    %pad/s 32;
    %load/vec4 v0000014056dfb730_0;
    %pad/s 32;
    %mul;
    %add;
    %assign/vec4 v0000014056dfafb0_0, 0;
T_164.4 ;
T_164.1 ;
    %jmp T_164;
    .thread T_164;
    .scope S_0000014056df53b0;
T_165 ;
    %wait E_0000014056cf68e0;
    %load/vec4 v0000014056dfb0f0_0;
    %nor/r;
    %flag_set/vec4 8;
    %jmp/0xz  T_165.0, 8;
    %pushi/vec4 0, 0, 8;
    %assign/vec4 v0000014056dfc590_0, 0;
    %pushi/vec4 0, 0, 8;
    %assign/vec4 v0000014056dfbeb0_0, 0;
    %pushi/vec4 0, 0, 32;
    %assign/vec4 v0000014056dfa470_0, 0;
    %jmp T_165.1;
T_165.0 ;
    %load/vec4 v0000014056dfa330_0;
    %flag_set/vec4 8;
    %jmp/0xz  T_165.2, 8;
    %load/vec4 v0000014056dfb050_0;
    %assign/vec4 v0000014056dfc590_0, 0;
T_165.2 ;
    %load/vec4 v0000014056dfa290_0;
    %flag_set/vec4 8;
    %jmp/0xz  T_165.4, 8;
    %load/vec4 v0000014056dfbe10_0;
    %assign/vec4 v0000014056dfbeb0_0, 0;
    %load/vec4 v0000014056dfc310_0;
    %load/vec4 v0000014056dfbe10_0;
    %pad/s 32;
    %load/vec4 v0000014056dfc590_0;
    %pad/s 32;
    %mul;
    %add;
    %assign/vec4 v0000014056dfa470_0, 0;
T_165.4 ;
T_165.1 ;
    %jmp T_165;
    .thread T_165;
    .scope S_0000014056df2b10;
T_166 ;
    %wait E_0000014056cf68e0;
    %load/vec4 v0000014056dfd850_0;
    %nor/r;
    %flag_set/vec4 8;
    %jmp/0xz  T_166.0, 8;
    %pushi/vec4 0, 0, 8;
    %assign/vec4 v0000014056dfecf0_0, 0;
    %pushi/vec4 0, 0, 8;
    %assign/vec4 v0000014056dfec50_0, 0;
    %pushi/vec4 0, 0, 32;
    %assign/vec4 v0000014056dfcbd0_0, 0;
    %jmp T_166.1;
T_166.0 ;
    %load/vec4 v0000014056dfb550_0;
    %flag_set/vec4 8;
    %jmp/0xz  T_166.2, 8;
    %load/vec4 v0000014056dfb4b0_0;
    %assign/vec4 v0000014056dfecf0_0, 0;
T_166.2 ;
    %load/vec4 v0000014056dfa6f0_0;
    %flag_set/vec4 8;
    %jmp/0xz  T_166.4, 8;
    %load/vec4 v0000014056dfa790_0;
    %assign/vec4 v0000014056dfec50_0, 0;
    %load/vec4 v0000014056dfb5f0_0;
    %load/vec4 v0000014056dfa790_0;
    %pad/s 32;
    %load/vec4 v0000014056dfecf0_0;
    %pad/s 32;
    %mul;
    %add;
    %assign/vec4 v0000014056dfcbd0_0, 0;
T_166.4 ;
T_166.1 ;
    %jmp T_166;
    .thread T_166;
    .scope S_0000014056df6670;
T_167 ;
    %wait E_0000014056cf68e0;
    %load/vec4 v0000014056dfdd50_0;
    %nor/r;
    %flag_set/vec4 8;
    %jmp/0xz  T_167.0, 8;
    %pushi/vec4 0, 0, 8;
    %assign/vec4 v0000014056dfd170_0, 0;
    %pushi/vec4 0, 0, 8;
    %assign/vec4 v0000014056dfd3f0_0, 0;
    %pushi/vec4 0, 0, 32;
    %assign/vec4 v0000014056dff150_0, 0;
    %jmp T_167.1;
T_167.0 ;
    %load/vec4 v0000014056dfd7b0_0;
    %flag_set/vec4 8;
    %jmp/0xz  T_167.2, 8;
    %load/vec4 v0000014056dfe430_0;
    %assign/vec4 v0000014056dfd170_0, 0;
T_167.2 ;
    %load/vec4 v0000014056dfdc10_0;
    %flag_set/vec4 8;
    %jmp/0xz  T_167.4, 8;
    %load/vec4 v0000014056dfe110_0;
    %assign/vec4 v0000014056dfd3f0_0, 0;
    %load/vec4 v0000014056dfe4d0_0;
    %load/vec4 v0000014056dfe110_0;
    %pad/s 32;
    %load/vec4 v0000014056dfd170_0;
    %pad/s 32;
    %mul;
    %add;
    %assign/vec4 v0000014056dff150_0, 0;
T_167.4 ;
T_167.1 ;
    %jmp T_167;
    .thread T_167;
    .scope S_0000014056df6cb0;
T_168 ;
    %wait E_0000014056cf68e0;
    %load/vec4 v0000014056dfed90_0;
    %nor/r;
    %flag_set/vec4 8;
    %jmp/0xz  T_168.0, 8;
    %pushi/vec4 0, 0, 8;
    %assign/vec4 v0000014056dfcd10_0, 0;
    %pushi/vec4 0, 0, 8;
    %assign/vec4 v0000014056dfdad0_0, 0;
    %pushi/vec4 0, 0, 32;
    %assign/vec4 v0000014056dfdf30_0, 0;
    %jmp T_168.1;
T_168.0 ;
    %load/vec4 v0000014056dfcdb0_0;
    %flag_set/vec4 8;
    %jmp/0xz  T_168.2, 8;
    %load/vec4 v0000014056dfd0d0_0;
    %assign/vec4 v0000014056dfcd10_0, 0;
T_168.2 ;
    %load/vec4 v0000014056dfd490_0;
    %flag_set/vec4 8;
    %jmp/0xz  T_168.4, 8;
    %load/vec4 v0000014056dfd210_0;
    %assign/vec4 v0000014056dfdad0_0, 0;
    %load/vec4 v0000014056dfdcb0_0;
    %load/vec4 v0000014056dfd210_0;
    %pad/s 32;
    %load/vec4 v0000014056dfcd10_0;
    %pad/s 32;
    %mul;
    %add;
    %assign/vec4 v0000014056dfdf30_0, 0;
T_168.4 ;
T_168.1 ;
    %jmp T_168;
    .thread T_168;
    .scope S_0000014056df2fc0;
T_169 ;
    %wait E_0000014056cf68e0;
    %load/vec4 v0000014056dfe930_0;
    %nor/r;
    %flag_set/vec4 8;
    %jmp/0xz  T_169.0, 8;
    %pushi/vec4 0, 0, 8;
    %assign/vec4 v0000014056dfe070_0, 0;
    %pushi/vec4 0, 0, 8;
    %assign/vec4 v0000014056dfca90_0, 0;
    %pushi/vec4 0, 0, 32;
    %assign/vec4 v0000014056dfcef0_0, 0;
    %jmp T_169.1;
T_169.0 ;
    %load/vec4 v0000014056dfe570_0;
    %flag_set/vec4 8;
    %jmp/0xz  T_169.2, 8;
    %load/vec4 v0000014056dfe390_0;
    %assign/vec4 v0000014056dfe070_0, 0;
T_169.2 ;
    %load/vec4 v0000014056dfdfd0_0;
    %flag_set/vec4 8;
    %jmp/0xz  T_169.4, 8;
    %load/vec4 v0000014056dfe6b0_0;
    %assign/vec4 v0000014056dfca90_0, 0;
    %load/vec4 v0000014056dfdb70_0;
    %load/vec4 v0000014056dfe6b0_0;
    %pad/s 32;
    %load/vec4 v0000014056dfe070_0;
    %pad/s 32;
    %mul;
    %add;
    %assign/vec4 v0000014056dfcef0_0, 0;
T_169.4 ;
T_169.1 ;
    %jmp T_169;
    .thread T_169;
    .scope S_0000014056df7610;
T_170 ;
    %wait E_0000014056cf68e0;
    %load/vec4 v0000014056dfd710_0;
    %nor/r;
    %flag_set/vec4 8;
    %jmp/0xz  T_170.0, 8;
    %pushi/vec4 0, 0, 8;
    %assign/vec4 v0000014056dfeed0_0, 0;
    %pushi/vec4 0, 0, 8;
    %assign/vec4 v0000014056dfebb0_0, 0;
    %pushi/vec4 0, 0, 32;
    %assign/vec4 v0000014056dfee30_0, 0;
    %jmp T_170.1;
T_170.0 ;
    %load/vec4 v0000014056dfcf90_0;
    %flag_set/vec4 8;
    %jmp/0xz  T_170.2, 8;
    %load/vec4 v0000014056dfeb10_0;
    %assign/vec4 v0000014056dfeed0_0, 0;
T_170.2 ;
    %load/vec4 v0000014056dfcb30_0;
    %flag_set/vec4 8;
    %jmp/0xz  T_170.4, 8;
    %load/vec4 v0000014056dfd670_0;
    %assign/vec4 v0000014056dfebb0_0, 0;
    %load/vec4 v0000014056dfe2f0_0;
    %load/vec4 v0000014056dfd670_0;
    %pad/s 32;
    %load/vec4 v0000014056dfeed0_0;
    %pad/s 32;
    %mul;
    %add;
    %assign/vec4 v0000014056dfee30_0, 0;
T_170.4 ;
T_170.1 ;
    %jmp T_170;
    .thread T_170;
    .scope S_0000014056df7ac0;
T_171 ;
    %wait E_0000014056cf68e0;
    %load/vec4 v0000014056dffb50_0;
    %nor/r;
    %flag_set/vec4 8;
    %jmp/0xz  T_171.0, 8;
    %pushi/vec4 0, 0, 8;
    %assign/vec4 v0000014056e00370_0, 0;
    %pushi/vec4 0, 0, 8;
    %assign/vec4 v0000014056dff650_0, 0;
    %pushi/vec4 0, 0, 32;
    %assign/vec4 v0000014056e00a50_0, 0;
    %jmp T_171.1;
T_171.0 ;
    %load/vec4 v0000014056e002d0_0;
    %flag_set/vec4 8;
    %jmp/0xz  T_171.2, 8;
    %load/vec4 v0000014056e00ff0_0;
    %assign/vec4 v0000014056e00370_0, 0;
T_171.2 ;
    %load/vec4 v0000014056dffa10_0;
    %flag_set/vec4 8;
    %jmp/0xz  T_171.4, 8;
    %load/vec4 v0000014056e009b0_0;
    %assign/vec4 v0000014056dff650_0, 0;
    %load/vec4 v0000014056e00230_0;
    %load/vec4 v0000014056e009b0_0;
    %pad/s 32;
    %load/vec4 v0000014056e00370_0;
    %pad/s 32;
    %mul;
    %add;
    %assign/vec4 v0000014056e00a50_0, 0;
T_171.4 ;
T_171.1 ;
    %jmp T_171;
    .thread T_171;
    .scope S_0000014056df8290;
T_172 ;
    %wait E_0000014056cf68e0;
    %load/vec4 v0000014056e00d70_0;
    %nor/r;
    %flag_set/vec4 8;
    %jmp/0xz  T_172.0, 8;
    %pushi/vec4 0, 0, 8;
    %assign/vec4 v0000014056e01450_0, 0;
    %pushi/vec4 0, 0, 8;
    %assign/vec4 v0000014056e013b0_0, 0;
    %pushi/vec4 0, 0, 32;
    %assign/vec4 v0000014056dff6f0_0, 0;
    %jmp T_172.1;
T_172.0 ;
    %load/vec4 v0000014056e00cd0_0;
    %flag_set/vec4 8;
    %jmp/0xz  T_172.2, 8;
    %load/vec4 v0000014056e01950_0;
    %assign/vec4 v0000014056e01450_0, 0;
T_172.2 ;
    %load/vec4 v0000014056dff5b0_0;
    %flag_set/vec4 8;
    %jmp/0xz  T_172.4, 8;
    %load/vec4 v0000014056e00910_0;
    %assign/vec4 v0000014056e013b0_0, 0;
    %load/vec4 v0000014056e01590_0;
    %load/vec4 v0000014056e00910_0;
    %pad/s 32;
    %load/vec4 v0000014056e01450_0;
    %pad/s 32;
    %mul;
    %add;
    %assign/vec4 v0000014056dff6f0_0, 0;
T_172.4 ;
T_172.1 ;
    %jmp T_172;
    .thread T_172;
    .scope S_0000014056df8f10;
T_173 ;
    %wait E_0000014056cf68e0;
    %load/vec4 v0000014056e014f0_0;
    %nor/r;
    %flag_set/vec4 8;
    %jmp/0xz  T_173.0, 8;
    %pushi/vec4 0, 0, 8;
    %assign/vec4 v0000014056e00c30_0, 0;
    %pushi/vec4 0, 0, 8;
    %assign/vec4 v0000014056e00b90_0, 0;
    %pushi/vec4 0, 0, 32;
    %assign/vec4 v0000014056e01130_0, 0;
    %jmp T_173.1;
T_173.0 ;
    %load/vec4 v0000014056dff1f0_0;
    %flag_set/vec4 8;
    %jmp/0xz  T_173.2, 8;
    %load/vec4 v0000014056e018b0_0;
    %assign/vec4 v0000014056e00c30_0, 0;
T_173.2 ;
    %load/vec4 v0000014056dff830_0;
    %flag_set/vec4 8;
    %jmp/0xz  T_173.4, 8;
    %load/vec4 v0000014056e00050_0;
    %assign/vec4 v0000014056e00b90_0, 0;
    %load/vec4 v0000014056dffd30_0;
    %load/vec4 v0000014056e00050_0;
    %pad/s 32;
    %load/vec4 v0000014056e00c30_0;
    %pad/s 32;
    %mul;
    %add;
    %assign/vec4 v0000014056e01130_0, 0;
T_173.4 ;
T_173.1 ;
    %jmp T_173;
    .thread T_173;
    .scope S_0000014056df8a60;
T_174 ;
    %wait E_0000014056cf68e0;
    %load/vec4 v0000014056e005f0_0;
    %nor/r;
    %flag_set/vec4 8;
    %jmp/0xz  T_174.0, 8;
    %pushi/vec4 0, 0, 8;
    %assign/vec4 v0000014056e00550_0, 0;
    %pushi/vec4 0, 0, 8;
    %assign/vec4 v0000014056e000f0_0, 0;
    %pushi/vec4 0, 0, 32;
    %assign/vec4 v0000014056e004b0_0, 0;
    %jmp T_174.1;
T_174.0 ;
    %load/vec4 v0000014056dfffb0_0;
    %flag_set/vec4 8;
    %jmp/0xz  T_174.2, 8;
    %load/vec4 v0000014056dfff10_0;
    %assign/vec4 v0000014056e00550_0, 0;
T_174.2 ;
    %load/vec4 v0000014056dff790_0;
    %flag_set/vec4 8;
    %jmp/0xz  T_174.4, 8;
    %load/vec4 v0000014056dff8d0_0;
    %assign/vec4 v0000014056e000f0_0, 0;
    %load/vec4 v0000014056dffe70_0;
    %load/vec4 v0000014056dff8d0_0;
    %pad/s 32;
    %load/vec4 v0000014056e00550_0;
    %pad/s 32;
    %mul;
    %add;
    %assign/vec4 v0000014056e004b0_0, 0;
T_174.4 ;
T_174.1 ;
    %jmp T_174;
    .thread T_174;
    .scope S_0000014056df8bf0;
T_175 ;
    %wait E_0000014056cf68e0;
    %load/vec4 v0000014056e02ad0_0;
    %nor/r;
    %flag_set/vec4 8;
    %jmp/0xz  T_175.0, 8;
    %pushi/vec4 0, 0, 8;
    %assign/vec4 v0000014056e02170_0, 0;
    %pushi/vec4 0, 0, 8;
    %assign/vec4 v0000014056e02850_0, 0;
    %pushi/vec4 0, 0, 32;
    %assign/vec4 v0000014056e03390_0, 0;
    %jmp T_175.1;
T_175.0 ;
    %load/vec4 v0000014056e03610_0;
    %flag_set/vec4 8;
    %jmp/0xz  T_175.2, 8;
    %load/vec4 v0000014056e028f0_0;
    %assign/vec4 v0000014056e02170_0, 0;
T_175.2 ;
    %load/vec4 v0000014056e02a30_0;
    %flag_set/vec4 8;
    %jmp/0xz  T_175.4, 8;
    %load/vec4 v0000014056e02e90_0;
    %assign/vec4 v0000014056e02850_0, 0;
    %load/vec4 v0000014056e02990_0;
    %load/vec4 v0000014056e02e90_0;
    %pad/s 32;
    %load/vec4 v0000014056e02170_0;
    %pad/s 32;
    %mul;
    %add;
    %assign/vec4 v0000014056e03390_0, 0;
T_175.4 ;
T_175.1 ;
    %jmp T_175;
    .thread T_175;
    .scope S_0000014056df8d80;
T_176 ;
    %wait E_0000014056cf68e0;
    %load/vec4 v0000014056e02210_0;
    %nor/r;
    %flag_set/vec4 8;
    %jmp/0xz  T_176.0, 8;
    %pushi/vec4 0, 0, 8;
    %assign/vec4 v0000014056e036b0_0, 0;
    %pushi/vec4 0, 0, 8;
    %assign/vec4 v0000014056e02fd0_0, 0;
    %pushi/vec4 0, 0, 32;
    %assign/vec4 v0000014056e02350_0, 0;
    %jmp T_176.1;
T_176.0 ;
    %load/vec4 v0000014056e03b10_0;
    %flag_set/vec4 8;
    %jmp/0xz  T_176.2, 8;
    %load/vec4 v0000014056e03110_0;
    %assign/vec4 v0000014056e036b0_0, 0;
T_176.2 ;
    %load/vec4 v0000014056e03a70_0;
    %flag_set/vec4 8;
    %jmp/0xz  T_176.4, 8;
    %load/vec4 v0000014056e037f0_0;
    %assign/vec4 v0000014056e02fd0_0, 0;
    %load/vec4 v0000014056e02c10_0;
    %load/vec4 v0000014056e037f0_0;
    %pad/s 32;
    %load/vec4 v0000014056e036b0_0;
    %pad/s 32;
    %mul;
    %add;
    %assign/vec4 v0000014056e02350_0, 0;
T_176.4 ;
T_176.1 ;
    %jmp T_176;
    .thread T_176;
    .scope S_0000014056e20c40;
T_177 ;
    %wait E_0000014056cf68e0;
    %load/vec4 v0000014056e03750_0;
    %nor/r;
    %flag_set/vec4 8;
    %jmp/0xz  T_177.0, 8;
    %pushi/vec4 0, 0, 8;
    %assign/vec4 v0000014056e02df0_0, 0;
    %pushi/vec4 0, 0, 8;
    %assign/vec4 v0000014056e03250_0, 0;
    %pushi/vec4 0, 0, 32;
    %assign/vec4 v0000014056e02cb0_0, 0;
    %jmp T_177.1;
T_177.0 ;
    %load/vec4 v0000014056e031b0_0;
    %flag_set/vec4 8;
    %jmp/0xz  T_177.2, 8;
    %load/vec4 v0000014056e03f70_0;
    %assign/vec4 v0000014056e02df0_0, 0;
T_177.2 ;
    %load/vec4 v0000014056e020d0_0;
    %flag_set/vec4 8;
    %jmp/0xz  T_177.4, 8;
    %load/vec4 v0000014056e02530_0;
    %assign/vec4 v0000014056e03250_0, 0;
    %load/vec4 v0000014056e03890_0;
    %load/vec4 v0000014056e02530_0;
    %pad/s 32;
    %load/vec4 v0000014056e02df0_0;
    %pad/s 32;
    %mul;
    %add;
    %assign/vec4 v0000014056e02cb0_0, 0;
T_177.4 ;
T_177.1 ;
    %jmp T_177;
    .thread T_177;
    .scope S_0000014056e20920;
T_178 ;
    %wait E_0000014056cf68e0;
    %load/vec4 v0000014056e032f0_0;
    %nor/r;
    %flag_set/vec4 8;
    %jmp/0xz  T_178.0, 8;
    %pushi/vec4 0, 0, 8;
    %assign/vec4 v0000014056e027b0_0, 0;
    %pushi/vec4 0, 0, 8;
    %assign/vec4 v0000014056e04150_0, 0;
    %pushi/vec4 0, 0, 32;
    %assign/vec4 v0000014056e019f0_0, 0;
    %jmp T_178.1;
T_178.0 ;
    %load/vec4 v0000014056e03e30_0;
    %flag_set/vec4 8;
    %jmp/0xz  T_178.2, 8;
    %load/vec4 v0000014056e040b0_0;
    %assign/vec4 v0000014056e027b0_0, 0;
T_178.2 ;
    %load/vec4 v0000014056e02670_0;
    %flag_set/vec4 8;
    %jmp/0xz  T_178.4, 8;
    %load/vec4 v0000014056e022b0_0;
    %assign/vec4 v0000014056e04150_0, 0;
    %load/vec4 v0000014056e03d90_0;
    %load/vec4 v0000014056e022b0_0;
    %pad/s 32;
    %load/vec4 v0000014056e027b0_0;
    %pad/s 32;
    %mul;
    %add;
    %assign/vec4 v0000014056e019f0_0, 0;
T_178.4 ;
T_178.1 ;
    %jmp T_178;
    .thread T_178;
    .scope S_0000014056e20ab0;
T_179 ;
    %wait E_0000014056cf68e0;
    %load/vec4 v0000014056e057d0_0;
    %nor/r;
    %flag_set/vec4 8;
    %jmp/0xz  T_179.0, 8;
    %pushi/vec4 0, 0, 8;
    %assign/vec4 v0000014056e04b50_0, 0;
    %pushi/vec4 0, 0, 8;
    %assign/vec4 v0000014056e04330_0, 0;
    %pushi/vec4 0, 0, 32;
    %assign/vec4 v0000014056e05190_0, 0;
    %jmp T_179.1;
T_179.0 ;
    %load/vec4 v0000014056e05910_0;
    %flag_set/vec4 8;
    %jmp/0xz  T_179.2, 8;
    %load/vec4 v0000014056e06770_0;
    %assign/vec4 v0000014056e04b50_0, 0;
T_179.2 ;
    %load/vec4 v0000014056e01f90_0;
    %flag_set/vec4 8;
    %jmp/0xz  T_179.4, 8;
    %load/vec4 v0000014056e02030_0;
    %assign/vec4 v0000014056e04330_0, 0;
    %load/vec4 v0000014056e04830_0;
    %load/vec4 v0000014056e02030_0;
    %pad/s 32;
    %load/vec4 v0000014056e04b50_0;
    %pad/s 32;
    %mul;
    %add;
    %assign/vec4 v0000014056e05190_0, 0;
T_179.4 ;
T_179.1 ;
    %jmp T_179;
    .thread T_179;
    .scope S_0000014056e1fb10;
T_180 ;
    %wait E_0000014056cf68e0;
    %load/vec4 v0000014056e04c90_0;
    %nor/r;
    %flag_set/vec4 8;
    %jmp/0xz  T_180.0, 8;
    %pushi/vec4 0, 0, 8;
    %assign/vec4 v0000014056e04a10_0, 0;
    %pushi/vec4 0, 0, 8;
    %assign/vec4 v0000014056e06130_0, 0;
    %pushi/vec4 0, 0, 32;
    %assign/vec4 v0000014056e04650_0, 0;
    %jmp T_180.1;
T_180.0 ;
    %load/vec4 v0000014056e05eb0_0;
    %flag_set/vec4 8;
    %jmp/0xz  T_180.2, 8;
    %load/vec4 v0000014056e06590_0;
    %assign/vec4 v0000014056e04a10_0, 0;
T_180.2 ;
    %load/vec4 v0000014056e05a50_0;
    %flag_set/vec4 8;
    %jmp/0xz  T_180.4, 8;
    %load/vec4 v0000014056e04bf0_0;
    %assign/vec4 v0000014056e06130_0, 0;
    %load/vec4 v0000014056e06630_0;
    %load/vec4 v0000014056e04bf0_0;
    %pad/s 32;
    %load/vec4 v0000014056e04a10_0;
    %pad/s 32;
    %mul;
    %add;
    %assign/vec4 v0000014056e04650_0, 0;
T_180.4 ;
T_180.1 ;
    %jmp T_180;
    .thread T_180;
    .scope S_0000014056e21f00;
T_181 ;
    %wait E_0000014056cf68e0;
    %load/vec4 v0000014056e06090_0;
    %nor/r;
    %flag_set/vec4 8;
    %jmp/0xz  T_181.0, 8;
    %pushi/vec4 0, 0, 8;
    %assign/vec4 v0000014056e05af0_0, 0;
    %pushi/vec4 0, 0, 8;
    %assign/vec4 v0000014056e04d30_0, 0;
    %pushi/vec4 0, 0, 32;
    %assign/vec4 v0000014056e06950_0, 0;
    %jmp T_181.1;
T_181.0 ;
    %load/vec4 v0000014056e05e10_0;
    %flag_set/vec4 8;
    %jmp/0xz  T_181.2, 8;
    %load/vec4 v0000014056e04470_0;
    %assign/vec4 v0000014056e05af0_0, 0;
T_181.2 ;
    %load/vec4 v0000014056e06270_0;
    %flag_set/vec4 8;
    %jmp/0xz  T_181.4, 8;
    %load/vec4 v0000014056e05230_0;
    %assign/vec4 v0000014056e04d30_0, 0;
    %load/vec4 v0000014056e043d0_0;
    %load/vec4 v0000014056e05230_0;
    %pad/s 32;
    %load/vec4 v0000014056e05af0_0;
    %pad/s 32;
    %mul;
    %add;
    %assign/vec4 v0000014056e06950_0, 0;
T_181.4 ;
T_181.1 ;
    %jmp T_181;
    .thread T_181;
    .scope S_0000014056e20150;
T_182 ;
    %wait E_0000014056cf68e0;
    %load/vec4 v0000014056e04970_0;
    %nor/r;
    %flag_set/vec4 8;
    %jmp/0xz  T_182.0, 8;
    %pushi/vec4 0, 0, 8;
    %assign/vec4 v0000014056e05f50_0, 0;
    %pushi/vec4 0, 0, 8;
    %assign/vec4 v0000014056e05870_0, 0;
    %pushi/vec4 0, 0, 32;
    %assign/vec4 v0000014056e04f10_0, 0;
    %jmp T_182.1;
T_182.0 ;
    %load/vec4 v0000014056e06450_0;
    %flag_set/vec4 8;
    %jmp/0xz  T_182.2, 8;
    %load/vec4 v0000014056e059b0_0;
    %assign/vec4 v0000014056e05f50_0, 0;
T_182.2 ;
    %load/vec4 v0000014056e063b0_0;
    %flag_set/vec4 8;
    %jmp/0xz  T_182.4, 8;
    %load/vec4 v0000014056e05ff0_0;
    %assign/vec4 v0000014056e05870_0, 0;
    %load/vec4 v0000014056e052d0_0;
    %load/vec4 v0000014056e05ff0_0;
    %pad/s 32;
    %load/vec4 v0000014056e05f50_0;
    %pad/s 32;
    %mul;
    %add;
    %assign/vec4 v0000014056e04f10_0, 0;
T_182.4 ;
T_182.1 ;
    %jmp T_182;
    .thread T_182;
    .scope S_0000014056e218c0;
T_183 ;
    %wait E_0000014056cf68e0;
    %load/vec4 v0000014056e06bd0_0;
    %nor/r;
    %flag_set/vec4 8;
    %jmp/0xz  T_183.0, 8;
    %pushi/vec4 0, 0, 8;
    %assign/vec4 v0000014056e07710_0, 0;
    %pushi/vec4 0, 0, 8;
    %assign/vec4 v0000014056e054b0_0, 0;
    %pushi/vec4 0, 0, 32;
    %assign/vec4 v0000014056e08e30_0, 0;
    %jmp T_183.1;
T_183.0 ;
    %load/vec4 v0000014056e04790_0;
    %flag_set/vec4 8;
    %jmp/0xz  T_183.2, 8;
    %load/vec4 v0000014056e04290_0;
    %assign/vec4 v0000014056e07710_0, 0;
T_183.2 ;
    %load/vec4 v0000014056e04510_0;
    %flag_set/vec4 8;
    %jmp/0xz  T_183.4, 8;
    %load/vec4 v0000014056e05cd0_0;
    %assign/vec4 v0000014056e054b0_0, 0;
    %load/vec4 v0000014056e041f0_0;
    %load/vec4 v0000014056e05cd0_0;
    %pad/s 32;
    %load/vec4 v0000014056e07710_0;
    %pad/s 32;
    %mul;
    %add;
    %assign/vec4 v0000014056e08e30_0, 0;
T_183.4 ;
T_183.1 ;
    %jmp T_183;
    .thread T_183;
    .scope S_0000014056e1f020;
T_184 ;
    %wait E_0000014056cf68e0;
    %load/vec4 v0000014056e07030_0;
    %nor/r;
    %flag_set/vec4 8;
    %jmp/0xz  T_184.0, 8;
    %pushi/vec4 0, 0, 8;
    %assign/vec4 v0000014056e073f0_0, 0;
    %pushi/vec4 0, 0, 8;
    %assign/vec4 v0000014056e06db0_0, 0;
    %pushi/vec4 0, 0, 32;
    %assign/vec4 v0000014056e07cb0_0, 0;
    %jmp T_184.1;
T_184.0 ;
    %load/vec4 v0000014056e07fd0_0;
    %flag_set/vec4 8;
    %jmp/0xz  T_184.2, 8;
    %load/vec4 v0000014056e07350_0;
    %assign/vec4 v0000014056e073f0_0, 0;
T_184.2 ;
    %load/vec4 v0000014056e07170_0;
    %flag_set/vec4 8;
    %jmp/0xz  T_184.4, 8;
    %load/vec4 v0000014056e084d0_0;
    %assign/vec4 v0000014056e06db0_0, 0;
    %load/vec4 v0000014056e07990_0;
    %load/vec4 v0000014056e084d0_0;
    %pad/s 32;
    %load/vec4 v0000014056e073f0_0;
    %pad/s 32;
    %mul;
    %add;
    %assign/vec4 v0000014056e07cb0_0, 0;
T_184.4 ;
T_184.1 ;
    %jmp T_184;
    .thread T_184;
    .scope S_0000014056e223b0;
T_185 ;
    %wait E_0000014056cf68e0;
    %load/vec4 v0000014056e08c50_0;
    %nor/r;
    %flag_set/vec4 8;
    %jmp/0xz  T_185.0, 8;
    %pushi/vec4 0, 0, 8;
    %assign/vec4 v0000014056e08930_0, 0;
    %pushi/vec4 0, 0, 8;
    %assign/vec4 v0000014056e07c10_0, 0;
    %pushi/vec4 0, 0, 32;
    %assign/vec4 v0000014056e08570_0, 0;
    %jmp T_185.1;
T_185.0 ;
    %load/vec4 v0000014056e07850_0;
    %flag_set/vec4 8;
    %jmp/0xz  T_185.2, 8;
    %load/vec4 v0000014056e077b0_0;
    %assign/vec4 v0000014056e08930_0, 0;
T_185.2 ;
    %load/vec4 v0000014056e07ad0_0;
    %flag_set/vec4 8;
    %jmp/0xz  T_185.4, 8;
    %load/vec4 v0000014056e086b0_0;
    %assign/vec4 v0000014056e07c10_0, 0;
    %load/vec4 v0000014056e070d0_0;
    %load/vec4 v0000014056e086b0_0;
    %pad/s 32;
    %load/vec4 v0000014056e08930_0;
    %pad/s 32;
    %mul;
    %add;
    %assign/vec4 v0000014056e08570_0, 0;
T_185.4 ;
T_185.1 ;
    %jmp T_185;
    .thread T_185;
    .scope S_0000014056e1f1b0;
T_186 ;
    %wait E_0000014056cf68e0;
    %load/vec4 v0000014056e069f0_0;
    %nor/r;
    %flag_set/vec4 8;
    %jmp/0xz  T_186.0, 8;
    %pushi/vec4 0, 0, 8;
    %assign/vec4 v0000014056e08f70_0, 0;
    %pushi/vec4 0, 0, 8;
    %assign/vec4 v0000014056e08070_0, 0;
    %pushi/vec4 0, 0, 32;
    %assign/vec4 v0000014056e08b10_0, 0;
    %jmp T_186.1;
T_186.0 ;
    %load/vec4 v0000014056e08a70_0;
    %flag_set/vec4 8;
    %jmp/0xz  T_186.2, 8;
    %load/vec4 v0000014056e089d0_0;
    %assign/vec4 v0000014056e08f70_0, 0;
T_186.2 ;
    %load/vec4 v0000014056e07f30_0;
    %flag_set/vec4 8;
    %jmp/0xz  T_186.4, 8;
    %load/vec4 v0000014056e08430_0;
    %assign/vec4 v0000014056e08070_0, 0;
    %load/vec4 v0000014056e09010_0;
    %load/vec4 v0000014056e08430_0;
    %pad/s 32;
    %load/vec4 v0000014056e08f70_0;
    %pad/s 32;
    %mul;
    %add;
    %assign/vec4 v0000014056e08b10_0, 0;
T_186.4 ;
T_186.1 ;
    %jmp T_186;
    .thread T_186;
    .scope S_0000014056e1e9e0;
T_187 ;
    %wait E_0000014056cf68e0;
    %load/vec4 v0000014056e06ef0_0;
    %nor/r;
    %flag_set/vec4 8;
    %jmp/0xz  T_187.0, 8;
    %pushi/vec4 0, 0, 8;
    %assign/vec4 v0000014056e06e50_0, 0;
    %pushi/vec4 0, 0, 8;
    %assign/vec4 v0000014056e082f0_0, 0;
    %pushi/vec4 0, 0, 32;
    %assign/vec4 v0000014056e06b30_0, 0;
    %jmp T_187.1;
T_187.0 ;
    %load/vec4 v0000014056e06a90_0;
    %flag_set/vec4 8;
    %jmp/0xz  T_187.2, 8;
    %load/vec4 v0000014056e08ed0_0;
    %assign/vec4 v0000014056e06e50_0, 0;
T_187.2 ;
    %load/vec4 v0000014056e08110_0;
    %flag_set/vec4 8;
    %jmp/0xz  T_187.4, 8;
    %load/vec4 v0000014056e08250_0;
    %assign/vec4 v0000014056e082f0_0, 0;
    %load/vec4 v0000014056e07210_0;
    %load/vec4 v0000014056e08250_0;
    %pad/s 32;
    %load/vec4 v0000014056e06e50_0;
    %pad/s 32;
    %mul;
    %add;
    %assign/vec4 v0000014056e06b30_0, 0;
T_187.4 ;
T_187.1 ;
    %jmp T_187;
    .thread T_187;
    .scope S_0000014056e1e850;
T_188 ;
    %wait E_0000014056cf68e0;
    %load/vec4 v0000014056e09c90_0;
    %nor/r;
    %flag_set/vec4 8;
    %jmp/0xz  T_188.0, 8;
    %pushi/vec4 0, 0, 8;
    %assign/vec4 v0000014056e098d0_0, 0;
    %pushi/vec4 0, 0, 8;
    %assign/vec4 v0000014056e09790_0, 0;
    %pushi/vec4 0, 0, 32;
    %assign/vec4 v0000014056e09830_0, 0;
    %jmp T_188.1;
T_188.0 ;
    %load/vec4 v0000014056e09d30_0;
    %flag_set/vec4 8;
    %jmp/0xz  T_188.2, 8;
    %load/vec4 v0000014056e09f10_0;
    %assign/vec4 v0000014056e098d0_0, 0;
T_188.2 ;
    %load/vec4 v0000014056e095b0_0;
    %flag_set/vec4 8;
    %jmp/0xz  T_188.4, 8;
    %load/vec4 v0000014056e09b50_0;
    %assign/vec4 v0000014056e09790_0, 0;
    %load/vec4 v0000014056e0a050_0;
    %load/vec4 v0000014056e09b50_0;
    %pad/s 32;
    %load/vec4 v0000014056e098d0_0;
    %pad/s 32;
    %mul;
    %add;
    %assign/vec4 v0000014056e09830_0, 0;
T_188.4 ;
T_188.1 ;
    %jmp T_188;
    .thread T_188;
    .scope S_0000014056e234e0;
T_189 ;
    %wait E_0000014056cf68e0;
    %load/vec4 v0000014056e28140_0;
    %nor/r;
    %flag_set/vec4 8;
    %jmp/0xz  T_189.0, 8;
    %pushi/vec4 0, 0, 8;
    %assign/vec4 v0000014056e27d80_0, 0;
    %pushi/vec4 0, 0, 8;
    %assign/vec4 v0000014056e28e60_0, 0;
    %pushi/vec4 0, 0, 32;
    %assign/vec4 v0000014056e286e0_0, 0;
    %jmp T_189.1;
T_189.0 ;
    %load/vec4 v0000014056e274c0_0;
    %flag_set/vec4 8;
    %jmp/0xz  T_189.2, 8;
    %load/vec4 v0000014056e09e70_0;
    %assign/vec4 v0000014056e27d80_0, 0;
T_189.2 ;
    %load/vec4 v0000014056e09970_0;
    %flag_set/vec4 8;
    %jmp/0xz  T_189.4, 8;
    %load/vec4 v0000014056e09ab0_0;
    %assign/vec4 v0000014056e28e60_0, 0;
    %load/vec4 v0000014056e09dd0_0;
    %load/vec4 v0000014056e09ab0_0;
    %pad/s 32;
    %load/vec4 v0000014056e27d80_0;
    %pad/s 32;
    %mul;
    %add;
    %assign/vec4 v0000014056e286e0_0, 0;
T_189.4 ;
T_189.1 ;
    %jmp T_189;
    .thread T_189;
    .scope S_0000014056e23030;
T_190 ;
    %wait E_0000014056cf68e0;
    %load/vec4 v0000014056e29040_0;
    %nor/r;
    %flag_set/vec4 8;
    %jmp/0xz  T_190.0, 8;
    %pushi/vec4 0, 0, 8;
    %assign/vec4 v0000014056e29360_0, 0;
    %pushi/vec4 0, 0, 8;
    %assign/vec4 v0000014056e297c0_0, 0;
    %pushi/vec4 0, 0, 32;
    %assign/vec4 v0000014056e29400_0, 0;
    %jmp T_190.1;
T_190.0 ;
    %load/vec4 v0000014056e28820_0;
    %flag_set/vec4 8;
    %jmp/0xz  T_190.2, 8;
    %load/vec4 v0000014056e28fa0_0;
    %assign/vec4 v0000014056e29360_0, 0;
T_190.2 ;
    %load/vec4 v0000014056e28780_0;
    %flag_set/vec4 8;
    %jmp/0xz  T_190.4, 8;
    %load/vec4 v0000014056e28f00_0;
    %assign/vec4 v0000014056e297c0_0, 0;
    %load/vec4 v0000014056e27a60_0;
    %load/vec4 v0000014056e28f00_0;
    %pad/s 32;
    %load/vec4 v0000014056e29360_0;
    %pad/s 32;
    %mul;
    %add;
    %assign/vec4 v0000014056e29400_0, 0;
T_190.4 ;
T_190.1 ;
    %jmp T_190;
    .thread T_190;
    .scope S_0000014056e23670;
T_191 ;
    %wait E_0000014056cf68e0;
    %load/vec4 v0000014056e271a0_0;
    %nor/r;
    %flag_set/vec4 8;
    %jmp/0xz  T_191.0, 8;
    %pushi/vec4 0, 0, 8;
    %assign/vec4 v0000014056e27560_0, 0;
    %pushi/vec4 0, 0, 8;
    %assign/vec4 v0000014056e28b40_0, 0;
    %pushi/vec4 0, 0, 32;
    %assign/vec4 v0000014056e27b00_0, 0;
    %jmp T_191.1;
T_191.0 ;
    %load/vec4 v0000014056e29180_0;
    %flag_set/vec4 8;
    %jmp/0xz  T_191.2, 8;
    %load/vec4 v0000014056e288c0_0;
    %assign/vec4 v0000014056e27560_0, 0;
T_191.2 ;
    %load/vec4 v0000014056e290e0_0;
    %flag_set/vec4 8;
    %jmp/0xz  T_191.4, 8;
    %load/vec4 v0000014056e28640_0;
    %assign/vec4 v0000014056e28b40_0, 0;
    %load/vec4 v0000014056e29720_0;
    %load/vec4 v0000014056e28640_0;
    %pad/s 32;
    %load/vec4 v0000014056e27560_0;
    %pad/s 32;
    %mul;
    %add;
    %assign/vec4 v0000014056e27b00_0, 0;
T_191.4 ;
T_191.1 ;
    %jmp T_191;
    .thread T_191;
    .scope S_0000014056e23e40;
T_192 ;
    %wait E_0000014056cf68e0;
    %load/vec4 v0000014056e29680_0;
    %nor/r;
    %flag_set/vec4 8;
    %jmp/0xz  T_192.0, 8;
    %pushi/vec4 0, 0, 8;
    %assign/vec4 v0000014056e27740_0, 0;
    %pushi/vec4 0, 0, 8;
    %assign/vec4 v0000014056e27600_0, 0;
    %pushi/vec4 0, 0, 32;
    %assign/vec4 v0000014056e28960_0, 0;
    %jmp T_192.1;
T_192.0 ;
    %load/vec4 v0000014056e28aa0_0;
    %flag_set/vec4 8;
    %jmp/0xz  T_192.2, 8;
    %load/vec4 v0000014056e29540_0;
    %assign/vec4 v0000014056e27740_0, 0;
T_192.2 ;
    %load/vec4 v0000014056e27420_0;
    %flag_set/vec4 8;
    %jmp/0xz  T_192.4, 8;
    %load/vec4 v0000014056e27f60_0;
    %assign/vec4 v0000014056e27600_0, 0;
    %load/vec4 v0000014056e28280_0;
    %load/vec4 v0000014056e27f60_0;
    %pad/s 32;
    %load/vec4 v0000014056e27740_0;
    %pad/s 32;
    %mul;
    %add;
    %assign/vec4 v0000014056e28960_0, 0;
T_192.4 ;
T_192.1 ;
    %jmp T_192;
    .thread T_192;
    .scope S_0000014056e25100;
T_193 ;
    %wait E_0000014056cf68e0;
    %load/vec4 v0000014056e2bca0_0;
    %nor/r;
    %flag_set/vec4 8;
    %jmp/0xz  T_193.0, 8;
    %pushi/vec4 0, 0, 8;
    %assign/vec4 v0000014056e277e0_0, 0;
    %pushi/vec4 0, 0, 8;
    %assign/vec4 v0000014056e27e20_0, 0;
    %pushi/vec4 0, 0, 32;
    %assign/vec4 v0000014056e27ec0_0, 0;
    %jmp T_193.1;
T_193.0 ;
    %load/vec4 v0000014056e295e0_0;
    %flag_set/vec4 8;
    %jmp/0xz  T_193.2, 8;
    %load/vec4 v0000014056e28000_0;
    %assign/vec4 v0000014056e277e0_0, 0;
T_193.2 ;
    %load/vec4 v0000014056e28460_0;
    %flag_set/vec4 8;
    %jmp/0xz  T_193.4, 8;
    %load/vec4 v0000014056e27ce0_0;
    %assign/vec4 v0000014056e27e20_0, 0;
    %load/vec4 v0000014056e28500_0;
    %load/vec4 v0000014056e27ce0_0;
    %pad/s 32;
    %load/vec4 v0000014056e277e0_0;
    %pad/s 32;
    %mul;
    %add;
    %assign/vec4 v0000014056e27ec0_0, 0;
T_193.4 ;
T_193.1 ;
    %jmp T_193;
    .thread T_193;
    .scope S_0000014056e24c50;
T_194 ;
    %wait E_0000014056cf68e0;
    %load/vec4 v0000014056e2b7a0_0;
    %nor/r;
    %flag_set/vec4 8;
    %jmp/0xz  T_194.0, 8;
    %pushi/vec4 0, 0, 8;
    %assign/vec4 v0000014056e29b80_0, 0;
    %pushi/vec4 0, 0, 8;
    %assign/vec4 v0000014056e2a6c0_0, 0;
    %pushi/vec4 0, 0, 32;
    %assign/vec4 v0000014056e2a1c0_0, 0;
    %jmp T_194.1;
T_194.0 ;
    %load/vec4 v0000014056e2a260_0;
    %flag_set/vec4 8;
    %jmp/0xz  T_194.2, 8;
    %load/vec4 v0000014056e2a940_0;
    %assign/vec4 v0000014056e29b80_0, 0;
T_194.2 ;
    %load/vec4 v0000014056e2be80_0;
    %flag_set/vec4 8;
    %jmp/0xz  T_194.4, 8;
    %load/vec4 v0000014056e2aee0_0;
    %assign/vec4 v0000014056e2a6c0_0, 0;
    %load/vec4 v0000014056e2b160_0;
    %load/vec4 v0000014056e2aee0_0;
    %pad/s 32;
    %load/vec4 v0000014056e29b80_0;
    %pad/s 32;
    %mul;
    %add;
    %assign/vec4 v0000014056e2a1c0_0, 0;
T_194.4 ;
T_194.1 ;
    %jmp T_194;
    .thread T_194;
    .scope S_0000014056e24de0;
T_195 ;
    %wait E_0000014056cf68e0;
    %load/vec4 v0000014056e2bd40_0;
    %nor/r;
    %flag_set/vec4 8;
    %jmp/0xz  T_195.0, 8;
    %pushi/vec4 0, 0, 8;
    %assign/vec4 v0000014056e29ae0_0, 0;
    %pushi/vec4 0, 0, 8;
    %assign/vec4 v0000014056e2a9e0_0, 0;
    %pushi/vec4 0, 0, 32;
    %assign/vec4 v0000014056e2ad00_0, 0;
    %jmp T_195.1;
T_195.0 ;
    %load/vec4 v0000014056e29d60_0;
    %flag_set/vec4 8;
    %jmp/0xz  T_195.2, 8;
    %load/vec4 v0000014056e29f40_0;
    %assign/vec4 v0000014056e29ae0_0, 0;
T_195.2 ;
    %load/vec4 v0000014056e2a300_0;
    %flag_set/vec4 8;
    %jmp/0xz  T_195.4, 8;
    %load/vec4 v0000014056e2a080_0;
    %assign/vec4 v0000014056e2a9e0_0, 0;
    %load/vec4 v0000014056e2ab20_0;
    %load/vec4 v0000014056e2a080_0;
    %pad/s 32;
    %load/vec4 v0000014056e29ae0_0;
    %pad/s 32;
    %mul;
    %add;
    %assign/vec4 v0000014056e2ad00_0, 0;
T_195.4 ;
T_195.1 ;
    %jmp T_195;
    .thread T_195;
    .scope S_0000014056e24f70;
T_196 ;
    %wait E_0000014056cf68e0;
    %load/vec4 v0000014056e2b3e0_0;
    %nor/r;
    %flag_set/vec4 8;
    %jmp/0xz  T_196.0, 8;
    %pushi/vec4 0, 0, 8;
    %assign/vec4 v0000014056e2aa80_0, 0;
    %pushi/vec4 0, 0, 8;
    %assign/vec4 v0000014056e2a760_0, 0;
    %pushi/vec4 0, 0, 32;
    %assign/vec4 v0000014056e2bc00_0, 0;
    %jmp T_196.1;
T_196.0 ;
    %load/vec4 v0000014056e2c060_0;
    %flag_set/vec4 8;
    %jmp/0xz  T_196.2, 8;
    %load/vec4 v0000014056e2a440_0;
    %assign/vec4 v0000014056e2aa80_0, 0;
T_196.2 ;
    %load/vec4 v0000014056e2b520_0;
    %flag_set/vec4 8;
    %jmp/0xz  T_196.4, 8;
    %load/vec4 v0000014056e2b200_0;
    %assign/vec4 v0000014056e2a760_0, 0;
    %load/vec4 v0000014056e2a620_0;
    %load/vec4 v0000014056e2b200_0;
    %pad/s 32;
    %load/vec4 v0000014056e2aa80_0;
    %pad/s 32;
    %mul;
    %add;
    %assign/vec4 v0000014056e2bc00_0, 0;
T_196.4 ;
T_196.1 ;
    %jmp T_196;
    .thread T_196;
    .scope S_0000014056e69060;
T_197 ;
    %wait E_0000014056cf68e0;
    %load/vec4 v0000014056e2b340_0;
    %nor/r;
    %flag_set/vec4 8;
    %jmp/0xz  T_197.0, 8;
    %pushi/vec4 0, 0, 8;
    %assign/vec4 v0000014056e2af80_0, 0;
    %pushi/vec4 0, 0, 8;
    %assign/vec4 v0000014056e299a0_0, 0;
    %pushi/vec4 0, 0, 32;
    %assign/vec4 v0000014056e29a40_0, 0;
    %jmp T_197.1;
T_197.0 ;
    %load/vec4 v0000014056e2a120_0;
    %flag_set/vec4 8;
    %jmp/0xz  T_197.2, 8;
    %load/vec4 v0000014056e29900_0;
    %assign/vec4 v0000014056e2af80_0, 0;
T_197.2 ;
    %load/vec4 v0000014056e2ae40_0;
    %flag_set/vec4 8;
    %jmp/0xz  T_197.4, 8;
    %load/vec4 v0000014056e2abc0_0;
    %assign/vec4 v0000014056e299a0_0, 0;
    %load/vec4 v0000014056e2a4e0_0;
    %load/vec4 v0000014056e2abc0_0;
    %pad/s 32;
    %load/vec4 v0000014056e2af80_0;
    %pad/s 32;
    %mul;
    %add;
    %assign/vec4 v0000014056e29a40_0, 0;
T_197.4 ;
T_197.1 ;
    %jmp T_197;
    .thread T_197;
    .scope S_0000014056e6b450;
T_198 ;
    %wait E_0000014056cf68e0;
    %load/vec4 v0000014056e2dd20_0;
    %nor/r;
    %flag_set/vec4 8;
    %jmp/0xz  T_198.0, 8;
    %pushi/vec4 0, 0, 8;
    %assign/vec4 v0000014056e2c380_0, 0;
    %pushi/vec4 0, 0, 8;
    %assign/vec4 v0000014056e2d0a0_0, 0;
    %pushi/vec4 0, 0, 32;
    %assign/vec4 v0000014056e2c2e0_0, 0;
    %jmp T_198.1;
T_198.0 ;
    %load/vec4 v0000014056e2d5a0_0;
    %flag_set/vec4 8;
    %jmp/0xz  T_198.2, 8;
    %load/vec4 v0000014056e2e0e0_0;
    %assign/vec4 v0000014056e2c380_0, 0;
T_198.2 ;
    %load/vec4 v0000014056e2e220_0;
    %flag_set/vec4 8;
    %jmp/0xz  T_198.4, 8;
    %load/vec4 v0000014056e2c9c0_0;
    %assign/vec4 v0000014056e2d0a0_0, 0;
    %load/vec4 v0000014056e2cd80_0;
    %load/vec4 v0000014056e2c9c0_0;
    %pad/s 32;
    %load/vec4 v0000014056e2c380_0;
    %pad/s 32;
    %mul;
    %add;
    %assign/vec4 v0000014056e2c2e0_0, 0;
T_198.4 ;
T_198.1 ;
    %jmp T_198;
    .thread T_198;
    .scope S_0000014056e6c8a0;
T_199 ;
    %wait E_0000014056cf68e0;
    %load/vec4 v0000014056e2d6e0_0;
    %nor/r;
    %flag_set/vec4 8;
    %jmp/0xz  T_199.0, 8;
    %pushi/vec4 0, 0, 8;
    %assign/vec4 v0000014056e2e040_0, 0;
    %pushi/vec4 0, 0, 8;
    %assign/vec4 v0000014056e2db40_0, 0;
    %pushi/vec4 0, 0, 32;
    %assign/vec4 v0000014056e2e720_0, 0;
    %jmp T_199.1;
T_199.0 ;
    %load/vec4 v0000014056e2ce20_0;
    %flag_set/vec4 8;
    %jmp/0xz  T_199.2, 8;
    %load/vec4 v0000014056e2dc80_0;
    %assign/vec4 v0000014056e2e040_0, 0;
T_199.2 ;
    %load/vec4 v0000014056e2da00_0;
    %flag_set/vec4 8;
    %jmp/0xz  T_199.4, 8;
    %load/vec4 v0000014056e2d140_0;
    %assign/vec4 v0000014056e2db40_0, 0;
    %load/vec4 v0000014056e2e2c0_0;
    %load/vec4 v0000014056e2d140_0;
    %pad/s 32;
    %load/vec4 v0000014056e2e040_0;
    %pad/s 32;
    %mul;
    %add;
    %assign/vec4 v0000014056e2e720_0, 0;
T_199.4 ;
T_199.1 ;
    %jmp T_199;
    .thread T_199;
    .scope S_0000014056e6ca30;
T_200 ;
    %wait E_0000014056cf68e0;
    %load/vec4 v0000014056e2e4a0_0;
    %nor/r;
    %flag_set/vec4 8;
    %jmp/0xz  T_200.0, 8;
    %pushi/vec4 0, 0, 8;
    %assign/vec4 v0000014056e2cc40_0, 0;
    %pushi/vec4 0, 0, 8;
    %assign/vec4 v0000014056e2c1a0_0, 0;
    %pushi/vec4 0, 0, 32;
    %assign/vec4 v0000014056e2d320_0, 0;
    %jmp T_200.1;
T_200.0 ;
    %load/vec4 v0000014056e2c420_0;
    %flag_set/vec4 8;
    %jmp/0xz  T_200.2, 8;
    %load/vec4 v0000014056e2d280_0;
    %assign/vec4 v0000014056e2cc40_0, 0;
T_200.2 ;
    %load/vec4 v0000014056e2dbe0_0;
    %flag_set/vec4 8;
    %jmp/0xz  T_200.4, 8;
    %load/vec4 v0000014056e2e860_0;
    %assign/vec4 v0000014056e2c1a0_0, 0;
    %load/vec4 v0000014056e2e5e0_0;
    %load/vec4 v0000014056e2e860_0;
    %pad/s 32;
    %load/vec4 v0000014056e2cc40_0;
    %pad/s 32;
    %mul;
    %add;
    %assign/vec4 v0000014056e2d320_0, 0;
T_200.4 ;
T_200.1 ;
    %jmp T_200;
    .thread T_200;
    .scope S_0000014056e6a320;
T_201 ;
    %wait E_0000014056cf68e0;
    %load/vec4 v0000014056e2df00_0;
    %nor/r;
    %flag_set/vec4 8;
    %jmp/0xz  T_201.0, 8;
    %pushi/vec4 0, 0, 8;
    %assign/vec4 v0000014056e2d960_0, 0;
    %pushi/vec4 0, 0, 8;
    %assign/vec4 v0000014056e2d8c0_0, 0;
    %pushi/vec4 0, 0, 32;
    %assign/vec4 v0000014056e2cec0_0, 0;
    %jmp T_201.1;
T_201.0 ;
    %load/vec4 v0000014056e2d3c0_0;
    %flag_set/vec4 8;
    %jmp/0xz  T_201.2, 8;
    %load/vec4 v0000014056e2d780_0;
    %assign/vec4 v0000014056e2d960_0, 0;
T_201.2 ;
    %load/vec4 v0000014056e2daa0_0;
    %flag_set/vec4 8;
    %jmp/0xz  T_201.4, 8;
    %load/vec4 v0000014056e2c880_0;
    %assign/vec4 v0000014056e2d8c0_0, 0;
    %load/vec4 v0000014056e2cce0_0;
    %load/vec4 v0000014056e2c880_0;
    %pad/s 32;
    %load/vec4 v0000014056e2d960_0;
    %pad/s 32;
    %mul;
    %add;
    %assign/vec4 v0000014056e2cec0_0, 0;
T_201.4 ;
T_201.1 ;
    %jmp T_201;
    .thread T_201;
    .scope S_0000014056e696a0;
T_202 ;
    %wait E_0000014056cf68e0;
    %load/vec4 v0000014056e2fb20_0;
    %nor/r;
    %flag_set/vec4 8;
    %jmp/0xz  T_202.0, 8;
    %pushi/vec4 0, 0, 8;
    %assign/vec4 v0000014056e2f080_0, 0;
    %pushi/vec4 0, 0, 8;
    %assign/vec4 v0000014056e30d40_0, 0;
    %pushi/vec4 0, 0, 32;
    %assign/vec4 v0000014056e30ca0_0, 0;
    %jmp T_202.1;
T_202.0 ;
    %load/vec4 v0000014056e307a0_0;
    %flag_set/vec4 8;
    %jmp/0xz  T_202.2, 8;
    %load/vec4 v0000014056e30160_0;
    %assign/vec4 v0000014056e2f080_0, 0;
T_202.2 ;
    %load/vec4 v0000014056e2cb00_0;
    %flag_set/vec4 8;
    %jmp/0xz  T_202.4, 8;
    %load/vec4 v0000014056e2ec20_0;
    %assign/vec4 v0000014056e30d40_0, 0;
    %load/vec4 v0000014056e30de0_0;
    %load/vec4 v0000014056e2ec20_0;
    %pad/s 32;
    %load/vec4 v0000014056e2f080_0;
    %pad/s 32;
    %mul;
    %add;
    %assign/vec4 v0000014056e30ca0_0, 0;
T_202.4 ;
T_202.1 ;
    %jmp T_202;
    .thread T_202;
    .scope S_0000014056e6d390;
T_203 ;
    %wait E_0000014056cf68e0;
    %load/vec4 v0000014056e2f8a0_0;
    %nor/r;
    %flag_set/vec4 8;
    %jmp/0xz  T_203.0, 8;
    %pushi/vec4 0, 0, 8;
    %assign/vec4 v0000014056e305c0_0, 0;
    %pushi/vec4 0, 0, 8;
    %assign/vec4 v0000014056e30f20_0, 0;
    %pushi/vec4 0, 0, 32;
    %assign/vec4 v0000014056e30840_0, 0;
    %jmp T_203.1;
T_203.0 ;
    %load/vec4 v0000014056e30a20_0;
    %flag_set/vec4 8;
    %jmp/0xz  T_203.2, 8;
    %load/vec4 v0000014056e2ef40_0;
    %assign/vec4 v0000014056e305c0_0, 0;
T_203.2 ;
    %load/vec4 v0000014056e30520_0;
    %flag_set/vec4 8;
    %jmp/0xz  T_203.4, 8;
    %load/vec4 v0000014056e2f940_0;
    %assign/vec4 v0000014056e30f20_0, 0;
    %load/vec4 v0000014056e2fbc0_0;
    %load/vec4 v0000014056e2f940_0;
    %pad/s 32;
    %load/vec4 v0000014056e305c0_0;
    %pad/s 32;
    %mul;
    %add;
    %assign/vec4 v0000014056e30840_0, 0;
T_203.4 ;
T_203.1 ;
    %jmp T_203;
    .thread T_203;
    .scope S_0000014056e6ba90;
T_204 ;
    %wait E_0000014056cf68e0;
    %load/vec4 v0000014056e30ac0_0;
    %nor/r;
    %flag_set/vec4 8;
    %jmp/0xz  T_204.0, 8;
    %pushi/vec4 0, 0, 8;
    %assign/vec4 v0000014056e2e900_0, 0;
    %pushi/vec4 0, 0, 8;
    %assign/vec4 v0000014056e30340_0, 0;
    %pushi/vec4 0, 0, 32;
    %assign/vec4 v0000014056e2f120_0, 0;
    %jmp T_204.1;
T_204.0 ;
    %load/vec4 v0000014056e30980_0;
    %flag_set/vec4 8;
    %jmp/0xz  T_204.2, 8;
    %load/vec4 v0000014056e302a0_0;
    %assign/vec4 v0000014056e2e900_0, 0;
T_204.2 ;
    %load/vec4 v0000014056e30700_0;
    %flag_set/vec4 8;
    %jmp/0xz  T_204.4, 8;
    %load/vec4 v0000014056e31060_0;
    %assign/vec4 v0000014056e30340_0, 0;
    %load/vec4 v0000014056e2f800_0;
    %load/vec4 v0000014056e31060_0;
    %pad/s 32;
    %load/vec4 v0000014056e2e900_0;
    %pad/s 32;
    %mul;
    %add;
    %assign/vec4 v0000014056e2f120_0, 0;
T_204.4 ;
T_204.1 ;
    %jmp T_204;
    .thread T_204;
    .scope S_0000014056e6b130;
T_205 ;
    %wait E_0000014056cf68e0;
    %load/vec4 v0000014056e2eea0_0;
    %nor/r;
    %flag_set/vec4 8;
    %jmp/0xz  T_205.0, 8;
    %pushi/vec4 0, 0, 8;
    %assign/vec4 v0000014056e2ee00_0, 0;
    %pushi/vec4 0, 0, 8;
    %assign/vec4 v0000014056e2f1c0_0, 0;
    %pushi/vec4 0, 0, 32;
    %assign/vec4 v0000014056e2eb80_0, 0;
    %jmp T_205.1;
T_205.0 ;
    %load/vec4 v0000014056e2ea40_0;
    %flag_set/vec4 8;
    %jmp/0xz  T_205.2, 8;
    %load/vec4 v0000014056e2f260_0;
    %assign/vec4 v0000014056e2ee00_0, 0;
T_205.2 ;
    %load/vec4 v0000014056e2ff80_0;
    %flag_set/vec4 8;
    %jmp/0xz  T_205.4, 8;
    %load/vec4 v0000014056e2ed60_0;
    %assign/vec4 v0000014056e2f1c0_0, 0;
    %load/vec4 v0000014056e2fe40_0;
    %load/vec4 v0000014056e2ed60_0;
    %pad/s 32;
    %load/vec4 v0000014056e2ee00_0;
    %pad/s 32;
    %mul;
    %add;
    %assign/vec4 v0000014056e2eb80_0, 0;
T_205.4 ;
T_205.1 ;
    %jmp T_205;
    .thread T_205;
    .scope S_0000014056e6d6b0;
T_206 ;
    %wait E_0000014056cf68e0;
    %load/vec4 v0000014056e32aa0_0;
    %nor/r;
    %flag_set/vec4 8;
    %jmp/0xz  T_206.0, 8;
    %pushi/vec4 0, 0, 8;
    %assign/vec4 v0000014056e319c0_0, 0;
    %pushi/vec4 0, 0, 8;
    %assign/vec4 v0000014056e314c0_0, 0;
    %pushi/vec4 0, 0, 32;
    %assign/vec4 v0000014056e337c0_0, 0;
    %jmp T_206.1;
T_206.0 ;
    %load/vec4 v0000014056e2fa80_0;
    %flag_set/vec4 8;
    %jmp/0xz  T_206.2, 8;
    %load/vec4 v0000014056e30660_0;
    %assign/vec4 v0000014056e319c0_0, 0;
T_206.2 ;
    %load/vec4 v0000014056e300c0_0;
    %flag_set/vec4 8;
    %jmp/0xz  T_206.4, 8;
    %load/vec4 v0000014056e30200_0;
    %assign/vec4 v0000014056e314c0_0, 0;
    %load/vec4 v0000014056e2f9e0_0;
    %load/vec4 v0000014056e30200_0;
    %pad/s 32;
    %load/vec4 v0000014056e319c0_0;
    %pad/s 32;
    %mul;
    %add;
    %assign/vec4 v0000014056e337c0_0, 0;
T_206.4 ;
T_206.1 ;
    %jmp T_206;
    .thread T_206;
    .scope S_0000014056e6bc20;
T_207 ;
    %wait E_0000014056cf68e0;
    %load/vec4 v0000014056e31ce0_0;
    %nor/r;
    %flag_set/vec4 8;
    %jmp/0xz  T_207.0, 8;
    %pushi/vec4 0, 0, 8;
    %assign/vec4 v0000014056e31100_0, 0;
    %pushi/vec4 0, 0, 8;
    %assign/vec4 v0000014056e32460_0, 0;
    %pushi/vec4 0, 0, 32;
    %assign/vec4 v0000014056e31b00_0, 0;
    %jmp T_207.1;
T_207.0 ;
    %load/vec4 v0000014056e31a60_0;
    %flag_set/vec4 8;
    %jmp/0xz  T_207.2, 8;
    %load/vec4 v0000014056e32c80_0;
    %assign/vec4 v0000014056e31100_0, 0;
T_207.2 ;
    %load/vec4 v0000014056e31f60_0;
    %flag_set/vec4 8;
    %jmp/0xz  T_207.4, 8;
    %load/vec4 v0000014056e33680_0;
    %assign/vec4 v0000014056e32460_0, 0;
    %load/vec4 v0000014056e32be0_0;
    %load/vec4 v0000014056e33680_0;
    %pad/s 32;
    %load/vec4 v0000014056e31100_0;
    %pad/s 32;
    %mul;
    %add;
    %assign/vec4 v0000014056e31b00_0, 0;
T_207.4 ;
T_207.1 ;
    %jmp T_207;
    .thread T_207;
    .scope S_0000014056e69ce0;
T_208 ;
    %wait E_0000014056cf68e0;
    %load/vec4 v0000014056e311a0_0;
    %nor/r;
    %flag_set/vec4 8;
    %jmp/0xz  T_208.0, 8;
    %pushi/vec4 0, 0, 8;
    %assign/vec4 v0000014056e32d20_0, 0;
    %pushi/vec4 0, 0, 8;
    %assign/vec4 v0000014056e31560_0, 0;
    %pushi/vec4 0, 0, 32;
    %assign/vec4 v0000014056e321e0_0, 0;
    %jmp T_208.1;
T_208.0 ;
    %load/vec4 v0000014056e31920_0;
    %flag_set/vec4 8;
    %jmp/0xz  T_208.2, 8;
    %load/vec4 v0000014056e317e0_0;
    %assign/vec4 v0000014056e32d20_0, 0;
T_208.2 ;
    %load/vec4 v0000014056e32e60_0;
    %flag_set/vec4 8;
    %jmp/0xz  T_208.4, 8;
    %load/vec4 v0000014056e31e20_0;
    %assign/vec4 v0000014056e31560_0, 0;
    %load/vec4 v0000014056e32640_0;
    %load/vec4 v0000014056e31e20_0;
    %pad/s 32;
    %load/vec4 v0000014056e32d20_0;
    %pad/s 32;
    %mul;
    %add;
    %assign/vec4 v0000014056e321e0_0, 0;
T_208.4 ;
T_208.1 ;
    %jmp T_208;
    .thread T_208;
    .scope S_0000014056e69e70;
T_209 ;
    %wait E_0000014056cf68e0;
    %load/vec4 v0000014056e330e0_0;
    %nor/r;
    %flag_set/vec4 8;
    %jmp/0xz  T_209.0, 8;
    %pushi/vec4 0, 0, 8;
    %assign/vec4 v0000014056e33040_0, 0;
    %pushi/vec4 0, 0, 8;
    %assign/vec4 v0000014056e32fa0_0, 0;
    %pushi/vec4 0, 0, 32;
    %assign/vec4 v0000014056e31600_0, 0;
    %jmp T_209.1;
T_209.0 ;
    %load/vec4 v0000014056e31ec0_0;
    %flag_set/vec4 8;
    %jmp/0xz  T_209.2, 8;
    %load/vec4 v0000014056e31240_0;
    %assign/vec4 v0000014056e33040_0, 0;
T_209.2 ;
    %load/vec4 v0000014056e32f00_0;
    %flag_set/vec4 8;
    %jmp/0xz  T_209.4, 8;
    %load/vec4 v0000014056e32780_0;
    %assign/vec4 v0000014056e32fa0_0, 0;
    %load/vec4 v0000014056e32a00_0;
    %load/vec4 v0000014056e32780_0;
    %pad/s 32;
    %load/vec4 v0000014056e33040_0;
    %pad/s 32;
    %mul;
    %add;
    %assign/vec4 v0000014056e31600_0, 0;
T_209.4 ;
T_209.1 ;
    %jmp T_209;
    .thread T_209;
    .scope S_0000014056e6e7e0;
T_210 ;
    %wait E_0000014056cf68e0;
    %load/vec4 v0000014056e335e0_0;
    %nor/r;
    %flag_set/vec4 8;
    %jmp/0xz  T_210.0, 8;
    %pushi/vec4 0, 0, 8;
    %assign/vec4 v0000014056e33360_0, 0;
    %pushi/vec4 0, 0, 8;
    %assign/vec4 v0000014056e32820_0, 0;
    %pushi/vec4 0, 0, 32;
    %assign/vec4 v0000014056e32b40_0, 0;
    %jmp T_210.1;
T_210.0 ;
    %load/vec4 v0000014056e32500_0;
    %flag_set/vec4 8;
    %jmp/0xz  T_210.2, 8;
    %load/vec4 v0000014056e323c0_0;
    %assign/vec4 v0000014056e33360_0, 0;
T_210.2 ;
    %load/vec4 v0000014056e334a0_0;
    %flag_set/vec4 8;
    %jmp/0xz  T_210.4, 8;
    %load/vec4 v0000014056e31880_0;
    %assign/vec4 v0000014056e32820_0, 0;
    %load/vec4 v0000014056e332c0_0;
    %load/vec4 v0000014056e31880_0;
    %pad/s 32;
    %load/vec4 v0000014056e33360_0;
    %pad/s 32;
    %mul;
    %add;
    %assign/vec4 v0000014056e32b40_0, 0;
T_210.4 ;
T_210.1 ;
    %jmp T_210;
    .thread T_210;
    .scope S_0000014056e6e650;
T_211 ;
    %wait E_0000014056cf68e0;
    %load/vec4 v0000014056e33f40_0;
    %nor/r;
    %flag_set/vec4 8;
    %jmp/0xz  T_211.0, 8;
    %pushi/vec4 0, 0, 8;
    %assign/vec4 v0000014056e34300_0, 0;
    %pushi/vec4 0, 0, 8;
    %assign/vec4 v0000014056e33cc0_0, 0;
    %pushi/vec4 0, 0, 32;
    %assign/vec4 v0000014056e34bc0_0, 0;
    %jmp T_211.1;
T_211.0 ;
    %load/vec4 v0000014056e34ee0_0;
    %flag_set/vec4 8;
    %jmp/0xz  T_211.2, 8;
    %load/vec4 v0000014056e34260_0;
    %assign/vec4 v0000014056e34300_0, 0;
T_211.2 ;
    %load/vec4 v0000014056e34080_0;
    %flag_set/vec4 8;
    %jmp/0xz  T_211.4, 8;
    %load/vec4 v0000014056e353e0_0;
    %assign/vec4 v0000014056e33cc0_0, 0;
    %load/vec4 v0000014056e348a0_0;
    %load/vec4 v0000014056e353e0_0;
    %pad/s 32;
    %load/vec4 v0000014056e34300_0;
    %pad/s 32;
    %mul;
    %add;
    %assign/vec4 v0000014056e34bc0_0, 0;
T_211.4 ;
T_211.1 ;
    %jmp T_211;
    .thread T_211;
    .scope S_0000014056e6ee20;
T_212 ;
    %wait E_0000014056cf68e0;
    %load/vec4 v0000014056e35fc0_0;
    %nor/r;
    %flag_set/vec4 8;
    %jmp/0xz  T_212.0, 8;
    %pushi/vec4 0, 0, 8;
    %assign/vec4 v0000014056e33900_0, 0;
    %pushi/vec4 0, 0, 8;
    %assign/vec4 v0000014056e34c60_0, 0;
    %pushi/vec4 0, 0, 32;
    %assign/vec4 v0000014056e33e00_0, 0;
    %jmp T_212.1;
T_212.0 ;
    %load/vec4 v0000014056e349e0_0;
    %flag_set/vec4 8;
    %jmp/0xz  T_212.2, 8;
    %load/vec4 v0000014056e341c0_0;
    %assign/vec4 v0000014056e33900_0, 0;
T_212.2 ;
    %load/vec4 v0000014056e34120_0;
    %flag_set/vec4 8;
    %jmp/0xz  T_212.4, 8;
    %load/vec4 v0000014056e34e40_0;
    %assign/vec4 v0000014056e34c60_0, 0;
    %load/vec4 v0000014056e33d60_0;
    %load/vec4 v0000014056e34e40_0;
    %pad/s 32;
    %load/vec4 v0000014056e33900_0;
    %pad/s 32;
    %mul;
    %add;
    %assign/vec4 v0000014056e33e00_0, 0;
T_212.4 ;
T_212.1 ;
    %jmp T_212;
    .thread T_212;
    .scope S_0000014056e70720;
T_213 ;
    %wait E_0000014056cf68e0;
    %load/vec4 v0000014056e34760_0;
    %nor/r;
    %flag_set/vec4 8;
    %jmp/0xz  T_213.0, 8;
    %pushi/vec4 0, 0, 8;
    %assign/vec4 v0000014056e346c0_0, 0;
    %pushi/vec4 0, 0, 8;
    %assign/vec4 v0000014056e35020_0, 0;
    %pushi/vec4 0, 0, 32;
    %assign/vec4 v0000014056e33fe0_0, 0;
    %jmp T_213.1;
T_213.0 ;
    %load/vec4 v0000014056e34620_0;
    %flag_set/vec4 8;
    %jmp/0xz  T_213.2, 8;
    %load/vec4 v0000014056e35660_0;
    %assign/vec4 v0000014056e346c0_0, 0;
T_213.2 ;
    %load/vec4 v0000014056e34580_0;
    %flag_set/vec4 8;
    %jmp/0xz  T_213.4, 8;
    %load/vec4 v0000014056e34d00_0;
    %assign/vec4 v0000014056e35020_0, 0;
    %load/vec4 v0000014056e35c00_0;
    %load/vec4 v0000014056e34d00_0;
    %pad/s 32;
    %load/vec4 v0000014056e346c0_0;
    %pad/s 32;
    %mul;
    %add;
    %assign/vec4 v0000014056e33fe0_0, 0;
T_213.4 ;
T_213.1 ;
    %jmp T_213;
    .thread T_213;
    .scope S_0000014056e70bd0;
T_214 ;
    %wait E_0000014056cf68e0;
    %load/vec4 v0000014056e35980_0;
    %nor/r;
    %flag_set/vec4 8;
    %jmp/0xz  T_214.0, 8;
    %pushi/vec4 0, 0, 8;
    %assign/vec4 v0000014056e358e0_0, 0;
    %pushi/vec4 0, 0, 8;
    %assign/vec4 v0000014056e35840_0, 0;
    %pushi/vec4 0, 0, 32;
    %assign/vec4 v0000014056e33a40_0, 0;
    %jmp T_214.1;
T_214.0 ;
    %load/vec4 v0000014056e357a0_0;
    %flag_set/vec4 8;
    %jmp/0xz  T_214.2, 8;
    %load/vec4 v0000014056e355c0_0;
    %assign/vec4 v0000014056e358e0_0, 0;
T_214.2 ;
    %load/vec4 v0000014056e35520_0;
    %flag_set/vec4 8;
    %jmp/0xz  T_214.4, 8;
    %load/vec4 v0000014056e35700_0;
    %assign/vec4 v0000014056e35840_0, 0;
    %load/vec4 v0000014056e33c20_0;
    %load/vec4 v0000014056e35700_0;
    %pad/s 32;
    %load/vec4 v0000014056e358e0_0;
    %pad/s 32;
    %mul;
    %add;
    %assign/vec4 v0000014056e33a40_0, 0;
T_214.4 ;
T_214.1 ;
    %jmp T_214;
    .thread T_214;
    .scope S_0000014056e708b0;
T_215 ;
    %wait E_0000014056cf68e0;
    %load/vec4 v0000014056e380e0_0;
    %nor/r;
    %flag_set/vec4 8;
    %jmp/0xz  T_215.0, 8;
    %pushi/vec4 0, 0, 8;
    %assign/vec4 v0000014056e385e0_0, 0;
    %pushi/vec4 0, 0, 8;
    %assign/vec4 v0000014056e37b40_0, 0;
    %pushi/vec4 0, 0, 32;
    %assign/vec4 v0000014056e36880_0, 0;
    %jmp T_215.1;
T_215.0 ;
    %load/vec4 v0000014056e38180_0;
    %flag_set/vec4 8;
    %jmp/0xz  T_215.2, 8;
    %load/vec4 v0000014056e37aa0_0;
    %assign/vec4 v0000014056e385e0_0, 0;
T_215.2 ;
    %load/vec4 v0000014056e37f00_0;
    %flag_set/vec4 8;
    %jmp/0xz  T_215.4, 8;
    %load/vec4 v0000014056e387c0_0;
    %assign/vec4 v0000014056e37b40_0, 0;
    %load/vec4 v0000014056e37000_0;
    %load/vec4 v0000014056e387c0_0;
    %pad/s 32;
    %load/vec4 v0000014056e385e0_0;
    %pad/s 32;
    %mul;
    %add;
    %assign/vec4 v0000014056e36880_0, 0;
T_215.4 ;
T_215.1 ;
    %jmp T_215;
    .thread T_215;
    .scope S_0000014056e6faa0;
T_216 ;
    %wait E_0000014056cf68e0;
    %load/vec4 v0000014056e37140_0;
    %nor/r;
    %flag_set/vec4 8;
    %jmp/0xz  T_216.0, 8;
    %pushi/vec4 0, 0, 8;
    %assign/vec4 v0000014056e36d80_0, 0;
    %pushi/vec4 0, 0, 8;
    %assign/vec4 v0000014056e37c80_0, 0;
    %pushi/vec4 0, 0, 32;
    %assign/vec4 v0000014056e36920_0, 0;
    %jmp T_216.1;
T_216.0 ;
    %load/vec4 v0000014056e36740_0;
    %flag_set/vec4 8;
    %jmp/0xz  T_216.2, 8;
    %load/vec4 v0000014056e36ba0_0;
    %assign/vec4 v0000014056e36d80_0, 0;
T_216.2 ;
    %load/vec4 v0000014056e36ec0_0;
    %flag_set/vec4 8;
    %jmp/0xz  T_216.4, 8;
    %load/vec4 v0000014056e36b00_0;
    %assign/vec4 v0000014056e37c80_0, 0;
    %load/vec4 v0000014056e373c0_0;
    %load/vec4 v0000014056e36b00_0;
    %pad/s 32;
    %load/vec4 v0000014056e36d80_0;
    %pad/s 32;
    %mul;
    %add;
    %assign/vec4 v0000014056e36920_0, 0;
T_216.4 ;
T_216.1 ;
    %jmp T_216;
    .thread T_216;
    .scope S_0000014056e74a50;
T_217 ;
    %wait E_0000014056cf68e0;
    %load/vec4 v0000014056e37500_0;
    %nor/r;
    %flag_set/vec4 8;
    %jmp/0xz  T_217.0, 8;
    %pushi/vec4 0, 0, 8;
    %assign/vec4 v0000014056e37320_0, 0;
    %pushi/vec4 0, 0, 8;
    %assign/vec4 v0000014056e37d20_0, 0;
    %pushi/vec4 0, 0, 32;
    %assign/vec4 v0000014056e37960_0, 0;
    %jmp T_217.1;
T_217.0 ;
    %load/vec4 v0000014056e366a0_0;
    %flag_set/vec4 8;
    %jmp/0xz  T_217.2, 8;
    %load/vec4 v0000014056e364c0_0;
    %assign/vec4 v0000014056e37320_0, 0;
T_217.2 ;
    %load/vec4 v0000014056e37460_0;
    %flag_set/vec4 8;
    %jmp/0xz  T_217.4, 8;
    %load/vec4 v0000014056e378c0_0;
    %assign/vec4 v0000014056e37d20_0, 0;
    %load/vec4 v0000014056e37280_0;
    %load/vec4 v0000014056e378c0_0;
    %pad/s 32;
    %load/vec4 v0000014056e37320_0;
    %pad/s 32;
    %mul;
    %add;
    %assign/vec4 v0000014056e37960_0, 0;
T_217.4 ;
T_217.1 ;
    %jmp T_217;
    .thread T_217;
    .scope S_0000014056e74410;
T_218 ;
    %wait E_0000014056cf68e0;
    %load/vec4 v0000014056e36240_0;
    %nor/r;
    %flag_set/vec4 8;
    %jmp/0xz  T_218.0, 8;
    %pushi/vec4 0, 0, 8;
    %assign/vec4 v0000014056e361a0_0, 0;
    %pushi/vec4 0, 0, 8;
    %assign/vec4 v0000014056e38860_0, 0;
    %pushi/vec4 0, 0, 32;
    %assign/vec4 v0000014056e36100_0, 0;
    %jmp T_218.1;
T_218.0 ;
    %load/vec4 v0000014056e37a00_0;
    %flag_set/vec4 8;
    %jmp/0xz  T_218.2, 8;
    %load/vec4 v0000014056e38720_0;
    %assign/vec4 v0000014056e361a0_0, 0;
T_218.2 ;
    %load/vec4 v0000014056e38400_0;
    %flag_set/vec4 8;
    %jmp/0xz  T_218.4, 8;
    %load/vec4 v0000014056e37fa0_0;
    %assign/vec4 v0000014056e38860_0, 0;
    %load/vec4 v0000014056e384a0_0;
    %load/vec4 v0000014056e37fa0_0;
    %pad/s 32;
    %load/vec4 v0000014056e361a0_0;
    %pad/s 32;
    %mul;
    %add;
    %assign/vec4 v0000014056e36100_0, 0;
T_218.4 ;
T_218.1 ;
    %jmp T_218;
    .thread T_218;
    .scope S_0000014056e724d0;
T_219 ;
    %wait E_0000014056cf68e0;
    %load/vec4 v0000014056e3ad40_0;
    %nor/r;
    %flag_set/vec4 8;
    %jmp/0xz  T_219.0, 8;
    %pushi/vec4 0, 0, 8;
    %assign/vec4 v0000014056e398a0_0, 0;
    %pushi/vec4 0, 0, 8;
    %assign/vec4 v0000014056e39080_0, 0;
    %pushi/vec4 0, 0, 32;
    %assign/vec4 v0000014056e38a40_0, 0;
    %jmp T_219.1;
T_219.0 ;
    %load/vec4 v0000014056e3ae80_0;
    %flag_set/vec4 8;
    %jmp/0xz  T_219.2, 8;
    %load/vec4 v0000014056e38f40_0;
    %assign/vec4 v0000014056e398a0_0, 0;
T_219.2 ;
    %load/vec4 v0000014056e37640_0;
    %flag_set/vec4 8;
    %jmp/0xz  T_219.4, 8;
    %load/vec4 v0000014056e37820_0;
    %assign/vec4 v0000014056e39080_0, 0;
    %load/vec4 v0000014056e3a0c0_0;
    %load/vec4 v0000014056e37820_0;
    %pad/s 32;
    %load/vec4 v0000014056e398a0_0;
    %pad/s 32;
    %mul;
    %add;
    %assign/vec4 v0000014056e38a40_0, 0;
T_219.4 ;
T_219.1 ;
    %jmp T_219;
    .thread T_219;
    .scope S_0000014056e75090;
T_220 ;
    %wait E_0000014056cf68e0;
    %load/vec4 v0000014056e3a5c0_0;
    %nor/r;
    %flag_set/vec4 8;
    %jmp/0xz  T_220.0, 8;
    %pushi/vec4 0, 0, 8;
    %assign/vec4 v0000014056e389a0_0, 0;
    %pushi/vec4 0, 0, 8;
    %assign/vec4 v0000014056e39a80_0, 0;
    %pushi/vec4 0, 0, 32;
    %assign/vec4 v0000014056e394e0_0, 0;
    %jmp T_220.1;
T_220.0 ;
    %load/vec4 v0000014056e39440_0;
    %flag_set/vec4 8;
    %jmp/0xz  T_220.2, 8;
    %load/vec4 v0000014056e39260_0;
    %assign/vec4 v0000014056e389a0_0, 0;
T_220.2 ;
    %load/vec4 v0000014056e3a7a0_0;
    %flag_set/vec4 8;
    %jmp/0xz  T_220.4, 8;
    %load/vec4 v0000014056e3ade0_0;
    %assign/vec4 v0000014056e39a80_0, 0;
    %load/vec4 v0000014056e3a340_0;
    %load/vec4 v0000014056e3ade0_0;
    %pad/s 32;
    %load/vec4 v0000014056e389a0_0;
    %pad/s 32;
    %mul;
    %add;
    %assign/vec4 v0000014056e394e0_0, 0;
T_220.4 ;
T_220.1 ;
    %jmp T_220;
    .thread T_220;
    .scope S_0000014056e71850;
T_221 ;
    %wait E_0000014056cf68e0;
    %load/vec4 v0000014056e38b80_0;
    %nor/r;
    %flag_set/vec4 8;
    %jmp/0xz  T_221.0, 8;
    %pushi/vec4 0, 0, 8;
    %assign/vec4 v0000014056e39da0_0, 0;
    %pushi/vec4 0, 0, 8;
    %assign/vec4 v0000014056e39940_0, 0;
    %pushi/vec4 0, 0, 32;
    %assign/vec4 v0000014056e399e0_0, 0;
    %jmp T_221.1;
T_221.0 ;
    %load/vec4 v0000014056e3a8e0_0;
    %flag_set/vec4 8;
    %jmp/0xz  T_221.2, 8;
    %load/vec4 v0000014056e3af20_0;
    %assign/vec4 v0000014056e39da0_0, 0;
T_221.2 ;
    %load/vec4 v0000014056e39620_0;
    %flag_set/vec4 8;
    %jmp/0xz  T_221.4, 8;
    %load/vec4 v0000014056e39d00_0;
    %assign/vec4 v0000014056e39940_0, 0;
    %load/vec4 v0000014056e39760_0;
    %load/vec4 v0000014056e39d00_0;
    %pad/s 32;
    %load/vec4 v0000014056e39da0_0;
    %pad/s 32;
    %mul;
    %add;
    %assign/vec4 v0000014056e399e0_0, 0;
T_221.4 ;
T_221.1 ;
    %jmp T_221;
    .thread T_221;
    .scope S_0000014056e73150;
T_222 ;
    %wait E_0000014056cf68e0;
    %load/vec4 v0000014056e3a660_0;
    %nor/r;
    %flag_set/vec4 8;
    %jmp/0xz  T_222.0, 8;
    %pushi/vec4 0, 0, 8;
    %assign/vec4 v0000014056e3a520_0, 0;
    %pushi/vec4 0, 0, 8;
    %assign/vec4 v0000014056e3a980_0, 0;
    %pushi/vec4 0, 0, 32;
    %assign/vec4 v0000014056e3a480_0, 0;
    %jmp T_222.1;
T_222.0 ;
    %load/vec4 v0000014056e3a3e0_0;
    %flag_set/vec4 8;
    %jmp/0xz  T_222.2, 8;
    %load/vec4 v0000014056e3afc0_0;
    %assign/vec4 v0000014056e3a520_0, 0;
T_222.2 ;
    %load/vec4 v0000014056e38ea0_0;
    %flag_set/vec4 8;
    %jmp/0xz  T_222.4, 8;
    %load/vec4 v0000014056e3aac0_0;
    %assign/vec4 v0000014056e3a980_0, 0;
    %load/vec4 v0000014056e38c20_0;
    %load/vec4 v0000014056e3aac0_0;
    %pad/s 32;
    %load/vec4 v0000014056e3a520_0;
    %pad/s 32;
    %mul;
    %add;
    %assign/vec4 v0000014056e3a480_0, 0;
T_222.4 ;
T_222.1 ;
    %jmp T_222;
    .thread T_222;
    .scope S_0000014056e72e30;
T_223 ;
    %wait E_0000014056cf68e0;
    %load/vec4 v0000014056e3d860_0;
    %nor/r;
    %flag_set/vec4 8;
    %jmp/0xz  T_223.0, 8;
    %pushi/vec4 0, 0, 8;
    %assign/vec4 v0000014056e3c8c0_0, 0;
    %pushi/vec4 0, 0, 8;
    %assign/vec4 v0000014056e38e00_0, 0;
    %pushi/vec4 0, 0, 32;
    %assign/vec4 v0000014056e3c820_0, 0;
    %jmp T_223.1;
T_223.0 ;
    %load/vec4 v0000014056e38d60_0;
    %flag_set/vec4 8;
    %jmp/0xz  T_223.2, 8;
    %load/vec4 v0000014056e38cc0_0;
    %assign/vec4 v0000014056e3c8c0_0, 0;
T_223.2 ;
    %load/vec4 v0000014056e38900_0;
    %flag_set/vec4 8;
    %jmp/0xz  T_223.4, 8;
    %load/vec4 v0000014056e38ae0_0;
    %assign/vec4 v0000014056e38e00_0, 0;
    %load/vec4 v0000014056e3aca0_0;
    %load/vec4 v0000014056e38ae0_0;
    %pad/s 32;
    %load/vec4 v0000014056e3c8c0_0;
    %pad/s 32;
    %mul;
    %add;
    %assign/vec4 v0000014056e3c820_0, 0;
T_223.4 ;
T_223.1 ;
    %jmp T_223;
    .thread T_223;
    .scope S_0000014056e73dd0;
T_224 ;
    %wait E_0000014056cf68e0;
    %load/vec4 v0000014056e3cb40_0;
    %nor/r;
    %flag_set/vec4 8;
    %jmp/0xz  T_224.0, 8;
    %pushi/vec4 0, 0, 8;
    %assign/vec4 v0000014056e3ba60_0, 0;
    %pushi/vec4 0, 0, 8;
    %assign/vec4 v0000014056e3cfa0_0, 0;
    %pushi/vec4 0, 0, 32;
    %assign/vec4 v0000014056e3cdc0_0, 0;
    %jmp T_224.1;
T_224.0 ;
    %load/vec4 v0000014056e3d220_0;
    %flag_set/vec4 8;
    %jmp/0xz  T_224.2, 8;
    %load/vec4 v0000014056e3c320_0;
    %assign/vec4 v0000014056e3ba60_0, 0;
T_224.2 ;
    %load/vec4 v0000014056e3c6e0_0;
    %flag_set/vec4 8;
    %jmp/0xz  T_224.4, 8;
    %load/vec4 v0000014056e3c000_0;
    %assign/vec4 v0000014056e3cfa0_0, 0;
    %load/vec4 v0000014056e3b740_0;
    %load/vec4 v0000014056e3c000_0;
    %pad/s 32;
    %load/vec4 v0000014056e3ba60_0;
    %pad/s 32;
    %mul;
    %add;
    %assign/vec4 v0000014056e3cdc0_0, 0;
T_224.4 ;
T_224.1 ;
    %jmp T_224;
    .thread T_224;
    .scope S_0000014056e713a0;
T_225 ;
    %wait E_0000014056cf68e0;
    %load/vec4 v0000014056e3bce0_0;
    %nor/r;
    %flag_set/vec4 8;
    %jmp/0xz  T_225.0, 8;
    %pushi/vec4 0, 0, 8;
    %assign/vec4 v0000014056e3bd80_0, 0;
    %pushi/vec4 0, 0, 8;
    %assign/vec4 v0000014056e3b1a0_0, 0;
    %pushi/vec4 0, 0, 32;
    %assign/vec4 v0000014056e3d2c0_0, 0;
    %jmp T_225.1;
T_225.0 ;
    %load/vec4 v0000014056e3d4a0_0;
    %flag_set/vec4 8;
    %jmp/0xz  T_225.2, 8;
    %load/vec4 v0000014056e3b100_0;
    %assign/vec4 v0000014056e3bd80_0, 0;
T_225.2 ;
    %load/vec4 v0000014056e3ce60_0;
    %flag_set/vec4 8;
    %jmp/0xz  T_225.4, 8;
    %load/vec4 v0000014056e3bc40_0;
    %assign/vec4 v0000014056e3b1a0_0, 0;
    %load/vec4 v0000014056e3d7c0_0;
    %load/vec4 v0000014056e3bc40_0;
    %pad/s 32;
    %load/vec4 v0000014056e3bd80_0;
    %pad/s 32;
    %mul;
    %add;
    %assign/vec4 v0000014056e3d2c0_0, 0;
T_225.4 ;
T_225.1 ;
    %jmp T_225;
    .thread T_225;
    .scope S_0000014056e73470;
T_226 ;
    %wait E_0000014056cf68e0;
    %load/vec4 v0000014056e3c0a0_0;
    %nor/r;
    %flag_set/vec4 8;
    %jmp/0xz  T_226.0, 8;
    %pushi/vec4 0, 0, 8;
    %assign/vec4 v0000014056e3be20_0, 0;
    %pushi/vec4 0, 0, 8;
    %assign/vec4 v0000014056e3bba0_0, 0;
    %pushi/vec4 0, 0, 32;
    %assign/vec4 v0000014056e3b7e0_0, 0;
    %jmp T_226.1;
T_226.0 ;
    %load/vec4 v0000014056e3b920_0;
    %flag_set/vec4 8;
    %jmp/0xz  T_226.2, 8;
    %load/vec4 v0000014056e3d5e0_0;
    %assign/vec4 v0000014056e3be20_0, 0;
T_226.2 ;
    %load/vec4 v0000014056e3c640_0;
    %flag_set/vec4 8;
    %jmp/0xz  T_226.4, 8;
    %load/vec4 v0000014056e3bb00_0;
    %assign/vec4 v0000014056e3bba0_0, 0;
    %load/vec4 v0000014056e3c780_0;
    %load/vec4 v0000014056e3bb00_0;
    %pad/s 32;
    %load/vec4 v0000014056e3be20_0;
    %pad/s 32;
    %mul;
    %add;
    %assign/vec4 v0000014056e3b7e0_0, 0;
T_226.4 ;
T_226.1 ;
    %jmp T_226;
    .thread T_226;
    .scope S_0000014056e73600;
T_227 ;
    %wait E_0000014056cf68e0;
    %load/vec4 v0000014056e3b600_0;
    %nor/r;
    %flag_set/vec4 8;
    %jmp/0xz  T_227.0, 8;
    %pushi/vec4 0, 0, 8;
    %assign/vec4 v0000014056e3b4c0_0, 0;
    %pushi/vec4 0, 0, 8;
    %assign/vec4 v0000014056e3b2e0_0, 0;
    %pushi/vec4 0, 0, 32;
    %assign/vec4 v0000014056e3b420_0, 0;
    %jmp T_227.1;
T_227.0 ;
    %load/vec4 v0000014056e3c960_0;
    %flag_set/vec4 8;
    %jmp/0xz  T_227.2, 8;
    %load/vec4 v0000014056e3c460_0;
    %assign/vec4 v0000014056e3b4c0_0, 0;
T_227.2 ;
    %load/vec4 v0000014056e3b560_0;
    %flag_set/vec4 8;
    %jmp/0xz  T_227.4, 8;
    %load/vec4 v0000014056e3c1e0_0;
    %assign/vec4 v0000014056e3b2e0_0, 0;
    %load/vec4 v0000014056e3c280_0;
    %load/vec4 v0000014056e3c1e0_0;
    %pad/s 32;
    %load/vec4 v0000014056e3b4c0_0;
    %pad/s 32;
    %mul;
    %add;
    %assign/vec4 v0000014056e3b420_0, 0;
T_227.4 ;
T_227.1 ;
    %jmp T_227;
    .thread T_227;
    .scope S_0000014056e75b80;
T_228 ;
    %wait E_0000014056cf68e0;
    %load/vec4 v0000014056e3e120_0;
    %nor/r;
    %flag_set/vec4 8;
    %jmp/0xz  T_228.0, 8;
    %pushi/vec4 0, 0, 8;
    %assign/vec4 v0000014056e3f700_0, 0;
    %pushi/vec4 0, 0, 8;
    %assign/vec4 v0000014056e3dae0_0, 0;
    %pushi/vec4 0, 0, 32;
    %assign/vec4 v0000014056e3d900_0, 0;
    %jmp T_228.1;
T_228.0 ;
    %load/vec4 v0000014056e3f660_0;
    %flag_set/vec4 8;
    %jmp/0xz  T_228.2, 8;
    %load/vec4 v0000014056e3e080_0;
    %assign/vec4 v0000014056e3f700_0, 0;
T_228.2 ;
    %load/vec4 v0000014056e3f980_0;
    %flag_set/vec4 8;
    %jmp/0xz  T_228.4, 8;
    %load/vec4 v0000014056e3f3e0_0;
    %assign/vec4 v0000014056e3dae0_0, 0;
    %load/vec4 v0000014056e3dcc0_0;
    %load/vec4 v0000014056e3f3e0_0;
    %pad/s 32;
    %load/vec4 v0000014056e3f700_0;
    %pad/s 32;
    %mul;
    %add;
    %assign/vec4 v0000014056e3d900_0, 0;
T_228.4 ;
T_228.1 ;
    %jmp T_228;
    .thread T_228;
    .scope S_0000014056e75ea0;
T_229 ;
    %wait E_0000014056cf68e0;
    %load/vec4 v0000014056e3f520_0;
    %nor/r;
    %flag_set/vec4 8;
    %jmp/0xz  T_229.0, 8;
    %pushi/vec4 0, 0, 8;
    %assign/vec4 v0000014056e3e800_0, 0;
    %pushi/vec4 0, 0, 8;
    %assign/vec4 v0000014056e3e940_0, 0;
    %pushi/vec4 0, 0, 32;
    %assign/vec4 v0000014056e3e8a0_0, 0;
    %jmp T_229.1;
T_229.0 ;
    %load/vec4 v0000014056e3f840_0;
    %flag_set/vec4 8;
    %jmp/0xz  T_229.2, 8;
    %load/vec4 v0000014056e3fc00_0;
    %assign/vec4 v0000014056e3e800_0, 0;
T_229.2 ;
    %load/vec4 v0000014056e3df40_0;
    %flag_set/vec4 8;
    %jmp/0xz  T_229.4, 8;
    %load/vec4 v0000014056e3f2a0_0;
    %assign/vec4 v0000014056e3e940_0, 0;
    %load/vec4 v0000014056e3ff20_0;
    %load/vec4 v0000014056e3f2a0_0;
    %pad/s 32;
    %load/vec4 v0000014056e3e800_0;
    %pad/s 32;
    %mul;
    %add;
    %assign/vec4 v0000014056e3e8a0_0, 0;
T_229.4 ;
T_229.1 ;
    %jmp T_229;
    .thread T_229;
    .scope S_0000014056e76b20;
T_230 ;
    %wait E_0000014056cf68e0;
    %load/vec4 v0000014056e3fa20_0;
    %nor/r;
    %flag_set/vec4 8;
    %jmp/0xz  T_230.0, 8;
    %pushi/vec4 0, 0, 8;
    %assign/vec4 v0000014056e3f7a0_0, 0;
    %pushi/vec4 0, 0, 8;
    %assign/vec4 v0000014056e3de00_0, 0;
    %pushi/vec4 0, 0, 32;
    %assign/vec4 v0000014056e3fe80_0, 0;
    %jmp T_230.1;
T_230.0 ;
    %load/vec4 v0000014056e3f8e0_0;
    %flag_set/vec4 8;
    %jmp/0xz  T_230.2, 8;
    %load/vec4 v0000014056e3dfe0_0;
    %assign/vec4 v0000014056e3f7a0_0, 0;
T_230.2 ;
    %load/vec4 v0000014056e3fac0_0;
    %flag_set/vec4 8;
    %jmp/0xz  T_230.4, 8;
    %load/vec4 v0000014056e3f480_0;
    %assign/vec4 v0000014056e3de00_0, 0;
    %load/vec4 v0000014056e3ec60_0;
    %load/vec4 v0000014056e3f480_0;
    %pad/s 32;
    %load/vec4 v0000014056e3f7a0_0;
    %pad/s 32;
    %mul;
    %add;
    %assign/vec4 v0000014056e3fe80_0, 0;
T_230.4 ;
T_230.1 ;
    %jmp T_230;
    .thread T_230;
    .scope S_0000014056e76990;
T_231 ;
    %wait E_0000014056cf68e0;
    %load/vec4 v0000014056e3e620_0;
    %nor/r;
    %flag_set/vec4 8;
    %jmp/0xz  T_231.0, 8;
    %pushi/vec4 0, 0, 8;
    %assign/vec4 v0000014056e3e580_0, 0;
    %pushi/vec4 0, 0, 8;
    %assign/vec4 v0000014056e3fde0_0, 0;
    %pushi/vec4 0, 0, 32;
    %assign/vec4 v0000014056e3e440_0, 0;
    %jmp T_231.1;
T_231.0 ;
    %load/vec4 v0000014056e3eee0_0;
    %flag_set/vec4 8;
    %jmp/0xz  T_231.2, 8;
    %load/vec4 v0000014056e3fca0_0;
    %assign/vec4 v0000014056e3e580_0, 0;
T_231.2 ;
    %load/vec4 v0000014056e3ef80_0;
    %flag_set/vec4 8;
    %jmp/0xz  T_231.4, 8;
    %load/vec4 v0000014056e3dc20_0;
    %assign/vec4 v0000014056e3fde0_0, 0;
    %load/vec4 v0000014056e3e3a0_0;
    %load/vec4 v0000014056e3dc20_0;
    %pad/s 32;
    %load/vec4 v0000014056e3e580_0;
    %pad/s 32;
    %mul;
    %add;
    %assign/vec4 v0000014056e3e440_0, 0;
T_231.4 ;
T_231.1 ;
    %jmp T_231;
    .thread T_231;
    .scope S_0000014056e77160;
T_232 ;
    %wait E_0000014056cf68e0;
    %load/vec4 v0000014056e407e0_0;
    %nor/r;
    %flag_set/vec4 8;
    %jmp/0xz  T_232.0, 8;
    %pushi/vec4 0, 0, 8;
    %assign/vec4 v0000014056e422c0_0, 0;
    %pushi/vec4 0, 0, 8;
    %assign/vec4 v0000014056e415a0_0, 0;
    %pushi/vec4 0, 0, 32;
    %assign/vec4 v0000014056e40ec0_0, 0;
    %jmp T_232.1;
T_232.0 ;
    %load/vec4 v0000014056e42180_0;
    %flag_set/vec4 8;
    %jmp/0xz  T_232.2, 8;
    %load/vec4 v0000014056e40c40_0;
    %assign/vec4 v0000014056e422c0_0, 0;
T_232.2 ;
    %load/vec4 v0000014056e40740_0;
    %flag_set/vec4 8;
    %jmp/0xz  T_232.4, 8;
    %load/vec4 v0000014056e401a0_0;
    %assign/vec4 v0000014056e415a0_0, 0;
    %load/vec4 v0000014056e40f60_0;
    %load/vec4 v0000014056e401a0_0;
    %pad/s 32;
    %load/vec4 v0000014056e422c0_0;
    %pad/s 32;
    %mul;
    %add;
    %assign/vec4 v0000014056e40ec0_0, 0;
T_232.4 ;
T_232.1 ;
    %jmp T_232;
    .thread T_232;
    .scope S_0000014056e788d0;
T_233 ;
    %wait E_0000014056cf68e0;
    %load/vec4 v0000014056e42400_0;
    %nor/r;
    %flag_set/vec4 8;
    %jmp/0xz  T_233.0, 8;
    %pushi/vec4 0, 0, 8;
    %assign/vec4 v0000014056e413c0_0, 0;
    %pushi/vec4 0, 0, 8;
    %assign/vec4 v0000014056e411e0_0, 0;
    %pushi/vec4 0, 0, 32;
    %assign/vec4 v0000014056e42720_0, 0;
    %jmp T_233.1;
T_233.0 ;
    %load/vec4 v0000014056e41000_0;
    %flag_set/vec4 8;
    %jmp/0xz  T_233.2, 8;
    %load/vec4 v0000014056e40d80_0;
    %assign/vec4 v0000014056e413c0_0, 0;
T_233.2 ;
    %load/vec4 v0000014056e41780_0;
    %flag_set/vec4 8;
    %jmp/0xz  T_233.4, 8;
    %load/vec4 v0000014056e410a0_0;
    %assign/vec4 v0000014056e411e0_0, 0;
    %load/vec4 v0000014056e40ce0_0;
    %load/vec4 v0000014056e410a0_0;
    %pad/s 32;
    %load/vec4 v0000014056e413c0_0;
    %pad/s 32;
    %mul;
    %add;
    %assign/vec4 v0000014056e42720_0, 0;
T_233.4 ;
T_233.1 ;
    %jmp T_233;
    .thread T_233;
    .scope S_0000014056e7b170;
T_234 ;
    %wait E_0000014056cf68e0;
    %load/vec4 v0000014056e40420_0;
    %nor/r;
    %flag_set/vec4 8;
    %jmp/0xz  T_234.0, 8;
    %pushi/vec4 0, 0, 8;
    %assign/vec4 v0000014056e41f00_0, 0;
    %pushi/vec4 0, 0, 8;
    %assign/vec4 v0000014056e40380_0, 0;
    %pushi/vec4 0, 0, 32;
    %assign/vec4 v0000014056e418c0_0, 0;
    %jmp T_234.1;
T_234.0 ;
    %load/vec4 v0000014056e41500_0;
    %flag_set/vec4 8;
    %jmp/0xz  T_234.2, 8;
    %load/vec4 v0000014056e41460_0;
    %assign/vec4 v0000014056e41f00_0, 0;
T_234.2 ;
    %load/vec4 v0000014056e40880_0;
    %flag_set/vec4 8;
    %jmp/0xz  T_234.4, 8;
    %load/vec4 v0000014056e41c80_0;
    %assign/vec4 v0000014056e40380_0, 0;
    %load/vec4 v0000014056e41820_0;
    %load/vec4 v0000014056e41c80_0;
    %pad/s 32;
    %load/vec4 v0000014056e41f00_0;
    %pad/s 32;
    %mul;
    %add;
    %assign/vec4 v0000014056e418c0_0, 0;
T_234.4 ;
T_234.1 ;
    %jmp T_234;
    .thread T_234;
    .scope S_0000014056e7a810;
T_235 ;
    %wait E_0000014056cf68e0;
    %load/vec4 v0000014056e41b40_0;
    %nor/r;
    %flag_set/vec4 8;
    %jmp/0xz  T_235.0, 8;
    %pushi/vec4 0, 0, 8;
    %assign/vec4 v0000014056e42540_0, 0;
    %pushi/vec4 0, 0, 8;
    %assign/vec4 v0000014056e42040_0, 0;
    %pushi/vec4 0, 0, 32;
    %assign/vec4 v0000014056e424a0_0, 0;
    %jmp T_235.1;
T_235.0 ;
    %load/vec4 v0000014056e41aa0_0;
    %flag_set/vec4 8;
    %jmp/0xz  T_235.2, 8;
    %load/vec4 v0000014056e40560_0;
    %assign/vec4 v0000014056e42540_0, 0;
T_235.2 ;
    %load/vec4 v0000014056e41a00_0;
    %flag_set/vec4 8;
    %jmp/0xz  T_235.4, 8;
    %load/vec4 v0000014056e404c0_0;
    %assign/vec4 v0000014056e42040_0, 0;
    %load/vec4 v0000014056e42360_0;
    %load/vec4 v0000014056e404c0_0;
    %pad/s 32;
    %load/vec4 v0000014056e42540_0;
    %pad/s 32;
    %mul;
    %add;
    %assign/vec4 v0000014056e424a0_0, 0;
T_235.4 ;
T_235.1 ;
    %jmp T_235;
    .thread T_235;
    .scope S_0000014056e7a680;
T_236 ;
    %wait E_0000014056cf68e0;
    %load/vec4 v0000014056e44660_0;
    %nor/r;
    %flag_set/vec4 8;
    %jmp/0xz  T_236.0, 8;
    %pushi/vec4 0, 0, 8;
    %assign/vec4 v0000014056e43080_0, 0;
    %pushi/vec4 0, 0, 8;
    %assign/vec4 v0000014056e43580_0, 0;
    %pushi/vec4 0, 0, 32;
    %assign/vec4 v0000014056e42cc0_0, 0;
    %jmp T_236.1;
T_236.0 ;
    %load/vec4 v0000014056e43da0_0;
    %flag_set/vec4 8;
    %jmp/0xz  T_236.2, 8;
    %load/vec4 v0000014056e44fc0_0;
    %assign/vec4 v0000014056e43080_0, 0;
T_236.2 ;
    %load/vec4 v0000014056e40920_0;
    %flag_set/vec4 8;
    %jmp/0xz  T_236.4, 8;
    %load/vec4 v0000014056e409c0_0;
    %assign/vec4 v0000014056e43580_0, 0;
    %load/vec4 v0000014056e42900_0;
    %load/vec4 v0000014056e409c0_0;
    %pad/s 32;
    %load/vec4 v0000014056e43080_0;
    %pad/s 32;
    %mul;
    %add;
    %assign/vec4 v0000014056e42cc0_0, 0;
T_236.4 ;
T_236.1 ;
    %jmp T_236;
    .thread T_236;
    .scope S_0000014056e78740;
T_237 ;
    %wait E_0000014056cf68e0;
    %load/vec4 v0000014056e434e0_0;
    %nor/r;
    %flag_set/vec4 8;
    %jmp/0xz  T_237.0, 8;
    %pushi/vec4 0, 0, 8;
    %assign/vec4 v0000014056e43940_0, 0;
    %pushi/vec4 0, 0, 8;
    %assign/vec4 v0000014056e448e0_0, 0;
    %pushi/vec4 0, 0, 32;
    %assign/vec4 v0000014056e44840_0, 0;
    %jmp T_237.1;
T_237.0 ;
    %load/vec4 v0000014056e433a0_0;
    %flag_set/vec4 8;
    %jmp/0xz  T_237.2, 8;
    %load/vec4 v0000014056e42fe0_0;
    %assign/vec4 v0000014056e43940_0, 0;
T_237.2 ;
    %load/vec4 v0000014056e43120_0;
    %flag_set/vec4 8;
    %jmp/0xz  T_237.4, 8;
    %load/vec4 v0000014056e43260_0;
    %assign/vec4 v0000014056e448e0_0, 0;
    %load/vec4 v0000014056e44a20_0;
    %load/vec4 v0000014056e43260_0;
    %pad/s 32;
    %load/vec4 v0000014056e43940_0;
    %pad/s 32;
    %mul;
    %add;
    %assign/vec4 v0000014056e44840_0, 0;
T_237.4 ;
T_237.1 ;
    %jmp T_237;
    .thread T_237;
    .scope S_0000014056e79550;
T_238 ;
    %wait E_0000014056cf68e0;
    %load/vec4 v0000014056e44ac0_0;
    %nor/r;
    %flag_set/vec4 8;
    %jmp/0xz  T_238.0, 8;
    %pushi/vec4 0, 0, 8;
    %assign/vec4 v0000014056e43440_0, 0;
    %pushi/vec4 0, 0, 8;
    %assign/vec4 v0000014056e429a0_0, 0;
    %pushi/vec4 0, 0, 32;
    %assign/vec4 v0000014056e43e40_0, 0;
    %jmp T_238.1;
T_238.0 ;
    %load/vec4 v0000014056e43300_0;
    %flag_set/vec4 8;
    %jmp/0xz  T_238.2, 8;
    %load/vec4 v0000014056e44f20_0;
    %assign/vec4 v0000014056e43440_0, 0;
T_238.2 ;
    %load/vec4 v0000014056e44020_0;
    %flag_set/vec4 8;
    %jmp/0xz  T_238.4, 8;
    %load/vec4 v0000014056e42a40_0;
    %assign/vec4 v0000014056e429a0_0, 0;
    %load/vec4 v0000014056e43d00_0;
    %load/vec4 v0000014056e42a40_0;
    %pad/s 32;
    %load/vec4 v0000014056e43440_0;
    %pad/s 32;
    %mul;
    %add;
    %assign/vec4 v0000014056e43e40_0, 0;
T_238.4 ;
T_238.1 ;
    %jmp T_238;
    .thread T_238;
    .scope S_0000014056e78420;
T_239 ;
    %wait E_0000014056cf68e0;
    %load/vec4 v0000014056e42ae0_0;
    %nor/r;
    %flag_set/vec4 8;
    %jmp/0xz  T_239.0, 8;
    %pushi/vec4 0, 0, 8;
    %assign/vec4 v0000014056e443e0_0, 0;
    %pushi/vec4 0, 0, 8;
    %assign/vec4 v0000014056e44340_0, 0;
    %pushi/vec4 0, 0, 32;
    %assign/vec4 v0000014056e44b60_0, 0;
    %jmp T_239.1;
T_239.0 ;
    %load/vec4 v0000014056e442a0_0;
    %flag_set/vec4 8;
    %jmp/0xz  T_239.2, 8;
    %load/vec4 v0000014056e44200_0;
    %assign/vec4 v0000014056e443e0_0, 0;
T_239.2 ;
    %load/vec4 v0000014056e42d60_0;
    %flag_set/vec4 8;
    %jmp/0xz  T_239.4, 8;
    %load/vec4 v0000014056e43760_0;
    %assign/vec4 v0000014056e44340_0, 0;
    %load/vec4 v0000014056e43800_0;
    %load/vec4 v0000014056e43760_0;
    %pad/s 32;
    %load/vec4 v0000014056e443e0_0;
    %pad/s 32;
    %mul;
    %add;
    %assign/vec4 v0000014056e44b60_0, 0;
T_239.4 ;
T_239.1 ;
    %jmp T_239;
    .thread T_239;
    .scope S_0000014056e7b940;
T_240 ;
    %wait E_0000014056cf68e0;
    %load/vec4 v0000014056e45380_0;
    %nor/r;
    %flag_set/vec4 8;
    %jmp/0xz  T_240.0, 8;
    %pushi/vec4 0, 0, 8;
    %assign/vec4 v0000014056e466e0_0, 0;
    %pushi/vec4 0, 0, 8;
    %assign/vec4 v0000014056e45a60_0, 0;
    %pushi/vec4 0, 0, 32;
    %assign/vec4 v0000014056e46e60_0, 0;
    %jmp T_240.1;
T_240.0 ;
    %load/vec4 v0000014056e46460_0;
    %flag_set/vec4 8;
    %jmp/0xz  T_240.2, 8;
    %load/vec4 v0000014056e46d20_0;
    %assign/vec4 v0000014056e466e0_0, 0;
T_240.2 ;
    %load/vec4 v0000014056e42f40_0;
    %flag_set/vec4 8;
    %jmp/0xz  T_240.4, 8;
    %load/vec4 v0000014056e431c0_0;
    %assign/vec4 v0000014056e45a60_0, 0;
    %load/vec4 v0000014056e45ba0_0;
    %load/vec4 v0000014056e431c0_0;
    %pad/s 32;
    %load/vec4 v0000014056e466e0_0;
    %pad/s 32;
    %mul;
    %add;
    %assign/vec4 v0000014056e46e60_0, 0;
T_240.4 ;
T_240.1 ;
    %jmp T_240;
    .thread T_240;
    .scope S_0000014056e7bc60;
T_241 ;
    %wait E_0000014056cf68e0;
    %load/vec4 v0000014056e45740_0;
    %nor/r;
    %flag_set/vec4 8;
    %jmp/0xz  T_241.0, 8;
    %pushi/vec4 0, 0, 8;
    %assign/vec4 v0000014056e46a00_0, 0;
    %pushi/vec4 0, 0, 8;
    %assign/vec4 v0000014056e45b00_0, 0;
    %pushi/vec4 0, 0, 32;
    %assign/vec4 v0000014056e45920_0, 0;
    %jmp T_241.1;
T_241.0 ;
    %load/vec4 v0000014056e45d80_0;
    %flag_set/vec4 8;
    %jmp/0xz  T_241.2, 8;
    %load/vec4 v0000014056e46500_0;
    %assign/vec4 v0000014056e46a00_0, 0;
T_241.2 ;
    %load/vec4 v0000014056e45240_0;
    %flag_set/vec4 8;
    %jmp/0xz  T_241.4, 8;
    %load/vec4 v0000014056e46960_0;
    %assign/vec4 v0000014056e45b00_0, 0;
    %load/vec4 v0000014056e45880_0;
    %load/vec4 v0000014056e46960_0;
    %pad/s 32;
    %load/vec4 v0000014056e46a00_0;
    %pad/s 32;
    %mul;
    %add;
    %assign/vec4 v0000014056e45920_0, 0;
T_241.4 ;
T_241.1 ;
    %jmp T_241;
    .thread T_241;
    .scope S_0000014056e7bf80;
T_242 ;
    %wait E_0000014056cf68e0;
    %load/vec4 v0000014056e45ec0_0;
    %nor/r;
    %flag_set/vec4 8;
    %jmp/0xz  T_242.0, 8;
    %pushi/vec4 0, 0, 8;
    %assign/vec4 v0000014056e45420_0, 0;
    %pushi/vec4 0, 0, 8;
    %assign/vec4 v0000014056e46fa0_0, 0;
    %pushi/vec4 0, 0, 32;
    %assign/vec4 v0000014056e460a0_0, 0;
    %jmp T_242.1;
T_242.0 ;
    %load/vec4 v0000014056e45e20_0;
    %flag_set/vec4 8;
    %jmp/0xz  T_242.2, 8;
    %load/vec4 v0000014056e46dc0_0;
    %assign/vec4 v0000014056e45420_0, 0;
T_242.2 ;
    %load/vec4 v0000014056e459c0_0;
    %flag_set/vec4 8;
    %jmp/0xz  T_242.4, 8;
    %load/vec4 v0000014056e452e0_0;
    %assign/vec4 v0000014056e46fa0_0, 0;
    %load/vec4 v0000014056e45ce0_0;
    %load/vec4 v0000014056e452e0_0;
    %pad/s 32;
    %load/vec4 v0000014056e45420_0;
    %pad/s 32;
    %mul;
    %add;
    %assign/vec4 v0000014056e460a0_0, 0;
T_242.4 ;
T_242.1 ;
    %jmp T_242;
    .thread T_242;
    .scope S_0000014056e7c5c0;
T_243 ;
    %wait E_0000014056cf68e0;
    %load/vec4 v0000014056e882a0_0;
    %nor/r;
    %flag_set/vec4 8;
    %jmp/0xz  T_243.0, 8;
    %pushi/vec4 0, 0, 8;
    %assign/vec4 v0000014056e87a80_0, 0;
    %pushi/vec4 0, 0, 8;
    %assign/vec4 v0000014056e87d00_0, 0;
    %pushi/vec4 0, 0, 32;
    %assign/vec4 v0000014056e87760_0, 0;
    %jmp T_243.1;
T_243.0 ;
    %load/vec4 v0000014056e87c60_0;
    %flag_set/vec4 8;
    %jmp/0xz  T_243.2, 8;
    %load/vec4 v0000014056e463c0_0;
    %assign/vec4 v0000014056e87a80_0, 0;
T_243.2 ;
    %load/vec4 v0000014056e46280_0;
    %flag_set/vec4 8;
    %jmp/0xz  T_243.4, 8;
    %load/vec4 v0000014056e46320_0;
    %assign/vec4 v0000014056e87d00_0, 0;
    %load/vec4 v0000014056e46640_0;
    %load/vec4 v0000014056e46320_0;
    %pad/s 32;
    %load/vec4 v0000014056e87a80_0;
    %pad/s 32;
    %mul;
    %add;
    %assign/vec4 v0000014056e87760_0, 0;
T_243.4 ;
T_243.1 ;
    %jmp T_243;
    .thread T_243;
    .scope S_0000014056e7cd90;
T_244 ;
    %wait E_0000014056cf68e0;
    %load/vec4 v0000014056e87e40_0;
    %nor/r;
    %flag_set/vec4 8;
    %jmp/0xz  T_244.0, 8;
    %pushi/vec4 0, 0, 8;
    %assign/vec4 v0000014056e87f80_0, 0;
    %pushi/vec4 0, 0, 8;
    %assign/vec4 v0000014056e88700_0, 0;
    %pushi/vec4 0, 0, 32;
    %assign/vec4 v0000014056e873a0_0, 0;
    %jmp T_244.1;
T_244.0 ;
    %load/vec4 v0000014056e87b20_0;
    %flag_set/vec4 8;
    %jmp/0xz  T_244.2, 8;
    %load/vec4 v0000014056e87da0_0;
    %assign/vec4 v0000014056e87f80_0, 0;
T_244.2 ;
    %load/vec4 v0000014056e871c0_0;
    %flag_set/vec4 8;
    %jmp/0xz  T_244.4, 8;
    %load/vec4 v0000014056e862c0_0;
    %assign/vec4 v0000014056e88700_0, 0;
    %load/vec4 v0000014056e86cc0_0;
    %load/vec4 v0000014056e862c0_0;
    %pad/s 32;
    %load/vec4 v0000014056e87f80_0;
    %pad/s 32;
    %mul;
    %add;
    %assign/vec4 v0000014056e873a0_0, 0;
T_244.4 ;
T_244.1 ;
    %jmp T_244;
    .thread T_244;
    .scope S_0000014056e7d3d0;
T_245 ;
    %wait E_0000014056cf68e0;
    %load/vec4 v0000014056e883e0_0;
    %nor/r;
    %flag_set/vec4 8;
    %jmp/0xz  T_245.0, 8;
    %pushi/vec4 0, 0, 8;
    %assign/vec4 v0000014056e878a0_0, 0;
    %pushi/vec4 0, 0, 8;
    %assign/vec4 v0000014056e880c0_0, 0;
    %pushi/vec4 0, 0, 32;
    %assign/vec4 v0000014056e87ee0_0, 0;
    %jmp T_245.1;
T_245.0 ;
    %load/vec4 v0000014056e86e00_0;
    %flag_set/vec4 8;
    %jmp/0xz  T_245.2, 8;
    %load/vec4 v0000014056e879e0_0;
    %assign/vec4 v0000014056e878a0_0, 0;
T_245.2 ;
    %load/vec4 v0000014056e86400_0;
    %flag_set/vec4 8;
    %jmp/0xz  T_245.4, 8;
    %load/vec4 v0000014056e88160_0;
    %assign/vec4 v0000014056e880c0_0, 0;
    %load/vec4 v0000014056e87260_0;
    %load/vec4 v0000014056e88160_0;
    %pad/s 32;
    %load/vec4 v0000014056e878a0_0;
    %pad/s 32;
    %mul;
    %add;
    %assign/vec4 v0000014056e87ee0_0, 0;
T_245.4 ;
T_245.1 ;
    %jmp T_245;
    .thread T_245;
    .scope S_0000014056e7ecd0;
T_246 ;
    %wait E_0000014056cf68e0;
    %load/vec4 v0000014056e86900_0;
    %nor/r;
    %flag_set/vec4 8;
    %jmp/0xz  T_246.0, 8;
    %pushi/vec4 0, 0, 8;
    %assign/vec4 v0000014056e88660_0, 0;
    %pushi/vec4 0, 0, 8;
    %assign/vec4 v0000014056e867c0_0, 0;
    %pushi/vec4 0, 0, 32;
    %assign/vec4 v0000014056e86180_0, 0;
    %jmp T_246.1;
T_246.0 ;
    %load/vec4 v0000014056e88340_0;
    %flag_set/vec4 8;
    %jmp/0xz  T_246.2, 8;
    %load/vec4 v0000014056e885c0_0;
    %assign/vec4 v0000014056e88660_0, 0;
T_246.2 ;
    %load/vec4 v0000014056e86f40_0;
    %flag_set/vec4 8;
    %jmp/0xz  T_246.4, 8;
    %load/vec4 v0000014056e87620_0;
    %assign/vec4 v0000014056e867c0_0, 0;
    %load/vec4 v0000014056e86860_0;
    %load/vec4 v0000014056e87620_0;
    %pad/s 32;
    %load/vec4 v0000014056e88660_0;
    %pad/s 32;
    %mul;
    %add;
    %assign/vec4 v0000014056e86180_0, 0;
T_246.4 ;
T_246.1 ;
    %jmp T_246;
    .thread T_246;
    .scope S_0000014056e7f4a0;
T_247 ;
    %wait E_0000014056cf68e0;
    %load/vec4 v0000014056e8a280_0;
    %nor/r;
    %flag_set/vec4 8;
    %jmp/0xz  T_247.0, 8;
    %pushi/vec4 0, 0, 8;
    %assign/vec4 v0000014056e8a500_0, 0;
    %pushi/vec4 0, 0, 8;
    %assign/vec4 v0000014056e894c0_0, 0;
    %pushi/vec4 0, 0, 32;
    %assign/vec4 v0000014056e89560_0, 0;
    %jmp T_247.1;
T_247.0 ;
    %load/vec4 v0000014056e89880_0;
    %flag_set/vec4 8;
    %jmp/0xz  T_247.2, 8;
    %load/vec4 v0000014056e86680_0;
    %assign/vec4 v0000014056e8a500_0, 0;
T_247.2 ;
    %load/vec4 v0000014056e86fe0_0;
    %flag_set/vec4 8;
    %jmp/0xz  T_247.4, 8;
    %load/vec4 v0000014056e87080_0;
    %assign/vec4 v0000014056e894c0_0, 0;
    %load/vec4 v0000014056e87940_0;
    %load/vec4 v0000014056e87080_0;
    %pad/s 32;
    %load/vec4 v0000014056e8a500_0;
    %pad/s 32;
    %mul;
    %add;
    %assign/vec4 v0000014056e89560_0, 0;
T_247.4 ;
T_247.1 ;
    %jmp T_247;
    .thread T_247;
    .scope S_0000014056e80120;
T_248 ;
    %wait E_0000014056cf68e0;
    %load/vec4 v0000014056e8a1e0_0;
    %nor/r;
    %flag_set/vec4 8;
    %jmp/0xz  T_248.0, 8;
    %pushi/vec4 0, 0, 8;
    %assign/vec4 v0000014056e89d80_0, 0;
    %pushi/vec4 0, 0, 8;
    %assign/vec4 v0000014056e8aa00_0, 0;
    %pushi/vec4 0, 0, 32;
    %assign/vec4 v0000014056e8a960_0, 0;
    %jmp T_248.1;
T_248.0 ;
    %load/vec4 v0000014056e888e0_0;
    %flag_set/vec4 8;
    %jmp/0xz  T_248.2, 8;
    %load/vec4 v0000014056e89a60_0;
    %assign/vec4 v0000014056e89d80_0, 0;
T_248.2 ;
    %load/vec4 v0000014056e89600_0;
    %flag_set/vec4 8;
    %jmp/0xz  T_248.4, 8;
    %load/vec4 v0000014056e8a5a0_0;
    %assign/vec4 v0000014056e8aa00_0, 0;
    %load/vec4 v0000014056e88b60_0;
    %load/vec4 v0000014056e8a5a0_0;
    %pad/s 32;
    %load/vec4 v0000014056e89d80_0;
    %pad/s 32;
    %mul;
    %add;
    %assign/vec4 v0000014056e8a960_0, 0;
T_248.4 ;
T_248.1 ;
    %jmp T_248;
    .thread T_248;
    .scope S_0000014056e7d880;
T_249 ;
    %wait E_0000014056cf68e0;
    %load/vec4 v0000014056e8adc0_0;
    %nor/r;
    %flag_set/vec4 8;
    %jmp/0xz  T_249.0, 8;
    %pushi/vec4 0, 0, 8;
    %assign/vec4 v0000014056e8ae60_0, 0;
    %pushi/vec4 0, 0, 8;
    %assign/vec4 v0000014056e8a780_0, 0;
    %pushi/vec4 0, 0, 32;
    %assign/vec4 v0000014056e89e20_0, 0;
    %jmp T_249.1;
T_249.0 ;
    %load/vec4 v0000014056e8a6e0_0;
    %flag_set/vec4 8;
    %jmp/0xz  T_249.2, 8;
    %load/vec4 v0000014056e891a0_0;
    %assign/vec4 v0000014056e8ae60_0, 0;
T_249.2 ;
    %load/vec4 v0000014056e8aaa0_0;
    %flag_set/vec4 8;
    %jmp/0xz  T_249.4, 8;
    %load/vec4 v0000014056e8ad20_0;
    %assign/vec4 v0000014056e8a780_0, 0;
    %load/vec4 v0000014056e8b040_0;
    %load/vec4 v0000014056e8ad20_0;
    %pad/s 32;
    %load/vec4 v0000014056e8ae60_0;
    %pad/s 32;
    %mul;
    %add;
    %assign/vec4 v0000014056e89e20_0, 0;
T_249.4 ;
T_249.1 ;
    %jmp T_249;
    .thread T_249;
    .scope S_0000014056e80760;
T_250 ;
    %wait E_0000014056cf68e0;
    %load/vec4 v0000014056e89f60_0;
    %nor/r;
    %flag_set/vec4 8;
    %jmp/0xz  T_250.0, 8;
    %pushi/vec4 0, 0, 8;
    %assign/vec4 v0000014056e88a20_0, 0;
    %pushi/vec4 0, 0, 8;
    %assign/vec4 v0000014056e88fc0_0, 0;
    %pushi/vec4 0, 0, 32;
    %assign/vec4 v0000014056e89b00_0, 0;
    %jmp T_250.1;
T_250.0 ;
    %load/vec4 v0000014056e8ac80_0;
    %flag_set/vec4 8;
    %jmp/0xz  T_250.2, 8;
    %load/vec4 v0000014056e88ca0_0;
    %assign/vec4 v0000014056e88a20_0, 0;
T_250.2 ;
    %load/vec4 v0000014056e892e0_0;
    %flag_set/vec4 8;
    %jmp/0xz  T_250.4, 8;
    %load/vec4 v0000014056e88980_0;
    %assign/vec4 v0000014056e88fc0_0, 0;
    %load/vec4 v0000014056e89060_0;
    %load/vec4 v0000014056e88980_0;
    %pad/s 32;
    %load/vec4 v0000014056e88a20_0;
    %pad/s 32;
    %mul;
    %add;
    %assign/vec4 v0000014056e89b00_0, 0;
T_250.4 ;
T_250.1 ;
    %jmp T_250;
    .thread T_250;
    .scope S_0000014056e80440;
T_251 ;
    %wait E_0000014056cf68e0;
    %load/vec4 v0000014056e8cb20_0;
    %nor/r;
    %flag_set/vec4 8;
    %jmp/0xz  T_251.0, 8;
    %pushi/vec4 0, 0, 8;
    %assign/vec4 v0000014056e8cc60_0, 0;
    %pushi/vec4 0, 0, 8;
    %assign/vec4 v0000014056e8b4a0_0, 0;
    %pushi/vec4 0, 0, 32;
    %assign/vec4 v0000014056e8d0c0_0, 0;
    %jmp T_251.1;
T_251.0 ;
    %load/vec4 v0000014056e8c8a0_0;
    %flag_set/vec4 8;
    %jmp/0xz  T_251.2, 8;
    %load/vec4 v0000014056e89380_0;
    %assign/vec4 v0000014056e8cc60_0, 0;
T_251.2 ;
    %load/vec4 v0000014056e8a140_0;
    %flag_set/vec4 8;
    %jmp/0xz  T_251.4, 8;
    %load/vec4 v0000014056e88d40_0;
    %assign/vec4 v0000014056e8b4a0_0, 0;
    %load/vec4 v0000014056e88de0_0;
    %load/vec4 v0000014056e88d40_0;
    %pad/s 32;
    %load/vec4 v0000014056e8cc60_0;
    %pad/s 32;
    %mul;
    %add;
    %assign/vec4 v0000014056e8d0c0_0, 0;
T_251.4 ;
T_251.1 ;
    %jmp T_251;
    .thread T_251;
    .scope S_0000014056d72e10;
T_252 ;
    %wait E_0000014056cf6620;
    %load/vec4 v0000014056cb8520_0;
    %flag_set/vec4 8;
    %jmp/0xz  T_252.0, 8;
    %load/vec4 v0000014056cba280_0;
    %load/vec4 v0000014056cba1e0_0;
    %add;
    %store/vec4 v0000014056cb8de0_0, 0, 32;
    %jmp T_252.1;
T_252.0 ;
    %load/vec4 v0000014056cba1e0_0;
    %store/vec4 v0000014056cb8de0_0, 0, 32;
T_252.1 ;
    %jmp T_252;
    .thread T_252, $push;
    .scope S_0000014056d72e10;
T_253 ;
    %wait E_0000014056cf5fe0;
    %load/vec4 v0000014056cb8ca0_0;
    %flag_set/vec4 8;
    %jmp/0xz  T_253.0, 8;
    %load/vec4 v0000014056cb8de0_0;
    %load/vec4 v0000014056cb80c0_0;
    %pad/u 10;
    %ix/vec4 3;
    %ix/load 4, 0, 0; Constant delay
    %assign/vec4/a/d v0000014056cb8840, 0, 4;
T_253.0 ;
    %jmp T_253;
    .thread T_253;
    .scope S_0000014056d72e10;
T_254 ;
    %pushi/vec4 0, 0, 32;
    %store/vec4 v0000014056cb85c0_0, 0, 32;
T_254.0 ;
    %load/vec4 v0000014056cb85c0_0;
    %cmpi/s 256, 0, 32;
    %jmp/0xz T_254.1, 5;
    %pushi/vec4 0, 0, 32;
    %ix/getv/s 4, v0000014056cb85c0_0;
    %store/vec4a v0000014056cb8840, 4, 0;
    %load/vec4 v0000014056cb85c0_0;
    %addi 1, 0, 32;
    %store/vec4 v0000014056cb85c0_0, 0, 32;
    %jmp T_254.0;
T_254.1 ;
    %end;
    .thread T_254;
    .scope S_0000014056d72190;
T_255 ;
    %wait E_0000014056cf63a0;
    %load/vec4 v0000014056cba320_0;
    %flag_set/vec4 8;
    %jmp/0xz  T_255.0, 8;
    %load/vec4 v0000014056cb9560_0;
    %load/vec4 v0000014056cb8160_0;
    %add;
    %store/vec4 v0000014056cb9240_0, 0, 32;
    %jmp T_255.1;
T_255.0 ;
    %load/vec4 v0000014056cb8160_0;
    %store/vec4 v0000014056cb9240_0, 0, 32;
T_255.1 ;
    %jmp T_255;
    .thread T_255, $push;
    .scope S_0000014056d72190;
T_256 ;
    %wait E_0000014056cf5fe0;
    %load/vec4 v0000014056cb8c00_0;
    %flag_set/vec4 8;
    %jmp/0xz  T_256.0, 8;
    %load/vec4 v0000014056cb9240_0;
    %load/vec4 v0000014056cba140_0;
    %pad/u 10;
    %ix/vec4 3;
    %ix/load 4, 0, 0; Constant delay
    %assign/vec4/a/d v0000014056cb88e0, 0, 4;
T_256.0 ;
    %jmp T_256;
    .thread T_256;
    .scope S_0000014056d72190;
T_257 ;
    %pushi/vec4 0, 0, 32;
    %store/vec4 v0000014056cba640_0, 0, 32;
T_257.0 ;
    %load/vec4 v0000014056cba640_0;
    %cmpi/s 256, 0, 32;
    %jmp/0xz T_257.1, 5;
    %pushi/vec4 0, 0, 32;
    %ix/getv/s 4, v0000014056cba640_0;
    %store/vec4a v0000014056cb88e0, 4, 0;
    %load/vec4 v0000014056cba640_0;
    %addi 1, 0, 32;
    %store/vec4 v0000014056cba640_0, 0, 32;
    %jmp T_257.0;
T_257.1 ;
    %end;
    .thread T_257;
    .scope S_0000014056d71060;
T_258 ;
    %wait E_0000014056cf64e0;
    %load/vec4 v0000014056cb8d40_0;
    %flag_set/vec4 8;
    %jmp/0xz  T_258.0, 8;
    %load/vec4 v0000014056cb8f20_0;
    %load/vec4 v0000014056cb97e0_0;
    %add;
    %store/vec4 v0000014056cb9880_0, 0, 32;
    %jmp T_258.1;
T_258.0 ;
    %load/vec4 v0000014056cb97e0_0;
    %store/vec4 v0000014056cb9880_0, 0, 32;
T_258.1 ;
    %jmp T_258;
    .thread T_258, $push;
    .scope S_0000014056d71060;
T_259 ;
    %wait E_0000014056cf5fe0;
    %load/vec4 v0000014056cbac80_0;
    %flag_set/vec4 8;
    %jmp/0xz  T_259.0, 8;
    %load/vec4 v0000014056cb9880_0;
    %load/vec4 v0000014056cb9740_0;
    %pad/u 10;
    %ix/vec4 3;
    %ix/load 4, 0, 0; Constant delay
    %assign/vec4/a/d v0000014056cb8e80, 0, 4;
T_259.0 ;
    %jmp T_259;
    .thread T_259;
    .scope S_0000014056d71060;
T_260 ;
    %pushi/vec4 0, 0, 32;
    %store/vec4 v0000014056cb9d80_0, 0, 32;
T_260.0 ;
    %load/vec4 v0000014056cb9d80_0;
    %cmpi/s 256, 0, 32;
    %jmp/0xz T_260.1, 5;
    %pushi/vec4 0, 0, 32;
    %ix/getv/s 4, v0000014056cb9d80_0;
    %store/vec4a v0000014056cb8e80, 4, 0;
    %load/vec4 v0000014056cb9d80_0;
    %addi 1, 0, 32;
    %store/vec4 v0000014056cb9d80_0, 0, 32;
    %jmp T_260.0;
T_260.1 ;
    %end;
    .thread T_260;
    .scope S_0000014056d71830;
T_261 ;
    %wait E_0000014056cf62a0;
    %load/vec4 v0000014056cbaaa0_0;
    %flag_set/vec4 8;
    %jmp/0xz  T_261.0, 8;
    %load/vec4 v0000014056b9ea60_0;
    %load/vec4 v0000014056b9eec0_0;
    %add;
    %store/vec4 v0000014056b9e9c0_0, 0, 32;
    %jmp T_261.1;
T_261.0 ;
    %load/vec4 v0000014056b9eec0_0;
    %store/vec4 v0000014056b9e9c0_0, 0, 32;
T_261.1 ;
    %jmp T_261;
    .thread T_261, $push;
    .scope S_0000014056d71830;
T_262 ;
    %wait E_0000014056cf5fe0;
    %load/vec4 v0000014056b97120_0;
    %flag_set/vec4 8;
    %jmp/0xz  T_262.0, 8;
    %load/vec4 v0000014056b9e9c0_0;
    %load/vec4 v0000014056cbae60_0;
    %pad/u 10;
    %ix/vec4 3;
    %ix/load 4, 0, 0; Constant delay
    %assign/vec4/a/d v0000014056b9e920, 0, 4;
T_262.0 ;
    %jmp T_262;
    .thread T_262;
    .scope S_0000014056d71830;
T_263 ;
    %pushi/vec4 0, 0, 32;
    %store/vec4 v0000014056cbaa00_0, 0, 32;
T_263.0 ;
    %load/vec4 v0000014056cbaa00_0;
    %cmpi/s 256, 0, 32;
    %jmp/0xz T_263.1, 5;
    %pushi/vec4 0, 0, 32;
    %ix/getv/s 4, v0000014056cbaa00_0;
    %store/vec4a v0000014056b9e920, 4, 0;
    %load/vec4 v0000014056cbaa00_0;
    %addi 1, 0, 32;
    %store/vec4 v0000014056cbaa00_0, 0, 32;
    %jmp T_263.0;
T_263.1 ;
    %end;
    .thread T_263;
    .scope S_0000014056d84b10;
T_264 ;
    %wait E_0000014056cf6120;
    %load/vec4 v0000014056b980c0_0;
    %flag_set/vec4 8;
    %jmp/0xz  T_264.0, 8;
    %load/vec4 v0000014056b979e0_0;
    %load/vec4 v0000014056b97300_0;
    %add;
    %store/vec4 v0000014056b974e0_0, 0, 32;
    %jmp T_264.1;
T_264.0 ;
    %load/vec4 v0000014056b97300_0;
    %store/vec4 v0000014056b974e0_0, 0, 32;
T_264.1 ;
    %jmp T_264;
    .thread T_264, $push;
    .scope S_0000014056d84b10;
T_265 ;
    %wait E_0000014056cf5fe0;
    %load/vec4 v0000014056b98a20_0;
    %flag_set/vec4 8;
    %jmp/0xz  T_265.0, 8;
    %load/vec4 v0000014056b974e0_0;
    %load/vec4 v0000014056b99600_0;
    %pad/u 10;
    %ix/vec4 3;
    %ix/load 4, 0, 0; Constant delay
    %assign/vec4/a/d v0000014056b97e40, 0, 4;
T_265.0 ;
    %jmp T_265;
    .thread T_265;
    .scope S_0000014056d84b10;
T_266 ;
    %pushi/vec4 0, 0, 32;
    %store/vec4 v0000014056b97620_0, 0, 32;
T_266.0 ;
    %load/vec4 v0000014056b97620_0;
    %cmpi/s 256, 0, 32;
    %jmp/0xz T_266.1, 5;
    %pushi/vec4 0, 0, 32;
    %ix/getv/s 4, v0000014056b97620_0;
    %store/vec4a v0000014056b97e40, 4, 0;
    %load/vec4 v0000014056b97620_0;
    %addi 1, 0, 32;
    %store/vec4 v0000014056b97620_0, 0, 32;
    %jmp T_266.0;
T_266.1 ;
    %end;
    .thread T_266;
    .scope S_0000014056d833a0;
T_267 ;
    %wait E_0000014056cf65e0;
    %load/vec4 v0000014056b98980_0;
    %flag_set/vec4 8;
    %jmp/0xz  T_267.0, 8;
    %load/vec4 v0000014056b9b360_0;
    %load/vec4 v0000014056b9a6e0_0;
    %add;
    %store/vec4 v0000014056b99f60_0, 0, 32;
    %jmp T_267.1;
T_267.0 ;
    %load/vec4 v0000014056b9a6e0_0;
    %store/vec4 v0000014056b99f60_0, 0, 32;
T_267.1 ;
    %jmp T_267;
    .thread T_267, $push;
    .scope S_0000014056d833a0;
T_268 ;
    %wait E_0000014056cf5fe0;
    %load/vec4 v0000014056b9bd60_0;
    %flag_set/vec4 8;
    %jmp/0xz  T_268.0, 8;
    %load/vec4 v0000014056b99f60_0;
    %load/vec4 v0000014056b9b180_0;
    %pad/u 10;
    %ix/vec4 3;
    %ix/load 4, 0, 0; Constant delay
    %assign/vec4/a/d v0000014056b9b5e0, 0, 4;
T_268.0 ;
    %jmp T_268;
    .thread T_268;
    .scope S_0000014056d833a0;
T_269 ;
    %pushi/vec4 0, 0, 32;
    %store/vec4 v0000014056b9ad20_0, 0, 32;
T_269.0 ;
    %load/vec4 v0000014056b9ad20_0;
    %cmpi/s 256, 0, 32;
    %jmp/0xz T_269.1, 5;
    %pushi/vec4 0, 0, 32;
    %ix/getv/s 4, v0000014056b9ad20_0;
    %store/vec4a v0000014056b9b5e0, 4, 0;
    %load/vec4 v0000014056b9ad20_0;
    %addi 1, 0, 32;
    %store/vec4 v0000014056b9ad20_0, 0, 32;
    %jmp T_269.0;
T_269.1 ;
    %end;
    .thread T_269;
    .scope S_0000014056d83e90;
T_270 ;
    %wait E_0000014056cf6160;
    %load/vec4 v0000014056b9adc0_0;
    %flag_set/vec4 8;
    %jmp/0xz  T_270.0, 8;
    %load/vec4 v0000014056b9aa00_0;
    %load/vec4 v0000014056b99d80_0;
    %add;
    %store/vec4 v0000014056b9b2c0_0, 0, 32;
    %jmp T_270.1;
T_270.0 ;
    %load/vec4 v0000014056b99d80_0;
    %store/vec4 v0000014056b9b2c0_0, 0, 32;
T_270.1 ;
    %jmp T_270;
    .thread T_270, $push;
    .scope S_0000014056d83e90;
T_271 ;
    %wait E_0000014056cf5fe0;
    %load/vec4 v0000014056b9d480_0;
    %flag_set/vec4 8;
    %jmp/0xz  T_271.0, 8;
    %load/vec4 v0000014056b9b2c0_0;
    %load/vec4 v0000014056b9a3c0_0;
    %pad/u 10;
    %ix/vec4 3;
    %ix/load 4, 0, 0; Constant delay
    %assign/vec4/a/d v0000014056b99e20, 0, 4;
T_271.0 ;
    %jmp T_271;
    .thread T_271;
    .scope S_0000014056d83e90;
T_272 ;
    %pushi/vec4 0, 0, 32;
    %store/vec4 v0000014056b99c40_0, 0, 32;
T_272.0 ;
    %load/vec4 v0000014056b99c40_0;
    %cmpi/s 256, 0, 32;
    %jmp/0xz T_272.1, 5;
    %pushi/vec4 0, 0, 32;
    %ix/getv/s 4, v0000014056b99c40_0;
    %store/vec4a v0000014056b99e20, 4, 0;
    %load/vec4 v0000014056b99c40_0;
    %addi 1, 0, 32;
    %store/vec4 v0000014056b99c40_0, 0, 32;
    %jmp T_272.0;
T_272.1 ;
    %end;
    .thread T_272;
    .scope S_0000014056d84020;
T_273 ;
    %wait E_0000014056cf61a0;
    %load/vec4 v0000014056b9d700_0;
    %flag_set/vec4 8;
    %jmp/0xz  T_273.0, 8;
    %load/vec4 v0000014056b9d840_0;
    %load/vec4 v0000014056b9c300_0;
    %add;
    %store/vec4 v0000014056b9e600_0, 0, 32;
    %jmp T_273.1;
T_273.0 ;
    %load/vec4 v0000014056b9c300_0;
    %store/vec4 v0000014056b9e600_0, 0, 32;
T_273.1 ;
    %jmp T_273;
    .thread T_273, $push;
    .scope S_0000014056d84020;
T_274 ;
    %wait E_0000014056cf5fe0;
    %load/vec4 v0000014056b9dca0_0;
    %flag_set/vec4 8;
    %jmp/0xz  T_274.0, 8;
    %load/vec4 v0000014056b9e600_0;
    %load/vec4 v0000014056b9d980_0;
    %pad/u 10;
    %ix/vec4 3;
    %ix/load 4, 0, 0; Constant delay
    %assign/vec4/a/d v0000014056b9d340, 0, 4;
T_274.0 ;
    %jmp T_274;
    .thread T_274;
    .scope S_0000014056d84020;
T_275 ;
    %pushi/vec4 0, 0, 32;
    %store/vec4 v0000014056b9dc00_0, 0, 32;
T_275.0 ;
    %load/vec4 v0000014056b9dc00_0;
    %cmpi/s 256, 0, 32;
    %jmp/0xz T_275.1, 5;
    %pushi/vec4 0, 0, 32;
    %ix/getv/s 4, v0000014056b9dc00_0;
    %store/vec4a v0000014056b9d340, 4, 0;
    %load/vec4 v0000014056b9dc00_0;
    %addi 1, 0, 32;
    %store/vec4 v0000014056b9dc00_0, 0, 32;
    %jmp T_275.0;
T_275.1 ;
    %end;
    .thread T_275;
    .scope S_0000014056d841b0;
T_276 ;
    %wait E_0000014056cf6960;
    %load/vec4 v0000014056c15e80_0;
    %flag_set/vec4 8;
    %jmp/0xz  T_276.0, 8;
    %load/vec4 v0000014056c15fc0_0;
    %load/vec4 v0000014056c15840_0;
    %add;
    %store/vec4 v0000014056c14760_0, 0, 32;
    %jmp T_276.1;
T_276.0 ;
    %load/vec4 v0000014056c15840_0;
    %store/vec4 v0000014056c14760_0, 0, 32;
T_276.1 ;
    %jmp T_276;
    .thread T_276, $push;
    .scope S_0000014056d841b0;
T_277 ;
    %wait E_0000014056cf5fe0;
    %load/vec4 v0000014056c16420_0;
    %flag_set/vec4 8;
    %jmp/0xz  T_277.0, 8;
    %load/vec4 v0000014056c14760_0;
    %load/vec4 v0000014056c15020_0;
    %pad/u 10;
    %ix/vec4 3;
    %ix/load 4, 0, 0; Constant delay
    %assign/vec4/a/d v0000014056c14260, 0, 4;
T_277.0 ;
    %jmp T_277;
    .thread T_277;
    .scope S_0000014056d841b0;
T_278 ;
    %pushi/vec4 0, 0, 32;
    %store/vec4 v0000014056c162e0_0, 0, 32;
T_278.0 ;
    %load/vec4 v0000014056c162e0_0;
    %cmpi/s 256, 0, 32;
    %jmp/0xz T_278.1, 5;
    %pushi/vec4 0, 0, 32;
    %ix/getv/s 4, v0000014056c162e0_0;
    %store/vec4a v0000014056c14260, 4, 0;
    %load/vec4 v0000014056c162e0_0;
    %addi 1, 0, 32;
    %store/vec4 v0000014056c162e0_0, 0, 32;
    %jmp T_278.0;
T_278.1 ;
    %end;
    .thread T_278;
    .scope S_0000014056d84340;
T_279 ;
    %wait E_0000014056cf7320;
    %load/vec4 v0000014056c16ce0_0;
    %flag_set/vec4 8;
    %jmp/0xz  T_279.0, 8;
    %load/vec4 v0000014056c0ff80_0;
    %load/vec4 v0000014056c10020_0;
    %add;
    %store/vec4 v0000014056c10340_0, 0, 32;
    %jmp T_279.1;
T_279.0 ;
    %load/vec4 v0000014056c10020_0;
    %store/vec4 v0000014056c10340_0, 0, 32;
T_279.1 ;
    %jmp T_279;
    .thread T_279, $push;
    .scope S_0000014056d84340;
T_280 ;
    %wait E_0000014056cf5fe0;
    %load/vec4 v0000014056c10c00_0;
    %flag_set/vec4 8;
    %jmp/0xz  T_280.0, 8;
    %load/vec4 v0000014056c10340_0;
    %load/vec4 v0000014056c16a60_0;
    %pad/u 10;
    %ix/vec4 3;
    %ix/load 4, 0, 0; Constant delay
    %assign/vec4/a/d v0000014056c0f3a0, 0, 4;
T_280.0 ;
    %jmp T_280;
    .thread T_280;
    .scope S_0000014056d84340;
T_281 ;
    %pushi/vec4 0, 0, 32;
    %store/vec4 v0000014056c16880_0, 0, 32;
T_281.0 ;
    %load/vec4 v0000014056c16880_0;
    %cmpi/s 256, 0, 32;
    %jmp/0xz T_281.1, 5;
    %pushi/vec4 0, 0, 32;
    %ix/getv/s 4, v0000014056c16880_0;
    %store/vec4a v0000014056c0f3a0, 4, 0;
    %load/vec4 v0000014056c16880_0;
    %addi 1, 0, 32;
    %store/vec4 v0000014056c16880_0, 0, 32;
    %jmp T_281.0;
T_281.1 ;
    %end;
    .thread T_281;
    .scope S_0000014056d84660;
T_282 ;
    %wait E_0000014056cf7ae0;
    %load/vec4 v0000014056c10840_0;
    %flag_set/vec4 8;
    %jmp/0xz  T_282.0, 8;
    %load/vec4 v0000014056c0fbc0_0;
    %load/vec4 v0000014056c0f8a0_0;
    %add;
    %store/vec4 v0000014056c0fb20_0, 0, 32;
    %jmp T_282.1;
T_282.0 ;
    %load/vec4 v0000014056c0f8a0_0;
    %store/vec4 v0000014056c0fb20_0, 0, 32;
T_282.1 ;
    %jmp T_282;
    .thread T_282, $push;
    .scope S_0000014056d84660;
T_283 ;
    %wait E_0000014056cf5fe0;
    %load/vec4 v0000014056c13040_0;
    %flag_set/vec4 8;
    %jmp/0xz  T_283.0, 8;
    %load/vec4 v0000014056c0fb20_0;
    %load/vec4 v0000014056c10fc0_0;
    %pad/u 10;
    %ix/vec4 3;
    %ix/load 4, 0, 0; Constant delay
    %assign/vec4/a/d v0000014056c111a0, 0, 4;
T_283.0 ;
    %jmp T_283;
    .thread T_283;
    .scope S_0000014056d84660;
T_284 ;
    %pushi/vec4 0, 0, 32;
    %store/vec4 v0000014056c0f760_0, 0, 32;
T_284.0 ;
    %load/vec4 v0000014056c0f760_0;
    %cmpi/s 256, 0, 32;
    %jmp/0xz T_284.1, 5;
    %pushi/vec4 0, 0, 32;
    %ix/getv/s 4, v0000014056c0f760_0;
    %store/vec4a v0000014056c111a0, 4, 0;
    %load/vec4 v0000014056c0f760_0;
    %addi 1, 0, 32;
    %store/vec4 v0000014056c0f760_0, 0, 32;
    %jmp T_284.0;
T_284.1 ;
    %end;
    .thread T_284;
    .scope S_0000014056d847f0;
T_285 ;
    %wait E_0000014056cf7960;
    %load/vec4 v0000014056c11a60_0;
    %flag_set/vec4 8;
    %jmp/0xz  T_285.0, 8;
    %load/vec4 v0000014056c125a0_0;
    %load/vec4 v0000014056c11e20_0;
    %add;
    %store/vec4 v0000014056c13360_0, 0, 32;
    %jmp T_285.1;
T_285.0 ;
    %load/vec4 v0000014056c11e20_0;
    %store/vec4 v0000014056c13360_0, 0, 32;
T_285.1 ;
    %jmp T_285;
    .thread T_285, $push;
    .scope S_0000014056d847f0;
T_286 ;
    %wait E_0000014056cf5fe0;
    %load/vec4 v0000014056c13400_0;
    %flag_set/vec4 8;
    %jmp/0xz  T_286.0, 8;
    %load/vec4 v0000014056c13360_0;
    %load/vec4 v0000014056c11c40_0;
    %pad/u 10;
    %ix/vec4 3;
    %ix/load 4, 0, 0; Constant delay
    %assign/vec4/a/d v0000014056c120a0, 0, 4;
T_286.0 ;
    %jmp T_286;
    .thread T_286;
    .scope S_0000014056d847f0;
T_287 ;
    %pushi/vec4 0, 0, 32;
    %store/vec4 v0000014056c11d80_0, 0, 32;
T_287.0 ;
    %load/vec4 v0000014056c11d80_0;
    %cmpi/s 256, 0, 32;
    %jmp/0xz T_287.1, 5;
    %pushi/vec4 0, 0, 32;
    %ix/getv/s 4, v0000014056c11d80_0;
    %store/vec4a v0000014056c120a0, 4, 0;
    %load/vec4 v0000014056c11d80_0;
    %addi 1, 0, 32;
    %store/vec4 v0000014056c11d80_0, 0, 32;
    %jmp T_287.0;
T_287.1 ;
    %end;
    .thread T_287;
    .scope S_0000014056d83080;
T_288 ;
    %wait E_0000014056cf70e0;
    %load/vec4 v0000014056c8c7d0_0;
    %flag_set/vec4 8;
    %jmp/0xz  T_288.0, 8;
    %load/vec4 v0000014056c8b1f0_0;
    %load/vec4 v0000014056c8ab10_0;
    %add;
    %store/vec4 v0000014056c8b0b0_0, 0, 32;
    %jmp T_288.1;
T_288.0 ;
    %load/vec4 v0000014056c8ab10_0;
    %store/vec4 v0000014056c8b0b0_0, 0, 32;
T_288.1 ;
    %jmp T_288;
    .thread T_288, $push;
    .scope S_0000014056d83080;
T_289 ;
    %wait E_0000014056cf5fe0;
    %load/vec4 v0000014056c8cff0_0;
    %flag_set/vec4 8;
    %jmp/0xz  T_289.0, 8;
    %load/vec4 v0000014056c8b0b0_0;
    %load/vec4 v0000014056c8a430_0;
    %pad/u 10;
    %ix/vec4 3;
    %ix/load 4, 0, 0; Constant delay
    %assign/vec4/a/d v0000014056c8ae30, 0, 4;
T_289.0 ;
    %jmp T_289;
    .thread T_289;
    .scope S_0000014056d83080;
T_290 ;
    %pushi/vec4 0, 0, 32;
    %store/vec4 v0000014056c8a930_0, 0, 32;
T_290.0 ;
    %load/vec4 v0000014056c8a930_0;
    %cmpi/s 256, 0, 32;
    %jmp/0xz T_290.1, 5;
    %pushi/vec4 0, 0, 32;
    %ix/getv/s 4, v0000014056c8a930_0;
    %store/vec4a v0000014056c8ae30, 4, 0;
    %load/vec4 v0000014056c8a930_0;
    %addi 1, 0, 32;
    %store/vec4 v0000014056c8a930_0, 0, 32;
    %jmp T_290.0;
T_290.1 ;
    %end;
    .thread T_290;
    .scope S_0000014056d83850;
T_291 ;
    %wait E_0000014056cf6ee0;
    %load/vec4 v0000014056c8d6d0_0;
    %flag_set/vec4 8;
    %jmp/0xz  T_291.0, 8;
    %load/vec4 v0000014056c8d310_0;
    %load/vec4 v0000014056c8cb90_0;
    %add;
    %store/vec4 v0000014056c8d1d0_0, 0, 32;
    %jmp T_291.1;
T_291.0 ;
    %load/vec4 v0000014056c8cb90_0;
    %store/vec4 v0000014056c8d1d0_0, 0, 32;
T_291.1 ;
    %jmp T_291;
    .thread T_291, $push;
    .scope S_0000014056d83850;
T_292 ;
    %wait E_0000014056cf5fe0;
    %load/vec4 v0000014056c910f0_0;
    %flag_set/vec4 8;
    %jmp/0xz  T_292.0, 8;
    %load/vec4 v0000014056c8d1d0_0;
    %load/vec4 v0000014056c8ea30_0;
    %pad/u 10;
    %ix/vec4 3;
    %ix/load 4, 0, 0; Constant delay
    %assign/vec4/a/d v0000014056c8ceb0, 0, 4;
T_292.0 ;
    %jmp T_292;
    .thread T_292;
    .scope S_0000014056d83850;
T_293 ;
    %pushi/vec4 0, 0, 32;
    %store/vec4 v0000014056c8f250_0, 0, 32;
T_293.0 ;
    %load/vec4 v0000014056c8f250_0;
    %cmpi/s 256, 0, 32;
    %jmp/0xz T_293.1, 5;
    %pushi/vec4 0, 0, 32;
    %ix/getv/s 4, v0000014056c8f250_0;
    %store/vec4a v0000014056c8ceb0, 4, 0;
    %load/vec4 v0000014056c8f250_0;
    %addi 1, 0, 32;
    %store/vec4 v0000014056c8f250_0, 0, 32;
    %jmp T_293.0;
T_293.1 ;
    %end;
    .thread T_293;
    .scope S_0000014056d85860;
T_294 ;
    %wait E_0000014056cf78a0;
    %load/vec4 v0000014056c8f6b0_0;
    %flag_set/vec4 8;
    %jmp/0xz  T_294.0, 8;
    %load/vec4 v0000014056aabcb0_0;
    %load/vec4 v0000014056aab8f0_0;
    %add;
    %store/vec4 v0000014056aaca70_0, 0, 32;
    %jmp T_294.1;
T_294.0 ;
    %load/vec4 v0000014056aab8f0_0;
    %store/vec4 v0000014056aaca70_0, 0, 32;
T_294.1 ;
    %jmp T_294;
    .thread T_294, $push;
    .scope S_0000014056d85860;
T_295 ;
    %wait E_0000014056cf5fe0;
    %load/vec4 v0000014056aac930_0;
    %flag_set/vec4 8;
    %jmp/0xz  T_295.0, 8;
    %load/vec4 v0000014056aaca70_0;
    %load/vec4 v0000014056c8f750_0;
    %pad/u 10;
    %ix/vec4 3;
    %ix/load 4, 0, 0; Constant delay
    %assign/vec4/a/d v0000014056aac6b0, 0, 4;
T_295.0 ;
    %jmp T_295;
    .thread T_295;
    .scope S_0000014056d85860;
T_296 ;
    %pushi/vec4 0, 0, 32;
    %store/vec4 v0000014056aab850_0, 0, 32;
T_296.0 ;
    %load/vec4 v0000014056aab850_0;
    %cmpi/s 256, 0, 32;
    %jmp/0xz T_296.1, 5;
    %pushi/vec4 0, 0, 32;
    %ix/getv/s 4, v0000014056aab850_0;
    %store/vec4a v0000014056aac6b0, 4, 0;
    %load/vec4 v0000014056aab850_0;
    %addi 1, 0, 32;
    %store/vec4 v0000014056aab850_0, 0, 32;
    %jmp T_296.0;
T_296.1 ;
    %end;
    .thread T_296;
    .scope S_0000014056d86990;
T_297 ;
    %wait E_0000014056cf7b20;
    %load/vec4 v0000014056aad290_0;
    %flag_set/vec4 8;
    %jmp/0xz  T_297.0, 8;
    %load/vec4 v0000014056aad6f0_0;
    %load/vec4 v0000014056aabf30_0;
    %add;
    %store/vec4 v0000014056aad650_0, 0, 32;
    %jmp T_297.1;
T_297.0 ;
    %load/vec4 v0000014056aabf30_0;
    %store/vec4 v0000014056aad650_0, 0, 32;
T_297.1 ;
    %jmp T_297;
    .thread T_297, $push;
    .scope S_0000014056d86990;
T_298 ;
    %wait E_0000014056cf5fe0;
    %load/vec4 v0000014056aae230_0;
    %flag_set/vec4 8;
    %jmp/0xz  T_298.0, 8;
    %load/vec4 v0000014056aad650_0;
    %load/vec4 v0000014056aad330_0;
    %pad/u 10;
    %ix/vec4 3;
    %ix/load 4, 0, 0; Constant delay
    %assign/vec4/a/d v0000014056aad5b0, 0, 4;
T_298.0 ;
    %jmp T_298;
    .thread T_298;
    .scope S_0000014056d86990;
T_299 ;
    %pushi/vec4 0, 0, 32;
    %store/vec4 v0000014056aab210_0, 0, 32;
T_299.0 ;
    %load/vec4 v0000014056aab210_0;
    %cmpi/s 256, 0, 32;
    %jmp/0xz T_299.1, 5;
    %pushi/vec4 0, 0, 32;
    %ix/getv/s 4, v0000014056aab210_0;
    %store/vec4a v0000014056aad5b0, 4, 0;
    %load/vec4 v0000014056aab210_0;
    %addi 1, 0, 32;
    %store/vec4 v0000014056aab210_0, 0, 32;
    %jmp T_299.0;
T_299.1 ;
    %end;
    .thread T_299;
    .scope S_0000014056cbb3e0;
T_300 ;
    %wait E_0000014056cf68e0;
    %load/vec4 v0000014056e8f320_0;
    %nor/r;
    %flag_set/vec4 8;
    %jmp/0xz  T_300.0, 8;
    %pushi/vec4 0, 0, 128;
    %assign/vec4 v0000014056e8eb00_0, 0;
    %pushi/vec4 0, 0, 1;
    %assign/vec4 v0000014056e8c3a0_0, 0;
    %pushi/vec4 0, 0, 1;
    %assign/vec4 v0000014056e8bb80_0, 0;
    %jmp T_300.1;
T_300.0 ;
    %load/vec4 v0000014056e8c760_0;
    %assign/vec4 v0000014056e8eb00_0, 0;
    %load/vec4 v0000014056e8c300_0;
    %assign/vec4 v0000014056e8c3a0_0, 0;
    %load/vec4 v0000014056e8b7c0_0;
    %assign/vec4 v0000014056e8bb80_0, 0;
T_300.1 ;
    %jmp T_300;
    .thread T_300;
    .scope S_0000014056cbb3e0;
T_301 ;
    %wait E_0000014056cf68e0;
    %load/vec4 v0000014056e8f320_0;
    %nor/r;
    %flag_set/vec4 8;
    %jmp/0xz  T_301.0, 8;
    %pushi/vec4 0, 0, 12;
    %assign/vec4 v0000014056e8f460_0, 0;
    %jmp T_301.1;
T_301.0 ;
    %load/vec4 v0000014056e8b7c0_0;
    %flag_set/vec4 8;
    %jmp/0xz  T_301.2, 8;
    %load/vec4 v0000014056e8c300_0;
    %flag_set/vec4 8;
    %jmp/0xz  T_301.4, 8;
    %load/vec4 v0000014056e8f460_0;
    %pad/u 32;
    %cmpi/e 0, 0, 32;
    %jmp/0xz  T_301.6, 4;
    %pushi/vec4 1, 0, 12;
    %assign/vec4 v0000014056e8f460_0, 0;
    %jmp T_301.7;
T_301.6 ;
    %load/vec4 v0000014056e8f460_0;
    %ix/load 4, 1, 0;
    %flag_set/imm 4, 0;
    %shiftl 4;
    %assign/vec4 v0000014056e8f460_0, 0;
T_301.7 ;
T_301.4 ;
    %jmp T_301.3;
T_301.2 ;
    %pushi/vec4 0, 0, 12;
    %assign/vec4 v0000014056e8f460_0, 0;
T_301.3 ;
T_301.1 ;
    %jmp T_301;
    .thread T_301;
    .scope S_0000014056cbb3e0;
T_302 ;
    %wait E_0000014056cf68e0;
    %load/vec4 v0000014056e8f320_0;
    %nor/r;
    %flag_set/vec4 8;
    %jmp/0xz  T_302.0, 8;
    %pushi/vec4 0, 0, 27;
    %assign/vec4 v0000014056e8e2e0_0, 0;
    %jmp T_302.1;
T_302.0 ;
    %load/vec4 v0000014056e8e2e0_0;
    %parti/s 26, 0, 2;
    %load/vec4 v0000014056e8b900_0;
    %load/vec4 v0000014056e8c1c0_0;
    %and;
    %concat/vec4; draw_concat_vec4
    %assign/vec4 v0000014056e8e2e0_0, 0;
T_302.1 ;
    %jmp T_302;
    .thread T_302;
    .scope S_0000014056cbb3e0;
T_303 ;
    %wait E_0000014056cf68e0;
    %load/vec4 v0000014056e8f320_0;
    %nor/r;
    %flag_set/vec4 8;
    %jmp/0xz  T_303.0, 8;
    %pushi/vec4 0, 0, 32;
    %assign/vec4 v0000014056e8d020_0, 0;
    %jmp T_303.1;
T_303.0 ;
    %load/vec4 v0000014056e8b900_0;
    %nor/r;
    %flag_set/vec4 8;
    %jmp/0xz  T_303.2, 8;
    %pushi/vec4 0, 0, 32;
    %assign/vec4 v0000014056e8d020_0, 0;
    %jmp T_303.3;
T_303.2 ;
    %load/vec4 v0000014056e8b680_0;
    %flag_set/vec4 9;
    %flag_get/vec4 9;
    %jmp/0 T_303.6, 9;
    %load/vec4 v0000014056e8d020_0;
    %load/vec4 v0000014056e8be00_0;
    %cmp/u;
    %flag_get/vec4 5;
    %and;
T_303.6;
    %flag_set/vec4 8;
    %jmp/0xz  T_303.4, 8;
    %load/vec4 v0000014056e8d020_0;
    %addi 1, 0, 32;
    %assign/vec4 v0000014056e8d020_0, 0;
T_303.4 ;
T_303.3 ;
T_303.1 ;
    %jmp T_303;
    .thread T_303;
    .scope S_0000014056cbb3e0;
T_304 ;
    %wait E_0000014056cf68e0;
    %load/vec4 v0000014056e8f320_0;
    %nor/r;
    %flag_set/vec4 8;
    %jmp/0xz  T_304.0, 8;
    %pushi/vec4 0, 0, 8;
    %assign/vec4 v0000014056e8d5c0_0, 0;
    %jmp T_304.1;
T_304.0 ;
    %load/vec4 v0000014056e8d660_0;
    %flag_set/vec4 8;
    %jmp/0xz  T_304.2, 8;
    %load/vec4 v0000014056e8d5c0_0;
    %addi 1, 0, 8;
    %assign/vec4 v0000014056e8d5c0_0, 0;
    %jmp T_304.3;
T_304.2 ;
    %pushi/vec4 0, 0, 8;
    %assign/vec4 v0000014056e8d5c0_0, 0;
T_304.3 ;
T_304.1 ;
    %jmp T_304;
    .thread T_304;
    .scope S_0000014056e808f0;
T_305 ;
    %wait E_0000014056cf68e0;
    %load/vec4 v0000014056e9ef00_0;
    %nor/r;
    %flag_set/vec4 8;
    %jmp/0xz  T_305.0, 8;
    %pushi/vec4 0, 0, 8;
    %assign/vec4 v0000014056e92520_0, 0;
    %jmp T_305.1;
T_305.0 ;
    %load/vec4 v0000014056e9dce0_0;
    %flag_set/vec4 8;
    %jmp/0xz  T_305.2, 8;
    %load/vec4 v0000014056e91940_0;
    %assign/vec4 v0000014056e92520_0, 0;
T_305.2 ;
T_305.1 ;
    %jmp T_305;
    .thread T_305;
    .scope S_0000014056e80a80;
T_306 ;
    %wait E_0000014056cf68e0;
    %load/vec4 v0000014056e9ef00_0;
    %nor/r;
    %flag_set/vec4 8;
    %jmp/0xz  T_306.0, 8;
    %pushi/vec4 0, 0, 8;
    %assign/vec4 v0000014056e91f80_0, 0;
    %jmp T_306.1;
T_306.0 ;
    %load/vec4 v0000014056e9dce0_0;
    %flag_set/vec4 8;
    %jmp/0xz  T_306.2, 8;
    %load/vec4 v0000014056e900e0_0;
    %assign/vec4 v0000014056e91f80_0, 0;
T_306.2 ;
T_306.1 ;
    %jmp T_306;
    .thread T_306;
    .scope S_0000014056e80c10;
T_307 ;
    %wait E_0000014056cf68e0;
    %load/vec4 v0000014056e9ef00_0;
    %nor/r;
    %flag_set/vec4 8;
    %jmp/0xz  T_307.0, 8;
    %pushi/vec4 0, 0, 8;
    %assign/vec4 v0000014056e92700_0, 0;
    %jmp T_307.1;
T_307.0 ;
    %load/vec4 v0000014056e9dce0_0;
    %flag_set/vec4 8;
    %jmp/0xz  T_307.2, 8;
    %load/vec4 v0000014056e91760_0;
    %assign/vec4 v0000014056e92700_0, 0;
T_307.2 ;
T_307.1 ;
    %jmp T_307;
    .thread T_307;
    .scope S_0000014056eaab50;
T_308 ;
    %wait E_0000014056cf68e0;
    %load/vec4 v0000014056e9ef00_0;
    %nor/r;
    %flag_set/vec4 8;
    %jmp/0xz  T_308.0, 8;
    %pushi/vec4 0, 0, 8;
    %assign/vec4 v0000014056e93420_0, 0;
    %jmp T_308.1;
T_308.0 ;
    %load/vec4 v0000014056e9dce0_0;
    %flag_set/vec4 8;
    %jmp/0xz  T_308.2, 8;
    %load/vec4 v0000014056e93d80_0;
    %assign/vec4 v0000014056e93420_0, 0;
T_308.2 ;
T_308.1 ;
    %jmp T_308;
    .thread T_308;
    .scope S_0000014056eaa1f0;
T_309 ;
    %wait E_0000014056cf68e0;
    %load/vec4 v0000014056e9ef00_0;
    %nor/r;
    %flag_set/vec4 8;
    %jmp/0xz  T_309.0, 8;
    %pushi/vec4 0, 0, 8;
    %assign/vec4 v0000014056e94c80_0, 0;
    %jmp T_309.1;
T_309.0 ;
    %load/vec4 v0000014056e9dce0_0;
    %flag_set/vec4 8;
    %jmp/0xz  T_309.2, 8;
    %load/vec4 v0000014056e93380_0;
    %assign/vec4 v0000014056e94c80_0, 0;
T_309.2 ;
T_309.1 ;
    %jmp T_309;
    .thread T_309;
    .scope S_0000014056eaa380;
T_310 ;
    %wait E_0000014056cf68e0;
    %load/vec4 v0000014056e9ef00_0;
    %nor/r;
    %flag_set/vec4 8;
    %jmp/0xz  T_310.0, 8;
    %pushi/vec4 0, 0, 8;
    %assign/vec4 v0000014056e93c40_0, 0;
    %jmp T_310.1;
T_310.0 ;
    %load/vec4 v0000014056e9dce0_0;
    %flag_set/vec4 8;
    %jmp/0xz  T_310.2, 8;
    %load/vec4 v0000014056e92d40_0;
    %assign/vec4 v0000014056e93c40_0, 0;
T_310.2 ;
T_310.1 ;
    %jmp T_310;
    .thread T_310;
    .scope S_0000014056eaa9c0;
T_311 ;
    %wait E_0000014056cf68e0;
    %load/vec4 v0000014056e9ef00_0;
    %nor/r;
    %flag_set/vec4 8;
    %jmp/0xz  T_311.0, 8;
    %pushi/vec4 0, 0, 8;
    %assign/vec4 v0000014056e95ae0_0, 0;
    %jmp T_311.1;
T_311.0 ;
    %load/vec4 v0000014056e9dce0_0;
    %flag_set/vec4 8;
    %jmp/0xz  T_311.2, 8;
    %load/vec4 v0000014056e954a0_0;
    %assign/vec4 v0000014056e95ae0_0, 0;
T_311.2 ;
T_311.1 ;
    %jmp T_311;
    .thread T_311;
    .scope S_0000014056ea8f30;
T_312 ;
    %wait E_0000014056cf68e0;
    %load/vec4 v0000014056e9ef00_0;
    %nor/r;
    %flag_set/vec4 8;
    %jmp/0xz  T_312.0, 8;
    %pushi/vec4 0, 0, 8;
    %assign/vec4 v0000014056e95e00_0, 0;
    %jmp T_312.1;
T_312.0 ;
    %load/vec4 v0000014056e9dce0_0;
    %flag_set/vec4 8;
    %jmp/0xz  T_312.2, 8;
    %load/vec4 v0000014056e964e0_0;
    %assign/vec4 v0000014056e95e00_0, 0;
T_312.2 ;
T_312.1 ;
    %jmp T_312;
    .thread T_312;
    .scope S_0000014056eaa830;
T_313 ;
    %wait E_0000014056cf68e0;
    %load/vec4 v0000014056e9ef00_0;
    %nor/r;
    %flag_set/vec4 8;
    %jmp/0xz  T_313.0, 8;
    %pushi/vec4 0, 0, 8;
    %assign/vec4 v0000014056e95a40_0, 0;
    %jmp T_313.1;
T_313.0 ;
    %load/vec4 v0000014056e9dce0_0;
    %flag_set/vec4 8;
    %jmp/0xz  T_313.2, 8;
    %load/vec4 v0000014056e96300_0;
    %assign/vec4 v0000014056e95a40_0, 0;
T_313.2 ;
T_313.1 ;
    %jmp T_313;
    .thread T_313;
    .scope S_0000014056ea9ed0;
T_314 ;
    %wait E_0000014056cf68e0;
    %load/vec4 v0000014056e9ef00_0;
    %nor/r;
    %flag_set/vec4 8;
    %jmp/0xz  T_314.0, 8;
    %pushi/vec4 0, 0, 8;
    %assign/vec4 v0000014056e96940_0, 0;
    %jmp T_314.1;
T_314.0 ;
    %load/vec4 v0000014056e9dce0_0;
    %flag_set/vec4 8;
    %jmp/0xz  T_314.2, 8;
    %load/vec4 v0000014056e96800_0;
    %assign/vec4 v0000014056e96940_0, 0;
T_314.2 ;
T_314.1 ;
    %jmp T_314;
    .thread T_314;
    .scope S_0000014056ea90c0;
T_315 ;
    %wait E_0000014056cf68e0;
    %load/vec4 v0000014056e9ef00_0;
    %nor/r;
    %flag_set/vec4 8;
    %jmp/0xz  T_315.0, 8;
    %pushi/vec4 0, 0, 8;
    %assign/vec4 v0000014056e989c0_0, 0;
    %jmp T_315.1;
T_315.0 ;
    %load/vec4 v0000014056e9dce0_0;
    %flag_set/vec4 8;
    %jmp/0xz  T_315.2, 8;
    %load/vec4 v0000014056e97b60_0;
    %assign/vec4 v0000014056e989c0_0, 0;
T_315.2 ;
T_315.1 ;
    %jmp T_315;
    .thread T_315;
    .scope S_0000014056ea88f0;
T_316 ;
    %wait E_0000014056cf68e0;
    %load/vec4 v0000014056e9ef00_0;
    %nor/r;
    %flag_set/vec4 8;
    %jmp/0xz  T_316.0, 8;
    %pushi/vec4 0, 0, 8;
    %assign/vec4 v0000014056e99960_0, 0;
    %jmp T_316.1;
T_316.0 ;
    %load/vec4 v0000014056e9dce0_0;
    %flag_set/vec4 8;
    %jmp/0xz  T_316.2, 8;
    %load/vec4 v0000014056e97980_0;
    %assign/vec4 v0000014056e99960_0, 0;
T_316.2 ;
T_316.1 ;
    %jmp T_316;
    .thread T_316;
    .scope S_0000014056ea74a0;
T_317 ;
    %wait E_0000014056cf68e0;
    %load/vec4 v0000014056e9ef00_0;
    %nor/r;
    %flag_set/vec4 8;
    %jmp/0xz  T_317.0, 8;
    %pushi/vec4 0, 0, 8;
    %assign/vec4 v0000014056e97e80_0, 0;
    %jmp T_317.1;
T_317.0 ;
    %load/vec4 v0000014056e9dce0_0;
    %flag_set/vec4 8;
    %jmp/0xz  T_317.2, 8;
    %load/vec4 v0000014056e98240_0;
    %assign/vec4 v0000014056e97e80_0, 0;
T_317.2 ;
T_317.1 ;
    %jmp T_317;
    .thread T_317;
    .scope S_0000014056ea9250;
T_318 ;
    %wait E_0000014056cf68e0;
    %load/vec4 v0000014056e9ef00_0;
    %nor/r;
    %flag_set/vec4 8;
    %jmp/0xz  T_318.0, 8;
    %pushi/vec4 0, 0, 8;
    %assign/vec4 v0000014056e9b6c0_0, 0;
    %jmp T_318.1;
T_318.0 ;
    %load/vec4 v0000014056e9dce0_0;
    %flag_set/vec4 8;
    %jmp/0xz  T_318.2, 8;
    %load/vec4 v0000014056e9b4e0_0;
    %assign/vec4 v0000014056e9b6c0_0, 0;
T_318.2 ;
T_318.1 ;
    %jmp T_318;
    .thread T_318;
    .scope S_0000014056ea8120;
T_319 ;
    %wait E_0000014056cf68e0;
    %load/vec4 v0000014056e9ef00_0;
    %nor/r;
    %flag_set/vec4 8;
    %jmp/0xz  T_319.0, 8;
    %pushi/vec4 0, 0, 8;
    %assign/vec4 v0000014056e9b260_0, 0;
    %jmp T_319.1;
T_319.0 ;
    %load/vec4 v0000014056e9dce0_0;
    %flag_set/vec4 8;
    %jmp/0xz  T_319.2, 8;
    %load/vec4 v0000014056e9a720_0;
    %assign/vec4 v0000014056e9b260_0, 0;
T_319.2 ;
T_319.1 ;
    %jmp T_319;
    .thread T_319;
    .scope S_0000014056eaa6a0;
T_320 ;
    %wait E_0000014056cf68e0;
    %load/vec4 v0000014056e9ef00_0;
    %nor/r;
    %flag_set/vec4 8;
    %jmp/0xz  T_320.0, 8;
    %pushi/vec4 0, 0, 8;
    %assign/vec4 v0000014056e9a400_0, 0;
    %jmp T_320.1;
T_320.0 ;
    %load/vec4 v0000014056e9dce0_0;
    %flag_set/vec4 8;
    %jmp/0xz  T_320.2, 8;
    %load/vec4 v0000014056e9a220_0;
    %assign/vec4 v0000014056e9a400_0, 0;
T_320.2 ;
T_320.1 ;
    %jmp T_320;
    .thread T_320;
    .scope S_0000014056e7fc70;
T_321 ;
    %wait E_0000014056cf68e0;
    %load/vec4 v0000014056e9ef00_0;
    %nor/r;
    %flag_set/vec4 8;
    %jmp/0xz  T_321.0, 8;
    %pushi/vec4 0, 0, 1;
    %assign/vec4 v0000014056e9ed20_0, 0;
    %jmp T_321.1;
T_321.0 ;
    %load/vec4 v0000014056e9dce0_0;
    %assign/vec4 v0000014056e9ed20_0, 0;
T_321.1 ;
    %jmp T_321;
    .thread T_321;
    .scope S_0000014056e7fae0;
T_322 ;
    %wait E_0000014056cf68e0;
    %load/vec4 v0000014056e8f000_0;
    %nor/r;
    %flag_set/vec4 8;
    %jmp/0xz  T_322.0, 8;
    %pushi/vec4 0, 0, 9;
    %assign/vec4 v0000014056e8f0a0_0, 0;
    %jmp T_322.1;
T_322.0 ;
    %load/vec4 v0000014056e8e600_0;
    %flag_set/vec4 9;
    %flag_get/vec4 9;
    %jmp/0 T_322.4, 9;
    %load/vec4 v0000014056e8e4c0_0;
    %nor/r;
    %and;
T_322.4;
    %flag_set/vec4 8;
    %jmp/0xz  T_322.2, 8;
    %load/vec4 v0000014056e8d980_0;
    %load/vec4 v0000014056e8f0a0_0;
    %parti/s 8, 0, 2;
    %pad/u 10;
    %ix/vec4 3;
    %ix/load 4, 0, 0; Constant delay
    %assign/vec4/a/d v0000014056e8e740, 0, 4;
    %load/vec4 v0000014056e8f0a0_0;
    %addi 1, 0, 9;
    %assign/vec4 v0000014056e8f0a0_0, 0;
T_322.2 ;
T_322.1 ;
    %jmp T_322;
    .thread T_322;
    .scope S_0000014056e7fae0;
T_323 ;
    %wait E_0000014056cf68e0;
    %load/vec4 v0000014056e8f000_0;
    %nor/r;
    %flag_set/vec4 8;
    %jmp/0xz  T_323.0, 8;
    %pushi/vec4 0, 0, 9;
    %assign/vec4 v0000014056e8da20_0, 0;
    %pushi/vec4 0, 0, 2;
    %assign/vec4 v0000014056e8e9c0_0, 0;
    %pushi/vec4 0, 0, 128;
    %assign/vec4 v0000014056e8dac0_0, 0;
    %pushi/vec4 0, 0, 1;
    %assign/vec4 v0000014056e8e100_0, 0;
    %pushi/vec4 0, 0, 64;
    %assign/vec4 v0000014056e8ef60_0, 0;
    %jmp T_323.1;
T_323.0 ;
    %load/vec4 v0000014056e8e9c0_0;
    %dup/vec4;
    %pushi/vec4 0, 0, 2;
    %cmp/u;
    %jmp/1 T_323.2, 6;
    %dup/vec4;
    %pushi/vec4 1, 0, 2;
    %cmp/u;
    %jmp/1 T_323.3, 6;
    %dup/vec4;
    %pushi/vec4 2, 0, 2;
    %cmp/u;
    %jmp/1 T_323.4, 6;
    %pushi/vec4 0, 0, 2;
    %assign/vec4 v0000014056e8e9c0_0, 0;
    %pushi/vec4 0, 0, 1;
    %assign/vec4 v0000014056e8e100_0, 0;
    %jmp T_323.6;
T_323.2 ;
    %pushi/vec4 0, 0, 1;
    %assign/vec4 v0000014056e8e100_0, 0;
    %load/vec4 v0000014056e8fb40_0;
    %nor/r;
    %flag_set/vec4 8;
    %jmp/0xz  T_323.7, 8;
    %load/vec4 v0000014056e8da20_0;
    %parti/s 8, 0, 2;
    %pad/u 10;
    %ix/vec4 4;
    %load/vec4a v0000014056e8e740, 4;
    %assign/vec4 v0000014056e8dac0_0, 0;
    %load/vec4 v0000014056e8da20_0;
    %parti/s 8, 0, 2;
    %pad/u 10;
    %ix/vec4 4;
    %load/vec4a v0000014056e8e740, 4;
    %parti/s 64, 0, 2;
    %assign/vec4 v0000014056e8ef60_0, 0;
    %pushi/vec4 1, 0, 1;
    %assign/vec4 v0000014056e8e100_0, 0;
    %pushi/vec4 1, 0, 2;
    %assign/vec4 v0000014056e8e9c0_0, 0;
T_323.7 ;
    %jmp T_323.6;
T_323.3 ;
    %load/vec4 v0000014056e8e100_0;
    %flag_set/vec4 9;
    %flag_get/vec4 9;
    %jmp/0 T_323.11, 9;
    %load/vec4 v0000014056e8dde0_0;
    %and;
T_323.11;
    %flag_set/vec4 8;
    %jmp/0xz  T_323.9, 8;
    %load/vec4 v0000014056e8dac0_0;
    %parti/s 64, 64, 8;
    %assign/vec4 v0000014056e8ef60_0, 0;
    %pushi/vec4 1, 0, 1;
    %assign/vec4 v0000014056e8e100_0, 0;
    %pushi/vec4 2, 0, 2;
    %assign/vec4 v0000014056e8e9c0_0, 0;
T_323.9 ;
    %jmp T_323.6;
T_323.4 ;
    %load/vec4 v0000014056e8e100_0;
    %flag_set/vec4 9;
    %flag_get/vec4 9;
    %jmp/0 T_323.14, 9;
    %load/vec4 v0000014056e8dde0_0;
    %and;
T_323.14;
    %flag_set/vec4 8;
    %jmp/0xz  T_323.12, 8;
    %load/vec4 v0000014056e8da20_0;
    %addi 1, 0, 9;
    %assign/vec4 v0000014056e8da20_0, 0;
    %pushi/vec4 0, 0, 1;
    %assign/vec4 v0000014056e8e100_0, 0;
    %pushi/vec4 0, 0, 2;
    %assign/vec4 v0000014056e8e9c0_0, 0;
T_323.12 ;
    %jmp T_323.6;
T_323.6 ;
    %pop/vec4 1;
T_323.1 ;
    %jmp T_323;
    .thread T_323;
    .scope S_0000014056cbb250;
T_324 ;
    %wait E_0000014056cf68e0;
    %load/vec4 v0000014056e9f900_0;
    %nor/r;
    %flag_set/vec4 8;
    %jmp/0xz  T_324.0, 8;
    %pushi/vec4 0, 0, 1;
    %assign/vec4 v0000014056e9c980_0, 0;
    %jmp T_324.1;
T_324.0 ;
    %load/vec4 v0000014056e9ec80_0;
    %assign/vec4 v0000014056e9c980_0, 0;
T_324.1 ;
    %jmp T_324;
    .thread T_324;
    .scope S_0000014056cbb250;
T_325 ;
    %wait E_0000014056cf68e0;
    %load/vec4 v0000014056e9f900_0;
    %nor/r;
    %flag_set/vec4 8;
    %jmp/0xz  T_325.0, 8;
    %pushi/vec4 0, 0, 1;
    %assign/vec4 v0000014056e9ebe0_0, 0;
    %jmp T_325.1;
T_325.0 ;
    %load/vec4 v0000014056e9d060_0;
    %assign/vec4 v0000014056e9ebe0_0, 0;
T_325.1 ;
    %jmp T_325;
    .thread T_325;
    .scope S_0000014056cf21e0;
T_326 ;
    %pushi/vec4 0, 0, 32;
    %store/vec4 v0000014056e81900_0, 0, 32;
    %end;
    .thread T_326, $init;
    .scope S_0000014056cf21e0;
T_327 ;
    %delay 5000, 0;
    %load/vec4 v0000014056e82620_0;
    %inv;
    %store/vec4 v0000014056e82620_0, 0, 1;
    %jmp T_327;
    .thread T_327;
    .scope S_0000014056cf21e0;
T_328 ;
    %vpi_call/w 3 452 "$dumpfile", "top_verify.vcd" {0 0 0};
    %vpi_call/w 3 453 "$dumpvars", 32'sb00000000000000000000000000000000, S_0000014056cf21e0 {0 0 0};
    %pushi/vec4 0, 0, 1;
    %store/vec4 v0000014056e82620_0, 0, 1;
    %pushi/vec4 0, 0, 1;
    %store/vec4 v0000014056e81b80_0, 0, 1;
    %pushi/vec4 0, 0, 1;
    %store/vec4 v0000014056e81360_0, 0, 1;
    %pushi/vec4 0, 0, 1;
    %store/vec4 v0000014056e82300_0, 0, 1;
    %pushi/vec4 0, 0, 1;
    %store/vec4 v0000014056e82d00_0, 0, 1;
    %pushi/vec4 0, 0, 1;
    %store/vec4 v0000014056e82120_0, 0, 1;
    %pushi/vec4 0, 0, 1;
    %store/vec4 v0000014056e82440_0, 0, 1;
    %pushi/vec4 0, 0, 1;
    %store/vec4 v0000014056e824e0_0, 0, 1;
    %pushi/vec4 0, 0, 1;
    %store/vec4 v0000014056e81220_0, 0, 1;
    %pushi/vec4 0, 0, 1;
    %store/vec4 v0000014056e814a0_0, 0, 1;
    %pushi/vec4 0, 0, 6;
    %store/vec4 v0000014056e821c0_0, 0, 6;
    %pushi/vec4 0, 0, 6;
    %store/vec4 v0000014056e83160_0, 0, 6;
    %delay 20000, 0;
    %pushi/vec4 1, 0, 1;
    %store/vec4 v0000014056e81b80_0, 0, 1;
    %delay 50000, 0;
    %vpi_call/w 3 463 "$display", "=== START DUAL SYSTEM VERIFICATION ===" {0 0 0};
    %pushi/vec4 1, 0, 32;
    %store/vec4 v0000014056e9f540_0, 0, 32;
    %fork TD_deit_accelerator_top_tb_dual.run_case, S_0000014056eab4b0;
    %join;
    %pushi/vec4 2, 0, 32;
    %store/vec4 v0000014056e9f540_0, 0, 32;
    %fork TD_deit_accelerator_top_tb_dual.run_case, S_0000014056eab4b0;
    %join;
    %load/vec4 v0000014056e81900_0;
    %cmpi/e 0, 0, 32;
    %jmp/0xz  T_328.0, 4;
    %vpi_call/w 3 469 "$display", "\012=== SUCCESS: Full System Verified ===\012" {0 0 0};
    %jmp T_328.1;
T_328.0 ;
    %vpi_call/w 3 470 "$display", "\012=== FAILURE: Found %0d Errors ===\012", v0000014056e81900_0 {0 0 0};
T_328.1 ;
    %vpi_call/w 3 472 "$finish" {0 0 0};
    %end;
    .thread T_328;
# The file index is used to find the file name in the following table.
:file_names 16;
    "N/A";
    "<interactive>";
    "-";
    "src\deit_accelerator_top_tb_dual.v";
    "src\deit_accelerator_top.v";
    "src\axi_lite_control.v";
    "src\deit_core.v";
    "src\accumulator_bank.v";
    "src\single_column_bank.v";
    "src\systolic_array.v";
    "src\pe.v";
    "src\global_controller.v";
    "src\input_buffer_ctrl.v";
    "src\output_buffer_ctrl.v";
    "src\ppu.v";
    "src\weight_buffer_ctrl.v";
