#! /c/Source/iverilog-install/bin/vvp
:ivl_version "12.0 (devel)" "(s20150603-1539-g2693dd32b)";
:ivl_delay_selection "TYPICAL";
:vpi_time_precision - 12;
:vpi_module "G:\iverilog\lib\ivl\system.vpi";
:vpi_module "G:\iverilog\lib\ivl\vhdl_sys.vpi";
:vpi_module "G:\iverilog\lib\ivl\vhdl_textio.vpi";
:vpi_module "G:\iverilog\lib\ivl\v2005_math.vpi";
:vpi_module "G:\iverilog\lib\ivl\va_math.vpi";
:vpi_module "G:\iverilog\lib\ivl\v2009.vpi";
S_000002cde7baae70 .scope package, "$unit" "$unit" 2 1;
 .timescale 0 0;
S_000002cde77eee00 .scope module, "deit_accelerator_top_tb" "deit_accelerator_top_tb" 3 7;
 .timescale -9 -12;
P_000002cde7c14550 .param/l "ARRAY_COL" 1 3 13, +C4<00000000000000000000000000010000>;
P_000002cde7c14588 .param/l "ARRAY_ROW" 1 3 12, +C4<00000000000000000000000000001100>;
P_000002cde7c145c0 .param/l "C_S_AXI_ADDR_WIDTH" 1 3 11, +C4<00000000000000000000000000000110>;
P_000002cde7c145f8 .param/l "C_S_AXI_DATA_WIDTH" 1 3 10, +C4<00000000000000000000000000100000>;
P_000002cde7c14630 .param/l "MAX_INPUT_WORDS" 1 3 18, +C4<00000000000000000010011100010000>;
P_000002cde7c14668 .param/l "MAX_OUTPUT_WORDS" 1 3 20, +C4<00000000000000000010011100010000>;
P_000002cde7c146a0 .param/l "MAX_RAM_GOLDEN_WORDS" 1 3 21, +C4<00000000000000110000110101000000>;
P_000002cde7c146d8 .param/l "MAX_WEIGHT_WORDS" 1 3 19, +C4<00000000000000000010011100010000>;
P_000002cde7c14710 .param/l "TIMEOUT_CYCLES" 1 3 15, +C4<00000000000000000100111000100000>;
v000002cde7d9c130_0 .var/i "INPUT_WORDS_PER_TILE", 31 0;
v000002cde7d9add0_0 .var/i "K_ORIG", 31 0;
v000002cde7d9b190_0 .var/i "K_PAD", 31 0;
v000002cde7d9aab0_0 .var/i "K_TILES", 31 0;
v000002cde7d9a970_0 .var/i "M_ORIG", 31 0;
v000002cde7d9b230_0 .var/i "M_PAD", 31 0;
v000002cde7d9b2d0_0 .var/i "N_ORIG", 31 0;
v000002cde7d9ae70_0 .var/i "N_PAD", 31 0;
v000002cde7d9c090_0 .var/i "N_TILES", 31 0;
v000002cde7d9afb0_0 .var/i "OUTPUT_WORDS_PER_TILE", 31 0;
v000002cde7d9b9b0_0 .var/i "WEIGHT_WORDS_PER_TILE", 31 0;
v000002cde7d9bd70_0 .var "acc_mode", 0 0;
v000002cde7d9ca90_0 .var "axis_in_tdata", 63 0;
v000002cde7d9beb0_0 .var "axis_in_tlast", 0 0;
L_000002cde7db16f8 .functor BUFT 1, C4<1>, C4<0>, C4<0>, C4<0>;
v000002cde7d9bf50_0 .net "axis_in_tready", 0 0, L_000002cde7db16f8;  1 drivers
v000002cde7d9c310_0 .var "axis_in_tvalid", 0 0;
v000002cde7d9c590_0 .net "axis_out_tdata", 63 0, v000002cde7d89170_0;  1 drivers
L_000002cde7db3870 .functor BUFT 1, C4<0>, C4<0>, C4<0>, C4<0>;
v000002cde7d9cef0_0 .net "axis_out_tlast", 0 0, L_000002cde7db3870;  1 drivers
v000002cde7d9c630_0 .var "axis_out_tready", 0 0;
v000002cde7d9c6d0_0 .net "axis_out_tvalid", 0 0, v000002cde7d8b510_0;  1 drivers
v000002cde7d9c770_0 .var "clk", 0 0;
v000002cde7d9c810_0 .var/i "err_cnt", 31 0;
v000002cde7d9cb30 .array "file_axis_golden", 9999 0, 63 0;
v000002cde7d9dfd0 .array "file_axis_input", 9999 0, 63 0;
v000002cde7d9ef70 .array "file_axis_weight", 9999 0, 63 0;
v000002cde7d9d0d0 .array "file_config", 9 0, 31 0;
v000002cde7d9d170 .array "file_ram_golden", 199999 0, 63 0;
v000002cde7d9d210_0 .var/i "k_idx", 31 0;
v000002cde7d9e610_0 .var/i "n_idx", 31 0;
v000002cde7d9d2b0_0 .var "output_en", 0 0;
v000002cde7d9e6b0_0 .var "rst_n", 0 0;
v000002cde7d9ebb0_0 .var "s_axi_araddr", 5 0;
v000002cde7d9da30_0 .net "s_axi_arready", 0 0, v000002cde7be8700_0;  1 drivers
v000002cde7d9e9d0_0 .var "s_axi_arvalid", 0 0;
v000002cde7d9d670_0 .var "s_axi_awaddr", 5 0;
v000002cde7d9dcb0_0 .net "s_axi_awready", 0 0, v000002cde7be79e0_0;  1 drivers
v000002cde7d9d710_0 .var "s_axi_awvalid", 0 0;
v000002cde7d9ea70_0 .var "s_axi_bready", 0 0;
L_000002cde7db1668 .functor BUFT 1, C4<00>, C4<0>, C4<0>, C4<0>;
v000002cde7d9d8f0_0 .net "s_axi_bresp", 1 0, L_000002cde7db1668;  1 drivers
v000002cde7d9eb10_0 .net "s_axi_bvalid", 0 0, v000002cde7be9100_0;  1 drivers
v000002cde7d9d350_0 .net "s_axi_rdata", 31 0, v000002cde7be97e0_0;  1 drivers
v000002cde7d9ec50_0 .var "s_axi_rready", 0 0;
L_000002cde7db16b0 .functor BUFT 1, C4<00>, C4<0>, C4<0>, C4<0>;
v000002cde7d9de90_0 .net "s_axi_rresp", 1 0, L_000002cde7db16b0;  1 drivers
v000002cde7d9dd50_0 .net "s_axi_rvalid", 0 0, v000002cde7be8a20_0;  1 drivers
v000002cde7d9e070_0 .var "s_axi_wdata", 31 0;
v000002cde7d9ee30_0 .net "s_axi_wready", 0 0, v000002cde7be78a0_0;  1 drivers
v000002cde7d9d3f0_0 .var "s_axi_wstrb", 3 0;
v000002cde7d9d490_0 .var "s_axi_wvalid", 0 0;
S_000002cde78d1060 .scope task, "axi_lite_write" "axi_lite_write" 3 124, 3 124 0, S_000002cde77eee00;
 .timescale -9 -12;
v000002cde7be5780_0 .var "addr", 5 0;
v000002cde7be6220_0 .var "data", 31 0;
E_000002cde7af72a0 .event posedge, v000002cde7be6400_0;
E_000002cde7af71e0 .event anyedge, v000002cde7be9100_0;
E_000002cde7af73a0 .event anyedge, v000002cde7be79e0_0, v000002cde7be78a0_0;
TD_deit_accelerator_top_tb.axi_lite_write ;
    %wait E_000002cde7af72a0;
    %load/vec4 v000002cde7be5780_0;
    %assign/vec4 v000002cde7d9d670_0, 0;
    %pushi/vec4 1, 0, 1;
    %assign/vec4 v000002cde7d9d710_0, 0;
    %load/vec4 v000002cde7be6220_0;
    %assign/vec4 v000002cde7d9e070_0, 0;
    %pushi/vec4 15, 0, 4;
    %assign/vec4 v000002cde7d9d3f0_0, 0;
    %pushi/vec4 1, 0, 1;
    %assign/vec4 v000002cde7d9d490_0, 0;
    %pushi/vec4 1, 0, 1;
    %assign/vec4 v000002cde7d9ea70_0, 0;
T_0.0 ;
    %load/vec4 v000002cde7d9dcb0_0;
    %flag_set/vec4 8;
    %flag_get/vec4 8;
    %jmp/0 T_0.2, 8;
    %load/vec4 v000002cde7d9ee30_0;
    %and;
T_0.2;
    %cmpi/ne 1, 0, 1;
    %jmp/0xz T_0.1, 6;
    %wait E_000002cde7af73a0;
    %jmp T_0.0;
T_0.1 ;
    %wait E_000002cde7af72a0;
    %pushi/vec4 0, 0, 1;
    %assign/vec4 v000002cde7d9d710_0, 0;
    %pushi/vec4 0, 0, 1;
    %assign/vec4 v000002cde7d9d490_0, 0;
T_0.3 ;
    %load/vec4 v000002cde7d9eb10_0;
    %cmpi/ne 1, 0, 1;
    %jmp/0xz T_0.4, 6;
    %wait E_000002cde7af71e0;
    %jmp T_0.3;
T_0.4 ;
    %wait E_000002cde7af72a0;
    %pushi/vec4 0, 0, 1;
    %assign/vec4 v000002cde7d9ea70_0, 0;
    %end;
S_000002cde7baa9f0 .scope task, "check_acc_ckpt" "check_acc_ckpt" 3 250, 3 250 0, S_000002cde77eee00;
 .timescale -9 -12;
v000002cde7be6ea0_0 .var "act_c0", 31 0;
v000002cde7be6cc0_0 .var "act_c1", 31 0;
v000002cde7be6fe0_0 .var/i "base", 31 0;
v000002cde7be5c80_0 .var "expected", 63 0;
v000002cde7be4d80_0 .var/i "k_idx", 31 0;
v000002cde7be4c40_0 .var/i "n_idx", 31 0;
v000002cde7be4e20_0 .var/i "t", 31 0;
TD_deit_accelerator_top_tb.check_acc_ckpt ;
    %load/vec4 v000002cde7be4c40_0;
    %load/vec4 v000002cde7d9aab0_0;
    %mul;
    %load/vec4 v000002cde7be4d80_0;
    %add;
    %load/vec4 v000002cde7d9b230_0;
    %mul;
    %store/vec4 v000002cde7be6fe0_0, 0, 32;
    %pushi/vec4 0, 0, 32;
    %store/vec4 v000002cde7be4e20_0, 0, 32;
T_1.5 ;
    %load/vec4 v000002cde7be4e20_0;
    %cmpi/s 4, 0, 32;
    %flag_get/vec4 5;
    %jmp/0 T_1.7, 5;
    %load/vec4 v000002cde7be4e20_0;
    %load/vec4 v000002cde7d9b230_0;
    %cmp/s;
    %flag_get/vec4 5;
    %and;
T_1.7;
    %flag_set/vec4 8;
    %jmp/0xz T_1.6, 8;
    %load/vec4 v000002cde7be6fe0_0;
    %load/vec4 v000002cde7be4e20_0;
    %add;
    %ix/vec4/s 4;
    %load/vec4a v000002cde7d9d170, 4;
    %store/vec4 v000002cde7be5c80_0, 0, 64;
    %ix/getv/s 4, v000002cde7be4e20_0;
    %load/vec4a v000002cde7be41a0, 4;
    %store/vec4 v000002cde7be6ea0_0, 0, 32;
    %ix/getv/s 4, v000002cde7be4e20_0;
    %load/vec4a v000002cde7be2d00, 4;
    %store/vec4 v000002cde7be6cc0_0, 0, 32;
    %load/vec4 v000002cde7be6cc0_0;
    %load/vec4 v000002cde7be6ea0_0;
    %concat/vec4; draw_concat_vec4
    %load/vec4 v000002cde7be5c80_0;
    %cmp/ne;
    %jmp/0xz  T_1.8, 6;
    %load/vec4 v000002cde7be6cc0_0;
    %load/vec4 v000002cde7be6ea0_0;
    %concat/vec4; draw_concat_vec4
    %vpi_call/w 3 265 "$display", "[CKPT-B][FAIL] n=%0d k=%0d addr=%0d exp=%h got=%h", v000002cde7be4c40_0, v000002cde7be4d80_0, v000002cde7be4e20_0, v000002cde7be5c80_0, S<0,vec4,u64> {1 0 0};
    %load/vec4 v000002cde7d9c810_0;
    %addi 1, 0, 32;
    %store/vec4 v000002cde7d9c810_0, 0, 32;
    %jmp T_1.9;
T_1.8 ;
    %vpi_call/w 3 269 "$display", "[CKPT-B][PASS] n=%0d k=%0d addr=%0d val=%h", v000002cde7be4c40_0, v000002cde7be4d80_0, v000002cde7be4e20_0, v000002cde7be5c80_0 {0 0 0};
T_1.9 ;
    %load/vec4 v000002cde7be4e20_0;
    %addi 1, 0, 32;
    %store/vec4 v000002cde7be4e20_0, 0, 32;
    %jmp T_1.5;
T_1.6 ;
    %end;
S_000002cde7226c90 .scope task, "check_outbuf_mem" "check_outbuf_mem" 3 318, 3 318 0, S_000002cde77eee00;
 .timescale -9 -12;
v000002cde7be7120_0 .var "actual128", 127 0;
v000002cde7be4ec0_0 .var/i "base", 31 0;
v000002cde7be6720_0 .var "expected128", 127 0;
v000002cde7be50a0_0 .var/i "n_idx", 31 0;
v000002cde7be64a0_0 .var/i "start", 31 0;
v000002cde7be5aa0_0 .var/i "t", 31 0;
TD_deit_accelerator_top_tb.check_outbuf_mem ;
    %fork t_1, S_000002cde7226e20;
    %jmp t_0;
    .scope S_000002cde7226e20;
t_1 ;
    %vpi_call/w 3 326 "$display", "[CKPT-D] Checking output buffer FIFO (n=%0d)", v000002cde7be50a0_0 {0 0 0};
    %load/vec4 v000002cde7be50a0_0;
    %load/vec4 v000002cde7d9afb0_0;
    %mul;
    %store/vec4 v000002cde7be4ec0_0, 0, 32;
    %load/vec4 v000002cde7d8ad90_0;
    %parti/s 8, 0, 2;
    %pad/u 32;
    %store/vec4 v000002cde7be64a0_0, 0, 32;
    %pushi/vec4 0, 0, 32;
    %store/vec4 v000002cde7be5aa0_0, 0, 32;
T_2.10 ;
    %load/vec4 v000002cde7be5aa0_0;
    %cmpi/s 4, 0, 32;
    %jmp/0xz T_2.11, 5;
    %load/vec4 v000002cde7be4ec0_0;
    %load/vec4 v000002cde7be5aa0_0;
    %muli 2, 0, 32;
    %add;
    %addi 1, 0, 32;
    %ix/vec4/s 4;
    %load/vec4a v000002cde7d9cb30, 4;
    %load/vec4 v000002cde7be4ec0_0;
    %load/vec4 v000002cde7be5aa0_0;
    %muli 2, 0, 32;
    %add;
    %ix/vec4/s 4;
    %load/vec4a v000002cde7d9cb30, 4;
    %concat/vec4; draw_concat_vec4
    %store/vec4 v000002cde7be6720_0, 0, 128;
    %load/vec4 v000002cde7be64a0_0;
    %load/vec4 v000002cde7be5aa0_0;
    %add;
    %ix/vec4/s 4;
    %load/vec4a v000002cde7d8acf0, 4;
    %store/vec4 v000002cde7be7120_0, 0, 128;
    %load/vec4 v000002cde7be7120_0;
    %load/vec4 v000002cde7be6720_0;
    %cmp/ne;
    %jmp/0xz  T_2.12, 6;
    %vpi_call/w 3 333 "$display", "[CKPT-D][FAIL] n=%0d row=%0d exp=%h got=%h", v000002cde7be50a0_0, v000002cde7be5aa0_0, v000002cde7be6720_0, v000002cde7be7120_0 {0 0 0};
    %load/vec4 v000002cde7d9c810_0;
    %addi 1, 0, 32;
    %store/vec4 v000002cde7d9c810_0, 0, 32;
    %jmp T_2.13;
T_2.12 ;
    %vpi_call/w 3 336 "$display", "[CKPT-D][PASS] n=%0d row=%0d val=%h", v000002cde7be50a0_0, v000002cde7be5aa0_0, v000002cde7be7120_0 {0 0 0};
T_2.13 ;
    %load/vec4 v000002cde7be5aa0_0;
    %addi 1, 0, 32;
    %store/vec4 v000002cde7be5aa0_0, 0, 32;
    %jmp T_2.10;
T_2.11 ;
    %end;
    .scope S_000002cde7226c90;
t_0 %join;
    %end;
S_000002cde7226e20 .scope begin, "CHECK_OBUF" "CHECK_OBUF" 3 325, 3 325 0, S_000002cde7226c90;
 .timescale -9 -12;
S_000002cde7203cb0 .scope task, "check_output_stream" "check_output_stream" 3 276, 3 276 0, S_000002cde77eee00;
 .timescale -9 -12;
v000002cde7be55a0_0 .var/i "base", 31 0;
v000002cde7be7260_0 .var/i "cycles", 31 0;
v000002cde7be5dc0_0 .var "expected", 63 0;
v000002cde7be58c0_0 .var/i "i", 31 0;
v000002cde7be5b40_0 .var/i "n_idx", 31 0;
v000002cde7be51e0_0 .var "sampled", 63 0;
TD_deit_accelerator_top_tb.check_output_stream ;
    %fork t_3, S_000002cde7203e40;
    %jmp t_2;
    .scope S_000002cde7203e40;
t_3 ;
    %vpi_call/w 3 284 "$display", "[CKPT-C] Checking output stream for N tile %0d", v000002cde7be5b40_0 {0 0 0};
    %pushi/vec4 1, 0, 1;
    %assign/vec4 v000002cde7d9c630_0, 0;
    %load/vec4 v000002cde7be5b40_0;
    %load/vec4 v000002cde7d9afb0_0;
    %mul;
    %store/vec4 v000002cde7be55a0_0, 0, 32;
    %pushi/vec4 0, 0, 32;
    %store/vec4 v000002cde7be58c0_0, 0, 32;
T_3.14 ;
    %load/vec4 v000002cde7be58c0_0;
    %load/vec4 v000002cde7d9afb0_0;
    %cmp/s;
    %jmp/0xz T_3.15, 5;
    %fork t_5, S_000002cde71f8070;
    %jmp t_4;
    .scope S_000002cde71f8070;
t_5 ;
    %pushi/vec4 0, 0, 32;
    %store/vec4 v000002cde7be7260_0, 0, 32;
    %fork t_7, S_000002cde71f8200;
    %jmp t_6;
    .scope S_000002cde71f8200;
t_7 ;
T_3.16 ;
    %pushi/vec4 1, 0, 32;
    %or/r;
    %flag_set/vec4 8;
    %jmp/0xz T_3.17, 8;
    %wait E_000002cde7af72a0;
    %load/vec4 v000002cde7be7260_0;
    %addi 1, 0, 32;
    %store/vec4 v000002cde7be7260_0, 0, 32;
    %load/vec4 v000002cde7d9c6d0_0;
    %flag_set/vec4 9;
    %flag_get/vec4 9;
    %jmp/0 T_3.20, 9;
    %load/vec4 v000002cde7d9c630_0;
    %and;
T_3.20;
    %flag_set/vec4 8;
    %jmp/0xz  T_3.18, 8;
    %load/vec4 v000002cde7d9c590_0;
    %store/vec4 v000002cde7be51e0_0, 0, 64;
    %load/vec4 v000002cde7be55a0_0;
    %load/vec4 v000002cde7be58c0_0;
    %add;
    %ix/vec4/s 4;
    %load/vec4a v000002cde7d9cb30, 4;
    %store/vec4 v000002cde7be5dc0_0, 0, 64;
    %load/vec4 v000002cde7be51e0_0;
    %load/vec4 v000002cde7be5dc0_0;
    %cmp/ne;
    %jmp/0xz  T_3.21, 6;
    %vpi_call/w 3 298 "$display", "[FAIL] OUT n=%0d word=%0d exp=%h got=%h", v000002cde7be5b40_0, v000002cde7be58c0_0, v000002cde7be5dc0_0, v000002cde7be51e0_0 {0 0 0};
    %load/vec4 v000002cde7d9c810_0;
    %addi 1, 0, 32;
    %store/vec4 v000002cde7d9c810_0, 0, 32;
    %jmp T_3.22;
T_3.21 ;
    %vpi_call/w 3 301 "$display", "[PASS] OUT n=%0d word=%0d val=%h", v000002cde7be5b40_0, v000002cde7be58c0_0, v000002cde7be5dc0_0 {0 0 0};
T_3.22 ;
    %disable S_000002cde71f8200;
T_3.18 ;
    %load/vec4 v000002cde7be7260_0;
    %cmpi/s 20000, 0, 32;
    %flag_or 5, 4; GT is !LE
    %flag_inv 5;
    %jmp/0xz  T_3.23, 5;
    %vpi_call/w 3 306 "$display", "[FAIL] Timeout waiting axis_out_tvalid (n=%0d word=%0d)", v000002cde7be5b40_0, v000002cde7be58c0_0 {0 0 0};
    %load/vec4 v000002cde7be5b40_0;
    %store/vec4 v000002cde7be71c0_0, 0, 32;
    %pushi/vec4 0, 0, 32;
    %store/vec4 v000002cde7be6a40_0, 0, 32;
    %pushi/vec4 0, 0, 32; draw_string_vec4
    %pushi/vec4 0, 0, 32; draw_string_vec4
    %concat/vec4; draw_string_vec4
    %pushi/vec4 1463896404, 0, 32; draw_string_vec4
    %concat/vec4; draw_string_vec4
    %pushi/vec4 1599034708, 0, 32; draw_string_vec4
    %concat/vec4; draw_string_vec4
    %store/vec4 v000002cde7be5320_0, 0, 128;
    %fork TD_deit_accelerator_top_tb.ckpt_a, S_000002cde7260e80;
    %join;
    %load/vec4 v000002cde7d9c810_0;
    %addi 1, 0, 32;
    %store/vec4 v000002cde7d9c810_0, 0, 32;
    %disable S_000002cde7203e40;
T_3.23 ;
    %jmp T_3.16;
T_3.17 ;
    %end;
    .scope S_000002cde71f8070;
t_6 %join;
    %end;
    .scope S_000002cde7203e40;
t_4 %join;
    %load/vec4 v000002cde7be58c0_0;
    %addi 1, 0, 32;
    %store/vec4 v000002cde7be58c0_0, 0, 32;
    %jmp T_3.14;
T_3.15 ;
    %pushi/vec4 0, 0, 1;
    %assign/vec4 v000002cde7d9c630_0, 0;
    %end;
    .scope S_000002cde7203cb0;
t_2 %join;
    %end;
S_000002cde7203e40 .scope begin, "CHECK_OUT" "CHECK_OUT" 3 283, 3 283 0, S_000002cde7203cb0;
 .timescale -9 -12;
S_000002cde71f8070 .scope begin, "OUT_LOOP" "OUT_LOOP" 3 288, 3 288 0, S_000002cde7203e40;
 .timescale -9 -12;
S_000002cde71f8200 .scope begin, "WAIT_BEAT" "WAIT_BEAT" 3 290, 3 290 0, S_000002cde71f8070;
 .timescale -9 -12;
S_000002cde7260e80 .scope task, "ckpt_a" "ckpt_a" 3 141, 3 141 0, S_000002cde77eee00;
 .timescale -9 -12;
v000002cde7be6a40_0 .var/i "k_idx", 31 0;
v000002cde7be71c0_0 .var/i "n_idx", 31 0;
v000002cde7be5320_0 .var "tag", 127 0;
TD_deit_accelerator_top_tb.ckpt_a ;
    %vpi_call/w 3 146 "$display", "[CKPT-A][%s] n=%0d k=%0d state=%0d cnt_load=%0d cnt_seq=%0d cnt_drain=%0d acc_cnt=%0d wv=%b iv=%b dma_req=%b", v000002cde7be5320_0, v000002cde7be71c0_0, v000002cde7be6a40_0, v000002cde7d87f50_0, v000002cde7d87870_0, v000002cde7d87a50_0, v000002cde7d88770_0, v000002cde7d87cd0_0, v000002cde7d9b690_0, v000002cde7d9c8b0_0, v000002cde7d987b0_0 {0 0 0};
    %end;
S_000002cde7261010 .scope task, "ckpt_outbuf_state" "ckpt_outbuf_state" 3 342, 3 342 0, S_000002cde77eee00;
 .timescale -9 -12;
v000002cde7be4ba0_0 .var/i "n_idx", 31 0;
v000002cde7be5500_0 .var/i "stage", 31 0;
TD_deit_accelerator_top_tb.ckpt_outbuf_state ;
    %load/vec4 v000002cde7be5500_0;
    %cmpi/e 0, 0, 32;
    %jmp/0xz  T_5.25, 4;
    %vpi_call/w 3 347 "$display", "[CKPT-OBUF][BEFORE] n=%0d state=%0d rd=%0d wr=%0d tvalid=%0d", v000002cde7be4ba0_0, v000002cde7d8af70_0, v000002cde7d8ad90_0, v000002cde7d89e90_0, v000002cde7d8b510_0 {0 0 0};
    %jmp T_5.26;
T_5.25 ;
    %vpi_call/w 3 350 "$display", "[CKPT-OBUF][AFTER ] n=%0d state=%0d rd=%0d wr=%0d tvalid=%0d", v000002cde7be4ba0_0, v000002cde7d8af70_0, v000002cde7d8ad90_0, v000002cde7d89e90_0, v000002cde7d8b510_0 {0 0 0};
T_5.26 ;
    %end;
S_000002cde7c6f380 .scope task, "count_activity" "count_activity" 3 356, 3 356 0, S_000002cde77eee00;
 .timescale -9 -12;
v000002cde7be5640_0 .var/i "in_valid_cnt", 31 0;
v000002cde7be5a00_0 .var/i "k_idx", 31 0;
v000002cde7be56e0_0 .var/i "n_idx", 31 0;
v000002cde7be5820_0 .var/i "ppu_cnt", 31 0;
TD_deit_accelerator_top_tb.count_activity ;
    %fork t_9, S_000002cde7c6fe70;
    %jmp t_8;
    .scope S_000002cde7c6fe70;
t_9 ;
    %pushi/vec4 0, 0, 32;
    %store/vec4 v000002cde7be5640_0, 0, 32;
    %pushi/vec4 0, 0, 32;
    %store/vec4 v000002cde7be5820_0, 0, 32;
T_6.27 ;
    %load/vec4 v000002cde7d9a1f0_0;
    %nor/r;
    %flag_set/vec4 8;
    %jmp/0xz T_6.28, 8;
    %wait E_000002cde7af72a0;
    %load/vec4 v000002cde7d88a90_0;
    %flag_set/vec4 9;
    %flag_get/vec4 9;
    %jmp/0 T_6.31, 9;
    %load/vec4 v000002cde7d9c8b0_0;
    %and;
T_6.31;
    %flag_set/vec4 8;
    %jmp/0xz  T_6.29, 8;
    %load/vec4 v000002cde7be5640_0;
    %addi 1, 0, 32;
    %store/vec4 v000002cde7be5640_0, 0, 32;
T_6.29 ;
    %load/vec4 v000002cde7d9ba50_0;
    %flag_set/vec4 8;
    %jmp/0xz  T_6.32, 8;
    %load/vec4 v000002cde7be5820_0;
    %addi 1, 0, 32;
    %store/vec4 v000002cde7be5820_0, 0, 32;
T_6.32 ;
    %jmp T_6.27;
T_6.28 ;
    %vpi_call/w 3 369 "$display", "[CKPT-COUNT] n=%0d k=%0d in_valid=%0d ppu_valid=%0d", v000002cde7be56e0_0, v000002cde7be5a00_0, v000002cde7be5640_0, v000002cde7be5820_0 {0 0 0};
    %end;
    .scope S_000002cde7c6f380;
t_8 %join;
    %end;
S_000002cde7c6fe70 .scope begin, "COUNT_ACT" "COUNT_ACT" 3 361, 3 361 0, S_000002cde7c6f380;
 .timescale -9 -12;
S_000002cde7c6f6a0 .scope module, "dut" "deit_accelerator_top" 3 62, 4 14 0, S_000002cde77eee00;
 .timescale -9 -12;
    .port_info 0 /INPUT 1 "clk";
    .port_info 1 /INPUT 1 "rst_n";
    .port_info 2 /INPUT 6 "s_axi_awaddr";
    .port_info 3 /INPUT 1 "s_axi_awvalid";
    .port_info 4 /OUTPUT 1 "s_axi_awready";
    .port_info 5 /INPUT 32 "s_axi_wdata";
    .port_info 6 /INPUT 4 "s_axi_wstrb";
    .port_info 7 /INPUT 1 "s_axi_wvalid";
    .port_info 8 /OUTPUT 1 "s_axi_wready";
    .port_info 9 /OUTPUT 2 "s_axi_bresp";
    .port_info 10 /OUTPUT 1 "s_axi_bvalid";
    .port_info 11 /INPUT 1 "s_axi_bready";
    .port_info 12 /INPUT 6 "s_axi_araddr";
    .port_info 13 /INPUT 1 "s_axi_arvalid";
    .port_info 14 /OUTPUT 1 "s_axi_arready";
    .port_info 15 /OUTPUT 32 "s_axi_rdata";
    .port_info 16 /OUTPUT 2 "s_axi_rresp";
    .port_info 17 /OUTPUT 1 "s_axi_rvalid";
    .port_info 18 /INPUT 1 "s_axi_rready";
    .port_info 19 /INPUT 64 "axis_in_tdata";
    .port_info 20 /INPUT 1 "axis_in_tvalid";
    .port_info 21 /OUTPUT 1 "axis_in_tready";
    .port_info 22 /INPUT 1 "axis_in_tlast";
    .port_info 23 /OUTPUT 64 "axis_out_tdata";
    .port_info 24 /OUTPUT 1 "axis_out_tvalid";
    .port_info 25 /INPUT 1 "axis_out_tready";
    .port_info 26 /OUTPUT 1 "axis_out_tlast";
P_000002cde7bb4ab0 .param/l "C_S_AXI_ADDR_WIDTH" 0 4 16, +C4<00000000000000000000000000000110>;
P_000002cde7bb4ae8 .param/l "C_S_AXI_DATA_WIDTH" 0 4 15, +C4<00000000000000000000000000100000>;
L_000002cde7a71f90 .functor AND 1, v000002cde7d9e6b0_0, L_000002cde7d9ecf0, C4<1>, C4<1>;
L_000002cde7a71c80 .functor AND 1, v000002cde7d9c310_0, v000002cde7d86bf0_0, C4<1>, C4<1>;
L_000002cde7a72fc0 .functor AND 1, v000002cde7d9c310_0, L_000002cde7d9d5d0, C4<1>, C4<1>;
L_000002cde7a731f0 .functor NOT 1, v000002cde7d994d0_0, C4<0>, C4<0>, C4<0>;
L_000002cde7a72b60 .functor AND 1, v000002cde7be5f00_0, L_000002cde7a731f0, C4<1>, C4<1>;
L_000002cde7a72cb0 .functor NOT 1, v000002cde7d86bf0_0, C4<0>, C4<0>, C4<0>;
L_000002cde7a72e70 .functor AND 1, L_000002cde7a72cb0, v000002cde7d98d50_0, C4<1>, C4<1>;
L_000002cde7e34e50 .functor BUFZ 1, L_000002cde7e347c0, C4<0>, C4<0>, C4<0>;
L_000002cde7e34b40 .functor AND 1, L_000002cde7e34e50, L_000002cde7d9e7f0, C4<1>, C4<1>;
v000002cde7d98ad0_0 .net *"_ivl_10", 0 0, L_000002cde7a731f0;  1 drivers
v000002cde7d9a0b0_0 .net *"_ivl_14", 0 0, L_000002cde7a72cb0;  1 drivers
v000002cde7d98b70_0 .net *"_ivl_5", 0 0, L_000002cde7d9d5d0;  1 drivers
v000002cde7d98f30_0 .net "axis_in_tdata", 63 0, v000002cde7d9ca90_0;  1 drivers
v000002cde7d99890_0 .net "axis_in_tlast", 0 0, v000002cde7d9beb0_0;  1 drivers
v000002cde7d997f0_0 .net "axis_in_tready", 0 0, L_000002cde7db16f8;  alias, 1 drivers
v000002cde7d98fd0_0 .net "axis_in_tvalid", 0 0, v000002cde7d9c310_0;  1 drivers
v000002cde7d985d0_0 .net "axis_out_tdata", 63 0, v000002cde7d89170_0;  alias, 1 drivers
v000002cde7d996b0_0 .net "axis_out_tlast", 0 0, L_000002cde7db3870;  alias, 1 drivers
v000002cde7d99c50_0 .net "axis_out_tready", 0 0, v000002cde7d9c630_0;  1 drivers
v000002cde7d991b0_0 .net "axis_out_tvalid", 0 0, v000002cde7d8b510_0;  alias, 1 drivers
v000002cde7d98c10_0 .net "cfg_acc_mode", 0 0, L_000002cde7d9dc10;  1 drivers
v000002cde7d9a5b0_0 .net "cfg_output_en", 0 0, L_000002cde7d9e7f0;  1 drivers
v000002cde7d99f70_0 .net "cfg_ppu_bias", 31 0, v000002cde7be7a80_0;  1 drivers
v000002cde7d9a790_0 .net "cfg_ppu_mult", 15 0, L_000002cde7d9eed0;  1 drivers
v000002cde7d999d0_0 .net "cfg_ppu_shift", 4 0, L_000002cde7d9d530;  1 drivers
v000002cde7d99bb0_0 .net "cfg_ppu_zp", 7 0, L_000002cde7d9db70;  1 drivers
v000002cde7d98850_0 .net "cfg_seq_len", 31 0, v000002cde7be9740_0;  1 drivers
v000002cde7d9a150_0 .net "clk", 0 0, v000002cde7d9c770_0;  1 drivers
v000002cde7d9a1f0_0 .net "core_ap_done", 0 0, v000002cde7d88b30_0;  1 drivers
v000002cde7d98210_0 .net "core_ap_idle", 0 0, v000002cde7d88d10_0;  1 drivers
v000002cde7d98350_0 .net "core_input_read_en", 0 0, v000002cde7d87910_0;  1 drivers
v000002cde7d99390_0 .net "core_to_ppu_data", 511 0, L_000002cde7e1a3f0;  1 drivers
v000002cde7d983f0_0 .net "core_valid_raw", 0 0, L_000002cde7e34e50;  1 drivers
v000002cde7d987b0_0 .net "core_weight_dma_req", 0 0, v000002cde7d86bf0_0;  1 drivers
v000002cde7d98d50_0 .var "core_weight_dma_req_d", 0 0;
v000002cde7d99250_0 .net "core_weight_load_en", 0 0, v000002cde7d883b0_0;  1 drivers
v000002cde7d99430_0 .net "ctrl_ap_start", 0 0, v000002cde7be5f00_0;  1 drivers
v000002cde7d994d0_0 .var "ctrl_ap_start_d", 0 0;
v000002cde7d99570_0 .net "ctrl_soft_rst_n", 0 0, L_000002cde7d9ecf0;  1 drivers
v000002cde7d99610_0 .net "ibuf_in_valid", 0 0, L_000002cde7a72fc0;  1 drivers
v000002cde7d9b4b0_0 .net "ibuf_to_core_data", 95 0, L_000002cde7d9e250;  1 drivers
v000002cde7d9c8b0_0 .net "ibuf_valid_out", 0 0, v000002cde7d8b470_0;  1 drivers
v000002cde7d9be10_0 .net "ppu_input_valid", 0 0, L_000002cde7e34b40;  1 drivers
v000002cde7d9cbd0_0 .net "ppu_to_obuf_data", 127 0, L_000002cde7e21010;  1 drivers
v000002cde7d9ba50_0 .net "ppu_valid", 0 0, v000002cde7d98530_0;  1 drivers
v000002cde7d9af10_0 .net "rst_n", 0 0, v000002cde7d9e6b0_0;  1 drivers
v000002cde7d9ab50_0 .net "s_axi_araddr", 5 0, v000002cde7d9ebb0_0;  1 drivers
v000002cde7d9a8d0_0 .net "s_axi_arready", 0 0, v000002cde7be8700_0;  alias, 1 drivers
v000002cde7d9cc70_0 .net "s_axi_arvalid", 0 0, v000002cde7d9e9d0_0;  1 drivers
v000002cde7d9b550_0 .net "s_axi_awaddr", 5 0, v000002cde7d9d670_0;  1 drivers
v000002cde7d9c3b0_0 .net "s_axi_awready", 0 0, v000002cde7be79e0_0;  alias, 1 drivers
v000002cde7d9bb90_0 .net "s_axi_awvalid", 0 0, v000002cde7d9d710_0;  1 drivers
v000002cde7d9cd10_0 .net "s_axi_bready", 0 0, v000002cde7d9ea70_0;  1 drivers
v000002cde7d9ad30_0 .net "s_axi_bresp", 1 0, L_000002cde7db1668;  alias, 1 drivers
v000002cde7d9c950_0 .net "s_axi_bvalid", 0 0, v000002cde7be9100_0;  alias, 1 drivers
v000002cde7d9d030_0 .net "s_axi_rdata", 31 0, v000002cde7be97e0_0;  alias, 1 drivers
v000002cde7d9b730_0 .net "s_axi_rready", 0 0, v000002cde7d9ec50_0;  1 drivers
v000002cde7d9b370_0 .net "s_axi_rresp", 1 0, L_000002cde7db16b0;  alias, 1 drivers
v000002cde7d9b410_0 .net "s_axi_rvalid", 0 0, v000002cde7be8a20_0;  alias, 1 drivers
v000002cde7d9bff0_0 .net "s_axi_wdata", 31 0, v000002cde7d9e070_0;  1 drivers
v000002cde7d9aa10_0 .net "s_axi_wready", 0 0, v000002cde7be78a0_0;  alias, 1 drivers
v000002cde7d9c270_0 .net "s_axi_wstrb", 3 0, v000002cde7d9d3f0_0;  1 drivers
v000002cde7d9c450_0 .net "s_axi_wvalid", 0 0, v000002cde7d9d490_0;  1 drivers
v000002cde7d9b050_0 .net "start_rising_edge", 0 0, L_000002cde7a72b60;  1 drivers
v000002cde7d9b7d0_0 .net "sys_rst_n", 0 0, L_000002cde7a71f90;  1 drivers
v000002cde7d9bc30_0 .net "wbuf_in_valid", 0 0, L_000002cde7a71c80;  1 drivers
v000002cde7d9b5f0_0 .net "wbuf_to_core_data", 127 0, L_000002cde7a71dd0;  1 drivers
v000002cde7d9b690_0 .net "wbuf_valid_out", 0 0, v000002cde7d99a70_0;  1 drivers
v000002cde7d9c1d0_0 .net "weight_dma_done_pulse", 0 0, L_000002cde7a72e70;  1 drivers
L_000002cde7d9d5d0 .reduce/nor v000002cde7d86bf0_0;
S_000002cde7c6f060 .scope module, "u_control" "axi_lite_control" 4 87, 5 11 0, S_000002cde7c6f6a0;
 .timescale -9 -12;
    .port_info 0 /INPUT 1 "clk";
    .port_info 1 /INPUT 1 "rst_n";
    .port_info 2 /INPUT 6 "s_axi_awaddr";
    .port_info 3 /INPUT 1 "s_axi_awvalid";
    .port_info 4 /OUTPUT 1 "s_axi_awready";
    .port_info 5 /INPUT 32 "s_axi_wdata";
    .port_info 6 /INPUT 4 "s_axi_wstrb";
    .port_info 7 /INPUT 1 "s_axi_wvalid";
    .port_info 8 /OUTPUT 1 "s_axi_wready";
    .port_info 9 /OUTPUT 2 "s_axi_bresp";
    .port_info 10 /OUTPUT 1 "s_axi_bvalid";
    .port_info 11 /INPUT 1 "s_axi_bready";
    .port_info 12 /INPUT 6 "s_axi_araddr";
    .port_info 13 /INPUT 1 "s_axi_arvalid";
    .port_info 14 /OUTPUT 1 "s_axi_arready";
    .port_info 15 /OUTPUT 32 "s_axi_rdata";
    .port_info 16 /OUTPUT 2 "s_axi_rresp";
    .port_info 17 /OUTPUT 1 "s_axi_rvalid";
    .port_info 18 /INPUT 1 "s_axi_rready";
    .port_info 19 /OUTPUT 1 "o_ap_start";
    .port_info 20 /OUTPUT 1 "o_soft_rst_n";
    .port_info 21 /OUTPUT 32 "o_cfg_compute_cycles";
    .port_info 22 /OUTPUT 1 "o_cfg_acc_mode";
    .port_info 23 /INPUT 1 "i_ap_done";
    .port_info 24 /INPUT 1 "i_ap_idle";
    .port_info 25 /OUTPUT 16 "o_ppu_mult";
    .port_info 26 /OUTPUT 5 "o_ppu_shift";
    .port_info 27 /OUTPUT 8 "o_ppu_zp";
    .port_info 28 /OUTPUT 32 "o_ppu_bias";
    .port_info 29 /OUTPUT 1 "o_output_en";
P_000002cde7286390 .param/l "ADDR_CFG_ACC" 1 5 60, C4<01100>;
P_000002cde72863c8 .param/l "ADDR_CFG_K" 1 5 59, C4<01000>;
P_000002cde7286400 .param/l "ADDR_CTRL_REG" 1 5 57, C4<00000>;
P_000002cde7286438 .param/l "ADDR_OUTPUT_EN" 1 5 69, C4<100100>;
P_000002cde7286470 .param/l "ADDR_PPU_BIAS" 1 5 68, C4<100000>;
P_000002cde72864a8 .param/l "ADDR_PPU_MULT" 1 5 64, C4<10100>;
P_000002cde72864e0 .param/l "ADDR_PPU_SHIFT" 1 5 65, C4<11000>;
P_000002cde7286518 .param/l "ADDR_PPU_ZP" 1 5 66, C4<11100>;
P_000002cde7286550 .param/l "ADDR_STATUS_REG" 1 5 58, C4<00100>;
P_000002cde7286588 .param/l "ADDR_VERSION" 1 5 61, C4<10000>;
P_000002cde72865c0 .param/l "C_S_AXI_ADDR_WIDTH" 0 5 13, +C4<00000000000000000000000000000110>;
P_000002cde72865f8 .param/l "C_S_AXI_DATA_WIDTH" 0 5 12, +C4<00000000000000000000000000100000>;
P_000002cde7286630 .param/l "VERSION_ID" 1 5 70, C4<00100000001001100000000100010111>;
v000002cde7be6400_0 .net "clk", 0 0, v000002cde7d9c770_0;  alias, 1 drivers
v000002cde7be5960_0 .net "i_ap_done", 0 0, v000002cde7d88b30_0;  alias, 1 drivers
v000002cde7be67c0_0 .net "i_ap_idle", 0 0, v000002cde7d88d10_0;  alias, 1 drivers
v000002cde7be5f00_0 .var "o_ap_start", 0 0;
v000002cde7be5be0_0 .net "o_cfg_acc_mode", 0 0, L_000002cde7d9dc10;  alias, 1 drivers
v000002cde7be5fa0_0 .net "o_cfg_compute_cycles", 31 0, v000002cde7be9740_0;  alias, 1 drivers
v000002cde7be60e0_0 .net "o_output_en", 0 0, L_000002cde7d9e7f0;  alias, 1 drivers
v000002cde7be62c0_0 .net "o_ppu_bias", 31 0, v000002cde7be7a80_0;  alias, 1 drivers
v000002cde7be6860_0 .net "o_ppu_mult", 15 0, L_000002cde7d9eed0;  alias, 1 drivers
v000002cde7be6900_0 .net "o_ppu_shift", 4 0, L_000002cde7d9d530;  alias, 1 drivers
v000002cde7be69a0_0 .net "o_ppu_zp", 7 0, L_000002cde7d9db70;  alias, 1 drivers
v000002cde7be8980_0 .net "o_soft_rst_n", 0 0, L_000002cde7d9ecf0;  alias, 1 drivers
v000002cde7be8e80_0 .var "reg_cfg_acc", 31 0;
v000002cde7be9740_0 .var "reg_cfg_k", 31 0;
v000002cde7be7b20_0 .var "reg_ctrl", 31 0;
v000002cde7be7e40_0 .var "reg_output_en", 31 0;
v000002cde7be7a80_0 .var "reg_ppu_bias", 31 0;
v000002cde7be8c00_0 .var "reg_ppu_mult", 31 0;
v000002cde7be92e0_0 .var "reg_ppu_shift", 31 0;
v000002cde7be9380_0 .var "reg_ppu_zp", 31 0;
v000002cde7be88e0_0 .var "reg_status", 31 0;
v000002cde7be83e0_0 .net "rst_n", 0 0, v000002cde7d9e6b0_0;  alias, 1 drivers
v000002cde7be8ca0_0 .net "s_axi_araddr", 5 0, v000002cde7d9ebb0_0;  alias, 1 drivers
v000002cde7be8700_0 .var "s_axi_arready", 0 0;
v000002cde7be8f20_0 .net "s_axi_arvalid", 0 0, v000002cde7d9e9d0_0;  alias, 1 drivers
v000002cde7be7300_0 .net "s_axi_awaddr", 5 0, v000002cde7d9d670_0;  alias, 1 drivers
v000002cde7be79e0_0 .var "s_axi_awready", 0 0;
v000002cde7be7760_0 .net "s_axi_awvalid", 0 0, v000002cde7d9d710_0;  alias, 1 drivers
v000002cde7be9060_0 .net "s_axi_bready", 0 0, v000002cde7d9ea70_0;  alias, 1 drivers
v000002cde7be7bc0_0 .net "s_axi_bresp", 1 0, L_000002cde7db1668;  alias, 1 drivers
v000002cde7be9100_0 .var "s_axi_bvalid", 0 0;
v000002cde7be97e0_0 .var "s_axi_rdata", 31 0;
v000002cde7be8fc0_0 .net "s_axi_rready", 0 0, v000002cde7d9ec50_0;  alias, 1 drivers
v000002cde7be80c0_0 .net "s_axi_rresp", 1 0, L_000002cde7db16b0;  alias, 1 drivers
v000002cde7be8a20_0 .var "s_axi_rvalid", 0 0;
v000002cde7be99c0_0 .net "s_axi_wdata", 31 0, v000002cde7d9e070_0;  alias, 1 drivers
v000002cde7be78a0_0 .var "s_axi_wready", 0 0;
v000002cde7be73a0_0 .net "s_axi_wstrb", 3 0, v000002cde7d9d3f0_0;  alias, 1 drivers
v000002cde7be96a0_0 .net "s_axi_wvalid", 0 0, v000002cde7d9d490_0;  alias, 1 drivers
E_000002cde7af7aa0/0 .event negedge, v000002cde7be83e0_0;
E_000002cde7af7aa0/1 .event posedge, v000002cde7be6400_0;
E_000002cde7af7aa0 .event/or E_000002cde7af7aa0/0, E_000002cde7af7aa0/1;
L_000002cde7d9ecf0 .part v000002cde7be7b20_0, 1, 1;
L_000002cde7d9dc10 .part v000002cde7be8e80_0, 0, 1;
L_000002cde7d9eed0 .part v000002cde7be8c00_0, 0, 16;
L_000002cde7d9d530 .part v000002cde7be92e0_0, 0, 5;
L_000002cde7d9db70 .part v000002cde7be9380_0, 0, 8;
L_000002cde7d9e7f0 .part v000002cde7be7e40_0, 0, 1;
S_000002cde7c6f830 .scope module, "u_core" "deit_core" 4 155, 6 10 0, S_000002cde7c6f6a0;
 .timescale -9 -12;
    .port_info 0 /INPUT 1 "clk";
    .port_info 1 /INPUT 1 "rst_n";
    .port_info 2 /INPUT 1 "ap_start";
    .port_info 3 /INPUT 32 "cfg_compute_cycles";
    .port_info 4 /INPUT 1 "cfg_acc_mode";
    .port_info 5 /OUTPUT 1 "ap_done";
    .port_info 6 /OUTPUT 1 "ap_idle";
    .port_info 7 /INPUT 96 "in_act_vec";
    .port_info 8 /INPUT 128 "in_weight_vec";
    .port_info 9 /INPUT 1 "i_weight_valid";
    .port_info 10 /INPUT 1 "i_input_valid";
    .port_info 11 /OUTPUT 512 "out_acc_vec";
    .port_info 12 /OUTPUT 1 "ctrl_weight_load_en";
    .port_info 13 /OUTPUT 1 "ctrl_weight_dma_req";
    .port_info 14 /OUTPUT 1 "ctrl_input_stream_en";
    .port_info 15 /OUTPUT 1 "dbg_acc_wr_en";
    .port_info 16 /OUTPUT 8 "dbg_acc_addr";
    .port_info 17 /OUTPUT 32 "dbg_aligned_col0";
    .port_info 18 /OUTPUT 32 "dbg_aligned_col15";
    .port_info 19 /OUTPUT 32 "dbg_raw_col0";
P_000002cde7bb4f30 .param/l "ADDR_WIDTH" 0 6 12, +C4<00000000000000000000000000001000>;
P_000002cde7bb4f68 .param/l "LATENCY_CFG" 0 6 11, +C4<00000000000000000000000000011011>;
L_000002cde7e344b0 .functor AND 1, L_000002cde7e169d0, L_000002cde7e17970, C4<1>, C4<1>;
L_000002cde7e347c0 .functor BUFZ 1, L_000002cde7e344b0, C4<0>, C4<0>, C4<0>;
L_000002cde7e33c60 .functor BUFZ 8, v000002cde7d88810_0, C4<00000000>, C4<00000000>, C4<00000000>;
v000002cde7d89030_0 .net *"_ivl_64", 0 0, L_000002cde7e17970;  1 drivers
v000002cde7d88810_0 .var "acc_addr", 7 0;
v000002cde7d87cd0_0 .var "acc_cnt", 31 0;
v000002cde7d868d0_0 .net "acc_wr_en", 0 0, L_000002cde7e344b0;  1 drivers
v000002cde7d88130_0 .net "acc_wr_en_raw", 0 0, L_000002cde7e169d0;  1 drivers
v000002cde7d88950_0 .net "aligned_out_vec", 511 0, L_000002cde7d7fcb0;  1 drivers
v000002cde7d87eb0_0 .net "ap_done", 0 0, v000002cde7d88b30_0;  alias, 1 drivers
v000002cde7d86f10_0 .net "ap_idle", 0 0, v000002cde7d88d10_0;  alias, 1 drivers
v000002cde7d88450_0 .net "ap_start", 0 0, v000002cde7be5f00_0;  alias, 1 drivers
v000002cde7d87ff0_0 .net "array_raw_out", 511 0, L_000002cde7e17470;  1 drivers
v000002cde7d86d30_0 .net "cfg_acc_mode", 0 0, L_000002cde7d9dc10;  alias, 1 drivers
v000002cde7d88590_0 .net "cfg_compute_cycles", 31 0, v000002cde7be9740_0;  alias, 1 drivers
v000002cde7d87050_0 .net "clk", 0 0, v000002cde7d9c770_0;  alias, 1 drivers
v000002cde7d886d0_0 .net "ctrl_drain_en_unused", 0 0, v000002cde7d88bd0_0;  1 drivers
v000002cde7d88a90_0 .net "ctrl_input_stream_en", 0 0, v000002cde7d87910_0;  alias, 1 drivers
v000002cde7d88db0_0 .net "ctrl_weight_dma_req", 0 0, v000002cde7d86bf0_0;  alias, 1 drivers
v000002cde7d884f0_0 .net "ctrl_weight_load_en", 0 0, v000002cde7d883b0_0;  alias, 1 drivers
v000002cde7d88090_0 .var "ctrl_weight_load_en_d", 0 0;
v000002cde7d88c70_0 .net "dbg_acc_addr", 7 0, L_000002cde7e33c60;  1 drivers
v000002cde7d881d0_0 .net "dbg_acc_wr_en", 0 0, L_000002cde7e347c0;  1 drivers
v000002cde7d88e50_0 .net "dbg_aligned_col0", 31 0, L_000002cde7e1acb0;  1 drivers
v000002cde7d86970_0 .net "dbg_aligned_col15", 31 0, L_000002cde7e1ad50;  1 drivers
v000002cde7d88ef0_0 .net "dbg_raw_col0", 31 0, L_000002cde7e194f0;  1 drivers
v000002cde7d88f90_0 .net "i_input_valid", 0 0, v000002cde7d8b470_0;  alias, 1 drivers
v000002cde7d86c90_0 .net "i_weight_valid", 0 0, v000002cde7d99a70_0;  alias, 1 drivers
v000002cde7d86dd0_0 .var "i_weight_valid_d", 0 0;
v000002cde7d86e70_0 .net "in_act_vec", 95 0, L_000002cde7d9e250;  alias, 1 drivers
v000002cde7d870f0_0 .net "in_weight_vec", 127 0, L_000002cde7a71dd0;  alias, 1 drivers
v000002cde7d890d0_0 .var "in_weight_vec_d", 127 0;
v000002cde7d89a30_0 .net "out_acc_vec", 511 0, L_000002cde7e1a3f0;  alias, 1 drivers
v000002cde7d898f0_0 .var "row_load_en", 11 0;
v000002cde7d892b0_0 .net "rst_n", 0 0, L_000002cde7a71f90;  alias, 1 drivers
L_000002cde7db18a8 .functor BUFT 1, C4<1>, C4<0>, C4<0>, C4<0>;
v000002cde7d897b0_0 .net "safe_compute_en", 0 0, L_000002cde7db18a8;  1 drivers
v000002cde7d8b330_0 .net "skewed_in_act_vec", 95 0, L_000002cde7d7f490;  1 drivers
v000002cde7d8aa70_0 .var "valid_delay_line", 26 0;
L_000002cde7d9e390 .part L_000002cde7d9e250, 0, 8;
LS_000002cde7d7f490_0_0 .concat8 [ 8 8 8 8], L_000002cde7d9e390, L_000002cde7d9d990, L_000002cde7d9e430, L_000002cde7d9dad0;
LS_000002cde7d7f490_0_4 .concat8 [ 8 8 8 8], L_000002cde7d9e930, L_000002cde7d9df30, L_000002cde7d9e4d0, L_000002cde7d9e570;
LS_000002cde7d7f490_0_8 .concat8 [ 8 8 8 8], L_000002cde7d9e750, L_000002cde7d81650, L_000002cde7d816f0, L_000002cde7d7fb70;
L_000002cde7d7f490 .concat8 [ 32 32 32 0], LS_000002cde7d7f490_0_0, LS_000002cde7d7f490_0_4, LS_000002cde7d7f490_0_8;
LS_000002cde7d7fcb0_0_0 .concat8 [ 32 32 32 32], L_000002cde7d81330, L_000002cde7d80070, L_000002cde7d807f0, L_000002cde7d7f5d0;
LS_000002cde7d7fcb0_0_4 .concat8 [ 32 32 32 32], L_000002cde7d7ffd0, L_000002cde7d80110, L_000002cde7d7f7b0, L_000002cde7d81510;
LS_000002cde7d7fcb0_0_8 .concat8 [ 32 32 32 32], L_000002cde7d81010, L_000002cde7d7f990, L_000002cde7d81150, L_000002cde7d80390;
LS_000002cde7d7fcb0_0_12 .concat8 [ 32 32 32 32], L_000002cde7d7f710, L_000002cde7d806b0, L_000002cde7d7f850, L_000002cde7d7f170;
L_000002cde7d7fcb0 .concat8 [ 128 128 128 128], LS_000002cde7d7fcb0_0_0, LS_000002cde7d7fcb0_0_4, LS_000002cde7d7fcb0_0_8, LS_000002cde7d7fcb0_0_12;
L_000002cde7d7f170 .part L_000002cde7e17470, 480, 32;
L_000002cde7e169d0 .part v000002cde7d8aa70_0, 26, 1;
L_000002cde7e17970 .cmp/gt 32, v000002cde7be9740_0, v000002cde7d87cd0_0;
L_000002cde7e1acb0 .part L_000002cde7d7fcb0, 0, 32;
L_000002cde7e1ad50 .part L_000002cde7d7fcb0, 480, 32;
L_000002cde7e194f0 .part L_000002cde7e17470, 0, 32;
S_000002cde7c6f1f0 .scope generate, "IN_SKEW[0]" "IN_SKEW[0]" 6 118, 6 118 0, S_000002cde7c6f830;
 .timescale -9 -12;
P_000002cde7af7c60 .param/l "r" 0 6 118, +C4<00>;
S_000002cde7c6f9c0 .scope generate, "genblk1" "genblk1" 6 119, 6 119 0, S_000002cde7c6f1f0;
 .timescale -9 -12;
v000002cde7be7c60_0 .net *"_ivl_0", 7 0, L_000002cde7d9e390;  1 drivers
S_000002cde7c6f510 .scope generate, "IN_SKEW[1]" "IN_SKEW[1]" 6 118, 6 118 0, S_000002cde7c6f830;
 .timescale -9 -12;
P_000002cde7af7460 .param/l "r" 0 6 118, +C4<01>;
S_000002cde7c6fb50 .scope generate, "genblk1" "genblk1" 6 119, 6 119 0, S_000002cde7c6f510;
 .timescale -9 -12;
v000002cde7be8d40_0 .net *"_ivl_1", 7 0, L_000002cde7d9d990;  1 drivers
v000002cde7be85c0_0 .var "delay_chain", 7 0;
E_000002cde7af7620/0 .event negedge, v000002cde7be2f80_0;
E_000002cde7af7620/1 .event posedge, v000002cde7be6400_0;
E_000002cde7af7620 .event/or E_000002cde7af7620/0, E_000002cde7af7620/1;
L_000002cde7d9d990 .part v000002cde7be85c0_0, 0, 8;
S_000002cde7c6fce0 .scope generate, "IN_SKEW[2]" "IN_SKEW[2]" 6 118, 6 118 0, S_000002cde7c6f830;
 .timescale -9 -12;
P_000002cde7af76a0 .param/l "r" 0 6 118, +C4<010>;
S_000002cde7997cb0 .scope generate, "genblk1" "genblk1" 6 119, 6 119 0, S_000002cde7c6fce0;
 .timescale -9 -12;
v000002cde7be7440_0 .net *"_ivl_1", 7 0, L_000002cde7d9e430;  1 drivers
v000002cde7be74e0_0 .var "delay_chain", 15 0;
L_000002cde7d9e430 .part v000002cde7be74e0_0, 8, 8;
S_000002cde7997e40 .scope generate, "IN_SKEW[3]" "IN_SKEW[3]" 6 118, 6 118 0, S_000002cde7c6f830;
 .timescale -9 -12;
P_000002cde7af80a0 .param/l "r" 0 6 118, +C4<011>;
S_000002cde7997b20 .scope generate, "genblk1" "genblk1" 6 119, 6 119 0, S_000002cde7997e40;
 .timescale -9 -12;
v000002cde7be7580_0 .net *"_ivl_1", 7 0, L_000002cde7d9dad0;  1 drivers
v000002cde7be7620_0 .var "delay_chain", 23 0;
L_000002cde7d9dad0 .part v000002cde7be7620_0, 16, 8;
S_000002cde7996ea0 .scope generate, "IN_SKEW[4]" "IN_SKEW[4]" 6 118, 6 118 0, S_000002cde7c6f830;
 .timescale -9 -12;
P_000002cde7af7720 .param/l "r" 0 6 118, +C4<0100>;
S_000002cde79974e0 .scope generate, "genblk1" "genblk1" 6 119, 6 119 0, S_000002cde7996ea0;
 .timescale -9 -12;
v000002cde7be91a0_0 .net *"_ivl_1", 7 0, L_000002cde7d9e930;  1 drivers
v000002cde7be76c0_0 .var "delay_chain", 31 0;
L_000002cde7d9e930 .part v000002cde7be76c0_0, 24, 8;
S_000002cde7996540 .scope generate, "IN_SKEW[5]" "IN_SKEW[5]" 6 118, 6 118 0, S_000002cde7c6f830;
 .timescale -9 -12;
P_000002cde7af8ea0 .param/l "r" 0 6 118, +C4<0101>;
S_000002cde79969f0 .scope generate, "genblk1" "genblk1" 6 119, 6 119 0, S_000002cde7996540;
 .timescale -9 -12;
v000002cde7be7d00_0 .net *"_ivl_1", 7 0, L_000002cde7d9df30;  1 drivers
v000002cde7be7800_0 .var "delay_chain", 39 0;
L_000002cde7d9df30 .part v000002cde7be7800_0, 32, 8;
S_000002cde7997030 .scope generate, "IN_SKEW[6]" "IN_SKEW[6]" 6 118, 6 118 0, S_000002cde7c6f830;
 .timescale -9 -12;
P_000002cde7af8be0 .param/l "r" 0 6 118, +C4<0110>;
S_000002cde79971c0 .scope generate, "genblk1" "genblk1" 6 119, 6 119 0, S_000002cde7997030;
 .timescale -9 -12;
v000002cde7be8ac0_0 .net *"_ivl_1", 7 0, L_000002cde7d9e4d0;  1 drivers
v000002cde7be9560_0 .var "delay_chain", 47 0;
L_000002cde7d9e4d0 .part v000002cde7be9560_0, 40, 8;
S_000002cde7997350 .scope generate, "IN_SKEW[7]" "IN_SKEW[7]" 6 118, 6 118 0, S_000002cde7c6f830;
 .timescale -9 -12;
P_000002cde7af8ca0 .param/l "r" 0 6 118, +C4<0111>;
S_000002cde7996090 .scope generate, "genblk1" "genblk1" 6 119, 6 119 0, S_000002cde7997350;
 .timescale -9 -12;
v000002cde7be7f80_0 .net *"_ivl_1", 7 0, L_000002cde7d9e570;  1 drivers
v000002cde7be7da0_0 .var "delay_chain", 55 0;
L_000002cde7d9e570 .part v000002cde7be7da0_0, 48, 8;
S_000002cde7996220 .scope generate, "IN_SKEW[8]" "IN_SKEW[8]" 6 118, 6 118 0, S_000002cde7c6f830;
 .timescale -9 -12;
P_000002cde7af8320 .param/l "r" 0 6 118, +C4<01000>;
S_000002cde79966d0 .scope generate, "genblk1" "genblk1" 6 119, 6 119 0, S_000002cde7996220;
 .timescale -9 -12;
v000002cde7be7940_0 .net *"_ivl_1", 7 0, L_000002cde7d9e750;  1 drivers
v000002cde7be9240_0 .var "delay_chain", 63 0;
L_000002cde7d9e750 .part v000002cde7be9240_0, 56, 8;
S_000002cde79963b0 .scope generate, "IN_SKEW[9]" "IN_SKEW[9]" 6 118, 6 118 0, S_000002cde7c6f830;
 .timescale -9 -12;
P_000002cde7af8660 .param/l "r" 0 6 118, +C4<01001>;
S_000002cde7997990 .scope generate, "genblk1" "genblk1" 6 119, 6 119 0, S_000002cde79963b0;
 .timescale -9 -12;
v000002cde7be8480_0 .net *"_ivl_1", 7 0, L_000002cde7d81650;  1 drivers
v000002cde7be9880_0 .var "delay_chain", 71 0;
L_000002cde7d81650 .part v000002cde7be9880_0, 64, 8;
S_000002cde7996860 .scope generate, "IN_SKEW[10]" "IN_SKEW[10]" 6 118, 6 118 0, S_000002cde7c6f830;
 .timescale -9 -12;
P_000002cde7af8d20 .param/l "r" 0 6 118, +C4<01010>;
S_000002cde7996b80 .scope generate, "genblk1" "genblk1" 6 119, 6 119 0, S_000002cde7996860;
 .timescale -9 -12;
v000002cde7be7ee0_0 .net *"_ivl_1", 7 0, L_000002cde7d816f0;  1 drivers
v000002cde7be8de0_0 .var "delay_chain", 79 0;
L_000002cde7d816f0 .part v000002cde7be8de0_0, 72, 8;
S_000002cde7996d10 .scope generate, "IN_SKEW[11]" "IN_SKEW[11]" 6 118, 6 118 0, S_000002cde7c6f830;
 .timescale -9 -12;
P_000002cde7af87e0 .param/l "r" 0 6 118, +C4<01011>;
S_000002cde7997670 .scope generate, "genblk1" "genblk1" 6 119, 6 119 0, S_000002cde7996d10;
 .timescale -9 -12;
v000002cde7be8020_0 .net *"_ivl_1", 7 0, L_000002cde7d7fb70;  1 drivers
v000002cde7be9920_0 .var "delay_chain", 87 0;
L_000002cde7d7fb70 .part v000002cde7be9920_0, 80, 8;
S_000002cde7997800 .scope generate, "OUT_DESKEW[0]" "OUT_DESKEW[0]" 6 158, 6 158 0, S_000002cde7c6f830;
 .timescale -9 -12;
P_000002cde7bb50b0 .param/l "DELAY_NEEDED" 1 6 159, +C4<00000000000000000000000000001111>;
P_000002cde7bb50e8 .param/l "c" 0 6 158, +C4<00>;
S_000002cde7c71b00 .scope generate, "genblk1" "genblk1" 6 161, 6 161 0, S_000002cde7997800;
 .timescale -9 -12;
v000002cde7be8660_0 .net *"_ivl_1", 31 0, L_000002cde7d81330;  1 drivers
v000002cde7be87a0_0 .var "out_delay_chain", 479 0;
L_000002cde7d81330 .part v000002cde7be87a0_0, 448, 32;
S_000002cde7c71330 .scope generate, "OUT_DESKEW[1]" "OUT_DESKEW[1]" 6 158, 6 158 0, S_000002cde7c6f830;
 .timescale -9 -12;
P_000002cde7bb34b0 .param/l "DELAY_NEEDED" 1 6 159, +C4<00000000000000000000000000001110>;
P_000002cde7bb34e8 .param/l "c" 0 6 158, +C4<01>;
S_000002cde7c70e80 .scope generate, "genblk1" "genblk1" 6 161, 6 161 0, S_000002cde7c71330;
 .timescale -9 -12;
v000002cde7be9a60_0 .net *"_ivl_1", 31 0, L_000002cde7d80070;  1 drivers
v000002cde7be8160_0 .var "out_delay_chain", 447 0;
L_000002cde7d80070 .part v000002cde7be8160_0, 416, 32;
S_000002cde7c70520 .scope generate, "OUT_DESKEW[2]" "OUT_DESKEW[2]" 6 158, 6 158 0, S_000002cde7c6f830;
 .timescale -9 -12;
P_000002cde7bb32b0 .param/l "DELAY_NEEDED" 1 6 159, +C4<00000000000000000000000000001101>;
P_000002cde7bb32e8 .param/l "c" 0 6 158, +C4<010>;
S_000002cde7c70cf0 .scope generate, "genblk1" "genblk1" 6 161, 6 161 0, S_000002cde7c70520;
 .timescale -9 -12;
v000002cde7be8200_0 .net *"_ivl_1", 31 0, L_000002cde7d807f0;  1 drivers
v000002cde7be82a0_0 .var "out_delay_chain", 415 0;
L_000002cde7d807f0 .part v000002cde7be82a0_0, 384, 32;
S_000002cde7c70070 .scope generate, "OUT_DESKEW[3]" "OUT_DESKEW[3]" 6 158, 6 158 0, S_000002cde7c6f830;
 .timescale -9 -12;
P_000002cde7bb3f30 .param/l "DELAY_NEEDED" 1 6 159, +C4<00000000000000000000000000001100>;
P_000002cde7bb3f68 .param/l "c" 0 6 158, +C4<011>;
S_000002cde7c71010 .scope generate, "genblk1" "genblk1" 6 161, 6 161 0, S_000002cde7c70070;
 .timescale -9 -12;
v000002cde7be8340_0 .net *"_ivl_1", 31 0, L_000002cde7d7f5d0;  1 drivers
v000002cde7be9420_0 .var "out_delay_chain", 383 0;
L_000002cde7d7f5d0 .part v000002cde7be9420_0, 352, 32;
S_000002cde7c70b60 .scope generate, "OUT_DESKEW[4]" "OUT_DESKEW[4]" 6 158, 6 158 0, S_000002cde7c6f830;
 .timescale -9 -12;
P_000002cde7bb47b0 .param/l "DELAY_NEEDED" 1 6 159, +C4<00000000000000000000000000001011>;
P_000002cde7bb47e8 .param/l "c" 0 6 158, +C4<0100>;
S_000002cde7c711a0 .scope generate, "genblk1" "genblk1" 6 161, 6 161 0, S_000002cde7c70b60;
 .timescale -9 -12;
v000002cde7be8520_0 .net *"_ivl_1", 31 0, L_000002cde7d7ffd0;  1 drivers
v000002cde7be8840_0 .var "out_delay_chain", 351 0;
L_000002cde7d7ffd0 .part v000002cde7be8840_0, 320, 32;
S_000002cde7c714c0 .scope generate, "OUT_DESKEW[5]" "OUT_DESKEW[5]" 6 158, 6 158 0, S_000002cde7c6f830;
 .timescale -9 -12;
P_000002cde7bb44b0 .param/l "DELAY_NEEDED" 1 6 159, +C4<00000000000000000000000000001010>;
P_000002cde7bb44e8 .param/l "c" 0 6 158, +C4<0101>;
S_000002cde7c71650 .scope generate, "genblk1" "genblk1" 6 161, 6 161 0, S_000002cde7c714c0;
 .timescale -9 -12;
v000002cde7be8b60_0 .net *"_ivl_1", 31 0, L_000002cde7d80110;  1 drivers
v000002cde7be94c0_0 .var "out_delay_chain", 319 0;
L_000002cde7d80110 .part v000002cde7be94c0_0, 288, 32;
S_000002cde7c717e0 .scope generate, "OUT_DESKEW[6]" "OUT_DESKEW[6]" 6 158, 6 158 0, S_000002cde7c6f830;
 .timescale -9 -12;
P_000002cde7bb4530 .param/l "DELAY_NEEDED" 1 6 159, +C4<00000000000000000000000000001001>;
P_000002cde7bb4568 .param/l "c" 0 6 158, +C4<0110>;
S_000002cde7c70840 .scope generate, "genblk1" "genblk1" 6 161, 6 161 0, S_000002cde7c717e0;
 .timescale -9 -12;
v000002cde7be9600_0 .net *"_ivl_1", 31 0, L_000002cde7d7f7b0;  1 drivers
v000002cde7bea140_0 .var "out_delay_chain", 287 0;
L_000002cde7d7f7b0 .part v000002cde7bea140_0, 256, 32;
S_000002cde7c70390 .scope generate, "OUT_DESKEW[7]" "OUT_DESKEW[7]" 6 158, 6 158 0, S_000002cde7c6f830;
 .timescale -9 -12;
P_000002cde7bb38b0 .param/l "DELAY_NEEDED" 1 6 159, +C4<00000000000000000000000000001000>;
P_000002cde7bb38e8 .param/l "c" 0 6 158, +C4<0111>;
S_000002cde7c71970 .scope generate, "genblk1" "genblk1" 6 161, 6 161 0, S_000002cde7c70390;
 .timescale -9 -12;
v000002cde7be9ba0_0 .net *"_ivl_1", 31 0, L_000002cde7d81510;  1 drivers
v000002cde7bea1e0_0 .var "out_delay_chain", 255 0;
L_000002cde7d81510 .part v000002cde7bea1e0_0, 224, 32;
S_000002cde7c71c90 .scope generate, "OUT_DESKEW[8]" "OUT_DESKEW[8]" 6 158, 6 158 0, S_000002cde7c6f830;
 .timescale -9 -12;
P_000002cde7bb4730 .param/l "DELAY_NEEDED" 1 6 159, +C4<00000000000000000000000000000111>;
P_000002cde7bb4768 .param/l "c" 0 6 158, +C4<01000>;
S_000002cde7c70200 .scope generate, "genblk1" "genblk1" 6 161, 6 161 0, S_000002cde7c71c90;
 .timescale -9 -12;
v000002cde7be9f60_0 .net *"_ivl_1", 31 0, L_000002cde7d81010;  1 drivers
v000002cde7be9ec0_0 .var "out_delay_chain", 223 0;
L_000002cde7d81010 .part v000002cde7be9ec0_0, 192, 32;
S_000002cde7c71e20 .scope generate, "OUT_DESKEW[9]" "OUT_DESKEW[9]" 6 158, 6 158 0, S_000002cde7c6f830;
 .timescale -9 -12;
P_000002cde7bb4cb0 .param/l "DELAY_NEEDED" 1 6 159, +C4<00000000000000000000000000000110>;
P_000002cde7bb4ce8 .param/l "c" 0 6 158, +C4<01001>;
S_000002cde7c706b0 .scope generate, "genblk1" "genblk1" 6 161, 6 161 0, S_000002cde7c71e20;
 .timescale -9 -12;
v000002cde7be9b00_0 .net *"_ivl_1", 31 0, L_000002cde7d7f990;  1 drivers
v000002cde7be9c40_0 .var "out_delay_chain", 191 0;
L_000002cde7d7f990 .part v000002cde7be9c40_0, 160, 32;
S_000002cde7c709d0 .scope generate, "OUT_DESKEW[10]" "OUT_DESKEW[10]" 6 158, 6 158 0, S_000002cde7c6f830;
 .timescale -9 -12;
P_000002cde7bb3db0 .param/l "DELAY_NEEDED" 1 6 159, +C4<00000000000000000000000000000101>;
P_000002cde7bb3de8 .param/l "c" 0 6 158, +C4<01010>;
S_000002cde7c72e90 .scope generate, "genblk1" "genblk1" 6 161, 6 161 0, S_000002cde7c709d0;
 .timescale -9 -12;
v000002cde7be9ce0_0 .net *"_ivl_1", 31 0, L_000002cde7d81150;  1 drivers
v000002cde7be9d80_0 .var "out_delay_chain", 159 0;
L_000002cde7d81150 .part v000002cde7be9d80_0, 128, 32;
S_000002cde7c73020 .scope generate, "OUT_DESKEW[11]" "OUT_DESKEW[11]" 6 158, 6 158 0, S_000002cde7c6f830;
 .timescale -9 -12;
P_000002cde7bb40b0 .param/l "DELAY_NEEDED" 1 6 159, +C4<00000000000000000000000000000100>;
P_000002cde7bb40e8 .param/l "c" 0 6 158, +C4<01011>;
S_000002cde7c726c0 .scope generate, "genblk1" "genblk1" 6 161, 6 161 0, S_000002cde7c73020;
 .timescale -9 -12;
v000002cde7be9e20_0 .net *"_ivl_1", 31 0, L_000002cde7d80390;  1 drivers
v000002cde7bea000_0 .var "out_delay_chain", 127 0;
L_000002cde7d80390 .part v000002cde7bea000_0, 96, 32;
S_000002cde7c731b0 .scope generate, "OUT_DESKEW[12]" "OUT_DESKEW[12]" 6 158, 6 158 0, S_000002cde7c6f830;
 .timescale -9 -12;
P_000002cde7bb36b0 .param/l "DELAY_NEEDED" 1 6 159, +C4<00000000000000000000000000000011>;
P_000002cde7bb36e8 .param/l "c" 0 6 158, +C4<01100>;
S_000002cde7c73b10 .scope generate, "genblk1" "genblk1" 6 161, 6 161 0, S_000002cde7c731b0;
 .timescale -9 -12;
v000002cde7bea0a0_0 .net *"_ivl_1", 31 0, L_000002cde7d7f710;  1 drivers
v000002cde7be2440_0 .var "out_delay_chain", 95 0;
L_000002cde7d7f710 .part v000002cde7be2440_0, 64, 32;
S_000002cde7c734d0 .scope generate, "OUT_DESKEW[13]" "OUT_DESKEW[13]" 6 158, 6 158 0, S_000002cde7c6f830;
 .timescale -9 -12;
P_000002cde7bb37b0 .param/l "DELAY_NEEDED" 1 6 159, +C4<00000000000000000000000000000010>;
P_000002cde7bb37e8 .param/l "c" 0 6 158, +C4<01101>;
S_000002cde7c73340 .scope generate, "genblk1" "genblk1" 6 161, 6 161 0, S_000002cde7c734d0;
 .timescale -9 -12;
v000002cde7be4920_0 .net *"_ivl_1", 31 0, L_000002cde7d806b0;  1 drivers
v000002cde7be3340_0 .var "out_delay_chain", 63 0;
L_000002cde7d806b0 .part v000002cde7be3340_0, 32, 32;
S_000002cde7c72850 .scope generate, "OUT_DESKEW[14]" "OUT_DESKEW[14]" 6 158, 6 158 0, S_000002cde7c6f830;
 .timescale -9 -12;
P_000002cde7bb3a30 .param/l "DELAY_NEEDED" 1 6 159, +C4<00000000000000000000000000000001>;
P_000002cde7bb3a68 .param/l "c" 0 6 158, +C4<01110>;
S_000002cde7c73660 .scope generate, "genblk1" "genblk1" 6 161, 6 161 0, S_000002cde7c72850;
 .timescale -9 -12;
v000002cde7be3e80_0 .net *"_ivl_1", 31 0, L_000002cde7d7f850;  1 drivers
v000002cde7be2c60_0 .var "out_delay_chain", 31 0;
L_000002cde7d7f850 .part v000002cde7be2c60_0, 0, 32;
S_000002cde7c737f0 .scope generate, "OUT_DESKEW[15]" "OUT_DESKEW[15]" 6 158, 6 158 0, S_000002cde7c6f830;
 .timescale -9 -12;
P_000002cde7bb5130 .param/l "DELAY_NEEDED" 1 6 159, +C4<00000000000000000000000000000000>;
P_000002cde7bb5168 .param/l "c" 0 6 158, +C4<01111>;
S_000002cde7c73980 .scope generate, "genblk1" "genblk1" 6 161, 6 161 0, S_000002cde7c737f0;
 .timescale -9 -12;
v000002cde7be26c0_0 .net *"_ivl_0", 31 0, L_000002cde7d7f170;  1 drivers
S_000002cde7c72080 .scope module, "u_accum" "accumulator_bank" 6 233, 7 10 0, S_000002cde7c6f830;
 .timescale -9 -12;
    .port_info 0 /INPUT 1 "clk";
    .port_info 1 /INPUT 1 "rst_n";
    .port_info 2 /INPUT 8 "addr";
    .port_info 3 /INPUT 1 "wr_en";
    .port_info 4 /INPUT 1 "acc_mode";
    .port_info 5 /INPUT 512 "in_psum_vec";
    .port_info 6 /OUTPUT 512 "out_acc_vec";
P_000002cde7af83e0 .param/l "ADDR_WIDTH" 0 7 11, +C4<00000000000000000000000000001000>;
v000002cde79ce450_0 .net "acc_mode", 0 0, L_000002cde7d9dc10;  alias, 1 drivers
v000002cde79cf670_0 .net "addr", 7 0, v000002cde7d88810_0;  1 drivers
v000002cde79cfe90_0 .net "clk", 0 0, v000002cde7d9c770_0;  alias, 1 drivers
v000002cde79cffd0_0 .net "in_psum_vec", 511 0, L_000002cde7d7fcb0;  alias, 1 drivers
v000002cde79d0250_0 .net "out_acc_vec", 511 0, L_000002cde7e1a3f0;  alias, 1 drivers
v000002cde79ce4f0_0 .net "rst_n", 0 0, L_000002cde7a71f90;  alias, 1 drivers
v000002cde79ce630_0 .net "wr_en", 0 0, L_000002cde7e344b0;  alias, 1 drivers
L_000002cde7e17510 .part L_000002cde7d7fcb0, 0, 32;
L_000002cde7e16bb0 .part L_000002cde7d7fcb0, 32, 32;
L_000002cde7e17fb0 .part L_000002cde7d7fcb0, 64, 32;
L_000002cde7e16f70 .part L_000002cde7d7fcb0, 96, 32;
L_000002cde7e166b0 .part L_000002cde7d7fcb0, 128, 32;
L_000002cde7e17150 .part L_000002cde7d7fcb0, 160, 32;
L_000002cde7e17330 .part L_000002cde7d7fcb0, 192, 32;
L_000002cde7e19090 .part L_000002cde7d7fcb0, 224, 32;
L_000002cde7e1a710 .part L_000002cde7d7fcb0, 256, 32;
L_000002cde7e19db0 .part L_000002cde7d7fcb0, 288, 32;
L_000002cde7e1a210 .part L_000002cde7d7fcb0, 320, 32;
L_000002cde7e191d0 .part L_000002cde7d7fcb0, 352, 32;
L_000002cde7e18e10 .part L_000002cde7d7fcb0, 384, 32;
L_000002cde7e19c70 .part L_000002cde7d7fcb0, 416, 32;
L_000002cde7e18cd0 .part L_000002cde7d7fcb0, 448, 32;
L_000002cde7e1ac10 .part L_000002cde7d7fcb0, 480, 32;
LS_000002cde7e1a3f0_0_0 .concat8 [ 32 32 32 32], L_000002cde7e33800, L_000002cde7e34440, L_000002cde7e349f0, L_000002cde7e34bb0;
LS_000002cde7e1a3f0_0_4 .concat8 [ 32 32 32 32], L_000002cde7e34a60, L_000002cde7e34d70, L_000002cde7e34ad0, L_000002cde7e34c20;
LS_000002cde7e1a3f0_0_8 .concat8 [ 32 32 32 32], L_000002cde7e33db0, L_000002cde7e34520, L_000002cde7e33fe0, L_000002cde7e34c90;
LS_000002cde7e1a3f0_0_12 .concat8 [ 32 32 32 32], L_000002cde7e34910, L_000002cde7e34360, L_000002cde7e346e0, L_000002cde7e33560;
L_000002cde7e1a3f0 .concat8 [ 128 128 128 128], LS_000002cde7e1a3f0_0_0, LS_000002cde7e1a3f0_0_4, LS_000002cde7e1a3f0_0_8, LS_000002cde7e1a3f0_0_12;
S_000002cde7c729e0 .scope generate, "COL_BANK[0]" "COL_BANK[0]" 7 30, 7 30 0, S_000002cde7c72080;
 .timescale -9 -12;
P_000002cde7af8e20 .param/l "c" 0 7 30, +C4<00>;
L_000002cde7e33800 .functor BUFZ 32, L_000002cde7e17b50, C4<00000000000000000000000000000000>, C4<00000000000000000000000000000000>, C4<00000000000000000000000000000000>;
v000002cde7be3c00_0 .net *"_ivl_2", 31 0, L_000002cde7e33800;  1 drivers
v000002cde7be38e0_0 .net "col_in", 31 0, L_000002cde7e17510;  1 drivers
v000002cde7be3520_0 .net "col_out", 31 0, L_000002cde7e17b50;  1 drivers
S_000002cde7c73ca0 .scope module, "u_bank" "single_column_bank" 7 43, 8 11 0, S_000002cde7c729e0;
 .timescale -9 -12;
    .port_info 0 /INPUT 1 "clk";
    .port_info 1 /INPUT 1 "rst_n";
    .port_info 2 /INPUT 8 "addr";
    .port_info 3 /INPUT 1 "wr_en";
    .port_info 4 /INPUT 1 "acc_mode";
    .port_info 5 /INPUT 32 "in_psum";
    .port_info 6 /OUTPUT 32 "out_acc";
P_000002cde7bb3530 .param/l "BANK_ID" 0 8 12, +C4<00000000000000000000000000000000>;
P_000002cde7bb3568 .param/l "DEPTH_LOG2" 0 8 13, +C4<00000000000000000000000000001000>;
L_000002cde7e34830 .functor BUFZ 32, L_000002cde7e173d0, C4<00000000000000000000000000000000>, C4<00000000000000000000000000000000>, C4<00000000000000000000000000000000>;
v000002cde7be2580_0 .net *"_ivl_0", 31 0, L_000002cde7e173d0;  1 drivers
v000002cde7be24e0_0 .net *"_ivl_2", 9 0, L_000002cde7e17bf0;  1 drivers
L_000002cde7db1d70 .functor BUFT 1, C4<00>, C4<0>, C4<0>, C4<0>;
v000002cde7be2300_0 .net *"_ivl_5", 1 0, L_000002cde7db1d70;  1 drivers
v000002cde7be35c0_0 .net "acc_mode", 0 0, L_000002cde7d9dc10;  alias, 1 drivers
v000002cde7be2a80_0 .net "addr", 7 0, v000002cde7d88810_0;  alias, 1 drivers
v000002cde7be3660_0 .net "clk", 0 0, v000002cde7d9c770_0;  alias, 1 drivers
v000002cde7be3de0_0 .var/i "i", 31 0;
v000002cde7be3fc0_0 .net "in_psum", 31 0, L_000002cde7e17510;  alias, 1 drivers
v000002cde7be41a0 .array "mem", 255 0, 31 0;
v000002cde7be28a0_0 .var/s "next_val", 31 0;
v000002cde7be4380_0 .net/s "old_val", 31 0, L_000002cde7e34830;  1 drivers
v000002cde7be30c0_0 .net "out_acc", 31 0, L_000002cde7e17b50;  alias, 1 drivers
v000002cde7be2f80_0 .net "rst_n", 0 0, L_000002cde7a71f90;  alias, 1 drivers
v000002cde7be2940_0 .net "wr_en", 0 0, L_000002cde7e344b0;  alias, 1 drivers
E_000002cde7af88a0 .event anyedge, v000002cde7be5be0_0, v000002cde7be4380_0, v000002cde7be3fc0_0;
L_000002cde7e173d0 .array/port v000002cde7be41a0, L_000002cde7e17bf0;
L_000002cde7e17bf0 .concat [ 8 2 0 0], v000002cde7d88810_0, L_000002cde7db1d70;
L_000002cde7e17b50 .functor MUXZ 32, L_000002cde7e34830, v000002cde7be28a0_0, L_000002cde7e344b0, C4<>;
S_000002cde7c72530 .scope generate, "COL_BANK[1]" "COL_BANK[1]" 7 30, 7 30 0, S_000002cde7c72080;
 .timescale -9 -12;
P_000002cde7af84e0 .param/l "c" 0 7 30, +C4<01>;
L_000002cde7e34440 .functor BUFZ 32, L_000002cde7e16570, C4<00000000000000000000000000000000>, C4<00000000000000000000000000000000>, C4<00000000000000000000000000000000>;
v000002cde7be4100_0 .net *"_ivl_2", 31 0, L_000002cde7e34440;  1 drivers
v000002cde7be4240_0 .net "col_in", 31 0, L_000002cde7e16bb0;  1 drivers
v000002cde7be4740_0 .net "col_out", 31 0, L_000002cde7e16570;  1 drivers
S_000002cde7c73e30 .scope module, "u_bank" "single_column_bank" 7 43, 8 11 0, S_000002cde7c72530;
 .timescale -9 -12;
    .port_info 0 /INPUT 1 "clk";
    .port_info 1 /INPUT 1 "rst_n";
    .port_info 2 /INPUT 8 "addr";
    .port_info 3 /INPUT 1 "wr_en";
    .port_info 4 /INPUT 1 "acc_mode";
    .port_info 5 /INPUT 32 "in_psum";
    .port_info 6 /OUTPUT 32 "out_acc";
P_000002cde7bb45b0 .param/l "BANK_ID" 0 8 12, +C4<00000000000000000000000000000001>;
P_000002cde7bb45e8 .param/l "DEPTH_LOG2" 0 8 13, +C4<00000000000000000000000000001000>;
L_000002cde7e34980 .functor BUFZ 32, L_000002cde7e184b0, C4<00000000000000000000000000000000>, C4<00000000000000000000000000000000>, C4<00000000000000000000000000000000>;
v000002cde7be3b60_0 .net *"_ivl_0", 31 0, L_000002cde7e184b0;  1 drivers
v000002cde7be2bc0_0 .net *"_ivl_2", 9 0, L_000002cde7e18550;  1 drivers
L_000002cde7db1db8 .functor BUFT 1, C4<00>, C4<0>, C4<0>, C4<0>;
v000002cde7be2e40_0 .net *"_ivl_5", 1 0, L_000002cde7db1db8;  1 drivers
v000002cde7be4420_0 .net "acc_mode", 0 0, L_000002cde7d9dc10;  alias, 1 drivers
v000002cde7be4880_0 .net "addr", 7 0, v000002cde7d88810_0;  alias, 1 drivers
v000002cde7be42e0_0 .net "clk", 0 0, v000002cde7d9c770_0;  alias, 1 drivers
v000002cde7be2ee0_0 .var/i "i", 31 0;
v000002cde7be49c0_0 .net "in_psum", 31 0, L_000002cde7e16bb0;  alias, 1 drivers
v000002cde7be2d00 .array "mem", 255 0, 31 0;
v000002cde7be46a0_0 .var/s "next_val", 31 0;
v000002cde7be3f20_0 .net/s "old_val", 31 0, L_000002cde7e34980;  1 drivers
v000002cde7be2620_0 .net "out_acc", 31 0, L_000002cde7e16570;  alias, 1 drivers
v000002cde7be3ca0_0 .net "rst_n", 0 0, L_000002cde7a71f90;  alias, 1 drivers
v000002cde7be4060_0 .net "wr_en", 0 0, L_000002cde7e344b0;  alias, 1 drivers
E_000002cde7af9ae0 .event anyedge, v000002cde7be5be0_0, v000002cde7be3f20_0, v000002cde7be49c0_0;
L_000002cde7e184b0 .array/port v000002cde7be2d00, L_000002cde7e18550;
L_000002cde7e18550 .concat [ 8 2 0 0], v000002cde7d88810_0, L_000002cde7db1db8;
L_000002cde7e16570 .functor MUXZ 32, L_000002cde7e34980, v000002cde7be46a0_0, L_000002cde7e344b0, C4<>;
S_000002cde7c72b70 .scope generate, "COL_BANK[2]" "COL_BANK[2]" 7 30, 7 30 0, S_000002cde7c72080;
 .timescale -9 -12;
P_000002cde7af9be0 .param/l "c" 0 7 30, +C4<010>;
L_000002cde7e349f0 .functor BUFZ 32, L_000002cde7e17a10, C4<00000000000000000000000000000000>, C4<00000000000000000000000000000000>, C4<00000000000000000000000000000000>;
v000002cde7be37a0_0 .net *"_ivl_2", 31 0, L_000002cde7e349f0;  1 drivers
v000002cde7be3980_0 .net "col_in", 31 0, L_000002cde7e17fb0;  1 drivers
v000002cde7be3d40_0 .net "col_out", 31 0, L_000002cde7e17a10;  1 drivers
S_000002cde7c72210 .scope module, "u_bank" "single_column_bank" 7 43, 8 11 0, S_000002cde7c72b70;
 .timescale -9 -12;
    .port_info 0 /INPUT 1 "clk";
    .port_info 1 /INPUT 1 "rst_n";
    .port_info 2 /INPUT 8 "addr";
    .port_info 3 /INPUT 1 "wr_en";
    .port_info 4 /INPUT 1 "acc_mode";
    .port_info 5 /INPUT 32 "in_psum";
    .port_info 6 /OUTPUT 32 "out_acc";
P_000002cde7bb35b0 .param/l "BANK_ID" 0 8 12, +C4<00000000000000000000000000000010>;
P_000002cde7bb35e8 .param/l "DEPTH_LOG2" 0 8 13, +C4<00000000000000000000000000001000>;
L_000002cde7e33e20 .functor BUFZ 32, L_000002cde7e185f0, C4<00000000000000000000000000000000>, C4<00000000000000000000000000000000>, C4<00000000000000000000000000000000>;
v000002cde7be4560_0 .net *"_ivl_0", 31 0, L_000002cde7e185f0;  1 drivers
v000002cde7be3480_0 .net *"_ivl_2", 9 0, L_000002cde7e16ed0;  1 drivers
L_000002cde7db1e00 .functor BUFT 1, C4<00>, C4<0>, C4<0>, C4<0>;
v000002cde7be44c0_0 .net *"_ivl_5", 1 0, L_000002cde7db1e00;  1 drivers
v000002cde7be3840_0 .net "acc_mode", 0 0, L_000002cde7d9dc10;  alias, 1 drivers
v000002cde7be32a0_0 .net "addr", 7 0, v000002cde7d88810_0;  alias, 1 drivers
v000002cde7be3160_0 .net "clk", 0 0, v000002cde7d9c770_0;  alias, 1 drivers
v000002cde7be3700_0 .var/i "i", 31 0;
v000002cde7be47e0_0 .net "in_psum", 31 0, L_000002cde7e17fb0;  alias, 1 drivers
v000002cde7be2b20 .array "mem", 255 0, 31 0;
v000002cde7be4a60_0 .var/s "next_val", 31 0;
v000002cde7be23a0_0 .net/s "old_val", 31 0, L_000002cde7e33e20;  1 drivers
v000002cde7be3200_0 .net "out_acc", 31 0, L_000002cde7e17a10;  alias, 1 drivers
v000002cde7be33e0_0 .net "rst_n", 0 0, L_000002cde7a71f90;  alias, 1 drivers
v000002cde7be2da0_0 .net "wr_en", 0 0, L_000002cde7e344b0;  alias, 1 drivers
E_000002cde7af9e20 .event anyedge, v000002cde7be5be0_0, v000002cde7be23a0_0, v000002cde7be47e0_0;
L_000002cde7e185f0 .array/port v000002cde7be2b20, L_000002cde7e16ed0;
L_000002cde7e16ed0 .concat [ 8 2 0 0], v000002cde7d88810_0, L_000002cde7db1e00;
L_000002cde7e17a10 .functor MUXZ 32, L_000002cde7e33e20, v000002cde7be4a60_0, L_000002cde7e344b0, C4<>;
S_000002cde7c723a0 .scope generate, "COL_BANK[3]" "COL_BANK[3]" 7 30, 7 30 0, S_000002cde7c72080;
 .timescale -9 -12;
P_000002cde7af9f60 .param/l "c" 0 7 30, +C4<011>;
L_000002cde7e34bb0 .functor BUFZ 32, L_000002cde7e16610, C4<00000000000000000000000000000000>, C4<00000000000000000000000000000000>, C4<00000000000000000000000000000000>;
v000002cde7ab6930_0 .net *"_ivl_2", 31 0, L_000002cde7e34bb0;  1 drivers
v000002cde7ab64d0_0 .net "col_in", 31 0, L_000002cde7e16f70;  1 drivers
v000002cde7ab7b50_0 .net "col_out", 31 0, L_000002cde7e16610;  1 drivers
S_000002cde7c72d00 .scope module, "u_bank" "single_column_bank" 7 43, 8 11 0, S_000002cde7c723a0;
 .timescale -9 -12;
    .port_info 0 /INPUT 1 "clk";
    .port_info 1 /INPUT 1 "rst_n";
    .port_info 2 /INPUT 8 "addr";
    .port_info 3 /INPUT 1 "wr_en";
    .port_info 4 /INPUT 1 "acc_mode";
    .port_info 5 /INPUT 32 "in_psum";
    .port_info 6 /OUTPUT 32 "out_acc";
P_000002cde7bb3630 .param/l "BANK_ID" 0 8 12, +C4<00000000000000000000000000000011>;
P_000002cde7bb3668 .param/l "DEPTH_LOG2" 0 8 13, +C4<00000000000000000000000000001000>;
L_000002cde7e33790 .functor BUFZ 32, L_000002cde7e18690, C4<00000000000000000000000000000000>, C4<00000000000000000000000000000000>, C4<00000000000000000000000000000000>;
v000002cde7be3a20_0 .net *"_ivl_0", 31 0, L_000002cde7e18690;  1 drivers
v000002cde7be3ac0_0 .net *"_ivl_2", 9 0, L_000002cde7e16cf0;  1 drivers
L_000002cde7db1e48 .functor BUFT 1, C4<00>, C4<0>, C4<0>, C4<0>;
v000002cde7be2760_0 .net *"_ivl_5", 1 0, L_000002cde7db1e48;  1 drivers
v000002cde7be2800_0 .net "acc_mode", 0 0, L_000002cde7d9dc10;  alias, 1 drivers
v000002cde7be29e0_0 .net "addr", 7 0, v000002cde7d88810_0;  alias, 1 drivers
v000002cde7be3020_0 .net "clk", 0 0, v000002cde7d9c770_0;  alias, 1 drivers
v000002cde7be4600_0 .var/i "i", 31 0;
v000002cde7ab6890_0 .net "in_psum", 31 0, L_000002cde7e16f70;  alias, 1 drivers
v000002cde7ab6430 .array "mem", 255 0, 31 0;
v000002cde7ab6ed0_0 .var/s "next_val", 31 0;
v000002cde7ab7dd0_0 .net/s "old_val", 31 0, L_000002cde7e33790;  1 drivers
v000002cde7ab7510_0 .net "out_acc", 31 0, L_000002cde7e16610;  alias, 1 drivers
v000002cde7ab66b0_0 .net "rst_n", 0 0, L_000002cde7a71f90;  alias, 1 drivers
v000002cde7ab6750_0 .net "wr_en", 0 0, L_000002cde7e344b0;  alias, 1 drivers
E_000002cde7afa120 .event anyedge, v000002cde7be5be0_0, v000002cde7ab7dd0_0, v000002cde7ab6890_0;
L_000002cde7e18690 .array/port v000002cde7ab6430, L_000002cde7e16cf0;
L_000002cde7e16cf0 .concat [ 8 2 0 0], v000002cde7d88810_0, L_000002cde7db1e48;
L_000002cde7e16610 .functor MUXZ 32, L_000002cde7e33790, v000002cde7ab6ed0_0, L_000002cde7e344b0, C4<>;
S_000002cde7c85810 .scope generate, "COL_BANK[4]" "COL_BANK[4]" 7 30, 7 30 0, S_000002cde7c72080;
 .timescale -9 -12;
P_000002cde7af97a0 .param/l "c" 0 7 30, +C4<0100>;
L_000002cde7e34a60 .functor BUFZ 32, L_000002cde7e170b0, C4<00000000000000000000000000000000>, C4<00000000000000000000000000000000>, C4<00000000000000000000000000000000>;
v000002cde7ab6110_0 .net *"_ivl_2", 31 0, L_000002cde7e34a60;  1 drivers
v000002cde7ab9950_0 .net "col_in", 31 0, L_000002cde7e166b0;  1 drivers
v000002cde7ab9e50_0 .net "col_out", 31 0, L_000002cde7e170b0;  1 drivers
S_000002cde7c85360 .scope module, "u_bank" "single_column_bank" 7 43, 8 11 0, S_000002cde7c85810;
 .timescale -9 -12;
    .port_info 0 /INPUT 1 "clk";
    .port_info 1 /INPUT 1 "rst_n";
    .port_info 2 /INPUT 8 "addr";
    .port_info 3 /INPUT 1 "wr_en";
    .port_info 4 /INPUT 1 "acc_mode";
    .port_info 5 /INPUT 32 "in_psum";
    .port_info 6 /OUTPUT 32 "out_acc";
P_000002cde7bb3cb0 .param/l "BANK_ID" 0 8 12, +C4<00000000000000000000000000000100>;
P_000002cde7bb3ce8 .param/l "DEPTH_LOG2" 0 8 13, +C4<00000000000000000000000000001000>;
L_000002cde7e334f0 .functor BUFZ 32, L_000002cde7e16750, C4<00000000000000000000000000000000>, C4<00000000000000000000000000000000>, C4<00000000000000000000000000000000>;
v000002cde7ab7010_0 .net *"_ivl_0", 31 0, L_000002cde7e16750;  1 drivers
v000002cde7ab6a70_0 .net *"_ivl_2", 9 0, L_000002cde7e17010;  1 drivers
L_000002cde7db1e90 .functor BUFT 1, C4<00>, C4<0>, C4<0>, C4<0>;
v000002cde7ab85f0_0 .net *"_ivl_5", 1 0, L_000002cde7db1e90;  1 drivers
v000002cde7ab84b0_0 .net "acc_mode", 0 0, L_000002cde7d9dc10;  alias, 1 drivers
v000002cde7ab7c90_0 .net "addr", 7 0, v000002cde7d88810_0;  alias, 1 drivers
v000002cde7ab8050_0 .net "clk", 0 0, v000002cde7d9c770_0;  alias, 1 drivers
v000002cde7ab71f0_0 .var/i "i", 31 0;
v000002cde7ab80f0_0 .net "in_psum", 31 0, L_000002cde7e166b0;  alias, 1 drivers
v000002cde7ab8690 .array "mem", 255 0, 31 0;
v000002cde7ab8190_0 .var/s "next_val", 31 0;
v000002cde7ab8230_0 .net/s "old_val", 31 0, L_000002cde7e334f0;  1 drivers
v000002cde7ab8370_0 .net "out_acc", 31 0, L_000002cde7e170b0;  alias, 1 drivers
v000002cde7ab8410_0 .net "rst_n", 0 0, L_000002cde7a71f90;  alias, 1 drivers
v000002cde7ab6070_0 .net "wr_en", 0 0, L_000002cde7e344b0;  alias, 1 drivers
E_000002cde7afa260 .event anyedge, v000002cde7be5be0_0, v000002cde7ab8230_0, v000002cde7ab80f0_0;
L_000002cde7e16750 .array/port v000002cde7ab8690, L_000002cde7e17010;
L_000002cde7e17010 .concat [ 8 2 0 0], v000002cde7d88810_0, L_000002cde7db1e90;
L_000002cde7e170b0 .functor MUXZ 32, L_000002cde7e334f0, v000002cde7ab8190_0, L_000002cde7e344b0, C4<>;
S_000002cde7c85e50 .scope generate, "COL_BANK[5]" "COL_BANK[5]" 7 30, 7 30 0, S_000002cde7c72080;
 .timescale -9 -12;
P_000002cde7afa4e0 .param/l "c" 0 7 30, +C4<0101>;
L_000002cde7e34d70 .functor BUFZ 32, L_000002cde7e17ab0, C4<00000000000000000000000000000000>, C4<00000000000000000000000000000000>, C4<00000000000000000000000000000000>;
v000002cde7aba170_0 .net *"_ivl_2", 31 0, L_000002cde7e34d70;  1 drivers
v000002cde7aba2b0_0 .net "col_in", 31 0, L_000002cde7e17150;  1 drivers
v000002cde7aba710_0 .net "col_out", 31 0, L_000002cde7e17ab0;  1 drivers
S_000002cde7c84230 .scope module, "u_bank" "single_column_bank" 7 43, 8 11 0, S_000002cde7c85e50;
 .timescale -9 -12;
    .port_info 0 /INPUT 1 "clk";
    .port_info 1 /INPUT 1 "rst_n";
    .port_info 2 /INPUT 8 "addr";
    .port_info 3 /INPUT 1 "wr_en";
    .port_info 4 /INPUT 1 "acc_mode";
    .port_info 5 /INPUT 32 "in_psum";
    .port_info 6 /OUTPUT 32 "out_acc";
P_000002cde7bb46b0 .param/l "BANK_ID" 0 8 12, +C4<00000000000000000000000000000101>;
P_000002cde7bb46e8 .param/l "DEPTH_LOG2" 0 8 13, +C4<00000000000000000000000000001000>;
L_000002cde7e34590 .functor BUFZ 32, L_000002cde7e171f0, C4<00000000000000000000000000000000>, C4<00000000000000000000000000000000>, C4<00000000000000000000000000000000>;
v000002cde7ab9c70_0 .net *"_ivl_0", 31 0, L_000002cde7e171f0;  1 drivers
v000002cde7ab9310_0 .net *"_ivl_2", 9 0, L_000002cde7e17290;  1 drivers
L_000002cde7db1ed8 .functor BUFT 1, C4<00>, C4<0>, C4<0>, C4<0>;
v000002cde7ab89b0_0 .net *"_ivl_5", 1 0, L_000002cde7db1ed8;  1 drivers
v000002cde7ab9a90_0 .net "acc_mode", 0 0, L_000002cde7d9dc10;  alias, 1 drivers
v000002cde7ab8ff0_0 .net "addr", 7 0, v000002cde7d88810_0;  alias, 1 drivers
v000002cde7ab9d10_0 .net "clk", 0 0, v000002cde7d9c770_0;  alias, 1 drivers
v000002cde7ab91d0_0 .var/i "i", 31 0;
v000002cde7ab8a50_0 .net "in_psum", 31 0, L_000002cde7e17150;  alias, 1 drivers
v000002cde7ab8d70 .array "mem", 255 0, 31 0;
v000002cde7ab9db0_0 .var/s "next_val", 31 0;
v000002cde7ab9f90_0 .net/s "old_val", 31 0, L_000002cde7e34590;  1 drivers
v000002cde7abaad0_0 .net "out_acc", 31 0, L_000002cde7e17ab0;  alias, 1 drivers
v000002cde7aba490_0 .net "rst_n", 0 0, L_000002cde7a71f90;  alias, 1 drivers
v000002cde7aba030_0 .net "wr_en", 0 0, L_000002cde7e344b0;  alias, 1 drivers
E_000002cde7afa9e0 .event anyedge, v000002cde7be5be0_0, v000002cde7ab9f90_0, v000002cde7ab8a50_0;
L_000002cde7e171f0 .array/port v000002cde7ab8d70, L_000002cde7e17290;
L_000002cde7e17290 .concat [ 8 2 0 0], v000002cde7d88810_0, L_000002cde7db1ed8;
L_000002cde7e17ab0 .functor MUXZ 32, L_000002cde7e34590, v000002cde7ab9db0_0, L_000002cde7e344b0, C4<>;
S_000002cde7c84550 .scope generate, "COL_BANK[6]" "COL_BANK[6]" 7 30, 7 30 0, S_000002cde7c72080;
 .timescale -9 -12;
P_000002cde7afa620 .param/l "c" 0 7 30, +C4<0110>;
L_000002cde7e34ad0 .functor BUFZ 32, L_000002cde7e18050, C4<00000000000000000000000000000000>, C4<00000000000000000000000000000000>, C4<00000000000000000000000000000000>;
v000002cde7abbf70_0 .net *"_ivl_2", 31 0, L_000002cde7e34ad0;  1 drivers
v000002cde7abcab0_0 .net "col_in", 31 0, L_000002cde7e17330;  1 drivers
v000002cde7abbb10_0 .net "col_out", 31 0, L_000002cde7e18050;  1 drivers
S_000002cde7c854f0 .scope module, "u_bank" "single_column_bank" 7 43, 8 11 0, S_000002cde7c84550;
 .timescale -9 -12;
    .port_info 0 /INPUT 1 "clk";
    .port_info 1 /INPUT 1 "rst_n";
    .port_info 2 /INPUT 8 "addr";
    .port_info 3 /INPUT 1 "wr_en";
    .port_info 4 /INPUT 1 "acc_mode";
    .port_info 5 /INPUT 32 "in_psum";
    .port_info 6 /OUTPUT 32 "out_acc";
P_000002cde7bb3ab0 .param/l "BANK_ID" 0 8 12, +C4<00000000000000000000000000000110>;
P_000002cde7bb3ae8 .param/l "DEPTH_LOG2" 0 8 13, +C4<00000000000000000000000000001000>;
L_000002cde7e33640 .functor BUFZ 32, L_000002cde7e17c90, C4<00000000000000000000000000000000>, C4<00000000000000000000000000000000>, C4<00000000000000000000000000000000>;
v000002cde7aba8f0_0 .net *"_ivl_0", 31 0, L_000002cde7e17c90;  1 drivers
v000002cde7ab8b90_0 .net *"_ivl_2", 9 0, L_000002cde7e17dd0;  1 drivers
L_000002cde7db1f20 .functor BUFT 1, C4<00>, C4<0>, C4<0>, C4<0>;
v000002cde7ab8cd0_0 .net *"_ivl_5", 1 0, L_000002cde7db1f20;  1 drivers
v000002cde7ab8e10_0 .net "acc_mode", 0 0, L_000002cde7d9dc10;  alias, 1 drivers
v000002cde7aba990_0 .net "addr", 7 0, v000002cde7d88810_0;  alias, 1 drivers
v000002cde7abac10_0 .net "clk", 0 0, v000002cde7d9c770_0;  alias, 1 drivers
v000002cde7abacb0_0 .var/i "i", 31 0;
v000002cde7abb570_0 .net "in_psum", 31 0, L_000002cde7e17330;  alias, 1 drivers
v000002cde7abd0f0 .array "mem", 255 0, 31 0;
v000002cde7abb1b0_0 .var/s "next_val", 31 0;
v000002cde7abb610_0 .net/s "old_val", 31 0, L_000002cde7e33640;  1 drivers
v000002cde7abc790_0 .net "out_acc", 31 0, L_000002cde7e18050;  alias, 1 drivers
v000002cde7abca10_0 .net "rst_n", 0 0, L_000002cde7a71f90;  alias, 1 drivers
v000002cde7abd230_0 .net "wr_en", 0 0, L_000002cde7e344b0;  alias, 1 drivers
E_000002cde7afa6a0 .event anyedge, v000002cde7be5be0_0, v000002cde7abb610_0, v000002cde7abb570_0;
L_000002cde7e17c90 .array/port v000002cde7abd0f0, L_000002cde7e17dd0;
L_000002cde7e17dd0 .concat [ 8 2 0 0], v000002cde7d88810_0, L_000002cde7db1f20;
L_000002cde7e18050 .functor MUXZ 32, L_000002cde7e33640, v000002cde7abb1b0_0, L_000002cde7e344b0, C4<>;
S_000002cde7c840a0 .scope generate, "COL_BANK[7]" "COL_BANK[7]" 7 30, 7 30 0, S_000002cde7c72080;
 .timescale -9 -12;
P_000002cde7afad20 .param/l "c" 0 7 30, +C4<0111>;
L_000002cde7e34c20 .functor BUFZ 32, L_000002cde7e1ab70, C4<00000000000000000000000000000000>, C4<00000000000000000000000000000000>, C4<00000000000000000000000000000000>;
v000002cde7abc5b0_0 .net *"_ivl_2", 31 0, L_000002cde7e34c20;  1 drivers
v000002cde7abdeb0_0 .net "col_in", 31 0, L_000002cde7e19090;  1 drivers
v000002cde7abdc30_0 .net "col_out", 31 0, L_000002cde7e1ab70;  1 drivers
S_000002cde7c85680 .scope module, "u_bank" "single_column_bank" 7 43, 8 11 0, S_000002cde7c840a0;
 .timescale -9 -12;
    .port_info 0 /INPUT 1 "clk";
    .port_info 1 /INPUT 1 "rst_n";
    .port_info 2 /INPUT 8 "addr";
    .port_info 3 /INPUT 1 "wr_en";
    .port_info 4 /INPUT 1 "acc_mode";
    .port_info 5 /INPUT 32 "in_psum";
    .port_info 6 /OUTPUT 32 "out_acc";
P_000002cde7bb3fb0 .param/l "BANK_ID" 0 8 12, +C4<00000000000000000000000000000111>;
P_000002cde7bb3fe8 .param/l "DEPTH_LOG2" 0 8 13, +C4<00000000000000000000000000001000>;
L_000002cde7e34de0 .functor BUFZ 32, L_000002cde7e18d70, C4<00000000000000000000000000000000>, C4<00000000000000000000000000000000>, C4<00000000000000000000000000000000>;
v000002cde7abbd90_0 .net *"_ivl_0", 31 0, L_000002cde7e18d70;  1 drivers
v000002cde7abb9d0_0 .net *"_ivl_2", 9 0, L_000002cde7e19f90;  1 drivers
L_000002cde7db1f68 .functor BUFT 1, C4<00>, C4<0>, C4<0>, C4<0>;
v000002cde7abd5f0_0 .net *"_ivl_5", 1 0, L_000002cde7db1f68;  1 drivers
v000002cde7abd4b0_0 .net "acc_mode", 0 0, L_000002cde7d9dc10;  alias, 1 drivers
v000002cde7abbbb0_0 .net "addr", 7 0, v000002cde7d88810_0;  alias, 1 drivers
v000002cde7abcb50_0 .net "clk", 0 0, v000002cde7d9c770_0;  alias, 1 drivers
v000002cde7abb6b0_0 .var/i "i", 31 0;
v000002cde7abd2d0_0 .net "in_psum", 31 0, L_000002cde7e19090;  alias, 1 drivers
v000002cde7abcbf0 .array "mem", 255 0, 31 0;
v000002cde7abc330_0 .var/s "next_val", 31 0;
v000002cde7abb250_0 .net/s "old_val", 31 0, L_000002cde7e34de0;  1 drivers
v000002cde7abc510_0 .net "out_acc", 31 0, L_000002cde7e1ab70;  alias, 1 drivers
v000002cde7abcd30_0 .net "rst_n", 0 0, L_000002cde7a71f90;  alias, 1 drivers
v000002cde7abd370_0 .net "wr_en", 0 0, L_000002cde7e344b0;  alias, 1 drivers
E_000002cde7afada0 .event anyedge, v000002cde7be5be0_0, v000002cde7abb250_0, v000002cde7abd2d0_0;
L_000002cde7e18d70 .array/port v000002cde7abcbf0, L_000002cde7e19f90;
L_000002cde7e19f90 .concat [ 8 2 0 0], v000002cde7d88810_0, L_000002cde7db1f68;
L_000002cde7e1ab70 .functor MUXZ 32, L_000002cde7e34de0, v000002cde7abc330_0, L_000002cde7e344b0, C4<>;
S_000002cde7c85b30 .scope generate, "COL_BANK[8]" "COL_BANK[8]" 7 30, 7 30 0, S_000002cde7c72080;
 .timescale -9 -12;
P_000002cde7afaaa0 .param/l "c" 0 7 30, +C4<01000>;
L_000002cde7e33db0 .functor BUFZ 32, L_000002cde7e18c30, C4<00000000000000000000000000000000>, C4<00000000000000000000000000000000>, C4<00000000000000000000000000000000>;
v000002cde7b347f0_0 .net *"_ivl_2", 31 0, L_000002cde7e33db0;  1 drivers
v000002cde7b35ab0_0 .net "col_in", 31 0, L_000002cde7e1a710;  1 drivers
v000002cde7b341b0_0 .net "col_out", 31 0, L_000002cde7e18c30;  1 drivers
S_000002cde7c851d0 .scope module, "u_bank" "single_column_bank" 7 43, 8 11 0, S_000002cde7c85b30;
 .timescale -9 -12;
    .port_info 0 /INPUT 1 "clk";
    .port_info 1 /INPUT 1 "rst_n";
    .port_info 2 /INPUT 8 "addr";
    .port_info 3 /INPUT 1 "wr_en";
    .port_info 4 /INPUT 1 "acc_mode";
    .port_info 5 /INPUT 32 "in_psum";
    .port_info 6 /OUTPUT 32 "out_acc";
P_000002cde7bb5030 .param/l "BANK_ID" 0 8 12, +C4<00000000000000000000000000001000>;
P_000002cde7bb5068 .param/l "DEPTH_LOG2" 0 8 13, +C4<00000000000000000000000000001000>;
L_000002cde7e335d0 .functor BUFZ 32, L_000002cde7e18f50, C4<00000000000000000000000000000000>, C4<00000000000000000000000000000000>, C4<00000000000000000000000000000000>;
v000002cde7abdcd0_0 .net *"_ivl_0", 31 0, L_000002cde7e18f50;  1 drivers
v000002cde7abd870_0 .net *"_ivl_2", 9 0, L_000002cde7e19e50;  1 drivers
L_000002cde7db1fb0 .functor BUFT 1, C4<00>, C4<0>, C4<0>, C4<0>;
v000002cde7abd910_0 .net *"_ivl_5", 1 0, L_000002cde7db1fb0;  1 drivers
v000002cde7b35c90_0 .net "acc_mode", 0 0, L_000002cde7d9dc10;  alias, 1 drivers
v000002cde7b351f0_0 .net "addr", 7 0, v000002cde7d88810_0;  alias, 1 drivers
v000002cde7b36190_0 .net "clk", 0 0, v000002cde7d9c770_0;  alias, 1 drivers
v000002cde7b360f0_0 .var/i "i", 31 0;
v000002cde7b35650_0 .net "in_psum", 31 0, L_000002cde7e1a710;  alias, 1 drivers
v000002cde7b34610 .array "mem", 255 0, 31 0;
v000002cde7b35790_0 .var/s "next_val", 31 0;
v000002cde7b358d0_0 .net/s "old_val", 31 0, L_000002cde7e335d0;  1 drivers
v000002cde7b35a10_0 .net "out_acc", 31 0, L_000002cde7e18c30;  alias, 1 drivers
v000002cde7b367d0_0 .net "rst_n", 0 0, L_000002cde7a71f90;  alias, 1 drivers
v000002cde7b34070_0 .net "wr_en", 0 0, L_000002cde7e344b0;  alias, 1 drivers
E_000002cde7afb920 .event anyedge, v000002cde7be5be0_0, v000002cde7b358d0_0, v000002cde7b35650_0;
L_000002cde7e18f50 .array/port v000002cde7b34610, L_000002cde7e19e50;
L_000002cde7e19e50 .concat [ 8 2 0 0], v000002cde7d88810_0, L_000002cde7db1fb0;
L_000002cde7e18c30 .functor MUXZ 32, L_000002cde7e335d0, v000002cde7b35790_0, L_000002cde7e344b0, C4<>;
S_000002cde7c85040 .scope generate, "COL_BANK[9]" "COL_BANK[9]" 7 30, 7 30 0, S_000002cde7c72080;
 .timescale -9 -12;
P_000002cde7afb360 .param/l "c" 0 7 30, +C4<01001>;
L_000002cde7e34520 .functor BUFZ 32, L_000002cde7e1a170, C4<00000000000000000000000000000000>, C4<00000000000000000000000000000000>, C4<00000000000000000000000000000000>;
v000002cde7b37090_0 .net *"_ivl_2", 31 0, L_000002cde7e34520;  1 drivers
v000002cde7b37270_0 .net "col_in", 31 0, L_000002cde7e19db0;  1 drivers
v000002cde7b37310_0 .net "col_out", 31 0, L_000002cde7e1a170;  1 drivers
S_000002cde7c846e0 .scope module, "u_bank" "single_column_bank" 7 43, 8 11 0, S_000002cde7c85040;
 .timescale -9 -12;
    .port_info 0 /INPUT 1 "clk";
    .port_info 1 /INPUT 1 "rst_n";
    .port_info 2 /INPUT 8 "addr";
    .port_info 3 /INPUT 1 "wr_en";
    .port_info 4 /INPUT 1 "acc_mode";
    .port_info 5 /INPUT 32 "in_psum";
    .port_info 6 /OUTPUT 32 "out_acc";
P_000002cde7bb3e30 .param/l "BANK_ID" 0 8 12, +C4<00000000000000000000000000001001>;
P_000002cde7bb3e68 .param/l "DEPTH_LOG2" 0 8 13, +C4<00000000000000000000000000001000>;
L_000002cde7e33870 .functor BUFZ 32, L_000002cde7e18ff0, C4<00000000000000000000000000000000>, C4<00000000000000000000000000000000>, C4<00000000000000000000000000000000>;
v000002cde7b34390_0 .net *"_ivl_0", 31 0, L_000002cde7e18ff0;  1 drivers
v000002cde7b34570_0 .net *"_ivl_2", 9 0, L_000002cde7e199f0;  1 drivers
L_000002cde7db1ff8 .functor BUFT 1, C4<00>, C4<0>, C4<0>, C4<0>;
v000002cde7b34890_0 .net *"_ivl_5", 1 0, L_000002cde7db1ff8;  1 drivers
v000002cde7b34930_0 .net "acc_mode", 0 0, L_000002cde7d9dc10;  alias, 1 drivers
v000002cde7b38e90_0 .net "addr", 7 0, v000002cde7d88810_0;  alias, 1 drivers
v000002cde7b37db0_0 .net "clk", 0 0, v000002cde7d9c770_0;  alias, 1 drivers
v000002cde7b37ef0_0 .var/i "i", 31 0;
v000002cde7b36b90_0 .net "in_psum", 31 0, L_000002cde7e19db0;  alias, 1 drivers
v000002cde7b38d50 .array "mem", 255 0, 31 0;
v000002cde7b36eb0_0 .var/s "next_val", 31 0;
v000002cde7b37f90_0 .net/s "old_val", 31 0, L_000002cde7e33870;  1 drivers
v000002cde7b38df0_0 .net "out_acc", 31 0, L_000002cde7e1a170;  alias, 1 drivers
v000002cde7b36ff0_0 .net "rst_n", 0 0, L_000002cde7a71f90;  alias, 1 drivers
v000002cde7b371d0_0 .net "wr_en", 0 0, L_000002cde7e344b0;  alias, 1 drivers
E_000002cde7afb560 .event anyedge, v000002cde7be5be0_0, v000002cde7b37f90_0, v000002cde7b36b90_0;
L_000002cde7e18ff0 .array/port v000002cde7b38d50, L_000002cde7e199f0;
L_000002cde7e199f0 .concat [ 8 2 0 0], v000002cde7d88810_0, L_000002cde7db1ff8;
L_000002cde7e1a170 .functor MUXZ 32, L_000002cde7e33870, v000002cde7b36eb0_0, L_000002cde7e344b0, C4<>;
S_000002cde7c843c0 .scope generate, "COL_BANK[10]" "COL_BANK[10]" 7 30, 7 30 0, S_000002cde7c72080;
 .timescale -9 -12;
P_000002cde7afb7a0 .param/l "c" 0 7 30, +C4<01010>;
L_000002cde7e33fe0 .functor BUFZ 32, L_000002cde7e19130, C4<00000000000000000000000000000000>, C4<00000000000000000000000000000000>, C4<00000000000000000000000000000000>;
v000002cde7b3a970_0 .net *"_ivl_2", 31 0, L_000002cde7e33fe0;  1 drivers
v000002cde7b396b0_0 .net "col_in", 31 0, L_000002cde7e1a210;  1 drivers
v000002cde7b3aa10_0 .net "col_out", 31 0, L_000002cde7e19130;  1 drivers
S_000002cde7c859a0 .scope module, "u_bank" "single_column_bank" 7 43, 8 11 0, S_000002cde7c843c0;
 .timescale -9 -12;
    .port_info 0 /INPUT 1 "clk";
    .port_info 1 /INPUT 1 "rst_n";
    .port_info 2 /INPUT 8 "addr";
    .port_info 3 /INPUT 1 "wr_en";
    .port_info 4 /INPUT 1 "acc_mode";
    .port_info 5 /INPUT 32 "in_psum";
    .port_info 6 /OUTPUT 32 "out_acc";
P_000002cde7bb3eb0 .param/l "BANK_ID" 0 8 12, +C4<00000000000000000000000000001010>;
P_000002cde7bb3ee8 .param/l "DEPTH_LOG2" 0 8 13, +C4<00000000000000000000000000001000>;
L_000002cde7e348a0 .functor BUFZ 32, L_000002cde7e19ef0, C4<00000000000000000000000000000000>, C4<00000000000000000000000000000000>, C4<00000000000000000000000000000000>;
v000002cde7b38030_0 .net *"_ivl_0", 31 0, L_000002cde7e19ef0;  1 drivers
v000002cde7b37770_0 .net *"_ivl_2", 9 0, L_000002cde7e1ae90;  1 drivers
L_000002cde7db2040 .functor BUFT 1, C4<00>, C4<0>, C4<0>, C4<0>;
v000002cde7b38170_0 .net *"_ivl_5", 1 0, L_000002cde7db2040;  1 drivers
v000002cde7b38210_0 .net "acc_mode", 0 0, L_000002cde7d9dc10;  alias, 1 drivers
v000002cde7b38350_0 .net "addr", 7 0, v000002cde7d88810_0;  alias, 1 drivers
v000002cde7b39390_0 .net "clk", 0 0, v000002cde7d9c770_0;  alias, 1 drivers
v000002cde7b39430_0 .var/i "i", 31 0;
v000002cde7b39f70_0 .net "in_psum", 31 0, L_000002cde7e1a210;  alias, 1 drivers
v000002cde7b39890 .array "mem", 255 0, 31 0;
v000002cde7b3b190_0 .var/s "next_val", 31 0;
v000002cde7b3a010_0 .net/s "old_val", 31 0, L_000002cde7e348a0;  1 drivers
v000002cde7b3b2d0_0 .net "out_acc", 31 0, L_000002cde7e19130;  alias, 1 drivers
v000002cde7b3a650_0 .net "rst_n", 0 0, L_000002cde7a71f90;  alias, 1 drivers
v000002cde7b3a290_0 .net "wr_en", 0 0, L_000002cde7e344b0;  alias, 1 drivers
E_000002cde7afbc20 .event anyedge, v000002cde7be5be0_0, v000002cde7b3a010_0, v000002cde7b39f70_0;
L_000002cde7e19ef0 .array/port v000002cde7b39890, L_000002cde7e1ae90;
L_000002cde7e1ae90 .concat [ 8 2 0 0], v000002cde7d88810_0, L_000002cde7db2040;
L_000002cde7e19130 .functor MUXZ 32, L_000002cde7e348a0, v000002cde7b3b190_0, L_000002cde7e344b0, C4<>;
S_000002cde7c85cc0 .scope generate, "COL_BANK[11]" "COL_BANK[11]" 7 30, 7 30 0, S_000002cde7c72080;
 .timescale -9 -12;
P_000002cde7afbb20 .param/l "c" 0 7 30, +C4<01011>;
L_000002cde7e34c90 .functor BUFZ 32, L_000002cde7e1a0d0, C4<00000000000000000000000000000000>, C4<00000000000000000000000000000000>, C4<00000000000000000000000000000000>;
v000002cde7b3be10_0 .net *"_ivl_2", 31 0, L_000002cde7e34c90;  1 drivers
v000002cde7bcecc0_0 .net "col_in", 31 0, L_000002cde7e191d0;  1 drivers
v000002cde7bcfe40_0 .net "col_out", 31 0, L_000002cde7e1a0d0;  1 drivers
S_000002cde7c84870 .scope module, "u_bank" "single_column_bank" 7 43, 8 11 0, S_000002cde7c85cc0;
 .timescale -9 -12;
    .port_info 0 /INPUT 1 "clk";
    .port_info 1 /INPUT 1 "rst_n";
    .port_info 2 /INPUT 8 "addr";
    .port_info 3 /INPUT 1 "wr_en";
    .port_info 4 /INPUT 1 "acc_mode";
    .port_info 5 /INPUT 32 "in_psum";
    .port_info 6 /OUTPUT 32 "out_acc";
P_000002cde7bb49b0 .param/l "BANK_ID" 0 8 12, +C4<00000000000000000000000000001011>;
P_000002cde7bb49e8 .param/l "DEPTH_LOG2" 0 8 13, +C4<00000000000000000000000000001000>;
L_000002cde7e34600 .functor BUFZ 32, L_000002cde7e1a030, C4<00000000000000000000000000000000>, C4<00000000000000000000000000000000>, C4<00000000000000000000000000000000>;
v000002cde7b3aab0_0 .net *"_ivl_0", 31 0, L_000002cde7e1a030;  1 drivers
v000002cde7b399d0_0 .net *"_ivl_2", 9 0, L_000002cde7e1a850;  1 drivers
L_000002cde7db2088 .functor BUFT 1, C4<00>, C4<0>, C4<0>, C4<0>;
v000002cde7b39a70_0 .net *"_ivl_5", 1 0, L_000002cde7db2088;  1 drivers
v000002cde7b3ab50_0 .net "acc_mode", 0 0, L_000002cde7d9dc10;  alias, 1 drivers
v000002cde7b3b4b0_0 .net "addr", 7 0, v000002cde7d88810_0;  alias, 1 drivers
v000002cde7b3ad30_0 .net "clk", 0 0, v000002cde7d9c770_0;  alias, 1 drivers
v000002cde7b3b550_0 .var/i "i", 31 0;
v000002cde7b3b5f0_0 .net "in_psum", 31 0, L_000002cde7e191d0;  alias, 1 drivers
v000002cde7b394d0 .array "mem", 255 0, 31 0;
v000002cde7b3b690_0 .var/s "next_val", 31 0;
v000002cde7b3b730_0 .net/s "old_val", 31 0, L_000002cde7e34600;  1 drivers
v000002cde7b3b870_0 .net "out_acc", 31 0, L_000002cde7e1a0d0;  alias, 1 drivers
v000002cde7b3baf0_0 .net "rst_n", 0 0, L_000002cde7a71f90;  alias, 1 drivers
v000002cde7b3bc30_0 .net "wr_en", 0 0, L_000002cde7e344b0;  alias, 1 drivers
E_000002cde7afc860 .event anyedge, v000002cde7be5be0_0, v000002cde7b3b730_0, v000002cde7b3b5f0_0;
L_000002cde7e1a030 .array/port v000002cde7b394d0, L_000002cde7e1a850;
L_000002cde7e1a850 .concat [ 8 2 0 0], v000002cde7d88810_0, L_000002cde7db2088;
L_000002cde7e1a0d0 .functor MUXZ 32, L_000002cde7e34600, v000002cde7b3b690_0, L_000002cde7e344b0, C4<>;
S_000002cde7c84a00 .scope generate, "COL_BANK[12]" "COL_BANK[12]" 7 30, 7 30 0, S_000002cde7c72080;
 .timescale -9 -12;
P_000002cde7afbda0 .param/l "c" 0 7 30, +C4<01100>;
L_000002cde7e34910 .functor BUFZ 32, L_000002cde7e19a90, C4<00000000000000000000000000000000>, C4<00000000000000000000000000000000>, C4<00000000000000000000000000000000>;
v000002cde7bd2500_0 .net *"_ivl_2", 31 0, L_000002cde7e34910;  1 drivers
v000002cde7bd1e20_0 .net "col_in", 31 0, L_000002cde7e18e10;  1 drivers
v000002cde7bd0b60_0 .net "col_out", 31 0, L_000002cde7e19a90;  1 drivers
S_000002cde7c84b90 .scope module, "u_bank" "single_column_bank" 7 43, 8 11 0, S_000002cde7c84a00;
 .timescale -9 -12;
    .port_info 0 /INPUT 1 "clk";
    .port_info 1 /INPUT 1 "rst_n";
    .port_info 2 /INPUT 8 "addr";
    .port_info 3 /INPUT 1 "wr_en";
    .port_info 4 /INPUT 1 "acc_mode";
    .port_info 5 /INPUT 32 "in_psum";
    .port_info 6 /OUTPUT 32 "out_acc";
P_000002cde7bb4130 .param/l "BANK_ID" 0 8 12, +C4<00000000000000000000000000001100>;
P_000002cde7bb4168 .param/l "DEPTH_LOG2" 0 8 13, +C4<00000000000000000000000000001000>;
L_000002cde7e34670 .functor BUFZ 32, L_000002cde7e1a350, C4<00000000000000000000000000000000>, C4<00000000000000000000000000000000>, C4<00000000000000000000000000000000>;
v000002cde7bcde60_0 .net *"_ivl_0", 31 0, L_000002cde7e1a350;  1 drivers
v000002cde7bce0e0_0 .net *"_ivl_2", 9 0, L_000002cde7e1a490;  1 drivers
L_000002cde7db20d0 .functor BUFT 1, C4<00>, C4<0>, C4<0>, C4<0>;
v000002cde7bce400_0 .net *"_ivl_5", 1 0, L_000002cde7db20d0;  1 drivers
v000002cde7bcf6c0_0 .net "acc_mode", 0 0, L_000002cde7d9dc10;  alias, 1 drivers
v000002cde7bce900_0 .net "addr", 7 0, v000002cde7d88810_0;  alias, 1 drivers
v000002cde7bced60_0 .net "clk", 0 0, v000002cde7d9c770_0;  alias, 1 drivers
v000002cde7bcf080_0 .var/i "i", 31 0;
v000002cde7bcf300_0 .net "in_psum", 31 0, L_000002cde7e18e10;  alias, 1 drivers
v000002cde7bcf9e0 .array "mem", 255 0, 31 0;
v000002cde7bcdbe0_0 .var/s "next_val", 31 0;
v000002cde7bcfd00_0 .net/s "old_val", 31 0, L_000002cde7e34670;  1 drivers
v000002cde7bd1ba0_0 .net "out_acc", 31 0, L_000002cde7e19a90;  alias, 1 drivers
v000002cde7bd08e0_0 .net "rst_n", 0 0, L_000002cde7a71f90;  alias, 1 drivers
v000002cde7bd0a20_0 .net "wr_en", 0 0, L_000002cde7e344b0;  alias, 1 drivers
E_000002cde7afc1e0 .event anyedge, v000002cde7be5be0_0, v000002cde7bcfd00_0, v000002cde7bcf300_0;
L_000002cde7e1a350 .array/port v000002cde7bcf9e0, L_000002cde7e1a490;
L_000002cde7e1a490 .concat [ 8 2 0 0], v000002cde7d88810_0, L_000002cde7db20d0;
L_000002cde7e19a90 .functor MUXZ 32, L_000002cde7e34670, v000002cde7bcdbe0_0, L_000002cde7e344b0, C4<>;
S_000002cde7c84d20 .scope generate, "COL_BANK[13]" "COL_BANK[13]" 7 30, 7 30 0, S_000002cde7c72080;
 .timescale -9 -12;
P_000002cde7afd020 .param/l "c" 0 7 30, +C4<01101>;
L_000002cde7e34360 .functor BUFZ 32, L_000002cde7e19310, C4<00000000000000000000000000000000>, C4<00000000000000000000000000000000>, C4<00000000000000000000000000000000>;
v000002cde7bcb660_0 .net *"_ivl_2", 31 0, L_000002cde7e34360;  1 drivers
v000002cde7bcbde0_0 .net "col_in", 31 0, L_000002cde7e19c70;  1 drivers
v000002cde7bcb8e0_0 .net "col_out", 31 0, L_000002cde7e19310;  1 drivers
S_000002cde7c84eb0 .scope module, "u_bank" "single_column_bank" 7 43, 8 11 0, S_000002cde7c84d20;
 .timescale -9 -12;
    .port_info 0 /INPUT 1 "clk";
    .port_info 1 /INPUT 1 "rst_n";
    .port_info 2 /INPUT 8 "addr";
    .port_info 3 /INPUT 1 "wr_en";
    .port_info 4 /INPUT 1 "acc_mode";
    .port_info 5 /INPUT 32 "in_psum";
    .port_info 6 /OUTPUT 32 "out_acc";
P_000002cde7bb4b30 .param/l "BANK_ID" 0 8 12, +C4<00000000000000000000000000001101>;
P_000002cde7bb4b68 .param/l "DEPTH_LOG2" 0 8 13, +C4<00000000000000000000000000001000>;
L_000002cde7e33b10 .functor BUFZ 32, L_000002cde7e19270, C4<00000000000000000000000000000000>, C4<00000000000000000000000000000000>, C4<00000000000000000000000000000000>;
v000002cde7bd0480_0 .net *"_ivl_0", 31 0, L_000002cde7e19270;  1 drivers
v000002cde7bd1380_0 .net *"_ivl_2", 9 0, L_000002cde7e18b90;  1 drivers
L_000002cde7db2118 .functor BUFT 1, C4<00>, C4<0>, C4<0>, C4<0>;
v000002cde7bd1d80_0 .net *"_ivl_5", 1 0, L_000002cde7db2118;  1 drivers
v000002cde7bd0ca0_0 .net "acc_mode", 0 0, L_000002cde7d9dc10;  alias, 1 drivers
v000002cde7bd1ec0_0 .net "addr", 7 0, v000002cde7d88810_0;  alias, 1 drivers
v000002cde7bd1100_0 .net "clk", 0 0, v000002cde7d9c770_0;  alias, 1 drivers
v000002cde7bd30e0_0 .var/i "i", 31 0;
v000002cde7bd3180_0 .net "in_psum", 31 0, L_000002cde7e19c70;  alias, 1 drivers
v000002cde7bd2b40 .array "mem", 255 0, 31 0;
v000002cde7bccba0_0 .var/s "next_val", 31 0;
v000002cde7bcd6e0_0 .net/s "old_val", 31 0, L_000002cde7e33b10;  1 drivers
v000002cde7bcc1a0_0 .net "out_acc", 31 0, L_000002cde7e19310;  alias, 1 drivers
v000002cde7bcc880_0 .net "rst_n", 0 0, L_000002cde7a71f90;  alias, 1 drivers
v000002cde7bcd820_0 .net "wr_en", 0 0, L_000002cde7e344b0;  alias, 1 drivers
E_000002cde7afce20 .event anyedge, v000002cde7be5be0_0, v000002cde7bcd6e0_0, v000002cde7bd3180_0;
L_000002cde7e19270 .array/port v000002cde7bd2b40, L_000002cde7e18b90;
L_000002cde7e18b90 .concat [ 8 2 0 0], v000002cde7d88810_0, L_000002cde7db2118;
L_000002cde7e19310 .functor MUXZ 32, L_000002cde7e33b10, v000002cde7bccba0_0, L_000002cde7e344b0, C4<>;
S_000002cde7c86ec0 .scope generate, "COL_BANK[14]" "COL_BANK[14]" 7 30, 7 30 0, S_000002cde7c72080;
 .timescale -9 -12;
P_000002cde7afc8a0 .param/l "c" 0 7 30, +C4<01110>;
L_000002cde7e346e0 .functor BUFZ 32, L_000002cde7e18eb0, C4<00000000000000000000000000000000>, C4<00000000000000000000000000000000>, C4<00000000000000000000000000000000>;
v000002cde79d15b0_0 .net *"_ivl_2", 31 0, L_000002cde7e346e0;  1 drivers
v000002cde79d1650_0 .net "col_in", 31 0, L_000002cde7e18cd0;  1 drivers
v000002cde79d1f10_0 .net "col_out", 31 0, L_000002cde7e18eb0;  1 drivers
S_000002cde7c86880 .scope module, "u_bank" "single_column_bank" 7 43, 8 11 0, S_000002cde7c86ec0;
 .timescale -9 -12;
    .port_info 0 /INPUT 1 "clk";
    .port_info 1 /INPUT 1 "rst_n";
    .port_info 2 /INPUT 8 "addr";
    .port_info 3 /INPUT 1 "wr_en";
    .port_info 4 /INPUT 1 "acc_mode";
    .port_info 5 /INPUT 32 "in_psum";
    .port_info 6 /OUTPUT 32 "out_acc";
P_000002cde7bb4bb0 .param/l "BANK_ID" 0 8 12, +C4<00000000000000000000000000001110>;
P_000002cde7bb4be8 .param/l "DEPTH_LOG2" 0 8 13, +C4<00000000000000000000000000001000>;
L_000002cde7e34750 .functor BUFZ 32, L_000002cde7e19d10, C4<00000000000000000000000000000000>, C4<00000000000000000000000000000000>, C4<00000000000000000000000000000000>;
v000002cde7bcba20_0 .net *"_ivl_0", 31 0, L_000002cde7e19d10;  1 drivers
v000002cde7bcbb60_0 .net *"_ivl_2", 9 0, L_000002cde7e1a530;  1 drivers
L_000002cde7db2160 .functor BUFT 1, C4<00>, C4<0>, C4<0>, C4<0>;
v000002cde7bcbc00_0 .net *"_ivl_5", 1 0, L_000002cde7db2160;  1 drivers
v000002cde7bcbe80_0 .net "acc_mode", 0 0, L_000002cde7d9dc10;  alias, 1 drivers
v000002cde7bcc560_0 .net "addr", 7 0, v000002cde7d88810_0;  alias, 1 drivers
v000002cde7bcc6a0_0 .net "clk", 0 0, v000002cde7d9c770_0;  alias, 1 drivers
v000002cde79d1830_0 .var/i "i", 31 0;
v000002cde79d0b10_0 .net "in_psum", 31 0, L_000002cde7e18cd0;  alias, 1 drivers
v000002cde79d0cf0 .array "mem", 255 0, 31 0;
v000002cde79d13d0_0 .var/s "next_val", 31 0;
v000002cde79d0ed0_0 .net/s "old_val", 31 0, L_000002cde7e34750;  1 drivers
v000002cde79d0f70_0 .net "out_acc", 31 0, L_000002cde7e18eb0;  alias, 1 drivers
v000002cde79d1470_0 .net "rst_n", 0 0, L_000002cde7a71f90;  alias, 1 drivers
v000002cde79d18d0_0 .net "wr_en", 0 0, L_000002cde7e344b0;  alias, 1 drivers
E_000002cde7afcbe0 .event anyedge, v000002cde7be5be0_0, v000002cde79d0ed0_0, v000002cde79d0b10_0;
L_000002cde7e19d10 .array/port v000002cde79d0cf0, L_000002cde7e1a530;
L_000002cde7e1a530 .concat [ 8 2 0 0], v000002cde7d88810_0, L_000002cde7db2160;
L_000002cde7e18eb0 .functor MUXZ 32, L_000002cde7e34750, v000002cde79d13d0_0, L_000002cde7e344b0, C4<>;
S_000002cde7c866f0 .scope generate, "COL_BANK[15]" "COL_BANK[15]" 7 30, 7 30 0, S_000002cde7c72080;
 .timescale -9 -12;
P_000002cde7afcca0 .param/l "c" 0 7 30, +C4<01111>;
L_000002cde7e33560 .functor BUFZ 32, L_000002cde7e193b0, C4<00000000000000000000000000000000>, C4<00000000000000000000000000000000>, C4<00000000000000000000000000000000>;
v000002cde79d0430_0 .net *"_ivl_2", 31 0, L_000002cde7e33560;  1 drivers
v000002cde79d04d0_0 .net "col_in", 31 0, L_000002cde7e1ac10;  1 drivers
v000002cde79ced10_0 .net "col_out", 31 0, L_000002cde7e193b0;  1 drivers
S_000002cde7c87050 .scope module, "u_bank" "single_column_bank" 7 43, 8 11 0, S_000002cde7c866f0;
 .timescale -9 -12;
    .port_info 0 /INPUT 1 "clk";
    .port_info 1 /INPUT 1 "rst_n";
    .port_info 2 /INPUT 8 "addr";
    .port_info 3 /INPUT 1 "wr_en";
    .port_info 4 /INPUT 1 "acc_mode";
    .port_info 5 /INPUT 32 "in_psum";
    .port_info 6 /OUTPUT 32 "out_acc";
P_000002cde7bb4db0 .param/l "BANK_ID" 0 8 12, +C4<00000000000000000000000000001111>;
P_000002cde7bb4de8 .param/l "DEPTH_LOG2" 0 8 13, +C4<00000000000000000000000000001000>;
L_000002cde7e336b0 .functor BUFZ 32, L_000002cde7e1a2b0, C4<00000000000000000000000000000000>, C4<00000000000000000000000000000000>, C4<00000000000000000000000000000000>;
v000002cde79d1e70_0 .net *"_ivl_0", 31 0, L_000002cde7e1a2b0;  1 drivers
v000002cde79d1ab0_0 .net *"_ivl_2", 9 0, L_000002cde7e18af0;  1 drivers
L_000002cde7db21a8 .functor BUFT 1, C4<00>, C4<0>, C4<0>, C4<0>;
v000002cde79d1b50_0 .net *"_ivl_5", 1 0, L_000002cde7db21a8;  1 drivers
v000002cde79cfb70_0 .net "acc_mode", 0 0, L_000002cde7d9dc10;  alias, 1 drivers
v000002cde79cfdf0_0 .net "addr", 7 0, v000002cde7d88810_0;  alias, 1 drivers
v000002cde79cf350_0 .net "clk", 0 0, v000002cde7d9c770_0;  alias, 1 drivers
v000002cde79ce310_0 .var/i "i", 31 0;
v000002cde79ce6d0_0 .net "in_psum", 31 0, L_000002cde7e1ac10;  alias, 1 drivers
v000002cde79cea90 .array "mem", 255 0, 31 0;
v000002cde79cebd0_0 .var/s "next_val", 31 0;
v000002cde79cf490_0 .net/s "old_val", 31 0, L_000002cde7e336b0;  1 drivers
v000002cde79ce3b0_0 .net "out_acc", 31 0, L_000002cde7e193b0;  alias, 1 drivers
v000002cde79cf5d0_0 .net "rst_n", 0 0, L_000002cde7a71f90;  alias, 1 drivers
v000002cde79cf210_0 .net "wr_en", 0 0, L_000002cde7e344b0;  alias, 1 drivers
E_000002cde7afd720 .event anyedge, v000002cde7be5be0_0, v000002cde79cf490_0, v000002cde79ce6d0_0;
L_000002cde7e1a2b0 .array/port v000002cde79cea90, L_000002cde7e18af0;
L_000002cde7e18af0 .concat [ 8 2 0 0], v000002cde7d88810_0, L_000002cde7db21a8;
L_000002cde7e193b0 .functor MUXZ 32, L_000002cde7e336b0, v000002cde79cebd0_0, L_000002cde7e344b0, C4<>;
S_000002cde7c86a10 .scope module, "u_array" "systolic_array" 6 142, 9 14 0, S_000002cde7c6f830;
 .timescale -9 -12;
    .port_info 0 /INPUT 1 "clk";
    .port_info 1 /INPUT 1 "rst_n";
    .port_info 2 /INPUT 1 "en_compute";
    .port_info 3 /INPUT 12 "row_load_en";
    .port_info 4 /INPUT 96 "in_act_vec";
    .port_info 5 /INPUT 128 "in_weight_vec";
    .port_info 6 /OUTPUT 512 "out_psum_vec";
v000002cde7d86fb0 .array "act_wires", 191 0;
v000002cde7d86fb0_0 .net v000002cde7d86fb0 0, 7 0, v000002cde7a3e070_0; 1 drivers
v000002cde7d86fb0_1 .net v000002cde7d86fb0 1, 7 0, v000002cde7a3f5b0_0; 1 drivers
v000002cde7d86fb0_2 .net v000002cde7d86fb0 2, 7 0, v000002cde7a40e10_0; 1 drivers
v000002cde7d86fb0_3 .net v000002cde7d86fb0 3, 7 0, v000002cde7a6f4f0_0; 1 drivers
v000002cde7d86fb0_4 .net v000002cde7d86fb0 4, 7 0, v000002cde7a6cd90_0; 1 drivers
v000002cde7d86fb0_5 .net v000002cde7d86fb0 5, 7 0, v000002cde7a6c890_0; 1 drivers
v000002cde7d86fb0_6 .net v000002cde7d86fb0 6, 7 0, v000002cde7a9b3f0_0; 1 drivers
v000002cde7d86fb0_7 .net v000002cde7d86fb0 7, 7 0, v000002cde7a98bf0_0; 1 drivers
v000002cde7d86fb0_8 .net v000002cde7d86fb0 8, 7 0, v000002cde79042e0_0; 1 drivers
v000002cde7d86fb0_9 .net v000002cde7d86fb0 9, 7 0, v000002cde7905aa0_0; 1 drivers
v000002cde7d86fb0_10 .net v000002cde7d86fb0 10, 7 0, v000002cde78f1030_0; 1 drivers
v000002cde7d86fb0_11 .net v000002cde7d86fb0 11, 7 0, v000002cde78f12b0_0; 1 drivers
v000002cde7d86fb0_12 .net v000002cde7d86fb0 12, 7 0, v000002cde78f0770_0; 1 drivers
v000002cde7d86fb0_13 .net v000002cde7d86fb0 13, 7 0, v000002cde7919df0_0; 1 drivers
v000002cde7d86fb0_14 .net v000002cde7d86fb0 14, 7 0, v000002cde7964950_0; 1 drivers
v000002cde7d86fb0_15 .net v000002cde7d86fb0 15, 7 0, v000002cde7998140_0; 1 drivers
v000002cde7d86fb0_16 .net v000002cde7d86fb0 16, 7 0, v000002cde7998aa0_0; 1 drivers
v000002cde7d86fb0_17 .net v000002cde7d86fb0 17, 7 0, v000002cde7966460_0; 1 drivers
v000002cde7d86fb0_18 .net v000002cde7d86fb0 18, 7 0, v000002cde79bc1a0_0; 1 drivers
v000002cde7d86fb0_19 .net v000002cde7d86fb0 19, 7 0, v000002cde7953650_0; 1 drivers
v000002cde7d86fb0_20 .net v000002cde7d86fb0 20, 7 0, v000002cde78e6710_0; 1 drivers
v000002cde7d86fb0_21 .net v000002cde7d86fb0 21, 7 0, v000002cde7c9ba80_0; 1 drivers
v000002cde7d86fb0_22 .net v000002cde7d86fb0 22, 7 0, v000002cde7c9c520_0; 1 drivers
v000002cde7d86fb0_23 .net v000002cde7d86fb0 23, 7 0, v000002cde7c9bbc0_0; 1 drivers
v000002cde7d86fb0_24 .net v000002cde7d86fb0 24, 7 0, v000002cde7c9bee0_0; 1 drivers
v000002cde7d86fb0_25 .net v000002cde7d86fb0 25, 7 0, v000002cde7c9f720_0; 1 drivers
v000002cde7d86fb0_26 .net v000002cde7d86fb0 26, 7 0, v000002cde7c9fd60_0; 1 drivers
v000002cde7d86fb0_27 .net v000002cde7d86fb0 27, 7 0, v000002cde7c9f680_0; 1 drivers
v000002cde7d86fb0_28 .net v000002cde7d86fb0 28, 7 0, v000002cde7c9eaa0_0; 1 drivers
v000002cde7d86fb0_29 .net v000002cde7d86fb0 29, 7 0, v000002cde7ca0d00_0; 1 drivers
v000002cde7d86fb0_30 .net v000002cde7d86fb0 30, 7 0, v000002cde7ca0b20_0; 1 drivers
v000002cde7d86fb0_31 .net v000002cde7d86fb0 31, 7 0, v000002cde7ca2920_0; 1 drivers
v000002cde7d86fb0_32 .net v000002cde7d86fb0 32, 7 0, v000002cde7ca12a0_0; 1 drivers
v000002cde7d86fb0_33 .net v000002cde7d86fb0 33, 7 0, v000002cde7ca35a0_0; 1 drivers
v000002cde7d86fb0_34 .net v000002cde7d86fb0 34, 7 0, v000002cde7ca3b40_0; 1 drivers
v000002cde7d86fb0_35 .net v000002cde7d86fb0 35, 7 0, v000002cde7c94be0_0; 1 drivers
v000002cde7d86fb0_36 .net v000002cde7d86fb0 36, 7 0, v000002cde7c959a0_0; 1 drivers
v000002cde7d86fb0_37 .net v000002cde7d86fb0 37, 7 0, v000002cde7c95ae0_0; 1 drivers
v000002cde7d86fb0_38 .net v000002cde7d86fb0 38, 7 0, v000002cde7c95e00_0; 1 drivers
v000002cde7d86fb0_39 .net v000002cde7d86fb0 39, 7 0, v000002cde7c96da0_0; 1 drivers
v000002cde7d86fb0_40 .net v000002cde7d86fb0 40, 7 0, v000002cde7c97700_0; 1 drivers
v000002cde7d86fb0_41 .net v000002cde7d86fb0 41, 7 0, v000002cde7c96a80_0; 1 drivers
v000002cde7d86fb0_42 .net v000002cde7d86fb0 42, 7 0, v000002cde7c98920_0; 1 drivers
v000002cde7d86fb0_43 .net v000002cde7d86fb0 43, 7 0, v000002cde7c98d80_0; 1 drivers
v000002cde7d86fb0_44 .net v000002cde7d86fb0 44, 7 0, v000002cde7c99320_0; 1 drivers
v000002cde7d86fb0_45 .net v000002cde7d86fb0 45, 7 0, v000002cde7c99e60_0; 1 drivers
v000002cde7d86fb0_46 .net v000002cde7d86fb0 46, 7 0, v000002cde7c9b8a0_0; 1 drivers
v000002cde7d86fb0_47 .net v000002cde7d86fb0 47, 7 0, v000002cde7c9b1c0_0; 1 drivers
v000002cde7d86fb0_48 .net v000002cde7d86fb0 48, 7 0, v000002cde7caf030_0; 1 drivers
v000002cde7d86fb0_49 .net v000002cde7d86fb0 49, 7 0, v000002cde7cadb90_0; 1 drivers
v000002cde7d86fb0_50 .net v000002cde7d86fb0 50, 7 0, v000002cde7cadd70_0; 1 drivers
v000002cde7d86fb0_51 .net v000002cde7d86fb0 51, 7 0, v000002cde7cadf50_0; 1 drivers
v000002cde7d86fb0_52 .net v000002cde7d86fb0 52, 7 0, v000002cde7cb1a10_0; 1 drivers
v000002cde7d86fb0_53 .net v000002cde7d86fb0 53, 7 0, v000002cde7cb1790_0; 1 drivers
v000002cde7d86fb0_54 .net v000002cde7d86fb0 54, 7 0, v000002cde7cafe90_0; 1 drivers
v000002cde7d86fb0_55 .net v000002cde7d86fb0 55, 7 0, v000002cde7cb0070_0; 1 drivers
v000002cde7d86fb0_56 .net v000002cde7d86fb0 56, 7 0, v000002cde7cb3ef0_0; 1 drivers
v000002cde7d86fb0_57 .net v000002cde7d86fb0 57, 7 0, v000002cde7cb2870_0; 1 drivers
v000002cde7d86fb0_58 .net v000002cde7d86fb0 58, 7 0, v000002cde7cb3c70_0; 1 drivers
v000002cde7d86fb0_59 .net v000002cde7d86fb0 59, 7 0, v000002cde7cb3b30_0; 1 drivers
v000002cde7d86fb0_60 .net v000002cde7d86fb0 60, 7 0, v000002cde7cb33b0_0; 1 drivers
v000002cde7d86fb0_61 .net v000002cde7d86fb0 61, 7 0, v000002cde7cb5ed0_0; 1 drivers
v000002cde7d86fb0_62 .net v000002cde7d86fb0 62, 7 0, v000002cde7cb5250_0; 1 drivers
v000002cde7d86fb0_63 .net v000002cde7d86fb0 63, 7 0, v000002cde7cb56b0_0; 1 drivers
v000002cde7d86fb0_64 .net v000002cde7d86fb0 64, 7 0, v000002cde7cb4df0_0; 1 drivers
v000002cde7d86fb0_65 .net v000002cde7d86fb0 65, 7 0, v000002cde7cb8ef0_0; 1 drivers
v000002cde7d86fb0_66 .net v000002cde7d86fb0 66, 7 0, v000002cde7cb7af0_0; 1 drivers
v000002cde7d86fb0_67 .net v000002cde7d86fb0 67, 7 0, v000002cde7cb7e10_0; 1 drivers
v000002cde7d86fb0_68 .net v000002cde7d86fb0 68, 7 0, v000002cde7cb72d0_0; 1 drivers
v000002cde7d86fb0_69 .net v000002cde7d86fb0 69, 7 0, v000002cde7cbbb50_0; 1 drivers
v000002cde7d86fb0_70 .net v000002cde7d86fb0 70, 7 0, v000002cde7cbb290_0; 1 drivers
v000002cde7d86fb0_71 .net v000002cde7d86fb0 71, 7 0, v000002cde7cba9d0_0; 1 drivers
v000002cde7d86fb0_72 .net v000002cde7d86fb0 72, 7 0, v000002cde7cbb510_0; 1 drivers
v000002cde7d86fb0_73 .net v000002cde7d86fb0 73, 7 0, v000002cde7cbc5f0_0; 1 drivers
v000002cde7d86fb0_74 .net v000002cde7d86fb0 74, 7 0, v000002cde7cbcd70_0; 1 drivers
v000002cde7d86fb0_75 .net v000002cde7d86fb0 75, 7 0, v000002cde7ce2180_0; 1 drivers
v000002cde7d86fb0_76 .net v000002cde7d86fb0 76, 7 0, v000002cde7ce24a0_0; 1 drivers
v000002cde7d86fb0_77 .net v000002cde7d86fb0 77, 7 0, v000002cde7ce1320_0; 1 drivers
v000002cde7d86fb0_78 .net v000002cde7d86fb0 78, 7 0, v000002cde7ce33a0_0; 1 drivers
v000002cde7d86fb0_79 .net v000002cde7d86fb0 79, 7 0, v000002cde7ce4ac0_0; 1 drivers
v000002cde7d86fb0_80 .net v000002cde7d86fb0 80, 7 0, v000002cde7ce3a80_0; 1 drivers
v000002cde7d86fb0_81 .net v000002cde7d86fb0 81, 7 0, v000002cde7ce4700_0; 1 drivers
v000002cde7d86fb0_82 .net v000002cde7d86fb0 82, 7 0, v000002cde7ce4480_0; 1 drivers
v000002cde7d86fb0_83 .net v000002cde7d86fb0 83, 7 0, v000002cde7ce5ec0_0; 1 drivers
v000002cde7d86fb0_84 .net v000002cde7d86fb0 84, 7 0, v000002cde7ce6500_0; 1 drivers
v000002cde7d86fb0_85 .net v000002cde7d86fb0 85, 7 0, v000002cde7ce6be0_0; 1 drivers
v000002cde7d86fb0_86 .net v000002cde7d86fb0 86, 7 0, v000002cde7ce7040_0; 1 drivers
v000002cde7d86fb0_87 .net v000002cde7d86fb0 87, 7 0, v000002cde7ce7cc0_0; 1 drivers
v000002cde7d86fb0_88 .net v000002cde7d86fb0 88, 7 0, v000002cde7ce8d00_0; 1 drivers
v000002cde7d86fb0_89 .net v000002cde7d86fb0 89, 7 0, v000002cde7cdc140_0; 1 drivers
v000002cde7d86fb0_90 .net v000002cde7d86fb0 90, 7 0, v000002cde7cda480_0; 1 drivers
v000002cde7d86fb0_91 .net v000002cde7d86fb0 91, 7 0, v000002cde7cda520_0; 1 drivers
v000002cde7d86fb0_92 .net v000002cde7d86fb0 92, 7 0, v000002cde7cda3e0_0; 1 drivers
v000002cde7d86fb0_93 .net v000002cde7d86fb0 93, 7 0, v000002cde7cd9d00_0; 1 drivers
v000002cde7d86fb0_94 .net v000002cde7d86fb0 94, 7 0, v000002cde7cdd900_0; 1 drivers
v000002cde7d86fb0_95 .net v000002cde7d86fb0 95, 7 0, v000002cde7cdca00_0; 1 drivers
v000002cde7d86fb0_96 .net v000002cde7d86fb0 96, 7 0, v000002cde7cddfe0_0; 1 drivers
v000002cde7d86fb0_97 .net v000002cde7d86fb0 97, 7 0, v000002cde7cde800_0; 1 drivers
v000002cde7d86fb0_98 .net v000002cde7d86fb0 98, 7 0, v000002cde7cdee40_0; 1 drivers
v000002cde7d86fb0_99 .net v000002cde7d86fb0 99, 7 0, v000002cde7cdf700_0; 1 drivers
v000002cde7d86fb0_100 .net v000002cde7d86fb0 100, 7 0, v000002cde7cdf160_0; 1 drivers
v000002cde7d86fb0_101 .net v000002cde7d86fb0 101, 7 0, v000002cde7ce04c0_0; 1 drivers
v000002cde7d86fb0_102 .net v000002cde7d86fb0 102, 7 0, v000002cde7d0cb70_0; 1 drivers
v000002cde7d86fb0_103 .net v000002cde7d86fb0 103, 7 0, v000002cde7d0c850_0; 1 drivers
v000002cde7d86fb0_104 .net v000002cde7d86fb0 104, 7 0, v000002cde7d0cc10_0; 1 drivers
v000002cde7d86fb0_105 .net v000002cde7d86fb0 105, 7 0, v000002cde7d0bef0_0; 1 drivers
v000002cde7d86fb0_106 .net v000002cde7d86fb0 106, 7 0, v000002cde7d0e510_0; 1 drivers
v000002cde7d86fb0_107 .net v000002cde7d86fb0 107, 7 0, v000002cde7d0f9b0_0; 1 drivers
v000002cde7d86fb0_108 .net v000002cde7d86fb0 108, 7 0, v000002cde7d0e8d0_0; 1 drivers
v000002cde7d86fb0_109 .net v000002cde7d86fb0 109, 7 0, v000002cde7d0f0f0_0; 1 drivers
v000002cde7d86fb0_110 .net v000002cde7d86fb0 110, 7 0, v000002cde7d0db10_0; 1 drivers
v000002cde7d86fb0_111 .net v000002cde7d86fb0 111, 7 0, v000002cde7d10c70_0; 1 drivers
v000002cde7d86fb0_112 .net v000002cde7d86fb0 112, 7 0, v000002cde7d109f0_0; 1 drivers
v000002cde7d86fb0_113 .net v000002cde7d86fb0 113, 7 0, v000002cde7d12070_0; 1 drivers
v000002cde7d86fb0_114 .net v000002cde7d86fb0 114, 7 0, v000002cde7d11cb0_0; 1 drivers
v000002cde7d86fb0_115 .net v000002cde7d86fb0 115, 7 0, v000002cde7d14550_0; 1 drivers
v000002cde7d86fb0_116 .net v000002cde7d86fb0 116, 7 0, v000002cde7d14690_0; 1 drivers
v000002cde7d86fb0_117 .net v000002cde7d86fb0 117, 7 0, v000002cde7d13510_0; 1 drivers
v000002cde7d86fb0_118 .net v000002cde7d86fb0 118, 7 0, v000002cde7d138d0_0; 1 drivers
v000002cde7d86fb0_119 .net v000002cde7d86fb0 119, 7 0, v000002cde7d15c70_0; 1 drivers
v000002cde7d86fb0_120 .net v000002cde7d86fb0 120, 7 0, v000002cde7d15130_0; 1 drivers
v000002cde7d86fb0_121 .net v000002cde7d86fb0 121, 7 0, v000002cde7d15ef0_0; 1 drivers
v000002cde7d86fb0_122 .net v000002cde7d86fb0 122, 7 0, v000002cde7d15a90_0; 1 drivers
v000002cde7d86fb0_123 .net v000002cde7d86fb0 123, 7 0, v000002cde7d16f30_0; 1 drivers
v000002cde7d86fb0_124 .net v000002cde7d86fb0 124, 7 0, v000002cde7d17ed0_0; 1 drivers
v000002cde7d86fb0_125 .net v000002cde7d86fb0 125, 7 0, v000002cde7d17bb0_0; 1 drivers
v000002cde7d86fb0_126 .net v000002cde7d86fb0 126, 7 0, v000002cde7d19730_0; 1 drivers
v000002cde7d86fb0_127 .net v000002cde7d86fb0 127, 7 0, v000002cde7d18e70_0; 1 drivers
v000002cde7d86fb0_128 .net v000002cde7d86fb0 128, 7 0, v000002cde7d1abd0_0; 1 drivers
v000002cde7d86fb0_129 .net v000002cde7d86fb0 129, 7 0, v000002cde7d26820_0; 1 drivers
v000002cde7d86fb0_130 .net v000002cde7d86fb0 130, 7 0, v000002cde7d25ce0_0; 1 drivers
v000002cde7d86fb0_131 .net v000002cde7d86fb0 131, 7 0, v000002cde7d25c40_0; 1 drivers
v000002cde7d86fb0_132 .net v000002cde7d86fb0 132, 7 0, v000002cde7d261e0_0; 1 drivers
v000002cde7d86fb0_133 .net v000002cde7d86fb0 133, 7 0, v000002cde7d277c0_0; 1 drivers
v000002cde7d86fb0_134 .net v000002cde7d86fb0 134, 7 0, v000002cde7d27a40_0; 1 drivers
v000002cde7d86fb0_135 .net v000002cde7d86fb0 135, 7 0, v000002cde7d27c20_0; 1 drivers
v000002cde7d86fb0_136 .net v000002cde7d86fb0 136, 7 0, v000002cde7d29b60_0; 1 drivers
v000002cde7d86fb0_137 .net v000002cde7d86fb0 137, 7 0, v000002cde7d297a0_0; 1 drivers
v000002cde7d86fb0_138 .net v000002cde7d86fb0 138, 7 0, v000002cde7d2aba0_0; 1 drivers
v000002cde7d86fb0_139 .net v000002cde7d86fb0 139, 7 0, v000002cde7d2c860_0; 1 drivers
v000002cde7d86fb0_140 .net v000002cde7d86fb0 140, 7 0, v000002cde7d2ace0_0; 1 drivers
v000002cde7d86fb0_141 .net v000002cde7d86fb0 141, 7 0, v000002cde7d2c5e0_0; 1 drivers
v000002cde7d86fb0_142 .net v000002cde7d86fb0 142, 7 0, v000002cde7d2e480_0; 1 drivers
v000002cde7d86fb0_143 .net v000002cde7d86fb0 143, 7 0, v000002cde7d2c900_0; 1 drivers
v000002cde7d86fb0_144 .net v000002cde7d86fb0 144, 7 0, v000002cde7d2e2a0_0; 1 drivers
v000002cde7d86fb0_145 .net v000002cde7d86fb0 145, 7 0, v000002cde7d2e020_0; 1 drivers
v000002cde7d86fb0_146 .net v000002cde7d86fb0 146, 7 0, v000002cde7d30140_0; 1 drivers
v000002cde7d86fb0_147 .net v000002cde7d86fb0 147, 7 0, v000002cde7d31220_0; 1 drivers
v000002cde7d86fb0_148 .net v000002cde7d86fb0 148, 7 0, v000002cde7d30820_0; 1 drivers
v000002cde7d86fb0_149 .net v000002cde7d86fb0 149, 7 0, v000002cde7d2f560_0; 1 drivers
v000002cde7d86fb0_150 .net v000002cde7d86fb0 150, 7 0, v000002cde7d31680_0; 1 drivers
v000002cde7d86fb0_151 .net v000002cde7d86fb0 151, 7 0, v000002cde7d34060_0; 1 drivers
v000002cde7d86fb0_152 .net v000002cde7d86fb0 152, 7 0, v000002cde7d33b60_0; 1 drivers
v000002cde7d86fb0_153 .net v000002cde7d86fb0 153, 7 0, v000002cde7d31f40_0; 1 drivers
v000002cde7d86fb0_154 .net v000002cde7d86fb0 154, 7 0, v000002cde7d33020_0; 1 drivers
v000002cde7d86fb0_155 .net v000002cde7d86fb0 155, 7 0, v000002cde7d34240_0; 1 drivers
v000002cde7d86fb0_156 .net v000002cde7d86fb0 156, 7 0, v000002cde7d35780_0; 1 drivers
v000002cde7d86fb0_157 .net v000002cde7d86fb0 157, 7 0, v000002cde7d34a60_0; 1 drivers
v000002cde7d86fb0_158 .net v000002cde7d86fb0 158, 7 0, v000002cde7d35dc0_0; 1 drivers
v000002cde7d86fb0_159 .net v000002cde7d86fb0 159, 7 0, v000002cde7d38160_0; 1 drivers
v000002cde7d86fb0_160 .net v000002cde7d86fb0 160, 7 0, v000002cde7d38200_0; 1 drivers
v000002cde7d86fb0_161 .net v000002cde7d86fb0 161, 7 0, v000002cde7d38980_0; 1 drivers
v000002cde7d86fb0_162 .net v000002cde7d86fb0 162, 7 0, v000002cde7d38a20_0; 1 drivers
v000002cde7d86fb0_163 .net v000002cde7d86fb0 163, 7 0, v000002cde7d378a0_0; 1 drivers
v000002cde7d86fb0_164 .net v000002cde7d86fb0 164, 7 0, v000002cde7d39a60_0; 1 drivers
v000002cde7d86fb0_165 .net v000002cde7d86fb0 165, 7 0, v000002cde7d397e0_0; 1 drivers
v000002cde7d86fb0_166 .net v000002cde7d86fb0 166, 7 0, v000002cde7d3a000_0; 1 drivers
v000002cde7d86fb0_167 .net v000002cde7d86fb0 167, 7 0, v000002cde7d3aaa0_0; 1 drivers
v000002cde7d86fb0_168 .net v000002cde7d86fb0 168, 7 0, v000002cde7d3d3e0_0; 1 drivers
v000002cde7d86fb0_169 .net v000002cde7d86fb0 169, 7 0, v000002cde7d3ce40_0; 1 drivers
v000002cde7d86fb0_170 .net v000002cde7d86fb0 170, 7 0, v000002cde7d3b900_0; 1 drivers
v000002cde7d86fb0_171 .net v000002cde7d86fb0 171, 7 0, v000002cde7d3c620_0; 1 drivers
v000002cde7d86fb0_172 .net v000002cde7d86fb0 172, 7 0, v000002cde7d3e4c0_0; 1 drivers
v000002cde7d86fb0_173 .net v000002cde7d86fb0 173, 7 0, v000002cde7d405e0_0; 1 drivers
v000002cde7d86fb0_174 .net v000002cde7d86fb0 174, 7 0, v000002cde7d40400_0; 1 drivers
v000002cde7d86fb0_175 .net v000002cde7d86fb0 175, 7 0, v000002cde7d3e880_0; 1 drivers
v000002cde7d86fb0_176 .net v000002cde7d86fb0 176, 7 0, v000002cde7d41760_0; 1 drivers
v000002cde7d86fb0_177 .net v000002cde7d86fb0 177, 7 0, v000002cde7d43060_0; 1 drivers
v000002cde7d86fb0_178 .net v000002cde7d86fb0 178, 7 0, v000002cde7d425c0_0; 1 drivers
v000002cde7d86fb0_179 .net v000002cde7d86fb0 179, 7 0, v000002cde7d42c00_0; 1 drivers
v000002cde7d86fb0_180 .net v000002cde7d86fb0 180, 7 0, v000002cde7d43a60_0; 1 drivers
v000002cde7d86fb0_181 .net v000002cde7d86fb0 181, 7 0, v000002cde7d440a0_0; 1 drivers
v000002cde7d86fb0_182 .net v000002cde7d86fb0 182, 7 0, v000002cde7d443c0_0; 1 drivers
v000002cde7d86fb0_183 .net v000002cde7d86fb0 183, 7 0, v000002cde7d83270_0; 1 drivers
v000002cde7d86fb0_184 .net v000002cde7d86fb0 184, 7 0, v000002cde7d82730_0; 1 drivers
v000002cde7d86fb0_185 .net v000002cde7d86fb0 185, 7 0, v000002cde7d82b90_0; 1 drivers
v000002cde7d86fb0_186 .net v000002cde7d86fb0 186, 7 0, v000002cde7d83d10_0; 1 drivers
v000002cde7d86fb0_187 .net v000002cde7d86fb0 187, 7 0, v000002cde7d866f0_0; 1 drivers
v000002cde7d86fb0_188 .net v000002cde7d86fb0 188, 7 0, v000002cde7d84c10_0; 1 drivers
v000002cde7d86fb0_189 .net v000002cde7d86fb0 189, 7 0, v000002cde7d847b0_0; 1 drivers
v000002cde7d86fb0_190 .net v000002cde7d86fb0 190, 7 0, v000002cde7d86510_0; 1 drivers
v000002cde7d86fb0_191 .net v000002cde7d86fb0 191, 7 0, v000002cde7d87c30_0; 1 drivers
v000002cde7d86a10_0 .net "clk", 0 0, v000002cde7d9c770_0;  alias, 1 drivers
v000002cde7d86ab0_0 .net "en_compute", 0 0, L_000002cde7db18a8;  alias, 1 drivers
v000002cde7d888b0_0 .net "in_act_vec", 95 0, L_000002cde7d7f490;  alias, 1 drivers
v000002cde7d87730_0 .net "in_weight_vec", 127 0, v000002cde7d890d0_0;  1 drivers
v000002cde7d87370_0 .net "out_psum_vec", 511 0, L_000002cde7e17470;  alias, 1 drivers
v000002cde7d875f0 .array "psum_wires", 191 0;
v000002cde7d875f0_0 .net v000002cde7d875f0 0, 31 0, v000002cde7a3e890_0; 1 drivers
v000002cde7d875f0_1 .net v000002cde7d875f0 1, 31 0, v000002cde7a3f970_0; 1 drivers
v000002cde7d875f0_2 .net v000002cde7d875f0 2, 31 0, v000002cde7a41950_0; 1 drivers
v000002cde7d875f0_3 .net v000002cde7d875f0 3, 31 0, v000002cde7a6f950_0; 1 drivers
v000002cde7d875f0_4 .net v000002cde7d875f0 4, 31 0, v000002cde7a6dc90_0; 1 drivers
v000002cde7d875f0_5 .net v000002cde7d875f0 5, 31 0, v000002cde7a6c070_0; 1 drivers
v000002cde7d875f0_6 .net v000002cde7d875f0 6, 31 0, v000002cde7a9b490_0; 1 drivers
v000002cde7d875f0_7 .net v000002cde7d875f0 7, 31 0, v000002cde7a98f10_0; 1 drivers
v000002cde7d875f0_8 .net v000002cde7d875f0 8, 31 0, v000002cde7904600_0; 1 drivers
v000002cde7d875f0_9 .net v000002cde7d875f0 9, 31 0, v000002cde7904ce0_0; 1 drivers
v000002cde7d875f0_10 .net v000002cde7d875f0 10, 31 0, v000002cde78f0270_0; 1 drivers
v000002cde7d875f0_11 .net v000002cde7d875f0 11, 31 0, v000002cde78f08b0_0; 1 drivers
v000002cde7d875f0_12 .net v000002cde7d875f0 12, 31 0, v000002cde791ae30_0; 1 drivers
v000002cde7d875f0_13 .net v000002cde7d875f0 13, 31 0, v000002cde7919fd0_0; 1 drivers
v000002cde7d875f0_14 .net v000002cde7d875f0 14, 31 0, v000002cde7965030_0; 1 drivers
v000002cde7d875f0_15 .net v000002cde7d875f0 15, 31 0, v000002cde7998820_0; 1 drivers
v000002cde7d875f0_16 .net v000002cde7d875f0 16, 31 0, v000002cde7998c80_0; 1 drivers
v000002cde7d875f0_17 .net v000002cde7d875f0 17, 31 0, v000002cde7967220_0; 1 drivers
v000002cde7d875f0_18 .net v000002cde7d875f0 18, 31 0, v000002cde79bc6a0_0; 1 drivers
v000002cde7d875f0_19 .net v000002cde7d875f0 19, 31 0, v000002cde7953830_0; 1 drivers
v000002cde7d875f0_20 .net v000002cde7d875f0 20, 31 0, v000002cde78e68f0_0; 1 drivers
v000002cde7d875f0_21 .net v000002cde7d875f0 21, 31 0, v000002cde7c9d240_0; 1 drivers
v000002cde7d875f0_22 .net v000002cde7d875f0 22, 31 0, v000002cde7c9c8e0_0; 1 drivers
v000002cde7d875f0_23 .net v000002cde7d875f0 23, 31 0, v000002cde7c9bc60_0; 1 drivers
v000002cde7d875f0_24 .net v000002cde7d875f0 24, 31 0, v000002cde7c9c2a0_0; 1 drivers
v000002cde7d875f0_25 .net v000002cde7d875f0 25, 31 0, v000002cde7c9e320_0; 1 drivers
v000002cde7d875f0_26 .net v000002cde7d875f0 26, 31 0, v000002cde7c9e3c0_0; 1 drivers
v000002cde7d875f0_27 .net v000002cde7d875f0 27, 31 0, v000002cde7c9ea00_0; 1 drivers
v000002cde7d875f0_28 .net v000002cde7d875f0 28, 31 0, v000002cde7c9eb40_0; 1 drivers
v000002cde7d875f0_29 .net v000002cde7d875f0 29, 31 0, v000002cde7ca09e0_0; 1 drivers
v000002cde7d875f0_30 .net v000002cde7d875f0 30, 31 0, v000002cde7ca30a0_0; 1 drivers
v000002cde7d875f0_31 .net v000002cde7d875f0 31, 31 0, v000002cde7ca1200_0; 1 drivers
v000002cde7d875f0_32 .net v000002cde7d875f0 32, 31 0, v000002cde7ca1fc0_0; 1 drivers
v000002cde7d875f0_33 .net v000002cde7d875f0 33, 31 0, v000002cde7ca3500_0; 1 drivers
v000002cde7d875f0_34 .net v000002cde7d875f0 34, 31 0, v000002cde7ca3c80_0; 1 drivers
v000002cde7d875f0_35 .net v000002cde7d875f0 35, 31 0, v000002cde7c94640_0; 1 drivers
v000002cde7d875f0_36 .net v000002cde7d875f0 36, 31 0, v000002cde7c964e0_0; 1 drivers
v000002cde7d875f0_37 .net v000002cde7d875f0 37, 31 0, v000002cde7c96760_0; 1 drivers
v000002cde7d875f0_38 .net v000002cde7d875f0 38, 31 0, v000002cde7c95ea0_0; 1 drivers
v000002cde7d875f0_39 .net v000002cde7d875f0 39, 31 0, v000002cde7c98060_0; 1 drivers
v000002cde7d875f0_40 .net v000002cde7d875f0 40, 31 0, v000002cde7c978e0_0; 1 drivers
v000002cde7d875f0_41 .net v000002cde7d875f0 41, 31 0, v000002cde7c98600_0; 1 drivers
v000002cde7d875f0_42 .net v000002cde7d875f0 42, 31 0, v000002cde7c97a20_0; 1 drivers
v000002cde7d875f0_43 .net v000002cde7d875f0 43, 31 0, v000002cde7c9a040_0; 1 drivers
v000002cde7d875f0_44 .net v000002cde7d875f0 44, 31 0, v000002cde7c9ad60_0; 1 drivers
v000002cde7d875f0_45 .net v000002cde7d875f0 45, 31 0, v000002cde7c9a720_0; 1 drivers
v000002cde7d875f0_46 .net v000002cde7d875f0 46, 31 0, v000002cde7c99960_0; 1 drivers
v000002cde7d875f0_47 .net v000002cde7d875f0 47, 31 0, v000002cde7c9b260_0; 1 drivers
v000002cde7d875f0_48 .net v000002cde7d875f0 48, 31 0, v000002cde7cadcd0_0; 1 drivers
v000002cde7d875f0_49 .net v000002cde7d875f0 49, 31 0, v000002cde7cae4f0_0; 1 drivers
v000002cde7d875f0_50 .net v000002cde7d875f0 50, 31 0, v000002cde7cad370_0; 1 drivers
v000002cde7d875f0_51 .net v000002cde7d875f0 51, 31 0, v000002cde7cad9b0_0; 1 drivers
v000002cde7d875f0_52 .net v000002cde7d875f0 52, 31 0, v000002cde7cb0930_0; 1 drivers
v000002cde7d875f0_53 .net v000002cde7d875f0 53, 31 0, v000002cde7cb0ed0_0; 1 drivers
v000002cde7d875f0_54 .net v000002cde7d875f0 54, 31 0, v000002cde7cb10b0_0; 1 drivers
v000002cde7d875f0_55 .net v000002cde7d875f0 55, 31 0, v000002cde7cb13d0_0; 1 drivers
v000002cde7d875f0_56 .net v000002cde7d875f0 56, 31 0, v000002cde7cb4030_0; 1 drivers
v000002cde7d875f0_57 .net v000002cde7d875f0 57, 31 0, v000002cde7cb2d70_0; 1 drivers
v000002cde7d875f0_58 .net v000002cde7d875f0 58, 31 0, v000002cde7cb2550_0; 1 drivers
v000002cde7d875f0_59 .net v000002cde7d875f0 59, 31 0, v000002cde7cb3db0_0; 1 drivers
v000002cde7d875f0_60 .net v000002cde7d875f0 60, 31 0, v000002cde7cb4850_0; 1 drivers
v000002cde7d875f0_61 .net v000002cde7d875f0 61, 31 0, v000002cde7cb7050_0; 1 drivers
v000002cde7d875f0_62 .net v000002cde7d875f0 62, 31 0, v000002cde7cb6c90_0; 1 drivers
v000002cde7d875f0_63 .net v000002cde7d875f0 63, 31 0, v000002cde7cb6830_0; 1 drivers
v000002cde7d875f0_64 .net v000002cde7d875f0 64, 31 0, v000002cde7cb5e30_0; 1 drivers
v000002cde7d875f0_65 .net v000002cde7d875f0 65, 31 0, v000002cde7cb9030_0; 1 drivers
v000002cde7d875f0_66 .net v000002cde7d875f0 66, 31 0, v000002cde7cb8590_0; 1 drivers
v000002cde7d875f0_67 .net v000002cde7d875f0 67, 31 0, v000002cde7cb8130_0; 1 drivers
v000002cde7d875f0_68 .net v000002cde7d875f0 68, 31 0, v000002cde7cb7550_0; 1 drivers
v000002cde7d875f0_69 .net v000002cde7d875f0 69, 31 0, v000002cde7cba610_0; 1 drivers
v000002cde7d875f0_70 .net v000002cde7d875f0 70, 31 0, v000002cde7cbacf0_0; 1 drivers
v000002cde7d875f0_71 .net v000002cde7d875f0 71, 31 0, v000002cde7cbaa70_0; 1 drivers
v000002cde7d875f0_72 .net v000002cde7d875f0 72, 31 0, v000002cde7cba570_0; 1 drivers
v000002cde7d875f0_73 .net v000002cde7d875f0 73, 31 0, v000002cde7cbc7d0_0; 1 drivers
v000002cde7d875f0_74 .net v000002cde7d875f0 74, 31 0, v000002cde7cbceb0_0; 1 drivers
v000002cde7d875f0_75 .net v000002cde7d875f0 75, 31 0, v000002cde7ce1780_0; 1 drivers
v000002cde7d875f0_76 .net v000002cde7d875f0 76, 31 0, v000002cde7ce2720_0; 1 drivers
v000002cde7d875f0_77 .net v000002cde7d875f0 77, 31 0, v000002cde7ce13c0_0; 1 drivers
v000002cde7d875f0_78 .net v000002cde7d875f0 78, 31 0, v000002cde7ce1fa0_0; 1 drivers
v000002cde7d875f0_79 .net v000002cde7d875f0 79, 31 0, v000002cde7ce60a0_0; 1 drivers
v000002cde7d875f0_80 .net v000002cde7d875f0 80, 31 0, v000002cde7ce4660_0; 1 drivers
v000002cde7d875f0_81 .net v000002cde7d875f0 81, 31 0, v000002cde7ce4f20_0; 1 drivers
v000002cde7d875f0_82 .net v000002cde7d875f0 82, 31 0, v000002cde7ce48e0_0; 1 drivers
v000002cde7d875f0_83 .net v000002cde7d875f0 83, 31 0, v000002cde7ce65a0_0; 1 drivers
v000002cde7d875f0_84 .net v000002cde7d875f0 84, 31 0, v000002cde7ce6640_0; 1 drivers
v000002cde7d875f0_85 .net v000002cde7d875f0 85, 31 0, v000002cde7ce7d60_0; 1 drivers
v000002cde7d875f0_86 .net v000002cde7d875f0 86, 31 0, v000002cde7ce70e0_0; 1 drivers
v000002cde7d875f0_87 .net v000002cde7d875f0 87, 31 0, v000002cde7ce7860_0; 1 drivers
v000002cde7d875f0_88 .net v000002cde7d875f0 88, 31 0, v000002cde7ce9160_0; 1 drivers
v000002cde7d875f0_89 .net v000002cde7d875f0 89, 31 0, v000002cde7cd99e0_0; 1 drivers
v000002cde7d875f0_90 .net v000002cde7d875f0 90, 31 0, v000002cde7cda840_0; 1 drivers
v000002cde7d875f0_91 .net v000002cde7d875f0 91, 31 0, v000002cde7cdc0a0_0; 1 drivers
v000002cde7d875f0_92 .net v000002cde7d875f0 92, 31 0, v000002cde7cda8e0_0; 1 drivers
v000002cde7d875f0_93 .net v000002cde7d875f0 93, 31 0, v000002cde7cd9da0_0; 1 drivers
v000002cde7d875f0_94 .net v000002cde7d875f0 94, 31 0, v000002cde7cdc5a0_0; 1 drivers
v000002cde7d875f0_95 .net v000002cde7d875f0 95, 31 0, v000002cde7cdc960_0; 1 drivers
v000002cde7d875f0_96 .net v000002cde7d875f0 96, 31 0, v000002cde7cdcfa0_0; 1 drivers
v000002cde7d875f0_97 .net v000002cde7d875f0 97, 31 0, v000002cde7cdd220_0; 1 drivers
v000002cde7d875f0_98 .net v000002cde7d875f0 98, 31 0, v000002cde7cdfd40_0; 1 drivers
v000002cde7d875f0_99 .net v000002cde7d875f0 99, 31 0, v000002cde7ce0ec0_0; 1 drivers
v000002cde7d875f0_100 .net v000002cde7d875f0 100, 31 0, v000002cde7cdf5c0_0; 1 drivers
v000002cde7d875f0_101 .net v000002cde7d875f0 101, 31 0, v000002cde7cdf520_0; 1 drivers
v000002cde7d875f0_102 .net v000002cde7d875f0 102, 31 0, v000002cde7d0b310_0; 1 drivers
v000002cde7d875f0_103 .net v000002cde7d875f0 103, 31 0, v000002cde7d0b3b0_0; 1 drivers
v000002cde7d875f0_104 .net v000002cde7d875f0 104, 31 0, v000002cde7d0d390_0; 1 drivers
v000002cde7d875f0_105 .net v000002cde7d875f0 105, 31 0, v000002cde7d0c670_0; 1 drivers
v000002cde7d875f0_106 .net v000002cde7d875f0 106, 31 0, v000002cde7d0e3d0_0; 1 drivers
v000002cde7d875f0_107 .net v000002cde7d875f0 107, 31 0, v000002cde7d0e970_0; 1 drivers
v000002cde7d875f0_108 .net v000002cde7d875f0 108, 31 0, v000002cde7d0ec90_0; 1 drivers
v000002cde7d875f0_109 .net v000002cde7d875f0 109, 31 0, v000002cde7d0fa50_0; 1 drivers
v000002cde7d875f0_110 .net v000002cde7d875f0 110, 31 0, v000002cde7d0dbb0_0; 1 drivers
v000002cde7d875f0_111 .net v000002cde7d875f0 111, 31 0, v000002cde7d11d50_0; 1 drivers
v000002cde7d875f0_112 .net v000002cde7d875f0 112, 31 0, v000002cde7d10bd0_0; 1 drivers
v000002cde7d875f0_113 .net v000002cde7d875f0 113, 31 0, v000002cde7d108b0_0; 1 drivers
v000002cde7d875f0_114 .net v000002cde7d875f0 114, 31 0, v000002cde7d10130_0; 1 drivers
v000002cde7d875f0_115 .net v000002cde7d875f0 115, 31 0, v000002cde7d12e30_0; 1 drivers
v000002cde7d875f0_116 .net v000002cde7d875f0 116, 31 0, v000002cde7d14910_0; 1 drivers
v000002cde7d875f0_117 .net v000002cde7d875f0 117, 31 0, v000002cde7d14af0_0; 1 drivers
v000002cde7d875f0_118 .net v000002cde7d875f0 118, 31 0, v000002cde7d13bf0_0; 1 drivers
v000002cde7d875f0_119 .net v000002cde7d875f0 119, 31 0, v000002cde7d16d50_0; 1 drivers
v000002cde7d875f0_120 .net v000002cde7d875f0 120, 31 0, v000002cde7d16710_0; 1 drivers
v000002cde7d875f0_121 .net v000002cde7d875f0 121, 31 0, v000002cde7d16850_0; 1 drivers
v000002cde7d875f0_122 .net v000002cde7d875f0 122, 31 0, v000002cde7d151d0_0; 1 drivers
v000002cde7d875f0_123 .net v000002cde7d875f0 123, 31 0, v000002cde7d179d0_0; 1 drivers
v000002cde7d875f0_124 .net v000002cde7d875f0 124, 31 0, v000002cde7d19cd0_0; 1 drivers
v000002cde7d875f0_125 .net v000002cde7d875f0 125, 31 0, v000002cde7d17cf0_0; 1 drivers
v000002cde7d875f0_126 .net v000002cde7d875f0 126, 31 0, v000002cde7d183d0_0; 1 drivers
v000002cde7d875f0_127 .net v000002cde7d875f0 127, 31 0, v000002cde7d18f10_0; 1 drivers
v000002cde7d875f0_128 .net v000002cde7d875f0 128, 31 0, v000002cde7d1a270_0; 1 drivers
v000002cde7d875f0_129 .net v000002cde7d875f0 129, 31 0, v000002cde7d252e0_0; 1 drivers
v000002cde7d875f0_130 .net v000002cde7d875f0 130, 31 0, v000002cde7d257e0_0; 1 drivers
v000002cde7d875f0_131 .net v000002cde7d875f0 131, 31 0, v000002cde7d259c0_0; 1 drivers
v000002cde7d875f0_132 .net v000002cde7d875f0 132, 31 0, v000002cde7d254c0_0; 1 drivers
v000002cde7d875f0_133 .net v000002cde7d875f0 133, 31 0, v000002cde7d25380_0; 1 drivers
v000002cde7d875f0_134 .net v000002cde7d875f0 134, 31 0, v000002cde7d28620_0; 1 drivers
v000002cde7d875f0_135 .net v000002cde7d875f0 135, 31 0, v000002cde7d27900_0; 1 drivers
v000002cde7d875f0_136 .net v000002cde7d875f0 136, 31 0, v000002cde7d289e0_0; 1 drivers
v000002cde7d875f0_137 .net v000002cde7d875f0 137, 31 0, v000002cde7d29840_0; 1 drivers
v000002cde7d875f0_138 .net v000002cde7d875f0 138, 31 0, v000002cde7d2b820_0; 1 drivers
v000002cde7d875f0_139 .net v000002cde7d875f0 139, 31 0, v000002cde7d2bb40_0; 1 drivers
v000002cde7d875f0_140 .net v000002cde7d875f0 140, 31 0, v000002cde7d2c2c0_0; 1 drivers
v000002cde7d875f0_141 .net v000002cde7d875f0 141, 31 0, v000002cde7d2b140_0; 1 drivers
v000002cde7d875f0_142 .net v000002cde7d875f0 142, 31 0, v000002cde7d2cea0_0; 1 drivers
v000002cde7d875f0_143 .net v000002cde7d875f0 143, 31 0, v000002cde7d2e200_0; 1 drivers
v000002cde7d875f0_144 .net v000002cde7d875f0 144, 31 0, v000002cde7d2cfe0_0; 1 drivers
v000002cde7d875f0_145 .net v000002cde7d875f0 145, 31 0, v000002cde7d2db20_0; 1 drivers
v000002cde7d875f0_146 .net v000002cde7d875f0 146, 31 0, v000002cde7d31360_0; 1 drivers
v000002cde7d875f0_147 .net v000002cde7d875f0 147, 31 0, v000002cde7d2f880_0; 1 drivers
v000002cde7d875f0_148 .net v000002cde7d875f0 148, 31 0, v000002cde7d2f2e0_0; 1 drivers
v000002cde7d875f0_149 .net v000002cde7d875f0 149, 31 0, v000002cde7d30500_0; 1 drivers
v000002cde7d875f0_150 .net v000002cde7d875f0 150, 31 0, v000002cde7d31860_0; 1 drivers
v000002cde7d875f0_151 .net v000002cde7d875f0 151, 31 0, v000002cde7d31900_0; 1 drivers
v000002cde7d875f0_152 .net v000002cde7d875f0 152, 31 0, v000002cde7d332a0_0; 1 drivers
v000002cde7d875f0_153 .net v000002cde7d875f0 153, 31 0, v000002cde7d31d60_0; 1 drivers
v000002cde7d875f0_154 .net v000002cde7d875f0 154, 31 0, v000002cde7d33f20_0; 1 drivers
v000002cde7d875f0_155 .net v000002cde7d875f0 155, 31 0, v000002cde7d34d80_0; 1 drivers
v000002cde7d875f0_156 .net v000002cde7d875f0 156, 31 0, v000002cde7d35b40_0; 1 drivers
v000002cde7d875f0_157 .net v000002cde7d875f0 157, 31 0, v000002cde7d35e60_0; 1 drivers
v000002cde7d875f0_158 .net v000002cde7d875f0 158, 31 0, v000002cde7d341a0_0; 1 drivers
v000002cde7d875f0_159 .net v000002cde7d875f0 159, 31 0, v000002cde7d38ca0_0; 1 drivers
v000002cde7d875f0_160 .net v000002cde7d875f0 160, 31 0, v000002cde7d38e80_0; 1 drivers
v000002cde7d875f0_161 .net v000002cde7d875f0 161, 31 0, v000002cde7d37f80_0; 1 drivers
v000002cde7d875f0_162 .net v000002cde7d875f0 162, 31 0, v000002cde7d379e0_0; 1 drivers
v000002cde7d875f0_163 .net v000002cde7d875f0 163, 31 0, v000002cde7d3ad20_0; 1 drivers
v000002cde7d875f0_164 .net v000002cde7d875f0 164, 31 0, v000002cde7d3a140_0; 1 drivers
v000002cde7d875f0_165 .net v000002cde7d875f0 165, 31 0, v000002cde7d3b040_0; 1 drivers
v000002cde7d875f0_166 .net v000002cde7d875f0 166, 31 0, v000002cde7d3a6e0_0; 1 drivers
v000002cde7d875f0_167 .net v000002cde7d875f0 167, 31 0, v000002cde7d3ab40_0; 1 drivers
v000002cde7d875f0_168 .net v000002cde7d875f0 168, 31 0, v000002cde7d3d8e0_0; 1 drivers
v000002cde7d875f0_169 .net v000002cde7d875f0 169, 31 0, v000002cde7d3c1c0_0; 1 drivers
v000002cde7d875f0_170 .net v000002cde7d875f0 170, 31 0, v000002cde7d3c3a0_0; 1 drivers
v000002cde7d875f0_171 .net v000002cde7d875f0 171, 31 0, v000002cde7d3c6c0_0; 1 drivers
v000002cde7d875f0_172 .net v000002cde7d875f0 172, 31 0, v000002cde7d3ece0_0; 1 drivers
v000002cde7d875f0_173 .net v000002cde7d875f0 173, 31 0, v000002cde7d40680_0; 1 drivers
v000002cde7d875f0_174 .net v000002cde7d875f0 174, 31 0, v000002cde7d3fa00_0; 1 drivers
v000002cde7d875f0_175 .net v000002cde7d875f0 175, 31 0, v000002cde7d3f780_0; 1 drivers
v000002cde7d875f0_176 .net v000002cde7d875f0 176, 31 0, v000002cde7d42160_0; 1 drivers
v000002cde7d875f0_177 .net v000002cde7d875f0 177, 31 0, v000002cde7d42340_0; 1 drivers
v000002cde7d875f0_178 .net v000002cde7d875f0 178, 31 0, v000002cde7d427a0_0; 1 drivers
v000002cde7d875f0_179 .net v000002cde7d875f0 179, 31 0, v000002cde7d42ca0_0; 1 drivers
v000002cde7d875f0_180 .net v000002cde7d875f0 180, 31 0, v000002cde7d43ce0_0; 1 drivers
v000002cde7d875f0_181 .net v000002cde7d875f0 181, 31 0, v000002cde7d43d80_0; 1 drivers
v000002cde7d875f0_182 .net v000002cde7d875f0 182, 31 0, v000002cde7d441e0_0; 1 drivers
v000002cde7d875f0_183 .net v000002cde7d875f0 183, 31 0, v000002cde7d81b50_0; 1 drivers
v000002cde7d875f0_184 .net v000002cde7d875f0 184, 31 0, v000002cde7d831d0_0; 1 drivers
v000002cde7d875f0_185 .net v000002cde7d875f0 185, 31 0, v000002cde7d84030_0; 1 drivers
v000002cde7d875f0_186 .net v000002cde7d875f0 186, 31 0, v000002cde7d83db0_0; 1 drivers
v000002cde7d875f0_187 .net v000002cde7d875f0 187, 31 0, v000002cde7d85250_0; 1 drivers
v000002cde7d875f0_188 .net v000002cde7d875f0 188, 31 0, v000002cde7d84a30_0; 1 drivers
v000002cde7d875f0_189 .net v000002cde7d875f0 189, 31 0, v000002cde7d863d0_0; 1 drivers
v000002cde7d875f0_190 .net v000002cde7d875f0 190, 31 0, v000002cde7d851b0_0; 1 drivers
v000002cde7d875f0_191 .net v000002cde7d875f0 191, 31 0, v000002cde7d889f0_0; 1 drivers
v000002cde7d88310_0 .net "row_load_en", 11 0, v000002cde7d898f0_0;  1 drivers
v000002cde7d87b90_0 .net "rst_n", 0 0, L_000002cde7a71f90;  alias, 1 drivers
L_000002cde7d7f530 .part v000002cde7d890d0_0, 0, 8;
L_000002cde7d80bb0 .part v000002cde7d898f0_0, 0, 1;
L_000002cde7d7ff30 .part L_000002cde7d7f490, 0, 8;
L_000002cde7d809d0 .part v000002cde7d890d0_0, 8, 8;
L_000002cde7d80b10 .part v000002cde7d898f0_0, 0, 1;
L_000002cde7d80250 .part v000002cde7d890d0_0, 16, 8;
L_000002cde7d7fa30 .part v000002cde7d898f0_0, 0, 1;
L_000002cde7d7f670 .part v000002cde7d890d0_0, 24, 8;
L_000002cde7d810b0 .part v000002cde7d898f0_0, 0, 1;
L_000002cde7d7f210 .part v000002cde7d890d0_0, 32, 8;
L_000002cde7d80a70 .part v000002cde7d898f0_0, 0, 1;
L_000002cde7d80750 .part v000002cde7d890d0_0, 40, 8;
L_000002cde7d7f8f0 .part v000002cde7d898f0_0, 0, 1;
L_000002cde7d80d90 .part v000002cde7d890d0_0, 48, 8;
L_000002cde7d80ed0 .part v000002cde7d898f0_0, 0, 1;
L_000002cde7d7fdf0 .part v000002cde7d890d0_0, 56, 8;
L_000002cde7d815b0 .part v000002cde7d898f0_0, 0, 1;
L_000002cde7d7f2b0 .part v000002cde7d890d0_0, 64, 8;
L_000002cde7d7fad0 .part v000002cde7d898f0_0, 0, 1;
L_000002cde7d80430 .part v000002cde7d890d0_0, 72, 8;
L_000002cde7d7fc10 .part v000002cde7d898f0_0, 0, 1;
L_000002cde7d7fd50 .part v000002cde7d890d0_0, 80, 8;
L_000002cde7d813d0 .part v000002cde7d898f0_0, 0, 1;
L_000002cde7d80890 .part v000002cde7d890d0_0, 88, 8;
L_000002cde7d801b0 .part v000002cde7d898f0_0, 0, 1;
L_000002cde7d80c50 .part v000002cde7d890d0_0, 96, 8;
L_000002cde7d802f0 .part v000002cde7d898f0_0, 0, 1;
L_000002cde7d81790 .part v000002cde7d890d0_0, 104, 8;
L_000002cde7d80610 .part v000002cde7d898f0_0, 0, 1;
L_000002cde7d7fe90 .part v000002cde7d890d0_0, 112, 8;
L_000002cde7d80cf0 .part v000002cde7d898f0_0, 0, 1;
L_000002cde7d80e30 .part v000002cde7d890d0_0, 120, 8;
L_000002cde7d80930 .part v000002cde7d898f0_0, 0, 1;
L_000002cde7d804d0 .part v000002cde7d890d0_0, 0, 8;
L_000002cde7d80f70 .part v000002cde7d898f0_0, 1, 1;
L_000002cde7d80570 .part L_000002cde7d7f490, 8, 8;
L_000002cde7d811f0 .part v000002cde7d890d0_0, 8, 8;
L_000002cde7d7f350 .part v000002cde7d898f0_0, 1, 1;
L_000002cde7d81290 .part v000002cde7d890d0_0, 16, 8;
L_000002cde7d81830 .part v000002cde7d898f0_0, 1, 1;
L_000002cde7d81470 .part v000002cde7d890d0_0, 24, 8;
L_000002cde7d7f0d0 .part v000002cde7d898f0_0, 1, 1;
L_000002cde7d7f3f0 .part v000002cde7d890d0_0, 32, 8;
L_000002cde7e0a8b0 .part v000002cde7d898f0_0, 1, 1;
L_000002cde7e09ff0 .part v000002cde7d890d0_0, 40, 8;
L_000002cde7e0a450 .part v000002cde7d898f0_0, 1, 1;
L_000002cde7e0ac70 .part v000002cde7d890d0_0, 48, 8;
L_000002cde7e09eb0 .part v000002cde7d898f0_0, 1, 1;
L_000002cde7e0b350 .part v000002cde7d890d0_0, 56, 8;
L_000002cde7e0ad10 .part v000002cde7d898f0_0, 1, 1;
L_000002cde7e0a090 .part v000002cde7d890d0_0, 64, 8;
L_000002cde7e0a590 .part v000002cde7d898f0_0, 1, 1;
L_000002cde7e09870 .part v000002cde7d890d0_0, 72, 8;
L_000002cde7e097d0 .part v000002cde7d898f0_0, 1, 1;
L_000002cde7e0a9f0 .part v000002cde7d890d0_0, 80, 8;
L_000002cde7e0b210 .part v000002cde7d898f0_0, 1, 1;
L_000002cde7e0ae50 .part v000002cde7d890d0_0, 88, 8;
L_000002cde7e09910 .part v000002cde7d898f0_0, 1, 1;
L_000002cde7e0be90 .part v000002cde7d890d0_0, 96, 8;
L_000002cde7e0bdf0 .part v000002cde7d898f0_0, 1, 1;
L_000002cde7e0a950 .part v000002cde7d890d0_0, 104, 8;
L_000002cde7e0b3f0 .part v000002cde7d898f0_0, 1, 1;
L_000002cde7e0b8f0 .part v000002cde7d890d0_0, 112, 8;
L_000002cde7e0adb0 .part v000002cde7d898f0_0, 1, 1;
L_000002cde7e09730 .part v000002cde7d890d0_0, 120, 8;
L_000002cde7e0b990 .part v000002cde7d898f0_0, 1, 1;
L_000002cde7e0b170 .part v000002cde7d890d0_0, 0, 8;
L_000002cde7e0a130 .part v000002cde7d898f0_0, 2, 1;
L_000002cde7e0a6d0 .part L_000002cde7d7f490, 16, 8;
L_000002cde7e0af90 .part v000002cde7d890d0_0, 8, 8;
L_000002cde7e0b710 .part v000002cde7d898f0_0, 2, 1;
L_000002cde7e0b030 .part v000002cde7d890d0_0, 16, 8;
L_000002cde7e0b490 .part v000002cde7d898f0_0, 2, 1;
L_000002cde7e0a270 .part v000002cde7d890d0_0, 24, 8;
L_000002cde7e0a4f0 .part v000002cde7d898f0_0, 2, 1;
L_000002cde7e0bad0 .part v000002cde7d890d0_0, 32, 8;
L_000002cde7e09af0 .part v000002cde7d898f0_0, 2, 1;
L_000002cde7e09b90 .part v000002cde7d890d0_0, 40, 8;
L_000002cde7e0a1d0 .part v000002cde7d898f0_0, 2, 1;
L_000002cde7e0b530 .part v000002cde7d890d0_0, 48, 8;
L_000002cde7e0b0d0 .part v000002cde7d898f0_0, 2, 1;
L_000002cde7e0aef0 .part v000002cde7d890d0_0, 56, 8;
L_000002cde7e0a630 .part v000002cde7d898f0_0, 2, 1;
L_000002cde7e0a770 .part v000002cde7d890d0_0, 64, 8;
L_000002cde7e0b2b0 .part v000002cde7d898f0_0, 2, 1;
L_000002cde7e0b5d0 .part v000002cde7d890d0_0, 72, 8;
L_000002cde7e0a810 .part v000002cde7d898f0_0, 2, 1;
L_000002cde7e0a310 .part v000002cde7d890d0_0, 80, 8;
L_000002cde7e09e10 .part v000002cde7d898f0_0, 2, 1;
L_000002cde7e0a3b0 .part v000002cde7d890d0_0, 88, 8;
L_000002cde7e09f50 .part v000002cde7d898f0_0, 2, 1;
L_000002cde7e0b670 .part v000002cde7d890d0_0, 96, 8;
L_000002cde7e0b7b0 .part v000002cde7d898f0_0, 2, 1;
L_000002cde7e0aa90 .part v000002cde7d890d0_0, 104, 8;
L_000002cde7e0ab30 .part v000002cde7d898f0_0, 2, 1;
L_000002cde7e099b0 .part v000002cde7d890d0_0, 112, 8;
L_000002cde7e09a50 .part v000002cde7d898f0_0, 2, 1;
L_000002cde7e0abd0 .part v000002cde7d890d0_0, 120, 8;
L_000002cde7e0b850 .part v000002cde7d898f0_0, 2, 1;
L_000002cde7e0ba30 .part v000002cde7d890d0_0, 0, 8;
L_000002cde7e09c30 .part v000002cde7d898f0_0, 3, 1;
L_000002cde7e0bb70 .part L_000002cde7d7f490, 24, 8;
L_000002cde7e0bc10 .part v000002cde7d890d0_0, 8, 8;
L_000002cde7e09cd0 .part v000002cde7d898f0_0, 3, 1;
L_000002cde7e0bcb0 .part v000002cde7d890d0_0, 16, 8;
L_000002cde7e0bd50 .part v000002cde7d898f0_0, 3, 1;
L_000002cde7e09d70 .part v000002cde7d890d0_0, 24, 8;
L_000002cde7e0df10 .part v000002cde7d898f0_0, 3, 1;
L_000002cde7e0e4b0 .part v000002cde7d890d0_0, 32, 8;
L_000002cde7e0d830 .part v000002cde7d898f0_0, 3, 1;
L_000002cde7e0e690 .part v000002cde7d890d0_0, 40, 8;
L_000002cde7e0bf30 .part v000002cde7d898f0_0, 3, 1;
L_000002cde7e0d790 .part v000002cde7d890d0_0, 48, 8;
L_000002cde7e0dfb0 .part v000002cde7d898f0_0, 3, 1;
L_000002cde7e0d8d0 .part v000002cde7d890d0_0, 56, 8;
L_000002cde7e0dbf0 .part v000002cde7d898f0_0, 3, 1;
L_000002cde7e0ca70 .part v000002cde7d890d0_0, 64, 8;
L_000002cde7e0cc50 .part v000002cde7d898f0_0, 3, 1;
L_000002cde7e0e2d0 .part v000002cde7d890d0_0, 72, 8;
L_000002cde7e0c2f0 .part v000002cde7d898f0_0, 3, 1;
L_000002cde7e0c390 .part v000002cde7d890d0_0, 80, 8;
L_000002cde7e0c7f0 .part v000002cde7d898f0_0, 3, 1;
L_000002cde7e0dc90 .part v000002cde7d890d0_0, 88, 8;
L_000002cde7e0bfd0 .part v000002cde7d898f0_0, 3, 1;
L_000002cde7e0c070 .part v000002cde7d890d0_0, 96, 8;
L_000002cde7e0d970 .part v000002cde7d898f0_0, 3, 1;
L_000002cde7e0d3d0 .part v000002cde7d890d0_0, 104, 8;
L_000002cde7e0da10 .part v000002cde7d898f0_0, 3, 1;
L_000002cde7e0dab0 .part v000002cde7d890d0_0, 112, 8;
L_000002cde7e0cb10 .part v000002cde7d898f0_0, 3, 1;
L_000002cde7e0c9d0 .part v000002cde7d890d0_0, 120, 8;
L_000002cde7e0e370 .part v000002cde7d898f0_0, 3, 1;
L_000002cde7e0c4d0 .part v000002cde7d890d0_0, 0, 8;
L_000002cde7e0c430 .part v000002cde7d898f0_0, 4, 1;
L_000002cde7e0c890 .part L_000002cde7d7f490, 32, 8;
L_000002cde7e0cbb0 .part v000002cde7d890d0_0, 8, 8;
L_000002cde7e0c610 .part v000002cde7d898f0_0, 4, 1;
L_000002cde7e0ce30 .part v000002cde7d890d0_0, 16, 8;
L_000002cde7e0c570 .part v000002cde7d898f0_0, 4, 1;
L_000002cde7e0c6b0 .part v000002cde7d890d0_0, 24, 8;
L_000002cde7e0db50 .part v000002cde7d898f0_0, 4, 1;
L_000002cde7e0c750 .part v000002cde7d890d0_0, 32, 8;
L_000002cde7e0e050 .part v000002cde7d898f0_0, 4, 1;
L_000002cde7e0d510 .part v000002cde7d890d0_0, 40, 8;
L_000002cde7e0c930 .part v000002cde7d898f0_0, 4, 1;
L_000002cde7e0cd90 .part v000002cde7d890d0_0, 48, 8;
L_000002cde7e0e550 .part v000002cde7d898f0_0, 4, 1;
L_000002cde7e0c110 .part v000002cde7d890d0_0, 56, 8;
L_000002cde7e0e5f0 .part v000002cde7d898f0_0, 4, 1;
L_000002cde7e0dd30 .part v000002cde7d890d0_0, 64, 8;
L_000002cde7e0ced0 .part v000002cde7d898f0_0, 4, 1;
L_000002cde7e0c1b0 .part v000002cde7d890d0_0, 72, 8;
L_000002cde7e0ddd0 .part v000002cde7d898f0_0, 4, 1;
L_000002cde7e0c250 .part v000002cde7d890d0_0, 80, 8;
L_000002cde7e0de70 .part v000002cde7d898f0_0, 4, 1;
L_000002cde7e0e0f0 .part v000002cde7d890d0_0, 88, 8;
L_000002cde7e0ccf0 .part v000002cde7d898f0_0, 4, 1;
L_000002cde7e0d5b0 .part v000002cde7d890d0_0, 96, 8;
L_000002cde7e0e190 .part v000002cde7d898f0_0, 4, 1;
L_000002cde7e0e230 .part v000002cde7d890d0_0, 104, 8;
L_000002cde7e0e410 .part v000002cde7d898f0_0, 4, 1;
L_000002cde7e0cf70 .part v000002cde7d890d0_0, 112, 8;
L_000002cde7e0d010 .part v000002cde7d898f0_0, 4, 1;
L_000002cde7e0d0b0 .part v000002cde7d890d0_0, 120, 8;
L_000002cde7e0d150 .part v000002cde7d898f0_0, 4, 1;
L_000002cde7e0d1f0 .part v000002cde7d890d0_0, 0, 8;
L_000002cde7e0d290 .part v000002cde7d898f0_0, 5, 1;
L_000002cde7e0d330 .part L_000002cde7d7f490, 40, 8;
L_000002cde7e0d470 .part v000002cde7d890d0_0, 8, 8;
L_000002cde7e0d650 .part v000002cde7d898f0_0, 5, 1;
L_000002cde7e0d6f0 .part v000002cde7d890d0_0, 16, 8;
L_000002cde7e103f0 .part v000002cde7d898f0_0, 5, 1;
L_000002cde7e0e910 .part v000002cde7d890d0_0, 24, 8;
L_000002cde7e0eaf0 .part v000002cde7d898f0_0, 5, 1;
L_000002cde7e107b0 .part v000002cde7d890d0_0, 32, 8;
L_000002cde7e0ef50 .part v000002cde7d898f0_0, 5, 1;
L_000002cde7e10030 .part v000002cde7d890d0_0, 40, 8;
L_000002cde7e0fe50 .part v000002cde7d898f0_0, 5, 1;
L_000002cde7e0f6d0 .part v000002cde7d890d0_0, 48, 8;
L_000002cde7e0f090 .part v000002cde7d898f0_0, 5, 1;
L_000002cde7e0ff90 .part v000002cde7d890d0_0, 56, 8;
L_000002cde7e0eff0 .part v000002cde7d898f0_0, 5, 1;
L_000002cde7e0ed70 .part v000002cde7d890d0_0, 64, 8;
L_000002cde7e10350 .part v000002cde7d898f0_0, 5, 1;
L_000002cde7e10530 .part v000002cde7d890d0_0, 72, 8;
L_000002cde7e0f130 .part v000002cde7d898f0_0, 5, 1;
L_000002cde7e100d0 .part v000002cde7d890d0_0, 80, 8;
L_000002cde7e0e870 .part v000002cde7d898f0_0, 5, 1;
L_000002cde7e0eb90 .part v000002cde7d890d0_0, 88, 8;
L_000002cde7e0f9f0 .part v000002cde7d898f0_0, 5, 1;
L_000002cde7e0f590 .part v000002cde7d890d0_0, 96, 8;
L_000002cde7e0fef0 .part v000002cde7d898f0_0, 5, 1;
L_000002cde7e0f1d0 .part v000002cde7d890d0_0, 104, 8;
L_000002cde7e10e90 .part v000002cde7d898f0_0, 5, 1;
L_000002cde7e0ec30 .part v000002cde7d890d0_0, 112, 8;
L_000002cde7e0f8b0 .part v000002cde7d898f0_0, 5, 1;
L_000002cde7e0fbd0 .part v000002cde7d890d0_0, 120, 8;
L_000002cde7e108f0 .part v000002cde7d898f0_0, 5, 1;
L_000002cde7e0f950 .part v000002cde7d890d0_0, 0, 8;
L_000002cde7e0f270 .part v000002cde7d898f0_0, 6, 1;
L_000002cde7e0f310 .part L_000002cde7d7f490, 48, 8;
L_000002cde7e10990 .part v000002cde7d890d0_0, 8, 8;
L_000002cde7e10170 .part v000002cde7d898f0_0, 6, 1;
L_000002cde7e0f3b0 .part v000002cde7d890d0_0, 16, 8;
L_000002cde7e0f770 .part v000002cde7d898f0_0, 6, 1;
L_000002cde7e0f450 .part v000002cde7d890d0_0, 24, 8;
L_000002cde7e0ee10 .part v000002cde7d898f0_0, 6, 1;
L_000002cde7e0eeb0 .part v000002cde7d890d0_0, 32, 8;
L_000002cde7e0f4f0 .part v000002cde7d898f0_0, 6, 1;
L_000002cde7e10b70 .part v000002cde7d890d0_0, 40, 8;
L_000002cde7e10490 .part v000002cde7d898f0_0, 6, 1;
L_000002cde7e0e9b0 .part v000002cde7d890d0_0, 48, 8;
L_000002cde7e0ecd0 .part v000002cde7d898f0_0, 6, 1;
L_000002cde7e10850 .part v000002cde7d890d0_0, 56, 8;
L_000002cde7e0f630 .part v000002cde7d898f0_0, 6, 1;
L_000002cde7e10210 .part v000002cde7d890d0_0, 64, 8;
L_000002cde7e102b0 .part v000002cde7d898f0_0, 6, 1;
L_000002cde7e0f810 .part v000002cde7d890d0_0, 72, 8;
L_000002cde7e0fa90 .part v000002cde7d898f0_0, 6, 1;
L_000002cde7e105d0 .part v000002cde7d890d0_0, 80, 8;
L_000002cde7e0fb30 .part v000002cde7d898f0_0, 6, 1;
L_000002cde7e0fc70 .part v000002cde7d890d0_0, 88, 8;
L_000002cde7e10670 .part v000002cde7d898f0_0, 6, 1;
L_000002cde7e10710 .part v000002cde7d890d0_0, 96, 8;
L_000002cde7e0fd10 .part v000002cde7d898f0_0, 6, 1;
L_000002cde7e10a30 .part v000002cde7d890d0_0, 104, 8;
L_000002cde7e0ea50 .part v000002cde7d898f0_0, 6, 1;
L_000002cde7e0fdb0 .part v000002cde7d890d0_0, 112, 8;
L_000002cde7e10ad0 .part v000002cde7d898f0_0, 6, 1;
L_000002cde7e10c10 .part v000002cde7d890d0_0, 120, 8;
L_000002cde7e10cb0 .part v000002cde7d898f0_0, 6, 1;
L_000002cde7e10d50 .part v000002cde7d890d0_0, 0, 8;
L_000002cde7e0e730 .part v000002cde7d898f0_0, 7, 1;
L_000002cde7e10df0 .part L_000002cde7d7f490, 56, 8;
L_000002cde7e0e7d0 .part v000002cde7d890d0_0, 8, 8;
L_000002cde7e11c50 .part v000002cde7d898f0_0, 7, 1;
L_000002cde7e12470 .part v000002cde7d890d0_0, 16, 8;
L_000002cde7e11070 .part v000002cde7d898f0_0, 7, 1;
L_000002cde7e119d0 .part v000002cde7d890d0_0, 24, 8;
L_000002cde7e132d0 .part v000002cde7d898f0_0, 7, 1;
L_000002cde7e114d0 .part v000002cde7d890d0_0, 32, 8;
L_000002cde7e112f0 .part v000002cde7d898f0_0, 7, 1;
L_000002cde7e11890 .part v000002cde7d890d0_0, 40, 8;
L_000002cde7e12c90 .part v000002cde7d898f0_0, 7, 1;
L_000002cde7e12150 .part v000002cde7d890d0_0, 48, 8;
L_000002cde7e12510 .part v000002cde7d898f0_0, 7, 1;
L_000002cde7e12bf0 .part v000002cde7d890d0_0, 56, 8;
L_000002cde7e11e30 .part v000002cde7d898f0_0, 7, 1;
L_000002cde7e12970 .part v000002cde7d890d0_0, 64, 8;
L_000002cde7e11110 .part v000002cde7d898f0_0, 7, 1;
L_000002cde7e13050 .part v000002cde7d890d0_0, 72, 8;
L_000002cde7e12f10 .part v000002cde7d898f0_0, 7, 1;
L_000002cde7e13230 .part v000002cde7d890d0_0, 80, 8;
L_000002cde7e120b0 .part v000002cde7d898f0_0, 7, 1;
L_000002cde7e13410 .part v000002cde7d890d0_0, 88, 8;
L_000002cde7e13190 .part v000002cde7d898f0_0, 7, 1;
L_000002cde7e12b50 .part v000002cde7d890d0_0, 96, 8;
L_000002cde7e12790 .part v000002cde7d898f0_0, 7, 1;
L_000002cde7e11250 .part v000002cde7d890d0_0, 104, 8;
L_000002cde7e11430 .part v000002cde7d898f0_0, 7, 1;
L_000002cde7e117f0 .part v000002cde7d890d0_0, 112, 8;
L_000002cde7e12dd0 .part v000002cde7d898f0_0, 7, 1;
L_000002cde7e11b10 .part v000002cde7d890d0_0, 120, 8;
L_000002cde7e111b0 .part v000002cde7d898f0_0, 7, 1;
L_000002cde7e125b0 .part v000002cde7d890d0_0, 0, 8;
L_000002cde7e11930 .part v000002cde7d898f0_0, 8, 1;
L_000002cde7e12650 .part L_000002cde7d7f490, 64, 8;
L_000002cde7e11a70 .part v000002cde7d890d0_0, 8, 8;
L_000002cde7e11390 .part v000002cde7d898f0_0, 8, 1;
L_000002cde7e10fd0 .part v000002cde7d890d0_0, 16, 8;
L_000002cde7e13370 .part v000002cde7d898f0_0, 8, 1;
L_000002cde7e12010 .part v000002cde7d890d0_0, 24, 8;
L_000002cde7e12d30 .part v000002cde7d898f0_0, 8, 1;
L_000002cde7e12e70 .part v000002cde7d890d0_0, 32, 8;
L_000002cde7e12fb0 .part v000002cde7d898f0_0, 8, 1;
L_000002cde7e11f70 .part v000002cde7d890d0_0, 40, 8;
L_000002cde7e130f0 .part v000002cde7d898f0_0, 8, 1;
L_000002cde7e11570 .part v000002cde7d890d0_0, 48, 8;
L_000002cde7e11610 .part v000002cde7d898f0_0, 8, 1;
L_000002cde7e11bb0 .part v000002cde7d890d0_0, 56, 8;
L_000002cde7e11cf0 .part v000002cde7d898f0_0, 8, 1;
L_000002cde7e134b0 .part v000002cde7d890d0_0, 64, 8;
L_000002cde7e116b0 .part v000002cde7d898f0_0, 8, 1;
L_000002cde7e11d90 .part v000002cde7d890d0_0, 72, 8;
L_000002cde7e121f0 .part v000002cde7d898f0_0, 8, 1;
L_000002cde7e11ed0 .part v000002cde7d890d0_0, 80, 8;
L_000002cde7e11750 .part v000002cde7d898f0_0, 8, 1;
L_000002cde7e12290 .part v000002cde7d890d0_0, 88, 8;
L_000002cde7e13550 .part v000002cde7d898f0_0, 8, 1;
L_000002cde7e12330 .part v000002cde7d890d0_0, 96, 8;
L_000002cde7e135f0 .part v000002cde7d898f0_0, 8, 1;
L_000002cde7e13690 .part v000002cde7d890d0_0, 104, 8;
L_000002cde7e10f30 .part v000002cde7d898f0_0, 8, 1;
L_000002cde7e123d0 .part v000002cde7d890d0_0, 112, 8;
L_000002cde7e126f0 .part v000002cde7d898f0_0, 8, 1;
L_000002cde7e12830 .part v000002cde7d890d0_0, 120, 8;
L_000002cde7e128d0 .part v000002cde7d898f0_0, 8, 1;
L_000002cde7e12a10 .part v000002cde7d890d0_0, 0, 8;
L_000002cde7e12ab0 .part v000002cde7d898f0_0, 9, 1;
L_000002cde7e13910 .part L_000002cde7d7f490, 72, 8;
L_000002cde7e146d0 .part v000002cde7d890d0_0, 8, 8;
L_000002cde7e15030 .part v000002cde7d898f0_0, 9, 1;
L_000002cde7e152b0 .part v000002cde7d890d0_0, 16, 8;
L_000002cde7e14770 .part v000002cde7d898f0_0, 9, 1;
L_000002cde7e15670 .part v000002cde7d890d0_0, 24, 8;
L_000002cde7e14f90 .part v000002cde7d898f0_0, 9, 1;
L_000002cde7e158f0 .part v000002cde7d890d0_0, 32, 8;
L_000002cde7e13d70 .part v000002cde7d898f0_0, 9, 1;
L_000002cde7e14310 .part v000002cde7d890d0_0, 40, 8;
L_000002cde7e15530 .part v000002cde7d898f0_0, 9, 1;
L_000002cde7e139b0 .part v000002cde7d890d0_0, 48, 8;
L_000002cde7e150d0 .part v000002cde7d898f0_0, 9, 1;
L_000002cde7e15b70 .part v000002cde7d890d0_0, 56, 8;
L_000002cde7e13b90 .part v000002cde7d898f0_0, 9, 1;
L_000002cde7e15e90 .part v000002cde7d890d0_0, 64, 8;
L_000002cde7e15c10 .part v000002cde7d898f0_0, 9, 1;
L_000002cde7e15990 .part v000002cde7d890d0_0, 72, 8;
L_000002cde7e155d0 .part v000002cde7d898f0_0, 9, 1;
L_000002cde7e15df0 .part v000002cde7d890d0_0, 80, 8;
L_000002cde7e15710 .part v000002cde7d898f0_0, 9, 1;
L_000002cde7e15d50 .part v000002cde7d890d0_0, 88, 8;
L_000002cde7e15ad0 .part v000002cde7d898f0_0, 9, 1;
L_000002cde7e14c70 .part v000002cde7d890d0_0, 96, 8;
L_000002cde7e15a30 .part v000002cde7d898f0_0, 9, 1;
L_000002cde7e15cb0 .part v000002cde7d890d0_0, 104, 8;
L_000002cde7e143b0 .part v000002cde7d898f0_0, 9, 1;
L_000002cde7e157b0 .part v000002cde7d890d0_0, 112, 8;
L_000002cde7e13730 .part v000002cde7d898f0_0, 9, 1;
L_000002cde7e15170 .part v000002cde7d890d0_0, 120, 8;
L_000002cde7e13a50 .part v000002cde7d898f0_0, 9, 1;
L_000002cde7e14db0 .part v000002cde7d890d0_0, 0, 8;
L_000002cde7e14270 .part v000002cde7d898f0_0, 10, 1;
L_000002cde7e141d0 .part L_000002cde7d7f490, 80, 8;
L_000002cde7e13c30 .part v000002cde7d890d0_0, 8, 8;
L_000002cde7e148b0 .part v000002cde7d898f0_0, 10, 1;
L_000002cde7e14bd0 .part v000002cde7d890d0_0, 16, 8;
L_000002cde7e137d0 .part v000002cde7d898f0_0, 10, 1;
L_000002cde7e15350 .part v000002cde7d890d0_0, 24, 8;
L_000002cde7e13870 .part v000002cde7d898f0_0, 10, 1;
L_000002cde7e15850 .part v000002cde7d890d0_0, 32, 8;
L_000002cde7e15210 .part v000002cde7d898f0_0, 10, 1;
L_000002cde7e13af0 .part v000002cde7d890d0_0, 40, 8;
L_000002cde7e13cd0 .part v000002cde7d898f0_0, 10, 1;
L_000002cde7e13e10 .part v000002cde7d890d0_0, 48, 8;
L_000002cde7e15490 .part v000002cde7d898f0_0, 10, 1;
L_000002cde7e144f0 .part v000002cde7d890d0_0, 56, 8;
L_000002cde7e13eb0 .part v000002cde7d898f0_0, 10, 1;
L_000002cde7e13f50 .part v000002cde7d890d0_0, 64, 8;
L_000002cde7e13ff0 .part v000002cde7d898f0_0, 10, 1;
L_000002cde7e14090 .part v000002cde7d890d0_0, 72, 8;
L_000002cde7e14130 .part v000002cde7d898f0_0, 10, 1;
L_000002cde7e14590 .part v000002cde7d890d0_0, 80, 8;
L_000002cde7e14450 .part v000002cde7d898f0_0, 10, 1;
L_000002cde7e14ef0 .part v000002cde7d890d0_0, 88, 8;
L_000002cde7e14630 .part v000002cde7d898f0_0, 10, 1;
L_000002cde7e14810 .part v000002cde7d890d0_0, 96, 8;
L_000002cde7e14950 .part v000002cde7d898f0_0, 10, 1;
L_000002cde7e149f0 .part v000002cde7d890d0_0, 104, 8;
L_000002cde7e14a90 .part v000002cde7d898f0_0, 10, 1;
L_000002cde7e14b30 .part v000002cde7d890d0_0, 112, 8;
L_000002cde7e14d10 .part v000002cde7d898f0_0, 10, 1;
L_000002cde7e14e50 .part v000002cde7d890d0_0, 120, 8;
L_000002cde7e153f0 .part v000002cde7d898f0_0, 10, 1;
L_000002cde7e18230 .part v000002cde7d890d0_0, 0, 8;
L_000002cde7e15f30 .part v000002cde7d898f0_0, 11, 1;
L_000002cde7e182d0 .part L_000002cde7d7f490, 88, 8;
L_000002cde7e16070 .part v000002cde7d890d0_0, 8, 8;
L_000002cde7e17f10 .part v000002cde7d898f0_0, 11, 1;
L_000002cde7e178d0 .part v000002cde7d890d0_0, 16, 8;
L_000002cde7e16430 .part v000002cde7d898f0_0, 11, 1;
L_000002cde7e167f0 .part v000002cde7d890d0_0, 24, 8;
L_000002cde7e16c50 .part v000002cde7d898f0_0, 11, 1;
L_000002cde7e180f0 .part v000002cde7d890d0_0, 32, 8;
L_000002cde7e175b0 .part v000002cde7d898f0_0, 11, 1;
L_000002cde7e16390 .part v000002cde7d890d0_0, 40, 8;
L_000002cde7e161b0 .part v000002cde7d898f0_0, 11, 1;
L_000002cde7e17790 .part v000002cde7d890d0_0, 48, 8;
L_000002cde7e15fd0 .part v000002cde7d898f0_0, 11, 1;
L_000002cde7e17650 .part v000002cde7d890d0_0, 56, 8;
L_000002cde7e17d30 .part v000002cde7d898f0_0, 11, 1;
L_000002cde7e18190 .part v000002cde7d890d0_0, 64, 8;
L_000002cde7e16110 .part v000002cde7d898f0_0, 11, 1;
L_000002cde7e162f0 .part v000002cde7d890d0_0, 72, 8;
L_000002cde7e16890 .part v000002cde7d898f0_0, 11, 1;
L_000002cde7e16250 .part v000002cde7d890d0_0, 80, 8;
L_000002cde7e17e70 .part v000002cde7d898f0_0, 11, 1;
L_000002cde7e16930 .part v000002cde7d890d0_0, 88, 8;
L_000002cde7e16d90 .part v000002cde7d898f0_0, 11, 1;
L_000002cde7e18410 .part v000002cde7d890d0_0, 96, 8;
L_000002cde7e18370 .part v000002cde7d898f0_0, 11, 1;
L_000002cde7e17830 .part v000002cde7d890d0_0, 104, 8;
L_000002cde7e16e30 .part v000002cde7d898f0_0, 11, 1;
L_000002cde7e176f0 .part v000002cde7d890d0_0, 112, 8;
L_000002cde7e16a70 .part v000002cde7d898f0_0, 11, 1;
L_000002cde7e16b10 .part v000002cde7d890d0_0, 120, 8;
L_000002cde7e164d0 .part v000002cde7d898f0_0, 11, 1;
LS_000002cde7e17470_0_0 .concat8 [ 32 32 32 32], L_000002cde7e2bc60, L_000002cde7e2bf70, L_000002cde7e2c0c0, L_000002cde7e2be90;
LS_000002cde7e17470_0_4 .concat8 [ 32 32 32 32], L_000002cde7e2b170, L_000002cde7e2c830, L_000002cde7e2b800, L_000002cde7e2b720;
LS_000002cde7e17470_0_8 .concat8 [ 32 32 32 32], L_000002cde7e2c520, L_000002cde7e2b3a0, L_000002cde7e2b870, L_000002cde7e2b950;
LS_000002cde7e17470_0_12 .concat8 [ 32 32 32 32], L_000002cde7e2c360, L_000002cde7e2baa0, L_000002cde7e2c130, L_000002cde7e33aa0;
L_000002cde7e17470 .concat8 [ 128 128 128 128], LS_000002cde7e17470_0_0, LS_000002cde7e17470_0_4, LS_000002cde7e17470_0_8, LS_000002cde7e17470_0_12;
S_000002cde7c871e0 .scope generate, "ROW_LOOP[0]" "ROW_LOOP[0]" 9 54, 9 54 0, S_000002cde7c86a10;
 .timescale -9 -12;
P_000002cde7afe120 .param/l "r" 0 9 54, +C4<00>;
S_000002cde7c86ba0 .scope generate, "COL_LOOP[0]" "COL_LOOP[0]" 9 55, 9 55 0, S_000002cde7c871e0;
 .timescale -9 -12;
P_000002cde7afda60 .param/l "c" 0 9 55, +C4<00>;
v000002cde7a3e250_0 .net "pe_in_act", 7 0, L_000002cde7d7ff30;  1 drivers
L_000002cde7db18f0 .functor BUFT 1, C4<00000000000000000000000000000000>, C4<0>, C4<0>, C4<0>;
v000002cde7a3f3d0_0 .net "pe_in_psum", 31 0, L_000002cde7db18f0;  1 drivers
v000002cde7a3e4d0_0 .net "pe_in_weight", 7 0, L_000002cde7d7f530;  1 drivers
v000002cde7a40050_0 .net "pe_load_en", 0 0, L_000002cde7d80bb0;  1 drivers
S_000002cde7c87370 .scope generate, "genblk1" "genblk1" 9 61, 9 61 0, S_000002cde7c86ba0;
 .timescale -9 -12;
S_000002cde7c87b40 .scope generate, "genblk2" "genblk2" 9 72, 9 72 0, S_000002cde7c86ba0;
 .timescale -9 -12;
S_000002cde7c86d30 .scope module, "pe_inst" "pe" 9 91, 10 12 0, S_000002cde7c86ba0;
 .timescale 0 0;
    .port_info 0 /INPUT 1 "clk";
    .port_info 1 /INPUT 1 "rst_n";
    .port_info 2 /INPUT 1 "en_compute";
    .port_info 3 /INPUT 1 "load_weight";
    .port_info 4 /INPUT 8 "in_act";
    .port_info 5 /INPUT 8 "in_weight";
    .port_info 6 /INPUT 32 "in_psum";
    .port_info 7 /OUTPUT 8 "out_act";
    .port_info 8 /OUTPUT 32 "out_psum";
v000002cde79ce770_0 .net "clk", 0 0, v000002cde7d9c770_0;  alias, 1 drivers
v000002cde79ce950_0 .net "en_compute", 0 0, L_000002cde7db18a8;  alias, 1 drivers
v000002cde79ceb30_0 .net "in_act", 7 0, L_000002cde7d7ff30;  alias, 1 drivers
v000002cde79cf2b0_0 .net "in_psum", 31 0, L_000002cde7db18f0;  alias, 1 drivers
v000002cde7a3ecf0_0 .net "in_weight", 7 0, L_000002cde7d7f530;  alias, 1 drivers
v000002cde7a3f8d0_0 .net "load_weight", 0 0, L_000002cde7d80bb0;  alias, 1 drivers
v000002cde7a3e070_0 .var "out_act", 7 0;
v000002cde7a3e890_0 .var "out_psum", 31 0;
v000002cde7a3ee30_0 .var/s "reg_weight", 7 0;
v000002cde7a40230_0 .net "rst_n", 0 0, L_000002cde7a71f90;  alias, 1 drivers
S_000002cde7c860b0 .scope generate, "COL_LOOP[1]" "COL_LOOP[1]" 9 55, 9 55 0, S_000002cde7c871e0;
 .timescale -9 -12;
P_000002cde7afd4e0 .param/l "c" 0 9 55, +C4<01>;
v000002cde7a3fab0_0 .net "pe_in_act", 7 0, L_000002cde7a732d0;  1 drivers
L_000002cde7db1938 .functor BUFT 1, C4<00000000000000000000000000000000>, C4<0>, C4<0>, C4<0>;
v000002cde7a3fb50_0 .net "pe_in_psum", 31 0, L_000002cde7db1938;  1 drivers
v000002cde7a3fc90_0 .net "pe_in_weight", 7 0, L_000002cde7d809d0;  1 drivers
v000002cde7a40c30_0 .net "pe_load_en", 0 0, L_000002cde7d80b10;  1 drivers
S_000002cde7c87500 .scope generate, "genblk1" "genblk1" 9 61, 9 61 0, S_000002cde7c860b0;
 .timescale -9 -12;
L_000002cde7a732d0 .functor BUFZ 8, v000002cde7a3e070_0, C4<00000000>, C4<00000000>, C4<00000000>;
S_000002cde7c87690 .scope generate, "genblk2" "genblk2" 9 72, 9 72 0, S_000002cde7c860b0;
 .timescale -9 -12;
S_000002cde7c87e60 .scope module, "pe_inst" "pe" 9 91, 10 12 0, S_000002cde7c860b0;
 .timescale 0 0;
    .port_info 0 /INPUT 1 "clk";
    .port_info 1 /INPUT 1 "rst_n";
    .port_info 2 /INPUT 1 "en_compute";
    .port_info 3 /INPUT 1 "load_weight";
    .port_info 4 /INPUT 8 "in_act";
    .port_info 5 /INPUT 8 "in_weight";
    .port_info 6 /INPUT 32 "in_psum";
    .port_info 7 /OUTPUT 8 "out_act";
    .port_info 8 /OUTPUT 32 "out_psum";
v000002cde7a3e610_0 .net "clk", 0 0, v000002cde7d9c770_0;  alias, 1 drivers
v000002cde7a3e6b0_0 .net "en_compute", 0 0, L_000002cde7db18a8;  alias, 1 drivers
v000002cde7a3f650_0 .net "in_act", 7 0, L_000002cde7a732d0;  alias, 1 drivers
v000002cde7a3f010_0 .net "in_psum", 31 0, L_000002cde7db1938;  alias, 1 drivers
v000002cde7a3e750_0 .net "in_weight", 7 0, L_000002cde7d809d0;  alias, 1 drivers
v000002cde7a3f470_0 .net "load_weight", 0 0, L_000002cde7d80b10;  alias, 1 drivers
v000002cde7a3f5b0_0 .var "out_act", 7 0;
v000002cde7a3f970_0 .var "out_psum", 31 0;
v000002cde7a3f6f0_0 .var/s "reg_weight", 7 0;
v000002cde7a3f790_0 .net "rst_n", 0 0, L_000002cde7a71f90;  alias, 1 drivers
S_000002cde7c87820 .scope generate, "COL_LOOP[2]" "COL_LOOP[2]" 9 55, 9 55 0, S_000002cde7c871e0;
 .timescale -9 -12;
P_000002cde7afd160 .param/l "c" 0 9 55, +C4<010>;
v000002cde7a40eb0_0 .net "pe_in_act", 7 0, L_000002cde7a72ee0;  1 drivers
L_000002cde7db1980 .functor BUFT 1, C4<00000000000000000000000000000000>, C4<0>, C4<0>, C4<0>;
v000002cde7a41e50_0 .net "pe_in_psum", 31 0, L_000002cde7db1980;  1 drivers
v000002cde7a40ff0_0 .net "pe_in_weight", 7 0, L_000002cde7d80250;  1 drivers
v000002cde7a40f50_0 .net "pe_load_en", 0 0, L_000002cde7d7fa30;  1 drivers
S_000002cde7c879b0 .scope generate, "genblk1" "genblk1" 9 61, 9 61 0, S_000002cde7c87820;
 .timescale -9 -12;
L_000002cde7a72ee0 .functor BUFZ 8, v000002cde7a3f5b0_0, C4<00000000>, C4<00000000>, C4<00000000>;
S_000002cde7c86240 .scope generate, "genblk2" "genblk2" 9 72, 9 72 0, S_000002cde7c87820;
 .timescale -9 -12;
S_000002cde7c87cd0 .scope module, "pe_inst" "pe" 9 91, 10 12 0, S_000002cde7c87820;
 .timescale 0 0;
    .port_info 0 /INPUT 1 "clk";
    .port_info 1 /INPUT 1 "rst_n";
    .port_info 2 /INPUT 1 "en_compute";
    .port_info 3 /INPUT 1 "load_weight";
    .port_info 4 /INPUT 8 "in_act";
    .port_info 5 /INPUT 8 "in_weight";
    .port_info 6 /INPUT 32 "in_psum";
    .port_info 7 /OUTPUT 8 "out_act";
    .port_info 8 /OUTPUT 32 "out_psum";
v000002cde7a41630_0 .net "clk", 0 0, v000002cde7d9c770_0;  alias, 1 drivers
v000002cde7a409b0_0 .net "en_compute", 0 0, L_000002cde7db18a8;  alias, 1 drivers
v000002cde7a41770_0 .net "in_act", 7 0, L_000002cde7a72ee0;  alias, 1 drivers
v000002cde7a41810_0 .net "in_psum", 31 0, L_000002cde7db1980;  alias, 1 drivers
v000002cde7a41310_0 .net "in_weight", 7 0, L_000002cde7d80250;  alias, 1 drivers
v000002cde7a413b0_0 .net "load_weight", 0 0, L_000002cde7d7fa30;  alias, 1 drivers
v000002cde7a40e10_0 .var "out_act", 7 0;
v000002cde7a41950_0 .var "out_psum", 31 0;
v000002cde7a41a90_0 .var/s "reg_weight", 7 0;
v000002cde7a41bd0_0 .net "rst_n", 0 0, L_000002cde7a71f90;  alias, 1 drivers
S_000002cde7c863d0 .scope generate, "COL_LOOP[3]" "COL_LOOP[3]" 9 55, 9 55 0, S_000002cde7c871e0;
 .timescale -9 -12;
P_000002cde7afd8a0 .param/l "c" 0 9 55, +C4<011>;
v000002cde7a6fa90_0 .net "pe_in_act", 7 0, L_000002cde7a72150;  1 drivers
L_000002cde7db19c8 .functor BUFT 1, C4<00000000000000000000000000000000>, C4<0>, C4<0>, C4<0>;
v000002cde7a6fbd0_0 .net "pe_in_psum", 31 0, L_000002cde7db19c8;  1 drivers
v000002cde7a6fc70_0 .net "pe_in_weight", 7 0, L_000002cde7d7f670;  1 drivers
v000002cde7a6d470_0 .net "pe_load_en", 0 0, L_000002cde7d810b0;  1 drivers
S_000002cde7c86560 .scope generate, "genblk1" "genblk1" 9 61, 9 61 0, S_000002cde7c863d0;
 .timescale -9 -12;
L_000002cde7a72150 .functor BUFZ 8, v000002cde7a40e10_0, C4<00000000>, C4<00000000>, C4<00000000>;
S_000002cde7c8a3f0 .scope generate, "genblk2" "genblk2" 9 72, 9 72 0, S_000002cde7c863d0;
 .timescale -9 -12;
S_000002cde7c8aa30 .scope module, "pe_inst" "pe" 9 91, 10 12 0, S_000002cde7c863d0;
 .timescale 0 0;
    .port_info 0 /INPUT 1 "clk";
    .port_info 1 /INPUT 1 "rst_n";
    .port_info 2 /INPUT 1 "en_compute";
    .port_info 3 /INPUT 1 "load_weight";
    .port_info 4 /INPUT 8 "in_act";
    .port_info 5 /INPUT 8 "in_weight";
    .port_info 6 /INPUT 32 "in_psum";
    .port_info 7 /OUTPUT 8 "out_act";
    .port_info 8 /OUTPUT 32 "out_psum";
v000002cde7a6fef0_0 .net "clk", 0 0, v000002cde7d9c770_0;  alias, 1 drivers
v000002cde7a6f450_0 .net "en_compute", 0 0, L_000002cde7db18a8;  alias, 1 drivers
v000002cde7a6f1d0_0 .net "in_act", 7 0, L_000002cde7a72150;  alias, 1 drivers
v000002cde7a6f770_0 .net "in_psum", 31 0, L_000002cde7db19c8;  alias, 1 drivers
v000002cde7a6e910_0 .net "in_weight", 7 0, L_000002cde7d7f670;  alias, 1 drivers
v000002cde7a6f270_0 .net "load_weight", 0 0, L_000002cde7d810b0;  alias, 1 drivers
v000002cde7a6f4f0_0 .var "out_act", 7 0;
v000002cde7a6f950_0 .var "out_psum", 31 0;
v000002cde7a6f9f0_0 .var/s "reg_weight", 7 0;
v000002cde7a6eb90_0 .net "rst_n", 0 0, L_000002cde7a71f90;  alias, 1 drivers
S_000002cde7c8abc0 .scope generate, "COL_LOOP[4]" "COL_LOOP[4]" 9 55, 9 55 0, S_000002cde7c871e0;
 .timescale -9 -12;
P_000002cde7afdc60 .param/l "c" 0 9 55, +C4<0100>;
v000002cde7a6d650_0 .net "pe_in_act", 7 0, L_000002cde7a721c0;  1 drivers
L_000002cde7db1a10 .functor BUFT 1, C4<00000000000000000000000000000000>, C4<0>, C4<0>, C4<0>;
v000002cde7a6d790_0 .net "pe_in_psum", 31 0, L_000002cde7db1a10;  1 drivers
v000002cde7a6c750_0 .net "pe_in_weight", 7 0, L_000002cde7d7f210;  1 drivers
v000002cde7a6d8d0_0 .net "pe_load_en", 0 0, L_000002cde7d80a70;  1 drivers
S_000002cde7c8b840 .scope generate, "genblk1" "genblk1" 9 61, 9 61 0, S_000002cde7c8abc0;
 .timescale -9 -12;
L_000002cde7a721c0 .functor BUFZ 8, v000002cde7a6f4f0_0, C4<00000000>, C4<00000000>, C4<00000000>;
S_000002cde7c8b070 .scope generate, "genblk2" "genblk2" 9 72, 9 72 0, S_000002cde7c8abc0;
 .timescale -9 -12;
S_000002cde7c8aee0 .scope module, "pe_inst" "pe" 9 91, 10 12 0, S_000002cde7c8abc0;
 .timescale 0 0;
    .port_info 0 /INPUT 1 "clk";
    .port_info 1 /INPUT 1 "rst_n";
    .port_info 2 /INPUT 1 "en_compute";
    .port_info 3 /INPUT 1 "load_weight";
    .port_info 4 /INPUT 8 "in_act";
    .port_info 5 /INPUT 8 "in_weight";
    .port_info 6 /INPUT 32 "in_psum";
    .port_info 7 /OUTPUT 8 "out_act";
    .port_info 8 /OUTPUT 32 "out_psum";
v000002cde7a6c610_0 .net "clk", 0 0, v000002cde7d9c770_0;  alias, 1 drivers
v000002cde7a6d5b0_0 .net "en_compute", 0 0, L_000002cde7db18a8;  alias, 1 drivers
v000002cde7a6dbf0_0 .net "in_act", 7 0, L_000002cde7a721c0;  alias, 1 drivers
v000002cde7a6e370_0 .net "in_psum", 31 0, L_000002cde7db1a10;  alias, 1 drivers
v000002cde7a6ccf0_0 .net "in_weight", 7 0, L_000002cde7d7f210;  alias, 1 drivers
v000002cde7a6cb10_0 .net "load_weight", 0 0, L_000002cde7d80a70;  alias, 1 drivers
v000002cde7a6cd90_0 .var "out_act", 7 0;
v000002cde7a6dc90_0 .var "out_psum", 31 0;
v000002cde7a6e5f0_0 .var/s "reg_weight", 7 0;
v000002cde7a6ce30_0 .net "rst_n", 0 0, L_000002cde7a71f90;  alias, 1 drivers
S_000002cde7c8a0d0 .scope generate, "COL_LOOP[5]" "COL_LOOP[5]" 9 55, 9 55 0, S_000002cde7c871e0;
 .timescale -9 -12;
P_000002cde7afd2e0 .param/l "c" 0 9 55, +C4<0101>;
v000002cde7a9b8f0_0 .net "pe_in_act", 7 0, L_000002cde7a72230;  1 drivers
L_000002cde7db1a58 .functor BUFT 1, C4<00000000000000000000000000000000>, C4<0>, C4<0>, C4<0>;
v000002cde7a9ba30_0 .net "pe_in_psum", 31 0, L_000002cde7db1a58;  1 drivers
v000002cde7a9bad0_0 .net "pe_in_weight", 7 0, L_000002cde7d80750;  1 drivers
v000002cde7a9bb70_0 .net "pe_load_en", 0 0, L_000002cde7d7f8f0;  1 drivers
S_000002cde7c8b6b0 .scope generate, "genblk1" "genblk1" 9 61, 9 61 0, S_000002cde7c8a0d0;
 .timescale -9 -12;
L_000002cde7a72230 .functor BUFZ 8, v000002cde7a6cd90_0, C4<00000000>, C4<00000000>, C4<00000000>;
S_000002cde7c8a8a0 .scope generate, "genblk2" "genblk2" 9 72, 9 72 0, S_000002cde7c8a0d0;
 .timescale -9 -12;
S_000002cde7c8b390 .scope module, "pe_inst" "pe" 9 91, 10 12 0, S_000002cde7c8a0d0;
 .timescale 0 0;
    .port_info 0 /INPUT 1 "clk";
    .port_info 1 /INPUT 1 "rst_n";
    .port_info 2 /INPUT 1 "en_compute";
    .port_info 3 /INPUT 1 "load_weight";
    .port_info 4 /INPUT 8 "in_act";
    .port_info 5 /INPUT 8 "in_weight";
    .port_info 6 /INPUT 32 "in_psum";
    .port_info 7 /OUTPUT 8 "out_act";
    .port_info 8 /OUTPUT 32 "out_psum";
v000002cde7a6e690_0 .net "clk", 0 0, v000002cde7d9c770_0;  alias, 1 drivers
v000002cde7a6ddd0_0 .net "en_compute", 0 0, L_000002cde7db18a8;  alias, 1 drivers
v000002cde7a6c7f0_0 .net "in_act", 7 0, L_000002cde7a72230;  alias, 1 drivers
v000002cde7a6e730_0 .net "in_psum", 31 0, L_000002cde7db1a58;  alias, 1 drivers
v000002cde7a6de70_0 .net "in_weight", 7 0, L_000002cde7d80750;  alias, 1 drivers
v000002cde7a6dfb0_0 .net "load_weight", 0 0, L_000002cde7d7f8f0;  alias, 1 drivers
v000002cde7a6c890_0 .var "out_act", 7 0;
v000002cde7a6c070_0 .var "out_psum", 31 0;
v000002cde7a6c110_0 .var/s "reg_weight", 7 0;
v000002cde7a9b7b0_0 .net "rst_n", 0 0, L_000002cde7a71f90;  alias, 1 drivers
S_000002cde7c8ad50 .scope generate, "COL_LOOP[6]" "COL_LOOP[6]" 9 55, 9 55 0, S_000002cde7c871e0;
 .timescale -9 -12;
P_000002cde7afd9e0 .param/l "c" 0 9 55, +C4<0110>;
v000002cde7a99730_0 .net "pe_in_act", 7 0, L_000002cde7a735e0;  1 drivers
L_000002cde7db1aa0 .functor BUFT 1, C4<00000000000000000000000000000000>, C4<0>, C4<0>, C4<0>;
v000002cde7a98650_0 .net "pe_in_psum", 31 0, L_000002cde7db1aa0;  1 drivers
v000002cde7a9a4f0_0 .net "pe_in_weight", 7 0, L_000002cde7d80d90;  1 drivers
v000002cde7a98e70_0 .net "pe_load_en", 0 0, L_000002cde7d80ed0;  1 drivers
S_000002cde7c8a580 .scope generate, "genblk1" "genblk1" 9 61, 9 61 0, S_000002cde7c8ad50;
 .timescale -9 -12;
L_000002cde7a735e0 .functor BUFZ 8, v000002cde7a6c890_0, C4<00000000>, C4<00000000>, C4<00000000>;
S_000002cde7c8a710 .scope generate, "genblk2" "genblk2" 9 72, 9 72 0, S_000002cde7c8ad50;
 .timescale -9 -12;
S_000002cde7c8be80 .scope module, "pe_inst" "pe" 9 91, 10 12 0, S_000002cde7c8ad50;
 .timescale 0 0;
    .port_info 0 /INPUT 1 "clk";
    .port_info 1 /INPUT 1 "rst_n";
    .port_info 2 /INPUT 1 "en_compute";
    .port_info 3 /INPUT 1 "load_weight";
    .port_info 4 /INPUT 8 "in_act";
    .port_info 5 /INPUT 8 "in_weight";
    .port_info 6 /INPUT 32 "in_psum";
    .port_info 7 /OUTPUT 8 "out_act";
    .port_info 8 /OUTPUT 32 "out_psum";
v000002cde7a9b030_0 .net "clk", 0 0, v000002cde7d9c770_0;  alias, 1 drivers
v000002cde7a9bcb0_0 .net "en_compute", 0 0, L_000002cde7db18a8;  alias, 1 drivers
v000002cde7a9bf30_0 .net "in_act", 7 0, L_000002cde7a735e0;  alias, 1 drivers
v000002cde7a9ae50_0 .net "in_psum", 31 0, L_000002cde7db1aa0;  alias, 1 drivers
v000002cde7a9a8b0_0 .net "in_weight", 7 0, L_000002cde7d80d90;  alias, 1 drivers
v000002cde7a9a950_0 .net "load_weight", 0 0, L_000002cde7d80ed0;  alias, 1 drivers
v000002cde7a9b3f0_0 .var "out_act", 7 0;
v000002cde7a9b490_0 .var "out_psum", 31 0;
v000002cde7a99230_0 .var/s "reg_weight", 7 0;
v000002cde7a983d0_0 .net "rst_n", 0 0, L_000002cde7a71f90;  alias, 1 drivers
S_000002cde7c8bcf0 .scope generate, "COL_LOOP[7]" "COL_LOOP[7]" 9 55, 9 55 0, S_000002cde7c871e0;
 .timescale -9 -12;
P_000002cde7afdce0 .param/l "c" 0 9 55, +C4<0111>;
v000002cde7a990f0_0 .net "pe_in_act", 7 0, L_000002cde7a72d90;  1 drivers
L_000002cde7db1ae8 .functor BUFT 1, C4<00000000000000000000000000000000>, C4<0>, C4<0>, C4<0>;
v000002cde7a99910_0 .net "pe_in_psum", 31 0, L_000002cde7db1ae8;  1 drivers
v000002cde7a994b0_0 .net "pe_in_weight", 7 0, L_000002cde7d7fdf0;  1 drivers
v000002cde7a99af0_0 .net "pe_load_en", 0 0, L_000002cde7d815b0;  1 drivers
S_000002cde7c8b200 .scope generate, "genblk1" "genblk1" 9 61, 9 61 0, S_000002cde7c8bcf0;
 .timescale -9 -12;
L_000002cde7a72d90 .functor BUFZ 8, v000002cde7a9b3f0_0, C4<00000000>, C4<00000000>, C4<00000000>;
S_000002cde7c8b520 .scope generate, "genblk2" "genblk2" 9 72, 9 72 0, S_000002cde7c8bcf0;
 .timescale -9 -12;
S_000002cde7c8a260 .scope module, "pe_inst" "pe" 9 91, 10 12 0, S_000002cde7c8bcf0;
 .timescale 0 0;
    .port_info 0 /INPUT 1 "clk";
    .port_info 1 /INPUT 1 "rst_n";
    .port_info 2 /INPUT 1 "en_compute";
    .port_info 3 /INPUT 1 "load_weight";
    .port_info 4 /INPUT 8 "in_act";
    .port_info 5 /INPUT 8 "in_weight";
    .port_info 6 /INPUT 32 "in_psum";
    .port_info 7 /OUTPUT 8 "out_act";
    .port_info 8 /OUTPUT 32 "out_psum";
v000002cde7a9a630_0 .net "clk", 0 0, v000002cde7d9c770_0;  alias, 1 drivers
v000002cde7a9a6d0_0 .net "en_compute", 0 0, L_000002cde7db18a8;  alias, 1 drivers
v000002cde7a98a10_0 .net "in_act", 7 0, L_000002cde7a72d90;  alias, 1 drivers
v000002cde7a99a50_0 .net "in_psum", 31 0, L_000002cde7db1ae8;  alias, 1 drivers
v000002cde7a98510_0 .net "in_weight", 7 0, L_000002cde7d7fdf0;  alias, 1 drivers
v000002cde7a988d0_0 .net "load_weight", 0 0, L_000002cde7d815b0;  alias, 1 drivers
v000002cde7a98bf0_0 .var "out_act", 7 0;
v000002cde7a98f10_0 .var "out_psum", 31 0;
v000002cde7a992d0_0 .var/s "reg_weight", 7 0;
v000002cde7a99050_0 .net "rst_n", 0 0, L_000002cde7a71f90;  alias, 1 drivers
S_000002cde7c8b9d0 .scope generate, "COL_LOOP[8]" "COL_LOOP[8]" 9 55, 9 55 0, S_000002cde7c871e0;
 .timescale -9 -12;
P_000002cde7aff060 .param/l "c" 0 9 55, +C4<01000>;
v000002cde79041a0_0 .net "pe_in_act", 7 0, L_000002cde7a72380;  1 drivers
L_000002cde7db1b30 .functor BUFT 1, C4<00000000000000000000000000000000>, C4<0>, C4<0>, C4<0>;
v000002cde7905500_0 .net "pe_in_psum", 31 0, L_000002cde7db1b30;  1 drivers
v000002cde7905d20_0 .net "pe_in_weight", 7 0, L_000002cde7d7f2b0;  1 drivers
v000002cde79051e0_0 .net "pe_load_en", 0 0, L_000002cde7d7fad0;  1 drivers
S_000002cde7c8bb60 .scope generate, "genblk1" "genblk1" 9 61, 9 61 0, S_000002cde7c8b9d0;
 .timescale -9 -12;
L_000002cde7a72380 .functor BUFZ 8, v000002cde7a98bf0_0, C4<00000000>, C4<00000000>, C4<00000000>;
S_000002cde7c8c270 .scope generate, "genblk2" "genblk2" 9 72, 9 72 0, S_000002cde7c8b9d0;
 .timescale -9 -12;
S_000002cde7c8ca40 .scope module, "pe_inst" "pe" 9 91, 10 12 0, S_000002cde7c8b9d0;
 .timescale 0 0;
    .port_info 0 /INPUT 1 "clk";
    .port_info 1 /INPUT 1 "rst_n";
    .port_info 2 /INPUT 1 "en_compute";
    .port_info 3 /INPUT 1 "load_weight";
    .port_info 4 /INPUT 8 "in_act";
    .port_info 5 /INPUT 8 "in_weight";
    .port_info 6 /INPUT 32 "in_psum";
    .port_info 7 /OUTPUT 8 "out_act";
    .port_info 8 /OUTPUT 32 "out_psum";
v000002cde7a99b90_0 .net "clk", 0 0, v000002cde7d9c770_0;  alias, 1 drivers
v000002cde7a99d70_0 .net "en_compute", 0 0, L_000002cde7db18a8;  alias, 1 drivers
v000002cde7a99e10_0 .net "in_act", 7 0, L_000002cde7a72380;  alias, 1 drivers
v000002cde7a99f50_0 .net "in_psum", 31 0, L_000002cde7db1b30;  alias, 1 drivers
v000002cde79058c0_0 .net "in_weight", 7 0, L_000002cde7d7f2b0;  alias, 1 drivers
v000002cde7905320_0 .net "load_weight", 0 0, L_000002cde7d7fad0;  alias, 1 drivers
v000002cde79042e0_0 .var "out_act", 7 0;
v000002cde7904600_0 .var "out_psum", 31 0;
v000002cde7904c40_0 .var/s "reg_weight", 7 0;
v000002cde7905140_0 .net "rst_n", 0 0, L_000002cde7a71f90;  alias, 1 drivers
S_000002cde7c8d080 .scope generate, "COL_LOOP[9]" "COL_LOOP[9]" 9 55, 9 55 0, S_000002cde7c871e0;
 .timescale -9 -12;
P_000002cde7afe9e0 .param/l "c" 0 9 55, +C4<01001>;
v000002cde79056e0_0 .net "pe_in_act", 7 0, L_000002cde7a73340;  1 drivers
L_000002cde7db1b78 .functor BUFT 1, C4<00000000000000000000000000000000>, C4<0>, C4<0>, C4<0>;
v000002cde7905b40_0 .net "pe_in_psum", 31 0, L_000002cde7db1b78;  1 drivers
v000002cde7905be0_0 .net "pe_in_weight", 7 0, L_000002cde7d80430;  1 drivers
v000002cde7905f00_0 .net "pe_load_en", 0 0, L_000002cde7d7fc10;  1 drivers
S_000002cde7c8d210 .scope generate, "genblk1" "genblk1" 9 61, 9 61 0, S_000002cde7c8d080;
 .timescale -9 -12;
L_000002cde7a73340 .functor BUFZ 8, v000002cde79042e0_0, C4<00000000>, C4<00000000>, C4<00000000>;
S_000002cde7c8cd60 .scope generate, "genblk2" "genblk2" 9 72, 9 72 0, S_000002cde7c8d080;
 .timescale -9 -12;
S_000002cde7c8c720 .scope module, "pe_inst" "pe" 9 91, 10 12 0, S_000002cde7c8d080;
 .timescale 0 0;
    .port_info 0 /INPUT 1 "clk";
    .port_info 1 /INPUT 1 "rst_n";
    .port_info 2 /INPUT 1 "en_compute";
    .port_info 3 /INPUT 1 "load_weight";
    .port_info 4 /INPUT 8 "in_act";
    .port_info 5 /INPUT 8 "in_weight";
    .port_info 6 /INPUT 32 "in_psum";
    .port_info 7 /OUTPUT 8 "out_act";
    .port_info 8 /OUTPUT 32 "out_psum";
v000002cde79055a0_0 .net "clk", 0 0, v000002cde7d9c770_0;  alias, 1 drivers
v000002cde7905e60_0 .net "en_compute", 0 0, L_000002cde7db18a8;  alias, 1 drivers
v000002cde7904920_0 .net "in_act", 7 0, L_000002cde7a73340;  alias, 1 drivers
v000002cde7904b00_0 .net "in_psum", 31 0, L_000002cde7db1b78;  alias, 1 drivers
v000002cde7904880_0 .net "in_weight", 7 0, L_000002cde7d80430;  alias, 1 drivers
v000002cde7905640_0 .net "load_weight", 0 0, L_000002cde7d7fc10;  alias, 1 drivers
v000002cde7905aa0_0 .var "out_act", 7 0;
v000002cde7904ce0_0 .var "out_psum", 31 0;
v000002cde7906040_0 .var/s "reg_weight", 7 0;
v000002cde7904f60_0 .net "rst_n", 0 0, L_000002cde7a71f90;  alias, 1 drivers
S_000002cde7c8d530 .scope generate, "COL_LOOP[10]" "COL_LOOP[10]" 9 55, 9 55 0, S_000002cde7c871e0;
 .timescale -9 -12;
P_000002cde7afe8a0 .param/l "c" 0 9 55, +C4<01010>;
v000002cde78f04f0_0 .net "pe_in_act", 7 0, L_000002cde7a72700;  1 drivers
L_000002cde7db1bc0 .functor BUFT 1, C4<00000000000000000000000000000000>, C4<0>, C4<0>, C4<0>;
v000002cde78f0130_0 .net "pe_in_psum", 31 0, L_000002cde7db1bc0;  1 drivers
v000002cde78f1490_0 .net "pe_in_weight", 7 0, L_000002cde7d7fd50;  1 drivers
v000002cde78eff50_0 .net "pe_load_en", 0 0, L_000002cde7d813d0;  1 drivers
S_000002cde7c8d3a0 .scope generate, "genblk1" "genblk1" 9 61, 9 61 0, S_000002cde7c8d530;
 .timescale -9 -12;
L_000002cde7a72700 .functor BUFZ 8, v000002cde7905aa0_0, C4<00000000>, C4<00000000>, C4<00000000>;
S_000002cde7c8de90 .scope generate, "genblk2" "genblk2" 9 72, 9 72 0, S_000002cde7c8d530;
 .timescale -9 -12;
S_000002cde7c8c0e0 .scope module, "pe_inst" "pe" 9 91, 10 12 0, S_000002cde7c8d530;
 .timescale 0 0;
    .port_info 0 /INPUT 1 "clk";
    .port_info 1 /INPUT 1 "rst_n";
    .port_info 2 /INPUT 1 "en_compute";
    .port_info 3 /INPUT 1 "load_weight";
    .port_info 4 /INPUT 8 "in_act";
    .port_info 5 /INPUT 8 "in_weight";
    .port_info 6 /INPUT 32 "in_psum";
    .port_info 7 /OUTPUT 8 "out_act";
    .port_info 8 /OUTPUT 32 "out_psum";
v000002cde7905000_0 .net "clk", 0 0, v000002cde7d9c770_0;  alias, 1 drivers
v000002cde7905280_0 .net "en_compute", 0 0, L_000002cde7db18a8;  alias, 1 drivers
v000002cde7905dc0_0 .net "in_act", 7 0, L_000002cde7a72700;  alias, 1 drivers
v000002cde7905fa0_0 .net "in_psum", 31 0, L_000002cde7db1bc0;  alias, 1 drivers
v000002cde79053c0_0 .net "in_weight", 7 0, L_000002cde7d7fd50;  alias, 1 drivers
v000002cde7904240_0 .net "load_weight", 0 0, L_000002cde7d813d0;  alias, 1 drivers
v000002cde78f1030_0 .var "out_act", 7 0;
v000002cde78f0270_0 .var "out_psum", 31 0;
v000002cde78f13f0_0 .var/s "reg_weight", 7 0;
v000002cde78efc30_0 .net "rst_n", 0 0, L_000002cde7a71f90;  alias, 1 drivers
S_000002cde7c8cef0 .scope generate, "COL_LOOP[11]" "COL_LOOP[11]" 9 55, 9 55 0, S_000002cde7c871e0;
 .timescale -9 -12;
P_000002cde7afeb20 .param/l "c" 0 9 55, +C4<01011>;
v000002cde78f0450_0 .net "pe_in_act", 7 0, L_000002cde7a723f0;  1 drivers
L_000002cde7db1c08 .functor BUFT 1, C4<00000000000000000000000000000000>, C4<0>, C4<0>, C4<0>;
v000002cde78ef910_0 .net "pe_in_psum", 31 0, L_000002cde7db1c08;  1 drivers
v000002cde78efa50_0 .net "pe_in_weight", 7 0, L_000002cde7d80890;  1 drivers
v000002cde78efaf0_0 .net "pe_load_en", 0 0, L_000002cde7d801b0;  1 drivers
S_000002cde7c8c400 .scope generate, "genblk1" "genblk1" 9 61, 9 61 0, S_000002cde7c8cef0;
 .timescale -9 -12;
L_000002cde7a723f0 .functor BUFZ 8, v000002cde78f1030_0, C4<00000000>, C4<00000000>, C4<00000000>;
S_000002cde7c8cbd0 .scope generate, "genblk2" "genblk2" 9 72, 9 72 0, S_000002cde7c8cef0;
 .timescale -9 -12;
S_000002cde7c8d850 .scope module, "pe_inst" "pe" 9 91, 10 12 0, S_000002cde7c8cef0;
 .timescale 0 0;
    .port_info 0 /INPUT 1 "clk";
    .port_info 1 /INPUT 1 "rst_n";
    .port_info 2 /INPUT 1 "en_compute";
    .port_info 3 /INPUT 1 "load_weight";
    .port_info 4 /INPUT 8 "in_act";
    .port_info 5 /INPUT 8 "in_weight";
    .port_info 6 /INPUT 32 "in_psum";
    .port_info 7 /OUTPUT 8 "out_act";
    .port_info 8 /OUTPUT 32 "out_psum";
v000002cde78ef870_0 .net "clk", 0 0, v000002cde7d9c770_0;  alias, 1 drivers
v000002cde78f1170_0 .net "en_compute", 0 0, L_000002cde7db18a8;  alias, 1 drivers
v000002cde78ef690_0 .net "in_act", 7 0, L_000002cde7a723f0;  alias, 1 drivers
v000002cde78ef730_0 .net "in_psum", 31 0, L_000002cde7db1c08;  alias, 1 drivers
v000002cde78f0090_0 .net "in_weight", 7 0, L_000002cde7d80890;  alias, 1 drivers
v000002cde78efcd0_0 .net "load_weight", 0 0, L_000002cde7d801b0;  alias, 1 drivers
v000002cde78f12b0_0 .var "out_act", 7 0;
v000002cde78f08b0_0 .var "out_psum", 31 0;
v000002cde78ef7d0_0 .var/s "reg_weight", 7 0;
v000002cde78efe10_0 .net "rst_n", 0 0, L_000002cde7a71f90;  alias, 1 drivers
S_000002cde7c8d6c0 .scope generate, "COL_LOOP[12]" "COL_LOOP[12]" 9 55, 9 55 0, S_000002cde7c871e0;
 .timescale -9 -12;
P_000002cde7afe4e0 .param/l "c" 0 9 55, +C4<01100>;
v000002cde791b3d0_0 .net "pe_in_act", 7 0, L_000002cde7a72460;  1 drivers
L_000002cde7db1c50 .functor BUFT 1, C4<00000000000000000000000000000000>, C4<0>, C4<0>, C4<0>;
v000002cde791a4d0_0 .net "pe_in_psum", 31 0, L_000002cde7db1c50;  1 drivers
v000002cde791a750_0 .net "pe_in_weight", 7 0, L_000002cde7d80c50;  1 drivers
v000002cde791b830_0 .net "pe_load_en", 0 0, L_000002cde7d802f0;  1 drivers
S_000002cde7c8c8b0 .scope generate, "genblk1" "genblk1" 9 61, 9 61 0, S_000002cde7c8d6c0;
 .timescale -9 -12;
L_000002cde7a72460 .functor BUFZ 8, v000002cde78f12b0_0, C4<00000000>, C4<00000000>, C4<00000000>;
S_000002cde7c8d9e0 .scope generate, "genblk2" "genblk2" 9 72, 9 72 0, S_000002cde7c8d6c0;
 .timescale -9 -12;
S_000002cde7c8db70 .scope module, "pe_inst" "pe" 9 91, 10 12 0, S_000002cde7c8d6c0;
 .timescale 0 0;
    .port_info 0 /INPUT 1 "clk";
    .port_info 1 /INPUT 1 "rst_n";
    .port_info 2 /INPUT 1 "en_compute";
    .port_info 3 /INPUT 1 "load_weight";
    .port_info 4 /INPUT 8 "in_act";
    .port_info 5 /INPUT 8 "in_weight";
    .port_info 6 /INPUT 32 "in_psum";
    .port_info 7 /OUTPUT 8 "out_act";
    .port_info 8 /OUTPUT 32 "out_psum";
v000002cde78f0a90_0 .net "clk", 0 0, v000002cde7d9c770_0;  alias, 1 drivers
v000002cde78f0c70_0 .net "en_compute", 0 0, L_000002cde7db18a8;  alias, 1 drivers
v000002cde78f0e50_0 .net "in_act", 7 0, L_000002cde7a72460;  alias, 1 drivers
v000002cde78f01d0_0 .net "in_psum", 31 0, L_000002cde7db1c50;  alias, 1 drivers
v000002cde78f0630_0 .net "in_weight", 7 0, L_000002cde7d80c50;  alias, 1 drivers
v000002cde78f06d0_0 .net "load_weight", 0 0, L_000002cde7d802f0;  alias, 1 drivers
v000002cde78f0770_0 .var "out_act", 7 0;
v000002cde791ae30_0 .var "out_psum", 31 0;
v000002cde791aed0_0 .var/s "reg_weight", 7 0;
v000002cde791b0b0_0 .net "rst_n", 0 0, L_000002cde7a71f90;  alias, 1 drivers
S_000002cde7c8c590 .scope generate, "COL_LOOP[13]" "COL_LOOP[13]" 9 55, 9 55 0, S_000002cde7c871e0;
 .timescale -9 -12;
P_000002cde7afeda0 .param/l "c" 0 9 55, +C4<01101>;
v000002cde791a2f0_0 .net "pe_in_act", 7 0, L_000002cde7a733b0;  1 drivers
L_000002cde7db1c98 .functor BUFT 1, C4<00000000000000000000000000000000>, C4<0>, C4<0>, C4<0>;
v000002cde791a430_0 .net "pe_in_psum", 31 0, L_000002cde7db1c98;  1 drivers
v000002cde791a390_0 .net "pe_in_weight", 7 0, L_000002cde7d81790;  1 drivers
v000002cde791a9d0_0 .net "pe_load_en", 0 0, L_000002cde7d80610;  1 drivers
S_000002cde7c8dd00 .scope generate, "genblk1" "genblk1" 9 61, 9 61 0, S_000002cde7c8c590;
 .timescale -9 -12;
L_000002cde7a733b0 .functor BUFZ 8, v000002cde78f0770_0, C4<00000000>, C4<00000000>, C4<00000000>;
S_000002cde7c8f3b0 .scope generate, "genblk2" "genblk2" 9 72, 9 72 0, S_000002cde7c8c590;
 .timescale -9 -12;
S_000002cde7c8f860 .scope module, "pe_inst" "pe" 9 91, 10 12 0, S_000002cde7c8c590;
 .timescale 0 0;
    .port_info 0 /INPUT 1 "clk";
    .port_info 1 /INPUT 1 "rst_n";
    .port_info 2 /INPUT 1 "en_compute";
    .port_info 3 /INPUT 1 "load_weight";
    .port_info 4 /INPUT 8 "in_act";
    .port_info 5 /INPUT 8 "in_weight";
    .port_info 6 /INPUT 32 "in_psum";
    .port_info 7 /OUTPUT 8 "out_act";
    .port_info 8 /OUTPUT 32 "out_psum";
v000002cde791b8d0_0 .net "clk", 0 0, v000002cde7d9c770_0;  alias, 1 drivers
v000002cde791ba10_0 .net "en_compute", 0 0, L_000002cde7db18a8;  alias, 1 drivers
v000002cde7919f30_0 .net "in_act", 7 0, L_000002cde7a733b0;  alias, 1 drivers
v000002cde791a1b0_0 .net "in_psum", 31 0, L_000002cde7db1c98;  alias, 1 drivers
v000002cde791bab0_0 .net "in_weight", 7 0, L_000002cde7d81790;  alias, 1 drivers
v000002cde791bbf0_0 .net "load_weight", 0 0, L_000002cde7d80610;  alias, 1 drivers
v000002cde7919df0_0 .var "out_act", 7 0;
v000002cde7919fd0_0 .var "out_psum", 31 0;
v000002cde791a110_0 .var/s "reg_weight", 7 0;
v000002cde791a250_0 .net "rst_n", 0 0, L_000002cde7a71f90;  alias, 1 drivers
S_000002cde7c8f9f0 .scope generate, "COL_LOOP[14]" "COL_LOOP[14]" 9 55, 9 55 0, S_000002cde7c871e0;
 .timescale -9 -12;
P_000002cde7afe620 .param/l "c" 0 9 55, +C4<01110>;
v000002cde7965df0_0 .net "pe_in_act", 7 0, L_000002cde7a729a0;  1 drivers
L_000002cde7db1ce0 .functor BUFT 1, C4<00000000000000000000000000000000>, C4<0>, C4<0>, C4<0>;
v000002cde7965170_0 .net "pe_in_psum", 31 0, L_000002cde7db1ce0;  1 drivers
v000002cde7964090_0 .net "pe_in_weight", 7 0, L_000002cde7d7fe90;  1 drivers
v000002cde7964310_0 .net "pe_load_en", 0 0, L_000002cde7d80cf0;  1 drivers
S_000002cde7c8fea0 .scope generate, "genblk1" "genblk1" 9 61, 9 61 0, S_000002cde7c8f9f0;
 .timescale -9 -12;
L_000002cde7a729a0 .functor BUFZ 8, v000002cde7919df0_0, C4<00000000>, C4<00000000>, C4<00000000>;
S_000002cde7c8ed70 .scope generate, "genblk2" "genblk2" 9 72, 9 72 0, S_000002cde7c8f9f0;
 .timescale -9 -12;
S_000002cde7c8fd10 .scope module, "pe_inst" "pe" 9 91, 10 12 0, S_000002cde7c8f9f0;
 .timescale 0 0;
    .port_info 0 /INPUT 1 "clk";
    .port_info 1 /INPUT 1 "rst_n";
    .port_info 2 /INPUT 1 "en_compute";
    .port_info 3 /INPUT 1 "load_weight";
    .port_info 4 /INPUT 8 "in_act";
    .port_info 5 /INPUT 8 "in_weight";
    .port_info 6 /INPUT 32 "in_psum";
    .port_info 7 /OUTPUT 8 "out_act";
    .port_info 8 /OUTPUT 32 "out_psum";
v000002cde79644f0_0 .net "clk", 0 0, v000002cde7d9c770_0;  alias, 1 drivers
v000002cde7964e50_0 .net "en_compute", 0 0, L_000002cde7db18a8;  alias, 1 drivers
v000002cde79646d0_0 .net "in_act", 7 0, L_000002cde7a729a0;  alias, 1 drivers
v000002cde7964ef0_0 .net "in_psum", 31 0, L_000002cde7db1ce0;  alias, 1 drivers
v000002cde7964810_0 .net "in_weight", 7 0, L_000002cde7d7fe90;  alias, 1 drivers
v000002cde7965c10_0 .net "load_weight", 0 0, L_000002cde7d80cf0;  alias, 1 drivers
v000002cde7964950_0 .var "out_act", 7 0;
v000002cde7965030_0 .var "out_psum", 31 0;
v000002cde7965d50_0 .var/s "reg_weight", 7 0;
v000002cde7965ad0_0 .net "rst_n", 0 0, L_000002cde7a71f90;  alias, 1 drivers
S_000002cde7c8e410 .scope generate, "COL_LOOP[15]" "COL_LOOP[15]" 9 55, 9 55 0, S_000002cde7c871e0;
 .timescale -9 -12;
P_000002cde7afe6a0 .param/l "c" 0 9 55, +C4<01111>;
v000002cde7999540_0 .net "pe_in_act", 7 0, L_000002cde7a72c40;  1 drivers
L_000002cde7db1d28 .functor BUFT 1, C4<00000000000000000000000000000000>, C4<0>, C4<0>, C4<0>;
v000002cde7999d60_0 .net "pe_in_psum", 31 0, L_000002cde7db1d28;  1 drivers
v000002cde7999360_0 .net "pe_in_weight", 7 0, L_000002cde7d80e30;  1 drivers
v000002cde7998500_0 .net "pe_load_en", 0 0, L_000002cde7d80930;  1 drivers
S_000002cde7c8fb80 .scope generate, "genblk1" "genblk1" 9 61, 9 61 0, S_000002cde7c8e410;
 .timescale -9 -12;
L_000002cde7a72c40 .functor BUFZ 8, v000002cde7964950_0, C4<00000000>, C4<00000000>, C4<00000000>;
S_000002cde7c8ef00 .scope generate, "genblk2" "genblk2" 9 72, 9 72 0, S_000002cde7c8e410;
 .timescale -9 -12;
S_000002cde7c8e0f0 .scope module, "pe_inst" "pe" 9 91, 10 12 0, S_000002cde7c8e410;
 .timescale 0 0;
    .port_info 0 /INPUT 1 "clk";
    .port_info 1 /INPUT 1 "rst_n";
    .port_info 2 /INPUT 1 "en_compute";
    .port_info 3 /INPUT 1 "load_weight";
    .port_info 4 /INPUT 8 "in_act";
    .port_info 5 /INPUT 8 "in_weight";
    .port_info 6 /INPUT 32 "in_psum";
    .port_info 7 /OUTPUT 8 "out_act";
    .port_info 8 /OUTPUT 32 "out_psum";
v000002cde7965530_0 .net "clk", 0 0, v000002cde7d9c770_0;  alias, 1 drivers
v000002cde7965490_0 .net "en_compute", 0 0, L_000002cde7db18a8;  alias, 1 drivers
v000002cde79655d0_0 .net "in_act", 7 0, L_000002cde7a72c40;  alias, 1 drivers
v000002cde7965850_0 .net "in_psum", 31 0, L_000002cde7db1d28;  alias, 1 drivers
v000002cde79658f0_0 .net "in_weight", 7 0, L_000002cde7d80e30;  alias, 1 drivers
v000002cde7999b80_0 .net "load_weight", 0 0, L_000002cde7d80930;  alias, 1 drivers
v000002cde7998140_0 .var "out_act", 7 0;
v000002cde7998820_0 .var "out_psum", 31 0;
v000002cde7999180_0 .var/s "reg_weight", 7 0;
v000002cde79981e0_0 .net "rst_n", 0 0, L_000002cde7a71f90;  alias, 1 drivers
S_000002cde7c8e280 .scope generate, "ROW_LOOP[1]" "ROW_LOOP[1]" 9 54, 9 54 0, S_000002cde7c86a10;
 .timescale -9 -12;
P_000002cde7afeba0 .param/l "r" 0 9 54, +C4<01>;
S_000002cde7c8ebe0 .scope generate, "COL_LOOP[0]" "COL_LOOP[0]" 9 55, 9 55 0, S_000002cde7c8e280;
 .timescale -9 -12;
P_000002cde7aff0a0 .param/l "c" 0 9 55, +C4<00>;
v000002cde79677c0_0 .net "pe_in_act", 7 0, L_000002cde7d80570;  1 drivers
v000002cde7966d20_0 .net "pe_in_psum", 31 0, L_000002cde7a73570;  1 drivers
v000002cde79661e0_0 .net "pe_in_weight", 7 0, L_000002cde7d804d0;  1 drivers
v000002cde79668c0_0 .net "pe_load_en", 0 0, L_000002cde7d80f70;  1 drivers
S_000002cde7c8e5a0 .scope generate, "genblk1" "genblk1" 9 61, 9 61 0, S_000002cde7c8ebe0;
 .timescale -9 -12;
S_000002cde7c8f090 .scope generate, "genblk2" "genblk2" 9 72, 9 72 0, S_000002cde7c8ebe0;
 .timescale -9 -12;
L_000002cde7a73570 .functor BUFZ 32, v000002cde7a3e890_0, C4<00000000000000000000000000000000>, C4<00000000000000000000000000000000>, C4<00000000000000000000000000000000>;
S_000002cde7c8f220 .scope module, "pe_inst" "pe" 9 91, 10 12 0, S_000002cde7c8ebe0;
 .timescale 0 0;
    .port_info 0 /INPUT 1 "clk";
    .port_info 1 /INPUT 1 "rst_n";
    .port_info 2 /INPUT 1 "en_compute";
    .port_info 3 /INPUT 1 "load_weight";
    .port_info 4 /INPUT 8 "in_act";
    .port_info 5 /INPUT 8 "in_weight";
    .port_info 6 /INPUT 32 "in_psum";
    .port_info 7 /OUTPUT 8 "out_act";
    .port_info 8 /OUTPUT 32 "out_psum";
v000002cde7999e00_0 .net "clk", 0 0, v000002cde7d9c770_0;  alias, 1 drivers
v000002cde7999860_0 .net "en_compute", 0 0, L_000002cde7db18a8;  alias, 1 drivers
v000002cde7998280_0 .net "in_act", 7 0, L_000002cde7d80570;  alias, 1 drivers
v000002cde79985a0_0 .net "in_psum", 31 0, L_000002cde7a73570;  alias, 1 drivers
v000002cde7998640_0 .net "in_weight", 7 0, L_000002cde7d804d0;  alias, 1 drivers
v000002cde79986e0_0 .net "load_weight", 0 0, L_000002cde7d80f70;  alias, 1 drivers
v000002cde7998aa0_0 .var "out_act", 7 0;
v000002cde7998c80_0 .var "out_psum", 31 0;
v000002cde7999040_0 .var/s "reg_weight", 7 0;
v000002cde7998f00_0 .net "rst_n", 0 0, L_000002cde7a71f90;  alias, 1 drivers
S_000002cde7c8f540 .scope generate, "COL_LOOP[1]" "COL_LOOP[1]" 9 55, 9 55 0, S_000002cde7c8e280;
 .timescale -9 -12;
P_000002cde7afec60 .param/l "c" 0 9 55, +C4<01>;
v000002cde7966fa0_0 .net "pe_in_act", 7 0, L_000002cde7a73650;  1 drivers
v000002cde7967ae0_0 .net "pe_in_psum", 31 0, L_000002cde7a73c00;  1 drivers
v000002cde79665a0_0 .net "pe_in_weight", 7 0, L_000002cde7d811f0;  1 drivers
v000002cde7966640_0 .net "pe_load_en", 0 0, L_000002cde7d7f350;  1 drivers
S_000002cde7c8e730 .scope generate, "genblk1" "genblk1" 9 61, 9 61 0, S_000002cde7c8f540;
 .timescale -9 -12;
L_000002cde7a73650 .functor BUFZ 8, v000002cde7998aa0_0, C4<00000000>, C4<00000000>, C4<00000000>;
S_000002cde7c8e8c0 .scope generate, "genblk2" "genblk2" 9 72, 9 72 0, S_000002cde7c8f540;
 .timescale -9 -12;
L_000002cde7a73c00 .functor BUFZ 32, v000002cde7a3f970_0, C4<00000000000000000000000000000000>, C4<00000000000000000000000000000000>, C4<00000000000000000000000000000000>;
S_000002cde7c8f6d0 .scope module, "pe_inst" "pe" 9 91, 10 12 0, S_000002cde7c8f540;
 .timescale 0 0;
    .port_info 0 /INPUT 1 "clk";
    .port_info 1 /INPUT 1 "rst_n";
    .port_info 2 /INPUT 1 "en_compute";
    .port_info 3 /INPUT 1 "load_weight";
    .port_info 4 /INPUT 8 "in_act";
    .port_info 5 /INPUT 8 "in_weight";
    .port_info 6 /INPUT 32 "in_psum";
    .port_info 7 /OUTPUT 8 "out_act";
    .port_info 8 /OUTPUT 32 "out_psum";
v000002cde7967ea0_0 .net "clk", 0 0, v000002cde7d9c770_0;  alias, 1 drivers
v000002cde7966280_0 .net "en_compute", 0 0, L_000002cde7db18a8;  alias, 1 drivers
v000002cde7967900_0 .net "in_act", 7 0, L_000002cde7a73650;  alias, 1 drivers
v000002cde79663c0_0 .net "in_psum", 31 0, L_000002cde7a73c00;  alias, 1 drivers
v000002cde7967180_0 .net "in_weight", 7 0, L_000002cde7d811f0;  alias, 1 drivers
v000002cde7966e60_0 .net "load_weight", 0 0, L_000002cde7d7f350;  alias, 1 drivers
v000002cde7966460_0 .var "out_act", 7 0;
v000002cde7967220_0 .var "out_psum", 31 0;
v000002cde79679a0_0 .var/s "reg_weight", 7 0;
v000002cde79672c0_0 .net "rst_n", 0 0, L_000002cde7a71f90;  alias, 1 drivers
S_000002cde7c8ea50 .scope generate, "COL_LOOP[2]" "COL_LOOP[2]" 9 55, 9 55 0, S_000002cde7c8e280;
 .timescale -9 -12;
P_000002cde7afeca0 .param/l "c" 0 9 55, +C4<010>;
v000002cde79bc880_0 .net "pe_in_act", 7 0, L_000002cde7a73ab0;  1 drivers
v000002cde79bc920_0 .net "pe_in_psum", 31 0, L_000002cde7a739d0;  1 drivers
v000002cde79bcb00_0 .net "pe_in_weight", 7 0, L_000002cde7d81290;  1 drivers
v000002cde79bcd80_0 .net "pe_load_en", 0 0, L_000002cde7d81830;  1 drivers
S_000002cde7c92360 .scope generate, "genblk1" "genblk1" 9 61, 9 61 0, S_000002cde7c8ea50;
 .timescale -9 -12;
L_000002cde7a73ab0 .functor BUFZ 8, v000002cde7966460_0, C4<00000000>, C4<00000000>, C4<00000000>;
S_000002cde7c91870 .scope generate, "genblk2" "genblk2" 9 72, 9 72 0, S_000002cde7c8ea50;
 .timescale -9 -12;
L_000002cde7a739d0 .functor BUFZ 32, v000002cde7a41950_0, C4<00000000000000000000000000000000>, C4<00000000000000000000000000000000>, C4<00000000000000000000000000000000>;
S_000002cde7c921d0 .scope module, "pe_inst" "pe" 9 91, 10 12 0, S_000002cde7c8ea50;
 .timescale 0 0;
    .port_info 0 /INPUT 1 "clk";
    .port_info 1 /INPUT 1 "rst_n";
    .port_info 2 /INPUT 1 "en_compute";
    .port_info 3 /INPUT 1 "load_weight";
    .port_info 4 /INPUT 8 "in_act";
    .port_info 5 /INPUT 8 "in_weight";
    .port_info 6 /INPUT 32 "in_psum";
    .port_info 7 /OUTPUT 8 "out_act";
    .port_info 8 /OUTPUT 32 "out_psum";
v000002cde79bda00_0 .net "clk", 0 0, v000002cde7d9c770_0;  alias, 1 drivers
v000002cde79bdf00_0 .net "en_compute", 0 0, L_000002cde7db18a8;  alias, 1 drivers
v000002cde79bcc40_0 .net "in_act", 7 0, L_000002cde7a73ab0;  alias, 1 drivers
v000002cde79bd460_0 .net "in_psum", 31 0, L_000002cde7a739d0;  alias, 1 drivers
v000002cde79bd960_0 .net "in_weight", 7 0, L_000002cde7d81290;  alias, 1 drivers
v000002cde79bc100_0 .net "load_weight", 0 0, L_000002cde7d81830;  alias, 1 drivers
v000002cde79bc1a0_0 .var "out_act", 7 0;
v000002cde79bc6a0_0 .var "out_psum", 31 0;
v000002cde79bd780_0 .var/s "reg_weight", 7 0;
v000002cde79bc740_0 .net "rst_n", 0 0, L_000002cde7a71f90;  alias, 1 drivers
S_000002cde7c913c0 .scope generate, "COL_LOOP[3]" "COL_LOOP[3]" 9 55, 9 55 0, S_000002cde7c8e280;
 .timescale -9 -12;
P_000002cde7affea0 .param/l "c" 0 9 55, +C4<011>;
v000002cde7952ed0_0 .net "pe_in_act", 7 0, L_000002cde7a73d50;  1 drivers
v000002cde79522f0_0 .net "pe_in_psum", 31 0, L_000002cde7a701d0;  1 drivers
v000002cde7953150_0 .net "pe_in_weight", 7 0, L_000002cde7d81470;  1 drivers
v000002cde79538d0_0 .net "pe_load_en", 0 0, L_000002cde7d7f0d0;  1 drivers
S_000002cde7c916e0 .scope generate, "genblk1" "genblk1" 9 61, 9 61 0, S_000002cde7c913c0;
 .timescale -9 -12;
L_000002cde7a73d50 .functor BUFZ 8, v000002cde79bc1a0_0, C4<00000000>, C4<00000000>, C4<00000000>;
S_000002cde7c937b0 .scope generate, "genblk2" "genblk2" 9 72, 9 72 0, S_000002cde7c913c0;
 .timescale -9 -12;
L_000002cde7a701d0 .functor BUFZ 32, v000002cde7a6f950_0, C4<00000000000000000000000000000000>, C4<00000000000000000000000000000000>, C4<00000000000000000000000000000000>;
S_000002cde7c90a60 .scope module, "pe_inst" "pe" 9 91, 10 12 0, S_000002cde7c913c0;
 .timescale 0 0;
    .port_info 0 /INPUT 1 "clk";
    .port_info 1 /INPUT 1 "rst_n";
    .port_info 2 /INPUT 1 "en_compute";
    .port_info 3 /INPUT 1 "load_weight";
    .port_info 4 /INPUT 8 "in_act";
    .port_info 5 /INPUT 8 "in_weight";
    .port_info 6 /INPUT 32 "in_psum";
    .port_info 7 /OUTPUT 8 "out_act";
    .port_info 8 /OUTPUT 32 "out_psum";
v000002cde79bca60_0 .net "clk", 0 0, v000002cde7d9c770_0;  alias, 1 drivers
v000002cde79bcba0_0 .net "en_compute", 0 0, L_000002cde7db18a8;  alias, 1 drivers
v000002cde79bce20_0 .net "in_act", 7 0, L_000002cde7a73d50;  alias, 1 drivers
v000002cde7952d90_0 .net "in_psum", 31 0, L_000002cde7a701d0;  alias, 1 drivers
v000002cde7952610_0 .net "in_weight", 7 0, L_000002cde7d81470;  alias, 1 drivers
v000002cde7952f70_0 .net "load_weight", 0 0, L_000002cde7d7f0d0;  alias, 1 drivers
v000002cde7953650_0 .var "out_act", 7 0;
v000002cde7953830_0 .var "out_psum", 31 0;
v000002cde7952930_0 .var/s "reg_weight", 7 0;
v000002cde7952070_0 .net "rst_n", 0 0, L_000002cde7a71f90;  alias, 1 drivers
S_000002cde7c90100 .scope generate, "COL_LOOP[4]" "COL_LOOP[4]" 9 55, 9 55 0, S_000002cde7c8e280;
 .timescale -9 -12;
P_000002cde7afff20 .param/l "c" 0 9 55, +C4<0100>;
v000002cde7c9d1a0_0 .net "pe_in_act", 7 0, L_000002cde7a70160;  1 drivers
v000002cde7c9cf20_0 .net "pe_in_psum", 31 0, L_000002cde7a71200;  1 drivers
v000002cde7c9d4c0_0 .net "pe_in_weight", 7 0, L_000002cde7d7f3f0;  1 drivers
v000002cde7c9d100_0 .net "pe_load_en", 0 0, L_000002cde7e0a8b0;  1 drivers
S_000002cde7c93940 .scope generate, "genblk1" "genblk1" 9 61, 9 61 0, S_000002cde7c90100;
 .timescale -9 -12;
L_000002cde7a70160 .functor BUFZ 8, v000002cde7953650_0, C4<00000000>, C4<00000000>, C4<00000000>;
S_000002cde7c91550 .scope generate, "genblk2" "genblk2" 9 72, 9 72 0, S_000002cde7c90100;
 .timescale -9 -12;
L_000002cde7a71200 .functor BUFZ 32, v000002cde7a6dc90_0, C4<00000000000000000000000000000000>, C4<00000000000000000000000000000000>, C4<00000000000000000000000000000000>;
S_000002cde7c924f0 .scope module, "pe_inst" "pe" 9 91, 10 12 0, S_000002cde7c90100;
 .timescale 0 0;
    .port_info 0 /INPUT 1 "clk";
    .port_info 1 /INPUT 1 "rst_n";
    .port_info 2 /INPUT 1 "en_compute";
    .port_info 3 /INPUT 1 "load_weight";
    .port_info 4 /INPUT 8 "in_act";
    .port_info 5 /INPUT 8 "in_weight";
    .port_info 6 /INPUT 32 "in_psum";
    .port_info 7 /OUTPUT 8 "out_act";
    .port_info 8 /OUTPUT 32 "out_psum";
v000002cde7952250_0 .net "clk", 0 0, v000002cde7d9c770_0;  alias, 1 drivers
v000002cde7953ab0_0 .net "en_compute", 0 0, L_000002cde7db18a8;  alias, 1 drivers
v000002cde7952430_0 .net "in_act", 7 0, L_000002cde7a70160;  alias, 1 drivers
v000002cde79526b0_0 .net "in_psum", 31 0, L_000002cde7a71200;  alias, 1 drivers
v000002cde78e63f0_0 .net "in_weight", 7 0, L_000002cde7d7f3f0;  alias, 1 drivers
v000002cde78e6670_0 .net "load_weight", 0 0, L_000002cde7e0a8b0;  alias, 1 drivers
v000002cde78e6710_0 .var "out_act", 7 0;
v000002cde78e68f0_0 .var "out_psum", 31 0;
v000002cde7c9cb60_0 .var/s "reg_weight", 7 0;
v000002cde7c9d380_0 .net "rst_n", 0 0, L_000002cde7a71f90;  alias, 1 drivers
S_000002cde7c929a0 .scope generate, "COL_LOOP[5]" "COL_LOOP[5]" 9 55, 9 55 0, S_000002cde7c8e280;
 .timescale -9 -12;
P_000002cde7afffe0 .param/l "c" 0 9 55, +C4<0101>;
v000002cde7c9c980_0 .net "pe_in_act", 7 0, L_000002cde7a70da0;  1 drivers
v000002cde7c9c480_0 .net "pe_in_psum", 31 0, L_000002cde7a70320;  1 drivers
v000002cde7c9b940_0 .net "pe_in_weight", 7 0, L_000002cde7e09ff0;  1 drivers
v000002cde7c9cca0_0 .net "pe_load_en", 0 0, L_000002cde7e0a450;  1 drivers
S_000002cde7c91a00 .scope generate, "genblk1" "genblk1" 9 61, 9 61 0, S_000002cde7c929a0;
 .timescale -9 -12;
L_000002cde7a70da0 .functor BUFZ 8, v000002cde78e6710_0, C4<00000000>, C4<00000000>, C4<00000000>;
S_000002cde7c93ad0 .scope generate, "genblk2" "genblk2" 9 72, 9 72 0, S_000002cde7c929a0;
 .timescale -9 -12;
L_000002cde7a70320 .functor BUFZ 32, v000002cde7a6c070_0, C4<00000000000000000000000000000000>, C4<00000000000000000000000000000000>, C4<00000000000000000000000000000000>;
S_000002cde7c92e50 .scope module, "pe_inst" "pe" 9 91, 10 12 0, S_000002cde7c929a0;
 .timescale 0 0;
    .port_info 0 /INPUT 1 "clk";
    .port_info 1 /INPUT 1 "rst_n";
    .port_info 2 /INPUT 1 "en_compute";
    .port_info 3 /INPUT 1 "load_weight";
    .port_info 4 /INPUT 8 "in_act";
    .port_info 5 /INPUT 8 "in_weight";
    .port_info 6 /INPUT 32 "in_psum";
    .port_info 7 /OUTPUT 8 "out_act";
    .port_info 8 /OUTPUT 32 "out_psum";
v000002cde7c9cfc0_0 .net "clk", 0 0, v000002cde7d9c770_0;  alias, 1 drivers
v000002cde7c9e000_0 .net "en_compute", 0 0, L_000002cde7db18a8;  alias, 1 drivers
v000002cde7c9e0a0_0 .net "in_act", 7 0, L_000002cde7a70da0;  alias, 1 drivers
v000002cde7c9c3e0_0 .net "in_psum", 31 0, L_000002cde7a70320;  alias, 1 drivers
v000002cde7c9bb20_0 .net "in_weight", 7 0, L_000002cde7e09ff0;  alias, 1 drivers
v000002cde7c9dc40_0 .net "load_weight", 0 0, L_000002cde7e0a450;  alias, 1 drivers
v000002cde7c9ba80_0 .var "out_act", 7 0;
v000002cde7c9d240_0 .var "out_psum", 31 0;
v000002cde7c9cc00_0 .var/s "reg_weight", 7 0;
v000002cde7c9db00_0 .net "rst_n", 0 0, L_000002cde7a71f90;  alias, 1 drivers
S_000002cde7c92680 .scope generate, "COL_LOOP[6]" "COL_LOOP[6]" 9 55, 9 55 0, S_000002cde7c8e280;
 .timescale -9 -12;
P_000002cde7b00060 .param/l "c" 0 9 55, +C4<0110>;
v000002cde7c9dce0_0 .net "pe_in_act", 7 0, L_000002cde7a71740;  1 drivers
v000002cde7c9dd80_0 .net "pe_in_psum", 31 0, L_000002cde7a70240;  1 drivers
v000002cde7c9c0c0_0 .net "pe_in_weight", 7 0, L_000002cde7e0ac70;  1 drivers
v000002cde7c9d600_0 .net "pe_load_en", 0 0, L_000002cde7e09eb0;  1 drivers
S_000002cde7c910a0 .scope generate, "genblk1" "genblk1" 9 61, 9 61 0, S_000002cde7c92680;
 .timescale -9 -12;
L_000002cde7a71740 .functor BUFZ 8, v000002cde7c9ba80_0, C4<00000000>, C4<00000000>, C4<00000000>;
S_000002cde7c91b90 .scope generate, "genblk2" "genblk2" 9 72, 9 72 0, S_000002cde7c92680;
 .timescale -9 -12;
L_000002cde7a70240 .functor BUFZ 32, v000002cde7a9b490_0, C4<00000000000000000000000000000000>, C4<00000000000000000000000000000000>, C4<00000000000000000000000000000000>;
S_000002cde7c90bf0 .scope module, "pe_inst" "pe" 9 91, 10 12 0, S_000002cde7c92680;
 .timescale 0 0;
    .port_info 0 /INPUT 1 "clk";
    .port_info 1 /INPUT 1 "rst_n";
    .port_info 2 /INPUT 1 "en_compute";
    .port_info 3 /INPUT 1 "load_weight";
    .port_info 4 /INPUT 8 "in_act";
    .port_info 5 /INPUT 8 "in_weight";
    .port_info 6 /INPUT 32 "in_psum";
    .port_info 7 /OUTPUT 8 "out_act";
    .port_info 8 /OUTPUT 32 "out_psum";
v000002cde7c9dba0_0 .net "clk", 0 0, v000002cde7d9c770_0;  alias, 1 drivers
v000002cde7c9d920_0 .net "en_compute", 0 0, L_000002cde7db18a8;  alias, 1 drivers
v000002cde7c9c020_0 .net "in_act", 7 0, L_000002cde7a71740;  alias, 1 drivers
v000002cde7c9d420_0 .net "in_psum", 31 0, L_000002cde7a70240;  alias, 1 drivers
v000002cde7c9cde0_0 .net "in_weight", 7 0, L_000002cde7e0ac70;  alias, 1 drivers
v000002cde7c9bf80_0 .net "load_weight", 0 0, L_000002cde7e09eb0;  alias, 1 drivers
v000002cde7c9c520_0 .var "out_act", 7 0;
v000002cde7c9c8e0_0 .var "out_psum", 31 0;
v000002cde7c9cac0_0 .var/s "reg_weight", 7 0;
v000002cde7c9d560_0 .net "rst_n", 0 0, L_000002cde7a71f90;  alias, 1 drivers
S_000002cde7c90420 .scope generate, "COL_LOOP[7]" "COL_LOOP[7]" 9 55, 9 55 0, S_000002cde7c8e280;
 .timescale -9 -12;
P_000002cde7aff260 .param/l "c" 0 9 55, +C4<0111>;
v000002cde7c9b9e0_0 .net "pe_in_act", 7 0, L_000002cde7a70390;  1 drivers
v000002cde7c9dec0_0 .net "pe_in_psum", 31 0, L_000002cde7a709b0;  1 drivers
v000002cde7c9d740_0 .net "pe_in_weight", 7 0, L_000002cde7e0b350;  1 drivers
v000002cde7c9bd00_0 .net "pe_load_en", 0 0, L_000002cde7e0ad10;  1 drivers
S_000002cde7c91d20 .scope generate, "genblk1" "genblk1" 9 61, 9 61 0, S_000002cde7c90420;
 .timescale -9 -12;
L_000002cde7a70390 .functor BUFZ 8, v000002cde7c9c520_0, C4<00000000>, C4<00000000>, C4<00000000>;
S_000002cde7c91eb0 .scope generate, "genblk2" "genblk2" 9 72, 9 72 0, S_000002cde7c90420;
 .timescale -9 -12;
L_000002cde7a709b0 .functor BUFZ 32, v000002cde7a98f10_0, C4<00000000000000000000000000000000>, C4<00000000000000000000000000000000>, C4<00000000000000000000000000000000>;
S_000002cde7c92040 .scope module, "pe_inst" "pe" 9 91, 10 12 0, S_000002cde7c90420;
 .timescale 0 0;
    .port_info 0 /INPUT 1 "clk";
    .port_info 1 /INPUT 1 "rst_n";
    .port_info 2 /INPUT 1 "en_compute";
    .port_info 3 /INPUT 1 "load_weight";
    .port_info 4 /INPUT 8 "in_act";
    .port_info 5 /INPUT 8 "in_weight";
    .port_info 6 /INPUT 32 "in_psum";
    .port_info 7 /OUTPUT 8 "out_act";
    .port_info 8 /OUTPUT 32 "out_psum";
v000002cde7c9ce80_0 .net "clk", 0 0, v000002cde7d9c770_0;  alias, 1 drivers
v000002cde7c9c660_0 .net "en_compute", 0 0, L_000002cde7db18a8;  alias, 1 drivers
v000002cde7c9d060_0 .net "in_act", 7 0, L_000002cde7a70390;  alias, 1 drivers
v000002cde7c9de20_0 .net "in_psum", 31 0, L_000002cde7a709b0;  alias, 1 drivers
v000002cde7c9c160_0 .net "in_weight", 7 0, L_000002cde7e0b350;  alias, 1 drivers
v000002cde7c9d2e0_0 .net "load_weight", 0 0, L_000002cde7e0ad10;  alias, 1 drivers
v000002cde7c9bbc0_0 .var "out_act", 7 0;
v000002cde7c9bc60_0 .var "out_psum", 31 0;
v000002cde7c9d6a0_0 .var/s "reg_weight", 7 0;
v000002cde7c9c200_0 .net "rst_n", 0 0, L_000002cde7a71f90;  alias, 1 drivers
S_000002cde7c92cc0 .scope generate, "COL_LOOP[8]" "COL_LOOP[8]" 9 55, 9 55 0, S_000002cde7c8e280;
 .timescale -9 -12;
P_000002cde7aff9a0 .param/l "c" 0 9 55, +C4<01000>;
v000002cde7c9c7a0_0 .net "pe_in_act", 7 0, L_000002cde7a71b30;  1 drivers
v000002cde7c9c840_0 .net "pe_in_psum", 31 0, L_000002cde7a71580;  1 drivers
v000002cde7c9ffe0_0 .net "pe_in_weight", 7 0, L_000002cde7e0a090;  1 drivers
v000002cde7ca01c0_0 .net "pe_load_en", 0 0, L_000002cde7e0a590;  1 drivers
S_000002cde7c92810 .scope generate, "genblk1" "genblk1" 9 61, 9 61 0, S_000002cde7c92cc0;
 .timescale -9 -12;
L_000002cde7a71b30 .functor BUFZ 8, v000002cde7c9bbc0_0, C4<00000000>, C4<00000000>, C4<00000000>;
S_000002cde7c92b30 .scope generate, "genblk2" "genblk2" 9 72, 9 72 0, S_000002cde7c92cc0;
 .timescale -9 -12;
L_000002cde7a71580 .functor BUFZ 32, v000002cde7904600_0, C4<00000000000000000000000000000000>, C4<00000000000000000000000000000000>, C4<00000000000000000000000000000000>;
S_000002cde7c90f10 .scope module, "pe_inst" "pe" 9 91, 10 12 0, S_000002cde7c92cc0;
 .timescale 0 0;
    .port_info 0 /INPUT 1 "clk";
    .port_info 1 /INPUT 1 "rst_n";
    .port_info 2 /INPUT 1 "en_compute";
    .port_info 3 /INPUT 1 "load_weight";
    .port_info 4 /INPUT 8 "in_act";
    .port_info 5 /INPUT 8 "in_weight";
    .port_info 6 /INPUT 32 "in_psum";
    .port_info 7 /OUTPUT 8 "out_act";
    .port_info 8 /OUTPUT 32 "out_psum";
v000002cde7c9d880_0 .net "clk", 0 0, v000002cde7d9c770_0;  alias, 1 drivers
v000002cde7c9d9c0_0 .net "en_compute", 0 0, L_000002cde7db18a8;  alias, 1 drivers
v000002cde7c9da60_0 .net "in_act", 7 0, L_000002cde7a71b30;  alias, 1 drivers
v000002cde7c9c5c0_0 .net "in_psum", 31 0, L_000002cde7a71580;  alias, 1 drivers
v000002cde7c9df60_0 .net "in_weight", 7 0, L_000002cde7e0a090;  alias, 1 drivers
v000002cde7c9bda0_0 .net "load_weight", 0 0, L_000002cde7e0a590;  alias, 1 drivers
v000002cde7c9bee0_0 .var "out_act", 7 0;
v000002cde7c9c2a0_0 .var "out_psum", 31 0;
v000002cde7c9c340_0 .var/s "reg_weight", 7 0;
v000002cde7c9c700_0 .net "rst_n", 0 0, L_000002cde7a71f90;  alias, 1 drivers
S_000002cde7c93df0 .scope generate, "COL_LOOP[9]" "COL_LOOP[9]" 9 55, 9 55 0, S_000002cde7c8e280;
 .timescale -9 -12;
P_000002cde7aff3e0 .param/l "c" 0 9 55, +C4<01001>;
v000002cde7c9fc20_0 .net "pe_in_act", 7 0, L_000002cde7a71ba0;  1 drivers
v000002cde7c9e140_0 .net "pe_in_psum", 31 0, L_000002cde7a716d0;  1 drivers
v000002cde7ca0260_0 .net "pe_in_weight", 7 0, L_000002cde7e09870;  1 drivers
v000002cde7c9f4a0_0 .net "pe_load_en", 0 0, L_000002cde7e097d0;  1 drivers
S_000002cde7c92fe0 .scope generate, "genblk1" "genblk1" 9 61, 9 61 0, S_000002cde7c93df0;
 .timescale -9 -12;
L_000002cde7a71ba0 .functor BUFZ 8, v000002cde7c9bee0_0, C4<00000000>, C4<00000000>, C4<00000000>;
S_000002cde7c93c60 .scope generate, "genblk2" "genblk2" 9 72, 9 72 0, S_000002cde7c93df0;
 .timescale -9 -12;
L_000002cde7a716d0 .functor BUFZ 32, v000002cde7904ce0_0, C4<00000000000000000000000000000000>, C4<00000000000000000000000000000000>, C4<00000000000000000000000000000000>;
S_000002cde7c90290 .scope module, "pe_inst" "pe" 9 91, 10 12 0, S_000002cde7c93df0;
 .timescale 0 0;
    .port_info 0 /INPUT 1 "clk";
    .port_info 1 /INPUT 1 "rst_n";
    .port_info 2 /INPUT 1 "en_compute";
    .port_info 3 /INPUT 1 "load_weight";
    .port_info 4 /INPUT 8 "in_act";
    .port_info 5 /INPUT 8 "in_weight";
    .port_info 6 /INPUT 32 "in_psum";
    .port_info 7 /OUTPUT 8 "out_act";
    .port_info 8 /OUTPUT 32 "out_psum";
v000002cde7c9e5a0_0 .net "clk", 0 0, v000002cde7d9c770_0;  alias, 1 drivers
v000002cde7c9fea0_0 .net "en_compute", 0 0, L_000002cde7db18a8;  alias, 1 drivers
v000002cde7c9e820_0 .net "in_act", 7 0, L_000002cde7a71ba0;  alias, 1 drivers
v000002cde7c9fae0_0 .net "in_psum", 31 0, L_000002cde7a716d0;  alias, 1 drivers
v000002cde7c9fcc0_0 .net "in_weight", 7 0, L_000002cde7e09870;  alias, 1 drivers
v000002cde7c9edc0_0 .net "load_weight", 0 0, L_000002cde7e097d0;  alias, 1 drivers
v000002cde7c9f720_0 .var "out_act", 7 0;
v000002cde7c9e320_0 .var "out_psum", 31 0;
v000002cde7c9e6e0_0 .var/s "reg_weight", 7 0;
v000002cde7ca04e0_0 .net "rst_n", 0 0, L_000002cde7a71f90;  alias, 1 drivers
S_000002cde7c905b0 .scope generate, "COL_LOOP[10]" "COL_LOOP[10]" 9 55, 9 55 0, S_000002cde7c8e280;
 .timescale -9 -12;
P_000002cde7affa20 .param/l "c" 0 9 55, +C4<01010>;
v000002cde7c9f860_0 .net "pe_in_act", 7 0, L_000002cde7a70a90;  1 drivers
v000002cde7c9e460_0 .net "pe_in_psum", 31 0, L_000002cde7a70630;  1 drivers
v000002cde7c9ff40_0 .net "pe_in_weight", 7 0, L_000002cde7e0a9f0;  1 drivers
v000002cde7c9f0e0_0 .net "pe_load_en", 0 0, L_000002cde7e0b210;  1 drivers
S_000002cde7c93170 .scope generate, "genblk1" "genblk1" 9 61, 9 61 0, S_000002cde7c905b0;
 .timescale -9 -12;
L_000002cde7a70a90 .functor BUFZ 8, v000002cde7c9f720_0, C4<00000000>, C4<00000000>, C4<00000000>;
S_000002cde7c91230 .scope generate, "genblk2" "genblk2" 9 72, 9 72 0, S_000002cde7c905b0;
 .timescale -9 -12;
L_000002cde7a70630 .functor BUFZ 32, v000002cde78f0270_0, C4<00000000000000000000000000000000>, C4<00000000000000000000000000000000>, C4<00000000000000000000000000000000>;
S_000002cde7c90740 .scope module, "pe_inst" "pe" 9 91, 10 12 0, S_000002cde7c905b0;
 .timescale 0 0;
    .port_info 0 /INPUT 1 "clk";
    .port_info 1 /INPUT 1 "rst_n";
    .port_info 2 /INPUT 1 "en_compute";
    .port_info 3 /INPUT 1 "load_weight";
    .port_info 4 /INPUT 8 "in_act";
    .port_info 5 /INPUT 8 "in_weight";
    .port_info 6 /INPUT 32 "in_psum";
    .port_info 7 /OUTPUT 8 "out_act";
    .port_info 8 /OUTPUT 32 "out_psum";
v000002cde7c9f040_0 .net "clk", 0 0, v000002cde7d9c770_0;  alias, 1 drivers
v000002cde7ca0440_0 .net "en_compute", 0 0, L_000002cde7db18a8;  alias, 1 drivers
v000002cde7c9f2c0_0 .net "in_act", 7 0, L_000002cde7a70a90;  alias, 1 drivers
v000002cde7ca0580_0 .net "in_psum", 31 0, L_000002cde7a70630;  alias, 1 drivers
v000002cde7c9e280_0 .net "in_weight", 7 0, L_000002cde7e0a9f0;  alias, 1 drivers
v000002cde7c9e1e0_0 .net "load_weight", 0 0, L_000002cde7e0b210;  alias, 1 drivers
v000002cde7c9fd60_0 .var "out_act", 7 0;
v000002cde7c9e3c0_0 .var "out_psum", 31 0;
v000002cde7c9e640_0 .var/s "reg_weight", 7 0;
v000002cde7c9fe00_0 .net "rst_n", 0 0, L_000002cde7a71f90;  alias, 1 drivers
S_000002cde7c90d80 .scope generate, "COL_LOOP[11]" "COL_LOOP[11]" 9 55, 9 55 0, S_000002cde7c8e280;
 .timescale -9 -12;
P_000002cde7aff520 .param/l "c" 0 9 55, +C4<01011>;
v000002cde7ca08a0_0 .net "pe_in_act", 7 0, L_000002cde7a71270;  1 drivers
v000002cde7ca0620_0 .net "pe_in_psum", 31 0, L_000002cde7a719e0;  1 drivers
v000002cde7c9f5e0_0 .net "pe_in_weight", 7 0, L_000002cde7e0ae50;  1 drivers
v000002cde7c9fb80_0 .net "pe_load_en", 0 0, L_000002cde7e09910;  1 drivers
S_000002cde7c93300 .scope generate, "genblk1" "genblk1" 9 61, 9 61 0, S_000002cde7c90d80;
 .timescale -9 -12;
L_000002cde7a71270 .functor BUFZ 8, v000002cde7c9fd60_0, C4<00000000>, C4<00000000>, C4<00000000>;
S_000002cde7c908d0 .scope generate, "genblk2" "genblk2" 9 72, 9 72 0, S_000002cde7c90d80;
 .timescale -9 -12;
L_000002cde7a719e0 .functor BUFZ 32, v000002cde78f08b0_0, C4<00000000000000000000000000000000>, C4<00000000000000000000000000000000>, C4<00000000000000000000000000000000>;
S_000002cde7c93490 .scope module, "pe_inst" "pe" 9 91, 10 12 0, S_000002cde7c90d80;
 .timescale 0 0;
    .port_info 0 /INPUT 1 "clk";
    .port_info 1 /INPUT 1 "rst_n";
    .port_info 2 /INPUT 1 "en_compute";
    .port_info 3 /INPUT 1 "load_weight";
    .port_info 4 /INPUT 8 "in_act";
    .port_info 5 /INPUT 8 "in_weight";
    .port_info 6 /INPUT 32 "in_psum";
    .port_info 7 /OUTPUT 8 "out_act";
    .port_info 8 /OUTPUT 32 "out_psum";
v000002cde7ca03a0_0 .net "clk", 0 0, v000002cde7d9c770_0;  alias, 1 drivers
v000002cde7c9e780_0 .net "en_compute", 0 0, L_000002cde7db18a8;  alias, 1 drivers
v000002cde7c9f540_0 .net "in_act", 7 0, L_000002cde7a71270;  alias, 1 drivers
v000002cde7c9e500_0 .net "in_psum", 31 0, L_000002cde7a719e0;  alias, 1 drivers
v000002cde7ca0300_0 .net "in_weight", 7 0, L_000002cde7e0ae50;  alias, 1 drivers
v000002cde7ca0080_0 .net "load_weight", 0 0, L_000002cde7e09910;  alias, 1 drivers
v000002cde7c9f680_0 .var "out_act", 7 0;
v000002cde7c9ea00_0 .var "out_psum", 31 0;
v000002cde7ca0120_0 .var/s "reg_weight", 7 0;
v000002cde7c9f9a0_0 .net "rst_n", 0 0, L_000002cde7a71f90;  alias, 1 drivers
S_000002cde7c93620 .scope generate, "COL_LOOP[12]" "COL_LOOP[12]" 9 55, 9 55 0, S_000002cde7c8e280;
 .timescale -9 -12;
P_000002cde7aff5a0 .param/l "c" 0 9 55, +C4<01100>;
v000002cde7c9ed20_0 .net "pe_in_act", 7 0, L_000002cde7a712e0;  1 drivers
v000002cde7c9efa0_0 .net "pe_in_psum", 31 0, L_000002cde7a706a0;  1 drivers
v000002cde7c9f180_0 .net "pe_in_weight", 7 0, L_000002cde7e0be90;  1 drivers
v000002cde7c9f220_0 .net "pe_load_en", 0 0, L_000002cde7e0bdf0;  1 drivers
S_000002cde7ca4f30 .scope generate, "genblk1" "genblk1" 9 61, 9 61 0, S_000002cde7c93620;
 .timescale -9 -12;
L_000002cde7a712e0 .functor BUFZ 8, v000002cde7c9f680_0, C4<00000000>, C4<00000000>, C4<00000000>;
S_000002cde7ca6380 .scope generate, "genblk2" "genblk2" 9 72, 9 72 0, S_000002cde7c93620;
 .timescale -9 -12;
L_000002cde7a706a0 .functor BUFZ 32, v000002cde791ae30_0, C4<00000000000000000000000000000000>, C4<00000000000000000000000000000000>, C4<00000000000000000000000000000000>;
S_000002cde7ca6ce0 .scope module, "pe_inst" "pe" 9 91, 10 12 0, S_000002cde7c93620;
 .timescale 0 0;
    .port_info 0 /INPUT 1 "clk";
    .port_info 1 /INPUT 1 "rst_n";
    .port_info 2 /INPUT 1 "en_compute";
    .port_info 3 /INPUT 1 "load_weight";
    .port_info 4 /INPUT 8 "in_act";
    .port_info 5 /INPUT 8 "in_weight";
    .port_info 6 /INPUT 32 "in_psum";
    .port_info 7 /OUTPUT 8 "out_act";
    .port_info 8 /OUTPUT 32 "out_psum";
v000002cde7c9ee60_0 .net "clk", 0 0, v000002cde7d9c770_0;  alias, 1 drivers
v000002cde7ca0760_0 .net "en_compute", 0 0, L_000002cde7db18a8;  alias, 1 drivers
v000002cde7ca0800_0 .net "in_act", 7 0, L_000002cde7a712e0;  alias, 1 drivers
v000002cde7c9ef00_0 .net "in_psum", 31 0, L_000002cde7a706a0;  alias, 1 drivers
v000002cde7c9e8c0_0 .net "in_weight", 7 0, L_000002cde7e0be90;  alias, 1 drivers
v000002cde7c9e960_0 .net "load_weight", 0 0, L_000002cde7e0bdf0;  alias, 1 drivers
v000002cde7c9eaa0_0 .var "out_act", 7 0;
v000002cde7c9eb40_0 .var "out_psum", 31 0;
v000002cde7c9ebe0_0 .var/s "reg_weight", 7 0;
v000002cde7c9ec80_0 .net "rst_n", 0 0, L_000002cde7a71f90;  alias, 1 drivers
S_000002cde7ca4120 .scope generate, "COL_LOOP[13]" "COL_LOOP[13]" 9 55, 9 55 0, S_000002cde7c8e280;
 .timescale -9 -12;
P_000002cde7b00da0 .param/l "c" 0 9 55, +C4<01101>;
v000002cde7ca0e40_0 .net "pe_in_act", 7 0, L_000002cde7a70400;  1 drivers
v000002cde7ca29c0_0 .net "pe_in_psum", 31 0, L_000002cde7a70f60;  1 drivers
v000002cde7ca3000_0 .net "pe_in_weight", 7 0, L_000002cde7e0a950;  1 drivers
v000002cde7ca0940_0 .net "pe_load_en", 0 0, L_000002cde7e0b3f0;  1 drivers
S_000002cde7ca7c80 .scope generate, "genblk1" "genblk1" 9 61, 9 61 0, S_000002cde7ca4120;
 .timescale -9 -12;
L_000002cde7a70400 .functor BUFZ 8, v000002cde7c9eaa0_0, C4<00000000>, C4<00000000>, C4<00000000>;
S_000002cde7ca7af0 .scope generate, "genblk2" "genblk2" 9 72, 9 72 0, S_000002cde7ca4120;
 .timescale -9 -12;
L_000002cde7a70f60 .functor BUFZ 32, v000002cde7919fd0_0, C4<00000000000000000000000000000000>, C4<00000000000000000000000000000000>, C4<00000000000000000000000000000000>;
S_000002cde7ca5890 .scope module, "pe_inst" "pe" 9 91, 10 12 0, S_000002cde7ca4120;
 .timescale 0 0;
    .port_info 0 /INPUT 1 "clk";
    .port_info 1 /INPUT 1 "rst_n";
    .port_info 2 /INPUT 1 "en_compute";
    .port_info 3 /INPUT 1 "load_weight";
    .port_info 4 /INPUT 8 "in_act";
    .port_info 5 /INPUT 8 "in_weight";
    .port_info 6 /INPUT 32 "in_psum";
    .port_info 7 /OUTPUT 8 "out_act";
    .port_info 8 /OUTPUT 32 "out_psum";
v000002cde7c9f400_0 .net "clk", 0 0, v000002cde7d9c770_0;  alias, 1 drivers
v000002cde7ca1020_0 .net "en_compute", 0 0, L_000002cde7db18a8;  alias, 1 drivers
v000002cde7ca2560_0 .net "in_act", 7 0, L_000002cde7a70400;  alias, 1 drivers
v000002cde7ca2060_0 .net "in_psum", 31 0, L_000002cde7a70f60;  alias, 1 drivers
v000002cde7ca2ba0_0 .net "in_weight", 7 0, L_000002cde7e0a950;  alias, 1 drivers
v000002cde7ca10c0_0 .net "load_weight", 0 0, L_000002cde7e0b3f0;  alias, 1 drivers
v000002cde7ca0d00_0 .var "out_act", 7 0;
v000002cde7ca09e0_0 .var "out_psum", 31 0;
v000002cde7ca0bc0_0 .var/s "reg_weight", 7 0;
v000002cde7ca2f60_0 .net "rst_n", 0 0, L_000002cde7a71f90;  alias, 1 drivers
S_000002cde7ca6e70 .scope generate, "COL_LOOP[14]" "COL_LOOP[14]" 9 55, 9 55 0, S_000002cde7c8e280;
 .timescale -9 -12;
P_000002cde7b00620 .param/l "c" 0 9 55, +C4<01110>;
v000002cde7ca1520_0 .net "pe_in_act", 7 0, L_000002cde7a713c0;  1 drivers
v000002cde7ca2380_0 .net "pe_in_psum", 31 0, L_000002cde7a70710;  1 drivers
v000002cde7ca2b00_0 .net "pe_in_weight", 7 0, L_000002cde7e0b8f0;  1 drivers
v000002cde7ca2600_0 .net "pe_load_en", 0 0, L_000002cde7e0adb0;  1 drivers
S_000002cde7ca4440 .scope generate, "genblk1" "genblk1" 9 61, 9 61 0, S_000002cde7ca6e70;
 .timescale -9 -12;
L_000002cde7a713c0 .functor BUFZ 8, v000002cde7ca0d00_0, C4<00000000>, C4<00000000>, C4<00000000>;
S_000002cde7ca6b50 .scope generate, "genblk2" "genblk2" 9 72, 9 72 0, S_000002cde7ca6e70;
 .timescale -9 -12;
L_000002cde7a70710 .functor BUFZ 32, v000002cde7965030_0, C4<00000000000000000000000000000000>, C4<00000000000000000000000000000000>, C4<00000000000000000000000000000000>;
S_000002cde7ca69c0 .scope module, "pe_inst" "pe" 9 91, 10 12 0, S_000002cde7ca6e70;
 .timescale 0 0;
    .port_info 0 /INPUT 1 "clk";
    .port_info 1 /INPUT 1 "rst_n";
    .port_info 2 /INPUT 1 "en_compute";
    .port_info 3 /INPUT 1 "load_weight";
    .port_info 4 /INPUT 8 "in_act";
    .port_info 5 /INPUT 8 "in_weight";
    .port_info 6 /INPUT 32 "in_psum";
    .port_info 7 /OUTPUT 8 "out_act";
    .port_info 8 /OUTPUT 32 "out_psum";
v000002cde7ca2740_0 .net "clk", 0 0, v000002cde7d9c770_0;  alias, 1 drivers
v000002cde7ca0a80_0 .net "en_compute", 0 0, L_000002cde7db18a8;  alias, 1 drivers
v000002cde7ca2100_0 .net "in_act", 7 0, L_000002cde7a713c0;  alias, 1 drivers
v000002cde7ca22e0_0 .net "in_psum", 31 0, L_000002cde7a70710;  alias, 1 drivers
v000002cde7ca24c0_0 .net "in_weight", 7 0, L_000002cde7e0b8f0;  alias, 1 drivers
v000002cde7ca1840_0 .net "load_weight", 0 0, L_000002cde7e0adb0;  alias, 1 drivers
v000002cde7ca0b20_0 .var "out_act", 7 0;
v000002cde7ca30a0_0 .var "out_psum", 31 0;
v000002cde7ca13e0_0 .var/s "reg_weight", 7 0;
v000002cde7ca0c60_0 .net "rst_n", 0 0, L_000002cde7a71f90;  alias, 1 drivers
S_000002cde7ca6510 .scope generate, "COL_LOOP[15]" "COL_LOOP[15]" 9 55, 9 55 0, S_000002cde7c8e280;
 .timescale -9 -12;
P_000002cde7b006e0 .param/l "c" 0 9 55, +C4<01111>;
v000002cde7ca2240_0 .net "pe_in_act", 7 0, L_000002cde7a71350;  1 drivers
v000002cde7ca26a0_0 .net "pe_in_psum", 31 0, L_000002cde7a70e10;  1 drivers
v000002cde7ca1a20_0 .net "pe_in_weight", 7 0, L_000002cde7e09730;  1 drivers
v000002cde7ca0da0_0 .net "pe_load_en", 0 0, L_000002cde7e0b990;  1 drivers
S_000002cde7ca6830 .scope generate, "genblk1" "genblk1" 9 61, 9 61 0, S_000002cde7ca6510;
 .timescale -9 -12;
L_000002cde7a71350 .functor BUFZ 8, v000002cde7ca0b20_0, C4<00000000>, C4<00000000>, C4<00000000>;
S_000002cde7ca7000 .scope generate, "genblk2" "genblk2" 9 72, 9 72 0, S_000002cde7ca6510;
 .timescale -9 -12;
L_000002cde7a70e10 .functor BUFZ 32, v000002cde7998820_0, C4<00000000000000000000000000000000>, C4<00000000000000000000000000000000>, C4<00000000000000000000000000000000>;
S_000002cde7ca4760 .scope module, "pe_inst" "pe" 9 91, 10 12 0, S_000002cde7ca6510;
 .timescale 0 0;
    .port_info 0 /INPUT 1 "clk";
    .port_info 1 /INPUT 1 "rst_n";
    .port_info 2 /INPUT 1 "en_compute";
    .port_info 3 /INPUT 1 "load_weight";
    .port_info 4 /INPUT 8 "in_act";
    .port_info 5 /INPUT 8 "in_weight";
    .port_info 6 /INPUT 32 "in_psum";
    .port_info 7 /OUTPUT 8 "out_act";
    .port_info 8 /OUTPUT 32 "out_psum";
v000002cde7ca1b60_0 .net "clk", 0 0, v000002cde7d9c770_0;  alias, 1 drivers
v000002cde7ca2a60_0 .net "en_compute", 0 0, L_000002cde7db18a8;  alias, 1 drivers
v000002cde7ca2420_0 .net "in_act", 7 0, L_000002cde7a71350;  alias, 1 drivers
v000002cde7ca0ee0_0 .net "in_psum", 31 0, L_000002cde7a70e10;  alias, 1 drivers
v000002cde7ca1de0_0 .net "in_weight", 7 0, L_000002cde7e09730;  alias, 1 drivers
v000002cde7ca21a0_0 .net "load_weight", 0 0, L_000002cde7e0b990;  alias, 1 drivers
v000002cde7ca2920_0 .var "out_act", 7 0;
v000002cde7ca1200_0 .var "out_psum", 31 0;
v000002cde7ca1d40_0 .var/s "reg_weight", 7 0;
v000002cde7ca2c40_0 .net "rst_n", 0 0, L_000002cde7a71f90;  alias, 1 drivers
S_000002cde7ca4a80 .scope generate, "ROW_LOOP[2]" "ROW_LOOP[2]" 9 54, 9 54 0, S_000002cde7c86a10;
 .timescale -9 -12;
P_000002cde7b002e0 .param/l "r" 0 9 54, +C4<010>;
S_000002cde7ca7e10 .scope generate, "COL_LOOP[0]" "COL_LOOP[0]" 9 55, 9 55 0, S_000002cde7ca4a80;
 .timescale -9 -12;
P_000002cde7b009a0 .param/l "c" 0 9 55, +C4<00>;
v000002cde7ca2ce0_0 .net "pe_in_act", 7 0, L_000002cde7e0a6d0;  1 drivers
v000002cde7ca1480_0 .net "pe_in_psum", 31 0, L_000002cde7a71430;  1 drivers
v000002cde7ca2880_0 .net "pe_in_weight", 7 0, L_000002cde7e0b170;  1 drivers
v000002cde7ca15c0_0 .net "pe_load_en", 0 0, L_000002cde7e0a130;  1 drivers
S_000002cde7ca7190 .scope generate, "genblk1" "genblk1" 9 61, 9 61 0, S_000002cde7ca7e10;
 .timescale -9 -12;
S_000002cde7ca48f0 .scope generate, "genblk2" "genblk2" 9 72, 9 72 0, S_000002cde7ca7e10;
 .timescale -9 -12;
L_000002cde7a71430 .functor BUFZ 32, v000002cde7998c80_0, C4<00000000000000000000000000000000>, C4<00000000000000000000000000000000>, C4<00000000000000000000000000000000>;
S_000002cde7ca7640 .scope module, "pe_inst" "pe" 9 91, 10 12 0, S_000002cde7ca7e10;
 .timescale 0 0;
    .port_info 0 /INPUT 1 "clk";
    .port_info 1 /INPUT 1 "rst_n";
    .port_info 2 /INPUT 1 "en_compute";
    .port_info 3 /INPUT 1 "load_weight";
    .port_info 4 /INPUT 8 "in_act";
    .port_info 5 /INPUT 8 "in_weight";
    .port_info 6 /INPUT 32 "in_psum";
    .port_info 7 /OUTPUT 8 "out_act";
    .port_info 8 /OUTPUT 32 "out_psum";
v000002cde7ca18e0_0 .net "clk", 0 0, v000002cde7d9c770_0;  alias, 1 drivers
v000002cde7ca0f80_0 .net "en_compute", 0 0, L_000002cde7db18a8;  alias, 1 drivers
v000002cde7ca17a0_0 .net "in_act", 7 0, L_000002cde7e0a6d0;  alias, 1 drivers
v000002cde7ca2d80_0 .net "in_psum", 31 0, L_000002cde7a71430;  alias, 1 drivers
v000002cde7ca1160_0 .net "in_weight", 7 0, L_000002cde7e0b170;  alias, 1 drivers
v000002cde7ca1980_0 .net "load_weight", 0 0, L_000002cde7e0a130;  alias, 1 drivers
v000002cde7ca12a0_0 .var "out_act", 7 0;
v000002cde7ca1fc0_0 .var "out_psum", 31 0;
v000002cde7ca27e0_0 .var/s "reg_weight", 7 0;
v000002cde7ca1340_0 .net "rst_n", 0 0, L_000002cde7a71f90;  alias, 1 drivers
S_000002cde7ca7320 .scope generate, "COL_LOOP[1]" "COL_LOOP[1]" 9 55, 9 55 0, S_000002cde7ca4a80;
 .timescale -9 -12;
P_000002cde7b008e0 .param/l "c" 0 9 55, +C4<01>;
v000002cde7ca38c0_0 .net "pe_in_act", 7 0, L_000002cde7a70fd0;  1 drivers
v000002cde7ca3140_0 .net "pe_in_psum", 31 0, L_000002cde7a714a0;  1 drivers
v000002cde7ca3a00_0 .net "pe_in_weight", 7 0, L_000002cde7e0af90;  1 drivers
v000002cde7ca3aa0_0 .net "pe_load_en", 0 0, L_000002cde7e0b710;  1 drivers
S_000002cde7ca6060 .scope generate, "genblk1" "genblk1" 9 61, 9 61 0, S_000002cde7ca7320;
 .timescale -9 -12;
L_000002cde7a70fd0 .functor BUFZ 8, v000002cde7ca12a0_0, C4<00000000>, C4<00000000>, C4<00000000>;
S_000002cde7ca42b0 .scope generate, "genblk2" "genblk2" 9 72, 9 72 0, S_000002cde7ca7320;
 .timescale -9 -12;
L_000002cde7a714a0 .functor BUFZ 32, v000002cde7967220_0, C4<00000000000000000000000000000000>, C4<00000000000000000000000000000000>, C4<00000000000000000000000000000000>;
S_000002cde7ca66a0 .scope module, "pe_inst" "pe" 9 91, 10 12 0, S_000002cde7ca7320;
 .timescale 0 0;
    .port_info 0 /INPUT 1 "clk";
    .port_info 1 /INPUT 1 "rst_n";
    .port_info 2 /INPUT 1 "en_compute";
    .port_info 3 /INPUT 1 "load_weight";
    .port_info 4 /INPUT 8 "in_act";
    .port_info 5 /INPUT 8 "in_weight";
    .port_info 6 /INPUT 32 "in_psum";
    .port_info 7 /OUTPUT 8 "out_act";
    .port_info 8 /OUTPUT 32 "out_psum";
v000002cde7ca1ac0_0 .net "clk", 0 0, v000002cde7d9c770_0;  alias, 1 drivers
v000002cde7ca1660_0 .net "en_compute", 0 0, L_000002cde7db18a8;  alias, 1 drivers
v000002cde7ca1c00_0 .net "in_act", 7 0, L_000002cde7a70fd0;  alias, 1 drivers
v000002cde7ca1700_0 .net "in_psum", 31 0, L_000002cde7a714a0;  alias, 1 drivers
v000002cde7ca2ec0_0 .net "in_weight", 7 0, L_000002cde7e0af90;  alias, 1 drivers
v000002cde7ca3820_0 .net "load_weight", 0 0, L_000002cde7e0b710;  alias, 1 drivers
v000002cde7ca35a0_0 .var "out_act", 7 0;
v000002cde7ca3500_0 .var "out_psum", 31 0;
v000002cde7ca3460_0 .var/s "reg_weight", 7 0;
v000002cde7ca3960_0 .net "rst_n", 0 0, L_000002cde7a71f90;  alias, 1 drivers
S_000002cde7ca5250 .scope generate, "COL_LOOP[2]" "COL_LOOP[2]" 9 55, 9 55 0, S_000002cde7ca4a80;
 .timescale -9 -12;
P_000002cde7b00be0 .param/l "c" 0 9 55, +C4<010>;
v000002cde7ca3320_0 .net "pe_in_act", 7 0, L_000002cde7a71040;  1 drivers
v000002cde7ca33c0_0 .net "pe_in_psum", 31 0, L_000002cde7a71510;  1 drivers
v000002cde7ca36e0_0 .net "pe_in_weight", 7 0, L_000002cde7e0b030;  1 drivers
v000002cde7ca3780_0 .net "pe_load_en", 0 0, L_000002cde7e0b490;  1 drivers
S_000002cde7ca45d0 .scope generate, "genblk1" "genblk1" 9 61, 9 61 0, S_000002cde7ca5250;
 .timescale -9 -12;
L_000002cde7a71040 .functor BUFZ 8, v000002cde7ca35a0_0, C4<00000000>, C4<00000000>, C4<00000000>;
S_000002cde7ca5a20 .scope generate, "genblk2" "genblk2" 9 72, 9 72 0, S_000002cde7ca5250;
 .timescale -9 -12;
L_000002cde7a71510 .functor BUFZ 32, v000002cde79bc6a0_0, C4<00000000000000000000000000000000>, C4<00000000000000000000000000000000>, C4<00000000000000000000000000000000>;
S_000002cde7ca50c0 .scope module, "pe_inst" "pe" 9 91, 10 12 0, S_000002cde7ca5250;
 .timescale 0 0;
    .port_info 0 /INPUT 1 "clk";
    .port_info 1 /INPUT 1 "rst_n";
    .port_info 2 /INPUT 1 "en_compute";
    .port_info 3 /INPUT 1 "load_weight";
    .port_info 4 /INPUT 8 "in_act";
    .port_info 5 /INPUT 8 "in_weight";
    .port_info 6 /INPUT 32 "in_psum";
    .port_info 7 /OUTPUT 8 "out_act";
    .port_info 8 /OUTPUT 32 "out_psum";
v000002cde7ca3f00_0 .net "clk", 0 0, v000002cde7d9c770_0;  alias, 1 drivers
v000002cde7ca3be0_0 .net "en_compute", 0 0, L_000002cde7db18a8;  alias, 1 drivers
v000002cde7ca3dc0_0 .net "in_act", 7 0, L_000002cde7a71040;  alias, 1 drivers
v000002cde7ca3e60_0 .net "in_psum", 31 0, L_000002cde7a71510;  alias, 1 drivers
v000002cde7ca3280_0 .net "in_weight", 7 0, L_000002cde7e0b030;  alias, 1 drivers
v000002cde7ca3fa0_0 .net "load_weight", 0 0, L_000002cde7e0b490;  alias, 1 drivers
v000002cde7ca3b40_0 .var "out_act", 7 0;
v000002cde7ca3c80_0 .var "out_psum", 31 0;
v000002cde7ca3640_0 .var/s "reg_weight", 7 0;
v000002cde7ca3d20_0 .net "rst_n", 0 0, L_000002cde7a71f90;  alias, 1 drivers
S_000002cde7ca4c10 .scope generate, "COL_LOOP[3]" "COL_LOOP[3]" 9 55, 9 55 0, S_000002cde7ca4a80;
 .timescale -9 -12;
P_000002cde7b00d60 .param/l "c" 0 9 55, +C4<011>;
v000002cde7c95d60_0 .net "pe_in_act", 7 0, L_000002cde7a70860;  1 drivers
v000002cde7c95860_0 .net "pe_in_psum", 31 0, L_000002cde7a71890;  1 drivers
v000002cde7c941e0_0 .net "pe_in_weight", 7 0, L_000002cde7e0a270;  1 drivers
v000002cde7c95fe0_0 .net "pe_load_en", 0 0, L_000002cde7e0a4f0;  1 drivers
S_000002cde7ca5d40 .scope generate, "genblk1" "genblk1" 9 61, 9 61 0, S_000002cde7ca4c10;
 .timescale -9 -12;
L_000002cde7a70860 .functor BUFZ 8, v000002cde7ca3b40_0, C4<00000000>, C4<00000000>, C4<00000000>;
S_000002cde7ca53e0 .scope generate, "genblk2" "genblk2" 9 72, 9 72 0, S_000002cde7ca4c10;
 .timescale -9 -12;
L_000002cde7a71890 .functor BUFZ 32, v000002cde7953830_0, C4<00000000000000000000000000000000>, C4<00000000000000000000000000000000>, C4<00000000000000000000000000000000>;
S_000002cde7ca74b0 .scope module, "pe_inst" "pe" 9 91, 10 12 0, S_000002cde7ca4c10;
 .timescale 0 0;
    .port_info 0 /INPUT 1 "clk";
    .port_info 1 /INPUT 1 "rst_n";
    .port_info 2 /INPUT 1 "en_compute";
    .port_info 3 /INPUT 1 "load_weight";
    .port_info 4 /INPUT 8 "in_act";
    .port_info 5 /INPUT 8 "in_weight";
    .port_info 6 /INPUT 32 "in_psum";
    .port_info 7 /OUTPUT 8 "out_act";
    .port_info 8 /OUTPUT 32 "out_psum";
v000002cde7c94140_0 .net "clk", 0 0, v000002cde7d9c770_0;  alias, 1 drivers
v000002cde7c96300_0 .net "en_compute", 0 0, L_000002cde7db18a8;  alias, 1 drivers
v000002cde7c961c0_0 .net "in_act", 7 0, L_000002cde7a70860;  alias, 1 drivers
v000002cde7c954a0_0 .net "in_psum", 31 0, L_000002cde7a71890;  alias, 1 drivers
v000002cde7c94fa0_0 .net "in_weight", 7 0, L_000002cde7e0a270;  alias, 1 drivers
v000002cde7c96580_0 .net "load_weight", 0 0, L_000002cde7e0a4f0;  alias, 1 drivers
v000002cde7c94be0_0 .var "out_act", 7 0;
v000002cde7c94640_0 .var "out_psum", 31 0;
v000002cde7c96620_0 .var/s "reg_weight", 7 0;
v000002cde7c95720_0 .net "rst_n", 0 0, L_000002cde7a71f90;  alias, 1 drivers
S_000002cde7ca77d0 .scope generate, "COL_LOOP[4]" "COL_LOOP[4]" 9 55, 9 55 0, S_000002cde7ca4a80;
 .timescale -9 -12;
P_000002cde7b00f20 .param/l "c" 0 9 55, +C4<0100>;
v000002cde7c95a40_0 .net "pe_in_act", 7 0, L_000002cde7a70780;  1 drivers
v000002cde7c957c0_0 .net "pe_in_psum", 31 0, L_000002cde7a71660;  1 drivers
v000002cde7c95900_0 .net "pe_in_weight", 7 0, L_000002cde7e0bad0;  1 drivers
v000002cde7c94320_0 .net "pe_load_en", 0 0, L_000002cde7e09af0;  1 drivers
S_000002cde7ca5700 .scope generate, "genblk1" "genblk1" 9 61, 9 61 0, S_000002cde7ca77d0;
 .timescale -9 -12;
L_000002cde7a70780 .functor BUFZ 8, v000002cde7c94be0_0, C4<00000000>, C4<00000000>, C4<00000000>;
S_000002cde7ca7960 .scope generate, "genblk2" "genblk2" 9 72, 9 72 0, S_000002cde7ca77d0;
 .timescale -9 -12;
L_000002cde7a71660 .functor BUFZ 32, v000002cde78e68f0_0, C4<00000000000000000000000000000000>, C4<00000000000000000000000000000000>, C4<00000000000000000000000000000000>;
S_000002cde7ca4da0 .scope module, "pe_inst" "pe" 9 91, 10 12 0, S_000002cde7ca77d0;
 .timescale 0 0;
    .port_info 0 /INPUT 1 "clk";
    .port_info 1 /INPUT 1 "rst_n";
    .port_info 2 /INPUT 1 "en_compute";
    .port_info 3 /INPUT 1 "load_weight";
    .port_info 4 /INPUT 8 "in_act";
    .port_info 5 /INPUT 8 "in_weight";
    .port_info 6 /INPUT 32 "in_psum";
    .port_info 7 /OUTPUT 8 "out_act";
    .port_info 8 /OUTPUT 32 "out_psum";
v000002cde7c943c0_0 .net "clk", 0 0, v000002cde7d9c770_0;  alias, 1 drivers
v000002cde7c955e0_0 .net "en_compute", 0 0, L_000002cde7db18a8;  alias, 1 drivers
v000002cde7c94e60_0 .net "in_act", 7 0, L_000002cde7a70780;  alias, 1 drivers
v000002cde7c96440_0 .net "in_psum", 31 0, L_000002cde7a71660;  alias, 1 drivers
v000002cde7c952c0_0 .net "in_weight", 7 0, L_000002cde7e0bad0;  alias, 1 drivers
v000002cde7c94460_0 .net "load_weight", 0 0, L_000002cde7e09af0;  alias, 1 drivers
v000002cde7c959a0_0 .var "out_act", 7 0;
v000002cde7c964e0_0 .var "out_psum", 31 0;
v000002cde7c94280_0 .var/s "reg_weight", 7 0;
v000002cde7c95400_0 .net "rst_n", 0 0, L_000002cde7a71f90;  alias, 1 drivers
S_000002cde7ca5bb0 .scope generate, "COL_LOOP[5]" "COL_LOOP[5]" 9 55, 9 55 0, S_000002cde7ca4a80;
 .timescale -9 -12;
P_000002cde7ae26a0 .param/l "c" 0 9 55, +C4<0101>;
v000002cde7c94820_0 .net "pe_in_act", 7 0, L_000002cde7a707f0;  1 drivers
v000002cde7c95b80_0 .net "pe_in_psum", 31 0, L_000002cde7a708d0;  1 drivers
v000002cde7c948c0_0 .net "pe_in_weight", 7 0, L_000002cde7e09b90;  1 drivers
v000002cde7c95c20_0 .net "pe_load_en", 0 0, L_000002cde7e0a1d0;  1 drivers
S_000002cde7ca5570 .scope generate, "genblk1" "genblk1" 9 61, 9 61 0, S_000002cde7ca5bb0;
 .timescale -9 -12;
L_000002cde7a707f0 .functor BUFZ 8, v000002cde7c959a0_0, C4<00000000>, C4<00000000>, C4<00000000>;
S_000002cde7ca5ed0 .scope generate, "genblk2" "genblk2" 9 72, 9 72 0, S_000002cde7ca5bb0;
 .timescale -9 -12;
L_000002cde7a708d0 .functor BUFZ 32, v000002cde7c9d240_0, C4<00000000000000000000000000000000>, C4<00000000000000000000000000000000>, C4<00000000000000000000000000000000>;
S_000002cde7ca61f0 .scope module, "pe_inst" "pe" 9 91, 10 12 0, S_000002cde7ca5bb0;
 .timescale 0 0;
    .port_info 0 /INPUT 1 "clk";
    .port_info 1 /INPUT 1 "rst_n";
    .port_info 2 /INPUT 1 "en_compute";
    .port_info 3 /INPUT 1 "load_weight";
    .port_info 4 /INPUT 8 "in_act";
    .port_info 5 /INPUT 8 "in_weight";
    .port_info 6 /INPUT 32 "in_psum";
    .port_info 7 /OUTPUT 8 "out_act";
    .port_info 8 /OUTPUT 32 "out_psum";
v000002cde7c95540_0 .net "clk", 0 0, v000002cde7d9c770_0;  alias, 1 drivers
v000002cde7c963a0_0 .net "en_compute", 0 0, L_000002cde7db18a8;  alias, 1 drivers
v000002cde7c94780_0 .net "in_act", 7 0, L_000002cde7a707f0;  alias, 1 drivers
v000002cde7c96260_0 .net "in_psum", 31 0, L_000002cde7a708d0;  alias, 1 drivers
v000002cde7c95680_0 .net "in_weight", 7 0, L_000002cde7e09b90;  alias, 1 drivers
v000002cde7c946e0_0 .net "load_weight", 0 0, L_000002cde7e0a1d0;  alias, 1 drivers
v000002cde7c95ae0_0 .var "out_act", 7 0;
v000002cde7c96760_0 .var "out_psum", 31 0;
v000002cde7c96800_0 .var/s "reg_weight", 7 0;
v000002cde7c95360_0 .net "rst_n", 0 0, L_000002cde7a71f90;  alias, 1 drivers
S_000002cde7ca8450 .scope generate, "COL_LOOP[6]" "COL_LOOP[6]" 9 55, 9 55 0, S_000002cde7ca4a80;
 .timescale -9 -12;
P_000002cde7ae2520 .param/l "c" 0 9 55, +C4<0110>;
v000002cde7c95f40_0 .net "pe_in_act", 7 0, L_000002cde7a71120;  1 drivers
v000002cde7c94f00_0 .net "pe_in_psum", 31 0, L_000002cde7a70b00;  1 drivers
v000002cde7c96080_0 .net "pe_in_weight", 7 0, L_000002cde7e0b530;  1 drivers
v000002cde7c950e0_0 .net "pe_load_en", 0 0, L_000002cde7e0b0d0;  1 drivers
S_000002cde7ca8770 .scope generate, "genblk1" "genblk1" 9 61, 9 61 0, S_000002cde7ca8450;
 .timescale -9 -12;
L_000002cde7a71120 .functor BUFZ 8, v000002cde7c95ae0_0, C4<00000000>, C4<00000000>, C4<00000000>;
S_000002cde7caa6b0 .scope generate, "genblk2" "genblk2" 9 72, 9 72 0, S_000002cde7ca8450;
 .timescale -9 -12;
L_000002cde7a70b00 .functor BUFZ 32, v000002cde7c9c8e0_0, C4<00000000000000000000000000000000>, C4<00000000000000000000000000000000>, C4<00000000000000000000000000000000>;
S_000002cde7caa840 .scope module, "pe_inst" "pe" 9 91, 10 12 0, S_000002cde7ca8450;
 .timescale 0 0;
    .port_info 0 /INPUT 1 "clk";
    .port_info 1 /INPUT 1 "rst_n";
    .port_info 2 /INPUT 1 "en_compute";
    .port_info 3 /INPUT 1 "load_weight";
    .port_info 4 /INPUT 8 "in_act";
    .port_info 5 /INPUT 8 "in_weight";
    .port_info 6 /INPUT 32 "in_psum";
    .port_info 7 /OUTPUT 8 "out_act";
    .port_info 8 /OUTPUT 32 "out_psum";
v000002cde7c94960_0 .net "clk", 0 0, v000002cde7d9c770_0;  alias, 1 drivers
v000002cde7c95040_0 .net "en_compute", 0 0, L_000002cde7db18a8;  alias, 1 drivers
v000002cde7c94a00_0 .net "in_act", 7 0, L_000002cde7a71120;  alias, 1 drivers
v000002cde7c94c80_0 .net "in_psum", 31 0, L_000002cde7a70b00;  alias, 1 drivers
v000002cde7c94aa0_0 .net "in_weight", 7 0, L_000002cde7e0b530;  alias, 1 drivers
v000002cde7c95cc0_0 .net "load_weight", 0 0, L_000002cde7e0b0d0;  alias, 1 drivers
v000002cde7c95e00_0 .var "out_act", 7 0;
v000002cde7c95ea0_0 .var "out_psum", 31 0;
v000002cde7c94b40_0 .var/s "reg_weight", 7 0;
v000002cde7c94d20_0 .net "rst_n", 0 0, L_000002cde7a71f90;  alias, 1 drivers
S_000002cde7ca85e0 .scope generate, "COL_LOOP[7]" "COL_LOOP[7]" 9 55, 9 55 0, S_000002cde7ca4a80;
 .timescale -9 -12;
P_000002cde7ae2de0 .param/l "c" 0 9 55, +C4<0111>;
v000002cde7c99000_0 .net "pe_in_act", 7 0, L_000002cde7a70470;  1 drivers
v000002cde7c973e0_0 .net "pe_in_psum", 31 0, L_000002cde7a70550;  1 drivers
v000002cde7c96d00_0 .net "pe_in_weight", 7 0, L_000002cde7e0aef0;  1 drivers
v000002cde7c984c0_0 .net "pe_load_en", 0 0, L_000002cde7e0a630;  1 drivers
S_000002cde7cab4c0 .scope generate, "genblk1" "genblk1" 9 61, 9 61 0, S_000002cde7ca85e0;
 .timescale -9 -12;
L_000002cde7a70470 .functor BUFZ 8, v000002cde7c95e00_0, C4<00000000>, C4<00000000>, C4<00000000>;
S_000002cde7ca93f0 .scope generate, "genblk2" "genblk2" 9 72, 9 72 0, S_000002cde7ca85e0;
 .timescale -9 -12;
L_000002cde7a70550 .functor BUFZ 32, v000002cde7c9bc60_0, C4<00000000000000000000000000000000>, C4<00000000000000000000000000000000>, C4<00000000000000000000000000000000>;
S_000002cde7ca8900 .scope module, "pe_inst" "pe" 9 91, 10 12 0, S_000002cde7ca85e0;
 .timescale 0 0;
    .port_info 0 /INPUT 1 "clk";
    .port_info 1 /INPUT 1 "rst_n";
    .port_info 2 /INPUT 1 "en_compute";
    .port_info 3 /INPUT 1 "load_weight";
    .port_info 4 /INPUT 8 "in_act";
    .port_info 5 /INPUT 8 "in_weight";
    .port_info 6 /INPUT 32 "in_psum";
    .port_info 7 /OUTPUT 8 "out_act";
    .port_info 8 /OUTPUT 32 "out_psum";
v000002cde7c95180_0 .net "clk", 0 0, v000002cde7d9c770_0;  alias, 1 drivers
v000002cde7c96120_0 .net "en_compute", 0 0, L_000002cde7db18a8;  alias, 1 drivers
v000002cde7c95220_0 .net "in_act", 7 0, L_000002cde7a70470;  alias, 1 drivers
v000002cde7c982e0_0 .net "in_psum", 31 0, L_000002cde7a70550;  alias, 1 drivers
v000002cde7c98ec0_0 .net "in_weight", 7 0, L_000002cde7e0aef0;  alias, 1 drivers
v000002cde7c97fc0_0 .net "load_weight", 0 0, L_000002cde7e0a630;  alias, 1 drivers
v000002cde7c96da0_0 .var "out_act", 7 0;
v000002cde7c98060_0 .var "out_psum", 31 0;
v000002cde7c97660_0 .var/s "reg_weight", 7 0;
v000002cde7c98740_0 .net "rst_n", 0 0, L_000002cde7a71f90;  alias, 1 drivers
S_000002cde7cab330 .scope generate, "COL_LOOP[8]" "COL_LOOP[8]" 9 55, 9 55 0, S_000002cde7ca4a80;
 .timescale -9 -12;
P_000002cde7ae23a0 .param/l "c" 0 9 55, +C4<01000>;
v000002cde7c969e0_0 .net "pe_in_act", 7 0, L_000002cde7a70940;  1 drivers
v000002cde7c98560_0 .net "pe_in_psum", 31 0, L_000002cde7a715f0;  1 drivers
v000002cde7c97160_0 .net "pe_in_weight", 7 0, L_000002cde7e0a770;  1 drivers
v000002cde7c97c00_0 .net "pe_load_en", 0 0, L_000002cde7e0b2b0;  1 drivers
S_000002cde7ca8f40 .scope generate, "genblk1" "genblk1" 9 61, 9 61 0, S_000002cde7cab330;
 .timescale -9 -12;
L_000002cde7a70940 .functor BUFZ 8, v000002cde7c96da0_0, C4<00000000>, C4<00000000>, C4<00000000>;
S_000002cde7cab650 .scope generate, "genblk2" "genblk2" 9 72, 9 72 0, S_000002cde7cab330;
 .timescale -9 -12;
L_000002cde7a715f0 .functor BUFZ 32, v000002cde7c9c2a0_0, C4<00000000000000000000000000000000>, C4<00000000000000000000000000000000>, C4<00000000000000000000000000000000>;
S_000002cde7ca98a0 .scope module, "pe_inst" "pe" 9 91, 10 12 0, S_000002cde7cab330;
 .timescale 0 0;
    .port_info 0 /INPUT 1 "clk";
    .port_info 1 /INPUT 1 "rst_n";
    .port_info 2 /INPUT 1 "en_compute";
    .port_info 3 /INPUT 1 "load_weight";
    .port_info 4 /INPUT 8 "in_act";
    .port_info 5 /INPUT 8 "in_weight";
    .port_info 6 /INPUT 32 "in_psum";
    .port_info 7 /OUTPUT 8 "out_act";
    .port_info 8 /OUTPUT 32 "out_psum";
v000002cde7c97ac0_0 .net "clk", 0 0, v000002cde7d9c770_0;  alias, 1 drivers
v000002cde7c970c0_0 .net "en_compute", 0 0, L_000002cde7db18a8;  alias, 1 drivers
v000002cde7c96940_0 .net "in_act", 7 0, L_000002cde7a70940;  alias, 1 drivers
v000002cde7c96e40_0 .net "in_psum", 31 0, L_000002cde7a715f0;  alias, 1 drivers
v000002cde7c98e20_0 .net "in_weight", 7 0, L_000002cde7e0a770;  alias, 1 drivers
v000002cde7c97f20_0 .net "load_weight", 0 0, L_000002cde7e0b2b0;  alias, 1 drivers
v000002cde7c97700_0 .var "out_act", 7 0;
v000002cde7c978e0_0 .var "out_psum", 31 0;
v000002cde7c98ba0_0 .var/s "reg_weight", 7 0;
v000002cde7c97520_0 .net "rst_n", 0 0, L_000002cde7a71f90;  alias, 1 drivers
S_000002cde7caa9d0 .scope generate, "COL_LOOP[9]" "COL_LOOP[9]" 9 55, 9 55 0, S_000002cde7ca4a80;
 .timescale -9 -12;
P_000002cde7ae2260 .param/l "c" 0 9 55, +C4<01001>;
v000002cde7c98100_0 .net "pe_in_act", 7 0, L_000002cde7a704e0;  1 drivers
v000002cde7c97e80_0 .net "pe_in_psum", 31 0, L_000002cde7a70a20;  1 drivers
v000002cde7c981a0_0 .net "pe_in_weight", 7 0, L_000002cde7e0b5d0;  1 drivers
v000002cde7c97340_0 .net "pe_load_en", 0 0, L_000002cde7e0a810;  1 drivers
S_000002cde7ca8130 .scope generate, "genblk1" "genblk1" 9 61, 9 61 0, S_000002cde7caa9d0;
 .timescale -9 -12;
L_000002cde7a704e0 .functor BUFZ 8, v000002cde7c97700_0, C4<00000000>, C4<00000000>, C4<00000000>;
S_000002cde7ca8a90 .scope generate, "genblk2" "genblk2" 9 72, 9 72 0, S_000002cde7caa9d0;
 .timescale -9 -12;
L_000002cde7a70a20 .functor BUFZ 32, v000002cde7c9e320_0, C4<00000000000000000000000000000000>, C4<00000000000000000000000000000000>, C4<00000000000000000000000000000000>;
S_000002cde7caab60 .scope module, "pe_inst" "pe" 9 91, 10 12 0, S_000002cde7caa9d0;
 .timescale 0 0;
    .port_info 0 /INPUT 1 "clk";
    .port_info 1 /INPUT 1 "rst_n";
    .port_info 2 /INPUT 1 "en_compute";
    .port_info 3 /INPUT 1 "load_weight";
    .port_info 4 /INPUT 8 "in_act";
    .port_info 5 /INPUT 8 "in_weight";
    .port_info 6 /INPUT 32 "in_psum";
    .port_info 7 /OUTPUT 8 "out_act";
    .port_info 8 /OUTPUT 32 "out_psum";
v000002cde7c96ee0_0 .net "clk", 0 0, v000002cde7d9c770_0;  alias, 1 drivers
v000002cde7c975c0_0 .net "en_compute", 0 0, L_000002cde7db18a8;  alias, 1 drivers
v000002cde7c96f80_0 .net "in_act", 7 0, L_000002cde7a704e0;  alias, 1 drivers
v000002cde7c97840_0 .net "in_psum", 31 0, L_000002cde7a70a20;  alias, 1 drivers
v000002cde7c97480_0 .net "in_weight", 7 0, L_000002cde7e0b5d0;  alias, 1 drivers
v000002cde7c97200_0 .net "load_weight", 0 0, L_000002cde7e0a810;  alias, 1 drivers
v000002cde7c96a80_0 .var "out_act", 7 0;
v000002cde7c98600_0 .var "out_psum", 31 0;
v000002cde7c97ca0_0 .var/s "reg_weight", 7 0;
v000002cde7c97020_0 .net "rst_n", 0 0, L_000002cde7a71f90;  alias, 1 drivers
S_000002cde7caacf0 .scope generate, "COL_LOOP[10]" "COL_LOOP[10]" 9 55, 9 55 0, S_000002cde7ca4a80;
 .timescale -9 -12;
P_000002cde7ae22a0 .param/l "c" 0 9 55, +C4<01010>;
v000002cde7c987e0_0 .net "pe_in_act", 7 0, L_000002cde7a717b0;  1 drivers
v000002cde7c97b60_0 .net "pe_in_psum", 31 0, L_000002cde7a71190;  1 drivers
v000002cde7c98f60_0 .net "pe_in_weight", 7 0, L_000002cde7e0a310;  1 drivers
v000002cde7c96b20_0 .net "pe_load_en", 0 0, L_000002cde7e09e10;  1 drivers
S_000002cde7caa070 .scope generate, "genblk1" "genblk1" 9 61, 9 61 0, S_000002cde7caacf0;
 .timescale -9 -12;
L_000002cde7a717b0 .functor BUFZ 8, v000002cde7c96a80_0, C4<00000000>, C4<00000000>, C4<00000000>;
S_000002cde7cab7e0 .scope generate, "genblk2" "genblk2" 9 72, 9 72 0, S_000002cde7caacf0;
 .timescale -9 -12;
L_000002cde7a71190 .functor BUFZ 32, v000002cde7c9e3c0_0, C4<00000000000000000000000000000000>, C4<00000000000000000000000000000000>, C4<00000000000000000000000000000000>;
S_000002cde7ca9580 .scope module, "pe_inst" "pe" 9 91, 10 12 0, S_000002cde7caacf0;
 .timescale 0 0;
    .port_info 0 /INPUT 1 "clk";
    .port_info 1 /INPUT 1 "rst_n";
    .port_info 2 /INPUT 1 "en_compute";
    .port_info 3 /INPUT 1 "load_weight";
    .port_info 4 /INPUT 8 "in_act";
    .port_info 5 /INPUT 8 "in_weight";
    .port_info 6 /INPUT 32 "in_psum";
    .port_info 7 /OUTPUT 8 "out_act";
    .port_info 8 /OUTPUT 32 "out_psum";
v000002cde7c989c0_0 .net "clk", 0 0, v000002cde7d9c770_0;  alias, 1 drivers
v000002cde7c990a0_0 .net "en_compute", 0 0, L_000002cde7db18a8;  alias, 1 drivers
v000002cde7c98240_0 .net "in_act", 7 0, L_000002cde7a717b0;  alias, 1 drivers
v000002cde7c98a60_0 .net "in_psum", 31 0, L_000002cde7a71190;  alias, 1 drivers
v000002cde7c98380_0 .net "in_weight", 7 0, L_000002cde7e0a310;  alias, 1 drivers
v000002cde7c972a0_0 .net "load_weight", 0 0, L_000002cde7e09e10;  alias, 1 drivers
v000002cde7c98920_0 .var "out_act", 7 0;
v000002cde7c97a20_0 .var "out_psum", 31 0;
v000002cde7c98420_0 .var/s "reg_weight", 7 0;
v000002cde7c986a0_0 .net "rst_n", 0 0, L_000002cde7a71f90;  alias, 1 drivers
S_000002cde7cab970 .scope generate, "COL_LOOP[11]" "COL_LOOP[11]" 9 55, 9 55 0, S_000002cde7ca4a80;
 .timescale -9 -12;
P_000002cde7ae2e20 .param/l "c" 0 9 55, +C4<01011>;
v000002cde7c99140_0 .net "pe_in_act", 7 0, L_000002cde7a71820;  1 drivers
v000002cde7c9afe0_0 .net "pe_in_psum", 31 0, L_000002cde7a702b0;  1 drivers
v000002cde7c991e0_0 .net "pe_in_weight", 7 0, L_000002cde7e0a3b0;  1 drivers
v000002cde7c9b300_0 .net "pe_load_en", 0 0, L_000002cde7e09f50;  1 drivers
S_000002cde7ca8c20 .scope generate, "genblk1" "genblk1" 9 61, 9 61 0, S_000002cde7cab970;
 .timescale -9 -12;
L_000002cde7a71820 .functor BUFZ 8, v000002cde7c98920_0, C4<00000000>, C4<00000000>, C4<00000000>;
S_000002cde7ca82c0 .scope generate, "genblk2" "genblk2" 9 72, 9 72 0, S_000002cde7cab970;
 .timescale -9 -12;
L_000002cde7a702b0 .functor BUFZ 32, v000002cde7c9ea00_0, C4<00000000000000000000000000000000>, C4<00000000000000000000000000000000>, C4<00000000000000000000000000000000>;
S_000002cde7ca9bc0 .scope module, "pe_inst" "pe" 9 91, 10 12 0, S_000002cde7cab970;
 .timescale 0 0;
    .port_info 0 /INPUT 1 "clk";
    .port_info 1 /INPUT 1 "rst_n";
    .port_info 2 /INPUT 1 "en_compute";
    .port_info 3 /INPUT 1 "load_weight";
    .port_info 4 /INPUT 8 "in_act";
    .port_info 5 /INPUT 8 "in_weight";
    .port_info 6 /INPUT 32 "in_psum";
    .port_info 7 /OUTPUT 8 "out_act";
    .port_info 8 /OUTPUT 32 "out_psum";
v000002cde7c97de0_0 .net "clk", 0 0, v000002cde7d9c770_0;  alias, 1 drivers
v000002cde7c96bc0_0 .net "en_compute", 0 0, L_000002cde7db18a8;  alias, 1 drivers
v000002cde7c98880_0 .net "in_act", 7 0, L_000002cde7a71820;  alias, 1 drivers
v000002cde7c98b00_0 .net "in_psum", 31 0, L_000002cde7a702b0;  alias, 1 drivers
v000002cde7c98c40_0 .net "in_weight", 7 0, L_000002cde7e0a3b0;  alias, 1 drivers
v000002cde7c98ce0_0 .net "load_weight", 0 0, L_000002cde7e09f50;  alias, 1 drivers
v000002cde7c98d80_0 .var "out_act", 7 0;
v000002cde7c9a040_0 .var "out_psum", 31 0;
v000002cde7c996e0_0 .var/s "reg_weight", 7 0;
v000002cde7c9b3a0_0 .net "rst_n", 0 0, L_000002cde7a71f90;  alias, 1 drivers
S_000002cde7ca9710 .scope generate, "COL_LOOP[12]" "COL_LOOP[12]" 9 55, 9 55 0, S_000002cde7ca4a80;
 .timescale -9 -12;
P_000002cde7ae2ae0 .param/l "c" 0 9 55, +C4<01100>;
v000002cde7c9a9a0_0 .net "pe_in_act", 7 0, L_000002cde7a705c0;  1 drivers
v000002cde7c9a860_0 .net "pe_in_psum", 31 0, L_000002cde7a70b70;  1 drivers
v000002cde7c9aae0_0 .net "pe_in_weight", 7 0, L_000002cde7e0b670;  1 drivers
v000002cde7c99dc0_0 .net "pe_load_en", 0 0, L_000002cde7e0b7b0;  1 drivers
S_000002cde7caae80 .scope generate, "genblk1" "genblk1" 9 61, 9 61 0, S_000002cde7ca9710;
 .timescale -9 -12;
L_000002cde7a705c0 .functor BUFZ 8, v000002cde7c98d80_0, C4<00000000>, C4<00000000>, C4<00000000>;
S_000002cde7ca8db0 .scope generate, "genblk2" "genblk2" 9 72, 9 72 0, S_000002cde7ca9710;
 .timescale -9 -12;
L_000002cde7a70b70 .functor BUFZ 32, v000002cde7c9eb40_0, C4<00000000000000000000000000000000>, C4<00000000000000000000000000000000>, C4<00000000000000000000000000000000>;
S_000002cde7cab010 .scope module, "pe_inst" "pe" 9 91, 10 12 0, S_000002cde7ca9710;
 .timescale 0 0;
    .port_info 0 /INPUT 1 "clk";
    .port_info 1 /INPUT 1 "rst_n";
    .port_info 2 /INPUT 1 "en_compute";
    .port_info 3 /INPUT 1 "load_weight";
    .port_info 4 /INPUT 8 "in_act";
    .port_info 5 /INPUT 8 "in_weight";
    .port_info 6 /INPUT 32 "in_psum";
    .port_info 7 /OUTPUT 8 "out_act";
    .port_info 8 /OUTPUT 32 "out_psum";
v000002cde7c99fa0_0 .net "clk", 0 0, v000002cde7d9c770_0;  alias, 1 drivers
v000002cde7c9b760_0 .net "en_compute", 0 0, L_000002cde7db18a8;  alias, 1 drivers
v000002cde7c9a2c0_0 .net "in_act", 7 0, L_000002cde7a705c0;  alias, 1 drivers
v000002cde7c99780_0 .net "in_psum", 31 0, L_000002cde7a70b70;  alias, 1 drivers
v000002cde7c9b440_0 .net "in_weight", 7 0, L_000002cde7e0b670;  alias, 1 drivers
v000002cde7c9b4e0_0 .net "load_weight", 0 0, L_000002cde7e0b7b0;  alias, 1 drivers
v000002cde7c99320_0 .var "out_act", 7 0;
v000002cde7c9ad60_0 .var "out_psum", 31 0;
v000002cde7c99280_0 .var/s "reg_weight", 7 0;
v000002cde7c993c0_0 .net "rst_n", 0 0, L_000002cde7a71f90;  alias, 1 drivers
S_000002cde7ca9a30 .scope generate, "COL_LOOP[13]" "COL_LOOP[13]" 9 55, 9 55 0, S_000002cde7ca4a80;
 .timescale -9 -12;
P_000002cde7ae22e0 .param/l "c" 0 9 55, +C4<01101>;
v000002cde7c9a400_0 .net "pe_in_act", 7 0, L_000002cde7a71c10;  1 drivers
v000002cde7c9ac20_0 .net "pe_in_psum", 31 0, L_000002cde7a71900;  1 drivers
v000002cde7c99820_0 .net "pe_in_weight", 7 0, L_000002cde7e0aa90;  1 drivers
v000002cde7c9b800_0 .net "pe_load_en", 0 0, L_000002cde7e0ab30;  1 drivers
S_000002cde7caa200 .scope generate, "genblk1" "genblk1" 9 61, 9 61 0, S_000002cde7ca9a30;
 .timescale -9 -12;
L_000002cde7a71c10 .functor BUFZ 8, v000002cde7c99320_0, C4<00000000>, C4<00000000>, C4<00000000>;
S_000002cde7ca9d50 .scope generate, "genblk2" "genblk2" 9 72, 9 72 0, S_000002cde7ca9a30;
 .timescale -9 -12;
L_000002cde7a71900 .functor BUFZ 32, v000002cde7ca09e0_0, C4<00000000000000000000000000000000>, C4<00000000000000000000000000000000>, C4<00000000000000000000000000000000>;
S_000002cde7ca90d0 .scope module, "pe_inst" "pe" 9 91, 10 12 0, S_000002cde7ca9a30;
 .timescale 0 0;
    .port_info 0 /INPUT 1 "clk";
    .port_info 1 /INPUT 1 "rst_n";
    .port_info 2 /INPUT 1 "en_compute";
    .port_info 3 /INPUT 1 "load_weight";
    .port_info 4 /INPUT 8 "in_act";
    .port_info 5 /INPUT 8 "in_weight";
    .port_info 6 /INPUT 32 "in_psum";
    .port_info 7 /OUTPUT 8 "out_act";
    .port_info 8 /OUTPUT 32 "out_psum";
v000002cde7c9a360_0 .net "clk", 0 0, v000002cde7d9c770_0;  alias, 1 drivers
v000002cde7c9aa40_0 .net "en_compute", 0 0, L_000002cde7db18a8;  alias, 1 drivers
v000002cde7c99500_0 .net "in_act", 7 0, L_000002cde7a71c10;  alias, 1 drivers
v000002cde7c99460_0 .net "in_psum", 31 0, L_000002cde7a71900;  alias, 1 drivers
v000002cde7c995a0_0 .net "in_weight", 7 0, L_000002cde7e0aa90;  alias, 1 drivers
v000002cde7c9a5e0_0 .net "load_weight", 0 0, L_000002cde7e0ab30;  alias, 1 drivers
v000002cde7c99e60_0 .var "out_act", 7 0;
v000002cde7c9a720_0 .var "out_psum", 31 0;
v000002cde7c99a00_0 .var/s "reg_weight", 7 0;
v000002cde7c9ab80_0 .net "rst_n", 0 0, L_000002cde7a71f90;  alias, 1 drivers
S_000002cde7cabb00 .scope generate, "COL_LOOP[14]" "COL_LOOP[14]" 9 55, 9 55 0, S_000002cde7ca4a80;
 .timescale -9 -12;
P_000002cde7ae2e60 .param/l "c" 0 9 55, +C4<01110>;
v000002cde7c9a4a0_0 .net "pe_in_act", 7 0, L_000002cde7a70080;  1 drivers
v000002cde7c9b580_0 .net "pe_in_psum", 31 0, L_000002cde7a71970;  1 drivers
v000002cde7c9acc0_0 .net "pe_in_weight", 7 0, L_000002cde7e099b0;  1 drivers
v000002cde7c9b6c0_0 .net "pe_load_en", 0 0, L_000002cde7e09a50;  1 drivers
S_000002cde7cabc90 .scope generate, "genblk1" "genblk1" 9 61, 9 61 0, S_000002cde7cabb00;
 .timescale -9 -12;
L_000002cde7a70080 .functor BUFZ 8, v000002cde7c99e60_0, C4<00000000>, C4<00000000>, C4<00000000>;
S_000002cde7ca9260 .scope generate, "genblk2" "genblk2" 9 72, 9 72 0, S_000002cde7cabb00;
 .timescale -9 -12;
L_000002cde7a71970 .functor BUFZ 32, v000002cde7ca30a0_0, C4<00000000000000000000000000000000>, C4<00000000000000000000000000000000>, C4<00000000000000000000000000000000>;
S_000002cde7ca9ee0 .scope module, "pe_inst" "pe" 9 91, 10 12 0, S_000002cde7cabb00;
 .timescale 0 0;
    .port_info 0 /INPUT 1 "clk";
    .port_info 1 /INPUT 1 "rst_n";
    .port_info 2 /INPUT 1 "en_compute";
    .port_info 3 /INPUT 1 "load_weight";
    .port_info 4 /INPUT 8 "in_act";
    .port_info 5 /INPUT 8 "in_weight";
    .port_info 6 /INPUT 32 "in_psum";
    .port_info 7 /OUTPUT 8 "out_act";
    .port_info 8 /OUTPUT 32 "out_psum";
v000002cde7c9aea0_0 .net "clk", 0 0, v000002cde7d9c770_0;  alias, 1 drivers
v000002cde7c998c0_0 .net "en_compute", 0 0, L_000002cde7db18a8;  alias, 1 drivers
v000002cde7c99f00_0 .net "in_act", 7 0, L_000002cde7a70080;  alias, 1 drivers
v000002cde7c9af40_0 .net "in_psum", 31 0, L_000002cde7a71970;  alias, 1 drivers
v000002cde7c99c80_0 .net "in_weight", 7 0, L_000002cde7e099b0;  alias, 1 drivers
v000002cde7c9a7c0_0 .net "load_weight", 0 0, L_000002cde7e09a50;  alias, 1 drivers
v000002cde7c9b8a0_0 .var "out_act", 7 0;
v000002cde7c99960_0 .var "out_psum", 31 0;
v000002cde7c99be0_0 .var/s "reg_weight", 7 0;
v000002cde7c99640_0 .net "rst_n", 0 0, L_000002cde7a71f90;  alias, 1 drivers
S_000002cde7cabe20 .scope generate, "COL_LOOP[15]" "COL_LOOP[15]" 9 55, 9 55 0, S_000002cde7ca4a80;
 .timescale -9 -12;
P_000002cde7ae2fe0 .param/l "c" 0 9 55, +C4<01111>;
v000002cde7c9a540_0 .net "pe_in_act", 7 0, L_000002cde7a70be0;  1 drivers
v000002cde7cae310_0 .net "pe_in_psum", 31 0, L_000002cde7a70c50;  1 drivers
v000002cde7cae6d0_0 .net "pe_in_weight", 7 0, L_000002cde7e0abd0;  1 drivers
v000002cde7caf490_0 .net "pe_load_en", 0 0, L_000002cde7e0b850;  1 drivers
S_000002cde7caa390 .scope generate, "genblk1" "genblk1" 9 61, 9 61 0, S_000002cde7cabe20;
 .timescale -9 -12;
L_000002cde7a70be0 .functor BUFZ 8, v000002cde7c9b8a0_0, C4<00000000>, C4<00000000>, C4<00000000>;
S_000002cde7caa520 .scope generate, "genblk2" "genblk2" 9 72, 9 72 0, S_000002cde7cabe20;
 .timescale -9 -12;
L_000002cde7a70c50 .functor BUFZ 32, v000002cde7ca1200_0, C4<00000000000000000000000000000000>, C4<00000000000000000000000000000000>, C4<00000000000000000000000000000000>;
S_000002cde7cab1a0 .scope module, "pe_inst" "pe" 9 91, 10 12 0, S_000002cde7cabe20;
 .timescale 0 0;
    .port_info 0 /INPUT 1 "clk";
    .port_info 1 /INPUT 1 "rst_n";
    .port_info 2 /INPUT 1 "en_compute";
    .port_info 3 /INPUT 1 "load_weight";
    .port_info 4 /INPUT 8 "in_act";
    .port_info 5 /INPUT 8 "in_weight";
    .port_info 6 /INPUT 32 "in_psum";
    .port_info 7 /OUTPUT 8 "out_act";
    .port_info 8 /OUTPUT 32 "out_psum";
v000002cde7c9b080_0 .net "clk", 0 0, v000002cde7d9c770_0;  alias, 1 drivers
v000002cde7c9a180_0 .net "en_compute", 0 0, L_000002cde7db18a8;  alias, 1 drivers
v000002cde7c99aa0_0 .net "in_act", 7 0, L_000002cde7a70be0;  alias, 1 drivers
v000002cde7c9b120_0 .net "in_psum", 31 0, L_000002cde7a70c50;  alias, 1 drivers
v000002cde7c9b620_0 .net "in_weight", 7 0, L_000002cde7e0abd0;  alias, 1 drivers
v000002cde7c99b40_0 .net "load_weight", 0 0, L_000002cde7e0b850;  alias, 1 drivers
v000002cde7c9b1c0_0 .var "out_act", 7 0;
v000002cde7c9b260_0 .var "out_psum", 31 0;
v000002cde7c99d20_0 .var/s "reg_weight", 7 0;
v000002cde7c9a220_0 .net "rst_n", 0 0, L_000002cde7a71f90;  alias, 1 drivers
S_000002cde7cbf560 .scope generate, "ROW_LOOP[3]" "ROW_LOOP[3]" 9 54, 9 54 0, S_000002cde7c86a10;
 .timescale -9 -12;
P_000002cde7ae2320 .param/l "r" 0 9 54, +C4<011>;
S_000002cde7cbd490 .scope generate, "COL_LOOP[0]" "COL_LOOP[0]" 9 55, 9 55 0, S_000002cde7cbf560;
 .timescale -9 -12;
P_000002cde7ae29a0 .param/l "c" 0 9 55, +C4<00>;
v000002cde7caf170_0 .net "pe_in_act", 7 0, L_000002cde7e0bb70;  1 drivers
v000002cde7caee50_0 .net "pe_in_psum", 31 0, L_000002cde7a70cc0;  1 drivers
v000002cde7caef90_0 .net "pe_in_weight", 7 0, L_000002cde7e0ba30;  1 drivers
v000002cde7caf670_0 .net "pe_load_en", 0 0, L_000002cde7e09c30;  1 drivers
S_000002cde7cbf3d0 .scope generate, "genblk1" "genblk1" 9 61, 9 61 0, S_000002cde7cbd490;
 .timescale -9 -12;
S_000002cde7cbec00 .scope generate, "genblk2" "genblk2" 9 72, 9 72 0, S_000002cde7cbd490;
 .timescale -9 -12;
L_000002cde7a70cc0 .functor BUFZ 32, v000002cde7ca1fc0_0, C4<00000000000000000000000000000000>, C4<00000000000000000000000000000000>, C4<00000000000000000000000000000000>;
S_000002cde7cbddf0 .scope module, "pe_inst" "pe" 9 91, 10 12 0, S_000002cde7cbd490;
 .timescale 0 0;
    .port_info 0 /INPUT 1 "clk";
    .port_info 1 /INPUT 1 "rst_n";
    .port_info 2 /INPUT 1 "en_compute";
    .port_info 3 /INPUT 1 "load_weight";
    .port_info 4 /INPUT 8 "in_act";
    .port_info 5 /INPUT 8 "in_weight";
    .port_info 6 /INPUT 32 "in_psum";
    .port_info 7 /OUTPUT 8 "out_act";
    .port_info 8 /OUTPUT 32 "out_psum";
v000002cde7cae9f0_0 .net "clk", 0 0, v000002cde7d9c770_0;  alias, 1 drivers
v000002cde7caf5d0_0 .net "en_compute", 0 0, L_000002cde7db18a8;  alias, 1 drivers
v000002cde7cada50_0 .net "in_act", 7 0, L_000002cde7e0bb70;  alias, 1 drivers
v000002cde7cad410_0 .net "in_psum", 31 0, L_000002cde7a70cc0;  alias, 1 drivers
v000002cde7cae3b0_0 .net "in_weight", 7 0, L_000002cde7e0ba30;  alias, 1 drivers
v000002cde7caebd0_0 .net "load_weight", 0 0, L_000002cde7e09c30;  alias, 1 drivers
v000002cde7caf030_0 .var "out_act", 7 0;
v000002cde7cadcd0_0 .var "out_psum", 31 0;
v000002cde7caf850_0 .var/s "reg_weight", 7 0;
v000002cde7cad190_0 .net "rst_n", 0 0, L_000002cde7a71f90;  alias, 1 drivers
S_000002cde7cbfba0 .scope generate, "COL_LOOP[1]" "COL_LOOP[1]" 9 55, 9 55 0, S_000002cde7cbf560;
 .timescale -9 -12;
P_000002cde7ae27a0 .param/l "c" 0 9 55, +C4<01>;
v000002cde7caf8f0_0 .net "pe_in_act", 7 0, L_000002cde7a710b0;  1 drivers
v000002cde7caedb0_0 .net "pe_in_psum", 31 0, L_000002cde7a70d30;  1 drivers
v000002cde7cadc30_0 .net "pe_in_weight", 7 0, L_000002cde7e0bc10;  1 drivers
v000002cde7caeef0_0 .net "pe_load_en", 0 0, L_000002cde7e09cd0;  1 drivers
S_000002cde7cc0cd0 .scope generate, "genblk1" "genblk1" 9 61, 9 61 0, S_000002cde7cbfba0;
 .timescale -9 -12;
L_000002cde7a710b0 .functor BUFZ 8, v000002cde7caf030_0, C4<00000000>, C4<00000000>, C4<00000000>;
S_000002cde7cbd940 .scope generate, "genblk2" "genblk2" 9 72, 9 72 0, S_000002cde7cbfba0;
 .timescale -9 -12;
L_000002cde7a70d30 .functor BUFZ 32, v000002cde7ca3500_0, C4<00000000000000000000000000000000>, C4<00000000000000000000000000000000>, C4<00000000000000000000000000000000>;
S_000002cde7cbe110 .scope module, "pe_inst" "pe" 9 91, 10 12 0, S_000002cde7cbfba0;
 .timescale 0 0;
    .port_info 0 /INPUT 1 "clk";
    .port_info 1 /INPUT 1 "rst_n";
    .port_info 2 /INPUT 1 "en_compute";
    .port_info 3 /INPUT 1 "load_weight";
    .port_info 4 /INPUT 8 "in_act";
    .port_info 5 /INPUT 8 "in_weight";
    .port_info 6 /INPUT 32 "in_psum";
    .port_info 7 /OUTPUT 8 "out_act";
    .port_info 8 /OUTPUT 32 "out_psum";
v000002cde7caf7b0_0 .net "clk", 0 0, v000002cde7d9c770_0;  alias, 1 drivers
v000002cde7caf530_0 .net "en_compute", 0 0, L_000002cde7db18a8;  alias, 1 drivers
v000002cde7cad2d0_0 .net "in_act", 7 0, L_000002cde7a710b0;  alias, 1 drivers
v000002cde7caec70_0 .net "in_psum", 31 0, L_000002cde7a70d30;  alias, 1 drivers
v000002cde7cad5f0_0 .net "in_weight", 7 0, L_000002cde7e0bc10;  alias, 1 drivers
v000002cde7cadaf0_0 .net "load_weight", 0 0, L_000002cde7e09cd0;  alias, 1 drivers
v000002cde7cadb90_0 .var "out_act", 7 0;
v000002cde7cae4f0_0 .var "out_psum", 31 0;
v000002cde7cadff0_0 .var/s "reg_weight", 7 0;
v000002cde7caf710_0 .net "rst_n", 0 0, L_000002cde7a71f90;  alias, 1 drivers
S_000002cde7cbdad0 .scope generate, "COL_LOOP[2]" "COL_LOOP[2]" 9 55, 9 55 0, S_000002cde7cbf560;
 .timescale -9 -12;
P_000002cde7ae28e0 .param/l "c" 0 9 55, +C4<010>;
v000002cde7cadeb0_0 .net "pe_in_act", 7 0, L_000002cde7a71a50;  1 drivers
v000002cde7cae770_0 .net "pe_in_psum", 31 0, L_000002cde7a70e80;  1 drivers
v000002cde7caf3f0_0 .net "pe_in_weight", 7 0, L_000002cde7e0bcb0;  1 drivers
v000002cde7cad690_0 .net "pe_load_en", 0 0, L_000002cde7e0bd50;  1 drivers
S_000002cde7cbef20 .scope generate, "genblk1" "genblk1" 9 61, 9 61 0, S_000002cde7cbdad0;
 .timescale -9 -12;
L_000002cde7a71a50 .functor BUFZ 8, v000002cde7cadb90_0, C4<00000000>, C4<00000000>, C4<00000000>;
S_000002cde7cbd620 .scope generate, "genblk2" "genblk2" 9 72, 9 72 0, S_000002cde7cbdad0;
 .timescale -9 -12;
L_000002cde7a70e80 .functor BUFZ 32, v000002cde7ca3c80_0, C4<00000000000000000000000000000000>, C4<00000000000000000000000000000000>, C4<00000000000000000000000000000000>;
S_000002cde7cbd170 .scope module, "pe_inst" "pe" 9 91, 10 12 0, S_000002cde7cbdad0;
 .timescale 0 0;
    .port_info 0 /INPUT 1 "clk";
    .port_info 1 /INPUT 1 "rst_n";
    .port_info 2 /INPUT 1 "en_compute";
    .port_info 3 /INPUT 1 "load_weight";
    .port_info 4 /INPUT 8 "in_act";
    .port_info 5 /INPUT 8 "in_weight";
    .port_info 6 /INPUT 32 "in_psum";
    .port_info 7 /OUTPUT 8 "out_act";
    .port_info 8 /OUTPUT 32 "out_psum";
v000002cde7caf0d0_0 .net "clk", 0 0, v000002cde7d9c770_0;  alias, 1 drivers
v000002cde7cad230_0 .net "en_compute", 0 0, L_000002cde7db18a8;  alias, 1 drivers
v000002cde7cae810_0 .net "in_act", 7 0, L_000002cde7a71a50;  alias, 1 drivers
v000002cde7cae590_0 .net "in_psum", 31 0, L_000002cde7a70e80;  alias, 1 drivers
v000002cde7caf210_0 .net "in_weight", 7 0, L_000002cde7e0bcb0;  alias, 1 drivers
v000002cde7caf2b0_0 .net "load_weight", 0 0, L_000002cde7e0bd50;  alias, 1 drivers
v000002cde7cadd70_0 .var "out_act", 7 0;
v000002cde7cad370_0 .var "out_psum", 31 0;
v000002cde7cae450_0 .var/s "reg_weight", 7 0;
v000002cde7cad4b0_0 .net "rst_n", 0 0, L_000002cde7a71f90;  alias, 1 drivers
S_000002cde7cc0500 .scope generate, "COL_LOOP[3]" "COL_LOOP[3]" 9 55, 9 55 0, S_000002cde7cbf560;
 .timescale -9 -12;
P_000002cde7ae2b20 .param/l "c" 0 9 55, +C4<011>;
v000002cde7cae130_0 .net "pe_in_act", 7 0, L_000002cde7a70ef0;  1 drivers
v000002cde7cae1d0_0 .net "pe_in_psum", 31 0, L_000002cde7a71ac0;  1 drivers
v000002cde7cae270_0 .net "pe_in_weight", 7 0, L_000002cde7e09d70;  1 drivers
v000002cde7caeb30_0 .net "pe_load_en", 0 0, L_000002cde7e0df10;  1 drivers
S_000002cde7cbf6f0 .scope generate, "genblk1" "genblk1" 9 61, 9 61 0, S_000002cde7cc0500;
 .timescale -9 -12;
L_000002cde7a70ef0 .functor BUFZ 8, v000002cde7cadd70_0, C4<00000000>, C4<00000000>, C4<00000000>;
S_000002cde7cbd7b0 .scope generate, "genblk2" "genblk2" 9 72, 9 72 0, S_000002cde7cc0500;
 .timescale -9 -12;
L_000002cde7a71ac0 .functor BUFZ 32, v000002cde7c94640_0, C4<00000000000000000000000000000000>, C4<00000000000000000000000000000000>, C4<00000000000000000000000000000000>;
S_000002cde7cbdc60 .scope module, "pe_inst" "pe" 9 91, 10 12 0, S_000002cde7cc0500;
 .timescale 0 0;
    .port_info 0 /INPUT 1 "clk";
    .port_info 1 /INPUT 1 "rst_n";
    .port_info 2 /INPUT 1 "en_compute";
    .port_info 3 /INPUT 1 "load_weight";
    .port_info 4 /INPUT 8 "in_act";
    .port_info 5 /INPUT 8 "in_weight";
    .port_info 6 /INPUT 32 "in_psum";
    .port_info 7 /OUTPUT 8 "out_act";
    .port_info 8 /OUTPUT 32 "out_psum";
v000002cde7cae090_0 .net "clk", 0 0, v000002cde7d9c770_0;  alias, 1 drivers
v000002cde7cad7d0_0 .net "en_compute", 0 0, L_000002cde7db18a8;  alias, 1 drivers
v000002cde7cae8b0_0 .net "in_act", 7 0, L_000002cde7a70ef0;  alias, 1 drivers
v000002cde7cade10_0 .net "in_psum", 31 0, L_000002cde7a71ac0;  alias, 1 drivers
v000002cde7cad870_0 .net "in_weight", 7 0, L_000002cde7e09d70;  alias, 1 drivers
v000002cde7cad910_0 .net "load_weight", 0 0, L_000002cde7e0df10;  alias, 1 drivers
v000002cde7cadf50_0 .var "out_act", 7 0;
v000002cde7cad9b0_0 .var "out_psum", 31 0;
v000002cde7cae630_0 .var/s "reg_weight", 7 0;
v000002cde7caea90_0 .net "rst_n", 0 0, L_000002cde7a71f90;  alias, 1 drivers
S_000002cde7cc01e0 .scope generate, "COL_LOOP[4]" "COL_LOOP[4]" 9 55, 9 55 0, S_000002cde7cbf560;
 .timescale -9 -12;
P_000002cde7ae27e0 .param/l "c" 0 9 55, +C4<0100>;
v000002cde7cb0bb0_0 .net "pe_in_act", 7 0, L_000002cde7a700f0;  1 drivers
v000002cde7cb0750_0 .net "pe_in_psum", 31 0, L_000002cde7902ff0;  1 drivers
v000002cde7cb1fb0_0 .net "pe_in_weight", 7 0, L_000002cde7e0e4b0;  1 drivers
v000002cde7cb04d0_0 .net "pe_load_en", 0 0, L_000002cde7e0d830;  1 drivers
S_000002cde7cbf880 .scope generate, "genblk1" "genblk1" 9 61, 9 61 0, S_000002cde7cc01e0;
 .timescale -9 -12;
L_000002cde7a700f0 .functor BUFZ 8, v000002cde7cadf50_0, C4<00000000>, C4<00000000>, C4<00000000>;
S_000002cde7cbd300 .scope generate, "genblk2" "genblk2" 9 72, 9 72 0, S_000002cde7cc01e0;
 .timescale -9 -12;
L_000002cde7902ff0 .functor BUFZ 32, v000002cde7c964e0_0, C4<00000000000000000000000000000000>, C4<00000000000000000000000000000000>, C4<00000000000000000000000000000000>;
S_000002cde7cbdf80 .scope module, "pe_inst" "pe" 9 91, 10 12 0, S_000002cde7cc01e0;
 .timescale 0 0;
    .port_info 0 /INPUT 1 "clk";
    .port_info 1 /INPUT 1 "rst_n";
    .port_info 2 /INPUT 1 "en_compute";
    .port_info 3 /INPUT 1 "load_weight";
    .port_info 4 /INPUT 8 "in_act";
    .port_info 5 /INPUT 8 "in_weight";
    .port_info 6 /INPUT 32 "in_psum";
    .port_info 7 /OUTPUT 8 "out_act";
    .port_info 8 /OUTPUT 32 "out_psum";
v000002cde7cafd50_0 .net "clk", 0 0, v000002cde7d9c770_0;  alias, 1 drivers
v000002cde7cb0430_0 .net "en_compute", 0 0, L_000002cde7db18a8;  alias, 1 drivers
v000002cde7cb1510_0 .net "in_act", 7 0, L_000002cde7a700f0;  alias, 1 drivers
v000002cde7cb1290_0 .net "in_psum", 31 0, L_000002cde7902ff0;  alias, 1 drivers
v000002cde7cb0c50_0 .net "in_weight", 7 0, L_000002cde7e0e4b0;  alias, 1 drivers
v000002cde7cb1b50_0 .net "load_weight", 0 0, L_000002cde7e0d830;  alias, 1 drivers
v000002cde7cb1a10_0 .var "out_act", 7 0;
v000002cde7cb0930_0 .var "out_psum", 31 0;
v000002cde7cb1f10_0 .var/s "reg_weight", 7 0;
v000002cde7cb0110_0 .net "rst_n", 0 0, L_000002cde7a71f90;  alias, 1 drivers
S_000002cde7cbfa10 .scope generate, "COL_LOOP[5]" "COL_LOOP[5]" 9 55, 9 55 0, S_000002cde7cbf560;
 .timescale -9 -12;
P_000002cde7ae2b60 .param/l "c" 0 9 55, +C4<0101>;
v000002cde7cb0610_0 .net "pe_in_act", 7 0, L_000002cde7903610;  1 drivers
v000002cde7cafa30_0 .net "pe_in_psum", 31 0, L_000002cde7902ce0;  1 drivers
v000002cde7cafad0_0 .net "pe_in_weight", 7 0, L_000002cde7e0e690;  1 drivers
v000002cde7caf990_0 .net "pe_load_en", 0 0, L_000002cde7e0bf30;  1 drivers
S_000002cde7cbe2a0 .scope generate, "genblk1" "genblk1" 9 61, 9 61 0, S_000002cde7cbfa10;
 .timescale -9 -12;
L_000002cde7903610 .functor BUFZ 8, v000002cde7cb1a10_0, C4<00000000>, C4<00000000>, C4<00000000>;
S_000002cde7cbf0b0 .scope generate, "genblk2" "genblk2" 9 72, 9 72 0, S_000002cde7cbfa10;
 .timescale -9 -12;
L_000002cde7902ce0 .functor BUFZ 32, v000002cde7c96760_0, C4<00000000000000000000000000000000>, C4<00000000000000000000000000000000>, C4<00000000000000000000000000000000>;
S_000002cde7cc0b40 .scope module, "pe_inst" "pe" 9 91, 10 12 0, S_000002cde7cbfa10;
 .timescale 0 0;
    .port_info 0 /INPUT 1 "clk";
    .port_info 1 /INPUT 1 "rst_n";
    .port_info 2 /INPUT 1 "en_compute";
    .port_info 3 /INPUT 1 "load_weight";
    .port_info 4 /INPUT 8 "in_act";
    .port_info 5 /INPUT 8 "in_weight";
    .port_info 6 /INPUT 32 "in_psum";
    .port_info 7 /OUTPUT 8 "out_act";
    .port_info 8 /OUTPUT 32 "out_psum";
v000002cde7cafc10_0 .net "clk", 0 0, v000002cde7d9c770_0;  alias, 1 drivers
v000002cde7cb18d0_0 .net "en_compute", 0 0, L_000002cde7db18a8;  alias, 1 drivers
v000002cde7cb2050_0 .net "in_act", 7 0, L_000002cde7903610;  alias, 1 drivers
v000002cde7cb09d0_0 .net "in_psum", 31 0, L_000002cde7902ce0;  alias, 1 drivers
v000002cde7cb0a70_0 .net "in_weight", 7 0, L_000002cde7e0e690;  alias, 1 drivers
v000002cde7cb0570_0 .net "load_weight", 0 0, L_000002cde7e0bf30;  alias, 1 drivers
v000002cde7cb1790_0 .var "out_act", 7 0;
v000002cde7cb0ed0_0 .var "out_psum", 31 0;
v000002cde7cb20f0_0 .var/s "reg_weight", 7 0;
v000002cde7caffd0_0 .net "rst_n", 0 0, L_000002cde7a71f90;  alias, 1 drivers
S_000002cde7cbe750 .scope generate, "COL_LOOP[6]" "COL_LOOP[6]" 9 55, 9 55 0, S_000002cde7cbf560;
 .timescale -9 -12;
P_000002cde7ae2560 .param/l "c" 0 9 55, +C4<0110>;
v000002cde7cb0b10_0 .net "pe_in_act", 7 0, L_000002cde7902ab0;  1 drivers
v000002cde7cb0390_0 .net "pe_in_psum", 31 0, L_000002cde7902dc0;  1 drivers
v000002cde7cb11f0_0 .net "pe_in_weight", 7 0, L_000002cde7e0d790;  1 drivers
v000002cde7cb0d90_0 .net "pe_load_en", 0 0, L_000002cde7e0dfb0;  1 drivers
S_000002cde7cbea70 .scope generate, "genblk1" "genblk1" 9 61, 9 61 0, S_000002cde7cbe750;
 .timescale -9 -12;
L_000002cde7902ab0 .functor BUFZ 8, v000002cde7cb1790_0, C4<00000000>, C4<00000000>, C4<00000000>;
S_000002cde7cc09b0 .scope generate, "genblk2" "genblk2" 9 72, 9 72 0, S_000002cde7cbe750;
 .timescale -9 -12;
L_000002cde7902dc0 .functor BUFZ 32, v000002cde7c95ea0_0, C4<00000000000000000000000000000000>, C4<00000000000000000000000000000000>, C4<00000000000000000000000000000000>;
S_000002cde7cc0e60 .scope module, "pe_inst" "pe" 9 91, 10 12 0, S_000002cde7cbe750;
 .timescale 0 0;
    .port_info 0 /INPUT 1 "clk";
    .port_info 1 /INPUT 1 "rst_n";
    .port_info 2 /INPUT 1 "en_compute";
    .port_info 3 /INPUT 1 "load_weight";
    .port_info 4 /INPUT 8 "in_act";
    .port_info 5 /INPUT 8 "in_weight";
    .port_info 6 /INPUT 32 "in_psum";
    .port_info 7 /OUTPUT 8 "out_act";
    .port_info 8 /OUTPUT 32 "out_psum";
v000002cde7cb01b0_0 .net "clk", 0 0, v000002cde7d9c770_0;  alias, 1 drivers
v000002cde7cb0890_0 .net "en_compute", 0 0, L_000002cde7db18a8;  alias, 1 drivers
v000002cde7cafb70_0 .net "in_act", 7 0, L_000002cde7902ab0;  alias, 1 drivers
v000002cde7cb07f0_0 .net "in_psum", 31 0, L_000002cde7902dc0;  alias, 1 drivers
v000002cde7cb0250_0 .net "in_weight", 7 0, L_000002cde7e0d790;  alias, 1 drivers
v000002cde7cb02f0_0 .net "load_weight", 0 0, L_000002cde7e0dfb0;  alias, 1 drivers
v000002cde7cafe90_0 .var "out_act", 7 0;
v000002cde7cb10b0_0 .var "out_psum", 31 0;
v000002cde7cafdf0_0 .var/s "reg_weight", 7 0;
v000002cde7cafcb0_0 .net "rst_n", 0 0, L_000002cde7a71f90;  alias, 1 drivers
S_000002cde7cbe8e0 .scope generate, "COL_LOOP[7]" "COL_LOOP[7]" 9 55, 9 55 0, S_000002cde7cbf560;
 .timescale -9 -12;
P_000002cde7ae2ea0 .param/l "c" 0 9 55, +C4<0111>;
v000002cde7cb15b0_0 .net "pe_in_act", 7 0, L_000002cde7902b20;  1 drivers
v000002cde7cb1dd0_0 .net "pe_in_psum", 31 0, L_000002cde7902e30;  1 drivers
v000002cde7cb16f0_0 .net "pe_in_weight", 7 0, L_000002cde7e0d8d0;  1 drivers
v000002cde7cb1830_0 .net "pe_load_en", 0 0, L_000002cde7e0dbf0;  1 drivers
S_000002cde7cbe430 .scope generate, "genblk1" "genblk1" 9 61, 9 61 0, S_000002cde7cbe8e0;
 .timescale -9 -12;
L_000002cde7902b20 .functor BUFZ 8, v000002cde7cafe90_0, C4<00000000>, C4<00000000>, C4<00000000>;
S_000002cde7cbe5c0 .scope generate, "genblk2" "genblk2" 9 72, 9 72 0, S_000002cde7cbe8e0;
 .timescale -9 -12;
L_000002cde7902e30 .functor BUFZ 32, v000002cde7c98060_0, C4<00000000000000000000000000000000>, C4<00000000000000000000000000000000>, C4<00000000000000000000000000000000>;
S_000002cde7cbfd30 .scope module, "pe_inst" "pe" 9 91, 10 12 0, S_000002cde7cbe8e0;
 .timescale 0 0;
    .port_info 0 /INPUT 1 "clk";
    .port_info 1 /INPUT 1 "rst_n";
    .port_info 2 /INPUT 1 "en_compute";
    .port_info 3 /INPUT 1 "load_weight";
    .port_info 4 /INPUT 8 "in_act";
    .port_info 5 /INPUT 8 "in_weight";
    .port_info 6 /INPUT 32 "in_psum";
    .port_info 7 /OUTPUT 8 "out_act";
    .port_info 8 /OUTPUT 32 "out_psum";
v000002cde7cb1010_0 .net "clk", 0 0, v000002cde7d9c770_0;  alias, 1 drivers
v000002cde7cb0f70_0 .net "en_compute", 0 0, L_000002cde7db18a8;  alias, 1 drivers
v000002cde7cb1150_0 .net "in_act", 7 0, L_000002cde7902b20;  alias, 1 drivers
v000002cde7cb1330_0 .net "in_psum", 31 0, L_000002cde7902e30;  alias, 1 drivers
v000002cde7caff30_0 .net "in_weight", 7 0, L_000002cde7e0d8d0;  alias, 1 drivers
v000002cde7cb1650_0 .net "load_weight", 0 0, L_000002cde7e0dbf0;  alias, 1 drivers
v000002cde7cb0070_0 .var "out_act", 7 0;
v000002cde7cb13d0_0 .var "out_psum", 31 0;
v000002cde7cb1470_0 .var/s "reg_weight", 7 0;
v000002cde7cb1bf0_0 .net "rst_n", 0 0, L_000002cde7a71f90;  alias, 1 drivers
S_000002cde7cbed90 .scope generate, "COL_LOOP[8]" "COL_LOOP[8]" 9 55, 9 55 0, S_000002cde7cbf560;
 .timescale -9 -12;
P_000002cde7ae2620 .param/l "c" 0 9 55, +C4<01000>;
v000002cde7cb2370_0 .net "pe_in_act", 7 0, L_000002cde7902340;  1 drivers
v000002cde7cb4490_0 .net "pe_in_psum", 31 0, L_000002cde7903370;  1 drivers
v000002cde7cb43f0_0 .net "pe_in_weight", 7 0, L_000002cde7e0ca70;  1 drivers
v000002cde7cb3450_0 .net "pe_load_en", 0 0, L_000002cde7e0cc50;  1 drivers
S_000002cde7cc0370 .scope generate, "genblk1" "genblk1" 9 61, 9 61 0, S_000002cde7cbed90;
 .timescale -9 -12;
L_000002cde7902340 .functor BUFZ 8, v000002cde7cb0070_0, C4<00000000>, C4<00000000>, C4<00000000>;
S_000002cde7cbf240 .scope generate, "genblk2" "genblk2" 9 72, 9 72 0, S_000002cde7cbed90;
 .timescale -9 -12;
L_000002cde7903370 .functor BUFZ 32, v000002cde7c978e0_0, C4<00000000000000000000000000000000>, C4<00000000000000000000000000000000>, C4<00000000000000000000000000000000>;
S_000002cde7cbfec0 .scope module, "pe_inst" "pe" 9 91, 10 12 0, S_000002cde7cbed90;
 .timescale 0 0;
    .port_info 0 /INPUT 1 "clk";
    .port_info 1 /INPUT 1 "rst_n";
    .port_info 2 /INPUT 1 "en_compute";
    .port_info 3 /INPUT 1 "load_weight";
    .port_info 4 /INPUT 8 "in_act";
    .port_info 5 /INPUT 8 "in_weight";
    .port_info 6 /INPUT 32 "in_psum";
    .port_info 7 /OUTPUT 8 "out_act";
    .port_info 8 /OUTPUT 32 "out_psum";
v000002cde7cb1ab0_0 .net "clk", 0 0, v000002cde7d9c770_0;  alias, 1 drivers
v000002cde7cb1c90_0 .net "en_compute", 0 0, L_000002cde7db18a8;  alias, 1 drivers
v000002cde7cb1d30_0 .net "in_act", 7 0, L_000002cde7902340;  alias, 1 drivers
v000002cde7cb1e70_0 .net "in_psum", 31 0, L_000002cde7903370;  alias, 1 drivers
v000002cde7cb3e50_0 .net "in_weight", 7 0, L_000002cde7e0ca70;  alias, 1 drivers
v000002cde7cb3f90_0 .net "load_weight", 0 0, L_000002cde7e0cc50;  alias, 1 drivers
v000002cde7cb3ef0_0 .var "out_act", 7 0;
v000002cde7cb4030_0 .var "out_psum", 31 0;
v000002cde7cb2cd0_0 .var/s "reg_weight", 7 0;
v000002cde7cb3770_0 .net "rst_n", 0 0, L_000002cde7a71f90;  alias, 1 drivers
S_000002cde7cc0050 .scope generate, "COL_LOOP[9]" "COL_LOOP[9]" 9 55, 9 55 0, S_000002cde7cbf560;
 .timescale -9 -12;
P_000002cde7ae25a0 .param/l "c" 0 9 55, +C4<01001>;
v000002cde7cb2410_0 .net "pe_in_act", 7 0, L_000002cde7902110;  1 drivers
v000002cde7cb47b0_0 .net "pe_in_psum", 31 0, L_000002cde7903140;  1 drivers
v000002cde7cb3130_0 .net "pe_in_weight", 7 0, L_000002cde7e0e2d0;  1 drivers
v000002cde7cb4170_0 .net "pe_load_en", 0 0, L_000002cde7e0c2f0;  1 drivers
S_000002cde7cc0690 .scope generate, "genblk1" "genblk1" 9 61, 9 61 0, S_000002cde7cc0050;
 .timescale -9 -12;
L_000002cde7902110 .functor BUFZ 8, v000002cde7cb3ef0_0, C4<00000000>, C4<00000000>, C4<00000000>;
S_000002cde7cc0820 .scope generate, "genblk2" "genblk2" 9 72, 9 72 0, S_000002cde7cc0050;
 .timescale -9 -12;
L_000002cde7903140 .functor BUFZ 32, v000002cde7c98600_0, C4<00000000000000000000000000000000>, C4<00000000000000000000000000000000>, C4<00000000000000000000000000000000>;
S_000002cde7cc28f0 .scope module, "pe_inst" "pe" 9 91, 10 12 0, S_000002cde7cc0050;
 .timescale 0 0;
    .port_info 0 /INPUT 1 "clk";
    .port_info 1 /INPUT 1 "rst_n";
    .port_info 2 /INPUT 1 "en_compute";
    .port_info 3 /INPUT 1 "load_weight";
    .port_info 4 /INPUT 8 "in_act";
    .port_info 5 /INPUT 8 "in_weight";
    .port_info 6 /INPUT 32 "in_psum";
    .port_info 7 /OUTPUT 8 "out_act";
    .port_info 8 /OUTPUT 32 "out_psum";
v000002cde7cb2e10_0 .net "clk", 0 0, v000002cde7d9c770_0;  alias, 1 drivers
v000002cde7cb48f0_0 .net "en_compute", 0 0, L_000002cde7db18a8;  alias, 1 drivers
v000002cde7cb4670_0 .net "in_act", 7 0, L_000002cde7902110;  alias, 1 drivers
v000002cde7cb3810_0 .net "in_psum", 31 0, L_000002cde7903140;  alias, 1 drivers
v000002cde7cb3d10_0 .net "in_weight", 7 0, L_000002cde7e0e2d0;  alias, 1 drivers
v000002cde7cb2af0_0 .net "load_weight", 0 0, L_000002cde7e0c2f0;  alias, 1 drivers
v000002cde7cb2870_0 .var "out_act", 7 0;
v000002cde7cb2d70_0 .var "out_psum", 31 0;
v000002cde7cb38b0_0 .var/s "reg_weight", 7 0;
v000002cde7cb2190_0 .net "rst_n", 0 0, L_000002cde7a71f90;  alias, 1 drivers
S_000002cde7cc2760 .scope generate, "COL_LOOP[10]" "COL_LOOP[10]" 9 55, 9 55 0, S_000002cde7cbf560;
 .timescale -9 -12;
P_000002cde7ae2d60 .param/l "c" 0 9 55, +C4<01010>;
v000002cde7cb3310_0 .net "pe_in_act", 7 0, L_000002cde79021f0;  1 drivers
v000002cde7cb36d0_0 .net "pe_in_psum", 31 0, L_000002cde79023b0;  1 drivers
v000002cde7cb45d0_0 .net "pe_in_weight", 7 0, L_000002cde7e0c390;  1 drivers
v000002cde7cb40d0_0 .net "pe_load_en", 0 0, L_000002cde7e0c7f0;  1 drivers
S_000002cde7cc2a80 .scope generate, "genblk1" "genblk1" 9 61, 9 61 0, S_000002cde7cc2760;
 .timescale -9 -12;
L_000002cde79021f0 .functor BUFZ 8, v000002cde7cb2870_0, C4<00000000>, C4<00000000>, C4<00000000>;
S_000002cde7cc4b50 .scope generate, "genblk2" "genblk2" 9 72, 9 72 0, S_000002cde7cc2760;
 .timescale -9 -12;
L_000002cde79023b0 .functor BUFZ 32, v000002cde7c97a20_0, C4<00000000000000000000000000000000>, C4<00000000000000000000000000000000>, C4<00000000000000000000000000000000>;
S_000002cde7cc1ae0 .scope module, "pe_inst" "pe" 9 91, 10 12 0, S_000002cde7cc2760;
 .timescale 0 0;
    .port_info 0 /INPUT 1 "clk";
    .port_info 1 /INPUT 1 "rst_n";
    .port_info 2 /INPUT 1 "en_compute";
    .port_info 3 /INPUT 1 "load_weight";
    .port_info 4 /INPUT 8 "in_act";
    .port_info 5 /INPUT 8 "in_weight";
    .port_info 6 /INPUT 32 "in_psum";
    .port_info 7 /OUTPUT 8 "out_act";
    .port_info 8 /OUTPUT 32 "out_psum";
v000002cde7cb2230_0 .net "clk", 0 0, v000002cde7d9c770_0;  alias, 1 drivers
v000002cde7cb4530_0 .net "en_compute", 0 0, L_000002cde7db18a8;  alias, 1 drivers
v000002cde7cb24b0_0 .net "in_act", 7 0, L_000002cde79021f0;  alias, 1 drivers
v000002cde7cb2eb0_0 .net "in_psum", 31 0, L_000002cde79023b0;  alias, 1 drivers
v000002cde7cb2910_0 .net "in_weight", 7 0, L_000002cde7e0c390;  alias, 1 drivers
v000002cde7cb34f0_0 .net "load_weight", 0 0, L_000002cde7e0c7f0;  alias, 1 drivers
v000002cde7cb3c70_0 .var "out_act", 7 0;
v000002cde7cb2550_0 .var "out_psum", 31 0;
v000002cde7cb2a50_0 .var/s "reg_weight", 7 0;
v000002cde7cb25f0_0 .net "rst_n", 0 0, L_000002cde7a71f90;  alias, 1 drivers
S_000002cde7cc4ce0 .scope generate, "COL_LOOP[11]" "COL_LOOP[11]" 9 55, 9 55 0, S_000002cde7cbf560;
 .timescale -9 -12;
P_000002cde7ae2360 .param/l "c" 0 9 55, +C4<01011>;
v000002cde7cb2ff0_0 .net "pe_in_act", 7 0, L_000002cde79036f0;  1 drivers
v000002cde7cb3950_0 .net "pe_in_psum", 31 0, L_000002cde79026c0;  1 drivers
v000002cde7cb2c30_0 .net "pe_in_weight", 7 0, L_000002cde7e0dc90;  1 drivers
v000002cde7cb3bd0_0 .net "pe_load_en", 0 0, L_000002cde7e0bfd0;  1 drivers
S_000002cde7cc1180 .scope generate, "genblk1" "genblk1" 9 61, 9 61 0, S_000002cde7cc4ce0;
 .timescale -9 -12;
L_000002cde79036f0 .functor BUFZ 8, v000002cde7cb3c70_0, C4<00000000>, C4<00000000>, C4<00000000>;
S_000002cde7cc2c10 .scope generate, "genblk2" "genblk2" 9 72, 9 72 0, S_000002cde7cc4ce0;
 .timescale -9 -12;
L_000002cde79026c0 .functor BUFZ 32, v000002cde7c9a040_0, C4<00000000000000000000000000000000>, C4<00000000000000000000000000000000>, C4<00000000000000000000000000000000>;
S_000002cde7cc1f90 .scope module, "pe_inst" "pe" 9 91, 10 12 0, S_000002cde7cc4ce0;
 .timescale 0 0;
    .port_info 0 /INPUT 1 "clk";
    .port_info 1 /INPUT 1 "rst_n";
    .port_info 2 /INPUT 1 "en_compute";
    .port_info 3 /INPUT 1 "load_weight";
    .port_info 4 /INPUT 8 "in_act";
    .port_info 5 /INPUT 8 "in_weight";
    .port_info 6 /INPUT 32 "in_psum";
    .port_info 7 /OUTPUT 8 "out_act";
    .port_info 8 /OUTPUT 32 "out_psum";
v000002cde7cb4210_0 .net "clk", 0 0, v000002cde7d9c770_0;  alias, 1 drivers
v000002cde7cb22d0_0 .net "en_compute", 0 0, L_000002cde7db18a8;  alias, 1 drivers
v000002cde7cb2690_0 .net "in_act", 7 0, L_000002cde79036f0;  alias, 1 drivers
v000002cde7cb2730_0 .net "in_psum", 31 0, L_000002cde79026c0;  alias, 1 drivers
v000002cde7cb27d0_0 .net "in_weight", 7 0, L_000002cde7e0dc90;  alias, 1 drivers
v000002cde7cb29b0_0 .net "load_weight", 0 0, L_000002cde7e0bfd0;  alias, 1 drivers
v000002cde7cb3b30_0 .var "out_act", 7 0;
v000002cde7cb3db0_0 .var "out_psum", 31 0;
v000002cde7cb2b90_0 .var/s "reg_weight", 7 0;
v000002cde7cb2f50_0 .net "rst_n", 0 0, L_000002cde7a71f90;  alias, 1 drivers
S_000002cde7cc14a0 .scope generate, "COL_LOOP[12]" "COL_LOOP[12]" 9 55, 9 55 0, S_000002cde7cbf560;
 .timescale -9 -12;
P_000002cde7ae2f20 .param/l "c" 0 9 55, +C4<01100>;
v000002cde7cb6290_0 .net "pe_in_act", 7 0, L_000002cde79031b0;  1 drivers
v000002cde7cb6010_0 .net "pe_in_psum", 31 0, L_000002cde7901fc0;  1 drivers
v000002cde7cb66f0_0 .net "pe_in_weight", 7 0, L_000002cde7e0c070;  1 drivers
v000002cde7cb6510_0 .net "pe_load_en", 0 0, L_000002cde7e0d970;  1 drivers
S_000002cde7cc3ed0 .scope generate, "genblk1" "genblk1" 9 61, 9 61 0, S_000002cde7cc14a0;
 .timescale -9 -12;
L_000002cde79031b0 .functor BUFZ 8, v000002cde7cb3b30_0, C4<00000000>, C4<00000000>, C4<00000000>;
S_000002cde7cc2120 .scope generate, "genblk2" "genblk2" 9 72, 9 72 0, S_000002cde7cc14a0;
 .timescale -9 -12;
L_000002cde7901fc0 .functor BUFZ 32, v000002cde7c9ad60_0, C4<00000000000000000000000000000000>, C4<00000000000000000000000000000000>, C4<00000000000000000000000000000000>;
S_000002cde7cc3700 .scope module, "pe_inst" "pe" 9 91, 10 12 0, S_000002cde7cc14a0;
 .timescale 0 0;
    .port_info 0 /INPUT 1 "clk";
    .port_info 1 /INPUT 1 "rst_n";
    .port_info 2 /INPUT 1 "en_compute";
    .port_info 3 /INPUT 1 "load_weight";
    .port_info 4 /INPUT 8 "in_act";
    .port_info 5 /INPUT 8 "in_weight";
    .port_info 6 /INPUT 32 "in_psum";
    .port_info 7 /OUTPUT 8 "out_act";
    .port_info 8 /OUTPUT 32 "out_psum";
v000002cde7cb4710_0 .net "clk", 0 0, v000002cde7d9c770_0;  alias, 1 drivers
v000002cde7cb31d0_0 .net "en_compute", 0 0, L_000002cde7db18a8;  alias, 1 drivers
v000002cde7cb3270_0 .net "in_act", 7 0, L_000002cde79031b0;  alias, 1 drivers
v000002cde7cb3630_0 .net "in_psum", 31 0, L_000002cde7901fc0;  alias, 1 drivers
v000002cde7cb42b0_0 .net "in_weight", 7 0, L_000002cde7e0c070;  alias, 1 drivers
v000002cde7cb4350_0 .net "load_weight", 0 0, L_000002cde7e0d970;  alias, 1 drivers
v000002cde7cb33b0_0 .var "out_act", 7 0;
v000002cde7cb4850_0 .var "out_psum", 31 0;
v000002cde7cb61f0_0 .var/s "reg_weight", 7 0;
v000002cde7cb6ab0_0 .net "rst_n", 0 0, L_000002cde7a71f90;  alias, 1 drivers
S_000002cde7cc2440 .scope generate, "COL_LOOP[13]" "COL_LOOP[13]" 9 55, 9 55 0, S_000002cde7cbf560;
 .timescale -9 -12;
P_000002cde7ae2860 .param/l "c" 0 9 55, +C4<01101>;
v000002cde7cb5f70_0 .net "pe_in_act", 7 0, L_000002cde7902f80;  1 drivers
v000002cde7cb4fd0_0 .net "pe_in_psum", 31 0, L_000002cde7902500;  1 drivers
v000002cde7cb6bf0_0 .net "pe_in_weight", 7 0, L_000002cde7e0d3d0;  1 drivers
v000002cde7cb5570_0 .net "pe_load_en", 0 0, L_000002cde7e0da10;  1 drivers
S_000002cde7cc1630 .scope generate, "genblk1" "genblk1" 9 61, 9 61 0, S_000002cde7cc2440;
 .timescale -9 -12;
L_000002cde7902f80 .functor BUFZ 8, v000002cde7cb33b0_0, C4<00000000>, C4<00000000>, C4<00000000>;
S_000002cde7cc1c70 .scope generate, "genblk2" "genblk2" 9 72, 9 72 0, S_000002cde7cc2440;
 .timescale -9 -12;
L_000002cde7902500 .functor BUFZ 32, v000002cde7c9a720_0, C4<00000000000000000000000000000000>, C4<00000000000000000000000000000000>, C4<00000000000000000000000000000000>;
S_000002cde7cc5000 .scope module, "pe_inst" "pe" 9 91, 10 12 0, S_000002cde7cc2440;
 .timescale 0 0;
    .port_info 0 /INPUT 1 "clk";
    .port_info 1 /INPUT 1 "rst_n";
    .port_info 2 /INPUT 1 "en_compute";
    .port_info 3 /INPUT 1 "load_weight";
    .port_info 4 /INPUT 8 "in_act";
    .port_info 5 /INPUT 8 "in_weight";
    .port_info 6 /INPUT 32 "in_psum";
    .port_info 7 /OUTPUT 8 "out_act";
    .port_info 8 /OUTPUT 32 "out_psum";
v000002cde7cb5430_0 .net "clk", 0 0, v000002cde7d9c770_0;  alias, 1 drivers
v000002cde7cb65b0_0 .net "en_compute", 0 0, L_000002cde7db18a8;  alias, 1 drivers
v000002cde7cb6970_0 .net "in_act", 7 0, L_000002cde7902f80;  alias, 1 drivers
v000002cde7cb4f30_0 .net "in_psum", 31 0, L_000002cde7902500;  alias, 1 drivers
v000002cde7cb4990_0 .net "in_weight", 7 0, L_000002cde7e0d3d0;  alias, 1 drivers
v000002cde7cb6a10_0 .net "load_weight", 0 0, L_000002cde7e0da10;  alias, 1 drivers
v000002cde7cb5ed0_0 .var "out_act", 7 0;
v000002cde7cb7050_0 .var "out_psum", 31 0;
v000002cde7cb5b10_0 .var/s "reg_weight", 7 0;
v000002cde7cb5930_0 .net "rst_n", 0 0, L_000002cde7a71f90;  alias, 1 drivers
S_000002cde7cc4e70 .scope generate, "COL_LOOP[14]" "COL_LOOP[14]" 9 55, 9 55 0, S_000002cde7cbf560;
 .timescale -9 -12;
P_000002cde7ae2920 .param/l "c" 0 9 55, +C4<01110>;
v000002cde7cb5890_0 .net "pe_in_act", 7 0, L_000002cde7902570;  1 drivers
v000002cde7cb6e70_0 .net "pe_in_psum", 31 0, L_000002cde7903060;  1 drivers
v000002cde7cb6650_0 .net "pe_in_weight", 7 0, L_000002cde7e0dab0;  1 drivers
v000002cde7cb52f0_0 .net "pe_load_en", 0 0, L_000002cde7e0cb10;  1 drivers
S_000002cde7cc3250 .scope generate, "genblk1" "genblk1" 9 61, 9 61 0, S_000002cde7cc4e70;
 .timescale -9 -12;
L_000002cde7902570 .functor BUFZ 8, v000002cde7cb5ed0_0, C4<00000000>, C4<00000000>, C4<00000000>;
S_000002cde7cc17c0 .scope generate, "genblk2" "genblk2" 9 72, 9 72 0, S_000002cde7cc4e70;
 .timescale -9 -12;
L_000002cde7903060 .functor BUFZ 32, v000002cde7c99960_0, C4<00000000000000000000000000000000>, C4<00000000000000000000000000000000>, C4<00000000000000000000000000000000>;
S_000002cde7cc1310 .scope module, "pe_inst" "pe" 9 91, 10 12 0, S_000002cde7cc4e70;
 .timescale 0 0;
    .port_info 0 /INPUT 1 "clk";
    .port_info 1 /INPUT 1 "rst_n";
    .port_info 2 /INPUT 1 "en_compute";
    .port_info 3 /INPUT 1 "load_weight";
    .port_info 4 /INPUT 8 "in_act";
    .port_info 5 /INPUT 8 "in_weight";
    .port_info 6 /INPUT 32 "in_psum";
    .port_info 7 /OUTPUT 8 "out_act";
    .port_info 8 /OUTPUT 32 "out_psum";
v000002cde7cb68d0_0 .net "clk", 0 0, v000002cde7d9c770_0;  alias, 1 drivers
v000002cde7cb70f0_0 .net "en_compute", 0 0, L_000002cde7db18a8;  alias, 1 drivers
v000002cde7cb60b0_0 .net "in_act", 7 0, L_000002cde7902570;  alias, 1 drivers
v000002cde7cb5cf0_0 .net "in_psum", 31 0, L_000002cde7903060;  alias, 1 drivers
v000002cde7cb6790_0 .net "in_weight", 7 0, L_000002cde7e0dab0;  alias, 1 drivers
v000002cde7cb4d50_0 .net "load_weight", 0 0, L_000002cde7e0cb10;  alias, 1 drivers
v000002cde7cb5250_0 .var "out_act", 7 0;
v000002cde7cb6c90_0 .var "out_psum", 31 0;
v000002cde7cb59d0_0 .var/s "reg_weight", 7 0;
v000002cde7cb57f0_0 .net "rst_n", 0 0, L_000002cde7a71f90;  alias, 1 drivers
S_000002cde7cc25d0 .scope generate, "COL_LOOP[15]" "COL_LOOP[15]" 9 55, 9 55 0, S_000002cde7cbf560;
 .timescale -9 -12;
P_000002cde7ae28a0 .param/l "c" 0 9 55, +C4<01111>;
v000002cde7cb4ad0_0 .net "pe_in_act", 7 0, L_000002cde7901e00;  1 drivers
v000002cde7cb4b70_0 .net "pe_in_psum", 31 0, L_000002cde7901e70;  1 drivers
v000002cde7cb5110_0 .net "pe_in_weight", 7 0, L_000002cde7e0c9d0;  1 drivers
v000002cde7cb5d90_0 .net "pe_load_en", 0 0, L_000002cde7e0e370;  1 drivers
S_000002cde7cc5320 .scope generate, "genblk1" "genblk1" 9 61, 9 61 0, S_000002cde7cc25d0;
 .timescale -9 -12;
L_000002cde7901e00 .functor BUFZ 8, v000002cde7cb5250_0, C4<00000000>, C4<00000000>, C4<00000000>;
S_000002cde7cc1950 .scope generate, "genblk2" "genblk2" 9 72, 9 72 0, S_000002cde7cc25d0;
 .timescale -9 -12;
L_000002cde7901e70 .functor BUFZ 32, v000002cde7c9b260_0, C4<00000000000000000000000000000000>, C4<00000000000000000000000000000000>, C4<00000000000000000000000000000000>;
S_000002cde7cc2da0 .scope module, "pe_inst" "pe" 9 91, 10 12 0, S_000002cde7cc25d0;
 .timescale 0 0;
    .port_info 0 /INPUT 1 "clk";
    .port_info 1 /INPUT 1 "rst_n";
    .port_info 2 /INPUT 1 "en_compute";
    .port_info 3 /INPUT 1 "load_weight";
    .port_info 4 /INPUT 8 "in_act";
    .port_info 5 /INPUT 8 "in_weight";
    .port_info 6 /INPUT 32 "in_psum";
    .port_info 7 /OUTPUT 8 "out_act";
    .port_info 8 /OUTPUT 32 "out_psum";
v000002cde7cb4a30_0 .net "clk", 0 0, v000002cde7d9c770_0;  alias, 1 drivers
v000002cde7cb5c50_0 .net "en_compute", 0 0, L_000002cde7db18a8;  alias, 1 drivers
v000002cde7cb6d30_0 .net "in_act", 7 0, L_000002cde7901e00;  alias, 1 drivers
v000002cde7cb5610_0 .net "in_psum", 31 0, L_000002cde7901e70;  alias, 1 drivers
v000002cde7cb5a70_0 .net "in_weight", 7 0, L_000002cde7e0c9d0;  alias, 1 drivers
v000002cde7cb6dd0_0 .net "load_weight", 0 0, L_000002cde7e0e370;  alias, 1 drivers
v000002cde7cb56b0_0 .var "out_act", 7 0;
v000002cde7cb6830_0 .var "out_psum", 31 0;
v000002cde7cb6150_0 .var/s "reg_weight", 7 0;
v000002cde7cb6f10_0 .net "rst_n", 0 0, L_000002cde7a71f90;  alias, 1 drivers
S_000002cde7cc49c0 .scope generate, "ROW_LOOP[4]" "ROW_LOOP[4]" 9 54, 9 54 0, S_000002cde7c86a10;
 .timescale -9 -12;
P_000002cde7ae29e0 .param/l "r" 0 9 54, +C4<0100>;
S_000002cde7cc4510 .scope generate, "COL_LOOP[0]" "COL_LOOP[0]" 9 55, 9 55 0, S_000002cde7cc49c0;
 .timescale -9 -12;
P_000002cde7ae2ba0 .param/l "c" 0 9 55, +C4<00>;
v000002cde7cb5070_0 .net "pe_in_act", 7 0, L_000002cde7e0c890;  1 drivers
v000002cde7cb51b0_0 .net "pe_in_psum", 31 0, L_000002cde7902260;  1 drivers
v000002cde7cb74b0_0 .net "pe_in_weight", 7 0, L_000002cde7e0c4d0;  1 drivers
v000002cde7cb84f0_0 .net "pe_load_en", 0 0, L_000002cde7e0c430;  1 drivers
S_000002cde7cc46a0 .scope generate, "genblk1" "genblk1" 9 61, 9 61 0, S_000002cde7cc4510;
 .timescale -9 -12;
S_000002cde7cc5190 .scope generate, "genblk2" "genblk2" 9 72, 9 72 0, S_000002cde7cc4510;
 .timescale -9 -12;
L_000002cde7902260 .functor BUFZ 32, v000002cde7cadcd0_0, C4<00000000000000000000000000000000>, C4<00000000000000000000000000000000>, C4<00000000000000000000000000000000>;
S_000002cde7cc2f30 .scope module, "pe_inst" "pe" 9 91, 10 12 0, S_000002cde7cc4510;
 .timescale 0 0;
    .port_info 0 /INPUT 1 "clk";
    .port_info 1 /INPUT 1 "rst_n";
    .port_info 2 /INPUT 1 "en_compute";
    .port_info 3 /INPUT 1 "load_weight";
    .port_info 4 /INPUT 8 "in_act";
    .port_info 5 /INPUT 8 "in_weight";
    .port_info 6 /INPUT 32 "in_psum";
    .port_info 7 /OUTPUT 8 "out_act";
    .port_info 8 /OUTPUT 32 "out_psum";
v000002cde7cb6330_0 .net "clk", 0 0, v000002cde7d9c770_0;  alias, 1 drivers
v000002cde7cb54d0_0 .net "en_compute", 0 0, L_000002cde7db18a8;  alias, 1 drivers
v000002cde7cb5bb0_0 .net "in_act", 7 0, L_000002cde7e0c890;  alias, 1 drivers
v000002cde7cb5390_0 .net "in_psum", 31 0, L_000002cde7902260;  alias, 1 drivers
v000002cde7cb4e90_0 .net "in_weight", 7 0, L_000002cde7e0c4d0;  alias, 1 drivers
v000002cde7cb4c10_0 .net "load_weight", 0 0, L_000002cde7e0c430;  alias, 1 drivers
v000002cde7cb4df0_0 .var "out_act", 7 0;
v000002cde7cb5e30_0 .var "out_psum", 31 0;
v000002cde7cb6470_0 .var/s "reg_weight", 7 0;
v000002cde7cb4cb0_0 .net "rst_n", 0 0, L_000002cde7a71f90;  alias, 1 drivers
S_000002cde7cc5e10 .scope generate, "COL_LOOP[1]" "COL_LOOP[1]" 9 55, 9 55 0, S_000002cde7cc49c0;
 .timescale -9 -12;
P_000002cde7ae2be0 .param/l "c" 0 9 55, +C4<01>;
v000002cde7cb7370_0 .net "pe_in_act", 7 0, L_000002cde79033e0;  1 drivers
v000002cde7cb9490_0 .net "pe_in_psum", 31 0, L_000002cde7902c00;  1 drivers
v000002cde7cb93f0_0 .net "pe_in_weight", 7 0, L_000002cde7e0cbb0;  1 drivers
v000002cde7cb86d0_0 .net "pe_load_en", 0 0, L_000002cde7e0c610;  1 drivers
S_000002cde7cc30c0 .scope generate, "genblk1" "genblk1" 9 61, 9 61 0, S_000002cde7cc5e10;
 .timescale -9 -12;
L_000002cde79033e0 .functor BUFZ 8, v000002cde7cb4df0_0, C4<00000000>, C4<00000000>, C4<00000000>;
S_000002cde7cc5c80 .scope generate, "genblk2" "genblk2" 9 72, 9 72 0, S_000002cde7cc5e10;
 .timescale -9 -12;
L_000002cde7902c00 .functor BUFZ 32, v000002cde7cae4f0_0, C4<00000000000000000000000000000000>, C4<00000000000000000000000000000000>, C4<00000000000000000000000000000000>;
S_000002cde7cc4830 .scope module, "pe_inst" "pe" 9 91, 10 12 0, S_000002cde7cc5e10;
 .timescale 0 0;
    .port_info 0 /INPUT 1 "clk";
    .port_info 1 /INPUT 1 "rst_n";
    .port_info 2 /INPUT 1 "en_compute";
    .port_info 3 /INPUT 1 "load_weight";
    .port_info 4 /INPUT 8 "in_act";
    .port_info 5 /INPUT 8 "in_weight";
    .port_info 6 /INPUT 32 "in_psum";
    .port_info 7 /OUTPUT 8 "out_act";
    .port_info 8 /OUTPUT 32 "out_psum";
v000002cde7cb7a50_0 .net "clk", 0 0, v000002cde7d9c770_0;  alias, 1 drivers
v000002cde7cb8090_0 .net "en_compute", 0 0, L_000002cde7db18a8;  alias, 1 drivers
v000002cde7cb9710_0 .net "in_act", 7 0, L_000002cde79033e0;  alias, 1 drivers
v000002cde7cb8810_0 .net "in_psum", 31 0, L_000002cde7902c00;  alias, 1 drivers
v000002cde7cb8e50_0 .net "in_weight", 7 0, L_000002cde7e0cbb0;  alias, 1 drivers
v000002cde7cb8f90_0 .net "load_weight", 0 0, L_000002cde7e0c610;  alias, 1 drivers
v000002cde7cb8ef0_0 .var "out_act", 7 0;
v000002cde7cb9030_0 .var "out_psum", 31 0;
v000002cde7cb7cd0_0 .var/s "reg_weight", 7 0;
v000002cde7cb88b0_0 .net "rst_n", 0 0, L_000002cde7a71f90;  alias, 1 drivers
S_000002cde7cc33e0 .scope generate, "COL_LOOP[2]" "COL_LOOP[2]" 9 55, 9 55 0, S_000002cde7cc49c0;
 .timescale -9 -12;
P_000002cde7ae2c60 .param/l "c" 0 9 55, +C4<010>;
v000002cde7cb8db0_0 .net "pe_in_act", 7 0, L_000002cde7903530;  1 drivers
v000002cde7cb8270_0 .net "pe_in_psum", 31 0, L_000002cde7901f50;  1 drivers
v000002cde7cb7410_0 .net "pe_in_weight", 7 0, L_000002cde7e0ce30;  1 drivers
v000002cde7cb7190_0 .net "pe_load_en", 0 0, L_000002cde7e0c570;  1 drivers
S_000002cde7cc54b0 .scope generate, "genblk1" "genblk1" 9 61, 9 61 0, S_000002cde7cc33e0;
 .timescale -9 -12;
L_000002cde7903530 .functor BUFZ 8, v000002cde7cb8ef0_0, C4<00000000>, C4<00000000>, C4<00000000>;
S_000002cde7cc22b0 .scope generate, "genblk2" "genblk2" 9 72, 9 72 0, S_000002cde7cc33e0;
 .timescale -9 -12;
L_000002cde7901f50 .functor BUFZ 32, v000002cde7cad370_0, C4<00000000000000000000000000000000>, C4<00000000000000000000000000000000>, C4<00000000000000000000000000000000>;
S_000002cde7cc5640 .scope module, "pe_inst" "pe" 9 91, 10 12 0, S_000002cde7cc33e0;
 .timescale 0 0;
    .port_info 0 /INPUT 1 "clk";
    .port_info 1 /INPUT 1 "rst_n";
    .port_info 2 /INPUT 1 "en_compute";
    .port_info 3 /INPUT 1 "load_weight";
    .port_info 4 /INPUT 8 "in_act";
    .port_info 5 /INPUT 8 "in_weight";
    .port_info 6 /INPUT 32 "in_psum";
    .port_info 7 /OUTPUT 8 "out_act";
    .port_info 8 /OUTPUT 32 "out_psum";
v000002cde7cb98f0_0 .net "clk", 0 0, v000002cde7d9c770_0;  alias, 1 drivers
v000002cde7cb7d70_0 .net "en_compute", 0 0, L_000002cde7db18a8;  alias, 1 drivers
v000002cde7cb9170_0 .net "in_act", 7 0, L_000002cde7903530;  alias, 1 drivers
v000002cde7cb8630_0 .net "in_psum", 31 0, L_000002cde7901f50;  alias, 1 drivers
v000002cde7cb89f0_0 .net "in_weight", 7 0, L_000002cde7e0ce30;  alias, 1 drivers
v000002cde7cb9350_0 .net "load_weight", 0 0, L_000002cde7e0c570;  alias, 1 drivers
v000002cde7cb7af0_0 .var "out_act", 7 0;
v000002cde7cb8590_0 .var "out_psum", 31 0;
v000002cde7cb7f50_0 .var/s "reg_weight", 7 0;
v000002cde7cb90d0_0 .net "rst_n", 0 0, L_000002cde7a71f90;  alias, 1 drivers
S_000002cde7cc5af0 .scope generate, "COL_LOOP[3]" "COL_LOOP[3]" 9 55, 9 55 0, S_000002cde7cc49c0;
 .timescale -9 -12;
P_000002cde7ae23e0 .param/l "c" 0 9 55, +C4<011>;
v000002cde7cb7730_0 .net "pe_in_act", 7 0, L_000002cde79034c0;  1 drivers
v000002cde7cb8450_0 .net "pe_in_psum", 31 0, L_000002cde7902420;  1 drivers
v000002cde7cb8b30_0 .net "pe_in_weight", 7 0, L_000002cde7e0c6b0;  1 drivers
v000002cde7cb8bd0_0 .net "pe_load_en", 0 0, L_000002cde7e0db50;  1 drivers
S_000002cde7cc57d0 .scope generate, "genblk1" "genblk1" 9 61, 9 61 0, S_000002cde7cc5af0;
 .timescale -9 -12;
L_000002cde79034c0 .functor BUFZ 8, v000002cde7cb7af0_0, C4<00000000>, C4<00000000>, C4<00000000>;
S_000002cde7cc5960 .scope generate, "genblk2" "genblk2" 9 72, 9 72 0, S_000002cde7cc5af0;
 .timescale -9 -12;
L_000002cde7902420 .functor BUFZ 32, v000002cde7cad9b0_0, C4<00000000000000000000000000000000>, C4<00000000000000000000000000000000>, C4<00000000000000000000000000000000>;
S_000002cde7cc3570 .scope module, "pe_inst" "pe" 9 91, 10 12 0, S_000002cde7cc5af0;
 .timescale 0 0;
    .port_info 0 /INPUT 1 "clk";
    .port_info 1 /INPUT 1 "rst_n";
    .port_info 2 /INPUT 1 "en_compute";
    .port_info 3 /INPUT 1 "load_weight";
    .port_info 4 /INPUT 8 "in_act";
    .port_info 5 /INPUT 8 "in_weight";
    .port_info 6 /INPUT 32 "in_psum";
    .port_info 7 /OUTPUT 8 "out_act";
    .port_info 8 /OUTPUT 32 "out_psum";
v000002cde7cb9530_0 .net "clk", 0 0, v000002cde7d9c770_0;  alias, 1 drivers
v000002cde7cb9210_0 .net "en_compute", 0 0, L_000002cde7db18a8;  alias, 1 drivers
v000002cde7cb8950_0 .net "in_act", 7 0, L_000002cde79034c0;  alias, 1 drivers
v000002cde7cb97b0_0 .net "in_psum", 31 0, L_000002cde7902420;  alias, 1 drivers
v000002cde7cb95d0_0 .net "in_weight", 7 0, L_000002cde7e0c6b0;  alias, 1 drivers
v000002cde7cb8a90_0 .net "load_weight", 0 0, L_000002cde7e0db50;  alias, 1 drivers
v000002cde7cb7e10_0 .var "out_act", 7 0;
v000002cde7cb8130_0 .var "out_psum", 31 0;
v000002cde7cb83b0_0 .var/s "reg_weight", 7 0;
v000002cde7cb7ff0_0 .net "rst_n", 0 0, L_000002cde7a71f90;  alias, 1 drivers
S_000002cde7cc1e00 .scope generate, "COL_LOOP[4]" "COL_LOOP[4]" 9 55, 9 55 0, S_000002cde7cc49c0;
 .timescale -9 -12;
P_000002cde7ae2f60 .param/l "c" 0 9 55, +C4<0100>;
v000002cde7cb75f0_0 .net "pe_in_act", 7 0, L_000002cde7901bd0;  1 drivers
v000002cde7cb7c30_0 .net "pe_in_psum", 31 0, L_000002cde7903290;  1 drivers
v000002cde7cb7690_0 .net "pe_in_weight", 7 0, L_000002cde7e0c750;  1 drivers
v000002cde7cb7870_0 .net "pe_load_en", 0 0, L_000002cde7e0e050;  1 drivers
S_000002cde7cc5fa0 .scope generate, "genblk1" "genblk1" 9 61, 9 61 0, S_000002cde7cc1e00;
 .timescale -9 -12;
L_000002cde7901bd0 .functor BUFZ 8, v000002cde7cb7e10_0, C4<00000000>, C4<00000000>, C4<00000000>;
S_000002cde7cc6130 .scope generate, "genblk2" "genblk2" 9 72, 9 72 0, S_000002cde7cc1e00;
 .timescale -9 -12;
L_000002cde7903290 .functor BUFZ 32, v000002cde7cb0930_0, C4<00000000000000000000000000000000>, C4<00000000000000000000000000000000>, C4<00000000000000000000000000000000>;
S_000002cde7cc62c0 .scope module, "pe_inst" "pe" 9 91, 10 12 0, S_000002cde7cc1e00;
 .timescale 0 0;
    .port_info 0 /INPUT 1 "clk";
    .port_info 1 /INPUT 1 "rst_n";
    .port_info 2 /INPUT 1 "en_compute";
    .port_info 3 /INPUT 1 "load_weight";
    .port_info 4 /INPUT 8 "in_act";
    .port_info 5 /INPUT 8 "in_weight";
    .port_info 6 /INPUT 32 "in_psum";
    .port_info 7 /OUTPUT 8 "out_act";
    .port_info 8 /OUTPUT 32 "out_psum";
v000002cde7cb8310_0 .net "clk", 0 0, v000002cde7d9c770_0;  alias, 1 drivers
v000002cde7cb9670_0 .net "en_compute", 0 0, L_000002cde7db18a8;  alias, 1 drivers
v000002cde7cb8c70_0 .net "in_act", 7 0, L_000002cde7901bd0;  alias, 1 drivers
v000002cde7cb9850_0 .net "in_psum", 31 0, L_000002cde7903290;  alias, 1 drivers
v000002cde7cb77d0_0 .net "in_weight", 7 0, L_000002cde7e0c750;  alias, 1 drivers
v000002cde7cb8d10_0 .net "load_weight", 0 0, L_000002cde7e0e050;  alias, 1 drivers
v000002cde7cb72d0_0 .var "out_act", 7 0;
v000002cde7cb7550_0 .var "out_psum", 31 0;
v000002cde7cb7230_0 .var/s "reg_weight", 7 0;
v000002cde7cb7910_0 .net "rst_n", 0 0, L_000002cde7a71f90;  alias, 1 drivers
S_000002cde7cc65e0 .scope generate, "COL_LOOP[5]" "COL_LOOP[5]" 9 55, 9 55 0, S_000002cde7cc49c0;
 .timescale -9 -12;
P_000002cde7ae2420 .param/l "c" 0 9 55, +C4<0101>;
v000002cde7cbbab0_0 .net "pe_in_act", 7 0, L_000002cde7902030;  1 drivers
v000002cde7cb9fd0_0 .net "pe_in_psum", 31 0, L_000002cde79027a0;  1 drivers
v000002cde7cbbc90_0 .net "pe_in_weight", 7 0, L_000002cde7e0d510;  1 drivers
v000002cde7cb9df0_0 .net "pe_load_en", 0 0, L_000002cde7e0c930;  1 drivers
S_000002cde7cc6450 .scope generate, "genblk1" "genblk1" 9 61, 9 61 0, S_000002cde7cc65e0;
 .timescale -9 -12;
L_000002cde7902030 .functor BUFZ 8, v000002cde7cb72d0_0, C4<00000000>, C4<00000000>, C4<00000000>;
S_000002cde7cc6770 .scope generate, "genblk2" "genblk2" 9 72, 9 72 0, S_000002cde7cc65e0;
 .timescale -9 -12;
L_000002cde79027a0 .functor BUFZ 32, v000002cde7cb0ed0_0, C4<00000000000000000000000000000000>, C4<00000000000000000000000000000000>, C4<00000000000000000000000000000000>;
S_000002cde7cc6900 .scope module, "pe_inst" "pe" 9 91, 10 12 0, S_000002cde7cc65e0;
 .timescale 0 0;
    .port_info 0 /INPUT 1 "clk";
    .port_info 1 /INPUT 1 "rst_n";
    .port_info 2 /INPUT 1 "en_compute";
    .port_info 3 /INPUT 1 "load_weight";
    .port_info 4 /INPUT 8 "in_act";
    .port_info 5 /INPUT 8 "in_weight";
    .port_info 6 /INPUT 32 "in_psum";
    .port_info 7 /OUTPUT 8 "out_act";
    .port_info 8 /OUTPUT 32 "out_psum";
v000002cde7cb81d0_0 .net "clk", 0 0, v000002cde7d9c770_0;  alias, 1 drivers
v000002cde7cbac50_0 .net "en_compute", 0 0, L_000002cde7db18a8;  alias, 1 drivers
v000002cde7cbb0b0_0 .net "in_act", 7 0, L_000002cde7902030;  alias, 1 drivers
v000002cde7cb9f30_0 .net "in_psum", 31 0, L_000002cde79027a0;  alias, 1 drivers
v000002cde7cb9b70_0 .net "in_weight", 7 0, L_000002cde7e0d510;  alias, 1 drivers
v000002cde7cbae30_0 .net "load_weight", 0 0, L_000002cde7e0c930;  alias, 1 drivers
v000002cde7cbbb50_0 .var "out_act", 7 0;
v000002cde7cba610_0 .var "out_psum", 31 0;
v000002cde7cbc0f0_0 .var/s "reg_weight", 7 0;
v000002cde7cbb970_0 .net "rst_n", 0 0, L_000002cde7a71f90;  alias, 1 drivers
S_000002cde7cc6a90 .scope generate, "COL_LOOP[6]" "COL_LOOP[6]" 9 55, 9 55 0, S_000002cde7cc49c0;
 .timescale -9 -12;
P_000002cde7ae2da0 .param/l "c" 0 9 55, +C4<0110>;
v000002cde7cba930_0 .net "pe_in_act", 7 0, L_000002cde7902810;  1 drivers
v000002cde7cbb150_0 .net "pe_in_psum", 31 0, L_000002cde7903450;  1 drivers
v000002cde7cb9e90_0 .net "pe_in_weight", 7 0, L_000002cde7e0cd90;  1 drivers
v000002cde7cba890_0 .net "pe_load_en", 0 0, L_000002cde7e0e550;  1 drivers
S_000002cde7cc73f0 .scope generate, "genblk1" "genblk1" 9 61, 9 61 0, S_000002cde7cc6a90;
 .timescale -9 -12;
L_000002cde7902810 .functor BUFZ 8, v000002cde7cbbb50_0, C4<00000000>, C4<00000000>, C4<00000000>;
S_000002cde7cc6c20 .scope generate, "genblk2" "genblk2" 9 72, 9 72 0, S_000002cde7cc6a90;
 .timescale -9 -12;
L_000002cde7903450 .functor BUFZ 32, v000002cde7cb10b0_0, C4<00000000000000000000000000000000>, C4<00000000000000000000000000000000>, C4<00000000000000000000000000000000>;
S_000002cde7cc6db0 .scope module, "pe_inst" "pe" 9 91, 10 12 0, S_000002cde7cc6a90;
 .timescale 0 0;
    .port_info 0 /INPUT 1 "clk";
    .port_info 1 /INPUT 1 "rst_n";
    .port_info 2 /INPUT 1 "en_compute";
    .port_info 3 /INPUT 1 "load_weight";
    .port_info 4 /INPUT 8 "in_act";
    .port_info 5 /INPUT 8 "in_weight";
    .port_info 6 /INPUT 32 "in_psum";
    .port_info 7 /OUTPUT 8 "out_act";
    .port_info 8 /OUTPUT 32 "out_psum";
v000002cde7cb9c10_0 .net "clk", 0 0, v000002cde7d9c770_0;  alias, 1 drivers
v000002cde7cba070_0 .net "en_compute", 0 0, L_000002cde7db18a8;  alias, 1 drivers
v000002cde7cb9990_0 .net "in_act", 7 0, L_000002cde7902810;  alias, 1 drivers
v000002cde7cb9cb0_0 .net "in_psum", 31 0, L_000002cde7903450;  alias, 1 drivers
v000002cde7cba430_0 .net "in_weight", 7 0, L_000002cde7e0cd90;  alias, 1 drivers
v000002cde7cbba10_0 .net "load_weight", 0 0, L_000002cde7e0e550;  alias, 1 drivers
v000002cde7cbb290_0 .var "out_act", 7 0;
v000002cde7cbacf0_0 .var "out_psum", 31 0;
v000002cde7cba250_0 .var/s "reg_weight", 7 0;
v000002cde7cba390_0 .net "rst_n", 0 0, L_000002cde7a71f90;  alias, 1 drivers
S_000002cde7cc6f40 .scope generate, "COL_LOOP[7]" "COL_LOOP[7]" 9 55, 9 55 0, S_000002cde7cc49c0;
 .timescale -9 -12;
P_000002cde7ae3120 .param/l "c" 0 9 55, +C4<0111>;
v000002cde7cb9d50_0 .net "pe_in_act", 7 0, L_000002cde7902ea0;  1 drivers
v000002cde7cb9ad0_0 .net "pe_in_psum", 31 0, L_000002cde7902b90;  1 drivers
v000002cde7cb9a30_0 .net "pe_in_weight", 7 0, L_000002cde7e0c110;  1 drivers
v000002cde7cbaf70_0 .net "pe_load_en", 0 0, L_000002cde7e0e5f0;  1 drivers
S_000002cde7cc70d0 .scope generate, "genblk1" "genblk1" 9 61, 9 61 0, S_000002cde7cc6f40;
 .timescale -9 -12;
L_000002cde7902ea0 .functor BUFZ 8, v000002cde7cbb290_0, C4<00000000>, C4<00000000>, C4<00000000>;
S_000002cde7cc4060 .scope generate, "genblk2" "genblk2" 9 72, 9 72 0, S_000002cde7cc6f40;
 .timescale -9 -12;
L_000002cde7902b90 .functor BUFZ 32, v000002cde7cb13d0_0, C4<00000000000000000000000000000000>, C4<00000000000000000000000000000000>, C4<00000000000000000000000000000000>;
S_000002cde7cc7260 .scope module, "pe_inst" "pe" 9 91, 10 12 0, S_000002cde7cc6f40;
 .timescale 0 0;
    .port_info 0 /INPUT 1 "clk";
    .port_info 1 /INPUT 1 "rst_n";
    .port_info 2 /INPUT 1 "en_compute";
    .port_info 3 /INPUT 1 "load_weight";
    .port_info 4 /INPUT 8 "in_act";
    .port_info 5 /INPUT 8 "in_weight";
    .port_info 6 /INPUT 32 "in_psum";
    .port_info 7 /OUTPUT 8 "out_act";
    .port_info 8 /OUTPUT 32 "out_psum";
v000002cde7cbad90_0 .net "clk", 0 0, v000002cde7d9c770_0;  alias, 1 drivers
v000002cde7cbb830_0 .net "en_compute", 0 0, L_000002cde7db18a8;  alias, 1 drivers
v000002cde7cbb330_0 .net "in_act", 7 0, L_000002cde7902ea0;  alias, 1 drivers
v000002cde7cbaed0_0 .net "in_psum", 31 0, L_000002cde7902b90;  alias, 1 drivers
v000002cde7cbb8d0_0 .net "in_weight", 7 0, L_000002cde7e0c110;  alias, 1 drivers
v000002cde7cbb010_0 .net "load_weight", 0 0, L_000002cde7e0e5f0;  alias, 1 drivers
v000002cde7cba9d0_0 .var "out_act", 7 0;
v000002cde7cbaa70_0 .var "out_psum", 31 0;
v000002cde7cba6b0_0 .var/s "reg_weight", 7 0;
v000002cde7cbbd30_0 .net "rst_n", 0 0, L_000002cde7a71f90;  alias, 1 drivers
S_000002cde7cc3890 .scope generate, "COL_LOOP[8]" "COL_LOOP[8]" 9 55, 9 55 0, S_000002cde7cc49c0;
 .timescale -9 -12;
P_000002cde7ae2c20 .param/l "c" 0 9 55, +C4<01000>;
v000002cde7cba7f0_0 .net "pe_in_act", 7 0, L_000002cde79025e0;  1 drivers
v000002cde7cbb5b0_0 .net "pe_in_psum", 31 0, L_000002cde7902730;  1 drivers
v000002cde7cbabb0_0 .net "pe_in_weight", 7 0, L_000002cde7e0dd30;  1 drivers
v000002cde7cbb650_0 .net "pe_load_en", 0 0, L_000002cde7e0ced0;  1 drivers
S_000002cde7cc3a20 .scope generate, "genblk1" "genblk1" 9 61, 9 61 0, S_000002cde7cc3890;
 .timescale -9 -12;
L_000002cde79025e0 .functor BUFZ 8, v000002cde7cba9d0_0, C4<00000000>, C4<00000000>, C4<00000000>;
S_000002cde7cc3bb0 .scope generate, "genblk2" "genblk2" 9 72, 9 72 0, S_000002cde7cc3890;
 .timescale -9 -12;
L_000002cde7902730 .functor BUFZ 32, v000002cde7cb4030_0, C4<00000000000000000000000000000000>, C4<00000000000000000000000000000000>, C4<00000000000000000000000000000000>;
S_000002cde7cc3d40 .scope module, "pe_inst" "pe" 9 91, 10 12 0, S_000002cde7cc3890;
 .timescale 0 0;
    .port_info 0 /INPUT 1 "clk";
    .port_info 1 /INPUT 1 "rst_n";
    .port_info 2 /INPUT 1 "en_compute";
    .port_info 3 /INPUT 1 "load_weight";
    .port_info 4 /INPUT 8 "in_act";
    .port_info 5 /INPUT 8 "in_weight";
    .port_info 6 /INPUT 32 "in_psum";
    .port_info 7 /OUTPUT 8 "out_act";
    .port_info 8 /OUTPUT 32 "out_psum";
v000002cde7cbb3d0_0 .net "clk", 0 0, v000002cde7d9c770_0;  alias, 1 drivers
v000002cde7cba110_0 .net "en_compute", 0 0, L_000002cde7db18a8;  alias, 1 drivers
v000002cde7cba1b0_0 .net "in_act", 7 0, L_000002cde79025e0;  alias, 1 drivers
v000002cde7cba2f0_0 .net "in_psum", 31 0, L_000002cde7902730;  alias, 1 drivers
v000002cde7cbb470_0 .net "in_weight", 7 0, L_000002cde7e0dd30;  alias, 1 drivers
v000002cde7cba4d0_0 .net "load_weight", 0 0, L_000002cde7e0ced0;  alias, 1 drivers
v000002cde7cbb510_0 .var "out_act", 7 0;
v000002cde7cba570_0 .var "out_psum", 31 0;
v000002cde7cba750_0 .var/s "reg_weight", 7 0;
v000002cde7cbab10_0 .net "rst_n", 0 0, L_000002cde7a71f90;  alias, 1 drivers
S_000002cde7cc41f0 .scope generate, "COL_LOOP[9]" "COL_LOOP[9]" 9 55, 9 55 0, S_000002cde7cc49c0;
 .timescale -9 -12;
P_000002cde7ae25e0 .param/l "c" 0 9 55, +C4<01001>;
v000002cde7cbcb90_0 .net "pe_in_act", 7 0, L_000002cde7901ee0;  1 drivers
v000002cde7cbc550_0 .net "pe_in_psum", 31 0, L_000002cde7902880;  1 drivers
v000002cde7cbcc30_0 .net "pe_in_weight", 7 0, L_000002cde7e0c1b0;  1 drivers
v000002cde7cbca50_0 .net "pe_load_en", 0 0, L_000002cde7e0ddd0;  1 drivers
S_000002cde7cc4380 .scope generate, "genblk1" "genblk1" 9 61, 9 61 0, S_000002cde7cc41f0;
 .timescale -9 -12;
L_000002cde7901ee0 .functor BUFZ 8, v000002cde7cbb510_0, C4<00000000>, C4<00000000>, C4<00000000>;
S_000002cde7cc7710 .scope generate, "genblk2" "genblk2" 9 72, 9 72 0, S_000002cde7cc41f0;
 .timescale -9 -12;
L_000002cde7902880 .functor BUFZ 32, v000002cde7cb2d70_0, C4<00000000000000000000000000000000>, C4<00000000000000000000000000000000>, C4<00000000000000000000000000000000>;
S_000002cde7cc8070 .scope module, "pe_inst" "pe" 9 91, 10 12 0, S_000002cde7cc41f0;
 .timescale 0 0;
    .port_info 0 /INPUT 1 "clk";
    .port_info 1 /INPUT 1 "rst_n";
    .port_info 2 /INPUT 1 "en_compute";
    .port_info 3 /INPUT 1 "load_weight";
    .port_info 4 /INPUT 8 "in_act";
    .port_info 5 /INPUT 8 "in_weight";
    .port_info 6 /INPUT 32 "in_psum";
    .port_info 7 /OUTPUT 8 "out_act";
    .port_info 8 /OUTPUT 32 "out_psum";
v000002cde7cbb790_0 .net "clk", 0 0, v000002cde7d9c770_0;  alias, 1 drivers
v000002cde7cbbdd0_0 .net "en_compute", 0 0, L_000002cde7db18a8;  alias, 1 drivers
v000002cde7cbbe70_0 .net "in_act", 7 0, L_000002cde7901ee0;  alias, 1 drivers
v000002cde7cbbf10_0 .net "in_psum", 31 0, L_000002cde7902880;  alias, 1 drivers
v000002cde7cbbfb0_0 .net "in_weight", 7 0, L_000002cde7e0c1b0;  alias, 1 drivers
v000002cde7cbc4b0_0 .net "load_weight", 0 0, L_000002cde7e0ddd0;  alias, 1 drivers
v000002cde7cbc5f0_0 .var "out_act", 7 0;
v000002cde7cbc7d0_0 .var "out_psum", 31 0;
v000002cde7cbce10_0 .var/s "reg_weight", 7 0;
v000002cde7cbc870_0 .net "rst_n", 0 0, L_000002cde7a71f90;  alias, 1 drivers
S_000002cde7cc7a30 .scope generate, "COL_LOOP[10]" "COL_LOOP[10]" 9 55, 9 55 0, S_000002cde7cc49c0;
 .timescale -9 -12;
P_000002cde7ae2460 .param/l "c" 0 9 55, +C4<01010>;
v000002cde7cbc370_0 .net "pe_in_act", 7 0, L_000002cde7902180;  1 drivers
v000002cde7cbc2d0_0 .net "pe_in_psum", 31 0, L_000002cde79028f0;  1 drivers
v000002cde7cbc730_0 .net "pe_in_weight", 7 0, L_000002cde7e0c250;  1 drivers
v000002cde7cbc410_0 .net "pe_load_en", 0 0, L_000002cde7e0de70;  1 drivers
S_000002cde7cc8e80 .scope generate, "genblk1" "genblk1" 9 61, 9 61 0, S_000002cde7cc7a30;
 .timescale -9 -12;
L_000002cde7902180 .functor BUFZ 8, v000002cde7cbc5f0_0, C4<00000000>, C4<00000000>, C4<00000000>;
S_000002cde7cc86b0 .scope generate, "genblk2" "genblk2" 9 72, 9 72 0, S_000002cde7cc7a30;
 .timescale -9 -12;
L_000002cde79028f0 .functor BUFZ 32, v000002cde7cb2550_0, C4<00000000000000000000000000000000>, C4<00000000000000000000000000000000>, C4<00000000000000000000000000000000>;
S_000002cde7cc89d0 .scope module, "pe_inst" "pe" 9 91, 10 12 0, S_000002cde7cc7a30;
 .timescale 0 0;
    .port_info 0 /INPUT 1 "clk";
    .port_info 1 /INPUT 1 "rst_n";
    .port_info 2 /INPUT 1 "en_compute";
    .port_info 3 /INPUT 1 "load_weight";
    .port_info 4 /INPUT 8 "in_act";
    .port_info 5 /INPUT 8 "in_weight";
    .port_info 6 /INPUT 32 "in_psum";
    .port_info 7 /OUTPUT 8 "out_act";
    .port_info 8 /OUTPUT 32 "out_psum";
v000002cde7cbcff0_0 .net "clk", 0 0, v000002cde7d9c770_0;  alias, 1 drivers
v000002cde7cbcaf0_0 .net "en_compute", 0 0, L_000002cde7db18a8;  alias, 1 drivers
v000002cde7cbc190_0 .net "in_act", 7 0, L_000002cde7902180;  alias, 1 drivers
v000002cde7cbc690_0 .net "in_psum", 31 0, L_000002cde79028f0;  alias, 1 drivers
v000002cde7cbccd0_0 .net "in_weight", 7 0, L_000002cde7e0c250;  alias, 1 drivers
v000002cde7cbc9b0_0 .net "load_weight", 0 0, L_000002cde7e0de70;  alias, 1 drivers
v000002cde7cbcd70_0 .var "out_act", 7 0;
v000002cde7cbceb0_0 .var "out_psum", 31 0;
v000002cde7cbcf50_0 .var/s "reg_weight", 7 0;
v000002cde7cbc230_0 .net "rst_n", 0 0, L_000002cde7a71f90;  alias, 1 drivers
S_000002cde7cc7580 .scope generate, "COL_LOOP[11]" "COL_LOOP[11]" 9 55, 9 55 0, S_000002cde7cc49c0;
 .timescale -9 -12;
P_000002cde7ae2ca0 .param/l "c" 0 9 55, +C4<01011>;
v000002cde7ce18c0_0 .net "pe_in_act", 7 0, L_000002cde7902960;  1 drivers
v000002cde7ce2c20_0 .net "pe_in_psum", 31 0, L_000002cde7901c40;  1 drivers
v000002cde7ce1460_0 .net "pe_in_weight", 7 0, L_000002cde7e0e0f0;  1 drivers
v000002cde7ce3800_0 .net "pe_load_en", 0 0, L_000002cde7e0ccf0;  1 drivers
S_000002cde7cc7bc0 .scope generate, "genblk1" "genblk1" 9 61, 9 61 0, S_000002cde7cc7580;
 .timescale -9 -12;
L_000002cde7902960 .functor BUFZ 8, v000002cde7cbcd70_0, C4<00000000>, C4<00000000>, C4<00000000>;
S_000002cde7cc78a0 .scope generate, "genblk2" "genblk2" 9 72, 9 72 0, S_000002cde7cc7580;
 .timescale -9 -12;
L_000002cde7901c40 .functor BUFZ 32, v000002cde7cb3db0_0, C4<00000000000000000000000000000000>, C4<00000000000000000000000000000000>, C4<00000000000000000000000000000000>;
S_000002cde7cc8390 .scope module, "pe_inst" "pe" 9 91, 10 12 0, S_000002cde7cc7580;
 .timescale 0 0;
    .port_info 0 /INPUT 1 "clk";
    .port_info 1 /INPUT 1 "rst_n";
    .port_info 2 /INPUT 1 "en_compute";
    .port_info 3 /INPUT 1 "load_weight";
    .port_info 4 /INPUT 8 "in_act";
    .port_info 5 /INPUT 8 "in_weight";
    .port_info 6 /INPUT 32 "in_psum";
    .port_info 7 /OUTPUT 8 "out_act";
    .port_info 8 /OUTPUT 32 "out_psum";
v000002cde7ce1c80_0 .net "clk", 0 0, v000002cde7d9c770_0;  alias, 1 drivers
v000002cde7ce2f40_0 .net "en_compute", 0 0, L_000002cde7db18a8;  alias, 1 drivers
v000002cde7ce2b80_0 .net "in_act", 7 0, L_000002cde7902960;  alias, 1 drivers
v000002cde7ce1e60_0 .net "in_psum", 31 0, L_000002cde7901c40;  alias, 1 drivers
v000002cde7ce20e0_0 .net "in_weight", 7 0, L_000002cde7e0e0f0;  alias, 1 drivers
v000002cde7ce36c0_0 .net "load_weight", 0 0, L_000002cde7e0ccf0;  alias, 1 drivers
v000002cde7ce2180_0 .var "out_act", 7 0;
v000002cde7ce1780_0 .var "out_psum", 31 0;
v000002cde7ce1b40_0 .var/s "reg_weight", 7 0;
v000002cde7ce2e00_0 .net "rst_n", 0 0, L_000002cde7a71f90;  alias, 1 drivers
S_000002cde7cc8b60 .scope generate, "COL_LOOP[12]" "COL_LOOP[12]" 9 55, 9 55 0, S_000002cde7cc49c0;
 .timescale -9 -12;
P_000002cde7ae2ce0 .param/l "c" 0 9 55, +C4<01100>;
v000002cde7ce2a40_0 .net "pe_in_act", 7 0, L_000002cde7902c70;  1 drivers
v000002cde7ce25e0_0 .net "pe_in_psum", 31 0, L_000002cde79035a0;  1 drivers
v000002cde7ce2680_0 .net "pe_in_weight", 7 0, L_000002cde7e0d5b0;  1 drivers
v000002cde7ce2cc0_0 .net "pe_load_en", 0 0, L_000002cde7e0e190;  1 drivers
S_000002cde7cc7d50 .scope generate, "genblk1" "genblk1" 9 61, 9 61 0, S_000002cde7cc8b60;
 .timescale -9 -12;
L_000002cde7902c70 .functor BUFZ 8, v000002cde7ce2180_0, C4<00000000>, C4<00000000>, C4<00000000>;
S_000002cde7cc8cf0 .scope generate, "genblk2" "genblk2" 9 72, 9 72 0, S_000002cde7cc8b60;
 .timescale -9 -12;
L_000002cde79035a0 .functor BUFZ 32, v000002cde7cb4850_0, C4<00000000000000000000000000000000>, C4<00000000000000000000000000000000>, C4<00000000000000000000000000000000>;
S_000002cde7cc8520 .scope module, "pe_inst" "pe" 9 91, 10 12 0, S_000002cde7cc8b60;
 .timescale 0 0;
    .port_info 0 /INPUT 1 "clk";
    .port_info 1 /INPUT 1 "rst_n";
    .port_info 2 /INPUT 1 "en_compute";
    .port_info 3 /INPUT 1 "load_weight";
    .port_info 4 /INPUT 8 "in_act";
    .port_info 5 /INPUT 8 "in_weight";
    .port_info 6 /INPUT 32 "in_psum";
    .port_info 7 /OUTPUT 8 "out_act";
    .port_info 8 /OUTPUT 32 "out_psum";
v000002cde7ce34e0_0 .net "clk", 0 0, v000002cde7d9c770_0;  alias, 1 drivers
v000002cde7ce2360_0 .net "en_compute", 0 0, L_000002cde7db18a8;  alias, 1 drivers
v000002cde7ce2fe0_0 .net "in_act", 7 0, L_000002cde7902c70;  alias, 1 drivers
v000002cde7ce11e0_0 .net "in_psum", 31 0, L_000002cde79035a0;  alias, 1 drivers
v000002cde7ce1280_0 .net "in_weight", 7 0, L_000002cde7e0d5b0;  alias, 1 drivers
v000002cde7ce2ea0_0 .net "load_weight", 0 0, L_000002cde7e0e190;  alias, 1 drivers
v000002cde7ce24a0_0 .var "out_act", 7 0;
v000002cde7ce2720_0 .var "out_psum", 31 0;
v000002cde7ce2540_0 .var/s "reg_weight", 7 0;
v000002cde7ce2220_0 .net "rst_n", 0 0, L_000002cde7a71f90;  alias, 1 drivers
S_000002cde7cc7ee0 .scope generate, "COL_LOOP[13]" "COL_LOOP[13]" 9 55, 9 55 0, S_000002cde7cc49c0;
 .timescale -9 -12;
P_000002cde7ae24a0 .param/l "c" 0 9 55, +C4<01101>;
v000002cde7ce3260_0 .net "pe_in_act", 7 0, L_000002cde79030d0;  1 drivers
v000002cde7ce1be0_0 .net "pe_in_psum", 31 0, L_000002cde7902f10;  1 drivers
v000002cde7ce2d60_0 .net "pe_in_weight", 7 0, L_000002cde7e0e230;  1 drivers
v000002cde7ce1500_0 .net "pe_load_en", 0 0, L_000002cde7e0e410;  1 drivers
S_000002cde7cc8200 .scope generate, "genblk1" "genblk1" 9 61, 9 61 0, S_000002cde7cc7ee0;
 .timescale -9 -12;
L_000002cde79030d0 .functor BUFZ 8, v000002cde7ce24a0_0, C4<00000000>, C4<00000000>, C4<00000000>;
S_000002cde7cc8840 .scope generate, "genblk2" "genblk2" 9 72, 9 72 0, S_000002cde7cc7ee0;
 .timescale -9 -12;
L_000002cde7902f10 .functor BUFZ 32, v000002cde7cb7050_0, C4<00000000000000000000000000000000>, C4<00000000000000000000000000000000>, C4<00000000000000000000000000000000>;
S_000002cde7cea4b0 .scope module, "pe_inst" "pe" 9 91, 10 12 0, S_000002cde7cc7ee0;
 .timescale 0 0;
    .port_info 0 /INPUT 1 "clk";
    .port_info 1 /INPUT 1 "rst_n";
    .port_info 2 /INPUT 1 "en_compute";
    .port_info 3 /INPUT 1 "load_weight";
    .port_info 4 /INPUT 8 "in_act";
    .port_info 5 /INPUT 8 "in_weight";
    .port_info 6 /INPUT 32 "in_psum";
    .port_info 7 /OUTPUT 8 "out_act";
    .port_info 8 /OUTPUT 32 "out_psum";
v000002cde7ce2400_0 .net "clk", 0 0, v000002cde7d9c770_0;  alias, 1 drivers
v000002cde7ce31c0_0 .net "en_compute", 0 0, L_000002cde7db18a8;  alias, 1 drivers
v000002cde7ce27c0_0 .net "in_act", 7 0, L_000002cde79030d0;  alias, 1 drivers
v000002cde7ce3580_0 .net "in_psum", 31 0, L_000002cde7902f10;  alias, 1 drivers
v000002cde7ce1820_0 .net "in_weight", 7 0, L_000002cde7e0e230;  alias, 1 drivers
v000002cde7ce2ae0_0 .net "load_weight", 0 0, L_000002cde7e0e410;  alias, 1 drivers
v000002cde7ce1320_0 .var "out_act", 7 0;
v000002cde7ce13c0_0 .var "out_psum", 31 0;
v000002cde7ce3080_0 .var/s "reg_weight", 7 0;
v000002cde7ce1960_0 .net "rst_n", 0 0, L_000002cde7a71f90;  alias, 1 drivers
S_000002cde7cec710 .scope generate, "COL_LOOP[14]" "COL_LOOP[14]" 9 55, 9 55 0, S_000002cde7cc49c0;
 .timescale -9 -12;
P_000002cde7ae2d20 .param/l "c" 0 9 55, +C4<01110>;
v000002cde7ce1640_0 .net "pe_in_act", 7 0, L_000002cde7903300;  1 drivers
v000002cde7ce3940_0 .net "pe_in_psum", 31 0, L_000002cde7901b60;  1 drivers
v000002cde7ce22c0_0 .net "pe_in_weight", 7 0, L_000002cde7e0cf70;  1 drivers
v000002cde7ce1d20_0 .net "pe_load_en", 0 0, L_000002cde7e0d010;  1 drivers
S_000002cde7ceae10 .scope generate, "genblk1" "genblk1" 9 61, 9 61 0, S_000002cde7cec710;
 .timescale -9 -12;
L_000002cde7903300 .functor BUFZ 8, v000002cde7ce1320_0, C4<00000000>, C4<00000000>, C4<00000000>;
S_000002cde7ceaaf0 .scope generate, "genblk2" "genblk2" 9 72, 9 72 0, S_000002cde7cec710;
 .timescale -9 -12;
L_000002cde7901b60 .functor BUFZ 32, v000002cde7cb6c90_0, C4<00000000000000000000000000000000>, C4<00000000000000000000000000000000>, C4<00000000000000000000000000000000>;
S_000002cde7cea7d0 .scope module, "pe_inst" "pe" 9 91, 10 12 0, S_000002cde7cec710;
 .timescale 0 0;
    .port_info 0 /INPUT 1 "clk";
    .port_info 1 /INPUT 1 "rst_n";
    .port_info 2 /INPUT 1 "en_compute";
    .port_info 3 /INPUT 1 "load_weight";
    .port_info 4 /INPUT 8 "in_act";
    .port_info 5 /INPUT 8 "in_weight";
    .port_info 6 /INPUT 32 "in_psum";
    .port_info 7 /OUTPUT 8 "out_act";
    .port_info 8 /OUTPUT 32 "out_psum";
v000002cde7ce1f00_0 .net "clk", 0 0, v000002cde7d9c770_0;  alias, 1 drivers
v000002cde7ce2860_0 .net "en_compute", 0 0, L_000002cde7db18a8;  alias, 1 drivers
v000002cde7ce2900_0 .net "in_act", 7 0, L_000002cde7903300;  alias, 1 drivers
v000002cde7ce1aa0_0 .net "in_psum", 31 0, L_000002cde7901b60;  alias, 1 drivers
v000002cde7ce15a0_0 .net "in_weight", 7 0, L_000002cde7e0cf70;  alias, 1 drivers
v000002cde7ce29a0_0 .net "load_weight", 0 0, L_000002cde7e0d010;  alias, 1 drivers
v000002cde7ce33a0_0 .var "out_act", 7 0;
v000002cde7ce1fa0_0 .var "out_psum", 31 0;
v000002cde7ce3120_0 .var/s "reg_weight", 7 0;
v000002cde7ce3300_0 .net "rst_n", 0 0, L_000002cde7a71f90;  alias, 1 drivers
S_000002cde7ceba90 .scope generate, "COL_LOOP[15]" "COL_LOOP[15]" 9 55, 9 55 0, S_000002cde7cc49c0;
 .timescale -9 -12;
P_000002cde7ae2160 .param/l "c" 0 9 55, +C4<01111>;
v000002cde7ce52e0_0 .net "pe_in_act", 7 0, L_000002cde79020a0;  1 drivers
v000002cde7ce3da0_0 .net "pe_in_psum", 31 0, L_000002cde7903680;  1 drivers
v000002cde7ce4340_0 .net "pe_in_weight", 7 0, L_000002cde7e0d0b0;  1 drivers
v000002cde7ce4020_0 .net "pe_load_en", 0 0, L_000002cde7e0d150;  1 drivers
S_000002cde7ced070 .scope generate, "genblk1" "genblk1" 9 61, 9 61 0, S_000002cde7ceba90;
 .timescale -9 -12;
L_000002cde79020a0 .functor BUFZ 8, v000002cde7ce33a0_0, C4<00000000>, C4<00000000>, C4<00000000>;
S_000002cde7ceb5e0 .scope generate, "genblk2" "genblk2" 9 72, 9 72 0, S_000002cde7ceba90;
 .timescale -9 -12;
L_000002cde7903680 .functor BUFZ 32, v000002cde7cb6830_0, C4<00000000000000000000000000000000>, C4<00000000000000000000000000000000>, C4<00000000000000000000000000000000>;
S_000002cde7cec3f0 .scope module, "pe_inst" "pe" 9 91, 10 12 0, S_000002cde7ceba90;
 .timescale 0 0;
    .port_info 0 /INPUT 1 "clk";
    .port_info 1 /INPUT 1 "rst_n";
    .port_info 2 /INPUT 1 "en_compute";
    .port_info 3 /INPUT 1 "load_weight";
    .port_info 4 /INPUT 8 "in_act";
    .port_info 5 /INPUT 8 "in_weight";
    .port_info 6 /INPUT 32 "in_psum";
    .port_info 7 /OUTPUT 8 "out_act";
    .port_info 8 /OUTPUT 32 "out_psum";
v000002cde7ce3620_0 .net "clk", 0 0, v000002cde7d9c770_0;  alias, 1 drivers
v000002cde7ce3760_0 .net "en_compute", 0 0, L_000002cde7db18a8;  alias, 1 drivers
v000002cde7ce16e0_0 .net "in_act", 7 0, L_000002cde79020a0;  alias, 1 drivers
v000002cde7ce5740_0 .net "in_psum", 31 0, L_000002cde7903680;  alias, 1 drivers
v000002cde7ce57e0_0 .net "in_weight", 7 0, L_000002cde7e0d0b0;  alias, 1 drivers
v000002cde7ce47a0_0 .net "load_weight", 0 0, L_000002cde7e0d150;  alias, 1 drivers
v000002cde7ce4ac0_0 .var "out_act", 7 0;
v000002cde7ce60a0_0 .var "out_psum", 31 0;
v000002cde7ce3f80_0 .var/s "reg_weight", 7 0;
v000002cde7ce5f60_0 .net "rst_n", 0 0, L_000002cde7a71f90;  alias, 1 drivers
S_000002cde7cea320 .scope generate, "ROW_LOOP[5]" "ROW_LOOP[5]" 9 54, 9 54 0, S_000002cde7c86a10;
 .timescale -9 -12;
P_000002cde7ae3160 .param/l "r" 0 9 54, +C4<0101>;
S_000002cde7ceb2c0 .scope generate, "COL_LOOP[0]" "COL_LOOP[0]" 9 55, 9 55 0, S_000002cde7cea320;
 .timescale -9 -12;
P_000002cde7ae3ae0 .param/l "c" 0 9 55, +C4<00>;
v000002cde7ce3bc0_0 .net "pe_in_act", 7 0, L_000002cde7e0d330;  1 drivers
v000002cde7ce5100_0 .net "pe_in_psum", 31 0, L_000002cde7901cb0;  1 drivers
v000002cde7ce3d00_0 .net "pe_in_weight", 7 0, L_000002cde7e0d1f0;  1 drivers
v000002cde7ce5560_0 .net "pe_load_en", 0 0, L_000002cde7e0d290;  1 drivers
S_000002cde7cea190 .scope generate, "genblk1" "genblk1" 9 61, 9 61 0, S_000002cde7ceb2c0;
 .timescale -9 -12;
S_000002cde7cebdb0 .scope generate, "genblk2" "genblk2" 9 72, 9 72 0, S_000002cde7ceb2c0;
 .timescale -9 -12;
L_000002cde7901cb0 .functor BUFZ 32, v000002cde7cb5e30_0, C4<00000000000000000000000000000000>, C4<00000000000000000000000000000000>, C4<00000000000000000000000000000000>;
S_000002cde7cec8a0 .scope module, "pe_inst" "pe" 9 91, 10 12 0, S_000002cde7ceb2c0;
 .timescale 0 0;
    .port_info 0 /INPUT 1 "clk";
    .port_info 1 /INPUT 1 "rst_n";
    .port_info 2 /INPUT 1 "en_compute";
    .port_info 3 /INPUT 1 "load_weight";
    .port_info 4 /INPUT 8 "in_act";
    .port_info 5 /INPUT 8 "in_weight";
    .port_info 6 /INPUT 32 "in_psum";
    .port_info 7 /OUTPUT 8 "out_act";
    .port_info 8 /OUTPUT 32 "out_psum";
v000002cde7ce5c40_0 .net "clk", 0 0, v000002cde7d9c770_0;  alias, 1 drivers
v000002cde7ce4520_0 .net "en_compute", 0 0, L_000002cde7db18a8;  alias, 1 drivers
v000002cde7ce45c0_0 .net "in_act", 7 0, L_000002cde7e0d330;  alias, 1 drivers
v000002cde7ce4b60_0 .net "in_psum", 31 0, L_000002cde7901cb0;  alias, 1 drivers
v000002cde7ce3c60_0 .net "in_weight", 7 0, L_000002cde7e0d1f0;  alias, 1 drivers
v000002cde7ce3b20_0 .net "load_weight", 0 0, L_000002cde7e0d290;  alias, 1 drivers
v000002cde7ce3a80_0 .var "out_act", 7 0;
v000002cde7ce4660_0 .var "out_psum", 31 0;
v000002cde7ce4ca0_0 .var/s "reg_weight", 7 0;
v000002cde7ce3e40_0 .net "rst_n", 0 0, L_000002cde7a71f90;  alias, 1 drivers
S_000002cde7cea640 .scope generate, "COL_LOOP[1]" "COL_LOOP[1]" 9 55, 9 55 0, S_000002cde7cea320;
 .timescale -9 -12;
P_000002cde7ae3220 .param/l "c" 0 9 55, +C4<01>;
v000002cde7ce4de0_0 .net "pe_in_act", 7 0, L_000002cde7901d20;  1 drivers
v000002cde7ce5420_0 .net "pe_in_psum", 31 0, L_000002cde79029d0;  1 drivers
v000002cde7ce4200_0 .net "pe_in_weight", 7 0, L_000002cde7e0d470;  1 drivers
v000002cde7ce6140_0 .net "pe_load_en", 0 0, L_000002cde7e0d650;  1 drivers
S_000002cde7ceac80 .scope generate, "genblk1" "genblk1" 9 61, 9 61 0, S_000002cde7cea640;
 .timescale -9 -12;
L_000002cde7901d20 .functor BUFZ 8, v000002cde7ce3a80_0, C4<00000000>, C4<00000000>, C4<00000000>;
S_000002cde7cea960 .scope generate, "genblk2" "genblk2" 9 72, 9 72 0, S_000002cde7cea640;
 .timescale -9 -12;
L_000002cde79029d0 .functor BUFZ 32, v000002cde7cb9030_0, C4<00000000000000000000000000000000>, C4<00000000000000000000000000000000>, C4<00000000000000000000000000000000>;
S_000002cde7ceafa0 .scope module, "pe_inst" "pe" 9 91, 10 12 0, S_000002cde7cea640;
 .timescale 0 0;
    .port_info 0 /INPUT 1 "clk";
    .port_info 1 /INPUT 1 "rst_n";
    .port_info 2 /INPUT 1 "en_compute";
    .port_info 3 /INPUT 1 "load_weight";
    .port_info 4 /INPUT 8 "in_act";
    .port_info 5 /INPUT 8 "in_weight";
    .port_info 6 /INPUT 32 "in_psum";
    .port_info 7 /OUTPUT 8 "out_act";
    .port_info 8 /OUTPUT 32 "out_psum";
v000002cde7ce4c00_0 .net "clk", 0 0, v000002cde7d9c770_0;  alias, 1 drivers
v000002cde7ce56a0_0 .net "en_compute", 0 0, L_000002cde7db18a8;  alias, 1 drivers
v000002cde7ce3ee0_0 .net "in_act", 7 0, L_000002cde7901d20;  alias, 1 drivers
v000002cde7ce40c0_0 .net "in_psum", 31 0, L_000002cde79029d0;  alias, 1 drivers
v000002cde7ce4160_0 .net "in_weight", 7 0, L_000002cde7e0d470;  alias, 1 drivers
v000002cde7ce4e80_0 .net "load_weight", 0 0, L_000002cde7e0d650;  alias, 1 drivers
v000002cde7ce4700_0 .var "out_act", 7 0;
v000002cde7ce4f20_0 .var "out_psum", 31 0;
v000002cde7ce42a0_0 .var/s "reg_weight", 7 0;
v000002cde7ce5240_0 .net "rst_n", 0 0, L_000002cde7a71f90;  alias, 1 drivers
S_000002cde7cec0d0 .scope generate, "COL_LOOP[2]" "COL_LOOP[2]" 9 55, 9 55 0, S_000002cde7cea320;
 .timescale -9 -12;
P_000002cde7ae3ea0 .param/l "c" 0 9 55, +C4<010>;
v000002cde7ce4980_0 .net "pe_in_act", 7 0, L_000002cde7901d90;  1 drivers
v000002cde7ce4a20_0 .net "pe_in_psum", 31 0, L_000002cde7903a70;  1 drivers
v000002cde7ce51a0_0 .net "pe_in_weight", 7 0, L_000002cde7e0d6f0;  1 drivers
v000002cde7ce5380_0 .net "pe_load_en", 0 0, L_000002cde7e103f0;  1 drivers
S_000002cde7ceb130 .scope generate, "genblk1" "genblk1" 9 61, 9 61 0, S_000002cde7cec0d0;
 .timescale -9 -12;
L_000002cde7901d90 .functor BUFZ 8, v000002cde7ce4700_0, C4<00000000>, C4<00000000>, C4<00000000>;
S_000002cde7cea000 .scope generate, "genblk2" "genblk2" 9 72, 9 72 0, S_000002cde7cec0d0;
 .timescale -9 -12;
L_000002cde7903a70 .functor BUFZ 32, v000002cde7cb8590_0, C4<00000000000000000000000000000000>, C4<00000000000000000000000000000000>, C4<00000000000000000000000000000000>;
S_000002cde7ceb450 .scope module, "pe_inst" "pe" 9 91, 10 12 0, S_000002cde7cec0d0;
 .timescale 0 0;
    .port_info 0 /INPUT 1 "clk";
    .port_info 1 /INPUT 1 "rst_n";
    .port_info 2 /INPUT 1 "en_compute";
    .port_info 3 /INPUT 1 "load_weight";
    .port_info 4 /INPUT 8 "in_act";
    .port_info 5 /INPUT 8 "in_weight";
    .port_info 6 /INPUT 32 "in_psum";
    .port_info 7 /OUTPUT 8 "out_act";
    .port_info 8 /OUTPUT 32 "out_psum";
v000002cde7ce5060_0 .net "clk", 0 0, v000002cde7d9c770_0;  alias, 1 drivers
v000002cde7ce5920_0 .net "en_compute", 0 0, L_000002cde7db18a8;  alias, 1 drivers
v000002cde7ce59c0_0 .net "in_act", 7 0, L_000002cde7901d90;  alias, 1 drivers
v000002cde7ce5600_0 .net "in_psum", 31 0, L_000002cde7903a70;  alias, 1 drivers
v000002cde7ce4840_0 .net "in_weight", 7 0, L_000002cde7e0d6f0;  alias, 1 drivers
v000002cde7ce4fc0_0 .net "load_weight", 0 0, L_000002cde7e103f0;  alias, 1 drivers
v000002cde7ce4480_0 .var "out_act", 7 0;
v000002cde7ce48e0_0 .var "out_psum", 31 0;
v000002cde7ce6000_0 .var/s "reg_weight", 7 0;
v000002cde7ce39e0_0 .net "rst_n", 0 0, L_000002cde7a71f90;  alias, 1 drivers
S_000002cde7ceca30 .scope generate, "COL_LOOP[3]" "COL_LOOP[3]" 9 55, 9 55 0, S_000002cde7cea320;
 .timescale -9 -12;
P_000002cde7ae37a0 .param/l "c" 0 9 55, +C4<011>;
v000002cde7ce81c0_0 .net "pe_in_act", 7 0, L_000002cde7903a00;  1 drivers
v000002cde7ce7360_0 .net "pe_in_psum", 31 0, L_000002cde7903760;  1 drivers
v000002cde7ce7720_0 .net "pe_in_weight", 7 0, L_000002cde7e0e910;  1 drivers
v000002cde7ce84e0_0 .net "pe_load_en", 0 0, L_000002cde7e0eaf0;  1 drivers
S_000002cde7cebf40 .scope generate, "genblk1" "genblk1" 9 61, 9 61 0, S_000002cde7ceca30;
 .timescale -9 -12;
L_000002cde7903a00 .functor BUFZ 8, v000002cde7ce4480_0, C4<00000000>, C4<00000000>, C4<00000000>;
S_000002cde7ced520 .scope generate, "genblk2" "genblk2" 9 72, 9 72 0, S_000002cde7ceca30;
 .timescale -9 -12;
L_000002cde7903760 .functor BUFZ 32, v000002cde7cb8130_0, C4<00000000000000000000000000000000>, C4<00000000000000000000000000000000>, C4<00000000000000000000000000000000>;
S_000002cde7ced6b0 .scope module, "pe_inst" "pe" 9 91, 10 12 0, S_000002cde7ceca30;
 .timescale 0 0;
    .port_info 0 /INPUT 1 "clk";
    .port_info 1 /INPUT 1 "rst_n";
    .port_info 2 /INPUT 1 "en_compute";
    .port_info 3 /INPUT 1 "load_weight";
    .port_info 4 /INPUT 8 "in_act";
    .port_info 5 /INPUT 8 "in_weight";
    .port_info 6 /INPUT 32 "in_psum";
    .port_info 7 /OUTPUT 8 "out_act";
    .port_info 8 /OUTPUT 32 "out_psum";
v000002cde7ce54c0_0 .net "clk", 0 0, v000002cde7d9c770_0;  alias, 1 drivers
v000002cde7ce5b00_0 .net "en_compute", 0 0, L_000002cde7db18a8;  alias, 1 drivers
v000002cde7ce5ce0_0 .net "in_act", 7 0, L_000002cde7903a00;  alias, 1 drivers
v000002cde7ce5ba0_0 .net "in_psum", 31 0, L_000002cde7903760;  alias, 1 drivers
v000002cde7ce5d80_0 .net "in_weight", 7 0, L_000002cde7e0e910;  alias, 1 drivers
v000002cde7ce5e20_0 .net "load_weight", 0 0, L_000002cde7e0eaf0;  alias, 1 drivers
v000002cde7ce5ec0_0 .var "out_act", 7 0;
v000002cde7ce65a0_0 .var "out_psum", 31 0;
v000002cde7ce6280_0 .var/s "reg_weight", 7 0;
v000002cde7ce83a0_0 .net "rst_n", 0 0, L_000002cde7a71f90;  alias, 1 drivers
S_000002cde7ced840 .scope generate, "COL_LOOP[4]" "COL_LOOP[4]" 9 55, 9 55 0, S_000002cde7cea320;
 .timescale -9 -12;
P_000002cde7ae3f20 .param/l "c" 0 9 55, +C4<0100>;
v000002cde7ce6780_0 .net "pe_in_act", 7 0, L_000002cde79038b0;  1 drivers
v000002cde7ce68c0_0 .net "pe_in_psum", 31 0, L_000002cde79037d0;  1 drivers
v000002cde7ce6960_0 .net "pe_in_weight", 7 0, L_000002cde7e107b0;  1 drivers
v000002cde7ce6e60_0 .net "pe_load_en", 0 0, L_000002cde7e0ef50;  1 drivers
S_000002cde7ceb770 .scope generate, "genblk1" "genblk1" 9 61, 9 61 0, S_000002cde7ced840;
 .timescale -9 -12;
L_000002cde79038b0 .functor BUFZ 8, v000002cde7ce5ec0_0, C4<00000000>, C4<00000000>, C4<00000000>;
S_000002cde7cecbc0 .scope generate, "genblk2" "genblk2" 9 72, 9 72 0, S_000002cde7ced840;
 .timescale -9 -12;
L_000002cde79037d0 .functor BUFZ 32, v000002cde7cb7550_0, C4<00000000000000000000000000000000>, C4<00000000000000000000000000000000>, C4<00000000000000000000000000000000>;
S_000002cde7cebc20 .scope module, "pe_inst" "pe" 9 91, 10 12 0, S_000002cde7ced840;
 .timescale 0 0;
    .port_info 0 /INPUT 1 "clk";
    .port_info 1 /INPUT 1 "rst_n";
    .port_info 2 /INPUT 1 "en_compute";
    .port_info 3 /INPUT 1 "load_weight";
    .port_info 4 /INPUT 8 "in_act";
    .port_info 5 /INPUT 8 "in_weight";
    .port_info 6 /INPUT 32 "in_psum";
    .port_info 7 /OUTPUT 8 "out_act";
    .port_info 8 /OUTPUT 32 "out_psum";
v000002cde7ce7400_0 .net "clk", 0 0, v000002cde7d9c770_0;  alias, 1 drivers
v000002cde7ce6820_0 .net "en_compute", 0 0, L_000002cde7db18a8;  alias, 1 drivers
v000002cde7ce6460_0 .net "in_act", 7 0, L_000002cde79038b0;  alias, 1 drivers
v000002cde7ce6320_0 .net "in_psum", 31 0, L_000002cde79037d0;  alias, 1 drivers
v000002cde7ce63c0_0 .net "in_weight", 7 0, L_000002cde7e107b0;  alias, 1 drivers
v000002cde7ce6f00_0 .net "load_weight", 0 0, L_000002cde7e0ef50;  alias, 1 drivers
v000002cde7ce6500_0 .var "out_act", 7 0;
v000002cde7ce6640_0 .var "out_psum", 31 0;
v000002cde7ce8260_0 .var/s "reg_weight", 7 0;
v000002cde7ce66e0_0 .net "rst_n", 0 0, L_000002cde7a71f90;  alias, 1 drivers
S_000002cde7ced9d0 .scope generate, "COL_LOOP[5]" "COL_LOOP[5]" 9 55, 9 55 0, S_000002cde7cea320;
 .timescale -9 -12;
P_000002cde7ae36a0 .param/l "c" 0 9 55, +C4<0101>;
v000002cde7ce8080_0 .net "pe_in_act", 7 0, L_000002cde7903990;  1 drivers
v000002cde7ce8300_0 .net "pe_in_psum", 31 0, L_000002cde7903840;  1 drivers
v000002cde7ce7a40_0 .net "pe_in_weight", 7 0, L_000002cde7e10030;  1 drivers
v000002cde7ce86c0_0 .net "pe_load_en", 0 0, L_000002cde7e0fe50;  1 drivers
S_000002cde7ceb900 .scope generate, "genblk1" "genblk1" 9 61, 9 61 0, S_000002cde7ced9d0;
 .timescale -9 -12;
L_000002cde7903990 .functor BUFZ 8, v000002cde7ce6500_0, C4<00000000>, C4<00000000>, C4<00000000>;
S_000002cde7cec260 .scope generate, "genblk2" "genblk2" 9 72, 9 72 0, S_000002cde7ced9d0;
 .timescale -9 -12;
L_000002cde7903840 .functor BUFZ 32, v000002cde7cba610_0, C4<00000000000000000000000000000000>, C4<00000000000000000000000000000000>, C4<00000000000000000000000000000000>;
S_000002cde7cec580 .scope module, "pe_inst" "pe" 9 91, 10 12 0, S_000002cde7ced9d0;
 .timescale 0 0;
    .port_info 0 /INPUT 1 "clk";
    .port_info 1 /INPUT 1 "rst_n";
    .port_info 2 /INPUT 1 "en_compute";
    .port_info 3 /INPUT 1 "load_weight";
    .port_info 4 /INPUT 8 "in_act";
    .port_info 5 /INPUT 8 "in_weight";
    .port_info 6 /INPUT 32 "in_psum";
    .port_info 7 /OUTPUT 8 "out_act";
    .port_info 8 /OUTPUT 32 "out_psum";
v000002cde7ce6dc0_0 .net "clk", 0 0, v000002cde7d9c770_0;  alias, 1 drivers
v000002cde7ce6aa0_0 .net "en_compute", 0 0, L_000002cde7db18a8;  alias, 1 drivers
v000002cde7ce7c20_0 .net "in_act", 7 0, L_000002cde7903990;  alias, 1 drivers
v000002cde7ce8440_0 .net "in_psum", 31 0, L_000002cde7903840;  alias, 1 drivers
v000002cde7ce6fa0_0 .net "in_weight", 7 0, L_000002cde7e10030;  alias, 1 drivers
v000002cde7ce6b40_0 .net "load_weight", 0 0, L_000002cde7e0fe50;  alias, 1 drivers
v000002cde7ce6be0_0 .var "out_act", 7 0;
v000002cde7ce7d60_0 .var "out_psum", 31 0;
v000002cde7ce8620_0 .var/s "reg_weight", 7 0;
v000002cde7ce6c80_0 .net "rst_n", 0 0, L_000002cde7a71f90;  alias, 1 drivers
S_000002cde7cecd50 .scope generate, "COL_LOOP[6]" "COL_LOOP[6]" 9 55, 9 55 0, S_000002cde7cea320;
 .timescale -9 -12;
P_000002cde7ae3da0 .param/l "c" 0 9 55, +C4<0110>;
v000002cde7ce8800_0 .net "pe_in_act", 7 0, L_000002cde7903920;  1 drivers
v000002cde7ce7b80_0 .net "pe_in_psum", 31 0, L_000002cde7bb5d50;  1 drivers
v000002cde7ce61e0_0 .net "pe_in_weight", 7 0, L_000002cde7e0f6d0;  1 drivers
v000002cde7ce7220_0 .net "pe_load_en", 0 0, L_000002cde7e0f090;  1 drivers
S_000002cde7cecee0 .scope generate, "genblk1" "genblk1" 9 61, 9 61 0, S_000002cde7cecd50;
 .timescale -9 -12;
L_000002cde7903920 .functor BUFZ 8, v000002cde7ce6be0_0, C4<00000000>, C4<00000000>, C4<00000000>;
S_000002cde7ced200 .scope generate, "genblk2" "genblk2" 9 72, 9 72 0, S_000002cde7cecd50;
 .timescale -9 -12;
L_000002cde7bb5d50 .functor BUFZ 32, v000002cde7cbacf0_0, C4<00000000000000000000000000000000>, C4<00000000000000000000000000000000>, C4<00000000000000000000000000000000>;
S_000002cde7ced390 .scope module, "pe_inst" "pe" 9 91, 10 12 0, S_000002cde7cecd50;
 .timescale 0 0;
    .port_info 0 /INPUT 1 "clk";
    .port_info 1 /INPUT 1 "rst_n";
    .port_info 2 /INPUT 1 "en_compute";
    .port_info 3 /INPUT 1 "load_weight";
    .port_info 4 /INPUT 8 "in_act";
    .port_info 5 /INPUT 8 "in_weight";
    .port_info 6 /INPUT 32 "in_psum";
    .port_info 7 /OUTPUT 8 "out_act";
    .port_info 8 /OUTPUT 32 "out_psum";
v000002cde7ce7ae0_0 .net "clk", 0 0, v000002cde7d9c770_0;  alias, 1 drivers
v000002cde7ce7fe0_0 .net "en_compute", 0 0, L_000002cde7db18a8;  alias, 1 drivers
v000002cde7ce7e00_0 .net "in_act", 7 0, L_000002cde7903920;  alias, 1 drivers
v000002cde7ce72c0_0 .net "in_psum", 31 0, L_000002cde7bb5d50;  alias, 1 drivers
v000002cde7ce88a0_0 .net "in_weight", 7 0, L_000002cde7e0f6d0;  alias, 1 drivers
v000002cde7ce6d20_0 .net "load_weight", 0 0, L_000002cde7e0f090;  alias, 1 drivers
v000002cde7ce7040_0 .var "out_act", 7 0;
v000002cde7ce70e0_0 .var "out_psum", 31 0;
v000002cde7ce7180_0 .var/s "reg_weight", 7 0;
v000002cde7ce8760_0 .net "rst_n", 0 0, L_000002cde7a71f90;  alias, 1 drivers
S_000002cde7ce99c0 .scope generate, "COL_LOOP[7]" "COL_LOOP[7]" 9 55, 9 55 0, S_000002cde7cea320;
 .timescale -9 -12;
P_000002cde7ae32a0 .param/l "c" 0 9 55, +C4<0111>;
v000002cde7ce79a0_0 .net "pe_in_act", 7 0, L_000002cde7bb5810;  1 drivers
v000002cde7ce9700_0 .net "pe_in_psum", 31 0, L_000002cde7bb5420;  1 drivers
v000002cde7ce9520_0 .net "pe_in_weight", 7 0, L_000002cde7e0ff90;  1 drivers
v000002cde7ce89e0_0 .net "pe_load_en", 0 0, L_000002cde7e0eff0;  1 drivers
S_000002cde7cedb60 .scope generate, "genblk1" "genblk1" 9 61, 9 61 0, S_000002cde7ce99c0;
 .timescale -9 -12;
L_000002cde7bb5810 .functor BUFZ 8, v000002cde7ce7040_0, C4<00000000>, C4<00000000>, C4<00000000>;
S_000002cde7ce9b50 .scope generate, "genblk2" "genblk2" 9 72, 9 72 0, S_000002cde7ce99c0;
 .timescale -9 -12;
L_000002cde7bb5420 .functor BUFZ 32, v000002cde7cbaa70_0, C4<00000000000000000000000000000000>, C4<00000000000000000000000000000000>, C4<00000000000000000000000000000000>;
S_000002cde7cedcf0 .scope module, "pe_inst" "pe" 9 91, 10 12 0, S_000002cde7ce99c0;
 .timescale 0 0;
    .port_info 0 /INPUT 1 "clk";
    .port_info 1 /INPUT 1 "rst_n";
    .port_info 2 /INPUT 1 "en_compute";
    .port_info 3 /INPUT 1 "load_weight";
    .port_info 4 /INPUT 8 "in_act";
    .port_info 5 /INPUT 8 "in_weight";
    .port_info 6 /INPUT 32 "in_psum";
    .port_info 7 /OUTPUT 8 "out_act";
    .port_info 8 /OUTPUT 32 "out_psum";
v000002cde7ce74a0_0 .net "clk", 0 0, v000002cde7d9c770_0;  alias, 1 drivers
v000002cde7ce7ea0_0 .net "en_compute", 0 0, L_000002cde7db18a8;  alias, 1 drivers
v000002cde7ce7540_0 .net "in_act", 7 0, L_000002cde7bb5810;  alias, 1 drivers
v000002cde7ce75e0_0 .net "in_psum", 31 0, L_000002cde7bb5420;  alias, 1 drivers
v000002cde7ce7680_0 .net "in_weight", 7 0, L_000002cde7e0ff90;  alias, 1 drivers
v000002cde7ce77c0_0 .net "load_weight", 0 0, L_000002cde7e0eff0;  alias, 1 drivers
v000002cde7ce7cc0_0 .var "out_act", 7 0;
v000002cde7ce7860_0 .var "out_psum", 31 0;
v000002cde7ce8120_0 .var/s "reg_weight", 7 0;
v000002cde7ce7900_0 .net "rst_n", 0 0, L_000002cde7a71f90;  alias, 1 drivers
S_000002cde7ce9ce0 .scope generate, "COL_LOOP[8]" "COL_LOOP[8]" 9 55, 9 55 0, S_000002cde7cea320;
 .timescale -9 -12;
P_000002cde7ae36e0 .param/l "c" 0 9 55, +C4<01000>;
v000002cde7ce95c0_0 .net "pe_in_act", 7 0, L_000002cde7bb6290;  1 drivers
v000002cde7ce8ee0_0 .net "pe_in_psum", 31 0, L_000002cde7bb6920;  1 drivers
v000002cde7ce9660_0 .net "pe_in_weight", 7 0, L_000002cde7e0ed70;  1 drivers
v000002cde7ce97a0_0 .net "pe_load_en", 0 0, L_000002cde7e10350;  1 drivers
S_000002cde7ce9e70 .scope generate, "genblk1" "genblk1" 9 61, 9 61 0, S_000002cde7ce9ce0;
 .timescale -9 -12;
L_000002cde7bb6290 .functor BUFZ 8, v000002cde7ce7cc0_0, C4<00000000>, C4<00000000>, C4<00000000>;
S_000002cde7cee650 .scope generate, "genblk2" "genblk2" 9 72, 9 72 0, S_000002cde7ce9ce0;
 .timescale -9 -12;
L_000002cde7bb6920 .functor BUFZ 32, v000002cde7cba570_0, C4<00000000000000000000000000000000>, C4<00000000000000000000000000000000>, C4<00000000000000000000000000000000>;
S_000002cde7cede80 .scope module, "pe_inst" "pe" 9 91, 10 12 0, S_000002cde7ce9ce0;
 .timescale 0 0;
    .port_info 0 /INPUT 1 "clk";
    .port_info 1 /INPUT 1 "rst_n";
    .port_info 2 /INPUT 1 "en_compute";
    .port_info 3 /INPUT 1 "load_weight";
    .port_info 4 /INPUT 8 "in_act";
    .port_info 5 /INPUT 8 "in_weight";
    .port_info 6 /INPUT 32 "in_psum";
    .port_info 7 /OUTPUT 8 "out_act";
    .port_info 8 /OUTPUT 32 "out_psum";
v000002cde7ce90c0_0 .net "clk", 0 0, v000002cde7d9c770_0;  alias, 1 drivers
v000002cde7ce8da0_0 .net "en_compute", 0 0, L_000002cde7db18a8;  alias, 1 drivers
v000002cde7ce9340_0 .net "in_act", 7 0, L_000002cde7bb6290;  alias, 1 drivers
v000002cde7ce92a0_0 .net "in_psum", 31 0, L_000002cde7bb6920;  alias, 1 drivers
v000002cde7ce8bc0_0 .net "in_weight", 7 0, L_000002cde7e0ed70;  alias, 1 drivers
v000002cde7ce9480_0 .net "load_weight", 0 0, L_000002cde7e10350;  alias, 1 drivers
v000002cde7ce8d00_0 .var "out_act", 7 0;
v000002cde7ce9160_0 .var "out_psum", 31 0;
v000002cde7ce93e0_0 .var/s "reg_weight", 7 0;
v000002cde7ce8e40_0 .net "rst_n", 0 0, L_000002cde7a71f90;  alias, 1 drivers
S_000002cde7cee010 .scope generate, "COL_LOOP[9]" "COL_LOOP[9]" 9 55, 9 55 0, S_000002cde7cea320;
 .timescale -9 -12;
P_000002cde7ae3a60 .param/l "c" 0 9 55, +C4<01001>;
v000002cde7cda0c0_0 .net "pe_in_act", 7 0, L_000002cde7bb5ce0;  1 drivers
v000002cde7cdb2e0_0 .net "pe_in_psum", 31 0, L_000002cde7bb6300;  1 drivers
v000002cde7cdb600_0 .net "pe_in_weight", 7 0, L_000002cde7e10530;  1 drivers
v000002cde7cdaac0_0 .net "pe_load_en", 0 0, L_000002cde7e0f130;  1 drivers
S_000002cde7ceefb0 .scope generate, "genblk1" "genblk1" 9 61, 9 61 0, S_000002cde7cee010;
 .timescale -9 -12;
L_000002cde7bb5ce0 .functor BUFZ 8, v000002cde7ce8d00_0, C4<00000000>, C4<00000000>, C4<00000000>;
S_000002cde7cee1a0 .scope generate, "genblk2" "genblk2" 9 72, 9 72 0, S_000002cde7cee010;
 .timescale -9 -12;
L_000002cde7bb6300 .functor BUFZ 32, v000002cde7cbc7d0_0, C4<00000000000000000000000000000000>, C4<00000000000000000000000000000000>, C4<00000000000000000000000000000000>;
S_000002cde7cee330 .scope module, "pe_inst" "pe" 9 91, 10 12 0, S_000002cde7cee010;
 .timescale 0 0;
    .port_info 0 /INPUT 1 "clk";
    .port_info 1 /INPUT 1 "rst_n";
    .port_info 2 /INPUT 1 "en_compute";
    .port_info 3 /INPUT 1 "load_weight";
    .port_info 4 /INPUT 8 "in_act";
    .port_info 5 /INPUT 8 "in_weight";
    .port_info 6 /INPUT 32 "in_psum";
    .port_info 7 /OUTPUT 8 "out_act";
    .port_info 8 /OUTPUT 32 "out_psum";
v000002cde7ce9840_0 .net "clk", 0 0, v000002cde7d9c770_0;  alias, 1 drivers
v000002cde7ce8a80_0 .net "en_compute", 0 0, L_000002cde7db18a8;  alias, 1 drivers
v000002cde7ce8f80_0 .net "in_act", 7 0, L_000002cde7bb5ce0;  alias, 1 drivers
v000002cde7ce9020_0 .net "in_psum", 31 0, L_000002cde7bb6300;  alias, 1 drivers
v000002cde7ce9200_0 .net "in_weight", 7 0, L_000002cde7e10530;  alias, 1 drivers
v000002cde7cdae80_0 .net "load_weight", 0 0, L_000002cde7e0f130;  alias, 1 drivers
v000002cde7cdc140_0 .var "out_act", 7 0;
v000002cde7cd99e0_0 .var "out_psum", 31 0;
v000002cde7cdafc0_0 .var/s "reg_weight", 7 0;
v000002cde7cdb740_0 .net "rst_n", 0 0, L_000002cde7a71f90;  alias, 1 drivers
S_000002cde7cee4c0 .scope generate, "COL_LOOP[10]" "COL_LOOP[10]" 9 55, 9 55 0, S_000002cde7cea320;
 .timescale -9 -12;
P_000002cde7ae40e0 .param/l "c" 0 9 55, +C4<01010>;
v000002cde7cda980_0 .net "pe_in_act", 7 0, L_000002cde7bb5340;  1 drivers
v000002cde7cda160_0 .net "pe_in_psum", 31 0, L_000002cde7bb6b50;  1 drivers
v000002cde7cda020_0 .net "pe_in_weight", 7 0, L_000002cde7e100d0;  1 drivers
v000002cde7cdad40_0 .net "pe_load_en", 0 0, L_000002cde7e0e870;  1 drivers
S_000002cde7cef910 .scope generate, "genblk1" "genblk1" 9 61, 9 61 0, S_000002cde7cee4c0;
 .timescale -9 -12;
L_000002cde7bb5340 .functor BUFZ 8, v000002cde7cdc140_0, C4<00000000>, C4<00000000>, C4<00000000>;
S_000002cde7ceeb00 .scope generate, "genblk2" "genblk2" 9 72, 9 72 0, S_000002cde7cee4c0;
 .timescale -9 -12;
L_000002cde7bb6b50 .functor BUFZ 32, v000002cde7cbceb0_0, C4<00000000000000000000000000000000>, C4<00000000000000000000000000000000>, C4<00000000000000000000000000000000>;
S_000002cde7cefaa0 .scope module, "pe_inst" "pe" 9 91, 10 12 0, S_000002cde7cee4c0;
 .timescale 0 0;
    .port_info 0 /INPUT 1 "clk";
    .port_info 1 /INPUT 1 "rst_n";
    .port_info 2 /INPUT 1 "en_compute";
    .port_info 3 /INPUT 1 "load_weight";
    .port_info 4 /INPUT 8 "in_act";
    .port_info 5 /INPUT 8 "in_weight";
    .port_info 6 /INPUT 32 "in_psum";
    .port_info 7 /OUTPUT 8 "out_act";
    .port_info 8 /OUTPUT 32 "out_psum";
v000002cde7cdbc40_0 .net "clk", 0 0, v000002cde7d9c770_0;  alias, 1 drivers
v000002cde7cdb4c0_0 .net "en_compute", 0 0, L_000002cde7db18a8;  alias, 1 drivers
v000002cde7cdaca0_0 .net "in_act", 7 0, L_000002cde7bb5340;  alias, 1 drivers
v000002cde7cdbba0_0 .net "in_psum", 31 0, L_000002cde7bb6b50;  alias, 1 drivers
v000002cde7cda5c0_0 .net "in_weight", 7 0, L_000002cde7e100d0;  alias, 1 drivers
v000002cde7cd9f80_0 .net "load_weight", 0 0, L_000002cde7e0e870;  alias, 1 drivers
v000002cde7cda480_0 .var "out_act", 7 0;
v000002cde7cda840_0 .var "out_psum", 31 0;
v000002cde7cdb1a0_0 .var/s "reg_weight", 7 0;
v000002cde7cd9a80_0 .net "rst_n", 0 0, L_000002cde7a71f90;  alias, 1 drivers
S_000002cde7cee7e0 .scope generate, "COL_LOOP[11]" "COL_LOOP[11]" 9 55, 9 55 0, S_000002cde7cea320;
 .timescale -9 -12;
P_000002cde7ae3420 .param/l "c" 0 9 55, +C4<01011>;
v000002cde7cd9e40_0 .net "pe_in_act", 7 0, L_000002cde7bb65a0;  1 drivers
v000002cde7cda2a0_0 .net "pe_in_psum", 31 0, L_000002cde7bb63e0;  1 drivers
v000002cde7cdb380_0 .net "pe_in_weight", 7 0, L_000002cde7e0eb90;  1 drivers
v000002cde7cdb6a0_0 .net "pe_load_en", 0 0, L_000002cde7e0f9f0;  1 drivers
S_000002cde7cee970 .scope generate, "genblk1" "genblk1" 9 61, 9 61 0, S_000002cde7cee7e0;
 .timescale -9 -12;
L_000002cde7bb65a0 .functor BUFZ 8, v000002cde7cda480_0, C4<00000000>, C4<00000000>, C4<00000000>;
S_000002cde7ceec90 .scope generate, "genblk2" "genblk2" 9 72, 9 72 0, S_000002cde7cee7e0;
 .timescale -9 -12;
L_000002cde7bb63e0 .functor BUFZ 32, v000002cde7ce1780_0, C4<00000000000000000000000000000000>, C4<00000000000000000000000000000000>, C4<00000000000000000000000000000000>;
S_000002cde7ceee20 .scope module, "pe_inst" "pe" 9 91, 10 12 0, S_000002cde7cee7e0;
 .timescale 0 0;
    .port_info 0 /INPUT 1 "clk";
    .port_info 1 /INPUT 1 "rst_n";
    .port_info 2 /INPUT 1 "en_compute";
    .port_info 3 /INPUT 1 "load_weight";
    .port_info 4 /INPUT 8 "in_act";
    .port_info 5 /INPUT 8 "in_weight";
    .port_info 6 /INPUT 32 "in_psum";
    .port_info 7 /OUTPUT 8 "out_act";
    .port_info 8 /OUTPUT 32 "out_psum";
v000002cde7cdb060_0 .net "clk", 0 0, v000002cde7d9c770_0;  alias, 1 drivers
v000002cde7cda200_0 .net "en_compute", 0 0, L_000002cde7db18a8;  alias, 1 drivers
v000002cde7cdb560_0 .net "in_act", 7 0, L_000002cde7bb65a0;  alias, 1 drivers
v000002cde7cdac00_0 .net "in_psum", 31 0, L_000002cde7bb63e0;  alias, 1 drivers
v000002cde7cd9b20_0 .net "in_weight", 7 0, L_000002cde7e0eb90;  alias, 1 drivers
v000002cde7cdba60_0 .net "load_weight", 0 0, L_000002cde7e0f9f0;  alias, 1 drivers
v000002cde7cda520_0 .var "out_act", 7 0;
v000002cde7cdc0a0_0 .var "out_psum", 31 0;
v000002cde7cdb240_0 .var/s "reg_weight", 7 0;
v000002cde7cdb100_0 .net "rst_n", 0 0, L_000002cde7a71f90;  alias, 1 drivers
S_000002cde7cef140 .scope generate, "COL_LOOP[12]" "COL_LOOP[12]" 9 55, 9 55 0, S_000002cde7cea320;
 .timescale -9 -12;
P_000002cde7ae3ba0 .param/l "c" 0 9 55, +C4<01100>;
v000002cde7cdaa20_0 .net "pe_in_act", 7 0, L_000002cde7bb53b0;  1 drivers
v000002cde7cdab60_0 .net "pe_in_psum", 31 0, L_000002cde7bb5650;  1 drivers
v000002cde7cda7a0_0 .net "pe_in_weight", 7 0, L_000002cde7e0f590;  1 drivers
v000002cde7cdaf20_0 .net "pe_load_en", 0 0, L_000002cde7e0fef0;  1 drivers
S_000002cde7cef2d0 .scope generate, "genblk1" "genblk1" 9 61, 9 61 0, S_000002cde7cef140;
 .timescale -9 -12;
L_000002cde7bb53b0 .functor BUFZ 8, v000002cde7cda520_0, C4<00000000>, C4<00000000>, C4<00000000>;
S_000002cde7cef460 .scope generate, "genblk2" "genblk2" 9 72, 9 72 0, S_000002cde7cef140;
 .timescale -9 -12;
L_000002cde7bb5650 .functor BUFZ 32, v000002cde7ce2720_0, C4<00000000000000000000000000000000>, C4<00000000000000000000000000000000>, C4<00000000000000000000000000000000>;
S_000002cde7cef5f0 .scope module, "pe_inst" "pe" 9 91, 10 12 0, S_000002cde7cef140;
 .timescale 0 0;
    .port_info 0 /INPUT 1 "clk";
    .port_info 1 /INPUT 1 "rst_n";
    .port_info 2 /INPUT 1 "en_compute";
    .port_info 3 /INPUT 1 "load_weight";
    .port_info 4 /INPUT 8 "in_act";
    .port_info 5 /INPUT 8 "in_weight";
    .port_info 6 /INPUT 32 "in_psum";
    .port_info 7 /OUTPUT 8 "out_act";
    .port_info 8 /OUTPUT 32 "out_psum";
v000002cde7cdbce0_0 .net "clk", 0 0, v000002cde7d9c770_0;  alias, 1 drivers
v000002cde7cd9bc0_0 .net "en_compute", 0 0, L_000002cde7db18a8;  alias, 1 drivers
v000002cde7cdbd80_0 .net "in_act", 7 0, L_000002cde7bb53b0;  alias, 1 drivers
v000002cde7cdade0_0 .net "in_psum", 31 0, L_000002cde7bb5650;  alias, 1 drivers
v000002cde7cda340_0 .net "in_weight", 7 0, L_000002cde7e0f590;  alias, 1 drivers
v000002cde7cda700_0 .net "load_weight", 0 0, L_000002cde7e0fef0;  alias, 1 drivers
v000002cde7cda3e0_0 .var "out_act", 7 0;
v000002cde7cda8e0_0 .var "out_psum", 31 0;
v000002cde7cdb7e0_0 .var/s "reg_weight", 7 0;
v000002cde7cdb420_0 .net "rst_n", 0 0, L_000002cde7a71f90;  alias, 1 drivers
S_000002cde7cef780 .scope generate, "COL_LOOP[13]" "COL_LOOP[13]" 9 55, 9 55 0, S_000002cde7cea320;
 .timescale -9 -12;
P_000002cde7ae3fe0 .param/l "c" 0 9 55, +C4<01101>;
v000002cde7cdd4a0_0 .net "pe_in_act", 7 0, L_000002cde7bb6e60;  1 drivers
v000002cde7cdc640_0 .net "pe_in_psum", 31 0, L_000002cde7bb5880;  1 drivers
v000002cde7cddcc0_0 .net "pe_in_weight", 7 0, L_000002cde7e0f1d0;  1 drivers
v000002cde7cdd2c0_0 .net "pe_load_en", 0 0, L_000002cde7e10e90;  1 drivers
S_000002cde7cefc30 .scope generate, "genblk1" "genblk1" 9 61, 9 61 0, S_000002cde7cef780;
 .timescale -9 -12;
L_000002cde7bb6e60 .functor BUFZ 8, v000002cde7cda3e0_0, C4<00000000>, C4<00000000>, C4<00000000>;
S_000002cde7cf0ef0 .scope generate, "genblk2" "genblk2" 9 72, 9 72 0, S_000002cde7cef780;
 .timescale -9 -12;
L_000002cde7bb5880 .functor BUFZ 32, v000002cde7ce13c0_0, C4<00000000000000000000000000000000>, C4<00000000000000000000000000000000>, C4<00000000000000000000000000000000>;
S_000002cde7cefdc0 .scope module, "pe_inst" "pe" 9 91, 10 12 0, S_000002cde7cef780;
 .timescale 0 0;
    .port_info 0 /INPUT 1 "clk";
    .port_info 1 /INPUT 1 "rst_n";
    .port_info 2 /INPUT 1 "en_compute";
    .port_info 3 /INPUT 1 "load_weight";
    .port_info 4 /INPUT 8 "in_act";
    .port_info 5 /INPUT 8 "in_weight";
    .port_info 6 /INPUT 32 "in_psum";
    .port_info 7 /OUTPUT 8 "out_act";
    .port_info 8 /OUTPUT 32 "out_psum";
v000002cde7cdb880_0 .net "clk", 0 0, v000002cde7d9c770_0;  alias, 1 drivers
v000002cde7cdbb00_0 .net "en_compute", 0 0, L_000002cde7db18a8;  alias, 1 drivers
v000002cde7cdbe20_0 .net "in_act", 7 0, L_000002cde7bb6e60;  alias, 1 drivers
v000002cde7cdbec0_0 .net "in_psum", 31 0, L_000002cde7bb5880;  alias, 1 drivers
v000002cde7cdbf60_0 .net "in_weight", 7 0, L_000002cde7e0f1d0;  alias, 1 drivers
v000002cde7cd9c60_0 .net "load_weight", 0 0, L_000002cde7e10e90;  alias, 1 drivers
v000002cde7cd9d00_0 .var "out_act", 7 0;
v000002cde7cd9da0_0 .var "out_psum", 31 0;
v000002cde7cd9ee0_0 .var/s "reg_weight", 7 0;
v000002cde7cde4e0_0 .net "rst_n", 0 0, L_000002cde7a71f90;  alias, 1 drivers
S_000002cde7cf0400 .scope generate, "COL_LOOP[14]" "COL_LOOP[14]" 9 55, 9 55 0, S_000002cde7cea320;
 .timescale -9 -12;
P_000002cde7ae3720 .param/l "c" 0 9 55, +C4<01110>;
v000002cde7cdcbe0_0 .net "pe_in_act", 7 0, L_000002cde7bb66f0;  1 drivers
v000002cde7cddd60_0 .net "pe_in_psum", 31 0, L_000002cde7bb6450;  1 drivers
v000002cde7cdd9a0_0 .net "pe_in_weight", 7 0, L_000002cde7e0ec30;  1 drivers
v000002cde7cdc6e0_0 .net "pe_load_en", 0 0, L_000002cde7e0f8b0;  1 drivers
S_000002cde7cf1080 .scope generate, "genblk1" "genblk1" 9 61, 9 61 0, S_000002cde7cf0400;
 .timescale -9 -12;
L_000002cde7bb66f0 .functor BUFZ 8, v000002cde7cd9d00_0, C4<00000000>, C4<00000000>, C4<00000000>;
S_000002cde7cf1210 .scope generate, "genblk2" "genblk2" 9 72, 9 72 0, S_000002cde7cf0400;
 .timescale -9 -12;
L_000002cde7bb6450 .functor BUFZ 32, v000002cde7ce1fa0_0, C4<00000000000000000000000000000000>, C4<00000000000000000000000000000000>, C4<00000000000000000000000000000000>;
S_000002cde7cf13a0 .scope module, "pe_inst" "pe" 9 91, 10 12 0, S_000002cde7cf0400;
 .timescale 0 0;
    .port_info 0 /INPUT 1 "clk";
    .port_info 1 /INPUT 1 "rst_n";
    .port_info 2 /INPUT 1 "en_compute";
    .port_info 3 /INPUT 1 "load_weight";
    .port_info 4 /INPUT 8 "in_act";
    .port_info 5 /INPUT 8 "in_weight";
    .port_info 6 /INPUT 32 "in_psum";
    .port_info 7 /OUTPUT 8 "out_act";
    .port_info 8 /OUTPUT 32 "out_psum";
v000002cde7cdd540_0 .net "clk", 0 0, v000002cde7d9c770_0;  alias, 1 drivers
v000002cde7cdce60_0 .net "en_compute", 0 0, L_000002cde7db18a8;  alias, 1 drivers
v000002cde7cde8a0_0 .net "in_act", 7 0, L_000002cde7bb66f0;  alias, 1 drivers
v000002cde7cdcaa0_0 .net "in_psum", 31 0, L_000002cde7bb6450;  alias, 1 drivers
v000002cde7cdcb40_0 .net "in_weight", 7 0, L_000002cde7e0ec30;  alias, 1 drivers
v000002cde7cdd5e0_0 .net "load_weight", 0 0, L_000002cde7e0f8b0;  alias, 1 drivers
v000002cde7cdd900_0 .var "out_act", 7 0;
v000002cde7cdc5a0_0 .var "out_psum", 31 0;
v000002cde7cdd680_0 .var/s "reg_weight", 7 0;
v000002cde7cdc320_0 .net "rst_n", 0 0, L_000002cde7a71f90;  alias, 1 drivers
S_000002cde7cf0bd0 .scope generate, "COL_LOOP[15]" "COL_LOOP[15]" 9 55, 9 55 0, S_000002cde7cea320;
 .timescale -9 -12;
P_000002cde7ae32e0 .param/l "c" 0 9 55, +C4<01111>;
v000002cde7cde3a0_0 .net "pe_in_act", 7 0, L_000002cde7bb64c0;  1 drivers
v000002cde7cdde00_0 .net "pe_in_psum", 31 0, L_000002cde7bb58f0;  1 drivers
v000002cde7cdcd20_0 .net "pe_in_weight", 7 0, L_000002cde7e0fbd0;  1 drivers
v000002cde7cddea0_0 .net "pe_load_en", 0 0, L_000002cde7e108f0;  1 drivers
S_000002cde7cf1530 .scope generate, "genblk1" "genblk1" 9 61, 9 61 0, S_000002cde7cf0bd0;
 .timescale -9 -12;
L_000002cde7bb64c0 .functor BUFZ 8, v000002cde7cdd900_0, C4<00000000>, C4<00000000>, C4<00000000>;
S_000002cde7cf16c0 .scope generate, "genblk2" "genblk2" 9 72, 9 72 0, S_000002cde7cf0bd0;
 .timescale -9 -12;
L_000002cde7bb58f0 .functor BUFZ 32, v000002cde7ce60a0_0, C4<00000000000000000000000000000000>, C4<00000000000000000000000000000000>, C4<00000000000000000000000000000000>;
S_000002cde7cf0d60 .scope module, "pe_inst" "pe" 9 91, 10 12 0, S_000002cde7cf0bd0;
 .timescale 0 0;
    .port_info 0 /INPUT 1 "clk";
    .port_info 1 /INPUT 1 "rst_n";
    .port_info 2 /INPUT 1 "en_compute";
    .port_info 3 /INPUT 1 "load_weight";
    .port_info 4 /INPUT 8 "in_act";
    .port_info 5 /INPUT 8 "in_weight";
    .port_info 6 /INPUT 32 "in_psum";
    .port_info 7 /OUTPUT 8 "out_act";
    .port_info 8 /OUTPUT 32 "out_psum";
v000002cde7cddb80_0 .net "clk", 0 0, v000002cde7d9c770_0;  alias, 1 drivers
v000002cde7cdc780_0 .net "en_compute", 0 0, L_000002cde7db18a8;  alias, 1 drivers
v000002cde7cdcf00_0 .net "in_act", 7 0, L_000002cde7bb64c0;  alias, 1 drivers
v000002cde7cdd720_0 .net "in_psum", 31 0, L_000002cde7bb58f0;  alias, 1 drivers
v000002cde7cdd860_0 .net "in_weight", 7 0, L_000002cde7e0fbd0;  alias, 1 drivers
v000002cde7cdcc80_0 .net "load_weight", 0 0, L_000002cde7e108f0;  alias, 1 drivers
v000002cde7cdca00_0 .var "out_act", 7 0;
v000002cde7cdc960_0 .var "out_psum", 31 0;
v000002cde7cdd7c0_0 .var/s "reg_weight", 7 0;
v000002cde7cde440_0 .net "rst_n", 0 0, L_000002cde7a71f90;  alias, 1 drivers
S_000002cde7cf0590 .scope generate, "ROW_LOOP[6]" "ROW_LOOP[6]" 9 54, 9 54 0, S_000002cde7c86a10;
 .timescale -9 -12;
P_000002cde7ae37e0 .param/l "r" 0 9 54, +C4<0110>;
S_000002cde7cf00e0 .scope generate, "COL_LOOP[0]" "COL_LOOP[0]" 9 55, 9 55 0, S_000002cde7cf0590;
 .timescale -9 -12;
P_000002cde7ae3360 .param/l "c" 0 9 55, +C4<00>;
v000002cde7cdc280_0 .net "pe_in_act", 7 0, L_000002cde7e0f310;  1 drivers
v000002cde7cdc460_0 .net "pe_in_psum", 31 0, L_000002cde7bb6d10;  1 drivers
v000002cde7cde580_0 .net "pe_in_weight", 7 0, L_000002cde7e0f950;  1 drivers
v000002cde7cde6c0_0 .net "pe_load_en", 0 0, L_000002cde7e0f270;  1 drivers
S_000002cde7cf0720 .scope generate, "genblk1" "genblk1" 9 61, 9 61 0, S_000002cde7cf00e0;
 .timescale -9 -12;
S_000002cde7cf0270 .scope generate, "genblk2" "genblk2" 9 72, 9 72 0, S_000002cde7cf00e0;
 .timescale -9 -12;
L_000002cde7bb6d10 .functor BUFZ 32, v000002cde7ce4660_0, C4<00000000000000000000000000000000>, C4<00000000000000000000000000000000>, C4<00000000000000000000000000000000>;
S_000002cde7ceff50 .scope module, "pe_inst" "pe" 9 91, 10 12 0, S_000002cde7cf00e0;
 .timescale 0 0;
    .port_info 0 /INPUT 1 "clk";
    .port_info 1 /INPUT 1 "rst_n";
    .port_info 2 /INPUT 1 "en_compute";
    .port_info 3 /INPUT 1 "load_weight";
    .port_info 4 /INPUT 8 "in_act";
    .port_info 5 /INPUT 8 "in_weight";
    .port_info 6 /INPUT 32 "in_psum";
    .port_info 7 /OUTPUT 8 "out_act";
    .port_info 8 /OUTPUT 32 "out_psum";
v000002cde7cdc1e0_0 .net "clk", 0 0, v000002cde7d9c770_0;  alias, 1 drivers
v000002cde7cde300_0 .net "en_compute", 0 0, L_000002cde7db18a8;  alias, 1 drivers
v000002cde7cdcdc0_0 .net "in_act", 7 0, L_000002cde7e0f310;  alias, 1 drivers
v000002cde7cddc20_0 .net "in_psum", 31 0, L_000002cde7bb6d10;  alias, 1 drivers
v000002cde7cddae0_0 .net "in_weight", 7 0, L_000002cde7e0f950;  alias, 1 drivers
v000002cde7cddf40_0 .net "load_weight", 0 0, L_000002cde7e0f270;  alias, 1 drivers
v000002cde7cddfe0_0 .var "out_act", 7 0;
v000002cde7cdcfa0_0 .var "out_psum", 31 0;
v000002cde7cde620_0 .var/s "reg_weight", 7 0;
v000002cde7cdd040_0 .net "rst_n", 0 0, L_000002cde7a71f90;  alias, 1 drivers
S_000002cde7cf08b0 .scope generate, "COL_LOOP[1]" "COL_LOOP[1]" 9 55, 9 55 0, S_000002cde7cf0590;
 .timescale -9 -12;
P_000002cde7ae3460 .param/l "c" 0 9 55, +C4<01>;
v000002cde7cdc500_0 .net "pe_in_act", 7 0, L_000002cde7bb6760;  1 drivers
v000002cde7cde940_0 .net "pe_in_psum", 31 0, L_000002cde7bb5490;  1 drivers
v000002cde7cdd400_0 .net "pe_in_weight", 7 0, L_000002cde7e10990;  1 drivers
v000002cde7cdeda0_0 .net "pe_load_en", 0 0, L_000002cde7e10170;  1 drivers
S_000002cde7cf0a40 .scope generate, "genblk1" "genblk1" 9 61, 9 61 0, S_000002cde7cf08b0;
 .timescale -9 -12;
L_000002cde7bb6760 .functor BUFZ 8, v000002cde7cddfe0_0, C4<00000000>, C4<00000000>, C4<00000000>;
S_000002cde7cf2b00 .scope generate, "genblk2" "genblk2" 9 72, 9 72 0, S_000002cde7cf08b0;
 .timescale -9 -12;
L_000002cde7bb5490 .functor BUFZ 32, v000002cde7ce4f20_0, C4<00000000000000000000000000000000>, C4<00000000000000000000000000000000>, C4<00000000000000000000000000000000>;
S_000002cde7cf2970 .scope module, "pe_inst" "pe" 9 91, 10 12 0, S_000002cde7cf08b0;
 .timescale 0 0;
    .port_info 0 /INPUT 1 "clk";
    .port_info 1 /INPUT 1 "rst_n";
    .port_info 2 /INPUT 1 "en_compute";
    .port_info 3 /INPUT 1 "load_weight";
    .port_info 4 /INPUT 8 "in_act";
    .port_info 5 /INPUT 8 "in_weight";
    .port_info 6 /INPUT 32 "in_psum";
    .port_info 7 /OUTPUT 8 "out_act";
    .port_info 8 /OUTPUT 32 "out_psum";
v000002cde7cdd180_0 .net "clk", 0 0, v000002cde7d9c770_0;  alias, 1 drivers
v000002cde7cde120_0 .net "en_compute", 0 0, L_000002cde7db18a8;  alias, 1 drivers
v000002cde7cde1c0_0 .net "in_act", 7 0, L_000002cde7bb6760;  alias, 1 drivers
v000002cde7cdc820_0 .net "in_psum", 31 0, L_000002cde7bb5490;  alias, 1 drivers
v000002cde7cde260_0 .net "in_weight", 7 0, L_000002cde7e10990;  alias, 1 drivers
v000002cde7cdc8c0_0 .net "load_weight", 0 0, L_000002cde7e10170;  alias, 1 drivers
v000002cde7cde800_0 .var "out_act", 7 0;
v000002cde7cdd220_0 .var "out_psum", 31 0;
v000002cde7cdd360_0 .var/s "reg_weight", 7 0;
v000002cde7cde760_0 .net "rst_n", 0 0, L_000002cde7a71f90;  alias, 1 drivers
S_000002cde7cf24c0 .scope generate, "COL_LOOP[2]" "COL_LOOP[2]" 9 55, 9 55 0, S_000002cde7cf0590;
 .timescale -9 -12;
P_000002cde7ae3820 .param/l "c" 0 9 55, +C4<010>;
v000002cde7ce0f60_0 .net "pe_in_act", 7 0, L_000002cde7bb6530;  1 drivers
v000002cde7ce0e20_0 .net "pe_in_psum", 31 0, L_000002cde7bb6610;  1 drivers
v000002cde7cded00_0 .net "pe_in_weight", 7 0, L_000002cde7e0f3b0;  1 drivers
v000002cde7cdfde0_0 .net "pe_load_en", 0 0, L_000002cde7e0f770;  1 drivers
S_000002cde7cf2c90 .scope generate, "genblk1" "genblk1" 9 61, 9 61 0, S_000002cde7cf24c0;
 .timescale -9 -12;
L_000002cde7bb6530 .functor BUFZ 8, v000002cde7cde800_0, C4<00000000>, C4<00000000>, C4<00000000>;
S_000002cde7cf5210 .scope generate, "genblk2" "genblk2" 9 72, 9 72 0, S_000002cde7cf24c0;
 .timescale -9 -12;
L_000002cde7bb6610 .functor BUFZ 32, v000002cde7ce48e0_0, C4<00000000000000000000000000000000>, C4<00000000000000000000000000000000>, C4<00000000000000000000000000000000>;
S_000002cde7cf35f0 .scope module, "pe_inst" "pe" 9 91, 10 12 0, S_000002cde7cf24c0;
 .timescale 0 0;
    .port_info 0 /INPUT 1 "clk";
    .port_info 1 /INPUT 1 "rst_n";
    .port_info 2 /INPUT 1 "en_compute";
    .port_info 3 /INPUT 1 "load_weight";
    .port_info 4 /INPUT 8 "in_act";
    .port_info 5 /INPUT 8 "in_weight";
    .port_info 6 /INPUT 32 "in_psum";
    .port_info 7 /OUTPUT 8 "out_act";
    .port_info 8 /OUTPUT 32 "out_psum";
v000002cde7ce0ce0_0 .net "clk", 0 0, v000002cde7d9c770_0;  alias, 1 drivers
v000002cde7cde9e0_0 .net "en_compute", 0 0, L_000002cde7db18a8;  alias, 1 drivers
v000002cde7ce0d80_0 .net "in_act", 7 0, L_000002cde7bb6530;  alias, 1 drivers
v000002cde7cdf660_0 .net "in_psum", 31 0, L_000002cde7bb6610;  alias, 1 drivers
v000002cde7cdfca0_0 .net "in_weight", 7 0, L_000002cde7e0f3b0;  alias, 1 drivers
v000002cde7ce06a0_0 .net "load_weight", 0 0, L_000002cde7e0f770;  alias, 1 drivers
v000002cde7cdee40_0 .var "out_act", 7 0;
v000002cde7cdfd40_0 .var "out_psum", 31 0;
v000002cde7ce0420_0 .var/s "reg_weight", 7 0;
v000002cde7ce0ba0_0 .net "rst_n", 0 0, L_000002cde7a71f90;  alias, 1 drivers
S_000002cde7cf59e0 .scope generate, "COL_LOOP[3]" "COL_LOOP[3]" 9 55, 9 55 0, S_000002cde7cf0590;
 .timescale -9 -12;
P_000002cde7ae3be0 .param/l "c" 0 9 55, +C4<011>;
v000002cde7cdebc0_0 .net "pe_in_act", 7 0, L_000002cde7bb6680;  1 drivers
v000002cde7ce1000_0 .net "pe_in_psum", 31 0, L_000002cde7bb67d0;  1 drivers
v000002cde7ce0c40_0 .net "pe_in_weight", 7 0, L_000002cde7e0f450;  1 drivers
v000002cde7cdff20_0 .net "pe_load_en", 0 0, L_000002cde7e0ee10;  1 drivers
S_000002cde7cf2330 .scope generate, "genblk1" "genblk1" 9 61, 9 61 0, S_000002cde7cf59e0;
 .timescale -9 -12;
L_000002cde7bb6680 .functor BUFZ 8, v000002cde7cdee40_0, C4<00000000>, C4<00000000>, C4<00000000>;
S_000002cde7cf3aa0 .scope generate, "genblk2" "genblk2" 9 72, 9 72 0, S_000002cde7cf59e0;
 .timescale -9 -12;
L_000002cde7bb67d0 .functor BUFZ 32, v000002cde7ce65a0_0, C4<00000000000000000000000000000000>, C4<00000000000000000000000000000000>, C4<00000000000000000000000000000000>;
S_000002cde7cf40e0 .scope module, "pe_inst" "pe" 9 91, 10 12 0, S_000002cde7cf59e0;
 .timescale 0 0;
    .port_info 0 /INPUT 1 "clk";
    .port_info 1 /INPUT 1 "rst_n";
    .port_info 2 /INPUT 1 "en_compute";
    .port_info 3 /INPUT 1 "load_weight";
    .port_info 4 /INPUT 8 "in_act";
    .port_info 5 /INPUT 8 "in_weight";
    .port_info 6 /INPUT 32 "in_psum";
    .port_info 7 /OUTPUT 8 "out_act";
    .port_info 8 /OUTPUT 32 "out_psum";
v000002cde7cdffc0_0 .net "clk", 0 0, v000002cde7d9c770_0;  alias, 1 drivers
v000002cde7cdfac0_0 .net "en_compute", 0 0, L_000002cde7db18a8;  alias, 1 drivers
v000002cde7ce0740_0 .net "in_act", 7 0, L_000002cde7bb6680;  alias, 1 drivers
v000002cde7cdfe80_0 .net "in_psum", 31 0, L_000002cde7bb67d0;  alias, 1 drivers
v000002cde7cdeee0_0 .net "in_weight", 7 0, L_000002cde7e0f450;  alias, 1 drivers
v000002cde7cdf0c0_0 .net "load_weight", 0 0, L_000002cde7e0ee10;  alias, 1 drivers
v000002cde7cdf700_0 .var "out_act", 7 0;
v000002cde7ce0ec0_0 .var "out_psum", 31 0;
v000002cde7ce0600_0 .var/s "reg_weight", 7 0;
v000002cde7cdfb60_0 .net "rst_n", 0 0, L_000002cde7a71f90;  alias, 1 drivers
S_000002cde7cf19d0 .scope generate, "COL_LOOP[4]" "COL_LOOP[4]" 9 55, 9 55 0, S_000002cde7cf0590;
 .timescale -9 -12;
P_000002cde7ae3e60 .param/l "c" 0 9 55, +C4<0100>;
v000002cde7cdef80_0 .net "pe_in_act", 7 0, L_000002cde7bb6840;  1 drivers
v000002cde7cdf200_0 .net "pe_in_psum", 31 0, L_000002cde7bb5b20;  1 drivers
v000002cde7cdeb20_0 .net "pe_in_weight", 7 0, L_000002cde7e0eeb0;  1 drivers
v000002cde7ce09c0_0 .net "pe_load_en", 0 0, L_000002cde7e0f4f0;  1 drivers
S_000002cde7cf2e20 .scope generate, "genblk1" "genblk1" 9 61, 9 61 0, S_000002cde7cf19d0;
 .timescale -9 -12;
L_000002cde7bb6840 .functor BUFZ 8, v000002cde7cdf700_0, C4<00000000>, C4<00000000>, C4<00000000>;
S_000002cde7cf2fb0 .scope generate, "genblk2" "genblk2" 9 72, 9 72 0, S_000002cde7cf19d0;
 .timescale -9 -12;
L_000002cde7bb5b20 .functor BUFZ 32, v000002cde7ce6640_0, C4<00000000000000000000000000000000>, C4<00000000000000000000000000000000>, C4<00000000000000000000000000000000>;
S_000002cde7cf32d0 .scope module, "pe_inst" "pe" 9 91, 10 12 0, S_000002cde7cf19d0;
 .timescale 0 0;
    .port_info 0 /INPUT 1 "clk";
    .port_info 1 /INPUT 1 "rst_n";
    .port_info 2 /INPUT 1 "en_compute";
    .port_info 3 /INPUT 1 "load_weight";
    .port_info 4 /INPUT 8 "in_act";
    .port_info 5 /INPUT 8 "in_weight";
    .port_info 6 /INPUT 32 "in_psum";
    .port_info 7 /OUTPUT 8 "out_act";
    .port_info 8 /OUTPUT 32 "out_psum";
v000002cde7cdf7a0_0 .net "clk", 0 0, v000002cde7d9c770_0;  alias, 1 drivers
v000002cde7ce1140_0 .net "en_compute", 0 0, L_000002cde7db18a8;  alias, 1 drivers
v000002cde7ce10a0_0 .net "in_act", 7 0, L_000002cde7bb6840;  alias, 1 drivers
v000002cde7ce0060_0 .net "in_psum", 31 0, L_000002cde7bb5b20;  alias, 1 drivers
v000002cde7ce0560_0 .net "in_weight", 7 0, L_000002cde7e0eeb0;  alias, 1 drivers
v000002cde7cdf340_0 .net "load_weight", 0 0, L_000002cde7e0f4f0;  alias, 1 drivers
v000002cde7cdf160_0 .var "out_act", 7 0;
v000002cde7cdf5c0_0 .var "out_psum", 31 0;
v000002cde7ce0100_0 .var/s "reg_weight", 7 0;
v000002cde7cdea80_0 .net "rst_n", 0 0, L_000002cde7a71f90;  alias, 1 drivers
S_000002cde7cf3140 .scope generate, "COL_LOOP[5]" "COL_LOOP[5]" 9 55, 9 55 0, S_000002cde7cf0590;
 .timescale -9 -12;
P_000002cde7ae4020 .param/l "c" 0 9 55, +C4<0101>;
v000002cde7cdfa20_0 .net "pe_in_act", 7 0, L_000002cde7bb6c30;  1 drivers
v000002cde7cdfc00_0 .net "pe_in_psum", 31 0, L_000002cde7bb6ca0;  1 drivers
v000002cde7ce0380_0 .net "pe_in_weight", 7 0, L_000002cde7e10b70;  1 drivers
v000002cde7ce07e0_0 .net "pe_load_en", 0 0, L_000002cde7e10490;  1 drivers
S_000002cde7cf3460 .scope generate, "genblk1" "genblk1" 9 61, 9 61 0, S_000002cde7cf3140;
 .timescale -9 -12;
L_000002cde7bb6c30 .functor BUFZ 8, v000002cde7cdf160_0, C4<00000000>, C4<00000000>, C4<00000000>;
S_000002cde7cf5530 .scope generate, "genblk2" "genblk2" 9 72, 9 72 0, S_000002cde7cf3140;
 .timescale -9 -12;
L_000002cde7bb6ca0 .functor BUFZ 32, v000002cde7ce7d60_0, C4<00000000000000000000000000000000>, C4<00000000000000000000000000000000>, C4<00000000000000000000000000000000>;
S_000002cde7cf2650 .scope module, "pe_inst" "pe" 9 91, 10 12 0, S_000002cde7cf3140;
 .timescale 0 0;
    .port_info 0 /INPUT 1 "clk";
    .port_info 1 /INPUT 1 "rst_n";
    .port_info 2 /INPUT 1 "en_compute";
    .port_info 3 /INPUT 1 "load_weight";
    .port_info 4 /INPUT 8 "in_act";
    .port_info 5 /INPUT 8 "in_weight";
    .port_info 6 /INPUT 32 "in_psum";
    .port_info 7 /OUTPUT 8 "out_act";
    .port_info 8 /OUTPUT 32 "out_psum";
v000002cde7cdf020_0 .net "clk", 0 0, v000002cde7d9c770_0;  alias, 1 drivers
v000002cde7cdf2a0_0 .net "en_compute", 0 0, L_000002cde7db18a8;  alias, 1 drivers
v000002cde7cdf3e0_0 .net "in_act", 7 0, L_000002cde7bb6c30;  alias, 1 drivers
v000002cde7cdf840_0 .net "in_psum", 31 0, L_000002cde7bb6ca0;  alias, 1 drivers
v000002cde7cdf480_0 .net "in_weight", 7 0, L_000002cde7e10b70;  alias, 1 drivers
v000002cde7ce01a0_0 .net "load_weight", 0 0, L_000002cde7e10490;  alias, 1 drivers
v000002cde7ce04c0_0 .var "out_act", 7 0;
v000002cde7cdf520_0 .var "out_psum", 31 0;
v000002cde7cdf8e0_0 .var/s "reg_weight", 7 0;
v000002cde7cdf980_0 .net "rst_n", 0 0, L_000002cde7a71f90;  alias, 1 drivers
S_000002cde7cf3780 .scope generate, "COL_LOOP[6]" "COL_LOOP[6]" 9 55, 9 55 0, S_000002cde7cf0590;
 .timescale -9 -12;
P_000002cde7ae34a0 .param/l "c" 0 9 55, +C4<0110>;
v000002cde7d0b810_0 .net "pe_in_act", 7 0, L_000002cde7bb68b0;  1 drivers
v000002cde7d0b1d0_0 .net "pe_in_psum", 31 0, L_000002cde7bb56c0;  1 drivers
v000002cde7d0bbd0_0 .net "pe_in_weight", 7 0, L_000002cde7e0e9b0;  1 drivers
v000002cde7d0b8b0_0 .net "pe_load_en", 0 0, L_000002cde7e0ecd0;  1 drivers
S_000002cde7cf3dc0 .scope generate, "genblk1" "genblk1" 9 61, 9 61 0, S_000002cde7cf3780;
 .timescale -9 -12;
L_000002cde7bb68b0 .functor BUFZ 8, v000002cde7ce04c0_0, C4<00000000>, C4<00000000>, C4<00000000>;
S_000002cde7cf5b70 .scope generate, "genblk2" "genblk2" 9 72, 9 72 0, S_000002cde7cf3780;
 .timescale -9 -12;
L_000002cde7bb56c0 .functor BUFZ 32, v000002cde7ce70e0_0, C4<00000000000000000000000000000000>, C4<00000000000000000000000000000000>, C4<00000000000000000000000000000000>;
S_000002cde7cf3910 .scope module, "pe_inst" "pe" 9 91, 10 12 0, S_000002cde7cf3780;
 .timescale 0 0;
    .port_info 0 /INPUT 1 "clk";
    .port_info 1 /INPUT 1 "rst_n";
    .port_info 2 /INPUT 1 "en_compute";
    .port_info 3 /INPUT 1 "load_weight";
    .port_info 4 /INPUT 8 "in_act";
    .port_info 5 /INPUT 8 "in_weight";
    .port_info 6 /INPUT 32 "in_psum";
    .port_info 7 /OUTPUT 8 "out_act";
    .port_info 8 /OUTPUT 32 "out_psum";
v000002cde7ce0920_0 .net "clk", 0 0, v000002cde7d9c770_0;  alias, 1 drivers
v000002cde7ce0a60_0 .net "en_compute", 0 0, L_000002cde7db18a8;  alias, 1 drivers
v000002cde7d0bc70_0 .net "in_act", 7 0, L_000002cde7bb68b0;  alias, 1 drivers
v000002cde7d0d2f0_0 .net "in_psum", 31 0, L_000002cde7bb56c0;  alias, 1 drivers
v000002cde7d0d4d0_0 .net "in_weight", 7 0, L_000002cde7e0e9b0;  alias, 1 drivers
v000002cde7d0c350_0 .net "load_weight", 0 0, L_000002cde7e0ecd0;  alias, 1 drivers
v000002cde7d0cb70_0 .var "out_act", 7 0;
v000002cde7d0b310_0 .var "out_psum", 31 0;
v000002cde7d0b950_0 .var/s "reg_weight", 7 0;
v000002cde7d0b4f0_0 .net "rst_n", 0 0, L_000002cde7a71f90;  alias, 1 drivers
S_000002cde7cf3c30 .scope generate, "COL_LOOP[7]" "COL_LOOP[7]" 9 55, 9 55 0, S_000002cde7cf0590;
 .timescale -9 -12;
P_000002cde7ae3c60 .param/l "c" 0 9 55, +C4<0111>;
v000002cde7d0d7f0_0 .net "pe_in_act", 7 0, L_000002cde7bb5c70;  1 drivers
v000002cde7d0d110_0 .net "pe_in_psum", 31 0, L_000002cde7bb6990;  1 drivers
v000002cde7d0c170_0 .net "pe_in_weight", 7 0, L_000002cde7e10850;  1 drivers
v000002cde7d0b450_0 .net "pe_load_en", 0 0, L_000002cde7e0f630;  1 drivers
S_000002cde7cf4a40 .scope generate, "genblk1" "genblk1" 9 61, 9 61 0, S_000002cde7cf3c30;
 .timescale -9 -12;
L_000002cde7bb5c70 .functor BUFZ 8, v000002cde7d0cb70_0, C4<00000000>, C4<00000000>, C4<00000000>;
S_000002cde7cf27e0 .scope generate, "genblk2" "genblk2" 9 72, 9 72 0, S_000002cde7cf3c30;
 .timescale -9 -12;
L_000002cde7bb6990 .functor BUFZ 32, v000002cde7ce7860_0, C4<00000000000000000000000000000000>, C4<00000000000000000000000000000000>, C4<00000000000000000000000000000000>;
S_000002cde7cf1e80 .scope module, "pe_inst" "pe" 9 91, 10 12 0, S_000002cde7cf3c30;
 .timescale 0 0;
    .port_info 0 /INPUT 1 "clk";
    .port_info 1 /INPUT 1 "rst_n";
    .port_info 2 /INPUT 1 "en_compute";
    .port_info 3 /INPUT 1 "load_weight";
    .port_info 4 /INPUT 8 "in_act";
    .port_info 5 /INPUT 8 "in_weight";
    .port_info 6 /INPUT 32 "in_psum";
    .port_info 7 /OUTPUT 8 "out_act";
    .port_info 8 /OUTPUT 32 "out_psum";
v000002cde7d0d070_0 .net "clk", 0 0, v000002cde7d9c770_0;  alias, 1 drivers
v000002cde7d0c5d0_0 .net "en_compute", 0 0, L_000002cde7db18a8;  alias, 1 drivers
v000002cde7d0bd10_0 .net "in_act", 7 0, L_000002cde7bb5c70;  alias, 1 drivers
v000002cde7d0b9f0_0 .net "in_psum", 31 0, L_000002cde7bb6990;  alias, 1 drivers
v000002cde7d0c710_0 .net "in_weight", 7 0, L_000002cde7e10850;  alias, 1 drivers
v000002cde7d0ba90_0 .net "load_weight", 0 0, L_000002cde7e0f630;  alias, 1 drivers
v000002cde7d0c850_0 .var "out_act", 7 0;
v000002cde7d0b3b0_0 .var "out_psum", 31 0;
v000002cde7d0cfd0_0 .var/s "reg_weight", 7 0;
v000002cde7d0d1b0_0 .net "rst_n", 0 0, L_000002cde7a71f90;  alias, 1 drivers
S_000002cde7cf3f50 .scope generate, "COL_LOOP[8]" "COL_LOOP[8]" 9 55, 9 55 0, S_000002cde7cf0590;
 .timescale -9 -12;
P_000002cde7ae4de0 .param/l "c" 0 9 55, +C4<01000>;
v000002cde7d0d610_0 .net "pe_in_act", 7 0, L_000002cde7bb6a00;  1 drivers
v000002cde7d0c030_0 .net "pe_in_psum", 31 0, L_000002cde7bb6a70;  1 drivers
v000002cde7d0c7b0_0 .net "pe_in_weight", 7 0, L_000002cde7e10210;  1 drivers
v000002cde7d0b590_0 .net "pe_load_en", 0 0, L_000002cde7e102b0;  1 drivers
S_000002cde7cf4bd0 .scope generate, "genblk1" "genblk1" 9 61, 9 61 0, S_000002cde7cf3f50;
 .timescale -9 -12;
L_000002cde7bb6a00 .functor BUFZ 8, v000002cde7d0c850_0, C4<00000000>, C4<00000000>, C4<00000000>;
S_000002cde7cf4400 .scope generate, "genblk2" "genblk2" 9 72, 9 72 0, S_000002cde7cf3f50;
 .timescale -9 -12;
L_000002cde7bb6a70 .functor BUFZ 32, v000002cde7ce9160_0, C4<00000000000000000000000000000000>, C4<00000000000000000000000000000000>, C4<00000000000000000000000000000000>;
S_000002cde7cf4720 .scope module, "pe_inst" "pe" 9 91, 10 12 0, S_000002cde7cf3f50;
 .timescale 0 0;
    .port_info 0 /INPUT 1 "clk";
    .port_info 1 /INPUT 1 "rst_n";
    .port_info 2 /INPUT 1 "en_compute";
    .port_info 3 /INPUT 1 "load_weight";
    .port_info 4 /INPUT 8 "in_act";
    .port_info 5 /INPUT 8 "in_weight";
    .port_info 6 /INPUT 32 "in_psum";
    .port_info 7 /OUTPUT 8 "out_act";
    .port_info 8 /OUTPUT 32 "out_psum";
v000002cde7d0cdf0_0 .net "clk", 0 0, v000002cde7d9c770_0;  alias, 1 drivers
v000002cde7d0d570_0 .net "en_compute", 0 0, L_000002cde7db18a8;  alias, 1 drivers
v000002cde7d0cd50_0 .net "in_act", 7 0, L_000002cde7bb6a00;  alias, 1 drivers
v000002cde7d0b090_0 .net "in_psum", 31 0, L_000002cde7bb6a70;  alias, 1 drivers
v000002cde7d0d430_0 .net "in_weight", 7 0, L_000002cde7e10210;  alias, 1 drivers
v000002cde7d0bb30_0 .net "load_weight", 0 0, L_000002cde7e102b0;  alias, 1 drivers
v000002cde7d0cc10_0 .var "out_act", 7 0;
v000002cde7d0d390_0 .var "out_psum", 31 0;
v000002cde7d0b630_0 .var/s "reg_weight", 7 0;
v000002cde7d0be50_0 .net "rst_n", 0 0, L_000002cde7a71f90;  alias, 1 drivers
S_000002cde7cf56c0 .scope generate, "COL_LOOP[9]" "COL_LOOP[9]" 9 55, 9 55 0, S_000002cde7cf0590;
 .timescale -9 -12;
P_000002cde7ae47a0 .param/l "c" 0 9 55, +C4<01001>;
v000002cde7d0c210_0 .net "pe_in_act", 7 0, L_000002cde7bb5960;  1 drivers
v000002cde7d0b6d0_0 .net "pe_in_psum", 31 0, L_000002cde7bb5500;  1 drivers
v000002cde7d0b770_0 .net "pe_in_weight", 7 0, L_000002cde7e0f810;  1 drivers
v000002cde7d0c0d0_0 .net "pe_load_en", 0 0, L_000002cde7e0fa90;  1 drivers
S_000002cde7cf1b60 .scope generate, "genblk1" "genblk1" 9 61, 9 61 0, S_000002cde7cf56c0;
 .timescale -9 -12;
L_000002cde7bb5960 .functor BUFZ 8, v000002cde7d0cc10_0, C4<00000000>, C4<00000000>, C4<00000000>;
S_000002cde7cf4270 .scope generate, "genblk2" "genblk2" 9 72, 9 72 0, S_000002cde7cf56c0;
 .timescale -9 -12;
L_000002cde7bb5500 .functor BUFZ 32, v000002cde7cd99e0_0, C4<00000000000000000000000000000000>, C4<00000000000000000000000000000000>, C4<00000000000000000000000000000000>;
S_000002cde7cf4590 .scope module, "pe_inst" "pe" 9 91, 10 12 0, S_000002cde7cf56c0;
 .timescale 0 0;
    .port_info 0 /INPUT 1 "clk";
    .port_info 1 /INPUT 1 "rst_n";
    .port_info 2 /INPUT 1 "en_compute";
    .port_info 3 /INPUT 1 "load_weight";
    .port_info 4 /INPUT 8 "in_act";
    .port_info 5 /INPUT 8 "in_weight";
    .port_info 6 /INPUT 32 "in_psum";
    .port_info 7 /OUTPUT 8 "out_act";
    .port_info 8 /OUTPUT 32 "out_psum";
v000002cde7d0c3f0_0 .net "clk", 0 0, v000002cde7d9c770_0;  alias, 1 drivers
v000002cde7d0b130_0 .net "en_compute", 0 0, L_000002cde7db18a8;  alias, 1 drivers
v000002cde7d0c490_0 .net "in_act", 7 0, L_000002cde7bb5960;  alias, 1 drivers
v000002cde7d0ca30_0 .net "in_psum", 31 0, L_000002cde7bb5500;  alias, 1 drivers
v000002cde7d0b270_0 .net "in_weight", 7 0, L_000002cde7e0f810;  alias, 1 drivers
v000002cde7d0d250_0 .net "load_weight", 0 0, L_000002cde7e0fa90;  alias, 1 drivers
v000002cde7d0bef0_0 .var "out_act", 7 0;
v000002cde7d0c670_0 .var "out_psum", 31 0;
v000002cde7d0d750_0 .var/s "reg_weight", 7 0;
v000002cde7d0bf90_0 .net "rst_n", 0 0, L_000002cde7a71f90;  alias, 1 drivers
S_000002cde7cf5850 .scope generate, "COL_LOOP[10]" "COL_LOOP[10]" 9 55, 9 55 0, S_000002cde7cf0590;
 .timescale -9 -12;
P_000002cde7ae4fe0 .param/l "c" 0 9 55, +C4<01010>;
v000002cde7d0ebf0_0 .net "pe_in_act", 7 0, L_000002cde7bb59d0;  1 drivers
v000002cde7d0d9d0_0 .net "pe_in_psum", 31 0, L_000002cde7bb7170;  1 drivers
v000002cde7d0ed30_0 .net "pe_in_weight", 7 0, L_000002cde7e105d0;  1 drivers
v000002cde7d0ea10_0 .net "pe_load_en", 0 0, L_000002cde7e0fb30;  1 drivers
S_000002cde7cf48b0 .scope generate, "genblk1" "genblk1" 9 61, 9 61 0, S_000002cde7cf5850;
 .timescale -9 -12;
L_000002cde7bb59d0 .functor BUFZ 8, v000002cde7d0bef0_0, C4<00000000>, C4<00000000>, C4<00000000>;
S_000002cde7cf5d00 .scope generate, "genblk2" "genblk2" 9 72, 9 72 0, S_000002cde7cf5850;
 .timescale -9 -12;
L_000002cde7bb7170 .functor BUFZ 32, v000002cde7cda840_0, C4<00000000000000000000000000000000>, C4<00000000000000000000000000000000>, C4<00000000000000000000000000000000>;
S_000002cde7cf4d60 .scope module, "pe_inst" "pe" 9 91, 10 12 0, S_000002cde7cf5850;
 .timescale 0 0;
    .port_info 0 /INPUT 1 "clk";
    .port_info 1 /INPUT 1 "rst_n";
    .port_info 2 /INPUT 1 "en_compute";
    .port_info 3 /INPUT 1 "load_weight";
    .port_info 4 /INPUT 8 "in_act";
    .port_info 5 /INPUT 8 "in_weight";
    .port_info 6 /INPUT 32 "in_psum";
    .port_info 7 /OUTPUT 8 "out_act";
    .port_info 8 /OUTPUT 32 "out_psum";
v000002cde7d0c2b0_0 .net "clk", 0 0, v000002cde7d9c770_0;  alias, 1 drivers
v000002cde7d0c990_0 .net "en_compute", 0 0, L_000002cde7db18a8;  alias, 1 drivers
v000002cde7d0cad0_0 .net "in_act", 7 0, L_000002cde7bb59d0;  alias, 1 drivers
v000002cde7d0ccb0_0 .net "in_psum", 31 0, L_000002cde7bb7170;  alias, 1 drivers
v000002cde7d0ce90_0 .net "in_weight", 7 0, L_000002cde7e105d0;  alias, 1 drivers
v000002cde7d0cf30_0 .net "load_weight", 0 0, L_000002cde7e0fb30;  alias, 1 drivers
v000002cde7d0e510_0 .var "out_act", 7 0;
v000002cde7d0e3d0_0 .var "out_psum", 31 0;
v000002cde7d0e150_0 .var/s "reg_weight", 7 0;
v000002cde7d0e010_0 .net "rst_n", 0 0, L_000002cde7a71f90;  alias, 1 drivers
S_000002cde7cf4ef0 .scope generate, "COL_LOOP[11]" "COL_LOOP[11]" 9 55, 9 55 0, S_000002cde7cf0590;
 .timescale -9 -12;
P_000002cde7ae4ae0 .param/l "c" 0 9 55, +C4<01011>;
v000002cde7d0fcd0_0 .net "pe_in_act", 7 0, L_000002cde7bb7f00;  1 drivers
v000002cde7d0e6f0_0 .net "pe_in_psum", 31 0, L_000002cde7bb88a0;  1 drivers
v000002cde7d0e790_0 .net "pe_in_weight", 7 0, L_000002cde7e0fc70;  1 drivers
v000002cde7d0f050_0 .net "pe_load_en", 0 0, L_000002cde7e10670;  1 drivers
S_000002cde7cf5080 .scope generate, "genblk1" "genblk1" 9 61, 9 61 0, S_000002cde7cf4ef0;
 .timescale -9 -12;
L_000002cde7bb7f00 .functor BUFZ 8, v000002cde7d0e510_0, C4<00000000>, C4<00000000>, C4<00000000>;
S_000002cde7cf53a0 .scope generate, "genblk2" "genblk2" 9 72, 9 72 0, S_000002cde7cf4ef0;
 .timescale -9 -12;
L_000002cde7bb88a0 .functor BUFZ 32, v000002cde7cdc0a0_0, C4<00000000000000000000000000000000>, C4<00000000000000000000000000000000>, C4<00000000000000000000000000000000>;
S_000002cde7cf1cf0 .scope module, "pe_inst" "pe" 9 91, 10 12 0, S_000002cde7cf4ef0;
 .timescale 0 0;
    .port_info 0 /INPUT 1 "clk";
    .port_info 1 /INPUT 1 "rst_n";
    .port_info 2 /INPUT 1 "en_compute";
    .port_info 3 /INPUT 1 "load_weight";
    .port_info 4 /INPUT 8 "in_act";
    .port_info 5 /INPUT 8 "in_weight";
    .port_info 6 /INPUT 32 "in_psum";
    .port_info 7 /OUTPUT 8 "out_act";
    .port_info 8 /OUTPUT 32 "out_psum";
v000002cde7d0fff0_0 .net "clk", 0 0, v000002cde7d9c770_0;  alias, 1 drivers
v000002cde7d0d890_0 .net "en_compute", 0 0, L_000002cde7db18a8;  alias, 1 drivers
v000002cde7d0e470_0 .net "in_act", 7 0, L_000002cde7bb7f00;  alias, 1 drivers
v000002cde7d0e5b0_0 .net "in_psum", 31 0, L_000002cde7bb88a0;  alias, 1 drivers
v000002cde7d0ff50_0 .net "in_weight", 7 0, L_000002cde7e0fc70;  alias, 1 drivers
v000002cde7d0d930_0 .net "load_weight", 0 0, L_000002cde7e10670;  alias, 1 drivers
v000002cde7d0f9b0_0 .var "out_act", 7 0;
v000002cde7d0e970_0 .var "out_psum", 31 0;
v000002cde7d0f230_0 .var/s "reg_weight", 7 0;
v000002cde7d0e650_0 .net "rst_n", 0 0, L_000002cde7a71f90;  alias, 1 drivers
S_000002cde7cf5e90 .scope generate, "COL_LOOP[12]" "COL_LOOP[12]" 9 55, 9 55 0, S_000002cde7cf0590;
 .timescale -9 -12;
P_000002cde7ae50a0 .param/l "c" 0 9 55, +C4<01100>;
v000002cde7d0ee70_0 .net "pe_in_act", 7 0, L_000002cde7bb7b10;  1 drivers
v000002cde7d0fc30_0 .net "pe_in_psum", 31 0, L_000002cde7bb7b80;  1 drivers
v000002cde7d0faf0_0 .net "pe_in_weight", 7 0, L_000002cde7e10710;  1 drivers
v000002cde7d0e0b0_0 .net "pe_load_en", 0 0, L_000002cde7e0fd10;  1 drivers
S_000002cde7cf6020 .scope generate, "genblk1" "genblk1" 9 61, 9 61 0, S_000002cde7cf5e90;
 .timescale -9 -12;
L_000002cde7bb7b10 .functor BUFZ 8, v000002cde7d0f9b0_0, C4<00000000>, C4<00000000>, C4<00000000>;
S_000002cde7cf2010 .scope generate, "genblk2" "genblk2" 9 72, 9 72 0, S_000002cde7cf5e90;
 .timescale -9 -12;
L_000002cde7bb7b80 .functor BUFZ 32, v000002cde7cda8e0_0, C4<00000000000000000000000000000000>, C4<00000000000000000000000000000000>, C4<00000000000000000000000000000000>;
S_000002cde7cf61b0 .scope module, "pe_inst" "pe" 9 91, 10 12 0, S_000002cde7cf5e90;
 .timescale 0 0;
    .port_info 0 /INPUT 1 "clk";
    .port_info 1 /INPUT 1 "rst_n";
    .port_info 2 /INPUT 1 "en_compute";
    .port_info 3 /INPUT 1 "load_weight";
    .port_info 4 /INPUT 8 "in_act";
    .port_info 5 /INPUT 8 "in_weight";
    .port_info 6 /INPUT 32 "in_psum";
    .port_info 7 /OUTPUT 8 "out_act";
    .port_info 8 /OUTPUT 32 "out_psum";
v000002cde7d0dc50_0 .net "clk", 0 0, v000002cde7d9c770_0;  alias, 1 drivers
v000002cde7d0e1f0_0 .net "en_compute", 0 0, L_000002cde7db18a8;  alias, 1 drivers
v000002cde7d0e290_0 .net "in_act", 7 0, L_000002cde7bb7b10;  alias, 1 drivers
v000002cde7d0f870_0 .net "in_psum", 31 0, L_000002cde7bb7b80;  alias, 1 drivers
v000002cde7d0df70_0 .net "in_weight", 7 0, L_000002cde7e10710;  alias, 1 drivers
v000002cde7d0e830_0 .net "load_weight", 0 0, L_000002cde7e0fd10;  alias, 1 drivers
v000002cde7d0e8d0_0 .var "out_act", 7 0;
v000002cde7d0ec90_0 .var "out_psum", 31 0;
v000002cde7d0edd0_0 .var/s "reg_weight", 7 0;
v000002cde7d0fd70_0 .net "rst_n", 0 0, L_000002cde7a71f90;  alias, 1 drivers
S_000002cde7cf21a0 .scope generate, "COL_LOOP[13]" "COL_LOOP[13]" 9 55, 9 55 0, S_000002cde7cf0590;
 .timescale -9 -12;
P_000002cde7ae41e0 .param/l "c" 0 9 55, +C4<01101>;
v000002cde7d0f370_0 .net "pe_in_act", 7 0, L_000002cde7bb6fb0;  1 drivers
v000002cde7d0fb90_0 .net "pe_in_psum", 31 0, L_000002cde7bb8910;  1 drivers
v000002cde7d0f410_0 .net "pe_in_weight", 7 0, L_000002cde7e10a30;  1 drivers
v000002cde7d0fe10_0 .net "pe_load_en", 0 0, L_000002cde7e0ea50;  1 drivers
S_000002cde7cf6340 .scope generate, "genblk1" "genblk1" 9 61, 9 61 0, S_000002cde7cf21a0;
 .timescale -9 -12;
L_000002cde7bb6fb0 .functor BUFZ 8, v000002cde7d0e8d0_0, C4<00000000>, C4<00000000>, C4<00000000>;
S_000002cde7cf72e0 .scope generate, "genblk2" "genblk2" 9 72, 9 72 0, S_000002cde7cf21a0;
 .timescale -9 -12;
L_000002cde7bb8910 .functor BUFZ 32, v000002cde7cd9da0_0, C4<00000000000000000000000000000000>, C4<00000000000000000000000000000000>, C4<00000000000000000000000000000000>;
S_000002cde7cf64d0 .scope module, "pe_inst" "pe" 9 91, 10 12 0, S_000002cde7cf21a0;
 .timescale 0 0;
    .port_info 0 /INPUT 1 "clk";
    .port_info 1 /INPUT 1 "rst_n";
    .port_info 2 /INPUT 1 "en_compute";
    .port_info 3 /INPUT 1 "load_weight";
    .port_info 4 /INPUT 8 "in_act";
    .port_info 5 /INPUT 8 "in_weight";
    .port_info 6 /INPUT 32 "in_psum";
    .port_info 7 /OUTPUT 8 "out_act";
    .port_info 8 /OUTPUT 32 "out_psum";
v000002cde7d0f910_0 .net "clk", 0 0, v000002cde7d9c770_0;  alias, 1 drivers
v000002cde7d0ef10_0 .net "en_compute", 0 0, L_000002cde7db18a8;  alias, 1 drivers
v000002cde7d0efb0_0 .net "in_act", 7 0, L_000002cde7bb6fb0;  alias, 1 drivers
v000002cde7d0feb0_0 .net "in_psum", 31 0, L_000002cde7bb8910;  alias, 1 drivers
v000002cde7d0dcf0_0 .net "in_weight", 7 0, L_000002cde7e10a30;  alias, 1 drivers
v000002cde7d0f5f0_0 .net "load_weight", 0 0, L_000002cde7e0ea50;  alias, 1 drivers
v000002cde7d0f0f0_0 .var "out_act", 7 0;
v000002cde7d0fa50_0 .var "out_psum", 31 0;
v000002cde7d0f190_0 .var/s "reg_weight", 7 0;
v000002cde7d0f2d0_0 .net "rst_n", 0 0, L_000002cde7a71f90;  alias, 1 drivers
S_000002cde7cf6660 .scope generate, "COL_LOOP[14]" "COL_LOOP[14]" 9 55, 9 55 0, S_000002cde7cf0590;
 .timescale -9 -12;
P_000002cde7ae4920 .param/l "c" 0 9 55, +C4<01110>;
v000002cde7d10d10_0 .net "pe_in_act", 7 0, L_000002cde7bb8360;  1 drivers
v000002cde7d10950_0 .net "pe_in_psum", 31 0, L_000002cde7bb80c0;  1 drivers
v000002cde7d12610_0 .net "pe_in_weight", 7 0, L_000002cde7e0fdb0;  1 drivers
v000002cde7d124d0_0 .net "pe_load_en", 0 0, L_000002cde7e10ad0;  1 drivers
S_000002cde7cf67f0 .scope generate, "genblk1" "genblk1" 9 61, 9 61 0, S_000002cde7cf6660;
 .timescale -9 -12;
L_000002cde7bb8360 .functor BUFZ 8, v000002cde7d0f0f0_0, C4<00000000>, C4<00000000>, C4<00000000>;
S_000002cde7cf6980 .scope generate, "genblk2" "genblk2" 9 72, 9 72 0, S_000002cde7cf6660;
 .timescale -9 -12;
L_000002cde7bb80c0 .functor BUFZ 32, v000002cde7cdc5a0_0, C4<00000000000000000000000000000000>, C4<00000000000000000000000000000000>, C4<00000000000000000000000000000000>;
S_000002cde7cf6ca0 .scope module, "pe_inst" "pe" 9 91, 10 12 0, S_000002cde7cf6660;
 .timescale 0 0;
    .port_info 0 /INPUT 1 "clk";
    .port_info 1 /INPUT 1 "rst_n";
    .port_info 2 /INPUT 1 "en_compute";
    .port_info 3 /INPUT 1 "load_weight";
    .port_info 4 /INPUT 8 "in_act";
    .port_info 5 /INPUT 8 "in_weight";
    .port_info 6 /INPUT 32 "in_psum";
    .port_info 7 /OUTPUT 8 "out_act";
    .port_info 8 /OUTPUT 32 "out_psum";
v000002cde7d0f4b0_0 .net "clk", 0 0, v000002cde7d9c770_0;  alias, 1 drivers
v000002cde7d0f550_0 .net "en_compute", 0 0, L_000002cde7db18a8;  alias, 1 drivers
v000002cde7d0f690_0 .net "in_act", 7 0, L_000002cde7bb8360;  alias, 1 drivers
v000002cde7d0f730_0 .net "in_psum", 31 0, L_000002cde7bb80c0;  alias, 1 drivers
v000002cde7d0f7d0_0 .net "in_weight", 7 0, L_000002cde7e0fdb0;  alias, 1 drivers
v000002cde7d0da70_0 .net "load_weight", 0 0, L_000002cde7e10ad0;  alias, 1 drivers
v000002cde7d0db10_0 .var "out_act", 7 0;
v000002cde7d0dbb0_0 .var "out_psum", 31 0;
v000002cde7d0de30_0 .var/s "reg_weight", 7 0;
v000002cde7d0ded0_0 .net "rst_n", 0 0, L_000002cde7a71f90;  alias, 1 drivers
S_000002cde7cf7920 .scope generate, "COL_LOOP[15]" "COL_LOOP[15]" 9 55, 9 55 0, S_000002cde7cf0590;
 .timescale -9 -12;
P_000002cde7ae4c20 .param/l "c" 0 9 55, +C4<01111>;
v000002cde7d110d0_0 .net "pe_in_act", 7 0, L_000002cde7bb73a0;  1 drivers
v000002cde7d10630_0 .net "pe_in_psum", 31 0, L_000002cde7bb76b0;  1 drivers
v000002cde7d12430_0 .net "pe_in_weight", 7 0, L_000002cde7e10c10;  1 drivers
v000002cde7d10b30_0 .net "pe_load_en", 0 0, L_000002cde7e10cb0;  1 drivers
S_000002cde7cf6b10 .scope generate, "genblk1" "genblk1" 9 61, 9 61 0, S_000002cde7cf7920;
 .timescale -9 -12;
L_000002cde7bb73a0 .functor BUFZ 8, v000002cde7d0db10_0, C4<00000000>, C4<00000000>, C4<00000000>;
S_000002cde7cf6e30 .scope generate, "genblk2" "genblk2" 9 72, 9 72 0, S_000002cde7cf7920;
 .timescale -9 -12;
L_000002cde7bb76b0 .functor BUFZ 32, v000002cde7cdc960_0, C4<00000000000000000000000000000000>, C4<00000000000000000000000000000000>, C4<00000000000000000000000000000000>;
S_000002cde7cf6fc0 .scope module, "pe_inst" "pe" 9 91, 10 12 0, S_000002cde7cf7920;
 .timescale 0 0;
    .port_info 0 /INPUT 1 "clk";
    .port_info 1 /INPUT 1 "rst_n";
    .port_info 2 /INPUT 1 "en_compute";
    .port_info 3 /INPUT 1 "load_weight";
    .port_info 4 /INPUT 8 "in_act";
    .port_info 5 /INPUT 8 "in_weight";
    .port_info 6 /INPUT 32 "in_psum";
    .port_info 7 /OUTPUT 8 "out_act";
    .port_info 8 /OUTPUT 32 "out_psum";
v000002cde7d11530_0 .net "clk", 0 0, v000002cde7d9c770_0;  alias, 1 drivers
v000002cde7d127f0_0 .net "en_compute", 0 0, L_000002cde7db18a8;  alias, 1 drivers
v000002cde7d118f0_0 .net "in_act", 7 0, L_000002cde7bb73a0;  alias, 1 drivers
v000002cde7d11670_0 .net "in_psum", 31 0, L_000002cde7bb76b0;  alias, 1 drivers
v000002cde7d106d0_0 .net "in_weight", 7 0, L_000002cde7e10c10;  alias, 1 drivers
v000002cde7d12390_0 .net "load_weight", 0 0, L_000002cde7e10cb0;  alias, 1 drivers
v000002cde7d10c70_0 .var "out_act", 7 0;
v000002cde7d11d50_0 .var "out_psum", 31 0;
v000002cde7d10770_0 .var/s "reg_weight", 7 0;
v000002cde7d11990_0 .net "rst_n", 0 0, L_000002cde7a71f90;  alias, 1 drivers
S_000002cde7cf7150 .scope generate, "ROW_LOOP[7]" "ROW_LOOP[7]" 9 54, 9 54 0, S_000002cde7c86a10;
 .timescale -9 -12;
P_000002cde7ae4f20 .param/l "r" 0 9 54, +C4<0111>;
S_000002cde7cf7470 .scope generate, "COL_LOOP[0]" "COL_LOOP[0]" 9 55, 9 55 0, S_000002cde7cf7150;
 .timescale -9 -12;
P_000002cde7ae5120 .param/l "c" 0 9 55, +C4<00>;
v000002cde7d10270_0 .net "pe_in_act", 7 0, L_000002cde7e10df0;  1 drivers
v000002cde7d11fd0_0 .net "pe_in_psum", 31 0, L_000002cde7bb8980;  1 drivers
v000002cde7d11df0_0 .net "pe_in_weight", 7 0, L_000002cde7e10d50;  1 drivers
v000002cde7d11c10_0 .net "pe_load_en", 0 0, L_000002cde7e0e730;  1 drivers
S_000002cde7cf7600 .scope generate, "genblk1" "genblk1" 9 61, 9 61 0, S_000002cde7cf7470;
 .timescale -9 -12;
S_000002cde7cf7ab0 .scope generate, "genblk2" "genblk2" 9 72, 9 72 0, S_000002cde7cf7470;
 .timescale -9 -12;
L_000002cde7bb8980 .functor BUFZ 32, v000002cde7cdcfa0_0, C4<00000000000000000000000000000000>, C4<00000000000000000000000000000000>, C4<00000000000000000000000000000000>;
S_000002cde7cf7790 .scope module, "pe_inst" "pe" 9 91, 10 12 0, S_000002cde7cf7470;
 .timescale 0 0;
    .port_info 0 /INPUT 1 "clk";
    .port_info 1 /INPUT 1 "rst_n";
    .port_info 2 /INPUT 1 "en_compute";
    .port_info 3 /INPUT 1 "load_weight";
    .port_info 4 /INPUT 8 "in_act";
    .port_info 5 /INPUT 8 "in_weight";
    .port_info 6 /INPUT 32 "in_psum";
    .port_info 7 /OUTPUT 8 "out_act";
    .port_info 8 /OUTPUT 32 "out_psum";
v000002cde7d11850_0 .net "clk", 0 0, v000002cde7d9c770_0;  alias, 1 drivers
v000002cde7d10db0_0 .net "en_compute", 0 0, L_000002cde7db18a8;  alias, 1 drivers
v000002cde7d10090_0 .net "in_act", 7 0, L_000002cde7e10df0;  alias, 1 drivers
v000002cde7d112b0_0 .net "in_psum", 31 0, L_000002cde7bb8980;  alias, 1 drivers
v000002cde7d10f90_0 .net "in_weight", 7 0, L_000002cde7e10d50;  alias, 1 drivers
v000002cde7d11170_0 .net "load_weight", 0 0, L_000002cde7e0e730;  alias, 1 drivers
v000002cde7d109f0_0 .var "out_act", 7 0;
v000002cde7d10bd0_0 .var "out_psum", 31 0;
v000002cde7d10810_0 .var/s "reg_weight", 7 0;
v000002cde7d11350_0 .net "rst_n", 0 0, L_000002cde7a71f90;  alias, 1 drivers
S_000002cde7cf7c40 .scope generate, "COL_LOOP[1]" "COL_LOOP[1]" 9 55, 9 55 0, S_000002cde7cf7150;
 .timescale -9 -12;
P_000002cde7ae45e0 .param/l "c" 0 9 55, +C4<01>;
v000002cde7d11210_0 .net "pe_in_act", 7 0, L_000002cde7bb7bf0;  1 drivers
v000002cde7d11490_0 .net "pe_in_psum", 31 0, L_000002cde7bb7cd0;  1 drivers
v000002cde7d10ef0_0 .net "pe_in_weight", 7 0, L_000002cde7e0e7d0;  1 drivers
v000002cde7d115d0_0 .net "pe_load_en", 0 0, L_000002cde7e11c50;  1 drivers
S_000002cde7cf8d70 .scope generate, "genblk1" "genblk1" 9 61, 9 61 0, S_000002cde7cf7c40;
 .timescale -9 -12;
L_000002cde7bb7bf0 .functor BUFZ 8, v000002cde7d109f0_0, C4<00000000>, C4<00000000>, C4<00000000>;
S_000002cde7cf7dd0 .scope generate, "genblk2" "genblk2" 9 72, 9 72 0, S_000002cde7cf7c40;
 .timescale -9 -12;
L_000002cde7bb7cd0 .functor BUFZ 32, v000002cde7cdd220_0, C4<00000000000000000000000000000000>, C4<00000000000000000000000000000000>, C4<00000000000000000000000000000000>;
S_000002cde7cf96d0 .scope module, "pe_inst" "pe" 9 91, 10 12 0, S_000002cde7cf7c40;
 .timescale 0 0;
    .port_info 0 /INPUT 1 "clk";
    .port_info 1 /INPUT 1 "rst_n";
    .port_info 2 /INPUT 1 "en_compute";
    .port_info 3 /INPUT 1 "load_weight";
    .port_info 4 /INPUT 8 "in_act";
    .port_info 5 /INPUT 8 "in_weight";
    .port_info 6 /INPUT 32 "in_psum";
    .port_info 7 /OUTPUT 8 "out_act";
    .port_info 8 /OUTPUT 32 "out_psum";
v000002cde7d12570_0 .net "clk", 0 0, v000002cde7d9c770_0;  alias, 1 drivers
v000002cde7d101d0_0 .net "en_compute", 0 0, L_000002cde7db18a8;  alias, 1 drivers
v000002cde7d122f0_0 .net "in_act", 7 0, L_000002cde7bb7bf0;  alias, 1 drivers
v000002cde7d113f0_0 .net "in_psum", 31 0, L_000002cde7bb7cd0;  alias, 1 drivers
v000002cde7d10a90_0 .net "in_weight", 7 0, L_000002cde7e0e7d0;  alias, 1 drivers
v000002cde7d104f0_0 .net "load_weight", 0 0, L_000002cde7e11c50;  alias, 1 drivers
v000002cde7d12070_0 .var "out_act", 7 0;
v000002cde7d108b0_0 .var "out_psum", 31 0;
v000002cde7d11e90_0 .var/s "reg_weight", 7 0;
v000002cde7d11a30_0 .net "rst_n", 0 0, L_000002cde7a71f90;  alias, 1 drivers
S_000002cde7cf8f00 .scope generate, "COL_LOOP[2]" "COL_LOOP[2]" 9 55, 9 55 0, S_000002cde7cf7150;
 .timescale -9 -12;
P_000002cde7ae4220 .param/l "c" 0 9 55, +C4<010>;
v000002cde7d10310_0 .net "pe_in_act", 7 0, L_000002cde7bb89f0;  1 drivers
v000002cde7d103b0_0 .net "pe_in_psum", 31 0, L_000002cde7bb9080;  1 drivers
v000002cde7d10450_0 .net "pe_in_weight", 7 0, L_000002cde7e12470;  1 drivers
v000002cde7d10590_0 .net "pe_load_en", 0 0, L_000002cde7e11070;  1 drivers
S_000002cde7cf93b0 .scope generate, "genblk1" "genblk1" 9 61, 9 61 0, S_000002cde7cf8f00;
 .timescale -9 -12;
L_000002cde7bb89f0 .functor BUFZ 8, v000002cde7d12070_0, C4<00000000>, C4<00000000>, C4<00000000>;
S_000002cde7cf9090 .scope generate, "genblk2" "genblk2" 9 72, 9 72 0, S_000002cde7cf8f00;
 .timescale -9 -12;
L_000002cde7bb9080 .functor BUFZ 32, v000002cde7cdfd40_0, C4<00000000000000000000000000000000>, C4<00000000000000000000000000000000>, C4<00000000000000000000000000000000>;
S_000002cde7cf8a50 .scope module, "pe_inst" "pe" 9 91, 10 12 0, S_000002cde7cf8f00;
 .timescale 0 0;
    .port_info 0 /INPUT 1 "clk";
    .port_info 1 /INPUT 1 "rst_n";
    .port_info 2 /INPUT 1 "en_compute";
    .port_info 3 /INPUT 1 "load_weight";
    .port_info 4 /INPUT 8 "in_act";
    .port_info 5 /INPUT 8 "in_weight";
    .port_info 6 /INPUT 32 "in_psum";
    .port_info 7 /OUTPUT 8 "out_act";
    .port_info 8 /OUTPUT 32 "out_psum";
v000002cde7d117b0_0 .net "clk", 0 0, v000002cde7d9c770_0;  alias, 1 drivers
v000002cde7d126b0_0 .net "en_compute", 0 0, L_000002cde7db18a8;  alias, 1 drivers
v000002cde7d12750_0 .net "in_act", 7 0, L_000002cde7bb89f0;  alias, 1 drivers
v000002cde7d121b0_0 .net "in_psum", 31 0, L_000002cde7bb9080;  alias, 1 drivers
v000002cde7d11ad0_0 .net "in_weight", 7 0, L_000002cde7e12470;  alias, 1 drivers
v000002cde7d11b70_0 .net "load_weight", 0 0, L_000002cde7e11070;  alias, 1 drivers
v000002cde7d11cb0_0 .var "out_act", 7 0;
v000002cde7d10130_0 .var "out_psum", 31 0;
v000002cde7d11f30_0 .var/s "reg_weight", 7 0;
v000002cde7d12250_0 .net "rst_n", 0 0, L_000002cde7a71f90;  alias, 1 drivers
S_000002cde7cf7f60 .scope generate, "COL_LOOP[3]" "COL_LOOP[3]" 9 55, 9 55 0, S_000002cde7cf7150;
 .timescale -9 -12;
P_000002cde7ae43e0 .param/l "c" 0 9 55, +C4<011>;
v000002cde7d13150_0 .net "pe_in_act", 7 0, L_000002cde7bb8c20;  1 drivers
v000002cde7d140f0_0 .net "pe_in_psum", 31 0, L_000002cde7bb8ad0;  1 drivers
v000002cde7d131f0_0 .net "pe_in_weight", 7 0, L_000002cde7e119d0;  1 drivers
v000002cde7d12b10_0 .net "pe_load_en", 0 0, L_000002cde7e132d0;  1 drivers
S_000002cde7cf80f0 .scope generate, "genblk1" "genblk1" 9 61, 9 61 0, S_000002cde7cf7f60;
 .timescale -9 -12;
L_000002cde7bb8c20 .functor BUFZ 8, v000002cde7d11cb0_0, C4<00000000>, C4<00000000>, C4<00000000>;
S_000002cde7cf8410 .scope generate, "genblk2" "genblk2" 9 72, 9 72 0, S_000002cde7cf7f60;
 .timescale -9 -12;
L_000002cde7bb8ad0 .functor BUFZ 32, v000002cde7ce0ec0_0, C4<00000000000000000000000000000000>, C4<00000000000000000000000000000000>, C4<00000000000000000000000000000000>;
S_000002cde7cf8be0 .scope module, "pe_inst" "pe" 9 91, 10 12 0, S_000002cde7cf7f60;
 .timescale 0 0;
    .port_info 0 /INPUT 1 "clk";
    .port_info 1 /INPUT 1 "rst_n";
    .port_info 2 /INPUT 1 "en_compute";
    .port_info 3 /INPUT 1 "load_weight";
    .port_info 4 /INPUT 8 "in_act";
    .port_info 5 /INPUT 8 "in_weight";
    .port_info 6 /INPUT 32 "in_psum";
    .port_info 7 /OUTPUT 8 "out_act";
    .port_info 8 /OUTPUT 32 "out_psum";
v000002cde7d129d0_0 .net "clk", 0 0, v000002cde7d9c770_0;  alias, 1 drivers
v000002cde7d13f10_0 .net "en_compute", 0 0, L_000002cde7db18a8;  alias, 1 drivers
v000002cde7d133d0_0 .net "in_act", 7 0, L_000002cde7bb8c20;  alias, 1 drivers
v000002cde7d130b0_0 .net "in_psum", 31 0, L_000002cde7bb8ad0;  alias, 1 drivers
v000002cde7d13010_0 .net "in_weight", 7 0, L_000002cde7e119d0;  alias, 1 drivers
v000002cde7d13a10_0 .net "load_weight", 0 0, L_000002cde7e132d0;  alias, 1 drivers
v000002cde7d14550_0 .var "out_act", 7 0;
v000002cde7d12e30_0 .var "out_psum", 31 0;
v000002cde7d12a70_0 .var/s "reg_weight", 7 0;
v000002cde7d13d30_0 .net "rst_n", 0 0, L_000002cde7a71f90;  alias, 1 drivers
S_000002cde7cf9220 .scope generate, "COL_LOOP[4]" "COL_LOOP[4]" 9 55, 9 55 0, S_000002cde7cf7150;
 .timescale -9 -12;
P_000002cde7ae42e0 .param/l "c" 0 9 55, +C4<0100>;
v000002cde7d13790_0 .net "pe_in_act", 7 0, L_000002cde760e4d0;  1 drivers
v000002cde7d14d70_0 .net "pe_in_psum", 31 0, L_000002cde760e690;  1 drivers
v000002cde7d14410_0 .net "pe_in_weight", 7 0, L_000002cde7e114d0;  1 drivers
v000002cde7d13470_0 .net "pe_load_en", 0 0, L_000002cde7e112f0;  1 drivers
S_000002cde7cf8280 .scope generate, "genblk1" "genblk1" 9 61, 9 61 0, S_000002cde7cf9220;
 .timescale -9 -12;
L_000002cde760e4d0 .functor BUFZ 8, v000002cde7d14550_0, C4<00000000>, C4<00000000>, C4<00000000>;
S_000002cde7cf85a0 .scope generate, "genblk2" "genblk2" 9 72, 9 72 0, S_000002cde7cf9220;
 .timescale -9 -12;
L_000002cde760e690 .functor BUFZ 32, v000002cde7cdf5c0_0, C4<00000000000000000000000000000000>, C4<00000000000000000000000000000000>, C4<00000000000000000000000000000000>;
S_000002cde7cf8730 .scope module, "pe_inst" "pe" 9 91, 10 12 0, S_000002cde7cf9220;
 .timescale 0 0;
    .port_info 0 /INPUT 1 "clk";
    .port_info 1 /INPUT 1 "rst_n";
    .port_info 2 /INPUT 1 "en_compute";
    .port_info 3 /INPUT 1 "load_weight";
    .port_info 4 /INPUT 8 "in_act";
    .port_info 5 /INPUT 8 "in_weight";
    .port_info 6 /INPUT 32 "in_psum";
    .port_info 7 /OUTPUT 8 "out_act";
    .port_info 8 /OUTPUT 32 "out_psum";
v000002cde7d149b0_0 .net "clk", 0 0, v000002cde7d9c770_0;  alias, 1 drivers
v000002cde7d13290_0 .net "en_compute", 0 0, L_000002cde7db18a8;  alias, 1 drivers
v000002cde7d12ed0_0 .net "in_act", 7 0, L_000002cde760e4d0;  alias, 1 drivers
v000002cde7d14b90_0 .net "in_psum", 31 0, L_000002cde760e690;  alias, 1 drivers
v000002cde7d14190_0 .net "in_weight", 7 0, L_000002cde7e114d0;  alias, 1 drivers
v000002cde7d13fb0_0 .net "load_weight", 0 0, L_000002cde7e112f0;  alias, 1 drivers
v000002cde7d14690_0 .var "out_act", 7 0;
v000002cde7d14910_0 .var "out_psum", 31 0;
v000002cde7d14a50_0 .var/s "reg_weight", 7 0;
v000002cde7d13330_0 .net "rst_n", 0 0, L_000002cde7a71f90;  alias, 1 drivers
S_000002cde7cf9540 .scope generate, "COL_LOOP[5]" "COL_LOOP[5]" 9 55, 9 55 0, S_000002cde7cf7150;
 .timescale -9 -12;
P_000002cde7ae49e0 .param/l "c" 0 9 55, +C4<0101>;
v000002cde7d135b0_0 .net "pe_in_act", 7 0, L_000002cde760ea10;  1 drivers
v000002cde7d14c30_0 .net "pe_in_psum", 31 0, L_000002cde760e7e0;  1 drivers
v000002cde7d13dd0_0 .net "pe_in_weight", 7 0, L_000002cde7e11890;  1 drivers
v000002cde7d14cd0_0 .net "pe_load_en", 0 0, L_000002cde7e12c90;  1 drivers
S_000002cde7cf88c0 .scope generate, "genblk1" "genblk1" 9 61, 9 61 0, S_000002cde7cf9540;
 .timescale -9 -12;
L_000002cde760ea10 .functor BUFZ 8, v000002cde7d14690_0, C4<00000000>, C4<00000000>, C4<00000000>;
S_000002cde7d205b0 .scope generate, "genblk2" "genblk2" 9 72, 9 72 0, S_000002cde7cf9540;
 .timescale -9 -12;
L_000002cde760e7e0 .functor BUFZ 32, v000002cde7cdf520_0, C4<00000000000000000000000000000000>, C4<00000000000000000000000000000000>, C4<00000000000000000000000000000000>;
S_000002cde7d1dd10 .scope module, "pe_inst" "pe" 9 91, 10 12 0, S_000002cde7cf9540;
 .timescale 0 0;
    .port_info 0 /INPUT 1 "clk";
    .port_info 1 /INPUT 1 "rst_n";
    .port_info 2 /INPUT 1 "en_compute";
    .port_info 3 /INPUT 1 "load_weight";
    .port_info 4 /INPUT 8 "in_act";
    .port_info 5 /INPUT 8 "in_weight";
    .port_info 6 /INPUT 32 "in_psum";
    .port_info 7 /OUTPUT 8 "out_act";
    .port_info 8 /OUTPUT 32 "out_psum";
v000002cde7d12bb0_0 .net "clk", 0 0, v000002cde7d9c770_0;  alias, 1 drivers
v000002cde7d12c50_0 .net "en_compute", 0 0, L_000002cde7db18a8;  alias, 1 drivers
v000002cde7d147d0_0 .net "in_act", 7 0, L_000002cde760ea10;  alias, 1 drivers
v000002cde7d14eb0_0 .net "in_psum", 31 0, L_000002cde760e7e0;  alias, 1 drivers
v000002cde7d12cf0_0 .net "in_weight", 7 0, L_000002cde7e11890;  alias, 1 drivers
v000002cde7d145f0_0 .net "load_weight", 0 0, L_000002cde7e12c90;  alias, 1 drivers
v000002cde7d13510_0 .var "out_act", 7 0;
v000002cde7d14af0_0 .var "out_psum", 31 0;
v000002cde7d136f0_0 .var/s "reg_weight", 7 0;
v000002cde7d13ab0_0 .net "rst_n", 0 0, L_000002cde7a71f90;  alias, 1 drivers
S_000002cde7d210a0 .scope generate, "COL_LOOP[6]" "COL_LOOP[6]" 9 55, 9 55 0, S_000002cde7cf7150;
 .timescale -9 -12;
P_000002cde7ae4b20 .param/l "c" 0 9 55, +C4<0110>;
v000002cde7d13c90_0 .net "pe_in_act", 7 0, L_000002cde760e770;  1 drivers
v000002cde7d13e70_0 .net "pe_in_psum", 31 0, L_000002cde760ea80;  1 drivers
v000002cde7d14f50_0 .net "pe_in_weight", 7 0, L_000002cde7e12150;  1 drivers
v000002cde7d14ff0_0 .net "pe_load_en", 0 0, L_000002cde7e12510;  1 drivers
S_000002cde7d1f7a0 .scope generate, "genblk1" "genblk1" 9 61, 9 61 0, S_000002cde7d210a0;
 .timescale -9 -12;
L_000002cde760e770 .functor BUFZ 8, v000002cde7d13510_0, C4<00000000>, C4<00000000>, C4<00000000>;
S_000002cde7d1f610 .scope generate, "genblk2" "genblk2" 9 72, 9 72 0, S_000002cde7d210a0;
 .timescale -9 -12;
L_000002cde760ea80 .functor BUFZ 32, v000002cde7d0b310_0, C4<00000000000000000000000000000000>, C4<00000000000000000000000000000000>, C4<00000000000000000000000000000000>;
S_000002cde7d1d220 .scope module, "pe_inst" "pe" 9 91, 10 12 0, S_000002cde7d210a0;
 .timescale 0 0;
    .port_info 0 /INPUT 1 "clk";
    .port_info 1 /INPUT 1 "rst_n";
    .port_info 2 /INPUT 1 "en_compute";
    .port_info 3 /INPUT 1 "load_weight";
    .port_info 4 /INPUT 8 "in_act";
    .port_info 5 /INPUT 8 "in_weight";
    .port_info 6 /INPUT 32 "in_psum";
    .port_info 7 /OUTPUT 8 "out_act";
    .port_info 8 /OUTPUT 32 "out_psum";
v000002cde7d144b0_0 .net "clk", 0 0, v000002cde7d9c770_0;  alias, 1 drivers
v000002cde7d13650_0 .net "en_compute", 0 0, L_000002cde7db18a8;  alias, 1 drivers
v000002cde7d13830_0 .net "in_act", 7 0, L_000002cde760e770;  alias, 1 drivers
v000002cde7d14050_0 .net "in_psum", 31 0, L_000002cde760ea80;  alias, 1 drivers
v000002cde7d14230_0 .net "in_weight", 7 0, L_000002cde7e12150;  alias, 1 drivers
v000002cde7d14730_0 .net "load_weight", 0 0, L_000002cde7e12510;  alias, 1 drivers
v000002cde7d138d0_0 .var "out_act", 7 0;
v000002cde7d13bf0_0 .var "out_psum", 31 0;
v000002cde7d14e10_0 .var/s "reg_weight", 7 0;
v000002cde7d13970_0 .net "rst_n", 0 0, L_000002cde7a71f90;  alias, 1 drivers
S_000002cde7d1dea0 .scope generate, "COL_LOOP[7]" "COL_LOOP[7]" 9 55, 9 55 0, S_000002cde7cf7150;
 .timescale -9 -12;
P_000002cde7ae4e20 .param/l "c" 0 9 55, +C4<0111>;
v000002cde7d160d0_0 .net "pe_in_act", 7 0, L_000002cde760eaf0;  1 drivers
v000002cde7d15630_0 .net "pe_in_psum", 31 0, L_000002cde760eb60;  1 drivers
v000002cde7d17430_0 .net "pe_in_weight", 7 0, L_000002cde7e12bf0;  1 drivers
v000002cde7d15b30_0 .net "pe_load_en", 0 0, L_000002cde7e11e30;  1 drivers
S_000002cde7d1ee40 .scope generate, "genblk1" "genblk1" 9 61, 9 61 0, S_000002cde7d1dea0;
 .timescale -9 -12;
L_000002cde760eaf0 .functor BUFZ 8, v000002cde7d138d0_0, C4<00000000>, C4<00000000>, C4<00000000>;
S_000002cde7d1d090 .scope generate, "genblk2" "genblk2" 9 72, 9 72 0, S_000002cde7d1dea0;
 .timescale -9 -12;
L_000002cde760eb60 .functor BUFZ 32, v000002cde7d0b3b0_0, C4<00000000000000000000000000000000>, C4<00000000000000000000000000000000>, C4<00000000000000000000000000000000>;
S_000002cde7d20740 .scope module, "pe_inst" "pe" 9 91, 10 12 0, S_000002cde7d1dea0;
 .timescale 0 0;
    .port_info 0 /INPUT 1 "clk";
    .port_info 1 /INPUT 1 "rst_n";
    .port_info 2 /INPUT 1 "en_compute";
    .port_info 3 /INPUT 1 "load_weight";
    .port_info 4 /INPUT 8 "in_act";
    .port_info 5 /INPUT 8 "in_weight";
    .port_info 6 /INPUT 32 "in_psum";
    .port_info 7 /OUTPUT 8 "out_act";
    .port_info 8 /OUTPUT 32 "out_psum";
v000002cde7d142d0_0 .net "clk", 0 0, v000002cde7d9c770_0;  alias, 1 drivers
v000002cde7d12f70_0 .net "en_compute", 0 0, L_000002cde7db18a8;  alias, 1 drivers
v000002cde7d14370_0 .net "in_act", 7 0, L_000002cde760eaf0;  alias, 1 drivers
v000002cde7d16670_0 .net "in_psum", 31 0, L_000002cde760eb60;  alias, 1 drivers
v000002cde7d156d0_0 .net "in_weight", 7 0, L_000002cde7e12bf0;  alias, 1 drivers
v000002cde7d17390_0 .net "load_weight", 0 0, L_000002cde7e11e30;  alias, 1 drivers
v000002cde7d15c70_0 .var "out_act", 7 0;
v000002cde7d16d50_0 .var "out_psum", 31 0;
v000002cde7d15770_0 .var/s "reg_weight", 7 0;
v000002cde7d16990_0 .net "rst_n", 0 0, L_000002cde7a71f90;  alias, 1 drivers
S_000002cde7d20100 .scope generate, "COL_LOOP[8]" "COL_LOOP[8]" 9 55, 9 55 0, S_000002cde7cf7150;
 .timescale -9 -12;
P_000002cde7ae4b60 .param/l "c" 0 9 55, +C4<01000>;
v000002cde7d16df0_0 .net "pe_in_act", 7 0, L_000002cde760ebd0;  1 drivers
v000002cde7d16c10_0 .net "pe_in_psum", 31 0, L_000002cde760efc0;  1 drivers
v000002cde7d15db0_0 .net "pe_in_weight", 7 0, L_000002cde7e12970;  1 drivers
v000002cde7d16170_0 .net "pe_load_en", 0 0, L_000002cde7e11110;  1 drivers
S_000002cde7d1d860 .scope generate, "genblk1" "genblk1" 9 61, 9 61 0, S_000002cde7d20100;
 .timescale -9 -12;
L_000002cde760ebd0 .functor BUFZ 8, v000002cde7d15c70_0, C4<00000000>, C4<00000000>, C4<00000000>;
S_000002cde7d20f10 .scope generate, "genblk2" "genblk2" 9 72, 9 72 0, S_000002cde7d20100;
 .timescale -9 -12;
L_000002cde760efc0 .functor BUFZ 32, v000002cde7d0d390_0, C4<00000000000000000000000000000000>, C4<00000000000000000000000000000000>, C4<00000000000000000000000000000000>;
S_000002cde7d1e030 .scope module, "pe_inst" "pe" 9 91, 10 12 0, S_000002cde7d20100;
 .timescale 0 0;
    .port_info 0 /INPUT 1 "clk";
    .port_info 1 /INPUT 1 "rst_n";
    .port_info 2 /INPUT 1 "en_compute";
    .port_info 3 /INPUT 1 "load_weight";
    .port_info 4 /INPUT 8 "in_act";
    .port_info 5 /INPUT 8 "in_weight";
    .port_info 6 /INPUT 32 "in_psum";
    .port_info 7 /OUTPUT 8 "out_act";
    .port_info 8 /OUTPUT 32 "out_psum";
v000002cde7d163f0_0 .net "clk", 0 0, v000002cde7d9c770_0;  alias, 1 drivers
v000002cde7d177f0_0 .net "en_compute", 0 0, L_000002cde7db18a8;  alias, 1 drivers
v000002cde7d15090_0 .net "in_act", 7 0, L_000002cde760ebd0;  alias, 1 drivers
v000002cde7d17070_0 .net "in_psum", 31 0, L_000002cde760efc0;  alias, 1 drivers
v000002cde7d17110_0 .net "in_weight", 7 0, L_000002cde7e12970;  alias, 1 drivers
v000002cde7d168f0_0 .net "load_weight", 0 0, L_000002cde7e11110;  alias, 1 drivers
v000002cde7d15130_0 .var "out_act", 7 0;
v000002cde7d16710_0 .var "out_psum", 31 0;
v000002cde7d15810_0 .var/s "reg_weight", 7 0;
v000002cde7d174d0_0 .net "rst_n", 0 0, L_000002cde7a71f90;  alias, 1 drivers
S_000002cde7d1fac0 .scope generate, "COL_LOOP[9]" "COL_LOOP[9]" 9 55, 9 55 0, S_000002cde7cf7150;
 .timescale -9 -12;
P_000002cde7ae4460 .param/l "c" 0 9 55, +C4<01001>;
v000002cde7d17570_0 .net "pe_in_act", 7 0, L_000002cde760d820;  1 drivers
v000002cde7d15d10_0 .net "pe_in_psum", 31 0, L_000002cde760f420;  1 drivers
v000002cde7d17610_0 .net "pe_in_weight", 7 0, L_000002cde7e13050;  1 drivers
v000002cde7d171b0_0 .net "pe_load_en", 0 0, L_000002cde7e12f10;  1 drivers
S_000002cde7d1d6d0 .scope generate, "genblk1" "genblk1" 9 61, 9 61 0, S_000002cde7d1fac0;
 .timescale -9 -12;
L_000002cde760d820 .functor BUFZ 8, v000002cde7d15130_0, C4<00000000>, C4<00000000>, C4<00000000>;
S_000002cde7d1e4e0 .scope generate, "genblk2" "genblk2" 9 72, 9 72 0, S_000002cde7d1fac0;
 .timescale -9 -12;
L_000002cde760f420 .functor BUFZ 32, v000002cde7d0c670_0, C4<00000000000000000000000000000000>, C4<00000000000000000000000000000000>, C4<00000000000000000000000000000000>;
S_000002cde7d1d540 .scope module, "pe_inst" "pe" 9 91, 10 12 0, S_000002cde7d1fac0;
 .timescale 0 0;
    .port_info 0 /INPUT 1 "clk";
    .port_info 1 /INPUT 1 "rst_n";
    .port_info 2 /INPUT 1 "en_compute";
    .port_info 3 /INPUT 1 "load_weight";
    .port_info 4 /INPUT 8 "in_act";
    .port_info 5 /INPUT 8 "in_weight";
    .port_info 6 /INPUT 32 "in_psum";
    .port_info 7 /OUTPUT 8 "out_act";
    .port_info 8 /OUTPUT 32 "out_psum";
v000002cde7d158b0_0 .net "clk", 0 0, v000002cde7d9c770_0;  alias, 1 drivers
v000002cde7d15450_0 .net "en_compute", 0 0, L_000002cde7db18a8;  alias, 1 drivers
v000002cde7d15950_0 .net "in_act", 7 0, L_000002cde760d820;  alias, 1 drivers
v000002cde7d154f0_0 .net "in_psum", 31 0, L_000002cde760f420;  alias, 1 drivers
v000002cde7d15bd0_0 .net "in_weight", 7 0, L_000002cde7e13050;  alias, 1 drivers
v000002cde7d172f0_0 .net "load_weight", 0 0, L_000002cde7e12f10;  alias, 1 drivers
v000002cde7d15ef0_0 .var "out_act", 7 0;
v000002cde7d16850_0 .var "out_psum", 31 0;
v000002cde7d167b0_0 .var/s "reg_weight", 7 0;
v000002cde7d15590_0 .net "rst_n", 0 0, L_000002cde7a71f90;  alias, 1 drivers
S_000002cde7d21230 .scope generate, "COL_LOOP[10]" "COL_LOOP[10]" 9 55, 9 55 0, S_000002cde7cf7150;
 .timescale -9 -12;
P_000002cde7ae44e0 .param/l "c" 0 9 55, +C4<01010>;
v000002cde7d153b0_0 .net "pe_in_act", 7 0, L_000002cde760f3b0;  1 drivers
v000002cde7d16030_0 .net "pe_in_psum", 31 0, L_000002cde760f490;  1 drivers
v000002cde7d162b0_0 .net "pe_in_weight", 7 0, L_000002cde7e13230;  1 drivers
v000002cde7d16a30_0 .net "pe_load_en", 0 0, L_000002cde7e120b0;  1 drivers
S_000002cde7d1f160 .scope generate, "genblk1" "genblk1" 9 61, 9 61 0, S_000002cde7d21230;
 .timescale -9 -12;
L_000002cde760f3b0 .functor BUFZ 8, v000002cde7d15ef0_0, C4<00000000>, C4<00000000>, C4<00000000>;
S_000002cde7d208d0 .scope generate, "genblk2" "genblk2" 9 72, 9 72 0, S_000002cde7d21230;
 .timescale -9 -12;
L_000002cde760f490 .functor BUFZ 32, v000002cde7d0e3d0_0, C4<00000000000000000000000000000000>, C4<00000000000000000000000000000000>, C4<00000000000000000000000000000000>;
S_000002cde7d20290 .scope module, "pe_inst" "pe" 9 91, 10 12 0, S_000002cde7d21230;
 .timescale 0 0;
    .port_info 0 /INPUT 1 "clk";
    .port_info 1 /INPUT 1 "rst_n";
    .port_info 2 /INPUT 1 "en_compute";
    .port_info 3 /INPUT 1 "load_weight";
    .port_info 4 /INPUT 8 "in_act";
    .port_info 5 /INPUT 8 "in_weight";
    .port_info 6 /INPUT 32 "in_psum";
    .port_info 7 /OUTPUT 8 "out_act";
    .port_info 8 /OUTPUT 32 "out_psum";
v000002cde7d17250_0 .net "clk", 0 0, v000002cde7d9c770_0;  alias, 1 drivers
v000002cde7d176b0_0 .net "en_compute", 0 0, L_000002cde7db18a8;  alias, 1 drivers
v000002cde7d15e50_0 .net "in_act", 7 0, L_000002cde760f3b0;  alias, 1 drivers
v000002cde7d17750_0 .net "in_psum", 31 0, L_000002cde760f490;  alias, 1 drivers
v000002cde7d15f90_0 .net "in_weight", 7 0, L_000002cde7e13230;  alias, 1 drivers
v000002cde7d16210_0 .net "load_weight", 0 0, L_000002cde7e120b0;  alias, 1 drivers
v000002cde7d15a90_0 .var "out_act", 7 0;
v000002cde7d151d0_0 .var "out_psum", 31 0;
v000002cde7d15270_0 .var/s "reg_weight", 7 0;
v000002cde7d15310_0 .net "rst_n", 0 0, L_000002cde7a71f90;  alias, 1 drivers
S_000002cde7d1fc50 .scope generate, "COL_LOOP[11]" "COL_LOOP[11]" 9 55, 9 55 0, S_000002cde7cf7150;
 .timescale -9 -12;
P_000002cde7ae4ba0 .param/l "c" 0 9 55, +C4<01011>;
v000002cde7d19af0_0 .net "pe_in_act", 7 0, L_000002cde760f500;  1 drivers
v000002cde7d18470_0 .net "pe_in_psum", 31 0, L_000002cde760f570;  1 drivers
v000002cde7d19c30_0 .net "pe_in_weight", 7 0, L_000002cde7e13410;  1 drivers
v000002cde7d199b0_0 .net "pe_load_en", 0 0, L_000002cde7e13190;  1 drivers
S_000002cde7d1e800 .scope generate, "genblk1" "genblk1" 9 61, 9 61 0, S_000002cde7d1fc50;
 .timescale -9 -12;
L_000002cde760f500 .functor BUFZ 8, v000002cde7d15a90_0, C4<00000000>, C4<00000000>, C4<00000000>;
S_000002cde7d1eb20 .scope generate, "genblk2" "genblk2" 9 72, 9 72 0, S_000002cde7d1fc50;
 .timescale -9 -12;
L_000002cde760f570 .functor BUFZ 32, v000002cde7d0e970_0, C4<00000000000000000000000000000000>, C4<00000000000000000000000000000000>, C4<00000000000000000000000000000000>;
S_000002cde7d1e990 .scope module, "pe_inst" "pe" 9 91, 10 12 0, S_000002cde7d1fc50;
 .timescale 0 0;
    .port_info 0 /INPUT 1 "clk";
    .port_info 1 /INPUT 1 "rst_n";
    .port_info 2 /INPUT 1 "en_compute";
    .port_info 3 /INPUT 1 "load_weight";
    .port_info 4 /INPUT 8 "in_act";
    .port_info 5 /INPUT 8 "in_weight";
    .port_info 6 /INPUT 32 "in_psum";
    .port_info 7 /OUTPUT 8 "out_act";
    .port_info 8 /OUTPUT 32 "out_psum";
v000002cde7d16350_0 .net "clk", 0 0, v000002cde7d9c770_0;  alias, 1 drivers
v000002cde7d16490_0 .net "en_compute", 0 0, L_000002cde7db18a8;  alias, 1 drivers
v000002cde7d16530_0 .net "in_act", 7 0, L_000002cde760f500;  alias, 1 drivers
v000002cde7d165d0_0 .net "in_psum", 31 0, L_000002cde760f570;  alias, 1 drivers
v000002cde7d16e90_0 .net "in_weight", 7 0, L_000002cde7e13410;  alias, 1 drivers
v000002cde7d16cb0_0 .net "load_weight", 0 0, L_000002cde7e13190;  alias, 1 drivers
v000002cde7d16f30_0 .var "out_act", 7 0;
v000002cde7d179d0_0 .var "out_psum", 31 0;
v000002cde7d19a50_0 .var/s "reg_weight", 7 0;
v000002cde7d19410_0 .net "rst_n", 0 0, L_000002cde7a71f90;  alias, 1 drivers
S_000002cde7d213c0 .scope generate, "COL_LOOP[12]" "COL_LOOP[12]" 9 55, 9 55 0, S_000002cde7cf7150;
 .timescale -9 -12;
P_000002cde7ae4520 .param/l "c" 0 9 55, +C4<01100>;
v000002cde7d19d70_0 .net "pe_in_act", 7 0, L_000002cde760f5e0;  1 drivers
v000002cde7d17b10_0 .net "pe_in_psum", 31 0, L_000002cde7239820;  1 drivers
v000002cde7d17930_0 .net "pe_in_weight", 7 0, L_000002cde7e12b50;  1 drivers
v000002cde7d18fb0_0 .net "pe_load_en", 0 0, L_000002cde7e12790;  1 drivers
S_000002cde7d1f2f0 .scope generate, "genblk1" "genblk1" 9 61, 9 61 0, S_000002cde7d213c0;
 .timescale -9 -12;
L_000002cde760f5e0 .functor BUFZ 8, v000002cde7d16f30_0, C4<00000000>, C4<00000000>, C4<00000000>;
S_000002cde7d20a60 .scope generate, "genblk2" "genblk2" 9 72, 9 72 0, S_000002cde7d213c0;
 .timescale -9 -12;
L_000002cde7239820 .functor BUFZ 32, v000002cde7d0ec90_0, C4<00000000000000000000000000000000>, C4<00000000000000000000000000000000>, C4<00000000000000000000000000000000>;
S_000002cde7d20420 .scope module, "pe_inst" "pe" 9 91, 10 12 0, S_000002cde7d213c0;
 .timescale 0 0;
    .port_info 0 /INPUT 1 "clk";
    .port_info 1 /INPUT 1 "rst_n";
    .port_info 2 /INPUT 1 "en_compute";
    .port_info 3 /INPUT 1 "load_weight";
    .port_info 4 /INPUT 8 "in_act";
    .port_info 5 /INPUT 8 "in_weight";
    .port_info 6 /INPUT 32 "in_psum";
    .port_info 7 /OUTPUT 8 "out_act";
    .port_info 8 /OUTPUT 32 "out_psum";
v000002cde7d19b90_0 .net "clk", 0 0, v000002cde7d9c770_0;  alias, 1 drivers
v000002cde7d19870_0 .net "en_compute", 0 0, L_000002cde7db18a8;  alias, 1 drivers
v000002cde7d185b0_0 .net "in_act", 7 0, L_000002cde760f5e0;  alias, 1 drivers
v000002cde7d19910_0 .net "in_psum", 31 0, L_000002cde7239820;  alias, 1 drivers
v000002cde7d186f0_0 .net "in_weight", 7 0, L_000002cde7e12b50;  alias, 1 drivers
v000002cde7d18a10_0 .net "load_weight", 0 0, L_000002cde7e12790;  alias, 1 drivers
v000002cde7d17ed0_0 .var "out_act", 7 0;
v000002cde7d19cd0_0 .var "out_psum", 31 0;
v000002cde7d17a70_0 .var/s "reg_weight", 7 0;
v000002cde7d19f50_0 .net "rst_n", 0 0, L_000002cde7a71f90;  alias, 1 drivers
S_000002cde7d1fde0 .scope generate, "COL_LOOP[13]" "COL_LOOP[13]" 9 55, 9 55 0, S_000002cde7cf7150;
 .timescale -9 -12;
P_000002cde7ae4be0 .param/l "c" 0 9 55, +C4<01101>;
v000002cde7d19eb0_0 .net "pe_in_act", 7 0, L_000002cde7e2cec0;  1 drivers
v000002cde7d17d90_0 .net "pe_in_psum", 31 0, L_000002cde7e2db00;  1 drivers
v000002cde7d18bf0_0 .net "pe_in_weight", 7 0, L_000002cde7e11250;  1 drivers
v000002cde7d19ff0_0 .net "pe_load_en", 0 0, L_000002cde7e11430;  1 drivers
S_000002cde7d1ecb0 .scope generate, "genblk1" "genblk1" 9 61, 9 61 0, S_000002cde7d1fde0;
 .timescale -9 -12;
L_000002cde7e2cec0 .functor BUFZ 8, v000002cde7d17ed0_0, C4<00000000>, C4<00000000>, C4<00000000>;
S_000002cde7d1efd0 .scope generate, "genblk2" "genblk2" 9 72, 9 72 0, S_000002cde7d1fde0;
 .timescale -9 -12;
L_000002cde7e2db00 .functor BUFZ 32, v000002cde7d0fa50_0, C4<00000000000000000000000000000000>, C4<00000000000000000000000000000000>, C4<00000000000000000000000000000000>;
S_000002cde7d1f480 .scope module, "pe_inst" "pe" 9 91, 10 12 0, S_000002cde7d1fde0;
 .timescale 0 0;
    .port_info 0 /INPUT 1 "clk";
    .port_info 1 /INPUT 1 "rst_n";
    .port_info 2 /INPUT 1 "en_compute";
    .port_info 3 /INPUT 1 "load_weight";
    .port_info 4 /INPUT 8 "in_act";
    .port_info 5 /INPUT 8 "in_weight";
    .port_info 6 /INPUT 32 "in_psum";
    .port_info 7 /OUTPUT 8 "out_act";
    .port_info 8 /OUTPUT 32 "out_psum";
v000002cde7d18330_0 .net "clk", 0 0, v000002cde7d9c770_0;  alias, 1 drivers
v000002cde7d180b0_0 .net "en_compute", 0 0, L_000002cde7db18a8;  alias, 1 drivers
v000002cde7d18150_0 .net "in_act", 7 0, L_000002cde7e2cec0;  alias, 1 drivers
v000002cde7d18b50_0 .net "in_psum", 31 0, L_000002cde7e2db00;  alias, 1 drivers
v000002cde7d19550_0 .net "in_weight", 7 0, L_000002cde7e11250;  alias, 1 drivers
v000002cde7d18510_0 .net "load_weight", 0 0, L_000002cde7e11430;  alias, 1 drivers
v000002cde7d17bb0_0 .var "out_act", 7 0;
v000002cde7d17cf0_0 .var "out_psum", 31 0;
v000002cde7d19e10_0 .var/s "reg_weight", 7 0;
v000002cde7d194b0_0 .net "rst_n", 0 0, L_000002cde7a71f90;  alias, 1 drivers
S_000002cde7d1e670 .scope generate, "COL_LOOP[14]" "COL_LOOP[14]" 9 55, 9 55 0, S_000002cde7cf7150;
 .timescale -9 -12;
P_000002cde7ae45a0 .param/l "c" 0 9 55, +C4<01110>;
v000002cde7d18650_0 .net "pe_in_act", 7 0, L_000002cde7e2d080;  1 drivers
v000002cde7d181f0_0 .net "pe_in_psum", 31 0, L_000002cde7e2db70;  1 drivers
v000002cde7d18290_0 .net "pe_in_weight", 7 0, L_000002cde7e117f0;  1 drivers
v000002cde7d18790_0 .net "pe_load_en", 0 0, L_000002cde7e12dd0;  1 drivers
S_000002cde7d1d3b0 .scope generate, "genblk1" "genblk1" 9 61, 9 61 0, S_000002cde7d1e670;
 .timescale -9 -12;
L_000002cde7e2d080 .functor BUFZ 8, v000002cde7d17bb0_0, C4<00000000>, C4<00000000>, C4<00000000>;
S_000002cde7d20bf0 .scope generate, "genblk2" "genblk2" 9 72, 9 72 0, S_000002cde7d1e670;
 .timescale -9 -12;
L_000002cde7e2db70 .functor BUFZ 32, v000002cde7d0dbb0_0, C4<00000000000000000000000000000000>, C4<00000000000000000000000000000000>, C4<00000000000000000000000000000000>;
S_000002cde7d21550 .scope module, "pe_inst" "pe" 9 91, 10 12 0, S_000002cde7d1e670;
 .timescale 0 0;
    .port_info 0 /INPUT 1 "clk";
    .port_info 1 /INPUT 1 "rst_n";
    .port_info 2 /INPUT 1 "en_compute";
    .port_info 3 /INPUT 1 "load_weight";
    .port_info 4 /INPUT 8 "in_act";
    .port_info 5 /INPUT 8 "in_weight";
    .port_info 6 /INPUT 32 "in_psum";
    .port_info 7 /OUTPUT 8 "out_act";
    .port_info 8 /OUTPUT 32 "out_psum";
v000002cde7d195f0_0 .net "clk", 0 0, v000002cde7d9c770_0;  alias, 1 drivers
v000002cde7d17e30_0 .net "en_compute", 0 0, L_000002cde7db18a8;  alias, 1 drivers
v000002cde7d18d30_0 .net "in_act", 7 0, L_000002cde7e2d080;  alias, 1 drivers
v000002cde7d19690_0 .net "in_psum", 31 0, L_000002cde7e2db70;  alias, 1 drivers
v000002cde7d18010_0 .net "in_weight", 7 0, L_000002cde7e117f0;  alias, 1 drivers
v000002cde7d19230_0 .net "load_weight", 0 0, L_000002cde7e12dd0;  alias, 1 drivers
v000002cde7d19730_0 .var "out_act", 7 0;
v000002cde7d183d0_0 .var "out_psum", 31 0;
v000002cde7d197d0_0 .var/s "reg_weight", 7 0;
v000002cde7d17890_0 .net "rst_n", 0 0, L_000002cde7a71f90;  alias, 1 drivers
S_000002cde7d1f930 .scope generate, "COL_LOOP[15]" "COL_LOOP[15]" 9 55, 9 55 0, S_000002cde7cf7150;
 .timescale -9 -12;
P_000002cde7ae54e0 .param/l "c" 0 9 55, +C4<01111>;
v000002cde7d19370_0 .net "pe_in_act", 7 0, L_000002cde7e2dda0;  1 drivers
v000002cde7d1a090_0 .net "pe_in_psum", 31 0, L_000002cde7e2d9b0;  1 drivers
v000002cde7d1ab30_0 .net "pe_in_weight", 7 0, L_000002cde7e11b10;  1 drivers
v000002cde7d1a130_0 .net "pe_load_en", 0 0, L_000002cde7e111b0;  1 drivers
S_000002cde7d1ff70 .scope generate, "genblk1" "genblk1" 9 61, 9 61 0, S_000002cde7d1f930;
 .timescale -9 -12;
L_000002cde7e2dda0 .functor BUFZ 8, v000002cde7d19730_0, C4<00000000>, C4<00000000>, C4<00000000>;
S_000002cde7d20d80 .scope generate, "genblk2" "genblk2" 9 72, 9 72 0, S_000002cde7d1f930;
 .timescale -9 -12;
L_000002cde7e2d9b0 .functor BUFZ 32, v000002cde7d11d50_0, C4<00000000000000000000000000000000>, C4<00000000000000000000000000000000>, C4<00000000000000000000000000000000>;
S_000002cde7d216e0 .scope module, "pe_inst" "pe" 9 91, 10 12 0, S_000002cde7d1f930;
 .timescale 0 0;
    .port_info 0 /INPUT 1 "clk";
    .port_info 1 /INPUT 1 "rst_n";
    .port_info 2 /INPUT 1 "en_compute";
    .port_info 3 /INPUT 1 "load_weight";
    .port_info 4 /INPUT 8 "in_act";
    .port_info 5 /INPUT 8 "in_weight";
    .port_info 6 /INPUT 32 "in_psum";
    .port_info 7 /OUTPUT 8 "out_act";
    .port_info 8 /OUTPUT 32 "out_psum";
v000002cde7d18830_0 .net "clk", 0 0, v000002cde7d9c770_0;  alias, 1 drivers
v000002cde7d188d0_0 .net "en_compute", 0 0, L_000002cde7db18a8;  alias, 1 drivers
v000002cde7d18ab0_0 .net "in_act", 7 0, L_000002cde7e2dda0;  alias, 1 drivers
v000002cde7d18970_0 .net "in_psum", 31 0, L_000002cde7e2d9b0;  alias, 1 drivers
v000002cde7d18c90_0 .net "in_weight", 7 0, L_000002cde7e11b10;  alias, 1 drivers
v000002cde7d18dd0_0 .net "load_weight", 0 0, L_000002cde7e111b0;  alias, 1 drivers
v000002cde7d18e70_0 .var "out_act", 7 0;
v000002cde7d18f10_0 .var "out_psum", 31 0;
v000002cde7d190f0_0 .var/s "reg_weight", 7 0;
v000002cde7d192d0_0 .net "rst_n", 0 0, L_000002cde7a71f90;  alias, 1 drivers
S_000002cde7d21870 .scope generate, "ROW_LOOP[8]" "ROW_LOOP[8]" 9 54, 9 54 0, S_000002cde7c86a10;
 .timescale -9 -12;
P_000002cde7ae5520 .param/l "r" 0 9 54, +C4<01000>;
S_000002cde7d21a00 .scope generate, "COL_LOOP[0]" "COL_LOOP[0]" 9 55, 9 55 0, S_000002cde7d21870;
 .timescale -9 -12;
P_000002cde7ae5720 .param/l "c" 0 9 55, +C4<00>;
v000002cde7d1a310_0 .net "pe_in_act", 7 0, L_000002cde7e12650;  1 drivers
v000002cde7d1aa90_0 .net "pe_in_psum", 31 0, L_000002cde7e2de80;  1 drivers
v000002cde7d1a4f0_0 .net "pe_in_weight", 7 0, L_000002cde7e125b0;  1 drivers
v000002cde7d1a590_0 .net "pe_load_en", 0 0, L_000002cde7e11930;  1 drivers
S_000002cde7d1d9f0 .scope generate, "genblk1" "genblk1" 9 61, 9 61 0, S_000002cde7d21a00;
 .timescale -9 -12;
S_000002cde7d21b90 .scope generate, "genblk2" "genblk2" 9 72, 9 72 0, S_000002cde7d21a00;
 .timescale -9 -12;
L_000002cde7e2de80 .functor BUFZ 32, v000002cde7d10bd0_0, C4<00000000000000000000000000000000>, C4<00000000000000000000000000000000>, C4<00000000000000000000000000000000>;
S_000002cde7d1e350 .scope module, "pe_inst" "pe" 9 91, 10 12 0, S_000002cde7d21a00;
 .timescale 0 0;
    .port_info 0 /INPUT 1 "clk";
    .port_info 1 /INPUT 1 "rst_n";
    .port_info 2 /INPUT 1 "en_compute";
    .port_info 3 /INPUT 1 "load_weight";
    .port_info 4 /INPUT 8 "in_act";
    .port_info 5 /INPUT 8 "in_weight";
    .port_info 6 /INPUT 32 "in_psum";
    .port_info 7 /OUTPUT 8 "out_act";
    .port_info 8 /OUTPUT 32 "out_psum";
v000002cde7d1a6d0_0 .net "clk", 0 0, v000002cde7d9c770_0;  alias, 1 drivers
v000002cde7d1a3b0_0 .net "en_compute", 0 0, L_000002cde7db18a8;  alias, 1 drivers
v000002cde7d1a1d0_0 .net "in_act", 7 0, L_000002cde7e12650;  alias, 1 drivers
v000002cde7d1a630_0 .net "in_psum", 31 0, L_000002cde7e2de80;  alias, 1 drivers
v000002cde7d1a450_0 .net "in_weight", 7 0, L_000002cde7e125b0;  alias, 1 drivers
v000002cde7d1a950_0 .net "load_weight", 0 0, L_000002cde7e11930;  alias, 1 drivers
v000002cde7d1abd0_0 .var "out_act", 7 0;
v000002cde7d1a270_0 .var "out_psum", 31 0;
v000002cde7d1aef0_0 .var/s "reg_weight", 7 0;
v000002cde7d1a9f0_0 .net "rst_n", 0 0, L_000002cde7a71f90;  alias, 1 drivers
S_000002cde7d1db80 .scope generate, "COL_LOOP[1]" "COL_LOOP[1]" 9 55, 9 55 0, S_000002cde7d21870;
 .timescale -9 -12;
P_000002cde7ae5d60 .param/l "c" 0 9 55, +C4<01>;
v000002cde7d25920_0 .net "pe_in_act", 7 0, L_000002cde7e2cd00;  1 drivers
v000002cde7d25e20_0 .net "pe_in_psum", 31 0, L_000002cde7e2e270;  1 drivers
v000002cde7d268c0_0 .net "pe_in_weight", 7 0, L_000002cde7e11a70;  1 drivers
v000002cde7d25740_0 .net "pe_load_en", 0 0, L_000002cde7e11390;  1 drivers
S_000002cde7d1e1c0 .scope generate, "genblk1" "genblk1" 9 61, 9 61 0, S_000002cde7d1db80;
 .timescale -9 -12;
L_000002cde7e2cd00 .functor BUFZ 8, v000002cde7d1abd0_0, C4<00000000>, C4<00000000>, C4<00000000>;
S_000002cde7d21d20 .scope generate, "genblk2" "genblk2" 9 72, 9 72 0, S_000002cde7d1db80;
 .timescale -9 -12;
L_000002cde7e2e270 .functor BUFZ 32, v000002cde7d108b0_0, C4<00000000000000000000000000000000>, C4<00000000000000000000000000000000>, C4<00000000000000000000000000000000>;
S_000002cde7d21eb0 .scope module, "pe_inst" "pe" 9 91, 10 12 0, S_000002cde7d1db80;
 .timescale 0 0;
    .port_info 0 /INPUT 1 "clk";
    .port_info 1 /INPUT 1 "rst_n";
    .port_info 2 /INPUT 1 "en_compute";
    .port_info 3 /INPUT 1 "load_weight";
    .port_info 4 /INPUT 8 "in_act";
    .port_info 5 /INPUT 8 "in_weight";
    .port_info 6 /INPUT 32 "in_psum";
    .port_info 7 /OUTPUT 8 "out_act";
    .port_info 8 /OUTPUT 32 "out_psum";
v000002cde7d1a8b0_0 .net "clk", 0 0, v000002cde7d9c770_0;  alias, 1 drivers
v000002cde7d1adb0_0 .net "en_compute", 0 0, L_000002cde7db18a8;  alias, 1 drivers
v000002cde7d1ac70_0 .net "in_act", 7 0, L_000002cde7e2cd00;  alias, 1 drivers
v000002cde7d1ad10_0 .net "in_psum", 31 0, L_000002cde7e2e270;  alias, 1 drivers
v000002cde7d1ae50_0 .net "in_weight", 7 0, L_000002cde7e11a70;  alias, 1 drivers
v000002cde7d25f60_0 .net "load_weight", 0 0, L_000002cde7e11390;  alias, 1 drivers
v000002cde7d26820_0 .var "out_act", 7 0;
v000002cde7d252e0_0 .var "out_psum", 31 0;
v000002cde7d25600_0 .var/s "reg_weight", 7 0;
v000002cde7d256a0_0 .net "rst_n", 0 0, L_000002cde7a71f90;  alias, 1 drivers
S_000002cde7d22040 .scope generate, "COL_LOOP[2]" "COL_LOOP[2]" 9 55, 9 55 0, S_000002cde7d21870;
 .timescale -9 -12;
P_000002cde7ae5220 .param/l "c" 0 9 55, +C4<010>;
v000002cde7d27400_0 .net "pe_in_act", 7 0, L_000002cde7e2cf30;  1 drivers
v000002cde7d25560_0 .net "pe_in_psum", 31 0, L_000002cde7e2cb40;  1 drivers
v000002cde7d25880_0 .net "pe_in_weight", 7 0, L_000002cde7e10fd0;  1 drivers
v000002cde7d263c0_0 .net "pe_load_en", 0 0, L_000002cde7e13370;  1 drivers
S_000002cde7d221d0 .scope generate, "genblk1" "genblk1" 9 61, 9 61 0, S_000002cde7d22040;
 .timescale -9 -12;
L_000002cde7e2cf30 .functor BUFZ 8, v000002cde7d26820_0, C4<00000000>, C4<00000000>, C4<00000000>;
S_000002cde7d22360 .scope generate, "genblk2" "genblk2" 9 72, 9 72 0, S_000002cde7d22040;
 .timescale -9 -12;
L_000002cde7e2cb40 .functor BUFZ 32, v000002cde7d10130_0, C4<00000000000000000000000000000000>, C4<00000000000000000000000000000000>, C4<00000000000000000000000000000000>;
S_000002cde7d23300 .scope module, "pe_inst" "pe" 9 91, 10 12 0, S_000002cde7d22040;
 .timescale 0 0;
    .port_info 0 /INPUT 1 "clk";
    .port_info 1 /INPUT 1 "rst_n";
    .port_info 2 /INPUT 1 "en_compute";
    .port_info 3 /INPUT 1 "load_weight";
    .port_info 4 /INPUT 8 "in_act";
    .port_info 5 /INPUT 8 "in_weight";
    .port_info 6 /INPUT 32 "in_psum";
    .port_info 7 /OUTPUT 8 "out_act";
    .port_info 8 /OUTPUT 32 "out_psum";
v000002cde7d26c80_0 .net "clk", 0 0, v000002cde7d9c770_0;  alias, 1 drivers
v000002cde7d25b00_0 .net "en_compute", 0 0, L_000002cde7db18a8;  alias, 1 drivers
v000002cde7d26960_0 .net "in_act", 7 0, L_000002cde7e2cf30;  alias, 1 drivers
v000002cde7d26be0_0 .net "in_psum", 31 0, L_000002cde7e2cb40;  alias, 1 drivers
v000002cde7d26460_0 .net "in_weight", 7 0, L_000002cde7e10fd0;  alias, 1 drivers
v000002cde7d27860_0 .net "load_weight", 0 0, L_000002cde7e13370;  alias, 1 drivers
v000002cde7d25ce0_0 .var "out_act", 7 0;
v000002cde7d257e0_0 .var "out_psum", 31 0;
v000002cde7d265a0_0 .var/s "reg_weight", 7 0;
v000002cde7d26a00_0 .net "rst_n", 0 0, L_000002cde7a71f90;  alias, 1 drivers
S_000002cde7d224f0 .scope generate, "COL_LOOP[3]" "COL_LOOP[3]" 9 55, 9 55 0, S_000002cde7d21870;
 .timescale -9 -12;
P_000002cde7ae52a0 .param/l "c" 0 9 55, +C4<011>;
v000002cde7d26dc0_0 .net "pe_in_act", 7 0, L_000002cde7e2cde0;  1 drivers
v000002cde7d272c0_0 .net "pe_in_psum", 31 0, L_000002cde7e2ce50;  1 drivers
v000002cde7d26e60_0 .net "pe_in_weight", 7 0, L_000002cde7e12010;  1 drivers
v000002cde7d25ba0_0 .net "pe_load_en", 0 0, L_000002cde7e12d30;  1 drivers
S_000002cde7d22680 .scope generate, "genblk1" "genblk1" 9 61, 9 61 0, S_000002cde7d224f0;
 .timescale -9 -12;
L_000002cde7e2cde0 .functor BUFZ 8, v000002cde7d25ce0_0, C4<00000000>, C4<00000000>, C4<00000000>;
S_000002cde7d22810 .scope generate, "genblk2" "genblk2" 9 72, 9 72 0, S_000002cde7d224f0;
 .timescale -9 -12;
L_000002cde7e2ce50 .functor BUFZ 32, v000002cde7d12e30_0, C4<00000000000000000000000000000000>, C4<00000000000000000000000000000000>, C4<00000000000000000000000000000000>;
S_000002cde7d229a0 .scope module, "pe_inst" "pe" 9 91, 10 12 0, S_000002cde7d224f0;
 .timescale 0 0;
    .port_info 0 /INPUT 1 "clk";
    .port_info 1 /INPUT 1 "rst_n";
    .port_info 2 /INPUT 1 "en_compute";
    .port_info 3 /INPUT 1 "load_weight";
    .port_info 4 /INPUT 8 "in_act";
    .port_info 5 /INPUT 8 "in_weight";
    .port_info 6 /INPUT 32 "in_psum";
    .port_info 7 /OUTPUT 8 "out_act";
    .port_info 8 /OUTPUT 32 "out_psum";
v000002cde7d26b40_0 .net "clk", 0 0, v000002cde7d9c770_0;  alias, 1 drivers
v000002cde7d25240_0 .net "en_compute", 0 0, L_000002cde7db18a8;  alias, 1 drivers
v000002cde7d26d20_0 .net "in_act", 7 0, L_000002cde7e2cde0;  alias, 1 drivers
v000002cde7d25d80_0 .net "in_psum", 31 0, L_000002cde7e2ce50;  alias, 1 drivers
v000002cde7d26000_0 .net "in_weight", 7 0, L_000002cde7e12010;  alias, 1 drivers
v000002cde7d26780_0 .net "load_weight", 0 0, L_000002cde7e12d30;  alias, 1 drivers
v000002cde7d25c40_0 .var "out_act", 7 0;
v000002cde7d259c0_0 .var "out_psum", 31 0;
v000002cde7d25a60_0 .var/s "reg_weight", 7 0;
v000002cde7d26500_0 .net "rst_n", 0 0, L_000002cde7a71f90;  alias, 1 drivers
S_000002cde7d22b30 .scope generate, "COL_LOOP[4]" "COL_LOOP[4]" 9 55, 9 55 0, S_000002cde7d21870;
 .timescale -9 -12;
P_000002cde7ae5560 .param/l "c" 0 9 55, +C4<0100>;
v000002cde7d26320_0 .net "pe_in_act", 7 0, L_000002cde7e2e4a0;  1 drivers
v000002cde7d26640_0 .net "pe_in_psum", 31 0, L_000002cde7e2d4e0;  1 drivers
v000002cde7d27040_0 .net "pe_in_weight", 7 0, L_000002cde7e12e70;  1 drivers
v000002cde7d266e0_0 .net "pe_load_en", 0 0, L_000002cde7e12fb0;  1 drivers
S_000002cde7d22cc0 .scope generate, "genblk1" "genblk1" 9 61, 9 61 0, S_000002cde7d22b30;
 .timescale -9 -12;
L_000002cde7e2e4a0 .functor BUFZ 8, v000002cde7d25c40_0, C4<00000000>, C4<00000000>, C4<00000000>;
S_000002cde7d23170 .scope generate, "genblk2" "genblk2" 9 72, 9 72 0, S_000002cde7d22b30;
 .timescale -9 -12;
L_000002cde7e2d4e0 .functor BUFZ 32, v000002cde7d14910_0, C4<00000000000000000000000000000000>, C4<00000000000000000000000000000000>, C4<00000000000000000000000000000000>;
S_000002cde7d22e50 .scope module, "pe_inst" "pe" 9 91, 10 12 0, S_000002cde7d22b30;
 .timescale 0 0;
    .port_info 0 /INPUT 1 "clk";
    .port_info 1 /INPUT 1 "rst_n";
    .port_info 2 /INPUT 1 "en_compute";
    .port_info 3 /INPUT 1 "load_weight";
    .port_info 4 /INPUT 8 "in_act";
    .port_info 5 /INPUT 8 "in_weight";
    .port_info 6 /INPUT 32 "in_psum";
    .port_info 7 /OUTPUT 8 "out_act";
    .port_info 8 /OUTPUT 32 "out_psum";
v000002cde7d25ec0_0 .net "clk", 0 0, v000002cde7d9c770_0;  alias, 1 drivers
v000002cde7d270e0_0 .net "en_compute", 0 0, L_000002cde7db18a8;  alias, 1 drivers
v000002cde7d260a0_0 .net "in_act", 7 0, L_000002cde7e2e4a0;  alias, 1 drivers
v000002cde7d25100_0 .net "in_psum", 31 0, L_000002cde7e2d4e0;  alias, 1 drivers
v000002cde7d251a0_0 .net "in_weight", 7 0, L_000002cde7e12e70;  alias, 1 drivers
v000002cde7d26140_0 .net "load_weight", 0 0, L_000002cde7e12fb0;  alias, 1 drivers
v000002cde7d261e0_0 .var "out_act", 7 0;
v000002cde7d254c0_0 .var "out_psum", 31 0;
v000002cde7d26280_0 .var/s "reg_weight", 7 0;
v000002cde7d26fa0_0 .net "rst_n", 0 0, L_000002cde7a71f90;  alias, 1 drivers
S_000002cde7d22fe0 .scope generate, "COL_LOOP[5]" "COL_LOOP[5]" 9 55, 9 55 0, S_000002cde7d21870;
 .timescale -9 -12;
P_000002cde7ae60e0 .param/l "c" 0 9 55, +C4<0101>;
v000002cde7d29ca0_0 .net "pe_in_act", 7 0, L_000002cde7e2dc50;  1 drivers
v000002cde7d28580_0 .net "pe_in_psum", 31 0, L_000002cde7e2d550;  1 drivers
v000002cde7d29fc0_0 .net "pe_in_weight", 7 0, L_000002cde7e11f70;  1 drivers
v000002cde7d29340_0 .net "pe_load_en", 0 0, L_000002cde7e130f0;  1 drivers
S_000002cde7d23490 .scope generate, "genblk1" "genblk1" 9 61, 9 61 0, S_000002cde7d22fe0;
 .timescale -9 -12;
L_000002cde7e2dc50 .functor BUFZ 8, v000002cde7d261e0_0, C4<00000000>, C4<00000000>, C4<00000000>;
S_000002cde7d245c0 .scope generate, "genblk2" "genblk2" 9 72, 9 72 0, S_000002cde7d22fe0;
 .timescale -9 -12;
L_000002cde7e2d550 .functor BUFZ 32, v000002cde7d14af0_0, C4<00000000000000000000000000000000>, C4<00000000000000000000000000000000>, C4<00000000000000000000000000000000>;
S_000002cde7d242a0 .scope module, "pe_inst" "pe" 9 91, 10 12 0, S_000002cde7d22fe0;
 .timescale 0 0;
    .port_info 0 /INPUT 1 "clk";
    .port_info 1 /INPUT 1 "rst_n";
    .port_info 2 /INPUT 1 "en_compute";
    .port_info 3 /INPUT 1 "load_weight";
    .port_info 4 /INPUT 8 "in_act";
    .port_info 5 /INPUT 8 "in_weight";
    .port_info 6 /INPUT 32 "in_psum";
    .port_info 7 /OUTPUT 8 "out_act";
    .port_info 8 /OUTPUT 32 "out_psum";
v000002cde7d27180_0 .net "clk", 0 0, v000002cde7d9c770_0;  alias, 1 drivers
v000002cde7d27220_0 .net "en_compute", 0 0, L_000002cde7db18a8;  alias, 1 drivers
v000002cde7d274a0_0 .net "in_act", 7 0, L_000002cde7e2dc50;  alias, 1 drivers
v000002cde7d27540_0 .net "in_psum", 31 0, L_000002cde7e2d550;  alias, 1 drivers
v000002cde7d275e0_0 .net "in_weight", 7 0, L_000002cde7e11f70;  alias, 1 drivers
v000002cde7d27720_0 .net "load_weight", 0 0, L_000002cde7e130f0;  alias, 1 drivers
v000002cde7d277c0_0 .var "out_act", 7 0;
v000002cde7d25380_0 .var "out_psum", 31 0;
v000002cde7d25420_0 .var/s "reg_weight", 7 0;
v000002cde7d29480_0 .net "rst_n", 0 0, L_000002cde7a71f90;  alias, 1 drivers
S_000002cde7d23620 .scope generate, "COL_LOOP[6]" "COL_LOOP[6]" 9 55, 9 55 0, S_000002cde7d21870;
 .timescale -9 -12;
P_000002cde7ae5ee0 .param/l "c" 0 9 55, +C4<0110>;
v000002cde7d28b20_0 .net "pe_in_act", 7 0, L_000002cde7e2da20;  1 drivers
v000002cde7d27b80_0 .net "pe_in_psum", 31 0, L_000002cde7e2e120;  1 drivers
v000002cde7d27ae0_0 .net "pe_in_weight", 7 0, L_000002cde7e11570;  1 drivers
v000002cde7d2a060_0 .net "pe_load_en", 0 0, L_000002cde7e11610;  1 drivers
S_000002cde7d24a70 .scope generate, "genblk1" "genblk1" 9 61, 9 61 0, S_000002cde7d23620;
 .timescale -9 -12;
L_000002cde7e2da20 .functor BUFZ 8, v000002cde7d277c0_0, C4<00000000>, C4<00000000>, C4<00000000>;
S_000002cde7d237b0 .scope generate, "genblk2" "genblk2" 9 72, 9 72 0, S_000002cde7d23620;
 .timescale -9 -12;
L_000002cde7e2e120 .functor BUFZ 32, v000002cde7d13bf0_0, C4<00000000000000000000000000000000>, C4<00000000000000000000000000000000>, C4<00000000000000000000000000000000>;
S_000002cde7d23df0 .scope module, "pe_inst" "pe" 9 91, 10 12 0, S_000002cde7d23620;
 .timescale 0 0;
    .port_info 0 /INPUT 1 "clk";
    .port_info 1 /INPUT 1 "rst_n";
    .port_info 2 /INPUT 1 "en_compute";
    .port_info 3 /INPUT 1 "load_weight";
    .port_info 4 /INPUT 8 "in_act";
    .port_info 5 /INPUT 8 "in_weight";
    .port_info 6 /INPUT 32 "in_psum";
    .port_info 7 /OUTPUT 8 "out_act";
    .port_info 8 /OUTPUT 32 "out_psum";
v000002cde7d28a80_0 .net "clk", 0 0, v000002cde7d9c770_0;  alias, 1 drivers
v000002cde7d298e0_0 .net "en_compute", 0 0, L_000002cde7db18a8;  alias, 1 drivers
v000002cde7d28e40_0 .net "in_act", 7 0, L_000002cde7e2da20;  alias, 1 drivers
v000002cde7d29c00_0 .net "in_psum", 31 0, L_000002cde7e2e120;  alias, 1 drivers
v000002cde7d27f40_0 .net "in_weight", 7 0, L_000002cde7e11570;  alias, 1 drivers
v000002cde7d29160_0 .net "load_weight", 0 0, L_000002cde7e11610;  alias, 1 drivers
v000002cde7d27a40_0 .var "out_act", 7 0;
v000002cde7d28620_0 .var "out_psum", 31 0;
v000002cde7d29a20_0 .var/s "reg_weight", 7 0;
v000002cde7d286c0_0 .net "rst_n", 0 0, L_000002cde7a71f90;  alias, 1 drivers
S_000002cde7d24c00 .scope generate, "COL_LOOP[7]" "COL_LOOP[7]" 9 55, 9 55 0, S_000002cde7d21870;
 .timescale -9 -12;
P_000002cde7ae5e20 .param/l "c" 0 9 55, +C4<0111>;
v000002cde7d288a0_0 .net "pe_in_act", 7 0, L_000002cde7e2d0f0;  1 drivers
v000002cde7d293e0_0 .net "pe_in_psum", 31 0, L_000002cde7e2cfa0;  1 drivers
v000002cde7d29ac0_0 .net "pe_in_weight", 7 0, L_000002cde7e11bb0;  1 drivers
v000002cde7d295c0_0 .net "pe_load_en", 0 0, L_000002cde7e11cf0;  1 drivers
S_000002cde7d23940 .scope generate, "genblk1" "genblk1" 9 61, 9 61 0, S_000002cde7d24c00;
 .timescale -9 -12;
L_000002cde7e2d0f0 .functor BUFZ 8, v000002cde7d27a40_0, C4<00000000>, C4<00000000>, C4<00000000>;
S_000002cde7d24d90 .scope generate, "genblk2" "genblk2" 9 72, 9 72 0, S_000002cde7d24c00;
 .timescale -9 -12;
L_000002cde7e2cfa0 .functor BUFZ 32, v000002cde7d16d50_0, C4<00000000000000000000000000000000>, C4<00000000000000000000000000000000>, C4<00000000000000000000000000000000>;
S_000002cde7d23ad0 .scope module, "pe_inst" "pe" 9 91, 10 12 0, S_000002cde7d24c00;
 .timescale 0 0;
    .port_info 0 /INPUT 1 "clk";
    .port_info 1 /INPUT 1 "rst_n";
    .port_info 2 /INPUT 1 "en_compute";
    .port_info 3 /INPUT 1 "load_weight";
    .port_info 4 /INPUT 8 "in_act";
    .port_info 5 /INPUT 8 "in_weight";
    .port_info 6 /INPUT 32 "in_psum";
    .port_info 7 /OUTPUT 8 "out_act";
    .port_info 8 /OUTPUT 32 "out_psum";
v000002cde7d29200_0 .net "clk", 0 0, v000002cde7d9c770_0;  alias, 1 drivers
v000002cde7d28760_0 .net "en_compute", 0 0, L_000002cde7db18a8;  alias, 1 drivers
v000002cde7d29020_0 .net "in_act", 7 0, L_000002cde7e2d0f0;  alias, 1 drivers
v000002cde7d292a0_0 .net "in_psum", 31 0, L_000002cde7e2cfa0;  alias, 1 drivers
v000002cde7d29520_0 .net "in_weight", 7 0, L_000002cde7e11bb0;  alias, 1 drivers
v000002cde7d28800_0 .net "load_weight", 0 0, L_000002cde7e11cf0;  alias, 1 drivers
v000002cde7d27c20_0 .var "out_act", 7 0;
v000002cde7d27900_0 .var "out_psum", 31 0;
v000002cde7d283a0_0 .var/s "reg_weight", 7 0;
v000002cde7d281c0_0 .net "rst_n", 0 0, L_000002cde7a71f90;  alias, 1 drivers
S_000002cde7d23c60 .scope generate, "COL_LOOP[8]" "COL_LOOP[8]" 9 55, 9 55 0, S_000002cde7d21870;
 .timescale -9 -12;
P_000002cde7ae5aa0 .param/l "c" 0 9 55, +C4<01000>;
v000002cde7d29d40_0 .net "pe_in_act", 7 0, L_000002cde7e2d8d0;  1 drivers
v000002cde7d28d00_0 .net "pe_in_psum", 31 0, L_000002cde7e2da90;  1 drivers
v000002cde7d28da0_0 .net "pe_in_weight", 7 0, L_000002cde7e134b0;  1 drivers
v000002cde7d290c0_0 .net "pe_load_en", 0 0, L_000002cde7e116b0;  1 drivers
S_000002cde7d24750 .scope generate, "genblk1" "genblk1" 9 61, 9 61 0, S_000002cde7d23c60;
 .timescale -9 -12;
L_000002cde7e2d8d0 .functor BUFZ 8, v000002cde7d27c20_0, C4<00000000>, C4<00000000>, C4<00000000>;
S_000002cde7d24430 .scope generate, "genblk2" "genblk2" 9 72, 9 72 0, S_000002cde7d23c60;
 .timescale -9 -12;
L_000002cde7e2da90 .functor BUFZ 32, v000002cde7d16710_0, C4<00000000000000000000000000000000>, C4<00000000000000000000000000000000>, C4<00000000000000000000000000000000>;
S_000002cde7d23f80 .scope module, "pe_inst" "pe" 9 91, 10 12 0, S_000002cde7d23c60;
 .timescale 0 0;
    .port_info 0 /INPUT 1 "clk";
    .port_info 1 /INPUT 1 "rst_n";
    .port_info 2 /INPUT 1 "en_compute";
    .port_info 3 /INPUT 1 "load_weight";
    .port_info 4 /INPUT 8 "in_act";
    .port_info 5 /INPUT 8 "in_weight";
    .port_info 6 /INPUT 32 "in_psum";
    .port_info 7 /OUTPUT 8 "out_act";
    .port_info 8 /OUTPUT 32 "out_psum";
v000002cde7d279a0_0 .net "clk", 0 0, v000002cde7d9c770_0;  alias, 1 drivers
v000002cde7d27cc0_0 .net "en_compute", 0 0, L_000002cde7db18a8;  alias, 1 drivers
v000002cde7d28940_0 .net "in_act", 7 0, L_000002cde7e2d8d0;  alias, 1 drivers
v000002cde7d28440_0 .net "in_psum", 31 0, L_000002cde7e2da90;  alias, 1 drivers
v000002cde7d27d60_0 .net "in_weight", 7 0, L_000002cde7e134b0;  alias, 1 drivers
v000002cde7d27e00_0 .net "load_weight", 0 0, L_000002cde7e116b0;  alias, 1 drivers
v000002cde7d29b60_0 .var "out_act", 7 0;
v000002cde7d289e0_0 .var "out_psum", 31 0;
v000002cde7d29660_0 .var/s "reg_weight", 7 0;
v000002cde7d28c60_0 .net "rst_n", 0 0, L_000002cde7a71f90;  alias, 1 drivers
S_000002cde7d248e0 .scope generate, "COL_LOOP[9]" "COL_LOOP[9]" 9 55, 9 55 0, S_000002cde7d21870;
 .timescale -9 -12;
P_000002cde7ae5160 .param/l "c" 0 9 55, +C4<01001>;
v000002cde7d29f20_0 .net "pe_in_act", 7 0, L_000002cde7e2d160;  1 drivers
v000002cde7d28080_0 .net "pe_in_psum", 31 0, L_000002cde7e2def0;  1 drivers
v000002cde7d28300_0 .net "pe_in_weight", 7 0, L_000002cde7e11d90;  1 drivers
v000002cde7d2a880_0 .net "pe_load_en", 0 0, L_000002cde7e121f0;  1 drivers
S_000002cde7d24110 .scope generate, "genblk1" "genblk1" 9 61, 9 61 0, S_000002cde7d248e0;
 .timescale -9 -12;
L_000002cde7e2d160 .functor BUFZ 8, v000002cde7d29b60_0, C4<00000000>, C4<00000000>, C4<00000000>;
S_000002cde7d456f0 .scope generate, "genblk2" "genblk2" 9 72, 9 72 0, S_000002cde7d248e0;
 .timescale -9 -12;
L_000002cde7e2def0 .functor BUFZ 32, v000002cde7d16850_0, C4<00000000000000000000000000000000>, C4<00000000000000000000000000000000>, C4<00000000000000000000000000000000>;
S_000002cde7d47630 .scope module, "pe_inst" "pe" 9 91, 10 12 0, S_000002cde7d248e0;
 .timescale 0 0;
    .port_info 0 /INPUT 1 "clk";
    .port_info 1 /INPUT 1 "rst_n";
    .port_info 2 /INPUT 1 "en_compute";
    .port_info 3 /INPUT 1 "load_weight";
    .port_info 4 /INPUT 8 "in_act";
    .port_info 5 /INPUT 8 "in_weight";
    .port_info 6 /INPUT 32 "in_psum";
    .port_info 7 /OUTPUT 8 "out_act";
    .port_info 8 /OUTPUT 32 "out_psum";
v000002cde7d27fe0_0 .net "clk", 0 0, v000002cde7d9c770_0;  alias, 1 drivers
v000002cde7d29de0_0 .net "en_compute", 0 0, L_000002cde7db18a8;  alias, 1 drivers
v000002cde7d29980_0 .net "in_act", 7 0, L_000002cde7e2d160;  alias, 1 drivers
v000002cde7d28ee0_0 .net "in_psum", 31 0, L_000002cde7e2def0;  alias, 1 drivers
v000002cde7d28260_0 .net "in_weight", 7 0, L_000002cde7e11d90;  alias, 1 drivers
v000002cde7d29700_0 .net "load_weight", 0 0, L_000002cde7e121f0;  alias, 1 drivers
v000002cde7d297a0_0 .var "out_act", 7 0;
v000002cde7d29840_0 .var "out_psum", 31 0;
v000002cde7d29e80_0 .var/s "reg_weight", 7 0;
v000002cde7d28f80_0 .net "rst_n", 0 0, L_000002cde7a71f90;  alias, 1 drivers
S_000002cde7d485d0 .scope generate, "COL_LOOP[10]" "COL_LOOP[10]" 9 55, 9 55 0, S_000002cde7d21870;
 .timescale -9 -12;
P_000002cde7ae5320 .param/l "c" 0 9 55, +C4<01010>;
v000002cde7d2ba00_0 .net "pe_in_act", 7 0, L_000002cde7e2cd70;  1 drivers
v000002cde7d2bfa0_0 .net "pe_in_psum", 31 0, L_000002cde7e2e2e0;  1 drivers
v000002cde7d2a600_0 .net "pe_in_weight", 7 0, L_000002cde7e11ed0;  1 drivers
v000002cde7d2bdc0_0 .net "pe_load_en", 0 0, L_000002cde7e11750;  1 drivers
S_000002cde7d48440 .scope generate, "genblk1" "genblk1" 9 61, 9 61 0, S_000002cde7d485d0;
 .timescale -9 -12;
L_000002cde7e2cd70 .functor BUFZ 8, v000002cde7d297a0_0, C4<00000000>, C4<00000000>, C4<00000000>;
S_000002cde7d47f90 .scope generate, "genblk2" "genblk2" 9 72, 9 72 0, S_000002cde7d485d0;
 .timescale -9 -12;
L_000002cde7e2e2e0 .functor BUFZ 32, v000002cde7d151d0_0, C4<00000000000000000000000000000000>, C4<00000000000000000000000000000000>, C4<00000000000000000000000000000000>;
S_000002cde7d48a80 .scope module, "pe_inst" "pe" 9 91, 10 12 0, S_000002cde7d485d0;
 .timescale 0 0;
    .port_info 0 /INPUT 1 "clk";
    .port_info 1 /INPUT 1 "rst_n";
    .port_info 2 /INPUT 1 "en_compute";
    .port_info 3 /INPUT 1 "load_weight";
    .port_info 4 /INPUT 8 "in_act";
    .port_info 5 /INPUT 8 "in_weight";
    .port_info 6 /INPUT 32 "in_psum";
    .port_info 7 /OUTPUT 8 "out_act";
    .port_info 8 /OUTPUT 32 "out_psum";
v000002cde7d2b3c0_0 .net "clk", 0 0, v000002cde7d9c770_0;  alias, 1 drivers
v000002cde7d2c540_0 .net "en_compute", 0 0, L_000002cde7db18a8;  alias, 1 drivers
v000002cde7d2a560_0 .net "in_act", 7 0, L_000002cde7e2cd70;  alias, 1 drivers
v000002cde7d2bbe0_0 .net "in_psum", 31 0, L_000002cde7e2e2e0;  alias, 1 drivers
v000002cde7d2bd20_0 .net "in_weight", 7 0, L_000002cde7e11ed0;  alias, 1 drivers
v000002cde7d2a920_0 .net "load_weight", 0 0, L_000002cde7e11750;  alias, 1 drivers
v000002cde7d2aba0_0 .var "out_act", 7 0;
v000002cde7d2b820_0 .var "out_psum", 31 0;
v000002cde7d2a2e0_0 .var/s "reg_weight", 7 0;
v000002cde7d2bc80_0 .net "rst_n", 0 0, L_000002cde7a71f90;  alias, 1 drivers
S_000002cde7d45880 .scope generate, "COL_LOOP[11]" "COL_LOOP[11]" 9 55, 9 55 0, S_000002cde7d21870;
 .timescale -9 -12;
P_000002cde7ae5920 .param/l "c" 0 9 55, +C4<01011>;
v000002cde7d2a740_0 .net "pe_in_act", 7 0, L_000002cde7e2d010;  1 drivers
v000002cde7d2c400_0 .net "pe_in_psum", 31 0, L_000002cde7e2cbb0;  1 drivers
v000002cde7d2a6a0_0 .net "pe_in_weight", 7 0, L_000002cde7e12290;  1 drivers
v000002cde7d2a7e0_0 .net "pe_load_en", 0 0, L_000002cde7e13550;  1 drivers
S_000002cde7d45240 .scope generate, "genblk1" "genblk1" 9 61, 9 61 0, S_000002cde7d45880;
 .timescale -9 -12;
L_000002cde7e2d010 .functor BUFZ 8, v000002cde7d2aba0_0, C4<00000000>, C4<00000000>, C4<00000000>;
S_000002cde7d48760 .scope generate, "genblk2" "genblk2" 9 72, 9 72 0, S_000002cde7d45880;
 .timescale -9 -12;
L_000002cde7e2cbb0 .functor BUFZ 32, v000002cde7d179d0_0, C4<00000000000000000000000000000000>, C4<00000000000000000000000000000000>, C4<00000000000000000000000000000000>;
S_000002cde7d46500 .scope module, "pe_inst" "pe" 9 91, 10 12 0, S_000002cde7d45880;
 .timescale 0 0;
    .port_info 0 /INPUT 1 "clk";
    .port_info 1 /INPUT 1 "rst_n";
    .port_info 2 /INPUT 1 "en_compute";
    .port_info 3 /INPUT 1 "load_weight";
    .port_info 4 /INPUT 8 "in_act";
    .port_info 5 /INPUT 8 "in_weight";
    .port_info 6 /INPUT 32 "in_psum";
    .port_info 7 /OUTPUT 8 "out_act";
    .port_info 8 /OUTPUT 32 "out_psum";
v000002cde7d2aa60_0 .net "clk", 0 0, v000002cde7d9c770_0;  alias, 1 drivers
v000002cde7d2b780_0 .net "en_compute", 0 0, L_000002cde7db18a8;  alias, 1 drivers
v000002cde7d2be60_0 .net "in_act", 7 0, L_000002cde7e2d010;  alias, 1 drivers
v000002cde7d2b8c0_0 .net "in_psum", 31 0, L_000002cde7e2cbb0;  alias, 1 drivers
v000002cde7d2a420_0 .net "in_weight", 7 0, L_000002cde7e12290;  alias, 1 drivers
v000002cde7d2b460_0 .net "load_weight", 0 0, L_000002cde7e13550;  alias, 1 drivers
v000002cde7d2c860_0 .var "out_act", 7 0;
v000002cde7d2bb40_0 .var "out_psum", 31 0;
v000002cde7d2c0e0_0 .var/s "reg_weight", 7 0;
v000002cde7d2b5a0_0 .net "rst_n", 0 0, L_000002cde7a71f90;  alias, 1 drivers
S_000002cde7d46690 .scope generate, "COL_LOOP[12]" "COL_LOOP[12]" 9 55, 9 55 0, S_000002cde7d21870;
 .timescale -9 -12;
P_000002cde7ae6020 .param/l "c" 0 9 55, +C4<01100>;
v000002cde7d2b960_0 .net "pe_in_act", 7 0, L_000002cde7e2d1d0;  1 drivers
v000002cde7d2aec0_0 .net "pe_in_psum", 31 0, L_000002cde7e2d240;  1 drivers
v000002cde7d2b000_0 .net "pe_in_weight", 7 0, L_000002cde7e12330;  1 drivers
v000002cde7d2b0a0_0 .net "pe_load_en", 0 0, L_000002cde7e135f0;  1 drivers
S_000002cde7d461e0 .scope generate, "genblk1" "genblk1" 9 61, 9 61 0, S_000002cde7d46690;
 .timescale -9 -12;
L_000002cde7e2d1d0 .functor BUFZ 8, v000002cde7d2c860_0, C4<00000000>, C4<00000000>, C4<00000000>;
S_000002cde7d48120 .scope generate, "genblk2" "genblk2" 9 72, 9 72 0, S_000002cde7d46690;
 .timescale -9 -12;
L_000002cde7e2d240 .functor BUFZ 32, v000002cde7d19cd0_0, C4<00000000000000000000000000000000>, C4<00000000000000000000000000000000>, C4<00000000000000000000000000000000>;
S_000002cde7d46b40 .scope module, "pe_inst" "pe" 9 91, 10 12 0, S_000002cde7d46690;
 .timescale 0 0;
    .port_info 0 /INPUT 1 "clk";
    .port_info 1 /INPUT 1 "rst_n";
    .port_info 2 /INPUT 1 "en_compute";
    .port_info 3 /INPUT 1 "load_weight";
    .port_info 4 /INPUT 8 "in_act";
    .port_info 5 /INPUT 8 "in_weight";
    .port_info 6 /INPUT 32 "in_psum";
    .port_info 7 /OUTPUT 8 "out_act";
    .port_info 8 /OUTPUT 32 "out_psum";
v000002cde7d2a100_0 .net "clk", 0 0, v000002cde7d9c770_0;  alias, 1 drivers
v000002cde7d2c680_0 .net "en_compute", 0 0, L_000002cde7db18a8;  alias, 1 drivers
v000002cde7d2a380_0 .net "in_act", 7 0, L_000002cde7e2d1d0;  alias, 1 drivers
v000002cde7d2a4c0_0 .net "in_psum", 31 0, L_000002cde7e2d240;  alias, 1 drivers
v000002cde7d2bf00_0 .net "in_weight", 7 0, L_000002cde7e12330;  alias, 1 drivers
v000002cde7d2ac40_0 .net "load_weight", 0 0, L_000002cde7e135f0;  alias, 1 drivers
v000002cde7d2ace0_0 .var "out_act", 7 0;
v000002cde7d2c2c0_0 .var "out_psum", 31 0;
v000002cde7d2ad80_0 .var/s "reg_weight", 7 0;
v000002cde7d2ae20_0 .net "rst_n", 0 0, L_000002cde7a71f90;  alias, 1 drivers
S_000002cde7d45ec0 .scope generate, "COL_LOOP[13]" "COL_LOOP[13]" 9 55, 9 55 0, S_000002cde7d21870;
 .timescale -9 -12;
P_000002cde7ae56e0 .param/l "c" 0 9 55, +C4<01101>;
v000002cde7d2b1e0_0 .net "pe_in_act", 7 0, L_000002cde7e2e510;  1 drivers
v000002cde7d2b280_0 .net "pe_in_psum", 31 0, L_000002cde7e2d5c0;  1 drivers
v000002cde7d2b320_0 .net "pe_in_weight", 7 0, L_000002cde7e13690;  1 drivers
v000002cde7d2baa0_0 .net "pe_load_en", 0 0, L_000002cde7e10f30;  1 drivers
S_000002cde7d48c10 .scope generate, "genblk1" "genblk1" 9 61, 9 61 0, S_000002cde7d45ec0;
 .timescale -9 -12;
L_000002cde7e2e510 .functor BUFZ 8, v000002cde7d2ace0_0, C4<00000000>, C4<00000000>, C4<00000000>;
S_000002cde7d46e60 .scope generate, "genblk2" "genblk2" 9 72, 9 72 0, S_000002cde7d45ec0;
 .timescale -9 -12;
L_000002cde7e2d5c0 .functor BUFZ 32, v000002cde7d17cf0_0, C4<00000000000000000000000000000000>, C4<00000000000000000000000000000000>, C4<00000000000000000000000000000000>;
S_000002cde7d488f0 .scope module, "pe_inst" "pe" 9 91, 10 12 0, S_000002cde7d45ec0;
 .timescale 0 0;
    .port_info 0 /INPUT 1 "clk";
    .port_info 1 /INPUT 1 "rst_n";
    .port_info 2 /INPUT 1 "en_compute";
    .port_info 3 /INPUT 1 "load_weight";
    .port_info 4 /INPUT 8 "in_act";
    .port_info 5 /INPUT 8 "in_weight";
    .port_info 6 /INPUT 32 "in_psum";
    .port_info 7 /OUTPUT 8 "out_act";
    .port_info 8 /OUTPUT 32 "out_psum";
v000002cde7d2c220_0 .net "clk", 0 0, v000002cde7d9c770_0;  alias, 1 drivers
v000002cde7d2a1a0_0 .net "en_compute", 0 0, L_000002cde7db18a8;  alias, 1 drivers
v000002cde7d2b500_0 .net "in_act", 7 0, L_000002cde7e2e510;  alias, 1 drivers
v000002cde7d2af60_0 .net "in_psum", 31 0, L_000002cde7e2d5c0;  alias, 1 drivers
v000002cde7d2c720_0 .net "in_weight", 7 0, L_000002cde7e13690;  alias, 1 drivers
v000002cde7d2c4a0_0 .net "load_weight", 0 0, L_000002cde7e10f30;  alias, 1 drivers
v000002cde7d2c5e0_0 .var "out_act", 7 0;
v000002cde7d2b140_0 .var "out_psum", 31 0;
v000002cde7d2c7c0_0 .var/s "reg_weight", 7 0;
v000002cde7d2a240_0 .net "rst_n", 0 0, L_000002cde7a71f90;  alias, 1 drivers
S_000002cde7d453d0 .scope generate, "COL_LOOP[14]" "COL_LOOP[14]" 9 55, 9 55 0, S_000002cde7d21870;
 .timescale -9 -12;
P_000002cde7ae5760 .param/l "c" 0 9 55, +C4<01110>;
v000002cde7d2da80_0 .net "pe_in_act", 7 0, L_000002cde7e2d2b0;  1 drivers
v000002cde7d2ccc0_0 .net "pe_in_psum", 31 0, L_000002cde7e2cc90;  1 drivers
v000002cde7d2cae0_0 .net "pe_in_weight", 7 0, L_000002cde7e123d0;  1 drivers
v000002cde7d2dda0_0 .net "pe_load_en", 0 0, L_000002cde7e126f0;  1 drivers
S_000002cde7d48da0 .scope generate, "genblk1" "genblk1" 9 61, 9 61 0, S_000002cde7d453d0;
 .timescale -9 -12;
L_000002cde7e2d2b0 .functor BUFZ 8, v000002cde7d2c5e0_0, C4<00000000>, C4<00000000>, C4<00000000>;
S_000002cde7d48f30 .scope generate, "genblk2" "genblk2" 9 72, 9 72 0, S_000002cde7d453d0;
 .timescale -9 -12;
L_000002cde7e2cc90 .functor BUFZ 32, v000002cde7d183d0_0, C4<00000000000000000000000000000000>, C4<00000000000000000000000000000000>, C4<00000000000000000000000000000000>;
S_000002cde7d45560 .scope module, "pe_inst" "pe" 9 91, 10 12 0, S_000002cde7d453d0;
 .timescale 0 0;
    .port_info 0 /INPUT 1 "clk";
    .port_info 1 /INPUT 1 "rst_n";
    .port_info 2 /INPUT 1 "en_compute";
    .port_info 3 /INPUT 1 "load_weight";
    .port_info 4 /INPUT 8 "in_act";
    .port_info 5 /INPUT 8 "in_weight";
    .port_info 6 /INPUT 32 "in_psum";
    .port_info 7 /OUTPUT 8 "out_act";
    .port_info 8 /OUTPUT 32 "out_psum";
v000002cde7d2b6e0_0 .net "clk", 0 0, v000002cde7d9c770_0;  alias, 1 drivers
v000002cde7d2c040_0 .net "en_compute", 0 0, L_000002cde7db18a8;  alias, 1 drivers
v000002cde7d2d3a0_0 .net "in_act", 7 0, L_000002cde7e2d2b0;  alias, 1 drivers
v000002cde7d2d760_0 .net "in_psum", 31 0, L_000002cde7e2cc90;  alias, 1 drivers
v000002cde7d2e160_0 .net "in_weight", 7 0, L_000002cde7e123d0;  alias, 1 drivers
v000002cde7d2cc20_0 .net "load_weight", 0 0, L_000002cde7e126f0;  alias, 1 drivers
v000002cde7d2e480_0 .var "out_act", 7 0;
v000002cde7d2cea0_0 .var "out_psum", 31 0;
v000002cde7d2ca40_0 .var/s "reg_weight", 7 0;
v000002cde7d2d440_0 .net "rst_n", 0 0, L_000002cde7a71f90;  alias, 1 drivers
S_000002cde7d490c0 .scope generate, "COL_LOOP[15]" "COL_LOOP[15]" 9 55, 9 55 0, S_000002cde7d21870;
 .timescale -9 -12;
P_000002cde7ae5820 .param/l "c" 0 9 55, +C4<01111>;
v000002cde7d2df80_0 .net "pe_in_act", 7 0, L_000002cde7e2dbe0;  1 drivers
v000002cde7d2e660_0 .net "pe_in_psum", 31 0, L_000002cde7e2cc20;  1 drivers
v000002cde7d2e520_0 .net "pe_in_weight", 7 0, L_000002cde7e12830;  1 drivers
v000002cde7d2d620_0 .net "pe_load_en", 0 0, L_000002cde7e128d0;  1 drivers
S_000002cde7d46050 .scope generate, "genblk1" "genblk1" 9 61, 9 61 0, S_000002cde7d490c0;
 .timescale -9 -12;
L_000002cde7e2dbe0 .functor BUFZ 8, v000002cde7d2e480_0, C4<00000000>, C4<00000000>, C4<00000000>;
S_000002cde7d474a0 .scope generate, "genblk2" "genblk2" 9 72, 9 72 0, S_000002cde7d490c0;
 .timescale -9 -12;
L_000002cde7e2cc20 .functor BUFZ 32, v000002cde7d18f10_0, C4<00000000000000000000000000000000>, C4<00000000000000000000000000000000>, C4<00000000000000000000000000000000>;
S_000002cde7d477c0 .scope module, "pe_inst" "pe" 9 91, 10 12 0, S_000002cde7d490c0;
 .timescale 0 0;
    .port_info 0 /INPUT 1 "clk";
    .port_info 1 /INPUT 1 "rst_n";
    .port_info 2 /INPUT 1 "en_compute";
    .port_info 3 /INPUT 1 "load_weight";
    .port_info 4 /INPUT 8 "in_act";
    .port_info 5 /INPUT 8 "in_weight";
    .port_info 6 /INPUT 32 "in_psum";
    .port_info 7 /OUTPUT 8 "out_act";
    .port_info 8 /OUTPUT 32 "out_psum";
v000002cde7d2efc0_0 .net "clk", 0 0, v000002cde7d9c770_0;  alias, 1 drivers
v000002cde7d2cb80_0 .net "en_compute", 0 0, L_000002cde7db18a8;  alias, 1 drivers
v000002cde7d2dc60_0 .net "in_act", 7 0, L_000002cde7e2dbe0;  alias, 1 drivers
v000002cde7d2f060_0 .net "in_psum", 31 0, L_000002cde7e2cc20;  alias, 1 drivers
v000002cde7d2e7a0_0 .net "in_weight", 7 0, L_000002cde7e12830;  alias, 1 drivers
v000002cde7d2e980_0 .net "load_weight", 0 0, L_000002cde7e128d0;  alias, 1 drivers
v000002cde7d2c900_0 .var "out_act", 7 0;
v000002cde7d2e200_0 .var "out_psum", 31 0;
v000002cde7d2ea20_0 .var/s "reg_weight", 7 0;
v000002cde7d2cf40_0 .net "rst_n", 0 0, L_000002cde7a71f90;  alias, 1 drivers
S_000002cde7d46370 .scope generate, "ROW_LOOP[9]" "ROW_LOOP[9]" 9 54, 9 54 0, S_000002cde7c86a10;
 .timescale -9 -12;
P_000002cde7ae5d20 .param/l "r" 0 9 54, +C4<01001>;
S_000002cde7d450b0 .scope generate, "COL_LOOP[0]" "COL_LOOP[0]" 9 55, 9 55 0, S_000002cde7d46370;
 .timescale -9 -12;
P_000002cde7ae53e0 .param/l "c" 0 9 55, +C4<00>;
v000002cde7d2d4e0_0 .net "pe_in_act", 7 0, L_000002cde7e13910;  1 drivers
v000002cde7d2eca0_0 .net "pe_in_psum", 31 0, L_000002cde7e2d320;  1 drivers
v000002cde7d2eac0_0 .net "pe_in_weight", 7 0, L_000002cde7e12a10;  1 drivers
v000002cde7d2e8e0_0 .net "pe_load_en", 0 0, L_000002cde7e12ab0;  1 drivers
S_000002cde7d45d30 .scope generate, "genblk1" "genblk1" 9 61, 9 61 0, S_000002cde7d450b0;
 .timescale -9 -12;
S_000002cde7d49250 .scope generate, "genblk2" "genblk2" 9 72, 9 72 0, S_000002cde7d450b0;
 .timescale -9 -12;
L_000002cde7e2d320 .functor BUFZ 32, v000002cde7d1a270_0, C4<00000000000000000000000000000000>, C4<00000000000000000000000000000000>, C4<00000000000000000000000000000000>;
S_000002cde7d46ff0 .scope module, "pe_inst" "pe" 9 91, 10 12 0, S_000002cde7d450b0;
 .timescale 0 0;
    .port_info 0 /INPUT 1 "clk";
    .port_info 1 /INPUT 1 "rst_n";
    .port_info 2 /INPUT 1 "en_compute";
    .port_info 3 /INPUT 1 "load_weight";
    .port_info 4 /INPUT 8 "in_act";
    .port_info 5 /INPUT 8 "in_weight";
    .port_info 6 /INPUT 32 "in_psum";
    .port_info 7 /OUTPUT 8 "out_act";
    .port_info 8 /OUTPUT 32 "out_psum";
v000002cde7d2d1c0_0 .net "clk", 0 0, v000002cde7d9c770_0;  alias, 1 drivers
v000002cde7d2d260_0 .net "en_compute", 0 0, L_000002cde7db18a8;  alias, 1 drivers
v000002cde7d2cd60_0 .net "in_act", 7 0, L_000002cde7e13910;  alias, 1 drivers
v000002cde7d2ce00_0 .net "in_psum", 31 0, L_000002cde7e2d320;  alias, 1 drivers
v000002cde7d2eb60_0 .net "in_weight", 7 0, L_000002cde7e12a10;  alias, 1 drivers
v000002cde7d2d8a0_0 .net "load_weight", 0 0, L_000002cde7e12ab0;  alias, 1 drivers
v000002cde7d2e2a0_0 .var "out_act", 7 0;
v000002cde7d2cfe0_0 .var "out_psum", 31 0;
v000002cde7d2d080_0 .var/s "reg_weight", 7 0;
v000002cde7d2d800_0 .net "rst_n", 0 0, L_000002cde7a71f90;  alias, 1 drivers
S_000002cde7d493e0 .scope generate, "COL_LOOP[1]" "COL_LOOP[1]" 9 55, 9 55 0, S_000002cde7d46370;
 .timescale -9 -12;
P_000002cde7ae5b60 .param/l "c" 0 9 55, +C4<01>;
v000002cde7d2de40_0 .net "pe_in_act", 7 0, L_000002cde7e2dcc0;  1 drivers
v000002cde7d2d120_0 .net "pe_in_psum", 31 0, L_000002cde7e2d7f0;  1 drivers
v000002cde7d2ed40_0 .net "pe_in_weight", 7 0, L_000002cde7e146d0;  1 drivers
v000002cde7d2dee0_0 .net "pe_load_en", 0 0, L_000002cde7e15030;  1 drivers
S_000002cde7d46820 .scope generate, "genblk1" "genblk1" 9 61, 9 61 0, S_000002cde7d493e0;
 .timescale -9 -12;
L_000002cde7e2dcc0 .functor BUFZ 8, v000002cde7d2e2a0_0, C4<00000000>, C4<00000000>, C4<00000000>;
S_000002cde7d47e00 .scope generate, "genblk2" "genblk2" 9 72, 9 72 0, S_000002cde7d493e0;
 .timescale -9 -12;
L_000002cde7e2d7f0 .functor BUFZ 32, v000002cde7d252e0_0, C4<00000000000000000000000000000000>, C4<00000000000000000000000000000000>, C4<00000000000000000000000000000000>;
S_000002cde7d49570 .scope module, "pe_inst" "pe" 9 91, 10 12 0, S_000002cde7d493e0;
 .timescale 0 0;
    .port_info 0 /INPUT 1 "clk";
    .port_info 1 /INPUT 1 "rst_n";
    .port_info 2 /INPUT 1 "en_compute";
    .port_info 3 /INPUT 1 "load_weight";
    .port_info 4 /INPUT 8 "in_act";
    .port_info 5 /INPUT 8 "in_weight";
    .port_info 6 /INPUT 32 "in_psum";
    .port_info 7 /OUTPUT 8 "out_act";
    .port_info 8 /OUTPUT 32 "out_psum";
v000002cde7d2d580_0 .net "clk", 0 0, v000002cde7d9c770_0;  alias, 1 drivers
v000002cde7d2e700_0 .net "en_compute", 0 0, L_000002cde7db18a8;  alias, 1 drivers
v000002cde7d2d300_0 .net "in_act", 7 0, L_000002cde7e2dcc0;  alias, 1 drivers
v000002cde7d2ef20_0 .net "in_psum", 31 0, L_000002cde7e2d7f0;  alias, 1 drivers
v000002cde7d2e340_0 .net "in_weight", 7 0, L_000002cde7e146d0;  alias, 1 drivers
v000002cde7d2ec00_0 .net "load_weight", 0 0, L_000002cde7e15030;  alias, 1 drivers
v000002cde7d2e020_0 .var "out_act", 7 0;
v000002cde7d2db20_0 .var "out_psum", 31 0;
v000002cde7d2d940_0 .var/s "reg_weight", 7 0;
v000002cde7d2e5c0_0 .net "rst_n", 0 0, L_000002cde7a71f90;  alias, 1 drivers
S_000002cde7d49a20 .scope generate, "COL_LOOP[2]" "COL_LOOP[2]" 9 55, 9 55 0, S_000002cde7d46370;
 .timescale -9 -12;
P_000002cde7ae5e60 .param/l "c" 0 9 55, +C4<010>;
v000002cde7d303c0_0 .net "pe_in_act", 7 0, L_000002cde7e2d390;  1 drivers
v000002cde7d312c0_0 .net "pe_in_psum", 31 0, L_000002cde7e2df60;  1 drivers
v000002cde7d2f920_0 .net "pe_in_weight", 7 0, L_000002cde7e152b0;  1 drivers
v000002cde7d2f7e0_0 .net "pe_load_en", 0 0, L_000002cde7e14770;  1 drivers
S_000002cde7d47950 .scope generate, "genblk1" "genblk1" 9 61, 9 61 0, S_000002cde7d49a20;
 .timescale -9 -12;
L_000002cde7e2d390 .functor BUFZ 8, v000002cde7d2e020_0, C4<00000000>, C4<00000000>, C4<00000000>;
S_000002cde7d49700 .scope generate, "genblk2" "genblk2" 9 72, 9 72 0, S_000002cde7d49a20;
 .timescale -9 -12;
L_000002cde7e2df60 .functor BUFZ 32, v000002cde7d257e0_0, C4<00000000000000000000000000000000>, C4<00000000000000000000000000000000>, C4<00000000000000000000000000000000>;
S_000002cde7d47c70 .scope module, "pe_inst" "pe" 9 91, 10 12 0, S_000002cde7d49a20;
 .timescale 0 0;
    .port_info 0 /INPUT 1 "clk";
    .port_info 1 /INPUT 1 "rst_n";
    .port_info 2 /INPUT 1 "en_compute";
    .port_info 3 /INPUT 1 "load_weight";
    .port_info 4 /INPUT 8 "in_act";
    .port_info 5 /INPUT 8 "in_weight";
    .port_info 6 /INPUT 32 "in_psum";
    .port_info 7 /OUTPUT 8 "out_act";
    .port_info 8 /OUTPUT 32 "out_psum";
v000002cde7d2ede0_0 .net "clk", 0 0, v000002cde7d9c770_0;  alias, 1 drivers
v000002cde7d2d9e0_0 .net "en_compute", 0 0, L_000002cde7db18a8;  alias, 1 drivers
v000002cde7d2dbc0_0 .net "in_act", 7 0, L_000002cde7e2d390;  alias, 1 drivers
v000002cde7d2ee80_0 .net "in_psum", 31 0, L_000002cde7e2df60;  alias, 1 drivers
v000002cde7d2e0c0_0 .net "in_weight", 7 0, L_000002cde7e152b0;  alias, 1 drivers
v000002cde7d2e3e0_0 .net "load_weight", 0 0, L_000002cde7e14770;  alias, 1 drivers
v000002cde7d30140_0 .var "out_act", 7 0;
v000002cde7d31360_0 .var "out_psum", 31 0;
v000002cde7d2fba0_0 .var/s "reg_weight", 7 0;
v000002cde7d2f4c0_0 .net "rst_n", 0 0, L_000002cde7a71f90;  alias, 1 drivers
S_000002cde7d49890 .scope generate, "COL_LOOP[3]" "COL_LOOP[3]" 9 55, 9 55 0, S_000002cde7d46370;
 .timescale -9 -12;
P_000002cde7ae5c60 .param/l "c" 0 9 55, +C4<011>;
v000002cde7d2f9c0_0 .net "pe_in_act", 7 0, L_000002cde7e2d400;  1 drivers
v000002cde7d2fce0_0 .net "pe_in_psum", 31 0, L_000002cde7e2de10;  1 drivers
v000002cde7d2fb00_0 .net "pe_in_weight", 7 0, L_000002cde7e15670;  1 drivers
v000002cde7d31720_0 .net "pe_load_en", 0 0, L_000002cde7e14f90;  1 drivers
S_000002cde7d47180 .scope generate, "genblk1" "genblk1" 9 61, 9 61 0, S_000002cde7d49890;
 .timescale -9 -12;
L_000002cde7e2d400 .functor BUFZ 8, v000002cde7d30140_0, C4<00000000>, C4<00000000>, C4<00000000>;
S_000002cde7d47310 .scope generate, "genblk2" "genblk2" 9 72, 9 72 0, S_000002cde7d49890;
 .timescale -9 -12;
L_000002cde7e2de10 .functor BUFZ 32, v000002cde7d259c0_0, C4<00000000000000000000000000000000>, C4<00000000000000000000000000000000>, C4<00000000000000000000000000000000>;
S_000002cde7d47ae0 .scope module, "pe_inst" "pe" 9 91, 10 12 0, S_000002cde7d49890;
 .timescale 0 0;
    .port_info 0 /INPUT 1 "clk";
    .port_info 1 /INPUT 1 "rst_n";
    .port_info 2 /INPUT 1 "en_compute";
    .port_info 3 /INPUT 1 "load_weight";
    .port_info 4 /INPUT 8 "in_act";
    .port_info 5 /INPUT 8 "in_weight";
    .port_info 6 /INPUT 32 "in_psum";
    .port_info 7 /OUTPUT 8 "out_act";
    .port_info 8 /OUTPUT 32 "out_psum";
v000002cde7d30c80_0 .net "clk", 0 0, v000002cde7d9c770_0;  alias, 1 drivers
v000002cde7d300a0_0 .net "en_compute", 0 0, L_000002cde7db18a8;  alias, 1 drivers
v000002cde7d2fa60_0 .net "in_act", 7 0, L_000002cde7e2d400;  alias, 1 drivers
v000002cde7d30d20_0 .net "in_psum", 31 0, L_000002cde7e2de10;  alias, 1 drivers
v000002cde7d314a0_0 .net "in_weight", 7 0, L_000002cde7e15670;  alias, 1 drivers
v000002cde7d2fd80_0 .net "load_weight", 0 0, L_000002cde7e14f90;  alias, 1 drivers
v000002cde7d31220_0 .var "out_act", 7 0;
v000002cde7d2f880_0 .var "out_psum", 31 0;
v000002cde7d30b40_0 .var/s "reg_weight", 7 0;
v000002cde7d2f380_0 .net "rst_n", 0 0, L_000002cde7a71f90;  alias, 1 drivers
S_000002cde7d482b0 .scope generate, "COL_LOOP[4]" "COL_LOOP[4]" 9 55, 9 55 0, S_000002cde7d46370;
 .timescale -9 -12;
P_000002cde7ae5ca0 .param/l "c" 0 9 55, +C4<0100>;
v000002cde7d2fe20_0 .net "pe_in_act", 7 0, L_000002cde7e2dfd0;  1 drivers
v000002cde7d30000_0 .net "pe_in_psum", 31 0, L_000002cde7e2e350;  1 drivers
v000002cde7d308c0_0 .net "pe_in_weight", 7 0, L_000002cde7e158f0;  1 drivers
v000002cde7d2f740_0 .net "pe_load_en", 0 0, L_000002cde7e13d70;  1 drivers
S_000002cde7d45ba0 .scope generate, "genblk1" "genblk1" 9 61, 9 61 0, S_000002cde7d482b0;
 .timescale -9 -12;
L_000002cde7e2dfd0 .functor BUFZ 8, v000002cde7d31220_0, C4<00000000>, C4<00000000>, C4<00000000>;
S_000002cde7d46cd0 .scope generate, "genblk2" "genblk2" 9 72, 9 72 0, S_000002cde7d482b0;
 .timescale -9 -12;
L_000002cde7e2e350 .functor BUFZ 32, v000002cde7d254c0_0, C4<00000000000000000000000000000000>, C4<00000000000000000000000000000000>, C4<00000000000000000000000000000000>;
S_000002cde7d45a10 .scope module, "pe_inst" "pe" 9 91, 10 12 0, S_000002cde7d482b0;
 .timescale 0 0;
    .port_info 0 /INPUT 1 "clk";
    .port_info 1 /INPUT 1 "rst_n";
    .port_info 2 /INPUT 1 "en_compute";
    .port_info 3 /INPUT 1 "load_weight";
    .port_info 4 /INPUT 8 "in_act";
    .port_info 5 /INPUT 8 "in_weight";
    .port_info 6 /INPUT 32 "in_psum";
    .port_info 7 /OUTPUT 8 "out_act";
    .port_info 8 /OUTPUT 32 "out_psum";
v000002cde7d30640_0 .net "clk", 0 0, v000002cde7d9c770_0;  alias, 1 drivers
v000002cde7d2f240_0 .net "en_compute", 0 0, L_000002cde7db18a8;  alias, 1 drivers
v000002cde7d310e0_0 .net "in_act", 7 0, L_000002cde7e2dfd0;  alias, 1 drivers
v000002cde7d30dc0_0 .net "in_psum", 31 0, L_000002cde7e2e350;  alias, 1 drivers
v000002cde7d2fc40_0 .net "in_weight", 7 0, L_000002cde7e158f0;  alias, 1 drivers
v000002cde7d2ff60_0 .net "load_weight", 0 0, L_000002cde7e13d70;  alias, 1 drivers
v000002cde7d30820_0 .var "out_act", 7 0;
v000002cde7d2f2e0_0 .var "out_psum", 31 0;
v000002cde7d2f600_0 .var/s "reg_weight", 7 0;
v000002cde7d2f6a0_0 .net "rst_n", 0 0, L_000002cde7a71f90;  alias, 1 drivers
S_000002cde7d49bb0 .scope generate, "COL_LOOP[5]" "COL_LOOP[5]" 9 55, 9 55 0, S_000002cde7d46370;
 .timescale -9 -12;
P_000002cde7ae5da0 .param/l "c" 0 9 55, +C4<0101>;
v000002cde7d305a0_0 .net "pe_in_act", 7 0, L_000002cde7e2d470;  1 drivers
v000002cde7d306e0_0 .net "pe_in_psum", 31 0, L_000002cde7e2e3c0;  1 drivers
v000002cde7d30780_0 .net "pe_in_weight", 7 0, L_000002cde7e14310;  1 drivers
v000002cde7d30a00_0 .net "pe_load_en", 0 0, L_000002cde7e15530;  1 drivers
S_000002cde7d49d40 .scope generate, "genblk1" "genblk1" 9 61, 9 61 0, S_000002cde7d49bb0;
 .timescale -9 -12;
L_000002cde7e2d470 .functor BUFZ 8, v000002cde7d30820_0, C4<00000000>, C4<00000000>, C4<00000000>;
S_000002cde7d49ed0 .scope generate, "genblk2" "genblk2" 9 72, 9 72 0, S_000002cde7d49bb0;
 .timescale -9 -12;
L_000002cde7e2e3c0 .functor BUFZ 32, v000002cde7d25380_0, C4<00000000000000000000000000000000>, C4<00000000000000000000000000000000>, C4<00000000000000000000000000000000>;
S_000002cde7d4a1f0 .scope module, "pe_inst" "pe" 9 91, 10 12 0, S_000002cde7d49bb0;
 .timescale 0 0;
    .port_info 0 /INPUT 1 "clk";
    .port_info 1 /INPUT 1 "rst_n";
    .port_info 2 /INPUT 1 "en_compute";
    .port_info 3 /INPUT 1 "load_weight";
    .port_info 4 /INPUT 8 "in_act";
    .port_info 5 /INPUT 8 "in_weight";
    .port_info 6 /INPUT 32 "in_psum";
    .port_info 7 /OUTPUT 8 "out_act";
    .port_info 8 /OUTPUT 32 "out_psum";
v000002cde7d30280_0 .net "clk", 0 0, v000002cde7d9c770_0;  alias, 1 drivers
v000002cde7d30960_0 .net "en_compute", 0 0, L_000002cde7db18a8;  alias, 1 drivers
v000002cde7d30460_0 .net "in_act", 7 0, L_000002cde7e2d470;  alias, 1 drivers
v000002cde7d30320_0 .net "in_psum", 31 0, L_000002cde7e2e3c0;  alias, 1 drivers
v000002cde7d31180_0 .net "in_weight", 7 0, L_000002cde7e14310;  alias, 1 drivers
v000002cde7d2f420_0 .net "load_weight", 0 0, L_000002cde7e15530;  alias, 1 drivers
v000002cde7d2f560_0 .var "out_act", 7 0;
v000002cde7d30500_0 .var "out_psum", 31 0;
v000002cde7d317c0_0 .var/s "reg_weight", 7 0;
v000002cde7d31400_0 .net "rst_n", 0 0, L_000002cde7a71f90;  alias, 1 drivers
S_000002cde7d469b0 .scope generate, "COL_LOOP[6]" "COL_LOOP[6]" 9 55, 9 55 0, S_000002cde7d46370;
 .timescale -9 -12;
P_000002cde7ae5f20 .param/l "c" 0 9 55, +C4<0110>;
v000002cde7d335c0_0 .net "pe_in_act", 7 0, L_000002cde7e2d630;  1 drivers
v000002cde7d324e0_0 .net "pe_in_psum", 31 0, L_000002cde7e2e580;  1 drivers
v000002cde7d33340_0 .net "pe_in_weight", 7 0, L_000002cde7e139b0;  1 drivers
v000002cde7d33ac0_0 .net "pe_load_en", 0 0, L_000002cde7e150d0;  1 drivers
S_000002cde7d4a060 .scope generate, "genblk1" "genblk1" 9 61, 9 61 0, S_000002cde7d469b0;
 .timescale -9 -12;
L_000002cde7e2d630 .functor BUFZ 8, v000002cde7d2f560_0, C4<00000000>, C4<00000000>, C4<00000000>;
S_000002cde7d4ab50 .scope generate, "genblk2" "genblk2" 9 72, 9 72 0, S_000002cde7d469b0;
 .timescale -9 -12;
L_000002cde7e2e580 .functor BUFZ 32, v000002cde7d28620_0, C4<00000000000000000000000000000000>, C4<00000000000000000000000000000000>, C4<00000000000000000000000000000000>;
S_000002cde7d4a380 .scope module, "pe_inst" "pe" 9 91, 10 12 0, S_000002cde7d469b0;
 .timescale 0 0;
    .port_info 0 /INPUT 1 "clk";
    .port_info 1 /INPUT 1 "rst_n";
    .port_info 2 /INPUT 1 "en_compute";
    .port_info 3 /INPUT 1 "load_weight";
    .port_info 4 /INPUT 8 "in_act";
    .port_info 5 /INPUT 8 "in_weight";
    .port_info 6 /INPUT 32 "in_psum";
    .port_info 7 /OUTPUT 8 "out_act";
    .port_info 8 /OUTPUT 32 "out_psum";
v000002cde7d30aa0_0 .net "clk", 0 0, v000002cde7d9c770_0;  alias, 1 drivers
v000002cde7d30be0_0 .net "en_compute", 0 0, L_000002cde7db18a8;  alias, 1 drivers
v000002cde7d30f00_0 .net "in_act", 7 0, L_000002cde7e2d630;  alias, 1 drivers
v000002cde7d30fa0_0 .net "in_psum", 31 0, L_000002cde7e2e580;  alias, 1 drivers
v000002cde7d31040_0 .net "in_weight", 7 0, L_000002cde7e139b0;  alias, 1 drivers
v000002cde7d315e0_0 .net "load_weight", 0 0, L_000002cde7e150d0;  alias, 1 drivers
v000002cde7d31680_0 .var "out_act", 7 0;
v000002cde7d31860_0 .var "out_psum", 31 0;
v000002cde7d2f100_0 .var/s "reg_weight", 7 0;
v000002cde7d2f1a0_0 .net "rst_n", 0 0, L_000002cde7a71f90;  alias, 1 drivers
S_000002cde7d4a510 .scope generate, "COL_LOOP[7]" "COL_LOOP[7]" 9 55, 9 55 0, S_000002cde7d46370;
 .timescale -9 -12;
P_000002cde7ae68e0 .param/l "c" 0 9 55, +C4<0111>;
v000002cde7d31fe0_0 .net "pe_in_act", 7 0, L_000002cde7e2d860;  1 drivers
v000002cde7d33200_0 .net "pe_in_psum", 31 0, L_000002cde7e2d6a0;  1 drivers
v000002cde7d33520_0 .net "pe_in_weight", 7 0, L_000002cde7e15b70;  1 drivers
v000002cde7d33700_0 .net "pe_load_en", 0 0, L_000002cde7e13b90;  1 drivers
S_000002cde7d4a6a0 .scope generate, "genblk1" "genblk1" 9 61, 9 61 0, S_000002cde7d4a510;
 .timescale -9 -12;
L_000002cde7e2d860 .functor BUFZ 8, v000002cde7d31680_0, C4<00000000>, C4<00000000>, C4<00000000>;
S_000002cde7d4a830 .scope generate, "genblk2" "genblk2" 9 72, 9 72 0, S_000002cde7d4a510;
 .timescale -9 -12;
L_000002cde7e2d6a0 .functor BUFZ 32, v000002cde7d27900_0, C4<00000000000000000000000000000000>, C4<00000000000000000000000000000000>, C4<00000000000000000000000000000000>;
S_000002cde7d4a9c0 .scope module, "pe_inst" "pe" 9 91, 10 12 0, S_000002cde7d4a510;
 .timescale 0 0;
    .port_info 0 /INPUT 1 "clk";
    .port_info 1 /INPUT 1 "rst_n";
    .port_info 2 /INPUT 1 "en_compute";
    .port_info 3 /INPUT 1 "load_weight";
    .port_info 4 /INPUT 8 "in_act";
    .port_info 5 /INPUT 8 "in_weight";
    .port_info 6 /INPUT 32 "in_psum";
    .port_info 7 /OUTPUT 8 "out_act";
    .port_info 8 /OUTPUT 32 "out_psum";
v000002cde7d33e80_0 .net "clk", 0 0, v000002cde7d9c770_0;  alias, 1 drivers
v000002cde7d33840_0 .net "en_compute", 0 0, L_000002cde7db18a8;  alias, 1 drivers
v000002cde7d32b20_0 .net "in_act", 7 0, L_000002cde7e2d860;  alias, 1 drivers
v000002cde7d333e0_0 .net "in_psum", 31 0, L_000002cde7e2d6a0;  alias, 1 drivers
v000002cde7d338e0_0 .net "in_weight", 7 0, L_000002cde7e15b70;  alias, 1 drivers
v000002cde7d32da0_0 .net "load_weight", 0 0, L_000002cde7e13b90;  alias, 1 drivers
v000002cde7d34060_0 .var "out_act", 7 0;
v000002cde7d31900_0 .var "out_psum", 31 0;
v000002cde7d32ee0_0 .var/s "reg_weight", 7 0;
v000002cde7d33660_0 .net "rst_n", 0 0, L_000002cde7a71f90;  alias, 1 drivers
S_000002cde7d4ace0 .scope generate, "COL_LOOP[8]" "COL_LOOP[8]" 9 55, 9 55 0, S_000002cde7d46370;
 .timescale -9 -12;
P_000002cde7ae6f20 .param/l "c" 0 9 55, +C4<01000>;
v000002cde7d31a40_0 .net "pe_in_act", 7 0, L_000002cde7e2d940;  1 drivers
v000002cde7d32e40_0 .net "pe_in_psum", 31 0, L_000002cde7e2e040;  1 drivers
v000002cde7d32a80_0 .net "pe_in_weight", 7 0, L_000002cde7e15e90;  1 drivers
v000002cde7d321c0_0 .net "pe_load_en", 0 0, L_000002cde7e15c10;  1 drivers
S_000002cde7d4ae70 .scope generate, "genblk1" "genblk1" 9 61, 9 61 0, S_000002cde7d4ace0;
 .timescale -9 -12;
L_000002cde7e2d940 .functor BUFZ 8, v000002cde7d34060_0, C4<00000000>, C4<00000000>, C4<00000000>;
S_000002cde7d4b000 .scope generate, "genblk2" "genblk2" 9 72, 9 72 0, S_000002cde7d4ace0;
 .timescale -9 -12;
L_000002cde7e2e040 .functor BUFZ 32, v000002cde7d289e0_0, C4<00000000000000000000000000000000>, C4<00000000000000000000000000000000>, C4<00000000000000000000000000000000>;
S_000002cde7d4b190 .scope module, "pe_inst" "pe" 9 91, 10 12 0, S_000002cde7d4ace0;
 .timescale 0 0;
    .port_info 0 /INPUT 1 "clk";
    .port_info 1 /INPUT 1 "rst_n";
    .port_info 2 /INPUT 1 "en_compute";
    .port_info 3 /INPUT 1 "load_weight";
    .port_info 4 /INPUT 8 "in_act";
    .port_info 5 /INPUT 8 "in_weight";
    .port_info 6 /INPUT 32 "in_psum";
    .port_info 7 /OUTPUT 8 "out_act";
    .port_info 8 /OUTPUT 32 "out_psum";
v000002cde7d330c0_0 .net "clk", 0 0, v000002cde7d9c770_0;  alias, 1 drivers
v000002cde7d31ea0_0 .net "en_compute", 0 0, L_000002cde7db18a8;  alias, 1 drivers
v000002cde7d31cc0_0 .net "in_act", 7 0, L_000002cde7e2d940;  alias, 1 drivers
v000002cde7d32260_0 .net "in_psum", 31 0, L_000002cde7e2e040;  alias, 1 drivers
v000002cde7d32120_0 .net "in_weight", 7 0, L_000002cde7e15e90;  alias, 1 drivers
v000002cde7d32080_0 .net "load_weight", 0 0, L_000002cde7e15c10;  alias, 1 drivers
v000002cde7d33b60_0 .var "out_act", 7 0;
v000002cde7d332a0_0 .var "out_psum", 31 0;
v000002cde7d33480_0 .var/s "reg_weight", 7 0;
v000002cde7d32800_0 .net "rst_n", 0 0, L_000002cde7a71f90;  alias, 1 drivers
S_000002cde7d4b320 .scope generate, "COL_LOOP[9]" "COL_LOOP[9]" 9 55, 9 55 0, S_000002cde7d46370;
 .timescale -9 -12;
P_000002cde7ae6ea0 .param/l "c" 0 9 55, +C4<01001>;
v000002cde7d326c0_0 .net "pe_in_act", 7 0, L_000002cde7e2e0b0;  1 drivers
v000002cde7d32760_0 .net "pe_in_psum", 31 0, L_000002cde7e2e190;  1 drivers
v000002cde7d33160_0 .net "pe_in_weight", 7 0, L_000002cde7e15990;  1 drivers
v000002cde7d323a0_0 .net "pe_load_en", 0 0, L_000002cde7e155d0;  1 drivers
S_000002cde7d4c130 .scope generate, "genblk1" "genblk1" 9 61, 9 61 0, S_000002cde7d4b320;
 .timescale -9 -12;
L_000002cde7e2e0b0 .functor BUFZ 8, v000002cde7d33b60_0, C4<00000000>, C4<00000000>, C4<00000000>;
S_000002cde7d4b640 .scope generate, "genblk2" "genblk2" 9 72, 9 72 0, S_000002cde7d4b320;
 .timescale -9 -12;
L_000002cde7e2e190 .functor BUFZ 32, v000002cde7d29840_0, C4<00000000000000000000000000000000>, C4<00000000000000000000000000000000>, C4<00000000000000000000000000000000>;
S_000002cde7d4bfa0 .scope module, "pe_inst" "pe" 9 91, 10 12 0, S_000002cde7d4b320;
 .timescale 0 0;
    .port_info 0 /INPUT 1 "clk";
    .port_info 1 /INPUT 1 "rst_n";
    .port_info 2 /INPUT 1 "en_compute";
    .port_info 3 /INPUT 1 "load_weight";
    .port_info 4 /INPUT 8 "in_act";
    .port_info 5 /INPUT 8 "in_weight";
    .port_info 6 /INPUT 32 "in_psum";
    .port_info 7 /OUTPUT 8 "out_act";
    .port_info 8 /OUTPUT 32 "out_psum";
v000002cde7d32580_0 .net "clk", 0 0, v000002cde7d9c770_0;  alias, 1 drivers
v000002cde7d33a20_0 .net "en_compute", 0 0, L_000002cde7db18a8;  alias, 1 drivers
v000002cde7d32440_0 .net "in_act", 7 0, L_000002cde7e2e0b0;  alias, 1 drivers
v000002cde7d319a0_0 .net "in_psum", 31 0, L_000002cde7e2e190;  alias, 1 drivers
v000002cde7d31ae0_0 .net "in_weight", 7 0, L_000002cde7e15990;  alias, 1 drivers
v000002cde7d32300_0 .net "load_weight", 0 0, L_000002cde7e155d0;  alias, 1 drivers
v000002cde7d31f40_0 .var "out_act", 7 0;
v000002cde7d31d60_0 .var "out_psum", 31 0;
v000002cde7d32620_0 .var/s "reg_weight", 7 0;
v000002cde7d33c00_0 .net "rst_n", 0 0, L_000002cde7a71f90;  alias, 1 drivers
S_000002cde7d4cc20 .scope generate, "COL_LOOP[10]" "COL_LOOP[10]" 9 55, 9 55 0, S_000002cde7d46370;
 .timescale -9 -12;
P_000002cde7ae70a0 .param/l "c" 0 9 55, +C4<01010>;
v000002cde7d32bc0_0 .net "pe_in_act", 7 0, L_000002cde7e2e200;  1 drivers
v000002cde7d32c60_0 .net "pe_in_psum", 31 0, L_000002cde7e2e430;  1 drivers
v000002cde7d32d00_0 .net "pe_in_weight", 7 0, L_000002cde7e15df0;  1 drivers
v000002cde7d32f80_0 .net "pe_load_en", 0 0, L_000002cde7e15710;  1 drivers
S_000002cde7d4b7d0 .scope generate, "genblk1" "genblk1" 9 61, 9 61 0, S_000002cde7d4cc20;
 .timescale -9 -12;
L_000002cde7e2e200 .functor BUFZ 8, v000002cde7d31f40_0, C4<00000000>, C4<00000000>, C4<00000000>;
S_000002cde7d4c450 .scope generate, "genblk2" "genblk2" 9 72, 9 72 0, S_000002cde7d4cc20;
 .timescale -9 -12;
L_000002cde7e2e430 .functor BUFZ 32, v000002cde7d2b820_0, C4<00000000000000000000000000000000>, C4<00000000000000000000000000000000>, C4<00000000000000000000000000000000>;
S_000002cde7d4c2c0 .scope module, "pe_inst" "pe" 9 91, 10 12 0, S_000002cde7d4cc20;
 .timescale 0 0;
    .port_info 0 /INPUT 1 "clk";
    .port_info 1 /INPUT 1 "rst_n";
    .port_info 2 /INPUT 1 "en_compute";
    .port_info 3 /INPUT 1 "load_weight";
    .port_info 4 /INPUT 8 "in_act";
    .port_info 5 /INPUT 8 "in_weight";
    .port_info 6 /INPUT 32 "in_psum";
    .port_info 7 /OUTPUT 8 "out_act";
    .port_info 8 /OUTPUT 32 "out_psum";
v000002cde7d328a0_0 .net "clk", 0 0, v000002cde7d9c770_0;  alias, 1 drivers
v000002cde7d31e00_0 .net "en_compute", 0 0, L_000002cde7db18a8;  alias, 1 drivers
v000002cde7d33d40_0 .net "in_act", 7 0, L_000002cde7e2e200;  alias, 1 drivers
v000002cde7d32940_0 .net "in_psum", 31 0, L_000002cde7e2e430;  alias, 1 drivers
v000002cde7d329e0_0 .net "in_weight", 7 0, L_000002cde7e15df0;  alias, 1 drivers
v000002cde7d33de0_0 .net "load_weight", 0 0, L_000002cde7e15710;  alias, 1 drivers
v000002cde7d33020_0 .var "out_act", 7 0;
v000002cde7d33f20_0 .var "out_psum", 31 0;
v000002cde7d31b80_0 .var/s "reg_weight", 7 0;
v000002cde7d31c20_0 .net "rst_n", 0 0, L_000002cde7a71f90;  alias, 1 drivers
S_000002cde7d4b4b0 .scope generate, "COL_LOOP[11]" "COL_LOOP[11]" 9 55, 9 55 0, S_000002cde7d46370;
 .timescale -9 -12;
P_000002cde7ae6ee0 .param/l "c" 0 9 55, +C4<01011>;
v000002cde7d35a00_0 .net "pe_in_act", 7 0, L_000002cde7e2e5f0;  1 drivers
v000002cde7d34ba0_0 .net "pe_in_psum", 31 0, L_000002cde7e2d710;  1 drivers
v000002cde7d35aa0_0 .net "pe_in_weight", 7 0, L_000002cde7e15d50;  1 drivers
v000002cde7d34420_0 .net "pe_load_en", 0 0, L_000002cde7e15ad0;  1 drivers
S_000002cde7d4cdb0 .scope generate, "genblk1" "genblk1" 9 61, 9 61 0, S_000002cde7d4b4b0;
 .timescale -9 -12;
L_000002cde7e2e5f0 .functor BUFZ 8, v000002cde7d33020_0, C4<00000000>, C4<00000000>, C4<00000000>;
S_000002cde7d4b960 .scope generate, "genblk2" "genblk2" 9 72, 9 72 0, S_000002cde7d4b4b0;
 .timescale -9 -12;
L_000002cde7e2d710 .functor BUFZ 32, v000002cde7d2bb40_0, C4<00000000000000000000000000000000>, C4<00000000000000000000000000000000>, C4<00000000000000000000000000000000>;
S_000002cde7d4c5e0 .scope module, "pe_inst" "pe" 9 91, 10 12 0, S_000002cde7d4b4b0;
 .timescale 0 0;
    .port_info 0 /INPUT 1 "clk";
    .port_info 1 /INPUT 1 "rst_n";
    .port_info 2 /INPUT 1 "en_compute";
    .port_info 3 /INPUT 1 "load_weight";
    .port_info 4 /INPUT 8 "in_act";
    .port_info 5 /INPUT 8 "in_weight";
    .port_info 6 /INPUT 32 "in_psum";
    .port_info 7 /OUTPUT 8 "out_act";
    .port_info 8 /OUTPUT 32 "out_psum";
v000002cde7d35280_0 .net "clk", 0 0, v000002cde7d9c770_0;  alias, 1 drivers
v000002cde7d360e0_0 .net "en_compute", 0 0, L_000002cde7db18a8;  alias, 1 drivers
v000002cde7d35640_0 .net "in_act", 7 0, L_000002cde7e2e5f0;  alias, 1 drivers
v000002cde7d36400_0 .net "in_psum", 31 0, L_000002cde7e2d710;  alias, 1 drivers
v000002cde7d34740_0 .net "in_weight", 7 0, L_000002cde7e15d50;  alias, 1 drivers
v000002cde7d35960_0 .net "load_weight", 0 0, L_000002cde7e15ad0;  alias, 1 drivers
v000002cde7d34240_0 .var "out_act", 7 0;
v000002cde7d34d80_0 .var "out_psum", 31 0;
v000002cde7d35be0_0 .var/s "reg_weight", 7 0;
v000002cde7d36540_0 .net "rst_n", 0 0, L_000002cde7a71f90;  alias, 1 drivers
S_000002cde7d4baf0 .scope generate, "COL_LOOP[12]" "COL_LOOP[12]" 9 55, 9 55 0, S_000002cde7d46370;
 .timescale -9 -12;
P_000002cde7ae63a0 .param/l "c" 0 9 55, +C4<01100>;
v000002cde7d344c0_0 .net "pe_in_act", 7 0, L_000002cde7e2e660;  1 drivers
v000002cde7d355a0_0 .net "pe_in_psum", 31 0, L_000002cde7e2d780;  1 drivers
v000002cde7d35820_0 .net "pe_in_weight", 7 0, L_000002cde7e14c70;  1 drivers
v000002cde7d356e0_0 .net "pe_load_en", 0 0, L_000002cde7e15a30;  1 drivers
S_000002cde7d4c770 .scope generate, "genblk1" "genblk1" 9 61, 9 61 0, S_000002cde7d4baf0;
 .timescale -9 -12;
L_000002cde7e2e660 .functor BUFZ 8, v000002cde7d34240_0, C4<00000000>, C4<00000000>, C4<00000000>;
S_000002cde7d4c900 .scope generate, "genblk2" "genblk2" 9 72, 9 72 0, S_000002cde7d4baf0;
 .timescale -9 -12;
L_000002cde7e2d780 .functor BUFZ 32, v000002cde7d2c2c0_0, C4<00000000000000000000000000000000>, C4<00000000000000000000000000000000>, C4<00000000000000000000000000000000>;
S_000002cde7d4ca90 .scope module, "pe_inst" "pe" 9 91, 10 12 0, S_000002cde7d4baf0;
 .timescale 0 0;
    .port_info 0 /INPUT 1 "clk";
    .port_info 1 /INPUT 1 "rst_n";
    .port_info 2 /INPUT 1 "en_compute";
    .port_info 3 /INPUT 1 "load_weight";
    .port_info 4 /INPUT 8 "in_act";
    .port_info 5 /INPUT 8 "in_weight";
    .port_info 6 /INPUT 32 "in_psum";
    .port_info 7 /OUTPUT 8 "out_act";
    .port_info 8 /OUTPUT 32 "out_psum";
v000002cde7d34e20_0 .net "clk", 0 0, v000002cde7d9c770_0;  alias, 1 drivers
v000002cde7d353c0_0 .net "en_compute", 0 0, L_000002cde7db18a8;  alias, 1 drivers
v000002cde7d342e0_0 .net "in_act", 7 0, L_000002cde7e2e660;  alias, 1 drivers
v000002cde7d34600_0 .net "in_psum", 31 0, L_000002cde7e2d780;  alias, 1 drivers
v000002cde7d34920_0 .net "in_weight", 7 0, L_000002cde7e14c70;  alias, 1 drivers
v000002cde7d34380_0 .net "load_weight", 0 0, L_000002cde7e15a30;  alias, 1 drivers
v000002cde7d35780_0 .var "out_act", 7 0;
v000002cde7d35b40_0 .var "out_psum", 31 0;
v000002cde7d349c0_0 .var/s "reg_weight", 7 0;
v000002cde7d34ec0_0 .net "rst_n", 0 0, L_000002cde7a71f90;  alias, 1 drivers
S_000002cde7d4bc80 .scope generate, "COL_LOOP[13]" "COL_LOOP[13]" 9 55, 9 55 0, S_000002cde7d46370;
 .timescale -9 -12;
P_000002cde7ae70e0 .param/l "c" 0 9 55, +C4<01101>;
v000002cde7d35d20_0 .net "pe_in_act", 7 0, L_000002cde7e2e6d0;  1 drivers
v000002cde7d35000_0 .net "pe_in_psum", 31 0, L_000002cde7e2dd30;  1 drivers
v000002cde7d35140_0 .net "pe_in_weight", 7 0, L_000002cde7e15cb0;  1 drivers
v000002cde7d346a0_0 .net "pe_load_en", 0 0, L_000002cde7e143b0;  1 drivers
S_000002cde7d4be10 .scope generate, "genblk1" "genblk1" 9 61, 9 61 0, S_000002cde7d4bc80;
 .timescale -9 -12;
L_000002cde7e2e6d0 .functor BUFZ 8, v000002cde7d35780_0, C4<00000000>, C4<00000000>, C4<00000000>;
S_000002cde7d7cfe0 .scope generate, "genblk2" "genblk2" 9 72, 9 72 0, S_000002cde7d4bc80;
 .timescale -9 -12;
L_000002cde7e2dd30 .functor BUFZ 32, v000002cde7d2b140_0, C4<00000000000000000000000000000000>, C4<00000000000000000000000000000000>, C4<00000000000000000000000000000000>;
S_000002cde7d7e2a0 .scope module, "pe_inst" "pe" 9 91, 10 12 0, S_000002cde7d4bc80;
 .timescale 0 0;
    .port_info 0 /INPUT 1 "clk";
    .port_info 1 /INPUT 1 "rst_n";
    .port_info 2 /INPUT 1 "en_compute";
    .port_info 3 /INPUT 1 "load_weight";
    .port_info 4 /INPUT 8 "in_act";
    .port_info 5 /INPUT 8 "in_weight";
    .port_info 6 /INPUT 32 "in_psum";
    .port_info 7 /OUTPUT 8 "out_act";
    .port_info 8 /OUTPUT 32 "out_psum";
v000002cde7d36860_0 .net "clk", 0 0, v000002cde7d9c770_0;  alias, 1 drivers
v000002cde7d34f60_0 .net "en_compute", 0 0, L_000002cde7db18a8;  alias, 1 drivers
v000002cde7d36180_0 .net "in_act", 7 0, L_000002cde7e2e6d0;  alias, 1 drivers
v000002cde7d358c0_0 .net "in_psum", 31 0, L_000002cde7e2dd30;  alias, 1 drivers
v000002cde7d35c80_0 .net "in_weight", 7 0, L_000002cde7e15cb0;  alias, 1 drivers
v000002cde7d362c0_0 .net "load_weight", 0 0, L_000002cde7e143b0;  alias, 1 drivers
v000002cde7d34a60_0 .var "out_act", 7 0;
v000002cde7d35e60_0 .var "out_psum", 31 0;
v000002cde7d364a0_0 .var/s "reg_weight", 7 0;
v000002cde7d34560_0 .net "rst_n", 0 0, L_000002cde7a71f90;  alias, 1 drivers
S_000002cde7d7c680 .scope generate, "COL_LOOP[14]" "COL_LOOP[14]" 9 55, 9 55 0, S_000002cde7d46370;
 .timescale -9 -12;
P_000002cde7ae6220 .param/l "c" 0 9 55, +C4<01110>;
v000002cde7d35500_0 .net "pe_in_act", 7 0, L_000002cde7e2ec80;  1 drivers
v000002cde7d365e0_0 .net "pe_in_psum", 31 0, L_000002cde7e2eba0;  1 drivers
v000002cde7d36680_0 .net "pe_in_weight", 7 0, L_000002cde7e157b0;  1 drivers
v000002cde7d36720_0 .net "pe_load_en", 0 0, L_000002cde7e13730;  1 drivers
S_000002cde7d7bb90 .scope generate, "genblk1" "genblk1" 9 61, 9 61 0, S_000002cde7d7c680;
 .timescale -9 -12;
L_000002cde7e2ec80 .functor BUFZ 8, v000002cde7d34a60_0, C4<00000000>, C4<00000000>, C4<00000000>;
S_000002cde7d7ddf0 .scope generate, "genblk2" "genblk2" 9 72, 9 72 0, S_000002cde7d7c680;
 .timescale -9 -12;
L_000002cde7e2eba0 .functor BUFZ 32, v000002cde7d2cea0_0, C4<00000000000000000000000000000000>, C4<00000000000000000000000000000000>, C4<00000000000000000000000000000000>;
S_000002cde7d7c9a0 .scope module, "pe_inst" "pe" 9 91, 10 12 0, S_000002cde7d7c680;
 .timescale 0 0;
    .port_info 0 /INPUT 1 "clk";
    .port_info 1 /INPUT 1 "rst_n";
    .port_info 2 /INPUT 1 "en_compute";
    .port_info 3 /INPUT 1 "load_weight";
    .port_info 4 /INPUT 8 "in_act";
    .port_info 5 /INPUT 8 "in_weight";
    .port_info 6 /INPUT 32 "in_psum";
    .port_info 7 /OUTPUT 8 "out_act";
    .port_info 8 /OUTPUT 32 "out_psum";
v000002cde7d34b00_0 .net "clk", 0 0, v000002cde7d9c770_0;  alias, 1 drivers
v000002cde7d34c40_0 .net "en_compute", 0 0, L_000002cde7db18a8;  alias, 1 drivers
v000002cde7d347e0_0 .net "in_act", 7 0, L_000002cde7e2ec80;  alias, 1 drivers
v000002cde7d350a0_0 .net "in_psum", 31 0, L_000002cde7e2eba0;  alias, 1 drivers
v000002cde7d36360_0 .net "in_weight", 7 0, L_000002cde7e157b0;  alias, 1 drivers
v000002cde7d351e0_0 .net "load_weight", 0 0, L_000002cde7e13730;  alias, 1 drivers
v000002cde7d35dc0_0 .var "out_act", 7 0;
v000002cde7d341a0_0 .var "out_psum", 31 0;
v000002cde7d35320_0 .var/s "reg_weight", 7 0;
v000002cde7d35460_0 .net "rst_n", 0 0, L_000002cde7a71f90;  alias, 1 drivers
S_000002cde7d7dc60 .scope generate, "COL_LOOP[15]" "COL_LOOP[15]" 9 55, 9 55 0, S_000002cde7d46370;
 .timescale -9 -12;
P_000002cde7ae6920 .param/l "c" 0 9 55, +C4<01111>;
v000002cde7d38520_0 .net "pe_in_act", 7 0, L_000002cde7e2e7b0;  1 drivers
v000002cde7d37120_0 .net "pe_in_psum", 31 0, L_000002cde7e2e820;  1 drivers
v000002cde7d38020_0 .net "pe_in_weight", 7 0, L_000002cde7e15170;  1 drivers
v000002cde7d38d40_0 .net "pe_load_en", 0 0, L_000002cde7e13a50;  1 drivers
S_000002cde7d7c040 .scope generate, "genblk1" "genblk1" 9 61, 9 61 0, S_000002cde7d7dc60;
 .timescale -9 -12;
L_000002cde7e2e7b0 .functor BUFZ 8, v000002cde7d35dc0_0, C4<00000000>, C4<00000000>, C4<00000000>;
S_000002cde7d7ec00 .scope generate, "genblk2" "genblk2" 9 72, 9 72 0, S_000002cde7d7dc60;
 .timescale -9 -12;
L_000002cde7e2e820 .functor BUFZ 32, v000002cde7d2e200_0, C4<00000000000000000000000000000000>, C4<00000000000000000000000000000000>, C4<00000000000000000000000000000000>;
S_000002cde7d7bd20 .scope module, "pe_inst" "pe" 9 91, 10 12 0, S_000002cde7d7dc60;
 .timescale 0 0;
    .port_info 0 /INPUT 1 "clk";
    .port_info 1 /INPUT 1 "rst_n";
    .port_info 2 /INPUT 1 "en_compute";
    .port_info 3 /INPUT 1 "load_weight";
    .port_info 4 /INPUT 8 "in_act";
    .port_info 5 /INPUT 8 "in_weight";
    .port_info 6 /INPUT 32 "in_psum";
    .port_info 7 /OUTPUT 8 "out_act";
    .port_info 8 /OUTPUT 32 "out_psum";
v000002cde7d35fa0_0 .net "clk", 0 0, v000002cde7d9c770_0;  alias, 1 drivers
v000002cde7d36040_0 .net "en_compute", 0 0, L_000002cde7db18a8;  alias, 1 drivers
v000002cde7d367c0_0 .net "in_act", 7 0, L_000002cde7e2e7b0;  alias, 1 drivers
v000002cde7d38c00_0 .net "in_psum", 31 0, L_000002cde7e2e820;  alias, 1 drivers
v000002cde7d37a80_0 .net "in_weight", 7 0, L_000002cde7e15170;  alias, 1 drivers
v000002cde7d36b80_0 .net "load_weight", 0 0, L_000002cde7e13a50;  alias, 1 drivers
v000002cde7d38160_0 .var "out_act", 7 0;
v000002cde7d38ca0_0 .var "out_psum", 31 0;
v000002cde7d38fc0_0 .var/s "reg_weight", 7 0;
v000002cde7d37bc0_0 .net "rst_n", 0 0, L_000002cde7a71f90;  alias, 1 drivers
S_000002cde7d7c810 .scope generate, "ROW_LOOP[10]" "ROW_LOOP[10]" 9 54, 9 54 0, S_000002cde7c86a10;
 .timescale -9 -12;
P_000002cde7ae65a0 .param/l "r" 0 9 54, +C4<01010>;
S_000002cde7d7e430 .scope generate, "COL_LOOP[0]" "COL_LOOP[0]" 9 55, 9 55 0, S_000002cde7d7c810;
 .timescale -9 -12;
P_000002cde7ae6ae0 .param/l "c" 0 9 55, +C4<00>;
v000002cde7d385c0_0 .net "pe_in_act", 7 0, L_000002cde7e141d0;  1 drivers
v000002cde7d371c0_0 .net "pe_in_psum", 31 0, L_000002cde7e2e890;  1 drivers
v000002cde7d380c0_0 .net "pe_in_weight", 7 0, L_000002cde7e14db0;  1 drivers
v000002cde7d36ae0_0 .net "pe_load_en", 0 0, L_000002cde7e14270;  1 drivers
S_000002cde7d7c1d0 .scope generate, "genblk1" "genblk1" 9 61, 9 61 0, S_000002cde7d7e430;
 .timescale -9 -12;
S_000002cde7d7ed90 .scope generate, "genblk2" "genblk2" 9 72, 9 72 0, S_000002cde7d7e430;
 .timescale -9 -12;
L_000002cde7e2e890 .functor BUFZ 32, v000002cde7d2cfe0_0, C4<00000000000000000000000000000000>, C4<00000000000000000000000000000000>, C4<00000000000000000000000000000000>;
S_000002cde7d7beb0 .scope module, "pe_inst" "pe" 9 91, 10 12 0, S_000002cde7d7e430;
 .timescale 0 0;
    .port_info 0 /INPUT 1 "clk";
    .port_info 1 /INPUT 1 "rst_n";
    .port_info 2 /INPUT 1 "en_compute";
    .port_info 3 /INPUT 1 "load_weight";
    .port_info 4 /INPUT 8 "in_act";
    .port_info 5 /INPUT 8 "in_weight";
    .port_info 6 /INPUT 32 "in_psum";
    .port_info 7 /OUTPUT 8 "out_act";
    .port_info 8 /OUTPUT 32 "out_psum";
v000002cde7d37620_0 .net "clk", 0 0, v000002cde7d9c770_0;  alias, 1 drivers
v000002cde7d37b20_0 .net "en_compute", 0 0, L_000002cde7db18a8;  alias, 1 drivers
v000002cde7d388e0_0 .net "in_act", 7 0, L_000002cde7e141d0;  alias, 1 drivers
v000002cde7d38de0_0 .net "in_psum", 31 0, L_000002cde7e2e890;  alias, 1 drivers
v000002cde7d37c60_0 .net "in_weight", 7 0, L_000002cde7e14db0;  alias, 1 drivers
v000002cde7d36c20_0 .net "load_weight", 0 0, L_000002cde7e14270;  alias, 1 drivers
v000002cde7d38200_0 .var "out_act", 7 0;
v000002cde7d38e80_0 .var "out_psum", 31 0;
v000002cde7d39060_0 .var/s "reg_weight", 7 0;
v000002cde7d37d00_0 .net "rst_n", 0 0, L_000002cde7a71f90;  alias, 1 drivers
S_000002cde7d7c360 .scope generate, "COL_LOOP[1]" "COL_LOOP[1]" 9 55, 9 55 0, S_000002cde7d7c810;
 .timescale -9 -12;
P_000002cde7ae6460 .param/l "c" 0 9 55, +C4<01>;
v000002cde7d37940_0 .net "pe_in_act", 7 0, L_000002cde7e2ecf0;  1 drivers
v000002cde7d382a0_0 .net "pe_in_psum", 31 0, L_000002cde7e2eac0;  1 drivers
v000002cde7d38340_0 .net "pe_in_weight", 7 0, L_000002cde7e13c30;  1 drivers
v000002cde7d36ea0_0 .net "pe_load_en", 0 0, L_000002cde7e148b0;  1 drivers
S_000002cde7d7ba00 .scope generate, "genblk1" "genblk1" 9 61, 9 61 0, S_000002cde7d7c360;
 .timescale -9 -12;
L_000002cde7e2ecf0 .functor BUFZ 8, v000002cde7d38200_0, C4<00000000>, C4<00000000>, C4<00000000>;
S_000002cde7d7b870 .scope generate, "genblk2" "genblk2" 9 72, 9 72 0, S_000002cde7d7c360;
 .timescale -9 -12;
L_000002cde7e2eac0 .functor BUFZ 32, v000002cde7d2db20_0, C4<00000000000000000000000000000000>, C4<00000000000000000000000000000000>, C4<00000000000000000000000000000000>;
S_000002cde7d7d300 .scope module, "pe_inst" "pe" 9 91, 10 12 0, S_000002cde7d7c360;
 .timescale 0 0;
    .port_info 0 /INPUT 1 "clk";
    .port_info 1 /INPUT 1 "rst_n";
    .port_info 2 /INPUT 1 "en_compute";
    .port_info 3 /INPUT 1 "load_weight";
    .port_info 4 /INPUT 8 "in_act";
    .port_info 5 /INPUT 8 "in_weight";
    .port_info 6 /INPUT 32 "in_psum";
    .port_info 7 /OUTPUT 8 "out_act";
    .port_info 8 /OUTPUT 32 "out_psum";
v000002cde7d37080_0 .net "clk", 0 0, v000002cde7d9c770_0;  alias, 1 drivers
v000002cde7d36e00_0 .net "en_compute", 0 0, L_000002cde7db18a8;  alias, 1 drivers
v000002cde7d37da0_0 .net "in_act", 7 0, L_000002cde7e2ecf0;  alias, 1 drivers
v000002cde7d36cc0_0 .net "in_psum", 31 0, L_000002cde7e2eac0;  alias, 1 drivers
v000002cde7d37e40_0 .net "in_weight", 7 0, L_000002cde7e13c30;  alias, 1 drivers
v000002cde7d36a40_0 .net "load_weight", 0 0, L_000002cde7e148b0;  alias, 1 drivers
v000002cde7d38980_0 .var "out_act", 7 0;
v000002cde7d37f80_0 .var "out_psum", 31 0;
v000002cde7d37ee0_0 .var/s "reg_weight", 7 0;
v000002cde7d37300_0 .net "rst_n", 0 0, L_000002cde7a71f90;  alias, 1 drivers
S_000002cde7d7c4f0 .scope generate, "COL_LOOP[2]" "COL_LOOP[2]" 9 55, 9 55 0, S_000002cde7d7c810;
 .timescale -9 -12;
P_000002cde7ae6b20 .param/l "c" 0 9 55, +C4<010>;
v000002cde7d38ac0_0 .net "pe_in_act", 7 0, L_000002cde7e2eb30;  1 drivers
v000002cde7d36d60_0 .net "pe_in_psum", 31 0, L_000002cde7e2e900;  1 drivers
v000002cde7d373a0_0 .net "pe_in_weight", 7 0, L_000002cde7e14bd0;  1 drivers
v000002cde7d36900_0 .net "pe_load_en", 0 0, L_000002cde7e137d0;  1 drivers
S_000002cde7d7cb30 .scope generate, "genblk1" "genblk1" 9 61, 9 61 0, S_000002cde7d7c4f0;
 .timescale -9 -12;
L_000002cde7e2eb30 .functor BUFZ 8, v000002cde7d38980_0, C4<00000000>, C4<00000000>, C4<00000000>;
S_000002cde7d7e5c0 .scope generate, "genblk2" "genblk2" 9 72, 9 72 0, S_000002cde7d7c4f0;
 .timescale -9 -12;
L_000002cde7e2e900 .functor BUFZ 32, v000002cde7d31360_0, C4<00000000000000000000000000000000>, C4<00000000000000000000000000000000>, C4<00000000000000000000000000000000>;
S_000002cde7d7ccc0 .scope module, "pe_inst" "pe" 9 91, 10 12 0, S_000002cde7d7c4f0;
 .timescale 0 0;
    .port_info 0 /INPUT 1 "clk";
    .port_info 1 /INPUT 1 "rst_n";
    .port_info 2 /INPUT 1 "en_compute";
    .port_info 3 /INPUT 1 "load_weight";
    .port_info 4 /INPUT 8 "in_act";
    .port_info 5 /INPUT 8 "in_weight";
    .port_info 6 /INPUT 32 "in_psum";
    .port_info 7 /OUTPUT 8 "out_act";
    .port_info 8 /OUTPUT 32 "out_psum";
v000002cde7d383e0_0 .net "clk", 0 0, v000002cde7d9c770_0;  alias, 1 drivers
v000002cde7d38700_0 .net "en_compute", 0 0, L_000002cde7db18a8;  alias, 1 drivers
v000002cde7d38480_0 .net "in_act", 7 0, L_000002cde7e2eb30;  alias, 1 drivers
v000002cde7d387a0_0 .net "in_psum", 31 0, L_000002cde7e2e900;  alias, 1 drivers
v000002cde7d38840_0 .net "in_weight", 7 0, L_000002cde7e14bd0;  alias, 1 drivers
v000002cde7d376c0_0 .net "load_weight", 0 0, L_000002cde7e137d0;  alias, 1 drivers
v000002cde7d38a20_0 .var "out_act", 7 0;
v000002cde7d379e0_0 .var "out_psum", 31 0;
v000002cde7d38b60_0 .var/s "reg_weight", 7 0;
v000002cde7d38f20_0 .net "rst_n", 0 0, L_000002cde7a71f90;  alias, 1 drivers
S_000002cde7d7d170 .scope generate, "COL_LOOP[3]" "COL_LOOP[3]" 9 55, 9 55 0, S_000002cde7d7c810;
 .timescale -9 -12;
P_000002cde7ae6160 .param/l "c" 0 9 55, +C4<011>;
v000002cde7d39880_0 .net "pe_in_act", 7 0, L_000002cde7e2ed60;  1 drivers
v000002cde7d39240_0 .net "pe_in_psum", 31 0, L_000002cde7e2e970;  1 drivers
v000002cde7d39c40_0 .net "pe_in_weight", 7 0, L_000002cde7e15350;  1 drivers
v000002cde7d39920_0 .net "pe_load_en", 0 0, L_000002cde7e13870;  1 drivers
S_000002cde7d7e750 .scope generate, "genblk1" "genblk1" 9 61, 9 61 0, S_000002cde7d7d170;
 .timescale -9 -12;
L_000002cde7e2ed60 .functor BUFZ 8, v000002cde7d38a20_0, C4<00000000>, C4<00000000>, C4<00000000>;
S_000002cde7d7df80 .scope generate, "genblk2" "genblk2" 9 72, 9 72 0, S_000002cde7d7d170;
 .timescale -9 -12;
L_000002cde7e2e970 .functor BUFZ 32, v000002cde7d2f880_0, C4<00000000000000000000000000000000>, C4<00000000000000000000000000000000>, C4<00000000000000000000000000000000>;
S_000002cde7d7e8e0 .scope module, "pe_inst" "pe" 9 91, 10 12 0, S_000002cde7d7d170;
 .timescale 0 0;
    .port_info 0 /INPUT 1 "clk";
    .port_info 1 /INPUT 1 "rst_n";
    .port_info 2 /INPUT 1 "en_compute";
    .port_info 3 /INPUT 1 "load_weight";
    .port_info 4 /INPUT 8 "in_act";
    .port_info 5 /INPUT 8 "in_weight";
    .port_info 6 /INPUT 32 "in_psum";
    .port_info 7 /OUTPUT 8 "out_act";
    .port_info 8 /OUTPUT 32 "out_psum";
v000002cde7d36f40_0 .net "clk", 0 0, v000002cde7d9c770_0;  alias, 1 drivers
v000002cde7d37760_0 .net "en_compute", 0 0, L_000002cde7db18a8;  alias, 1 drivers
v000002cde7d36fe0_0 .net "in_act", 7 0, L_000002cde7e2ed60;  alias, 1 drivers
v000002cde7d37440_0 .net "in_psum", 31 0, L_000002cde7e2e970;  alias, 1 drivers
v000002cde7d37580_0 .net "in_weight", 7 0, L_000002cde7e15350;  alias, 1 drivers
v000002cde7d37800_0 .net "load_weight", 0 0, L_000002cde7e13870;  alias, 1 drivers
v000002cde7d378a0_0 .var "out_act", 7 0;
v000002cde7d3ad20_0 .var "out_psum", 31 0;
v000002cde7d39ba0_0 .var/s "reg_weight", 7 0;
v000002cde7d39f60_0 .net "rst_n", 0 0, L_000002cde7a71f90;  alias, 1 drivers
S_000002cde7d7d940 .scope generate, "COL_LOOP[4]" "COL_LOOP[4]" 9 55, 9 55 0, S_000002cde7d7c810;
 .timescale -9 -12;
P_000002cde7ae6c20 .param/l "c" 0 9 55, +C4<0100>;
v000002cde7d3a960_0 .net "pe_in_act", 7 0, L_000002cde7e2e9e0;  1 drivers
v000002cde7d3b220_0 .net "pe_in_psum", 31 0, L_000002cde7e2ea50;  1 drivers
v000002cde7d39740_0 .net "pe_in_weight", 7 0, L_000002cde7e15850;  1 drivers
v000002cde7d3b400_0 .net "pe_load_en", 0 0, L_000002cde7e15210;  1 drivers
S_000002cde7d7ce50 .scope generate, "genblk1" "genblk1" 9 61, 9 61 0, S_000002cde7d7d940;
 .timescale -9 -12;
L_000002cde7e2e9e0 .functor BUFZ 8, v000002cde7d378a0_0, C4<00000000>, C4<00000000>, C4<00000000>;
S_000002cde7d7ea70 .scope generate, "genblk2" "genblk2" 9 72, 9 72 0, S_000002cde7d7d940;
 .timescale -9 -12;
L_000002cde7e2ea50 .functor BUFZ 32, v000002cde7d2f2e0_0, C4<00000000000000000000000000000000>, C4<00000000000000000000000000000000>, C4<00000000000000000000000000000000>;
S_000002cde7d7d490 .scope module, "pe_inst" "pe" 9 91, 10 12 0, S_000002cde7d7d940;
 .timescale 0 0;
    .port_info 0 /INPUT 1 "clk";
    .port_info 1 /INPUT 1 "rst_n";
    .port_info 2 /INPUT 1 "en_compute";
    .port_info 3 /INPUT 1 "load_weight";
    .port_info 4 /INPUT 8 "in_act";
    .port_info 5 /INPUT 8 "in_weight";
    .port_info 6 /INPUT 32 "in_psum";
    .port_info 7 /OUTPUT 8 "out_act";
    .port_info 8 /OUTPUT 32 "out_psum";
v000002cde7d3b2c0_0 .net "clk", 0 0, v000002cde7d9c770_0;  alias, 1 drivers
v000002cde7d3a780_0 .net "en_compute", 0 0, L_000002cde7db18a8;  alias, 1 drivers
v000002cde7d3ac80_0 .net "in_act", 7 0, L_000002cde7e2e9e0;  alias, 1 drivers
v000002cde7d399c0_0 .net "in_psum", 31 0, L_000002cde7e2ea50;  alias, 1 drivers
v000002cde7d3b680_0 .net "in_weight", 7 0, L_000002cde7e15850;  alias, 1 drivers
v000002cde7d39d80_0 .net "load_weight", 0 0, L_000002cde7e15210;  alias, 1 drivers
v000002cde7d39a60_0 .var "out_act", 7 0;
v000002cde7d3a140_0 .var "out_psum", 31 0;
v000002cde7d3a460_0 .var/s "reg_weight", 7 0;
v000002cde7d3b860_0 .net "rst_n", 0 0, L_000002cde7a71f90;  alias, 1 drivers
S_000002cde7d7d620 .scope generate, "COL_LOOP[5]" "COL_LOOP[5]" 9 55, 9 55 0, S_000002cde7d7c810;
 .timescale -9 -12;
P_000002cde7ae6da0 .param/l "c" 0 9 55, +C4<0101>;
v000002cde7d3b360_0 .net "pe_in_act", 7 0, L_000002cde7e2ec10;  1 drivers
v000002cde7d3a0a0_0 .net "pe_in_psum", 31 0, L_000002cde7e2edd0;  1 drivers
v000002cde7d3a820_0 .net "pe_in_weight", 7 0, L_000002cde7e13af0;  1 drivers
v000002cde7d39600_0 .net "pe_load_en", 0 0, L_000002cde7e13cd0;  1 drivers
S_000002cde7d7d7b0 .scope generate, "genblk1" "genblk1" 9 61, 9 61 0, S_000002cde7d7d620;
 .timescale -9 -12;
L_000002cde7e2ec10 .functor BUFZ 8, v000002cde7d39a60_0, C4<00000000>, C4<00000000>, C4<00000000>;
S_000002cde7d7dad0 .scope generate, "genblk2" "genblk2" 9 72, 9 72 0, S_000002cde7d7d620;
 .timescale -9 -12;
L_000002cde7e2edd0 .functor BUFZ 32, v000002cde7d30500_0, C4<00000000000000000000000000000000>, C4<00000000000000000000000000000000>, C4<00000000000000000000000000000000>;
S_000002cde7d7e110 .scope module, "pe_inst" "pe" 9 91, 10 12 0, S_000002cde7d7d620;
 .timescale 0 0;
    .port_info 0 /INPUT 1 "clk";
    .port_info 1 /INPUT 1 "rst_n";
    .port_info 2 /INPUT 1 "en_compute";
    .port_info 3 /INPUT 1 "load_weight";
    .port_info 4 /INPUT 8 "in_act";
    .port_info 5 /INPUT 8 "in_weight";
    .port_info 6 /INPUT 32 "in_psum";
    .port_info 7 /OUTPUT 8 "out_act";
    .port_info 8 /OUTPUT 32 "out_psum";
v000002cde7d3ae60_0 .net "clk", 0 0, v000002cde7d9c770_0;  alias, 1 drivers
v000002cde7d3b540_0 .net "en_compute", 0 0, L_000002cde7db18a8;  alias, 1 drivers
v000002cde7d3adc0_0 .net "in_act", 7 0, L_000002cde7e2ec10;  alias, 1 drivers
v000002cde7d39100_0 .net "in_psum", 31 0, L_000002cde7e2edd0;  alias, 1 drivers
v000002cde7d3b4a0_0 .net "in_weight", 7 0, L_000002cde7e13af0;  alias, 1 drivers
v000002cde7d39b00_0 .net "load_weight", 0 0, L_000002cde7e13cd0;  alias, 1 drivers
v000002cde7d397e0_0 .var "out_act", 7 0;
v000002cde7d3b040_0 .var "out_psum", 31 0;
v000002cde7d396a0_0 .var/s "reg_weight", 7 0;
v000002cde7d39ce0_0 .net "rst_n", 0 0, L_000002cde7a71f90;  alias, 1 drivers
S_000002cde7d72bd0 .scope generate, "COL_LOOP[6]" "COL_LOOP[6]" 9 55, 9 55 0, S_000002cde7d7c810;
 .timescale -9 -12;
P_000002cde7ae6720 .param/l "c" 0 9 55, +C4<0110>;
v000002cde7d3a280_0 .net "pe_in_act", 7 0, L_000002cde7e2ee40;  1 drivers
v000002cde7d39380_0 .net "pe_in_psum", 31 0, L_000002cde7e2e740;  1 drivers
v000002cde7d39420_0 .net "pe_in_weight", 7 0, L_000002cde7e13e10;  1 drivers
v000002cde7d391a0_0 .net "pe_load_en", 0 0, L_000002cde7e15490;  1 drivers
S_000002cde7d72ef0 .scope generate, "genblk1" "genblk1" 9 61, 9 61 0, S_000002cde7d72bd0;
 .timescale -9 -12;
L_000002cde7e2ee40 .functor BUFZ 8, v000002cde7d397e0_0, C4<00000000>, C4<00000000>, C4<00000000>;
S_000002cde7d6fb60 .scope generate, "genblk2" "genblk2" 9 72, 9 72 0, S_000002cde7d72bd0;
 .timescale -9 -12;
L_000002cde7e2e740 .functor BUFZ 32, v000002cde7d31860_0, C4<00000000000000000000000000000000>, C4<00000000000000000000000000000000>, C4<00000000000000000000000000000000>;
S_000002cde7d70330 .scope module, "pe_inst" "pe" 9 91, 10 12 0, S_000002cde7d72bd0;
 .timescale 0 0;
    .port_info 0 /INPUT 1 "clk";
    .port_info 1 /INPUT 1 "rst_n";
    .port_info 2 /INPUT 1 "en_compute";
    .port_info 3 /INPUT 1 "load_weight";
    .port_info 4 /INPUT 8 "in_act";
    .port_info 5 /INPUT 8 "in_weight";
    .port_info 6 /INPUT 32 "in_psum";
    .port_info 7 /OUTPUT 8 "out_act";
    .port_info 8 /OUTPUT 32 "out_psum";
v000002cde7d3a3c0_0 .net "clk", 0 0, v000002cde7d9c770_0;  alias, 1 drivers
v000002cde7d3aa00_0 .net "en_compute", 0 0, L_000002cde7db18a8;  alias, 1 drivers
v000002cde7d39ec0_0 .net "in_act", 7 0, L_000002cde7e2ee40;  alias, 1 drivers
v000002cde7d3b180_0 .net "in_psum", 31 0, L_000002cde7e2e740;  alias, 1 drivers
v000002cde7d392e0_0 .net "in_weight", 7 0, L_000002cde7e13e10;  alias, 1 drivers
v000002cde7d3b720_0 .net "load_weight", 0 0, L_000002cde7e15490;  alias, 1 drivers
v000002cde7d3a000_0 .var "out_act", 7 0;
v000002cde7d3a6e0_0 .var "out_psum", 31 0;
v000002cde7d3b7c0_0 .var/s "reg_weight", 7 0;
v000002cde7d3a1e0_0 .net "rst_n", 0 0, L_000002cde7a71f90;  alias, 1 drivers
S_000002cde7d71c30 .scope generate, "COL_LOOP[7]" "COL_LOOP[7]" 9 55, 9 55 0, S_000002cde7d7c810;
 .timescale -9 -12;
P_000002cde7ae61a0 .param/l "c" 0 9 55, +C4<0111>;
v000002cde7d3afa0_0 .net "pe_in_act", 7 0, L_000002cde7e2c8a0;  1 drivers
v000002cde7d3c080_0 .net "pe_in_psum", 31 0, L_000002cde7e2b330;  1 drivers
v000002cde7d3b9a0_0 .net "pe_in_weight", 7 0, L_000002cde7e144f0;  1 drivers
v000002cde7d3dac0_0 .net "pe_load_en", 0 0, L_000002cde7e13eb0;  1 drivers
S_000002cde7d6f200 .scope generate, "genblk1" "genblk1" 9 61, 9 61 0, S_000002cde7d71c30;
 .timescale -9 -12;
L_000002cde7e2c8a0 .functor BUFZ 8, v000002cde7d3a000_0, C4<00000000>, C4<00000000>, C4<00000000>;
S_000002cde7d6f070 .scope generate, "genblk2" "genblk2" 9 72, 9 72 0, S_000002cde7d71c30;
 .timescale -9 -12;
L_000002cde7e2b330 .functor BUFZ 32, v000002cde7d31900_0, C4<00000000000000000000000000000000>, C4<00000000000000000000000000000000>, C4<00000000000000000000000000000000>;
S_000002cde7d704c0 .scope module, "pe_inst" "pe" 9 91, 10 12 0, S_000002cde7d71c30;
 .timescale 0 0;
    .port_info 0 /INPUT 1 "clk";
    .port_info 1 /INPUT 1 "rst_n";
    .port_info 2 /INPUT 1 "en_compute";
    .port_info 3 /INPUT 1 "load_weight";
    .port_info 4 /INPUT 8 "in_act";
    .port_info 5 /INPUT 8 "in_weight";
    .port_info 6 /INPUT 32 "in_psum";
    .port_info 7 /OUTPUT 8 "out_act";
    .port_info 8 /OUTPUT 32 "out_psum";
v000002cde7d3a320_0 .net "clk", 0 0, v000002cde7d9c770_0;  alias, 1 drivers
v000002cde7d3a500_0 .net "en_compute", 0 0, L_000002cde7db18a8;  alias, 1 drivers
v000002cde7d39560_0 .net "in_act", 7 0, L_000002cde7e2c8a0;  alias, 1 drivers
v000002cde7d3a5a0_0 .net "in_psum", 31 0, L_000002cde7e2b330;  alias, 1 drivers
v000002cde7d3a640_0 .net "in_weight", 7 0, L_000002cde7e144f0;  alias, 1 drivers
v000002cde7d3a8c0_0 .net "load_weight", 0 0, L_000002cde7e13eb0;  alias, 1 drivers
v000002cde7d3aaa0_0 .var "out_act", 7 0;
v000002cde7d3ab40_0 .var "out_psum", 31 0;
v000002cde7d3abe0_0 .var/s "reg_weight", 7 0;
v000002cde7d3af00_0 .net "rst_n", 0 0, L_000002cde7a71f90;  alias, 1 drivers
S_000002cde7d6fcf0 .scope generate, "COL_LOOP[8]" "COL_LOOP[8]" 9 55, 9 55 0, S_000002cde7d7c810;
 .timescale -9 -12;
P_000002cde7ae6c60 .param/l "c" 0 9 55, +C4<01000>;
v000002cde7d3d020_0 .net "pe_in_act", 7 0, L_000002cde7e2b090;  1 drivers
v000002cde7d3bae0_0 .net "pe_in_psum", 31 0, L_000002cde7e2bfe0;  1 drivers
v000002cde7d3d520_0 .net "pe_in_weight", 7 0, L_000002cde7e13f50;  1 drivers
v000002cde7d3c800_0 .net "pe_load_en", 0 0, L_000002cde7e13ff0;  1 drivers
S_000002cde7d6fe80 .scope generate, "genblk1" "genblk1" 9 61, 9 61 0, S_000002cde7d6fcf0;
 .timescale -9 -12;
L_000002cde7e2b090 .functor BUFZ 8, v000002cde7d3aaa0_0, C4<00000000>, C4<00000000>, C4<00000000>;
S_000002cde7d70970 .scope generate, "genblk2" "genblk2" 9 72, 9 72 0, S_000002cde7d6fcf0;
 .timescale -9 -12;
L_000002cde7e2bfe0 .functor BUFZ 32, v000002cde7d332a0_0, C4<00000000000000000000000000000000>, C4<00000000000000000000000000000000>, C4<00000000000000000000000000000000>;
S_000002cde7d72400 .scope module, "pe_inst" "pe" 9 91, 10 12 0, S_000002cde7d6fcf0;
 .timescale 0 0;
    .port_info 0 /INPUT 1 "clk";
    .port_info 1 /INPUT 1 "rst_n";
    .port_info 2 /INPUT 1 "en_compute";
    .port_info 3 /INPUT 1 "load_weight";
    .port_info 4 /INPUT 8 "in_act";
    .port_info 5 /INPUT 8 "in_weight";
    .port_info 6 /INPUT 32 "in_psum";
    .port_info 7 /OUTPUT 8 "out_act";
    .port_info 8 /OUTPUT 32 "out_psum";
v000002cde7d3dc00_0 .net "clk", 0 0, v000002cde7d9c770_0;  alias, 1 drivers
v000002cde7d3dca0_0 .net "en_compute", 0 0, L_000002cde7db18a8;  alias, 1 drivers
v000002cde7d3ca80_0 .net "in_act", 7 0, L_000002cde7e2b090;  alias, 1 drivers
v000002cde7d3dd40_0 .net "in_psum", 31 0, L_000002cde7e2bfe0;  alias, 1 drivers
v000002cde7d3ba40_0 .net "in_weight", 7 0, L_000002cde7e13f50;  alias, 1 drivers
v000002cde7d3dfc0_0 .net "load_weight", 0 0, L_000002cde7e13ff0;  alias, 1 drivers
v000002cde7d3d3e0_0 .var "out_act", 7 0;
v000002cde7d3d8e0_0 .var "out_psum", 31 0;
v000002cde7d3bd60_0 .var/s "reg_weight", 7 0;
v000002cde7d3d480_0 .net "rst_n", 0 0, L_000002cde7a71f90;  alias, 1 drivers
S_000002cde7d6f520 .scope generate, "COL_LOOP[9]" "COL_LOOP[9]" 9 55, 9 55 0, S_000002cde7d7c810;
 .timescale -9 -12;
P_000002cde7ae61e0 .param/l "c" 0 9 55, +C4<01001>;
v000002cde7d3e060_0 .net "pe_in_act", 7 0, L_000002cde7e2c600;  1 drivers
v000002cde7d3d980_0 .net "pe_in_psum", 31 0, L_000002cde7e2b100;  1 drivers
v000002cde7d3cda0_0 .net "pe_in_weight", 7 0, L_000002cde7e14090;  1 drivers
v000002cde7d3d160_0 .net "pe_load_en", 0 0, L_000002cde7e14130;  1 drivers
S_000002cde7d701a0 .scope generate, "genblk1" "genblk1" 9 61, 9 61 0, S_000002cde7d6f520;
 .timescale -9 -12;
L_000002cde7e2c600 .functor BUFZ 8, v000002cde7d3d3e0_0, C4<00000000>, C4<00000000>, C4<00000000>;
S_000002cde7d70650 .scope generate, "genblk2" "genblk2" 9 72, 9 72 0, S_000002cde7d6f520;
 .timescale -9 -12;
L_000002cde7e2b100 .functor BUFZ 32, v000002cde7d31d60_0, C4<00000000000000000000000000000000>, C4<00000000000000000000000000000000>, C4<00000000000000000000000000000000>;
S_000002cde7d70010 .scope module, "pe_inst" "pe" 9 91, 10 12 0, S_000002cde7d6f520;
 .timescale 0 0;
    .port_info 0 /INPUT 1 "clk";
    .port_info 1 /INPUT 1 "rst_n";
    .port_info 2 /INPUT 1 "en_compute";
    .port_info 3 /INPUT 1 "load_weight";
    .port_info 4 /INPUT 8 "in_act";
    .port_info 5 /INPUT 8 "in_weight";
    .port_info 6 /INPUT 32 "in_psum";
    .port_info 7 /OUTPUT 8 "out_act";
    .port_info 8 /OUTPUT 32 "out_psum";
v000002cde7d3db60_0 .net "clk", 0 0, v000002cde7d9c770_0;  alias, 1 drivers
v000002cde7d3bea0_0 .net "en_compute", 0 0, L_000002cde7db18a8;  alias, 1 drivers
v000002cde7d3cc60_0 .net "in_act", 7 0, L_000002cde7e2c600;  alias, 1 drivers
v000002cde7d3bb80_0 .net "in_psum", 31 0, L_000002cde7e2b100;  alias, 1 drivers
v000002cde7d3dde0_0 .net "in_weight", 7 0, L_000002cde7e14090;  alias, 1 drivers
v000002cde7d3d660_0 .net "load_weight", 0 0, L_000002cde7e14130;  alias, 1 drivers
v000002cde7d3ce40_0 .var "out_act", 7 0;
v000002cde7d3c1c0_0 .var "out_psum", 31 0;
v000002cde7d3d700_0 .var/s "reg_weight", 7 0;
v000002cde7d3cf80_0 .net "rst_n", 0 0, L_000002cde7a71f90;  alias, 1 drivers
S_000002cde7d72720 .scope generate, "COL_LOOP[10]" "COL_LOOP[10]" 9 55, 9 55 0, S_000002cde7d7c810;
 .timescale -9 -12;
P_000002cde7ae6660 .param/l "c" 0 9 55, +C4<01010>;
v000002cde7d3be00_0 .net "pe_in_act", 7 0, L_000002cde7e2c590;  1 drivers
v000002cde7d3bf40_0 .net "pe_in_psum", 31 0, L_000002cde7e2c750;  1 drivers
v000002cde7d3cbc0_0 .net "pe_in_weight", 7 0, L_000002cde7e14590;  1 drivers
v000002cde7d3c120_0 .net "pe_load_en", 0 0, L_000002cde7e14450;  1 drivers
S_000002cde7d71dc0 .scope generate, "genblk1" "genblk1" 9 61, 9 61 0, S_000002cde7d72720;
 .timescale -9 -12;
L_000002cde7e2c590 .functor BUFZ 8, v000002cde7d3ce40_0, C4<00000000>, C4<00000000>, C4<00000000>;
S_000002cde7d715f0 .scope generate, "genblk2" "genblk2" 9 72, 9 72 0, S_000002cde7d72720;
 .timescale -9 -12;
L_000002cde7e2c750 .functor BUFZ 32, v000002cde7d33f20_0, C4<00000000000000000000000000000000>, C4<00000000000000000000000000000000>, C4<00000000000000000000000000000000>;
S_000002cde7d707e0 .scope module, "pe_inst" "pe" 9 91, 10 12 0, S_000002cde7d72720;
 .timescale 0 0;
    .port_info 0 /INPUT 1 "clk";
    .port_info 1 /INPUT 1 "rst_n";
    .port_info 2 /INPUT 1 "en_compute";
    .port_info 3 /INPUT 1 "load_weight";
    .port_info 4 /INPUT 8 "in_act";
    .port_info 5 /INPUT 8 "in_weight";
    .port_info 6 /INPUT 32 "in_psum";
    .port_info 7 /OUTPUT 8 "out_act";
    .port_info 8 /OUTPUT 32 "out_psum";
v000002cde7d3d7a0_0 .net "clk", 0 0, v000002cde7d9c770_0;  alias, 1 drivers
v000002cde7d3d840_0 .net "en_compute", 0 0, L_000002cde7db18a8;  alias, 1 drivers
v000002cde7d3de80_0 .net "in_act", 7 0, L_000002cde7e2c590;  alias, 1 drivers
v000002cde7d3c440_0 .net "in_psum", 31 0, L_000002cde7e2c750;  alias, 1 drivers
v000002cde7d3da20_0 .net "in_weight", 7 0, L_000002cde7e14590;  alias, 1 drivers
v000002cde7d3df20_0 .net "load_weight", 0 0, L_000002cde7e14450;  alias, 1 drivers
v000002cde7d3b900_0 .var "out_act", 7 0;
v000002cde7d3c3a0_0 .var "out_psum", 31 0;
v000002cde7d3bc20_0 .var/s "reg_weight", 7 0;
v000002cde7d3bcc0_0 .net "rst_n", 0 0, L_000002cde7a71f90;  alias, 1 drivers
S_000002cde7d712d0 .scope generate, "COL_LOOP[11]" "COL_LOOP[11]" 9 55, 9 55 0, S_000002cde7d7c810;
 .timescale -9 -12;
P_000002cde7ae62a0 .param/l "c" 0 9 55, +C4<01011>;
v000002cde7d3c940_0 .net "pe_in_act", 7 0, L_000002cde7e2cad0;  1 drivers
v000002cde7d3c9e0_0 .net "pe_in_psum", 31 0, L_000002cde7e2c910;  1 drivers
v000002cde7d3cb20_0 .net "pe_in_weight", 7 0, L_000002cde7e14ef0;  1 drivers
v000002cde7d3d200_0 .net "pe_load_en", 0 0, L_000002cde7e14630;  1 drivers
S_000002cde7d71aa0 .scope generate, "genblk1" "genblk1" 9 61, 9 61 0, S_000002cde7d712d0;
 .timescale -9 -12;
L_000002cde7e2cad0 .functor BUFZ 8, v000002cde7d3b900_0, C4<00000000>, C4<00000000>, C4<00000000>;
S_000002cde7d71f50 .scope generate, "genblk2" "genblk2" 9 72, 9 72 0, S_000002cde7d712d0;
 .timescale -9 -12;
L_000002cde7e2c910 .functor BUFZ 32, v000002cde7d34d80_0, C4<00000000000000000000000000000000>, C4<00000000000000000000000000000000>, C4<00000000000000000000000000000000>;
S_000002cde7d71910 .scope module, "pe_inst" "pe" 9 91, 10 12 0, S_000002cde7d712d0;
 .timescale 0 0;
    .port_info 0 /INPUT 1 "clk";
    .port_info 1 /INPUT 1 "rst_n";
    .port_info 2 /INPUT 1 "en_compute";
    .port_info 3 /INPUT 1 "load_weight";
    .port_info 4 /INPUT 8 "in_act";
    .port_info 5 /INPUT 8 "in_weight";
    .port_info 6 /INPUT 32 "in_psum";
    .port_info 7 /OUTPUT 8 "out_act";
    .port_info 8 /OUTPUT 32 "out_psum";
v000002cde7d3d2a0_0 .net "clk", 0 0, v000002cde7d9c770_0;  alias, 1 drivers
v000002cde7d3c300_0 .net "en_compute", 0 0, L_000002cde7db18a8;  alias, 1 drivers
v000002cde7d3c580_0 .net "in_act", 7 0, L_000002cde7e2cad0;  alias, 1 drivers
v000002cde7d3cd00_0 .net "in_psum", 31 0, L_000002cde7e2c910;  alias, 1 drivers
v000002cde7d3d0c0_0 .net "in_weight", 7 0, L_000002cde7e14ef0;  alias, 1 drivers
v000002cde7d3c4e0_0 .net "load_weight", 0 0, L_000002cde7e14630;  alias, 1 drivers
v000002cde7d3c620_0 .var "out_act", 7 0;
v000002cde7d3c6c0_0 .var "out_psum", 31 0;
v000002cde7d3cee0_0 .var/s "reg_weight", 7 0;
v000002cde7d3c8a0_0 .net "rst_n", 0 0, L_000002cde7a71f90;  alias, 1 drivers
S_000002cde7d71140 .scope generate, "COL_LOOP[12]" "COL_LOOP[12]" 9 55, 9 55 0, S_000002cde7d7c810;
 .timescale -9 -12;
P_000002cde7ae6820 .param/l "c" 0 9 55, +C4<01100>;
v000002cde7d3ffa0_0 .net "pe_in_act", 7 0, L_000002cde7e2c7c0;  1 drivers
v000002cde7d40040_0 .net "pe_in_psum", 31 0, L_000002cde7e2c980;  1 drivers
v000002cde7d3e1a0_0 .net "pe_in_weight", 7 0, L_000002cde7e14810;  1 drivers
v000002cde7d3e2e0_0 .net "pe_load_en", 0 0, L_000002cde7e14950;  1 drivers
S_000002cde7d6f6b0 .scope generate, "genblk1" "genblk1" 9 61, 9 61 0, S_000002cde7d71140;
 .timescale -9 -12;
L_000002cde7e2c7c0 .functor BUFZ 8, v000002cde7d3c620_0, C4<00000000>, C4<00000000>, C4<00000000>;
S_000002cde7d71460 .scope generate, "genblk2" "genblk2" 9 72, 9 72 0, S_000002cde7d71140;
 .timescale -9 -12;
L_000002cde7e2c980 .functor BUFZ 32, v000002cde7d35b40_0, C4<00000000000000000000000000000000>, C4<00000000000000000000000000000000>, C4<00000000000000000000000000000000>;
S_000002cde7d733a0 .scope module, "pe_inst" "pe" 9 91, 10 12 0, S_000002cde7d71140;
 .timescale 0 0;
    .port_info 0 /INPUT 1 "clk";
    .port_info 1 /INPUT 1 "rst_n";
    .port_info 2 /INPUT 1 "en_compute";
    .port_info 3 /INPUT 1 "load_weight";
    .port_info 4 /INPUT 8 "in_act";
    .port_info 5 /INPUT 8 "in_weight";
    .port_info 6 /INPUT 32 "in_psum";
    .port_info 7 /OUTPUT 8 "out_act";
    .port_info 8 /OUTPUT 32 "out_psum";
v000002cde7d3e6a0_0 .net "clk", 0 0, v000002cde7d9c770_0;  alias, 1 drivers
v000002cde7d40180_0 .net "en_compute", 0 0, L_000002cde7db18a8;  alias, 1 drivers
v000002cde7d407c0_0 .net "in_act", 7 0, L_000002cde7e2c7c0;  alias, 1 drivers
v000002cde7d3e100_0 .net "in_psum", 31 0, L_000002cde7e2c980;  alias, 1 drivers
v000002cde7d3f6e0_0 .net "in_weight", 7 0, L_000002cde7e14810;  alias, 1 drivers
v000002cde7d3fe60_0 .net "load_weight", 0 0, L_000002cde7e14950;  alias, 1 drivers
v000002cde7d3e4c0_0 .var "out_act", 7 0;
v000002cde7d3ece0_0 .var "out_psum", 31 0;
v000002cde7d3fdc0_0 .var/s "reg_weight", 7 0;
v000002cde7d3ff00_0 .net "rst_n", 0 0, L_000002cde7a71f90;  alias, 1 drivers
S_000002cde7d73210 .scope generate, "COL_LOOP[13]" "COL_LOOP[13]" 9 55, 9 55 0, S_000002cde7d7c810;
 .timescale -9 -12;
P_000002cde7ae6ca0 .param/l "c" 0 9 55, +C4<01101>;
v000002cde7d3f3c0_0 .net "pe_in_act", 7 0, L_000002cde7e2ca60;  1 drivers
v000002cde7d3e9c0_0 .net "pe_in_psum", 31 0, L_000002cde7e2afb0;  1 drivers
v000002cde7d40220_0 .net "pe_in_weight", 7 0, L_000002cde7e149f0;  1 drivers
v000002cde7d3f460_0 .net "pe_load_en", 0 0, L_000002cde7e14a90;  1 drivers
S_000002cde7d720e0 .scope generate, "genblk1" "genblk1" 9 61, 9 61 0, S_000002cde7d73210;
 .timescale -9 -12;
L_000002cde7e2ca60 .functor BUFZ 8, v000002cde7d3e4c0_0, C4<00000000>, C4<00000000>, C4<00000000>;
S_000002cde7d71780 .scope generate, "genblk2" "genblk2" 9 72, 9 72 0, S_000002cde7d73210;
 .timescale -9 -12;
L_000002cde7e2afb0 .functor BUFZ 32, v000002cde7d35e60_0, C4<00000000000000000000000000000000>, C4<00000000000000000000000000000000>, C4<00000000000000000000000000000000>;
S_000002cde7d70b00 .scope module, "pe_inst" "pe" 9 91, 10 12 0, S_000002cde7d73210;
 .timescale 0 0;
    .port_info 0 /INPUT 1 "clk";
    .port_info 1 /INPUT 1 "rst_n";
    .port_info 2 /INPUT 1 "en_compute";
    .port_info 3 /INPUT 1 "load_weight";
    .port_info 4 /INPUT 8 "in_act";
    .port_info 5 /INPUT 8 "in_weight";
    .port_info 6 /INPUT 32 "in_psum";
    .port_info 7 /OUTPUT 8 "out_act";
    .port_info 8 /OUTPUT 32 "out_psum";
v000002cde7d3e920_0 .net "clk", 0 0, v000002cde7d9c770_0;  alias, 1 drivers
v000002cde7d3eba0_0 .net "en_compute", 0 0, L_000002cde7db18a8;  alias, 1 drivers
v000002cde7d3e7e0_0 .net "in_act", 7 0, L_000002cde7e2ca60;  alias, 1 drivers
v000002cde7d3ef60_0 .net "in_psum", 31 0, L_000002cde7e2afb0;  alias, 1 drivers
v000002cde7d3f8c0_0 .net "in_weight", 7 0, L_000002cde7e149f0;  alias, 1 drivers
v000002cde7d40860_0 .net "load_weight", 0 0, L_000002cde7e14a90;  alias, 1 drivers
v000002cde7d405e0_0 .var "out_act", 7 0;
v000002cde7d40680_0 .var "out_psum", 31 0;
v000002cde7d3eec0_0 .var/s "reg_weight", 7 0;
v000002cde7d40720_0 .net "rst_n", 0 0, L_000002cde7a71f90;  alias, 1 drivers
S_000002cde7d72a40 .scope generate, "COL_LOOP[14]" "COL_LOOP[14]" 9 55, 9 55 0, S_000002cde7d7c810;
 .timescale -9 -12;
P_000002cde7ae6de0 .param/l "c" 0 9 55, +C4<01110>;
v000002cde7d3ec40_0 .net "pe_in_act", 7 0, L_000002cde7e2c9f0;  1 drivers
v000002cde7d3f960_0 .net "pe_in_psum", 31 0, L_000002cde7e2b410;  1 drivers
v000002cde7d3ed80_0 .net "pe_in_weight", 7 0, L_000002cde7e14b30;  1 drivers
v000002cde7d3e600_0 .net "pe_load_en", 0 0, L_000002cde7e14d10;  1 drivers
S_000002cde7d72d60 .scope generate, "genblk1" "genblk1" 9 61, 9 61 0, S_000002cde7d72a40;
 .timescale -9 -12;
L_000002cde7e2c9f0 .functor BUFZ 8, v000002cde7d405e0_0, C4<00000000>, C4<00000000>, C4<00000000>;
S_000002cde7d70c90 .scope generate, "genblk2" "genblk2" 9 72, 9 72 0, S_000002cde7d72a40;
 .timescale -9 -12;
L_000002cde7e2b410 .functor BUFZ 32, v000002cde7d341a0_0, C4<00000000000000000000000000000000>, C4<00000000000000000000000000000000>, C4<00000000000000000000000000000000>;
S_000002cde7d70e20 .scope module, "pe_inst" "pe" 9 91, 10 12 0, S_000002cde7d72a40;
 .timescale 0 0;
    .port_info 0 /INPUT 1 "clk";
    .port_info 1 /INPUT 1 "rst_n";
    .port_info 2 /INPUT 1 "en_compute";
    .port_info 3 /INPUT 1 "load_weight";
    .port_info 4 /INPUT 8 "in_act";
    .port_info 5 /INPUT 8 "in_weight";
    .port_info 6 /INPUT 32 "in_psum";
    .port_info 7 /OUTPUT 8 "out_act";
    .port_info 8 /OUTPUT 32 "out_psum";
v000002cde7d3ea60_0 .net "clk", 0 0, v000002cde7d9c770_0;  alias, 1 drivers
v000002cde7d3f000_0 .net "en_compute", 0 0, L_000002cde7db18a8;  alias, 1 drivers
v000002cde7d3e240_0 .net "in_act", 7 0, L_000002cde7e2c9f0;  alias, 1 drivers
v000002cde7d3e740_0 .net "in_psum", 31 0, L_000002cde7e2b410;  alias, 1 drivers
v000002cde7d3eb00_0 .net "in_weight", 7 0, L_000002cde7e14b30;  alias, 1 drivers
v000002cde7d3faa0_0 .net "load_weight", 0 0, L_000002cde7e14d10;  alias, 1 drivers
v000002cde7d40400_0 .var "out_act", 7 0;
v000002cde7d3fa00_0 .var "out_psum", 31 0;
v000002cde7d402c0_0 .var/s "reg_weight", 7 0;
v000002cde7d3ee20_0 .net "rst_n", 0 0, L_000002cde7a71f90;  alias, 1 drivers
S_000002cde7d70fb0 .scope generate, "COL_LOOP[15]" "COL_LOOP[15]" 9 55, 9 55 0, S_000002cde7d7c810;
 .timescale -9 -12;
P_000002cde7ae6320 .param/l "c" 0 9 55, +C4<01111>;
v000002cde7d3f320_0 .net "pe_in_act", 7 0, L_000002cde7e2be20;  1 drivers
v000002cde7d3e420_0 .net "pe_in_psum", 31 0, L_000002cde7e2bb80;  1 drivers
v000002cde7d3fd20_0 .net "pe_in_weight", 7 0, L_000002cde7e14e50;  1 drivers
v000002cde7d3f500_0 .net "pe_load_en", 0 0, L_000002cde7e153f0;  1 drivers
S_000002cde7d72270 .scope generate, "genblk1" "genblk1" 9 61, 9 61 0, S_000002cde7d70fb0;
 .timescale -9 -12;
L_000002cde7e2be20 .functor BUFZ 8, v000002cde7d40400_0, C4<00000000>, C4<00000000>, C4<00000000>;
S_000002cde7d6f840 .scope generate, "genblk2" "genblk2" 9 72, 9 72 0, S_000002cde7d70fb0;
 .timescale -9 -12;
L_000002cde7e2bb80 .functor BUFZ 32, v000002cde7d38ca0_0, C4<00000000000000000000000000000000>, C4<00000000000000000000000000000000>, C4<00000000000000000000000000000000>;
S_000002cde7d73080 .scope module, "pe_inst" "pe" 9 91, 10 12 0, S_000002cde7d70fb0;
 .timescale 0 0;
    .port_info 0 /INPUT 1 "clk";
    .port_info 1 /INPUT 1 "rst_n";
    .port_info 2 /INPUT 1 "en_compute";
    .port_info 3 /INPUT 1 "load_weight";
    .port_info 4 /INPUT 8 "in_act";
    .port_info 5 /INPUT 8 "in_weight";
    .port_info 6 /INPUT 32 "in_psum";
    .port_info 7 /OUTPUT 8 "out_act";
    .port_info 8 /OUTPUT 32 "out_psum";
v000002cde7d40360_0 .net "clk", 0 0, v000002cde7d9c770_0;  alias, 1 drivers
v000002cde7d3e380_0 .net "en_compute", 0 0, L_000002cde7db18a8;  alias, 1 drivers
v000002cde7d3f140_0 .net "in_act", 7 0, L_000002cde7e2be20;  alias, 1 drivers
v000002cde7d3fb40_0 .net "in_psum", 31 0, L_000002cde7e2bb80;  alias, 1 drivers
v000002cde7d3fbe0_0 .net "in_weight", 7 0, L_000002cde7e14e50;  alias, 1 drivers
v000002cde7d3f1e0_0 .net "load_weight", 0 0, L_000002cde7e153f0;  alias, 1 drivers
v000002cde7d3e880_0 .var "out_act", 7 0;
v000002cde7d3f780_0 .var "out_psum", 31 0;
v000002cde7d3fc80_0 .var/s "reg_weight", 7 0;
v000002cde7d3f280_0 .net "rst_n", 0 0, L_000002cde7a71f90;  alias, 1 drivers
S_000002cde7d728b0 .scope generate, "ROW_LOOP[11]" "ROW_LOOP[11]" 9 54, 9 54 0, S_000002cde7c86a10;
 .timescale -9 -12;
P_000002cde7ae7ca0 .param/l "r" 0 9 54, +C4<01011>;
S_000002cde7d6f9d0 .scope generate, "COL_LOOP[0]" "COL_LOOP[0]" 9 55, 9 55 0, S_000002cde7d728b0;
 .timescale -9 -12;
P_000002cde7ae7f20 .param/l "c" 0 9 55, +C4<00>;
v000002cde7d41800_0 .net "pe_in_act", 7 0, L_000002cde7e182d0;  1 drivers
v000002cde7d41f80_0 .net "pe_in_psum", 31 0, L_000002cde7e2b790;  1 drivers
v000002cde7d413a0_0 .net "pe_in_weight", 7 0, L_000002cde7e18230;  1 drivers
v000002cde7d411c0_0 .net "pe_load_en", 0 0, L_000002cde7e15f30;  1 drivers
S_000002cde7d72590 .scope generate, "genblk1" "genblk1" 9 61, 9 61 0, S_000002cde7d6f9d0;
 .timescale -9 -12;
S_000002cde7d6f390 .scope generate, "genblk2" "genblk2" 9 72, 9 72 0, S_000002cde7d6f9d0;
 .timescale -9 -12;
L_000002cde7e2b790 .functor BUFZ 32, v000002cde7d38e80_0, C4<00000000000000000000000000000000>, C4<00000000000000000000000000000000>, C4<00000000000000000000000000000000>;
S_000002cde7d73530 .scope generate, "genblk3" "genblk3" 9 106, 9 106 0, S_000002cde7d6f9d0;
 .timescale -9 -12;
L_000002cde7e2bc60 .functor BUFZ 32, v000002cde7d42160_0, C4<00000000000000000000000000000000>, C4<00000000000000000000000000000000>, C4<00000000000000000000000000000000>;
v000002cde7d3f5a0_0 .net *"_ivl_2", 31 0, L_000002cde7e2bc60;  1 drivers
S_000002cde7d736c0 .scope module, "pe_inst" "pe" 9 91, 10 12 0, S_000002cde7d6f9d0;
 .timescale 0 0;
    .port_info 0 /INPUT 1 "clk";
    .port_info 1 /INPUT 1 "rst_n";
    .port_info 2 /INPUT 1 "en_compute";
    .port_info 3 /INPUT 1 "load_weight";
    .port_info 4 /INPUT 8 "in_act";
    .port_info 5 /INPUT 8 "in_weight";
    .port_info 6 /INPUT 32 "in_psum";
    .port_info 7 /OUTPUT 8 "out_act";
    .port_info 8 /OUTPUT 32 "out_psum";
v000002cde7d404a0_0 .net "clk", 0 0, v000002cde7d9c770_0;  alias, 1 drivers
v000002cde7d3f820_0 .net "en_compute", 0 0, L_000002cde7db18a8;  alias, 1 drivers
v000002cde7d40540_0 .net "in_act", 7 0, L_000002cde7e182d0;  alias, 1 drivers
v000002cde7d428e0_0 .net "in_psum", 31 0, L_000002cde7e2b790;  alias, 1 drivers
v000002cde7d40d60_0 .net "in_weight", 7 0, L_000002cde7e18230;  alias, 1 drivers
v000002cde7d423e0_0 .net "load_weight", 0 0, L_000002cde7e15f30;  alias, 1 drivers
v000002cde7d41760_0 .var "out_act", 7 0;
v000002cde7d42160_0 .var "out_psum", 31 0;
v000002cde7d42200_0 .var/s "reg_weight", 7 0;
v000002cde7d42020_0 .net "rst_n", 0 0, L_000002cde7a71f90;  alias, 1 drivers
S_000002cde7d74ca0 .scope generate, "COL_LOOP[1]" "COL_LOOP[1]" 9 55, 9 55 0, S_000002cde7d728b0;
 .timescale -9 -12;
P_000002cde7ae7aa0 .param/l "c" 0 9 55, +C4<01>;
v000002cde7d40cc0_0 .net "pe_in_act", 7 0, L_000002cde7e2af40;  1 drivers
v000002cde7d42660_0 .net "pe_in_psum", 31 0, L_000002cde7e2b6b0;  1 drivers
v000002cde7d42700_0 .net "pe_in_weight", 7 0, L_000002cde7e16070;  1 drivers
v000002cde7d418a0_0 .net "pe_load_en", 0 0, L_000002cde7e17f10;  1 drivers
S_000002cde7d74020 .scope generate, "genblk1" "genblk1" 9 61, 9 61 0, S_000002cde7d74ca0;
 .timescale -9 -12;
L_000002cde7e2af40 .functor BUFZ 8, v000002cde7d41760_0, C4<00000000>, C4<00000000>, C4<00000000>;
S_000002cde7d73b70 .scope generate, "genblk2" "genblk2" 9 72, 9 72 0, S_000002cde7d74ca0;
 .timescale -9 -12;
L_000002cde7e2b6b0 .functor BUFZ 32, v000002cde7d37f80_0, C4<00000000000000000000000000000000>, C4<00000000000000000000000000000000>, C4<00000000000000000000000000000000>;
S_000002cde7d739e0 .scope generate, "genblk3" "genblk3" 9 106, 9 106 0, S_000002cde7d74ca0;
 .timescale -9 -12;
L_000002cde7e2bf70 .functor BUFZ 32, v000002cde7d42340_0, C4<00000000000000000000000000000000>, C4<00000000000000000000000000000000>, C4<00000000000000000000000000000000>;
v000002cde7d42ac0_0 .net *"_ivl_2", 31 0, L_000002cde7e2bf70;  1 drivers
S_000002cde7d73850 .scope module, "pe_inst" "pe" 9 91, 10 12 0, S_000002cde7d74ca0;
 .timescale 0 0;
    .port_info 0 /INPUT 1 "clk";
    .port_info 1 /INPUT 1 "rst_n";
    .port_info 2 /INPUT 1 "en_compute";
    .port_info 3 /INPUT 1 "load_weight";
    .port_info 4 /INPUT 8 "in_act";
    .port_info 5 /INPUT 8 "in_weight";
    .port_info 6 /INPUT 32 "in_psum";
    .port_info 7 /OUTPUT 8 "out_act";
    .port_info 8 /OUTPUT 32 "out_psum";
v000002cde7d41300_0 .net "clk", 0 0, v000002cde7d9c770_0;  alias, 1 drivers
v000002cde7d420c0_0 .net "en_compute", 0 0, L_000002cde7db18a8;  alias, 1 drivers
v000002cde7d42480_0 .net "in_act", 7 0, L_000002cde7e2af40;  alias, 1 drivers
v000002cde7d422a0_0 .net "in_psum", 31 0, L_000002cde7e2b6b0;  alias, 1 drivers
v000002cde7d41a80_0 .net "in_weight", 7 0, L_000002cde7e16070;  alias, 1 drivers
v000002cde7d41c60_0 .net "load_weight", 0 0, L_000002cde7e17f10;  alias, 1 drivers
v000002cde7d43060_0 .var "out_act", 7 0;
v000002cde7d42340_0 .var "out_psum", 31 0;
v000002cde7d42980_0 .var/s "reg_weight", 7 0;
v000002cde7d41da0_0 .net "rst_n", 0 0, L_000002cde7a71f90;  alias, 1 drivers
S_000002cde7d73d00 .scope generate, "COL_LOOP[2]" "COL_LOOP[2]" 9 55, 9 55 0, S_000002cde7d728b0;
 .timescale -9 -12;
P_000002cde7ae7460 .param/l "c" 0 9 55, +C4<010>;
v000002cde7d41620_0 .net "pe_in_act", 7 0, L_000002cde7e2c670;  1 drivers
v000002cde7d42840_0 .net "pe_in_psum", 31 0, L_000002cde7e2b020;  1 drivers
v000002cde7d40f40_0 .net "pe_in_weight", 7 0, L_000002cde7e178d0;  1 drivers
v000002cde7d41e40_0 .net "pe_load_en", 0 0, L_000002cde7e16430;  1 drivers
S_000002cde7d73e90 .scope generate, "genblk1" "genblk1" 9 61, 9 61 0, S_000002cde7d73d00;
 .timescale -9 -12;
L_000002cde7e2c670 .functor BUFZ 8, v000002cde7d43060_0, C4<00000000>, C4<00000000>, C4<00000000>;
S_000002cde7d741b0 .scope generate, "genblk2" "genblk2" 9 72, 9 72 0, S_000002cde7d73d00;
 .timescale -9 -12;
L_000002cde7e2b020 .functor BUFZ 32, v000002cde7d379e0_0, C4<00000000000000000000000000000000>, C4<00000000000000000000000000000000>, C4<00000000000000000000000000000000>;
S_000002cde7d74340 .scope generate, "genblk3" "genblk3" 9 106, 9 106 0, S_000002cde7d73d00;
 .timescale -9 -12;
L_000002cde7e2c0c0 .functor BUFZ 32, v000002cde7d427a0_0, C4<00000000000000000000000000000000>, C4<00000000000000000000000000000000>, C4<00000000000000000000000000000000>;
v000002cde7d42b60_0 .net *"_ivl_2", 31 0, L_000002cde7e2c0c0;  1 drivers
S_000002cde7d744d0 .scope module, "pe_inst" "pe" 9 91, 10 12 0, S_000002cde7d73d00;
 .timescale 0 0;
    .port_info 0 /INPUT 1 "clk";
    .port_info 1 /INPUT 1 "rst_n";
    .port_info 2 /INPUT 1 "en_compute";
    .port_info 3 /INPUT 1 "load_weight";
    .port_info 4 /INPUT 8 "in_act";
    .port_info 5 /INPUT 8 "in_weight";
    .port_info 6 /INPUT 32 "in_psum";
    .port_info 7 /OUTPUT 8 "out_act";
    .port_info 8 /OUTPUT 32 "out_psum";
v000002cde7d42a20_0 .net "clk", 0 0, v000002cde7d9c770_0;  alias, 1 drivers
v000002cde7d40900_0 .net "en_compute", 0 0, L_000002cde7db18a8;  alias, 1 drivers
v000002cde7d42520_0 .net "in_act", 7 0, L_000002cde7e2c670;  alias, 1 drivers
v000002cde7d41120_0 .net "in_psum", 31 0, L_000002cde7e2b020;  alias, 1 drivers
v000002cde7d41940_0 .net "in_weight", 7 0, L_000002cde7e178d0;  alias, 1 drivers
v000002cde7d40a40_0 .net "load_weight", 0 0, L_000002cde7e16430;  alias, 1 drivers
v000002cde7d425c0_0 .var "out_act", 7 0;
v000002cde7d427a0_0 .var "out_psum", 31 0;
v000002cde7d40ea0_0 .var/s "reg_weight", 7 0;
v000002cde7d41580_0 .net "rst_n", 0 0, L_000002cde7a71f90;  alias, 1 drivers
S_000002cde7d747f0 .scope generate, "COL_LOOP[3]" "COL_LOOP[3]" 9 55, 9 55 0, S_000002cde7d728b0;
 .timescale -9 -12;
P_000002cde7ae7f60 .param/l "c" 0 9 55, +C4<011>;
v000002cde7d42de0_0 .net "pe_in_act", 7 0, L_000002cde7e2bcd0;  1 drivers
v000002cde7d42e80_0 .net "pe_in_psum", 31 0, L_000002cde7e2b1e0;  1 drivers
v000002cde7d416c0_0 .net "pe_in_weight", 7 0, L_000002cde7e167f0;  1 drivers
v000002cde7d41b20_0 .net "pe_load_en", 0 0, L_000002cde7e16c50;  1 drivers
S_000002cde7d74660 .scope generate, "genblk1" "genblk1" 9 61, 9 61 0, S_000002cde7d747f0;
 .timescale -9 -12;
L_000002cde7e2bcd0 .functor BUFZ 8, v000002cde7d425c0_0, C4<00000000>, C4<00000000>, C4<00000000>;
S_000002cde7d74980 .scope generate, "genblk2" "genblk2" 9 72, 9 72 0, S_000002cde7d747f0;
 .timescale -9 -12;
L_000002cde7e2b1e0 .functor BUFZ 32, v000002cde7d3ad20_0, C4<00000000000000000000000000000000>, C4<00000000000000000000000000000000>, C4<00000000000000000000000000000000>;
S_000002cde7d74b10 .scope generate, "genblk3" "genblk3" 9 106, 9 106 0, S_000002cde7d747f0;
 .timescale -9 -12;
L_000002cde7e2be90 .functor BUFZ 32, v000002cde7d42ca0_0, C4<00000000000000000000000000000000>, C4<00000000000000000000000000000000>, C4<00000000000000000000000000000000>;
v000002cde7d40ae0_0 .net *"_ivl_2", 31 0, L_000002cde7e2be90;  1 drivers
S_000002cde7d74e30 .scope module, "pe_inst" "pe" 9 91, 10 12 0, S_000002cde7d747f0;
 .timescale 0 0;
    .port_info 0 /INPUT 1 "clk";
    .port_info 1 /INPUT 1 "rst_n";
    .port_info 2 /INPUT 1 "en_compute";
    .port_info 3 /INPUT 1 "load_weight";
    .port_info 4 /INPUT 8 "in_act";
    .port_info 5 /INPUT 8 "in_weight";
    .port_info 6 /INPUT 32 "in_psum";
    .port_info 7 /OUTPUT 8 "out_act";
    .port_info 8 /OUTPUT 32 "out_psum";
v000002cde7d40b80_0 .net "clk", 0 0, v000002cde7d9c770_0;  alias, 1 drivers
v000002cde7d41d00_0 .net "en_compute", 0 0, L_000002cde7db18a8;  alias, 1 drivers
v000002cde7d409a0_0 .net "in_act", 7 0, L_000002cde7e2bcd0;  alias, 1 drivers
v000002cde7d414e0_0 .net "in_psum", 31 0, L_000002cde7e2b1e0;  alias, 1 drivers
v000002cde7d40fe0_0 .net "in_weight", 7 0, L_000002cde7e167f0;  alias, 1 drivers
v000002cde7d42fc0_0 .net "load_weight", 0 0, L_000002cde7e16c50;  alias, 1 drivers
v000002cde7d42c00_0 .var "out_act", 7 0;
v000002cde7d42ca0_0 .var "out_psum", 31 0;
v000002cde7d41440_0 .var/s "reg_weight", 7 0;
v000002cde7d42d40_0 .net "rst_n", 0 0, L_000002cde7a71f90;  alias, 1 drivers
S_000002cde7d74fc0 .scope generate, "COL_LOOP[4]" "COL_LOOP[4]" 9 55, 9 55 0, S_000002cde7d728b0;
 .timescale -9 -12;
P_000002cde7ae74a0 .param/l "c" 0 9 55, +C4<0100>;
v000002cde7d43560_0 .net "pe_in_act", 7 0, L_000002cde7e2c280;  1 drivers
v000002cde7d44000_0 .net "pe_in_psum", 31 0, L_000002cde7e2b560;  1 drivers
v000002cde7d437e0_0 .net "pe_in_weight", 7 0, L_000002cde7e180f0;  1 drivers
v000002cde7d44a00_0 .net "pe_load_en", 0 0, L_000002cde7e175b0;  1 drivers
S_000002cde7d75150 .scope generate, "genblk1" "genblk1" 9 61, 9 61 0, S_000002cde7d74fc0;
 .timescale -9 -12;
L_000002cde7e2c280 .functor BUFZ 8, v000002cde7d42c00_0, C4<00000000>, C4<00000000>, C4<00000000>;
S_000002cde7d752e0 .scope generate, "genblk2" "genblk2" 9 72, 9 72 0, S_000002cde7d74fc0;
 .timescale -9 -12;
L_000002cde7e2b560 .functor BUFZ 32, v000002cde7d3a140_0, C4<00000000000000000000000000000000>, C4<00000000000000000000000000000000>, C4<00000000000000000000000000000000>;
S_000002cde7d75dd0 .scope generate, "genblk3" "genblk3" 9 106, 9 106 0, S_000002cde7d74fc0;
 .timescale -9 -12;
L_000002cde7e2b170 .functor BUFZ 32, v000002cde7d43ce0_0, C4<00000000000000000000000000000000>, C4<00000000000000000000000000000000>, C4<00000000000000000000000000000000>;
v000002cde7d42f20_0 .net *"_ivl_2", 31 0, L_000002cde7e2b170;  1 drivers
S_000002cde7d773b0 .scope module, "pe_inst" "pe" 9 91, 10 12 0, S_000002cde7d74fc0;
 .timescale 0 0;
    .port_info 0 /INPUT 1 "clk";
    .port_info 1 /INPUT 1 "rst_n";
    .port_info 2 /INPUT 1 "en_compute";
    .port_info 3 /INPUT 1 "load_weight";
    .port_info 4 /INPUT 8 "in_act";
    .port_info 5 /INPUT 8 "in_weight";
    .port_info 6 /INPUT 32 "in_psum";
    .port_info 7 /OUTPUT 8 "out_act";
    .port_info 8 /OUTPUT 32 "out_psum";
v000002cde7d40c20_0 .net "clk", 0 0, v000002cde7d9c770_0;  alias, 1 drivers
v000002cde7d40e00_0 .net "en_compute", 0 0, L_000002cde7db18a8;  alias, 1 drivers
v000002cde7d41080_0 .net "in_act", 7 0, L_000002cde7e2c280;  alias, 1 drivers
v000002cde7d436a0_0 .net "in_psum", 31 0, L_000002cde7e2b560;  alias, 1 drivers
v000002cde7d44820_0 .net "in_weight", 7 0, L_000002cde7e180f0;  alias, 1 drivers
v000002cde7d44320_0 .net "load_weight", 0 0, L_000002cde7e175b0;  alias, 1 drivers
v000002cde7d43a60_0 .var "out_act", 7 0;
v000002cde7d43ce0_0 .var "out_psum", 31 0;
v000002cde7d43f60_0 .var/s "reg_weight", 7 0;
v000002cde7d43ba0_0 .net "rst_n", 0 0, L_000002cde7a71f90;  alias, 1 drivers
S_000002cde7d75470 .scope generate, "COL_LOOP[5]" "COL_LOOP[5]" 9 55, 9 55 0, S_000002cde7d728b0;
 .timescale -9 -12;
P_000002cde7ae7260 .param/l "c" 0 9 55, +C4<0101>;
v000002cde7d44460_0 .net "pe_in_act", 7 0, L_000002cde7e2bd40;  1 drivers
v000002cde7d43880_0 .net "pe_in_psum", 31 0, L_000002cde7e2c1a0;  1 drivers
v000002cde7d431a0_0 .net "pe_in_weight", 7 0, L_000002cde7e16390;  1 drivers
v000002cde7d44d20_0 .net "pe_load_en", 0 0, L_000002cde7e161b0;  1 drivers
S_000002cde7d76410 .scope generate, "genblk1" "genblk1" 9 61, 9 61 0, S_000002cde7d75470;
 .timescale -9 -12;
L_000002cde7e2bd40 .functor BUFZ 8, v000002cde7d43a60_0, C4<00000000>, C4<00000000>, C4<00000000>;
S_000002cde7d78800 .scope generate, "genblk2" "genblk2" 9 72, 9 72 0, S_000002cde7d75470;
 .timescale -9 -12;
L_000002cde7e2c1a0 .functor BUFZ 32, v000002cde7d3b040_0, C4<00000000000000000000000000000000>, C4<00000000000000000000000000000000>, C4<00000000000000000000000000000000>;
S_000002cde7d75f60 .scope generate, "genblk3" "genblk3" 9 106, 9 106 0, S_000002cde7d75470;
 .timescale -9 -12;
L_000002cde7e2c830 .functor BUFZ 32, v000002cde7d43d80_0, C4<00000000000000000000000000000000>, C4<00000000000000000000000000000000>, C4<00000000000000000000000000000000>;
v000002cde7d43100_0 .net *"_ivl_2", 31 0, L_000002cde7e2c830;  1 drivers
S_000002cde7d78b20 .scope module, "pe_inst" "pe" 9 91, 10 12 0, S_000002cde7d75470;
 .timescale 0 0;
    .port_info 0 /INPUT 1 "clk";
    .port_info 1 /INPUT 1 "rst_n";
    .port_info 2 /INPUT 1 "en_compute";
    .port_info 3 /INPUT 1 "load_weight";
    .port_info 4 /INPUT 8 "in_act";
    .port_info 5 /INPUT 8 "in_weight";
    .port_info 6 /INPUT 32 "in_psum";
    .port_info 7 /OUTPUT 8 "out_act";
    .port_info 8 /OUTPUT 32 "out_psum";
v000002cde7d439c0_0 .net "clk", 0 0, v000002cde7d9c770_0;  alias, 1 drivers
v000002cde7d43740_0 .net "en_compute", 0 0, L_000002cde7db18a8;  alias, 1 drivers
v000002cde7d44be0_0 .net "in_act", 7 0, L_000002cde7e2bd40;  alias, 1 drivers
v000002cde7d43e20_0 .net "in_psum", 31 0, L_000002cde7e2c1a0;  alias, 1 drivers
v000002cde7d43b00_0 .net "in_weight", 7 0, L_000002cde7e16390;  alias, 1 drivers
v000002cde7d44e60_0 .net "load_weight", 0 0, L_000002cde7e161b0;  alias, 1 drivers
v000002cde7d440a0_0 .var "out_act", 7 0;
v000002cde7d43d80_0 .var "out_psum", 31 0;
v000002cde7d43600_0 .var/s "reg_weight", 7 0;
v000002cde7d44c80_0 .net "rst_n", 0 0, L_000002cde7a71f90;  alias, 1 drivers
S_000002cde7d760f0 .scope generate, "COL_LOOP[6]" "COL_LOOP[6]" 9 55, 9 55 0, S_000002cde7d728b0;
 .timescale -9 -12;
P_000002cde7ae80a0 .param/l "c" 0 9 55, +C4<0110>;
v000002cde7d44780_0 .net "pe_in_act", 7 0, L_000002cde7e2c6e0;  1 drivers
v000002cde7d43ec0_0 .net "pe_in_psum", 31 0, L_000002cde7e2c3d0;  1 drivers
v000002cde7d44280_0 .net "pe_in_weight", 7 0, L_000002cde7e17790;  1 drivers
v000002cde7d43380_0 .net "pe_load_en", 0 0, L_000002cde7e15fd0;  1 drivers
S_000002cde7d78cb0 .scope generate, "genblk1" "genblk1" 9 61, 9 61 0, S_000002cde7d760f0;
 .timescale -9 -12;
L_000002cde7e2c6e0 .functor BUFZ 8, v000002cde7d440a0_0, C4<00000000>, C4<00000000>, C4<00000000>;
S_000002cde7d784e0 .scope generate, "genblk2" "genblk2" 9 72, 9 72 0, S_000002cde7d760f0;
 .timescale -9 -12;
L_000002cde7e2c3d0 .functor BUFZ 32, v000002cde7d3a6e0_0, C4<00000000000000000000000000000000>, C4<00000000000000000000000000000000>, C4<00000000000000000000000000000000>;
S_000002cde7d77220 .scope generate, "genblk3" "genblk3" 9 106, 9 106 0, S_000002cde7d760f0;
 .timescale -9 -12;
L_000002cde7e2b800 .functor BUFZ 32, v000002cde7d441e0_0, C4<00000000000000000000000000000000>, C4<00000000000000000000000000000000>, C4<00000000000000000000000000000000>;
v000002cde7d43920_0 .net *"_ivl_2", 31 0, L_000002cde7e2b800;  1 drivers
S_000002cde7d79480 .scope module, "pe_inst" "pe" 9 91, 10 12 0, S_000002cde7d760f0;
 .timescale 0 0;
    .port_info 0 /INPUT 1 "clk";
    .port_info 1 /INPUT 1 "rst_n";
    .port_info 2 /INPUT 1 "en_compute";
    .port_info 3 /INPUT 1 "load_weight";
    .port_info 4 /INPUT 8 "in_act";
    .port_info 5 /INPUT 8 "in_weight";
    .port_info 6 /INPUT 32 "in_psum";
    .port_info 7 /OUTPUT 8 "out_act";
    .port_info 8 /OUTPUT 32 "out_psum";
v000002cde7d43c40_0 .net "clk", 0 0, v000002cde7d9c770_0;  alias, 1 drivers
v000002cde7d43420_0 .net "en_compute", 0 0, L_000002cde7db18a8;  alias, 1 drivers
v000002cde7d44500_0 .net "in_act", 7 0, L_000002cde7e2c6e0;  alias, 1 drivers
v000002cde7d43240_0 .net "in_psum", 31 0, L_000002cde7e2c3d0;  alias, 1 drivers
v000002cde7d44fa0_0 .net "in_weight", 7 0, L_000002cde7e17790;  alias, 1 drivers
v000002cde7d44dc0_0 .net "load_weight", 0 0, L_000002cde7e15fd0;  alias, 1 drivers
v000002cde7d443c0_0 .var "out_act", 7 0;
v000002cde7d441e0_0 .var "out_psum", 31 0;
v000002cde7d432e0_0 .var/s "reg_weight", 7 0;
v000002cde7d44640_0 .net "rst_n", 0 0, L_000002cde7a71f90;  alias, 1 drivers
S_000002cde7d77ea0 .scope generate, "COL_LOOP[7]" "COL_LOOP[7]" 9 55, 9 55 0, S_000002cde7d728b0;
 .timescale -9 -12;
P_000002cde7ae75e0 .param/l "c" 0 9 55, +C4<0111>;
v000002cde7d83130_0 .net "pe_in_act", 7 0, L_000002cde7e2c440;  1 drivers
v000002cde7d82eb0_0 .net "pe_in_psum", 31 0, L_000002cde7e2c2f0;  1 drivers
v000002cde7d83630_0 .net "pe_in_weight", 7 0, L_000002cde7e17650;  1 drivers
v000002cde7d82d70_0 .net "pe_load_en", 0 0, L_000002cde7e17d30;  1 drivers
S_000002cde7d76a50 .scope generate, "genblk1" "genblk1" 9 61, 9 61 0, S_000002cde7d77ea0;
 .timescale -9 -12;
L_000002cde7e2c440 .functor BUFZ 8, v000002cde7d443c0_0, C4<00000000>, C4<00000000>, C4<00000000>;
S_000002cde7d77540 .scope generate, "genblk2" "genblk2" 9 72, 9 72 0, S_000002cde7d77ea0;
 .timescale -9 -12;
L_000002cde7e2c2f0 .functor BUFZ 32, v000002cde7d3ab40_0, C4<00000000000000000000000000000000>, C4<00000000000000000000000000000000>, C4<00000000000000000000000000000000>;
S_000002cde7d78e40 .scope generate, "genblk3" "genblk3" 9 106, 9 106 0, S_000002cde7d77ea0;
 .timescale -9 -12;
L_000002cde7e2b720 .functor BUFZ 32, v000002cde7d81b50_0, C4<00000000000000000000000000000000>, C4<00000000000000000000000000000000>, C4<00000000000000000000000000000000>;
v000002cde7d445a0_0 .net *"_ivl_2", 31 0, L_000002cde7e2b720;  1 drivers
S_000002cde7d78030 .scope module, "pe_inst" "pe" 9 91, 10 12 0, S_000002cde7d77ea0;
 .timescale 0 0;
    .port_info 0 /INPUT 1 "clk";
    .port_info 1 /INPUT 1 "rst_n";
    .port_info 2 /INPUT 1 "en_compute";
    .port_info 3 /INPUT 1 "load_weight";
    .port_info 4 /INPUT 8 "in_act";
    .port_info 5 /INPUT 8 "in_weight";
    .port_info 6 /INPUT 32 "in_psum";
    .port_info 7 /OUTPUT 8 "out_act";
    .port_info 8 /OUTPUT 32 "out_psum";
v000002cde7d434c0_0 .net "clk", 0 0, v000002cde7d9c770_0;  alias, 1 drivers
v000002cde7d446e0_0 .net "en_compute", 0 0, L_000002cde7db18a8;  alias, 1 drivers
v000002cde7d448c0_0 .net "in_act", 7 0, L_000002cde7e2c440;  alias, 1 drivers
v000002cde7d44960_0 .net "in_psum", 31 0, L_000002cde7e2c2f0;  alias, 1 drivers
v000002cde7d44b40_0 .net "in_weight", 7 0, L_000002cde7e17650;  alias, 1 drivers
v000002cde7d83a90_0 .net "load_weight", 0 0, L_000002cde7e17d30;  alias, 1 drivers
v000002cde7d83270_0 .var "out_act", 7 0;
v000002cde7d81b50_0 .var "out_psum", 31 0;
v000002cde7d82af0_0 .var/s "reg_weight", 7 0;
v000002cde7d83310_0 .net "rst_n", 0 0, L_000002cde7a71f90;  alias, 1 drivers
S_000002cde7d781c0 .scope generate, "COL_LOOP[8]" "COL_LOOP[8]" 9 55, 9 55 0, S_000002cde7d728b0;
 .timescale -9 -12;
P_000002cde7ae7a60 .param/l "c" 0 9 55, +C4<01000>;
v000002cde7d827d0_0 .net "pe_in_act", 7 0, L_000002cde7e2b250;  1 drivers
v000002cde7d82f50_0 .net "pe_in_psum", 31 0, L_000002cde7e2b4f0;  1 drivers
v000002cde7d82370_0 .net "pe_in_weight", 7 0, L_000002cde7e18190;  1 drivers
v000002cde7d82190_0 .net "pe_load_en", 0 0, L_000002cde7e16110;  1 drivers
S_000002cde7d78670 .scope generate, "genblk1" "genblk1" 9 61, 9 61 0, S_000002cde7d781c0;
 .timescale -9 -12;
L_000002cde7e2b250 .functor BUFZ 8, v000002cde7d83270_0, C4<00000000>, C4<00000000>, C4<00000000>;
S_000002cde7d78990 .scope generate, "genblk2" "genblk2" 9 72, 9 72 0, S_000002cde7d781c0;
 .timescale -9 -12;
L_000002cde7e2b4f0 .functor BUFZ 32, v000002cde7d3d8e0_0, C4<00000000000000000000000000000000>, C4<00000000000000000000000000000000>, C4<00000000000000000000000000000000>;
S_000002cde7d76730 .scope generate, "genblk3" "genblk3" 9 106, 9 106 0, S_000002cde7d781c0;
 .timescale -9 -12;
L_000002cde7e2c520 .functor BUFZ 32, v000002cde7d831d0_0, C4<00000000000000000000000000000000>, C4<00000000000000000000000000000000>, C4<00000000000000000000000000000000>;
v000002cde7d836d0_0 .net *"_ivl_2", 31 0, L_000002cde7e2c520;  1 drivers
S_000002cde7d78fd0 .scope module, "pe_inst" "pe" 9 91, 10 12 0, S_000002cde7d781c0;
 .timescale 0 0;
    .port_info 0 /INPUT 1 "clk";
    .port_info 1 /INPUT 1 "rst_n";
    .port_info 2 /INPUT 1 "en_compute";
    .port_info 3 /INPUT 1 "load_weight";
    .port_info 4 /INPUT 8 "in_act";
    .port_info 5 /INPUT 8 "in_weight";
    .port_info 6 /INPUT 32 "in_psum";
    .port_info 7 /OUTPUT 8 "out_act";
    .port_info 8 /OUTPUT 32 "out_psum";
v000002cde7d818d0_0 .net "clk", 0 0, v000002cde7d9c770_0;  alias, 1 drivers
v000002cde7d83e50_0 .net "en_compute", 0 0, L_000002cde7db18a8;  alias, 1 drivers
v000002cde7d81ab0_0 .net "in_act", 7 0, L_000002cde7e2b250;  alias, 1 drivers
v000002cde7d81bf0_0 .net "in_psum", 31 0, L_000002cde7e2b4f0;  alias, 1 drivers
v000002cde7d834f0_0 .net "in_weight", 7 0, L_000002cde7e18190;  alias, 1 drivers
v000002cde7d833b0_0 .net "load_weight", 0 0, L_000002cde7e16110;  alias, 1 drivers
v000002cde7d82730_0 .var "out_act", 7 0;
v000002cde7d831d0_0 .var "out_psum", 31 0;
v000002cde7d83450_0 .var/s "reg_weight", 7 0;
v000002cde7d82ff0_0 .net "rst_n", 0 0, L_000002cde7a71f90;  alias, 1 drivers
S_000002cde7d76be0 .scope generate, "COL_LOOP[9]" "COL_LOOP[9]" 9 55, 9 55 0, S_000002cde7d728b0;
 .timescale -9 -12;
P_000002cde7ae78a0 .param/l "c" 0 9 55, +C4<01001>;
v000002cde7d829b0_0 .net "pe_in_act", 7 0, L_000002cde7e2b5d0;  1 drivers
v000002cde7d81c90_0 .net "pe_in_psum", 31 0, L_000002cde7e2b2c0;  1 drivers
v000002cde7d839f0_0 .net "pe_in_weight", 7 0, L_000002cde7e162f0;  1 drivers
v000002cde7d83090_0 .net "pe_load_en", 0 0, L_000002cde7e16890;  1 drivers
S_000002cde7d75c40 .scope generate, "genblk1" "genblk1" 9 61, 9 61 0, S_000002cde7d76be0;
 .timescale -9 -12;
L_000002cde7e2b5d0 .functor BUFZ 8, v000002cde7d82730_0, C4<00000000>, C4<00000000>, C4<00000000>;
S_000002cde7d776d0 .scope generate, "genblk2" "genblk2" 9 72, 9 72 0, S_000002cde7d76be0;
 .timescale -9 -12;
L_000002cde7e2b2c0 .functor BUFZ 32, v000002cde7d3c1c0_0, C4<00000000000000000000000000000000>, C4<00000000000000000000000000000000>, C4<00000000000000000000000000000000>;
S_000002cde7d78350 .scope generate, "genblk3" "genblk3" 9 106, 9 106 0, S_000002cde7d76be0;
 .timescale -9 -12;
L_000002cde7e2b3a0 .functor BUFZ 32, v000002cde7d84030_0, C4<00000000000000000000000000000000>, C4<00000000000000000000000000000000>, C4<00000000000000000000000000000000>;
v000002cde7d838b0_0 .net *"_ivl_2", 31 0, L_000002cde7e2b3a0;  1 drivers
S_000002cde7d76d70 .scope module, "pe_inst" "pe" 9 91, 10 12 0, S_000002cde7d76be0;
 .timescale 0 0;
    .port_info 0 /INPUT 1 "clk";
    .port_info 1 /INPUT 1 "rst_n";
    .port_info 2 /INPUT 1 "en_compute";
    .port_info 3 /INPUT 1 "load_weight";
    .port_info 4 /INPUT 8 "in_act";
    .port_info 5 /INPUT 8 "in_weight";
    .port_info 6 /INPUT 32 "in_psum";
    .port_info 7 /OUTPUT 8 "out_act";
    .port_info 8 /OUTPUT 32 "out_psum";
v000002cde7d82230_0 .net "clk", 0 0, v000002cde7d9c770_0;  alias, 1 drivers
v000002cde7d822d0_0 .net "en_compute", 0 0, L_000002cde7db18a8;  alias, 1 drivers
v000002cde7d83ef0_0 .net "in_act", 7 0, L_000002cde7e2b5d0;  alias, 1 drivers
v000002cde7d820f0_0 .net "in_psum", 31 0, L_000002cde7e2b2c0;  alias, 1 drivers
v000002cde7d83590_0 .net "in_weight", 7 0, L_000002cde7e162f0;  alias, 1 drivers
v000002cde7d83810_0 .net "load_weight", 0 0, L_000002cde7e16890;  alias, 1 drivers
v000002cde7d82b90_0 .var "out_act", 7 0;
v000002cde7d84030_0 .var "out_psum", 31 0;
v000002cde7d83770_0 .var/s "reg_weight", 7 0;
v000002cde7d83950_0 .net "rst_n", 0 0, L_000002cde7a71f90;  alias, 1 drivers
S_000002cde7d79160 .scope generate, "COL_LOOP[10]" "COL_LOOP[10]" 9 55, 9 55 0, S_000002cde7d728b0;
 .timescale -9 -12;
P_000002cde7ae7b60 .param/l "c" 0 9 55, +C4<01010>;
v000002cde7d82cd0_0 .net "pe_in_act", 7 0, L_000002cde7e2b640;  1 drivers
v000002cde7d82690_0 .net "pe_in_psum", 31 0, L_000002cde7e2b480;  1 drivers
v000002cde7d83f90_0 .net "pe_in_weight", 7 0, L_000002cde7e16250;  1 drivers
v000002cde7d824b0_0 .net "pe_load_en", 0 0, L_000002cde7e17e70;  1 drivers
S_000002cde7d792f0 .scope generate, "genblk1" "genblk1" 9 61, 9 61 0, S_000002cde7d79160;
 .timescale -9 -12;
L_000002cde7e2b640 .functor BUFZ 8, v000002cde7d82b90_0, C4<00000000>, C4<00000000>, C4<00000000>;
S_000002cde7d76f00 .scope generate, "genblk2" "genblk2" 9 72, 9 72 0, S_000002cde7d79160;
 .timescale -9 -12;
L_000002cde7e2b480 .functor BUFZ 32, v000002cde7d3c3a0_0, C4<00000000000000000000000000000000>, C4<00000000000000000000000000000000>, C4<00000000000000000000000000000000>;
S_000002cde7d79610 .scope generate, "genblk3" "genblk3" 9 106, 9 106 0, S_000002cde7d79160;
 .timescale -9 -12;
L_000002cde7e2b870 .functor BUFZ 32, v000002cde7d83db0_0, C4<00000000000000000000000000000000>, C4<00000000000000000000000000000000>, C4<00000000000000000000000000000000>;
v000002cde7d83b30_0 .net *"_ivl_2", 31 0, L_000002cde7e2b870;  1 drivers
S_000002cde7d768c0 .scope module, "pe_inst" "pe" 9 91, 10 12 0, S_000002cde7d79160;
 .timescale 0 0;
    .port_info 0 /INPUT 1 "clk";
    .port_info 1 /INPUT 1 "rst_n";
    .port_info 2 /INPUT 1 "en_compute";
    .port_info 3 /INPUT 1 "load_weight";
    .port_info 4 /INPUT 8 "in_act";
    .port_info 5 /INPUT 8 "in_weight";
    .port_info 6 /INPUT 32 "in_psum";
    .port_info 7 /OUTPUT 8 "out_act";
    .port_info 8 /OUTPUT 32 "out_psum";
v000002cde7d81dd0_0 .net "clk", 0 0, v000002cde7d9c770_0;  alias, 1 drivers
v000002cde7d82410_0 .net "en_compute", 0 0, L_000002cde7db18a8;  alias, 1 drivers
v000002cde7d81f10_0 .net "in_act", 7 0, L_000002cde7e2b640;  alias, 1 drivers
v000002cde7d83bd0_0 .net "in_psum", 31 0, L_000002cde7e2b480;  alias, 1 drivers
v000002cde7d82c30_0 .net "in_weight", 7 0, L_000002cde7e16250;  alias, 1 drivers
v000002cde7d83c70_0 .net "load_weight", 0 0, L_000002cde7e17e70;  alias, 1 drivers
v000002cde7d83d10_0 .var "out_act", 7 0;
v000002cde7d83db0_0 .var "out_psum", 31 0;
v000002cde7d81fb0_0 .var/s "reg_weight", 7 0;
v000002cde7d82870_0 .net "rst_n", 0 0, L_000002cde7a71f90;  alias, 1 drivers
S_000002cde7d77090 .scope generate, "COL_LOOP[11]" "COL_LOOP[11]" 9 55, 9 55 0, S_000002cde7d728b0;
 .timescale -9 -12;
P_000002cde7ae7ae0 .param/l "c" 0 9 55, +C4<01011>;
v000002cde7d85610_0 .net "pe_in_act", 7 0, L_000002cde7e2b8e0;  1 drivers
v000002cde7d859d0_0 .net "pe_in_psum", 31 0, L_000002cde7e2c4b0;  1 drivers
v000002cde7d85750_0 .net "pe_in_weight", 7 0, L_000002cde7e16930;  1 drivers
v000002cde7d85e30_0 .net "pe_load_en", 0 0, L_000002cde7e16d90;  1 drivers
S_000002cde7d77d10 .scope generate, "genblk1" "genblk1" 9 61, 9 61 0, S_000002cde7d77090;
 .timescale -9 -12;
L_000002cde7e2b8e0 .functor BUFZ 8, v000002cde7d83d10_0, C4<00000000>, C4<00000000>, C4<00000000>;
S_000002cde7d75600 .scope generate, "genblk2" "genblk2" 9 72, 9 72 0, S_000002cde7d77090;
 .timescale -9 -12;
L_000002cde7e2c4b0 .functor BUFZ 32, v000002cde7d3c6c0_0, C4<00000000000000000000000000000000>, C4<00000000000000000000000000000000>, C4<00000000000000000000000000000000>;
S_000002cde7d797a0 .scope generate, "genblk3" "genblk3" 9 106, 9 106 0, S_000002cde7d77090;
 .timescale -9 -12;
L_000002cde7e2b950 .functor BUFZ 32, v000002cde7d85250_0, C4<00000000000000000000000000000000>, C4<00000000000000000000000000000000>, C4<00000000000000000000000000000000>;
v000002cde7d82050_0 .net *"_ivl_2", 31 0, L_000002cde7e2b950;  1 drivers
S_000002cde7d75790 .scope module, "pe_inst" "pe" 9 91, 10 12 0, S_000002cde7d77090;
 .timescale 0 0;
    .port_info 0 /INPUT 1 "clk";
    .port_info 1 /INPUT 1 "rst_n";
    .port_info 2 /INPUT 1 "en_compute";
    .port_info 3 /INPUT 1 "load_weight";
    .port_info 4 /INPUT 8 "in_act";
    .port_info 5 /INPUT 8 "in_weight";
    .port_info 6 /INPUT 32 "in_psum";
    .port_info 7 /OUTPUT 8 "out_act";
    .port_info 8 /OUTPUT 32 "out_psum";
v000002cde7d81a10_0 .net "clk", 0 0, v000002cde7d9c770_0;  alias, 1 drivers
v000002cde7d82550_0 .net "en_compute", 0 0, L_000002cde7db18a8;  alias, 1 drivers
v000002cde7d825f0_0 .net "in_act", 7 0, L_000002cde7e2b8e0;  alias, 1 drivers
v000002cde7d82910_0 .net "in_psum", 31 0, L_000002cde7e2c4b0;  alias, 1 drivers
v000002cde7d82a50_0 .net "in_weight", 7 0, L_000002cde7e16930;  alias, 1 drivers
v000002cde7d84f30_0 .net "load_weight", 0 0, L_000002cde7e16d90;  alias, 1 drivers
v000002cde7d866f0_0 .var "out_act", 7 0;
v000002cde7d85250_0 .var "out_psum", 31 0;
v000002cde7d84350_0 .var/s "reg_weight", 7 0;
v000002cde7d84210_0 .net "rst_n", 0 0, L_000002cde7a71f90;  alias, 1 drivers
S_000002cde7d79930 .scope generate, "COL_LOOP[12]" "COL_LOOP[12]" 9 55, 9 55 0, S_000002cde7d728b0;
 .timescale -9 -12;
P_000002cde7ae8020 .param/l "c" 0 9 55, +C4<01100>;
v000002cde7d84e90_0 .net "pe_in_act", 7 0, L_000002cde7e2b9c0;  1 drivers
v000002cde7d86790_0 .net "pe_in_psum", 31 0, L_000002cde7e2bdb0;  1 drivers
v000002cde7d84cb0_0 .net "pe_in_weight", 7 0, L_000002cde7e18410;  1 drivers
v000002cde7d86470_0 .net "pe_load_en", 0 0, L_000002cde7e18370;  1 drivers
S_000002cde7d75920 .scope generate, "genblk1" "genblk1" 9 61, 9 61 0, S_000002cde7d79930;
 .timescale -9 -12;
L_000002cde7e2b9c0 .functor BUFZ 8, v000002cde7d866f0_0, C4<00000000>, C4<00000000>, C4<00000000>;
S_000002cde7d77860 .scope generate, "genblk2" "genblk2" 9 72, 9 72 0, S_000002cde7d79930;
 .timescale -9 -12;
L_000002cde7e2bdb0 .functor BUFZ 32, v000002cde7d3ece0_0, C4<00000000000000000000000000000000>, C4<00000000000000000000000000000000>, C4<00000000000000000000000000000000>;
S_000002cde7d79ac0 .scope generate, "genblk3" "genblk3" 9 106, 9 106 0, S_000002cde7d79930;
 .timescale -9 -12;
L_000002cde7e2c360 .functor BUFZ 32, v000002cde7d84a30_0, C4<00000000000000000000000000000000>, C4<00000000000000000000000000000000>, C4<00000000000000000000000000000000>;
v000002cde7d84b70_0 .net *"_ivl_2", 31 0, L_000002cde7e2c360;  1 drivers
S_000002cde7d76280 .scope module, "pe_inst" "pe" 9 91, 10 12 0, S_000002cde7d79930;
 .timescale 0 0;
    .port_info 0 /INPUT 1 "clk";
    .port_info 1 /INPUT 1 "rst_n";
    .port_info 2 /INPUT 1 "en_compute";
    .port_info 3 /INPUT 1 "load_weight";
    .port_info 4 /INPUT 8 "in_act";
    .port_info 5 /INPUT 8 "in_weight";
    .port_info 6 /INPUT 32 "in_psum";
    .port_info 7 /OUTPUT 8 "out_act";
    .port_info 8 /OUTPUT 32 "out_psum";
v000002cde7d84710_0 .net "clk", 0 0, v000002cde7d9c770_0;  alias, 1 drivers
v000002cde7d85cf0_0 .net "en_compute", 0 0, L_000002cde7db18a8;  alias, 1 drivers
v000002cde7d85890_0 .net "in_act", 7 0, L_000002cde7e2b9c0;  alias, 1 drivers
v000002cde7d84490_0 .net "in_psum", 31 0, L_000002cde7e2bdb0;  alias, 1 drivers
v000002cde7d86290_0 .net "in_weight", 7 0, L_000002cde7e18410;  alias, 1 drivers
v000002cde7d848f0_0 .net "load_weight", 0 0, L_000002cde7e18370;  alias, 1 drivers
v000002cde7d84c10_0 .var "out_act", 7 0;
v000002cde7d84a30_0 .var "out_psum", 31 0;
v000002cde7d84fd0_0 .var/s "reg_weight", 7 0;
v000002cde7d85a70_0 .net "rst_n", 0 0, L_000002cde7a71f90;  alias, 1 drivers
S_000002cde7d75ab0 .scope generate, "COL_LOOP[13]" "COL_LOOP[13]" 9 55, 9 55 0, S_000002cde7d728b0;
 .timescale -9 -12;
P_000002cde7ae7ba0 .param/l "c" 0 9 55, +C4<01101>;
v000002cde7d86330_0 .net "pe_in_act", 7 0, L_000002cde7e2c050;  1 drivers
v000002cde7d85d90_0 .net "pe_in_psum", 31 0, L_000002cde7e2ba30;  1 drivers
v000002cde7d84990_0 .net "pe_in_weight", 7 0, L_000002cde7e17830;  1 drivers
v000002cde7d857f0_0 .net "pe_load_en", 0 0, L_000002cde7e16e30;  1 drivers
S_000002cde7d779f0 .scope generate, "genblk1" "genblk1" 9 61, 9 61 0, S_000002cde7d75ab0;
 .timescale -9 -12;
L_000002cde7e2c050 .functor BUFZ 8, v000002cde7d84c10_0, C4<00000000>, C4<00000000>, C4<00000000>;
S_000002cde7d79c50 .scope generate, "genblk2" "genblk2" 9 72, 9 72 0, S_000002cde7d75ab0;
 .timescale -9 -12;
L_000002cde7e2ba30 .functor BUFZ 32, v000002cde7d40680_0, C4<00000000000000000000000000000000>, C4<00000000000000000000000000000000>, C4<00000000000000000000000000000000>;
S_000002cde7d79de0 .scope generate, "genblk3" "genblk3" 9 106, 9 106 0, S_000002cde7d75ab0;
 .timescale -9 -12;
L_000002cde7e2baa0 .functor BUFZ 32, v000002cde7d863d0_0, C4<00000000000000000000000000000000>, C4<00000000000000000000000000000000>, C4<00000000000000000000000000000000>;
v000002cde7d86010_0 .net *"_ivl_2", 31 0, L_000002cde7e2baa0;  1 drivers
S_000002cde7d7a420 .scope module, "pe_inst" "pe" 9 91, 10 12 0, S_000002cde7d75ab0;
 .timescale 0 0;
    .port_info 0 /INPUT 1 "clk";
    .port_info 1 /INPUT 1 "rst_n";
    .port_info 2 /INPUT 1 "en_compute";
    .port_info 3 /INPUT 1 "load_weight";
    .port_info 4 /INPUT 8 "in_act";
    .port_info 5 /INPUT 8 "in_weight";
    .port_info 6 /INPUT 32 "in_psum";
    .port_info 7 /OUTPUT 8 "out_act";
    .port_info 8 /OUTPUT 32 "out_psum";
v000002cde7d861f0_0 .net "clk", 0 0, v000002cde7d9c770_0;  alias, 1 drivers
v000002cde7d860b0_0 .net "en_compute", 0 0, L_000002cde7db18a8;  alias, 1 drivers
v000002cde7d84df0_0 .net "in_act", 7 0, L_000002cde7e2c050;  alias, 1 drivers
v000002cde7d86150_0 .net "in_psum", 31 0, L_000002cde7e2ba30;  alias, 1 drivers
v000002cde7d85070_0 .net "in_weight", 7 0, L_000002cde7e17830;  alias, 1 drivers
v000002cde7d852f0_0 .net "load_weight", 0 0, L_000002cde7e16e30;  alias, 1 drivers
v000002cde7d847b0_0 .var "out_act", 7 0;
v000002cde7d863d0_0 .var "out_psum", 31 0;
v000002cde7d843f0_0 .var/s "reg_weight", 7 0;
v000002cde7d86830_0 .net "rst_n", 0 0, L_000002cde7a71f90;  alias, 1 drivers
S_000002cde7d79f70 .scope generate, "COL_LOOP[14]" "COL_LOOP[14]" 9 55, 9 55 0, S_000002cde7d728b0;
 .timescale -9 -12;
P_000002cde7ae7be0 .param/l "c" 0 9 55, +C4<01110>;
v000002cde7d84ad0_0 .net "pe_in_act", 7 0, L_000002cde7e2bb10;  1 drivers
v000002cde7d840d0_0 .net "pe_in_psum", 31 0, L_000002cde7e2bbf0;  1 drivers
v000002cde7d85430_0 .net "pe_in_weight", 7 0, L_000002cde7e176f0;  1 drivers
v000002cde7d854d0_0 .net "pe_load_en", 0 0, L_000002cde7e16a70;  1 drivers
S_000002cde7d77b80 .scope generate, "genblk1" "genblk1" 9 61, 9 61 0, S_000002cde7d79f70;
 .timescale -9 -12;
L_000002cde7e2bb10 .functor BUFZ 8, v000002cde7d847b0_0, C4<00000000>, C4<00000000>, C4<00000000>;
S_000002cde7d7a100 .scope generate, "genblk2" "genblk2" 9 72, 9 72 0, S_000002cde7d79f70;
 .timescale -9 -12;
L_000002cde7e2bbf0 .functor BUFZ 32, v000002cde7d3fa00_0, C4<00000000000000000000000000000000>, C4<00000000000000000000000000000000>, C4<00000000000000000000000000000000>;
S_000002cde7d7a290 .scope generate, "genblk3" "genblk3" 9 106, 9 106 0, S_000002cde7d79f70;
 .timescale -9 -12;
L_000002cde7e2c130 .functor BUFZ 32, v000002cde7d851b0_0, C4<00000000000000000000000000000000>, C4<00000000000000000000000000000000>, C4<00000000000000000000000000000000>;
v000002cde7d84d50_0 .net *"_ivl_2", 31 0, L_000002cde7e2c130;  1 drivers
S_000002cde7d7a5b0 .scope module, "pe_inst" "pe" 9 91, 10 12 0, S_000002cde7d79f70;
 .timescale 0 0;
    .port_info 0 /INPUT 1 "clk";
    .port_info 1 /INPUT 1 "rst_n";
    .port_info 2 /INPUT 1 "en_compute";
    .port_info 3 /INPUT 1 "load_weight";
    .port_info 4 /INPUT 8 "in_act";
    .port_info 5 /INPUT 8 "in_weight";
    .port_info 6 /INPUT 32 "in_psum";
    .port_info 7 /OUTPUT 8 "out_act";
    .port_info 8 /OUTPUT 32 "out_psum";
v000002cde7d85110_0 .net "clk", 0 0, v000002cde7d9c770_0;  alias, 1 drivers
v000002cde7d85390_0 .net "en_compute", 0 0, L_000002cde7db18a8;  alias, 1 drivers
v000002cde7d85930_0 .net "in_act", 7 0, L_000002cde7e2bb10;  alias, 1 drivers
v000002cde7d84670_0 .net "in_psum", 31 0, L_000002cde7e2bbf0;  alias, 1 drivers
v000002cde7d845d0_0 .net "in_weight", 7 0, L_000002cde7e176f0;  alias, 1 drivers
v000002cde7d85570_0 .net "load_weight", 0 0, L_000002cde7e16a70;  alias, 1 drivers
v000002cde7d86510_0 .var "out_act", 7 0;
v000002cde7d851b0_0 .var "out_psum", 31 0;
v000002cde7d856b0_0 .var/s "reg_weight", 7 0;
v000002cde7d85b10_0 .net "rst_n", 0 0, L_000002cde7a71f90;  alias, 1 drivers
S_000002cde7d765a0 .scope generate, "COL_LOOP[15]" "COL_LOOP[15]" 9 55, 9 55 0, S_000002cde7d728b0;
 .timescale -9 -12;
P_000002cde7ae7c20 .param/l "c" 0 9 55, +C4<01111>;
v000002cde7d87190_0 .net "pe_in_act", 7 0, L_000002cde7e2c210;  1 drivers
v000002cde7d88270_0 .net "pe_in_psum", 31 0, L_000002cde7e2bf00;  1 drivers
v000002cde7d87550_0 .net "pe_in_weight", 7 0, L_000002cde7e16b10;  1 drivers
v000002cde7d88630_0 .net "pe_load_en", 0 0, L_000002cde7e164d0;  1 drivers
S_000002cde7d7a740 .scope generate, "genblk1" "genblk1" 9 61, 9 61 0, S_000002cde7d765a0;
 .timescale -9 -12;
L_000002cde7e2c210 .functor BUFZ 8, v000002cde7d86510_0, C4<00000000>, C4<00000000>, C4<00000000>;
S_000002cde7d7a8d0 .scope generate, "genblk2" "genblk2" 9 72, 9 72 0, S_000002cde7d765a0;
 .timescale -9 -12;
L_000002cde7e2bf00 .functor BUFZ 32, v000002cde7d3f780_0, C4<00000000000000000000000000000000>, C4<00000000000000000000000000000000>, C4<00000000000000000000000000000000>;
S_000002cde7d7aa60 .scope generate, "genblk3" "genblk3" 9 106, 9 106 0, S_000002cde7d765a0;
 .timescale -9 -12;
L_000002cde7e33aa0 .functor BUFZ 32, v000002cde7d889f0_0, C4<00000000000000000000000000000000>, C4<00000000000000000000000000000000>, C4<00000000000000000000000000000000>;
v000002cde7d85bb0_0 .net *"_ivl_2", 31 0, L_000002cde7e33aa0;  1 drivers
S_000002cde7d7abf0 .scope module, "pe_inst" "pe" 9 91, 10 12 0, S_000002cde7d765a0;
 .timescale 0 0;
    .port_info 0 /INPUT 1 "clk";
    .port_info 1 /INPUT 1 "rst_n";
    .port_info 2 /INPUT 1 "en_compute";
    .port_info 3 /INPUT 1 "load_weight";
    .port_info 4 /INPUT 8 "in_act";
    .port_info 5 /INPUT 8 "in_weight";
    .port_info 6 /INPUT 32 "in_psum";
    .port_info 7 /OUTPUT 8 "out_act";
    .port_info 8 /OUTPUT 32 "out_psum";
v000002cde7d85ed0_0 .net "clk", 0 0, v000002cde7d9c770_0;  alias, 1 drivers
v000002cde7d85f70_0 .net "en_compute", 0 0, L_000002cde7db18a8;  alias, 1 drivers
v000002cde7d865b0_0 .net "in_act", 7 0, L_000002cde7e2c210;  alias, 1 drivers
v000002cde7d84170_0 .net "in_psum", 31 0, L_000002cde7e2bf00;  alias, 1 drivers
v000002cde7d86650_0 .net "in_weight", 7 0, L_000002cde7e16b10;  alias, 1 drivers
v000002cde7d86b50_0 .net "load_weight", 0 0, L_000002cde7e164d0;  alias, 1 drivers
v000002cde7d87c30_0 .var "out_act", 7 0;
v000002cde7d889f0_0 .var "out_psum", 31 0;
v000002cde7d874b0_0 .var/s "reg_weight", 7 0;
v000002cde7d87410_0 .net "rst_n", 0 0, L_000002cde7a71f90;  alias, 1 drivers
S_000002cde7d7b3c0 .scope module, "u_controller" "global_controller" 6 53, 11 6 0, S_000002cde7c6f830;
 .timescale -9 -12;
    .port_info 0 /INPUT 1 "clk";
    .port_info 1 /INPUT 1 "rst_n";
    .port_info 2 /INPUT 1 "ap_start";
    .port_info 3 /INPUT 32 "cfg_seq_len";
    .port_info 4 /OUTPUT 1 "ap_done";
    .port_info 5 /OUTPUT 1 "ap_idle";
    .port_info 6 /OUTPUT 3 "current_state_dbg";
    .port_info 7 /OUTPUT 1 "ctrl_weight_dma_req";
    .port_info 8 /INPUT 1 "i_weight_valid";
    .port_info 9 /OUTPUT 1 "ctrl_weight_load_en";
    .port_info 10 /INPUT 1 "i_input_valid";
    .port_info 11 /OUTPUT 1 "ctrl_input_stream_en";
    .port_info 12 /OUTPUT 1 "ctrl_drain_en";
P_000002cde7cc9750 .param/l "CNT_LOAD_TOTAL" 1 11 49, +C4<00000000000000000000000000100111>;
P_000002cde7cc9788 .param/l "CNT_PHASE1_END" 1 11 48, +C4<00000000000000000000000000011011>;
P_000002cde7cc97c0 .param/l "LATENCY" 0 11 7, +C4<000000000000000000000000000011100>;
P_000002cde7cc97f8 .param/l "S_COMPUTE" 1 11 37, C4<010>;
P_000002cde7cc9830 .param/l "S_DONE" 1 11 39, C4<100>;
P_000002cde7cc9868 .param/l "S_DRAIN" 1 11 38, C4<011>;
P_000002cde7cc98a0 .param/l "S_IDLE" 1 11 35, C4<000>;
P_000002cde7cc98d8 .param/l "S_LOAD_W" 1 11 36, C4<001>;
L_000002cde7a73180 .functor BUFZ 3, v000002cde7d87f50_0, C4<000>, C4<000>, C4<000>;
v000002cde7d88b30_0 .var "ap_done", 0 0;
v000002cde7d88d10_0 .var "ap_idle", 0 0;
v000002cde7d87690_0 .net "ap_start", 0 0, v000002cde7be5f00_0;  alias, 1 drivers
v000002cde7d877d0_0 .net "cfg_seq_len", 31 0, v000002cde7be9740_0;  alias, 1 drivers
v000002cde7d87230_0 .net "clk", 0 0, v000002cde7d9c770_0;  alias, 1 drivers
v000002cde7d88770_0 .var "cnt_drain", 31 0;
v000002cde7d87870_0 .var "cnt_load", 31 0;
v000002cde7d87a50_0 .var "cnt_seq", 31 0;
v000002cde7d88bd0_0 .var "ctrl_drain_en", 0 0;
v000002cde7d87910_0 .var "ctrl_input_stream_en", 0 0;
v000002cde7d86bf0_0 .var "ctrl_weight_dma_req", 0 0;
v000002cde7d883b0_0 .var "ctrl_weight_load_en", 0 0;
v000002cde7d87d70_0 .net "current_state_dbg", 2 0, L_000002cde7a73180;  1 drivers
v000002cde7d87e10_0 .net "i_input_valid", 0 0, v000002cde7d8b470_0;  alias, 1 drivers
v000002cde7d879b0_0 .net "i_weight_valid", 0 0, v000002cde7d99a70_0;  alias, 1 drivers
v000002cde7d87af0_0 .var "next_state", 2 0;
v000002cde7d872d0_0 .net "rst_n", 0 0, L_000002cde7a71f90;  alias, 1 drivers
v000002cde7d87f50_0 .var "state", 2 0;
E_000002cde7af8460/0 .event anyedge, v000002cde7d87f50_0, v000002cde7be5f00_0, v000002cde7d87870_0, v000002cde7d87a50_0;
E_000002cde7af8460/1 .event anyedge, v000002cde7be5fa0_0, v000002cde7d88770_0;
E_000002cde7af8460 .event/or E_000002cde7af8460/0, E_000002cde7af8460/1;
S_000002cde7d7ad80 .scope module, "u_input_buf" "input_buffer_ctrl" 4 128, 12 9 0, S_000002cde7c6f6a0;
 .timescale -9 -12;
    .port_info 0 /INPUT 1 "clk";
    .port_info 1 /INPUT 1 "rst_n";
    .port_info 2 /INPUT 64 "s_axis_tdata";
    .port_info 3 /INPUT 1 "s_axis_tvalid";
    .port_info 4 /OUTPUT 1 "s_axis_tready";
    .port_info 5 /INPUT 1 "s_axis_tlast";
    .port_info 6 /INPUT 1 "i_rd_en";
    .port_info 7 /OUTPUT 96 "o_array_vec";
    .port_info 8 /OUTPUT 1 "o_dat_valid";
    .port_info 9 /INPUT 1 "i_bank_swap";
P_000002cde7da0910 .param/l "DATA_WIDTH" 0 12 11, +C4<00000000000000000000000001000000>;
P_000002cde7da0948 .param/l "DEPTH_LOG2" 0 12 10, +C4<00000000000000000000000000001000>;
L_000002cde7a720e0 .functor NOT 1, v000002cde7d8b1f0_0, C4<0>, C4<0>, C4<0>;
v000002cde7d8b150_0 .net *"_ivl_10", 0 0, L_000002cde7a720e0;  1 drivers
L_000002cde7db17d0 .functor BUFT 1, C4<000000000000000000000000000000000000000000000000000000000000000000000000000000000000000000000000>, C4<0>, C4<0>, C4<0>;
v000002cde7d8a390_0 .net/2u *"_ivl_14", 95 0, L_000002cde7db17d0;  1 drivers
L_000002cde7db1788 .functor BUFT 1, C4<00000001>, C4<0>, C4<0>, C4<0>;
v000002cde7d89710_0 .net/2u *"_ivl_4", 7 0, L_000002cde7db1788;  1 drivers
v000002cde7d8a6b0_0 .net *"_ivl_6", 7 0, L_000002cde7d9e110;  1 drivers
v000002cde7d8b1f0_0 .var "bank_sel", 0 0;
v000002cde7d8ae30_0 .net "clk", 0 0, v000002cde7d9c770_0;  alias, 1 drivers
v000002cde7d89df0_0 .net "final_rd_addr", 8 0, L_000002cde7d9e890;  1 drivers
v000002cde7d8aed0_0 .net "final_wr_addr", 8 0, L_000002cde7d9e2f0;  1 drivers
v000002cde7d8a610_0 .var "gb_state", 1 0;
v000002cde7d8b3d0_0 .var/i "i", 31 0;
v000002cde7d89850_0 .net "i_bank_swap", 0 0, L_000002cde7a72b60;  alias, 1 drivers
v000002cde7d89350_0 .net "i_rd_en", 0 0, v000002cde7d87910_0;  alias, 1 drivers
v000002cde7d8a930_0 .net "o_array_vec", 95 0, L_000002cde7d9e250;  alias, 1 drivers
v000002cde7d8b470_0 .var "o_dat_valid", 0 0;
v000002cde7d89cb0 .array "ram", 511 0, 95 0;
v000002cde7d8b5b0_0 .var "ram_out_reg", 95 0;
v000002cde7d8a430_0 .var "ram_wdata", 95 0;
v000002cde7d89530_0 .var "ram_wen", 0 0;
v000002cde7d8a4d0_0 .var "rd_ptr", 7 0;
v000002cde7d8b830_0 .net "rd_ptr_lookahead", 7 0, L_000002cde7d9e1b0;  1 drivers
v000002cde7d89f30_0 .net "rst_n", 0 0, L_000002cde7a71f90;  alias, 1 drivers
v000002cde7d8a9d0_0 .net "s_axis_tdata", 63 0, v000002cde7d9ca90_0;  alias, 1 drivers
v000002cde7d8ab10_0 .net "s_axis_tlast", 0 0, v000002cde7d9beb0_0;  alias, 1 drivers
L_000002cde7db1740 .functor BUFT 1, C4<1>, C4<0>, C4<0>, C4<0>;
v000002cde7d89fd0_0 .net "s_axis_tready", 0 0, L_000002cde7db1740;  1 drivers
v000002cde7d8a7f0_0 .net "s_axis_tvalid", 0 0, L_000002cde7a72fc0;  alias, 1 drivers
v000002cde7d89210_0 .var "temp_reg", 63 0;
v000002cde7d893f0_0 .var "valid_sr", 0 0;
v000002cde7d8ac50_0 .var "wr_addr_pipe", 7 0;
v000002cde7d89670_0 .var "wr_ptr", 7 0;
L_000002cde7d9e2f0 .concat [ 8 1 0 0], v000002cde7d8ac50_0, v000002cde7d8b1f0_0;
L_000002cde7d9e110 .arith/sum 8, v000002cde7d8a4d0_0, L_000002cde7db1788;
L_000002cde7d9e1b0 .functor MUXZ 8, v000002cde7d8a4d0_0, L_000002cde7d9e110, v000002cde7d8b470_0, C4<>;
L_000002cde7d9e890 .concat [ 8 1 0 0], L_000002cde7d9e1b0, L_000002cde7a720e0;
L_000002cde7d9e250 .functor MUXZ 96, L_000002cde7db17d0, v000002cde7d8b5b0_0, v000002cde7d8b470_0, C4<>;
S_000002cde7d7af10 .scope module, "u_out_buf" "output_buffer_ctrl" 4 188, 13 8 0, S_000002cde7c6f6a0;
 .timescale -9 -12;
    .port_info 0 /INPUT 1 "clk";
    .port_info 1 /INPUT 1 "rst_n";
    .port_info 2 /INPUT 128 "i_data";
    .port_info 3 /INPUT 1 "i_valid";
    .port_info 4 /OUTPUT 1 "o_full";
    .port_info 5 /OUTPUT 64 "axis_tdata";
    .port_info 6 /OUTPUT 1 "axis_tvalid";
    .port_info 7 /INPUT 1 "axis_tready";
    .port_info 8 /OUTPUT 1 "axis_tlast";
P_000002cde7b5ab60 .param/l "DEPTH" 1 13 29, +C4<0000000000000000000000000000000100000000>;
P_000002cde7b5ab98 .param/l "DEPTH_LOG2" 0 13 9, +C4<00000000000000000000000000001000>;
P_000002cde7b5abd0 .param/l "ST_HALF0" 1 13 54, C4<01>;
P_000002cde7b5ac08 .param/l "ST_HALF1" 1 13 55, C4<10>;
P_000002cde7b5ac40 .param/l "ST_IDLE" 1 13 53, C4<00>;
L_000002cde7e35550 .functor XOR 1, L_000002cde7e21d30, L_000002cde7e21150, C4<0>, C4<0>;
L_000002cde7e35010 .functor AND 1, L_000002cde7e35550, L_000002cde7e21e70, C4<1>, C4<1>;
L_000002cde7e351d0 .functor BUFZ 1, L_000002cde7e35010, C4<0>, C4<0>, C4<0>;
v000002cde7d8b0b0_0 .net *"_ivl_11", 7 0, L_000002cde7e21330;  1 drivers
v000002cde7d8a250_0 .net *"_ivl_12", 0 0, L_000002cde7e21e70;  1 drivers
v000002cde7d89ad0_0 .net *"_ivl_3", 0 0, L_000002cde7e21d30;  1 drivers
v000002cde7d8b6f0_0 .net *"_ivl_5", 0 0, L_000002cde7e21150;  1 drivers
v000002cde7d8a2f0_0 .net *"_ivl_6", 0 0, L_000002cde7e35550;  1 drivers
v000002cde7d89490_0 .net *"_ivl_9", 7 0, L_000002cde7e21dd0;  1 drivers
v000002cde7d89170_0 .var "axis_tdata", 63 0;
v000002cde7d895d0_0 .net "axis_tlast", 0 0, L_000002cde7db3870;  alias, 1 drivers
v000002cde7d8b790_0 .net "axis_tready", 0 0, v000002cde7d9c630_0;  alias, 1 drivers
v000002cde7d8b510_0 .var "axis_tvalid", 0 0;
v000002cde7d8b290_0 .net "clk", 0 0, v000002cde7d9c770_0;  alias, 1 drivers
v000002cde7d8b650_0 .net "empty", 0 0, L_000002cde7e21510;  1 drivers
v000002cde7d89b70_0 .net "full", 0 0, L_000002cde7e35010;  1 drivers
v000002cde7d8a570_0 .net "i_data", 127 0, L_000002cde7e21010;  alias, 1 drivers
v000002cde7d89c10_0 .net "i_valid", 0 0, v000002cde7d98530_0;  alias, 1 drivers
v000002cde7d8acf0 .array "mem", 255 0, 127 0;
v000002cde7d8abb0_0 .net "o_full", 0 0, L_000002cde7e351d0;  1 drivers
v000002cde7d8ad90_0 .var "rd_ptr", 8 0;
v000002cde7d8a890_0 .net "rst_n", 0 0, L_000002cde7a71f90;  alias, 1 drivers
v000002cde7d8af70_0 .var "state", 1 0;
v000002cde7d89d50_0 .var "word_buf", 127 0;
v000002cde7d89e90_0 .var "wr_ptr", 8 0;
L_000002cde7e21510 .cmp/eq 9, v000002cde7d89e90_0, v000002cde7d8ad90_0;
L_000002cde7e21d30 .part v000002cde7d89e90_0, 8, 1;
L_000002cde7e21150 .part v000002cde7d8ad90_0, 8, 1;
L_000002cde7e21dd0 .part v000002cde7d89e90_0, 0, 8;
L_000002cde7e21330 .part v000002cde7d8ad90_0, 0, 8;
L_000002cde7e21e70 .cmp/eq 8, L_000002cde7e21dd0, L_000002cde7e21330;
S_000002cde7d7b0a0 .scope module, "u_ppu" "ppu" 4 177, 14 11 0, S_000002cde7c6f6a0;
 .timescale -9 -12;
    .port_info 0 /INPUT 1 "clk";
    .port_info 1 /INPUT 1 "rst_n";
    .port_info 2 /INPUT 1 "i_valid";
    .port_info 3 /INPUT 512 "i_data_vec";
    .port_info 4 /OUTPUT 1 "o_valid";
    .port_info 5 /OUTPUT 128 "o_data_vec";
    .port_info 6 /INPUT 16 "cfg_mult";
    .port_info 7 /INPUT 5 "cfg_shift";
    .port_info 8 /INPUT 8 "cfg_zp";
    .port_info 9 /INPUT 32 "cfg_bias";
v000002cde7d97310_0 .net "cfg_bias", 31 0, v000002cde7be7a80_0;  alias, 1 drivers
v000002cde7d973b0_0 .net "cfg_mult", 15 0, L_000002cde7d9eed0;  alias, 1 drivers
v000002cde7d97bd0_0 .net "cfg_shift", 4 0, L_000002cde7d9d530;  alias, 1 drivers
v000002cde7d97c70_0 .net "cfg_zp", 7 0, L_000002cde7d9db70;  alias, 1 drivers
v000002cde7d95970_0 .net "clk", 0 0, v000002cde7d9c770_0;  alias, 1 drivers
v000002cde7d9a650_0 .net "i_data_vec", 511 0, L_000002cde7e1a3f0;  alias, 1 drivers
v000002cde7d9a830_0 .net "i_valid", 0 0, L_000002cde7e34b40;  alias, 1 drivers
v000002cde7d9a290_0 .net "o_data_vec", 127 0, L_000002cde7e21010;  alias, 1 drivers
v000002cde7d98530_0 .var "o_valid", 0 0;
v000002cde7d9a010_0 .net "rst_n", 0 0, L_000002cde7a71f90;  alias, 1 drivers
L_000002cde7e1a5d0 .part L_000002cde7e1a3f0, 0, 32;
L_000002cde7e1aa30 .part L_000002cde7e1a3f0, 32, 32;
L_000002cde7e1b070 .part L_000002cde7e1a3f0, 64, 32;
L_000002cde7e1bed0 .part L_000002cde7e1a3f0, 96, 32;
L_000002cde7e1b390 .part L_000002cde7e1a3f0, 128, 32;
L_000002cde7e1af30 .part L_000002cde7e1a3f0, 160, 32;
L_000002cde7e1c290 .part L_000002cde7e1a3f0, 192, 32;
L_000002cde7e1ef90 .part L_000002cde7e1a3f0, 224, 32;
L_000002cde7e1ec70 .part L_000002cde7e1a3f0, 256, 32;
L_000002cde7e1f030 .part L_000002cde7e1a3f0, 288, 32;
L_000002cde7e1d9b0 .part L_000002cde7e1a3f0, 320, 32;
L_000002cde7e1dcd0 .part L_000002cde7e1a3f0, 352, 32;
L_000002cde7e22550 .part L_000002cde7e1a3f0, 384, 32;
L_000002cde7e20c50 .part L_000002cde7e1a3f0, 416, 32;
L_000002cde7e20bb0 .part L_000002cde7e1a3f0, 448, 32;
L_000002cde7e21790 .part L_000002cde7e1a3f0, 480, 32;
LS_000002cde7e21010_0_0 .concat8 [ 8 8 8 8], v000002cde7d8d130_0, v000002cde7d8c730_0, v000002cde7d8c910_0, v000002cde7d8e710_0;
LS_000002cde7e21010_0_4 .concat8 [ 8 8 8 8], v000002cde7d90830_0, v000002cde7d8e8f0_0, v000002cde7d90ab0_0, v000002cde7d91870_0;
LS_000002cde7e21010_0_8 .concat8 [ 8 8 8 8], v000002cde7d91550_0, v000002cde7d92e50_0, v000002cde7d95790_0, v000002cde7d942f0_0;
LS_000002cde7e21010_0_12 .concat8 [ 8 8 8 8], v000002cde7d95650_0, v000002cde7d965f0_0, v000002cde7d979f0_0, v000002cde7d96af0_0;
L_000002cde7e21010 .concat8 [ 32 32 32 32], LS_000002cde7e21010_0_0, LS_000002cde7e21010_0_4, LS_000002cde7e21010_0_8, LS_000002cde7e21010_0_12;
S_000002cde7d7b230 .scope generate, "PPU_LANE[0]" "PPU_LANE[0]" 14 31, 14 31 0, S_000002cde7d7b0a0;
 .timescale -9 -12;
P_000002cde7ae7960 .param/l "i" 0 14 31, +C4<00>;
L_000002cde7db21f0 .functor BUFT 1, C4<0000000000000000000000000000000000000000>, C4<0>, C4<0>, C4<0>;
v000002cde7d8a070_0 .net/2u *"_ivl_11", 39 0, L_000002cde7db21f0;  1 drivers
v000002cde7d8a110_0 .net *"_ivl_13", 47 0, L_000002cde7e19590;  1 drivers
L_000002cde7db2238 .functor BUFT 1, C4<000000000000000000000000000000000000000001111111>, C4<0>, C4<0>, C4<0>;
v000002cde7d8a750_0 .net/2s *"_ivl_17", 47 0, L_000002cde7db2238;  1 drivers
v000002cde7d8b010_0 .net *"_ivl_19", 0 0, L_000002cde7e19630;  1 drivers
L_000002cde7db2280 .functor BUFT 1, C4<01111111>, C4<0>, C4<0>, C4<0>;
v000002cde7d8a1b0_0 .net/2u *"_ivl_21", 7 0, L_000002cde7db2280;  1 drivers
L_000002cde7db22c8 .functor BUFT 1, C4<111111111111111111111111111111111111111110000000>, C4<0>, C4<0>, C4<0>;
v000002cde7d8c190_0 .net/2s *"_ivl_23", 47 0, L_000002cde7db22c8;  1 drivers
v000002cde7d8de50_0 .net *"_ivl_25", 0 0, L_000002cde7e1adf0;  1 drivers
L_000002cde7db2310 .functor BUFT 1, C4<10000000>, C4<0>, C4<0>, C4<0>;
v000002cde7d8d1d0_0 .net/2u *"_ivl_27", 7 0, L_000002cde7db2310;  1 drivers
v000002cde7d8da90_0 .net/s *"_ivl_3", 47 0, L_000002cde7e1a7b0;  1 drivers
v000002cde7d8d630_0 .net *"_ivl_30", 7 0, L_000002cde7e1a990;  1 drivers
v000002cde7d8cc30_0 .net *"_ivl_31", 7 0, L_000002cde7e18730;  1 drivers
v000002cde7d8d9f0_0 .net *"_ivl_36", 7 0, v000002cde7d8d130_0;  1 drivers
v000002cde7d8c4b0_0 .net/s *"_ivl_5", 47 0, L_000002cde7e19b30;  1 drivers
v000002cde7d8be70_0 .net/s "clamped_val", 7 0, L_000002cde7e187d0;  1 drivers
v000002cde7d8cd70_0 .net/s "in_val", 31 0, L_000002cde7e1a5d0;  1 drivers
v000002cde7d8d130_0 .var/s "out_reg", 7 0;
v000002cde7d8d8b0_0 .net/s "product", 47 0, L_000002cde7e19450;  1 drivers
v000002cde7d8c9b0_0 .net/s "shifted", 47 0, L_000002cde7e1aad0;  1 drivers
v000002cde7d8d270_0 .net/s "val_biased", 31 0, L_000002cde7e1a670;  1 drivers
v000002cde7d8ce10_0 .net/s "with_zp", 47 0, L_000002cde7e1a8f0;  1 drivers
L_000002cde7e1a670 .arith/sum 32, L_000002cde7e1a5d0, v000002cde7be7a80_0;
L_000002cde7e1a7b0 .extend/s 48, L_000002cde7e1a670;
L_000002cde7e19b30 .extend/s 48, L_000002cde7d9eed0;
L_000002cde7e19450 .arith/mult 48, L_000002cde7e1a7b0, L_000002cde7e19b30;
L_000002cde7e1aad0 .shift/rs 48, L_000002cde7e19450, L_000002cde7d9d530;
L_000002cde7e19590 .concat [ 8 40 0 0], L_000002cde7d9db70, L_000002cde7db21f0;
L_000002cde7e1a8f0 .arith/sum 48, L_000002cde7e1aad0, L_000002cde7e19590;
L_000002cde7e19630 .cmp/gt.s 48, L_000002cde7e1a8f0, L_000002cde7db2238;
L_000002cde7e1adf0 .cmp/gt.s 48, L_000002cde7db22c8, L_000002cde7e1a8f0;
L_000002cde7e1a990 .part L_000002cde7e1a8f0, 0, 8;
L_000002cde7e18730 .functor MUXZ 8, L_000002cde7e1a990, L_000002cde7db2310, L_000002cde7e1adf0, C4<>;
L_000002cde7e187d0 .functor MUXZ 8, L_000002cde7e18730, L_000002cde7db2280, L_000002cde7e19630, C4<>;
S_000002cde7d7b550 .scope generate, "PPU_LANE[1]" "PPU_LANE[1]" 14 31, 14 31 0, S_000002cde7d7b0a0;
 .timescale -9 -12;
P_000002cde7ae76a0 .param/l "i" 0 14 31, +C4<01>;
L_000002cde7db2358 .functor BUFT 1, C4<0000000000000000000000000000000000000000>, C4<0>, C4<0>, C4<0>;
v000002cde7d8d310_0 .net/2u *"_ivl_11", 39 0, L_000002cde7db2358;  1 drivers
v000002cde7d8d4f0_0 .net *"_ivl_13", 47 0, L_000002cde7e19770;  1 drivers
L_000002cde7db23a0 .functor BUFT 1, C4<000000000000000000000000000000000000000001111111>, C4<0>, C4<0>, C4<0>;
v000002cde7d8d6d0_0 .net/2s *"_ivl_17", 47 0, L_000002cde7db23a0;  1 drivers
v000002cde7d8d590_0 .net *"_ivl_19", 0 0, L_000002cde7e198b0;  1 drivers
L_000002cde7db23e8 .functor BUFT 1, C4<01111111>, C4<0>, C4<0>, C4<0>;
v000002cde7d8db30_0 .net/2u *"_ivl_21", 7 0, L_000002cde7db23e8;  1 drivers
L_000002cde7db2430 .functor BUFT 1, C4<111111111111111111111111111111111111111110000000>, C4<0>, C4<0>, C4<0>;
v000002cde7d8def0_0 .net/2s *"_ivl_23", 47 0, L_000002cde7db2430;  1 drivers
v000002cde7d8bc90_0 .net *"_ivl_25", 0 0, L_000002cde7e19950;  1 drivers
L_000002cde7db2478 .functor BUFT 1, C4<10000000>, C4<0>, C4<0>, C4<0>;
v000002cde7d8c0f0_0 .net/2u *"_ivl_27", 7 0, L_000002cde7db2478;  1 drivers
v000002cde7d8bd30_0 .net/s *"_ivl_3", 47 0, L_000002cde7e18910;  1 drivers
v000002cde7d8c5f0_0 .net *"_ivl_30", 7 0, L_000002cde7e19bd0;  1 drivers
v000002cde7d8bdd0_0 .net *"_ivl_31", 7 0, L_000002cde7e1c470;  1 drivers
v000002cde7d8dbd0_0 .net *"_ivl_36", 7 0, v000002cde7d8c730_0;  1 drivers
v000002cde7d8bf10_0 .net/s *"_ivl_5", 47 0, L_000002cde7e189b0;  1 drivers
v000002cde7d8c370_0 .net/s "clamped_val", 7 0, L_000002cde7e1bd90;  1 drivers
v000002cde7d8c230_0 .net/s "in_val", 31 0, L_000002cde7e1aa30;  1 drivers
v000002cde7d8c730_0 .var/s "out_reg", 7 0;
v000002cde7d8d090_0 .net/s "product", 47 0, L_000002cde7e18a50;  1 drivers
v000002cde7d8e030_0 .net/s "shifted", 47 0, L_000002cde7e196d0;  1 drivers
v000002cde7d8bfb0_0 .net/s "val_biased", 31 0, L_000002cde7e18870;  1 drivers
v000002cde7d8ceb0_0 .net/s "with_zp", 47 0, L_000002cde7e19810;  1 drivers
L_000002cde7e18870 .arith/sum 32, L_000002cde7e1aa30, v000002cde7be7a80_0;
L_000002cde7e18910 .extend/s 48, L_000002cde7e18870;
L_000002cde7e189b0 .extend/s 48, L_000002cde7d9eed0;
L_000002cde7e18a50 .arith/mult 48, L_000002cde7e18910, L_000002cde7e189b0;
L_000002cde7e196d0 .shift/rs 48, L_000002cde7e18a50, L_000002cde7d9d530;
L_000002cde7e19770 .concat [ 8 40 0 0], L_000002cde7d9db70, L_000002cde7db2358;
L_000002cde7e19810 .arith/sum 48, L_000002cde7e196d0, L_000002cde7e19770;
L_000002cde7e198b0 .cmp/gt.s 48, L_000002cde7e19810, L_000002cde7db23a0;
L_000002cde7e19950 .cmp/gt.s 48, L_000002cde7db2430, L_000002cde7e19810;
L_000002cde7e19bd0 .part L_000002cde7e19810, 0, 8;
L_000002cde7e1c470 .functor MUXZ 8, L_000002cde7e19bd0, L_000002cde7db2478, L_000002cde7e19950, C4<>;
L_000002cde7e1bd90 .functor MUXZ 8, L_000002cde7e1c470, L_000002cde7db23e8, L_000002cde7e198b0, C4<>;
S_000002cde7d7b6e0 .scope generate, "PPU_LANE[2]" "PPU_LANE[2]" 14 31, 14 31 0, S_000002cde7d7b0a0;
 .timescale -9 -12;
P_000002cde7ae76e0 .param/l "i" 0 14 31, +C4<010>;
L_000002cde7db24c0 .functor BUFT 1, C4<0000000000000000000000000000000000000000>, C4<0>, C4<0>, C4<0>;
v000002cde7d8c050_0 .net/2u *"_ivl_11", 39 0, L_000002cde7db24c0;  1 drivers
v000002cde7d8ba10_0 .net *"_ivl_13", 47 0, L_000002cde7e1c1f0;  1 drivers
L_000002cde7db2508 .functor BUFT 1, C4<000000000000000000000000000000000000000001111111>, C4<0>, C4<0>, C4<0>;
v000002cde7d8c410_0 .net/2s *"_ivl_17", 47 0, L_000002cde7db2508;  1 drivers
v000002cde7d8c2d0_0 .net *"_ivl_19", 0 0, L_000002cde7e1be30;  1 drivers
L_000002cde7db2550 .functor BUFT 1, C4<01111111>, C4<0>, C4<0>, C4<0>;
v000002cde7d8c550_0 .net/2u *"_ivl_21", 7 0, L_000002cde7db2550;  1 drivers
L_000002cde7db2598 .functor BUFT 1, C4<111111111111111111111111111111111111111110000000>, C4<0>, C4<0>, C4<0>;
v000002cde7d8cb90_0 .net/2s *"_ivl_23", 47 0, L_000002cde7db2598;  1 drivers
v000002cde7d8d770_0 .net *"_ivl_25", 0 0, L_000002cde7e1c830;  1 drivers
L_000002cde7db25e0 .functor BUFT 1, C4<10000000>, C4<0>, C4<0>, C4<0>;
v000002cde7d8c690_0 .net/2u *"_ivl_27", 7 0, L_000002cde7db25e0;  1 drivers
v000002cde7d8ccd0_0 .net/s *"_ivl_3", 47 0, L_000002cde7e1b430;  1 drivers
v000002cde7d8bab0_0 .net *"_ivl_30", 7 0, L_000002cde7e1b7f0;  1 drivers
v000002cde7d8dc70_0 .net *"_ivl_31", 7 0, L_000002cde7e1c8d0;  1 drivers
v000002cde7d8c7d0_0 .net *"_ivl_36", 7 0, v000002cde7d8c910_0;  1 drivers
v000002cde7d8cf50_0 .net/s *"_ivl_5", 47 0, L_000002cde7e1b930;  1 drivers
v000002cde7d8c870_0 .net/s "clamped_val", 7 0, L_000002cde7e1cc90;  1 drivers
v000002cde7d8d450_0 .net/s "in_val", 31 0, L_000002cde7e1b070;  1 drivers
v000002cde7d8c910_0 .var/s "out_reg", 7 0;
v000002cde7d8d3b0_0 .net/s "product", 47 0, L_000002cde7e1ba70;  1 drivers
v000002cde7d8d810_0 .net/s "shifted", 47 0, L_000002cde7e1cdd0;  1 drivers
v000002cde7d8b8d0_0 .net/s "val_biased", 31 0, L_000002cde7e1b250;  1 drivers
v000002cde7d8d950_0 .net/s "with_zp", 47 0, L_000002cde7e1b2f0;  1 drivers
L_000002cde7e1b250 .arith/sum 32, L_000002cde7e1b070, v000002cde7be7a80_0;
L_000002cde7e1b430 .extend/s 48, L_000002cde7e1b250;
L_000002cde7e1b930 .extend/s 48, L_000002cde7d9eed0;
L_000002cde7e1ba70 .arith/mult 48, L_000002cde7e1b430, L_000002cde7e1b930;
L_000002cde7e1cdd0 .shift/rs 48, L_000002cde7e1ba70, L_000002cde7d9d530;
L_000002cde7e1c1f0 .concat [ 8 40 0 0], L_000002cde7d9db70, L_000002cde7db24c0;
L_000002cde7e1b2f0 .arith/sum 48, L_000002cde7e1cdd0, L_000002cde7e1c1f0;
L_000002cde7e1be30 .cmp/gt.s 48, L_000002cde7e1b2f0, L_000002cde7db2508;
L_000002cde7e1c830 .cmp/gt.s 48, L_000002cde7db2598, L_000002cde7e1b2f0;
L_000002cde7e1b7f0 .part L_000002cde7e1b2f0, 0, 8;
L_000002cde7e1c8d0 .functor MUXZ 8, L_000002cde7e1b7f0, L_000002cde7db25e0, L_000002cde7e1c830, C4<>;
L_000002cde7e1cc90 .functor MUXZ 8, L_000002cde7e1c8d0, L_000002cde7db2550, L_000002cde7e1be30, C4<>;
S_000002cde7da2fb0 .scope generate, "PPU_LANE[3]" "PPU_LANE[3]" 14 31, 14 31 0, S_000002cde7d7b0a0;
 .timescale -9 -12;
P_000002cde7ae79a0 .param/l "i" 0 14 31, +C4<011>;
L_000002cde7db2628 .functor BUFT 1, C4<0000000000000000000000000000000000000000>, C4<0>, C4<0>, C4<0>;
v000002cde7d8dd10_0 .net/2u *"_ivl_11", 39 0, L_000002cde7db2628;  1 drivers
v000002cde7d8cff0_0 .net *"_ivl_13", 47 0, L_000002cde7e1b6b0;  1 drivers
L_000002cde7db2670 .functor BUFT 1, C4<000000000000000000000000000000000000000001111111>, C4<0>, C4<0>, C4<0>;
v000002cde7d8ddb0_0 .net/2s *"_ivl_17", 47 0, L_000002cde7db2670;  1 drivers
v000002cde7d8df90_0 .net *"_ivl_19", 0 0, L_000002cde7e1cd30;  1 drivers
L_000002cde7db26b8 .functor BUFT 1, C4<01111111>, C4<0>, C4<0>, C4<0>;
v000002cde7d8b970_0 .net/2u *"_ivl_21", 7 0, L_000002cde7db26b8;  1 drivers
L_000002cde7db2700 .functor BUFT 1, C4<111111111111111111111111111111111111111110000000>, C4<0>, C4<0>, C4<0>;
v000002cde7d8bb50_0 .net/2s *"_ivl_23", 47 0, L_000002cde7db2700;  1 drivers
v000002cde7d8ca50_0 .net *"_ivl_25", 0 0, L_000002cde7e1b4d0;  1 drivers
L_000002cde7db2748 .functor BUFT 1, C4<10000000>, C4<0>, C4<0>, C4<0>;
v000002cde7d8bbf0_0 .net/2u *"_ivl_27", 7 0, L_000002cde7db2748;  1 drivers
v000002cde7d8caf0_0 .net/s *"_ivl_3", 47 0, L_000002cde7e1cf10;  1 drivers
v000002cde7d8edf0_0 .net *"_ivl_30", 7 0, L_000002cde7e1b110;  1 drivers
v000002cde7d90510_0 .net *"_ivl_31", 7 0, L_000002cde7e1b1b0;  1 drivers
v000002cde7d8f890_0 .net *"_ivl_36", 7 0, v000002cde7d8e710_0;  1 drivers
v000002cde7d8e0d0_0 .net/s *"_ivl_5", 47 0, L_000002cde7e1c010;  1 drivers
v000002cde7d90470_0 .net/s "clamped_val", 7 0, L_000002cde7e1b570;  1 drivers
v000002cde7d906f0_0 .net/s "in_val", 31 0, L_000002cde7e1bed0;  1 drivers
v000002cde7d8e710_0 .var/s "out_reg", 7 0;
v000002cde7d90010_0 .net/s "product", 47 0, L_000002cde7e1c970;  1 drivers
v000002cde7d8f390_0 .net/s "shifted", 47 0, L_000002cde7e1ca10;  1 drivers
v000002cde7d8e990_0 .net/s "val_biased", 31 0, L_000002cde7e1b610;  1 drivers
v000002cde7d90150_0 .net/s "with_zp", 47 0, L_000002cde7e1d370;  1 drivers
L_000002cde7e1b610 .arith/sum 32, L_000002cde7e1bed0, v000002cde7be7a80_0;
L_000002cde7e1cf10 .extend/s 48, L_000002cde7e1b610;
L_000002cde7e1c010 .extend/s 48, L_000002cde7d9eed0;
L_000002cde7e1c970 .arith/mult 48, L_000002cde7e1cf10, L_000002cde7e1c010;
L_000002cde7e1ca10 .shift/rs 48, L_000002cde7e1c970, L_000002cde7d9d530;
L_000002cde7e1b6b0 .concat [ 8 40 0 0], L_000002cde7d9db70, L_000002cde7db2628;
L_000002cde7e1d370 .arith/sum 48, L_000002cde7e1ca10, L_000002cde7e1b6b0;
L_000002cde7e1cd30 .cmp/gt.s 48, L_000002cde7e1d370, L_000002cde7db2670;
L_000002cde7e1b4d0 .cmp/gt.s 48, L_000002cde7db2700, L_000002cde7e1d370;
L_000002cde7e1b110 .part L_000002cde7e1d370, 0, 8;
L_000002cde7e1b1b0 .functor MUXZ 8, L_000002cde7e1b110, L_000002cde7db2748, L_000002cde7e1b4d0, C4<>;
L_000002cde7e1b570 .functor MUXZ 8, L_000002cde7e1b1b0, L_000002cde7db26b8, L_000002cde7e1cd30, C4<>;
S_000002cde7da4a40 .scope generate, "PPU_LANE[4]" "PPU_LANE[4]" 14 31, 14 31 0, S_000002cde7d7b0a0;
 .timescale -9 -12;
P_000002cde7ae79e0 .param/l "i" 0 14 31, +C4<0100>;
L_000002cde7db2790 .functor BUFT 1, C4<0000000000000000000000000000000000000000>, C4<0>, C4<0>, C4<0>;
v000002cde7d8fa70_0 .net/2u *"_ivl_11", 39 0, L_000002cde7db2790;  1 drivers
v000002cde7d8ed50_0 .net *"_ivl_13", 47 0, L_000002cde7e1ce70;  1 drivers
L_000002cde7db27d8 .functor BUFT 1, C4<000000000000000000000000000000000000000001111111>, C4<0>, C4<0>, C4<0>;
v000002cde7d905b0_0 .net/2s *"_ivl_17", 47 0, L_000002cde7db27d8;  1 drivers
v000002cde7d8f6b0_0 .net *"_ivl_19", 0 0, L_000002cde7e1b890;  1 drivers
L_000002cde7db2820 .functor BUFT 1, C4<01111111>, C4<0>, C4<0>, C4<0>;
v000002cde7d8ee90_0 .net/2u *"_ivl_21", 7 0, L_000002cde7db2820;  1 drivers
L_000002cde7db2868 .functor BUFT 1, C4<111111111111111111111111111111111111111110000000>, C4<0>, C4<0>, C4<0>;
v000002cde7d90790_0 .net/2s *"_ivl_23", 47 0, L_000002cde7db2868;  1 drivers
v000002cde7d8e7b0_0 .net *"_ivl_25", 0 0, L_000002cde7e1b9d0;  1 drivers
L_000002cde7db28b0 .functor BUFT 1, C4<10000000>, C4<0>, C4<0>, C4<0>;
v000002cde7d8fb10_0 .net/2u *"_ivl_27", 7 0, L_000002cde7db28b0;  1 drivers
v000002cde7d8efd0_0 .net/s *"_ivl_3", 47 0, L_000002cde7e1cab0;  1 drivers
v000002cde7d8ef30_0 .net *"_ivl_30", 7 0, L_000002cde7e1cb50;  1 drivers
v000002cde7d8ea30_0 .net *"_ivl_31", 7 0, L_000002cde7e1bb10;  1 drivers
v000002cde7d900b0_0 .net *"_ivl_36", 7 0, v000002cde7d90830_0;  1 drivers
v000002cde7d8e170_0 .net/s *"_ivl_5", 47 0, L_000002cde7e1bf70;  1 drivers
v000002cde7d8e350_0 .net/s "clamped_val", 7 0, L_000002cde7e1c0b0;  1 drivers
v000002cde7d8e850_0 .net/s "in_val", 31 0, L_000002cde7e1b390;  1 drivers
v000002cde7d90830_0 .var/s "out_reg", 7 0;
v000002cde7d8e490_0 .net/s "product", 47 0, L_000002cde7e1d410;  1 drivers
v000002cde7d8fe30_0 .net/s "shifted", 47 0, L_000002cde7e1b750;  1 drivers
v000002cde7d8f250_0 .net/s "val_biased", 31 0, L_000002cde7e1d190;  1 drivers
v000002cde7d8ead0_0 .net/s "with_zp", 47 0, L_000002cde7e1c6f0;  1 drivers
L_000002cde7e1d190 .arith/sum 32, L_000002cde7e1b390, v000002cde7be7a80_0;
L_000002cde7e1cab0 .extend/s 48, L_000002cde7e1d190;
L_000002cde7e1bf70 .extend/s 48, L_000002cde7d9eed0;
L_000002cde7e1d410 .arith/mult 48, L_000002cde7e1cab0, L_000002cde7e1bf70;
L_000002cde7e1b750 .shift/rs 48, L_000002cde7e1d410, L_000002cde7d9d530;
L_000002cde7e1ce70 .concat [ 8 40 0 0], L_000002cde7d9db70, L_000002cde7db2790;
L_000002cde7e1c6f0 .arith/sum 48, L_000002cde7e1b750, L_000002cde7e1ce70;
L_000002cde7e1b890 .cmp/gt.s 48, L_000002cde7e1c6f0, L_000002cde7db27d8;
L_000002cde7e1b9d0 .cmp/gt.s 48, L_000002cde7db2868, L_000002cde7e1c6f0;
L_000002cde7e1cb50 .part L_000002cde7e1c6f0, 0, 8;
L_000002cde7e1bb10 .functor MUXZ 8, L_000002cde7e1cb50, L_000002cde7db28b0, L_000002cde7e1b9d0, C4<>;
L_000002cde7e1c0b0 .functor MUXZ 8, L_000002cde7e1bb10, L_000002cde7db2820, L_000002cde7e1b890, C4<>;
S_000002cde7da4ef0 .scope generate, "PPU_LANE[5]" "PPU_LANE[5]" 14 31, 14 31 0, S_000002cde7d7b0a0;
 .timescale -9 -12;
P_000002cde7ae72a0 .param/l "i" 0 14 31, +C4<0101>;
L_000002cde7db28f8 .functor BUFT 1, C4<0000000000000000000000000000000000000000>, C4<0>, C4<0>, C4<0>;
v000002cde7d8e3f0_0 .net/2u *"_ivl_11", 39 0, L_000002cde7db28f8;  1 drivers
v000002cde7d8e210_0 .net *"_ivl_13", 47 0, L_000002cde7e1d050;  1 drivers
L_000002cde7db2940 .functor BUFT 1, C4<000000000000000000000000000000000000000001111111>, C4<0>, C4<0>, C4<0>;
v000002cde7d8e2b0_0 .net/2s *"_ivl_17", 47 0, L_000002cde7db2940;  1 drivers
v000002cde7d8f430_0 .net *"_ivl_19", 0 0, L_000002cde7e1bcf0;  1 drivers
L_000002cde7db2988 .functor BUFT 1, C4<01111111>, C4<0>, C4<0>, C4<0>;
v000002cde7d90650_0 .net/2u *"_ivl_21", 7 0, L_000002cde7db2988;  1 drivers
L_000002cde7db29d0 .functor BUFT 1, C4<111111111111111111111111111111111111111110000000>, C4<0>, C4<0>, C4<0>;
v000002cde7d8f4d0_0 .net/2s *"_ivl_23", 47 0, L_000002cde7db29d0;  1 drivers
v000002cde7d8e530_0 .net *"_ivl_25", 0 0, L_000002cde7e1d550;  1 drivers
L_000002cde7db2a18 .functor BUFT 1, C4<10000000>, C4<0>, C4<0>, C4<0>;
v000002cde7d8fcf0_0 .net/2u *"_ivl_27", 7 0, L_000002cde7db2a18;  1 drivers
v000002cde7d8eb70_0 .net/s *"_ivl_3", 47 0, L_000002cde7e1cbf0;  1 drivers
v000002cde7d8f070_0 .net *"_ivl_30", 7 0, L_000002cde7e1d230;  1 drivers
v000002cde7d8f930_0 .net *"_ivl_31", 7 0, L_000002cde7e1c150;  1 drivers
v000002cde7d8fbb0_0 .net *"_ivl_36", 7 0, v000002cde7d8e8f0_0;  1 drivers
v000002cde7d8fc50_0 .net/s *"_ivl_5", 47 0, L_000002cde7e1bbb0;  1 drivers
v000002cde7d901f0_0 .net/s "clamped_val", 7 0, L_000002cde7e1d2d0;  1 drivers
v000002cde7d90290_0 .net/s "in_val", 31 0, L_000002cde7e1af30;  1 drivers
v000002cde7d8e8f0_0 .var/s "out_reg", 7 0;
v000002cde7d8fd90_0 .net/s "product", 47 0, L_000002cde7e1cfb0;  1 drivers
v000002cde7d8e5d0_0 .net/s "shifted", 47 0, L_000002cde7e1bc50;  1 drivers
v000002cde7d8ec10_0 .net/s "val_biased", 31 0, L_000002cde7e1c510;  1 drivers
v000002cde7d8e670_0 .net/s "with_zp", 47 0, L_000002cde7e1d0f0;  1 drivers
L_000002cde7e1c510 .arith/sum 32, L_000002cde7e1af30, v000002cde7be7a80_0;
L_000002cde7e1cbf0 .extend/s 48, L_000002cde7e1c510;
L_000002cde7e1bbb0 .extend/s 48, L_000002cde7d9eed0;
L_000002cde7e1cfb0 .arith/mult 48, L_000002cde7e1cbf0, L_000002cde7e1bbb0;
L_000002cde7e1bc50 .shift/rs 48, L_000002cde7e1cfb0, L_000002cde7d9d530;
L_000002cde7e1d050 .concat [ 8 40 0 0], L_000002cde7d9db70, L_000002cde7db28f8;
L_000002cde7e1d0f0 .arith/sum 48, L_000002cde7e1bc50, L_000002cde7e1d050;
L_000002cde7e1bcf0 .cmp/gt.s 48, L_000002cde7e1d0f0, L_000002cde7db2940;
L_000002cde7e1d550 .cmp/gt.s 48, L_000002cde7db29d0, L_000002cde7e1d0f0;
L_000002cde7e1d230 .part L_000002cde7e1d0f0, 0, 8;
L_000002cde7e1c150 .functor MUXZ 8, L_000002cde7e1d230, L_000002cde7db2a18, L_000002cde7e1d550, C4<>;
L_000002cde7e1d2d0 .functor MUXZ 8, L_000002cde7e1c150, L_000002cde7db2988, L_000002cde7e1bcf0, C4<>;
S_000002cde7da1cf0 .scope generate, "PPU_LANE[6]" "PPU_LANE[6]" 14 31, 14 31 0, S_000002cde7d7b0a0;
 .timescale -9 -12;
P_000002cde7ae7360 .param/l "i" 0 14 31, +C4<0110>;
L_000002cde7db2a60 .functor BUFT 1, C4<0000000000000000000000000000000000000000>, C4<0>, C4<0>, C4<0>;
v000002cde7d8f2f0_0 .net/2u *"_ivl_11", 39 0, L_000002cde7db2a60;  1 drivers
v000002cde7d8f610_0 .net *"_ivl_13", 47 0, L_000002cde7e1d4b0;  1 drivers
L_000002cde7db2aa8 .functor BUFT 1, C4<000000000000000000000000000000000000000001111111>, C4<0>, C4<0>, C4<0>;
v000002cde7d903d0_0 .net/2s *"_ivl_17", 47 0, L_000002cde7db2aa8;  1 drivers
v000002cde7d8fed0_0 .net *"_ivl_19", 0 0, L_000002cde7e1d690;  1 drivers
L_000002cde7db2af0 .functor BUFT 1, C4<01111111>, C4<0>, C4<0>, C4<0>;
v000002cde7d8ecb0_0 .net/2u *"_ivl_21", 7 0, L_000002cde7db2af0;  1 drivers
L_000002cde7db2b38 .functor BUFT 1, C4<111111111111111111111111111111111111111110000000>, C4<0>, C4<0>, C4<0>;
v000002cde7d8f110_0 .net/2s *"_ivl_23", 47 0, L_000002cde7db2b38;  1 drivers
v000002cde7d8f1b0_0 .net *"_ivl_25", 0 0, L_000002cde7e1afd0;  1 drivers
L_000002cde7db2b80 .functor BUFT 1, C4<10000000>, C4<0>, C4<0>, C4<0>;
v000002cde7d8ff70_0 .net/2u *"_ivl_27", 7 0, L_000002cde7db2b80;  1 drivers
v000002cde7d90330_0 .net/s *"_ivl_3", 47 0, L_000002cde7e1c3d0;  1 drivers
v000002cde7d8f570_0 .net *"_ivl_30", 7 0, L_000002cde7e1fad0;  1 drivers
v000002cde7d8f750_0 .net *"_ivl_31", 7 0, L_000002cde7e1f710;  1 drivers
v000002cde7d8f7f0_0 .net *"_ivl_36", 7 0, v000002cde7d90ab0_0;  1 drivers
v000002cde7d8f9d0_0 .net/s *"_ivl_5", 47 0, L_000002cde7e1c5b0;  1 drivers
v000002cde7d91370_0 .net/s "clamped_val", 7 0, L_000002cde7e1e090;  1 drivers
v000002cde7d91ff0_0 .net/s "in_val", 31 0, L_000002cde7e1c290;  1 drivers
v000002cde7d90ab0_0 .var/s "out_reg", 7 0;
v000002cde7d90dd0_0 .net/s "product", 47 0, L_000002cde7e1c650;  1 drivers
v000002cde7d90e70_0 .net/s "shifted", 47 0, L_000002cde7e1c790;  1 drivers
v000002cde7d90a10_0 .net/s "val_biased", 31 0, L_000002cde7e1c330;  1 drivers
v000002cde7d92f90_0 .net/s "with_zp", 47 0, L_000002cde7e1d5f0;  1 drivers
L_000002cde7e1c330 .arith/sum 32, L_000002cde7e1c290, v000002cde7be7a80_0;
L_000002cde7e1c3d0 .extend/s 48, L_000002cde7e1c330;
L_000002cde7e1c5b0 .extend/s 48, L_000002cde7d9eed0;
L_000002cde7e1c650 .arith/mult 48, L_000002cde7e1c3d0, L_000002cde7e1c5b0;
L_000002cde7e1c790 .shift/rs 48, L_000002cde7e1c650, L_000002cde7d9d530;
L_000002cde7e1d4b0 .concat [ 8 40 0 0], L_000002cde7d9db70, L_000002cde7db2a60;
L_000002cde7e1d5f0 .arith/sum 48, L_000002cde7e1c790, L_000002cde7e1d4b0;
L_000002cde7e1d690 .cmp/gt.s 48, L_000002cde7e1d5f0, L_000002cde7db2aa8;
L_000002cde7e1afd0 .cmp/gt.s 48, L_000002cde7db2b38, L_000002cde7e1d5f0;
L_000002cde7e1fad0 .part L_000002cde7e1d5f0, 0, 8;
L_000002cde7e1f710 .functor MUXZ 8, L_000002cde7e1fad0, L_000002cde7db2b80, L_000002cde7e1afd0, C4<>;
L_000002cde7e1e090 .functor MUXZ 8, L_000002cde7e1f710, L_000002cde7db2af0, L_000002cde7e1d690, C4<>;
S_000002cde7da27e0 .scope generate, "PPU_LANE[7]" "PPU_LANE[7]" 14 31, 14 31 0, S_000002cde7d7b0a0;
 .timescale -9 -12;
P_000002cde7ae8de0 .param/l "i" 0 14 31, +C4<0111>;
L_000002cde7db2bc8 .functor BUFT 1, C4<0000000000000000000000000000000000000000>, C4<0>, C4<0>, C4<0>;
v000002cde7d90f10_0 .net/2u *"_ivl_11", 39 0, L_000002cde7db2bc8;  1 drivers
v000002cde7d92590_0 .net *"_ivl_13", 47 0, L_000002cde7e1df50;  1 drivers
L_000002cde7db2c10 .functor BUFT 1, C4<000000000000000000000000000000000000000001111111>, C4<0>, C4<0>, C4<0>;
v000002cde7d914b0_0 .net/2s *"_ivl_17", 47 0, L_000002cde7db2c10;  1 drivers
v000002cde7d92310_0 .net *"_ivl_19", 0 0, L_000002cde7e1ebd0;  1 drivers
L_000002cde7db2c58 .functor BUFT 1, C4<01111111>, C4<0>, C4<0>, C4<0>;
v000002cde7d91d70_0 .net/2u *"_ivl_21", 7 0, L_000002cde7db2c58;  1 drivers
L_000002cde7db2ca0 .functor BUFT 1, C4<111111111111111111111111111111111111111110000000>, C4<0>, C4<0>, C4<0>;
v000002cde7d91f50_0 .net/2s *"_ivl_23", 47 0, L_000002cde7db2ca0;  1 drivers
v000002cde7d91a50_0 .net *"_ivl_25", 0 0, L_000002cde7e1e130;  1 drivers
L_000002cde7db2ce8 .functor BUFT 1, C4<10000000>, C4<0>, C4<0>, C4<0>;
v000002cde7d91190_0 .net/2u *"_ivl_27", 7 0, L_000002cde7db2ce8;  1 drivers
v000002cde7d92090_0 .net/s *"_ivl_3", 47 0, L_000002cde7e1f210;  1 drivers
v000002cde7d93030_0 .net *"_ivl_30", 7 0, L_000002cde7e1e1d0;  1 drivers
v000002cde7d912d0_0 .net *"_ivl_31", 7 0, L_000002cde7e1dff0;  1 drivers
v000002cde7d92630_0 .net *"_ivl_36", 7 0, v000002cde7d91870_0;  1 drivers
v000002cde7d91c30_0 .net/s *"_ivl_5", 47 0, L_000002cde7e1fc10;  1 drivers
v000002cde7d929f0_0 .net/s "clamped_val", 7 0, L_000002cde7e1f3f0;  1 drivers
v000002cde7d92ef0_0 .net/s "in_val", 31 0, L_000002cde7e1ef90;  1 drivers
v000002cde7d91870_0 .var/s "out_reg", 7 0;
v000002cde7d90fb0_0 .net/s "product", 47 0, L_000002cde7e1d870;  1 drivers
v000002cde7d92130_0 .net/s "shifted", 47 0, L_000002cde7e1e590;  1 drivers
v000002cde7d92a90_0 .net/s "val_biased", 31 0, L_000002cde7e1fb70;  1 drivers
v000002cde7d919b0_0 .net/s "with_zp", 47 0, L_000002cde7e1ee50;  1 drivers
L_000002cde7e1fb70 .arith/sum 32, L_000002cde7e1ef90, v000002cde7be7a80_0;
L_000002cde7e1f210 .extend/s 48, L_000002cde7e1fb70;
L_000002cde7e1fc10 .extend/s 48, L_000002cde7d9eed0;
L_000002cde7e1d870 .arith/mult 48, L_000002cde7e1f210, L_000002cde7e1fc10;
L_000002cde7e1e590 .shift/rs 48, L_000002cde7e1d870, L_000002cde7d9d530;
L_000002cde7e1df50 .concat [ 8 40 0 0], L_000002cde7d9db70, L_000002cde7db2bc8;
L_000002cde7e1ee50 .arith/sum 48, L_000002cde7e1e590, L_000002cde7e1df50;
L_000002cde7e1ebd0 .cmp/gt.s 48, L_000002cde7e1ee50, L_000002cde7db2c10;
L_000002cde7e1e130 .cmp/gt.s 48, L_000002cde7db2ca0, L_000002cde7e1ee50;
L_000002cde7e1e1d0 .part L_000002cde7e1ee50, 0, 8;
L_000002cde7e1dff0 .functor MUXZ 8, L_000002cde7e1e1d0, L_000002cde7db2ce8, L_000002cde7e1e130, C4<>;
L_000002cde7e1f3f0 .functor MUXZ 8, L_000002cde7e1dff0, L_000002cde7db2c58, L_000002cde7e1ebd0, C4<>;
S_000002cde7da40e0 .scope generate, "PPU_LANE[8]" "PPU_LANE[8]" 14 31, 14 31 0, S_000002cde7d7b0a0;
 .timescale -9 -12;
P_000002cde7ae86a0 .param/l "i" 0 14 31, +C4<01000>;
L_000002cde7db2d30 .functor BUFT 1, C4<0000000000000000000000000000000000000000>, C4<0>, C4<0>, C4<0>;
v000002cde7d926d0_0 .net/2u *"_ivl_11", 39 0, L_000002cde7db2d30;  1 drivers
v000002cde7d915f0_0 .net *"_ivl_13", 47 0, L_000002cde7e1e3b0;  1 drivers
L_000002cde7db2d78 .functor BUFT 1, C4<000000000000000000000000000000000000000001111111>, C4<0>, C4<0>, C4<0>;
v000002cde7d92770_0 .net/2s *"_ivl_17", 47 0, L_000002cde7db2d78;  1 drivers
v000002cde7d91690_0 .net *"_ivl_19", 0 0, L_000002cde7e1dd70;  1 drivers
L_000002cde7db2dc0 .functor BUFT 1, C4<01111111>, C4<0>, C4<0>, C4<0>;
v000002cde7d92810_0 .net/2u *"_ivl_21", 7 0, L_000002cde7db2dc0;  1 drivers
L_000002cde7db2e08 .functor BUFT 1, C4<111111111111111111111111111111111111111110000000>, C4<0>, C4<0>, C4<0>;
v000002cde7d928b0_0 .net/2s *"_ivl_23", 47 0, L_000002cde7db2e08;  1 drivers
v000002cde7d91050_0 .net *"_ivl_25", 0 0, L_000002cde7e1fcb0;  1 drivers
L_000002cde7db2e50 .functor BUFT 1, C4<10000000>, C4<0>, C4<0>, C4<0>;
v000002cde7d91410_0 .net/2u *"_ivl_27", 7 0, L_000002cde7db2e50;  1 drivers
v000002cde7d90b50_0 .net/s *"_ivl_3", 47 0, L_000002cde7e1e270;  1 drivers
v000002cde7d90bf0_0 .net *"_ivl_30", 7 0, L_000002cde7e1f350;  1 drivers
v000002cde7d924f0_0 .net *"_ivl_31", 7 0, L_000002cde7e1fd50;  1 drivers
v000002cde7d91730_0 .net *"_ivl_36", 7 0, v000002cde7d91550_0;  1 drivers
v000002cde7d90c90_0 .net/s *"_ivl_5", 47 0, L_000002cde7e1f2b0;  1 drivers
v000002cde7d92b30_0 .net/s "clamped_val", 7 0, L_000002cde7e1fe90;  1 drivers
v000002cde7d90d30_0 .net/s "in_val", 31 0, L_000002cde7e1ec70;  1 drivers
v000002cde7d91550_0 .var/s "out_reg", 7 0;
v000002cde7d91230_0 .net/s "product", 47 0, L_000002cde7e1e310;  1 drivers
v000002cde7d92270_0 .net/s "shifted", 47 0, L_000002cde7e1f490;  1 drivers
v000002cde7d921d0_0 .net/s "val_biased", 31 0, L_000002cde7e1fdf0;  1 drivers
v000002cde7d908d0_0 .net/s "with_zp", 47 0, L_000002cde7e1e450;  1 drivers
L_000002cde7e1fdf0 .arith/sum 32, L_000002cde7e1ec70, v000002cde7be7a80_0;
L_000002cde7e1e270 .extend/s 48, L_000002cde7e1fdf0;
L_000002cde7e1f2b0 .extend/s 48, L_000002cde7d9eed0;
L_000002cde7e1e310 .arith/mult 48, L_000002cde7e1e270, L_000002cde7e1f2b0;
L_000002cde7e1f490 .shift/rs 48, L_000002cde7e1e310, L_000002cde7d9d530;
L_000002cde7e1e3b0 .concat [ 8 40 0 0], L_000002cde7d9db70, L_000002cde7db2d30;
L_000002cde7e1e450 .arith/sum 48, L_000002cde7e1f490, L_000002cde7e1e3b0;
L_000002cde7e1dd70 .cmp/gt.s 48, L_000002cde7e1e450, L_000002cde7db2d78;
L_000002cde7e1fcb0 .cmp/gt.s 48, L_000002cde7db2e08, L_000002cde7e1e450;
L_000002cde7e1f350 .part L_000002cde7e1e450, 0, 8;
L_000002cde7e1fd50 .functor MUXZ 8, L_000002cde7e1f350, L_000002cde7db2e50, L_000002cde7e1fcb0, C4<>;
L_000002cde7e1fe90 .functor MUXZ 8, L_000002cde7e1fd50, L_000002cde7db2dc0, L_000002cde7e1dd70, C4<>;
S_000002cde7da1e80 .scope generate, "PPU_LANE[9]" "PPU_LANE[9]" 14 31, 14 31 0, S_000002cde7d7b0a0;
 .timescale -9 -12;
P_000002cde7ae8a20 .param/l "i" 0 14 31, +C4<01001>;
L_000002cde7db2e98 .functor BUFT 1, C4<0000000000000000000000000000000000000000>, C4<0>, C4<0>, C4<0>;
v000002cde7d910f0_0 .net/2u *"_ivl_11", 39 0, L_000002cde7db2e98;  1 drivers
v000002cde7d92bd0_0 .net *"_ivl_13", 47 0, L_000002cde7e1dc30;  1 drivers
L_000002cde7db2ee0 .functor BUFT 1, C4<000000000000000000000000000000000000000001111111>, C4<0>, C4<0>, C4<0>;
v000002cde7d92950_0 .net/2s *"_ivl_17", 47 0, L_000002cde7db2ee0;  1 drivers
v000002cde7d917d0_0 .net *"_ivl_19", 0 0, L_000002cde7e1f170;  1 drivers
L_000002cde7db2f28 .functor BUFT 1, C4<01111111>, C4<0>, C4<0>, C4<0>;
v000002cde7d91910_0 .net/2u *"_ivl_21", 7 0, L_000002cde7db2f28;  1 drivers
L_000002cde7db2f70 .functor BUFT 1, C4<111111111111111111111111111111111111111110000000>, C4<0>, C4<0>, C4<0>;
v000002cde7d92c70_0 .net/2s *"_ivl_23", 47 0, L_000002cde7db2f70;  1 drivers
v000002cde7d91af0_0 .net *"_ivl_25", 0 0, L_000002cde7e1d910;  1 drivers
L_000002cde7db2fb8 .functor BUFT 1, C4<10000000>, C4<0>, C4<0>, C4<0>;
v000002cde7d91b90_0 .net/2u *"_ivl_27", 7 0, L_000002cde7db2fb8;  1 drivers
v000002cde7d91cd0_0 .net/s *"_ivl_3", 47 0, L_000002cde7e1edb0;  1 drivers
v000002cde7d91e10_0 .net *"_ivl_30", 7 0, L_000002cde7e1e630;  1 drivers
v000002cde7d91eb0_0 .net *"_ivl_31", 7 0, L_000002cde7e1f530;  1 drivers
v000002cde7d923b0_0 .net *"_ivl_36", 7 0, v000002cde7d92e50_0;  1 drivers
v000002cde7d92450_0 .net/s *"_ivl_5", 47 0, L_000002cde7e1d730;  1 drivers
v000002cde7d92d10_0 .net/s "clamped_val", 7 0, L_000002cde7e1db90;  1 drivers
v000002cde7d92db0_0 .net/s "in_val", 31 0, L_000002cde7e1f030;  1 drivers
v000002cde7d92e50_0 .var/s "out_reg", 7 0;
v000002cde7d90970_0 .net/s "product", 47 0, L_000002cde7e1d7d0;  1 drivers
v000002cde7d94c50_0 .net/s "shifted", 47 0, L_000002cde7e1e4f0;  1 drivers
v000002cde7d956f0_0 .net/s "val_biased", 31 0, L_000002cde7e1f0d0;  1 drivers
v000002cde7d937b0_0 .net/s "with_zp", 47 0, L_000002cde7e1f990;  1 drivers
L_000002cde7e1f0d0 .arith/sum 32, L_000002cde7e1f030, v000002cde7be7a80_0;
L_000002cde7e1edb0 .extend/s 48, L_000002cde7e1f0d0;
L_000002cde7e1d730 .extend/s 48, L_000002cde7d9eed0;
L_000002cde7e1d7d0 .arith/mult 48, L_000002cde7e1edb0, L_000002cde7e1d730;
L_000002cde7e1e4f0 .shift/rs 48, L_000002cde7e1d7d0, L_000002cde7d9d530;
L_000002cde7e1dc30 .concat [ 8 40 0 0], L_000002cde7d9db70, L_000002cde7db2e98;
L_000002cde7e1f990 .arith/sum 48, L_000002cde7e1e4f0, L_000002cde7e1dc30;
L_000002cde7e1f170 .cmp/gt.s 48, L_000002cde7e1f990, L_000002cde7db2ee0;
L_000002cde7e1d910 .cmp/gt.s 48, L_000002cde7db2f70, L_000002cde7e1f990;
L_000002cde7e1e630 .part L_000002cde7e1f990, 0, 8;
L_000002cde7e1f530 .functor MUXZ 8, L_000002cde7e1e630, L_000002cde7db2fb8, L_000002cde7e1d910, C4<>;
L_000002cde7e1db90 .functor MUXZ 8, L_000002cde7e1f530, L_000002cde7db2f28, L_000002cde7e1f170, C4<>;
S_000002cde7da4590 .scope generate, "PPU_LANE[10]" "PPU_LANE[10]" 14 31, 14 31 0, S_000002cde7d7b0a0;
 .timescale -9 -12;
P_000002cde7ae8aa0 .param/l "i" 0 14 31, +C4<01010>;
L_000002cde7db3000 .functor BUFT 1, C4<0000000000000000000000000000000000000000>, C4<0>, C4<0>, C4<0>;
v000002cde7d94930_0 .net/2u *"_ivl_11", 39 0, L_000002cde7db3000;  1 drivers
v000002cde7d93850_0 .net *"_ivl_13", 47 0, L_000002cde7e1f7b0;  1 drivers
L_000002cde7db3048 .functor BUFT 1, C4<000000000000000000000000000000000000000001111111>, C4<0>, C4<0>, C4<0>;
v000002cde7d93170_0 .net/2s *"_ivl_17", 47 0, L_000002cde7db3048;  1 drivers
v000002cde7d95290_0 .net *"_ivl_19", 0 0, L_000002cde7e1e6d0;  1 drivers
L_000002cde7db3090 .functor BUFT 1, C4<01111111>, C4<0>, C4<0>, C4<0>;
v000002cde7d93710_0 .net/2u *"_ivl_21", 7 0, L_000002cde7db3090;  1 drivers
L_000002cde7db30d8 .functor BUFT 1, C4<111111111111111111111111111111111111111110000000>, C4<0>, C4<0>, C4<0>;
v000002cde7d946b0_0 .net/2s *"_ivl_23", 47 0, L_000002cde7db30d8;  1 drivers
v000002cde7d951f0_0 .net *"_ivl_25", 0 0, L_000002cde7e1f8f0;  1 drivers
L_000002cde7db3120 .functor BUFT 1, C4<10000000>, C4<0>, C4<0>, C4<0>;
v000002cde7d950b0_0 .net/2u *"_ivl_27", 7 0, L_000002cde7db3120;  1 drivers
v000002cde7d93cb0_0 .net/s *"_ivl_3", 47 0, L_000002cde7e1f670;  1 drivers
v000002cde7d93a30_0 .net *"_ivl_30", 7 0, L_000002cde7e1da50;  1 drivers
v000002cde7d953d0_0 .net *"_ivl_31", 7 0, L_000002cde7e1daf0;  1 drivers
v000002cde7d94250_0 .net *"_ivl_36", 7 0, v000002cde7d95790_0;  1 drivers
v000002cde7d94ed0_0 .net/s *"_ivl_5", 47 0, L_000002cde7e1ed10;  1 drivers
v000002cde7d949d0_0 .net/s "clamped_val", 7 0, L_000002cde7e1fa30;  1 drivers
v000002cde7d95470_0 .net/s "in_val", 31 0, L_000002cde7e1d9b0;  1 drivers
v000002cde7d95790_0 .var/s "out_reg", 7 0;
v000002cde7d95330_0 .net/s "product", 47 0, L_000002cde7e1de10;  1 drivers
v000002cde7d94610_0 .net/s "shifted", 47 0, L_000002cde7e1eef0;  1 drivers
v000002cde7d94390_0 .net/s "val_biased", 31 0, L_000002cde7e1f5d0;  1 drivers
v000002cde7d95830_0 .net/s "with_zp", 47 0, L_000002cde7e1f850;  1 drivers
L_000002cde7e1f5d0 .arith/sum 32, L_000002cde7e1d9b0, v000002cde7be7a80_0;
L_000002cde7e1f670 .extend/s 48, L_000002cde7e1f5d0;
L_000002cde7e1ed10 .extend/s 48, L_000002cde7d9eed0;
L_000002cde7e1de10 .arith/mult 48, L_000002cde7e1f670, L_000002cde7e1ed10;
L_000002cde7e1eef0 .shift/rs 48, L_000002cde7e1de10, L_000002cde7d9d530;
L_000002cde7e1f7b0 .concat [ 8 40 0 0], L_000002cde7d9db70, L_000002cde7db3000;
L_000002cde7e1f850 .arith/sum 48, L_000002cde7e1eef0, L_000002cde7e1f7b0;
L_000002cde7e1e6d0 .cmp/gt.s 48, L_000002cde7e1f850, L_000002cde7db3048;
L_000002cde7e1f8f0 .cmp/gt.s 48, L_000002cde7db30d8, L_000002cde7e1f850;
L_000002cde7e1da50 .part L_000002cde7e1f850, 0, 8;
L_000002cde7e1daf0 .functor MUXZ 8, L_000002cde7e1da50, L_000002cde7db3120, L_000002cde7e1f8f0, C4<>;
L_000002cde7e1fa30 .functor MUXZ 8, L_000002cde7e1daf0, L_000002cde7db3090, L_000002cde7e1e6d0, C4<>;
S_000002cde7da2e20 .scope generate, "PPU_LANE[11]" "PPU_LANE[11]" 14 31, 14 31 0, S_000002cde7d7b0a0;
 .timescale -9 -12;
P_000002cde7ae84e0 .param/l "i" 0 14 31, +C4<01011>;
L_000002cde7db3168 .functor BUFT 1, C4<0000000000000000000000000000000000000000>, C4<0>, C4<0>, C4<0>;
v000002cde7d947f0_0 .net/2u *"_ivl_11", 39 0, L_000002cde7db3168;  1 drivers
v000002cde7d932b0_0 .net *"_ivl_13", 47 0, L_000002cde7e1e9f0;  1 drivers
L_000002cde7db31b0 .functor BUFT 1, C4<000000000000000000000000000000000000000001111111>, C4<0>, C4<0>, C4<0>;
v000002cde7d94cf0_0 .net/2s *"_ivl_17", 47 0, L_000002cde7db31b0;  1 drivers
v000002cde7d93fd0_0 .net *"_ivl_19", 0 0, L_000002cde7e1eb30;  1 drivers
L_000002cde7db31f8 .functor BUFT 1, C4<01111111>, C4<0>, C4<0>, C4<0>;
v000002cde7d93210_0 .net/2u *"_ivl_21", 7 0, L_000002cde7db31f8;  1 drivers
L_000002cde7db3240 .functor BUFT 1, C4<111111111111111111111111111111111111111110000000>, C4<0>, C4<0>, C4<0>;
v000002cde7d93c10_0 .net/2s *"_ivl_23", 47 0, L_000002cde7db3240;  1 drivers
v000002cde7d93990_0 .net *"_ivl_25", 0 0, L_000002cde7e21fb0;  1 drivers
L_000002cde7db3288 .functor BUFT 1, C4<10000000>, C4<0>, C4<0>, C4<0>;
v000002cde7d94f70_0 .net/2u *"_ivl_27", 7 0, L_000002cde7db3288;  1 drivers
v000002cde7d93df0_0 .net/s *"_ivl_3", 47 0, L_000002cde7e1e810;  1 drivers
v000002cde7d94890_0 .net *"_ivl_30", 7 0, L_000002cde7e201b0;  1 drivers
v000002cde7d93490_0 .net *"_ivl_31", 7 0, L_000002cde7e20750;  1 drivers
v000002cde7d94430_0 .net *"_ivl_36", 7 0, v000002cde7d942f0_0;  1 drivers
v000002cde7d94b10_0 .net/s *"_ivl_5", 47 0, L_000002cde7e1deb0;  1 drivers
v000002cde7d95150_0 .net/s "clamped_val", 7 0, L_000002cde7e20610;  1 drivers
v000002cde7d94750_0 .net/s "in_val", 31 0, L_000002cde7e1dcd0;  1 drivers
v000002cde7d942f0_0 .var/s "out_reg", 7 0;
v000002cde7d93ad0_0 .net/s "product", 47 0, L_000002cde7e1e8b0;  1 drivers
v000002cde7d94d90_0 .net/s "shifted", 47 0, L_000002cde7e1e950;  1 drivers
v000002cde7d938f0_0 .net/s "val_biased", 31 0, L_000002cde7e1e770;  1 drivers
v000002cde7d94a70_0 .net/s "with_zp", 47 0, L_000002cde7e1ea90;  1 drivers
L_000002cde7e1e770 .arith/sum 32, L_000002cde7e1dcd0, v000002cde7be7a80_0;
L_000002cde7e1e810 .extend/s 48, L_000002cde7e1e770;
L_000002cde7e1deb0 .extend/s 48, L_000002cde7d9eed0;
L_000002cde7e1e8b0 .arith/mult 48, L_000002cde7e1e810, L_000002cde7e1deb0;
L_000002cde7e1e950 .shift/rs 48, L_000002cde7e1e8b0, L_000002cde7d9d530;
L_000002cde7e1e9f0 .concat [ 8 40 0 0], L_000002cde7d9db70, L_000002cde7db3168;
L_000002cde7e1ea90 .arith/sum 48, L_000002cde7e1e950, L_000002cde7e1e9f0;
L_000002cde7e1eb30 .cmp/gt.s 48, L_000002cde7e1ea90, L_000002cde7db31b0;
L_000002cde7e21fb0 .cmp/gt.s 48, L_000002cde7db3240, L_000002cde7e1ea90;
L_000002cde7e201b0 .part L_000002cde7e1ea90, 0, 8;
L_000002cde7e20750 .functor MUXZ 8, L_000002cde7e201b0, L_000002cde7db3288, L_000002cde7e21fb0, C4<>;
L_000002cde7e20610 .functor MUXZ 8, L_000002cde7e20750, L_000002cde7db31f8, L_000002cde7e1eb30, C4<>;
S_000002cde7da19d0 .scope generate, "PPU_LANE[12]" "PPU_LANE[12]" 14 31, 14 31 0, S_000002cde7d7b0a0;
 .timescale -9 -12;
P_000002cde7ae8920 .param/l "i" 0 14 31, +C4<01100>;
L_000002cde7db32d0 .functor BUFT 1, C4<0000000000000000000000000000000000000000>, C4<0>, C4<0>, C4<0>;
v000002cde7d94bb0_0 .net/2u *"_ivl_11", 39 0, L_000002cde7db32d0;  1 drivers
v000002cde7d94070_0 .net *"_ivl_13", 47 0, L_000002cde7e206b0;  1 drivers
L_000002cde7db3318 .functor BUFT 1, C4<000000000000000000000000000000000000000001111111>, C4<0>, C4<0>, C4<0>;
v000002cde7d93b70_0 .net/2s *"_ivl_17", 47 0, L_000002cde7db3318;  1 drivers
v000002cde7d930d0_0 .net *"_ivl_19", 0 0, L_000002cde7e21830;  1 drivers
L_000002cde7db3360 .functor BUFT 1, C4<01111111>, C4<0>, C4<0>, C4<0>;
v000002cde7d95510_0 .net/2u *"_ivl_21", 7 0, L_000002cde7db3360;  1 drivers
L_000002cde7db33a8 .functor BUFT 1, C4<111111111111111111111111111111111111111110000000>, C4<0>, C4<0>, C4<0>;
v000002cde7d93d50_0 .net/2s *"_ivl_23", 47 0, L_000002cde7db33a8;  1 drivers
v000002cde7d93530_0 .net *"_ivl_25", 0 0, L_000002cde7e21f10;  1 drivers
L_000002cde7db33f0 .functor BUFT 1, C4<10000000>, C4<0>, C4<0>, C4<0>;
v000002cde7d94570_0 .net/2u *"_ivl_27", 7 0, L_000002cde7db33f0;  1 drivers
v000002cde7d935d0_0 .net/s *"_ivl_3", 47 0, L_000002cde7e21a10;  1 drivers
v000002cde7d93e90_0 .net *"_ivl_30", 7 0, L_000002cde7e20570;  1 drivers
v000002cde7d94e30_0 .net *"_ivl_31", 7 0, L_000002cde7e22230;  1 drivers
v000002cde7d95010_0 .net *"_ivl_36", 7 0, v000002cde7d95650_0;  1 drivers
v000002cde7d93f30_0 .net/s *"_ivl_5", 47 0, L_000002cde7e21470;  1 drivers
v000002cde7d955b0_0 .net/s "clamped_val", 7 0, L_000002cde7e21650;  1 drivers
v000002cde7d94110_0 .net/s "in_val", 31 0, L_000002cde7e22550;  1 drivers
v000002cde7d95650_0 .var/s "out_reg", 7 0;
v000002cde7d941b0_0 .net/s "product", 47 0, L_000002cde7e215b0;  1 drivers
v000002cde7d93350_0 .net/s "shifted", 47 0, L_000002cde7e207f0;  1 drivers
v000002cde7d933f0_0 .net/s "val_biased", 31 0, L_000002cde7e21970;  1 drivers
v000002cde7d93670_0 .net/s "with_zp", 47 0, L_000002cde7e225f0;  1 drivers
L_000002cde7e21970 .arith/sum 32, L_000002cde7e22550, v000002cde7be7a80_0;
L_000002cde7e21a10 .extend/s 48, L_000002cde7e21970;
L_000002cde7e21470 .extend/s 48, L_000002cde7d9eed0;
L_000002cde7e215b0 .arith/mult 48, L_000002cde7e21a10, L_000002cde7e21470;
L_000002cde7e207f0 .shift/rs 48, L_000002cde7e215b0, L_000002cde7d9d530;
L_000002cde7e206b0 .concat [ 8 40 0 0], L_000002cde7d9db70, L_000002cde7db32d0;
L_000002cde7e225f0 .arith/sum 48, L_000002cde7e207f0, L_000002cde7e206b0;
L_000002cde7e21830 .cmp/gt.s 48, L_000002cde7e225f0, L_000002cde7db3318;
L_000002cde7e21f10 .cmp/gt.s 48, L_000002cde7db33a8, L_000002cde7e225f0;
L_000002cde7e20570 .part L_000002cde7e225f0, 0, 8;
L_000002cde7e22230 .functor MUXZ 8, L_000002cde7e20570, L_000002cde7db33f0, L_000002cde7e21f10, C4<>;
L_000002cde7e21650 .functor MUXZ 8, L_000002cde7e22230, L_000002cde7db3360, L_000002cde7e21830, C4<>;
S_000002cde7da56c0 .scope generate, "PPU_LANE[13]" "PPU_LANE[13]" 14 31, 14 31 0, S_000002cde7d7b0a0;
 .timescale -9 -12;
P_000002cde7ae81a0 .param/l "i" 0 14 31, +C4<01101>;
L_000002cde7db3438 .functor BUFT 1, C4<0000000000000000000000000000000000000000>, C4<0>, C4<0>, C4<0>;
v000002cde7d944d0_0 .net/2u *"_ivl_11", 39 0, L_000002cde7db3438;  1 drivers
v000002cde7d97270_0 .net *"_ivl_13", 47 0, L_000002cde7e211f0;  1 drivers
L_000002cde7db3480 .functor BUFT 1, C4<000000000000000000000000000000000000000001111111>, C4<0>, C4<0>, C4<0>;
v000002cde7d964b0_0 .net/2s *"_ivl_17", 47 0, L_000002cde7db3480;  1 drivers
v000002cde7d97630_0 .net *"_ivl_19", 0 0, L_000002cde7e20930;  1 drivers
L_000002cde7db34c8 .functor BUFT 1, C4<01111111>, C4<0>, C4<0>, C4<0>;
v000002cde7d95fb0_0 .net/2u *"_ivl_21", 7 0, L_000002cde7db34c8;  1 drivers
L_000002cde7db3510 .functor BUFT 1, C4<111111111111111111111111111111111111111110000000>, C4<0>, C4<0>, C4<0>;
v000002cde7d971d0_0 .net/2s *"_ivl_23", 47 0, L_000002cde7db3510;  1 drivers
v000002cde7d97450_0 .net *"_ivl_25", 0 0, L_000002cde7e216f0;  1 drivers
L_000002cde7db3558 .functor BUFT 1, C4<10000000>, C4<0>, C4<0>, C4<0>;
v000002cde7d96410_0 .net/2u *"_ivl_27", 7 0, L_000002cde7db3558;  1 drivers
v000002cde7d976d0_0 .net/s *"_ivl_3", 47 0, L_000002cde7e204d0;  1 drivers
v000002cde7d97590_0 .net *"_ivl_30", 7 0, L_000002cde7e20e30;  1 drivers
v000002cde7d95e70_0 .net *"_ivl_31", 7 0, L_000002cde7e22410;  1 drivers
v000002cde7d97e50_0 .net *"_ivl_36", 7 0, v000002cde7d965f0_0;  1 drivers
v000002cde7d95c90_0 .net/s *"_ivl_5", 47 0, L_000002cde7e222d0;  1 drivers
v000002cde7d95ab0_0 .net/s "clamped_val", 7 0, L_000002cde7e1ff30;  1 drivers
v000002cde7d974f0_0 .net/s "in_val", 31 0, L_000002cde7e20c50;  1 drivers
v000002cde7d965f0_0 .var/s "out_reg", 7 0;
v000002cde7d95d30_0 .net/s "product", 47 0, L_000002cde7e22690;  1 drivers
v000002cde7d96230_0 .net/s "shifted", 47 0, L_000002cde7e21b50;  1 drivers
v000002cde7d960f0_0 .net/s "val_biased", 31 0, L_000002cde7e22370;  1 drivers
v000002cde7d95b50_0 .net/s "with_zp", 47 0, L_000002cde7e20890;  1 drivers
L_000002cde7e22370 .arith/sum 32, L_000002cde7e20c50, v000002cde7be7a80_0;
L_000002cde7e204d0 .extend/s 48, L_000002cde7e22370;
L_000002cde7e222d0 .extend/s 48, L_000002cde7d9eed0;
L_000002cde7e22690 .arith/mult 48, L_000002cde7e204d0, L_000002cde7e222d0;
L_000002cde7e21b50 .shift/rs 48, L_000002cde7e22690, L_000002cde7d9d530;
L_000002cde7e211f0 .concat [ 8 40 0 0], L_000002cde7d9db70, L_000002cde7db3438;
L_000002cde7e20890 .arith/sum 48, L_000002cde7e21b50, L_000002cde7e211f0;
L_000002cde7e20930 .cmp/gt.s 48, L_000002cde7e20890, L_000002cde7db3480;
L_000002cde7e216f0 .cmp/gt.s 48, L_000002cde7db3510, L_000002cde7e20890;
L_000002cde7e20e30 .part L_000002cde7e20890, 0, 8;
L_000002cde7e22410 .functor MUXZ 8, L_000002cde7e20e30, L_000002cde7db3558, L_000002cde7e216f0, C4<>;
L_000002cde7e1ff30 .functor MUXZ 8, L_000002cde7e22410, L_000002cde7db34c8, L_000002cde7e20930, C4<>;
S_000002cde7da5080 .scope generate, "PPU_LANE[14]" "PPU_LANE[14]" 14 31, 14 31 0, S_000002cde7d7b0a0;
 .timescale -9 -12;
P_000002cde7ae8be0 .param/l "i" 0 14 31, +C4<01110>;
L_000002cde7db35a0 .functor BUFT 1, C4<0000000000000000000000000000000000000000>, C4<0>, C4<0>, C4<0>;
v000002cde7d96550_0 .net/2u *"_ivl_11", 39 0, L_000002cde7db35a0;  1 drivers
v000002cde7d97db0_0 .net *"_ivl_13", 47 0, L_000002cde7e21c90;  1 drivers
L_000002cde7db35e8 .functor BUFT 1, C4<000000000000000000000000000000000000000001111111>, C4<0>, C4<0>, C4<0>;
v000002cde7d96eb0_0 .net/2s *"_ivl_17", 47 0, L_000002cde7db35e8;  1 drivers
v000002cde7d95f10_0 .net *"_ivl_19", 0 0, L_000002cde7e210b0;  1 drivers
L_000002cde7db3630 .functor BUFT 1, C4<01111111>, C4<0>, C4<0>, C4<0>;
v000002cde7d97ef0_0 .net/2u *"_ivl_21", 7 0, L_000002cde7db3630;  1 drivers
L_000002cde7db3678 .functor BUFT 1, C4<111111111111111111111111111111111111111110000000>, C4<0>, C4<0>, C4<0>;
v000002cde7d97770_0 .net/2s *"_ivl_23", 47 0, L_000002cde7db3678;  1 drivers
v000002cde7d97d10_0 .net *"_ivl_25", 0 0, L_000002cde7e1ffd0;  1 drivers
L_000002cde7db36c0 .functor BUFT 1, C4<10000000>, C4<0>, C4<0>, C4<0>;
v000002cde7d96e10_0 .net/2u *"_ivl_27", 7 0, L_000002cde7db36c0;  1 drivers
v000002cde7d96690_0 .net/s *"_ivl_3", 47 0, L_000002cde7e21ab0;  1 drivers
v000002cde7d97f90_0 .net *"_ivl_30", 7 0, L_000002cde7e20070;  1 drivers
v000002cde7d97950_0 .net *"_ivl_31", 7 0, L_000002cde7e21290;  1 drivers
v000002cde7d95bf0_0 .net *"_ivl_36", 7 0, v000002cde7d979f0_0;  1 drivers
v000002cde7d97a90_0 .net/s *"_ivl_5", 47 0, L_000002cde7e20250;  1 drivers
v000002cde7d96190_0 .net/s "clamped_val", 7 0, L_000002cde7e220f0;  1 drivers
v000002cde7d96f50_0 .net/s "in_val", 31 0, L_000002cde7e20bb0;  1 drivers
v000002cde7d979f0_0 .var/s "out_reg", 7 0;
v000002cde7d97810_0 .net/s "product", 47 0, L_000002cde7e20a70;  1 drivers
v000002cde7d978b0_0 .net/s "shifted", 47 0, L_000002cde7e224b0;  1 drivers
v000002cde7d96ff0_0 .net/s "val_biased", 31 0, L_000002cde7e209d0;  1 drivers
v000002cde7d98030_0 .net/s "with_zp", 47 0, L_000002cde7e22050;  1 drivers
L_000002cde7e209d0 .arith/sum 32, L_000002cde7e20bb0, v000002cde7be7a80_0;
L_000002cde7e21ab0 .extend/s 48, L_000002cde7e209d0;
L_000002cde7e20250 .extend/s 48, L_000002cde7d9eed0;
L_000002cde7e20a70 .arith/mult 48, L_000002cde7e21ab0, L_000002cde7e20250;
L_000002cde7e224b0 .shift/rs 48, L_000002cde7e20a70, L_000002cde7d9d530;
L_000002cde7e21c90 .concat [ 8 40 0 0], L_000002cde7d9db70, L_000002cde7db35a0;
L_000002cde7e22050 .arith/sum 48, L_000002cde7e224b0, L_000002cde7e21c90;
L_000002cde7e210b0 .cmp/gt.s 48, L_000002cde7e22050, L_000002cde7db35e8;
L_000002cde7e1ffd0 .cmp/gt.s 48, L_000002cde7db3678, L_000002cde7e22050;
L_000002cde7e20070 .part L_000002cde7e22050, 0, 8;
L_000002cde7e21290 .functor MUXZ 8, L_000002cde7e20070, L_000002cde7db36c0, L_000002cde7e1ffd0, C4<>;
L_000002cde7e220f0 .functor MUXZ 8, L_000002cde7e21290, L_000002cde7db3630, L_000002cde7e210b0, C4<>;
S_000002cde7da32d0 .scope generate, "PPU_LANE[15]" "PPU_LANE[15]" 14 31, 14 31 0, S_000002cde7d7b0a0;
 .timescale -9 -12;
P_000002cde7ae8260 .param/l "i" 0 14 31, +C4<01111>;
L_000002cde7db3708 .functor BUFT 1, C4<0000000000000000000000000000000000000000>, C4<0>, C4<0>, C4<0>;
v000002cde7d95a10_0 .net/2u *"_ivl_11", 39 0, L_000002cde7db3708;  1 drivers
v000002cde7d958d0_0 .net *"_ivl_13", 47 0, L_000002cde7e20d90;  1 drivers
L_000002cde7db3750 .functor BUFT 1, C4<000000000000000000000000000000000000000001111111>, C4<0>, C4<0>, C4<0>;
v000002cde7d96b90_0 .net/2s *"_ivl_17", 47 0, L_000002cde7db3750;  1 drivers
v000002cde7d95dd0_0 .net *"_ivl_19", 0 0, L_000002cde7e202f0;  1 drivers
L_000002cde7db3798 .functor BUFT 1, C4<01111111>, C4<0>, C4<0>, C4<0>;
v000002cde7d96c30_0 .net/2u *"_ivl_21", 7 0, L_000002cde7db3798;  1 drivers
L_000002cde7db37e0 .functor BUFT 1, C4<111111111111111111111111111111111111111110000000>, C4<0>, C4<0>, C4<0>;
v000002cde7d96730_0 .net/2s *"_ivl_23", 47 0, L_000002cde7db37e0;  1 drivers
v000002cde7d97130_0 .net *"_ivl_25", 0 0, L_000002cde7e20ed0;  1 drivers
L_000002cde7db3828 .functor BUFT 1, C4<10000000>, C4<0>, C4<0>, C4<0>;
v000002cde7d962d0_0 .net/2u *"_ivl_27", 7 0, L_000002cde7db3828;  1 drivers
v000002cde7d967d0_0 .net/s *"_ivl_3", 47 0, L_000002cde7e213d0;  1 drivers
v000002cde7d96050_0 .net *"_ivl_30", 7 0, L_000002cde7e21bf0;  1 drivers
v000002cde7d96370_0 .net *"_ivl_31", 7 0, L_000002cde7e20390;  1 drivers
v000002cde7d96870_0 .net *"_ivl_36", 7 0, v000002cde7d96af0_0;  1 drivers
v000002cde7d96910_0 .net/s *"_ivl_5", 47 0, L_000002cde7e20430;  1 drivers
v000002cde7d969b0_0 .net/s "clamped_val", 7 0, L_000002cde7e20f70;  1 drivers
v000002cde7d96a50_0 .net/s "in_val", 31 0, L_000002cde7e21790;  1 drivers
v000002cde7d96af0_0 .var/s "out_reg", 7 0;
v000002cde7d96cd0_0 .net/s "product", 47 0, L_000002cde7e20b10;  1 drivers
v000002cde7d96d70_0 .net/s "shifted", 47 0, L_000002cde7e20cf0;  1 drivers
v000002cde7d97b30_0 .net/s "val_biased", 31 0, L_000002cde7e20110;  1 drivers
v000002cde7d97090_0 .net/s "with_zp", 47 0, L_000002cde7e218d0;  1 drivers
L_000002cde7e20110 .arith/sum 32, L_000002cde7e21790, v000002cde7be7a80_0;
L_000002cde7e213d0 .extend/s 48, L_000002cde7e20110;
L_000002cde7e20430 .extend/s 48, L_000002cde7d9eed0;
L_000002cde7e20b10 .arith/mult 48, L_000002cde7e213d0, L_000002cde7e20430;
L_000002cde7e20cf0 .shift/rs 48, L_000002cde7e20b10, L_000002cde7d9d530;
L_000002cde7e20d90 .concat [ 8 40 0 0], L_000002cde7d9db70, L_000002cde7db3708;
L_000002cde7e218d0 .arith/sum 48, L_000002cde7e20cf0, L_000002cde7e20d90;
L_000002cde7e202f0 .cmp/gt.s 48, L_000002cde7e218d0, L_000002cde7db3750;
L_000002cde7e20ed0 .cmp/gt.s 48, L_000002cde7db37e0, L_000002cde7e218d0;
L_000002cde7e21bf0 .part L_000002cde7e218d0, 0, 8;
L_000002cde7e20390 .functor MUXZ 8, L_000002cde7e21bf0, L_000002cde7db3828, L_000002cde7e20ed0, C4<>;
L_000002cde7e20f70 .functor MUXZ 8, L_000002cde7e20390, L_000002cde7db3798, L_000002cde7e202f0, C4<>;
S_000002cde7da3460 .scope module, "u_weight_buf" "weight_buffer_ctrl" 4 140, 15 9 0, S_000002cde7c6f6a0;
 .timescale -9 -12;
    .port_info 0 /INPUT 1 "clk";
    .port_info 1 /INPUT 1 "rst_n";
    .port_info 2 /INPUT 64 "s_axis_tdata";
    .port_info 3 /INPUT 1 "s_axis_tvalid";
    .port_info 4 /OUTPUT 1 "s_axis_tready";
    .port_info 5 /INPUT 1 "i_weight_load_en";
    .port_info 6 /OUTPUT 128 "o_weight_vec";
    .port_info 7 /OUTPUT 1 "o_dat_valid";
    .port_info 8 /INPUT 1 "i_bank_swap";
P_000002cde7d9fd90 .param/l "DEPTH_LOG2" 1 15 32, +C4<00000000000000000000000000000100>;
P_000002cde7d9fdc8 .param/l "OUT_WIDTH" 1 15 33, +C4<0000000000000000000000000000000000000000000000000000000010000000>;
L_000002cde7a71d60 .functor NOT 1, v000002cde7d99b10_0, C4<0>, C4<0>, C4<0>;
L_000002cde7a71dd0 .functor BUFZ 128, v000002cde7d99750_0, C4<00000000000000000000000000000000000000000000000000000000000000000000000000000000000000000000000000000000000000000000000000000000>, C4<00000000000000000000000000000000000000000000000000000000000000000000000000000000000000000000000000000000000000000000000000000000>, C4<00000000000000000000000000000000000000000000000000000000000000000000000000000000000000000000000000000000000000000000000000000000>;
v000002cde7d9a330_0 .net *"_ivl_10", 0 0, L_000002cde7a71d60;  1 drivers
L_000002cde7db1860 .functor BUFT 1, C4<0001>, C4<0>, C4<0>, C4<0>;
v000002cde7d99e30_0 .net/2u *"_ivl_4", 3 0, L_000002cde7db1860;  1 drivers
v000002cde7d992f0_0 .net *"_ivl_6", 3 0, L_000002cde7d9d7b0;  1 drivers
v000002cde7d99b10_0 .var "bank_sel", 0 0;
v000002cde7d98a30_0 .net "clk", 0 0, v000002cde7d9c770_0;  alias, 1 drivers
v000002cde7d99070_0 .net "final_rd_addr", 4 0, L_000002cde7d9ed90;  1 drivers
v000002cde7d98670_0 .net "final_wr_addr", 4 0, L_000002cde7d9ddf0;  1 drivers
v000002cde7d99930_0 .var "gb_cnt", 0 0;
v000002cde7d980d0_0 .var/i "i", 31 0;
v000002cde7d98990_0 .net "i_bank_swap", 0 0, L_000002cde7a72e70;  alias, 1 drivers
v000002cde7d98710_0 .net "i_weight_load_en", 0 0, v000002cde7d883b0_0;  alias, 1 drivers
v000002cde7d99a70_0 .var "o_dat_valid", 0 0;
v000002cde7d9a3d0_0 .var "o_dat_valid_temp", 0 0;
v000002cde7d98cb0_0 .net "o_weight_vec", 127 0, L_000002cde7a71dd0;  alias, 1 drivers
v000002cde7d99d90 .array "ram", 31 0, 127 0;
v000002cde7d99750_0 .var "ram_out_reg", 127 0;
v000002cde7d98df0_0 .var "ram_wdata", 127 0;
v000002cde7d99ed0_0 .var "ram_wen", 0 0;
v000002cde7d99cf0_0 .var "rd_ptr", 3 0;
v000002cde7d98e90_0 .net "rd_ptr_lookahead", 3 0, L_000002cde7d9d850;  1 drivers
v000002cde7d9a510_0 .net "rst_n", 0 0, L_000002cde7a71f90;  alias, 1 drivers
v000002cde7d99110_0 .net "s_axis_tdata", 63 0, v000002cde7d9ca90_0;  alias, 1 drivers
L_000002cde7db1818 .functor BUFT 1, C4<1>, C4<0>, C4<0>, C4<0>;
v000002cde7d9a470_0 .net "s_axis_tready", 0 0, L_000002cde7db1818;  1 drivers
v000002cde7d98170_0 .net "s_axis_tvalid", 0 0, L_000002cde7a71c80;  alias, 1 drivers
v000002cde7d9a6f0_0 .var "temp_low", 63 0;
v000002cde7d98490_0 .var "wr_addr_pipe", 3 0;
v000002cde7d982b0_0 .var "wr_ptr", 3 0;
L_000002cde7d9ddf0 .concat [ 4 1 0 0], v000002cde7d98490_0, v000002cde7d99b10_0;
L_000002cde7d9d7b0 .arith/sum 4, v000002cde7d99cf0_0, L_000002cde7db1860;
L_000002cde7d9d850 .functor MUXZ 4, v000002cde7d99cf0_0, L_000002cde7d9d7b0, v000002cde7d99a70_0, C4<>;
L_000002cde7d9ed90 .concat [ 4 1 0 0], L_000002cde7d9d850, L_000002cde7a71d60;
S_000002cde7da16b0 .scope task, "send_input_tile" "send_input_tile" 3 211, 3 211 0, S_000002cde77eee00;
 .timescale -9 -12;
v000002cde7d9abf0_0 .var/i "base", 31 0;
v000002cde7d9b0f0_0 .var/i "i", 31 0;
v000002cde7d9cdb0_0 .var/i "k_idx", 31 0;
TD_deit_accelerator_top_tb.send_input_tile ;
    %load/vec4 v000002cde7d9cdb0_0;
    %load/vec4 v000002cde7d9c130_0;
    %mul;
    %store/vec4 v000002cde7d9abf0_0, 0, 32;
    %pushi/vec4 0, 0, 32;
    %store/vec4 v000002cde7d9b0f0_0, 0, 32;
T_7.34 ;
    %load/vec4 v000002cde7d9b0f0_0;
    %load/vec4 v000002cde7d9c130_0;
    %cmp/s;
    %jmp/0xz T_7.35, 5;
    %pushi/vec4 1, 0, 1;
    %assign/vec4 v000002cde7d9c310_0, 0;
    %load/vec4 v000002cde7d9abf0_0;
    %load/vec4 v000002cde7d9b0f0_0;
    %add;
    %ix/vec4/s 4;
    %load/vec4a v000002cde7d9dfd0, 4;
    %assign/vec4 v000002cde7d9ca90_0, 0;
    %load/vec4 v000002cde7d9b0f0_0;
    %load/vec4 v000002cde7d9c130_0;
    %subi 1, 0, 32;
    %cmp/e;
    %flag_get/vec4 4;
    %assign/vec4 v000002cde7d9beb0_0, 0;
    %wait E_000002cde7af72a0;
    %load/vec4 v000002cde7d9b0f0_0;
    %addi 1, 0, 32;
    %store/vec4 v000002cde7d9b0f0_0, 0, 32;
    %jmp T_7.34;
T_7.35 ;
    %pushi/vec4 0, 0, 1;
    %assign/vec4 v000002cde7d9c310_0, 0;
    %pushi/vec4 0, 0, 1;
    %assign/vec4 v000002cde7d9beb0_0, 0;
    %end;
S_000002cde7da4bd0 .scope task, "send_weight_tile" "send_weight_tile" 3 228, 3 228 0, S_000002cde77eee00;
 .timescale -9 -12;
v000002cde7d9b870_0 .var/i "base", 31 0;
v000002cde7d9c9f0_0 .var/i "i", 31 0;
v000002cde7d9ce50_0 .var/i "k_idx", 31 0;
v000002cde7d9baf0_0 .var/i "n_idx", 31 0;
v000002cde7d9ac90_0 .var "ok_dma", 0 0;
TD_deit_accelerator_top_tb.send_weight_tile ;
    %load/vec4 v000002cde7d9baf0_0;
    %load/vec4 v000002cde7d9aab0_0;
    %mul;
    %load/vec4 v000002cde7d9ce50_0;
    %add;
    %load/vec4 v000002cde7d9b9b0_0;
    %mul;
    %store/vec4 v000002cde7d9b870_0, 0, 32;
    %fork TD_deit_accelerator_top_tb.wait_for_dma_req, S_000002cde7da1840;
    %join;
    %load/vec4 v000002cde7d9bcd0_0;
    %store/vec4 v000002cde7d9ac90_0, 0, 1;
    %load/vec4 v000002cde7d9ac90_0;
    %flag_set/vec4 8;
    %jmp/0xz  T_8.36, 8;
    %pushi/vec4 0, 0, 32;
    %store/vec4 v000002cde7d9c9f0_0, 0, 32;
T_8.38 ;
    %load/vec4 v000002cde7d9c9f0_0;
    %load/vec4 v000002cde7d9b9b0_0;
    %cmp/s;
    %jmp/0xz T_8.39, 5;
    %pushi/vec4 1, 0, 1;
    %assign/vec4 v000002cde7d9c310_0, 0;
    %load/vec4 v000002cde7d9b870_0;
    %load/vec4 v000002cde7d9c9f0_0;
    %add;
    %ix/vec4/s 4;
    %load/vec4a v000002cde7d9ef70, 4;
    %assign/vec4 v000002cde7d9ca90_0, 0;
    %load/vec4 v000002cde7d9c9f0_0;
    %load/vec4 v000002cde7d9b9b0_0;
    %subi 1, 0, 32;
    %cmp/e;
    %flag_get/vec4 4;
    %assign/vec4 v000002cde7d9beb0_0, 0;
    %wait E_000002cde7af72a0;
    %load/vec4 v000002cde7d9c9f0_0;
    %addi 1, 0, 32;
    %store/vec4 v000002cde7d9c9f0_0, 0, 32;
    %jmp T_8.38;
T_8.39 ;
    %pushi/vec4 0, 0, 1;
    %assign/vec4 v000002cde7d9c310_0, 0;
    %pushi/vec4 0, 0, 1;
    %assign/vec4 v000002cde7d9beb0_0, 0;
T_8.36 ;
    %end;
S_000002cde7da1840 .scope task, "wait_for_dma_req" "wait_for_dma_req" 3 175, 3 175 0, S_000002cde77eee00;
 .timescale -9 -12;
v000002cde7d9cf90_0 .var/i "cycles", 31 0;
v000002cde7d9bcd0_0 .var "ok", 0 0;
TD_deit_accelerator_top_tb.wait_for_dma_req ;
    %fork t_11, S_000002cde7da5530;
    %jmp t_10;
    .scope S_000002cde7da5530;
t_11 ;
    %pushi/vec4 0, 0, 1;
    %store/vec4 v000002cde7d9bcd0_0, 0, 1;
    %pushi/vec4 0, 0, 32;
    %store/vec4 v000002cde7d9cf90_0, 0, 32;
T_9.40 ;
    %load/vec4 v000002cde7d987b0_0;
    %pad/u 32;
    %cmpi/e 0, 0, 32;
    %jmp/0xz T_9.41, 4;
    %wait E_000002cde7af72a0;
    %load/vec4 v000002cde7d9cf90_0;
    %addi 1, 0, 32;
    %store/vec4 v000002cde7d9cf90_0, 0, 32;
    %load/vec4 v000002cde7d9cf90_0;
    %cmpi/s 20000, 0, 32;
    %flag_or 5, 4; GT is !LE
    %flag_inv 5;
    %jmp/0xz  T_9.42, 5;
    %vpi_call/w 3 185 "$display", "[FAIL] Timeout waiting DMA_REQ" {0 0 0};
    %pushi/vec4 0, 0, 32;
    %store/vec4 v000002cde7be71c0_0, 0, 32;
    %pushi/vec4 0, 0, 32;
    %store/vec4 v000002cde7be6a40_0, 0, 32;
    %pushi/vec4 0, 0, 32; draw_string_vec4
    %pushi/vec4 0, 0, 32; draw_string_vec4
    %concat/vec4; draw_string_vec4
    %pushi/vec4 1463896404, 0, 32; draw_string_vec4
    %concat/vec4; draw_string_vec4
    %pushi/vec4 1598311745, 0, 32; draw_string_vec4
    %concat/vec4; draw_string_vec4
    %store/vec4 v000002cde7be5320_0, 0, 128;
    %fork TD_deit_accelerator_top_tb.ckpt_a, S_000002cde7260e80;
    %join;
    %pushi/vec4 0, 0, 1;
    %store/vec4 v000002cde7d9bcd0_0, 0, 1;
    %disable S_000002cde7da5530;
T_9.42 ;
    %jmp T_9.40;
T_9.41 ;
    %pushi/vec4 1, 0, 1;
    %store/vec4 v000002cde7d9bcd0_0, 0, 1;
    %end;
    .scope S_000002cde7da1840;
t_10 %join;
    %end;
S_000002cde7da5530 .scope begin, "WAIT_DMA" "WAIT_DMA" 3 178, 3 178 0, S_000002cde7da1840;
 .timescale -9 -12;
S_000002cde7da3dc0 .scope task, "wait_for_done" "wait_for_done" 3 195, 3 195 0, S_000002cde77eee00;
 .timescale -9 -12;
v000002cde7d9c4f0_0 .var/i "cycles", 31 0;
TD_deit_accelerator_top_tb.wait_for_done ;
    %fork t_13, S_000002cde7da2010;
    %jmp t_12;
    .scope S_000002cde7da2010;
t_13 ;
    %pushi/vec4 0, 0, 32;
    %store/vec4 v000002cde7d9c4f0_0, 0, 32;
T_10.44 ;
    %load/vec4 v000002cde7d9a1f0_0;
    %pad/u 32;
    %cmpi/e 0, 0, 32;
    %jmp/0xz T_10.45, 4;
    %wait E_000002cde7af72a0;
    %load/vec4 v000002cde7d9c4f0_0;
    %addi 1, 0, 32;
    %store/vec4 v000002cde7d9c4f0_0, 0, 32;
    %load/vec4 v000002cde7d9c4f0_0;
    %cmpi/s 20000, 0, 32;
    %flag_or 5, 4; GT is !LE
    %flag_inv 5;
    %jmp/0xz  T_10.46, 5;
    %vpi_call/w 3 203 "$display", "[FAIL] Timeout waiting ap_done" {0 0 0};
    %pushi/vec4 0, 0, 32;
    %store/vec4 v000002cde7be71c0_0, 0, 32;
    %pushi/vec4 0, 0, 32;
    %store/vec4 v000002cde7be6a40_0, 0, 32;
    %pushi/vec4 0, 0, 32; draw_string_vec4
    %pushi/vec4 87, 0, 32; draw_string_vec4
    %concat/vec4; draw_string_vec4
    %pushi/vec4 1095324767, 0, 32; draw_string_vec4
    %concat/vec4; draw_string_vec4
    %pushi/vec4 1146048069, 0, 32; draw_string_vec4
    %concat/vec4; draw_string_vec4
    %store/vec4 v000002cde7be5320_0, 0, 128;
    %fork TD_deit_accelerator_top_tb.ckpt_a, S_000002cde7260e80;
    %join;
    %disable S_000002cde7da2010;
T_10.46 ;
    %jmp T_10.44;
T_10.45 ;
    %end;
    .scope S_000002cde7da3dc0;
t_12 %join;
    %end;
S_000002cde7da2010 .scope begin, "WAIT_DONE" "WAIT_DONE" 3 197, 3 197 0, S_000002cde7da3dc0;
 .timescale -9 -12;
S_000002cde7da35f0 .scope task, "wait_idle" "wait_idle" 3 159, 3 159 0, S_000002cde77eee00;
 .timescale -9 -12;
v000002cde7d9b910_0 .var/i "cycles", 31 0;
TD_deit_accelerator_top_tb.wait_idle ;
    %fork t_15, S_000002cde7da2c90;
    %jmp t_14;
    .scope S_000002cde7da2c90;
t_15 ;
    %pushi/vec4 0, 0, 32;
    %store/vec4 v000002cde7d9b910_0, 0, 32;
T_11.48 ;
    %load/vec4 v000002cde7d87f50_0;
    %pad/u 32;
    %cmpi/ne 0, 0, 32;
    %jmp/0xz T_11.49, 4;
    %wait E_000002cde7af72a0;
    %load/vec4 v000002cde7d9b910_0;
    %addi 1, 0, 32;
    %store/vec4 v000002cde7d9b910_0, 0, 32;
    %load/vec4 v000002cde7d9b910_0;
    %cmpi/s 20000, 0, 32;
    %flag_or 5, 4; GT is !LE
    %flag_inv 5;
    %jmp/0xz  T_11.50, 5;
    %vpi_call/w 3 167 "$display", "[FAIL] Timeout waiting IDLE" {0 0 0};
    %pushi/vec4 0, 0, 32;
    %store/vec4 v000002cde7be71c0_0, 0, 32;
    %pushi/vec4 0, 0, 32;
    %store/vec4 v000002cde7be6a40_0, 0, 32;
    %pushi/vec4 0, 0, 32; draw_string_vec4
    %pushi/vec4 87, 0, 32; draw_string_vec4
    %concat/vec4; draw_string_vec4
    %pushi/vec4 1095324767, 0, 32; draw_string_vec4
    %concat/vec4; draw_string_vec4
    %pushi/vec4 1229212741, 0, 32; draw_string_vec4
    %concat/vec4; draw_string_vec4
    %store/vec4 v000002cde7be5320_0, 0, 128;
    %fork TD_deit_accelerator_top_tb.ckpt_a, S_000002cde7260e80;
    %join;
    %disable S_000002cde7da2c90;
T_11.50 ;
    %jmp T_11.48;
T_11.49 ;
    %end;
    .scope S_000002cde7da35f0;
t_14 %join;
    %end;
S_000002cde7da2c90 .scope begin, "WAIT_IDLE" "WAIT_IDLE" 3 161, 3 161 0, S_000002cde7da35f0;
 .timescale -9 -12;
    .scope S_000002cde7c6f060;
T_12 ;
    %wait E_000002cde7af7aa0;
    %load/vec4 v000002cde7be83e0_0;
    %nor/r;
    %flag_set/vec4 8;
    %jmp/0xz  T_12.0, 8;
    %pushi/vec4 0, 0, 1;
    %assign/vec4 v000002cde7be79e0_0, 0;
    %pushi/vec4 0, 0, 1;
    %assign/vec4 v000002cde7be78a0_0, 0;
    %pushi/vec4 0, 0, 1;
    %assign/vec4 v000002cde7be9100_0, 0;
    %pushi/vec4 0, 0, 32;
    %assign/vec4 v000002cde7be7b20_0, 0;
    %pushi/vec4 0, 0, 32;
    %assign/vec4 v000002cde7be9740_0, 0;
    %pushi/vec4 0, 0, 32;
    %assign/vec4 v000002cde7be8e80_0, 0;
    %pushi/vec4 0, 0, 32;
    %assign/vec4 v000002cde7be8c00_0, 0;
    %pushi/vec4 0, 0, 32;
    %assign/vec4 v000002cde7be92e0_0, 0;
    %pushi/vec4 0, 0, 32;
    %assign/vec4 v000002cde7be9380_0, 0;
    %pushi/vec4 0, 0, 1;
    %assign/vec4 v000002cde7be5f00_0, 0;
    %pushi/vec4 0, 0, 32;
    %assign/vec4 v000002cde7be7a80_0, 0;
    %pushi/vec4 0, 0, 32;
    %assign/vec4 v000002cde7be7e40_0, 0;
    %jmp T_12.1;
T_12.0 ;
    %load/vec4 v000002cde7be5f00_0;
    %flag_set/vec4 8;
    %jmp/0xz  T_12.2, 8;
    %pushi/vec4 0, 0, 1;
    %assign/vec4 v000002cde7be5f00_0, 0;
T_12.2 ;
    %pushi/vec4 0, 0, 1;
    %assign/vec4 v000002cde7be79e0_0, 0;
    %pushi/vec4 0, 0, 1;
    %assign/vec4 v000002cde7be78a0_0, 0;
    %load/vec4 v000002cde7be79e0_0;
    %nor/r;
    %flag_set/vec4 11;
    %flag_get/vec4 11;
    %jmp/0 T_12.8, 11;
    %load/vec4 v000002cde7be78a0_0;
    %nor/r;
    %and;
T_12.8;
    %flag_set/vec4 10;
    %flag_get/vec4 10;
    %jmp/0 T_12.7, 10;
    %load/vec4 v000002cde7be7760_0;
    %and;
T_12.7;
    %flag_set/vec4 9;
    %flag_get/vec4 9;
    %jmp/0 T_12.6, 9;
    %load/vec4 v000002cde7be96a0_0;
    %and;
T_12.6;
    %flag_set/vec4 8;
    %jmp/0xz  T_12.4, 8;
    %pushi/vec4 1, 0, 1;
    %assign/vec4 v000002cde7be79e0_0, 0;
    %pushi/vec4 1, 0, 1;
    %assign/vec4 v000002cde7be78a0_0, 0;
    %load/vec4 v000002cde7be7300_0;
    %parti/s 4, 2, 3;
    %dup/vec4;
    %pushi/vec4 0, 0, 4;
    %cmp/u;
    %jmp/1 T_12.9, 6;
    %dup/vec4;
    %pushi/vec4 1, 0, 4;
    %cmp/u;
    %jmp/1 T_12.10, 6;
    %dup/vec4;
    %pushi/vec4 2, 0, 4;
    %cmp/u;
    %jmp/1 T_12.11, 6;
    %dup/vec4;
    %pushi/vec4 3, 0, 4;
    %cmp/u;
    %jmp/1 T_12.12, 6;
    %dup/vec4;
    %pushi/vec4 5, 0, 4;
    %cmp/u;
    %jmp/1 T_12.13, 6;
    %dup/vec4;
    %pushi/vec4 6, 0, 4;
    %cmp/u;
    %jmp/1 T_12.14, 6;
    %dup/vec4;
    %pushi/vec4 7, 0, 4;
    %cmp/u;
    %jmp/1 T_12.15, 6;
    %dup/vec4;
    %pushi/vec4 8, 0, 4;
    %cmp/u;
    %jmp/1 T_12.16, 6;
    %dup/vec4;
    %pushi/vec4 9, 0, 4;
    %cmp/u;
    %jmp/1 T_12.17, 6;
    %jmp T_12.18;
T_12.9 ;
    %load/vec4 v000002cde7be73a0_0;
    %parti/s 1, 0, 2;
    %flag_set/vec4 8;
    %jmp/0xz  T_12.19, 8;
    %load/vec4 v000002cde7be99c0_0;
    %parti/s 1, 0, 2;
    %flag_set/vec4 8;
    %jmp/0xz  T_12.21, 8;
    %pushi/vec4 1, 0, 1;
    %assign/vec4 v000002cde7be5f00_0, 0;
T_12.21 ;
    %load/vec4 v000002cde7be99c0_0;
    %parti/s 1, 1, 2;
    %ix/load 4, 1, 0;
    %ix/load 5, 0, 0;
    %flag_set/imm 4, 0;
    %assign/vec4/off/d v000002cde7be7b20_0, 4, 5;
T_12.19 ;
    %jmp T_12.18;
T_12.10 ;
    %load/vec4 v000002cde7be73a0_0;
    %parti/s 1, 0, 2;
    %flag_set/vec4 9;
    %flag_get/vec4 9;
    %jmp/0 T_12.25, 9;
    %load/vec4 v000002cde7be99c0_0;
    %parti/s 1, 0, 2;
    %and;
T_12.25;
    %flag_set/vec4 8;
    %jmp/0xz  T_12.23, 8;
    %pushi/vec4 0, 0, 1;
    %ix/load 4, 0, 0;
    %ix/load 5, 0, 0;
    %flag_set/imm 4, 0;
    %assign/vec4/off/d v000002cde7be88e0_0, 4, 5;
T_12.23 ;
    %jmp T_12.18;
T_12.11 ;
    %load/vec4 v000002cde7be73a0_0;
    %parti/s 1, 0, 2;
    %flag_set/vec4 8;
    %jmp/0xz  T_12.26, 8;
    %load/vec4 v000002cde7be99c0_0;
    %assign/vec4 v000002cde7be9740_0, 0;
T_12.26 ;
    %jmp T_12.18;
T_12.12 ;
    %load/vec4 v000002cde7be73a0_0;
    %parti/s 1, 0, 2;
    %flag_set/vec4 8;
    %jmp/0xz  T_12.28, 8;
    %load/vec4 v000002cde7be99c0_0;
    %assign/vec4 v000002cde7be8e80_0, 0;
T_12.28 ;
    %jmp T_12.18;
T_12.13 ;
    %load/vec4 v000002cde7be73a0_0;
    %parti/s 1, 0, 2;
    %flag_set/vec4 8;
    %jmp/0xz  T_12.30, 8;
    %load/vec4 v000002cde7be99c0_0;
    %assign/vec4 v000002cde7be8c00_0, 0;
T_12.30 ;
    %jmp T_12.18;
T_12.14 ;
    %load/vec4 v000002cde7be73a0_0;
    %parti/s 1, 0, 2;
    %flag_set/vec4 8;
    %jmp/0xz  T_12.32, 8;
    %load/vec4 v000002cde7be99c0_0;
    %assign/vec4 v000002cde7be92e0_0, 0;
T_12.32 ;
    %jmp T_12.18;
T_12.15 ;
    %load/vec4 v000002cde7be73a0_0;
    %parti/s 1, 0, 2;
    %flag_set/vec4 8;
    %jmp/0xz  T_12.34, 8;
    %load/vec4 v000002cde7be99c0_0;
    %assign/vec4 v000002cde7be9380_0, 0;
T_12.34 ;
    %jmp T_12.18;
T_12.16 ;
    %load/vec4 v000002cde7be73a0_0;
    %parti/s 1, 0, 2;
    %flag_set/vec4 8;
    %jmp/0xz  T_12.36, 8;
    %load/vec4 v000002cde7be99c0_0;
    %assign/vec4 v000002cde7be7a80_0, 0;
T_12.36 ;
    %jmp T_12.18;
T_12.17 ;
    %load/vec4 v000002cde7be73a0_0;
    %parti/s 1, 0, 2;
    %flag_set/vec4 8;
    %jmp/0xz  T_12.38, 8;
    %load/vec4 v000002cde7be99c0_0;
    %assign/vec4 v000002cde7be7e40_0, 0;
T_12.38 ;
    %jmp T_12.18;
T_12.18 ;
    %pop/vec4 1;
T_12.4 ;
    %load/vec4 v000002cde7be79e0_0;
    %flag_set/vec4 9;
    %flag_get/vec4 9;
    %jmp/0 T_12.42, 9;
    %load/vec4 v000002cde7be78a0_0;
    %and;
T_12.42;
    %flag_set/vec4 8;
    %jmp/0xz  T_12.40, 8;
    %pushi/vec4 1, 0, 1;
    %assign/vec4 v000002cde7be9100_0, 0;
    %jmp T_12.41;
T_12.40 ;
    %load/vec4 v000002cde7be9060_0;
    %flag_set/vec4 9;
    %flag_get/vec4 9;
    %jmp/0 T_12.45, 9;
    %load/vec4 v000002cde7be9100_0;
    %and;
T_12.45;
    %flag_set/vec4 8;
    %jmp/0xz  T_12.43, 8;
    %pushi/vec4 0, 0, 1;
    %assign/vec4 v000002cde7be9100_0, 0;
T_12.43 ;
T_12.41 ;
T_12.1 ;
    %jmp T_12;
    .thread T_12;
    .scope S_000002cde7c6f060;
T_13 ;
    %wait E_000002cde7af7aa0;
    %load/vec4 v000002cde7be83e0_0;
    %nor/r;
    %flag_set/vec4 8;
    %jmp/0xz  T_13.0, 8;
    %pushi/vec4 0, 0, 32;
    %assign/vec4 v000002cde7be88e0_0, 0;
    %jmp T_13.1;
T_13.0 ;
    %load/vec4 v000002cde7be67c0_0;
    %ix/load 4, 1, 0;
    %ix/load 5, 0, 0;
    %flag_set/imm 4, 0;
    %assign/vec4/off/d v000002cde7be88e0_0, 4, 5;
    %load/vec4 v000002cde7be5960_0;
    %flag_set/vec4 8;
    %jmp/0xz  T_13.2, 8;
    %pushi/vec4 1, 0, 1;
    %ix/load 4, 0, 0;
    %ix/load 5, 0, 0;
    %flag_set/imm 4, 0;
    %assign/vec4/off/d v000002cde7be88e0_0, 4, 5;
    %jmp T_13.3;
T_13.2 ;
    %load/vec4 v000002cde7be79e0_0;
    %flag_set/vec4 11;
    %flag_get/vec4 11;
    %jmp/0 T_13.8, 11;
    %load/vec4 v000002cde7be96a0_0;
    %and;
T_13.8;
    %flag_set/vec4 10;
    %flag_get/vec4 10;
    %jmp/0 T_13.7, 10;
    %load/vec4 v000002cde7be7300_0;
    %parti/s 3, 2, 3;
    %pushi/vec4 1, 0, 3;
    %cmp/e;
    %flag_get/vec4 4;
    %and;
T_13.7;
    %flag_set/vec4 9;
    %flag_get/vec4 9;
    %jmp/0 T_13.6, 9;
    %load/vec4 v000002cde7be99c0_0;
    %parti/s 1, 0, 2;
    %and;
T_13.6;
    %flag_set/vec4 8;
    %jmp/0xz  T_13.4, 8;
    %pushi/vec4 0, 0, 1;
    %ix/load 4, 0, 0;
    %ix/load 5, 0, 0;
    %flag_set/imm 4, 0;
    %assign/vec4/off/d v000002cde7be88e0_0, 4, 5;
T_13.4 ;
T_13.3 ;
T_13.1 ;
    %jmp T_13;
    .thread T_13;
    .scope S_000002cde7c6f060;
T_14 ;
    %wait E_000002cde7af7aa0;
    %load/vec4 v000002cde7be83e0_0;
    %nor/r;
    %flag_set/vec4 8;
    %jmp/0xz  T_14.0, 8;
    %pushi/vec4 0, 0, 1;
    %assign/vec4 v000002cde7be8700_0, 0;
    %pushi/vec4 0, 0, 1;
    %assign/vec4 v000002cde7be8a20_0, 0;
    %pushi/vec4 0, 0, 32;
    %assign/vec4 v000002cde7be97e0_0, 0;
    %jmp T_14.1;
T_14.0 ;
    %load/vec4 v000002cde7be8700_0;
    %nor/r;
    %flag_set/vec4 9;
    %flag_get/vec4 9;
    %jmp/0 T_14.4, 9;
    %load/vec4 v000002cde7be8f20_0;
    %and;
T_14.4;
    %flag_set/vec4 8;
    %jmp/0xz  T_14.2, 8;
    %pushi/vec4 1, 0, 1;
    %assign/vec4 v000002cde7be8700_0, 0;
    %load/vec4 v000002cde7be8ca0_0;
    %parti/s 4, 2, 3;
    %dup/vec4;
    %pushi/vec4 0, 0, 4;
    %cmp/u;
    %jmp/1 T_14.5, 6;
    %dup/vec4;
    %pushi/vec4 1, 0, 4;
    %cmp/u;
    %jmp/1 T_14.6, 6;
    %dup/vec4;
    %pushi/vec4 2, 0, 4;
    %cmp/u;
    %jmp/1 T_14.7, 6;
    %dup/vec4;
    %pushi/vec4 3, 0, 4;
    %cmp/u;
    %jmp/1 T_14.8, 6;
    %dup/vec4;
    %pushi/vec4 4, 0, 4;
    %cmp/u;
    %jmp/1 T_14.9, 6;
    %dup/vec4;
    %pushi/vec4 5, 0, 4;
    %cmp/u;
    %jmp/1 T_14.10, 6;
    %dup/vec4;
    %pushi/vec4 6, 0, 4;
    %cmp/u;
    %jmp/1 T_14.11, 6;
    %dup/vec4;
    %pushi/vec4 7, 0, 4;
    %cmp/u;
    %jmp/1 T_14.12, 6;
    %dup/vec4;
    %pushi/vec4 8, 0, 4;
    %cmp/u;
    %jmp/1 T_14.13, 6;
    %dup/vec4;
    %pushi/vec4 9, 0, 4;
    %cmp/u;
    %jmp/1 T_14.14, 6;
    %pushi/vec4 0, 0, 32;
    %assign/vec4 v000002cde7be97e0_0, 0;
    %jmp T_14.16;
T_14.5 ;
    %load/vec4 v000002cde7be7b20_0;
    %assign/vec4 v000002cde7be97e0_0, 0;
    %jmp T_14.16;
T_14.6 ;
    %load/vec4 v000002cde7be88e0_0;
    %assign/vec4 v000002cde7be97e0_0, 0;
    %jmp T_14.16;
T_14.7 ;
    %load/vec4 v000002cde7be9740_0;
    %assign/vec4 v000002cde7be97e0_0, 0;
    %jmp T_14.16;
T_14.8 ;
    %load/vec4 v000002cde7be8e80_0;
    %assign/vec4 v000002cde7be97e0_0, 0;
    %jmp T_14.16;
T_14.9 ;
    %pushi/vec4 539361559, 0, 32;
    %assign/vec4 v000002cde7be97e0_0, 0;
    %jmp T_14.16;
T_14.10 ;
    %load/vec4 v000002cde7be8c00_0;
    %assign/vec4 v000002cde7be97e0_0, 0;
    %jmp T_14.16;
T_14.11 ;
    %load/vec4 v000002cde7be92e0_0;
    %assign/vec4 v000002cde7be97e0_0, 0;
    %jmp T_14.16;
T_14.12 ;
    %load/vec4 v000002cde7be9380_0;
    %assign/vec4 v000002cde7be97e0_0, 0;
    %jmp T_14.16;
T_14.13 ;
    %load/vec4 v000002cde7be7a80_0;
    %assign/vec4 v000002cde7be97e0_0, 0;
    %jmp T_14.16;
T_14.14 ;
    %load/vec4 v000002cde7be7e40_0;
    %assign/vec4 v000002cde7be97e0_0, 0;
    %jmp T_14.16;
T_14.16 ;
    %pop/vec4 1;
    %jmp T_14.3;
T_14.2 ;
    %pushi/vec4 0, 0, 1;
    %assign/vec4 v000002cde7be8700_0, 0;
T_14.3 ;
    %load/vec4 v000002cde7be8700_0;
    %flag_set/vec4 9;
    %flag_get/vec4 9;
    %jmp/0 T_14.19, 9;
    %load/vec4 v000002cde7be8f20_0;
    %and;
T_14.19;
    %flag_set/vec4 8;
    %jmp/0xz  T_14.17, 8;
    %pushi/vec4 1, 0, 1;
    %assign/vec4 v000002cde7be8a20_0, 0;
    %jmp T_14.18;
T_14.17 ;
    %load/vec4 v000002cde7be8fc0_0;
    %flag_set/vec4 9;
    %flag_get/vec4 9;
    %jmp/0 T_14.22, 9;
    %load/vec4 v000002cde7be8a20_0;
    %and;
T_14.22;
    %flag_set/vec4 8;
    %jmp/0xz  T_14.20, 8;
    %pushi/vec4 0, 0, 1;
    %assign/vec4 v000002cde7be8a20_0, 0;
T_14.20 ;
T_14.18 ;
T_14.1 ;
    %jmp T_14;
    .thread T_14;
    .scope S_000002cde7d7ad80;
T_15 ;
    %wait E_000002cde7af7620;
    %load/vec4 v000002cde7d89f30_0;
    %nor/r;
    %flag_set/vec4 8;
    %jmp/0xz  T_15.0, 8;
    %pushi/vec4 0, 0, 1;
    %assign/vec4 v000002cde7d8b1f0_0, 0;
    %jmp T_15.1;
T_15.0 ;
    %load/vec4 v000002cde7d89850_0;
    %flag_set/vec4 8;
    %jmp/0xz  T_15.2, 8;
    %load/vec4 v000002cde7d8b1f0_0;
    %inv;
    %assign/vec4 v000002cde7d8b1f0_0, 0;
T_15.2 ;
T_15.1 ;
    %jmp T_15;
    .thread T_15;
    .scope S_000002cde7d7ad80;
T_16 ;
    %wait E_000002cde7af7620;
    %load/vec4 v000002cde7d89f30_0;
    %nor/r;
    %flag_set/vec4 8;
    %jmp/0xz  T_16.0, 8;
    %pushi/vec4 0, 0, 2;
    %assign/vec4 v000002cde7d8a610_0, 0;
    %pushi/vec4 0, 0, 8;
    %assign/vec4 v000002cde7d89670_0, 0;
    %pushi/vec4 0, 0, 8;
    %assign/vec4 v000002cde7d8ac50_0, 0;
    %pushi/vec4 0, 0, 1;
    %assign/vec4 v000002cde7d89530_0, 0;
    %pushi/vec4 0, 0, 96;
    %assign/vec4 v000002cde7d8a430_0, 0;
    %pushi/vec4 0, 0, 64;
    %assign/vec4 v000002cde7d89210_0, 0;
    %jmp T_16.1;
T_16.0 ;
    %pushi/vec4 0, 0, 1;
    %assign/vec4 v000002cde7d89530_0, 0;
    %load/vec4 v000002cde7d89850_0;
    %flag_set/vec4 8;
    %jmp/0xz  T_16.2, 8;
    %pushi/vec4 0, 0, 8;
    %assign/vec4 v000002cde7d89670_0, 0;
    %pushi/vec4 0, 0, 2;
    %assign/vec4 v000002cde7d8a610_0, 0;
    %jmp T_16.3;
T_16.2 ;
    %load/vec4 v000002cde7d8a7f0_0;
    %flag_set/vec4 8;
    %jmp/0xz  T_16.4, 8;
    %load/vec4 v000002cde7d8a610_0;
    %dup/vec4;
    %pushi/vec4 0, 0, 2;
    %cmp/u;
    %jmp/1 T_16.6, 6;
    %dup/vec4;
    %pushi/vec4 1, 0, 2;
    %cmp/u;
    %jmp/1 T_16.7, 6;
    %dup/vec4;
    %pushi/vec4 2, 0, 2;
    %cmp/u;
    %jmp/1 T_16.8, 6;
    %jmp T_16.9;
T_16.6 ;
    %load/vec4 v000002cde7d8a9d0_0;
    %assign/vec4 v000002cde7d89210_0, 0;
    %pushi/vec4 1, 0, 2;
    %assign/vec4 v000002cde7d8a610_0, 0;
    %jmp T_16.9;
T_16.7 ;
    %load/vec4 v000002cde7d8a9d0_0;
    %parti/s 32, 0, 2;
    %load/vec4 v000002cde7d89210_0;
    %concat/vec4; draw_concat_vec4
    %assign/vec4 v000002cde7d8a430_0, 0;
    %pushi/vec4 1, 0, 1;
    %assign/vec4 v000002cde7d89530_0, 0;
    %load/vec4 v000002cde7d89670_0;
    %assign/vec4 v000002cde7d8ac50_0, 0;
    %load/vec4 v000002cde7d89670_0;
    %addi 1, 0, 8;
    %assign/vec4 v000002cde7d89670_0, 0;
    %load/vec4 v000002cde7d8a9d0_0;
    %parti/s 32, 32, 7;
    %ix/load 4, 0, 0;
    %ix/load 5, 0, 0;
    %flag_set/imm 4, 0;
    %assign/vec4/off/d v000002cde7d89210_0, 4, 5;
    %pushi/vec4 2, 0, 2;
    %assign/vec4 v000002cde7d8a610_0, 0;
    %jmp T_16.9;
T_16.8 ;
    %load/vec4 v000002cde7d8a9d0_0;
    %load/vec4 v000002cde7d89210_0;
    %parti/s 32, 0, 2;
    %concat/vec4; draw_concat_vec4
    %assign/vec4 v000002cde7d8a430_0, 0;
    %pushi/vec4 1, 0, 1;
    %assign/vec4 v000002cde7d89530_0, 0;
    %load/vec4 v000002cde7d89670_0;
    %assign/vec4 v000002cde7d8ac50_0, 0;
    %load/vec4 v000002cde7d89670_0;
    %addi 1, 0, 8;
    %assign/vec4 v000002cde7d89670_0, 0;
    %pushi/vec4 0, 0, 2;
    %assign/vec4 v000002cde7d8a610_0, 0;
    %jmp T_16.9;
T_16.9 ;
    %pop/vec4 1;
T_16.4 ;
T_16.3 ;
T_16.1 ;
    %jmp T_16;
    .thread T_16;
    .scope S_000002cde7d7ad80;
T_17 ;
    %pushi/vec4 0, 0, 32;
    %store/vec4 v000002cde7d8b3d0_0, 0, 32;
T_17.0 ;
    %load/vec4 v000002cde7d8b3d0_0;
    %cmpi/s 512, 0, 32;
    %jmp/0xz T_17.1, 5;
    %pushi/vec4 0, 0, 96;
    %ix/getv/s 4, v000002cde7d8b3d0_0;
    %store/vec4a v000002cde7d89cb0, 4, 0;
    %load/vec4 v000002cde7d8b3d0_0;
    %addi 1, 0, 32;
    %store/vec4 v000002cde7d8b3d0_0, 0, 32;
    %jmp T_17.0;
T_17.1 ;
    %end;
    .thread T_17;
    .scope S_000002cde7d7ad80;
T_18 ;
    %wait E_000002cde7af72a0;
    %load/vec4 v000002cde7d89530_0;
    %flag_set/vec4 8;
    %jmp/0xz  T_18.0, 8;
    %load/vec4 v000002cde7d8a430_0;
    %load/vec4 v000002cde7d8aed0_0;
    %pad/u 11;
    %ix/vec4 3;
    %ix/load 4, 0, 0; Constant delay
    %assign/vec4/a/d v000002cde7d89cb0, 0, 4;
T_18.0 ;
    %jmp T_18;
    .thread T_18;
    .scope S_000002cde7d7ad80;
T_19 ;
    %wait E_000002cde7af7620;
    %load/vec4 v000002cde7d89f30_0;
    %nor/r;
    %flag_set/vec4 8;
    %jmp/0xz  T_19.0, 8;
    %pushi/vec4 0, 0, 8;
    %assign/vec4 v000002cde7d8a4d0_0, 0;
    %jmp T_19.1;
T_19.0 ;
    %load/vec4 v000002cde7d89850_0;
    %flag_set/vec4 8;
    %jmp/0xz  T_19.2, 8;
    %pushi/vec4 0, 0, 8;
    %assign/vec4 v000002cde7d8a4d0_0, 0;
    %jmp T_19.3;
T_19.2 ;
    %load/vec4 v000002cde7d8b470_0;
    %flag_set/vec4 8;
    %jmp/0xz  T_19.4, 8;
    %load/vec4 v000002cde7d8a4d0_0;
    %addi 1, 0, 8;
    %assign/vec4 v000002cde7d8a4d0_0, 0;
    %jmp T_19.5;
T_19.4 ;
    %load/vec4 v000002cde7d89350_0;
    %nor/r;
    %flag_set/vec4 8;
    %jmp/0xz  T_19.6, 8;
    %pushi/vec4 0, 0, 8;
    %assign/vec4 v000002cde7d8a4d0_0, 0;
T_19.6 ;
T_19.5 ;
T_19.3 ;
T_19.1 ;
    %jmp T_19;
    .thread T_19;
    .scope S_000002cde7d7ad80;
T_20 ;
    %wait E_000002cde7af72a0;
    %load/vec4 v000002cde7d89df0_0;
    %pad/u 11;
    %ix/vec4 4;
    %load/vec4a v000002cde7d89cb0, 4;
    %assign/vec4 v000002cde7d8b5b0_0, 0;
    %jmp T_20;
    .thread T_20;
    .scope S_000002cde7d7ad80;
T_21 ;
    %wait E_000002cde7af7620;
    %load/vec4 v000002cde7d89f30_0;
    %nor/r;
    %flag_set/vec4 8;
    %jmp/0xz  T_21.0, 8;
    %pushi/vec4 0, 0, 1;
    %assign/vec4 v000002cde7d893f0_0, 0;
    %pushi/vec4 0, 0, 1;
    %assign/vec4 v000002cde7d8b470_0, 0;
    %jmp T_21.1;
T_21.0 ;
    %load/vec4 v000002cde7d89850_0;
    %flag_set/vec4 8;
    %jmp/0xz  T_21.2, 8;
    %pushi/vec4 0, 0, 1;
    %assign/vec4 v000002cde7d893f0_0, 0;
    %pushi/vec4 0, 0, 1;
    %assign/vec4 v000002cde7d8b470_0, 0;
    %jmp T_21.3;
T_21.2 ;
    %load/vec4 v000002cde7d89350_0;
    %assign/vec4 v000002cde7d893f0_0, 0;
    %load/vec4 v000002cde7d893f0_0;
    %assign/vec4 v000002cde7d8b470_0, 0;
T_21.3 ;
T_21.1 ;
    %jmp T_21;
    .thread T_21;
    .scope S_000002cde7da3460;
T_22 ;
    %wait E_000002cde7af7620;
    %load/vec4 v000002cde7d9a510_0;
    %nor/r;
    %flag_set/vec4 8;
    %jmp/0xz  T_22.0, 8;
    %pushi/vec4 0, 0, 1;
    %assign/vec4 v000002cde7d99b10_0, 0;
    %jmp T_22.1;
T_22.0 ;
    %load/vec4 v000002cde7d98990_0;
    %flag_set/vec4 8;
    %jmp/0xz  T_22.2, 8;
    %load/vec4 v000002cde7d99b10_0;
    %inv;
    %assign/vec4 v000002cde7d99b10_0, 0;
T_22.2 ;
T_22.1 ;
    %jmp T_22;
    .thread T_22;
    .scope S_000002cde7da3460;
T_23 ;
    %wait E_000002cde7af7620;
    %load/vec4 v000002cde7d9a510_0;
    %nor/r;
    %flag_set/vec4 8;
    %jmp/0xz  T_23.0, 8;
    %pushi/vec4 0, 0, 1;
    %assign/vec4 v000002cde7d99930_0, 0;
    %pushi/vec4 0, 0, 64;
    %assign/vec4 v000002cde7d9a6f0_0, 0;
    %pushi/vec4 0, 0, 1;
    %assign/vec4 v000002cde7d99ed0_0, 0;
    %pushi/vec4 0, 0, 128;
    %assign/vec4 v000002cde7d98df0_0, 0;
    %pushi/vec4 0, 0, 4;
    %assign/vec4 v000002cde7d982b0_0, 0;
    %pushi/vec4 0, 0, 4;
    %assign/vec4 v000002cde7d98490_0, 0;
    %jmp T_23.1;
T_23.0 ;
    %pushi/vec4 0, 0, 1;
    %assign/vec4 v000002cde7d99ed0_0, 0;
    %load/vec4 v000002cde7d98990_0;
    %flag_set/vec4 8;
    %jmp/0xz  T_23.2, 8;
    %pushi/vec4 0, 0, 4;
    %assign/vec4 v000002cde7d982b0_0, 0;
    %pushi/vec4 0, 0, 1;
    %assign/vec4 v000002cde7d99930_0, 0;
    %jmp T_23.3;
T_23.2 ;
    %load/vec4 v000002cde7d98170_0;
    %flag_set/vec4 8;
    %jmp/0xz  T_23.4, 8;
    %load/vec4 v000002cde7d99930_0;
    %pad/u 32;
    %cmpi/e 0, 0, 32;
    %jmp/0xz  T_23.6, 4;
    %load/vec4 v000002cde7d99110_0;
    %assign/vec4 v000002cde7d9a6f0_0, 0;
    %pushi/vec4 1, 0, 1;
    %assign/vec4 v000002cde7d99930_0, 0;
    %jmp T_23.7;
T_23.6 ;
    %load/vec4 v000002cde7d99110_0;
    %load/vec4 v000002cde7d9a6f0_0;
    %concat/vec4; draw_concat_vec4
    %assign/vec4 v000002cde7d98df0_0, 0;
    %pushi/vec4 1, 0, 1;
    %assign/vec4 v000002cde7d99ed0_0, 0;
    %load/vec4 v000002cde7d982b0_0;
    %assign/vec4 v000002cde7d98490_0, 0;
    %load/vec4 v000002cde7d982b0_0;
    %addi 1, 0, 4;
    %assign/vec4 v000002cde7d982b0_0, 0;
    %pushi/vec4 0, 0, 1;
    %assign/vec4 v000002cde7d99930_0, 0;
T_23.7 ;
T_23.4 ;
T_23.3 ;
T_23.1 ;
    %jmp T_23;
    .thread T_23;
    .scope S_000002cde7da3460;
T_24 ;
    %pushi/vec4 0, 0, 32;
    %store/vec4 v000002cde7d980d0_0, 0, 32;
T_24.0 ;
    %load/vec4 v000002cde7d980d0_0;
    %cmpi/s 32, 0, 32;
    %jmp/0xz T_24.1, 5;
    %pushi/vec4 0, 0, 128;
    %ix/getv/s 4, v000002cde7d980d0_0;
    %store/vec4a v000002cde7d99d90, 4, 0;
    %load/vec4 v000002cde7d980d0_0;
    %addi 1, 0, 32;
    %store/vec4 v000002cde7d980d0_0, 0, 32;
    %jmp T_24.0;
T_24.1 ;
    %end;
    .thread T_24;
    .scope S_000002cde7da3460;
T_25 ;
    %wait E_000002cde7af72a0;
    %load/vec4 v000002cde7d99ed0_0;
    %flag_set/vec4 8;
    %jmp/0xz  T_25.0, 8;
    %load/vec4 v000002cde7d98df0_0;
    %load/vec4 v000002cde7d98670_0;
    %pad/u 7;
    %ix/vec4 3;
    %ix/load 4, 0, 0; Constant delay
    %assign/vec4/a/d v000002cde7d99d90, 0, 4;
T_25.0 ;
    %jmp T_25;
    .thread T_25;
    .scope S_000002cde7da3460;
T_26 ;
    %wait E_000002cde7af7620;
    %load/vec4 v000002cde7d9a510_0;
    %nor/r;
    %flag_set/vec4 8;
    %jmp/0xz  T_26.0, 8;
    %pushi/vec4 0, 0, 4;
    %assign/vec4 v000002cde7d99cf0_0, 0;
    %jmp T_26.1;
T_26.0 ;
    %load/vec4 v000002cde7d99a70_0;
    %flag_set/vec4 8;
    %jmp/0xz  T_26.2, 8;
    %load/vec4 v000002cde7d99cf0_0;
    %addi 1, 0, 4;
    %assign/vec4 v000002cde7d99cf0_0, 0;
    %jmp T_26.3;
T_26.2 ;
    %load/vec4 v000002cde7d98710_0;
    %nor/r;
    %flag_set/vec4 8;
    %jmp/0xz  T_26.4, 8;
    %pushi/vec4 0, 0, 4;
    %assign/vec4 v000002cde7d99cf0_0, 0;
T_26.4 ;
T_26.3 ;
T_26.1 ;
    %jmp T_26;
    .thread T_26;
    .scope S_000002cde7da3460;
T_27 ;
    %wait E_000002cde7af72a0;
    %load/vec4 v000002cde7d99070_0;
    %pad/u 7;
    %ix/vec4 4;
    %load/vec4a v000002cde7d99d90, 4;
    %assign/vec4 v000002cde7d99750_0, 0;
    %jmp T_27;
    .thread T_27;
    .scope S_000002cde7da3460;
T_28 ;
    %wait E_000002cde7af7620;
    %load/vec4 v000002cde7d9a510_0;
    %nor/r;
    %flag_set/vec4 8;
    %jmp/0xz  T_28.0, 8;
    %pushi/vec4 0, 0, 1;
    %assign/vec4 v000002cde7d99a70_0, 0;
    %pushi/vec4 0, 0, 1;
    %assign/vec4 v000002cde7d9a3d0_0, 0;
    %jmp T_28.1;
T_28.0 ;
    %load/vec4 v000002cde7d98710_0;
    %assign/vec4 v000002cde7d9a3d0_0, 0;
    %load/vec4 v000002cde7d9a3d0_0;
    %assign/vec4 v000002cde7d99a70_0, 0;
T_28.1 ;
    %jmp T_28;
    .thread T_28;
    .scope S_000002cde7c6fb50;
T_29 ;
    %wait E_000002cde7af7620;
    %load/vec4 v000002cde7d892b0_0;
    %nor/r;
    %flag_set/vec4 8;
    %jmp/0xz  T_29.0, 8;
    %pushi/vec4 0, 0, 8;
    %assign/vec4 v000002cde7be85c0_0, 0;
    %jmp T_29.1;
T_29.0 ;
    %load/vec4 v000002cde7d86e70_0;
    %parti/s 8, 8, 5;
    %assign/vec4 v000002cde7be85c0_0, 0;
T_29.1 ;
    %jmp T_29;
    .thread T_29;
    .scope S_000002cde7997cb0;
T_30 ;
    %wait E_000002cde7af7620;
    %load/vec4 v000002cde7d892b0_0;
    %nor/r;
    %flag_set/vec4 8;
    %jmp/0xz  T_30.0, 8;
    %pushi/vec4 0, 0, 16;
    %assign/vec4 v000002cde7be74e0_0, 0;
    %jmp T_30.1;
T_30.0 ;
    %load/vec4 v000002cde7be74e0_0;
    %parti/s 8, 0, 2;
    %load/vec4 v000002cde7d86e70_0;
    %parti/s 8, 16, 6;
    %concat/vec4; draw_concat_vec4
    %assign/vec4 v000002cde7be74e0_0, 0;
T_30.1 ;
    %jmp T_30;
    .thread T_30;
    .scope S_000002cde7997b20;
T_31 ;
    %wait E_000002cde7af7620;
    %load/vec4 v000002cde7d892b0_0;
    %nor/r;
    %flag_set/vec4 8;
    %jmp/0xz  T_31.0, 8;
    %pushi/vec4 0, 0, 24;
    %assign/vec4 v000002cde7be7620_0, 0;
    %jmp T_31.1;
T_31.0 ;
    %load/vec4 v000002cde7be7620_0;
    %parti/s 16, 0, 2;
    %load/vec4 v000002cde7d86e70_0;
    %parti/s 8, 24, 6;
    %concat/vec4; draw_concat_vec4
    %assign/vec4 v000002cde7be7620_0, 0;
T_31.1 ;
    %jmp T_31;
    .thread T_31;
    .scope S_000002cde79974e0;
T_32 ;
    %wait E_000002cde7af7620;
    %load/vec4 v000002cde7d892b0_0;
    %nor/r;
    %flag_set/vec4 8;
    %jmp/0xz  T_32.0, 8;
    %pushi/vec4 0, 0, 32;
    %assign/vec4 v000002cde7be76c0_0, 0;
    %jmp T_32.1;
T_32.0 ;
    %load/vec4 v000002cde7be76c0_0;
    %parti/s 24, 0, 2;
    %load/vec4 v000002cde7d86e70_0;
    %parti/s 8, 32, 7;
    %concat/vec4; draw_concat_vec4
    %assign/vec4 v000002cde7be76c0_0, 0;
T_32.1 ;
    %jmp T_32;
    .thread T_32;
    .scope S_000002cde79969f0;
T_33 ;
    %wait E_000002cde7af7620;
    %load/vec4 v000002cde7d892b0_0;
    %nor/r;
    %flag_set/vec4 8;
    %jmp/0xz  T_33.0, 8;
    %pushi/vec4 0, 0, 40;
    %assign/vec4 v000002cde7be7800_0, 0;
    %jmp T_33.1;
T_33.0 ;
    %load/vec4 v000002cde7be7800_0;
    %parti/s 32, 0, 2;
    %load/vec4 v000002cde7d86e70_0;
    %parti/s 8, 40, 7;
    %concat/vec4; draw_concat_vec4
    %assign/vec4 v000002cde7be7800_0, 0;
T_33.1 ;
    %jmp T_33;
    .thread T_33;
    .scope S_000002cde79971c0;
T_34 ;
    %wait E_000002cde7af7620;
    %load/vec4 v000002cde7d892b0_0;
    %nor/r;
    %flag_set/vec4 8;
    %jmp/0xz  T_34.0, 8;
    %pushi/vec4 0, 0, 48;
    %assign/vec4 v000002cde7be9560_0, 0;
    %jmp T_34.1;
T_34.0 ;
    %load/vec4 v000002cde7be9560_0;
    %parti/s 40, 0, 2;
    %load/vec4 v000002cde7d86e70_0;
    %parti/s 8, 48, 7;
    %concat/vec4; draw_concat_vec4
    %assign/vec4 v000002cde7be9560_0, 0;
T_34.1 ;
    %jmp T_34;
    .thread T_34;
    .scope S_000002cde7996090;
T_35 ;
    %wait E_000002cde7af7620;
    %load/vec4 v000002cde7d892b0_0;
    %nor/r;
    %flag_set/vec4 8;
    %jmp/0xz  T_35.0, 8;
    %pushi/vec4 0, 0, 56;
    %assign/vec4 v000002cde7be7da0_0, 0;
    %jmp T_35.1;
T_35.0 ;
    %load/vec4 v000002cde7be7da0_0;
    %parti/s 48, 0, 2;
    %load/vec4 v000002cde7d86e70_0;
    %parti/s 8, 56, 7;
    %concat/vec4; draw_concat_vec4
    %assign/vec4 v000002cde7be7da0_0, 0;
T_35.1 ;
    %jmp T_35;
    .thread T_35;
    .scope S_000002cde79966d0;
T_36 ;
    %wait E_000002cde7af7620;
    %load/vec4 v000002cde7d892b0_0;
    %nor/r;
    %flag_set/vec4 8;
    %jmp/0xz  T_36.0, 8;
    %pushi/vec4 0, 0, 64;
    %assign/vec4 v000002cde7be9240_0, 0;
    %jmp T_36.1;
T_36.0 ;
    %load/vec4 v000002cde7be9240_0;
    %parti/s 56, 0, 2;
    %load/vec4 v000002cde7d86e70_0;
    %parti/s 8, 64, 8;
    %concat/vec4; draw_concat_vec4
    %assign/vec4 v000002cde7be9240_0, 0;
T_36.1 ;
    %jmp T_36;
    .thread T_36;
    .scope S_000002cde7997990;
T_37 ;
    %wait E_000002cde7af7620;
    %load/vec4 v000002cde7d892b0_0;
    %nor/r;
    %flag_set/vec4 8;
    %jmp/0xz  T_37.0, 8;
    %pushi/vec4 0, 0, 72;
    %assign/vec4 v000002cde7be9880_0, 0;
    %jmp T_37.1;
T_37.0 ;
    %load/vec4 v000002cde7be9880_0;
    %parti/s 64, 0, 2;
    %load/vec4 v000002cde7d86e70_0;
    %parti/s 8, 72, 8;
    %concat/vec4; draw_concat_vec4
    %assign/vec4 v000002cde7be9880_0, 0;
T_37.1 ;
    %jmp T_37;
    .thread T_37;
    .scope S_000002cde7996b80;
T_38 ;
    %wait E_000002cde7af7620;
    %load/vec4 v000002cde7d892b0_0;
    %nor/r;
    %flag_set/vec4 8;
    %jmp/0xz  T_38.0, 8;
    %pushi/vec4 0, 0, 80;
    %assign/vec4 v000002cde7be8de0_0, 0;
    %jmp T_38.1;
T_38.0 ;
    %load/vec4 v000002cde7be8de0_0;
    %parti/s 72, 0, 2;
    %load/vec4 v000002cde7d86e70_0;
    %parti/s 8, 80, 8;
    %concat/vec4; draw_concat_vec4
    %assign/vec4 v000002cde7be8de0_0, 0;
T_38.1 ;
    %jmp T_38;
    .thread T_38;
    .scope S_000002cde7997670;
T_39 ;
    %wait E_000002cde7af7620;
    %load/vec4 v000002cde7d892b0_0;
    %nor/r;
    %flag_set/vec4 8;
    %jmp/0xz  T_39.0, 8;
    %pushi/vec4 0, 0, 88;
    %assign/vec4 v000002cde7be9920_0, 0;
    %jmp T_39.1;
T_39.0 ;
    %load/vec4 v000002cde7be9920_0;
    %parti/s 80, 0, 2;
    %load/vec4 v000002cde7d86e70_0;
    %parti/s 8, 88, 8;
    %concat/vec4; draw_concat_vec4
    %assign/vec4 v000002cde7be9920_0, 0;
T_39.1 ;
    %jmp T_39;
    .thread T_39;
    .scope S_000002cde7c71b00;
T_40 ;
    %wait E_000002cde7af7620;
    %load/vec4 v000002cde7d892b0_0;
    %nor/r;
    %flag_set/vec4 8;
    %jmp/0xz  T_40.0, 8;
    %pushi/vec4 0, 0, 480;
    %assign/vec4 v000002cde7be87a0_0, 0;
    %jmp T_40.1;
T_40.0 ;
    %load/vec4 v000002cde7be87a0_0;
    %parti/s 448, 0, 2;
    %load/vec4 v000002cde7d87ff0_0;
    %parti/s 32, 0, 2;
    %concat/vec4; draw_concat_vec4
    %assign/vec4 v000002cde7be87a0_0, 0;
T_40.1 ;
    %jmp T_40;
    .thread T_40;
    .scope S_000002cde7c70e80;
T_41 ;
    %wait E_000002cde7af7620;
    %load/vec4 v000002cde7d892b0_0;
    %nor/r;
    %flag_set/vec4 8;
    %jmp/0xz  T_41.0, 8;
    %pushi/vec4 0, 0, 448;
    %assign/vec4 v000002cde7be8160_0, 0;
    %jmp T_41.1;
T_41.0 ;
    %load/vec4 v000002cde7be8160_0;
    %parti/s 416, 0, 2;
    %load/vec4 v000002cde7d87ff0_0;
    %parti/s 32, 32, 7;
    %concat/vec4; draw_concat_vec4
    %assign/vec4 v000002cde7be8160_0, 0;
T_41.1 ;
    %jmp T_41;
    .thread T_41;
    .scope S_000002cde7c70cf0;
T_42 ;
    %wait E_000002cde7af7620;
    %load/vec4 v000002cde7d892b0_0;
    %nor/r;
    %flag_set/vec4 8;
    %jmp/0xz  T_42.0, 8;
    %pushi/vec4 0, 0, 416;
    %assign/vec4 v000002cde7be82a0_0, 0;
    %jmp T_42.1;
T_42.0 ;
    %load/vec4 v000002cde7be82a0_0;
    %parti/s 384, 0, 2;
    %load/vec4 v000002cde7d87ff0_0;
    %parti/s 32, 64, 8;
    %concat/vec4; draw_concat_vec4
    %assign/vec4 v000002cde7be82a0_0, 0;
T_42.1 ;
    %jmp T_42;
    .thread T_42;
    .scope S_000002cde7c71010;
T_43 ;
    %wait E_000002cde7af7620;
    %load/vec4 v000002cde7d892b0_0;
    %nor/r;
    %flag_set/vec4 8;
    %jmp/0xz  T_43.0, 8;
    %pushi/vec4 0, 0, 384;
    %assign/vec4 v000002cde7be9420_0, 0;
    %jmp T_43.1;
T_43.0 ;
    %load/vec4 v000002cde7be9420_0;
    %parti/s 352, 0, 2;
    %load/vec4 v000002cde7d87ff0_0;
    %parti/s 32, 96, 8;
    %concat/vec4; draw_concat_vec4
    %assign/vec4 v000002cde7be9420_0, 0;
T_43.1 ;
    %jmp T_43;
    .thread T_43;
    .scope S_000002cde7c711a0;
T_44 ;
    %wait E_000002cde7af7620;
    %load/vec4 v000002cde7d892b0_0;
    %nor/r;
    %flag_set/vec4 8;
    %jmp/0xz  T_44.0, 8;
    %pushi/vec4 0, 0, 352;
    %assign/vec4 v000002cde7be8840_0, 0;
    %jmp T_44.1;
T_44.0 ;
    %load/vec4 v000002cde7be8840_0;
    %parti/s 320, 0, 2;
    %load/vec4 v000002cde7d87ff0_0;
    %parti/s 32, 128, 9;
    %concat/vec4; draw_concat_vec4
    %assign/vec4 v000002cde7be8840_0, 0;
T_44.1 ;
    %jmp T_44;
    .thread T_44;
    .scope S_000002cde7c71650;
T_45 ;
    %wait E_000002cde7af7620;
    %load/vec4 v000002cde7d892b0_0;
    %nor/r;
    %flag_set/vec4 8;
    %jmp/0xz  T_45.0, 8;
    %pushi/vec4 0, 0, 320;
    %assign/vec4 v000002cde7be94c0_0, 0;
    %jmp T_45.1;
T_45.0 ;
    %load/vec4 v000002cde7be94c0_0;
    %parti/s 288, 0, 2;
    %load/vec4 v000002cde7d87ff0_0;
    %parti/s 32, 160, 9;
    %concat/vec4; draw_concat_vec4
    %assign/vec4 v000002cde7be94c0_0, 0;
T_45.1 ;
    %jmp T_45;
    .thread T_45;
    .scope S_000002cde7c70840;
T_46 ;
    %wait E_000002cde7af7620;
    %load/vec4 v000002cde7d892b0_0;
    %nor/r;
    %flag_set/vec4 8;
    %jmp/0xz  T_46.0, 8;
    %pushi/vec4 0, 0, 288;
    %assign/vec4 v000002cde7bea140_0, 0;
    %jmp T_46.1;
T_46.0 ;
    %load/vec4 v000002cde7bea140_0;
    %parti/s 256, 0, 2;
    %load/vec4 v000002cde7d87ff0_0;
    %parti/s 32, 192, 9;
    %concat/vec4; draw_concat_vec4
    %assign/vec4 v000002cde7bea140_0, 0;
T_46.1 ;
    %jmp T_46;
    .thread T_46;
    .scope S_000002cde7c71970;
T_47 ;
    %wait E_000002cde7af7620;
    %load/vec4 v000002cde7d892b0_0;
    %nor/r;
    %flag_set/vec4 8;
    %jmp/0xz  T_47.0, 8;
    %pushi/vec4 0, 0, 256;
    %assign/vec4 v000002cde7bea1e0_0, 0;
    %jmp T_47.1;
T_47.0 ;
    %load/vec4 v000002cde7bea1e0_0;
    %parti/s 224, 0, 2;
    %load/vec4 v000002cde7d87ff0_0;
    %parti/s 32, 224, 9;
    %concat/vec4; draw_concat_vec4
    %assign/vec4 v000002cde7bea1e0_0, 0;
T_47.1 ;
    %jmp T_47;
    .thread T_47;
    .scope S_000002cde7c70200;
T_48 ;
    %wait E_000002cde7af7620;
    %load/vec4 v000002cde7d892b0_0;
    %nor/r;
    %flag_set/vec4 8;
    %jmp/0xz  T_48.0, 8;
    %pushi/vec4 0, 0, 224;
    %assign/vec4 v000002cde7be9ec0_0, 0;
    %jmp T_48.1;
T_48.0 ;
    %load/vec4 v000002cde7be9ec0_0;
    %parti/s 192, 0, 2;
    %load/vec4 v000002cde7d87ff0_0;
    %parti/s 32, 256, 10;
    %concat/vec4; draw_concat_vec4
    %assign/vec4 v000002cde7be9ec0_0, 0;
T_48.1 ;
    %jmp T_48;
    .thread T_48;
    .scope S_000002cde7c706b0;
T_49 ;
    %wait E_000002cde7af7620;
    %load/vec4 v000002cde7d892b0_0;
    %nor/r;
    %flag_set/vec4 8;
    %jmp/0xz  T_49.0, 8;
    %pushi/vec4 0, 0, 192;
    %assign/vec4 v000002cde7be9c40_0, 0;
    %jmp T_49.1;
T_49.0 ;
    %load/vec4 v000002cde7be9c40_0;
    %parti/s 160, 0, 2;
    %load/vec4 v000002cde7d87ff0_0;
    %parti/s 32, 288, 10;
    %concat/vec4; draw_concat_vec4
    %assign/vec4 v000002cde7be9c40_0, 0;
T_49.1 ;
    %jmp T_49;
    .thread T_49;
    .scope S_000002cde7c72e90;
T_50 ;
    %wait E_000002cde7af7620;
    %load/vec4 v000002cde7d892b0_0;
    %nor/r;
    %flag_set/vec4 8;
    %jmp/0xz  T_50.0, 8;
    %pushi/vec4 0, 0, 160;
    %assign/vec4 v000002cde7be9d80_0, 0;
    %jmp T_50.1;
T_50.0 ;
    %load/vec4 v000002cde7be9d80_0;
    %parti/s 128, 0, 2;
    %load/vec4 v000002cde7d87ff0_0;
    %parti/s 32, 320, 10;
    %concat/vec4; draw_concat_vec4
    %assign/vec4 v000002cde7be9d80_0, 0;
T_50.1 ;
    %jmp T_50;
    .thread T_50;
    .scope S_000002cde7c726c0;
T_51 ;
    %wait E_000002cde7af7620;
    %load/vec4 v000002cde7d892b0_0;
    %nor/r;
    %flag_set/vec4 8;
    %jmp/0xz  T_51.0, 8;
    %pushi/vec4 0, 0, 128;
    %assign/vec4 v000002cde7bea000_0, 0;
    %jmp T_51.1;
T_51.0 ;
    %load/vec4 v000002cde7bea000_0;
    %parti/s 96, 0, 2;
    %load/vec4 v000002cde7d87ff0_0;
    %parti/s 32, 352, 10;
    %concat/vec4; draw_concat_vec4
    %assign/vec4 v000002cde7bea000_0, 0;
T_51.1 ;
    %jmp T_51;
    .thread T_51;
    .scope S_000002cde7c73b10;
T_52 ;
    %wait E_000002cde7af7620;
    %load/vec4 v000002cde7d892b0_0;
    %nor/r;
    %flag_set/vec4 8;
    %jmp/0xz  T_52.0, 8;
    %pushi/vec4 0, 0, 96;
    %assign/vec4 v000002cde7be2440_0, 0;
    %jmp T_52.1;
T_52.0 ;
    %load/vec4 v000002cde7be2440_0;
    %parti/s 64, 0, 2;
    %load/vec4 v000002cde7d87ff0_0;
    %parti/s 32, 384, 10;
    %concat/vec4; draw_concat_vec4
    %assign/vec4 v000002cde7be2440_0, 0;
T_52.1 ;
    %jmp T_52;
    .thread T_52;
    .scope S_000002cde7c73340;
T_53 ;
    %wait E_000002cde7af7620;
    %load/vec4 v000002cde7d892b0_0;
    %nor/r;
    %flag_set/vec4 8;
    %jmp/0xz  T_53.0, 8;
    %pushi/vec4 0, 0, 64;
    %assign/vec4 v000002cde7be3340_0, 0;
    %jmp T_53.1;
T_53.0 ;
    %load/vec4 v000002cde7be3340_0;
    %parti/s 32, 0, 2;
    %load/vec4 v000002cde7d87ff0_0;
    %parti/s 32, 416, 10;
    %concat/vec4; draw_concat_vec4
    %assign/vec4 v000002cde7be3340_0, 0;
T_53.1 ;
    %jmp T_53;
    .thread T_53;
    .scope S_000002cde7c73660;
T_54 ;
    %wait E_000002cde7af7620;
    %load/vec4 v000002cde7d892b0_0;
    %nor/r;
    %flag_set/vec4 8;
    %jmp/0xz  T_54.0, 8;
    %pushi/vec4 0, 0, 32;
    %assign/vec4 v000002cde7be2c60_0, 0;
    %jmp T_54.1;
T_54.0 ;
    %load/vec4 v000002cde7d87ff0_0;
    %parti/s 32, 448, 10;
    %assign/vec4 v000002cde7be2c60_0, 0;
T_54.1 ;
    %jmp T_54;
    .thread T_54;
    .scope S_000002cde7d7b3c0;
T_55 ;
    %wait E_000002cde7af7620;
    %load/vec4 v000002cde7d872d0_0;
    %nor/r;
    %flag_set/vec4 8;
    %jmp/0xz  T_55.0, 8;
    %pushi/vec4 0, 0, 3;
    %assign/vec4 v000002cde7d87f50_0, 0;
    %jmp T_55.1;
T_55.0 ;
    %load/vec4 v000002cde7d87af0_0;
    %assign/vec4 v000002cde7d87f50_0, 0;
T_55.1 ;
    %jmp T_55;
    .thread T_55;
    .scope S_000002cde7d7b3c0;
T_56 ;
    %wait E_000002cde7af8460;
    %load/vec4 v000002cde7d87f50_0;
    %store/vec4 v000002cde7d87af0_0, 0, 3;
    %load/vec4 v000002cde7d87f50_0;
    %dup/vec4;
    %pushi/vec4 0, 0, 3;
    %cmp/u;
    %jmp/1 T_56.0, 6;
    %dup/vec4;
    %pushi/vec4 1, 0, 3;
    %cmp/u;
    %jmp/1 T_56.1, 6;
    %dup/vec4;
    %pushi/vec4 2, 0, 3;
    %cmp/u;
    %jmp/1 T_56.2, 6;
    %dup/vec4;
    %pushi/vec4 3, 0, 3;
    %cmp/u;
    %jmp/1 T_56.3, 6;
    %dup/vec4;
    %pushi/vec4 4, 0, 3;
    %cmp/u;
    %jmp/1 T_56.4, 6;
    %pushi/vec4 0, 0, 3;
    %store/vec4 v000002cde7d87af0_0, 0, 3;
    %jmp T_56.6;
T_56.0 ;
    %load/vec4 v000002cde7d87690_0;
    %flag_set/vec4 8;
    %jmp/0xz  T_56.7, 8;
    %pushi/vec4 1, 0, 3;
    %store/vec4 v000002cde7d87af0_0, 0, 3;
T_56.7 ;
    %jmp T_56.6;
T_56.1 ;
    %load/vec4 v000002cde7d87870_0;
    %cmpi/u 38, 0, 32;
    %flag_inv 5; GE is !LT
    %jmp/0xz  T_56.9, 5;
    %pushi/vec4 2, 0, 3;
    %store/vec4 v000002cde7d87af0_0, 0, 3;
T_56.9 ;
    %jmp T_56.6;
T_56.2 ;
    %load/vec4 v000002cde7d877d0_0;
    %subi 1, 0, 32;
    %load/vec4 v000002cde7d87a50_0;
    %cmp/u;
    %flag_or 5, 4;
    %jmp/0xz  T_56.11, 5;
    %pushi/vec4 3, 0, 3;
    %store/vec4 v000002cde7d87af0_0, 0, 3;
T_56.11 ;
    %jmp T_56.6;
T_56.3 ;
    %load/vec4 v000002cde7d88770_0;
    %pad/u 33;
    %cmpi/u 27, 0, 33;
    %flag_inv 5; GE is !LT
    %jmp/0xz  T_56.13, 5;
    %pushi/vec4 4, 0, 3;
    %store/vec4 v000002cde7d87af0_0, 0, 3;
T_56.13 ;
    %jmp T_56.6;
T_56.4 ;
    %pushi/vec4 0, 0, 3;
    %store/vec4 v000002cde7d87af0_0, 0, 3;
    %jmp T_56.6;
T_56.6 ;
    %pop/vec4 1;
    %jmp T_56;
    .thread T_56, $push;
    .scope S_000002cde7d7b3c0;
T_57 ;
    %wait E_000002cde7af7620;
    %load/vec4 v000002cde7d872d0_0;
    %nor/r;
    %flag_set/vec4 8;
    %jmp/0xz  T_57.0, 8;
    %pushi/vec4 0, 0, 1;
    %assign/vec4 v000002cde7d86bf0_0, 0;
    %pushi/vec4 0, 0, 1;
    %assign/vec4 v000002cde7d883b0_0, 0;
    %pushi/vec4 0, 0, 1;
    %assign/vec4 v000002cde7d87910_0, 0;
    %pushi/vec4 0, 0, 1;
    %assign/vec4 v000002cde7d88bd0_0, 0;
    %pushi/vec4 0, 0, 1;
    %assign/vec4 v000002cde7d88b30_0, 0;
    %pushi/vec4 1, 0, 1;
    %assign/vec4 v000002cde7d88d10_0, 0;
    %pushi/vec4 0, 0, 32;
    %assign/vec4 v000002cde7d87870_0, 0;
    %pushi/vec4 0, 0, 32;
    %assign/vec4 v000002cde7d87a50_0, 0;
    %pushi/vec4 0, 0, 32;
    %assign/vec4 v000002cde7d88770_0, 0;
    %jmp T_57.1;
T_57.0 ;
    %pushi/vec4 0, 0, 1;
    %assign/vec4 v000002cde7d86bf0_0, 0;
    %pushi/vec4 0, 0, 1;
    %assign/vec4 v000002cde7d883b0_0, 0;
    %pushi/vec4 0, 0, 1;
    %assign/vec4 v000002cde7d87910_0, 0;
    %pushi/vec4 0, 0, 1;
    %assign/vec4 v000002cde7d88bd0_0, 0;
    %pushi/vec4 0, 0, 1;
    %assign/vec4 v000002cde7d88b30_0, 0;
    %pushi/vec4 0, 0, 1;
    %assign/vec4 v000002cde7d88d10_0, 0;
    %load/vec4 v000002cde7d87f50_0;
    %dup/vec4;
    %pushi/vec4 0, 0, 3;
    %cmp/u;
    %jmp/1 T_57.2, 6;
    %dup/vec4;
    %pushi/vec4 1, 0, 3;
    %cmp/u;
    %jmp/1 T_57.3, 6;
    %dup/vec4;
    %pushi/vec4 2, 0, 3;
    %cmp/u;
    %jmp/1 T_57.4, 6;
    %dup/vec4;
    %pushi/vec4 3, 0, 3;
    %cmp/u;
    %jmp/1 T_57.5, 6;
    %dup/vec4;
    %pushi/vec4 4, 0, 3;
    %cmp/u;
    %jmp/1 T_57.6, 6;
    %jmp T_57.7;
T_57.2 ;
    %pushi/vec4 1, 0, 1;
    %assign/vec4 v000002cde7d88d10_0, 0;
    %pushi/vec4 0, 0, 32;
    %assign/vec4 v000002cde7d87870_0, 0;
    %pushi/vec4 0, 0, 32;
    %assign/vec4 v000002cde7d87a50_0, 0;
    %pushi/vec4 0, 0, 32;
    %assign/vec4 v000002cde7d88770_0, 0;
    %jmp T_57.7;
T_57.3 ;
    %load/vec4 v000002cde7d87870_0;
    %cmpi/u 27, 0, 32;
    %jmp/0xz  T_57.8, 5;
    %pushi/vec4 1, 0, 1;
    %assign/vec4 v000002cde7d86bf0_0, 0;
    %load/vec4 v000002cde7d87870_0;
    %addi 1, 0, 32;
    %assign/vec4 v000002cde7d87870_0, 0;
    %jmp T_57.9;
T_57.8 ;
    %pushi/vec4 1, 0, 1;
    %assign/vec4 v000002cde7d883b0_0, 0;
    %load/vec4 v000002cde7d879b0_0;
    %flag_set/vec4 8;
    %jmp/0xz  T_57.10, 8;
    %load/vec4 v000002cde7d87870_0;
    %addi 1, 0, 32;
    %assign/vec4 v000002cde7d87870_0, 0;
T_57.10 ;
T_57.9 ;
    %jmp T_57.7;
T_57.4 ;
    %pushi/vec4 1, 0, 1;
    %assign/vec4 v000002cde7d87910_0, 0;
    %load/vec4 v000002cde7d87e10_0;
    %flag_set/vec4 8;
    %jmp/0xz  T_57.12, 8;
    %load/vec4 v000002cde7d87a50_0;
    %addi 1, 0, 32;
    %assign/vec4 v000002cde7d87a50_0, 0;
T_57.12 ;
    %jmp T_57.7;
T_57.5 ;
    %pushi/vec4 1, 0, 1;
    %assign/vec4 v000002cde7d88bd0_0, 0;
    %load/vec4 v000002cde7d88770_0;
    %addi 1, 0, 32;
    %assign/vec4 v000002cde7d88770_0, 0;
    %jmp T_57.7;
T_57.6 ;
    %pushi/vec4 1, 0, 1;
    %assign/vec4 v000002cde7d88b30_0, 0;
    %jmp T_57.7;
T_57.7 ;
    %pop/vec4 1;
T_57.1 ;
    %jmp T_57;
    .thread T_57;
    .scope S_000002cde7c86d30;
T_58 ;
    %wait E_000002cde7af7620;
    %load/vec4 v000002cde7a40230_0;
    %nor/r;
    %flag_set/vec4 8;
    %jmp/0xz  T_58.0, 8;
    %pushi/vec4 0, 0, 8;
    %assign/vec4 v000002cde7a3ee30_0, 0;
    %pushi/vec4 0, 0, 8;
    %assign/vec4 v000002cde7a3e070_0, 0;
    %pushi/vec4 0, 0, 32;
    %assign/vec4 v000002cde7a3e890_0, 0;
    %jmp T_58.1;
T_58.0 ;
    %load/vec4 v000002cde7a3f8d0_0;
    %flag_set/vec4 8;
    %jmp/0xz  T_58.2, 8;
    %load/vec4 v000002cde7a3ecf0_0;
    %assign/vec4 v000002cde7a3ee30_0, 0;
T_58.2 ;
    %load/vec4 v000002cde79ce950_0;
    %flag_set/vec4 8;
    %jmp/0xz  T_58.4, 8;
    %load/vec4 v000002cde79ceb30_0;
    %assign/vec4 v000002cde7a3e070_0, 0;
    %load/vec4 v000002cde79cf2b0_0;
    %load/vec4 v000002cde79ceb30_0;
    %pad/s 32;
    %load/vec4 v000002cde7a3ee30_0;
    %pad/s 32;
    %mul;
    %add;
    %assign/vec4 v000002cde7a3e890_0, 0;
T_58.4 ;
T_58.1 ;
    %jmp T_58;
    .thread T_58;
    .scope S_000002cde7c87e60;
T_59 ;
    %wait E_000002cde7af7620;
    %load/vec4 v000002cde7a3f790_0;
    %nor/r;
    %flag_set/vec4 8;
    %jmp/0xz  T_59.0, 8;
    %pushi/vec4 0, 0, 8;
    %assign/vec4 v000002cde7a3f6f0_0, 0;
    %pushi/vec4 0, 0, 8;
    %assign/vec4 v000002cde7a3f5b0_0, 0;
    %pushi/vec4 0, 0, 32;
    %assign/vec4 v000002cde7a3f970_0, 0;
    %jmp T_59.1;
T_59.0 ;
    %load/vec4 v000002cde7a3f470_0;
    %flag_set/vec4 8;
    %jmp/0xz  T_59.2, 8;
    %load/vec4 v000002cde7a3e750_0;
    %assign/vec4 v000002cde7a3f6f0_0, 0;
T_59.2 ;
    %load/vec4 v000002cde7a3e6b0_0;
    %flag_set/vec4 8;
    %jmp/0xz  T_59.4, 8;
    %load/vec4 v000002cde7a3f650_0;
    %assign/vec4 v000002cde7a3f5b0_0, 0;
    %load/vec4 v000002cde7a3f010_0;
    %load/vec4 v000002cde7a3f650_0;
    %pad/s 32;
    %load/vec4 v000002cde7a3f6f0_0;
    %pad/s 32;
    %mul;
    %add;
    %assign/vec4 v000002cde7a3f970_0, 0;
T_59.4 ;
T_59.1 ;
    %jmp T_59;
    .thread T_59;
    .scope S_000002cde7c87cd0;
T_60 ;
    %wait E_000002cde7af7620;
    %load/vec4 v000002cde7a41bd0_0;
    %nor/r;
    %flag_set/vec4 8;
    %jmp/0xz  T_60.0, 8;
    %pushi/vec4 0, 0, 8;
    %assign/vec4 v000002cde7a41a90_0, 0;
    %pushi/vec4 0, 0, 8;
    %assign/vec4 v000002cde7a40e10_0, 0;
    %pushi/vec4 0, 0, 32;
    %assign/vec4 v000002cde7a41950_0, 0;
    %jmp T_60.1;
T_60.0 ;
    %load/vec4 v000002cde7a413b0_0;
    %flag_set/vec4 8;
    %jmp/0xz  T_60.2, 8;
    %load/vec4 v000002cde7a41310_0;
    %assign/vec4 v000002cde7a41a90_0, 0;
T_60.2 ;
    %load/vec4 v000002cde7a409b0_0;
    %flag_set/vec4 8;
    %jmp/0xz  T_60.4, 8;
    %load/vec4 v000002cde7a41770_0;
    %assign/vec4 v000002cde7a40e10_0, 0;
    %load/vec4 v000002cde7a41810_0;
    %load/vec4 v000002cde7a41770_0;
    %pad/s 32;
    %load/vec4 v000002cde7a41a90_0;
    %pad/s 32;
    %mul;
    %add;
    %assign/vec4 v000002cde7a41950_0, 0;
T_60.4 ;
T_60.1 ;
    %jmp T_60;
    .thread T_60;
    .scope S_000002cde7c8aa30;
T_61 ;
    %wait E_000002cde7af7620;
    %load/vec4 v000002cde7a6eb90_0;
    %nor/r;
    %flag_set/vec4 8;
    %jmp/0xz  T_61.0, 8;
    %pushi/vec4 0, 0, 8;
    %assign/vec4 v000002cde7a6f9f0_0, 0;
    %pushi/vec4 0, 0, 8;
    %assign/vec4 v000002cde7a6f4f0_0, 0;
    %pushi/vec4 0, 0, 32;
    %assign/vec4 v000002cde7a6f950_0, 0;
    %jmp T_61.1;
T_61.0 ;
    %load/vec4 v000002cde7a6f270_0;
    %flag_set/vec4 8;
    %jmp/0xz  T_61.2, 8;
    %load/vec4 v000002cde7a6e910_0;
    %assign/vec4 v000002cde7a6f9f0_0, 0;
T_61.2 ;
    %load/vec4 v000002cde7a6f450_0;
    %flag_set/vec4 8;
    %jmp/0xz  T_61.4, 8;
    %load/vec4 v000002cde7a6f1d0_0;
    %assign/vec4 v000002cde7a6f4f0_0, 0;
    %load/vec4 v000002cde7a6f770_0;
    %load/vec4 v000002cde7a6f1d0_0;
    %pad/s 32;
    %load/vec4 v000002cde7a6f9f0_0;
    %pad/s 32;
    %mul;
    %add;
    %assign/vec4 v000002cde7a6f950_0, 0;
T_61.4 ;
T_61.1 ;
    %jmp T_61;
    .thread T_61;
    .scope S_000002cde7c8aee0;
T_62 ;
    %wait E_000002cde7af7620;
    %load/vec4 v000002cde7a6ce30_0;
    %nor/r;
    %flag_set/vec4 8;
    %jmp/0xz  T_62.0, 8;
    %pushi/vec4 0, 0, 8;
    %assign/vec4 v000002cde7a6e5f0_0, 0;
    %pushi/vec4 0, 0, 8;
    %assign/vec4 v000002cde7a6cd90_0, 0;
    %pushi/vec4 0, 0, 32;
    %assign/vec4 v000002cde7a6dc90_0, 0;
    %jmp T_62.1;
T_62.0 ;
    %load/vec4 v000002cde7a6cb10_0;
    %flag_set/vec4 8;
    %jmp/0xz  T_62.2, 8;
    %load/vec4 v000002cde7a6ccf0_0;
    %assign/vec4 v000002cde7a6e5f0_0, 0;
T_62.2 ;
    %load/vec4 v000002cde7a6d5b0_0;
    %flag_set/vec4 8;
    %jmp/0xz  T_62.4, 8;
    %load/vec4 v000002cde7a6dbf0_0;
    %assign/vec4 v000002cde7a6cd90_0, 0;
    %load/vec4 v000002cde7a6e370_0;
    %load/vec4 v000002cde7a6dbf0_0;
    %pad/s 32;
    %load/vec4 v000002cde7a6e5f0_0;
    %pad/s 32;
    %mul;
    %add;
    %assign/vec4 v000002cde7a6dc90_0, 0;
T_62.4 ;
T_62.1 ;
    %jmp T_62;
    .thread T_62;
    .scope S_000002cde7c8b390;
T_63 ;
    %wait E_000002cde7af7620;
    %load/vec4 v000002cde7a9b7b0_0;
    %nor/r;
    %flag_set/vec4 8;
    %jmp/0xz  T_63.0, 8;
    %pushi/vec4 0, 0, 8;
    %assign/vec4 v000002cde7a6c110_0, 0;
    %pushi/vec4 0, 0, 8;
    %assign/vec4 v000002cde7a6c890_0, 0;
    %pushi/vec4 0, 0, 32;
    %assign/vec4 v000002cde7a6c070_0, 0;
    %jmp T_63.1;
T_63.0 ;
    %load/vec4 v000002cde7a6dfb0_0;
    %flag_set/vec4 8;
    %jmp/0xz  T_63.2, 8;
    %load/vec4 v000002cde7a6de70_0;
    %assign/vec4 v000002cde7a6c110_0, 0;
T_63.2 ;
    %load/vec4 v000002cde7a6ddd0_0;
    %flag_set/vec4 8;
    %jmp/0xz  T_63.4, 8;
    %load/vec4 v000002cde7a6c7f0_0;
    %assign/vec4 v000002cde7a6c890_0, 0;
    %load/vec4 v000002cde7a6e730_0;
    %load/vec4 v000002cde7a6c7f0_0;
    %pad/s 32;
    %load/vec4 v000002cde7a6c110_0;
    %pad/s 32;
    %mul;
    %add;
    %assign/vec4 v000002cde7a6c070_0, 0;
T_63.4 ;
T_63.1 ;
    %jmp T_63;
    .thread T_63;
    .scope S_000002cde7c8be80;
T_64 ;
    %wait E_000002cde7af7620;
    %load/vec4 v000002cde7a983d0_0;
    %nor/r;
    %flag_set/vec4 8;
    %jmp/0xz  T_64.0, 8;
    %pushi/vec4 0, 0, 8;
    %assign/vec4 v000002cde7a99230_0, 0;
    %pushi/vec4 0, 0, 8;
    %assign/vec4 v000002cde7a9b3f0_0, 0;
    %pushi/vec4 0, 0, 32;
    %assign/vec4 v000002cde7a9b490_0, 0;
    %jmp T_64.1;
T_64.0 ;
    %load/vec4 v000002cde7a9a950_0;
    %flag_set/vec4 8;
    %jmp/0xz  T_64.2, 8;
    %load/vec4 v000002cde7a9a8b0_0;
    %assign/vec4 v000002cde7a99230_0, 0;
T_64.2 ;
    %load/vec4 v000002cde7a9bcb0_0;
    %flag_set/vec4 8;
    %jmp/0xz  T_64.4, 8;
    %load/vec4 v000002cde7a9bf30_0;
    %assign/vec4 v000002cde7a9b3f0_0, 0;
    %load/vec4 v000002cde7a9ae50_0;
    %load/vec4 v000002cde7a9bf30_0;
    %pad/s 32;
    %load/vec4 v000002cde7a99230_0;
    %pad/s 32;
    %mul;
    %add;
    %assign/vec4 v000002cde7a9b490_0, 0;
T_64.4 ;
T_64.1 ;
    %jmp T_64;
    .thread T_64;
    .scope S_000002cde7c8a260;
T_65 ;
    %wait E_000002cde7af7620;
    %load/vec4 v000002cde7a99050_0;
    %nor/r;
    %flag_set/vec4 8;
    %jmp/0xz  T_65.0, 8;
    %pushi/vec4 0, 0, 8;
    %assign/vec4 v000002cde7a992d0_0, 0;
    %pushi/vec4 0, 0, 8;
    %assign/vec4 v000002cde7a98bf0_0, 0;
    %pushi/vec4 0, 0, 32;
    %assign/vec4 v000002cde7a98f10_0, 0;
    %jmp T_65.1;
T_65.0 ;
    %load/vec4 v000002cde7a988d0_0;
    %flag_set/vec4 8;
    %jmp/0xz  T_65.2, 8;
    %load/vec4 v000002cde7a98510_0;
    %assign/vec4 v000002cde7a992d0_0, 0;
T_65.2 ;
    %load/vec4 v000002cde7a9a6d0_0;
    %flag_set/vec4 8;
    %jmp/0xz  T_65.4, 8;
    %load/vec4 v000002cde7a98a10_0;
    %assign/vec4 v000002cde7a98bf0_0, 0;
    %load/vec4 v000002cde7a99a50_0;
    %load/vec4 v000002cde7a98a10_0;
    %pad/s 32;
    %load/vec4 v000002cde7a992d0_0;
    %pad/s 32;
    %mul;
    %add;
    %assign/vec4 v000002cde7a98f10_0, 0;
T_65.4 ;
T_65.1 ;
    %jmp T_65;
    .thread T_65;
    .scope S_000002cde7c8ca40;
T_66 ;
    %wait E_000002cde7af7620;
    %load/vec4 v000002cde7905140_0;
    %nor/r;
    %flag_set/vec4 8;
    %jmp/0xz  T_66.0, 8;
    %pushi/vec4 0, 0, 8;
    %assign/vec4 v000002cde7904c40_0, 0;
    %pushi/vec4 0, 0, 8;
    %assign/vec4 v000002cde79042e0_0, 0;
    %pushi/vec4 0, 0, 32;
    %assign/vec4 v000002cde7904600_0, 0;
    %jmp T_66.1;
T_66.0 ;
    %load/vec4 v000002cde7905320_0;
    %flag_set/vec4 8;
    %jmp/0xz  T_66.2, 8;
    %load/vec4 v000002cde79058c0_0;
    %assign/vec4 v000002cde7904c40_0, 0;
T_66.2 ;
    %load/vec4 v000002cde7a99d70_0;
    %flag_set/vec4 8;
    %jmp/0xz  T_66.4, 8;
    %load/vec4 v000002cde7a99e10_0;
    %assign/vec4 v000002cde79042e0_0, 0;
    %load/vec4 v000002cde7a99f50_0;
    %load/vec4 v000002cde7a99e10_0;
    %pad/s 32;
    %load/vec4 v000002cde7904c40_0;
    %pad/s 32;
    %mul;
    %add;
    %assign/vec4 v000002cde7904600_0, 0;
T_66.4 ;
T_66.1 ;
    %jmp T_66;
    .thread T_66;
    .scope S_000002cde7c8c720;
T_67 ;
    %wait E_000002cde7af7620;
    %load/vec4 v000002cde7904f60_0;
    %nor/r;
    %flag_set/vec4 8;
    %jmp/0xz  T_67.0, 8;
    %pushi/vec4 0, 0, 8;
    %assign/vec4 v000002cde7906040_0, 0;
    %pushi/vec4 0, 0, 8;
    %assign/vec4 v000002cde7905aa0_0, 0;
    %pushi/vec4 0, 0, 32;
    %assign/vec4 v000002cde7904ce0_0, 0;
    %jmp T_67.1;
T_67.0 ;
    %load/vec4 v000002cde7905640_0;
    %flag_set/vec4 8;
    %jmp/0xz  T_67.2, 8;
    %load/vec4 v000002cde7904880_0;
    %assign/vec4 v000002cde7906040_0, 0;
T_67.2 ;
    %load/vec4 v000002cde7905e60_0;
    %flag_set/vec4 8;
    %jmp/0xz  T_67.4, 8;
    %load/vec4 v000002cde7904920_0;
    %assign/vec4 v000002cde7905aa0_0, 0;
    %load/vec4 v000002cde7904b00_0;
    %load/vec4 v000002cde7904920_0;
    %pad/s 32;
    %load/vec4 v000002cde7906040_0;
    %pad/s 32;
    %mul;
    %add;
    %assign/vec4 v000002cde7904ce0_0, 0;
T_67.4 ;
T_67.1 ;
    %jmp T_67;
    .thread T_67;
    .scope S_000002cde7c8c0e0;
T_68 ;
    %wait E_000002cde7af7620;
    %load/vec4 v000002cde78efc30_0;
    %nor/r;
    %flag_set/vec4 8;
    %jmp/0xz  T_68.0, 8;
    %pushi/vec4 0, 0, 8;
    %assign/vec4 v000002cde78f13f0_0, 0;
    %pushi/vec4 0, 0, 8;
    %assign/vec4 v000002cde78f1030_0, 0;
    %pushi/vec4 0, 0, 32;
    %assign/vec4 v000002cde78f0270_0, 0;
    %jmp T_68.1;
T_68.0 ;
    %load/vec4 v000002cde7904240_0;
    %flag_set/vec4 8;
    %jmp/0xz  T_68.2, 8;
    %load/vec4 v000002cde79053c0_0;
    %assign/vec4 v000002cde78f13f0_0, 0;
T_68.2 ;
    %load/vec4 v000002cde7905280_0;
    %flag_set/vec4 8;
    %jmp/0xz  T_68.4, 8;
    %load/vec4 v000002cde7905dc0_0;
    %assign/vec4 v000002cde78f1030_0, 0;
    %load/vec4 v000002cde7905fa0_0;
    %load/vec4 v000002cde7905dc0_0;
    %pad/s 32;
    %load/vec4 v000002cde78f13f0_0;
    %pad/s 32;
    %mul;
    %add;
    %assign/vec4 v000002cde78f0270_0, 0;
T_68.4 ;
T_68.1 ;
    %jmp T_68;
    .thread T_68;
    .scope S_000002cde7c8d850;
T_69 ;
    %wait E_000002cde7af7620;
    %load/vec4 v000002cde78efe10_0;
    %nor/r;
    %flag_set/vec4 8;
    %jmp/0xz  T_69.0, 8;
    %pushi/vec4 0, 0, 8;
    %assign/vec4 v000002cde78ef7d0_0, 0;
    %pushi/vec4 0, 0, 8;
    %assign/vec4 v000002cde78f12b0_0, 0;
    %pushi/vec4 0, 0, 32;
    %assign/vec4 v000002cde78f08b0_0, 0;
    %jmp T_69.1;
T_69.0 ;
    %load/vec4 v000002cde78efcd0_0;
    %flag_set/vec4 8;
    %jmp/0xz  T_69.2, 8;
    %load/vec4 v000002cde78f0090_0;
    %assign/vec4 v000002cde78ef7d0_0, 0;
T_69.2 ;
    %load/vec4 v000002cde78f1170_0;
    %flag_set/vec4 8;
    %jmp/0xz  T_69.4, 8;
    %load/vec4 v000002cde78ef690_0;
    %assign/vec4 v000002cde78f12b0_0, 0;
    %load/vec4 v000002cde78ef730_0;
    %load/vec4 v000002cde78ef690_0;
    %pad/s 32;
    %load/vec4 v000002cde78ef7d0_0;
    %pad/s 32;
    %mul;
    %add;
    %assign/vec4 v000002cde78f08b0_0, 0;
T_69.4 ;
T_69.1 ;
    %jmp T_69;
    .thread T_69;
    .scope S_000002cde7c8db70;
T_70 ;
    %wait E_000002cde7af7620;
    %load/vec4 v000002cde791b0b0_0;
    %nor/r;
    %flag_set/vec4 8;
    %jmp/0xz  T_70.0, 8;
    %pushi/vec4 0, 0, 8;
    %assign/vec4 v000002cde791aed0_0, 0;
    %pushi/vec4 0, 0, 8;
    %assign/vec4 v000002cde78f0770_0, 0;
    %pushi/vec4 0, 0, 32;
    %assign/vec4 v000002cde791ae30_0, 0;
    %jmp T_70.1;
T_70.0 ;
    %load/vec4 v000002cde78f06d0_0;
    %flag_set/vec4 8;
    %jmp/0xz  T_70.2, 8;
    %load/vec4 v000002cde78f0630_0;
    %assign/vec4 v000002cde791aed0_0, 0;
T_70.2 ;
    %load/vec4 v000002cde78f0c70_0;
    %flag_set/vec4 8;
    %jmp/0xz  T_70.4, 8;
    %load/vec4 v000002cde78f0e50_0;
    %assign/vec4 v000002cde78f0770_0, 0;
    %load/vec4 v000002cde78f01d0_0;
    %load/vec4 v000002cde78f0e50_0;
    %pad/s 32;
    %load/vec4 v000002cde791aed0_0;
    %pad/s 32;
    %mul;
    %add;
    %assign/vec4 v000002cde791ae30_0, 0;
T_70.4 ;
T_70.1 ;
    %jmp T_70;
    .thread T_70;
    .scope S_000002cde7c8f860;
T_71 ;
    %wait E_000002cde7af7620;
    %load/vec4 v000002cde791a250_0;
    %nor/r;
    %flag_set/vec4 8;
    %jmp/0xz  T_71.0, 8;
    %pushi/vec4 0, 0, 8;
    %assign/vec4 v000002cde791a110_0, 0;
    %pushi/vec4 0, 0, 8;
    %assign/vec4 v000002cde7919df0_0, 0;
    %pushi/vec4 0, 0, 32;
    %assign/vec4 v000002cde7919fd0_0, 0;
    %jmp T_71.1;
T_71.0 ;
    %load/vec4 v000002cde791bbf0_0;
    %flag_set/vec4 8;
    %jmp/0xz  T_71.2, 8;
    %load/vec4 v000002cde791bab0_0;
    %assign/vec4 v000002cde791a110_0, 0;
T_71.2 ;
    %load/vec4 v000002cde791ba10_0;
    %flag_set/vec4 8;
    %jmp/0xz  T_71.4, 8;
    %load/vec4 v000002cde7919f30_0;
    %assign/vec4 v000002cde7919df0_0, 0;
    %load/vec4 v000002cde791a1b0_0;
    %load/vec4 v000002cde7919f30_0;
    %pad/s 32;
    %load/vec4 v000002cde791a110_0;
    %pad/s 32;
    %mul;
    %add;
    %assign/vec4 v000002cde7919fd0_0, 0;
T_71.4 ;
T_71.1 ;
    %jmp T_71;
    .thread T_71;
    .scope S_000002cde7c8fd10;
T_72 ;
    %wait E_000002cde7af7620;
    %load/vec4 v000002cde7965ad0_0;
    %nor/r;
    %flag_set/vec4 8;
    %jmp/0xz  T_72.0, 8;
    %pushi/vec4 0, 0, 8;
    %assign/vec4 v000002cde7965d50_0, 0;
    %pushi/vec4 0, 0, 8;
    %assign/vec4 v000002cde7964950_0, 0;
    %pushi/vec4 0, 0, 32;
    %assign/vec4 v000002cde7965030_0, 0;
    %jmp T_72.1;
T_72.0 ;
    %load/vec4 v000002cde7965c10_0;
    %flag_set/vec4 8;
    %jmp/0xz  T_72.2, 8;
    %load/vec4 v000002cde7964810_0;
    %assign/vec4 v000002cde7965d50_0, 0;
T_72.2 ;
    %load/vec4 v000002cde7964e50_0;
    %flag_set/vec4 8;
    %jmp/0xz  T_72.4, 8;
    %load/vec4 v000002cde79646d0_0;
    %assign/vec4 v000002cde7964950_0, 0;
    %load/vec4 v000002cde7964ef0_0;
    %load/vec4 v000002cde79646d0_0;
    %pad/s 32;
    %load/vec4 v000002cde7965d50_0;
    %pad/s 32;
    %mul;
    %add;
    %assign/vec4 v000002cde7965030_0, 0;
T_72.4 ;
T_72.1 ;
    %jmp T_72;
    .thread T_72;
    .scope S_000002cde7c8e0f0;
T_73 ;
    %wait E_000002cde7af7620;
    %load/vec4 v000002cde79981e0_0;
    %nor/r;
    %flag_set/vec4 8;
    %jmp/0xz  T_73.0, 8;
    %pushi/vec4 0, 0, 8;
    %assign/vec4 v000002cde7999180_0, 0;
    %pushi/vec4 0, 0, 8;
    %assign/vec4 v000002cde7998140_0, 0;
    %pushi/vec4 0, 0, 32;
    %assign/vec4 v000002cde7998820_0, 0;
    %jmp T_73.1;
T_73.0 ;
    %load/vec4 v000002cde7999b80_0;
    %flag_set/vec4 8;
    %jmp/0xz  T_73.2, 8;
    %load/vec4 v000002cde79658f0_0;
    %assign/vec4 v000002cde7999180_0, 0;
T_73.2 ;
    %load/vec4 v000002cde7965490_0;
    %flag_set/vec4 8;
    %jmp/0xz  T_73.4, 8;
    %load/vec4 v000002cde79655d0_0;
    %assign/vec4 v000002cde7998140_0, 0;
    %load/vec4 v000002cde7965850_0;
    %load/vec4 v000002cde79655d0_0;
    %pad/s 32;
    %load/vec4 v000002cde7999180_0;
    %pad/s 32;
    %mul;
    %add;
    %assign/vec4 v000002cde7998820_0, 0;
T_73.4 ;
T_73.1 ;
    %jmp T_73;
    .thread T_73;
    .scope S_000002cde7c8f220;
T_74 ;
    %wait E_000002cde7af7620;
    %load/vec4 v000002cde7998f00_0;
    %nor/r;
    %flag_set/vec4 8;
    %jmp/0xz  T_74.0, 8;
    %pushi/vec4 0, 0, 8;
    %assign/vec4 v000002cde7999040_0, 0;
    %pushi/vec4 0, 0, 8;
    %assign/vec4 v000002cde7998aa0_0, 0;
    %pushi/vec4 0, 0, 32;
    %assign/vec4 v000002cde7998c80_0, 0;
    %jmp T_74.1;
T_74.0 ;
    %load/vec4 v000002cde79986e0_0;
    %flag_set/vec4 8;
    %jmp/0xz  T_74.2, 8;
    %load/vec4 v000002cde7998640_0;
    %assign/vec4 v000002cde7999040_0, 0;
T_74.2 ;
    %load/vec4 v000002cde7999860_0;
    %flag_set/vec4 8;
    %jmp/0xz  T_74.4, 8;
    %load/vec4 v000002cde7998280_0;
    %assign/vec4 v000002cde7998aa0_0, 0;
    %load/vec4 v000002cde79985a0_0;
    %load/vec4 v000002cde7998280_0;
    %pad/s 32;
    %load/vec4 v000002cde7999040_0;
    %pad/s 32;
    %mul;
    %add;
    %assign/vec4 v000002cde7998c80_0, 0;
T_74.4 ;
T_74.1 ;
    %jmp T_74;
    .thread T_74;
    .scope S_000002cde7c8f6d0;
T_75 ;
    %wait E_000002cde7af7620;
    %load/vec4 v000002cde79672c0_0;
    %nor/r;
    %flag_set/vec4 8;
    %jmp/0xz  T_75.0, 8;
    %pushi/vec4 0, 0, 8;
    %assign/vec4 v000002cde79679a0_0, 0;
    %pushi/vec4 0, 0, 8;
    %assign/vec4 v000002cde7966460_0, 0;
    %pushi/vec4 0, 0, 32;
    %assign/vec4 v000002cde7967220_0, 0;
    %jmp T_75.1;
T_75.0 ;
    %load/vec4 v000002cde7966e60_0;
    %flag_set/vec4 8;
    %jmp/0xz  T_75.2, 8;
    %load/vec4 v000002cde7967180_0;
    %assign/vec4 v000002cde79679a0_0, 0;
T_75.2 ;
    %load/vec4 v000002cde7966280_0;
    %flag_set/vec4 8;
    %jmp/0xz  T_75.4, 8;
    %load/vec4 v000002cde7967900_0;
    %assign/vec4 v000002cde7966460_0, 0;
    %load/vec4 v000002cde79663c0_0;
    %load/vec4 v000002cde7967900_0;
    %pad/s 32;
    %load/vec4 v000002cde79679a0_0;
    %pad/s 32;
    %mul;
    %add;
    %assign/vec4 v000002cde7967220_0, 0;
T_75.4 ;
T_75.1 ;
    %jmp T_75;
    .thread T_75;
    .scope S_000002cde7c921d0;
T_76 ;
    %wait E_000002cde7af7620;
    %load/vec4 v000002cde79bc740_0;
    %nor/r;
    %flag_set/vec4 8;
    %jmp/0xz  T_76.0, 8;
    %pushi/vec4 0, 0, 8;
    %assign/vec4 v000002cde79bd780_0, 0;
    %pushi/vec4 0, 0, 8;
    %assign/vec4 v000002cde79bc1a0_0, 0;
    %pushi/vec4 0, 0, 32;
    %assign/vec4 v000002cde79bc6a0_0, 0;
    %jmp T_76.1;
T_76.0 ;
    %load/vec4 v000002cde79bc100_0;
    %flag_set/vec4 8;
    %jmp/0xz  T_76.2, 8;
    %load/vec4 v000002cde79bd960_0;
    %assign/vec4 v000002cde79bd780_0, 0;
T_76.2 ;
    %load/vec4 v000002cde79bdf00_0;
    %flag_set/vec4 8;
    %jmp/0xz  T_76.4, 8;
    %load/vec4 v000002cde79bcc40_0;
    %assign/vec4 v000002cde79bc1a0_0, 0;
    %load/vec4 v000002cde79bd460_0;
    %load/vec4 v000002cde79bcc40_0;
    %pad/s 32;
    %load/vec4 v000002cde79bd780_0;
    %pad/s 32;
    %mul;
    %add;
    %assign/vec4 v000002cde79bc6a0_0, 0;
T_76.4 ;
T_76.1 ;
    %jmp T_76;
    .thread T_76;
    .scope S_000002cde7c90a60;
T_77 ;
    %wait E_000002cde7af7620;
    %load/vec4 v000002cde7952070_0;
    %nor/r;
    %flag_set/vec4 8;
    %jmp/0xz  T_77.0, 8;
    %pushi/vec4 0, 0, 8;
    %assign/vec4 v000002cde7952930_0, 0;
    %pushi/vec4 0, 0, 8;
    %assign/vec4 v000002cde7953650_0, 0;
    %pushi/vec4 0, 0, 32;
    %assign/vec4 v000002cde7953830_0, 0;
    %jmp T_77.1;
T_77.0 ;
    %load/vec4 v000002cde7952f70_0;
    %flag_set/vec4 8;
    %jmp/0xz  T_77.2, 8;
    %load/vec4 v000002cde7952610_0;
    %assign/vec4 v000002cde7952930_0, 0;
T_77.2 ;
    %load/vec4 v000002cde79bcba0_0;
    %flag_set/vec4 8;
    %jmp/0xz  T_77.4, 8;
    %load/vec4 v000002cde79bce20_0;
    %assign/vec4 v000002cde7953650_0, 0;
    %load/vec4 v000002cde7952d90_0;
    %load/vec4 v000002cde79bce20_0;
    %pad/s 32;
    %load/vec4 v000002cde7952930_0;
    %pad/s 32;
    %mul;
    %add;
    %assign/vec4 v000002cde7953830_0, 0;
T_77.4 ;
T_77.1 ;
    %jmp T_77;
    .thread T_77;
    .scope S_000002cde7c924f0;
T_78 ;
    %wait E_000002cde7af7620;
    %load/vec4 v000002cde7c9d380_0;
    %nor/r;
    %flag_set/vec4 8;
    %jmp/0xz  T_78.0, 8;
    %pushi/vec4 0, 0, 8;
    %assign/vec4 v000002cde7c9cb60_0, 0;
    %pushi/vec4 0, 0, 8;
    %assign/vec4 v000002cde78e6710_0, 0;
    %pushi/vec4 0, 0, 32;
    %assign/vec4 v000002cde78e68f0_0, 0;
    %jmp T_78.1;
T_78.0 ;
    %load/vec4 v000002cde78e6670_0;
    %flag_set/vec4 8;
    %jmp/0xz  T_78.2, 8;
    %load/vec4 v000002cde78e63f0_0;
    %assign/vec4 v000002cde7c9cb60_0, 0;
T_78.2 ;
    %load/vec4 v000002cde7953ab0_0;
    %flag_set/vec4 8;
    %jmp/0xz  T_78.4, 8;
    %load/vec4 v000002cde7952430_0;
    %assign/vec4 v000002cde78e6710_0, 0;
    %load/vec4 v000002cde79526b0_0;
    %load/vec4 v000002cde7952430_0;
    %pad/s 32;
    %load/vec4 v000002cde7c9cb60_0;
    %pad/s 32;
    %mul;
    %add;
    %assign/vec4 v000002cde78e68f0_0, 0;
T_78.4 ;
T_78.1 ;
    %jmp T_78;
    .thread T_78;
    .scope S_000002cde7c92e50;
T_79 ;
    %wait E_000002cde7af7620;
    %load/vec4 v000002cde7c9db00_0;
    %nor/r;
    %flag_set/vec4 8;
    %jmp/0xz  T_79.0, 8;
    %pushi/vec4 0, 0, 8;
    %assign/vec4 v000002cde7c9cc00_0, 0;
    %pushi/vec4 0, 0, 8;
    %assign/vec4 v000002cde7c9ba80_0, 0;
    %pushi/vec4 0, 0, 32;
    %assign/vec4 v000002cde7c9d240_0, 0;
    %jmp T_79.1;
T_79.0 ;
    %load/vec4 v000002cde7c9dc40_0;
    %flag_set/vec4 8;
    %jmp/0xz  T_79.2, 8;
    %load/vec4 v000002cde7c9bb20_0;
    %assign/vec4 v000002cde7c9cc00_0, 0;
T_79.2 ;
    %load/vec4 v000002cde7c9e000_0;
    %flag_set/vec4 8;
    %jmp/0xz  T_79.4, 8;
    %load/vec4 v000002cde7c9e0a0_0;
    %assign/vec4 v000002cde7c9ba80_0, 0;
    %load/vec4 v000002cde7c9c3e0_0;
    %load/vec4 v000002cde7c9e0a0_0;
    %pad/s 32;
    %load/vec4 v000002cde7c9cc00_0;
    %pad/s 32;
    %mul;
    %add;
    %assign/vec4 v000002cde7c9d240_0, 0;
T_79.4 ;
T_79.1 ;
    %jmp T_79;
    .thread T_79;
    .scope S_000002cde7c90bf0;
T_80 ;
    %wait E_000002cde7af7620;
    %load/vec4 v000002cde7c9d560_0;
    %nor/r;
    %flag_set/vec4 8;
    %jmp/0xz  T_80.0, 8;
    %pushi/vec4 0, 0, 8;
    %assign/vec4 v000002cde7c9cac0_0, 0;
    %pushi/vec4 0, 0, 8;
    %assign/vec4 v000002cde7c9c520_0, 0;
    %pushi/vec4 0, 0, 32;
    %assign/vec4 v000002cde7c9c8e0_0, 0;
    %jmp T_80.1;
T_80.0 ;
    %load/vec4 v000002cde7c9bf80_0;
    %flag_set/vec4 8;
    %jmp/0xz  T_80.2, 8;
    %load/vec4 v000002cde7c9cde0_0;
    %assign/vec4 v000002cde7c9cac0_0, 0;
T_80.2 ;
    %load/vec4 v000002cde7c9d920_0;
    %flag_set/vec4 8;
    %jmp/0xz  T_80.4, 8;
    %load/vec4 v000002cde7c9c020_0;
    %assign/vec4 v000002cde7c9c520_0, 0;
    %load/vec4 v000002cde7c9d420_0;
    %load/vec4 v000002cde7c9c020_0;
    %pad/s 32;
    %load/vec4 v000002cde7c9cac0_0;
    %pad/s 32;
    %mul;
    %add;
    %assign/vec4 v000002cde7c9c8e0_0, 0;
T_80.4 ;
T_80.1 ;
    %jmp T_80;
    .thread T_80;
    .scope S_000002cde7c92040;
T_81 ;
    %wait E_000002cde7af7620;
    %load/vec4 v000002cde7c9c200_0;
    %nor/r;
    %flag_set/vec4 8;
    %jmp/0xz  T_81.0, 8;
    %pushi/vec4 0, 0, 8;
    %assign/vec4 v000002cde7c9d6a0_0, 0;
    %pushi/vec4 0, 0, 8;
    %assign/vec4 v000002cde7c9bbc0_0, 0;
    %pushi/vec4 0, 0, 32;
    %assign/vec4 v000002cde7c9bc60_0, 0;
    %jmp T_81.1;
T_81.0 ;
    %load/vec4 v000002cde7c9d2e0_0;
    %flag_set/vec4 8;
    %jmp/0xz  T_81.2, 8;
    %load/vec4 v000002cde7c9c160_0;
    %assign/vec4 v000002cde7c9d6a0_0, 0;
T_81.2 ;
    %load/vec4 v000002cde7c9c660_0;
    %flag_set/vec4 8;
    %jmp/0xz  T_81.4, 8;
    %load/vec4 v000002cde7c9d060_0;
    %assign/vec4 v000002cde7c9bbc0_0, 0;
    %load/vec4 v000002cde7c9de20_0;
    %load/vec4 v000002cde7c9d060_0;
    %pad/s 32;
    %load/vec4 v000002cde7c9d6a0_0;
    %pad/s 32;
    %mul;
    %add;
    %assign/vec4 v000002cde7c9bc60_0, 0;
T_81.4 ;
T_81.1 ;
    %jmp T_81;
    .thread T_81;
    .scope S_000002cde7c90f10;
T_82 ;
    %wait E_000002cde7af7620;
    %load/vec4 v000002cde7c9c700_0;
    %nor/r;
    %flag_set/vec4 8;
    %jmp/0xz  T_82.0, 8;
    %pushi/vec4 0, 0, 8;
    %assign/vec4 v000002cde7c9c340_0, 0;
    %pushi/vec4 0, 0, 8;
    %assign/vec4 v000002cde7c9bee0_0, 0;
    %pushi/vec4 0, 0, 32;
    %assign/vec4 v000002cde7c9c2a0_0, 0;
    %jmp T_82.1;
T_82.0 ;
    %load/vec4 v000002cde7c9bda0_0;
    %flag_set/vec4 8;
    %jmp/0xz  T_82.2, 8;
    %load/vec4 v000002cde7c9df60_0;
    %assign/vec4 v000002cde7c9c340_0, 0;
T_82.2 ;
    %load/vec4 v000002cde7c9d9c0_0;
    %flag_set/vec4 8;
    %jmp/0xz  T_82.4, 8;
    %load/vec4 v000002cde7c9da60_0;
    %assign/vec4 v000002cde7c9bee0_0, 0;
    %load/vec4 v000002cde7c9c5c0_0;
    %load/vec4 v000002cde7c9da60_0;
    %pad/s 32;
    %load/vec4 v000002cde7c9c340_0;
    %pad/s 32;
    %mul;
    %add;
    %assign/vec4 v000002cde7c9c2a0_0, 0;
T_82.4 ;
T_82.1 ;
    %jmp T_82;
    .thread T_82;
    .scope S_000002cde7c90290;
T_83 ;
    %wait E_000002cde7af7620;
    %load/vec4 v000002cde7ca04e0_0;
    %nor/r;
    %flag_set/vec4 8;
    %jmp/0xz  T_83.0, 8;
    %pushi/vec4 0, 0, 8;
    %assign/vec4 v000002cde7c9e6e0_0, 0;
    %pushi/vec4 0, 0, 8;
    %assign/vec4 v000002cde7c9f720_0, 0;
    %pushi/vec4 0, 0, 32;
    %assign/vec4 v000002cde7c9e320_0, 0;
    %jmp T_83.1;
T_83.0 ;
    %load/vec4 v000002cde7c9edc0_0;
    %flag_set/vec4 8;
    %jmp/0xz  T_83.2, 8;
    %load/vec4 v000002cde7c9fcc0_0;
    %assign/vec4 v000002cde7c9e6e0_0, 0;
T_83.2 ;
    %load/vec4 v000002cde7c9fea0_0;
    %flag_set/vec4 8;
    %jmp/0xz  T_83.4, 8;
    %load/vec4 v000002cde7c9e820_0;
    %assign/vec4 v000002cde7c9f720_0, 0;
    %load/vec4 v000002cde7c9fae0_0;
    %load/vec4 v000002cde7c9e820_0;
    %pad/s 32;
    %load/vec4 v000002cde7c9e6e0_0;
    %pad/s 32;
    %mul;
    %add;
    %assign/vec4 v000002cde7c9e320_0, 0;
T_83.4 ;
T_83.1 ;
    %jmp T_83;
    .thread T_83;
    .scope S_000002cde7c90740;
T_84 ;
    %wait E_000002cde7af7620;
    %load/vec4 v000002cde7c9fe00_0;
    %nor/r;
    %flag_set/vec4 8;
    %jmp/0xz  T_84.0, 8;
    %pushi/vec4 0, 0, 8;
    %assign/vec4 v000002cde7c9e640_0, 0;
    %pushi/vec4 0, 0, 8;
    %assign/vec4 v000002cde7c9fd60_0, 0;
    %pushi/vec4 0, 0, 32;
    %assign/vec4 v000002cde7c9e3c0_0, 0;
    %jmp T_84.1;
T_84.0 ;
    %load/vec4 v000002cde7c9e1e0_0;
    %flag_set/vec4 8;
    %jmp/0xz  T_84.2, 8;
    %load/vec4 v000002cde7c9e280_0;
    %assign/vec4 v000002cde7c9e640_0, 0;
T_84.2 ;
    %load/vec4 v000002cde7ca0440_0;
    %flag_set/vec4 8;
    %jmp/0xz  T_84.4, 8;
    %load/vec4 v000002cde7c9f2c0_0;
    %assign/vec4 v000002cde7c9fd60_0, 0;
    %load/vec4 v000002cde7ca0580_0;
    %load/vec4 v000002cde7c9f2c0_0;
    %pad/s 32;
    %load/vec4 v000002cde7c9e640_0;
    %pad/s 32;
    %mul;
    %add;
    %assign/vec4 v000002cde7c9e3c0_0, 0;
T_84.4 ;
T_84.1 ;
    %jmp T_84;
    .thread T_84;
    .scope S_000002cde7c93490;
T_85 ;
    %wait E_000002cde7af7620;
    %load/vec4 v000002cde7c9f9a0_0;
    %nor/r;
    %flag_set/vec4 8;
    %jmp/0xz  T_85.0, 8;
    %pushi/vec4 0, 0, 8;
    %assign/vec4 v000002cde7ca0120_0, 0;
    %pushi/vec4 0, 0, 8;
    %assign/vec4 v000002cde7c9f680_0, 0;
    %pushi/vec4 0, 0, 32;
    %assign/vec4 v000002cde7c9ea00_0, 0;
    %jmp T_85.1;
T_85.0 ;
    %load/vec4 v000002cde7ca0080_0;
    %flag_set/vec4 8;
    %jmp/0xz  T_85.2, 8;
    %load/vec4 v000002cde7ca0300_0;
    %assign/vec4 v000002cde7ca0120_0, 0;
T_85.2 ;
    %load/vec4 v000002cde7c9e780_0;
    %flag_set/vec4 8;
    %jmp/0xz  T_85.4, 8;
    %load/vec4 v000002cde7c9f540_0;
    %assign/vec4 v000002cde7c9f680_0, 0;
    %load/vec4 v000002cde7c9e500_0;
    %load/vec4 v000002cde7c9f540_0;
    %pad/s 32;
    %load/vec4 v000002cde7ca0120_0;
    %pad/s 32;
    %mul;
    %add;
    %assign/vec4 v000002cde7c9ea00_0, 0;
T_85.4 ;
T_85.1 ;
    %jmp T_85;
    .thread T_85;
    .scope S_000002cde7ca6ce0;
T_86 ;
    %wait E_000002cde7af7620;
    %load/vec4 v000002cde7c9ec80_0;
    %nor/r;
    %flag_set/vec4 8;
    %jmp/0xz  T_86.0, 8;
    %pushi/vec4 0, 0, 8;
    %assign/vec4 v000002cde7c9ebe0_0, 0;
    %pushi/vec4 0, 0, 8;
    %assign/vec4 v000002cde7c9eaa0_0, 0;
    %pushi/vec4 0, 0, 32;
    %assign/vec4 v000002cde7c9eb40_0, 0;
    %jmp T_86.1;
T_86.0 ;
    %load/vec4 v000002cde7c9e960_0;
    %flag_set/vec4 8;
    %jmp/0xz  T_86.2, 8;
    %load/vec4 v000002cde7c9e8c0_0;
    %assign/vec4 v000002cde7c9ebe0_0, 0;
T_86.2 ;
    %load/vec4 v000002cde7ca0760_0;
    %flag_set/vec4 8;
    %jmp/0xz  T_86.4, 8;
    %load/vec4 v000002cde7ca0800_0;
    %assign/vec4 v000002cde7c9eaa0_0, 0;
    %load/vec4 v000002cde7c9ef00_0;
    %load/vec4 v000002cde7ca0800_0;
    %pad/s 32;
    %load/vec4 v000002cde7c9ebe0_0;
    %pad/s 32;
    %mul;
    %add;
    %assign/vec4 v000002cde7c9eb40_0, 0;
T_86.4 ;
T_86.1 ;
    %jmp T_86;
    .thread T_86;
    .scope S_000002cde7ca5890;
T_87 ;
    %wait E_000002cde7af7620;
    %load/vec4 v000002cde7ca2f60_0;
    %nor/r;
    %flag_set/vec4 8;
    %jmp/0xz  T_87.0, 8;
    %pushi/vec4 0, 0, 8;
    %assign/vec4 v000002cde7ca0bc0_0, 0;
    %pushi/vec4 0, 0, 8;
    %assign/vec4 v000002cde7ca0d00_0, 0;
    %pushi/vec4 0, 0, 32;
    %assign/vec4 v000002cde7ca09e0_0, 0;
    %jmp T_87.1;
T_87.0 ;
    %load/vec4 v000002cde7ca10c0_0;
    %flag_set/vec4 8;
    %jmp/0xz  T_87.2, 8;
    %load/vec4 v000002cde7ca2ba0_0;
    %assign/vec4 v000002cde7ca0bc0_0, 0;
T_87.2 ;
    %load/vec4 v000002cde7ca1020_0;
    %flag_set/vec4 8;
    %jmp/0xz  T_87.4, 8;
    %load/vec4 v000002cde7ca2560_0;
    %assign/vec4 v000002cde7ca0d00_0, 0;
    %load/vec4 v000002cde7ca2060_0;
    %load/vec4 v000002cde7ca2560_0;
    %pad/s 32;
    %load/vec4 v000002cde7ca0bc0_0;
    %pad/s 32;
    %mul;
    %add;
    %assign/vec4 v000002cde7ca09e0_0, 0;
T_87.4 ;
T_87.1 ;
    %jmp T_87;
    .thread T_87;
    .scope S_000002cde7ca69c0;
T_88 ;
    %wait E_000002cde7af7620;
    %load/vec4 v000002cde7ca0c60_0;
    %nor/r;
    %flag_set/vec4 8;
    %jmp/0xz  T_88.0, 8;
    %pushi/vec4 0, 0, 8;
    %assign/vec4 v000002cde7ca13e0_0, 0;
    %pushi/vec4 0, 0, 8;
    %assign/vec4 v000002cde7ca0b20_0, 0;
    %pushi/vec4 0, 0, 32;
    %assign/vec4 v000002cde7ca30a0_0, 0;
    %jmp T_88.1;
T_88.0 ;
    %load/vec4 v000002cde7ca1840_0;
    %flag_set/vec4 8;
    %jmp/0xz  T_88.2, 8;
    %load/vec4 v000002cde7ca24c0_0;
    %assign/vec4 v000002cde7ca13e0_0, 0;
T_88.2 ;
    %load/vec4 v000002cde7ca0a80_0;
    %flag_set/vec4 8;
    %jmp/0xz  T_88.4, 8;
    %load/vec4 v000002cde7ca2100_0;
    %assign/vec4 v000002cde7ca0b20_0, 0;
    %load/vec4 v000002cde7ca22e0_0;
    %load/vec4 v000002cde7ca2100_0;
    %pad/s 32;
    %load/vec4 v000002cde7ca13e0_0;
    %pad/s 32;
    %mul;
    %add;
    %assign/vec4 v000002cde7ca30a0_0, 0;
T_88.4 ;
T_88.1 ;
    %jmp T_88;
    .thread T_88;
    .scope S_000002cde7ca4760;
T_89 ;
    %wait E_000002cde7af7620;
    %load/vec4 v000002cde7ca2c40_0;
    %nor/r;
    %flag_set/vec4 8;
    %jmp/0xz  T_89.0, 8;
    %pushi/vec4 0, 0, 8;
    %assign/vec4 v000002cde7ca1d40_0, 0;
    %pushi/vec4 0, 0, 8;
    %assign/vec4 v000002cde7ca2920_0, 0;
    %pushi/vec4 0, 0, 32;
    %assign/vec4 v000002cde7ca1200_0, 0;
    %jmp T_89.1;
T_89.0 ;
    %load/vec4 v000002cde7ca21a0_0;
    %flag_set/vec4 8;
    %jmp/0xz  T_89.2, 8;
    %load/vec4 v000002cde7ca1de0_0;
    %assign/vec4 v000002cde7ca1d40_0, 0;
T_89.2 ;
    %load/vec4 v000002cde7ca2a60_0;
    %flag_set/vec4 8;
    %jmp/0xz  T_89.4, 8;
    %load/vec4 v000002cde7ca2420_0;
    %assign/vec4 v000002cde7ca2920_0, 0;
    %load/vec4 v000002cde7ca0ee0_0;
    %load/vec4 v000002cde7ca2420_0;
    %pad/s 32;
    %load/vec4 v000002cde7ca1d40_0;
    %pad/s 32;
    %mul;
    %add;
    %assign/vec4 v000002cde7ca1200_0, 0;
T_89.4 ;
T_89.1 ;
    %jmp T_89;
    .thread T_89;
    .scope S_000002cde7ca7640;
T_90 ;
    %wait E_000002cde7af7620;
    %load/vec4 v000002cde7ca1340_0;
    %nor/r;
    %flag_set/vec4 8;
    %jmp/0xz  T_90.0, 8;
    %pushi/vec4 0, 0, 8;
    %assign/vec4 v000002cde7ca27e0_0, 0;
    %pushi/vec4 0, 0, 8;
    %assign/vec4 v000002cde7ca12a0_0, 0;
    %pushi/vec4 0, 0, 32;
    %assign/vec4 v000002cde7ca1fc0_0, 0;
    %jmp T_90.1;
T_90.0 ;
    %load/vec4 v000002cde7ca1980_0;
    %flag_set/vec4 8;
    %jmp/0xz  T_90.2, 8;
    %load/vec4 v000002cde7ca1160_0;
    %assign/vec4 v000002cde7ca27e0_0, 0;
T_90.2 ;
    %load/vec4 v000002cde7ca0f80_0;
    %flag_set/vec4 8;
    %jmp/0xz  T_90.4, 8;
    %load/vec4 v000002cde7ca17a0_0;
    %assign/vec4 v000002cde7ca12a0_0, 0;
    %load/vec4 v000002cde7ca2d80_0;
    %load/vec4 v000002cde7ca17a0_0;
    %pad/s 32;
    %load/vec4 v000002cde7ca27e0_0;
    %pad/s 32;
    %mul;
    %add;
    %assign/vec4 v000002cde7ca1fc0_0, 0;
T_90.4 ;
T_90.1 ;
    %jmp T_90;
    .thread T_90;
    .scope S_000002cde7ca66a0;
T_91 ;
    %wait E_000002cde7af7620;
    %load/vec4 v000002cde7ca3960_0;
    %nor/r;
    %flag_set/vec4 8;
    %jmp/0xz  T_91.0, 8;
    %pushi/vec4 0, 0, 8;
    %assign/vec4 v000002cde7ca3460_0, 0;
    %pushi/vec4 0, 0, 8;
    %assign/vec4 v000002cde7ca35a0_0, 0;
    %pushi/vec4 0, 0, 32;
    %assign/vec4 v000002cde7ca3500_0, 0;
    %jmp T_91.1;
T_91.0 ;
    %load/vec4 v000002cde7ca3820_0;
    %flag_set/vec4 8;
    %jmp/0xz  T_91.2, 8;
    %load/vec4 v000002cde7ca2ec0_0;
    %assign/vec4 v000002cde7ca3460_0, 0;
T_91.2 ;
    %load/vec4 v000002cde7ca1660_0;
    %flag_set/vec4 8;
    %jmp/0xz  T_91.4, 8;
    %load/vec4 v000002cde7ca1c00_0;
    %assign/vec4 v000002cde7ca35a0_0, 0;
    %load/vec4 v000002cde7ca1700_0;
    %load/vec4 v000002cde7ca1c00_0;
    %pad/s 32;
    %load/vec4 v000002cde7ca3460_0;
    %pad/s 32;
    %mul;
    %add;
    %assign/vec4 v000002cde7ca3500_0, 0;
T_91.4 ;
T_91.1 ;
    %jmp T_91;
    .thread T_91;
    .scope S_000002cde7ca50c0;
T_92 ;
    %wait E_000002cde7af7620;
    %load/vec4 v000002cde7ca3d20_0;
    %nor/r;
    %flag_set/vec4 8;
    %jmp/0xz  T_92.0, 8;
    %pushi/vec4 0, 0, 8;
    %assign/vec4 v000002cde7ca3640_0, 0;
    %pushi/vec4 0, 0, 8;
    %assign/vec4 v000002cde7ca3b40_0, 0;
    %pushi/vec4 0, 0, 32;
    %assign/vec4 v000002cde7ca3c80_0, 0;
    %jmp T_92.1;
T_92.0 ;
    %load/vec4 v000002cde7ca3fa0_0;
    %flag_set/vec4 8;
    %jmp/0xz  T_92.2, 8;
    %load/vec4 v000002cde7ca3280_0;
    %assign/vec4 v000002cde7ca3640_0, 0;
T_92.2 ;
    %load/vec4 v000002cde7ca3be0_0;
    %flag_set/vec4 8;
    %jmp/0xz  T_92.4, 8;
    %load/vec4 v000002cde7ca3dc0_0;
    %assign/vec4 v000002cde7ca3b40_0, 0;
    %load/vec4 v000002cde7ca3e60_0;
    %load/vec4 v000002cde7ca3dc0_0;
    %pad/s 32;
    %load/vec4 v000002cde7ca3640_0;
    %pad/s 32;
    %mul;
    %add;
    %assign/vec4 v000002cde7ca3c80_0, 0;
T_92.4 ;
T_92.1 ;
    %jmp T_92;
    .thread T_92;
    .scope S_000002cde7ca74b0;
T_93 ;
    %wait E_000002cde7af7620;
    %load/vec4 v000002cde7c95720_0;
    %nor/r;
    %flag_set/vec4 8;
    %jmp/0xz  T_93.0, 8;
    %pushi/vec4 0, 0, 8;
    %assign/vec4 v000002cde7c96620_0, 0;
    %pushi/vec4 0, 0, 8;
    %assign/vec4 v000002cde7c94be0_0, 0;
    %pushi/vec4 0, 0, 32;
    %assign/vec4 v000002cde7c94640_0, 0;
    %jmp T_93.1;
T_93.0 ;
    %load/vec4 v000002cde7c96580_0;
    %flag_set/vec4 8;
    %jmp/0xz  T_93.2, 8;
    %load/vec4 v000002cde7c94fa0_0;
    %assign/vec4 v000002cde7c96620_0, 0;
T_93.2 ;
    %load/vec4 v000002cde7c96300_0;
    %flag_set/vec4 8;
    %jmp/0xz  T_93.4, 8;
    %load/vec4 v000002cde7c961c0_0;
    %assign/vec4 v000002cde7c94be0_0, 0;
    %load/vec4 v000002cde7c954a0_0;
    %load/vec4 v000002cde7c961c0_0;
    %pad/s 32;
    %load/vec4 v000002cde7c96620_0;
    %pad/s 32;
    %mul;
    %add;
    %assign/vec4 v000002cde7c94640_0, 0;
T_93.4 ;
T_93.1 ;
    %jmp T_93;
    .thread T_93;
    .scope S_000002cde7ca4da0;
T_94 ;
    %wait E_000002cde7af7620;
    %load/vec4 v000002cde7c95400_0;
    %nor/r;
    %flag_set/vec4 8;
    %jmp/0xz  T_94.0, 8;
    %pushi/vec4 0, 0, 8;
    %assign/vec4 v000002cde7c94280_0, 0;
    %pushi/vec4 0, 0, 8;
    %assign/vec4 v000002cde7c959a0_0, 0;
    %pushi/vec4 0, 0, 32;
    %assign/vec4 v000002cde7c964e0_0, 0;
    %jmp T_94.1;
T_94.0 ;
    %load/vec4 v000002cde7c94460_0;
    %flag_set/vec4 8;
    %jmp/0xz  T_94.2, 8;
    %load/vec4 v000002cde7c952c0_0;
    %assign/vec4 v000002cde7c94280_0, 0;
T_94.2 ;
    %load/vec4 v000002cde7c955e0_0;
    %flag_set/vec4 8;
    %jmp/0xz  T_94.4, 8;
    %load/vec4 v000002cde7c94e60_0;
    %assign/vec4 v000002cde7c959a0_0, 0;
    %load/vec4 v000002cde7c96440_0;
    %load/vec4 v000002cde7c94e60_0;
    %pad/s 32;
    %load/vec4 v000002cde7c94280_0;
    %pad/s 32;
    %mul;
    %add;
    %assign/vec4 v000002cde7c964e0_0, 0;
T_94.4 ;
T_94.1 ;
    %jmp T_94;
    .thread T_94;
    .scope S_000002cde7ca61f0;
T_95 ;
    %wait E_000002cde7af7620;
    %load/vec4 v000002cde7c95360_0;
    %nor/r;
    %flag_set/vec4 8;
    %jmp/0xz  T_95.0, 8;
    %pushi/vec4 0, 0, 8;
    %assign/vec4 v000002cde7c96800_0, 0;
    %pushi/vec4 0, 0, 8;
    %assign/vec4 v000002cde7c95ae0_0, 0;
    %pushi/vec4 0, 0, 32;
    %assign/vec4 v000002cde7c96760_0, 0;
    %jmp T_95.1;
T_95.0 ;
    %load/vec4 v000002cde7c946e0_0;
    %flag_set/vec4 8;
    %jmp/0xz  T_95.2, 8;
    %load/vec4 v000002cde7c95680_0;
    %assign/vec4 v000002cde7c96800_0, 0;
T_95.2 ;
    %load/vec4 v000002cde7c963a0_0;
    %flag_set/vec4 8;
    %jmp/0xz  T_95.4, 8;
    %load/vec4 v000002cde7c94780_0;
    %assign/vec4 v000002cde7c95ae0_0, 0;
    %load/vec4 v000002cde7c96260_0;
    %load/vec4 v000002cde7c94780_0;
    %pad/s 32;
    %load/vec4 v000002cde7c96800_0;
    %pad/s 32;
    %mul;
    %add;
    %assign/vec4 v000002cde7c96760_0, 0;
T_95.4 ;
T_95.1 ;
    %jmp T_95;
    .thread T_95;
    .scope S_000002cde7caa840;
T_96 ;
    %wait E_000002cde7af7620;
    %load/vec4 v000002cde7c94d20_0;
    %nor/r;
    %flag_set/vec4 8;
    %jmp/0xz  T_96.0, 8;
    %pushi/vec4 0, 0, 8;
    %assign/vec4 v000002cde7c94b40_0, 0;
    %pushi/vec4 0, 0, 8;
    %assign/vec4 v000002cde7c95e00_0, 0;
    %pushi/vec4 0, 0, 32;
    %assign/vec4 v000002cde7c95ea0_0, 0;
    %jmp T_96.1;
T_96.0 ;
    %load/vec4 v000002cde7c95cc0_0;
    %flag_set/vec4 8;
    %jmp/0xz  T_96.2, 8;
    %load/vec4 v000002cde7c94aa0_0;
    %assign/vec4 v000002cde7c94b40_0, 0;
T_96.2 ;
    %load/vec4 v000002cde7c95040_0;
    %flag_set/vec4 8;
    %jmp/0xz  T_96.4, 8;
    %load/vec4 v000002cde7c94a00_0;
    %assign/vec4 v000002cde7c95e00_0, 0;
    %load/vec4 v000002cde7c94c80_0;
    %load/vec4 v000002cde7c94a00_0;
    %pad/s 32;
    %load/vec4 v000002cde7c94b40_0;
    %pad/s 32;
    %mul;
    %add;
    %assign/vec4 v000002cde7c95ea0_0, 0;
T_96.4 ;
T_96.1 ;
    %jmp T_96;
    .thread T_96;
    .scope S_000002cde7ca8900;
T_97 ;
    %wait E_000002cde7af7620;
    %load/vec4 v000002cde7c98740_0;
    %nor/r;
    %flag_set/vec4 8;
    %jmp/0xz  T_97.0, 8;
    %pushi/vec4 0, 0, 8;
    %assign/vec4 v000002cde7c97660_0, 0;
    %pushi/vec4 0, 0, 8;
    %assign/vec4 v000002cde7c96da0_0, 0;
    %pushi/vec4 0, 0, 32;
    %assign/vec4 v000002cde7c98060_0, 0;
    %jmp T_97.1;
T_97.0 ;
    %load/vec4 v000002cde7c97fc0_0;
    %flag_set/vec4 8;
    %jmp/0xz  T_97.2, 8;
    %load/vec4 v000002cde7c98ec0_0;
    %assign/vec4 v000002cde7c97660_0, 0;
T_97.2 ;
    %load/vec4 v000002cde7c96120_0;
    %flag_set/vec4 8;
    %jmp/0xz  T_97.4, 8;
    %load/vec4 v000002cde7c95220_0;
    %assign/vec4 v000002cde7c96da0_0, 0;
    %load/vec4 v000002cde7c982e0_0;
    %load/vec4 v000002cde7c95220_0;
    %pad/s 32;
    %load/vec4 v000002cde7c97660_0;
    %pad/s 32;
    %mul;
    %add;
    %assign/vec4 v000002cde7c98060_0, 0;
T_97.4 ;
T_97.1 ;
    %jmp T_97;
    .thread T_97;
    .scope S_000002cde7ca98a0;
T_98 ;
    %wait E_000002cde7af7620;
    %load/vec4 v000002cde7c97520_0;
    %nor/r;
    %flag_set/vec4 8;
    %jmp/0xz  T_98.0, 8;
    %pushi/vec4 0, 0, 8;
    %assign/vec4 v000002cde7c98ba0_0, 0;
    %pushi/vec4 0, 0, 8;
    %assign/vec4 v000002cde7c97700_0, 0;
    %pushi/vec4 0, 0, 32;
    %assign/vec4 v000002cde7c978e0_0, 0;
    %jmp T_98.1;
T_98.0 ;
    %load/vec4 v000002cde7c97f20_0;
    %flag_set/vec4 8;
    %jmp/0xz  T_98.2, 8;
    %load/vec4 v000002cde7c98e20_0;
    %assign/vec4 v000002cde7c98ba0_0, 0;
T_98.2 ;
    %load/vec4 v000002cde7c970c0_0;
    %flag_set/vec4 8;
    %jmp/0xz  T_98.4, 8;
    %load/vec4 v000002cde7c96940_0;
    %assign/vec4 v000002cde7c97700_0, 0;
    %load/vec4 v000002cde7c96e40_0;
    %load/vec4 v000002cde7c96940_0;
    %pad/s 32;
    %load/vec4 v000002cde7c98ba0_0;
    %pad/s 32;
    %mul;
    %add;
    %assign/vec4 v000002cde7c978e0_0, 0;
T_98.4 ;
T_98.1 ;
    %jmp T_98;
    .thread T_98;
    .scope S_000002cde7caab60;
T_99 ;
    %wait E_000002cde7af7620;
    %load/vec4 v000002cde7c97020_0;
    %nor/r;
    %flag_set/vec4 8;
    %jmp/0xz  T_99.0, 8;
    %pushi/vec4 0, 0, 8;
    %assign/vec4 v000002cde7c97ca0_0, 0;
    %pushi/vec4 0, 0, 8;
    %assign/vec4 v000002cde7c96a80_0, 0;
    %pushi/vec4 0, 0, 32;
    %assign/vec4 v000002cde7c98600_0, 0;
    %jmp T_99.1;
T_99.0 ;
    %load/vec4 v000002cde7c97200_0;
    %flag_set/vec4 8;
    %jmp/0xz  T_99.2, 8;
    %load/vec4 v000002cde7c97480_0;
    %assign/vec4 v000002cde7c97ca0_0, 0;
T_99.2 ;
    %load/vec4 v000002cde7c975c0_0;
    %flag_set/vec4 8;
    %jmp/0xz  T_99.4, 8;
    %load/vec4 v000002cde7c96f80_0;
    %assign/vec4 v000002cde7c96a80_0, 0;
    %load/vec4 v000002cde7c97840_0;
    %load/vec4 v000002cde7c96f80_0;
    %pad/s 32;
    %load/vec4 v000002cde7c97ca0_0;
    %pad/s 32;
    %mul;
    %add;
    %assign/vec4 v000002cde7c98600_0, 0;
T_99.4 ;
T_99.1 ;
    %jmp T_99;
    .thread T_99;
    .scope S_000002cde7ca9580;
T_100 ;
    %wait E_000002cde7af7620;
    %load/vec4 v000002cde7c986a0_0;
    %nor/r;
    %flag_set/vec4 8;
    %jmp/0xz  T_100.0, 8;
    %pushi/vec4 0, 0, 8;
    %assign/vec4 v000002cde7c98420_0, 0;
    %pushi/vec4 0, 0, 8;
    %assign/vec4 v000002cde7c98920_0, 0;
    %pushi/vec4 0, 0, 32;
    %assign/vec4 v000002cde7c97a20_0, 0;
    %jmp T_100.1;
T_100.0 ;
    %load/vec4 v000002cde7c972a0_0;
    %flag_set/vec4 8;
    %jmp/0xz  T_100.2, 8;
    %load/vec4 v000002cde7c98380_0;
    %assign/vec4 v000002cde7c98420_0, 0;
T_100.2 ;
    %load/vec4 v000002cde7c990a0_0;
    %flag_set/vec4 8;
    %jmp/0xz  T_100.4, 8;
    %load/vec4 v000002cde7c98240_0;
    %assign/vec4 v000002cde7c98920_0, 0;
    %load/vec4 v000002cde7c98a60_0;
    %load/vec4 v000002cde7c98240_0;
    %pad/s 32;
    %load/vec4 v000002cde7c98420_0;
    %pad/s 32;
    %mul;
    %add;
    %assign/vec4 v000002cde7c97a20_0, 0;
T_100.4 ;
T_100.1 ;
    %jmp T_100;
    .thread T_100;
    .scope S_000002cde7ca9bc0;
T_101 ;
    %wait E_000002cde7af7620;
    %load/vec4 v000002cde7c9b3a0_0;
    %nor/r;
    %flag_set/vec4 8;
    %jmp/0xz  T_101.0, 8;
    %pushi/vec4 0, 0, 8;
    %assign/vec4 v000002cde7c996e0_0, 0;
    %pushi/vec4 0, 0, 8;
    %assign/vec4 v000002cde7c98d80_0, 0;
    %pushi/vec4 0, 0, 32;
    %assign/vec4 v000002cde7c9a040_0, 0;
    %jmp T_101.1;
T_101.0 ;
    %load/vec4 v000002cde7c98ce0_0;
    %flag_set/vec4 8;
    %jmp/0xz  T_101.2, 8;
    %load/vec4 v000002cde7c98c40_0;
    %assign/vec4 v000002cde7c996e0_0, 0;
T_101.2 ;
    %load/vec4 v000002cde7c96bc0_0;
    %flag_set/vec4 8;
    %jmp/0xz  T_101.4, 8;
    %load/vec4 v000002cde7c98880_0;
    %assign/vec4 v000002cde7c98d80_0, 0;
    %load/vec4 v000002cde7c98b00_0;
    %load/vec4 v000002cde7c98880_0;
    %pad/s 32;
    %load/vec4 v000002cde7c996e0_0;
    %pad/s 32;
    %mul;
    %add;
    %assign/vec4 v000002cde7c9a040_0, 0;
T_101.4 ;
T_101.1 ;
    %jmp T_101;
    .thread T_101;
    .scope S_000002cde7cab010;
T_102 ;
    %wait E_000002cde7af7620;
    %load/vec4 v000002cde7c993c0_0;
    %nor/r;
    %flag_set/vec4 8;
    %jmp/0xz  T_102.0, 8;
    %pushi/vec4 0, 0, 8;
    %assign/vec4 v000002cde7c99280_0, 0;
    %pushi/vec4 0, 0, 8;
    %assign/vec4 v000002cde7c99320_0, 0;
    %pushi/vec4 0, 0, 32;
    %assign/vec4 v000002cde7c9ad60_0, 0;
    %jmp T_102.1;
T_102.0 ;
    %load/vec4 v000002cde7c9b4e0_0;
    %flag_set/vec4 8;
    %jmp/0xz  T_102.2, 8;
    %load/vec4 v000002cde7c9b440_0;
    %assign/vec4 v000002cde7c99280_0, 0;
T_102.2 ;
    %load/vec4 v000002cde7c9b760_0;
    %flag_set/vec4 8;
    %jmp/0xz  T_102.4, 8;
    %load/vec4 v000002cde7c9a2c0_0;
    %assign/vec4 v000002cde7c99320_0, 0;
    %load/vec4 v000002cde7c99780_0;
    %load/vec4 v000002cde7c9a2c0_0;
    %pad/s 32;
    %load/vec4 v000002cde7c99280_0;
    %pad/s 32;
    %mul;
    %add;
    %assign/vec4 v000002cde7c9ad60_0, 0;
T_102.4 ;
T_102.1 ;
    %jmp T_102;
    .thread T_102;
    .scope S_000002cde7ca90d0;
T_103 ;
    %wait E_000002cde7af7620;
    %load/vec4 v000002cde7c9ab80_0;
    %nor/r;
    %flag_set/vec4 8;
    %jmp/0xz  T_103.0, 8;
    %pushi/vec4 0, 0, 8;
    %assign/vec4 v000002cde7c99a00_0, 0;
    %pushi/vec4 0, 0, 8;
    %assign/vec4 v000002cde7c99e60_0, 0;
    %pushi/vec4 0, 0, 32;
    %assign/vec4 v000002cde7c9a720_0, 0;
    %jmp T_103.1;
T_103.0 ;
    %load/vec4 v000002cde7c9a5e0_0;
    %flag_set/vec4 8;
    %jmp/0xz  T_103.2, 8;
    %load/vec4 v000002cde7c995a0_0;
    %assign/vec4 v000002cde7c99a00_0, 0;
T_103.2 ;
    %load/vec4 v000002cde7c9aa40_0;
    %flag_set/vec4 8;
    %jmp/0xz  T_103.4, 8;
    %load/vec4 v000002cde7c99500_0;
    %assign/vec4 v000002cde7c99e60_0, 0;
    %load/vec4 v000002cde7c99460_0;
    %load/vec4 v000002cde7c99500_0;
    %pad/s 32;
    %load/vec4 v000002cde7c99a00_0;
    %pad/s 32;
    %mul;
    %add;
    %assign/vec4 v000002cde7c9a720_0, 0;
T_103.4 ;
T_103.1 ;
    %jmp T_103;
    .thread T_103;
    .scope S_000002cde7ca9ee0;
T_104 ;
    %wait E_000002cde7af7620;
    %load/vec4 v000002cde7c99640_0;
    %nor/r;
    %flag_set/vec4 8;
    %jmp/0xz  T_104.0, 8;
    %pushi/vec4 0, 0, 8;
    %assign/vec4 v000002cde7c99be0_0, 0;
    %pushi/vec4 0, 0, 8;
    %assign/vec4 v000002cde7c9b8a0_0, 0;
    %pushi/vec4 0, 0, 32;
    %assign/vec4 v000002cde7c99960_0, 0;
    %jmp T_104.1;
T_104.0 ;
    %load/vec4 v000002cde7c9a7c0_0;
    %flag_set/vec4 8;
    %jmp/0xz  T_104.2, 8;
    %load/vec4 v000002cde7c99c80_0;
    %assign/vec4 v000002cde7c99be0_0, 0;
T_104.2 ;
    %load/vec4 v000002cde7c998c0_0;
    %flag_set/vec4 8;
    %jmp/0xz  T_104.4, 8;
    %load/vec4 v000002cde7c99f00_0;
    %assign/vec4 v000002cde7c9b8a0_0, 0;
    %load/vec4 v000002cde7c9af40_0;
    %load/vec4 v000002cde7c99f00_0;
    %pad/s 32;
    %load/vec4 v000002cde7c99be0_0;
    %pad/s 32;
    %mul;
    %add;
    %assign/vec4 v000002cde7c99960_0, 0;
T_104.4 ;
T_104.1 ;
    %jmp T_104;
    .thread T_104;
    .scope S_000002cde7cab1a0;
T_105 ;
    %wait E_000002cde7af7620;
    %load/vec4 v000002cde7c9a220_0;
    %nor/r;
    %flag_set/vec4 8;
    %jmp/0xz  T_105.0, 8;
    %pushi/vec4 0, 0, 8;
    %assign/vec4 v000002cde7c99d20_0, 0;
    %pushi/vec4 0, 0, 8;
    %assign/vec4 v000002cde7c9b1c0_0, 0;
    %pushi/vec4 0, 0, 32;
    %assign/vec4 v000002cde7c9b260_0, 0;
    %jmp T_105.1;
T_105.0 ;
    %load/vec4 v000002cde7c99b40_0;
    %flag_set/vec4 8;
    %jmp/0xz  T_105.2, 8;
    %load/vec4 v000002cde7c9b620_0;
    %assign/vec4 v000002cde7c99d20_0, 0;
T_105.2 ;
    %load/vec4 v000002cde7c9a180_0;
    %flag_set/vec4 8;
    %jmp/0xz  T_105.4, 8;
    %load/vec4 v000002cde7c99aa0_0;
    %assign/vec4 v000002cde7c9b1c0_0, 0;
    %load/vec4 v000002cde7c9b120_0;
    %load/vec4 v000002cde7c99aa0_0;
    %pad/s 32;
    %load/vec4 v000002cde7c99d20_0;
    %pad/s 32;
    %mul;
    %add;
    %assign/vec4 v000002cde7c9b260_0, 0;
T_105.4 ;
T_105.1 ;
    %jmp T_105;
    .thread T_105;
    .scope S_000002cde7cbddf0;
T_106 ;
    %wait E_000002cde7af7620;
    %load/vec4 v000002cde7cad190_0;
    %nor/r;
    %flag_set/vec4 8;
    %jmp/0xz  T_106.0, 8;
    %pushi/vec4 0, 0, 8;
    %assign/vec4 v000002cde7caf850_0, 0;
    %pushi/vec4 0, 0, 8;
    %assign/vec4 v000002cde7caf030_0, 0;
    %pushi/vec4 0, 0, 32;
    %assign/vec4 v000002cde7cadcd0_0, 0;
    %jmp T_106.1;
T_106.0 ;
    %load/vec4 v000002cde7caebd0_0;
    %flag_set/vec4 8;
    %jmp/0xz  T_106.2, 8;
    %load/vec4 v000002cde7cae3b0_0;
    %assign/vec4 v000002cde7caf850_0, 0;
T_106.2 ;
    %load/vec4 v000002cde7caf5d0_0;
    %flag_set/vec4 8;
    %jmp/0xz  T_106.4, 8;
    %load/vec4 v000002cde7cada50_0;
    %assign/vec4 v000002cde7caf030_0, 0;
    %load/vec4 v000002cde7cad410_0;
    %load/vec4 v000002cde7cada50_0;
    %pad/s 32;
    %load/vec4 v000002cde7caf850_0;
    %pad/s 32;
    %mul;
    %add;
    %assign/vec4 v000002cde7cadcd0_0, 0;
T_106.4 ;
T_106.1 ;
    %jmp T_106;
    .thread T_106;
    .scope S_000002cde7cbe110;
T_107 ;
    %wait E_000002cde7af7620;
    %load/vec4 v000002cde7caf710_0;
    %nor/r;
    %flag_set/vec4 8;
    %jmp/0xz  T_107.0, 8;
    %pushi/vec4 0, 0, 8;
    %assign/vec4 v000002cde7cadff0_0, 0;
    %pushi/vec4 0, 0, 8;
    %assign/vec4 v000002cde7cadb90_0, 0;
    %pushi/vec4 0, 0, 32;
    %assign/vec4 v000002cde7cae4f0_0, 0;
    %jmp T_107.1;
T_107.0 ;
    %load/vec4 v000002cde7cadaf0_0;
    %flag_set/vec4 8;
    %jmp/0xz  T_107.2, 8;
    %load/vec4 v000002cde7cad5f0_0;
    %assign/vec4 v000002cde7cadff0_0, 0;
T_107.2 ;
    %load/vec4 v000002cde7caf530_0;
    %flag_set/vec4 8;
    %jmp/0xz  T_107.4, 8;
    %load/vec4 v000002cde7cad2d0_0;
    %assign/vec4 v000002cde7cadb90_0, 0;
    %load/vec4 v000002cde7caec70_0;
    %load/vec4 v000002cde7cad2d0_0;
    %pad/s 32;
    %load/vec4 v000002cde7cadff0_0;
    %pad/s 32;
    %mul;
    %add;
    %assign/vec4 v000002cde7cae4f0_0, 0;
T_107.4 ;
T_107.1 ;
    %jmp T_107;
    .thread T_107;
    .scope S_000002cde7cbd170;
T_108 ;
    %wait E_000002cde7af7620;
    %load/vec4 v000002cde7cad4b0_0;
    %nor/r;
    %flag_set/vec4 8;
    %jmp/0xz  T_108.0, 8;
    %pushi/vec4 0, 0, 8;
    %assign/vec4 v000002cde7cae450_0, 0;
    %pushi/vec4 0, 0, 8;
    %assign/vec4 v000002cde7cadd70_0, 0;
    %pushi/vec4 0, 0, 32;
    %assign/vec4 v000002cde7cad370_0, 0;
    %jmp T_108.1;
T_108.0 ;
    %load/vec4 v000002cde7caf2b0_0;
    %flag_set/vec4 8;
    %jmp/0xz  T_108.2, 8;
    %load/vec4 v000002cde7caf210_0;
    %assign/vec4 v000002cde7cae450_0, 0;
T_108.2 ;
    %load/vec4 v000002cde7cad230_0;
    %flag_set/vec4 8;
    %jmp/0xz  T_108.4, 8;
    %load/vec4 v000002cde7cae810_0;
    %assign/vec4 v000002cde7cadd70_0, 0;
    %load/vec4 v000002cde7cae590_0;
    %load/vec4 v000002cde7cae810_0;
    %pad/s 32;
    %load/vec4 v000002cde7cae450_0;
    %pad/s 32;
    %mul;
    %add;
    %assign/vec4 v000002cde7cad370_0, 0;
T_108.4 ;
T_108.1 ;
    %jmp T_108;
    .thread T_108;
    .scope S_000002cde7cbdc60;
T_109 ;
    %wait E_000002cde7af7620;
    %load/vec4 v000002cde7caea90_0;
    %nor/r;
    %flag_set/vec4 8;
    %jmp/0xz  T_109.0, 8;
    %pushi/vec4 0, 0, 8;
    %assign/vec4 v000002cde7cae630_0, 0;
    %pushi/vec4 0, 0, 8;
    %assign/vec4 v000002cde7cadf50_0, 0;
    %pushi/vec4 0, 0, 32;
    %assign/vec4 v000002cde7cad9b0_0, 0;
    %jmp T_109.1;
T_109.0 ;
    %load/vec4 v000002cde7cad910_0;
    %flag_set/vec4 8;
    %jmp/0xz  T_109.2, 8;
    %load/vec4 v000002cde7cad870_0;
    %assign/vec4 v000002cde7cae630_0, 0;
T_109.2 ;
    %load/vec4 v000002cde7cad7d0_0;
    %flag_set/vec4 8;
    %jmp/0xz  T_109.4, 8;
    %load/vec4 v000002cde7cae8b0_0;
    %assign/vec4 v000002cde7cadf50_0, 0;
    %load/vec4 v000002cde7cade10_0;
    %load/vec4 v000002cde7cae8b0_0;
    %pad/s 32;
    %load/vec4 v000002cde7cae630_0;
    %pad/s 32;
    %mul;
    %add;
    %assign/vec4 v000002cde7cad9b0_0, 0;
T_109.4 ;
T_109.1 ;
    %jmp T_109;
    .thread T_109;
    .scope S_000002cde7cbdf80;
T_110 ;
    %wait E_000002cde7af7620;
    %load/vec4 v000002cde7cb0110_0;
    %nor/r;
    %flag_set/vec4 8;
    %jmp/0xz  T_110.0, 8;
    %pushi/vec4 0, 0, 8;
    %assign/vec4 v000002cde7cb1f10_0, 0;
    %pushi/vec4 0, 0, 8;
    %assign/vec4 v000002cde7cb1a10_0, 0;
    %pushi/vec4 0, 0, 32;
    %assign/vec4 v000002cde7cb0930_0, 0;
    %jmp T_110.1;
T_110.0 ;
    %load/vec4 v000002cde7cb1b50_0;
    %flag_set/vec4 8;
    %jmp/0xz  T_110.2, 8;
    %load/vec4 v000002cde7cb0c50_0;
    %assign/vec4 v000002cde7cb1f10_0, 0;
T_110.2 ;
    %load/vec4 v000002cde7cb0430_0;
    %flag_set/vec4 8;
    %jmp/0xz  T_110.4, 8;
    %load/vec4 v000002cde7cb1510_0;
    %assign/vec4 v000002cde7cb1a10_0, 0;
    %load/vec4 v000002cde7cb1290_0;
    %load/vec4 v000002cde7cb1510_0;
    %pad/s 32;
    %load/vec4 v000002cde7cb1f10_0;
    %pad/s 32;
    %mul;
    %add;
    %assign/vec4 v000002cde7cb0930_0, 0;
T_110.4 ;
T_110.1 ;
    %jmp T_110;
    .thread T_110;
    .scope S_000002cde7cc0b40;
T_111 ;
    %wait E_000002cde7af7620;
    %load/vec4 v000002cde7caffd0_0;
    %nor/r;
    %flag_set/vec4 8;
    %jmp/0xz  T_111.0, 8;
    %pushi/vec4 0, 0, 8;
    %assign/vec4 v000002cde7cb20f0_0, 0;
    %pushi/vec4 0, 0, 8;
    %assign/vec4 v000002cde7cb1790_0, 0;
    %pushi/vec4 0, 0, 32;
    %assign/vec4 v000002cde7cb0ed0_0, 0;
    %jmp T_111.1;
T_111.0 ;
    %load/vec4 v000002cde7cb0570_0;
    %flag_set/vec4 8;
    %jmp/0xz  T_111.2, 8;
    %load/vec4 v000002cde7cb0a70_0;
    %assign/vec4 v000002cde7cb20f0_0, 0;
T_111.2 ;
    %load/vec4 v000002cde7cb18d0_0;
    %flag_set/vec4 8;
    %jmp/0xz  T_111.4, 8;
    %load/vec4 v000002cde7cb2050_0;
    %assign/vec4 v000002cde7cb1790_0, 0;
    %load/vec4 v000002cde7cb09d0_0;
    %load/vec4 v000002cde7cb2050_0;
    %pad/s 32;
    %load/vec4 v000002cde7cb20f0_0;
    %pad/s 32;
    %mul;
    %add;
    %assign/vec4 v000002cde7cb0ed0_0, 0;
T_111.4 ;
T_111.1 ;
    %jmp T_111;
    .thread T_111;
    .scope S_000002cde7cc0e60;
T_112 ;
    %wait E_000002cde7af7620;
    %load/vec4 v000002cde7cafcb0_0;
    %nor/r;
    %flag_set/vec4 8;
    %jmp/0xz  T_112.0, 8;
    %pushi/vec4 0, 0, 8;
    %assign/vec4 v000002cde7cafdf0_0, 0;
    %pushi/vec4 0, 0, 8;
    %assign/vec4 v000002cde7cafe90_0, 0;
    %pushi/vec4 0, 0, 32;
    %assign/vec4 v000002cde7cb10b0_0, 0;
    %jmp T_112.1;
T_112.0 ;
    %load/vec4 v000002cde7cb02f0_0;
    %flag_set/vec4 8;
    %jmp/0xz  T_112.2, 8;
    %load/vec4 v000002cde7cb0250_0;
    %assign/vec4 v000002cde7cafdf0_0, 0;
T_112.2 ;
    %load/vec4 v000002cde7cb0890_0;
    %flag_set/vec4 8;
    %jmp/0xz  T_112.4, 8;
    %load/vec4 v000002cde7cafb70_0;
    %assign/vec4 v000002cde7cafe90_0, 0;
    %load/vec4 v000002cde7cb07f0_0;
    %load/vec4 v000002cde7cafb70_0;
    %pad/s 32;
    %load/vec4 v000002cde7cafdf0_0;
    %pad/s 32;
    %mul;
    %add;
    %assign/vec4 v000002cde7cb10b0_0, 0;
T_112.4 ;
T_112.1 ;
    %jmp T_112;
    .thread T_112;
    .scope S_000002cde7cbfd30;
T_113 ;
    %wait E_000002cde7af7620;
    %load/vec4 v000002cde7cb1bf0_0;
    %nor/r;
    %flag_set/vec4 8;
    %jmp/0xz  T_113.0, 8;
    %pushi/vec4 0, 0, 8;
    %assign/vec4 v000002cde7cb1470_0, 0;
    %pushi/vec4 0, 0, 8;
    %assign/vec4 v000002cde7cb0070_0, 0;
    %pushi/vec4 0, 0, 32;
    %assign/vec4 v000002cde7cb13d0_0, 0;
    %jmp T_113.1;
T_113.0 ;
    %load/vec4 v000002cde7cb1650_0;
    %flag_set/vec4 8;
    %jmp/0xz  T_113.2, 8;
    %load/vec4 v000002cde7caff30_0;
    %assign/vec4 v000002cde7cb1470_0, 0;
T_113.2 ;
    %load/vec4 v000002cde7cb0f70_0;
    %flag_set/vec4 8;
    %jmp/0xz  T_113.4, 8;
    %load/vec4 v000002cde7cb1150_0;
    %assign/vec4 v000002cde7cb0070_0, 0;
    %load/vec4 v000002cde7cb1330_0;
    %load/vec4 v000002cde7cb1150_0;
    %pad/s 32;
    %load/vec4 v000002cde7cb1470_0;
    %pad/s 32;
    %mul;
    %add;
    %assign/vec4 v000002cde7cb13d0_0, 0;
T_113.4 ;
T_113.1 ;
    %jmp T_113;
    .thread T_113;
    .scope S_000002cde7cbfec0;
T_114 ;
    %wait E_000002cde7af7620;
    %load/vec4 v000002cde7cb3770_0;
    %nor/r;
    %flag_set/vec4 8;
    %jmp/0xz  T_114.0, 8;
    %pushi/vec4 0, 0, 8;
    %assign/vec4 v000002cde7cb2cd0_0, 0;
    %pushi/vec4 0, 0, 8;
    %assign/vec4 v000002cde7cb3ef0_0, 0;
    %pushi/vec4 0, 0, 32;
    %assign/vec4 v000002cde7cb4030_0, 0;
    %jmp T_114.1;
T_114.0 ;
    %load/vec4 v000002cde7cb3f90_0;
    %flag_set/vec4 8;
    %jmp/0xz  T_114.2, 8;
    %load/vec4 v000002cde7cb3e50_0;
    %assign/vec4 v000002cde7cb2cd0_0, 0;
T_114.2 ;
    %load/vec4 v000002cde7cb1c90_0;
    %flag_set/vec4 8;
    %jmp/0xz  T_114.4, 8;
    %load/vec4 v000002cde7cb1d30_0;
    %assign/vec4 v000002cde7cb3ef0_0, 0;
    %load/vec4 v000002cde7cb1e70_0;
    %load/vec4 v000002cde7cb1d30_0;
    %pad/s 32;
    %load/vec4 v000002cde7cb2cd0_0;
    %pad/s 32;
    %mul;
    %add;
    %assign/vec4 v000002cde7cb4030_0, 0;
T_114.4 ;
T_114.1 ;
    %jmp T_114;
    .thread T_114;
    .scope S_000002cde7cc28f0;
T_115 ;
    %wait E_000002cde7af7620;
    %load/vec4 v000002cde7cb2190_0;
    %nor/r;
    %flag_set/vec4 8;
    %jmp/0xz  T_115.0, 8;
    %pushi/vec4 0, 0, 8;
    %assign/vec4 v000002cde7cb38b0_0, 0;
    %pushi/vec4 0, 0, 8;
    %assign/vec4 v000002cde7cb2870_0, 0;
    %pushi/vec4 0, 0, 32;
    %assign/vec4 v000002cde7cb2d70_0, 0;
    %jmp T_115.1;
T_115.0 ;
    %load/vec4 v000002cde7cb2af0_0;
    %flag_set/vec4 8;
    %jmp/0xz  T_115.2, 8;
    %load/vec4 v000002cde7cb3d10_0;
    %assign/vec4 v000002cde7cb38b0_0, 0;
T_115.2 ;
    %load/vec4 v000002cde7cb48f0_0;
    %flag_set/vec4 8;
    %jmp/0xz  T_115.4, 8;
    %load/vec4 v000002cde7cb4670_0;
    %assign/vec4 v000002cde7cb2870_0, 0;
    %load/vec4 v000002cde7cb3810_0;
    %load/vec4 v000002cde7cb4670_0;
    %pad/s 32;
    %load/vec4 v000002cde7cb38b0_0;
    %pad/s 32;
    %mul;
    %add;
    %assign/vec4 v000002cde7cb2d70_0, 0;
T_115.4 ;
T_115.1 ;
    %jmp T_115;
    .thread T_115;
    .scope S_000002cde7cc1ae0;
T_116 ;
    %wait E_000002cde7af7620;
    %load/vec4 v000002cde7cb25f0_0;
    %nor/r;
    %flag_set/vec4 8;
    %jmp/0xz  T_116.0, 8;
    %pushi/vec4 0, 0, 8;
    %assign/vec4 v000002cde7cb2a50_0, 0;
    %pushi/vec4 0, 0, 8;
    %assign/vec4 v000002cde7cb3c70_0, 0;
    %pushi/vec4 0, 0, 32;
    %assign/vec4 v000002cde7cb2550_0, 0;
    %jmp T_116.1;
T_116.0 ;
    %load/vec4 v000002cde7cb34f0_0;
    %flag_set/vec4 8;
    %jmp/0xz  T_116.2, 8;
    %load/vec4 v000002cde7cb2910_0;
    %assign/vec4 v000002cde7cb2a50_0, 0;
T_116.2 ;
    %load/vec4 v000002cde7cb4530_0;
    %flag_set/vec4 8;
    %jmp/0xz  T_116.4, 8;
    %load/vec4 v000002cde7cb24b0_0;
    %assign/vec4 v000002cde7cb3c70_0, 0;
    %load/vec4 v000002cde7cb2eb0_0;
    %load/vec4 v000002cde7cb24b0_0;
    %pad/s 32;
    %load/vec4 v000002cde7cb2a50_0;
    %pad/s 32;
    %mul;
    %add;
    %assign/vec4 v000002cde7cb2550_0, 0;
T_116.4 ;
T_116.1 ;
    %jmp T_116;
    .thread T_116;
    .scope S_000002cde7cc1f90;
T_117 ;
    %wait E_000002cde7af7620;
    %load/vec4 v000002cde7cb2f50_0;
    %nor/r;
    %flag_set/vec4 8;
    %jmp/0xz  T_117.0, 8;
    %pushi/vec4 0, 0, 8;
    %assign/vec4 v000002cde7cb2b90_0, 0;
    %pushi/vec4 0, 0, 8;
    %assign/vec4 v000002cde7cb3b30_0, 0;
    %pushi/vec4 0, 0, 32;
    %assign/vec4 v000002cde7cb3db0_0, 0;
    %jmp T_117.1;
T_117.0 ;
    %load/vec4 v000002cde7cb29b0_0;
    %flag_set/vec4 8;
    %jmp/0xz  T_117.2, 8;
    %load/vec4 v000002cde7cb27d0_0;
    %assign/vec4 v000002cde7cb2b90_0, 0;
T_117.2 ;
    %load/vec4 v000002cde7cb22d0_0;
    %flag_set/vec4 8;
    %jmp/0xz  T_117.4, 8;
    %load/vec4 v000002cde7cb2690_0;
    %assign/vec4 v000002cde7cb3b30_0, 0;
    %load/vec4 v000002cde7cb2730_0;
    %load/vec4 v000002cde7cb2690_0;
    %pad/s 32;
    %load/vec4 v000002cde7cb2b90_0;
    %pad/s 32;
    %mul;
    %add;
    %assign/vec4 v000002cde7cb3db0_0, 0;
T_117.4 ;
T_117.1 ;
    %jmp T_117;
    .thread T_117;
    .scope S_000002cde7cc3700;
T_118 ;
    %wait E_000002cde7af7620;
    %load/vec4 v000002cde7cb6ab0_0;
    %nor/r;
    %flag_set/vec4 8;
    %jmp/0xz  T_118.0, 8;
    %pushi/vec4 0, 0, 8;
    %assign/vec4 v000002cde7cb61f0_0, 0;
    %pushi/vec4 0, 0, 8;
    %assign/vec4 v000002cde7cb33b0_0, 0;
    %pushi/vec4 0, 0, 32;
    %assign/vec4 v000002cde7cb4850_0, 0;
    %jmp T_118.1;
T_118.0 ;
    %load/vec4 v000002cde7cb4350_0;
    %flag_set/vec4 8;
    %jmp/0xz  T_118.2, 8;
    %load/vec4 v000002cde7cb42b0_0;
    %assign/vec4 v000002cde7cb61f0_0, 0;
T_118.2 ;
    %load/vec4 v000002cde7cb31d0_0;
    %flag_set/vec4 8;
    %jmp/0xz  T_118.4, 8;
    %load/vec4 v000002cde7cb3270_0;
    %assign/vec4 v000002cde7cb33b0_0, 0;
    %load/vec4 v000002cde7cb3630_0;
    %load/vec4 v000002cde7cb3270_0;
    %pad/s 32;
    %load/vec4 v000002cde7cb61f0_0;
    %pad/s 32;
    %mul;
    %add;
    %assign/vec4 v000002cde7cb4850_0, 0;
T_118.4 ;
T_118.1 ;
    %jmp T_118;
    .thread T_118;
    .scope S_000002cde7cc5000;
T_119 ;
    %wait E_000002cde7af7620;
    %load/vec4 v000002cde7cb5930_0;
    %nor/r;
    %flag_set/vec4 8;
    %jmp/0xz  T_119.0, 8;
    %pushi/vec4 0, 0, 8;
    %assign/vec4 v000002cde7cb5b10_0, 0;
    %pushi/vec4 0, 0, 8;
    %assign/vec4 v000002cde7cb5ed0_0, 0;
    %pushi/vec4 0, 0, 32;
    %assign/vec4 v000002cde7cb7050_0, 0;
    %jmp T_119.1;
T_119.0 ;
    %load/vec4 v000002cde7cb6a10_0;
    %flag_set/vec4 8;
    %jmp/0xz  T_119.2, 8;
    %load/vec4 v000002cde7cb4990_0;
    %assign/vec4 v000002cde7cb5b10_0, 0;
T_119.2 ;
    %load/vec4 v000002cde7cb65b0_0;
    %flag_set/vec4 8;
    %jmp/0xz  T_119.4, 8;
    %load/vec4 v000002cde7cb6970_0;
    %assign/vec4 v000002cde7cb5ed0_0, 0;
    %load/vec4 v000002cde7cb4f30_0;
    %load/vec4 v000002cde7cb6970_0;
    %pad/s 32;
    %load/vec4 v000002cde7cb5b10_0;
    %pad/s 32;
    %mul;
    %add;
    %assign/vec4 v000002cde7cb7050_0, 0;
T_119.4 ;
T_119.1 ;
    %jmp T_119;
    .thread T_119;
    .scope S_000002cde7cc1310;
T_120 ;
    %wait E_000002cde7af7620;
    %load/vec4 v000002cde7cb57f0_0;
    %nor/r;
    %flag_set/vec4 8;
    %jmp/0xz  T_120.0, 8;
    %pushi/vec4 0, 0, 8;
    %assign/vec4 v000002cde7cb59d0_0, 0;
    %pushi/vec4 0, 0, 8;
    %assign/vec4 v000002cde7cb5250_0, 0;
    %pushi/vec4 0, 0, 32;
    %assign/vec4 v000002cde7cb6c90_0, 0;
    %jmp T_120.1;
T_120.0 ;
    %load/vec4 v000002cde7cb4d50_0;
    %flag_set/vec4 8;
    %jmp/0xz  T_120.2, 8;
    %load/vec4 v000002cde7cb6790_0;
    %assign/vec4 v000002cde7cb59d0_0, 0;
T_120.2 ;
    %load/vec4 v000002cde7cb70f0_0;
    %flag_set/vec4 8;
    %jmp/0xz  T_120.4, 8;
    %load/vec4 v000002cde7cb60b0_0;
    %assign/vec4 v000002cde7cb5250_0, 0;
    %load/vec4 v000002cde7cb5cf0_0;
    %load/vec4 v000002cde7cb60b0_0;
    %pad/s 32;
    %load/vec4 v000002cde7cb59d0_0;
    %pad/s 32;
    %mul;
    %add;
    %assign/vec4 v000002cde7cb6c90_0, 0;
T_120.4 ;
T_120.1 ;
    %jmp T_120;
    .thread T_120;
    .scope S_000002cde7cc2da0;
T_121 ;
    %wait E_000002cde7af7620;
    %load/vec4 v000002cde7cb6f10_0;
    %nor/r;
    %flag_set/vec4 8;
    %jmp/0xz  T_121.0, 8;
    %pushi/vec4 0, 0, 8;
    %assign/vec4 v000002cde7cb6150_0, 0;
    %pushi/vec4 0, 0, 8;
    %assign/vec4 v000002cde7cb56b0_0, 0;
    %pushi/vec4 0, 0, 32;
    %assign/vec4 v000002cde7cb6830_0, 0;
    %jmp T_121.1;
T_121.0 ;
    %load/vec4 v000002cde7cb6dd0_0;
    %flag_set/vec4 8;
    %jmp/0xz  T_121.2, 8;
    %load/vec4 v000002cde7cb5a70_0;
    %assign/vec4 v000002cde7cb6150_0, 0;
T_121.2 ;
    %load/vec4 v000002cde7cb5c50_0;
    %flag_set/vec4 8;
    %jmp/0xz  T_121.4, 8;
    %load/vec4 v000002cde7cb6d30_0;
    %assign/vec4 v000002cde7cb56b0_0, 0;
    %load/vec4 v000002cde7cb5610_0;
    %load/vec4 v000002cde7cb6d30_0;
    %pad/s 32;
    %load/vec4 v000002cde7cb6150_0;
    %pad/s 32;
    %mul;
    %add;
    %assign/vec4 v000002cde7cb6830_0, 0;
T_121.4 ;
T_121.1 ;
    %jmp T_121;
    .thread T_121;
    .scope S_000002cde7cc2f30;
T_122 ;
    %wait E_000002cde7af7620;
    %load/vec4 v000002cde7cb4cb0_0;
    %nor/r;
    %flag_set/vec4 8;
    %jmp/0xz  T_122.0, 8;
    %pushi/vec4 0, 0, 8;
    %assign/vec4 v000002cde7cb6470_0, 0;
    %pushi/vec4 0, 0, 8;
    %assign/vec4 v000002cde7cb4df0_0, 0;
    %pushi/vec4 0, 0, 32;
    %assign/vec4 v000002cde7cb5e30_0, 0;
    %jmp T_122.1;
T_122.0 ;
    %load/vec4 v000002cde7cb4c10_0;
    %flag_set/vec4 8;
    %jmp/0xz  T_122.2, 8;
    %load/vec4 v000002cde7cb4e90_0;
    %assign/vec4 v000002cde7cb6470_0, 0;
T_122.2 ;
    %load/vec4 v000002cde7cb54d0_0;
    %flag_set/vec4 8;
    %jmp/0xz  T_122.4, 8;
    %load/vec4 v000002cde7cb5bb0_0;
    %assign/vec4 v000002cde7cb4df0_0, 0;
    %load/vec4 v000002cde7cb5390_0;
    %load/vec4 v000002cde7cb5bb0_0;
    %pad/s 32;
    %load/vec4 v000002cde7cb6470_0;
    %pad/s 32;
    %mul;
    %add;
    %assign/vec4 v000002cde7cb5e30_0, 0;
T_122.4 ;
T_122.1 ;
    %jmp T_122;
    .thread T_122;
    .scope S_000002cde7cc4830;
T_123 ;
    %wait E_000002cde7af7620;
    %load/vec4 v000002cde7cb88b0_0;
    %nor/r;
    %flag_set/vec4 8;
    %jmp/0xz  T_123.0, 8;
    %pushi/vec4 0, 0, 8;
    %assign/vec4 v000002cde7cb7cd0_0, 0;
    %pushi/vec4 0, 0, 8;
    %assign/vec4 v000002cde7cb8ef0_0, 0;
    %pushi/vec4 0, 0, 32;
    %assign/vec4 v000002cde7cb9030_0, 0;
    %jmp T_123.1;
T_123.0 ;
    %load/vec4 v000002cde7cb8f90_0;
    %flag_set/vec4 8;
    %jmp/0xz  T_123.2, 8;
    %load/vec4 v000002cde7cb8e50_0;
    %assign/vec4 v000002cde7cb7cd0_0, 0;
T_123.2 ;
    %load/vec4 v000002cde7cb8090_0;
    %flag_set/vec4 8;
    %jmp/0xz  T_123.4, 8;
    %load/vec4 v000002cde7cb9710_0;
    %assign/vec4 v000002cde7cb8ef0_0, 0;
    %load/vec4 v000002cde7cb8810_0;
    %load/vec4 v000002cde7cb9710_0;
    %pad/s 32;
    %load/vec4 v000002cde7cb7cd0_0;
    %pad/s 32;
    %mul;
    %add;
    %assign/vec4 v000002cde7cb9030_0, 0;
T_123.4 ;
T_123.1 ;
    %jmp T_123;
    .thread T_123;
    .scope S_000002cde7cc5640;
T_124 ;
    %wait E_000002cde7af7620;
    %load/vec4 v000002cde7cb90d0_0;
    %nor/r;
    %flag_set/vec4 8;
    %jmp/0xz  T_124.0, 8;
    %pushi/vec4 0, 0, 8;
    %assign/vec4 v000002cde7cb7f50_0, 0;
    %pushi/vec4 0, 0, 8;
    %assign/vec4 v000002cde7cb7af0_0, 0;
    %pushi/vec4 0, 0, 32;
    %assign/vec4 v000002cde7cb8590_0, 0;
    %jmp T_124.1;
T_124.0 ;
    %load/vec4 v000002cde7cb9350_0;
    %flag_set/vec4 8;
    %jmp/0xz  T_124.2, 8;
    %load/vec4 v000002cde7cb89f0_0;
    %assign/vec4 v000002cde7cb7f50_0, 0;
T_124.2 ;
    %load/vec4 v000002cde7cb7d70_0;
    %flag_set/vec4 8;
    %jmp/0xz  T_124.4, 8;
    %load/vec4 v000002cde7cb9170_0;
    %assign/vec4 v000002cde7cb7af0_0, 0;
    %load/vec4 v000002cde7cb8630_0;
    %load/vec4 v000002cde7cb9170_0;
    %pad/s 32;
    %load/vec4 v000002cde7cb7f50_0;
    %pad/s 32;
    %mul;
    %add;
    %assign/vec4 v000002cde7cb8590_0, 0;
T_124.4 ;
T_124.1 ;
    %jmp T_124;
    .thread T_124;
    .scope S_000002cde7cc3570;
T_125 ;
    %wait E_000002cde7af7620;
    %load/vec4 v000002cde7cb7ff0_0;
    %nor/r;
    %flag_set/vec4 8;
    %jmp/0xz  T_125.0, 8;
    %pushi/vec4 0, 0, 8;
    %assign/vec4 v000002cde7cb83b0_0, 0;
    %pushi/vec4 0, 0, 8;
    %assign/vec4 v000002cde7cb7e10_0, 0;
    %pushi/vec4 0, 0, 32;
    %assign/vec4 v000002cde7cb8130_0, 0;
    %jmp T_125.1;
T_125.0 ;
    %load/vec4 v000002cde7cb8a90_0;
    %flag_set/vec4 8;
    %jmp/0xz  T_125.2, 8;
    %load/vec4 v000002cde7cb95d0_0;
    %assign/vec4 v000002cde7cb83b0_0, 0;
T_125.2 ;
    %load/vec4 v000002cde7cb9210_0;
    %flag_set/vec4 8;
    %jmp/0xz  T_125.4, 8;
    %load/vec4 v000002cde7cb8950_0;
    %assign/vec4 v000002cde7cb7e10_0, 0;
    %load/vec4 v000002cde7cb97b0_0;
    %load/vec4 v000002cde7cb8950_0;
    %pad/s 32;
    %load/vec4 v000002cde7cb83b0_0;
    %pad/s 32;
    %mul;
    %add;
    %assign/vec4 v000002cde7cb8130_0, 0;
T_125.4 ;
T_125.1 ;
    %jmp T_125;
    .thread T_125;
    .scope S_000002cde7cc62c0;
T_126 ;
    %wait E_000002cde7af7620;
    %load/vec4 v000002cde7cb7910_0;
    %nor/r;
    %flag_set/vec4 8;
    %jmp/0xz  T_126.0, 8;
    %pushi/vec4 0, 0, 8;
    %assign/vec4 v000002cde7cb7230_0, 0;
    %pushi/vec4 0, 0, 8;
    %assign/vec4 v000002cde7cb72d0_0, 0;
    %pushi/vec4 0, 0, 32;
    %assign/vec4 v000002cde7cb7550_0, 0;
    %jmp T_126.1;
T_126.0 ;
    %load/vec4 v000002cde7cb8d10_0;
    %flag_set/vec4 8;
    %jmp/0xz  T_126.2, 8;
    %load/vec4 v000002cde7cb77d0_0;
    %assign/vec4 v000002cde7cb7230_0, 0;
T_126.2 ;
    %load/vec4 v000002cde7cb9670_0;
    %flag_set/vec4 8;
    %jmp/0xz  T_126.4, 8;
    %load/vec4 v000002cde7cb8c70_0;
    %assign/vec4 v000002cde7cb72d0_0, 0;
    %load/vec4 v000002cde7cb9850_0;
    %load/vec4 v000002cde7cb8c70_0;
    %pad/s 32;
    %load/vec4 v000002cde7cb7230_0;
    %pad/s 32;
    %mul;
    %add;
    %assign/vec4 v000002cde7cb7550_0, 0;
T_126.4 ;
T_126.1 ;
    %jmp T_126;
    .thread T_126;
    .scope S_000002cde7cc6900;
T_127 ;
    %wait E_000002cde7af7620;
    %load/vec4 v000002cde7cbb970_0;
    %nor/r;
    %flag_set/vec4 8;
    %jmp/0xz  T_127.0, 8;
    %pushi/vec4 0, 0, 8;
    %assign/vec4 v000002cde7cbc0f0_0, 0;
    %pushi/vec4 0, 0, 8;
    %assign/vec4 v000002cde7cbbb50_0, 0;
    %pushi/vec4 0, 0, 32;
    %assign/vec4 v000002cde7cba610_0, 0;
    %jmp T_127.1;
T_127.0 ;
    %load/vec4 v000002cde7cbae30_0;
    %flag_set/vec4 8;
    %jmp/0xz  T_127.2, 8;
    %load/vec4 v000002cde7cb9b70_0;
    %assign/vec4 v000002cde7cbc0f0_0, 0;
T_127.2 ;
    %load/vec4 v000002cde7cbac50_0;
    %flag_set/vec4 8;
    %jmp/0xz  T_127.4, 8;
    %load/vec4 v000002cde7cbb0b0_0;
    %assign/vec4 v000002cde7cbbb50_0, 0;
    %load/vec4 v000002cde7cb9f30_0;
    %load/vec4 v000002cde7cbb0b0_0;
    %pad/s 32;
    %load/vec4 v000002cde7cbc0f0_0;
    %pad/s 32;
    %mul;
    %add;
    %assign/vec4 v000002cde7cba610_0, 0;
T_127.4 ;
T_127.1 ;
    %jmp T_127;
    .thread T_127;
    .scope S_000002cde7cc6db0;
T_128 ;
    %wait E_000002cde7af7620;
    %load/vec4 v000002cde7cba390_0;
    %nor/r;
    %flag_set/vec4 8;
    %jmp/0xz  T_128.0, 8;
    %pushi/vec4 0, 0, 8;
    %assign/vec4 v000002cde7cba250_0, 0;
    %pushi/vec4 0, 0, 8;
    %assign/vec4 v000002cde7cbb290_0, 0;
    %pushi/vec4 0, 0, 32;
    %assign/vec4 v000002cde7cbacf0_0, 0;
    %jmp T_128.1;
T_128.0 ;
    %load/vec4 v000002cde7cbba10_0;
    %flag_set/vec4 8;
    %jmp/0xz  T_128.2, 8;
    %load/vec4 v000002cde7cba430_0;
    %assign/vec4 v000002cde7cba250_0, 0;
T_128.2 ;
    %load/vec4 v000002cde7cba070_0;
    %flag_set/vec4 8;
    %jmp/0xz  T_128.4, 8;
    %load/vec4 v000002cde7cb9990_0;
    %assign/vec4 v000002cde7cbb290_0, 0;
    %load/vec4 v000002cde7cb9cb0_0;
    %load/vec4 v000002cde7cb9990_0;
    %pad/s 32;
    %load/vec4 v000002cde7cba250_0;
    %pad/s 32;
    %mul;
    %add;
    %assign/vec4 v000002cde7cbacf0_0, 0;
T_128.4 ;
T_128.1 ;
    %jmp T_128;
    .thread T_128;
    .scope S_000002cde7cc7260;
T_129 ;
    %wait E_000002cde7af7620;
    %load/vec4 v000002cde7cbbd30_0;
    %nor/r;
    %flag_set/vec4 8;
    %jmp/0xz  T_129.0, 8;
    %pushi/vec4 0, 0, 8;
    %assign/vec4 v000002cde7cba6b0_0, 0;
    %pushi/vec4 0, 0, 8;
    %assign/vec4 v000002cde7cba9d0_0, 0;
    %pushi/vec4 0, 0, 32;
    %assign/vec4 v000002cde7cbaa70_0, 0;
    %jmp T_129.1;
T_129.0 ;
    %load/vec4 v000002cde7cbb010_0;
    %flag_set/vec4 8;
    %jmp/0xz  T_129.2, 8;
    %load/vec4 v000002cde7cbb8d0_0;
    %assign/vec4 v000002cde7cba6b0_0, 0;
T_129.2 ;
    %load/vec4 v000002cde7cbb830_0;
    %flag_set/vec4 8;
    %jmp/0xz  T_129.4, 8;
    %load/vec4 v000002cde7cbb330_0;
    %assign/vec4 v000002cde7cba9d0_0, 0;
    %load/vec4 v000002cde7cbaed0_0;
    %load/vec4 v000002cde7cbb330_0;
    %pad/s 32;
    %load/vec4 v000002cde7cba6b0_0;
    %pad/s 32;
    %mul;
    %add;
    %assign/vec4 v000002cde7cbaa70_0, 0;
T_129.4 ;
T_129.1 ;
    %jmp T_129;
    .thread T_129;
    .scope S_000002cde7cc3d40;
T_130 ;
    %wait E_000002cde7af7620;
    %load/vec4 v000002cde7cbab10_0;
    %nor/r;
    %flag_set/vec4 8;
    %jmp/0xz  T_130.0, 8;
    %pushi/vec4 0, 0, 8;
    %assign/vec4 v000002cde7cba750_0, 0;
    %pushi/vec4 0, 0, 8;
    %assign/vec4 v000002cde7cbb510_0, 0;
    %pushi/vec4 0, 0, 32;
    %assign/vec4 v000002cde7cba570_0, 0;
    %jmp T_130.1;
T_130.0 ;
    %load/vec4 v000002cde7cba4d0_0;
    %flag_set/vec4 8;
    %jmp/0xz  T_130.2, 8;
    %load/vec4 v000002cde7cbb470_0;
    %assign/vec4 v000002cde7cba750_0, 0;
T_130.2 ;
    %load/vec4 v000002cde7cba110_0;
    %flag_set/vec4 8;
    %jmp/0xz  T_130.4, 8;
    %load/vec4 v000002cde7cba1b0_0;
    %assign/vec4 v000002cde7cbb510_0, 0;
    %load/vec4 v000002cde7cba2f0_0;
    %load/vec4 v000002cde7cba1b0_0;
    %pad/s 32;
    %load/vec4 v000002cde7cba750_0;
    %pad/s 32;
    %mul;
    %add;
    %assign/vec4 v000002cde7cba570_0, 0;
T_130.4 ;
T_130.1 ;
    %jmp T_130;
    .thread T_130;
    .scope S_000002cde7cc8070;
T_131 ;
    %wait E_000002cde7af7620;
    %load/vec4 v000002cde7cbc870_0;
    %nor/r;
    %flag_set/vec4 8;
    %jmp/0xz  T_131.0, 8;
    %pushi/vec4 0, 0, 8;
    %assign/vec4 v000002cde7cbce10_0, 0;
    %pushi/vec4 0, 0, 8;
    %assign/vec4 v000002cde7cbc5f0_0, 0;
    %pushi/vec4 0, 0, 32;
    %assign/vec4 v000002cde7cbc7d0_0, 0;
    %jmp T_131.1;
T_131.0 ;
    %load/vec4 v000002cde7cbc4b0_0;
    %flag_set/vec4 8;
    %jmp/0xz  T_131.2, 8;
    %load/vec4 v000002cde7cbbfb0_0;
    %assign/vec4 v000002cde7cbce10_0, 0;
T_131.2 ;
    %load/vec4 v000002cde7cbbdd0_0;
    %flag_set/vec4 8;
    %jmp/0xz  T_131.4, 8;
    %load/vec4 v000002cde7cbbe70_0;
    %assign/vec4 v000002cde7cbc5f0_0, 0;
    %load/vec4 v000002cde7cbbf10_0;
    %load/vec4 v000002cde7cbbe70_0;
    %pad/s 32;
    %load/vec4 v000002cde7cbce10_0;
    %pad/s 32;
    %mul;
    %add;
    %assign/vec4 v000002cde7cbc7d0_0, 0;
T_131.4 ;
T_131.1 ;
    %jmp T_131;
    .thread T_131;
    .scope S_000002cde7cc89d0;
T_132 ;
    %wait E_000002cde7af7620;
    %load/vec4 v000002cde7cbc230_0;
    %nor/r;
    %flag_set/vec4 8;
    %jmp/0xz  T_132.0, 8;
    %pushi/vec4 0, 0, 8;
    %assign/vec4 v000002cde7cbcf50_0, 0;
    %pushi/vec4 0, 0, 8;
    %assign/vec4 v000002cde7cbcd70_0, 0;
    %pushi/vec4 0, 0, 32;
    %assign/vec4 v000002cde7cbceb0_0, 0;
    %jmp T_132.1;
T_132.0 ;
    %load/vec4 v000002cde7cbc9b0_0;
    %flag_set/vec4 8;
    %jmp/0xz  T_132.2, 8;
    %load/vec4 v000002cde7cbccd0_0;
    %assign/vec4 v000002cde7cbcf50_0, 0;
T_132.2 ;
    %load/vec4 v000002cde7cbcaf0_0;
    %flag_set/vec4 8;
    %jmp/0xz  T_132.4, 8;
    %load/vec4 v000002cde7cbc190_0;
    %assign/vec4 v000002cde7cbcd70_0, 0;
    %load/vec4 v000002cde7cbc690_0;
    %load/vec4 v000002cde7cbc190_0;
    %pad/s 32;
    %load/vec4 v000002cde7cbcf50_0;
    %pad/s 32;
    %mul;
    %add;
    %assign/vec4 v000002cde7cbceb0_0, 0;
T_132.4 ;
T_132.1 ;
    %jmp T_132;
    .thread T_132;
    .scope S_000002cde7cc8390;
T_133 ;
    %wait E_000002cde7af7620;
    %load/vec4 v000002cde7ce2e00_0;
    %nor/r;
    %flag_set/vec4 8;
    %jmp/0xz  T_133.0, 8;
    %pushi/vec4 0, 0, 8;
    %assign/vec4 v000002cde7ce1b40_0, 0;
    %pushi/vec4 0, 0, 8;
    %assign/vec4 v000002cde7ce2180_0, 0;
    %pushi/vec4 0, 0, 32;
    %assign/vec4 v000002cde7ce1780_0, 0;
    %jmp T_133.1;
T_133.0 ;
    %load/vec4 v000002cde7ce36c0_0;
    %flag_set/vec4 8;
    %jmp/0xz  T_133.2, 8;
    %load/vec4 v000002cde7ce20e0_0;
    %assign/vec4 v000002cde7ce1b40_0, 0;
T_133.2 ;
    %load/vec4 v000002cde7ce2f40_0;
    %flag_set/vec4 8;
    %jmp/0xz  T_133.4, 8;
    %load/vec4 v000002cde7ce2b80_0;
    %assign/vec4 v000002cde7ce2180_0, 0;
    %load/vec4 v000002cde7ce1e60_0;
    %load/vec4 v000002cde7ce2b80_0;
    %pad/s 32;
    %load/vec4 v000002cde7ce1b40_0;
    %pad/s 32;
    %mul;
    %add;
    %assign/vec4 v000002cde7ce1780_0, 0;
T_133.4 ;
T_133.1 ;
    %jmp T_133;
    .thread T_133;
    .scope S_000002cde7cc8520;
T_134 ;
    %wait E_000002cde7af7620;
    %load/vec4 v000002cde7ce2220_0;
    %nor/r;
    %flag_set/vec4 8;
    %jmp/0xz  T_134.0, 8;
    %pushi/vec4 0, 0, 8;
    %assign/vec4 v000002cde7ce2540_0, 0;
    %pushi/vec4 0, 0, 8;
    %assign/vec4 v000002cde7ce24a0_0, 0;
    %pushi/vec4 0, 0, 32;
    %assign/vec4 v000002cde7ce2720_0, 0;
    %jmp T_134.1;
T_134.0 ;
    %load/vec4 v000002cde7ce2ea0_0;
    %flag_set/vec4 8;
    %jmp/0xz  T_134.2, 8;
    %load/vec4 v000002cde7ce1280_0;
    %assign/vec4 v000002cde7ce2540_0, 0;
T_134.2 ;
    %load/vec4 v000002cde7ce2360_0;
    %flag_set/vec4 8;
    %jmp/0xz  T_134.4, 8;
    %load/vec4 v000002cde7ce2fe0_0;
    %assign/vec4 v000002cde7ce24a0_0, 0;
    %load/vec4 v000002cde7ce11e0_0;
    %load/vec4 v000002cde7ce2fe0_0;
    %pad/s 32;
    %load/vec4 v000002cde7ce2540_0;
    %pad/s 32;
    %mul;
    %add;
    %assign/vec4 v000002cde7ce2720_0, 0;
T_134.4 ;
T_134.1 ;
    %jmp T_134;
    .thread T_134;
    .scope S_000002cde7cea4b0;
T_135 ;
    %wait E_000002cde7af7620;
    %load/vec4 v000002cde7ce1960_0;
    %nor/r;
    %flag_set/vec4 8;
    %jmp/0xz  T_135.0, 8;
    %pushi/vec4 0, 0, 8;
    %assign/vec4 v000002cde7ce3080_0, 0;
    %pushi/vec4 0, 0, 8;
    %assign/vec4 v000002cde7ce1320_0, 0;
    %pushi/vec4 0, 0, 32;
    %assign/vec4 v000002cde7ce13c0_0, 0;
    %jmp T_135.1;
T_135.0 ;
    %load/vec4 v000002cde7ce2ae0_0;
    %flag_set/vec4 8;
    %jmp/0xz  T_135.2, 8;
    %load/vec4 v000002cde7ce1820_0;
    %assign/vec4 v000002cde7ce3080_0, 0;
T_135.2 ;
    %load/vec4 v000002cde7ce31c0_0;
    %flag_set/vec4 8;
    %jmp/0xz  T_135.4, 8;
    %load/vec4 v000002cde7ce27c0_0;
    %assign/vec4 v000002cde7ce1320_0, 0;
    %load/vec4 v000002cde7ce3580_0;
    %load/vec4 v000002cde7ce27c0_0;
    %pad/s 32;
    %load/vec4 v000002cde7ce3080_0;
    %pad/s 32;
    %mul;
    %add;
    %assign/vec4 v000002cde7ce13c0_0, 0;
T_135.4 ;
T_135.1 ;
    %jmp T_135;
    .thread T_135;
    .scope S_000002cde7cea7d0;
T_136 ;
    %wait E_000002cde7af7620;
    %load/vec4 v000002cde7ce3300_0;
    %nor/r;
    %flag_set/vec4 8;
    %jmp/0xz  T_136.0, 8;
    %pushi/vec4 0, 0, 8;
    %assign/vec4 v000002cde7ce3120_0, 0;
    %pushi/vec4 0, 0, 8;
    %assign/vec4 v000002cde7ce33a0_0, 0;
    %pushi/vec4 0, 0, 32;
    %assign/vec4 v000002cde7ce1fa0_0, 0;
    %jmp T_136.1;
T_136.0 ;
    %load/vec4 v000002cde7ce29a0_0;
    %flag_set/vec4 8;
    %jmp/0xz  T_136.2, 8;
    %load/vec4 v000002cde7ce15a0_0;
    %assign/vec4 v000002cde7ce3120_0, 0;
T_136.2 ;
    %load/vec4 v000002cde7ce2860_0;
    %flag_set/vec4 8;
    %jmp/0xz  T_136.4, 8;
    %load/vec4 v000002cde7ce2900_0;
    %assign/vec4 v000002cde7ce33a0_0, 0;
    %load/vec4 v000002cde7ce1aa0_0;
    %load/vec4 v000002cde7ce2900_0;
    %pad/s 32;
    %load/vec4 v000002cde7ce3120_0;
    %pad/s 32;
    %mul;
    %add;
    %assign/vec4 v000002cde7ce1fa0_0, 0;
T_136.4 ;
T_136.1 ;
    %jmp T_136;
    .thread T_136;
    .scope S_000002cde7cec3f0;
T_137 ;
    %wait E_000002cde7af7620;
    %load/vec4 v000002cde7ce5f60_0;
    %nor/r;
    %flag_set/vec4 8;
    %jmp/0xz  T_137.0, 8;
    %pushi/vec4 0, 0, 8;
    %assign/vec4 v000002cde7ce3f80_0, 0;
    %pushi/vec4 0, 0, 8;
    %assign/vec4 v000002cde7ce4ac0_0, 0;
    %pushi/vec4 0, 0, 32;
    %assign/vec4 v000002cde7ce60a0_0, 0;
    %jmp T_137.1;
T_137.0 ;
    %load/vec4 v000002cde7ce47a0_0;
    %flag_set/vec4 8;
    %jmp/0xz  T_137.2, 8;
    %load/vec4 v000002cde7ce57e0_0;
    %assign/vec4 v000002cde7ce3f80_0, 0;
T_137.2 ;
    %load/vec4 v000002cde7ce3760_0;
    %flag_set/vec4 8;
    %jmp/0xz  T_137.4, 8;
    %load/vec4 v000002cde7ce16e0_0;
    %assign/vec4 v000002cde7ce4ac0_0, 0;
    %load/vec4 v000002cde7ce5740_0;
    %load/vec4 v000002cde7ce16e0_0;
    %pad/s 32;
    %load/vec4 v000002cde7ce3f80_0;
    %pad/s 32;
    %mul;
    %add;
    %assign/vec4 v000002cde7ce60a0_0, 0;
T_137.4 ;
T_137.1 ;
    %jmp T_137;
    .thread T_137;
    .scope S_000002cde7cec8a0;
T_138 ;
    %wait E_000002cde7af7620;
    %load/vec4 v000002cde7ce3e40_0;
    %nor/r;
    %flag_set/vec4 8;
    %jmp/0xz  T_138.0, 8;
    %pushi/vec4 0, 0, 8;
    %assign/vec4 v000002cde7ce4ca0_0, 0;
    %pushi/vec4 0, 0, 8;
    %assign/vec4 v000002cde7ce3a80_0, 0;
    %pushi/vec4 0, 0, 32;
    %assign/vec4 v000002cde7ce4660_0, 0;
    %jmp T_138.1;
T_138.0 ;
    %load/vec4 v000002cde7ce3b20_0;
    %flag_set/vec4 8;
    %jmp/0xz  T_138.2, 8;
    %load/vec4 v000002cde7ce3c60_0;
    %assign/vec4 v000002cde7ce4ca0_0, 0;
T_138.2 ;
    %load/vec4 v000002cde7ce4520_0;
    %flag_set/vec4 8;
    %jmp/0xz  T_138.4, 8;
    %load/vec4 v000002cde7ce45c0_0;
    %assign/vec4 v000002cde7ce3a80_0, 0;
    %load/vec4 v000002cde7ce4b60_0;
    %load/vec4 v000002cde7ce45c0_0;
    %pad/s 32;
    %load/vec4 v000002cde7ce4ca0_0;
    %pad/s 32;
    %mul;
    %add;
    %assign/vec4 v000002cde7ce4660_0, 0;
T_138.4 ;
T_138.1 ;
    %jmp T_138;
    .thread T_138;
    .scope S_000002cde7ceafa0;
T_139 ;
    %wait E_000002cde7af7620;
    %load/vec4 v000002cde7ce5240_0;
    %nor/r;
    %flag_set/vec4 8;
    %jmp/0xz  T_139.0, 8;
    %pushi/vec4 0, 0, 8;
    %assign/vec4 v000002cde7ce42a0_0, 0;
    %pushi/vec4 0, 0, 8;
    %assign/vec4 v000002cde7ce4700_0, 0;
    %pushi/vec4 0, 0, 32;
    %assign/vec4 v000002cde7ce4f20_0, 0;
    %jmp T_139.1;
T_139.0 ;
    %load/vec4 v000002cde7ce4e80_0;
    %flag_set/vec4 8;
    %jmp/0xz  T_139.2, 8;
    %load/vec4 v000002cde7ce4160_0;
    %assign/vec4 v000002cde7ce42a0_0, 0;
T_139.2 ;
    %load/vec4 v000002cde7ce56a0_0;
    %flag_set/vec4 8;
    %jmp/0xz  T_139.4, 8;
    %load/vec4 v000002cde7ce3ee0_0;
    %assign/vec4 v000002cde7ce4700_0, 0;
    %load/vec4 v000002cde7ce40c0_0;
    %load/vec4 v000002cde7ce3ee0_0;
    %pad/s 32;
    %load/vec4 v000002cde7ce42a0_0;
    %pad/s 32;
    %mul;
    %add;
    %assign/vec4 v000002cde7ce4f20_0, 0;
T_139.4 ;
T_139.1 ;
    %jmp T_139;
    .thread T_139;
    .scope S_000002cde7ceb450;
T_140 ;
    %wait E_000002cde7af7620;
    %load/vec4 v000002cde7ce39e0_0;
    %nor/r;
    %flag_set/vec4 8;
    %jmp/0xz  T_140.0, 8;
    %pushi/vec4 0, 0, 8;
    %assign/vec4 v000002cde7ce6000_0, 0;
    %pushi/vec4 0, 0, 8;
    %assign/vec4 v000002cde7ce4480_0, 0;
    %pushi/vec4 0, 0, 32;
    %assign/vec4 v000002cde7ce48e0_0, 0;
    %jmp T_140.1;
T_140.0 ;
    %load/vec4 v000002cde7ce4fc0_0;
    %flag_set/vec4 8;
    %jmp/0xz  T_140.2, 8;
    %load/vec4 v000002cde7ce4840_0;
    %assign/vec4 v000002cde7ce6000_0, 0;
T_140.2 ;
    %load/vec4 v000002cde7ce5920_0;
    %flag_set/vec4 8;
    %jmp/0xz  T_140.4, 8;
    %load/vec4 v000002cde7ce59c0_0;
    %assign/vec4 v000002cde7ce4480_0, 0;
    %load/vec4 v000002cde7ce5600_0;
    %load/vec4 v000002cde7ce59c0_0;
    %pad/s 32;
    %load/vec4 v000002cde7ce6000_0;
    %pad/s 32;
    %mul;
    %add;
    %assign/vec4 v000002cde7ce48e0_0, 0;
T_140.4 ;
T_140.1 ;
    %jmp T_140;
    .thread T_140;
    .scope S_000002cde7ced6b0;
T_141 ;
    %wait E_000002cde7af7620;
    %load/vec4 v000002cde7ce83a0_0;
    %nor/r;
    %flag_set/vec4 8;
    %jmp/0xz  T_141.0, 8;
    %pushi/vec4 0, 0, 8;
    %assign/vec4 v000002cde7ce6280_0, 0;
    %pushi/vec4 0, 0, 8;
    %assign/vec4 v000002cde7ce5ec0_0, 0;
    %pushi/vec4 0, 0, 32;
    %assign/vec4 v000002cde7ce65a0_0, 0;
    %jmp T_141.1;
T_141.0 ;
    %load/vec4 v000002cde7ce5e20_0;
    %flag_set/vec4 8;
    %jmp/0xz  T_141.2, 8;
    %load/vec4 v000002cde7ce5d80_0;
    %assign/vec4 v000002cde7ce6280_0, 0;
T_141.2 ;
    %load/vec4 v000002cde7ce5b00_0;
    %flag_set/vec4 8;
    %jmp/0xz  T_141.4, 8;
    %load/vec4 v000002cde7ce5ce0_0;
    %assign/vec4 v000002cde7ce5ec0_0, 0;
    %load/vec4 v000002cde7ce5ba0_0;
    %load/vec4 v000002cde7ce5ce0_0;
    %pad/s 32;
    %load/vec4 v000002cde7ce6280_0;
    %pad/s 32;
    %mul;
    %add;
    %assign/vec4 v000002cde7ce65a0_0, 0;
T_141.4 ;
T_141.1 ;
    %jmp T_141;
    .thread T_141;
    .scope S_000002cde7cebc20;
T_142 ;
    %wait E_000002cde7af7620;
    %load/vec4 v000002cde7ce66e0_0;
    %nor/r;
    %flag_set/vec4 8;
    %jmp/0xz  T_142.0, 8;
    %pushi/vec4 0, 0, 8;
    %assign/vec4 v000002cde7ce8260_0, 0;
    %pushi/vec4 0, 0, 8;
    %assign/vec4 v000002cde7ce6500_0, 0;
    %pushi/vec4 0, 0, 32;
    %assign/vec4 v000002cde7ce6640_0, 0;
    %jmp T_142.1;
T_142.0 ;
    %load/vec4 v000002cde7ce6f00_0;
    %flag_set/vec4 8;
    %jmp/0xz  T_142.2, 8;
    %load/vec4 v000002cde7ce63c0_0;
    %assign/vec4 v000002cde7ce8260_0, 0;
T_142.2 ;
    %load/vec4 v000002cde7ce6820_0;
    %flag_set/vec4 8;
    %jmp/0xz  T_142.4, 8;
    %load/vec4 v000002cde7ce6460_0;
    %assign/vec4 v000002cde7ce6500_0, 0;
    %load/vec4 v000002cde7ce6320_0;
    %load/vec4 v000002cde7ce6460_0;
    %pad/s 32;
    %load/vec4 v000002cde7ce8260_0;
    %pad/s 32;
    %mul;
    %add;
    %assign/vec4 v000002cde7ce6640_0, 0;
T_142.4 ;
T_142.1 ;
    %jmp T_142;
    .thread T_142;
    .scope S_000002cde7cec580;
T_143 ;
    %wait E_000002cde7af7620;
    %load/vec4 v000002cde7ce6c80_0;
    %nor/r;
    %flag_set/vec4 8;
    %jmp/0xz  T_143.0, 8;
    %pushi/vec4 0, 0, 8;
    %assign/vec4 v000002cde7ce8620_0, 0;
    %pushi/vec4 0, 0, 8;
    %assign/vec4 v000002cde7ce6be0_0, 0;
    %pushi/vec4 0, 0, 32;
    %assign/vec4 v000002cde7ce7d60_0, 0;
    %jmp T_143.1;
T_143.0 ;
    %load/vec4 v000002cde7ce6b40_0;
    %flag_set/vec4 8;
    %jmp/0xz  T_143.2, 8;
    %load/vec4 v000002cde7ce6fa0_0;
    %assign/vec4 v000002cde7ce8620_0, 0;
T_143.2 ;
    %load/vec4 v000002cde7ce6aa0_0;
    %flag_set/vec4 8;
    %jmp/0xz  T_143.4, 8;
    %load/vec4 v000002cde7ce7c20_0;
    %assign/vec4 v000002cde7ce6be0_0, 0;
    %load/vec4 v000002cde7ce8440_0;
    %load/vec4 v000002cde7ce7c20_0;
    %pad/s 32;
    %load/vec4 v000002cde7ce8620_0;
    %pad/s 32;
    %mul;
    %add;
    %assign/vec4 v000002cde7ce7d60_0, 0;
T_143.4 ;
T_143.1 ;
    %jmp T_143;
    .thread T_143;
    .scope S_000002cde7ced390;
T_144 ;
    %wait E_000002cde7af7620;
    %load/vec4 v000002cde7ce8760_0;
    %nor/r;
    %flag_set/vec4 8;
    %jmp/0xz  T_144.0, 8;
    %pushi/vec4 0, 0, 8;
    %assign/vec4 v000002cde7ce7180_0, 0;
    %pushi/vec4 0, 0, 8;
    %assign/vec4 v000002cde7ce7040_0, 0;
    %pushi/vec4 0, 0, 32;
    %assign/vec4 v000002cde7ce70e0_0, 0;
    %jmp T_144.1;
T_144.0 ;
    %load/vec4 v000002cde7ce6d20_0;
    %flag_set/vec4 8;
    %jmp/0xz  T_144.2, 8;
    %load/vec4 v000002cde7ce88a0_0;
    %assign/vec4 v000002cde7ce7180_0, 0;
T_144.2 ;
    %load/vec4 v000002cde7ce7fe0_0;
    %flag_set/vec4 8;
    %jmp/0xz  T_144.4, 8;
    %load/vec4 v000002cde7ce7e00_0;
    %assign/vec4 v000002cde7ce7040_0, 0;
    %load/vec4 v000002cde7ce72c0_0;
    %load/vec4 v000002cde7ce7e00_0;
    %pad/s 32;
    %load/vec4 v000002cde7ce7180_0;
    %pad/s 32;
    %mul;
    %add;
    %assign/vec4 v000002cde7ce70e0_0, 0;
T_144.4 ;
T_144.1 ;
    %jmp T_144;
    .thread T_144;
    .scope S_000002cde7cedcf0;
T_145 ;
    %wait E_000002cde7af7620;
    %load/vec4 v000002cde7ce7900_0;
    %nor/r;
    %flag_set/vec4 8;
    %jmp/0xz  T_145.0, 8;
    %pushi/vec4 0, 0, 8;
    %assign/vec4 v000002cde7ce8120_0, 0;
    %pushi/vec4 0, 0, 8;
    %assign/vec4 v000002cde7ce7cc0_0, 0;
    %pushi/vec4 0, 0, 32;
    %assign/vec4 v000002cde7ce7860_0, 0;
    %jmp T_145.1;
T_145.0 ;
    %load/vec4 v000002cde7ce77c0_0;
    %flag_set/vec4 8;
    %jmp/0xz  T_145.2, 8;
    %load/vec4 v000002cde7ce7680_0;
    %assign/vec4 v000002cde7ce8120_0, 0;
T_145.2 ;
    %load/vec4 v000002cde7ce7ea0_0;
    %flag_set/vec4 8;
    %jmp/0xz  T_145.4, 8;
    %load/vec4 v000002cde7ce7540_0;
    %assign/vec4 v000002cde7ce7cc0_0, 0;
    %load/vec4 v000002cde7ce75e0_0;
    %load/vec4 v000002cde7ce7540_0;
    %pad/s 32;
    %load/vec4 v000002cde7ce8120_0;
    %pad/s 32;
    %mul;
    %add;
    %assign/vec4 v000002cde7ce7860_0, 0;
T_145.4 ;
T_145.1 ;
    %jmp T_145;
    .thread T_145;
    .scope S_000002cde7cede80;
T_146 ;
    %wait E_000002cde7af7620;
    %load/vec4 v000002cde7ce8e40_0;
    %nor/r;
    %flag_set/vec4 8;
    %jmp/0xz  T_146.0, 8;
    %pushi/vec4 0, 0, 8;
    %assign/vec4 v000002cde7ce93e0_0, 0;
    %pushi/vec4 0, 0, 8;
    %assign/vec4 v000002cde7ce8d00_0, 0;
    %pushi/vec4 0, 0, 32;
    %assign/vec4 v000002cde7ce9160_0, 0;
    %jmp T_146.1;
T_146.0 ;
    %load/vec4 v000002cde7ce9480_0;
    %flag_set/vec4 8;
    %jmp/0xz  T_146.2, 8;
    %load/vec4 v000002cde7ce8bc0_0;
    %assign/vec4 v000002cde7ce93e0_0, 0;
T_146.2 ;
    %load/vec4 v000002cde7ce8da0_0;
    %flag_set/vec4 8;
    %jmp/0xz  T_146.4, 8;
    %load/vec4 v000002cde7ce9340_0;
    %assign/vec4 v000002cde7ce8d00_0, 0;
    %load/vec4 v000002cde7ce92a0_0;
    %load/vec4 v000002cde7ce9340_0;
    %pad/s 32;
    %load/vec4 v000002cde7ce93e0_0;
    %pad/s 32;
    %mul;
    %add;
    %assign/vec4 v000002cde7ce9160_0, 0;
T_146.4 ;
T_146.1 ;
    %jmp T_146;
    .thread T_146;
    .scope S_000002cde7cee330;
T_147 ;
    %wait E_000002cde7af7620;
    %load/vec4 v000002cde7cdb740_0;
    %nor/r;
    %flag_set/vec4 8;
    %jmp/0xz  T_147.0, 8;
    %pushi/vec4 0, 0, 8;
    %assign/vec4 v000002cde7cdafc0_0, 0;
    %pushi/vec4 0, 0, 8;
    %assign/vec4 v000002cde7cdc140_0, 0;
    %pushi/vec4 0, 0, 32;
    %assign/vec4 v000002cde7cd99e0_0, 0;
    %jmp T_147.1;
T_147.0 ;
    %load/vec4 v000002cde7cdae80_0;
    %flag_set/vec4 8;
    %jmp/0xz  T_147.2, 8;
    %load/vec4 v000002cde7ce9200_0;
    %assign/vec4 v000002cde7cdafc0_0, 0;
T_147.2 ;
    %load/vec4 v000002cde7ce8a80_0;
    %flag_set/vec4 8;
    %jmp/0xz  T_147.4, 8;
    %load/vec4 v000002cde7ce8f80_0;
    %assign/vec4 v000002cde7cdc140_0, 0;
    %load/vec4 v000002cde7ce9020_0;
    %load/vec4 v000002cde7ce8f80_0;
    %pad/s 32;
    %load/vec4 v000002cde7cdafc0_0;
    %pad/s 32;
    %mul;
    %add;
    %assign/vec4 v000002cde7cd99e0_0, 0;
T_147.4 ;
T_147.1 ;
    %jmp T_147;
    .thread T_147;
    .scope S_000002cde7cefaa0;
T_148 ;
    %wait E_000002cde7af7620;
    %load/vec4 v000002cde7cd9a80_0;
    %nor/r;
    %flag_set/vec4 8;
    %jmp/0xz  T_148.0, 8;
    %pushi/vec4 0, 0, 8;
    %assign/vec4 v000002cde7cdb1a0_0, 0;
    %pushi/vec4 0, 0, 8;
    %assign/vec4 v000002cde7cda480_0, 0;
    %pushi/vec4 0, 0, 32;
    %assign/vec4 v000002cde7cda840_0, 0;
    %jmp T_148.1;
T_148.0 ;
    %load/vec4 v000002cde7cd9f80_0;
    %flag_set/vec4 8;
    %jmp/0xz  T_148.2, 8;
    %load/vec4 v000002cde7cda5c0_0;
    %assign/vec4 v000002cde7cdb1a0_0, 0;
T_148.2 ;
    %load/vec4 v000002cde7cdb4c0_0;
    %flag_set/vec4 8;
    %jmp/0xz  T_148.4, 8;
    %load/vec4 v000002cde7cdaca0_0;
    %assign/vec4 v000002cde7cda480_0, 0;
    %load/vec4 v000002cde7cdbba0_0;
    %load/vec4 v000002cde7cdaca0_0;
    %pad/s 32;
    %load/vec4 v000002cde7cdb1a0_0;
    %pad/s 32;
    %mul;
    %add;
    %assign/vec4 v000002cde7cda840_0, 0;
T_148.4 ;
T_148.1 ;
    %jmp T_148;
    .thread T_148;
    .scope S_000002cde7ceee20;
T_149 ;
    %wait E_000002cde7af7620;
    %load/vec4 v000002cde7cdb100_0;
    %nor/r;
    %flag_set/vec4 8;
    %jmp/0xz  T_149.0, 8;
    %pushi/vec4 0, 0, 8;
    %assign/vec4 v000002cde7cdb240_0, 0;
    %pushi/vec4 0, 0, 8;
    %assign/vec4 v000002cde7cda520_0, 0;
    %pushi/vec4 0, 0, 32;
    %assign/vec4 v000002cde7cdc0a0_0, 0;
    %jmp T_149.1;
T_149.0 ;
    %load/vec4 v000002cde7cdba60_0;
    %flag_set/vec4 8;
    %jmp/0xz  T_149.2, 8;
    %load/vec4 v000002cde7cd9b20_0;
    %assign/vec4 v000002cde7cdb240_0, 0;
T_149.2 ;
    %load/vec4 v000002cde7cda200_0;
    %flag_set/vec4 8;
    %jmp/0xz  T_149.4, 8;
    %load/vec4 v000002cde7cdb560_0;
    %assign/vec4 v000002cde7cda520_0, 0;
    %load/vec4 v000002cde7cdac00_0;
    %load/vec4 v000002cde7cdb560_0;
    %pad/s 32;
    %load/vec4 v000002cde7cdb240_0;
    %pad/s 32;
    %mul;
    %add;
    %assign/vec4 v000002cde7cdc0a0_0, 0;
T_149.4 ;
T_149.1 ;
    %jmp T_149;
    .thread T_149;
    .scope S_000002cde7cef5f0;
T_150 ;
    %wait E_000002cde7af7620;
    %load/vec4 v000002cde7cdb420_0;
    %nor/r;
    %flag_set/vec4 8;
    %jmp/0xz  T_150.0, 8;
    %pushi/vec4 0, 0, 8;
    %assign/vec4 v000002cde7cdb7e0_0, 0;
    %pushi/vec4 0, 0, 8;
    %assign/vec4 v000002cde7cda3e0_0, 0;
    %pushi/vec4 0, 0, 32;
    %assign/vec4 v000002cde7cda8e0_0, 0;
    %jmp T_150.1;
T_150.0 ;
    %load/vec4 v000002cde7cda700_0;
    %flag_set/vec4 8;
    %jmp/0xz  T_150.2, 8;
    %load/vec4 v000002cde7cda340_0;
    %assign/vec4 v000002cde7cdb7e0_0, 0;
T_150.2 ;
    %load/vec4 v000002cde7cd9bc0_0;
    %flag_set/vec4 8;
    %jmp/0xz  T_150.4, 8;
    %load/vec4 v000002cde7cdbd80_0;
    %assign/vec4 v000002cde7cda3e0_0, 0;
    %load/vec4 v000002cde7cdade0_0;
    %load/vec4 v000002cde7cdbd80_0;
    %pad/s 32;
    %load/vec4 v000002cde7cdb7e0_0;
    %pad/s 32;
    %mul;
    %add;
    %assign/vec4 v000002cde7cda8e0_0, 0;
T_150.4 ;
T_150.1 ;
    %jmp T_150;
    .thread T_150;
    .scope S_000002cde7cefdc0;
T_151 ;
    %wait E_000002cde7af7620;
    %load/vec4 v000002cde7cde4e0_0;
    %nor/r;
    %flag_set/vec4 8;
    %jmp/0xz  T_151.0, 8;
    %pushi/vec4 0, 0, 8;
    %assign/vec4 v000002cde7cd9ee0_0, 0;
    %pushi/vec4 0, 0, 8;
    %assign/vec4 v000002cde7cd9d00_0, 0;
    %pushi/vec4 0, 0, 32;
    %assign/vec4 v000002cde7cd9da0_0, 0;
    %jmp T_151.1;
T_151.0 ;
    %load/vec4 v000002cde7cd9c60_0;
    %flag_set/vec4 8;
    %jmp/0xz  T_151.2, 8;
    %load/vec4 v000002cde7cdbf60_0;
    %assign/vec4 v000002cde7cd9ee0_0, 0;
T_151.2 ;
    %load/vec4 v000002cde7cdbb00_0;
    %flag_set/vec4 8;
    %jmp/0xz  T_151.4, 8;
    %load/vec4 v000002cde7cdbe20_0;
    %assign/vec4 v000002cde7cd9d00_0, 0;
    %load/vec4 v000002cde7cdbec0_0;
    %load/vec4 v000002cde7cdbe20_0;
    %pad/s 32;
    %load/vec4 v000002cde7cd9ee0_0;
    %pad/s 32;
    %mul;
    %add;
    %assign/vec4 v000002cde7cd9da0_0, 0;
T_151.4 ;
T_151.1 ;
    %jmp T_151;
    .thread T_151;
    .scope S_000002cde7cf13a0;
T_152 ;
    %wait E_000002cde7af7620;
    %load/vec4 v000002cde7cdc320_0;
    %nor/r;
    %flag_set/vec4 8;
    %jmp/0xz  T_152.0, 8;
    %pushi/vec4 0, 0, 8;
    %assign/vec4 v000002cde7cdd680_0, 0;
    %pushi/vec4 0, 0, 8;
    %assign/vec4 v000002cde7cdd900_0, 0;
    %pushi/vec4 0, 0, 32;
    %assign/vec4 v000002cde7cdc5a0_0, 0;
    %jmp T_152.1;
T_152.0 ;
    %load/vec4 v000002cde7cdd5e0_0;
    %flag_set/vec4 8;
    %jmp/0xz  T_152.2, 8;
    %load/vec4 v000002cde7cdcb40_0;
    %assign/vec4 v000002cde7cdd680_0, 0;
T_152.2 ;
    %load/vec4 v000002cde7cdce60_0;
    %flag_set/vec4 8;
    %jmp/0xz  T_152.4, 8;
    %load/vec4 v000002cde7cde8a0_0;
    %assign/vec4 v000002cde7cdd900_0, 0;
    %load/vec4 v000002cde7cdcaa0_0;
    %load/vec4 v000002cde7cde8a0_0;
    %pad/s 32;
    %load/vec4 v000002cde7cdd680_0;
    %pad/s 32;
    %mul;
    %add;
    %assign/vec4 v000002cde7cdc5a0_0, 0;
T_152.4 ;
T_152.1 ;
    %jmp T_152;
    .thread T_152;
    .scope S_000002cde7cf0d60;
T_153 ;
    %wait E_000002cde7af7620;
    %load/vec4 v000002cde7cde440_0;
    %nor/r;
    %flag_set/vec4 8;
    %jmp/0xz  T_153.0, 8;
    %pushi/vec4 0, 0, 8;
    %assign/vec4 v000002cde7cdd7c0_0, 0;
    %pushi/vec4 0, 0, 8;
    %assign/vec4 v000002cde7cdca00_0, 0;
    %pushi/vec4 0, 0, 32;
    %assign/vec4 v000002cde7cdc960_0, 0;
    %jmp T_153.1;
T_153.0 ;
    %load/vec4 v000002cde7cdcc80_0;
    %flag_set/vec4 8;
    %jmp/0xz  T_153.2, 8;
    %load/vec4 v000002cde7cdd860_0;
    %assign/vec4 v000002cde7cdd7c0_0, 0;
T_153.2 ;
    %load/vec4 v000002cde7cdc780_0;
    %flag_set/vec4 8;
    %jmp/0xz  T_153.4, 8;
    %load/vec4 v000002cde7cdcf00_0;
    %assign/vec4 v000002cde7cdca00_0, 0;
    %load/vec4 v000002cde7cdd720_0;
    %load/vec4 v000002cde7cdcf00_0;
    %pad/s 32;
    %load/vec4 v000002cde7cdd7c0_0;
    %pad/s 32;
    %mul;
    %add;
    %assign/vec4 v000002cde7cdc960_0, 0;
T_153.4 ;
T_153.1 ;
    %jmp T_153;
    .thread T_153;
    .scope S_000002cde7ceff50;
T_154 ;
    %wait E_000002cde7af7620;
    %load/vec4 v000002cde7cdd040_0;
    %nor/r;
    %flag_set/vec4 8;
    %jmp/0xz  T_154.0, 8;
    %pushi/vec4 0, 0, 8;
    %assign/vec4 v000002cde7cde620_0, 0;
    %pushi/vec4 0, 0, 8;
    %assign/vec4 v000002cde7cddfe0_0, 0;
    %pushi/vec4 0, 0, 32;
    %assign/vec4 v000002cde7cdcfa0_0, 0;
    %jmp T_154.1;
T_154.0 ;
    %load/vec4 v000002cde7cddf40_0;
    %flag_set/vec4 8;
    %jmp/0xz  T_154.2, 8;
    %load/vec4 v000002cde7cddae0_0;
    %assign/vec4 v000002cde7cde620_0, 0;
T_154.2 ;
    %load/vec4 v000002cde7cde300_0;
    %flag_set/vec4 8;
    %jmp/0xz  T_154.4, 8;
    %load/vec4 v000002cde7cdcdc0_0;
    %assign/vec4 v000002cde7cddfe0_0, 0;
    %load/vec4 v000002cde7cddc20_0;
    %load/vec4 v000002cde7cdcdc0_0;
    %pad/s 32;
    %load/vec4 v000002cde7cde620_0;
    %pad/s 32;
    %mul;
    %add;
    %assign/vec4 v000002cde7cdcfa0_0, 0;
T_154.4 ;
T_154.1 ;
    %jmp T_154;
    .thread T_154;
    .scope S_000002cde7cf2970;
T_155 ;
    %wait E_000002cde7af7620;
    %load/vec4 v000002cde7cde760_0;
    %nor/r;
    %flag_set/vec4 8;
    %jmp/0xz  T_155.0, 8;
    %pushi/vec4 0, 0, 8;
    %assign/vec4 v000002cde7cdd360_0, 0;
    %pushi/vec4 0, 0, 8;
    %assign/vec4 v000002cde7cde800_0, 0;
    %pushi/vec4 0, 0, 32;
    %assign/vec4 v000002cde7cdd220_0, 0;
    %jmp T_155.1;
T_155.0 ;
    %load/vec4 v000002cde7cdc8c0_0;
    %flag_set/vec4 8;
    %jmp/0xz  T_155.2, 8;
    %load/vec4 v000002cde7cde260_0;
    %assign/vec4 v000002cde7cdd360_0, 0;
T_155.2 ;
    %load/vec4 v000002cde7cde120_0;
    %flag_set/vec4 8;
    %jmp/0xz  T_155.4, 8;
    %load/vec4 v000002cde7cde1c0_0;
    %assign/vec4 v000002cde7cde800_0, 0;
    %load/vec4 v000002cde7cdc820_0;
    %load/vec4 v000002cde7cde1c0_0;
    %pad/s 32;
    %load/vec4 v000002cde7cdd360_0;
    %pad/s 32;
    %mul;
    %add;
    %assign/vec4 v000002cde7cdd220_0, 0;
T_155.4 ;
T_155.1 ;
    %jmp T_155;
    .thread T_155;
    .scope S_000002cde7cf35f0;
T_156 ;
    %wait E_000002cde7af7620;
    %load/vec4 v000002cde7ce0ba0_0;
    %nor/r;
    %flag_set/vec4 8;
    %jmp/0xz  T_156.0, 8;
    %pushi/vec4 0, 0, 8;
    %assign/vec4 v000002cde7ce0420_0, 0;
    %pushi/vec4 0, 0, 8;
    %assign/vec4 v000002cde7cdee40_0, 0;
    %pushi/vec4 0, 0, 32;
    %assign/vec4 v000002cde7cdfd40_0, 0;
    %jmp T_156.1;
T_156.0 ;
    %load/vec4 v000002cde7ce06a0_0;
    %flag_set/vec4 8;
    %jmp/0xz  T_156.2, 8;
    %load/vec4 v000002cde7cdfca0_0;
    %assign/vec4 v000002cde7ce0420_0, 0;
T_156.2 ;
    %load/vec4 v000002cde7cde9e0_0;
    %flag_set/vec4 8;
    %jmp/0xz  T_156.4, 8;
    %load/vec4 v000002cde7ce0d80_0;
    %assign/vec4 v000002cde7cdee40_0, 0;
    %load/vec4 v000002cde7cdf660_0;
    %load/vec4 v000002cde7ce0d80_0;
    %pad/s 32;
    %load/vec4 v000002cde7ce0420_0;
    %pad/s 32;
    %mul;
    %add;
    %assign/vec4 v000002cde7cdfd40_0, 0;
T_156.4 ;
T_156.1 ;
    %jmp T_156;
    .thread T_156;
    .scope S_000002cde7cf40e0;
T_157 ;
    %wait E_000002cde7af7620;
    %load/vec4 v000002cde7cdfb60_0;
    %nor/r;
    %flag_set/vec4 8;
    %jmp/0xz  T_157.0, 8;
    %pushi/vec4 0, 0, 8;
    %assign/vec4 v000002cde7ce0600_0, 0;
    %pushi/vec4 0, 0, 8;
    %assign/vec4 v000002cde7cdf700_0, 0;
    %pushi/vec4 0, 0, 32;
    %assign/vec4 v000002cde7ce0ec0_0, 0;
    %jmp T_157.1;
T_157.0 ;
    %load/vec4 v000002cde7cdf0c0_0;
    %flag_set/vec4 8;
    %jmp/0xz  T_157.2, 8;
    %load/vec4 v000002cde7cdeee0_0;
    %assign/vec4 v000002cde7ce0600_0, 0;
T_157.2 ;
    %load/vec4 v000002cde7cdfac0_0;
    %flag_set/vec4 8;
    %jmp/0xz  T_157.4, 8;
    %load/vec4 v000002cde7ce0740_0;
    %assign/vec4 v000002cde7cdf700_0, 0;
    %load/vec4 v000002cde7cdfe80_0;
    %load/vec4 v000002cde7ce0740_0;
    %pad/s 32;
    %load/vec4 v000002cde7ce0600_0;
    %pad/s 32;
    %mul;
    %add;
    %assign/vec4 v000002cde7ce0ec0_0, 0;
T_157.4 ;
T_157.1 ;
    %jmp T_157;
    .thread T_157;
    .scope S_000002cde7cf32d0;
T_158 ;
    %wait E_000002cde7af7620;
    %load/vec4 v000002cde7cdea80_0;
    %nor/r;
    %flag_set/vec4 8;
    %jmp/0xz  T_158.0, 8;
    %pushi/vec4 0, 0, 8;
    %assign/vec4 v000002cde7ce0100_0, 0;
    %pushi/vec4 0, 0, 8;
    %assign/vec4 v000002cde7cdf160_0, 0;
    %pushi/vec4 0, 0, 32;
    %assign/vec4 v000002cde7cdf5c0_0, 0;
    %jmp T_158.1;
T_158.0 ;
    %load/vec4 v000002cde7cdf340_0;
    %flag_set/vec4 8;
    %jmp/0xz  T_158.2, 8;
    %load/vec4 v000002cde7ce0560_0;
    %assign/vec4 v000002cde7ce0100_0, 0;
T_158.2 ;
    %load/vec4 v000002cde7ce1140_0;
    %flag_set/vec4 8;
    %jmp/0xz  T_158.4, 8;
    %load/vec4 v000002cde7ce10a0_0;
    %assign/vec4 v000002cde7cdf160_0, 0;
    %load/vec4 v000002cde7ce0060_0;
    %load/vec4 v000002cde7ce10a0_0;
    %pad/s 32;
    %load/vec4 v000002cde7ce0100_0;
    %pad/s 32;
    %mul;
    %add;
    %assign/vec4 v000002cde7cdf5c0_0, 0;
T_158.4 ;
T_158.1 ;
    %jmp T_158;
    .thread T_158;
    .scope S_000002cde7cf2650;
T_159 ;
    %wait E_000002cde7af7620;
    %load/vec4 v000002cde7cdf980_0;
    %nor/r;
    %flag_set/vec4 8;
    %jmp/0xz  T_159.0, 8;
    %pushi/vec4 0, 0, 8;
    %assign/vec4 v000002cde7cdf8e0_0, 0;
    %pushi/vec4 0, 0, 8;
    %assign/vec4 v000002cde7ce04c0_0, 0;
    %pushi/vec4 0, 0, 32;
    %assign/vec4 v000002cde7cdf520_0, 0;
    %jmp T_159.1;
T_159.0 ;
    %load/vec4 v000002cde7ce01a0_0;
    %flag_set/vec4 8;
    %jmp/0xz  T_159.2, 8;
    %load/vec4 v000002cde7cdf480_0;
    %assign/vec4 v000002cde7cdf8e0_0, 0;
T_159.2 ;
    %load/vec4 v000002cde7cdf2a0_0;
    %flag_set/vec4 8;
    %jmp/0xz  T_159.4, 8;
    %load/vec4 v000002cde7cdf3e0_0;
    %assign/vec4 v000002cde7ce04c0_0, 0;
    %load/vec4 v000002cde7cdf840_0;
    %load/vec4 v000002cde7cdf3e0_0;
    %pad/s 32;
    %load/vec4 v000002cde7cdf8e0_0;
    %pad/s 32;
    %mul;
    %add;
    %assign/vec4 v000002cde7cdf520_0, 0;
T_159.4 ;
T_159.1 ;
    %jmp T_159;
    .thread T_159;
    .scope S_000002cde7cf3910;
T_160 ;
    %wait E_000002cde7af7620;
    %load/vec4 v000002cde7d0b4f0_0;
    %nor/r;
    %flag_set/vec4 8;
    %jmp/0xz  T_160.0, 8;
    %pushi/vec4 0, 0, 8;
    %assign/vec4 v000002cde7d0b950_0, 0;
    %pushi/vec4 0, 0, 8;
    %assign/vec4 v000002cde7d0cb70_0, 0;
    %pushi/vec4 0, 0, 32;
    %assign/vec4 v000002cde7d0b310_0, 0;
    %jmp T_160.1;
T_160.0 ;
    %load/vec4 v000002cde7d0c350_0;
    %flag_set/vec4 8;
    %jmp/0xz  T_160.2, 8;
    %load/vec4 v000002cde7d0d4d0_0;
    %assign/vec4 v000002cde7d0b950_0, 0;
T_160.2 ;
    %load/vec4 v000002cde7ce0a60_0;
    %flag_set/vec4 8;
    %jmp/0xz  T_160.4, 8;
    %load/vec4 v000002cde7d0bc70_0;
    %assign/vec4 v000002cde7d0cb70_0, 0;
    %load/vec4 v000002cde7d0d2f0_0;
    %load/vec4 v000002cde7d0bc70_0;
    %pad/s 32;
    %load/vec4 v000002cde7d0b950_0;
    %pad/s 32;
    %mul;
    %add;
    %assign/vec4 v000002cde7d0b310_0, 0;
T_160.4 ;
T_160.1 ;
    %jmp T_160;
    .thread T_160;
    .scope S_000002cde7cf1e80;
T_161 ;
    %wait E_000002cde7af7620;
    %load/vec4 v000002cde7d0d1b0_0;
    %nor/r;
    %flag_set/vec4 8;
    %jmp/0xz  T_161.0, 8;
    %pushi/vec4 0, 0, 8;
    %assign/vec4 v000002cde7d0cfd0_0, 0;
    %pushi/vec4 0, 0, 8;
    %assign/vec4 v000002cde7d0c850_0, 0;
    %pushi/vec4 0, 0, 32;
    %assign/vec4 v000002cde7d0b3b0_0, 0;
    %jmp T_161.1;
T_161.0 ;
    %load/vec4 v000002cde7d0ba90_0;
    %flag_set/vec4 8;
    %jmp/0xz  T_161.2, 8;
    %load/vec4 v000002cde7d0c710_0;
    %assign/vec4 v000002cde7d0cfd0_0, 0;
T_161.2 ;
    %load/vec4 v000002cde7d0c5d0_0;
    %flag_set/vec4 8;
    %jmp/0xz  T_161.4, 8;
    %load/vec4 v000002cde7d0bd10_0;
    %assign/vec4 v000002cde7d0c850_0, 0;
    %load/vec4 v000002cde7d0b9f0_0;
    %load/vec4 v000002cde7d0bd10_0;
    %pad/s 32;
    %load/vec4 v000002cde7d0cfd0_0;
    %pad/s 32;
    %mul;
    %add;
    %assign/vec4 v000002cde7d0b3b0_0, 0;
T_161.4 ;
T_161.1 ;
    %jmp T_161;
    .thread T_161;
    .scope S_000002cde7cf4720;
T_162 ;
    %wait E_000002cde7af7620;
    %load/vec4 v000002cde7d0be50_0;
    %nor/r;
    %flag_set/vec4 8;
    %jmp/0xz  T_162.0, 8;
    %pushi/vec4 0, 0, 8;
    %assign/vec4 v000002cde7d0b630_0, 0;
    %pushi/vec4 0, 0, 8;
    %assign/vec4 v000002cde7d0cc10_0, 0;
    %pushi/vec4 0, 0, 32;
    %assign/vec4 v000002cde7d0d390_0, 0;
    %jmp T_162.1;
T_162.0 ;
    %load/vec4 v000002cde7d0bb30_0;
    %flag_set/vec4 8;
    %jmp/0xz  T_162.2, 8;
    %load/vec4 v000002cde7d0d430_0;
    %assign/vec4 v000002cde7d0b630_0, 0;
T_162.2 ;
    %load/vec4 v000002cde7d0d570_0;
    %flag_set/vec4 8;
    %jmp/0xz  T_162.4, 8;
    %load/vec4 v000002cde7d0cd50_0;
    %assign/vec4 v000002cde7d0cc10_0, 0;
    %load/vec4 v000002cde7d0b090_0;
    %load/vec4 v000002cde7d0cd50_0;
    %pad/s 32;
    %load/vec4 v000002cde7d0b630_0;
    %pad/s 32;
    %mul;
    %add;
    %assign/vec4 v000002cde7d0d390_0, 0;
T_162.4 ;
T_162.1 ;
    %jmp T_162;
    .thread T_162;
    .scope S_000002cde7cf4590;
T_163 ;
    %wait E_000002cde7af7620;
    %load/vec4 v000002cde7d0bf90_0;
    %nor/r;
    %flag_set/vec4 8;
    %jmp/0xz  T_163.0, 8;
    %pushi/vec4 0, 0, 8;
    %assign/vec4 v000002cde7d0d750_0, 0;
    %pushi/vec4 0, 0, 8;
    %assign/vec4 v000002cde7d0bef0_0, 0;
    %pushi/vec4 0, 0, 32;
    %assign/vec4 v000002cde7d0c670_0, 0;
    %jmp T_163.1;
T_163.0 ;
    %load/vec4 v000002cde7d0d250_0;
    %flag_set/vec4 8;
    %jmp/0xz  T_163.2, 8;
    %load/vec4 v000002cde7d0b270_0;
    %assign/vec4 v000002cde7d0d750_0, 0;
T_163.2 ;
    %load/vec4 v000002cde7d0b130_0;
    %flag_set/vec4 8;
    %jmp/0xz  T_163.4, 8;
    %load/vec4 v000002cde7d0c490_0;
    %assign/vec4 v000002cde7d0bef0_0, 0;
    %load/vec4 v000002cde7d0ca30_0;
    %load/vec4 v000002cde7d0c490_0;
    %pad/s 32;
    %load/vec4 v000002cde7d0d750_0;
    %pad/s 32;
    %mul;
    %add;
    %assign/vec4 v000002cde7d0c670_0, 0;
T_163.4 ;
T_163.1 ;
    %jmp T_163;
    .thread T_163;
    .scope S_000002cde7cf4d60;
T_164 ;
    %wait E_000002cde7af7620;
    %load/vec4 v000002cde7d0e010_0;
    %nor/r;
    %flag_set/vec4 8;
    %jmp/0xz  T_164.0, 8;
    %pushi/vec4 0, 0, 8;
    %assign/vec4 v000002cde7d0e150_0, 0;
    %pushi/vec4 0, 0, 8;
    %assign/vec4 v000002cde7d0e510_0, 0;
    %pushi/vec4 0, 0, 32;
    %assign/vec4 v000002cde7d0e3d0_0, 0;
    %jmp T_164.1;
T_164.0 ;
    %load/vec4 v000002cde7d0cf30_0;
    %flag_set/vec4 8;
    %jmp/0xz  T_164.2, 8;
    %load/vec4 v000002cde7d0ce90_0;
    %assign/vec4 v000002cde7d0e150_0, 0;
T_164.2 ;
    %load/vec4 v000002cde7d0c990_0;
    %flag_set/vec4 8;
    %jmp/0xz  T_164.4, 8;
    %load/vec4 v000002cde7d0cad0_0;
    %assign/vec4 v000002cde7d0e510_0, 0;
    %load/vec4 v000002cde7d0ccb0_0;
    %load/vec4 v000002cde7d0cad0_0;
    %pad/s 32;
    %load/vec4 v000002cde7d0e150_0;
    %pad/s 32;
    %mul;
    %add;
    %assign/vec4 v000002cde7d0e3d0_0, 0;
T_164.4 ;
T_164.1 ;
    %jmp T_164;
    .thread T_164;
    .scope S_000002cde7cf1cf0;
T_165 ;
    %wait E_000002cde7af7620;
    %load/vec4 v000002cde7d0e650_0;
    %nor/r;
    %flag_set/vec4 8;
    %jmp/0xz  T_165.0, 8;
    %pushi/vec4 0, 0, 8;
    %assign/vec4 v000002cde7d0f230_0, 0;
    %pushi/vec4 0, 0, 8;
    %assign/vec4 v000002cde7d0f9b0_0, 0;
    %pushi/vec4 0, 0, 32;
    %assign/vec4 v000002cde7d0e970_0, 0;
    %jmp T_165.1;
T_165.0 ;
    %load/vec4 v000002cde7d0d930_0;
    %flag_set/vec4 8;
    %jmp/0xz  T_165.2, 8;
    %load/vec4 v000002cde7d0ff50_0;
    %assign/vec4 v000002cde7d0f230_0, 0;
T_165.2 ;
    %load/vec4 v000002cde7d0d890_0;
    %flag_set/vec4 8;
    %jmp/0xz  T_165.4, 8;
    %load/vec4 v000002cde7d0e470_0;
    %assign/vec4 v000002cde7d0f9b0_0, 0;
    %load/vec4 v000002cde7d0e5b0_0;
    %load/vec4 v000002cde7d0e470_0;
    %pad/s 32;
    %load/vec4 v000002cde7d0f230_0;
    %pad/s 32;
    %mul;
    %add;
    %assign/vec4 v000002cde7d0e970_0, 0;
T_165.4 ;
T_165.1 ;
    %jmp T_165;
    .thread T_165;
    .scope S_000002cde7cf61b0;
T_166 ;
    %wait E_000002cde7af7620;
    %load/vec4 v000002cde7d0fd70_0;
    %nor/r;
    %flag_set/vec4 8;
    %jmp/0xz  T_166.0, 8;
    %pushi/vec4 0, 0, 8;
    %assign/vec4 v000002cde7d0edd0_0, 0;
    %pushi/vec4 0, 0, 8;
    %assign/vec4 v000002cde7d0e8d0_0, 0;
    %pushi/vec4 0, 0, 32;
    %assign/vec4 v000002cde7d0ec90_0, 0;
    %jmp T_166.1;
T_166.0 ;
    %load/vec4 v000002cde7d0e830_0;
    %flag_set/vec4 8;
    %jmp/0xz  T_166.2, 8;
    %load/vec4 v000002cde7d0df70_0;
    %assign/vec4 v000002cde7d0edd0_0, 0;
T_166.2 ;
    %load/vec4 v000002cde7d0e1f0_0;
    %flag_set/vec4 8;
    %jmp/0xz  T_166.4, 8;
    %load/vec4 v000002cde7d0e290_0;
    %assign/vec4 v000002cde7d0e8d0_0, 0;
    %load/vec4 v000002cde7d0f870_0;
    %load/vec4 v000002cde7d0e290_0;
    %pad/s 32;
    %load/vec4 v000002cde7d0edd0_0;
    %pad/s 32;
    %mul;
    %add;
    %assign/vec4 v000002cde7d0ec90_0, 0;
T_166.4 ;
T_166.1 ;
    %jmp T_166;
    .thread T_166;
    .scope S_000002cde7cf64d0;
T_167 ;
    %wait E_000002cde7af7620;
    %load/vec4 v000002cde7d0f2d0_0;
    %nor/r;
    %flag_set/vec4 8;
    %jmp/0xz  T_167.0, 8;
    %pushi/vec4 0, 0, 8;
    %assign/vec4 v000002cde7d0f190_0, 0;
    %pushi/vec4 0, 0, 8;
    %assign/vec4 v000002cde7d0f0f0_0, 0;
    %pushi/vec4 0, 0, 32;
    %assign/vec4 v000002cde7d0fa50_0, 0;
    %jmp T_167.1;
T_167.0 ;
    %load/vec4 v000002cde7d0f5f0_0;
    %flag_set/vec4 8;
    %jmp/0xz  T_167.2, 8;
    %load/vec4 v000002cde7d0dcf0_0;
    %assign/vec4 v000002cde7d0f190_0, 0;
T_167.2 ;
    %load/vec4 v000002cde7d0ef10_0;
    %flag_set/vec4 8;
    %jmp/0xz  T_167.4, 8;
    %load/vec4 v000002cde7d0efb0_0;
    %assign/vec4 v000002cde7d0f0f0_0, 0;
    %load/vec4 v000002cde7d0feb0_0;
    %load/vec4 v000002cde7d0efb0_0;
    %pad/s 32;
    %load/vec4 v000002cde7d0f190_0;
    %pad/s 32;
    %mul;
    %add;
    %assign/vec4 v000002cde7d0fa50_0, 0;
T_167.4 ;
T_167.1 ;
    %jmp T_167;
    .thread T_167;
    .scope S_000002cde7cf6ca0;
T_168 ;
    %wait E_000002cde7af7620;
    %load/vec4 v000002cde7d0ded0_0;
    %nor/r;
    %flag_set/vec4 8;
    %jmp/0xz  T_168.0, 8;
    %pushi/vec4 0, 0, 8;
    %assign/vec4 v000002cde7d0de30_0, 0;
    %pushi/vec4 0, 0, 8;
    %assign/vec4 v000002cde7d0db10_0, 0;
    %pushi/vec4 0, 0, 32;
    %assign/vec4 v000002cde7d0dbb0_0, 0;
    %jmp T_168.1;
T_168.0 ;
    %load/vec4 v000002cde7d0da70_0;
    %flag_set/vec4 8;
    %jmp/0xz  T_168.2, 8;
    %load/vec4 v000002cde7d0f7d0_0;
    %assign/vec4 v000002cde7d0de30_0, 0;
T_168.2 ;
    %load/vec4 v000002cde7d0f550_0;
    %flag_set/vec4 8;
    %jmp/0xz  T_168.4, 8;
    %load/vec4 v000002cde7d0f690_0;
    %assign/vec4 v000002cde7d0db10_0, 0;
    %load/vec4 v000002cde7d0f730_0;
    %load/vec4 v000002cde7d0f690_0;
    %pad/s 32;
    %load/vec4 v000002cde7d0de30_0;
    %pad/s 32;
    %mul;
    %add;
    %assign/vec4 v000002cde7d0dbb0_0, 0;
T_168.4 ;
T_168.1 ;
    %jmp T_168;
    .thread T_168;
    .scope S_000002cde7cf6fc0;
T_169 ;
    %wait E_000002cde7af7620;
    %load/vec4 v000002cde7d11990_0;
    %nor/r;
    %flag_set/vec4 8;
    %jmp/0xz  T_169.0, 8;
    %pushi/vec4 0, 0, 8;
    %assign/vec4 v000002cde7d10770_0, 0;
    %pushi/vec4 0, 0, 8;
    %assign/vec4 v000002cde7d10c70_0, 0;
    %pushi/vec4 0, 0, 32;
    %assign/vec4 v000002cde7d11d50_0, 0;
    %jmp T_169.1;
T_169.0 ;
    %load/vec4 v000002cde7d12390_0;
    %flag_set/vec4 8;
    %jmp/0xz  T_169.2, 8;
    %load/vec4 v000002cde7d106d0_0;
    %assign/vec4 v000002cde7d10770_0, 0;
T_169.2 ;
    %load/vec4 v000002cde7d127f0_0;
    %flag_set/vec4 8;
    %jmp/0xz  T_169.4, 8;
    %load/vec4 v000002cde7d118f0_0;
    %assign/vec4 v000002cde7d10c70_0, 0;
    %load/vec4 v000002cde7d11670_0;
    %load/vec4 v000002cde7d118f0_0;
    %pad/s 32;
    %load/vec4 v000002cde7d10770_0;
    %pad/s 32;
    %mul;
    %add;
    %assign/vec4 v000002cde7d11d50_0, 0;
T_169.4 ;
T_169.1 ;
    %jmp T_169;
    .thread T_169;
    .scope S_000002cde7cf7790;
T_170 ;
    %wait E_000002cde7af7620;
    %load/vec4 v000002cde7d11350_0;
    %nor/r;
    %flag_set/vec4 8;
    %jmp/0xz  T_170.0, 8;
    %pushi/vec4 0, 0, 8;
    %assign/vec4 v000002cde7d10810_0, 0;
    %pushi/vec4 0, 0, 8;
    %assign/vec4 v000002cde7d109f0_0, 0;
    %pushi/vec4 0, 0, 32;
    %assign/vec4 v000002cde7d10bd0_0, 0;
    %jmp T_170.1;
T_170.0 ;
    %load/vec4 v000002cde7d11170_0;
    %flag_set/vec4 8;
    %jmp/0xz  T_170.2, 8;
    %load/vec4 v000002cde7d10f90_0;
    %assign/vec4 v000002cde7d10810_0, 0;
T_170.2 ;
    %load/vec4 v000002cde7d10db0_0;
    %flag_set/vec4 8;
    %jmp/0xz  T_170.4, 8;
    %load/vec4 v000002cde7d10090_0;
    %assign/vec4 v000002cde7d109f0_0, 0;
    %load/vec4 v000002cde7d112b0_0;
    %load/vec4 v000002cde7d10090_0;
    %pad/s 32;
    %load/vec4 v000002cde7d10810_0;
    %pad/s 32;
    %mul;
    %add;
    %assign/vec4 v000002cde7d10bd0_0, 0;
T_170.4 ;
T_170.1 ;
    %jmp T_170;
    .thread T_170;
    .scope S_000002cde7cf96d0;
T_171 ;
    %wait E_000002cde7af7620;
    %load/vec4 v000002cde7d11a30_0;
    %nor/r;
    %flag_set/vec4 8;
    %jmp/0xz  T_171.0, 8;
    %pushi/vec4 0, 0, 8;
    %assign/vec4 v000002cde7d11e90_0, 0;
    %pushi/vec4 0, 0, 8;
    %assign/vec4 v000002cde7d12070_0, 0;
    %pushi/vec4 0, 0, 32;
    %assign/vec4 v000002cde7d108b0_0, 0;
    %jmp T_171.1;
T_171.0 ;
    %load/vec4 v000002cde7d104f0_0;
    %flag_set/vec4 8;
    %jmp/0xz  T_171.2, 8;
    %load/vec4 v000002cde7d10a90_0;
    %assign/vec4 v000002cde7d11e90_0, 0;
T_171.2 ;
    %load/vec4 v000002cde7d101d0_0;
    %flag_set/vec4 8;
    %jmp/0xz  T_171.4, 8;
    %load/vec4 v000002cde7d122f0_0;
    %assign/vec4 v000002cde7d12070_0, 0;
    %load/vec4 v000002cde7d113f0_0;
    %load/vec4 v000002cde7d122f0_0;
    %pad/s 32;
    %load/vec4 v000002cde7d11e90_0;
    %pad/s 32;
    %mul;
    %add;
    %assign/vec4 v000002cde7d108b0_0, 0;
T_171.4 ;
T_171.1 ;
    %jmp T_171;
    .thread T_171;
    .scope S_000002cde7cf8a50;
T_172 ;
    %wait E_000002cde7af7620;
    %load/vec4 v000002cde7d12250_0;
    %nor/r;
    %flag_set/vec4 8;
    %jmp/0xz  T_172.0, 8;
    %pushi/vec4 0, 0, 8;
    %assign/vec4 v000002cde7d11f30_0, 0;
    %pushi/vec4 0, 0, 8;
    %assign/vec4 v000002cde7d11cb0_0, 0;
    %pushi/vec4 0, 0, 32;
    %assign/vec4 v000002cde7d10130_0, 0;
    %jmp T_172.1;
T_172.0 ;
    %load/vec4 v000002cde7d11b70_0;
    %flag_set/vec4 8;
    %jmp/0xz  T_172.2, 8;
    %load/vec4 v000002cde7d11ad0_0;
    %assign/vec4 v000002cde7d11f30_0, 0;
T_172.2 ;
    %load/vec4 v000002cde7d126b0_0;
    %flag_set/vec4 8;
    %jmp/0xz  T_172.4, 8;
    %load/vec4 v000002cde7d12750_0;
    %assign/vec4 v000002cde7d11cb0_0, 0;
    %load/vec4 v000002cde7d121b0_0;
    %load/vec4 v000002cde7d12750_0;
    %pad/s 32;
    %load/vec4 v000002cde7d11f30_0;
    %pad/s 32;
    %mul;
    %add;
    %assign/vec4 v000002cde7d10130_0, 0;
T_172.4 ;
T_172.1 ;
    %jmp T_172;
    .thread T_172;
    .scope S_000002cde7cf8be0;
T_173 ;
    %wait E_000002cde7af7620;
    %load/vec4 v000002cde7d13d30_0;
    %nor/r;
    %flag_set/vec4 8;
    %jmp/0xz  T_173.0, 8;
    %pushi/vec4 0, 0, 8;
    %assign/vec4 v000002cde7d12a70_0, 0;
    %pushi/vec4 0, 0, 8;
    %assign/vec4 v000002cde7d14550_0, 0;
    %pushi/vec4 0, 0, 32;
    %assign/vec4 v000002cde7d12e30_0, 0;
    %jmp T_173.1;
T_173.0 ;
    %load/vec4 v000002cde7d13a10_0;
    %flag_set/vec4 8;
    %jmp/0xz  T_173.2, 8;
    %load/vec4 v000002cde7d13010_0;
    %assign/vec4 v000002cde7d12a70_0, 0;
T_173.2 ;
    %load/vec4 v000002cde7d13f10_0;
    %flag_set/vec4 8;
    %jmp/0xz  T_173.4, 8;
    %load/vec4 v000002cde7d133d0_0;
    %assign/vec4 v000002cde7d14550_0, 0;
    %load/vec4 v000002cde7d130b0_0;
    %load/vec4 v000002cde7d133d0_0;
    %pad/s 32;
    %load/vec4 v000002cde7d12a70_0;
    %pad/s 32;
    %mul;
    %add;
    %assign/vec4 v000002cde7d12e30_0, 0;
T_173.4 ;
T_173.1 ;
    %jmp T_173;
    .thread T_173;
    .scope S_000002cde7cf8730;
T_174 ;
    %wait E_000002cde7af7620;
    %load/vec4 v000002cde7d13330_0;
    %nor/r;
    %flag_set/vec4 8;
    %jmp/0xz  T_174.0, 8;
    %pushi/vec4 0, 0, 8;
    %assign/vec4 v000002cde7d14a50_0, 0;
    %pushi/vec4 0, 0, 8;
    %assign/vec4 v000002cde7d14690_0, 0;
    %pushi/vec4 0, 0, 32;
    %assign/vec4 v000002cde7d14910_0, 0;
    %jmp T_174.1;
T_174.0 ;
    %load/vec4 v000002cde7d13fb0_0;
    %flag_set/vec4 8;
    %jmp/0xz  T_174.2, 8;
    %load/vec4 v000002cde7d14190_0;
    %assign/vec4 v000002cde7d14a50_0, 0;
T_174.2 ;
    %load/vec4 v000002cde7d13290_0;
    %flag_set/vec4 8;
    %jmp/0xz  T_174.4, 8;
    %load/vec4 v000002cde7d12ed0_0;
    %assign/vec4 v000002cde7d14690_0, 0;
    %load/vec4 v000002cde7d14b90_0;
    %load/vec4 v000002cde7d12ed0_0;
    %pad/s 32;
    %load/vec4 v000002cde7d14a50_0;
    %pad/s 32;
    %mul;
    %add;
    %assign/vec4 v000002cde7d14910_0, 0;
T_174.4 ;
T_174.1 ;
    %jmp T_174;
    .thread T_174;
    .scope S_000002cde7d1dd10;
T_175 ;
    %wait E_000002cde7af7620;
    %load/vec4 v000002cde7d13ab0_0;
    %nor/r;
    %flag_set/vec4 8;
    %jmp/0xz  T_175.0, 8;
    %pushi/vec4 0, 0, 8;
    %assign/vec4 v000002cde7d136f0_0, 0;
    %pushi/vec4 0, 0, 8;
    %assign/vec4 v000002cde7d13510_0, 0;
    %pushi/vec4 0, 0, 32;
    %assign/vec4 v000002cde7d14af0_0, 0;
    %jmp T_175.1;
T_175.0 ;
    %load/vec4 v000002cde7d145f0_0;
    %flag_set/vec4 8;
    %jmp/0xz  T_175.2, 8;
    %load/vec4 v000002cde7d12cf0_0;
    %assign/vec4 v000002cde7d136f0_0, 0;
T_175.2 ;
    %load/vec4 v000002cde7d12c50_0;
    %flag_set/vec4 8;
    %jmp/0xz  T_175.4, 8;
    %load/vec4 v000002cde7d147d0_0;
    %assign/vec4 v000002cde7d13510_0, 0;
    %load/vec4 v000002cde7d14eb0_0;
    %load/vec4 v000002cde7d147d0_0;
    %pad/s 32;
    %load/vec4 v000002cde7d136f0_0;
    %pad/s 32;
    %mul;
    %add;
    %assign/vec4 v000002cde7d14af0_0, 0;
T_175.4 ;
T_175.1 ;
    %jmp T_175;
    .thread T_175;
    .scope S_000002cde7d1d220;
T_176 ;
    %wait E_000002cde7af7620;
    %load/vec4 v000002cde7d13970_0;
    %nor/r;
    %flag_set/vec4 8;
    %jmp/0xz  T_176.0, 8;
    %pushi/vec4 0, 0, 8;
    %assign/vec4 v000002cde7d14e10_0, 0;
    %pushi/vec4 0, 0, 8;
    %assign/vec4 v000002cde7d138d0_0, 0;
    %pushi/vec4 0, 0, 32;
    %assign/vec4 v000002cde7d13bf0_0, 0;
    %jmp T_176.1;
T_176.0 ;
    %load/vec4 v000002cde7d14730_0;
    %flag_set/vec4 8;
    %jmp/0xz  T_176.2, 8;
    %load/vec4 v000002cde7d14230_0;
    %assign/vec4 v000002cde7d14e10_0, 0;
T_176.2 ;
    %load/vec4 v000002cde7d13650_0;
    %flag_set/vec4 8;
    %jmp/0xz  T_176.4, 8;
    %load/vec4 v000002cde7d13830_0;
    %assign/vec4 v000002cde7d138d0_0, 0;
    %load/vec4 v000002cde7d14050_0;
    %load/vec4 v000002cde7d13830_0;
    %pad/s 32;
    %load/vec4 v000002cde7d14e10_0;
    %pad/s 32;
    %mul;
    %add;
    %assign/vec4 v000002cde7d13bf0_0, 0;
T_176.4 ;
T_176.1 ;
    %jmp T_176;
    .thread T_176;
    .scope S_000002cde7d20740;
T_177 ;
    %wait E_000002cde7af7620;
    %load/vec4 v000002cde7d16990_0;
    %nor/r;
    %flag_set/vec4 8;
    %jmp/0xz  T_177.0, 8;
    %pushi/vec4 0, 0, 8;
    %assign/vec4 v000002cde7d15770_0, 0;
    %pushi/vec4 0, 0, 8;
    %assign/vec4 v000002cde7d15c70_0, 0;
    %pushi/vec4 0, 0, 32;
    %assign/vec4 v000002cde7d16d50_0, 0;
    %jmp T_177.1;
T_177.0 ;
    %load/vec4 v000002cde7d17390_0;
    %flag_set/vec4 8;
    %jmp/0xz  T_177.2, 8;
    %load/vec4 v000002cde7d156d0_0;
    %assign/vec4 v000002cde7d15770_0, 0;
T_177.2 ;
    %load/vec4 v000002cde7d12f70_0;
    %flag_set/vec4 8;
    %jmp/0xz  T_177.4, 8;
    %load/vec4 v000002cde7d14370_0;
    %assign/vec4 v000002cde7d15c70_0, 0;
    %load/vec4 v000002cde7d16670_0;
    %load/vec4 v000002cde7d14370_0;
    %pad/s 32;
    %load/vec4 v000002cde7d15770_0;
    %pad/s 32;
    %mul;
    %add;
    %assign/vec4 v000002cde7d16d50_0, 0;
T_177.4 ;
T_177.1 ;
    %jmp T_177;
    .thread T_177;
    .scope S_000002cde7d1e030;
T_178 ;
    %wait E_000002cde7af7620;
    %load/vec4 v000002cde7d174d0_0;
    %nor/r;
    %flag_set/vec4 8;
    %jmp/0xz  T_178.0, 8;
    %pushi/vec4 0, 0, 8;
    %assign/vec4 v000002cde7d15810_0, 0;
    %pushi/vec4 0, 0, 8;
    %assign/vec4 v000002cde7d15130_0, 0;
    %pushi/vec4 0, 0, 32;
    %assign/vec4 v000002cde7d16710_0, 0;
    %jmp T_178.1;
T_178.0 ;
    %load/vec4 v000002cde7d168f0_0;
    %flag_set/vec4 8;
    %jmp/0xz  T_178.2, 8;
    %load/vec4 v000002cde7d17110_0;
    %assign/vec4 v000002cde7d15810_0, 0;
T_178.2 ;
    %load/vec4 v000002cde7d177f0_0;
    %flag_set/vec4 8;
    %jmp/0xz  T_178.4, 8;
    %load/vec4 v000002cde7d15090_0;
    %assign/vec4 v000002cde7d15130_0, 0;
    %load/vec4 v000002cde7d17070_0;
    %load/vec4 v000002cde7d15090_0;
    %pad/s 32;
    %load/vec4 v000002cde7d15810_0;
    %pad/s 32;
    %mul;
    %add;
    %assign/vec4 v000002cde7d16710_0, 0;
T_178.4 ;
T_178.1 ;
    %jmp T_178;
    .thread T_178;
    .scope S_000002cde7d1d540;
T_179 ;
    %wait E_000002cde7af7620;
    %load/vec4 v000002cde7d15590_0;
    %nor/r;
    %flag_set/vec4 8;
    %jmp/0xz  T_179.0, 8;
    %pushi/vec4 0, 0, 8;
    %assign/vec4 v000002cde7d167b0_0, 0;
    %pushi/vec4 0, 0, 8;
    %assign/vec4 v000002cde7d15ef0_0, 0;
    %pushi/vec4 0, 0, 32;
    %assign/vec4 v000002cde7d16850_0, 0;
    %jmp T_179.1;
T_179.0 ;
    %load/vec4 v000002cde7d172f0_0;
    %flag_set/vec4 8;
    %jmp/0xz  T_179.2, 8;
    %load/vec4 v000002cde7d15bd0_0;
    %assign/vec4 v000002cde7d167b0_0, 0;
T_179.2 ;
    %load/vec4 v000002cde7d15450_0;
    %flag_set/vec4 8;
    %jmp/0xz  T_179.4, 8;
    %load/vec4 v000002cde7d15950_0;
    %assign/vec4 v000002cde7d15ef0_0, 0;
    %load/vec4 v000002cde7d154f0_0;
    %load/vec4 v000002cde7d15950_0;
    %pad/s 32;
    %load/vec4 v000002cde7d167b0_0;
    %pad/s 32;
    %mul;
    %add;
    %assign/vec4 v000002cde7d16850_0, 0;
T_179.4 ;
T_179.1 ;
    %jmp T_179;
    .thread T_179;
    .scope S_000002cde7d20290;
T_180 ;
    %wait E_000002cde7af7620;
    %load/vec4 v000002cde7d15310_0;
    %nor/r;
    %flag_set/vec4 8;
    %jmp/0xz  T_180.0, 8;
    %pushi/vec4 0, 0, 8;
    %assign/vec4 v000002cde7d15270_0, 0;
    %pushi/vec4 0, 0, 8;
    %assign/vec4 v000002cde7d15a90_0, 0;
    %pushi/vec4 0, 0, 32;
    %assign/vec4 v000002cde7d151d0_0, 0;
    %jmp T_180.1;
T_180.0 ;
    %load/vec4 v000002cde7d16210_0;
    %flag_set/vec4 8;
    %jmp/0xz  T_180.2, 8;
    %load/vec4 v000002cde7d15f90_0;
    %assign/vec4 v000002cde7d15270_0, 0;
T_180.2 ;
    %load/vec4 v000002cde7d176b0_0;
    %flag_set/vec4 8;
    %jmp/0xz  T_180.4, 8;
    %load/vec4 v000002cde7d15e50_0;
    %assign/vec4 v000002cde7d15a90_0, 0;
    %load/vec4 v000002cde7d17750_0;
    %load/vec4 v000002cde7d15e50_0;
    %pad/s 32;
    %load/vec4 v000002cde7d15270_0;
    %pad/s 32;
    %mul;
    %add;
    %assign/vec4 v000002cde7d151d0_0, 0;
T_180.4 ;
T_180.1 ;
    %jmp T_180;
    .thread T_180;
    .scope S_000002cde7d1e990;
T_181 ;
    %wait E_000002cde7af7620;
    %load/vec4 v000002cde7d19410_0;
    %nor/r;
    %flag_set/vec4 8;
    %jmp/0xz  T_181.0, 8;
    %pushi/vec4 0, 0, 8;
    %assign/vec4 v000002cde7d19a50_0, 0;
    %pushi/vec4 0, 0, 8;
    %assign/vec4 v000002cde7d16f30_0, 0;
    %pushi/vec4 0, 0, 32;
    %assign/vec4 v000002cde7d179d0_0, 0;
    %jmp T_181.1;
T_181.0 ;
    %load/vec4 v000002cde7d16cb0_0;
    %flag_set/vec4 8;
    %jmp/0xz  T_181.2, 8;
    %load/vec4 v000002cde7d16e90_0;
    %assign/vec4 v000002cde7d19a50_0, 0;
T_181.2 ;
    %load/vec4 v000002cde7d16490_0;
    %flag_set/vec4 8;
    %jmp/0xz  T_181.4, 8;
    %load/vec4 v000002cde7d16530_0;
    %assign/vec4 v000002cde7d16f30_0, 0;
    %load/vec4 v000002cde7d165d0_0;
    %load/vec4 v000002cde7d16530_0;
    %pad/s 32;
    %load/vec4 v000002cde7d19a50_0;
    %pad/s 32;
    %mul;
    %add;
    %assign/vec4 v000002cde7d179d0_0, 0;
T_181.4 ;
T_181.1 ;
    %jmp T_181;
    .thread T_181;
    .scope S_000002cde7d20420;
T_182 ;
    %wait E_000002cde7af7620;
    %load/vec4 v000002cde7d19f50_0;
    %nor/r;
    %flag_set/vec4 8;
    %jmp/0xz  T_182.0, 8;
    %pushi/vec4 0, 0, 8;
    %assign/vec4 v000002cde7d17a70_0, 0;
    %pushi/vec4 0, 0, 8;
    %assign/vec4 v000002cde7d17ed0_0, 0;
    %pushi/vec4 0, 0, 32;
    %assign/vec4 v000002cde7d19cd0_0, 0;
    %jmp T_182.1;
T_182.0 ;
    %load/vec4 v000002cde7d18a10_0;
    %flag_set/vec4 8;
    %jmp/0xz  T_182.2, 8;
    %load/vec4 v000002cde7d186f0_0;
    %assign/vec4 v000002cde7d17a70_0, 0;
T_182.2 ;
    %load/vec4 v000002cde7d19870_0;
    %flag_set/vec4 8;
    %jmp/0xz  T_182.4, 8;
    %load/vec4 v000002cde7d185b0_0;
    %assign/vec4 v000002cde7d17ed0_0, 0;
    %load/vec4 v000002cde7d19910_0;
    %load/vec4 v000002cde7d185b0_0;
    %pad/s 32;
    %load/vec4 v000002cde7d17a70_0;
    %pad/s 32;
    %mul;
    %add;
    %assign/vec4 v000002cde7d19cd0_0, 0;
T_182.4 ;
T_182.1 ;
    %jmp T_182;
    .thread T_182;
    .scope S_000002cde7d1f480;
T_183 ;
    %wait E_000002cde7af7620;
    %load/vec4 v000002cde7d194b0_0;
    %nor/r;
    %flag_set/vec4 8;
    %jmp/0xz  T_183.0, 8;
    %pushi/vec4 0, 0, 8;
    %assign/vec4 v000002cde7d19e10_0, 0;
    %pushi/vec4 0, 0, 8;
    %assign/vec4 v000002cde7d17bb0_0, 0;
    %pushi/vec4 0, 0, 32;
    %assign/vec4 v000002cde7d17cf0_0, 0;
    %jmp T_183.1;
T_183.0 ;
    %load/vec4 v000002cde7d18510_0;
    %flag_set/vec4 8;
    %jmp/0xz  T_183.2, 8;
    %load/vec4 v000002cde7d19550_0;
    %assign/vec4 v000002cde7d19e10_0, 0;
T_183.2 ;
    %load/vec4 v000002cde7d180b0_0;
    %flag_set/vec4 8;
    %jmp/0xz  T_183.4, 8;
    %load/vec4 v000002cde7d18150_0;
    %assign/vec4 v000002cde7d17bb0_0, 0;
    %load/vec4 v000002cde7d18b50_0;
    %load/vec4 v000002cde7d18150_0;
    %pad/s 32;
    %load/vec4 v000002cde7d19e10_0;
    %pad/s 32;
    %mul;
    %add;
    %assign/vec4 v000002cde7d17cf0_0, 0;
T_183.4 ;
T_183.1 ;
    %jmp T_183;
    .thread T_183;
    .scope S_000002cde7d21550;
T_184 ;
    %wait E_000002cde7af7620;
    %load/vec4 v000002cde7d17890_0;
    %nor/r;
    %flag_set/vec4 8;
    %jmp/0xz  T_184.0, 8;
    %pushi/vec4 0, 0, 8;
    %assign/vec4 v000002cde7d197d0_0, 0;
    %pushi/vec4 0, 0, 8;
    %assign/vec4 v000002cde7d19730_0, 0;
    %pushi/vec4 0, 0, 32;
    %assign/vec4 v000002cde7d183d0_0, 0;
    %jmp T_184.1;
T_184.0 ;
    %load/vec4 v000002cde7d19230_0;
    %flag_set/vec4 8;
    %jmp/0xz  T_184.2, 8;
    %load/vec4 v000002cde7d18010_0;
    %assign/vec4 v000002cde7d197d0_0, 0;
T_184.2 ;
    %load/vec4 v000002cde7d17e30_0;
    %flag_set/vec4 8;
    %jmp/0xz  T_184.4, 8;
    %load/vec4 v000002cde7d18d30_0;
    %assign/vec4 v000002cde7d19730_0, 0;
    %load/vec4 v000002cde7d19690_0;
    %load/vec4 v000002cde7d18d30_0;
    %pad/s 32;
    %load/vec4 v000002cde7d197d0_0;
    %pad/s 32;
    %mul;
    %add;
    %assign/vec4 v000002cde7d183d0_0, 0;
T_184.4 ;
T_184.1 ;
    %jmp T_184;
    .thread T_184;
    .scope S_000002cde7d216e0;
T_185 ;
    %wait E_000002cde7af7620;
    %load/vec4 v000002cde7d192d0_0;
    %nor/r;
    %flag_set/vec4 8;
    %jmp/0xz  T_185.0, 8;
    %pushi/vec4 0, 0, 8;
    %assign/vec4 v000002cde7d190f0_0, 0;
    %pushi/vec4 0, 0, 8;
    %assign/vec4 v000002cde7d18e70_0, 0;
    %pushi/vec4 0, 0, 32;
    %assign/vec4 v000002cde7d18f10_0, 0;
    %jmp T_185.1;
T_185.0 ;
    %load/vec4 v000002cde7d18dd0_0;
    %flag_set/vec4 8;
    %jmp/0xz  T_185.2, 8;
    %load/vec4 v000002cde7d18c90_0;
    %assign/vec4 v000002cde7d190f0_0, 0;
T_185.2 ;
    %load/vec4 v000002cde7d188d0_0;
    %flag_set/vec4 8;
    %jmp/0xz  T_185.4, 8;
    %load/vec4 v000002cde7d18ab0_0;
    %assign/vec4 v000002cde7d18e70_0, 0;
    %load/vec4 v000002cde7d18970_0;
    %load/vec4 v000002cde7d18ab0_0;
    %pad/s 32;
    %load/vec4 v000002cde7d190f0_0;
    %pad/s 32;
    %mul;
    %add;
    %assign/vec4 v000002cde7d18f10_0, 0;
T_185.4 ;
T_185.1 ;
    %jmp T_185;
    .thread T_185;
    .scope S_000002cde7d1e350;
T_186 ;
    %wait E_000002cde7af7620;
    %load/vec4 v000002cde7d1a9f0_0;
    %nor/r;
    %flag_set/vec4 8;
    %jmp/0xz  T_186.0, 8;
    %pushi/vec4 0, 0, 8;
    %assign/vec4 v000002cde7d1aef0_0, 0;
    %pushi/vec4 0, 0, 8;
    %assign/vec4 v000002cde7d1abd0_0, 0;
    %pushi/vec4 0, 0, 32;
    %assign/vec4 v000002cde7d1a270_0, 0;
    %jmp T_186.1;
T_186.0 ;
    %load/vec4 v000002cde7d1a950_0;
    %flag_set/vec4 8;
    %jmp/0xz  T_186.2, 8;
    %load/vec4 v000002cde7d1a450_0;
    %assign/vec4 v000002cde7d1aef0_0, 0;
T_186.2 ;
    %load/vec4 v000002cde7d1a3b0_0;
    %flag_set/vec4 8;
    %jmp/0xz  T_186.4, 8;
    %load/vec4 v000002cde7d1a1d0_0;
    %assign/vec4 v000002cde7d1abd0_0, 0;
    %load/vec4 v000002cde7d1a630_0;
    %load/vec4 v000002cde7d1a1d0_0;
    %pad/s 32;
    %load/vec4 v000002cde7d1aef0_0;
    %pad/s 32;
    %mul;
    %add;
    %assign/vec4 v000002cde7d1a270_0, 0;
T_186.4 ;
T_186.1 ;
    %jmp T_186;
    .thread T_186;
    .scope S_000002cde7d21eb0;
T_187 ;
    %wait E_000002cde7af7620;
    %load/vec4 v000002cde7d256a0_0;
    %nor/r;
    %flag_set/vec4 8;
    %jmp/0xz  T_187.0, 8;
    %pushi/vec4 0, 0, 8;
    %assign/vec4 v000002cde7d25600_0, 0;
    %pushi/vec4 0, 0, 8;
    %assign/vec4 v000002cde7d26820_0, 0;
    %pushi/vec4 0, 0, 32;
    %assign/vec4 v000002cde7d252e0_0, 0;
    %jmp T_187.1;
T_187.0 ;
    %load/vec4 v000002cde7d25f60_0;
    %flag_set/vec4 8;
    %jmp/0xz  T_187.2, 8;
    %load/vec4 v000002cde7d1ae50_0;
    %assign/vec4 v000002cde7d25600_0, 0;
T_187.2 ;
    %load/vec4 v000002cde7d1adb0_0;
    %flag_set/vec4 8;
    %jmp/0xz  T_187.4, 8;
    %load/vec4 v000002cde7d1ac70_0;
    %assign/vec4 v000002cde7d26820_0, 0;
    %load/vec4 v000002cde7d1ad10_0;
    %load/vec4 v000002cde7d1ac70_0;
    %pad/s 32;
    %load/vec4 v000002cde7d25600_0;
    %pad/s 32;
    %mul;
    %add;
    %assign/vec4 v000002cde7d252e0_0, 0;
T_187.4 ;
T_187.1 ;
    %jmp T_187;
    .thread T_187;
    .scope S_000002cde7d23300;
T_188 ;
    %wait E_000002cde7af7620;
    %load/vec4 v000002cde7d26a00_0;
    %nor/r;
    %flag_set/vec4 8;
    %jmp/0xz  T_188.0, 8;
    %pushi/vec4 0, 0, 8;
    %assign/vec4 v000002cde7d265a0_0, 0;
    %pushi/vec4 0, 0, 8;
    %assign/vec4 v000002cde7d25ce0_0, 0;
    %pushi/vec4 0, 0, 32;
    %assign/vec4 v000002cde7d257e0_0, 0;
    %jmp T_188.1;
T_188.0 ;
    %load/vec4 v000002cde7d27860_0;
    %flag_set/vec4 8;
    %jmp/0xz  T_188.2, 8;
    %load/vec4 v000002cde7d26460_0;
    %assign/vec4 v000002cde7d265a0_0, 0;
T_188.2 ;
    %load/vec4 v000002cde7d25b00_0;
    %flag_set/vec4 8;
    %jmp/0xz  T_188.4, 8;
    %load/vec4 v000002cde7d26960_0;
    %assign/vec4 v000002cde7d25ce0_0, 0;
    %load/vec4 v000002cde7d26be0_0;
    %load/vec4 v000002cde7d26960_0;
    %pad/s 32;
    %load/vec4 v000002cde7d265a0_0;
    %pad/s 32;
    %mul;
    %add;
    %assign/vec4 v000002cde7d257e0_0, 0;
T_188.4 ;
T_188.1 ;
    %jmp T_188;
    .thread T_188;
    .scope S_000002cde7d229a0;
T_189 ;
    %wait E_000002cde7af7620;
    %load/vec4 v000002cde7d26500_0;
    %nor/r;
    %flag_set/vec4 8;
    %jmp/0xz  T_189.0, 8;
    %pushi/vec4 0, 0, 8;
    %assign/vec4 v000002cde7d25a60_0, 0;
    %pushi/vec4 0, 0, 8;
    %assign/vec4 v000002cde7d25c40_0, 0;
    %pushi/vec4 0, 0, 32;
    %assign/vec4 v000002cde7d259c0_0, 0;
    %jmp T_189.1;
T_189.0 ;
    %load/vec4 v000002cde7d26780_0;
    %flag_set/vec4 8;
    %jmp/0xz  T_189.2, 8;
    %load/vec4 v000002cde7d26000_0;
    %assign/vec4 v000002cde7d25a60_0, 0;
T_189.2 ;
    %load/vec4 v000002cde7d25240_0;
    %flag_set/vec4 8;
    %jmp/0xz  T_189.4, 8;
    %load/vec4 v000002cde7d26d20_0;
    %assign/vec4 v000002cde7d25c40_0, 0;
    %load/vec4 v000002cde7d25d80_0;
    %load/vec4 v000002cde7d26d20_0;
    %pad/s 32;
    %load/vec4 v000002cde7d25a60_0;
    %pad/s 32;
    %mul;
    %add;
    %assign/vec4 v000002cde7d259c0_0, 0;
T_189.4 ;
T_189.1 ;
    %jmp T_189;
    .thread T_189;
    .scope S_000002cde7d22e50;
T_190 ;
    %wait E_000002cde7af7620;
    %load/vec4 v000002cde7d26fa0_0;
    %nor/r;
    %flag_set/vec4 8;
    %jmp/0xz  T_190.0, 8;
    %pushi/vec4 0, 0, 8;
    %assign/vec4 v000002cde7d26280_0, 0;
    %pushi/vec4 0, 0, 8;
    %assign/vec4 v000002cde7d261e0_0, 0;
    %pushi/vec4 0, 0, 32;
    %assign/vec4 v000002cde7d254c0_0, 0;
    %jmp T_190.1;
T_190.0 ;
    %load/vec4 v000002cde7d26140_0;
    %flag_set/vec4 8;
    %jmp/0xz  T_190.2, 8;
    %load/vec4 v000002cde7d251a0_0;
    %assign/vec4 v000002cde7d26280_0, 0;
T_190.2 ;
    %load/vec4 v000002cde7d270e0_0;
    %flag_set/vec4 8;
    %jmp/0xz  T_190.4, 8;
    %load/vec4 v000002cde7d260a0_0;
    %assign/vec4 v000002cde7d261e0_0, 0;
    %load/vec4 v000002cde7d25100_0;
    %load/vec4 v000002cde7d260a0_0;
    %pad/s 32;
    %load/vec4 v000002cde7d26280_0;
    %pad/s 32;
    %mul;
    %add;
    %assign/vec4 v000002cde7d254c0_0, 0;
T_190.4 ;
T_190.1 ;
    %jmp T_190;
    .thread T_190;
    .scope S_000002cde7d242a0;
T_191 ;
    %wait E_000002cde7af7620;
    %load/vec4 v000002cde7d29480_0;
    %nor/r;
    %flag_set/vec4 8;
    %jmp/0xz  T_191.0, 8;
    %pushi/vec4 0, 0, 8;
    %assign/vec4 v000002cde7d25420_0, 0;
    %pushi/vec4 0, 0, 8;
    %assign/vec4 v000002cde7d277c0_0, 0;
    %pushi/vec4 0, 0, 32;
    %assign/vec4 v000002cde7d25380_0, 0;
    %jmp T_191.1;
T_191.0 ;
    %load/vec4 v000002cde7d27720_0;
    %flag_set/vec4 8;
    %jmp/0xz  T_191.2, 8;
    %load/vec4 v000002cde7d275e0_0;
    %assign/vec4 v000002cde7d25420_0, 0;
T_191.2 ;
    %load/vec4 v000002cde7d27220_0;
    %flag_set/vec4 8;
    %jmp/0xz  T_191.4, 8;
    %load/vec4 v000002cde7d274a0_0;
    %assign/vec4 v000002cde7d277c0_0, 0;
    %load/vec4 v000002cde7d27540_0;
    %load/vec4 v000002cde7d274a0_0;
    %pad/s 32;
    %load/vec4 v000002cde7d25420_0;
    %pad/s 32;
    %mul;
    %add;
    %assign/vec4 v000002cde7d25380_0, 0;
T_191.4 ;
T_191.1 ;
    %jmp T_191;
    .thread T_191;
    .scope S_000002cde7d23df0;
T_192 ;
    %wait E_000002cde7af7620;
    %load/vec4 v000002cde7d286c0_0;
    %nor/r;
    %flag_set/vec4 8;
    %jmp/0xz  T_192.0, 8;
    %pushi/vec4 0, 0, 8;
    %assign/vec4 v000002cde7d29a20_0, 0;
    %pushi/vec4 0, 0, 8;
    %assign/vec4 v000002cde7d27a40_0, 0;
    %pushi/vec4 0, 0, 32;
    %assign/vec4 v000002cde7d28620_0, 0;
    %jmp T_192.1;
T_192.0 ;
    %load/vec4 v000002cde7d29160_0;
    %flag_set/vec4 8;
    %jmp/0xz  T_192.2, 8;
    %load/vec4 v000002cde7d27f40_0;
    %assign/vec4 v000002cde7d29a20_0, 0;
T_192.2 ;
    %load/vec4 v000002cde7d298e0_0;
    %flag_set/vec4 8;
    %jmp/0xz  T_192.4, 8;
    %load/vec4 v000002cde7d28e40_0;
    %assign/vec4 v000002cde7d27a40_0, 0;
    %load/vec4 v000002cde7d29c00_0;
    %load/vec4 v000002cde7d28e40_0;
    %pad/s 32;
    %load/vec4 v000002cde7d29a20_0;
    %pad/s 32;
    %mul;
    %add;
    %assign/vec4 v000002cde7d28620_0, 0;
T_192.4 ;
T_192.1 ;
    %jmp T_192;
    .thread T_192;
    .scope S_000002cde7d23ad0;
T_193 ;
    %wait E_000002cde7af7620;
    %load/vec4 v000002cde7d281c0_0;
    %nor/r;
    %flag_set/vec4 8;
    %jmp/0xz  T_193.0, 8;
    %pushi/vec4 0, 0, 8;
    %assign/vec4 v000002cde7d283a0_0, 0;
    %pushi/vec4 0, 0, 8;
    %assign/vec4 v000002cde7d27c20_0, 0;
    %pushi/vec4 0, 0, 32;
    %assign/vec4 v000002cde7d27900_0, 0;
    %jmp T_193.1;
T_193.0 ;
    %load/vec4 v000002cde7d28800_0;
    %flag_set/vec4 8;
    %jmp/0xz  T_193.2, 8;
    %load/vec4 v000002cde7d29520_0;
    %assign/vec4 v000002cde7d283a0_0, 0;
T_193.2 ;
    %load/vec4 v000002cde7d28760_0;
    %flag_set/vec4 8;
    %jmp/0xz  T_193.4, 8;
    %load/vec4 v000002cde7d29020_0;
    %assign/vec4 v000002cde7d27c20_0, 0;
    %load/vec4 v000002cde7d292a0_0;
    %load/vec4 v000002cde7d29020_0;
    %pad/s 32;
    %load/vec4 v000002cde7d283a0_0;
    %pad/s 32;
    %mul;
    %add;
    %assign/vec4 v000002cde7d27900_0, 0;
T_193.4 ;
T_193.1 ;
    %jmp T_193;
    .thread T_193;
    .scope S_000002cde7d23f80;
T_194 ;
    %wait E_000002cde7af7620;
    %load/vec4 v000002cde7d28c60_0;
    %nor/r;
    %flag_set/vec4 8;
    %jmp/0xz  T_194.0, 8;
    %pushi/vec4 0, 0, 8;
    %assign/vec4 v000002cde7d29660_0, 0;
    %pushi/vec4 0, 0, 8;
    %assign/vec4 v000002cde7d29b60_0, 0;
    %pushi/vec4 0, 0, 32;
    %assign/vec4 v000002cde7d289e0_0, 0;
    %jmp T_194.1;
T_194.0 ;
    %load/vec4 v000002cde7d27e00_0;
    %flag_set/vec4 8;
    %jmp/0xz  T_194.2, 8;
    %load/vec4 v000002cde7d27d60_0;
    %assign/vec4 v000002cde7d29660_0, 0;
T_194.2 ;
    %load/vec4 v000002cde7d27cc0_0;
    %flag_set/vec4 8;
    %jmp/0xz  T_194.4, 8;
    %load/vec4 v000002cde7d28940_0;
    %assign/vec4 v000002cde7d29b60_0, 0;
    %load/vec4 v000002cde7d28440_0;
    %load/vec4 v000002cde7d28940_0;
    %pad/s 32;
    %load/vec4 v000002cde7d29660_0;
    %pad/s 32;
    %mul;
    %add;
    %assign/vec4 v000002cde7d289e0_0, 0;
T_194.4 ;
T_194.1 ;
    %jmp T_194;
    .thread T_194;
    .scope S_000002cde7d47630;
T_195 ;
    %wait E_000002cde7af7620;
    %load/vec4 v000002cde7d28f80_0;
    %nor/r;
    %flag_set/vec4 8;
    %jmp/0xz  T_195.0, 8;
    %pushi/vec4 0, 0, 8;
    %assign/vec4 v000002cde7d29e80_0, 0;
    %pushi/vec4 0, 0, 8;
    %assign/vec4 v000002cde7d297a0_0, 0;
    %pushi/vec4 0, 0, 32;
    %assign/vec4 v000002cde7d29840_0, 0;
    %jmp T_195.1;
T_195.0 ;
    %load/vec4 v000002cde7d29700_0;
    %flag_set/vec4 8;
    %jmp/0xz  T_195.2, 8;
    %load/vec4 v000002cde7d28260_0;
    %assign/vec4 v000002cde7d29e80_0, 0;
T_195.2 ;
    %load/vec4 v000002cde7d29de0_0;
    %flag_set/vec4 8;
    %jmp/0xz  T_195.4, 8;
    %load/vec4 v000002cde7d29980_0;
    %assign/vec4 v000002cde7d297a0_0, 0;
    %load/vec4 v000002cde7d28ee0_0;
    %load/vec4 v000002cde7d29980_0;
    %pad/s 32;
    %load/vec4 v000002cde7d29e80_0;
    %pad/s 32;
    %mul;
    %add;
    %assign/vec4 v000002cde7d29840_0, 0;
T_195.4 ;
T_195.1 ;
    %jmp T_195;
    .thread T_195;
    .scope S_000002cde7d48a80;
T_196 ;
    %wait E_000002cde7af7620;
    %load/vec4 v000002cde7d2bc80_0;
    %nor/r;
    %flag_set/vec4 8;
    %jmp/0xz  T_196.0, 8;
    %pushi/vec4 0, 0, 8;
    %assign/vec4 v000002cde7d2a2e0_0, 0;
    %pushi/vec4 0, 0, 8;
    %assign/vec4 v000002cde7d2aba0_0, 0;
    %pushi/vec4 0, 0, 32;
    %assign/vec4 v000002cde7d2b820_0, 0;
    %jmp T_196.1;
T_196.0 ;
    %load/vec4 v000002cde7d2a920_0;
    %flag_set/vec4 8;
    %jmp/0xz  T_196.2, 8;
    %load/vec4 v000002cde7d2bd20_0;
    %assign/vec4 v000002cde7d2a2e0_0, 0;
T_196.2 ;
    %load/vec4 v000002cde7d2c540_0;
    %flag_set/vec4 8;
    %jmp/0xz  T_196.4, 8;
    %load/vec4 v000002cde7d2a560_0;
    %assign/vec4 v000002cde7d2aba0_0, 0;
    %load/vec4 v000002cde7d2bbe0_0;
    %load/vec4 v000002cde7d2a560_0;
    %pad/s 32;
    %load/vec4 v000002cde7d2a2e0_0;
    %pad/s 32;
    %mul;
    %add;
    %assign/vec4 v000002cde7d2b820_0, 0;
T_196.4 ;
T_196.1 ;
    %jmp T_196;
    .thread T_196;
    .scope S_000002cde7d46500;
T_197 ;
    %wait E_000002cde7af7620;
    %load/vec4 v000002cde7d2b5a0_0;
    %nor/r;
    %flag_set/vec4 8;
    %jmp/0xz  T_197.0, 8;
    %pushi/vec4 0, 0, 8;
    %assign/vec4 v000002cde7d2c0e0_0, 0;
    %pushi/vec4 0, 0, 8;
    %assign/vec4 v000002cde7d2c860_0, 0;
    %pushi/vec4 0, 0, 32;
    %assign/vec4 v000002cde7d2bb40_0, 0;
    %jmp T_197.1;
T_197.0 ;
    %load/vec4 v000002cde7d2b460_0;
    %flag_set/vec4 8;
    %jmp/0xz  T_197.2, 8;
    %load/vec4 v000002cde7d2a420_0;
    %assign/vec4 v000002cde7d2c0e0_0, 0;
T_197.2 ;
    %load/vec4 v000002cde7d2b780_0;
    %flag_set/vec4 8;
    %jmp/0xz  T_197.4, 8;
    %load/vec4 v000002cde7d2be60_0;
    %assign/vec4 v000002cde7d2c860_0, 0;
    %load/vec4 v000002cde7d2b8c0_0;
    %load/vec4 v000002cde7d2be60_0;
    %pad/s 32;
    %load/vec4 v000002cde7d2c0e0_0;
    %pad/s 32;
    %mul;
    %add;
    %assign/vec4 v000002cde7d2bb40_0, 0;
T_197.4 ;
T_197.1 ;
    %jmp T_197;
    .thread T_197;
    .scope S_000002cde7d46b40;
T_198 ;
    %wait E_000002cde7af7620;
    %load/vec4 v000002cde7d2ae20_0;
    %nor/r;
    %flag_set/vec4 8;
    %jmp/0xz  T_198.0, 8;
    %pushi/vec4 0, 0, 8;
    %assign/vec4 v000002cde7d2ad80_0, 0;
    %pushi/vec4 0, 0, 8;
    %assign/vec4 v000002cde7d2ace0_0, 0;
    %pushi/vec4 0, 0, 32;
    %assign/vec4 v000002cde7d2c2c0_0, 0;
    %jmp T_198.1;
T_198.0 ;
    %load/vec4 v000002cde7d2ac40_0;
    %flag_set/vec4 8;
    %jmp/0xz  T_198.2, 8;
    %load/vec4 v000002cde7d2bf00_0;
    %assign/vec4 v000002cde7d2ad80_0, 0;
T_198.2 ;
    %load/vec4 v000002cde7d2c680_0;
    %flag_set/vec4 8;
    %jmp/0xz  T_198.4, 8;
    %load/vec4 v000002cde7d2a380_0;
    %assign/vec4 v000002cde7d2ace0_0, 0;
    %load/vec4 v000002cde7d2a4c0_0;
    %load/vec4 v000002cde7d2a380_0;
    %pad/s 32;
    %load/vec4 v000002cde7d2ad80_0;
    %pad/s 32;
    %mul;
    %add;
    %assign/vec4 v000002cde7d2c2c0_0, 0;
T_198.4 ;
T_198.1 ;
    %jmp T_198;
    .thread T_198;
    .scope S_000002cde7d488f0;
T_199 ;
    %wait E_000002cde7af7620;
    %load/vec4 v000002cde7d2a240_0;
    %nor/r;
    %flag_set/vec4 8;
    %jmp/0xz  T_199.0, 8;
    %pushi/vec4 0, 0, 8;
    %assign/vec4 v000002cde7d2c7c0_0, 0;
    %pushi/vec4 0, 0, 8;
    %assign/vec4 v000002cde7d2c5e0_0, 0;
    %pushi/vec4 0, 0, 32;
    %assign/vec4 v000002cde7d2b140_0, 0;
    %jmp T_199.1;
T_199.0 ;
    %load/vec4 v000002cde7d2c4a0_0;
    %flag_set/vec4 8;
    %jmp/0xz  T_199.2, 8;
    %load/vec4 v000002cde7d2c720_0;
    %assign/vec4 v000002cde7d2c7c0_0, 0;
T_199.2 ;
    %load/vec4 v000002cde7d2a1a0_0;
    %flag_set/vec4 8;
    %jmp/0xz  T_199.4, 8;
    %load/vec4 v000002cde7d2b500_0;
    %assign/vec4 v000002cde7d2c5e0_0, 0;
    %load/vec4 v000002cde7d2af60_0;
    %load/vec4 v000002cde7d2b500_0;
    %pad/s 32;
    %load/vec4 v000002cde7d2c7c0_0;
    %pad/s 32;
    %mul;
    %add;
    %assign/vec4 v000002cde7d2b140_0, 0;
T_199.4 ;
T_199.1 ;
    %jmp T_199;
    .thread T_199;
    .scope S_000002cde7d45560;
T_200 ;
    %wait E_000002cde7af7620;
    %load/vec4 v000002cde7d2d440_0;
    %nor/r;
    %flag_set/vec4 8;
    %jmp/0xz  T_200.0, 8;
    %pushi/vec4 0, 0, 8;
    %assign/vec4 v000002cde7d2ca40_0, 0;
    %pushi/vec4 0, 0, 8;
    %assign/vec4 v000002cde7d2e480_0, 0;
    %pushi/vec4 0, 0, 32;
    %assign/vec4 v000002cde7d2cea0_0, 0;
    %jmp T_200.1;
T_200.0 ;
    %load/vec4 v000002cde7d2cc20_0;
    %flag_set/vec4 8;
    %jmp/0xz  T_200.2, 8;
    %load/vec4 v000002cde7d2e160_0;
    %assign/vec4 v000002cde7d2ca40_0, 0;
T_200.2 ;
    %load/vec4 v000002cde7d2c040_0;
    %flag_set/vec4 8;
    %jmp/0xz  T_200.4, 8;
    %load/vec4 v000002cde7d2d3a0_0;
    %assign/vec4 v000002cde7d2e480_0, 0;
    %load/vec4 v000002cde7d2d760_0;
    %load/vec4 v000002cde7d2d3a0_0;
    %pad/s 32;
    %load/vec4 v000002cde7d2ca40_0;
    %pad/s 32;
    %mul;
    %add;
    %assign/vec4 v000002cde7d2cea0_0, 0;
T_200.4 ;
T_200.1 ;
    %jmp T_200;
    .thread T_200;
    .scope S_000002cde7d477c0;
T_201 ;
    %wait E_000002cde7af7620;
    %load/vec4 v000002cde7d2cf40_0;
    %nor/r;
    %flag_set/vec4 8;
    %jmp/0xz  T_201.0, 8;
    %pushi/vec4 0, 0, 8;
    %assign/vec4 v000002cde7d2ea20_0, 0;
    %pushi/vec4 0, 0, 8;
    %assign/vec4 v000002cde7d2c900_0, 0;
    %pushi/vec4 0, 0, 32;
    %assign/vec4 v000002cde7d2e200_0, 0;
    %jmp T_201.1;
T_201.0 ;
    %load/vec4 v000002cde7d2e980_0;
    %flag_set/vec4 8;
    %jmp/0xz  T_201.2, 8;
    %load/vec4 v000002cde7d2e7a0_0;
    %assign/vec4 v000002cde7d2ea20_0, 0;
T_201.2 ;
    %load/vec4 v000002cde7d2cb80_0;
    %flag_set/vec4 8;
    %jmp/0xz  T_201.4, 8;
    %load/vec4 v000002cde7d2dc60_0;
    %assign/vec4 v000002cde7d2c900_0, 0;
    %load/vec4 v000002cde7d2f060_0;
    %load/vec4 v000002cde7d2dc60_0;
    %pad/s 32;
    %load/vec4 v000002cde7d2ea20_0;
    %pad/s 32;
    %mul;
    %add;
    %assign/vec4 v000002cde7d2e200_0, 0;
T_201.4 ;
T_201.1 ;
    %jmp T_201;
    .thread T_201;
    .scope S_000002cde7d46ff0;
T_202 ;
    %wait E_000002cde7af7620;
    %load/vec4 v000002cde7d2d800_0;
    %nor/r;
    %flag_set/vec4 8;
    %jmp/0xz  T_202.0, 8;
    %pushi/vec4 0, 0, 8;
    %assign/vec4 v000002cde7d2d080_0, 0;
    %pushi/vec4 0, 0, 8;
    %assign/vec4 v000002cde7d2e2a0_0, 0;
    %pushi/vec4 0, 0, 32;
    %assign/vec4 v000002cde7d2cfe0_0, 0;
    %jmp T_202.1;
T_202.0 ;
    %load/vec4 v000002cde7d2d8a0_0;
    %flag_set/vec4 8;
    %jmp/0xz  T_202.2, 8;
    %load/vec4 v000002cde7d2eb60_0;
    %assign/vec4 v000002cde7d2d080_0, 0;
T_202.2 ;
    %load/vec4 v000002cde7d2d260_0;
    %flag_set/vec4 8;
    %jmp/0xz  T_202.4, 8;
    %load/vec4 v000002cde7d2cd60_0;
    %assign/vec4 v000002cde7d2e2a0_0, 0;
    %load/vec4 v000002cde7d2ce00_0;
    %load/vec4 v000002cde7d2cd60_0;
    %pad/s 32;
    %load/vec4 v000002cde7d2d080_0;
    %pad/s 32;
    %mul;
    %add;
    %assign/vec4 v000002cde7d2cfe0_0, 0;
T_202.4 ;
T_202.1 ;
    %jmp T_202;
    .thread T_202;
    .scope S_000002cde7d49570;
T_203 ;
    %wait E_000002cde7af7620;
    %load/vec4 v000002cde7d2e5c0_0;
    %nor/r;
    %flag_set/vec4 8;
    %jmp/0xz  T_203.0, 8;
    %pushi/vec4 0, 0, 8;
    %assign/vec4 v000002cde7d2d940_0, 0;
    %pushi/vec4 0, 0, 8;
    %assign/vec4 v000002cde7d2e020_0, 0;
    %pushi/vec4 0, 0, 32;
    %assign/vec4 v000002cde7d2db20_0, 0;
    %jmp T_203.1;
T_203.0 ;
    %load/vec4 v000002cde7d2ec00_0;
    %flag_set/vec4 8;
    %jmp/0xz  T_203.2, 8;
    %load/vec4 v000002cde7d2e340_0;
    %assign/vec4 v000002cde7d2d940_0, 0;
T_203.2 ;
    %load/vec4 v000002cde7d2e700_0;
    %flag_set/vec4 8;
    %jmp/0xz  T_203.4, 8;
    %load/vec4 v000002cde7d2d300_0;
    %assign/vec4 v000002cde7d2e020_0, 0;
    %load/vec4 v000002cde7d2ef20_0;
    %load/vec4 v000002cde7d2d300_0;
    %pad/s 32;
    %load/vec4 v000002cde7d2d940_0;
    %pad/s 32;
    %mul;
    %add;
    %assign/vec4 v000002cde7d2db20_0, 0;
T_203.4 ;
T_203.1 ;
    %jmp T_203;
    .thread T_203;
    .scope S_000002cde7d47c70;
T_204 ;
    %wait E_000002cde7af7620;
    %load/vec4 v000002cde7d2f4c0_0;
    %nor/r;
    %flag_set/vec4 8;
    %jmp/0xz  T_204.0, 8;
    %pushi/vec4 0, 0, 8;
    %assign/vec4 v000002cde7d2fba0_0, 0;
    %pushi/vec4 0, 0, 8;
    %assign/vec4 v000002cde7d30140_0, 0;
    %pushi/vec4 0, 0, 32;
    %assign/vec4 v000002cde7d31360_0, 0;
    %jmp T_204.1;
T_204.0 ;
    %load/vec4 v000002cde7d2e3e0_0;
    %flag_set/vec4 8;
    %jmp/0xz  T_204.2, 8;
    %load/vec4 v000002cde7d2e0c0_0;
    %assign/vec4 v000002cde7d2fba0_0, 0;
T_204.2 ;
    %load/vec4 v000002cde7d2d9e0_0;
    %flag_set/vec4 8;
    %jmp/0xz  T_204.4, 8;
    %load/vec4 v000002cde7d2dbc0_0;
    %assign/vec4 v000002cde7d30140_0, 0;
    %load/vec4 v000002cde7d2ee80_0;
    %load/vec4 v000002cde7d2dbc0_0;
    %pad/s 32;
    %load/vec4 v000002cde7d2fba0_0;
    %pad/s 32;
    %mul;
    %add;
    %assign/vec4 v000002cde7d31360_0, 0;
T_204.4 ;
T_204.1 ;
    %jmp T_204;
    .thread T_204;
    .scope S_000002cde7d47ae0;
T_205 ;
    %wait E_000002cde7af7620;
    %load/vec4 v000002cde7d2f380_0;
    %nor/r;
    %flag_set/vec4 8;
    %jmp/0xz  T_205.0, 8;
    %pushi/vec4 0, 0, 8;
    %assign/vec4 v000002cde7d30b40_0, 0;
    %pushi/vec4 0, 0, 8;
    %assign/vec4 v000002cde7d31220_0, 0;
    %pushi/vec4 0, 0, 32;
    %assign/vec4 v000002cde7d2f880_0, 0;
    %jmp T_205.1;
T_205.0 ;
    %load/vec4 v000002cde7d2fd80_0;
    %flag_set/vec4 8;
    %jmp/0xz  T_205.2, 8;
    %load/vec4 v000002cde7d314a0_0;
    %assign/vec4 v000002cde7d30b40_0, 0;
T_205.2 ;
    %load/vec4 v000002cde7d300a0_0;
    %flag_set/vec4 8;
    %jmp/0xz  T_205.4, 8;
    %load/vec4 v000002cde7d2fa60_0;
    %assign/vec4 v000002cde7d31220_0, 0;
    %load/vec4 v000002cde7d30d20_0;
    %load/vec4 v000002cde7d2fa60_0;
    %pad/s 32;
    %load/vec4 v000002cde7d30b40_0;
    %pad/s 32;
    %mul;
    %add;
    %assign/vec4 v000002cde7d2f880_0, 0;
T_205.4 ;
T_205.1 ;
    %jmp T_205;
    .thread T_205;
    .scope S_000002cde7d45a10;
T_206 ;
    %wait E_000002cde7af7620;
    %load/vec4 v000002cde7d2f6a0_0;
    %nor/r;
    %flag_set/vec4 8;
    %jmp/0xz  T_206.0, 8;
    %pushi/vec4 0, 0, 8;
    %assign/vec4 v000002cde7d2f600_0, 0;
    %pushi/vec4 0, 0, 8;
    %assign/vec4 v000002cde7d30820_0, 0;
    %pushi/vec4 0, 0, 32;
    %assign/vec4 v000002cde7d2f2e0_0, 0;
    %jmp T_206.1;
T_206.0 ;
    %load/vec4 v000002cde7d2ff60_0;
    %flag_set/vec4 8;
    %jmp/0xz  T_206.2, 8;
    %load/vec4 v000002cde7d2fc40_0;
    %assign/vec4 v000002cde7d2f600_0, 0;
T_206.2 ;
    %load/vec4 v000002cde7d2f240_0;
    %flag_set/vec4 8;
    %jmp/0xz  T_206.4, 8;
    %load/vec4 v000002cde7d310e0_0;
    %assign/vec4 v000002cde7d30820_0, 0;
    %load/vec4 v000002cde7d30dc0_0;
    %load/vec4 v000002cde7d310e0_0;
    %pad/s 32;
    %load/vec4 v000002cde7d2f600_0;
    %pad/s 32;
    %mul;
    %add;
    %assign/vec4 v000002cde7d2f2e0_0, 0;
T_206.4 ;
T_206.1 ;
    %jmp T_206;
    .thread T_206;
    .scope S_000002cde7d4a1f0;
T_207 ;
    %wait E_000002cde7af7620;
    %load/vec4 v000002cde7d31400_0;
    %nor/r;
    %flag_set/vec4 8;
    %jmp/0xz  T_207.0, 8;
    %pushi/vec4 0, 0, 8;
    %assign/vec4 v000002cde7d317c0_0, 0;
    %pushi/vec4 0, 0, 8;
    %assign/vec4 v000002cde7d2f560_0, 0;
    %pushi/vec4 0, 0, 32;
    %assign/vec4 v000002cde7d30500_0, 0;
    %jmp T_207.1;
T_207.0 ;
    %load/vec4 v000002cde7d2f420_0;
    %flag_set/vec4 8;
    %jmp/0xz  T_207.2, 8;
    %load/vec4 v000002cde7d31180_0;
    %assign/vec4 v000002cde7d317c0_0, 0;
T_207.2 ;
    %load/vec4 v000002cde7d30960_0;
    %flag_set/vec4 8;
    %jmp/0xz  T_207.4, 8;
    %load/vec4 v000002cde7d30460_0;
    %assign/vec4 v000002cde7d2f560_0, 0;
    %load/vec4 v000002cde7d30320_0;
    %load/vec4 v000002cde7d30460_0;
    %pad/s 32;
    %load/vec4 v000002cde7d317c0_0;
    %pad/s 32;
    %mul;
    %add;
    %assign/vec4 v000002cde7d30500_0, 0;
T_207.4 ;
T_207.1 ;
    %jmp T_207;
    .thread T_207;
    .scope S_000002cde7d4a380;
T_208 ;
    %wait E_000002cde7af7620;
    %load/vec4 v000002cde7d2f1a0_0;
    %nor/r;
    %flag_set/vec4 8;
    %jmp/0xz  T_208.0, 8;
    %pushi/vec4 0, 0, 8;
    %assign/vec4 v000002cde7d2f100_0, 0;
    %pushi/vec4 0, 0, 8;
    %assign/vec4 v000002cde7d31680_0, 0;
    %pushi/vec4 0, 0, 32;
    %assign/vec4 v000002cde7d31860_0, 0;
    %jmp T_208.1;
T_208.0 ;
    %load/vec4 v000002cde7d315e0_0;
    %flag_set/vec4 8;
    %jmp/0xz  T_208.2, 8;
    %load/vec4 v000002cde7d31040_0;
    %assign/vec4 v000002cde7d2f100_0, 0;
T_208.2 ;
    %load/vec4 v000002cde7d30be0_0;
    %flag_set/vec4 8;
    %jmp/0xz  T_208.4, 8;
    %load/vec4 v000002cde7d30f00_0;
    %assign/vec4 v000002cde7d31680_0, 0;
    %load/vec4 v000002cde7d30fa0_0;
    %load/vec4 v000002cde7d30f00_0;
    %pad/s 32;
    %load/vec4 v000002cde7d2f100_0;
    %pad/s 32;
    %mul;
    %add;
    %assign/vec4 v000002cde7d31860_0, 0;
T_208.4 ;
T_208.1 ;
    %jmp T_208;
    .thread T_208;
    .scope S_000002cde7d4a9c0;
T_209 ;
    %wait E_000002cde7af7620;
    %load/vec4 v000002cde7d33660_0;
    %nor/r;
    %flag_set/vec4 8;
    %jmp/0xz  T_209.0, 8;
    %pushi/vec4 0, 0, 8;
    %assign/vec4 v000002cde7d32ee0_0, 0;
    %pushi/vec4 0, 0, 8;
    %assign/vec4 v000002cde7d34060_0, 0;
    %pushi/vec4 0, 0, 32;
    %assign/vec4 v000002cde7d31900_0, 0;
    %jmp T_209.1;
T_209.0 ;
    %load/vec4 v000002cde7d32da0_0;
    %flag_set/vec4 8;
    %jmp/0xz  T_209.2, 8;
    %load/vec4 v000002cde7d338e0_0;
    %assign/vec4 v000002cde7d32ee0_0, 0;
T_209.2 ;
    %load/vec4 v000002cde7d33840_0;
    %flag_set/vec4 8;
    %jmp/0xz  T_209.4, 8;
    %load/vec4 v000002cde7d32b20_0;
    %assign/vec4 v000002cde7d34060_0, 0;
    %load/vec4 v000002cde7d333e0_0;
    %load/vec4 v000002cde7d32b20_0;
    %pad/s 32;
    %load/vec4 v000002cde7d32ee0_0;
    %pad/s 32;
    %mul;
    %add;
    %assign/vec4 v000002cde7d31900_0, 0;
T_209.4 ;
T_209.1 ;
    %jmp T_209;
    .thread T_209;
    .scope S_000002cde7d4b190;
T_210 ;
    %wait E_000002cde7af7620;
    %load/vec4 v000002cde7d32800_0;
    %nor/r;
    %flag_set/vec4 8;
    %jmp/0xz  T_210.0, 8;
    %pushi/vec4 0, 0, 8;
    %assign/vec4 v000002cde7d33480_0, 0;
    %pushi/vec4 0, 0, 8;
    %assign/vec4 v000002cde7d33b60_0, 0;
    %pushi/vec4 0, 0, 32;
    %assign/vec4 v000002cde7d332a0_0, 0;
    %jmp T_210.1;
T_210.0 ;
    %load/vec4 v000002cde7d32080_0;
    %flag_set/vec4 8;
    %jmp/0xz  T_210.2, 8;
    %load/vec4 v000002cde7d32120_0;
    %assign/vec4 v000002cde7d33480_0, 0;
T_210.2 ;
    %load/vec4 v000002cde7d31ea0_0;
    %flag_set/vec4 8;
    %jmp/0xz  T_210.4, 8;
    %load/vec4 v000002cde7d31cc0_0;
    %assign/vec4 v000002cde7d33b60_0, 0;
    %load/vec4 v000002cde7d32260_0;
    %load/vec4 v000002cde7d31cc0_0;
    %pad/s 32;
    %load/vec4 v000002cde7d33480_0;
    %pad/s 32;
    %mul;
    %add;
    %assign/vec4 v000002cde7d332a0_0, 0;
T_210.4 ;
T_210.1 ;
    %jmp T_210;
    .thread T_210;
    .scope S_000002cde7d4bfa0;
T_211 ;
    %wait E_000002cde7af7620;
    %load/vec4 v000002cde7d33c00_0;
    %nor/r;
    %flag_set/vec4 8;
    %jmp/0xz  T_211.0, 8;
    %pushi/vec4 0, 0, 8;
    %assign/vec4 v000002cde7d32620_0, 0;
    %pushi/vec4 0, 0, 8;
    %assign/vec4 v000002cde7d31f40_0, 0;
    %pushi/vec4 0, 0, 32;
    %assign/vec4 v000002cde7d31d60_0, 0;
    %jmp T_211.1;
T_211.0 ;
    %load/vec4 v000002cde7d32300_0;
    %flag_set/vec4 8;
    %jmp/0xz  T_211.2, 8;
    %load/vec4 v000002cde7d31ae0_0;
    %assign/vec4 v000002cde7d32620_0, 0;
T_211.2 ;
    %load/vec4 v000002cde7d33a20_0;
    %flag_set/vec4 8;
    %jmp/0xz  T_211.4, 8;
    %load/vec4 v000002cde7d32440_0;
    %assign/vec4 v000002cde7d31f40_0, 0;
    %load/vec4 v000002cde7d319a0_0;
    %load/vec4 v000002cde7d32440_0;
    %pad/s 32;
    %load/vec4 v000002cde7d32620_0;
    %pad/s 32;
    %mul;
    %add;
    %assign/vec4 v000002cde7d31d60_0, 0;
T_211.4 ;
T_211.1 ;
    %jmp T_211;
    .thread T_211;
    .scope S_000002cde7d4c2c0;
T_212 ;
    %wait E_000002cde7af7620;
    %load/vec4 v000002cde7d31c20_0;
    %nor/r;
    %flag_set/vec4 8;
    %jmp/0xz  T_212.0, 8;
    %pushi/vec4 0, 0, 8;
    %assign/vec4 v000002cde7d31b80_0, 0;
    %pushi/vec4 0, 0, 8;
    %assign/vec4 v000002cde7d33020_0, 0;
    %pushi/vec4 0, 0, 32;
    %assign/vec4 v000002cde7d33f20_0, 0;
    %jmp T_212.1;
T_212.0 ;
    %load/vec4 v000002cde7d33de0_0;
    %flag_set/vec4 8;
    %jmp/0xz  T_212.2, 8;
    %load/vec4 v000002cde7d329e0_0;
    %assign/vec4 v000002cde7d31b80_0, 0;
T_212.2 ;
    %load/vec4 v000002cde7d31e00_0;
    %flag_set/vec4 8;
    %jmp/0xz  T_212.4, 8;
    %load/vec4 v000002cde7d33d40_0;
    %assign/vec4 v000002cde7d33020_0, 0;
    %load/vec4 v000002cde7d32940_0;
    %load/vec4 v000002cde7d33d40_0;
    %pad/s 32;
    %load/vec4 v000002cde7d31b80_0;
    %pad/s 32;
    %mul;
    %add;
    %assign/vec4 v000002cde7d33f20_0, 0;
T_212.4 ;
T_212.1 ;
    %jmp T_212;
    .thread T_212;
    .scope S_000002cde7d4c5e0;
T_213 ;
    %wait E_000002cde7af7620;
    %load/vec4 v000002cde7d36540_0;
    %nor/r;
    %flag_set/vec4 8;
    %jmp/0xz  T_213.0, 8;
    %pushi/vec4 0, 0, 8;
    %assign/vec4 v000002cde7d35be0_0, 0;
    %pushi/vec4 0, 0, 8;
    %assign/vec4 v000002cde7d34240_0, 0;
    %pushi/vec4 0, 0, 32;
    %assign/vec4 v000002cde7d34d80_0, 0;
    %jmp T_213.1;
T_213.0 ;
    %load/vec4 v000002cde7d35960_0;
    %flag_set/vec4 8;
    %jmp/0xz  T_213.2, 8;
    %load/vec4 v000002cde7d34740_0;
    %assign/vec4 v000002cde7d35be0_0, 0;
T_213.2 ;
    %load/vec4 v000002cde7d360e0_0;
    %flag_set/vec4 8;
    %jmp/0xz  T_213.4, 8;
    %load/vec4 v000002cde7d35640_0;
    %assign/vec4 v000002cde7d34240_0, 0;
    %load/vec4 v000002cde7d36400_0;
    %load/vec4 v000002cde7d35640_0;
    %pad/s 32;
    %load/vec4 v000002cde7d35be0_0;
    %pad/s 32;
    %mul;
    %add;
    %assign/vec4 v000002cde7d34d80_0, 0;
T_213.4 ;
T_213.1 ;
    %jmp T_213;
    .thread T_213;
    .scope S_000002cde7d4ca90;
T_214 ;
    %wait E_000002cde7af7620;
    %load/vec4 v000002cde7d34ec0_0;
    %nor/r;
    %flag_set/vec4 8;
    %jmp/0xz  T_214.0, 8;
    %pushi/vec4 0, 0, 8;
    %assign/vec4 v000002cde7d349c0_0, 0;
    %pushi/vec4 0, 0, 8;
    %assign/vec4 v000002cde7d35780_0, 0;
    %pushi/vec4 0, 0, 32;
    %assign/vec4 v000002cde7d35b40_0, 0;
    %jmp T_214.1;
T_214.0 ;
    %load/vec4 v000002cde7d34380_0;
    %flag_set/vec4 8;
    %jmp/0xz  T_214.2, 8;
    %load/vec4 v000002cde7d34920_0;
    %assign/vec4 v000002cde7d349c0_0, 0;
T_214.2 ;
    %load/vec4 v000002cde7d353c0_0;
    %flag_set/vec4 8;
    %jmp/0xz  T_214.4, 8;
    %load/vec4 v000002cde7d342e0_0;
    %assign/vec4 v000002cde7d35780_0, 0;
    %load/vec4 v000002cde7d34600_0;
    %load/vec4 v000002cde7d342e0_0;
    %pad/s 32;
    %load/vec4 v000002cde7d349c0_0;
    %pad/s 32;
    %mul;
    %add;
    %assign/vec4 v000002cde7d35b40_0, 0;
T_214.4 ;
T_214.1 ;
    %jmp T_214;
    .thread T_214;
    .scope S_000002cde7d7e2a0;
T_215 ;
    %wait E_000002cde7af7620;
    %load/vec4 v000002cde7d34560_0;
    %nor/r;
    %flag_set/vec4 8;
    %jmp/0xz  T_215.0, 8;
    %pushi/vec4 0, 0, 8;
    %assign/vec4 v000002cde7d364a0_0, 0;
    %pushi/vec4 0, 0, 8;
    %assign/vec4 v000002cde7d34a60_0, 0;
    %pushi/vec4 0, 0, 32;
    %assign/vec4 v000002cde7d35e60_0, 0;
    %jmp T_215.1;
T_215.0 ;
    %load/vec4 v000002cde7d362c0_0;
    %flag_set/vec4 8;
    %jmp/0xz  T_215.2, 8;
    %load/vec4 v000002cde7d35c80_0;
    %assign/vec4 v000002cde7d364a0_0, 0;
T_215.2 ;
    %load/vec4 v000002cde7d34f60_0;
    %flag_set/vec4 8;
    %jmp/0xz  T_215.4, 8;
    %load/vec4 v000002cde7d36180_0;
    %assign/vec4 v000002cde7d34a60_0, 0;
    %load/vec4 v000002cde7d358c0_0;
    %load/vec4 v000002cde7d36180_0;
    %pad/s 32;
    %load/vec4 v000002cde7d364a0_0;
    %pad/s 32;
    %mul;
    %add;
    %assign/vec4 v000002cde7d35e60_0, 0;
T_215.4 ;
T_215.1 ;
    %jmp T_215;
    .thread T_215;
    .scope S_000002cde7d7c9a0;
T_216 ;
    %wait E_000002cde7af7620;
    %load/vec4 v000002cde7d35460_0;
    %nor/r;
    %flag_set/vec4 8;
    %jmp/0xz  T_216.0, 8;
    %pushi/vec4 0, 0, 8;
    %assign/vec4 v000002cde7d35320_0, 0;
    %pushi/vec4 0, 0, 8;
    %assign/vec4 v000002cde7d35dc0_0, 0;
    %pushi/vec4 0, 0, 32;
    %assign/vec4 v000002cde7d341a0_0, 0;
    %jmp T_216.1;
T_216.0 ;
    %load/vec4 v000002cde7d351e0_0;
    %flag_set/vec4 8;
    %jmp/0xz  T_216.2, 8;
    %load/vec4 v000002cde7d36360_0;
    %assign/vec4 v000002cde7d35320_0, 0;
T_216.2 ;
    %load/vec4 v000002cde7d34c40_0;
    %flag_set/vec4 8;
    %jmp/0xz  T_216.4, 8;
    %load/vec4 v000002cde7d347e0_0;
    %assign/vec4 v000002cde7d35dc0_0, 0;
    %load/vec4 v000002cde7d350a0_0;
    %load/vec4 v000002cde7d347e0_0;
    %pad/s 32;
    %load/vec4 v000002cde7d35320_0;
    %pad/s 32;
    %mul;
    %add;
    %assign/vec4 v000002cde7d341a0_0, 0;
T_216.4 ;
T_216.1 ;
    %jmp T_216;
    .thread T_216;
    .scope S_000002cde7d7bd20;
T_217 ;
    %wait E_000002cde7af7620;
    %load/vec4 v000002cde7d37bc0_0;
    %nor/r;
    %flag_set/vec4 8;
    %jmp/0xz  T_217.0, 8;
    %pushi/vec4 0, 0, 8;
    %assign/vec4 v000002cde7d38fc0_0, 0;
    %pushi/vec4 0, 0, 8;
    %assign/vec4 v000002cde7d38160_0, 0;
    %pushi/vec4 0, 0, 32;
    %assign/vec4 v000002cde7d38ca0_0, 0;
    %jmp T_217.1;
T_217.0 ;
    %load/vec4 v000002cde7d36b80_0;
    %flag_set/vec4 8;
    %jmp/0xz  T_217.2, 8;
    %load/vec4 v000002cde7d37a80_0;
    %assign/vec4 v000002cde7d38fc0_0, 0;
T_217.2 ;
    %load/vec4 v000002cde7d36040_0;
    %flag_set/vec4 8;
    %jmp/0xz  T_217.4, 8;
    %load/vec4 v000002cde7d367c0_0;
    %assign/vec4 v000002cde7d38160_0, 0;
    %load/vec4 v000002cde7d38c00_0;
    %load/vec4 v000002cde7d367c0_0;
    %pad/s 32;
    %load/vec4 v000002cde7d38fc0_0;
    %pad/s 32;
    %mul;
    %add;
    %assign/vec4 v000002cde7d38ca0_0, 0;
T_217.4 ;
T_217.1 ;
    %jmp T_217;
    .thread T_217;
    .scope S_000002cde7d7beb0;
T_218 ;
    %wait E_000002cde7af7620;
    %load/vec4 v000002cde7d37d00_0;
    %nor/r;
    %flag_set/vec4 8;
    %jmp/0xz  T_218.0, 8;
    %pushi/vec4 0, 0, 8;
    %assign/vec4 v000002cde7d39060_0, 0;
    %pushi/vec4 0, 0, 8;
    %assign/vec4 v000002cde7d38200_0, 0;
    %pushi/vec4 0, 0, 32;
    %assign/vec4 v000002cde7d38e80_0, 0;
    %jmp T_218.1;
T_218.0 ;
    %load/vec4 v000002cde7d36c20_0;
    %flag_set/vec4 8;
    %jmp/0xz  T_218.2, 8;
    %load/vec4 v000002cde7d37c60_0;
    %assign/vec4 v000002cde7d39060_0, 0;
T_218.2 ;
    %load/vec4 v000002cde7d37b20_0;
    %flag_set/vec4 8;
    %jmp/0xz  T_218.4, 8;
    %load/vec4 v000002cde7d388e0_0;
    %assign/vec4 v000002cde7d38200_0, 0;
    %load/vec4 v000002cde7d38de0_0;
    %load/vec4 v000002cde7d388e0_0;
    %pad/s 32;
    %load/vec4 v000002cde7d39060_0;
    %pad/s 32;
    %mul;
    %add;
    %assign/vec4 v000002cde7d38e80_0, 0;
T_218.4 ;
T_218.1 ;
    %jmp T_218;
    .thread T_218;
    .scope S_000002cde7d7d300;
T_219 ;
    %wait E_000002cde7af7620;
    %load/vec4 v000002cde7d37300_0;
    %nor/r;
    %flag_set/vec4 8;
    %jmp/0xz  T_219.0, 8;
    %pushi/vec4 0, 0, 8;
    %assign/vec4 v000002cde7d37ee0_0, 0;
    %pushi/vec4 0, 0, 8;
    %assign/vec4 v000002cde7d38980_0, 0;
    %pushi/vec4 0, 0, 32;
    %assign/vec4 v000002cde7d37f80_0, 0;
    %jmp T_219.1;
T_219.0 ;
    %load/vec4 v000002cde7d36a40_0;
    %flag_set/vec4 8;
    %jmp/0xz  T_219.2, 8;
    %load/vec4 v000002cde7d37e40_0;
    %assign/vec4 v000002cde7d37ee0_0, 0;
T_219.2 ;
    %load/vec4 v000002cde7d36e00_0;
    %flag_set/vec4 8;
    %jmp/0xz  T_219.4, 8;
    %load/vec4 v000002cde7d37da0_0;
    %assign/vec4 v000002cde7d38980_0, 0;
    %load/vec4 v000002cde7d36cc0_0;
    %load/vec4 v000002cde7d37da0_0;
    %pad/s 32;
    %load/vec4 v000002cde7d37ee0_0;
    %pad/s 32;
    %mul;
    %add;
    %assign/vec4 v000002cde7d37f80_0, 0;
T_219.4 ;
T_219.1 ;
    %jmp T_219;
    .thread T_219;
    .scope S_000002cde7d7ccc0;
T_220 ;
    %wait E_000002cde7af7620;
    %load/vec4 v000002cde7d38f20_0;
    %nor/r;
    %flag_set/vec4 8;
    %jmp/0xz  T_220.0, 8;
    %pushi/vec4 0, 0, 8;
    %assign/vec4 v000002cde7d38b60_0, 0;
    %pushi/vec4 0, 0, 8;
    %assign/vec4 v000002cde7d38a20_0, 0;
    %pushi/vec4 0, 0, 32;
    %assign/vec4 v000002cde7d379e0_0, 0;
    %jmp T_220.1;
T_220.0 ;
    %load/vec4 v000002cde7d376c0_0;
    %flag_set/vec4 8;
    %jmp/0xz  T_220.2, 8;
    %load/vec4 v000002cde7d38840_0;
    %assign/vec4 v000002cde7d38b60_0, 0;
T_220.2 ;
    %load/vec4 v000002cde7d38700_0;
    %flag_set/vec4 8;
    %jmp/0xz  T_220.4, 8;
    %load/vec4 v000002cde7d38480_0;
    %assign/vec4 v000002cde7d38a20_0, 0;
    %load/vec4 v000002cde7d387a0_0;
    %load/vec4 v000002cde7d38480_0;
    %pad/s 32;
    %load/vec4 v000002cde7d38b60_0;
    %pad/s 32;
    %mul;
    %add;
    %assign/vec4 v000002cde7d379e0_0, 0;
T_220.4 ;
T_220.1 ;
    %jmp T_220;
    .thread T_220;
    .scope S_000002cde7d7e8e0;
T_221 ;
    %wait E_000002cde7af7620;
    %load/vec4 v000002cde7d39f60_0;
    %nor/r;
    %flag_set/vec4 8;
    %jmp/0xz  T_221.0, 8;
    %pushi/vec4 0, 0, 8;
    %assign/vec4 v000002cde7d39ba0_0, 0;
    %pushi/vec4 0, 0, 8;
    %assign/vec4 v000002cde7d378a0_0, 0;
    %pushi/vec4 0, 0, 32;
    %assign/vec4 v000002cde7d3ad20_0, 0;
    %jmp T_221.1;
T_221.0 ;
    %load/vec4 v000002cde7d37800_0;
    %flag_set/vec4 8;
    %jmp/0xz  T_221.2, 8;
    %load/vec4 v000002cde7d37580_0;
    %assign/vec4 v000002cde7d39ba0_0, 0;
T_221.2 ;
    %load/vec4 v000002cde7d37760_0;
    %flag_set/vec4 8;
    %jmp/0xz  T_221.4, 8;
    %load/vec4 v000002cde7d36fe0_0;
    %assign/vec4 v000002cde7d378a0_0, 0;
    %load/vec4 v000002cde7d37440_0;
    %load/vec4 v000002cde7d36fe0_0;
    %pad/s 32;
    %load/vec4 v000002cde7d39ba0_0;
    %pad/s 32;
    %mul;
    %add;
    %assign/vec4 v000002cde7d3ad20_0, 0;
T_221.4 ;
T_221.1 ;
    %jmp T_221;
    .thread T_221;
    .scope S_000002cde7d7d490;
T_222 ;
    %wait E_000002cde7af7620;
    %load/vec4 v000002cde7d3b860_0;
    %nor/r;
    %flag_set/vec4 8;
    %jmp/0xz  T_222.0, 8;
    %pushi/vec4 0, 0, 8;
    %assign/vec4 v000002cde7d3a460_0, 0;
    %pushi/vec4 0, 0, 8;
    %assign/vec4 v000002cde7d39a60_0, 0;
    %pushi/vec4 0, 0, 32;
    %assign/vec4 v000002cde7d3a140_0, 0;
    %jmp T_222.1;
T_222.0 ;
    %load/vec4 v000002cde7d39d80_0;
    %flag_set/vec4 8;
    %jmp/0xz  T_222.2, 8;
    %load/vec4 v000002cde7d3b680_0;
    %assign/vec4 v000002cde7d3a460_0, 0;
T_222.2 ;
    %load/vec4 v000002cde7d3a780_0;
    %flag_set/vec4 8;
    %jmp/0xz  T_222.4, 8;
    %load/vec4 v000002cde7d3ac80_0;
    %assign/vec4 v000002cde7d39a60_0, 0;
    %load/vec4 v000002cde7d399c0_0;
    %load/vec4 v000002cde7d3ac80_0;
    %pad/s 32;
    %load/vec4 v000002cde7d3a460_0;
    %pad/s 32;
    %mul;
    %add;
    %assign/vec4 v000002cde7d3a140_0, 0;
T_222.4 ;
T_222.1 ;
    %jmp T_222;
    .thread T_222;
    .scope S_000002cde7d7e110;
T_223 ;
    %wait E_000002cde7af7620;
    %load/vec4 v000002cde7d39ce0_0;
    %nor/r;
    %flag_set/vec4 8;
    %jmp/0xz  T_223.0, 8;
    %pushi/vec4 0, 0, 8;
    %assign/vec4 v000002cde7d396a0_0, 0;
    %pushi/vec4 0, 0, 8;
    %assign/vec4 v000002cde7d397e0_0, 0;
    %pushi/vec4 0, 0, 32;
    %assign/vec4 v000002cde7d3b040_0, 0;
    %jmp T_223.1;
T_223.0 ;
    %load/vec4 v000002cde7d39b00_0;
    %flag_set/vec4 8;
    %jmp/0xz  T_223.2, 8;
    %load/vec4 v000002cde7d3b4a0_0;
    %assign/vec4 v000002cde7d396a0_0, 0;
T_223.2 ;
    %load/vec4 v000002cde7d3b540_0;
    %flag_set/vec4 8;
    %jmp/0xz  T_223.4, 8;
    %load/vec4 v000002cde7d3adc0_0;
    %assign/vec4 v000002cde7d397e0_0, 0;
    %load/vec4 v000002cde7d39100_0;
    %load/vec4 v000002cde7d3adc0_0;
    %pad/s 32;
    %load/vec4 v000002cde7d396a0_0;
    %pad/s 32;
    %mul;
    %add;
    %assign/vec4 v000002cde7d3b040_0, 0;
T_223.4 ;
T_223.1 ;
    %jmp T_223;
    .thread T_223;
    .scope S_000002cde7d70330;
T_224 ;
    %wait E_000002cde7af7620;
    %load/vec4 v000002cde7d3a1e0_0;
    %nor/r;
    %flag_set/vec4 8;
    %jmp/0xz  T_224.0, 8;
    %pushi/vec4 0, 0, 8;
    %assign/vec4 v000002cde7d3b7c0_0, 0;
    %pushi/vec4 0, 0, 8;
    %assign/vec4 v000002cde7d3a000_0, 0;
    %pushi/vec4 0, 0, 32;
    %assign/vec4 v000002cde7d3a6e0_0, 0;
    %jmp T_224.1;
T_224.0 ;
    %load/vec4 v000002cde7d3b720_0;
    %flag_set/vec4 8;
    %jmp/0xz  T_224.2, 8;
    %load/vec4 v000002cde7d392e0_0;
    %assign/vec4 v000002cde7d3b7c0_0, 0;
T_224.2 ;
    %load/vec4 v000002cde7d3aa00_0;
    %flag_set/vec4 8;
    %jmp/0xz  T_224.4, 8;
    %load/vec4 v000002cde7d39ec0_0;
    %assign/vec4 v000002cde7d3a000_0, 0;
    %load/vec4 v000002cde7d3b180_0;
    %load/vec4 v000002cde7d39ec0_0;
    %pad/s 32;
    %load/vec4 v000002cde7d3b7c0_0;
    %pad/s 32;
    %mul;
    %add;
    %assign/vec4 v000002cde7d3a6e0_0, 0;
T_224.4 ;
T_224.1 ;
    %jmp T_224;
    .thread T_224;
    .scope S_000002cde7d704c0;
T_225 ;
    %wait E_000002cde7af7620;
    %load/vec4 v000002cde7d3af00_0;
    %nor/r;
    %flag_set/vec4 8;
    %jmp/0xz  T_225.0, 8;
    %pushi/vec4 0, 0, 8;
    %assign/vec4 v000002cde7d3abe0_0, 0;
    %pushi/vec4 0, 0, 8;
    %assign/vec4 v000002cde7d3aaa0_0, 0;
    %pushi/vec4 0, 0, 32;
    %assign/vec4 v000002cde7d3ab40_0, 0;
    %jmp T_225.1;
T_225.0 ;
    %load/vec4 v000002cde7d3a8c0_0;
    %flag_set/vec4 8;
    %jmp/0xz  T_225.2, 8;
    %load/vec4 v000002cde7d3a640_0;
    %assign/vec4 v000002cde7d3abe0_0, 0;
T_225.2 ;
    %load/vec4 v000002cde7d3a500_0;
    %flag_set/vec4 8;
    %jmp/0xz  T_225.4, 8;
    %load/vec4 v000002cde7d39560_0;
    %assign/vec4 v000002cde7d3aaa0_0, 0;
    %load/vec4 v000002cde7d3a5a0_0;
    %load/vec4 v000002cde7d39560_0;
    %pad/s 32;
    %load/vec4 v000002cde7d3abe0_0;
    %pad/s 32;
    %mul;
    %add;
    %assign/vec4 v000002cde7d3ab40_0, 0;
T_225.4 ;
T_225.1 ;
    %jmp T_225;
    .thread T_225;
    .scope S_000002cde7d72400;
T_226 ;
    %wait E_000002cde7af7620;
    %load/vec4 v000002cde7d3d480_0;
    %nor/r;
    %flag_set/vec4 8;
    %jmp/0xz  T_226.0, 8;
    %pushi/vec4 0, 0, 8;
    %assign/vec4 v000002cde7d3bd60_0, 0;
    %pushi/vec4 0, 0, 8;
    %assign/vec4 v000002cde7d3d3e0_0, 0;
    %pushi/vec4 0, 0, 32;
    %assign/vec4 v000002cde7d3d8e0_0, 0;
    %jmp T_226.1;
T_226.0 ;
    %load/vec4 v000002cde7d3dfc0_0;
    %flag_set/vec4 8;
    %jmp/0xz  T_226.2, 8;
    %load/vec4 v000002cde7d3ba40_0;
    %assign/vec4 v000002cde7d3bd60_0, 0;
T_226.2 ;
    %load/vec4 v000002cde7d3dca0_0;
    %flag_set/vec4 8;
    %jmp/0xz  T_226.4, 8;
    %load/vec4 v000002cde7d3ca80_0;
    %assign/vec4 v000002cde7d3d3e0_0, 0;
    %load/vec4 v000002cde7d3dd40_0;
    %load/vec4 v000002cde7d3ca80_0;
    %pad/s 32;
    %load/vec4 v000002cde7d3bd60_0;
    %pad/s 32;
    %mul;
    %add;
    %assign/vec4 v000002cde7d3d8e0_0, 0;
T_226.4 ;
T_226.1 ;
    %jmp T_226;
    .thread T_226;
    .scope S_000002cde7d70010;
T_227 ;
    %wait E_000002cde7af7620;
    %load/vec4 v000002cde7d3cf80_0;
    %nor/r;
    %flag_set/vec4 8;
    %jmp/0xz  T_227.0, 8;
    %pushi/vec4 0, 0, 8;
    %assign/vec4 v000002cde7d3d700_0, 0;
    %pushi/vec4 0, 0, 8;
    %assign/vec4 v000002cde7d3ce40_0, 0;
    %pushi/vec4 0, 0, 32;
    %assign/vec4 v000002cde7d3c1c0_0, 0;
    %jmp T_227.1;
T_227.0 ;
    %load/vec4 v000002cde7d3d660_0;
    %flag_set/vec4 8;
    %jmp/0xz  T_227.2, 8;
    %load/vec4 v000002cde7d3dde0_0;
    %assign/vec4 v000002cde7d3d700_0, 0;
T_227.2 ;
    %load/vec4 v000002cde7d3bea0_0;
    %flag_set/vec4 8;
    %jmp/0xz  T_227.4, 8;
    %load/vec4 v000002cde7d3cc60_0;
    %assign/vec4 v000002cde7d3ce40_0, 0;
    %load/vec4 v000002cde7d3bb80_0;
    %load/vec4 v000002cde7d3cc60_0;
    %pad/s 32;
    %load/vec4 v000002cde7d3d700_0;
    %pad/s 32;
    %mul;
    %add;
    %assign/vec4 v000002cde7d3c1c0_0, 0;
T_227.4 ;
T_227.1 ;
    %jmp T_227;
    .thread T_227;
    .scope S_000002cde7d707e0;
T_228 ;
    %wait E_000002cde7af7620;
    %load/vec4 v000002cde7d3bcc0_0;
    %nor/r;
    %flag_set/vec4 8;
    %jmp/0xz  T_228.0, 8;
    %pushi/vec4 0, 0, 8;
    %assign/vec4 v000002cde7d3bc20_0, 0;
    %pushi/vec4 0, 0, 8;
    %assign/vec4 v000002cde7d3b900_0, 0;
    %pushi/vec4 0, 0, 32;
    %assign/vec4 v000002cde7d3c3a0_0, 0;
    %jmp T_228.1;
T_228.0 ;
    %load/vec4 v000002cde7d3df20_0;
    %flag_set/vec4 8;
    %jmp/0xz  T_228.2, 8;
    %load/vec4 v000002cde7d3da20_0;
    %assign/vec4 v000002cde7d3bc20_0, 0;
T_228.2 ;
    %load/vec4 v000002cde7d3d840_0;
    %flag_set/vec4 8;
    %jmp/0xz  T_228.4, 8;
    %load/vec4 v000002cde7d3de80_0;
    %assign/vec4 v000002cde7d3b900_0, 0;
    %load/vec4 v000002cde7d3c440_0;
    %load/vec4 v000002cde7d3de80_0;
    %pad/s 32;
    %load/vec4 v000002cde7d3bc20_0;
    %pad/s 32;
    %mul;
    %add;
    %assign/vec4 v000002cde7d3c3a0_0, 0;
T_228.4 ;
T_228.1 ;
    %jmp T_228;
    .thread T_228;
    .scope S_000002cde7d71910;
T_229 ;
    %wait E_000002cde7af7620;
    %load/vec4 v000002cde7d3c8a0_0;
    %nor/r;
    %flag_set/vec4 8;
    %jmp/0xz  T_229.0, 8;
    %pushi/vec4 0, 0, 8;
    %assign/vec4 v000002cde7d3cee0_0, 0;
    %pushi/vec4 0, 0, 8;
    %assign/vec4 v000002cde7d3c620_0, 0;
    %pushi/vec4 0, 0, 32;
    %assign/vec4 v000002cde7d3c6c0_0, 0;
    %jmp T_229.1;
T_229.0 ;
    %load/vec4 v000002cde7d3c4e0_0;
    %flag_set/vec4 8;
    %jmp/0xz  T_229.2, 8;
    %load/vec4 v000002cde7d3d0c0_0;
    %assign/vec4 v000002cde7d3cee0_0, 0;
T_229.2 ;
    %load/vec4 v000002cde7d3c300_0;
    %flag_set/vec4 8;
    %jmp/0xz  T_229.4, 8;
    %load/vec4 v000002cde7d3c580_0;
    %assign/vec4 v000002cde7d3c620_0, 0;
    %load/vec4 v000002cde7d3cd00_0;
    %load/vec4 v000002cde7d3c580_0;
    %pad/s 32;
    %load/vec4 v000002cde7d3cee0_0;
    %pad/s 32;
    %mul;
    %add;
    %assign/vec4 v000002cde7d3c6c0_0, 0;
T_229.4 ;
T_229.1 ;
    %jmp T_229;
    .thread T_229;
    .scope S_000002cde7d733a0;
T_230 ;
    %wait E_000002cde7af7620;
    %load/vec4 v000002cde7d3ff00_0;
    %nor/r;
    %flag_set/vec4 8;
    %jmp/0xz  T_230.0, 8;
    %pushi/vec4 0, 0, 8;
    %assign/vec4 v000002cde7d3fdc0_0, 0;
    %pushi/vec4 0, 0, 8;
    %assign/vec4 v000002cde7d3e4c0_0, 0;
    %pushi/vec4 0, 0, 32;
    %assign/vec4 v000002cde7d3ece0_0, 0;
    %jmp T_230.1;
T_230.0 ;
    %load/vec4 v000002cde7d3fe60_0;
    %flag_set/vec4 8;
    %jmp/0xz  T_230.2, 8;
    %load/vec4 v000002cde7d3f6e0_0;
    %assign/vec4 v000002cde7d3fdc0_0, 0;
T_230.2 ;
    %load/vec4 v000002cde7d40180_0;
    %flag_set/vec4 8;
    %jmp/0xz  T_230.4, 8;
    %load/vec4 v000002cde7d407c0_0;
    %assign/vec4 v000002cde7d3e4c0_0, 0;
    %load/vec4 v000002cde7d3e100_0;
    %load/vec4 v000002cde7d407c0_0;
    %pad/s 32;
    %load/vec4 v000002cde7d3fdc0_0;
    %pad/s 32;
    %mul;
    %add;
    %assign/vec4 v000002cde7d3ece0_0, 0;
T_230.4 ;
T_230.1 ;
    %jmp T_230;
    .thread T_230;
    .scope S_000002cde7d70b00;
T_231 ;
    %wait E_000002cde7af7620;
    %load/vec4 v000002cde7d40720_0;
    %nor/r;
    %flag_set/vec4 8;
    %jmp/0xz  T_231.0, 8;
    %pushi/vec4 0, 0, 8;
    %assign/vec4 v000002cde7d3eec0_0, 0;
    %pushi/vec4 0, 0, 8;
    %assign/vec4 v000002cde7d405e0_0, 0;
    %pushi/vec4 0, 0, 32;
    %assign/vec4 v000002cde7d40680_0, 0;
    %jmp T_231.1;
T_231.0 ;
    %load/vec4 v000002cde7d40860_0;
    %flag_set/vec4 8;
    %jmp/0xz  T_231.2, 8;
    %load/vec4 v000002cde7d3f8c0_0;
    %assign/vec4 v000002cde7d3eec0_0, 0;
T_231.2 ;
    %load/vec4 v000002cde7d3eba0_0;
    %flag_set/vec4 8;
    %jmp/0xz  T_231.4, 8;
    %load/vec4 v000002cde7d3e7e0_0;
    %assign/vec4 v000002cde7d405e0_0, 0;
    %load/vec4 v000002cde7d3ef60_0;
    %load/vec4 v000002cde7d3e7e0_0;
    %pad/s 32;
    %load/vec4 v000002cde7d3eec0_0;
    %pad/s 32;
    %mul;
    %add;
    %assign/vec4 v000002cde7d40680_0, 0;
T_231.4 ;
T_231.1 ;
    %jmp T_231;
    .thread T_231;
    .scope S_000002cde7d70e20;
T_232 ;
    %wait E_000002cde7af7620;
    %load/vec4 v000002cde7d3ee20_0;
    %nor/r;
    %flag_set/vec4 8;
    %jmp/0xz  T_232.0, 8;
    %pushi/vec4 0, 0, 8;
    %assign/vec4 v000002cde7d402c0_0, 0;
    %pushi/vec4 0, 0, 8;
    %assign/vec4 v000002cde7d40400_0, 0;
    %pushi/vec4 0, 0, 32;
    %assign/vec4 v000002cde7d3fa00_0, 0;
    %jmp T_232.1;
T_232.0 ;
    %load/vec4 v000002cde7d3faa0_0;
    %flag_set/vec4 8;
    %jmp/0xz  T_232.2, 8;
    %load/vec4 v000002cde7d3eb00_0;
    %assign/vec4 v000002cde7d402c0_0, 0;
T_232.2 ;
    %load/vec4 v000002cde7d3f000_0;
    %flag_set/vec4 8;
    %jmp/0xz  T_232.4, 8;
    %load/vec4 v000002cde7d3e240_0;
    %assign/vec4 v000002cde7d40400_0, 0;
    %load/vec4 v000002cde7d3e740_0;
    %load/vec4 v000002cde7d3e240_0;
    %pad/s 32;
    %load/vec4 v000002cde7d402c0_0;
    %pad/s 32;
    %mul;
    %add;
    %assign/vec4 v000002cde7d3fa00_0, 0;
T_232.4 ;
T_232.1 ;
    %jmp T_232;
    .thread T_232;
    .scope S_000002cde7d73080;
T_233 ;
    %wait E_000002cde7af7620;
    %load/vec4 v000002cde7d3f280_0;
    %nor/r;
    %flag_set/vec4 8;
    %jmp/0xz  T_233.0, 8;
    %pushi/vec4 0, 0, 8;
    %assign/vec4 v000002cde7d3fc80_0, 0;
    %pushi/vec4 0, 0, 8;
    %assign/vec4 v000002cde7d3e880_0, 0;
    %pushi/vec4 0, 0, 32;
    %assign/vec4 v000002cde7d3f780_0, 0;
    %jmp T_233.1;
T_233.0 ;
    %load/vec4 v000002cde7d3f1e0_0;
    %flag_set/vec4 8;
    %jmp/0xz  T_233.2, 8;
    %load/vec4 v000002cde7d3fbe0_0;
    %assign/vec4 v000002cde7d3fc80_0, 0;
T_233.2 ;
    %load/vec4 v000002cde7d3e380_0;
    %flag_set/vec4 8;
    %jmp/0xz  T_233.4, 8;
    %load/vec4 v000002cde7d3f140_0;
    %assign/vec4 v000002cde7d3e880_0, 0;
    %load/vec4 v000002cde7d3fb40_0;
    %load/vec4 v000002cde7d3f140_0;
    %pad/s 32;
    %load/vec4 v000002cde7d3fc80_0;
    %pad/s 32;
    %mul;
    %add;
    %assign/vec4 v000002cde7d3f780_0, 0;
T_233.4 ;
T_233.1 ;
    %jmp T_233;
    .thread T_233;
    .scope S_000002cde7d736c0;
T_234 ;
    %wait E_000002cde7af7620;
    %load/vec4 v000002cde7d42020_0;
    %nor/r;
    %flag_set/vec4 8;
    %jmp/0xz  T_234.0, 8;
    %pushi/vec4 0, 0, 8;
    %assign/vec4 v000002cde7d42200_0, 0;
    %pushi/vec4 0, 0, 8;
    %assign/vec4 v000002cde7d41760_0, 0;
    %pushi/vec4 0, 0, 32;
    %assign/vec4 v000002cde7d42160_0, 0;
    %jmp T_234.1;
T_234.0 ;
    %load/vec4 v000002cde7d423e0_0;
    %flag_set/vec4 8;
    %jmp/0xz  T_234.2, 8;
    %load/vec4 v000002cde7d40d60_0;
    %assign/vec4 v000002cde7d42200_0, 0;
T_234.2 ;
    %load/vec4 v000002cde7d3f820_0;
    %flag_set/vec4 8;
    %jmp/0xz  T_234.4, 8;
    %load/vec4 v000002cde7d40540_0;
    %assign/vec4 v000002cde7d41760_0, 0;
    %load/vec4 v000002cde7d428e0_0;
    %load/vec4 v000002cde7d40540_0;
    %pad/s 32;
    %load/vec4 v000002cde7d42200_0;
    %pad/s 32;
    %mul;
    %add;
    %assign/vec4 v000002cde7d42160_0, 0;
T_234.4 ;
T_234.1 ;
    %jmp T_234;
    .thread T_234;
    .scope S_000002cde7d73850;
T_235 ;
    %wait E_000002cde7af7620;
    %load/vec4 v000002cde7d41da0_0;
    %nor/r;
    %flag_set/vec4 8;
    %jmp/0xz  T_235.0, 8;
    %pushi/vec4 0, 0, 8;
    %assign/vec4 v000002cde7d42980_0, 0;
    %pushi/vec4 0, 0, 8;
    %assign/vec4 v000002cde7d43060_0, 0;
    %pushi/vec4 0, 0, 32;
    %assign/vec4 v000002cde7d42340_0, 0;
    %jmp T_235.1;
T_235.0 ;
    %load/vec4 v000002cde7d41c60_0;
    %flag_set/vec4 8;
    %jmp/0xz  T_235.2, 8;
    %load/vec4 v000002cde7d41a80_0;
    %assign/vec4 v000002cde7d42980_0, 0;
T_235.2 ;
    %load/vec4 v000002cde7d420c0_0;
    %flag_set/vec4 8;
    %jmp/0xz  T_235.4, 8;
    %load/vec4 v000002cde7d42480_0;
    %assign/vec4 v000002cde7d43060_0, 0;
    %load/vec4 v000002cde7d422a0_0;
    %load/vec4 v000002cde7d42480_0;
    %pad/s 32;
    %load/vec4 v000002cde7d42980_0;
    %pad/s 32;
    %mul;
    %add;
    %assign/vec4 v000002cde7d42340_0, 0;
T_235.4 ;
T_235.1 ;
    %jmp T_235;
    .thread T_235;
    .scope S_000002cde7d744d0;
T_236 ;
    %wait E_000002cde7af7620;
    %load/vec4 v000002cde7d41580_0;
    %nor/r;
    %flag_set/vec4 8;
    %jmp/0xz  T_236.0, 8;
    %pushi/vec4 0, 0, 8;
    %assign/vec4 v000002cde7d40ea0_0, 0;
    %pushi/vec4 0, 0, 8;
    %assign/vec4 v000002cde7d425c0_0, 0;
    %pushi/vec4 0, 0, 32;
    %assign/vec4 v000002cde7d427a0_0, 0;
    %jmp T_236.1;
T_236.0 ;
    %load/vec4 v000002cde7d40a40_0;
    %flag_set/vec4 8;
    %jmp/0xz  T_236.2, 8;
    %load/vec4 v000002cde7d41940_0;
    %assign/vec4 v000002cde7d40ea0_0, 0;
T_236.2 ;
    %load/vec4 v000002cde7d40900_0;
    %flag_set/vec4 8;
    %jmp/0xz  T_236.4, 8;
    %load/vec4 v000002cde7d42520_0;
    %assign/vec4 v000002cde7d425c0_0, 0;
    %load/vec4 v000002cde7d41120_0;
    %load/vec4 v000002cde7d42520_0;
    %pad/s 32;
    %load/vec4 v000002cde7d40ea0_0;
    %pad/s 32;
    %mul;
    %add;
    %assign/vec4 v000002cde7d427a0_0, 0;
T_236.4 ;
T_236.1 ;
    %jmp T_236;
    .thread T_236;
    .scope S_000002cde7d74e30;
T_237 ;
    %wait E_000002cde7af7620;
    %load/vec4 v000002cde7d42d40_0;
    %nor/r;
    %flag_set/vec4 8;
    %jmp/0xz  T_237.0, 8;
    %pushi/vec4 0, 0, 8;
    %assign/vec4 v000002cde7d41440_0, 0;
    %pushi/vec4 0, 0, 8;
    %assign/vec4 v000002cde7d42c00_0, 0;
    %pushi/vec4 0, 0, 32;
    %assign/vec4 v000002cde7d42ca0_0, 0;
    %jmp T_237.1;
T_237.0 ;
    %load/vec4 v000002cde7d42fc0_0;
    %flag_set/vec4 8;
    %jmp/0xz  T_237.2, 8;
    %load/vec4 v000002cde7d40fe0_0;
    %assign/vec4 v000002cde7d41440_0, 0;
T_237.2 ;
    %load/vec4 v000002cde7d41d00_0;
    %flag_set/vec4 8;
    %jmp/0xz  T_237.4, 8;
    %load/vec4 v000002cde7d409a0_0;
    %assign/vec4 v000002cde7d42c00_0, 0;
    %load/vec4 v000002cde7d414e0_0;
    %load/vec4 v000002cde7d409a0_0;
    %pad/s 32;
    %load/vec4 v000002cde7d41440_0;
    %pad/s 32;
    %mul;
    %add;
    %assign/vec4 v000002cde7d42ca0_0, 0;
T_237.4 ;
T_237.1 ;
    %jmp T_237;
    .thread T_237;
    .scope S_000002cde7d773b0;
T_238 ;
    %wait E_000002cde7af7620;
    %load/vec4 v000002cde7d43ba0_0;
    %nor/r;
    %flag_set/vec4 8;
    %jmp/0xz  T_238.0, 8;
    %pushi/vec4 0, 0, 8;
    %assign/vec4 v000002cde7d43f60_0, 0;
    %pushi/vec4 0, 0, 8;
    %assign/vec4 v000002cde7d43a60_0, 0;
    %pushi/vec4 0, 0, 32;
    %assign/vec4 v000002cde7d43ce0_0, 0;
    %jmp T_238.1;
T_238.0 ;
    %load/vec4 v000002cde7d44320_0;
    %flag_set/vec4 8;
    %jmp/0xz  T_238.2, 8;
    %load/vec4 v000002cde7d44820_0;
    %assign/vec4 v000002cde7d43f60_0, 0;
T_238.2 ;
    %load/vec4 v000002cde7d40e00_0;
    %flag_set/vec4 8;
    %jmp/0xz  T_238.4, 8;
    %load/vec4 v000002cde7d41080_0;
    %assign/vec4 v000002cde7d43a60_0, 0;
    %load/vec4 v000002cde7d436a0_0;
    %load/vec4 v000002cde7d41080_0;
    %pad/s 32;
    %load/vec4 v000002cde7d43f60_0;
    %pad/s 32;
    %mul;
    %add;
    %assign/vec4 v000002cde7d43ce0_0, 0;
T_238.4 ;
T_238.1 ;
    %jmp T_238;
    .thread T_238;
    .scope S_000002cde7d78b20;
T_239 ;
    %wait E_000002cde7af7620;
    %load/vec4 v000002cde7d44c80_0;
    %nor/r;
    %flag_set/vec4 8;
    %jmp/0xz  T_239.0, 8;
    %pushi/vec4 0, 0, 8;
    %assign/vec4 v000002cde7d43600_0, 0;
    %pushi/vec4 0, 0, 8;
    %assign/vec4 v000002cde7d440a0_0, 0;
    %pushi/vec4 0, 0, 32;
    %assign/vec4 v000002cde7d43d80_0, 0;
    %jmp T_239.1;
T_239.0 ;
    %load/vec4 v000002cde7d44e60_0;
    %flag_set/vec4 8;
    %jmp/0xz  T_239.2, 8;
    %load/vec4 v000002cde7d43b00_0;
    %assign/vec4 v000002cde7d43600_0, 0;
T_239.2 ;
    %load/vec4 v000002cde7d43740_0;
    %flag_set/vec4 8;
    %jmp/0xz  T_239.4, 8;
    %load/vec4 v000002cde7d44be0_0;
    %assign/vec4 v000002cde7d440a0_0, 0;
    %load/vec4 v000002cde7d43e20_0;
    %load/vec4 v000002cde7d44be0_0;
    %pad/s 32;
    %load/vec4 v000002cde7d43600_0;
    %pad/s 32;
    %mul;
    %add;
    %assign/vec4 v000002cde7d43d80_0, 0;
T_239.4 ;
T_239.1 ;
    %jmp T_239;
    .thread T_239;
    .scope S_000002cde7d79480;
T_240 ;
    %wait E_000002cde7af7620;
    %load/vec4 v000002cde7d44640_0;
    %nor/r;
    %flag_set/vec4 8;
    %jmp/0xz  T_240.0, 8;
    %pushi/vec4 0, 0, 8;
    %assign/vec4 v000002cde7d432e0_0, 0;
    %pushi/vec4 0, 0, 8;
    %assign/vec4 v000002cde7d443c0_0, 0;
    %pushi/vec4 0, 0, 32;
    %assign/vec4 v000002cde7d441e0_0, 0;
    %jmp T_240.1;
T_240.0 ;
    %load/vec4 v000002cde7d44dc0_0;
    %flag_set/vec4 8;
    %jmp/0xz  T_240.2, 8;
    %load/vec4 v000002cde7d44fa0_0;
    %assign/vec4 v000002cde7d432e0_0, 0;
T_240.2 ;
    %load/vec4 v000002cde7d43420_0;
    %flag_set/vec4 8;
    %jmp/0xz  T_240.4, 8;
    %load/vec4 v000002cde7d44500_0;
    %assign/vec4 v000002cde7d443c0_0, 0;
    %load/vec4 v000002cde7d43240_0;
    %load/vec4 v000002cde7d44500_0;
    %pad/s 32;
    %load/vec4 v000002cde7d432e0_0;
    %pad/s 32;
    %mul;
    %add;
    %assign/vec4 v000002cde7d441e0_0, 0;
T_240.4 ;
T_240.1 ;
    %jmp T_240;
    .thread T_240;
    .scope S_000002cde7d78030;
T_241 ;
    %wait E_000002cde7af7620;
    %load/vec4 v000002cde7d83310_0;
    %nor/r;
    %flag_set/vec4 8;
    %jmp/0xz  T_241.0, 8;
    %pushi/vec4 0, 0, 8;
    %assign/vec4 v000002cde7d82af0_0, 0;
    %pushi/vec4 0, 0, 8;
    %assign/vec4 v000002cde7d83270_0, 0;
    %pushi/vec4 0, 0, 32;
    %assign/vec4 v000002cde7d81b50_0, 0;
    %jmp T_241.1;
T_241.0 ;
    %load/vec4 v000002cde7d83a90_0;
    %flag_set/vec4 8;
    %jmp/0xz  T_241.2, 8;
    %load/vec4 v000002cde7d44b40_0;
    %assign/vec4 v000002cde7d82af0_0, 0;
T_241.2 ;
    %load/vec4 v000002cde7d446e0_0;
    %flag_set/vec4 8;
    %jmp/0xz  T_241.4, 8;
    %load/vec4 v000002cde7d448c0_0;
    %assign/vec4 v000002cde7d83270_0, 0;
    %load/vec4 v000002cde7d44960_0;
    %load/vec4 v000002cde7d448c0_0;
    %pad/s 32;
    %load/vec4 v000002cde7d82af0_0;
    %pad/s 32;
    %mul;
    %add;
    %assign/vec4 v000002cde7d81b50_0, 0;
T_241.4 ;
T_241.1 ;
    %jmp T_241;
    .thread T_241;
    .scope S_000002cde7d78fd0;
T_242 ;
    %wait E_000002cde7af7620;
    %load/vec4 v000002cde7d82ff0_0;
    %nor/r;
    %flag_set/vec4 8;
    %jmp/0xz  T_242.0, 8;
    %pushi/vec4 0, 0, 8;
    %assign/vec4 v000002cde7d83450_0, 0;
    %pushi/vec4 0, 0, 8;
    %assign/vec4 v000002cde7d82730_0, 0;
    %pushi/vec4 0, 0, 32;
    %assign/vec4 v000002cde7d831d0_0, 0;
    %jmp T_242.1;
T_242.0 ;
    %load/vec4 v000002cde7d833b0_0;
    %flag_set/vec4 8;
    %jmp/0xz  T_242.2, 8;
    %load/vec4 v000002cde7d834f0_0;
    %assign/vec4 v000002cde7d83450_0, 0;
T_242.2 ;
    %load/vec4 v000002cde7d83e50_0;
    %flag_set/vec4 8;
    %jmp/0xz  T_242.4, 8;
    %load/vec4 v000002cde7d81ab0_0;
    %assign/vec4 v000002cde7d82730_0, 0;
    %load/vec4 v000002cde7d81bf0_0;
    %load/vec4 v000002cde7d81ab0_0;
    %pad/s 32;
    %load/vec4 v000002cde7d83450_0;
    %pad/s 32;
    %mul;
    %add;
    %assign/vec4 v000002cde7d831d0_0, 0;
T_242.4 ;
T_242.1 ;
    %jmp T_242;
    .thread T_242;
    .scope S_000002cde7d76d70;
T_243 ;
    %wait E_000002cde7af7620;
    %load/vec4 v000002cde7d83950_0;
    %nor/r;
    %flag_set/vec4 8;
    %jmp/0xz  T_243.0, 8;
    %pushi/vec4 0, 0, 8;
    %assign/vec4 v000002cde7d83770_0, 0;
    %pushi/vec4 0, 0, 8;
    %assign/vec4 v000002cde7d82b90_0, 0;
    %pushi/vec4 0, 0, 32;
    %assign/vec4 v000002cde7d84030_0, 0;
    %jmp T_243.1;
T_243.0 ;
    %load/vec4 v000002cde7d83810_0;
    %flag_set/vec4 8;
    %jmp/0xz  T_243.2, 8;
    %load/vec4 v000002cde7d83590_0;
    %assign/vec4 v000002cde7d83770_0, 0;
T_243.2 ;
    %load/vec4 v000002cde7d822d0_0;
    %flag_set/vec4 8;
    %jmp/0xz  T_243.4, 8;
    %load/vec4 v000002cde7d83ef0_0;
    %assign/vec4 v000002cde7d82b90_0, 0;
    %load/vec4 v000002cde7d820f0_0;
    %load/vec4 v000002cde7d83ef0_0;
    %pad/s 32;
    %load/vec4 v000002cde7d83770_0;
    %pad/s 32;
    %mul;
    %add;
    %assign/vec4 v000002cde7d84030_0, 0;
T_243.4 ;
T_243.1 ;
    %jmp T_243;
    .thread T_243;
    .scope S_000002cde7d768c0;
T_244 ;
    %wait E_000002cde7af7620;
    %load/vec4 v000002cde7d82870_0;
    %nor/r;
    %flag_set/vec4 8;
    %jmp/0xz  T_244.0, 8;
    %pushi/vec4 0, 0, 8;
    %assign/vec4 v000002cde7d81fb0_0, 0;
    %pushi/vec4 0, 0, 8;
    %assign/vec4 v000002cde7d83d10_0, 0;
    %pushi/vec4 0, 0, 32;
    %assign/vec4 v000002cde7d83db0_0, 0;
    %jmp T_244.1;
T_244.0 ;
    %load/vec4 v000002cde7d83c70_0;
    %flag_set/vec4 8;
    %jmp/0xz  T_244.2, 8;
    %load/vec4 v000002cde7d82c30_0;
    %assign/vec4 v000002cde7d81fb0_0, 0;
T_244.2 ;
    %load/vec4 v000002cde7d82410_0;
    %flag_set/vec4 8;
    %jmp/0xz  T_244.4, 8;
    %load/vec4 v000002cde7d81f10_0;
    %assign/vec4 v000002cde7d83d10_0, 0;
    %load/vec4 v000002cde7d83bd0_0;
    %load/vec4 v000002cde7d81f10_0;
    %pad/s 32;
    %load/vec4 v000002cde7d81fb0_0;
    %pad/s 32;
    %mul;
    %add;
    %assign/vec4 v000002cde7d83db0_0, 0;
T_244.4 ;
T_244.1 ;
    %jmp T_244;
    .thread T_244;
    .scope S_000002cde7d75790;
T_245 ;
    %wait E_000002cde7af7620;
    %load/vec4 v000002cde7d84210_0;
    %nor/r;
    %flag_set/vec4 8;
    %jmp/0xz  T_245.0, 8;
    %pushi/vec4 0, 0, 8;
    %assign/vec4 v000002cde7d84350_0, 0;
    %pushi/vec4 0, 0, 8;
    %assign/vec4 v000002cde7d866f0_0, 0;
    %pushi/vec4 0, 0, 32;
    %assign/vec4 v000002cde7d85250_0, 0;
    %jmp T_245.1;
T_245.0 ;
    %load/vec4 v000002cde7d84f30_0;
    %flag_set/vec4 8;
    %jmp/0xz  T_245.2, 8;
    %load/vec4 v000002cde7d82a50_0;
    %assign/vec4 v000002cde7d84350_0, 0;
T_245.2 ;
    %load/vec4 v000002cde7d82550_0;
    %flag_set/vec4 8;
    %jmp/0xz  T_245.4, 8;
    %load/vec4 v000002cde7d825f0_0;
    %assign/vec4 v000002cde7d866f0_0, 0;
    %load/vec4 v000002cde7d82910_0;
    %load/vec4 v000002cde7d825f0_0;
    %pad/s 32;
    %load/vec4 v000002cde7d84350_0;
    %pad/s 32;
    %mul;
    %add;
    %assign/vec4 v000002cde7d85250_0, 0;
T_245.4 ;
T_245.1 ;
    %jmp T_245;
    .thread T_245;
    .scope S_000002cde7d76280;
T_246 ;
    %wait E_000002cde7af7620;
    %load/vec4 v000002cde7d85a70_0;
    %nor/r;
    %flag_set/vec4 8;
    %jmp/0xz  T_246.0, 8;
    %pushi/vec4 0, 0, 8;
    %assign/vec4 v000002cde7d84fd0_0, 0;
    %pushi/vec4 0, 0, 8;
    %assign/vec4 v000002cde7d84c10_0, 0;
    %pushi/vec4 0, 0, 32;
    %assign/vec4 v000002cde7d84a30_0, 0;
    %jmp T_246.1;
T_246.0 ;
    %load/vec4 v000002cde7d848f0_0;
    %flag_set/vec4 8;
    %jmp/0xz  T_246.2, 8;
    %load/vec4 v000002cde7d86290_0;
    %assign/vec4 v000002cde7d84fd0_0, 0;
T_246.2 ;
    %load/vec4 v000002cde7d85cf0_0;
    %flag_set/vec4 8;
    %jmp/0xz  T_246.4, 8;
    %load/vec4 v000002cde7d85890_0;
    %assign/vec4 v000002cde7d84c10_0, 0;
    %load/vec4 v000002cde7d84490_0;
    %load/vec4 v000002cde7d85890_0;
    %pad/s 32;
    %load/vec4 v000002cde7d84fd0_0;
    %pad/s 32;
    %mul;
    %add;
    %assign/vec4 v000002cde7d84a30_0, 0;
T_246.4 ;
T_246.1 ;
    %jmp T_246;
    .thread T_246;
    .scope S_000002cde7d7a420;
T_247 ;
    %wait E_000002cde7af7620;
    %load/vec4 v000002cde7d86830_0;
    %nor/r;
    %flag_set/vec4 8;
    %jmp/0xz  T_247.0, 8;
    %pushi/vec4 0, 0, 8;
    %assign/vec4 v000002cde7d843f0_0, 0;
    %pushi/vec4 0, 0, 8;
    %assign/vec4 v000002cde7d847b0_0, 0;
    %pushi/vec4 0, 0, 32;
    %assign/vec4 v000002cde7d863d0_0, 0;
    %jmp T_247.1;
T_247.0 ;
    %load/vec4 v000002cde7d852f0_0;
    %flag_set/vec4 8;
    %jmp/0xz  T_247.2, 8;
    %load/vec4 v000002cde7d85070_0;
    %assign/vec4 v000002cde7d843f0_0, 0;
T_247.2 ;
    %load/vec4 v000002cde7d860b0_0;
    %flag_set/vec4 8;
    %jmp/0xz  T_247.4, 8;
    %load/vec4 v000002cde7d84df0_0;
    %assign/vec4 v000002cde7d847b0_0, 0;
    %load/vec4 v000002cde7d86150_0;
    %load/vec4 v000002cde7d84df0_0;
    %pad/s 32;
    %load/vec4 v000002cde7d843f0_0;
    %pad/s 32;
    %mul;
    %add;
    %assign/vec4 v000002cde7d863d0_0, 0;
T_247.4 ;
T_247.1 ;
    %jmp T_247;
    .thread T_247;
    .scope S_000002cde7d7a5b0;
T_248 ;
    %wait E_000002cde7af7620;
    %load/vec4 v000002cde7d85b10_0;
    %nor/r;
    %flag_set/vec4 8;
    %jmp/0xz  T_248.0, 8;
    %pushi/vec4 0, 0, 8;
    %assign/vec4 v000002cde7d856b0_0, 0;
    %pushi/vec4 0, 0, 8;
    %assign/vec4 v000002cde7d86510_0, 0;
    %pushi/vec4 0, 0, 32;
    %assign/vec4 v000002cde7d851b0_0, 0;
    %jmp T_248.1;
T_248.0 ;
    %load/vec4 v000002cde7d85570_0;
    %flag_set/vec4 8;
    %jmp/0xz  T_248.2, 8;
    %load/vec4 v000002cde7d845d0_0;
    %assign/vec4 v000002cde7d856b0_0, 0;
T_248.2 ;
    %load/vec4 v000002cde7d85390_0;
    %flag_set/vec4 8;
    %jmp/0xz  T_248.4, 8;
    %load/vec4 v000002cde7d85930_0;
    %assign/vec4 v000002cde7d86510_0, 0;
    %load/vec4 v000002cde7d84670_0;
    %load/vec4 v000002cde7d85930_0;
    %pad/s 32;
    %load/vec4 v000002cde7d856b0_0;
    %pad/s 32;
    %mul;
    %add;
    %assign/vec4 v000002cde7d851b0_0, 0;
T_248.4 ;
T_248.1 ;
    %jmp T_248;
    .thread T_248;
    .scope S_000002cde7d7abf0;
T_249 ;
    %wait E_000002cde7af7620;
    %load/vec4 v000002cde7d87410_0;
    %nor/r;
    %flag_set/vec4 8;
    %jmp/0xz  T_249.0, 8;
    %pushi/vec4 0, 0, 8;
    %assign/vec4 v000002cde7d874b0_0, 0;
    %pushi/vec4 0, 0, 8;
    %assign/vec4 v000002cde7d87c30_0, 0;
    %pushi/vec4 0, 0, 32;
    %assign/vec4 v000002cde7d889f0_0, 0;
    %jmp T_249.1;
T_249.0 ;
    %load/vec4 v000002cde7d86b50_0;
    %flag_set/vec4 8;
    %jmp/0xz  T_249.2, 8;
    %load/vec4 v000002cde7d86650_0;
    %assign/vec4 v000002cde7d874b0_0, 0;
T_249.2 ;
    %load/vec4 v000002cde7d85f70_0;
    %flag_set/vec4 8;
    %jmp/0xz  T_249.4, 8;
    %load/vec4 v000002cde7d865b0_0;
    %assign/vec4 v000002cde7d87c30_0, 0;
    %load/vec4 v000002cde7d84170_0;
    %load/vec4 v000002cde7d865b0_0;
    %pad/s 32;
    %load/vec4 v000002cde7d874b0_0;
    %pad/s 32;
    %mul;
    %add;
    %assign/vec4 v000002cde7d889f0_0, 0;
T_249.4 ;
T_249.1 ;
    %jmp T_249;
    .thread T_249;
    .scope S_000002cde7c73ca0;
T_250 ;
    %wait E_000002cde7af88a0;
    %load/vec4 v000002cde7be35c0_0;
    %flag_set/vec4 8;
    %jmp/0xz  T_250.0, 8;
    %load/vec4 v000002cde7be4380_0;
    %load/vec4 v000002cde7be3fc0_0;
    %add;
    %store/vec4 v000002cde7be28a0_0, 0, 32;
    %jmp T_250.1;
T_250.0 ;
    %load/vec4 v000002cde7be3fc0_0;
    %store/vec4 v000002cde7be28a0_0, 0, 32;
T_250.1 ;
    %jmp T_250;
    .thread T_250, $push;
    .scope S_000002cde7c73ca0;
T_251 ;
    %wait E_000002cde7af72a0;
    %load/vec4 v000002cde7be2940_0;
    %flag_set/vec4 8;
    %jmp/0xz  T_251.0, 8;
    %load/vec4 v000002cde7be28a0_0;
    %load/vec4 v000002cde7be2a80_0;
    %pad/u 10;
    %ix/vec4 3;
    %ix/load 4, 0, 0; Constant delay
    %assign/vec4/a/d v000002cde7be41a0, 0, 4;
T_251.0 ;
    %jmp T_251;
    .thread T_251;
    .scope S_000002cde7c73ca0;
T_252 ;
    %pushi/vec4 0, 0, 32;
    %store/vec4 v000002cde7be3de0_0, 0, 32;
T_252.0 ;
    %load/vec4 v000002cde7be3de0_0;
    %cmpi/s 256, 0, 32;
    %jmp/0xz T_252.1, 5;
    %pushi/vec4 0, 0, 32;
    %ix/getv/s 4, v000002cde7be3de0_0;
    %store/vec4a v000002cde7be41a0, 4, 0;
    %load/vec4 v000002cde7be3de0_0;
    %addi 1, 0, 32;
    %store/vec4 v000002cde7be3de0_0, 0, 32;
    %jmp T_252.0;
T_252.1 ;
    %end;
    .thread T_252;
    .scope S_000002cde7c73e30;
T_253 ;
    %wait E_000002cde7af9ae0;
    %load/vec4 v000002cde7be4420_0;
    %flag_set/vec4 8;
    %jmp/0xz  T_253.0, 8;
    %load/vec4 v000002cde7be3f20_0;
    %load/vec4 v000002cde7be49c0_0;
    %add;
    %store/vec4 v000002cde7be46a0_0, 0, 32;
    %jmp T_253.1;
T_253.0 ;
    %load/vec4 v000002cde7be49c0_0;
    %store/vec4 v000002cde7be46a0_0, 0, 32;
T_253.1 ;
    %jmp T_253;
    .thread T_253, $push;
    .scope S_000002cde7c73e30;
T_254 ;
    %wait E_000002cde7af72a0;
    %load/vec4 v000002cde7be4060_0;
    %flag_set/vec4 8;
    %jmp/0xz  T_254.0, 8;
    %load/vec4 v000002cde7be46a0_0;
    %load/vec4 v000002cde7be4880_0;
    %pad/u 10;
    %ix/vec4 3;
    %ix/load 4, 0, 0; Constant delay
    %assign/vec4/a/d v000002cde7be2d00, 0, 4;
T_254.0 ;
    %jmp T_254;
    .thread T_254;
    .scope S_000002cde7c73e30;
T_255 ;
    %pushi/vec4 0, 0, 32;
    %store/vec4 v000002cde7be2ee0_0, 0, 32;
T_255.0 ;
    %load/vec4 v000002cde7be2ee0_0;
    %cmpi/s 256, 0, 32;
    %jmp/0xz T_255.1, 5;
    %pushi/vec4 0, 0, 32;
    %ix/getv/s 4, v000002cde7be2ee0_0;
    %store/vec4a v000002cde7be2d00, 4, 0;
    %load/vec4 v000002cde7be2ee0_0;
    %addi 1, 0, 32;
    %store/vec4 v000002cde7be2ee0_0, 0, 32;
    %jmp T_255.0;
T_255.1 ;
    %end;
    .thread T_255;
    .scope S_000002cde7c72210;
T_256 ;
    %wait E_000002cde7af9e20;
    %load/vec4 v000002cde7be3840_0;
    %flag_set/vec4 8;
    %jmp/0xz  T_256.0, 8;
    %load/vec4 v000002cde7be23a0_0;
    %load/vec4 v000002cde7be47e0_0;
    %add;
    %store/vec4 v000002cde7be4a60_0, 0, 32;
    %jmp T_256.1;
T_256.0 ;
    %load/vec4 v000002cde7be47e0_0;
    %store/vec4 v000002cde7be4a60_0, 0, 32;
T_256.1 ;
    %jmp T_256;
    .thread T_256, $push;
    .scope S_000002cde7c72210;
T_257 ;
    %wait E_000002cde7af72a0;
    %load/vec4 v000002cde7be2da0_0;
    %flag_set/vec4 8;
    %jmp/0xz  T_257.0, 8;
    %load/vec4 v000002cde7be4a60_0;
    %load/vec4 v000002cde7be32a0_0;
    %pad/u 10;
    %ix/vec4 3;
    %ix/load 4, 0, 0; Constant delay
    %assign/vec4/a/d v000002cde7be2b20, 0, 4;
T_257.0 ;
    %jmp T_257;
    .thread T_257;
    .scope S_000002cde7c72210;
T_258 ;
    %pushi/vec4 0, 0, 32;
    %store/vec4 v000002cde7be3700_0, 0, 32;
T_258.0 ;
    %load/vec4 v000002cde7be3700_0;
    %cmpi/s 256, 0, 32;
    %jmp/0xz T_258.1, 5;
    %pushi/vec4 0, 0, 32;
    %ix/getv/s 4, v000002cde7be3700_0;
    %store/vec4a v000002cde7be2b20, 4, 0;
    %load/vec4 v000002cde7be3700_0;
    %addi 1, 0, 32;
    %store/vec4 v000002cde7be3700_0, 0, 32;
    %jmp T_258.0;
T_258.1 ;
    %end;
    .thread T_258;
    .scope S_000002cde7c72d00;
T_259 ;
    %wait E_000002cde7afa120;
    %load/vec4 v000002cde7be2800_0;
    %flag_set/vec4 8;
    %jmp/0xz  T_259.0, 8;
    %load/vec4 v000002cde7ab7dd0_0;
    %load/vec4 v000002cde7ab6890_0;
    %add;
    %store/vec4 v000002cde7ab6ed0_0, 0, 32;
    %jmp T_259.1;
T_259.0 ;
    %load/vec4 v000002cde7ab6890_0;
    %store/vec4 v000002cde7ab6ed0_0, 0, 32;
T_259.1 ;
    %jmp T_259;
    .thread T_259, $push;
    .scope S_000002cde7c72d00;
T_260 ;
    %wait E_000002cde7af72a0;
    %load/vec4 v000002cde7ab6750_0;
    %flag_set/vec4 8;
    %jmp/0xz  T_260.0, 8;
    %load/vec4 v000002cde7ab6ed0_0;
    %load/vec4 v000002cde7be29e0_0;
    %pad/u 10;
    %ix/vec4 3;
    %ix/load 4, 0, 0; Constant delay
    %assign/vec4/a/d v000002cde7ab6430, 0, 4;
T_260.0 ;
    %jmp T_260;
    .thread T_260;
    .scope S_000002cde7c72d00;
T_261 ;
    %pushi/vec4 0, 0, 32;
    %store/vec4 v000002cde7be4600_0, 0, 32;
T_261.0 ;
    %load/vec4 v000002cde7be4600_0;
    %cmpi/s 256, 0, 32;
    %jmp/0xz T_261.1, 5;
    %pushi/vec4 0, 0, 32;
    %ix/getv/s 4, v000002cde7be4600_0;
    %store/vec4a v000002cde7ab6430, 4, 0;
    %load/vec4 v000002cde7be4600_0;
    %addi 1, 0, 32;
    %store/vec4 v000002cde7be4600_0, 0, 32;
    %jmp T_261.0;
T_261.1 ;
    %end;
    .thread T_261;
    .scope S_000002cde7c85360;
T_262 ;
    %wait E_000002cde7afa260;
    %load/vec4 v000002cde7ab84b0_0;
    %flag_set/vec4 8;
    %jmp/0xz  T_262.0, 8;
    %load/vec4 v000002cde7ab8230_0;
    %load/vec4 v000002cde7ab80f0_0;
    %add;
    %store/vec4 v000002cde7ab8190_0, 0, 32;
    %jmp T_262.1;
T_262.0 ;
    %load/vec4 v000002cde7ab80f0_0;
    %store/vec4 v000002cde7ab8190_0, 0, 32;
T_262.1 ;
    %jmp T_262;
    .thread T_262, $push;
    .scope S_000002cde7c85360;
T_263 ;
    %wait E_000002cde7af72a0;
    %load/vec4 v000002cde7ab6070_0;
    %flag_set/vec4 8;
    %jmp/0xz  T_263.0, 8;
    %load/vec4 v000002cde7ab8190_0;
    %load/vec4 v000002cde7ab7c90_0;
    %pad/u 10;
    %ix/vec4 3;
    %ix/load 4, 0, 0; Constant delay
    %assign/vec4/a/d v000002cde7ab8690, 0, 4;
T_263.0 ;
    %jmp T_263;
    .thread T_263;
    .scope S_000002cde7c85360;
T_264 ;
    %pushi/vec4 0, 0, 32;
    %store/vec4 v000002cde7ab71f0_0, 0, 32;
T_264.0 ;
    %load/vec4 v000002cde7ab71f0_0;
    %cmpi/s 256, 0, 32;
    %jmp/0xz T_264.1, 5;
    %pushi/vec4 0, 0, 32;
    %ix/getv/s 4, v000002cde7ab71f0_0;
    %store/vec4a v000002cde7ab8690, 4, 0;
    %load/vec4 v000002cde7ab71f0_0;
    %addi 1, 0, 32;
    %store/vec4 v000002cde7ab71f0_0, 0, 32;
    %jmp T_264.0;
T_264.1 ;
    %end;
    .thread T_264;
    .scope S_000002cde7c84230;
T_265 ;
    %wait E_000002cde7afa9e0;
    %load/vec4 v000002cde7ab9a90_0;
    %flag_set/vec4 8;
    %jmp/0xz  T_265.0, 8;
    %load/vec4 v000002cde7ab9f90_0;
    %load/vec4 v000002cde7ab8a50_0;
    %add;
    %store/vec4 v000002cde7ab9db0_0, 0, 32;
    %jmp T_265.1;
T_265.0 ;
    %load/vec4 v000002cde7ab8a50_0;
    %store/vec4 v000002cde7ab9db0_0, 0, 32;
T_265.1 ;
    %jmp T_265;
    .thread T_265, $push;
    .scope S_000002cde7c84230;
T_266 ;
    %wait E_000002cde7af72a0;
    %load/vec4 v000002cde7aba030_0;
    %flag_set/vec4 8;
    %jmp/0xz  T_266.0, 8;
    %load/vec4 v000002cde7ab9db0_0;
    %load/vec4 v000002cde7ab8ff0_0;
    %pad/u 10;
    %ix/vec4 3;
    %ix/load 4, 0, 0; Constant delay
    %assign/vec4/a/d v000002cde7ab8d70, 0, 4;
T_266.0 ;
    %jmp T_266;
    .thread T_266;
    .scope S_000002cde7c84230;
T_267 ;
    %pushi/vec4 0, 0, 32;
    %store/vec4 v000002cde7ab91d0_0, 0, 32;
T_267.0 ;
    %load/vec4 v000002cde7ab91d0_0;
    %cmpi/s 256, 0, 32;
    %jmp/0xz T_267.1, 5;
    %pushi/vec4 0, 0, 32;
    %ix/getv/s 4, v000002cde7ab91d0_0;
    %store/vec4a v000002cde7ab8d70, 4, 0;
    %load/vec4 v000002cde7ab91d0_0;
    %addi 1, 0, 32;
    %store/vec4 v000002cde7ab91d0_0, 0, 32;
    %jmp T_267.0;
T_267.1 ;
    %end;
    .thread T_267;
    .scope S_000002cde7c854f0;
T_268 ;
    %wait E_000002cde7afa6a0;
    %load/vec4 v000002cde7ab8e10_0;
    %flag_set/vec4 8;
    %jmp/0xz  T_268.0, 8;
    %load/vec4 v000002cde7abb610_0;
    %load/vec4 v000002cde7abb570_0;
    %add;
    %store/vec4 v000002cde7abb1b0_0, 0, 32;
    %jmp T_268.1;
T_268.0 ;
    %load/vec4 v000002cde7abb570_0;
    %store/vec4 v000002cde7abb1b0_0, 0, 32;
T_268.1 ;
    %jmp T_268;
    .thread T_268, $push;
    .scope S_000002cde7c854f0;
T_269 ;
    %wait E_000002cde7af72a0;
    %load/vec4 v000002cde7abd230_0;
    %flag_set/vec4 8;
    %jmp/0xz  T_269.0, 8;
    %load/vec4 v000002cde7abb1b0_0;
    %load/vec4 v000002cde7aba990_0;
    %pad/u 10;
    %ix/vec4 3;
    %ix/load 4, 0, 0; Constant delay
    %assign/vec4/a/d v000002cde7abd0f0, 0, 4;
T_269.0 ;
    %jmp T_269;
    .thread T_269;
    .scope S_000002cde7c854f0;
T_270 ;
    %pushi/vec4 0, 0, 32;
    %store/vec4 v000002cde7abacb0_0, 0, 32;
T_270.0 ;
    %load/vec4 v000002cde7abacb0_0;
    %cmpi/s 256, 0, 32;
    %jmp/0xz T_270.1, 5;
    %pushi/vec4 0, 0, 32;
    %ix/getv/s 4, v000002cde7abacb0_0;
    %store/vec4a v000002cde7abd0f0, 4, 0;
    %load/vec4 v000002cde7abacb0_0;
    %addi 1, 0, 32;
    %store/vec4 v000002cde7abacb0_0, 0, 32;
    %jmp T_270.0;
T_270.1 ;
    %end;
    .thread T_270;
    .scope S_000002cde7c85680;
T_271 ;
    %wait E_000002cde7afada0;
    %load/vec4 v000002cde7abd4b0_0;
    %flag_set/vec4 8;
    %jmp/0xz  T_271.0, 8;
    %load/vec4 v000002cde7abb250_0;
    %load/vec4 v000002cde7abd2d0_0;
    %add;
    %store/vec4 v000002cde7abc330_0, 0, 32;
    %jmp T_271.1;
T_271.0 ;
    %load/vec4 v000002cde7abd2d0_0;
    %store/vec4 v000002cde7abc330_0, 0, 32;
T_271.1 ;
    %jmp T_271;
    .thread T_271, $push;
    .scope S_000002cde7c85680;
T_272 ;
    %wait E_000002cde7af72a0;
    %load/vec4 v000002cde7abd370_0;
    %flag_set/vec4 8;
    %jmp/0xz  T_272.0, 8;
    %load/vec4 v000002cde7abc330_0;
    %load/vec4 v000002cde7abbbb0_0;
    %pad/u 10;
    %ix/vec4 3;
    %ix/load 4, 0, 0; Constant delay
    %assign/vec4/a/d v000002cde7abcbf0, 0, 4;
T_272.0 ;
    %jmp T_272;
    .thread T_272;
    .scope S_000002cde7c85680;
T_273 ;
    %pushi/vec4 0, 0, 32;
    %store/vec4 v000002cde7abb6b0_0, 0, 32;
T_273.0 ;
    %load/vec4 v000002cde7abb6b0_0;
    %cmpi/s 256, 0, 32;
    %jmp/0xz T_273.1, 5;
    %pushi/vec4 0, 0, 32;
    %ix/getv/s 4, v000002cde7abb6b0_0;
    %store/vec4a v000002cde7abcbf0, 4, 0;
    %load/vec4 v000002cde7abb6b0_0;
    %addi 1, 0, 32;
    %store/vec4 v000002cde7abb6b0_0, 0, 32;
    %jmp T_273.0;
T_273.1 ;
    %end;
    .thread T_273;
    .scope S_000002cde7c851d0;
T_274 ;
    %wait E_000002cde7afb920;
    %load/vec4 v000002cde7b35c90_0;
    %flag_set/vec4 8;
    %jmp/0xz  T_274.0, 8;
    %load/vec4 v000002cde7b358d0_0;
    %load/vec4 v000002cde7b35650_0;
    %add;
    %store/vec4 v000002cde7b35790_0, 0, 32;
    %jmp T_274.1;
T_274.0 ;
    %load/vec4 v000002cde7b35650_0;
    %store/vec4 v000002cde7b35790_0, 0, 32;
T_274.1 ;
    %jmp T_274;
    .thread T_274, $push;
    .scope S_000002cde7c851d0;
T_275 ;
    %wait E_000002cde7af72a0;
    %load/vec4 v000002cde7b34070_0;
    %flag_set/vec4 8;
    %jmp/0xz  T_275.0, 8;
    %load/vec4 v000002cde7b35790_0;
    %load/vec4 v000002cde7b351f0_0;
    %pad/u 10;
    %ix/vec4 3;
    %ix/load 4, 0, 0; Constant delay
    %assign/vec4/a/d v000002cde7b34610, 0, 4;
T_275.0 ;
    %jmp T_275;
    .thread T_275;
    .scope S_000002cde7c851d0;
T_276 ;
    %pushi/vec4 0, 0, 32;
    %store/vec4 v000002cde7b360f0_0, 0, 32;
T_276.0 ;
    %load/vec4 v000002cde7b360f0_0;
    %cmpi/s 256, 0, 32;
    %jmp/0xz T_276.1, 5;
    %pushi/vec4 0, 0, 32;
    %ix/getv/s 4, v000002cde7b360f0_0;
    %store/vec4a v000002cde7b34610, 4, 0;
    %load/vec4 v000002cde7b360f0_0;
    %addi 1, 0, 32;
    %store/vec4 v000002cde7b360f0_0, 0, 32;
    %jmp T_276.0;
T_276.1 ;
    %end;
    .thread T_276;
    .scope S_000002cde7c846e0;
T_277 ;
    %wait E_000002cde7afb560;
    %load/vec4 v000002cde7b34930_0;
    %flag_set/vec4 8;
    %jmp/0xz  T_277.0, 8;
    %load/vec4 v000002cde7b37f90_0;
    %load/vec4 v000002cde7b36b90_0;
    %add;
    %store/vec4 v000002cde7b36eb0_0, 0, 32;
    %jmp T_277.1;
T_277.0 ;
    %load/vec4 v000002cde7b36b90_0;
    %store/vec4 v000002cde7b36eb0_0, 0, 32;
T_277.1 ;
    %jmp T_277;
    .thread T_277, $push;
    .scope S_000002cde7c846e0;
T_278 ;
    %wait E_000002cde7af72a0;
    %load/vec4 v000002cde7b371d0_0;
    %flag_set/vec4 8;
    %jmp/0xz  T_278.0, 8;
    %load/vec4 v000002cde7b36eb0_0;
    %load/vec4 v000002cde7b38e90_0;
    %pad/u 10;
    %ix/vec4 3;
    %ix/load 4, 0, 0; Constant delay
    %assign/vec4/a/d v000002cde7b38d50, 0, 4;
T_278.0 ;
    %jmp T_278;
    .thread T_278;
    .scope S_000002cde7c846e0;
T_279 ;
    %pushi/vec4 0, 0, 32;
    %store/vec4 v000002cde7b37ef0_0, 0, 32;
T_279.0 ;
    %load/vec4 v000002cde7b37ef0_0;
    %cmpi/s 256, 0, 32;
    %jmp/0xz T_279.1, 5;
    %pushi/vec4 0, 0, 32;
    %ix/getv/s 4, v000002cde7b37ef0_0;
    %store/vec4a v000002cde7b38d50, 4, 0;
    %load/vec4 v000002cde7b37ef0_0;
    %addi 1, 0, 32;
    %store/vec4 v000002cde7b37ef0_0, 0, 32;
    %jmp T_279.0;
T_279.1 ;
    %end;
    .thread T_279;
    .scope S_000002cde7c859a0;
T_280 ;
    %wait E_000002cde7afbc20;
    %load/vec4 v000002cde7b38210_0;
    %flag_set/vec4 8;
    %jmp/0xz  T_280.0, 8;
    %load/vec4 v000002cde7b3a010_0;
    %load/vec4 v000002cde7b39f70_0;
    %add;
    %store/vec4 v000002cde7b3b190_0, 0, 32;
    %jmp T_280.1;
T_280.0 ;
    %load/vec4 v000002cde7b39f70_0;
    %store/vec4 v000002cde7b3b190_0, 0, 32;
T_280.1 ;
    %jmp T_280;
    .thread T_280, $push;
    .scope S_000002cde7c859a0;
T_281 ;
    %wait E_000002cde7af72a0;
    %load/vec4 v000002cde7b3a290_0;
    %flag_set/vec4 8;
    %jmp/0xz  T_281.0, 8;
    %load/vec4 v000002cde7b3b190_0;
    %load/vec4 v000002cde7b38350_0;
    %pad/u 10;
    %ix/vec4 3;
    %ix/load 4, 0, 0; Constant delay
    %assign/vec4/a/d v000002cde7b39890, 0, 4;
T_281.0 ;
    %jmp T_281;
    .thread T_281;
    .scope S_000002cde7c859a0;
T_282 ;
    %pushi/vec4 0, 0, 32;
    %store/vec4 v000002cde7b39430_0, 0, 32;
T_282.0 ;
    %load/vec4 v000002cde7b39430_0;
    %cmpi/s 256, 0, 32;
    %jmp/0xz T_282.1, 5;
    %pushi/vec4 0, 0, 32;
    %ix/getv/s 4, v000002cde7b39430_0;
    %store/vec4a v000002cde7b39890, 4, 0;
    %load/vec4 v000002cde7b39430_0;
    %addi 1, 0, 32;
    %store/vec4 v000002cde7b39430_0, 0, 32;
    %jmp T_282.0;
T_282.1 ;
    %end;
    .thread T_282;
    .scope S_000002cde7c84870;
T_283 ;
    %wait E_000002cde7afc860;
    %load/vec4 v000002cde7b3ab50_0;
    %flag_set/vec4 8;
    %jmp/0xz  T_283.0, 8;
    %load/vec4 v000002cde7b3b730_0;
    %load/vec4 v000002cde7b3b5f0_0;
    %add;
    %store/vec4 v000002cde7b3b690_0, 0, 32;
    %jmp T_283.1;
T_283.0 ;
    %load/vec4 v000002cde7b3b5f0_0;
    %store/vec4 v000002cde7b3b690_0, 0, 32;
T_283.1 ;
    %jmp T_283;
    .thread T_283, $push;
    .scope S_000002cde7c84870;
T_284 ;
    %wait E_000002cde7af72a0;
    %load/vec4 v000002cde7b3bc30_0;
    %flag_set/vec4 8;
    %jmp/0xz  T_284.0, 8;
    %load/vec4 v000002cde7b3b690_0;
    %load/vec4 v000002cde7b3b4b0_0;
    %pad/u 10;
    %ix/vec4 3;
    %ix/load 4, 0, 0; Constant delay
    %assign/vec4/a/d v000002cde7b394d0, 0, 4;
T_284.0 ;
    %jmp T_284;
    .thread T_284;
    .scope S_000002cde7c84870;
T_285 ;
    %pushi/vec4 0, 0, 32;
    %store/vec4 v000002cde7b3b550_0, 0, 32;
T_285.0 ;
    %load/vec4 v000002cde7b3b550_0;
    %cmpi/s 256, 0, 32;
    %jmp/0xz T_285.1, 5;
    %pushi/vec4 0, 0, 32;
    %ix/getv/s 4, v000002cde7b3b550_0;
    %store/vec4a v000002cde7b394d0, 4, 0;
    %load/vec4 v000002cde7b3b550_0;
    %addi 1, 0, 32;
    %store/vec4 v000002cde7b3b550_0, 0, 32;
    %jmp T_285.0;
T_285.1 ;
    %end;
    .thread T_285;
    .scope S_000002cde7c84b90;
T_286 ;
    %wait E_000002cde7afc1e0;
    %load/vec4 v000002cde7bcf6c0_0;
    %flag_set/vec4 8;
    %jmp/0xz  T_286.0, 8;
    %load/vec4 v000002cde7bcfd00_0;
    %load/vec4 v000002cde7bcf300_0;
    %add;
    %store/vec4 v000002cde7bcdbe0_0, 0, 32;
    %jmp T_286.1;
T_286.0 ;
    %load/vec4 v000002cde7bcf300_0;
    %store/vec4 v000002cde7bcdbe0_0, 0, 32;
T_286.1 ;
    %jmp T_286;
    .thread T_286, $push;
    .scope S_000002cde7c84b90;
T_287 ;
    %wait E_000002cde7af72a0;
    %load/vec4 v000002cde7bd0a20_0;
    %flag_set/vec4 8;
    %jmp/0xz  T_287.0, 8;
    %load/vec4 v000002cde7bcdbe0_0;
    %load/vec4 v000002cde7bce900_0;
    %pad/u 10;
    %ix/vec4 3;
    %ix/load 4, 0, 0; Constant delay
    %assign/vec4/a/d v000002cde7bcf9e0, 0, 4;
T_287.0 ;
    %jmp T_287;
    .thread T_287;
    .scope S_000002cde7c84b90;
T_288 ;
    %pushi/vec4 0, 0, 32;
    %store/vec4 v000002cde7bcf080_0, 0, 32;
T_288.0 ;
    %load/vec4 v000002cde7bcf080_0;
    %cmpi/s 256, 0, 32;
    %jmp/0xz T_288.1, 5;
    %pushi/vec4 0, 0, 32;
    %ix/getv/s 4, v000002cde7bcf080_0;
    %store/vec4a v000002cde7bcf9e0, 4, 0;
    %load/vec4 v000002cde7bcf080_0;
    %addi 1, 0, 32;
    %store/vec4 v000002cde7bcf080_0, 0, 32;
    %jmp T_288.0;
T_288.1 ;
    %end;
    .thread T_288;
    .scope S_000002cde7c84eb0;
T_289 ;
    %wait E_000002cde7afce20;
    %load/vec4 v000002cde7bd0ca0_0;
    %flag_set/vec4 8;
    %jmp/0xz  T_289.0, 8;
    %load/vec4 v000002cde7bcd6e0_0;
    %load/vec4 v000002cde7bd3180_0;
    %add;
    %store/vec4 v000002cde7bccba0_0, 0, 32;
    %jmp T_289.1;
T_289.0 ;
    %load/vec4 v000002cde7bd3180_0;
    %store/vec4 v000002cde7bccba0_0, 0, 32;
T_289.1 ;
    %jmp T_289;
    .thread T_289, $push;
    .scope S_000002cde7c84eb0;
T_290 ;
    %wait E_000002cde7af72a0;
    %load/vec4 v000002cde7bcd820_0;
    %flag_set/vec4 8;
    %jmp/0xz  T_290.0, 8;
    %load/vec4 v000002cde7bccba0_0;
    %load/vec4 v000002cde7bd1ec0_0;
    %pad/u 10;
    %ix/vec4 3;
    %ix/load 4, 0, 0; Constant delay
    %assign/vec4/a/d v000002cde7bd2b40, 0, 4;
T_290.0 ;
    %jmp T_290;
    .thread T_290;
    .scope S_000002cde7c84eb0;
T_291 ;
    %pushi/vec4 0, 0, 32;
    %store/vec4 v000002cde7bd30e0_0, 0, 32;
T_291.0 ;
    %load/vec4 v000002cde7bd30e0_0;
    %cmpi/s 256, 0, 32;
    %jmp/0xz T_291.1, 5;
    %pushi/vec4 0, 0, 32;
    %ix/getv/s 4, v000002cde7bd30e0_0;
    %store/vec4a v000002cde7bd2b40, 4, 0;
    %load/vec4 v000002cde7bd30e0_0;
    %addi 1, 0, 32;
    %store/vec4 v000002cde7bd30e0_0, 0, 32;
    %jmp T_291.0;
T_291.1 ;
    %end;
    .thread T_291;
    .scope S_000002cde7c86880;
T_292 ;
    %wait E_000002cde7afcbe0;
    %load/vec4 v000002cde7bcbe80_0;
    %flag_set/vec4 8;
    %jmp/0xz  T_292.0, 8;
    %load/vec4 v000002cde79d0ed0_0;
    %load/vec4 v000002cde79d0b10_0;
    %add;
    %store/vec4 v000002cde79d13d0_0, 0, 32;
    %jmp T_292.1;
T_292.0 ;
    %load/vec4 v000002cde79d0b10_0;
    %store/vec4 v000002cde79d13d0_0, 0, 32;
T_292.1 ;
    %jmp T_292;
    .thread T_292, $push;
    .scope S_000002cde7c86880;
T_293 ;
    %wait E_000002cde7af72a0;
    %load/vec4 v000002cde79d18d0_0;
    %flag_set/vec4 8;
    %jmp/0xz  T_293.0, 8;
    %load/vec4 v000002cde79d13d0_0;
    %load/vec4 v000002cde7bcc560_0;
    %pad/u 10;
    %ix/vec4 3;
    %ix/load 4, 0, 0; Constant delay
    %assign/vec4/a/d v000002cde79d0cf0, 0, 4;
T_293.0 ;
    %jmp T_293;
    .thread T_293;
    .scope S_000002cde7c86880;
T_294 ;
    %pushi/vec4 0, 0, 32;
    %store/vec4 v000002cde79d1830_0, 0, 32;
T_294.0 ;
    %load/vec4 v000002cde79d1830_0;
    %cmpi/s 256, 0, 32;
    %jmp/0xz T_294.1, 5;
    %pushi/vec4 0, 0, 32;
    %ix/getv/s 4, v000002cde79d1830_0;
    %store/vec4a v000002cde79d0cf0, 4, 0;
    %load/vec4 v000002cde79d1830_0;
    %addi 1, 0, 32;
    %store/vec4 v000002cde79d1830_0, 0, 32;
    %jmp T_294.0;
T_294.1 ;
    %end;
    .thread T_294;
    .scope S_000002cde7c87050;
T_295 ;
    %wait E_000002cde7afd720;
    %load/vec4 v000002cde79cfb70_0;
    %flag_set/vec4 8;
    %jmp/0xz  T_295.0, 8;
    %load/vec4 v000002cde79cf490_0;
    %load/vec4 v000002cde79ce6d0_0;
    %add;
    %store/vec4 v000002cde79cebd0_0, 0, 32;
    %jmp T_295.1;
T_295.0 ;
    %load/vec4 v000002cde79ce6d0_0;
    %store/vec4 v000002cde79cebd0_0, 0, 32;
T_295.1 ;
    %jmp T_295;
    .thread T_295, $push;
    .scope S_000002cde7c87050;
T_296 ;
    %wait E_000002cde7af72a0;
    %load/vec4 v000002cde79cf210_0;
    %flag_set/vec4 8;
    %jmp/0xz  T_296.0, 8;
    %load/vec4 v000002cde79cebd0_0;
    %load/vec4 v000002cde79cfdf0_0;
    %pad/u 10;
    %ix/vec4 3;
    %ix/load 4, 0, 0; Constant delay
    %assign/vec4/a/d v000002cde79cea90, 0, 4;
T_296.0 ;
    %jmp T_296;
    .thread T_296;
    .scope S_000002cde7c87050;
T_297 ;
    %pushi/vec4 0, 0, 32;
    %store/vec4 v000002cde79ce310_0, 0, 32;
T_297.0 ;
    %load/vec4 v000002cde79ce310_0;
    %cmpi/s 256, 0, 32;
    %jmp/0xz T_297.1, 5;
    %pushi/vec4 0, 0, 32;
    %ix/getv/s 4, v000002cde79ce310_0;
    %store/vec4a v000002cde79cea90, 4, 0;
    %load/vec4 v000002cde79ce310_0;
    %addi 1, 0, 32;
    %store/vec4 v000002cde79ce310_0, 0, 32;
    %jmp T_297.0;
T_297.1 ;
    %end;
    .thread T_297;
    .scope S_000002cde7c6f830;
T_298 ;
    %wait E_000002cde7af7620;
    %load/vec4 v000002cde7d892b0_0;
    %nor/r;
    %flag_set/vec4 8;
    %jmp/0xz  T_298.0, 8;
    %pushi/vec4 0, 0, 128;
    %assign/vec4 v000002cde7d890d0_0, 0;
    %pushi/vec4 0, 0, 1;
    %assign/vec4 v000002cde7d86dd0_0, 0;
    %pushi/vec4 0, 0, 1;
    %assign/vec4 v000002cde7d88090_0, 0;
    %jmp T_298.1;
T_298.0 ;
    %load/vec4 v000002cde7d870f0_0;
    %assign/vec4 v000002cde7d890d0_0, 0;
    %load/vec4 v000002cde7d86c90_0;
    %assign/vec4 v000002cde7d86dd0_0, 0;
    %load/vec4 v000002cde7d884f0_0;
    %assign/vec4 v000002cde7d88090_0, 0;
T_298.1 ;
    %jmp T_298;
    .thread T_298;
    .scope S_000002cde7c6f830;
T_299 ;
    %wait E_000002cde7af7620;
    %load/vec4 v000002cde7d892b0_0;
    %nor/r;
    %flag_set/vec4 8;
    %jmp/0xz  T_299.0, 8;
    %pushi/vec4 0, 0, 12;
    %assign/vec4 v000002cde7d898f0_0, 0;
    %jmp T_299.1;
T_299.0 ;
    %load/vec4 v000002cde7d884f0_0;
    %flag_set/vec4 8;
    %jmp/0xz  T_299.2, 8;
    %load/vec4 v000002cde7d86c90_0;
    %flag_set/vec4 8;
    %jmp/0xz  T_299.4, 8;
    %load/vec4 v000002cde7d898f0_0;
    %pad/u 32;
    %cmpi/e 0, 0, 32;
    %jmp/0xz  T_299.6, 4;
    %pushi/vec4 1, 0, 12;
    %assign/vec4 v000002cde7d898f0_0, 0;
    %jmp T_299.7;
T_299.6 ;
    %load/vec4 v000002cde7d898f0_0;
    %ix/load 4, 1, 0;
    %flag_set/imm 4, 0;
    %shiftl 4;
    %assign/vec4 v000002cde7d898f0_0, 0;
T_299.7 ;
T_299.4 ;
    %jmp T_299.3;
T_299.2 ;
    %pushi/vec4 0, 0, 12;
    %assign/vec4 v000002cde7d898f0_0, 0;
T_299.3 ;
T_299.1 ;
    %jmp T_299;
    .thread T_299;
    .scope S_000002cde7c6f830;
T_300 ;
    %wait E_000002cde7af7620;
    %load/vec4 v000002cde7d892b0_0;
    %nor/r;
    %flag_set/vec4 8;
    %jmp/0xz  T_300.0, 8;
    %pushi/vec4 0, 0, 27;
    %assign/vec4 v000002cde7d8aa70_0, 0;
    %jmp T_300.1;
T_300.0 ;
    %load/vec4 v000002cde7d8aa70_0;
    %parti/s 26, 0, 2;
    %load/vec4 v000002cde7d88a90_0;
    %load/vec4 v000002cde7d88f90_0;
    %and;
    %concat/vec4; draw_concat_vec4
    %assign/vec4 v000002cde7d8aa70_0, 0;
T_300.1 ;
    %jmp T_300;
    .thread T_300;
    .scope S_000002cde7c6f830;
T_301 ;
    %wait E_000002cde7af7620;
    %load/vec4 v000002cde7d892b0_0;
    %nor/r;
    %flag_set/vec4 8;
    %jmp/0xz  T_301.0, 8;
    %pushi/vec4 0, 0, 32;
    %assign/vec4 v000002cde7d87cd0_0, 0;
    %jmp T_301.1;
T_301.0 ;
    %load/vec4 v000002cde7d88a90_0;
    %nor/r;
    %flag_set/vec4 8;
    %jmp/0xz  T_301.2, 8;
    %pushi/vec4 0, 0, 32;
    %assign/vec4 v000002cde7d87cd0_0, 0;
    %jmp T_301.3;
T_301.2 ;
    %load/vec4 v000002cde7d88130_0;
    %flag_set/vec4 9;
    %flag_get/vec4 9;
    %jmp/0 T_301.6, 9;
    %load/vec4 v000002cde7d87cd0_0;
    %load/vec4 v000002cde7d88590_0;
    %cmp/u;
    %flag_get/vec4 5;
    %and;
T_301.6;
    %flag_set/vec4 8;
    %jmp/0xz  T_301.4, 8;
    %load/vec4 v000002cde7d87cd0_0;
    %addi 1, 0, 32;
    %assign/vec4 v000002cde7d87cd0_0, 0;
T_301.4 ;
T_301.3 ;
T_301.1 ;
    %jmp T_301;
    .thread T_301;
    .scope S_000002cde7c6f830;
T_302 ;
    %wait E_000002cde7af7620;
    %load/vec4 v000002cde7d892b0_0;
    %nor/r;
    %flag_set/vec4 8;
    %jmp/0xz  T_302.0, 8;
    %pushi/vec4 0, 0, 8;
    %assign/vec4 v000002cde7d88810_0, 0;
    %jmp T_302.1;
T_302.0 ;
    %load/vec4 v000002cde7d868d0_0;
    %flag_set/vec4 8;
    %jmp/0xz  T_302.2, 8;
    %load/vec4 v000002cde7d88810_0;
    %addi 1, 0, 8;
    %assign/vec4 v000002cde7d88810_0, 0;
    %jmp T_302.3;
T_302.2 ;
    %pushi/vec4 0, 0, 8;
    %assign/vec4 v000002cde7d88810_0, 0;
T_302.3 ;
T_302.1 ;
    %jmp T_302;
    .thread T_302;
    .scope S_000002cde7d7b230;
T_303 ;
    %wait E_000002cde7af7620;
    %load/vec4 v000002cde7d9a010_0;
    %nor/r;
    %flag_set/vec4 8;
    %jmp/0xz  T_303.0, 8;
    %pushi/vec4 0, 0, 8;
    %assign/vec4 v000002cde7d8d130_0, 0;
    %jmp T_303.1;
T_303.0 ;
    %load/vec4 v000002cde7d9a830_0;
    %flag_set/vec4 8;
    %jmp/0xz  T_303.2, 8;
    %load/vec4 v000002cde7d8be70_0;
    %assign/vec4 v000002cde7d8d130_0, 0;
T_303.2 ;
T_303.1 ;
    %jmp T_303;
    .thread T_303;
    .scope S_000002cde7d7b550;
T_304 ;
    %wait E_000002cde7af7620;
    %load/vec4 v000002cde7d9a010_0;
    %nor/r;
    %flag_set/vec4 8;
    %jmp/0xz  T_304.0, 8;
    %pushi/vec4 0, 0, 8;
    %assign/vec4 v000002cde7d8c730_0, 0;
    %jmp T_304.1;
T_304.0 ;
    %load/vec4 v000002cde7d9a830_0;
    %flag_set/vec4 8;
    %jmp/0xz  T_304.2, 8;
    %load/vec4 v000002cde7d8c370_0;
    %assign/vec4 v000002cde7d8c730_0, 0;
T_304.2 ;
T_304.1 ;
    %jmp T_304;
    .thread T_304;
    .scope S_000002cde7d7b6e0;
T_305 ;
    %wait E_000002cde7af7620;
    %load/vec4 v000002cde7d9a010_0;
    %nor/r;
    %flag_set/vec4 8;
    %jmp/0xz  T_305.0, 8;
    %pushi/vec4 0, 0, 8;
    %assign/vec4 v000002cde7d8c910_0, 0;
    %jmp T_305.1;
T_305.0 ;
    %load/vec4 v000002cde7d9a830_0;
    %flag_set/vec4 8;
    %jmp/0xz  T_305.2, 8;
    %load/vec4 v000002cde7d8c870_0;
    %assign/vec4 v000002cde7d8c910_0, 0;
T_305.2 ;
T_305.1 ;
    %jmp T_305;
    .thread T_305;
    .scope S_000002cde7da2fb0;
T_306 ;
    %wait E_000002cde7af7620;
    %load/vec4 v000002cde7d9a010_0;
    %nor/r;
    %flag_set/vec4 8;
    %jmp/0xz  T_306.0, 8;
    %pushi/vec4 0, 0, 8;
    %assign/vec4 v000002cde7d8e710_0, 0;
    %jmp T_306.1;
T_306.0 ;
    %load/vec4 v000002cde7d9a830_0;
    %flag_set/vec4 8;
    %jmp/0xz  T_306.2, 8;
    %load/vec4 v000002cde7d90470_0;
    %assign/vec4 v000002cde7d8e710_0, 0;
T_306.2 ;
T_306.1 ;
    %jmp T_306;
    .thread T_306;
    .scope S_000002cde7da4a40;
T_307 ;
    %wait E_000002cde7af7620;
    %load/vec4 v000002cde7d9a010_0;
    %nor/r;
    %flag_set/vec4 8;
    %jmp/0xz  T_307.0, 8;
    %pushi/vec4 0, 0, 8;
    %assign/vec4 v000002cde7d90830_0, 0;
    %jmp T_307.1;
T_307.0 ;
    %load/vec4 v000002cde7d9a830_0;
    %flag_set/vec4 8;
    %jmp/0xz  T_307.2, 8;
    %load/vec4 v000002cde7d8e350_0;
    %assign/vec4 v000002cde7d90830_0, 0;
T_307.2 ;
T_307.1 ;
    %jmp T_307;
    .thread T_307;
    .scope S_000002cde7da4ef0;
T_308 ;
    %wait E_000002cde7af7620;
    %load/vec4 v000002cde7d9a010_0;
    %nor/r;
    %flag_set/vec4 8;
    %jmp/0xz  T_308.0, 8;
    %pushi/vec4 0, 0, 8;
    %assign/vec4 v000002cde7d8e8f0_0, 0;
    %jmp T_308.1;
T_308.0 ;
    %load/vec4 v000002cde7d9a830_0;
    %flag_set/vec4 8;
    %jmp/0xz  T_308.2, 8;
    %load/vec4 v000002cde7d901f0_0;
    %assign/vec4 v000002cde7d8e8f0_0, 0;
T_308.2 ;
T_308.1 ;
    %jmp T_308;
    .thread T_308;
    .scope S_000002cde7da1cf0;
T_309 ;
    %wait E_000002cde7af7620;
    %load/vec4 v000002cde7d9a010_0;
    %nor/r;
    %flag_set/vec4 8;
    %jmp/0xz  T_309.0, 8;
    %pushi/vec4 0, 0, 8;
    %assign/vec4 v000002cde7d90ab0_0, 0;
    %jmp T_309.1;
T_309.0 ;
    %load/vec4 v000002cde7d9a830_0;
    %flag_set/vec4 8;
    %jmp/0xz  T_309.2, 8;
    %load/vec4 v000002cde7d91370_0;
    %assign/vec4 v000002cde7d90ab0_0, 0;
T_309.2 ;
T_309.1 ;
    %jmp T_309;
    .thread T_309;
    .scope S_000002cde7da27e0;
T_310 ;
    %wait E_000002cde7af7620;
    %load/vec4 v000002cde7d9a010_0;
    %nor/r;
    %flag_set/vec4 8;
    %jmp/0xz  T_310.0, 8;
    %pushi/vec4 0, 0, 8;
    %assign/vec4 v000002cde7d91870_0, 0;
    %jmp T_310.1;
T_310.0 ;
    %load/vec4 v000002cde7d9a830_0;
    %flag_set/vec4 8;
    %jmp/0xz  T_310.2, 8;
    %load/vec4 v000002cde7d929f0_0;
    %assign/vec4 v000002cde7d91870_0, 0;
T_310.2 ;
T_310.1 ;
    %jmp T_310;
    .thread T_310;
    .scope S_000002cde7da40e0;
T_311 ;
    %wait E_000002cde7af7620;
    %load/vec4 v000002cde7d9a010_0;
    %nor/r;
    %flag_set/vec4 8;
    %jmp/0xz  T_311.0, 8;
    %pushi/vec4 0, 0, 8;
    %assign/vec4 v000002cde7d91550_0, 0;
    %jmp T_311.1;
T_311.0 ;
    %load/vec4 v000002cde7d9a830_0;
    %flag_set/vec4 8;
    %jmp/0xz  T_311.2, 8;
    %load/vec4 v000002cde7d92b30_0;
    %assign/vec4 v000002cde7d91550_0, 0;
T_311.2 ;
T_311.1 ;
    %jmp T_311;
    .thread T_311;
    .scope S_000002cde7da1e80;
T_312 ;
    %wait E_000002cde7af7620;
    %load/vec4 v000002cde7d9a010_0;
    %nor/r;
    %flag_set/vec4 8;
    %jmp/0xz  T_312.0, 8;
    %pushi/vec4 0, 0, 8;
    %assign/vec4 v000002cde7d92e50_0, 0;
    %jmp T_312.1;
T_312.0 ;
    %load/vec4 v000002cde7d9a830_0;
    %flag_set/vec4 8;
    %jmp/0xz  T_312.2, 8;
    %load/vec4 v000002cde7d92d10_0;
    %assign/vec4 v000002cde7d92e50_0, 0;
T_312.2 ;
T_312.1 ;
    %jmp T_312;
    .thread T_312;
    .scope S_000002cde7da4590;
T_313 ;
    %wait E_000002cde7af7620;
    %load/vec4 v000002cde7d9a010_0;
    %nor/r;
    %flag_set/vec4 8;
    %jmp/0xz  T_313.0, 8;
    %pushi/vec4 0, 0, 8;
    %assign/vec4 v000002cde7d95790_0, 0;
    %jmp T_313.1;
T_313.0 ;
    %load/vec4 v000002cde7d9a830_0;
    %flag_set/vec4 8;
    %jmp/0xz  T_313.2, 8;
    %load/vec4 v000002cde7d949d0_0;
    %assign/vec4 v000002cde7d95790_0, 0;
T_313.2 ;
T_313.1 ;
    %jmp T_313;
    .thread T_313;
    .scope S_000002cde7da2e20;
T_314 ;
    %wait E_000002cde7af7620;
    %load/vec4 v000002cde7d9a010_0;
    %nor/r;
    %flag_set/vec4 8;
    %jmp/0xz  T_314.0, 8;
    %pushi/vec4 0, 0, 8;
    %assign/vec4 v000002cde7d942f0_0, 0;
    %jmp T_314.1;
T_314.0 ;
    %load/vec4 v000002cde7d9a830_0;
    %flag_set/vec4 8;
    %jmp/0xz  T_314.2, 8;
    %load/vec4 v000002cde7d95150_0;
    %assign/vec4 v000002cde7d942f0_0, 0;
T_314.2 ;
T_314.1 ;
    %jmp T_314;
    .thread T_314;
    .scope S_000002cde7da19d0;
T_315 ;
    %wait E_000002cde7af7620;
    %load/vec4 v000002cde7d9a010_0;
    %nor/r;
    %flag_set/vec4 8;
    %jmp/0xz  T_315.0, 8;
    %pushi/vec4 0, 0, 8;
    %assign/vec4 v000002cde7d95650_0, 0;
    %jmp T_315.1;
T_315.0 ;
    %load/vec4 v000002cde7d9a830_0;
    %flag_set/vec4 8;
    %jmp/0xz  T_315.2, 8;
    %load/vec4 v000002cde7d955b0_0;
    %assign/vec4 v000002cde7d95650_0, 0;
T_315.2 ;
T_315.1 ;
    %jmp T_315;
    .thread T_315;
    .scope S_000002cde7da56c0;
T_316 ;
    %wait E_000002cde7af7620;
    %load/vec4 v000002cde7d9a010_0;
    %nor/r;
    %flag_set/vec4 8;
    %jmp/0xz  T_316.0, 8;
    %pushi/vec4 0, 0, 8;
    %assign/vec4 v000002cde7d965f0_0, 0;
    %jmp T_316.1;
T_316.0 ;
    %load/vec4 v000002cde7d9a830_0;
    %flag_set/vec4 8;
    %jmp/0xz  T_316.2, 8;
    %load/vec4 v000002cde7d95ab0_0;
    %assign/vec4 v000002cde7d965f0_0, 0;
T_316.2 ;
T_316.1 ;
    %jmp T_316;
    .thread T_316;
    .scope S_000002cde7da5080;
T_317 ;
    %wait E_000002cde7af7620;
    %load/vec4 v000002cde7d9a010_0;
    %nor/r;
    %flag_set/vec4 8;
    %jmp/0xz  T_317.0, 8;
    %pushi/vec4 0, 0, 8;
    %assign/vec4 v000002cde7d979f0_0, 0;
    %jmp T_317.1;
T_317.0 ;
    %load/vec4 v000002cde7d9a830_0;
    %flag_set/vec4 8;
    %jmp/0xz  T_317.2, 8;
    %load/vec4 v000002cde7d96190_0;
    %assign/vec4 v000002cde7d979f0_0, 0;
T_317.2 ;
T_317.1 ;
    %jmp T_317;
    .thread T_317;
    .scope S_000002cde7da32d0;
T_318 ;
    %wait E_000002cde7af7620;
    %load/vec4 v000002cde7d9a010_0;
    %nor/r;
    %flag_set/vec4 8;
    %jmp/0xz  T_318.0, 8;
    %pushi/vec4 0, 0, 8;
    %assign/vec4 v000002cde7d96af0_0, 0;
    %jmp T_318.1;
T_318.0 ;
    %load/vec4 v000002cde7d9a830_0;
    %flag_set/vec4 8;
    %jmp/0xz  T_318.2, 8;
    %load/vec4 v000002cde7d969b0_0;
    %assign/vec4 v000002cde7d96af0_0, 0;
T_318.2 ;
T_318.1 ;
    %jmp T_318;
    .thread T_318;
    .scope S_000002cde7d7b0a0;
T_319 ;
    %wait E_000002cde7af7620;
    %load/vec4 v000002cde7d9a010_0;
    %nor/r;
    %flag_set/vec4 8;
    %jmp/0xz  T_319.0, 8;
    %pushi/vec4 0, 0, 1;
    %assign/vec4 v000002cde7d98530_0, 0;
    %jmp T_319.1;
T_319.0 ;
    %load/vec4 v000002cde7d9a830_0;
    %assign/vec4 v000002cde7d98530_0, 0;
T_319.1 ;
    %jmp T_319;
    .thread T_319;
    .scope S_000002cde7d7af10;
T_320 ;
    %wait E_000002cde7af7620;
    %load/vec4 v000002cde7d8a890_0;
    %nor/r;
    %flag_set/vec4 8;
    %jmp/0xz  T_320.0, 8;
    %pushi/vec4 0, 0, 9;
    %assign/vec4 v000002cde7d89e90_0, 0;
    %jmp T_320.1;
T_320.0 ;
    %load/vec4 v000002cde7d89c10_0;
    %flag_set/vec4 9;
    %flag_get/vec4 9;
    %jmp/0 T_320.4, 9;
    %load/vec4 v000002cde7d89b70_0;
    %nor/r;
    %and;
T_320.4;
    %flag_set/vec4 8;
    %jmp/0xz  T_320.2, 8;
    %load/vec4 v000002cde7d8a570_0;
    %load/vec4 v000002cde7d89e90_0;
    %parti/s 8, 0, 2;
    %pad/u 10;
    %ix/vec4 3;
    %ix/load 4, 0, 0; Constant delay
    %assign/vec4/a/d v000002cde7d8acf0, 0, 4;
    %load/vec4 v000002cde7d89e90_0;
    %addi 1, 0, 9;
    %assign/vec4 v000002cde7d89e90_0, 0;
T_320.2 ;
T_320.1 ;
    %jmp T_320;
    .thread T_320;
    .scope S_000002cde7d7af10;
T_321 ;
    %wait E_000002cde7af7620;
    %load/vec4 v000002cde7d8a890_0;
    %nor/r;
    %flag_set/vec4 8;
    %jmp/0xz  T_321.0, 8;
    %pushi/vec4 0, 0, 9;
    %assign/vec4 v000002cde7d8ad90_0, 0;
    %pushi/vec4 0, 0, 2;
    %assign/vec4 v000002cde7d8af70_0, 0;
    %pushi/vec4 0, 0, 128;
    %assign/vec4 v000002cde7d89d50_0, 0;
    %pushi/vec4 0, 0, 1;
    %assign/vec4 v000002cde7d8b510_0, 0;
    %pushi/vec4 0, 0, 64;
    %assign/vec4 v000002cde7d89170_0, 0;
    %jmp T_321.1;
T_321.0 ;
    %load/vec4 v000002cde7d8af70_0;
    %dup/vec4;
    %pushi/vec4 0, 0, 2;
    %cmp/u;
    %jmp/1 T_321.2, 6;
    %dup/vec4;
    %pushi/vec4 1, 0, 2;
    %cmp/u;
    %jmp/1 T_321.3, 6;
    %dup/vec4;
    %pushi/vec4 2, 0, 2;
    %cmp/u;
    %jmp/1 T_321.4, 6;
    %pushi/vec4 0, 0, 2;
    %assign/vec4 v000002cde7d8af70_0, 0;
    %pushi/vec4 0, 0, 1;
    %assign/vec4 v000002cde7d8b510_0, 0;
    %jmp T_321.6;
T_321.2 ;
    %pushi/vec4 0, 0, 1;
    %assign/vec4 v000002cde7d8b510_0, 0;
    %load/vec4 v000002cde7d8b650_0;
    %nor/r;
    %flag_set/vec4 8;
    %jmp/0xz  T_321.7, 8;
    %load/vec4 v000002cde7d8ad90_0;
    %parti/s 8, 0, 2;
    %pad/u 10;
    %ix/vec4 4;
    %load/vec4a v000002cde7d8acf0, 4;
    %assign/vec4 v000002cde7d89d50_0, 0;
    %load/vec4 v000002cde7d8ad90_0;
    %parti/s 8, 0, 2;
    %pad/u 10;
    %ix/vec4 4;
    %load/vec4a v000002cde7d8acf0, 4;
    %parti/s 64, 0, 2;
    %assign/vec4 v000002cde7d89170_0, 0;
    %pushi/vec4 1, 0, 1;
    %assign/vec4 v000002cde7d8b510_0, 0;
    %pushi/vec4 1, 0, 2;
    %assign/vec4 v000002cde7d8af70_0, 0;
T_321.7 ;
    %jmp T_321.6;
T_321.3 ;
    %load/vec4 v000002cde7d8b510_0;
    %flag_set/vec4 9;
    %flag_get/vec4 9;
    %jmp/0 T_321.11, 9;
    %load/vec4 v000002cde7d8b790_0;
    %and;
T_321.11;
    %flag_set/vec4 8;
    %jmp/0xz  T_321.9, 8;
    %load/vec4 v000002cde7d89d50_0;
    %parti/s 64, 64, 8;
    %assign/vec4 v000002cde7d89170_0, 0;
    %pushi/vec4 1, 0, 1;
    %assign/vec4 v000002cde7d8b510_0, 0;
    %pushi/vec4 2, 0, 2;
    %assign/vec4 v000002cde7d8af70_0, 0;
T_321.9 ;
    %jmp T_321.6;
T_321.4 ;
    %load/vec4 v000002cde7d8b510_0;
    %flag_set/vec4 9;
    %flag_get/vec4 9;
    %jmp/0 T_321.14, 9;
    %load/vec4 v000002cde7d8b790_0;
    %and;
T_321.14;
    %flag_set/vec4 8;
    %jmp/0xz  T_321.12, 8;
    %load/vec4 v000002cde7d8ad90_0;
    %addi 1, 0, 9;
    %assign/vec4 v000002cde7d8ad90_0, 0;
    %pushi/vec4 0, 0, 1;
    %assign/vec4 v000002cde7d8b510_0, 0;
    %pushi/vec4 0, 0, 2;
    %assign/vec4 v000002cde7d8af70_0, 0;
T_321.12 ;
    %jmp T_321.6;
T_321.6 ;
    %pop/vec4 1;
T_321.1 ;
    %jmp T_321;
    .thread T_321;
    .scope S_000002cde7c6f6a0;
T_322 ;
    %wait E_000002cde7af7620;
    %load/vec4 v000002cde7d9b7d0_0;
    %nor/r;
    %flag_set/vec4 8;
    %jmp/0xz  T_322.0, 8;
    %pushi/vec4 0, 0, 1;
    %assign/vec4 v000002cde7d994d0_0, 0;
    %jmp T_322.1;
T_322.0 ;
    %load/vec4 v000002cde7d99430_0;
    %assign/vec4 v000002cde7d994d0_0, 0;
T_322.1 ;
    %jmp T_322;
    .thread T_322;
    .scope S_000002cde7c6f6a0;
T_323 ;
    %wait E_000002cde7af7620;
    %load/vec4 v000002cde7d9b7d0_0;
    %nor/r;
    %flag_set/vec4 8;
    %jmp/0xz  T_323.0, 8;
    %pushi/vec4 0, 0, 1;
    %assign/vec4 v000002cde7d98d50_0, 0;
    %jmp T_323.1;
T_323.0 ;
    %load/vec4 v000002cde7d987b0_0;
    %assign/vec4 v000002cde7d98d50_0, 0;
T_323.1 ;
    %jmp T_323;
    .thread T_323;
    .scope S_000002cde77eee00;
T_324 ;
    %pushi/vec4 0, 0, 32;
    %store/vec4 v000002cde7d9c810_0, 0, 32;
    %end;
    .thread T_324, $init;
    .scope S_000002cde77eee00;
T_325 ;
    %delay 5000, 0;
    %load/vec4 v000002cde7d9c770_0;
    %inv;
    %store/vec4 v000002cde7d9c770_0, 0, 1;
    %jmp T_325;
    .thread T_325;
    .scope S_000002cde77eee00;
T_326 ;
    %vpi_call/w 3 97 "$readmemh", "src/test_data_top/axis_input.mem", v000002cde7d9dfd0 {0 0 0};
    %vpi_call/w 3 98 "$readmemh", "src/test_data_top/axis_weight.mem", v000002cde7d9ef70 {0 0 0};
    %vpi_call/w 3 99 "$readmemh", "src/test_data_top/axis_golden.mem", v000002cde7d9cb30 {0 0 0};
    %vpi_call/w 3 100 "$readmemh", "src/test_data_top/ram_golden_c01.mem", v000002cde7d9d170 {0 0 0};
    %vpi_call/w 3 101 "$readmemh", "src/test_data_top/config.mem", v000002cde7d9d0d0 {0 0 0};
    %ix/load 4, 4, 0;
    %flag_set/imm 4, 0;
    %load/vec4a v000002cde7d9d0d0, 4;
    %store/vec4 v000002cde7d9a970_0, 0, 32;
    %ix/load 4, 5, 0;
    %flag_set/imm 4, 0;
    %load/vec4a v000002cde7d9d0d0, 4;
    %store/vec4 v000002cde7d9add0_0, 0, 32;
    %ix/load 4, 6, 0;
    %flag_set/imm 4, 0;
    %load/vec4a v000002cde7d9d0d0, 4;
    %store/vec4 v000002cde7d9b2d0_0, 0, 32;
    %ix/load 4, 7, 0;
    %flag_set/imm 4, 0;
    %load/vec4a v000002cde7d9d0d0, 4;
    %store/vec4 v000002cde7d9b230_0, 0, 32;
    %ix/load 4, 8, 0;
    %flag_set/imm 4, 0;
    %load/vec4a v000002cde7d9d0d0, 4;
    %store/vec4 v000002cde7d9b190_0, 0, 32;
    %ix/load 4, 9, 0;
    %flag_set/imm 4, 0;
    %load/vec4a v000002cde7d9d0d0, 4;
    %store/vec4 v000002cde7d9ae70_0, 0, 32;
    %load/vec4 v000002cde7d9b190_0;
    %pushi/vec4 12, 0, 32;
    %div/s;
    %store/vec4 v000002cde7d9aab0_0, 0, 32;
    %load/vec4 v000002cde7d9ae70_0;
    %pushi/vec4 16, 0, 32;
    %div/s;
    %store/vec4 v000002cde7d9c090_0, 0, 32;
    %load/vec4 v000002cde7d9b230_0;
    %muli 3, 0, 32;
    %pushi/vec4 2, 0, 32;
    %div/s;
    %store/vec4 v000002cde7d9c130_0, 0, 32;
    %pushi/vec4 24, 0, 32;
    %store/vec4 v000002cde7d9b9b0_0, 0, 32;
    %load/vec4 v000002cde7d9b230_0;
    %muli 2, 0, 32;
    %store/vec4 v000002cde7d9afb0_0, 0, 32;
    %vpi_call/w 3 116 "$display", "[CFG] M=%0d K=%0d N=%0d", v000002cde7d9a970_0, v000002cde7d9add0_0, v000002cde7d9b2d0_0 {0 0 0};
    %vpi_call/w 3 117 "$display", "[CFG] M_PAD=%0d K_PAD=%0d N_PAD=%0d", v000002cde7d9b230_0, v000002cde7d9b190_0, v000002cde7d9ae70_0 {0 0 0};
    %vpi_call/w 3 118 "$display", "[CFG] K_TILES=%0d N_TILES=%0d", v000002cde7d9aab0_0, v000002cde7d9c090_0 {0 0 0};
    %vpi_call/w 3 119 "$display", "[CFG] INPUT_WORDS_PER_TILE=%0d", v000002cde7d9c130_0 {0 0 0};
    %vpi_call/w 3 120 "$display", "[CFG] OUTPUT_WORDS_PER_TILE=%0d", v000002cde7d9afb0_0 {0 0 0};
    %end;
    .thread T_326;
    .scope S_000002cde77eee00;
T_327 ;
    %vpi_call/w 3 382 "$dumpfile", "top_verify.vcd" {0 0 0};
    %vpi_call/w 3 383 "$dumpvars", 32'sb00000000000000000000000000000000, S_000002cde77eee00 {0 0 0};
    %pushi/vec4 0, 0, 1;
    %store/vec4 v000002cde7d9c770_0, 0, 1;
    %pushi/vec4 0, 0, 1;
    %store/vec4 v000002cde7d9e6b0_0, 0, 1;
    %pushi/vec4 0, 0, 1;
    %store/vec4 v000002cde7d9d710_0, 0, 1;
    %pushi/vec4 0, 0, 1;
    %store/vec4 v000002cde7d9d490_0, 0, 1;
    %pushi/vec4 0, 0, 1;
    %store/vec4 v000002cde7d9ea70_0, 0, 1;
    %pushi/vec4 0, 0, 1;
    %store/vec4 v000002cde7d9e9d0_0, 0, 1;
    %pushi/vec4 0, 0, 1;
    %store/vec4 v000002cde7d9ec50_0, 0, 1;
    %pushi/vec4 0, 0, 1;
    %store/vec4 v000002cde7d9c310_0, 0, 1;
    %pushi/vec4 0, 0, 1;
    %store/vec4 v000002cde7d9beb0_0, 0, 1;
    %pushi/vec4 0, 0, 1;
    %store/vec4 v000002cde7d9c630_0, 0, 1;
    %pushi/vec4 0, 0, 6;
    %store/vec4 v000002cde7d9d670_0, 0, 6;
    %pushi/vec4 0, 0, 6;
    %store/vec4 v000002cde7d9ebb0_0, 0, 6;
    %delay 20000, 0;
    %pushi/vec4 1, 0, 1;
    %store/vec4 v000002cde7d9e6b0_0, 0, 1;
    %delay 50000, 0;
    %vpi_call/w 3 393 "$display", "=== START SYSTEM TOP VERIFICATION ===" {0 0 0};
    %pushi/vec4 0, 0, 6;
    %store/vec4 v000002cde7be5780_0, 0, 6;
    %pushi/vec4 2, 0, 32;
    %store/vec4 v000002cde7be6220_0, 0, 32;
    %fork TD_deit_accelerator_top_tb.axi_lite_write, S_000002cde78d1060;
    %join;
    %pushi/vec4 8, 0, 6;
    %store/vec4 v000002cde7be5780_0, 0, 6;
    %load/vec4 v000002cde7d9b230_0;
    %subi 1, 0, 32;
    %store/vec4 v000002cde7be6220_0, 0, 32;
    %fork TD_deit_accelerator_top_tb.axi_lite_write, S_000002cde78d1060;
    %join;
    %pushi/vec4 20, 0, 6;
    %store/vec4 v000002cde7be5780_0, 0, 6;
    %ix/load 4, 0, 0;
    %flag_set/imm 4, 0;
    %load/vec4a v000002cde7d9d0d0, 4;
    %store/vec4 v000002cde7be6220_0, 0, 32;
    %fork TD_deit_accelerator_top_tb.axi_lite_write, S_000002cde78d1060;
    %join;
    %pushi/vec4 24, 0, 6;
    %store/vec4 v000002cde7be5780_0, 0, 6;
    %ix/load 4, 1, 0;
    %flag_set/imm 4, 0;
    %load/vec4a v000002cde7d9d0d0, 4;
    %store/vec4 v000002cde7be6220_0, 0, 32;
    %fork TD_deit_accelerator_top_tb.axi_lite_write, S_000002cde78d1060;
    %join;
    %pushi/vec4 28, 0, 6;
    %store/vec4 v000002cde7be5780_0, 0, 6;
    %ix/load 4, 2, 0;
    %flag_set/imm 4, 0;
    %load/vec4a v000002cde7d9d0d0, 4;
    %store/vec4 v000002cde7be6220_0, 0, 32;
    %fork TD_deit_accelerator_top_tb.axi_lite_write, S_000002cde78d1060;
    %join;
    %pushi/vec4 32, 0, 6;
    %store/vec4 v000002cde7be5780_0, 0, 6;
    %ix/load 4, 3, 0;
    %flag_set/imm 4, 0;
    %load/vec4a v000002cde7d9d0d0, 4;
    %store/vec4 v000002cde7be6220_0, 0, 32;
    %fork TD_deit_accelerator_top_tb.axi_lite_write, S_000002cde78d1060;
    %join;
    %pushi/vec4 0, 0, 32;
    %store/vec4 v000002cde7d9e610_0, 0, 32;
T_327.0 ;
    %load/vec4 v000002cde7d9e610_0;
    %load/vec4 v000002cde7d9c090_0;
    %cmp/s;
    %jmp/0xz T_327.1, 5;
    %vpi_call/w 3 404 "$display", "\012[TILE] === N=%0d ===", v000002cde7d9e610_0 {0 0 0};
    %pushi/vec4 0, 0, 32;
    %store/vec4 v000002cde7d9d210_0, 0, 32;
T_327.2 ;
    %load/vec4 v000002cde7d9d210_0;
    %load/vec4 v000002cde7d9aab0_0;
    %cmp/s;
    %jmp/0xz T_327.3, 5;
    %vpi_call/w 3 406 "$display", "[TILE] -> K=%0d", v000002cde7d9d210_0 {0 0 0};
    %load/vec4 v000002cde7d9d210_0;
    %cmpi/e 0, 0, 32;
    %flag_mov 8, 4;
    %jmp/0 T_327.4, 8;
    %pushi/vec4 0, 0, 2;
    %jmp/1 T_327.5, 8;
T_327.4 ; End of true expr.
    %pushi/vec4 1, 0, 2;
    %jmp/0 T_327.5, 8;
 ; End of false expr.
    %blend;
T_327.5;
    %pad/s 1;
    %store/vec4 v000002cde7d9bd70_0, 0, 1;
    %load/vec4 v000002cde7d9d210_0;
    %load/vec4 v000002cde7d9aab0_0;
    %subi 1, 0, 32;
    %cmp/e;
    %flag_mov 8, 4;
    %jmp/0 T_327.6, 8;
    %pushi/vec4 1, 0, 2;
    %jmp/1 T_327.7, 8;
T_327.6 ; End of true expr.
    %pushi/vec4 0, 0, 2;
    %jmp/0 T_327.7, 8;
 ; End of false expr.
    %blend;
T_327.7;
    %pad/s 1;
    %store/vec4 v000002cde7d9d2b0_0, 0, 1;
    %pushi/vec4 36, 0, 6;
    %store/vec4 v000002cde7be5780_0, 0, 6;
    %load/vec4 v000002cde7d9d2b0_0;
    %pad/u 32;
    %store/vec4 v000002cde7be6220_0, 0, 32;
    %fork TD_deit_accelerator_top_tb.axi_lite_write, S_000002cde78d1060;
    %join;
    %pushi/vec4 12, 0, 6;
    %store/vec4 v000002cde7be5780_0, 0, 6;
    %load/vec4 v000002cde7d9bd70_0;
    %pad/u 32;
    %store/vec4 v000002cde7be6220_0, 0, 32;
    %fork TD_deit_accelerator_top_tb.axi_lite_write, S_000002cde78d1060;
    %join;
    %fork TD_deit_accelerator_top_tb.wait_idle, S_000002cde7da35f0;
    %join;
    %load/vec4 v000002cde7d9d210_0;
    %store/vec4 v000002cde7d9cdb0_0, 0, 32;
    %fork TD_deit_accelerator_top_tb.send_input_tile, S_000002cde7da16b0;
    %join;
    %fork t_17, S_000002cde77eee00;
    %fork t_18, S_000002cde77eee00;
    %join;
    %join;
    %jmp t_16;
t_17 ;
    %pushi/vec4 0, 0, 6;
    %store/vec4 v000002cde7be5780_0, 0, 6;
    %pushi/vec4 3, 0, 32;
    %store/vec4 v000002cde7be6220_0, 0, 32;
    %fork TD_deit_accelerator_top_tb.axi_lite_write, S_000002cde78d1060;
    %join;
    %end;
t_18 ;
    %load/vec4 v000002cde7d9e610_0;
    %store/vec4 v000002cde7d9baf0_0, 0, 32;
    %load/vec4 v000002cde7d9d210_0;
    %store/vec4 v000002cde7d9ce50_0, 0, 32;
    %fork TD_deit_accelerator_top_tb.send_weight_tile, S_000002cde7da4bd0;
    %join;
    %end;
    .scope S_000002cde77eee00;
t_16 ;
    %load/vec4 v000002cde7d9e610_0;
    %store/vec4 v000002cde7be71c0_0, 0, 32;
    %load/vec4 v000002cde7d9d210_0;
    %store/vec4 v000002cde7be6a40_0, 0, 32;
    %pushi/vec4 0, 0, 32; draw_string_vec4
    %pushi/vec4 4277844, 0, 32; draw_string_vec4
    %concat/vec4; draw_string_vec4
    %pushi/vec4 1163026259, 0, 32; draw_string_vec4
    %concat/vec4; draw_string_vec4
    %pushi/vec4 1413567060, 0, 32; draw_string_vec4
    %concat/vec4; draw_string_vec4
    %store/vec4 v000002cde7be5320_0, 0, 128;
    %fork TD_deit_accelerator_top_tb.ckpt_a, S_000002cde7260e80;
    %join;
    %load/vec4 v000002cde7d9e610_0;
    %store/vec4 v000002cde7be56e0_0, 0, 32;
    %load/vec4 v000002cde7d9d210_0;
    %store/vec4 v000002cde7be5a00_0, 0, 32;
    %fork TD_deit_accelerator_top_tb.count_activity, S_000002cde7c6f380;
    %join;
    %fork TD_deit_accelerator_top_tb.wait_for_done, S_000002cde7da3dc0;
    %join;
    %load/vec4 v000002cde7d9e610_0;
    %store/vec4 v000002cde7be71c0_0, 0, 32;
    %load/vec4 v000002cde7d9d210_0;
    %store/vec4 v000002cde7be6a40_0, 0, 32;
    %pushi/vec4 0, 0, 32; draw_string_vec4
    %pushi/vec4 16710, 0, 32; draw_string_vec4
    %concat/vec4; draw_string_vec4
    %pushi/vec4 1413829215, 0, 32; draw_string_vec4
    %concat/vec4; draw_string_vec4
    %pushi/vec4 1146048069, 0, 32; draw_string_vec4
    %concat/vec4; draw_string_vec4
    %store/vec4 v000002cde7be5320_0, 0, 128;
    %fork TD_deit_accelerator_top_tb.ckpt_a, S_000002cde7260e80;
    %join;
    %load/vec4 v000002cde7d9e610_0;
    %store/vec4 v000002cde7be4c40_0, 0, 32;
    %load/vec4 v000002cde7d9d210_0;
    %store/vec4 v000002cde7be4d80_0, 0, 32;
    %fork TD_deit_accelerator_top_tb.check_acc_ckpt, S_000002cde7baa9f0;
    %join;
    %load/vec4 v000002cde7d9d2b0_0;
    %flag_set/vec4 8;
    %jmp/0xz  T_327.8, 8;
    %load/vec4 v000002cde7d9e610_0;
    %store/vec4 v000002cde7be50a0_0, 0, 32;
    %fork TD_deit_accelerator_top_tb.check_outbuf_mem, S_000002cde7226c90;
    %join;
    %load/vec4 v000002cde7d9e610_0;
    %store/vec4 v000002cde7be4ba0_0, 0, 32;
    %pushi/vec4 0, 0, 32;
    %store/vec4 v000002cde7be5500_0, 0, 32;
    %fork TD_deit_accelerator_top_tb.ckpt_outbuf_state, S_000002cde7261010;
    %join;
    %load/vec4 v000002cde7d9e610_0;
    %store/vec4 v000002cde7be5b40_0, 0, 32;
    %fork TD_deit_accelerator_top_tb.check_output_stream, S_000002cde7203cb0;
    %join;
    %load/vec4 v000002cde7d9e610_0;
    %store/vec4 v000002cde7be4ba0_0, 0, 32;
    %pushi/vec4 1, 0, 32;
    %store/vec4 v000002cde7be5500_0, 0, 32;
    %fork TD_deit_accelerator_top_tb.ckpt_outbuf_state, S_000002cde7261010;
    %join;
T_327.8 ;
    %load/vec4 v000002cde7d9d210_0;
    %addi 1, 0, 32;
    %store/vec4 v000002cde7d9d210_0, 0, 32;
    %jmp T_327.2;
T_327.3 ;
    %load/vec4 v000002cde7d9e610_0;
    %addi 1, 0, 32;
    %store/vec4 v000002cde7d9e610_0, 0, 32;
    %jmp T_327.0;
T_327.1 ;
    %load/vec4 v000002cde7d9c810_0;
    %cmpi/e 0, 0, 32;
    %jmp/0xz  T_327.10, 4;
    %vpi_call/w 3 444 "$display", "\012=== SUCCESS: Full System Verified ===\012" {0 0 0};
    %jmp T_327.11;
T_327.10 ;
    %vpi_call/w 3 445 "$display", "\012=== FAILURE: Found %0d Errors ===\012", v000002cde7d9c810_0 {0 0 0};
T_327.11 ;
    %vpi_call/w 3 447 "$finish" {0 0 0};
    %end;
    .thread T_327;
# The file index is used to find the file name in the following table.
:file_names 16;
    "N/A";
    "<interactive>";
    "-";
    "src\deit_accelerator_top_tb.v";
    "src\deit_accelerator_top.v";
    "src\axi_lite_control.v";
    "src\deit_core.v";
    "src\accumulator_bank.v";
    "src\single_column_bank.v";
    "src\systolic_array.v";
    "src\pe.v";
    "src\global_controller.v";
    "src\input_buffer_ctrl.v";
    "src\output_buffer_ctrl.v";
    "src\ppu.v";
    "src\weight_buffer_ctrl.v";
